plasmashell /config/.config/plasma-org.kde.plasma.desktop-appletsrc
xclip /etc/ld.so.cache
xclip /lib/x86_64-linux-gnu/libXmu.so.6
xclip /lib/x86_64-linux-gnu/libX11.so.6
xclip /lib/x86_64-linux-gnu/libc.so.6
xclip /lib/x86_64-linux-gnu/libXt.so.6
xclip /lib/x86_64-linux-gnu/libXext.so.6
xclip /lib/x86_64-linux-gnu/libxcb.so.1
xclip /lib/x86_64-linux-gnu/libSM.so.6
xclip /lib/x86_64-linux-gnu/libICE.so.6
xclip /lib/x86_64-linux-gnu/libXau.so.6
xclip /lib/x86_64-linux-gnu/libXdmcp.so.6
xclip /lib/x86_64-linux-gnu/libuuid.so.1
xclip /lib/x86_64-linux-gnu/libbsd.so.0
xclip /lib/x86_64-linux-gnu/libmd.so.0
xclip /usr/share/X11/locale/locale.alias
xclip /usr/share/X11/locale/locale.dir
xclip /usr/share/X11/locale/C/XLC_LOCALE
xclip /usr/share/X11/locale/locale.alias
xclip /usr/share/X11/locale/locale.dir
xclip /usr/share/X11/locale/C/XLC_LOCALE
Xvfb /proc/971/cmdline
xclip /etc/ld.so.cache
xclip /lib/x86_64-linux-gnu/libXmu.so.6
xclip /lib/x86_64-linux-gnu/libX11.so.6
xclip /lib/x86_64-linux-gnu/libc.so.6
xclip /lib/x86_64-linux-gnu/libXt.so.6
xclip /lib/x86_64-linux-gnu/libXext.so.6
xclip /lib/x86_64-linux-gnu/libxcb.so.1
xclip /lib/x86_64-linux-gnu/libSM.so.6
xclip /lib/x86_64-linux-gnu/libICE.so.6
xclip /lib/x86_64-linux-gnu/libXau.so.6
xclip /lib/x86_64-linux-gnu/libXdmcp.so.6
xclip /lib/x86_64-linux-gnu/libuuid.so.1
xclip /lib/x86_64-linux-gnu/libbsd.so.0
xclip /lib/x86_64-linux-gnu/libmd.so.0
xclip /usr/share/X11/locale/locale.alias
xclip /usr/share/X11/locale/locale.dir
xclip /usr/share/X11/locale/C/XLC_LOCALE
xclip /usr/share/X11/locale/locale.alias
xclip /usr/share/X11/locale/locale.dir
xclip /usr/share/X11/locale/C/XLC_LOCALE
Xvfb /proc/972/cmdline
pulseaudio /config/.config/pulse/719bfa8fe76f46648671425727a46825-default-sink
pulseaudio /config/.config/pulse/719bfa8fe76f46648671425727a46825-default-source
xclip /etc/ld.so.cache
xclip /lib/x86_64-linux-gnu/libXmu.so.6
xclip /lib/x86_64-linux-gnu/libX11.so.6
xclip /lib/x86_64-linux-gnu/libc.so.6
xclip /lib/x86_64-linux-gnu/libXt.so.6
xclip /lib/x86_64-linux-gnu/libXext.so.6
xclip /lib/x86_64-linux-gnu/libxcb.so.1
xclip /lib/x86_64-linux-gnu/libSM.so.6
xclip /lib/x86_64-linux-gnu/libICE.so.6
xclip /lib/x86_64-linux-gnu/libXau.so.6
xclip /lib/x86_64-linux-gnu/libXdmcp.so.6
xclip /lib/x86_64-linux-gnu/libuuid.so.1
xclip /lib/x86_64-linux-gnu/libbsd.so.0
xclip /lib/x86_64-linux-gnu/libmd.so.0
xclip /usr/share/X11/locale/locale.alias
xclip /usr/share/X11/locale/locale.dir
xclip /usr/share/X11/locale/C/XLC_LOCALE
xclip /usr/share/X11/locale/locale.alias
xclip /usr/share/X11/locale/locale.dir
xclip /usr/share/X11/locale/C/XLC_LOCALE
Xvfb /proc/973/cmdline
QQmlThread /usr/share/plasma/plasmoids/org.kde.plasma.clipboard/contents/ui/inlinec
QQmlThread /config/.cache/plasmashell/qmlcache/2a8c43d11e4b39f247caffaec1ab74de22211196.
QQmlThread /usr/lib/x86_64-linux-gnu/qt5/qml/org/kde/prison/qmldir
QQmlThread /usr/lib/x86_64-linux-gnu/qt5/qml/org/kde/prison/libprisonquickplugin.so
QQmlThread /usr/lib/x86_64-linux-gnu/qt5/qml/org/kde/prison/libprisonquickplugin.so.avx2
QQmlThread /usr/lib/x86_64-linux-gnu/qt5/qml/org/kde/prison/libprisonquickplugin.so
plasmashell /usr/share/plasma/desktoptheme/default/icons/edit.svgz
plasmashell /usr/share/icons/breeze/actions/22/edit-clear-history.svg
plasmashell /usr/share/plasma/desktoptheme/default/icons/edit.svgz
plasmashell /usr/share/icons/breeze/actions/22/edit-paste.svg
plasmashell /usr/share/plasma/desktoptheme/default/icons/klipper.svgz
xclip /etc/ld.so.cache
xclip /lib/x86_64-linux-gnu/libXmu.so.6
xclip /lib/x86_64-linux-gnu/libX11.so.6
xclip /lib/x86_64-linux-gnu/libc.so.6
xclip /lib/x86_64-linux-gnu/libXt.so.6
xclip /lib/x86_64-linux-gnu/libXext.so.6
xclip /lib/x86_64-linux-gnu/libxcb.so.1
xclip /lib/x86_64-linux-gnu/libSM.so.6
xclip /lib/x86_64-linux-gnu/libICE.so.6
xclip /lib/x86_64-linux-gnu/libXau.so.6
xclip /lib/x86_64-linux-gnu/libXdmcp.so.6
xclip /lib/x86_64-linux-gnu/libuuid.so.1
xclip /lib/x86_64-linux-gnu/libbsd.so.0
xclip /lib/x86_64-linux-gnu/libmd.so.0
xclip /usr/share/X11/locale/locale.alias
xclip /usr/share/X11/locale/locale.dir
xclip /usr/share/X11/locale/C/XLC_LOCALE
xclip /usr/share/X11/locale/locale.alias
xclip /usr/share/X11/locale/locale.dir
xclip /usr/share/X11/locale/C/XLC_LOCALE
Xvfb /proc/974/cmdline
plasmashell /usr/share/plasma/desktoptheme/default/widgets/checkmarks.svgz
plasmashell /usr/share/icons/breeze/actions/22/checkmark.svg
plasmashell /usr/share/plasma/desktoptheme/default/icons/drive.svgz
plasmashell /usr/share/icons/breeze/devices/symbolic/drive-removable-media-symbolic.svg
plasmashell /usr/lib/x86_64-linux-gnu/qt5/plugins/kf5/org.kde.kidletime.platforms
plasmashell /usr/lib/x86_64-linux-gnu/qt5/plugins/kf5/org.kde.kidletime.platforms/KF5IdleTimeWaylandPlugin.so
plasmashell /usr/lib/x86_64-linux-gnu/qt5/plugins/kf5/org.kde.kidletime.platforms/KF5IdleTimeXcbPlugin0.so
plasmashell /usr/lib/x86_64-linux-gnu/qt5/plugins/kf5/org.kde.kidletime.platforms/KF5IdleTimeXcbPlugin0.so.avx2
plasmashell /usr/lib/x86_64-linux-gnu/qt5/plugins/kf5/org.kde.kidletime.platforms/KF5IdleTimeXcbPlugin0.so
plasmashell /usr/share/plasma/desktoptheme/default/icons/media.svgz
plasmashell /usr/share/icons/breeze/actions/32/media-eject.svg
plasmashell /usr/share/plasma/desktoptheme/default/icons/device.svgz
plasmashell /usr/share/icons/breeze/actions/22/edit-clear-history.svg
plasmashell /usr/share/icons/breeze/actions/22/notifications-disabled.svg
QSGRenderThread /usr/share/fonts/truetype/noto/NotoSans-Bold.ttf
xclip /etc/ld.so.cache
xclip /lib/x86_64-linux-gnu/libXmu.so.6
xclip /lib/x86_64-linux-gnu/libX11.so.6
xclip /lib/x86_64-linux-gnu/libc.so.6
xclip /lib/x86_64-linux-gnu/libXt.so.6
xclip /lib/x86_64-linux-gnu/libXext.so.6
xclip /lib/x86_64-linux-gnu/libxcb.so.1
xclip /lib/x86_64-linux-gnu/libSM.so.6
xclip /lib/x86_64-linux-gnu/libICE.so.6
xclip /lib/x86_64-linux-gnu/libXau.so.6
xclip /lib/x86_64-linux-gnu/libXdmcp.so.6
xclip /lib/x86_64-linux-gnu/libuuid.so.1
xclip /lib/x86_64-linux-gnu/libbsd.so.0
xclip /lib/x86_64-linux-gnu/libmd.so.0
xclip /usr/share/X11/locale/locale.alias
xclip /usr/share/X11/locale/locale.dir
xclip /usr/share/X11/locale/C/XLC_LOCALE
xclip /usr/share/X11/locale/locale.alias
xclip /usr/share/X11/locale/locale.dir
xclip /usr/share/X11/locale/C/XLC_LOCALE
Xvfb /proc/975/cmdline
xclip /etc/ld.so.cache
xclip /lib/x86_64-linux-gnu/libXmu.so.6
xclip /lib/x86_64-linux-gnu/libX11.so.6
xclip /lib/x86_64-linux-gnu/libc.so.6
xclip /lib/x86_64-linux-gnu/libXt.so.6
xclip /lib/x86_64-linux-gnu/libXext.so.6
xclip /lib/x86_64-linux-gnu/libxcb.so.1
xclip /lib/x86_64-linux-gnu/libSM.so.6
xclip /lib/x86_64-linux-gnu/libICE.so.6
xclip /lib/x86_64-linux-gnu/libXau.so.6
xclip /lib/x86_64-linux-gnu/libXdmcp.so.6
xclip /lib/x86_64-linux-gnu/libuuid.so.1
xclip /lib/x86_64-linux-gnu/libbsd.so.0
xclip /lib/x86_64-linux-gnu/libmd.so.0
xclip /usr/share/X11/locale/locale.alias
xclip /usr/share/X11/locale/locale.dir
xclip /usr/share/X11/locale/C/XLC_LOCALE
xclip /usr/share/X11/locale/locale.alias
xclip /usr/share/X11/locale/locale.dir
xclip /usr/share/X11/locale/C/XLC_LOCALE
Xvfb /proc/976/cmdline
xclip /etc/ld.so.cache
xclip /lib/x86_64-linux-gnu/libXmu.so.6
xclip /lib/x86_64-linux-gnu/libX11.so.6
xclip /lib/x86_64-linux-gnu/libc.so.6
xclip /lib/x86_64-linux-gnu/libXt.so.6
xclip /lib/x86_64-linux-gnu/libXext.so.6
xclip /lib/x86_64-linux-gnu/libxcb.so.1
xclip /lib/x86_64-linux-gnu/libSM.so.6
xclip /lib/x86_64-linux-gnu/libICE.so.6
xclip /lib/x86_64-linux-gnu/libXau.so.6
xclip /lib/x86_64-linux-gnu/libXdmcp.so.6
xclip /lib/x86_64-linux-gnu/libuuid.so.1
xclip /lib/x86_64-linux-gnu/libbsd.so.0
xclip /lib/x86_64-linux-gnu/libmd.so.0
xclip /usr/share/X11/locale/locale.alias
xclip /usr/share/X11/locale/locale.dir
xclip /usr/share/X11/locale/C/XLC_LOCALE
xclip /usr/share/X11/locale/locale.alias
xclip /usr/share/X11/locale/locale.dir
xclip /usr/share/X11/locale/C/XLC_LOCALE
Xvfb /proc/977/cmdline
plasmashell /usr/bin/plasmacalendarplugins
plasmashell /usr/lib/x86_64-linux-gnu/qt5/plugins/plasmacalendarplugins
plasmashell /usr/lib/x86_64-linux-gnu/qt5/plugins/plasmacalendarplugins/holidaysevents.so
plasmashell /usr/lib/x86_64-linux-gnu/qt5/plugins/plasmacalendarplugins
plasmashell /usr/share/plasma/desktoptheme/default/widgets/calendar.svgz
xclip /etc/ld.so.cache
xclip /lib/x86_64-linux-gnu/libXmu.so.6
xclip /lib/x86_64-linux-gnu/libX11.so.6
xclip /lib/x86_64-linux-gnu/libc.so.6
xclip /lib/x86_64-linux-gnu/libXt.so.6
xclip /lib/x86_64-linux-gnu/libXext.so.6
xclip /lib/x86_64-linux-gnu/libxcb.so.1
xclip /lib/x86_64-linux-gnu/libSM.so.6
xclip /lib/x86_64-linux-gnu/libICE.so.6
xclip /lib/x86_64-linux-gnu/libXau.so.6
xclip /lib/x86_64-linux-gnu/libXdmcp.so.6
xclip /lib/x86_64-linux-gnu/libuuid.so.1
xclip /lib/x86_64-linux-gnu/libbsd.so.0
xclip /lib/x86_64-linux-gnu/libmd.so.0
xclip /usr/share/X11/locale/locale.alias
xclip /usr/share/X11/locale/locale.dir
xclip /usr/share/X11/locale/C/XLC_LOCALE
xclip /usr/share/X11/locale/locale.alias
xclip /usr/share/X11/locale/locale.dir
xclip /usr/share/X11/locale/C/XLC_LOCALE
Xvfb /proc/978/cmdline
plasmashell /usr/share/plasma/desktoptheme/default/icons/go.svgz
plasmashell /usr/share/plasma/desktoptheme/default/icons/preferences.svgz
plasmashell /usr/share/icons/breeze/preferences/32/preferences-system-time.svg
plasmashell /usr/share/plasma/desktoptheme/default/icons/list.svgz
xclip /etc/ld.so.cache
xclip /lib/x86_64-linux-gnu/libXmu.so.6
xclip /lib/x86_64-linux-gnu/libX11.so.6
xclip /lib/x86_64-linux-gnu/libc.so.6
xclip /lib/x86_64-linux-gnu/libXt.so.6
xclip /lib/x86_64-linux-gnu/libXext.so.6
xclip /lib/x86_64-linux-gnu/libxcb.so.1
xclip /lib/x86_64-linux-gnu/libSM.so.6
xclip /lib/x86_64-linux-gnu/libICE.so.6
xclip /lib/x86_64-linux-gnu/libXau.so.6
xclip /lib/x86_64-linux-gnu/libXdmcp.so.6
xclip /lib/x86_64-linux-gnu/libuuid.so.1
xclip /lib/x86_64-linux-gnu/libbsd.so.0
xclip /lib/x86_64-linux-gnu/libmd.so.0
xclip /usr/share/X11/locale/locale.alias
xclip /usr/share/X11/locale/locale.dir
xclip /usr/share/X11/locale/C/XLC_LOCALE
xclip /usr/share/X11/locale/locale.alias
xclip /usr/share/X11/locale/locale.dir
xclip /usr/share/X11/locale/C/XLC_LOCALE
Xvfb /proc/979/cmdline
xclip /etc/ld.so.cache
xclip /lib/x86_64-linux-gnu/libXmu.so.6
xclip /lib/x86_64-linux-gnu/libX11.so.6
xclip /lib/x86_64-linux-gnu/libc.so.6
xclip /lib/x86_64-linux-gnu/libXt.so.6
xclip /lib/x86_64-linux-gnu/libXext.so.6
xclip /lib/x86_64-linux-gnu/libxcb.so.1
xclip /lib/x86_64-linux-gnu/libSM.so.6
xclip /lib/x86_64-linux-gnu/libICE.so.6
xclip /lib/x86_64-linux-gnu/libXau.so.6
xclip /lib/x86_64-linux-gnu/libXdmcp.so.6
xclip /lib/x86_64-linux-gnu/libuuid.so.1
xclip /lib/x86_64-linux-gnu/libbsd.so.0
xclip /lib/x86_64-linux-gnu/libmd.so.0
xclip /usr/share/X11/locale/locale.alias
xclip /usr/share/X11/locale/locale.dir
xclip /usr/share/X11/locale/C/XLC_LOCALE
xclip /usr/share/X11/locale/locale.alias
xclip /usr/share/X11/locale/locale.dir
xclip /usr/share/X11/locale/C/XLC_LOCALE
Xvfb /proc/980/cmdline
nginx /usr/share/selkies/web/index.html
nginx /usr/share/selkies/web/manifest.json
selkies /proc/self/status
selkies /proc/mounts
selkies /config/.pulse/client.conf
selkies /config/.config/pulse/client.conf
selkies /etc/pulse/client.conf
selkies /etc/pulse/client.conf.d
selkies /etc/pulse/client.conf.d/01-enable-autospawn.conf
selkies /dev/shm/
selkies /dev/urandom
selkies /defaults
selkies /config/.config/pulse/cookie
pulseaudio /dev/shm/
pulseaudio /dev/urandom
selkies /etc/nsswitch.conf
selkies /etc/passwd
selkies /etc/machine-id
pulseaudio /usr/share/applications/python3.12.desktop
selkies /proc/stat
selkies /proc/meminfo
selkies /config/.Xresources
xrdb /etc/ld.so.cache
xrdb /lib/x86_64-linux-gnu/libXmuu.so.1
xrdb /lib/x86_64-linux-gnu/libX11.so.6
xrdb /lib/x86_64-linux-gnu/libc.so.6
xrdb /lib/x86_64-linux-gnu/libxcb.so.1
xrdb /lib/x86_64-linux-gnu/libXau.so.6
xrdb /lib/x86_64-linux-gnu/libXdmcp.so.6
xrdb /lib/x86_64-linux-gnu/libbsd.so.0
xrdb /lib/x86_64-linux-gnu/libmd.so.0
xrdb /dev/null
Xvfb /proc/982/cmdline
xrdb /config/.Xresources
sh /etc/ld.so.cache
sh /lib/x86_64-linux-gnu/libc.so.6
cpp /etc/ld.so.cache
cpp /lib/x86_64-linux-gnu/libc.so.6
cpp /usr/lib/locale/locale-archive
cpp /usr/share/locale/locale.alias
cpp /usr/share/locale/en_US/LC_MESSAGES/gcc-13.mo
cpp /usr/share/locale/en/LC_MESSAGES/gcc-13.mo
cpp /usr/share/locale-langpack/en_US/LC_MESSAGES/gcc-13.mo
cpp /usr/share/locale-langpack/en/LC_MESSAGES/gcc-13.mo
cc1 /etc/ld.so.cache
cc1 /lib/x86_64-linux-gnu/libisl.so.23
cc1 /lib/x86_64-linux-gnu/libmpc.so.3
cc1 /lib/x86_64-linux-gnu/libmpfr.so.6
cc1 /lib/x86_64-linux-gnu/libgmp.so.10
cc1 /lib/x86_64-linux-gnu/libz.so.1
cc1 /lib/x86_64-linux-gnu/libzstd.so.1
cc1 /lib/x86_64-linux-gnu/libc.so.6
cc1 /lib/x86_64-linux-gnu/libm.so.6
cc1 /usr/lib/locale/locale-archive
cc1 /usr/share/locale/locale.alias
cc1 /usr/share/locale/en_US/LC_MESSAGES/gcc-13.mo
cc1 /usr/share/locale/en/LC_MESSAGES/gcc-13.mo
cc1 /usr/share/locale-langpack/en_US/LC_MESSAGES/gcc-13.mo
cc1 /usr/share/locale-langpack/en/LC_MESSAGES/gcc-13.mo
cc1 /config/.Xresources
cc1 /usr/lib/gcc/x86_64-linux-gnu/13/include/stdc-predef.h
cc1 /usr/local/include/stdc-predef.h
cc1 /usr/include/x86_64-linux-gnu/stdc-predef.h
cc1 /usr/include/stdc-predef.h
selkies /config/.xsettingsd
pgrep /etc/ld.so.cache
pgrep /lib/x86_64-linux-gnu/libproc2.so.0
pgrep /lib/x86_64-linux-gnu/libc.so.6
pgrep /lib/x86_64-linux-gnu/libsystemd.so.0
pgrep /lib/x86_64-linux-gnu/libcap.so.2
pgrep /lib/x86_64-linux-gnu/libgcrypt.so.20
pgrep /lib/x86_64-linux-gnu/liblz4.so.1
pgrep /lib/x86_64-linux-gnu/liblzma.so.5
pgrep /lib/x86_64-linux-gnu/libzstd.so.1
pgrep /lib/x86_64-linux-gnu/libgpg-error.so.0
pgrep /usr/lib/locale/locale-archive
pgrep /usr/lib/x86_64-linux-gnu/gconv/gconv-modules.cache
pgrep /etc/ld.so.cache
pgrep /lib/x86_64-linux-gnu/glibc-hwcaps/x86-64-v3/libnuma.so
pgrep /lib/x86_64-linux-gnu/glibc-hwcaps/x86-64-v2/libnuma.so
pgrep /lib/x86_64-linux-gnu/libnuma.so
pgrep /usr/lib/x86_64-linux-gnu/glibc-hwcaps/x86-64-v3/libnuma.so
pgrep /usr/lib/x86_64-linux-gnu/glibc-hwcaps/x86-64-v2/libnuma.so
pgrep /usr/lib/x86_64-linux-gnu/libnuma.so
pgrep /lib/glibc-hwcaps/x86-64-v3/libnuma.so
pgrep /lib/glibc-hwcaps/x86-64-v2/libnuma.so
pgrep /lib/libnuma.so
pgrep /usr/lib/glibc-hwcaps/x86-64-v3/libnuma.so
pgrep /usr/lib/glibc-hwcaps/x86-64-v2/libnuma.so
pgrep /usr/lib/libnuma.so
pgrep /etc/ld.so.cache
pgrep /lib/x86_64-linux-gnu/libnuma.so.1
pgrep /proc/self/status
pgrep /sys/devices/system/node
pgrep /sys/devices/system/cpu/possible
pgrep /proc/self/status
pgrep /proc
pgrep /proc/uptime
pgrep /proc/1/stat
pgrep /proc/1/status
pgrep /proc/1/cmdline
pgrep /proc/1/cgroup
pgrep /proc/1/ctty
pgrep /proc/uptime
pgrep /proc/12/stat
pgrep /proc/12/status
pgrep /proc/12/cmdline
pgrep /proc/12/cgroup
pgrep /proc/12/ctty
pgrep /proc/uptime
pgrep /proc/14/stat
pgrep /proc/14/status
pgrep /proc/14/cmdline
pgrep /proc/14/cgroup
pgrep /proc/14/ctty
pgrep /proc/uptime
pgrep /proc/35/stat
pgrep /proc/35/status
pgrep /proc/35/cmdline
pgrep /proc/35/cgroup
pgrep /proc/35/ctty
pgrep /proc/uptime
pgrep /proc/36/stat
pgrep /proc/36/status
pgrep /proc/36/cmdline
pgrep /proc/36/cgroup
pgrep /proc/36/ctty
pgrep /proc/uptime
pgrep /proc/37/stat
pgrep /proc/37/status
pgrep /proc/37/cmdline
pgrep /proc/37/cgroup
pgrep /proc/37/ctty
pgrep /proc/uptime
pgrep /proc/38/stat
pgrep /proc/38/status
pgrep /proc/38/cmdline
pgrep /proc/38/cgroup
pgrep /proc/38/ctty
pgrep /proc/uptime
pgrep /proc/39/stat
pgrep /proc/39/status
pgrep /proc/39/cmdline
pgrep /proc/39/cgroup
pgrep /proc/39/ctty
pgrep /proc/uptime
pgrep /proc/40/stat
pgrep /proc/40/status
pgrep /proc/40/cmdline
pgrep /proc/40/cgroup
pgrep /proc/40/ctty
pgrep /proc/uptime
pgrep /proc/41/stat
pgrep /proc/41/status
pgrep /proc/41/cmdline
pgrep /proc/41/cgroup
pgrep /proc/41/ctty
pgrep /proc/uptime
pgrep /proc/42/stat
pgrep /proc/42/status
pgrep /proc/42/cmdline
pgrep /proc/42/cgroup
pgrep /proc/42/ctty
pgrep /proc/uptime
pgrep /proc/43/stat
pgrep /proc/43/status
pgrep /proc/43/cmdline
pgrep /proc/43/cgroup
pgrep /proc/43/ctty
pgrep /proc/uptime
pgrep /proc/44/stat
pgrep /proc/44/status
pgrep /proc/44/cmdline
pgrep /proc/44/cgroup
pgrep /proc/44/ctty
pgrep /proc/uptime
pgrep /proc/45/stat
pgrep /proc/45/status
pgrep /proc/45/cmdline
pgrep /proc/45/cgroup
pgrep /proc/45/ctty
pgrep /proc/uptime
pgrep /proc/46/stat
pgrep /proc/46/status
pgrep /proc/46/cmdline
pgrep /proc/46/cgroup
pgrep /proc/46/ctty
pgrep /proc/uptime
pgrep /proc/54/stat
pgrep /proc/54/status
pgrep /proc/54/cmdline
pgrep /proc/54/cgroup
pgrep /proc/54/ctty
pgrep /proc/uptime
pgrep /proc/307/stat
pgrep /proc/307/status
pgrep /proc/307/cmdline
pgrep /proc/307/cgroup
pgrep /proc/307/ctty
pgrep /proc/uptime
pgrep /proc/309/stat
pgrep /proc/309/status
pgrep /proc/309/cmdline
pgrep /proc/309/cgroup
pgrep /proc/309/ctty
pgrep /proc/uptime
pgrep /proc/311/stat
pgrep /proc/311/status
pgrep /proc/311/cmdline
pgrep /proc/311/cgroup
pgrep /proc/311/ctty
pgrep /proc/uptime
pgrep /proc/312/stat
pgrep /proc/312/status
pgrep /proc/312/cmdline
pgrep /proc/312/cgroup
pgrep /proc/312/ctty
pgrep /proc/uptime
pgrep /proc/313/stat
pgrep /proc/313/status
pgrep /proc/313/cmdline
pgrep /proc/313/cgroup
pgrep /proc/313/ctty
pgrep /proc/uptime
pgrep /proc/314/stat
pgrep /proc/314/status
pgrep /proc/314/cmdline
pgrep /proc/314/cgroup
pgrep /proc/314/ctty
pgrep /proc/uptime
pgrep /proc/326/stat
pgrep /proc/326/status
pgrep /proc/326/cmdline
pgrep /proc/326/cgroup
pgrep /proc/326/ctty
pgrep /proc/uptime
pgrep /proc/332/stat
pgrep /proc/332/status
pgrep /proc/332/cmdline
pgrep /proc/332/cgroup
pgrep /proc/332/ctty
pgrep /proc/uptime
pgrep /proc/338/stat
pgrep /proc/338/status
pgrep /proc/338/cmdline
pgrep /proc/338/cgroup
pgrep /proc/338/ctty
pgrep /proc/uptime
pgrep /proc/344/stat
pgrep /proc/344/status
pgrep /proc/344/cmdline
pgrep /proc/344/cgroup
pgrep /proc/344/ctty
pgrep /proc/uptime
pgrep /proc/363/stat
pgrep /proc/363/status
pgrep /proc/363/cmdline
pgrep /proc/363/cgroup
pgrep /proc/363/ctty
pgrep /proc/uptime
pgrep /proc/377/stat
pgrep /proc/377/status
pgrep /proc/377/cmdline
pgrep /proc/377/cgroup
pgrep /proc/377/ctty
pgrep /proc/uptime
pgrep /proc/378/stat
pgrep /proc/378/status
pgrep /proc/378/cmdline
pgrep /proc/378/cgroup
pgrep /proc/378/ctty
pgrep /proc/uptime
pgrep /proc/379/stat
pgrep /proc/379/status
pgrep /proc/379/cmdline
pgrep /proc/379/cgroup
pgrep /proc/379/ctty
pgrep /proc/uptime
pgrep /proc/380/stat
pgrep /proc/380/status
pgrep /proc/380/cmdline
pgrep /proc/380/cgroup
pgrep /proc/380/ctty
pgrep /proc/uptime
pgrep /proc/381/stat
pgrep /proc/381/status
pgrep /proc/381/cmdline
pgrep /proc/381/cgroup
pgrep /proc/381/ctty
pgrep /proc/uptime
pgrep /proc/382/stat
pgrep /proc/382/status
pgrep /proc/382/cmdline
pgrep /proc/382/cgroup
pgrep /proc/382/ctty
pgrep /proc/uptime
pgrep /proc/383/stat
pgrep /proc/383/status
pgrep /proc/383/cmdline
pgrep /proc/383/cgroup
pgrep /proc/383/ctty
pgrep /proc/uptime
pgrep /proc/384/stat
pgrep /proc/384/status
pgrep /proc/384/cmdline
pgrep /proc/384/cgroup
pgrep /proc/384/ctty
pgrep /proc/uptime
pgrep /proc/385/stat
pgrep /proc/385/status
pgrep /proc/385/cmdline
pgrep /proc/385/cgroup
pgrep /proc/385/ctty
pgrep /proc/uptime
pgrep /proc/386/stat
pgrep /proc/386/status
pgrep /proc/386/cmdline
pgrep /proc/386/cgroup
pgrep /proc/386/ctty
pgrep /proc/uptime
pgrep /proc/387/stat
pgrep /proc/387/status
pgrep /proc/387/cmdline
pgrep /proc/387/cgroup
pgrep /proc/387/ctty
pgrep /proc/uptime
pgrep /proc/388/stat
pgrep /proc/388/status
pgrep /proc/388/cmdline
pgrep /proc/388/cgroup
pgrep /proc/388/ctty
pgrep /proc/uptime
pgrep /proc/389/stat
pgrep /proc/389/status
pgrep /proc/389/cmdline
pgrep /proc/389/cgroup
pgrep /proc/389/ctty
pgrep /proc/uptime
pgrep /proc/390/stat
pgrep /proc/390/status
pgrep /proc/390/cmdline
pgrep /proc/390/cgroup
pgrep /proc/390/ctty
pgrep /proc/uptime
pgrep /proc/391/stat
pgrep /proc/391/status
pgrep /proc/391/cmdline
pgrep /proc/391/cgroup
pgrep /proc/391/ctty
pgrep /proc/uptime
pgrep /proc/392/stat
pgrep /proc/392/status
pgrep /proc/392/cmdline
pgrep /proc/392/cgroup
pgrep /proc/392/ctty
pgrep /proc/uptime
pgrep /proc/400/stat
pgrep /proc/400/status
pgrep /proc/400/cmdline
pgrep /proc/400/cgroup
pgrep /proc/400/ctty
pgrep /proc/uptime
pgrep /proc/401/stat
pgrep /proc/401/status
pgrep /proc/401/cmdline
pgrep /proc/401/cgroup
pgrep /proc/401/ctty
pgrep /proc/uptime
pgrep /proc/431/stat
pgrep /proc/431/status
pgrep /proc/431/cmdline
pgrep /proc/431/cgroup
pgrep /proc/431/ctty
pgrep /proc/uptime
pgrep /proc/446/stat
pgrep /proc/446/status
pgrep /proc/446/cmdline
pgrep /proc/446/cgroup
pgrep /proc/446/ctty
pgrep /proc/uptime
pgrep /proc/447/stat
pgrep /proc/447/status
pgrep /proc/447/cmdline
pgrep /proc/447/cgroup
pgrep /proc/447/ctty
pgrep /proc/uptime
pgrep /proc/502/stat
pgrep /proc/502/status
pgrep /proc/502/cmdline
pgrep /proc/502/cgroup
pgrep /proc/502/ctty
pgrep /proc/uptime
pgrep /proc/518/stat
pgrep /proc/518/status
pgrep /proc/518/cmdline
pgrep /proc/518/cgroup
pgrep /proc/518/ctty
pgrep /proc/uptime
pgrep /proc/541/stat
pgrep /proc/541/status
pgrep /proc/541/cmdline
pgrep /proc/541/cgroup
pgrep /proc/541/ctty
pgrep /proc/uptime
pgrep /proc/582/stat
pgrep /proc/582/status
pgrep /proc/582/cmdline
pgrep /proc/582/cgroup
pgrep /proc/582/ctty
pgrep /proc/uptime
pgrep /proc/588/stat
pgrep /proc/588/status
pgrep /proc/588/cmdline
pgrep /proc/588/cgroup
pgrep /proc/588/ctty
pgrep /proc/uptime
pgrep /proc/645/stat
pgrep /proc/645/status
pgrep /proc/645/cmdline
pgrep /proc/645/cgroup
pgrep /proc/645/ctty
pgrep /proc/uptime
pgrep /proc/646/stat
pgrep /proc/646/status
pgrep /proc/646/cmdline
pgrep /proc/646/cgroup
pgrep /proc/646/ctty
pgrep /proc/uptime
pgrep /proc/696/stat
pgrep /proc/696/status
pgrep /proc/696/cmdline
pgrep /proc/696/cgroup
pgrep /proc/696/ctty
pgrep /proc/uptime
pgrep /proc/699/stat
pgrep /proc/699/status
pgrep /proc/699/cmdline
pgrep /proc/699/cgroup
pgrep /proc/699/ctty
pgrep /proc/uptime
pgrep /proc/700/stat
pgrep /proc/700/status
pgrep /proc/700/cmdline
pgrep /proc/700/cgroup
pgrep /proc/700/ctty
pgrep /proc/uptime
pgrep /proc/774/stat
pgrep /proc/774/status
pgrep /proc/774/cmdline
pgrep /proc/774/cgroup
pgrep /proc/774/ctty
pgrep /proc/uptime
pgrep /proc/838/stat
pgrep /proc/838/status
pgrep /proc/838/cmdline
pgrep /proc/838/cgroup
pgrep /proc/838/ctty
pgrep /proc/uptime
pgrep /proc/935/stat
pgrep /proc/935/status
pgrep /proc/935/cmdline
pgrep /proc/935/cgroup
pgrep /proc/935/ctty
pgrep /proc/uptime
pgrep /proc/963/stat
pgrep /proc/963/status
pgrep /proc/963/cmdline
pgrep /proc/963/cgroup
pgrep /proc/963/ctty
pgrep /proc/uptime
pgrep /proc/965/stat
pgrep /proc/965/status
pgrep /proc/965/cmdline
pgrep /proc/965/cgroup
pgrep /proc/965/ctty
pgrep /proc/uptime
pgrep /proc/986/stat
pgrep /proc/986/status
pgrep /proc/986/cmdline
pgrep /proc/986/cgroup
pgrep /proc/986/ctty
pgrep /proc/uptime
kill /etc/ld.so.cache
kill /lib/x86_64-linux-gnu/libc.so.6
kill /usr/lib/locale/locale-archive
kill /usr/share/locale/locale.alias
kill /usr/share/locale/en_US/LC_MESSAGES/procps-ng.mo
kill /usr/share/locale/en/LC_MESSAGES/procps-ng.mo
kill /usr/share/locale-langpack/en_US/LC_MESSAGES/procps-ng.mo
kill /usr/share/locale-langpack/en/LC_MESSAGES/procps-ng.mo
xsettingsd /config/.xsettingsd
xfconf-query /etc/ld.so.cache
xfconf-query /lib/x86_64-linux-gnu/libxfconf-0.so.3
xfconf-query /lib/x86_64-linux-gnu/libxfce4util.so.7
xfconf-query /lib/x86_64-linux-gnu/libgobject-2.0.so.0
xfconf-query /lib/x86_64-linux-gnu/libglib-2.0.so.0
xfconf-query /lib/x86_64-linux-gnu/libc.so.6
xfconf-query /lib/x86_64-linux-gnu/libgio-2.0.so.0
xfconf-query /lib/x86_64-linux-gnu/libffi.so.8
xfconf-query /lib/x86_64-linux-gnu/libm.so.6
xfconf-query /lib/x86_64-linux-gnu/libpcre2-8.so.0
xfconf-query /lib/x86_64-linux-gnu/libgmodule-2.0.so.0
xfconf-query /lib/x86_64-linux-gnu/libz.so.1
xfconf-query /lib/x86_64-linux-gnu/libmount.so.1
xfconf-query /lib/x86_64-linux-gnu/libselinux.so.1
xfconf-query /lib/x86_64-linux-gnu/libblkid.so.1
xfconf-query /proc/filesystems
xfconf-query /usr/lib/locale/locale-archive
xfconf-query /usr/share/locale/locale.alias
xfconf-query /usr/share/locale/en_US/LC_MESSAGES/xfconf.mo
xfconf-query /usr/share/locale/en/LC_MESSAGES/xfconf.mo
xfconf-query /usr/share/locale-langpack/en_US/LC_MESSAGES/xfconf.mo
xfconf-query /usr/share/locale-langpack/en/LC_MESSAGES/xfconf.mo
xfconf-query /usr/lib/x86_64-linux-gnu/charset.alias
xfconf-query /var/lib/dbus/machine-id
xfconf-query /dev/null
dbus-launch /etc/ld.so.cache
dbus-launch /lib/x86_64-linux-gnu/libdbus-1.so.3
dbus-launch /lib/x86_64-linux-gnu/libX11.so.6
dbus-launch /lib/x86_64-linux-gnu/libc.so.6
dbus-launch /lib/x86_64-linux-gnu/libsystemd.so.0
dbus-launch /lib/x86_64-linux-gnu/libxcb.so.1
dbus-launch /lib/x86_64-linux-gnu/libcap.so.2
dbus-launch /lib/x86_64-linux-gnu/libgcrypt.so.20
dbus-launch /lib/x86_64-linux-gnu/liblz4.so.1
dbus-launch /lib/x86_64-linux-gnu/liblzma.so.5
dbus-launch /lib/x86_64-linux-gnu/libzstd.so.1
dbus-launch /lib/x86_64-linux-gnu/libXau.so.6
dbus-launch /lib/x86_64-linux-gnu/libXdmcp.so.6
dbus-launch /lib/x86_64-linux-gnu/libgpg-error.so.0
dbus-launch /lib/x86_64-linux-gnu/libbsd.so.0
dbus-launch /lib/x86_64-linux-gnu/libmd.so.0
dbus-launch /dev/null
Xvfb /proc/991/cmdline
dbus-launch /etc/nsswitch.conf
dbus-launch /etc/passwd
xfconf-query /usr/share/locale/en_US/LC_MESSAGES/libc.mo
xfconf-query /usr/share/locale/en/LC_MESSAGES/libc.mo
xfconf-query /usr/share/locale-langpack/en_US/LC_MESSAGES/libc.mo
xfconf-query /usr/share/locale-langpack/en/LC_MESSAGES/libc.mo
dbus-daemon /run/systemd/users/911
dbus-daemon /proc/988/cmdline
dbus-daemon /etc/localtime
dbus-daemon /proc/self/oom_score_adj
xfconfd /etc/ld.so.cache
xfconfd /lib/x86_64-linux-gnu/libgio-2.0.so.0
xfconfd /lib/x86_64-linux-gnu/libgobject-2.0.so.0
xfconfd /lib/x86_64-linux-gnu/libxfce4util.so.7
xfconfd /lib/x86_64-linux-gnu/libglib-2.0.so.0
xfconfd /lib/x86_64-linux-gnu/libc.so.6
xfconfd /lib/x86_64-linux-gnu/libgmodule-2.0.so.0
xfconfd /lib/x86_64-linux-gnu/libz.so.1
xfconfd /lib/x86_64-linux-gnu/libmount.so.1
xfconfd /lib/x86_64-linux-gnu/libselinux.so.1
xfconfd /lib/x86_64-linux-gnu/libffi.so.8
xfconfd /lib/x86_64-linux-gnu/libm.so.6
xfconfd /lib/x86_64-linux-gnu/libpcre2-8.so.0
xfconfd /lib/x86_64-linux-gnu/libblkid.so.1
xfconfd /proc/filesystems
xfconfd /usr/lib/locale/locale-archive
xfconfd /usr/share/locale/locale.alias
xfconfd /usr/share/locale/en_US/LC_MESSAGES/xfconf.mo
xfconfd /usr/share/locale/en/LC_MESSAGES/xfconf.mo
xfconfd /usr/share/locale-langpack/en_US/LC_MESSAGES/xfconf.mo
xfconfd /usr/share/locale-langpack/en/LC_MESSAGES/xfconf.mo
xfconfd /usr/share/locale/en_US/LC_MESSAGES/libc.mo
xfconfd /usr/share/locale/en/LC_MESSAGES/libc.mo
xfconfd /usr/share/locale-langpack/en_US/LC_MESSAGES/libc.mo
xfconfd /usr/share/locale-langpack/en/LC_MESSAGES/libc.mo
xfconfd /usr/lib/x86_64-linux-gnu/charset.alias
dbus-daemon /run/systemd/users/911
dbus-daemon /proc/994/cmdline
xfconfd /config/.config/xfce4/xfconf/xfce-perchannel-xml/xsettings.xml
xfconfd /usr/share/locale/en_US/LC_MESSAGES/glib20.mo
xfconfd /usr/share/locale/en/LC_MESSAGES/glib20.mo
xfconfd /usr/share/locale-langpack/en_US/LC_MESSAGES/glib20.mo
xfconfd /usr/share/locale-langpack/en/LC_MESSAGES/glib20.mo
xfconfd /config/.config/xfce4/xfconf/xfce-perchannel-xml/xsettings.xml
xrandr /etc/ld.so.cache
xrandr /lib/x86_64-linux-gnu/libXrandr.so.2
xrandr /lib/x86_64-linux-gnu/libX11.so.6
xrandr /lib/x86_64-linux-gnu/libm.so.6
xrandr /lib/x86_64-linux-gnu/libc.so.6
xrandr /lib/x86_64-linux-gnu/libXext.so.6
xrandr /lib/x86_64-linux-gnu/libXrender.so.1
xrandr /lib/x86_64-linux-gnu/libxcb.so.1
xrandr /lib/x86_64-linux-gnu/libXau.so.6
xrandr /lib/x86_64-linux-gnu/libXdmcp.so.6
xrandr /lib/x86_64-linux-gnu/libbsd.so.0
xrandr /lib/x86_64-linux-gnu/libmd.so.0
Xvfb /proc/1000/cmdline
xrandr /etc/ld.so.cache
xrandr /lib/x86_64-linux-gnu/libXrandr.so.2
xrandr /lib/x86_64-linux-gnu/libX11.so.6
xrandr /lib/x86_64-linux-gnu/libm.so.6
xrandr /lib/x86_64-linux-gnu/libc.so.6
xrandr /lib/x86_64-linux-gnu/libXext.so.6
xrandr /lib/x86_64-linux-gnu/libXrender.so.1
xrandr /lib/x86_64-linux-gnu/libxcb.so.1
xrandr /lib/x86_64-linux-gnu/libXau.so.6
xrandr /lib/x86_64-linux-gnu/libXdmcp.so.6
xrandr /lib/x86_64-linux-gnu/libbsd.so.0
xrandr /lib/x86_64-linux-gnu/libmd.so.0
Xvfb /proc/1001/cmdline
xrandr /etc/ld.so.cache
xrandr /lib/x86_64-linux-gnu/libXrandr.so.2
xrandr /lib/x86_64-linux-gnu/libX11.so.6
xrandr /lib/x86_64-linux-gnu/libm.so.6
xrandr /lib/x86_64-linux-gnu/libc.so.6
xrandr /lib/x86_64-linux-gnu/libXext.so.6
xrandr /lib/x86_64-linux-gnu/libXrender.so.1
xrandr /lib/x86_64-linux-gnu/libxcb.so.1
xrandr /lib/x86_64-linux-gnu/libXau.so.6
xrandr /lib/x86_64-linux-gnu/libXdmcp.so.6
xrandr /lib/x86_64-linux-gnu/libbsd.so.0
xrandr /lib/x86_64-linux-gnu/libmd.so.0
Xvfb /proc/1002/cmdline
cvt /etc/ld.so.cache
cvt /lib/x86_64-linux-gnu/libxcvt.so.0
cvt /lib/x86_64-linux-gnu/libm.so.6
cvt /lib/x86_64-linux-gnu/libc.so.6
xrandr /etc/ld.so.cache
xrandr /lib/x86_64-linux-gnu/libXrandr.so.2
xrandr /lib/x86_64-linux-gnu/libX11.so.6
xrandr /lib/x86_64-linux-gnu/libm.so.6
xrandr /lib/x86_64-linux-gnu/libc.so.6
xrandr /lib/x86_64-linux-gnu/libXext.so.6
xrandr /lib/x86_64-linux-gnu/libXrender.so.1
xrandr /lib/x86_64-linux-gnu/libxcb.so.1
xrandr /lib/x86_64-linux-gnu/libXau.so.6
xrandr /lib/x86_64-linux-gnu/libXdmcp.so.6
xrandr /lib/x86_64-linux-gnu/libbsd.so.0
xrandr /lib/x86_64-linux-gnu/libmd.so.0
Xvfb /proc/1004/cmdline
xrandr /etc/ld.so.cache
xrandr /lib/x86_64-linux-gnu/libXrandr.so.2
xrandr /lib/x86_64-linux-gnu/libX11.so.6
xrandr /lib/x86_64-linux-gnu/libm.so.6
xrandr /lib/x86_64-linux-gnu/libc.so.6
xrandr /lib/x86_64-linux-gnu/libXext.so.6
xrandr /lib/x86_64-linux-gnu/libXrender.so.1
xrandr /lib/x86_64-linux-gnu/libxcb.so.1
xrandr /lib/x86_64-linux-gnu/libXau.so.6
xrandr /lib/x86_64-linux-gnu/libXdmcp.so.6
xrandr /lib/x86_64-linux-gnu/libbsd.so.0
xrandr /lib/x86_64-linux-gnu/libmd.so.0
Xvfb /proc/1005/cmdline
xrandr /etc/ld.so.cache
xrandr /lib/x86_64-linux-gnu/libXrandr.so.2
xrandr /lib/x86_64-linux-gnu/libX11.so.6
xrandr /lib/x86_64-linux-gnu/libm.so.6
xrandr /lib/x86_64-linux-gnu/libc.so.6
xrandr /lib/x86_64-linux-gnu/libXext.so.6
xrandr /lib/x86_64-linux-gnu/libXrender.so.1
xrandr /lib/x86_64-linux-gnu/libxcb.so.1
xrandr /lib/x86_64-linux-gnu/libXau.so.6
xrandr /lib/x86_64-linux-gnu/libXdmcp.so.6
xrandr /lib/x86_64-linux-gnu/libbsd.so.0
xrandr /lib/x86_64-linux-gnu/libmd.so.0
Xvfb /proc/1006/cmdline
xclip /etc/ld.so.cache
xclip /lib/x86_64-linux-gnu/libXmu.so.6
xclip /lib/x86_64-linux-gnu/libX11.so.6
xclip /lib/x86_64-linux-gnu/libc.so.6
xclip /lib/x86_64-linux-gnu/libXt.so.6
xclip /lib/x86_64-linux-gnu/libXext.so.6
xclip /lib/x86_64-linux-gnu/libxcb.so.1
xclip /lib/x86_64-linux-gnu/libSM.so.6
xclip /lib/x86_64-linux-gnu/libICE.so.6
xclip /lib/x86_64-linux-gnu/libXau.so.6
xclip /lib/x86_64-linux-gnu/libXdmcp.so.6
xclip /lib/x86_64-linux-gnu/libuuid.so.1
xclip /lib/x86_64-linux-gnu/libbsd.so.0
xclip /lib/x86_64-linux-gnu/libmd.so.0
xrandr /etc/ld.so.cache
xrandr /lib/x86_64-linux-gnu/libXrandr.so.2
xrandr /lib/x86_64-linux-gnu/libX11.so.6
xrandr /lib/x86_64-linux-gnu/libm.so.6
xclip /usr/share/X11/locale/locale.alias
xrandr /lib/x86_64-linux-gnu/libc.so.6
xrandr /lib/x86_64-linux-gnu/libXext.so.6
xrandr /lib/x86_64-linux-gnu/libXrender.so.1
xclip /usr/share/X11/locale/locale.dir
xrandr /lib/x86_64-linux-gnu/libxcb.so.1
xrandr /lib/x86_64-linux-gnu/libXau.so.6
xclip /usr/share/X11/locale/C/XLC_LOCALE
xclip /usr/share/X11/locale/locale.alias
xrandr /lib/x86_64-linux-gnu/libXdmcp.so.6
xrandr /lib/x86_64-linux-gnu/libbsd.so.0
xrandr /lib/x86_64-linux-gnu/libmd.so.0
xclip /usr/share/X11/locale/locale.dir
xclip /usr/share/X11/locale/C/XLC_LOCALE
Xvfb /proc/1007/cmdline
Xvfb /proc/1008/cmdline
xrandr /etc/ld.so.cache
xrandr /lib/x86_64-linux-gnu/libXrandr.so.2
xrandr /lib/x86_64-linux-gnu/libX11.so.6
xrandr /lib/x86_64-linux-gnu/libm.so.6
xrandr /lib/x86_64-linux-gnu/libc.so.6
xrandr /lib/x86_64-linux-gnu/libXext.so.6
xrandr /lib/x86_64-linux-gnu/libXrender.so.1
xrandr /lib/x86_64-linux-gnu/libxcb.so.1
xrandr /lib/x86_64-linux-gnu/libXau.so.6
xrandr /lib/x86_64-linux-gnu/libXdmcp.so.6
xrandr /lib/x86_64-linux-gnu/libbsd.so.0
xrandr /lib/x86_64-linux-gnu/libmd.so.0
Xvfb /proc/1009/cmdline
selkies /usr/lib/python3.12/concurrent/futures/__pycache__/thread.cpython-312.pyc
selkies /sys/devices/system/cpu/online
selkies /lsiopy/lib/python3.12/site-packages/pixelflux/../pixelflux.libs/libnvidia-encode.so.1
selkies /etc/ld.so.cache
selkies /lib/x86_64-linux-gnu/libnvidia-encode.so.1
selkies /usr/lib/x86_64-linux-gnu/libnvidia-encode.so.1
selkies /lib/libnvidia-encode.so.1
selkies /usr/lib/libnvidia-encode.so.1
selkies /lsiopy/lib/python3.12/site-packages/pixelflux/../pixelflux.libs/libnvidia-encode.so
selkies /etc/ld.so.cache
selkies /lib/x86_64-linux-gnu/libnvidia-encode.so
selkies /usr/lib/x86_64-linux-gnu/libnvidia-encode.so
selkies /lib/libnvidia-encode.so
selkies /usr/lib/libnvidia-encode.so
Xvfb /proc/332/cmdline
selkies /config/.pulse/client.conf
selkies /config/.config/pulse/client.conf
selkies /etc/pulse/client.conf
selkies /etc/pulse/client.conf.d
selkies /etc/pulse/client.conf.d/01-enable-autospawn.conf
selkies /dev/shm/
selkies /dev/urandom
selkies /defaults
threaded-ml /config/.config/pulse/cookie
pulseaudio /dev/shm/
pulseaudio /dev/urandom
xclip /etc/ld.so.cache
xclip /lib/x86_64-linux-gnu/libXmu.so.6
threaded-ml /etc/passwd
threaded-ml /etc/machine-id
xclip /lib/x86_64-linux-gnu/libX11.so.6
selkies /sys/devices/system/cpu/online
xclip /lib/x86_64-linux-gnu/libc.so.6
xclip /lib/x86_64-linux-gnu/libXt.so.6
xclip /lib/x86_64-linux-gnu/libXext.so.6
xclip /lib/x86_64-linux-gnu/libxcb.so.1
xclip /lib/x86_64-linux-gnu/libSM.so.6
xclip /lib/x86_64-linux-gnu/libICE.so.6
xclip /lib/x86_64-linux-gnu/libXau.so.6
xclip /lib/x86_64-linux-gnu/libXdmcp.so.6
xclip /lib/x86_64-linux-gnu/libuuid.so.1
xclip /lib/x86_64-linux-gnu/libbsd.so.0
xclip /lib/x86_64-linux-gnu/libmd.so.0
xclip /usr/share/X11/locale/locale.alias
xclip /usr/share/X11/locale/locale.dir
xclip /usr/share/X11/locale/C/XLC_LOCALE
xclip /usr/share/X11/locale/locale.alias
xclip /usr/share/X11/locale/locale.dir
xclip /usr/share/X11/locale/C/XLC_LOCALE
Xvfb /proc/1014/cmdline
QQuickPixmapRea /usr/share/backgrounds/Jammy-Jellyfish-Purple.jpg
QQuickPixmapRea /proc/sys/vm/overcommit_memory
plasmashell /usr/share/icons/hicolor/48x48/apps/thunderbird.png
xrandr /etc/ld.so.cache
xrandr /lib/x86_64-linux-gnu/libXrandr.so.2
xrandr /lib/x86_64-linux-gnu/libX11.so.6
xrandr /lib/x86_64-linux-gnu/libm.so.6
xrandr /lib/x86_64-linux-gnu/libc.so.6
xrandr /lib/x86_64-linux-gnu/libXext.so.6
xrandr /lib/x86_64-linux-gnu/libXrender.so.1
xrandr /lib/x86_64-linux-gnu/libxcb.so.1
xrandr /lib/x86_64-linux-gnu/libXau.so.6
xrandr /lib/x86_64-linux-gnu/libXdmcp.so.6
xrandr /lib/x86_64-linux-gnu/libbsd.so.0
xrandr /lib/x86_64-linux-gnu/libmd.so.0
Xvfb /proc/1016/cmdline
plasmashell /usr/share/pixmaps/vscode.png
xrandr /etc/ld.so.cache
xrandr /lib/x86_64-linux-gnu/libXrandr.so.2
xrandr /lib/x86_64-linux-gnu/libX11.so.6
xrandr /lib/x86_64-linux-gnu/libm.so.6
xrandr /lib/x86_64-linux-gnu/libc.so.6
xrandr /lib/x86_64-linux-gnu/libXext.so.6
xrandr /lib/x86_64-linux-gnu/libXrender.so.1
xrandr /lib/x86_64-linux-gnu/libxcb.so.1
xrandr /lib/x86_64-linux-gnu/libXau.so.6
xrandr /lib/x86_64-linux-gnu/libXdmcp.so.6
xrandr /lib/x86_64-linux-gnu/libbsd.so.0
xrandr /lib/x86_64-linux-gnu/libmd.so.0
Xvfb /proc/1017/cmdline
xrandr /etc/ld.so.cache
xrandr /lib/x86_64-linux-gnu/libXrandr.so.2
xrandr /lib/x86_64-linux-gnu/libX11.so.6
xrandr /lib/x86_64-linux-gnu/libm.so.6
xrandr /lib/x86_64-linux-gnu/libc.so.6
xrandr /lib/x86_64-linux-gnu/libXext.so.6
xrandr /lib/x86_64-linux-gnu/libXrender.so.1
xrandr /lib/x86_64-linux-gnu/libxcb.so.1
xrandr /lib/x86_64-linux-gnu/libXau.so.6
xrandr /lib/x86_64-linux-gnu/libXdmcp.so.6
xrandr /lib/x86_64-linux-gnu/libbsd.so.0
xrandr /lib/x86_64-linux-gnu/libmd.so.0
plasmashell /usr/share/icons/hicolor/48x48/apps/chromium.png
Xvfb /proc/1018/cmdline
QSGRenderThread /config/.cache/qtshadercache-x86_64-little_endian-lp64/3c597a80b51a24c02510e986e8c27bdb62e99ba6
QSGRenderThread /config/.cache/mesa_shader_cache/86/02e47704e478d2b9121f0ef7176da4a435f7f5
plasmas:disk$0 /config/.cache/mesa_shader_cache/86/02e47704e478d2b9121f0ef7176da4a435f7f5.tmp
QSGRenderThread /config/.cache/qtshadercache-x86_64-little_endian-lp64
plasmas:disk$0 /config/.cache/mesa_shader_cache/86/02e47704e478d2b9121f0ef7176da4a435f7f5.tmp
plasmas:disk$0 /config/.cache/mesa_shader_cache/86/02e47704e478d2b9121f0ef7176da4a435f7f5
QSGRenderThread /config/.cache/mesa_shader_cache/40/896ab61d9771b6600804f68da67fb0b42261af
cvt /etc/ld.so.cache
cvt /lib/x86_64-linux-gnu/libxcvt.so.0
cvt /lib/x86_64-linux-gnu/libm.so.6
cvt /lib/x86_64-linux-gnu/libc.so.6
xrandr /etc/ld.so.cache
xrandr /lib/x86_64-linux-gnu/libXrandr.so.2
xrandr /lib/x86_64-linux-gnu/libX11.so.6
xrandr /lib/x86_64-linux-gnu/libm.so.6
xrandr /lib/x86_64-linux-gnu/libc.so.6
xrandr /lib/x86_64-linux-gnu/libXext.so.6
xrandr /lib/x86_64-linux-gnu/libXrender.so.1
xrandr /lib/x86_64-linux-gnu/libxcb.so.1
xrandr /lib/x86_64-linux-gnu/libXau.so.6
xrandr /lib/x86_64-linux-gnu/libXdmcp.so.6
xrandr /lib/x86_64-linux-gnu/libbsd.so.0
xrandr /lib/x86_64-linux-gnu/libmd.so.0
Xvfb /proc/1020/cmdline
xrandr /etc/ld.so.cache
xrandr /lib/x86_64-linux-gnu/libXrandr.so.2
xrandr /lib/x86_64-linux-gnu/libX11.so.6
xrandr /lib/x86_64-linux-gnu/libm.so.6
xrandr /lib/x86_64-linux-gnu/libc.so.6
xrandr /lib/x86_64-linux-gnu/libXext.so.6
xrandr /lib/x86_64-linux-gnu/libXrender.so.1
plasmas:disk$0 /config/.cache/mesa_shader_cache/40/896ab61d9771b6600804f68da67fb0b42261af.tmp
xrandr /lib/x86_64-linux-gnu/libxcb.so.1
QSGRenderThread /config/.cache/mesa_shader_cache/ed/c89a0ade0bf78cb04a9f864973a229448c45f7
xrandr /lib/x86_64-linux-gnu/libXau.so.6
plasmas:disk$0 /config/.cache/mesa_shader_cache/40/896ab61d9771b6600804f68da67fb0b42261af.tmp
plasmas:disk$0 /config/.cache/mesa_shader_cache/40/896ab61d9771b6600804f68da67fb0b42261af
xrandr /lib/x86_64-linux-gnu/libXdmcp.so.6
xrandr /lib/x86_64-linux-gnu/libbsd.so.0
xrandr /lib/x86_64-linux-gnu/libmd.so.0
Xvfb /proc/1021/cmdline
xrandr /etc/ld.so.cache
xrandr /lib/x86_64-linux-gnu/libXrandr.so.2
xrandr /lib/x86_64-linux-gnu/libX11.so.6
xrandr /lib/x86_64-linux-gnu/libm.so.6
xrandr /lib/x86_64-linux-gnu/libc.so.6
xrandr /lib/x86_64-linux-gnu/libXext.so.6
xrandr /lib/x86_64-linux-gnu/libXrender.so.1
xrandr /lib/x86_64-linux-gnu/libxcb.so.1
xrandr /lib/x86_64-linux-gnu/libXau.so.6
xrandr /lib/x86_64-linux-gnu/libXdmcp.so.6
xrandr /lib/x86_64-linux-gnu/libbsd.so.0
xrandr /lib/x86_64-linux-gnu/libmd.so.0
plasmas:disk$0 /config/.cache/mesa_shader_cache/ed/c89a0ade0bf78cb04a9f864973a229448c45f7.tmp
plasmas:disk$0 /config/.cache/mesa_shader_cache/ed/c89a0ade0bf78cb04a9f864973a229448c45f7.tmp
plasmas:disk$0 /config/.cache/mesa_shader_cache/ed/c89a0ade0bf78cb04a9f864973a229448c45f7
Xvfb /proc/1022/cmdline
QSGRenderThread /config/.cache/mesa_shader_cache/58/02bd9728eb2f1c00ba72e56f87158c6f2ac6b1
xrandr /etc/ld.so.cache
xrandr /lib/x86_64-linux-gnu/libXrandr.so.2
xrandr /lib/x86_64-linux-gnu/libX11.so.6
xrandr /lib/x86_64-linux-gnu/libm.so.6
xrandr /lib/x86_64-linux-gnu/libc.so.6
xrandr /lib/x86_64-linux-gnu/libXext.so.6
xrandr /lib/x86_64-linux-gnu/libXrender.so.1
xrandr /lib/x86_64-linux-gnu/libxcb.so.1
xrandr /lib/x86_64-linux-gnu/libXau.so.6
xrandr /lib/x86_64-linux-gnu/libXdmcp.so.6
xrandr /lib/x86_64-linux-gnu/libbsd.so.0
xrandr /lib/x86_64-linux-gnu/libmd.so.0
Xvfb /proc/1023/cmdline
plasmas:disk$0 /config/.cache/mesa_shader_cache/58/02bd9728eb2f1c00ba72e56f87158c6f2ac6b1.tmp
plasmas:disk$0 /config/.cache/mesa_shader_cache/58/02bd9728eb2f1c00ba72e56f87158c6f2ac6b1.tmp
plasmas:disk$0 /config/.cache/mesa_shader_cache/58/02bd9728eb2f1c00ba72e56f87158c6f2ac6b1
xrandr /etc/ld.so.cache
xrandr /lib/x86_64-linux-gnu/libXrandr.so.2
xrandr /lib/x86_64-linux-gnu/libX11.so.6
xrandr /lib/x86_64-linux-gnu/libm.so.6
xrandr /lib/x86_64-linux-gnu/libc.so.6
xrandr /lib/x86_64-linux-gnu/libXext.so.6
xrandr /lib/x86_64-linux-gnu/libXrender.so.1
xrandr /lib/x86_64-linux-gnu/libxcb.so.1
xrandr /lib/x86_64-linux-gnu/libXau.so.6
xrandr /lib/x86_64-linux-gnu/libXdmcp.so.6
xrandr /lib/x86_64-linux-gnu/libbsd.so.0
xrandr /lib/x86_64-linux-gnu/libmd.so.0
Xvfb /proc/1024/cmdline
selkies /lsiopy/lib/python3.12/site-packages/pixelflux/../pixelflux.libs/libnvidia-encode.so.1
selkies /etc/ld.so.cache
selkies /lib/x86_64-linux-gnu/libnvidia-encode.so.1
selkies /usr/lib/x86_64-linux-gnu/libnvidia-encode.so.1
selkies /lib/libnvidia-encode.so.1
selkies /usr/lib/libnvidia-encode.so.1
selkies /lsiopy/lib/python3.12/site-packages/pixelflux/../pixelflux.libs/libnvidia-encode.so
selkies /etc/ld.so.cache
selkies /lib/x86_64-linux-gnu/libnvidia-encode.so
selkies /usr/lib/x86_64-linux-gnu/libnvidia-encode.so
selkies /lib/libnvidia-encode.so
selkies /usr/lib/libnvidia-encode.so
Xvfb /proc/332/cmdline
selkies /sys/devices/system/cpu/online
QSGRenderThread /config/.cache/mesa_shader_cache/56/2dcc7635acb601d066d805614fb0c566f7a690
plasmashell /config/.Xdefaults-ff323d2ace15
plasmashell /config/.icons/breeze_cursors/cursors/left_ptr
plasmashell /config/.icons/breeze_cursors/index.theme
plasmashell /usr/share/icons/breeze_cursors/cursors/left_ptr
QQuickPixmapRea /usr/share/backgrounds/Jammy-Jellyfish-Purple.jpg
QSGRenderThread /config/.cache/qtshadercache-x86_64-little_endian-lp64/d524b60ebe14b3342c6956c081215082a7ec73c0
QSGRenderThread /config/.cache/mesa_shader_cache/33/0d05b9eb33e85a79f8aac35efefedbb1eb0b6f
plasmas:disk$0 /config/.cache/mesa_shader_cache/33/0d05b9eb33e85a79f8aac35efefedbb1eb0b6f.tmp
plasmas:disk$0 /config/.cache/mesa_shader_cache/33/0d05b9eb33e85a79f8aac35efefedbb1eb0b6f
QSGRenderThread /config/.cache/mesa_shader_cache/33/00b052fe14b1af317cbf469f440a0008884e80
QSGRenderThread /config/.cache/mesa_shader_cache/6b/4f60e5e80c2584cc6c7d43ad5eaeda5ed282f8
plasmas:disk$0 /config/.cache/mesa_shader_cache/6b/4f60e5e80c2584cc6c7d43ad5eaeda5ed282f8.tmp
QSGRenderThread /config/.cache/mesa_shader_cache/33/00b052fe14b1af317cbf469f440a0008884e80
plasmas:disk$0 /config/.cache/mesa_shader_cache/6b/4f60e5e80c2584cc6c7d43ad5eaeda5ed282f8.tmp
plasmas:disk$0 /config/.cache/mesa_shader_cache/6b/4f60e5e80c2584cc6c7d43ad5eaeda5ed282f8
xclip /etc/ld.so.cache
xclip /lib/x86_64-linux-gnu/libXmu.so.6
xclip /lib/x86_64-linux-gnu/libX11.so.6
xclip /lib/x86_64-linux-gnu/libc.so.6
xclip /lib/x86_64-linux-gnu/libXt.so.6
xclip /lib/x86_64-linux-gnu/libXext.so.6
xclip /lib/x86_64-linux-gnu/libxcb.so.1
xclip /lib/x86_64-linux-gnu/libSM.so.6
xclip /lib/x86_64-linux-gnu/libICE.so.6
xclip /lib/x86_64-linux-gnu/libXau.so.6
xclip /lib/x86_64-linux-gnu/libXdmcp.so.6
xclip /lib/x86_64-linux-gnu/libuuid.so.1
xclip /lib/x86_64-linux-gnu/libbsd.so.0
xclip /lib/x86_64-linux-gnu/libmd.so.0
xclip /usr/share/X11/locale/locale.alias
xclip /usr/share/X11/locale/locale.dir
xclip /usr/share/X11/locale/C/XLC_LOCALE
xclip /usr/share/X11/locale/locale.alias
xclip /usr/share/X11/locale/locale.dir
xclip /usr/share/X11/locale/C/XLC_LOCALE
Xvfb /proc/1034/cmdline
selkies /proc/stat
selkies /proc/meminfo
xclip /etc/ld.so.cache
xclip /lib/x86_64-linux-gnu/libXmu.so.6
xclip /lib/x86_64-linux-gnu/libX11.so.6
xclip /lib/x86_64-linux-gnu/libc.so.6
xclip /lib/x86_64-linux-gnu/libXt.so.6
xclip /lib/x86_64-linux-gnu/libXext.so.6
xclip /lib/x86_64-linux-gnu/libxcb.so.1
xclip /lib/x86_64-linux-gnu/libSM.so.6
xclip /lib/x86_64-linux-gnu/libICE.so.6
xclip /lib/x86_64-linux-gnu/libXau.so.6
xclip /lib/x86_64-linux-gnu/libXdmcp.so.6
xclip /lib/x86_64-linux-gnu/libuuid.so.1
xclip /lib/x86_64-linux-gnu/libbsd.so.0
xclip /lib/x86_64-linux-gnu/libmd.so.0
xclip /usr/share/X11/locale/locale.alias
xclip /usr/share/X11/locale/locale.dir
xclip /usr/share/X11/locale/C/XLC_LOCALE
xclip /usr/share/X11/locale/locale.alias
xclip /usr/share/X11/locale/locale.dir
xclip /usr/share/X11/locale/C/XLC_LOCALE
Xvfb /proc/1057/cmdline
xclip /etc/ld.so.cache
xclip /lib/x86_64-linux-gnu/libXmu.so.6
xclip /lib/x86_64-linux-gnu/libX11.so.6
xclip /lib/x86_64-linux-gnu/libc.so.6
xclip /lib/x86_64-linux-gnu/libXt.so.6
xclip /lib/x86_64-linux-gnu/libXext.so.6
xclip /lib/x86_64-linux-gnu/libxcb.so.1
xclip /lib/x86_64-linux-gnu/libSM.so.6
xclip /lib/x86_64-linux-gnu/libICE.so.6
xclip /lib/x86_64-linux-gnu/libXau.so.6
xclip /lib/x86_64-linux-gnu/libXdmcp.so.6
xclip /lib/x86_64-linux-gnu/libuuid.so.1
xclip /lib/x86_64-linux-gnu/libbsd.so.0
xclip /lib/x86_64-linux-gnu/libmd.so.0
xclip /usr/share/X11/locale/locale.alias
xclip /usr/share/X11/locale/locale.dir
xclip /usr/share/X11/locale/C/XLC_LOCALE
xclip /usr/share/X11/locale/locale.alias
xclip /usr/share/X11/locale/locale.dir
xclip /usr/share/X11/locale/C/XLC_LOCALE
Xvfb /proc/1080/cmdline
plasmashell /config/Desktop/thunderbird.desktop
QSGRenderThread /config/.cache/mesa_shader_cache/05/821511f11136f0cb2e5902dff62f195b5fd4ae
plasmas:disk$0 /config/.cache/mesa_shader_cache/05/821511f11136f0cb2e5902dff62f195b5fd4ae.tmp
plasmas:disk$0 /config/.cache/mesa_shader_cache/05/821511f11136f0cb2e5902dff62f195b5fd4ae.tmp
plasmas:disk$0 /config/.cache/mesa_shader_cache/05/821511f11136f0cb2e5902dff62f195b5fd4ae
QSGRenderThread /config/.cache/mesa_shader_cache/b5/649c319061cf5f5c432f0c3cd0278da5db382e
plasmas:disk$0 /config/.cache/mesa_shader_cache/b5/649c319061cf5f5c432f0c3cd0278da5db382e.tmp
plasmas:disk$0 /config/.cache/mesa_shader_cache/b5/649c319061cf5f5c432f0c3cd0278da5db382e
QSGRenderThread /config/.cache/mesa_shader_cache/03/85404440a27386f79d70b87e5141a561359e3b
plasmas:disk$0 /config/.cache/mesa_shader_cache/03/85404440a27386f79d70b87e5141a561359e3b.tmp
plasmas:disk$0 /config/.cache/mesa_shader_cache/03/85404440a27386f79d70b87e5141a561359e3b.tmp
plasmas:disk$0 /config/.cache/mesa_shader_cache/03/85404440a27386f79d70b87e5141a561359e3b
QSGRenderThread /config/.cache/mesa_shader_cache/9d/606aba494dc71333136762dd7212597db24bd0
plasmas:disk$0 /config/.cache/mesa_shader_cache/9d/606aba494dc71333136762dd7212597db24bd0.tmp
plasmas:disk$0 /config/.cache/mesa_shader_cache/9d/606aba494dc71333136762dd7212597db24bd0.tmp
plasmas:disk$0 /config/.cache/mesa_shader_cache/9d/606aba494dc71333136762dd7212597db24bd0
selkies /proc/stat
selkies /proc/meminfo
plasmashell /config/Desktop/thunderbird.desktop
plasmashell /config/.config/user-dirs.dirs
plasmashell /config/Templates
QSGRenderThread /config/.cache/mesa_shader_cache/67/300b64f992db8cd870aba10d19426628db8e5e
plasmas:disk$0 /config/.cache/mesa_shader_cache/67/300b64f992db8cd870aba10d19426628db8e5e.tmp
plasmas:disk$0 /config/.cache/mesa_shader_cache/67/300b64f992db8cd870aba10d19426628db8e5e.tmp
QSGRenderThread /config/.cache/mesa_shader_cache/7d/f5f5a56c9b9eb1ebef6cf2871fc3d755fd61bb
plasmas:disk$0 /config/.cache/mesa_shader_cache/67/300b64f992db8cd870aba10d19426628db8e5e
plasmas:disk$0 /config/.cache/mesa_shader_cache/7d/f5f5a56c9b9eb1ebef6cf2871fc3d755fd61bb.tmp
QSGRenderThread /config/.cache/mesa_shader_cache/11/8012095cfa7caf074a257fc05759d0899fb001
plasmas:disk$0 /config/.cache/mesa_shader_cache/7d/f5f5a56c9b9eb1ebef6cf2871fc3d755fd61bb.tmp
plasmas:disk$0 /config/.cache/mesa_shader_cache/7d/f5f5a56c9b9eb1ebef6cf2871fc3d755fd61bb
plasmas:disk$0 /config/.cache/mesa_shader_cache/11/8012095cfa7caf074a257fc05759d0899fb001.tmp
plasmas:disk$0 /config/.cache/mesa_shader_cache/11/8012095cfa7caf074a257fc05759d0899fb001.tmp
plasmas:disk$0 /config/.cache/mesa_shader_cache/11/8012095cfa7caf074a257fc05759d0899fb001
QSGRenderThread /config/.cache/mesa_shader_cache/13/9ac72d90e7d989d698c0e906cd0cc34b28d297
plasmashell /config/Desktop/thunderbird.desktop
plasmas:disk$0 /config/.cache/mesa_shader_cache/13/9ac72d90e7d989d698c0e906cd0cc34b28d297.tmp
plasmas:disk$0 /config/.cache/mesa_shader_cache/13/9ac72d90e7d989d698c0e906cd0cc34b28d297.tmp
plasmas:disk$0 /config/.cache/mesa_shader_cache/13/9ac72d90e7d989d698c0e906cd0cc34b28d297
QSGRenderThread /config/.cache/mesa_shader_cache/b6/1d291756e0b7fe773aea85bace069382471e7d
plasmas:disk$0 /config/.cache/mesa_shader_cache/b6/1d291756e0b7fe773aea85bace069382471e7d.tmp
plasmas:disk$0 /config/.cache/mesa_shader_cache/b6/1d291756e0b7fe773aea85bace069382471e7d.tmp
QSGRenderThread /config/.cache/mesa_shader_cache/6a/bc1a28bb73ad21ed08c4d0ec9b2aa109586640
plasmas:disk$0 /config/.cache/mesa_shader_cache/b6/1d291756e0b7fe773aea85bace069382471e7d
xclip /etc/ld.so.cache
xclip /lib/x86_64-linux-gnu/libXmu.so.6
xclip /lib/x86_64-linux-gnu/libX11.so.6
xclip /lib/x86_64-linux-gnu/libc.so.6
xclip /lib/x86_64-linux-gnu/libXt.so.6
xclip /lib/x86_64-linux-gnu/libXext.so.6
xclip /lib/x86_64-linux-gnu/libxcb.so.1
xclip /lib/x86_64-linux-gnu/libSM.so.6
xclip /lib/x86_64-linux-gnu/libICE.so.6
xclip /lib/x86_64-linux-gnu/libXau.so.6
xclip /lib/x86_64-linux-gnu/libXdmcp.so.6
xclip /lib/x86_64-linux-gnu/libuuid.so.1
xclip /lib/x86_64-linux-gnu/libbsd.so.0
xclip /lib/x86_64-linux-gnu/libmd.so.0
xclip /usr/share/X11/locale/locale.alias
xclip /usr/share/X11/locale/locale.dir
xclip /usr/share/X11/locale/C/XLC_LOCALE
xclip /usr/share/X11/locale/locale.alias
xclip /usr/share/X11/locale/locale.dir
xclip /usr/share/X11/locale/C/XLC_LOCALE
Xvfb /proc/1108/cmdline
plasmas:disk$0 /config/.cache/mesa_shader_cache/6a/bc1a28bb73ad21ed08c4d0ec9b2aa109586640.tmp
plasmas:disk$0 /config/.cache/mesa_shader_cache/6a/bc1a28bb73ad21ed08c4d0ec9b2aa109586640
QSGRenderThread /config/.cache/mesa_shader_cache/4e/eded535a438cc683e09bec52abea21a6de87bb
plasmas:disk$0 /config/.cache/mesa_shader_cache/4e/eded535a438cc683e09bec52abea21a6de87bb.tmp
plasmas:disk$0 /config/.cache/mesa_shader_cache/4e/eded535a438cc683e09bec52abea21a6de87bb.tmp
plasmas:disk$0 /config/.cache/mesa_shader_cache/4e/eded535a438cc683e09bec52abea21a6de87bb
plasmashell /config/Desktop/thunderbird.desktop
plasmashell /config/.local/share/kservices5
plasmashell /config/.local/share/mime
plasmashell /etc/xdg/menus
plasmashell /usr/local/share/kservices5
plasmashell /usr/local/share/mime
plasmashell /usr/share/kservices5
plasmashell /usr/share/kservices5/ServiceMenus
plasmashell /usr/share/kservices5/qimageioplugins
plasmashell /usr/share/kservices5/searchproviders
plasmashell /usr/share/mime
plasmashell /usr/share/mime/application
plasmashell /usr/share/mime/audio
plasmashell /usr/share/mime/chemical
plasmashell /usr/share/mime/font
plasmashell /usr/share/mime/image
plasmashell /usr/share/mime/inode
plasmashell /usr/share/mime/message
plasmashell /usr/share/mime/model
plasmashell /usr/share/mime/multipart
plasmashell /usr/share/mime/packages
plasmashell /usr/share/mime/text
plasmashell /usr/share/mime/video
plasmashell /usr/share/mime/x-content
plasmashell /usr/share/mime/x-epoc
plasmashell /usr/lib/x86_64-linux-gnu/qt5/plugins/kf5/kio/kio_file.so
plasmashell /config/.XDG
plasmashell /usr/lib/x86_64-linux-gnu/qt5/plugins/kf5/kio/kio_file.so.avx2
plasmashell /usr/lib/x86_64-linux-gnu/qt5/plugins/kf5/kio/kio_file.so
KIO::WorkerThre /config/Desktop/thunderbird.desktop
plasmashell /config/Desktop/thunderbird.desktop
plasmashell /config/Desktop/thunderbird.desktop
plasmashell /config/Desktop/thunderbird.desktop
plasmashell /config/Desktop/thunderbird.desktop
plasmashell /config/Desktop/thunderbird.desktop
plasmashell /config/Desktop/thunderbird.desktop
plasmashell /config/Desktop/thunderbird.desktop
plasmashell /config/Desktop/thunderbird.desktop
plasmashell /config/Desktop/thunderbird.desktop
plasmashell /config/Desktop/thunderbird.desktop
plasmashell /config/Desktop/thunderbird.desktop
plasmashell /config/Desktop/thunderbird.desktop
wrapped-thunder /etc/ld.so.cache
wrapped-thunder /lib/x86_64-linux-gnu/libtinfo.so.6
wrapped-thunder /lib/x86_64-linux-gnu/libc.so.6
plasmashell /config/Desktop/thunderbird.desktop
wrapped-thunder /dev/tty
plasmashell /config/Desktop/thunderbird.desktop
wrapped-thunder /usr/lib/locale/locale-archive
wrapped-thunder /usr/lib/x86_64-linux-gnu/gconv/gconv-modules.cache
plasmashell /config/Desktop/thunderbird.desktop
plasmashell /config/Desktop/thunderbird.desktop
wrapped-thunder /etc/nsswitch.conf
wrapped-thunder /etc/passwd
plasmashell /config/Desktop/thunderbird.desktop
wrapped-thunder /usr/local/bin/wrapped-thunderbird
plasmashell /config/Desktop/thunderbird.desktop
plasmashell /config/Desktop/thunderbird.desktop
plasmashell /config/Desktop/thunderbird.desktop
thunderbird /etc/ld.so.cache
thunderbird /lib/x86_64-linux-gnu/libc.so.6
plasmashell /config/Desktop/thunderbird.desktop
thunderbird /usr/bin/thunderbird
plasmashell /config/Desktop/thunderbird.desktop
plasmashell /config/Desktop/thunderbird.desktop
which /etc/ld.so.cache
which /lib/x86_64-linux-gnu/libc.so.6
plasmashell /config/Desktop/thunderbird.desktop
plasmashell /config/Desktop/thunderbird.desktop
which /usr/bin/which
plasmashell /config/Desktop/thunderbird.desktop
plasmashell /config/Desktop/thunderbird.desktop
plasmashell /config/Desktop/thunderbird.desktop
thunderbird /etc/ld.so.cache
plasmashell /config/Desktop/thunderbird.desktop
thunderbird /lib/x86_64-linux-gnu/libstdc++.so.6
thunderbird /lib/x86_64-linux-gnu/libm.so.6
thunderbird /lib/x86_64-linux-gnu/libgcc_s.so.1
plasmashell /config/Desktop/thunderbird.desktop
thunderbird /lib/x86_64-linux-gnu/libc.so.6
plasmashell /config/Desktop/thunderbird.desktop
plasmashell /config/Desktop/thunderbird.desktop
thunderbird /usr/lib/thunderbird/dependentlibs.list
thunderbird /usr/lib/thunderbird/libnspr4.so
plasmashell /config/Desktop/thunderbird.desktop
plasmashell /config/Desktop/thunderbird.desktop
thunderbird /usr/lib/thunderbird/libplc4.so
plasmashell /config/Desktop/thunderbird.desktop
thunderbird /usr/lib/thunderbird/libplds4.so
plasmashell /config/Desktop/thunderbird.desktop
thunderbird /usr/lib/thunderbird/libmozsandbox.so
plasmashell /config/Desktop/thunderbird.desktop
plasmashell /config/Desktop/thunderbird.desktop
thunderbird /usr/lib/thunderbird/libgkcodecs.so
plasmashell /config/Desktop/thunderbird.desktop
plasmashell /config/Desktop/thunderbird.desktop
plasmashell /config/Desktop/thunderbird.desktop
plasmashell /config/Desktop/thunderbird.desktop
plasmashell /config/Desktop/thunderbird.desktop
plasmashell /config/Desktop/thunderbird.desktop
plasmashell /config/Desktop/thunderbird.desktop
plasmashell /config/Desktop/thunderbird.desktop
plasmashell /config/Desktop/thunderbird.desktop
thunderbird /usr/lib/thunderbird/liblgpllibs.so
plasmashell /config/Desktop/thunderbird.desktop
plasmashell /config/Desktop/thunderbird.desktop
plasmashell /config/Desktop/thunderbird.desktop
thunderbird /usr/lib/thunderbird/libnssutil3.so
plasmashell /config/Desktop/thunderbird.desktop
plasmashell /config/Desktop/thunderbird.desktop
thunderbird /usr/lib/thunderbird/libnss3.so
plasmashell /config/Desktop/thunderbird.desktop
plasmashell /config/Desktop/thunderbird.desktop
thunderbird /usr/lib/thunderbird/libsmime3.so
plasmashell /config/Desktop/thunderbird.desktop
plasmashell /config/Desktop/thunderbird.desktop
thunderbird /usr/lib/thunderbird/libmozsqlite3.so
plasmashell /config/Desktop/thunderbird.desktop
plasmashell /config/Desktop/thunderbird.desktop
plasmashell /config/Desktop/thunderbird.desktop
plasmashell /config/Desktop/thunderbird.desktop
thunderbird /usr/lib/thunderbird/libssl3.so
plasmashell /config/Desktop/thunderbird.desktop
plasmashell /config/Desktop/thunderbird.desktop
thunderbird /usr/lib/thunderbird/libmozgtk.so
plasmashell /config/Desktop/thunderbird.desktop
thunderbird /etc/ld.so.cache
thunderbird /lib/x86_64-linux-gnu/libgtk-3.so.0
plasmashell /config/Desktop/thunderbird.desktop
plasmashell /config/Desktop/thunderbird.desktop
plasmashell /config/Desktop/thunderbird.desktop
plasmashell /config/Desktop/thunderbird.desktop
plasmashell /config/Desktop/thunderbird.desktop
plasmashell /config/Desktop/thunderbird.desktop
plasmashell /config/Desktop/thunderbird.desktop
thunderbird /lib/x86_64-linux-gnu/libgdk-3.so.0
plasmashell /config/Desktop/thunderbird.desktop
plasmashell /config/Desktop/thunderbird.desktop
plasmashell /config/Desktop/thunderbird.desktop
plasmashell /config/Desktop/thunderbird.desktop
thunderbird /lib/x86_64-linux-gnu/libgmodule-2.0.so.0
thunderbird /lib/x86_64-linux-gnu/libglib-2.0.so.0
thunderbird /lib/x86_64-linux-gnu/libgobject-2.0.so.0
thunderbird /lib/x86_64-linux-gnu/libgio-2.0.so.0
thunderbird /lib/x86_64-linux-gnu/libpangocairo-1.0.so.0
thunderbird /lib/x86_64-linux-gnu/libpango-1.0.so.0
thunderbird /lib/x86_64-linux-gnu/libharfbuzz.so.0
thunderbird /lib/x86_64-linux-gnu/libcairo.so.2
thunderbird /lib/x86_64-linux-gnu/libpangoft2-1.0.so.0
thunderbird /lib/x86_64-linux-gnu/libfontconfig.so.1
thunderbird /lib/x86_64-linux-gnu/libfribidi.so.0
thunderbird /lib/x86_64-linux-gnu/libcairo-gobject.so.2
thunderbird /lib/x86_64-linux-gnu/libgdk_pixbuf-2.0.so.0
thunderbird /lib/x86_64-linux-gnu/libatk-1.0.so.0
thunderbird /lib/x86_64-linux-gnu/libepoxy.so.0
thunderbird /lib/x86_64-linux-gnu/libXi.so.6
thunderbird /lib/x86_64-linux-gnu/libX11.so.6
thunderbird /lib/x86_64-linux-gnu/libatk-bridge-2.0.so.0
thunderbird /lib/x86_64-linux-gnu/libXfixes.so.3
thunderbird /lib/x86_64-linux-gnu/libxkbcommon.so.0
thunderbird /lib/x86_64-linux-gnu/libwayland-client.so.0
thunderbird /lib/x86_64-linux-gnu/libwayland-cursor.so.0
thunderbird /lib/x86_64-linux-gnu/libwayland-egl.so.1
thunderbird /lib/x86_64-linux-gnu/libXext.so.6
thunderbird /lib/x86_64-linux-gnu/libXcursor.so.1
thunderbird /lib/x86_64-linux-gnu/libXdamage.so.1
thunderbird /lib/x86_64-linux-gnu/libXcomposite.so.1
thunderbird /lib/x86_64-linux-gnu/libXrandr.so.2
thunderbird /lib/x86_64-linux-gnu/libXinerama.so.1
thunderbird /lib/x86_64-linux-gnu/libpcre2-8.so.0
plasmashell /usr/share/icons/hicolor/32x32/apps/thunderbird.png
thunderbird /lib/x86_64-linux-gnu/libffi.so.8
thunderbird /lib/x86_64-linux-gnu/libz.so.1
thunderbird /lib/x86_64-linux-gnu/libmount.so.1
thunderbird /lib/x86_64-linux-gnu/libselinux.so.1
thunderbird /lib/x86_64-linux-gnu/libthai.so.0
thunderbird /lib/x86_64-linux-gnu/libfreetype.so.6
thunderbird /lib/x86_64-linux-gnu/libgraphite2.so.3
thunderbird /lib/x86_64-linux-gnu/libpng16.so.16
thunderbird /lib/x86_64-linux-gnu/libXrender.so.1
thunderbird /lib/x86_64-linux-gnu/libxcb.so.1
thunderbird /lib/x86_64-linux-gnu/libxcb-render.so.0
thunderbird /lib/x86_64-linux-gnu/libxcb-shm.so.0
thunderbird /lib/x86_64-linux-gnu/libpixman-1.so.0
thunderbird /lib/x86_64-linux-gnu/libexpat.so.1
QSGRenderThread /config/.cache/mesa_shader_cache/ba/f1ba0189afe9f9b21e697f039ac74c9fe4604b
thunderbird /lib/x86_64-linux-gnu/libjpeg.so.8
thunderbird /lib/x86_64-linux-gnu/libatspi.so.0
thunderbird /lib/x86_64-linux-gnu/libdbus-1.so.3
thunderbird /lib/x86_64-linux-gnu/libblkid.so.1
thunderbird /lib/x86_64-linux-gnu/libdatrie.so.1
thunderbird /lib/x86_64-linux-gnu/libbz2.so.1.0
thunderbird /lib/x86_64-linux-gnu/libbrotlidec.so.1
thunderbird /lib/x86_64-linux-gnu/libXau.so.6
thunderbird /lib/x86_64-linux-gnu/libXdmcp.so.6
thunderbird /lib/x86_64-linux-gnu/libsystemd.so.0
thunderbird /lib/x86_64-linux-gnu/libbrotlicommon.so.1
thunderbird /lib/x86_64-linux-gnu/libbsd.so.0
thunderbird /lib/x86_64-linux-gnu/libcap.so.2
thunderbird /lib/x86_64-linux-gnu/libgcrypt.so.20
thunderbird /lib/x86_64-linux-gnu/liblz4.so.1
thunderbird /lib/x86_64-linux-gnu/liblzma.so.5
thunderbird /lib/x86_64-linux-gnu/libzstd.so.1
thunderbird /lib/x86_64-linux-gnu/libmd.so.0
thunderbird /lib/x86_64-linux-gnu/libgpg-error.so.0
thunderbird /proc/filesystems
thunderbird /usr/lib/thunderbird/libmozwayland.so
thunderbird /usr/lib/thunderbird/libxul.so
plasmas:disk$0 /config/.cache/mesa_shader_cache/ba/f1ba0189afe9f9b21e697f039ac74c9fe4604b.tmp
plasmas:disk$0 /config/.cache/mesa_shader_cache/ba/f1ba0189afe9f9b21e697f039ac74c9fe4604b.tmp
QSGRenderThread /config/.cache/mesa_shader_cache/03/85404440a27386f79d70b87e5141a561359e3b
plasmas:disk$0 /config/.cache/mesa_shader_cache/ba/f1ba0189afe9f9b21e697f039ac74c9fe4604b
thunderbird /etc/ld.so.cache
thunderbird /lib/x86_64-linux-gnu/libresolv.so.2
thunderbird /lib/x86_64-linux-gnu/libasound.so.2
thunderbird /lib/x86_64-linux-gnu/libX11-xcb.so.1
xclip /etc/ld.so.cache
xclip /lib/x86_64-linux-gnu/libXmu.so.6
xclip /lib/x86_64-linux-gnu/libX11.so.6
xclip /lib/x86_64-linux-gnu/libc.so.6
xclip /lib/x86_64-linux-gnu/libXt.so.6
xclip /lib/x86_64-linux-gnu/libXext.so.6
xclip /lib/x86_64-linux-gnu/libxcb.so.1
xclip /lib/x86_64-linux-gnu/libSM.so.6
xclip /lib/x86_64-linux-gnu/libICE.so.6
xclip /lib/x86_64-linux-gnu/libXau.so.6
xclip /lib/x86_64-linux-gnu/libXdmcp.so.6
xclip /lib/x86_64-linux-gnu/libuuid.so.1
xclip /lib/x86_64-linux-gnu/libbsd.so.0
xclip /lib/x86_64-linux-gnu/libmd.so.0
xclip /usr/share/X11/locale/locale.alias
xclip /usr/share/X11/locale/locale.dir
xclip /usr/share/X11/locale/C/XLC_LOCALE
xclip /usr/share/X11/locale/locale.alias
xclip /usr/share/X11/locale/locale.dir
xclip /usr/share/X11/locale/C/XLC_LOCALE
Xvfb /proc/1145/cmdline
thunderbird /proc/self/task/1148/stat
thunderbird /proc/self/stat
thunderbird /config/.thunderbird/Crash Reports/InstallTime20260429011626
thunderbird /usr/lib/locale/locale-archive
pool /usr/share/locale/locale.alias
pool /usr/share/locale/en_US/LC_MESSAGES/libc.mo
pool /usr/share/locale/en/LC_MESSAGES/libc.mo
pool /usr/share/locale-langpack/en_US/LC_MESSAGES/libc.mo
pool /usr/share/locale-langpack/en/LC_MESSAGES/libc.mo
pool /usr/lib/x86_64-linux-gnu/charset.alias
thunderbird /usr/share/locale/en_US/LC_MESSAGES/messages.mo
thunderbird /usr/share/locale/en/LC_MESSAGES/messages.mo
thunderbird /usr/share/locale-langpack/en_US/LC_MESSAGES/messages.mo
thunderbird /usr/share/locale-langpack/en/LC_MESSAGES/messages.mo
thunderbird /usr/share/locale/en_US/LC_MESSAGES/gtk30.mo
thunderbird /usr/share/locale/en/LC_MESSAGES/gtk30.mo
thunderbird /usr/share/locale-langpack/en_US/LC_MESSAGES/gtk30.mo
thunderbird /usr/share/locale-langpack/en/LC_MESSAGES/gtk30.mo
thunderbird /usr/share/locale/en_US/LC_MESSAGES/gtk30-properties.mo
thunderbird /usr/share/locale/en/LC_MESSAGES/gtk30-properties.mo
thunderbird /usr/share/locale-langpack/en_US/LC_MESSAGES/gtk30-properties.mo
thunderbird /usr/share/locale-langpack/en/LC_MESSAGES/gtk30-properties.mo
Xvfb /proc/1135/cmdline
dbus-daemon /run/systemd/users/911
dbus-daemon /proc/1135/cmdline
thunderbird /etc/ld.so.cache
thunderbird /lib/x86_64-linux-gnu/glibc-hwcaps/x86-64-v3/libGLX.so.1
thunderbird /lib/x86_64-linux-gnu/glibc-hwcaps/x86-64-v2/libGLX.so.1
thunderbird /lib/x86_64-linux-gnu/libGLX.so.1
thunderbird /usr/lib/x86_64-linux-gnu/glibc-hwcaps/x86-64-v3/libGLX.so.1
thunderbird /usr/lib/x86_64-linux-gnu/glibc-hwcaps/x86-64-v2/libGLX.so.1
thunderbird /usr/lib/x86_64-linux-gnu/libGLX.so.1
thunderbird /lib/glibc-hwcaps/x86-64-v3/libGLX.so.1
thunderbird /lib/glibc-hwcaps/x86-64-v2/libGLX.so.1
thunderbird /lib/libGLX.so.1
thunderbird /usr/lib/glibc-hwcaps/x86-64-v3/libGLX.so.1
thunderbird /usr/lib/glibc-hwcaps/x86-64-v2/libGLX.so.1
thunderbird /usr/lib/libGLX.so.1
thunderbird /etc/ld.so.cache
thunderbird /lib/x86_64-linux-gnu/libGL.so.1
thunderbird /lib/x86_64-linux-gnu/libGLdispatch.so.0
thunderbird /lib/x86_64-linux-gnu/libGLX.so.0
thunderbird /etc/ld.so.cache
thunderbird /lib/x86_64-linux-gnu/libGLX_mesa.so.0
thunderbird /lib/x86_64-linux-gnu/libgallium-25.2.8-0ubuntu0.24.04.1.so
thunderbird /lib/x86_64-linux-gnu/libdrm.so.2
thunderbird /lib/x86_64-linux-gnu/libxcb-glx.so.0
thunderbird /lib/x86_64-linux-gnu/libXxf86vm.so.1
thunderbird /lib/x86_64-linux-gnu/libxcb-dri3.so.0
thunderbird /lib/x86_64-linux-gnu/libxcb-present.so.0
thunderbird /lib/x86_64-linux-gnu/libxcb-xfixes.so.0
thunderbird /lib/x86_64-linux-gnu/libLLVM.so.20.1
thunderbird /lib/x86_64-linux-gnu/libsensors.so.5
thunderbird /lib/x86_64-linux-gnu/libxcb-randr.so.0
thunderbird /lib/x86_64-linux-gnu/libxcb-sync.so.1
thunderbird /lib/x86_64-linux-gnu/libxshmfence.so.1
thunderbird /lib/x86_64-linux-gnu/libdrm_amdgpu.so.1
thunderbird /lib/x86_64-linux-gnu/libelf.so.1
thunderbird /lib/x86_64-linux-gnu/libdrm_intel.so.1
thunderbird /lib/x86_64-linux-gnu/../lib/glibc-hwcaps/x86-64-v3/libedit.so.2
thunderbird /lib/x86_64-linux-gnu/../lib/glibc-hwcaps/x86-64-v2/libedit.so.2
thunderbird /lib/x86_64-linux-gnu/../lib/libedit.so.2
thunderbird /lib/x86_64-linux-gnu/libedit.so.2
thunderbird /lib/x86_64-linux-gnu/libxml2.so.2
thunderbird /lib/x86_64-linux-gnu/libpciaccess.so.0
thunderbird /lib/x86_64-linux-gnu/libtinfo.so.6
thunderbird /lib/x86_64-linux-gnu/libicuuc.so.74
thunderbird /lib/x86_64-linux-gnu/libicudata.so.74
thunderbird /usr/share/drirc.d
thunderbird /usr/share/drirc.d/00-mesa-defaults.conf
thunderbird /usr/lib/x86_64-linux-gnu/gconv/gconv-modules.cache
thunderbird /usr/share/drirc.d/00-radv-defaults.conf
thunderbird /etc/drirc
thunderbird /config/.drirc
thunderbird /sys/devices/system/cpu/possible
thunderbird /sys/devices/system/cpu/cpu0/cpu_capacity
thunderbird /sys/devices/system/cpu/cpu1/cpu_capacity
thunderbird /sys/devices/system/cpu/cpu2/cpu_capacity
thunderbird /sys/devices/system/cpu/cpu3/cpu_capacity
thunderbird /sys/devices/system/cpu/cpu4/cpu_capacity
thunderbird /sys/devices/system/cpu/cpu5/cpu_capacity
thunderbird /sys/devices/system/cpu/cpu6/cpu_capacity
thunderbird /sys/devices/system/cpu/cpu7/cpu_capacity
thunderbird /sys/devices/system/cpu/cpu8/cpu_capacity
thunderbird /sys/devices/system/cpu/cpu9/cpu_capacity
thunderbird /sys/devices/system/cpu/cpu10/cpu_capacity
thunderbird /sys/devices/system/cpu/cpu11/cpu_capacity
thunderbird /sys/devices/system/cpu/cpu12/cpu_capacity
thunderbird /sys/devices/system/cpu/cpu13/cpu_capacity
thunderbird /sys/devices/system/cpu/cpu14/cpu_capacity
thunderbird /sys/devices/system/cpu/cpu15/cpu_capacity
thunderbird /dev/udmabuf
thunderbird /usr/share/drirc.d
thunderbird /usr/share/drirc.d/00-mesa-defaults.conf
thunderbird /usr/share/drirc.d/00-radv-defaults.conf
thunderbird /etc/drirc
thunderbird /config/.drirc
thunderbird /usr/share/locale/en_US/LC_MESSAGES/at-spi2-core.mo
thunderbird /usr/share/locale/en/LC_MESSAGES/at-spi2-core.mo
thunderbird /usr/share/locale-langpack/en_US/LC_MESSAGES/at-spi2-core.mo
thunderbird /usr/share/locale-langpack/en/LC_MESSAGES/at-spi2-core.mo
thunderbird /tmp/thunderbird/.parentlock
thunderbird /etc/host.conf
thunderbird /etc/resolv.conf
thunderbird /etc/nsswitch.conf
thunderbird /etc/hosts
thunderbird /etc/ld.so.cache
thunderbird /lib/x86_64-linux-gnu/libICE.so.6
thunderbird /etc/ld.so.cache
thunderbird /lib/x86_64-linux-gnu/libSM.so.6
thunderbird /lib/x86_64-linux-gnu/libuuid.so.1
thunderbird /config/.XDG/iceauth_NANayc
thunderbird /config/.XDG/iceauth_NANayc
thunderbird /config/.XDG/iceauth_NANayc
thunderbird /config/.XDG/iceauth_NANayc
thunderbird /etc/passwd
thunderbird /config/.thunderbird/3g11fcde.default-release/times.json
thunderbird /config/.thunderbird/3g11fcde.default-release/times.json
thunderbird /config/.thunderbird/vxj20r2k.default/times.json
thunderbird /config/.thunderbird/vxj20r2k.default/times.json
thunderbird /config/.thunderbird/installs.ini
thunderbird /config/.thunderbird/profiles.ini
dbus-daemon /config/.XDG/dbus-1/services
dbus-daemon /config/.local/share/dbus-1/services
dbus-daemon /usr/local/share/dbus-1/services
dbus-daemon /usr/share/dbus-1/services
dbus-daemon /usr/share/dbus-1/services/org.kde.plasma.Notifications.service
dbus-daemon /config/.XDG/dbus-1/services
dbus-daemon /config/.local/share/dbus-1/services
dbus-daemon /usr/local/share/dbus-1/services
dbus-daemon /usr/share/dbus-1/services
dbus-daemon /usr/share/dbus-1/services/org.kde.plasma.Notifications.service
dbus-daemon /config/.XDG/dbus-1/services
dbus-daemon /config/.local/share/dbus-1/services
dbus-daemon /usr/local/share/dbus-1/services
dbus-daemon /usr/share/dbus-1/services
dbus-daemon /usr/share/dbus-1/services/org.kde.plasma.Notifications.service
dbus-daemon /config/.XDG/dbus-1/services
dbus-daemon /config/.local/share/dbus-1/services
dbus-daemon /usr/local/share/dbus-1/services
dbus-daemon /usr/share/dbus-1/services
dbus-daemon /usr/share/dbus-1/services/org.kde.plasma.Notifications.service
thunderbird /config/.thunderbird/3g11fcde.default-release/.parentlock
thunderbird /etc/hosts
thunderbird /config/.thunderbird/3g11fcde.default-release/compatibility.ini
thunderbird /config/.cache/thunderbird/3g11fcde.default-release/.startup-incomplete
thunderbird /config/.thunderbird/3g11fcde.default-release/compatibility.ini
thunderbird /dev/null
glxtest /etc/ld.so.cache
glxtest /lib/x86_64-linux-gnu/libxcb-shm.so.0
glxtest /lib/x86_64-linux-gnu/libX11-xcb.so.1
glxtest /lib/x86_64-linux-gnu/libX11.so.6
glxtest /lib/x86_64-linux-gnu/libxcb.so.1
glxtest /lib/x86_64-linux-gnu/libXext.so.6
glxtest /lib/x86_64-linux-gnu/libXrandr.so.2
glxtest /lib/x86_64-linux-gnu/libXcomposite.so.1
glxtest /lib/x86_64-linux-gnu/libXcursor.so.1
glxtest /lib/x86_64-linux-gnu/libXdamage.so.1
glxtest /lib/x86_64-linux-gnu/libXfixes.so.3
glxtest /lib/x86_64-linux-gnu/libXi.so.6
glxtest /lib/x86_64-linux-gnu/libgtk-3.so.0
glxtest /lib/x86_64-linux-gnu/libgdk-3.so.0
glxtest /lib/x86_64-linux-gnu/libz.so.1
thunderbird /proc/self/maps
glxtest /lib/x86_64-linux-gnu/libpangocairo-1.0.so.0
glxtest /lib/x86_64-linux-gnu/libpango-1.0.so.0
glxtest /lib/x86_64-linux-gnu/libharfbuzz.so.0
glxtest /lib/x86_64-linux-gnu/libatk-1.0.so.0
glxtest /lib/x86_64-linux-gnu/libcairo-gobject.so.2
glxtest /lib/x86_64-linux-gnu/libcairo.so.2
glxtest /lib/x86_64-linux-gnu/libgdk_pixbuf-2.0.so.0
glxtest /lib/x86_64-linux-gnu/libgio-2.0.so.0
glxtest /lib/x86_64-linux-gnu/libgobject-2.0.so.0
glxtest /lib/x86_64-linux-gnu/libglib-2.0.so.0
glxtest /lib/x86_64-linux-gnu/libstdc++.so.6
glxtest /lib/x86_64-linux-gnu/libm.so.6
thunderbird /usr/lib/thunderbird/omni.ja
glxtest /lib/x86_64-linux-gnu/libgcc_s.so.1
glxtest /lib/x86_64-linux-gnu/libc.so.6
glxtest /lib/x86_64-linux-gnu/libXau.so.6
glxtest /lib/x86_64-linux-gnu/libXdmcp.so.6
glxtest /lib/x86_64-linux-gnu/libXrender.so.1
glxtest /lib/x86_64-linux-gnu/libgmodule-2.0.so.0
glxtest /lib/x86_64-linux-gnu/libpangoft2-1.0.so.0
glxtest /lib/x86_64-linux-gnu/libfontconfig.so.1
glxtest /lib/x86_64-linux-gnu/libfribidi.so.0
glxtest /lib/x86_64-linux-gnu/libepoxy.so.0
glxtest /lib/x86_64-linux-gnu/libatk-bridge-2.0.so.0
glxtest /lib/x86_64-linux-gnu/libxkbcommon.so.0
glxtest /lib/x86_64-linux-gnu/libwayland-client.so.0
glxtest /lib/x86_64-linux-gnu/libwayland-cursor.so.0
glxtest /lib/x86_64-linux-gnu/libwayland-egl.so.1
glxtest /lib/x86_64-linux-gnu/libXinerama.so.1
glxtest /lib/x86_64-linux-gnu/libthai.so.0
glxtest /lib/x86_64-linux-gnu/libfreetype.so.6
glxtest /lib/x86_64-linux-gnu/libgraphite2.so.3
glxtest /lib/x86_64-linux-gnu/libpng16.so.16
glxtest /lib/x86_64-linux-gnu/libxcb-render.so.0
glxtest /lib/x86_64-linux-gnu/libpixman-1.so.0
glxtest /lib/x86_64-linux-gnu/libjpeg.so.8
glxtest /lib/x86_64-linux-gnu/libmount.so.1
glxtest /lib/x86_64-linux-gnu/libselinux.so.1
glxtest /lib/x86_64-linux-gnu/libffi.so.8
glxtest /lib/x86_64-linux-gnu/libpcre2-8.so.0
glxtest /lib/x86_64-linux-gnu/libbsd.so.0
glxtest /lib/x86_64-linux-gnu/libexpat.so.1
glxtest /lib/x86_64-linux-gnu/libatspi.so.0
glxtest /lib/x86_64-linux-gnu/libdbus-1.so.3
glxtest /lib/x86_64-linux-gnu/libdatrie.so.1
glxtest /lib/x86_64-linux-gnu/libbz2.so.1.0
glxtest /lib/x86_64-linux-gnu/libbrotlidec.so.1
glxtest /lib/x86_64-linux-gnu/libblkid.so.1
glxtest /lib/x86_64-linux-gnu/libmd.so.0
glxtest /lib/x86_64-linux-gnu/libsystemd.so.0
glxtest /lib/x86_64-linux-gnu/libbrotlicommon.so.1
glxtest /lib/x86_64-linux-gnu/libcap.so.2
glxtest /lib/x86_64-linux-gnu/libgcrypt.so.20
glxtest /lib/x86_64-linux-gnu/liblz4.so.1
glxtest /lib/x86_64-linux-gnu/liblzma.so.5
thunderbird /sys/devices/system/cpu/possible
glxtest /lib/x86_64-linux-gnu/libzstd.so.1
glxtest /lib/x86_64-linux-gnu/libgpg-error.so.0
glxtest /proc/filesystems
glxtest /dev/null
glxtest /etc/ld.so.cache
glxtest /lib/x86_64-linux-gnu/libpci.so.3
glxtest /lib/x86_64-linux-gnu/libudev.so.1
glxtest /sys/bus/pci/devices
glxtest /sys/bus/pci/devices/0000:00:1f.4/vendor
glxtest /sys/bus/pci/devices/0000:00:1f.4/device
glxtest /sys/bus/pci/devices/0000:00:1f.4/class
thunderbird /usr/lib/thunderbird/defaults/pref
glxtest /sys/bus/pci/devices/0000:00:14.0/vendor
glxtest /sys/bus/pci/devices/0000:00:14.0/device
thunderbird /usr/lib/thunderbird/defaults/pref/vendor.js
glxtest /sys/bus/pci/devices/0000:00:14.0/class
thunderbird /usr/lib/thunderbird/defaults/pref/syspref.js
glxtest /sys/bus/pci/devices/0000:00:02.0/vendor
glxtest /sys/bus/pci/devices/0000:00:02.0/device
thunderbird /usr/lib/thunderbird/defaults/pref/channel-prefs.js
glxtest /sys/bus/pci/devices/0000:00:02.0/class
glxtest /sys/bus/pci/devices/0000:00:1c.4/vendor
glxtest /sys/bus/pci/devices/0000:00:1c.4/device
glxtest /sys/bus/pci/devices/0000:00:1c.4/class
glxtest /sys/bus/pci/devices/0000:00:1f.6/vendor
glxtest /sys/bus/pci/devices/0000:00:1f.6/device
glxtest /sys/bus/pci/devices/0000:00:1f.6/class
glxtest /sys/bus/pci/devices/0000:00:14.2/vendor
glxtest /sys/bus/pci/devices/0000:00:14.2/device
glxtest /sys/bus/pci/devices/0000:00:14.2/class
glxtest /sys/bus/pci/devices/0000:00:1d.0/vendor
glxtest /sys/bus/pci/devices/0000:00:1d.0/device
glxtest /sys/bus/pci/devices/0000:00:1d.0/class
glxtest /sys/bus/pci/devices/0000:05:00.0/vendor
glxtest /sys/bus/pci/devices/0000:05:00.0/device
glxtest /sys/bus/pci/devices/0000:05:00.0/class
glxtest /sys/bus/pci/devices/0000:00:1d.2/vendor
glxtest /sys/bus/pci/devices/0000:00:1d.2/device
glxtest /sys/bus/pci/devices/0000:00:1d.2/class
glxtest /sys/bus/pci/devices/0000:00:15.0/vendor
glxtest /sys/bus/pci/devices/0000:00:15.0/device
glxtest /sys/bus/pci/devices/0000:00:15.0/class
glxtest /sys/bus/pci/devices/0000:00:12.0/vendor
glxtest /sys/bus/pci/devices/0000:00:12.0/device
glxtest /sys/bus/pci/devices/0000:00:12.0/class
thunderbird /etc/thunderbird/defaults/pref
glxtest /sys/bus/pci/devices/0000:00:00.0/vendor
glxtest /sys/bus/pci/devices/0000:00:00.0/device
glxtest /sys/bus/pci/devices/0000:00:00.0/class
glxtest /sys/bus/pci/devices/0000:00:1f.3/vendor
glxtest /sys/bus/pci/devices/0000:00:1f.3/device
glxtest /sys/bus/pci/devices/0000:00:1f.3/class
glxtest /sys/bus/pci/devices/0000:00:1f.5/vendor
glxtest /sys/bus/pci/devices/0000:00:1f.5/device
glxtest /sys/bus/pci/devices/0000:00:1f.5/class
glxtest /sys/bus/pci/devices/0000:00:1b.0/vendor
glxtest /sys/bus/pci/devices/0000:00:1b.0/device
glxtest /sys/bus/pci/devices/0000:00:1b.0/class
glxtest /sys/bus/pci/devices/0000:01:00.0/vendor
glxtest /sys/bus/pci/devices/0000:01:00.0/device
glxtest /sys/bus/pci/devices/0000:01:00.0/class
glxtest /sys/bus/pci/devices/0000:00:16.0/vendor
glxtest /sys/bus/pci/devices/0000:00:16.0/device
glxtest /sys/bus/pci/devices/0000:00:16.0/class
glxtest /sys/bus/pci/devices/0000:00:1f.0/vendor
glxtest /sys/bus/pci/devices/0000:00:1f.0/device
glxtest /sys/bus/pci/devices/0000:00:1f.0/class
glxtest /sys/bus/pci/devices/0000:00:08.0/vendor
glxtest /sys/bus/pci/devices/0000:00:08.0/device
glxtest /sys/bus/pci/devices/0000:00:08.0/class
glxtest /sys/bus/pci/devices/0000:00:1c.0/vendor
glxtest /sys/bus/pci/devices/0000:00:1c.0/device
glxtest /sys/bus/pci/devices/0000:00:1c.0/class
glxtest /sys/bus/pci/devices/0000:00:17.0/vendor
glxtest /sys/bus/pci/devices/0000:00:17.0/device
glxtest /sys/bus/pci/devices/0000:00:17.0/class
glxtest /sys/bus/pci/devices/0000:03:00.0/vendor
glxtest /sys/bus/pci/devices/0000:03:00.0/device
glxtest /sys/bus/pci/devices/0000:03:00.0/class
Xvfb /proc/1168/cmdline
selkies /proc/stat
selkies /proc/meminfo
glxtest /etc/ld.so.cache
glxtest /lib/x86_64-linux-gnu/libEGL.so.1
glxtest /lib/x86_64-linux-gnu/libGLdispatch.so.0
glxtest /etc/glvnd/egl_vendor.d
glxtest /usr/share/glvnd/egl_vendor.d
glxtest /usr/share/glvnd/egl_vendor.d/50_mesa.json
glxtest /etc/ld.so.cache
glxtest /lib/x86_64-linux-gnu/libEGL_mesa.so.0
glxtest /lib/x86_64-linux-gnu/libgallium-25.2.8-0ubuntu0.24.04.1.so
glxtest /lib/x86_64-linux-gnu/libgbm.so.1
glxtest /lib/x86_64-linux-gnu/libxcb-randr.so.0
glxtest /lib/x86_64-linux-gnu/libxcb-xfixes.so.0
glxtest /lib/x86_64-linux-gnu/libdrm.so.2
glxtest /lib/x86_64-linux-gnu/libxcb-dri3.so.0
glxtest /lib/x86_64-linux-gnu/libxcb-present.so.0
glxtest /lib/x86_64-linux-gnu/libLLVM.so.20.1
glxtest /lib/x86_64-linux-gnu/libsensors.so.5
glxtest /lib/x86_64-linux-gnu/libxcb-sync.so.1
glxtest /lib/x86_64-linux-gnu/libxshmfence.so.1
glxtest /lib/x86_64-linux-gnu/libdrm_amdgpu.so.1
glxtest /lib/x86_64-linux-gnu/libelf.so.1
glxtest /lib/x86_64-linux-gnu/libdrm_intel.so.1
glxtest /lib/x86_64-linux-gnu/../lib/glibc-hwcaps/x86-64-v3/libedit.so.2
thunderbird /etc/gtk-3.0/settings.ini
glxtest /lib/x86_64-linux-gnu/../lib/glibc-hwcaps/x86-64-v2/libedit.so.2
glxtest /lib/x86_64-linux-gnu/../lib/libedit.so.2
glxtest /lib/x86_64-linux-gnu/libedit.so.2
thunderbird /usr/share/locale/en_US/LC_MESSAGES/glib20.mo
thunderbird /usr/share/locale/en/LC_MESSAGES/glib20.mo
thunderbird /usr/share/locale-langpack/en_US/LC_MESSAGES/glib20.mo
thunderbird /usr/share/locale-langpack/en/LC_MESSAGES/glib20.mo
glxtest /lib/x86_64-linux-gnu/libxml2.so.2
thunderbird /config/.config/gtk-3.0/settings.ini
glxtest /lib/x86_64-linux-gnu/libpciaccess.so.0
glxtest /lib/x86_64-linux-gnu/libtinfo.so.6
glxtest /lib/x86_64-linux-gnu/libicuuc.so.74
thunderbird /usr/lib/x86_64-linux-gnu/gio/modules
thunderbird /usr/lib/x86_64-linux-gnu/gio/modules/giomodule.cache
glxtest /lib/x86_64-linux-gnu/libicudata.so.74
thunderbird /config/.config/gtk-3.0/gtk.css
thunderbird /config/.config/gtk-3.0/colors.css
thunderbird /usr/lib/x86_64-linux-gnu/gdk-pixbuf-2.0/2.10.0/loaders.cache
glxtest /dev/dri
thunderbird /usr/lib/x86_64-linux-gnu/gtk-3.0/modules/libcolorreload-gtk-module.so
glxtest /usr/share/drirc.d
glxtest /usr/share/drirc.d/00-mesa-defaults.conf
glxtest /usr/share/drirc.d/00-radv-defaults.conf
thunderbird /usr/share/X11/locale/locale.alias
glxtest /etc/drirc
glxtest /config/.drirc
glxtest /sys/devices/system/cpu/possible
glxtest /sys/devices/system/cpu/cpu0/cpu_capacity
glxtest /sys/devices/system/cpu/cpu1/cpu_capacity
glxtest /sys/devices/system/cpu/cpu2/cpu_capacity
glxtest /sys/devices/system/cpu/cpu3/cpu_capacity
thunderbird /usr/share/X11/locale/locale.alias
glxtest /sys/devices/system/cpu/cpu4/cpu_capacity
glxtest /sys/devices/system/cpu/cpu5/cpu_capacity
glxtest /sys/devices/system/cpu/cpu6/cpu_capacity
glxtest /sys/devices/system/cpu/cpu7/cpu_capacity
thunderbird /usr/share/X11/locale/locale.dir
glxtest /sys/devices/system/cpu/cpu8/cpu_capacity
glxtest /sys/devices/system/cpu/cpu9/cpu_capacity
glxtest /sys/devices/system/cpu/cpu10/cpu_capacity
thunderbird /usr/share/X11/locale/en_US.UTF-8/XLC_LOCALE
glxtest /sys/devices/system/cpu/cpu11/cpu_capacity
glxtest /sys/devices/system/cpu/cpu12/cpu_capacity
glxtest /sys/devices/system/cpu/cpu13/cpu_capacity
thunderbird /config/.Xdefaults-ff323d2ace15
glxtest /sys/devices/system/cpu/cpu14/cpu_capacity
glxtest /sys/devices/system/cpu/cpu15/cpu_capacity
glxtest /dev/udmabuf
glxtest /usr/share/drirc.d
glxtest /usr/share/drirc.d/00-mesa-defaults.conf
glxtest /usr/share/drirc.d/00-radv-defaults.conf
glxtest /etc/drirc
glxtest /config/.drirc
glxtest /sys/devices/system/cpu/online
thunderbird /config/.icons/breeze_cursors/cursors/nw-resize
thunderbird /config/.icons/breeze_cursors/index.theme
thunderbird /usr/share/icons/breeze_cursors/cursors/nw-resize
thunderbird /config/.icons/breeze_cursors/cursors/n-resize
thunderbird /config/.icons/breeze_cursors/index.theme
thunderbird /usr/share/icons/breeze_cursors/cursors/n-resize
thunderbird /config/.icons/breeze_cursors/cursors/ne-resize
thunderbird /config/.icons/breeze_cursors/index.theme
thunderbird /usr/share/icons/breeze_cursors/cursors/ne-resize
thunderbird /config/.icons/breeze_cursors/cursors/w-resize
thunderbird /config/.icons/breeze_cursors/index.theme
thunderbird /usr/share/icons/breeze_cursors/cursors/w-resize
thunderbird /config/.icons/breeze_cursors/cursors/e-resize
thunderbird /config/.icons/breeze_cursors/index.theme
thunderbird /usr/share/icons/breeze_cursors/cursors/e-resize
thunderbird /config/.icons/breeze_cursors/cursors/sw-resize
thunderbird /config/.icons/breeze_cursors/index.theme
thunderbird /usr/share/icons/breeze_cursors/cursors/sw-resize
thunderbird /config/.icons/breeze_cursors/cursors/s-resize
thunderbird /config/.icons/breeze_cursors/index.theme
thunderbird /usr/share/icons/breeze_cursors/cursors/s-resize
thunderbird /config/.icons/breeze_cursors/cursors/se-resize
thunderbird /config/.icons/breeze_cursors/index.theme
thunderbird /usr/share/icons/breeze_cursors/cursors/se-resize
glxtest /config/.cache/mesa_shader_cache/index
glxtest /config/.cache/mesa_shader_cache/db/1eda42f2a767a2d7820a869487f528f852a0c3
glxtest /config/.cache/mesa_shader_cache/0c/2078390c4088c952a5aaf00c2698fc4cb3c2ae
glxtest /config/.cache/mesa_shader_cache/5e/44b0234ba7fee5aad30999f5c85fa1ab7d1e2b
glxtest /config/.cache/mesa_shader_cache/8a/05f419308844007d1e201ba19cfb5f3cd8ab27
thunderbird /etc/fonts/fonts.conf
thunderbird /etc/fonts/conf.d
thunderbird /usr/share/fontconfig/conf.avail/10-hinting-slight.conf
thunderbird /usr/share/fontconfig/conf.avail/10-scale-bitmap-fonts.conf
thunderbird /usr/share/fontconfig/conf.avail/10-sub-pixel-rgb.conf
thunderbird /usr/share/fontconfig/conf.avail/10-yes-antialias.conf
thunderbird /usr/share/fontconfig/conf.avail/11-lcdfilter-default.conf
thunderbird /usr/share/fontconfig/conf.avail/20-unhint-small-vera.conf
thunderbird /usr/share/fontconfig/conf.avail/30-metric-aliases.conf
thunderbird /usr/share/fontconfig/conf.avail/30-opensymbol.conf
thunderbird /usr/share/fontconfig/conf.avail/40-nonlatin.conf
thunderbird /usr/share/fontconfig/conf.avail/45-generic.conf
thunderbird /usr/share/fontconfig/conf.avail/45-latin.conf
glxtest /config/.cache/mesa_shader_cache/59/ec931cfacda6fd80434ecf9e3f29a17ea5760a
thunderbird /usr/share/fontconfig/conf.avail/48-spacing.conf
thunderbird /usr/share/fontconfig/conf.avail/49-sansserif.conf
thunderbird /usr/share/fontconfig/conf.avail/50-user.conf
thunderbird /usr/share/fontconfig/conf.avail/51-local.conf
thunderbird /etc/fonts/conf.avail/56-kubuntu-noto.conf
thunderbird /usr/share/fontconfig/conf.avail/60-generic.conf
thunderbird /usr/share/fontconfig/conf.avail/60-latin.conf
thunderbird /usr/share/fontconfig/conf.avail/urw-bookman.conf
thunderbird /usr/share/fontconfig/conf.avail/urw-c059.conf
thunderbird /usr/share/fontconfig/conf.avail/urw-d050000l.conf
thunderbird /usr/share/fontconfig/conf.avail/urw-fallback-backwards.conf
thunderbird /usr/share/fontconfig/conf.avail/urw-fallback-generics.conf
thunderbird /usr/share/fontconfig/conf.avail/urw-gothic.conf
thunderbird /usr/share/fontconfig/conf.avail/urw-nimbus-mono-ps.conf
thunderbird /usr/share/fontconfig/conf.avail/urw-nimbus-roman.conf
thunderbird /usr/share/fontconfig/conf.avail/urw-nimbus-sans.conf
thunderbird /usr/share/fontconfig/conf.avail/urw-p052.conf
thunderbird /usr/share/fontconfig/conf.avail/urw-standard-symbols-ps.conf
thunderbird /usr/share/fontconfig/conf.avail/urw-z003.conf
thunderbird /usr/share/fontconfig/conf.avail/65-fonts-persian.conf
thunderbird /usr/share/fontconfig/conf.avail/65-nonlatin.conf
thunderbird /usr/share/fontconfig/conf.avail/69-unifont.conf
thunderbird /usr/share/fontconfig/conf.avail/70-fonts-noto-cjk.conf
thunderbird /usr/share/fontconfig/conf.avail/70-no-bitmaps-except-emoji.conf
thunderbird /usr/share/fontconfig/conf.avail/71-ubuntulegacy.conf
thunderbird /usr/share/fontconfig/conf.avail/80-delicious.conf
thunderbird /usr/share/fontconfig/conf.avail/90-synthetic.conf
thunderbird /usr/share/fontconfig/conf.avail
thunderbird /usr/share/fontconfig/conf.avail/05-reset-dirs-sample.conf
thunderbird /usr/share/fontconfig/conf.avail/09-autohint-if-no-hinting.conf
thunderbird /usr/share/fontconfig/conf.avail/10-autohint.conf
thunderbird /usr/share/fontconfig/conf.avail/10-hinting-full.conf
thunderbird /usr/share/fontconfig/conf.avail/10-hinting-medium.conf
thunderbird /usr/share/fontconfig/conf.avail/10-hinting-none.conf
thunderbird /usr/share/fontconfig/conf.avail/10-no-antialias.conf
thunderbird /usr/share/fontconfig/conf.avail/10-sub-pixel-bgr.conf
thunderbird /usr/share/fontconfig/conf.avail/10-sub-pixel-none.conf
thunderbird /usr/share/fontconfig/conf.avail/10-sub-pixel-vbgr.conf
thunderbird /usr/share/fontconfig/conf.avail/10-sub-pixel-vrgb.conf
thunderbird /usr/share/fontconfig/conf.avail/10-unhinted.conf
thunderbird /usr/share/fontconfig/conf.avail/11-lcdfilter-legacy.conf
thunderbird /usr/share/fontconfig/conf.avail/11-lcdfilter-light.conf
thunderbird /usr/share/fontconfig/conf.avail/11-lcdfilter-none.conf
thunderbird /usr/share/fontconfig/conf.avail/25-unhint-nonlatin.conf
thunderbird /usr/share/fontconfig/conf.avail/35-lang-normalize.conf
thunderbird /usr/share/fontconfig/conf.avail/53-monospace-lcd-filter.conf
thunderbird /usr/share/fontconfig/conf.avail/65-khmer.conf
thunderbird /usr/share/fontconfig/conf.avail/70-force-bitmaps.conf
thunderbird /usr/share/fontconfig/conf.avail/70-no-bitmaps-and-emoji.conf
thunderbird /usr/share/fontconfig/conf.avail/70-no-bitmaps.conf
thunderbird /usr/share/fontconfig/conf.avail/70-yes-bitmaps.conf
thunderbird /usr/local/share/fonts
thunderbird /var/cache/fontconfig//4c599c202bc5c08e2d34565a40eac3b2-le64.cache-9
thunderbird /config/.cache/fontconfig//4c599c202bc5c08e2d34565a40eac3b2-le64.cache-9
thunderbird /usr/local/share/fonts/.uuid
thunderbird /config/.fontconfig//4c599c202bc5c08e2d34565a40eac3b2-le64.cache-9
thunderbird /usr/local/share/fonts/.uuid
thunderbird /usr/share/fonts
thunderbird /var/cache/fontconfig//3830d5c3ddfd5cd38a049b759396e72e-le64.cache-9
thunderbird /config/.cache/fontconfig//3830d5c3ddfd5cd38a049b759396e72e-le64.cache-9
thunderbird /usr/share/fonts/.uuid
thunderbird /config/.fontconfig//3830d5c3ddfd5cd38a049b759396e72e-le64.cache-9
thunderbird /usr/share/fonts/.uuid
thunderbird /usr/share/fonts/X11
thunderbird /var/cache/fontconfig//c855463f699352c367813e37f3f70ea7-le64.cache-9
thunderbird /config/.cache/fontconfig//c855463f699352c367813e37f3f70ea7-le64.cache-9
thunderbird /usr/share/fonts/X11/.uuid
thunderbird /config/.fontconfig//c855463f699352c367813e37f3f70ea7-le64.cache-9
thunderbird /usr/share/fonts/X11/.uuid
thunderbird /usr/share/fonts/cMap
thunderbird /var/cache/fontconfig//32b6488e5b8292a2e95c79d947e009e8-le64.cache-9
thunderbird /config/.cache/fontconfig//32b6488e5b8292a2e95c79d947e009e8-le64.cache-9
thunderbird /usr/share/fonts/cMap/.uuid
thunderbird /config/.fontconfig//32b6488e5b8292a2e95c79d947e009e8-le64.cache-9
thunderbird /usr/share/fonts/cMap/.uuid
thunderbird /usr/share/fonts/cmap
thunderbird /var/cache/fontconfig//57e423e26b20ab21d0f2f29c145174c3-le64.cache-9
thunderbird /config/.cache/fontconfig//57e423e26b20ab21d0f2f29c145174c3-le64.cache-9
thunderbird /usr/share/fonts/cmap/.uuid
thunderbird /config/.fontconfig//57e423e26b20ab21d0f2f29c145174c3-le64.cache-9
thunderbird /usr/share/fonts/cmap/.uuid
thunderbird /usr/share/fonts/opentype
thunderbird /var/cache/fontconfig//573ec803664ed168555e0e8b6d0f0c7f-le64.cache-9
thunderbird /config/.cache/fontconfig//573ec803664ed168555e0e8b6d0f0c7f-le64.cache-9
thunderbird /usr/share/fonts/opentype/.uuid
thunderbird /config/.fontconfig//573ec803664ed168555e0e8b6d0f0c7f-le64.cache-9
thunderbird /usr/share/fonts/opentype/.uuid
thunderbird /usr/share/fonts/truetype
thunderbird /var/cache/fontconfig//7ef2298fde41cc6eeb7af42e48b7d293-le64.cache-9
thunderbird /config/.cache/fontconfig//7ef2298fde41cc6eeb7af42e48b7d293-le64.cache-9
thunderbird /usr/share/fonts/truetype/.uuid
thunderbird /config/.fontconfig//7ef2298fde41cc6eeb7af42e48b7d293-le64.cache-9
thunderbird /usr/share/fonts/truetype/.uuid
thunderbird /usr/share/fonts/type1
thunderbird /var/cache/fontconfig//d82eb4fd963d448e2fcb7d7b793b5df3-le64.cache-9
thunderbird /config/.cache/fontconfig//d82eb4fd963d448e2fcb7d7b793b5df3-le64.cache-9
thunderbird /usr/share/fonts/type1/.uuid
thunderbird /config/.fontconfig//d82eb4fd963d448e2fcb7d7b793b5df3-le64.cache-9
thunderbird /usr/share/fonts/type1/.uuid
thunderbird /usr/share/fonts/X11/Type1
thunderbird /var/cache/fontconfig//e13b20fdb08344e0e664864cc2ede53d-le64.cache-9
thunderbird /config/.cache/fontconfig//e13b20fdb08344e0e664864cc2ede53d-le64.cache-9
thunderbird /usr/share/fonts/X11/Type1/.uuid
thunderbird /config/.fontconfig//e13b20fdb08344e0e664864cc2ede53d-le64.cache-9
thunderbird /usr/share/fonts/X11/Type1/.uuid
thunderbird /usr/share/fonts/X11/encodings
thunderbird /var/cache/fontconfig//707971e003b4ae6c8121c3a920e507f5-le64.cache-9
thunderbird /config/.cache/fontconfig//707971e003b4ae6c8121c3a920e507f5-le64.cache-9
thunderbird /usr/share/fonts/X11/encodings/.uuid
thunderbird /config/.fontconfig//707971e003b4ae6c8121c3a920e507f5-le64.cache-9
thunderbird /usr/share/fonts/X11/encodings/.uuid
thunderbird /usr/share/fonts/X11/misc
thunderbird /var/cache/fontconfig//cabbd14511b9e8a55e92af97fb3a0461-le64.cache-9
thunderbird /config/.cache/fontconfig//cabbd14511b9e8a55e92af97fb3a0461-le64.cache-9
thunderbird /usr/share/fonts/X11/misc/.uuid
thunderbird /config/.fontconfig//cabbd14511b9e8a55e92af97fb3a0461-le64.cache-9
thunderbird /usr/share/fonts/X11/misc/.uuid
thunderbird /usr/share/fonts/X11/util
thunderbird /var/cache/fontconfig//fe547fea3a41b43a38975d292a2b19c7-le64.cache-9
thunderbird /config/.cache/fontconfig//fe547fea3a41b43a38975d292a2b19c7-le64.cache-9
thunderbird /usr/share/fonts/X11/util/.uuid
thunderbird /config/.fontconfig//fe547fea3a41b43a38975d292a2b19c7-le64.cache-9
thunderbird /usr/share/fonts/X11/util/.uuid
thunderbird /usr/share/fonts/cmap/adobe-cns1
thunderbird /var/cache/fontconfig//f1f2465696798768e9653f19e17ccdc8-le64.cache-9
thunderbird /config/.cache/fontconfig//f1f2465696798768e9653f19e17ccdc8-le64.cache-9
thunderbird /usr/share/fonts/cmap/adobe-cns1/.uuid
thunderbird /config/.fontconfig//f1f2465696798768e9653f19e17ccdc8-le64.cache-9
thunderbird /usr/share/fonts/cmap/adobe-cns1/.uuid
thunderbird /usr/share/fonts/cmap/adobe-gb1
thunderbird /var/cache/fontconfig//95530828ff6c81d309f8258d8d02a23e-le64.cache-9
thunderbird /config/.cache/fontconfig//95530828ff6c81d309f8258d8d02a23e-le64.cache-9
thunderbird /usr/share/fonts/cmap/adobe-gb1/.uuid
thunderbird /config/.fontconfig//95530828ff6c81d309f8258d8d02a23e-le64.cache-9
thunderbird /usr/share/fonts/cmap/adobe-gb1/.uuid
thunderbird /usr/share/fonts/cmap/adobe-japan1
thunderbird /var/cache/fontconfig//d3e5c4ee2ceb1fc347f91d4cefc53bc0-le64.cache-9
thunderbird /config/.cache/fontconfig//d3e5c4ee2ceb1fc347f91d4cefc53bc0-le64.cache-9
thunderbird /usr/share/fonts/cmap/adobe-japan1/.uuid
thunderbird /config/.fontconfig//d3e5c4ee2ceb1fc347f91d4cefc53bc0-le64.cache-9
thunderbird /usr/share/fonts/cmap/adobe-japan1/.uuid
thunderbird /usr/share/fonts/cmap/adobe-japan2
thunderbird /var/cache/fontconfig//e52a45a1c8c8fe895fc0fc8c4e6999b8-le64.cache-9
thunderbird /config/.cache/fontconfig//e52a45a1c8c8fe895fc0fc8c4e6999b8-le64.cache-9
thunderbird /usr/share/fonts/cmap/adobe-japan2/.uuid
thunderbird /config/.fontconfig//e52a45a1c8c8fe895fc0fc8c4e6999b8-le64.cache-9
thunderbird /usr/share/fonts/cmap/adobe-japan2/.uuid
thunderbird /usr/share/fonts/cmap/adobe-korea1
thunderbird /var/cache/fontconfig//188ac73a183f12857f63bb60a4a6d603-le64.cache-9
thunderbird /config/.cache/fontconfig//188ac73a183f12857f63bb60a4a6d603-le64.cache-9
thunderbird /usr/share/fonts/cmap/adobe-korea1/.uuid
thunderbird /config/.fontconfig//188ac73a183f12857f63bb60a4a6d603-le64.cache-9
thunderbird /usr/share/fonts/cmap/adobe-korea1/.uuid
thunderbird /usr/share/fonts/opentype/noto
thunderbird /var/cache/fontconfig//9b89f8e3dae116d678bbf48e5f21f69b-le64.cache-9
thunderbird /config/.cache/fontconfig//9b89f8e3dae116d678bbf48e5f21f69b-le64.cache-9
thunderbird /usr/share/fonts/opentype/noto/.uuid
thunderbird /config/.fontconfig//9b89f8e3dae116d678bbf48e5f21f69b-le64.cache-9
thunderbird /usr/share/fonts/opentype/noto/.uuid
thunderbird /usr/share/fonts/opentype/urw-base35
thunderbird /var/cache/fontconfig//6cc790b63b123a6a96ee260fcdad32a9-le64.cache-9
thunderbird /config/.cache/fontconfig//6cc790b63b123a6a96ee260fcdad32a9-le64.cache-9
thunderbird /usr/share/fonts/opentype/urw-base35/.uuid
thunderbird /config/.fontconfig//6cc790b63b123a6a96ee260fcdad32a9-le64.cache-9
thunderbird /usr/share/fonts/opentype/urw-base35/.uuid
thunderbird /usr/share/fonts/truetype/dm-mono
thunderbird /var/cache/fontconfig//c7ddd67d65d940f1c07452067469d45b-le64.cache-9
thunderbird /config/.cache/fontconfig//c7ddd67d65d940f1c07452067469d45b-le64.cache-9
thunderbird /usr/share/fonts/truetype/dm-mono/.uuid
thunderbird /config/.fontconfig//c7ddd67d65d940f1c07452067469d45b-le64.cache-9
thunderbird /usr/share/fonts/truetype/dm-mono/.uuid
thunderbird /usr/share/fonts/truetype/liberation
thunderbird /var/cache/fontconfig//3047814df9a2f067bd2d96a2b9c36e5a-le64.cache-9
thunderbird /config/.cache/fontconfig//3047814df9a2f067bd2d96a2b9c36e5a-le64.cache-9
thunderbird /usr/share/fonts/truetype/liberation/.uuid
thunderbird /config/.fontconfig//3047814df9a2f067bd2d96a2b9c36e5a-le64.cache-9
thunderbird /usr/share/fonts/truetype/liberation/.uuid
thunderbird /usr/share/fonts/truetype/libreoffice
thunderbird /var/cache/fontconfig//da43223dd54fb3bb4243ae19d4b583b2-le64.cache-9
thunderbird /config/.cache/fontconfig//da43223dd54fb3bb4243ae19d4b583b2-le64.cache-9
thunderbird /usr/share/fonts/truetype/libreoffice/.uuid
thunderbird /config/.fontconfig//da43223dd54fb3bb4243ae19d4b583b2-le64.cache-9
thunderbird /usr/share/fonts/truetype/libreoffice/.uuid
thunderbird /usr/share/fonts/truetype/noto
thunderbird /var/cache/fontconfig//0bd3dc0958fa2205aaaa8ebb13e2872b-le64.cache-9
thunderbird /config/.cache/fontconfig//0bd3dc0958fa2205aaaa8ebb13e2872b-le64.cache-9
thunderbird /usr/share/fonts/truetype/noto/.uuid
thunderbird /config/.fontconfig//0bd3dc0958fa2205aaaa8ebb13e2872b-le64.cache-9
thunderbird /usr/share/fonts/truetype/noto/.uuid
thunderbird /usr/share/fonts/truetype/space-grotesk
thunderbird /var/cache/fontconfig//60495f9738a6f38c2f3f93e3ff28e478-le64.cache-9
thunderbird /config/.cache/fontconfig//60495f9738a6f38c2f3f93e3ff28e478-le64.cache-9
thunderbird /usr/share/fonts/truetype/space-grotesk/.uuid
thunderbird /config/.fontconfig//60495f9738a6f38c2f3f93e3ff28e478-le64.cache-9
thunderbird /usr/share/fonts/truetype/space-grotesk/.uuid
thunderbird /usr/share/fonts/truetype/ubuntu
thunderbird /var/cache/fontconfig//2300eef321c393bfd76478a5c0e95b23-le64.cache-9
thunderbird /config/.cache/fontconfig//2300eef321c393bfd76478a5c0e95b23-le64.cache-9
thunderbird /usr/share/fonts/truetype/ubuntu/.uuid
thunderbird /config/.fontconfig//2300eef321c393bfd76478a5c0e95b23-le64.cache-9
thunderbird /usr/share/fonts/truetype/ubuntu/.uuid
thunderbird /usr/share/fonts/type1/urw-base35
thunderbird /var/cache/fontconfig//a4e60e8d1e10d2fdff3fe3037a1845fb-le64.cache-9
thunderbird /config/.cache/fontconfig//a4e60e8d1e10d2fdff3fe3037a1845fb-le64.cache-9
thunderbird /usr/share/fonts/type1/urw-base35/.uuid
thunderbird /config/.fontconfig//a4e60e8d1e10d2fdff3fe3037a1845fb-le64.cache-9
thunderbird /usr/share/fonts/type1/urw-base35/.uuid
thunderbird /usr/share/fonts/X11/encodings/large
thunderbird /var/cache/fontconfig//6333f38776742d18e214673cd2c24e34-le64.cache-9
thunderbird /config/.cache/fontconfig//6333f38776742d18e214673cd2c24e34-le64.cache-9
thunderbird /usr/share/fonts/X11/encodings/large/.uuid
thunderbird /config/.fontconfig//6333f38776742d18e214673cd2c24e34-le64.cache-9
thunderbird /usr/share/fonts/X11/encodings/large/.uuid
thunderbird /usr/share/fonts/truetype/noto/NotoSans-Regular.ttf
thunderbird /usr/share/fonts/truetype/noto/NotoSans-Regular.ttf
thunderbird /usr/share/fonts/truetype/noto/NotoSansMono-Regular.ttf
thunderbird /dev/urandom
thunderbird /usr/lib/x86_64-linux-gnu/gtk-3.0/3.0.0/immodules.cache
xclip /etc/ld.so.cache
xclip /lib/x86_64-linux-gnu/libXmu.so.6
xclip /lib/x86_64-linux-gnu/libX11.so.6
xclip /lib/x86_64-linux-gnu/libc.so.6
xclip /lib/x86_64-linux-gnu/libXt.so.6
xclip /lib/x86_64-linux-gnu/libXext.so.6
xclip /lib/x86_64-linux-gnu/libxcb.so.1
xclip /lib/x86_64-linux-gnu/libSM.so.6
xclip /lib/x86_64-linux-gnu/libICE.so.6
xclip /lib/x86_64-linux-gnu/libXau.so.6
xclip /lib/x86_64-linux-gnu/libXdmcp.so.6
xclip /lib/x86_64-linux-gnu/libuuid.so.1
xclip /lib/x86_64-linux-gnu/libbsd.so.0
xclip /lib/x86_64-linux-gnu/libmd.so.0
xclip /usr/share/X11/locale/locale.alias
xclip /usr/share/X11/locale/locale.dir
xclip /usr/share/X11/locale/C/XLC_LOCALE
xclip /usr/share/X11/locale/locale.alias
xclip /usr/share/X11/locale/locale.dir
xclip /usr/share/X11/locale/C/XLC_LOCALE
Xvfb /proc/1228/cmdline
thunderbird /proc/1135/oom_score_adj
thunderbird /proc/self/cgroup
thunderbird /proc/self/mountinfo
thunderbird /sys/fs/cgroup/cpu.max
thunderbird /config/.cache/thunderbird/3g11fcde.default-release/startupCache/startupCache.8.little
dbus-daemon /run/systemd/users/911
dbus-daemon /proc/1135/cmdline
thunderbird /config/.thunderbird/3g11fcde.default-release/prefs.js
thunderbird /config/.thunderbird/3g11fcde.default-release/user.js
thunderbird /etc/os-release
thunderbird /sys/devices/system/cpu/present
thunderbird /proc/self/fd/33
thunderbird /proc/self/fd/33
thunderbird /config/.config/user-dirs.dirs
Cache2 I/O /config/.cache/thunderbird/3g11fcde.default-release/cache2
Cookie /config/.thunderbird/3g11fcde.default-release/cookies.sqlite
Cache2 I/O /proc/self/mountinfo
Cookie /config/.thunderbird/3g11fcde.default-release/cookies.sqlite
Cookie /config/.thunderbird/3g11fcde.default-release/cookies.sqlite-journal
Cookie /dev/urandom
thunderbird /usr/lib/thunderbird/distribution/policies.json
thunderbird /usr/lib/thunderbird/libsoftokn3.so
Cookie /config/.thunderbird/3g11fcde.default-release
thunderbird /config/.thunderbird/3g11fcde.default-release/pkcs11.txt
thunderbird /config/.thunderbird/3g11fcde.default-release/pkcs11.txt
thunderbird /config/.thunderbird/3g11fcde.default-release/pkcs11.txt
thunderbird /usr/lib/thunderbird/libfreeblpriv3.so
thunderbird /config/.thunderbird/3g11fcde.default-release/cert9.db
thunderbird /config/.thunderbird/3g11fcde.default-release/cert9.db-journal
Cookie /config/.thunderbird/3g11fcde.default-release/cookies.sqlite-journal
Cookie /config/.thunderbird/3g11fcde.default-release
thunderbird /config/.thunderbird/3g11fcde.default-release
thunderbird /config/.thunderbird/3g11fcde.default-release/key4.db
thunderbird /config/.thunderbird/3g11fcde.default-release/key4.db-journal
thunderbird /config/.thunderbird/3g11fcde.default-release
thunderbird /config/.thunderbird/3g11fcde.default-release/key4.db
thunderbird /config/.thunderbird/3g11fcde.default-release/key4.db-journal
thunderbird /config/.thunderbird/3g11fcde.default-release
thunderbird /config/.thunderbird/3g11fcde.default-release/cert_override.txt
Backgro~Pool #1 /config/.thunderbird/3g11fcde.default-release/security_state
StreamTrans #1 /usr/lib/thunderbird/libnssckbi.so
thunderbird /proc/self/fd/35
thunderbird /config/.thunderbird/3g11fcde.default-release/addonStartup.json.lz4
thunderbird /config/.thunderbird/3g11fcde.default-release/extensions
thunderbird /config/.thunderbird/3g11fcde.default-release/system-extensions
thunderbird /config/.mozilla/extensions/{3550f703-e582-4d05-9a08-453d09bdfdc6}
thunderbird /usr/lib/thunderbird/extensions
thunderbird /usr/share/mozilla/extensions/{3550f703-e582-4d05-9a08-453d09bdfdc6}
thunderbird /usr/lib/mozilla/extensions/{3550f703-e582-4d05-9a08-453d09bdfdc6}
thunderbird /usr/lib/thunderbird/distribution/extensions
thunderbird /usr/lib/thunderbird/distribution/extensions
thunderbird /sys/devices/system/cpu/present
BgIOThr~Pool #2 /config/.thunderbird/3g11fcde.default-release/sessionCheckpoints.json
QuotaManager IO /config/.thunderbird/3g11fcde.default-release/storage.sqlite
QuotaManager IO /config/.thunderbird/3g11fcde.default-release/storage.sqlite-journal
QuotaManager IO /config/.thunderbird/3g11fcde.default-release
QuotaManager IO /config/.thunderbird/3g11fcde.default-release
QuotaManager IO /config/.thunderbird/3g11fcde.default-release/storage/ls-archive.sqlite
QuotaManager IO /config/.thunderbird/3g11fcde.default-release/storage/ls-archive.sqlite-journal
QuotaManager IO /config/.thunderbird/3g11fcde.default-release/storage
thunderbird /sys/devices/virtual/dmi/id/product_name
thunderbird /sys/devices/virtual/dmi/id/product_sku
thunderbird /etc/ld.so.cache
thunderbird /lib/x86_64-linux-gnu/libpulse.so.0
thunderbird /usr/lib/x86_64-linux-gnu/pulseaudio/glibc-hwcaps/x86-64-v3/libpulsecommon-16.1.so
thunderbird /usr/lib/x86_64-linux-gnu/pulseaudio/glibc-hwcaps/x86-64-v2/libpulsecommon-16.1.so
thunderbird /usr/lib/x86_64-linux-gnu/pulseaudio/libpulsecommon-16.1.so
thunderbird /lib/x86_64-linux-gnu/libsndfile.so.1
thunderbird /lib/x86_64-linux-gnu/libasyncns.so.0
thunderbird /lib/x86_64-linux-gnu/libapparmor.so.1
thunderbird /lib/x86_64-linux-gnu/libFLAC.so.12
thunderbird /lib/x86_64-linux-gnu/libvorbis.so.0
thunderbird /lib/x86_64-linux-gnu/libvorbisenc.so.2
thunderbird /lib/x86_64-linux-gnu/libopus.so.0
thunderbird /lib/x86_64-linux-gnu/libogg.so.0
thunderbird /lib/x86_64-linux-gnu/libmpg123.so.0
thunderbird /lib/x86_64-linux-gnu/libmp3lame.so.0
QuotaManager IO /config/.thunderbird/3g11fcde.default-release/storage/ls-archive.sqlite
QuotaManager IO /config/.thunderbird/3g11fcde.default-release/storage/ls-archive.sqlite-journal
thunderbird /etc/os-release
QuotaManager IO /config/.thunderbird/3g11fcde.default-release/storage
thunderbird /etc/ld.so.cache
thunderbird /lib/x86_64-linux-gnu/libgbm.so.1
QuotaManager IO /config/.thunderbird/3g11fcde.default-release/storage/ls-archive.sqlite-journal
QuotaManager IO /config/.thunderbird/3g11fcde.default-release/storage
QuotaManager IO /config/.thunderbird/3g11fcde.default-release/storage/ls-archive.sqlite-journal
QuotaManager IO /config/.thunderbird/3g11fcde.default-release/storage
thunderbird /proc/self/fd/41
thunderbird /usr/lib/thunderbird/fonts
thunderbird /var/cache/fontconfig//2e755eb509a594ba7adde982574983b5-le64.cache-9
thunderbird /usr/lib/thunderbird/fonts/.uuid
thunderbird /config/.cache/fontconfig//2e755eb509a594ba7adde982574983b5-le64.cache-9
thunderbird /usr/lib/thunderbird/fonts/.uuid
thunderbird /config/.fontconfig//2e755eb509a594ba7adde982574983b5-le64.cache-9
thunderbird /usr/lib/thunderbird/fonts/.uuid
thunderbird /usr/lib/thunderbird/fonts
thunderbird /var/cache/fontconfig//2e755eb509a594ba7adde982574983b5-le64.cache-9
thunderbird /config/.cache/fontconfig//2e755eb509a594ba7adde982574983b5-le64.cache-9
thunderbird /config/.fontconfig//2e755eb509a594ba7adde982574983b5-le64.cache-9
thunderbird /usr/lib/thunderbird/fonts
thunderbird /usr/lib/thunderbird/fonts/TwemojiMozilla.ttf
thunderbird /usr/lib/thunderbird/fonts/TwemojiMozilla.ttf
thunderbird /usr/lib/thunderbird/fonts/TwemojiMozilla.ttf
QuotaManager IO /config/.thunderbird/3g11fcde.default-release/storage.sqlite-journal
thunderbird /config/.cache/fontconfig/CACHEDIR.TAG.TMP-BHqHTW
thunderbird /config/.cache/fontconfig/CACHEDIR.TAG.NEW
thunderbird /config/.cache/fontconfig//2e755eb509a594ba7adde982574983b5-le64.cache-9.TMP-Du04u3
thunderbird /config/.cache/fontconfig//2e755eb509a594ba7adde982574983b5-le64.cache-9.NEW
thunderbird /etc/os-release
QuotaManager IO /config/.thunderbird/3g11fcde.default-release
QuotaManager IO /config/.thunderbird/3g11fcde.default-release
QuotaManager IO /config/.thunderbird/3g11fcde.default-release/storage.sqlite-journal
QuotaManager IO /config/.thunderbird/3g11fcde.default-release
QuotaManager IO /config/.thunderbird/3g11fcde.default-release
QuotaManager IO /config/.thunderbird/3g11fcde.default-release/storage/permanent/chrome/.metadata-v2-tmp
QuotaManager IO /config/.thunderbird/3g11fcde.default-release/storage/permanent/chrome
QuotaManager IO /config/.thunderbird/3g11fcde.default-release/storage/permanent/chrome/idb/3870112724rsegmnoittet-es.sqlite
QuotaManager IO /proc/self/mountinfo
QuotaManager IO /config/.thunderbird/3g11fcde.default-release/storage/permanent/chrome/idb/3870112724rsegmnoittet-es.sqlite-journal
QuotaManager IO /config/.thunderbird/3g11fcde.default-release/storage/permanent/chrome/idb
QuotaManager IO /config/.thunderbird/3g11fcde.default-release/storage/permanent/chrome/idb/3870112724rsegmnoittet-es.sqlite-journal
QuotaManager IO /config/.thunderbird/3g11fcde.default-release/storage/permanent/chrome/idb
QuotaManager IO /config/.thunderbird/3g11fcde.default-release/storage/permanent/chrome/idb/3870112724rsegmnoittet-es.sqlite-wal
QuotaManager IO /config/.thunderbird/3g11fcde.default-release/storage/permanent/chrome/idb
thunderbird /sys/devices/system/cpu/present
BgIOThr~Pool #2 /config/.thunderbird/3g11fcde.default-release/times.json
IndexedDB IO #1 /config/.thunderbird/3g11fcde.default-release/storage/permanent/chrome/idb/3870112724rsegmnoittet-es.sqlite
IndexedDB IO #1 /config/.thunderbird/3g11fcde.default-release/storage/permanent/chrome/idb/3870112724rsegmnoittet-es.sqlite-wal
IndexedDB IO #1 /proc/self/mountinfo
thunderbird /etc/localtime
BgIOThr~Pool #2 /config/.thunderbird/3g11fcde.default-release/sessionCheckpoints.json.tmp
Permission /config/.thunderbird/3g11fcde.default-release/permissions.sqlite
Permission /config/.thunderbird/3g11fcde.default-release/permissions.sqlite-journal
Permission /config/.thunderbird/3g11fcde.default-release
Permission /config/.thunderbird/3g11fcde.default-release/permissions.sqlite-journal
Permission /config/.thunderbird/3g11fcde.default-release
Permission /config/.thunderbird/3g11fcde.default-release/permissions.sqlite-journal
Permission /config/.thunderbird/3g11fcde.default-release
thunderbird /proc/self/fd/41
thunderbird /usr/share/icons/breeze/index.theme
thunderbird /usr/share/locale/locale.alias
thunderbird /usr/share/icons/breeze/icon-theme.cache
thunderbird /usr/share/icons/breeze/icon-theme.cache
thunderbird /usr/share/icons/hicolor/index.theme
thunderbird /usr/share/icons/hicolor/icon-theme.cache
thunderbird /usr/share/icons/hicolor/icon-theme.cache
thunderbird /usr/share/icons/Adwaita/index.theme
thunderbird /usr/share/icons/Adwaita/icon-theme.cache
thunderbird /usr/share/icons/Adwaita/icon-theme.cache
thunderbird /usr/share/icons/icon-theme.cache
thunderbird /usr/share/icons
thunderbird /usr/share/pixmaps/icon-theme.cache
thunderbird /usr/share/pixmaps
thunderbird /usr/share/icons/hicolor/32x32/apps/thunderbird.png
thunderbird /config/.local/share/mime//aliases
thunderbird /config/.local/share/mime//subclasses
thunderbird /config/.local/share/mime//icons
thunderbird /config/.local/share/mime//generic-icons
thunderbird /usr/local/share//mime//aliases
thunderbird /usr/local/share//mime//subclasses
thunderbird /usr/local/share//mime//icons
thunderbird /usr/local/share//mime//generic-icons
thunderbird /usr/share//mime//mime.cache
thunderbird /usr/share/locale/en_US/LC_MESSAGES/gdk-pixbuf.mo
thunderbird /usr/share/locale/en/LC_MESSAGES/gdk-pixbuf.mo
thunderbird /usr/share/locale-langpack/en_US/LC_MESSAGES/gdk-pixbuf.mo
thunderbird /usr/share/locale-langpack/en/LC_MESSAGES/gdk-pixbuf.mo
thunderbird /usr/share/icons/hicolor/64x64/apps/thunderbird.png
thunderbird /usr/share/icons/hicolor/128x128/apps/thunderbird.png
thunderbird /usr/share/icons/hicolor/24x24/apps/thunderbird.png
thunderbird /usr/share/icons/hicolor/16x16/apps/thunderbird.png
xclip /etc/ld.so.cache
xclip /lib/x86_64-linux-gnu/libXmu.so.6
xclip /lib/x86_64-linux-gnu/libX11.so.6
thunderbird /usr/share/icons/hicolor/22x22/apps/thunderbird.png
xclip /lib/x86_64-linux-gnu/libc.so.6
xclip /lib/x86_64-linux-gnu/libXt.so.6
xclip /lib/x86_64-linux-gnu/libXext.so.6
thunderbird /usr/share/icons/hicolor/48x48/apps/thunderbird.png
xclip /lib/x86_64-linux-gnu/libxcb.so.1
xclip /lib/x86_64-linux-gnu/libSM.so.6
thunderbird /usr/share/icons/hicolor/256x256/apps/thunderbird.png
xclip /lib/x86_64-linux-gnu/libICE.so.6
xclip /lib/x86_64-linux-gnu/libXau.so.6
xclip /lib/x86_64-linux-gnu/libXdmcp.so.6
xclip /lib/x86_64-linux-gnu/libuuid.so.1
xclip /lib/x86_64-linux-gnu/libbsd.so.0
xclip /lib/x86_64-linux-gnu/libmd.so.0
xclip /usr/share/X11/locale/locale.alias
xclip /usr/share/X11/locale/locale.dir
xclip /usr/share/X11/locale/C/XLC_LOCALE
xclip /usr/share/X11/locale/locale.alias
xclip /usr/share/X11/locale/locale.dir
xclip /usr/share/X11/locale/C/XLC_LOCALE
Xvfb /proc/1306/cmdline
thunderbird /proc/self/fd/41
dbus-daemon /config/.XDG/dbus-1/services
dbus-daemon /config/.local/share/dbus-1/services
dbus-daemon /usr/local/share/dbus-1/services
dbus-daemon /usr/share/dbus-1/services
dbus-daemon /usr/share/dbus-1/services/org.kde.plasma.Notifications.service
dbus-daemon /config/.XDG/dbus-1/services
dbus-daemon /config/.local/share/dbus-1/services
dbus-daemon /usr/local/share/dbus-1/services
dbus-daemon /usr/share/dbus-1/services
dbus-daemon /usr/share/dbus-1/services/org.kde.plasma.Notifications.service
dbus-daemon /config/.XDG/dbus-1/services
dbus-daemon /config/.local/share/dbus-1/services
dbus-daemon /usr/local/share/dbus-1/services
dbus-daemon /usr/share/dbus-1/services
dbus-daemon /usr/share/dbus-1/services/org.kde.plasma.Notifications.service
dbus-daemon /proc/self/oom_score_adj
dbus-daemon /config/.XDG/dbus-1/services
dbus-daemon /config/.local/share/dbus-1/services
dbus-daemon /usr/local/share/dbus-1/services
dbus-daemon /usr/share/dbus-1/services
dbus-daemon /proc/self/oom_score_adj
dbus-daemon /usr/share/dbus-1/services/org.kde.plasma.Notifications.service
thunderbird /config/.thunderbird/3g11fcde.default-release/cookies.sqlite
thunderbird /proc/self/mountinfo
thunderbird /config/.thunderbird/3g11fcde.default-release/cookies.sqlite-journal
BgIOThr~Pool #2 /config/.thunderbird/3g11fcde.default-release/times.json
IndexedDB IO #1 /config/.thunderbird/3g11fcde.default-release/storage/permanent/chrome/idb
BgIOThr~Pool #2 /config/.cache/thunderbird/3g11fcde.default-release/startupCache/webext.sc.lz4
thunderbird /config/.mime.types
thunderbird /config/.config/kde-mimeapps.list
thunderbird /config/.config/mimeapps.list
thunderbird /config/.config/kdedefaults/kde-mimeapps.list
thunderbird /config/.config/kdedefaults/mimeapps.list
thunderbird /etc/xdg/kde-mimeapps.list
thunderbird /etc/xdg/mimeapps.list
thunderbird /usr/share/kubuntu-default-settings/kf5-settings/kde-mimeapps.list
thunderbird /usr/share/kubuntu-default-settings/kf5-settings/mimeapps.list
thunderbird /config/.local/share/applications
thunderbird /config/.local/share/applications/kde-mimeapps.list
thunderbird /config/.local/share/applications/mimeapps.list
thunderbird /config/.local/share/applications/defaults.list
thunderbird /config/.local/share/applications/mimeinfo.cache
thunderbird /usr/local/share/applications
thunderbird /usr/local/share/applications/kde-mimeapps.list
thunderbird /usr/local/share/applications/mimeapps.list
thunderbird /usr/local/share/applications/defaults.list
thunderbird /usr/local/share/applications/mimeinfo.cache
thunderbird /usr/share/applications
thunderbird /usr/share/applications/kde-mimeapps.list
thunderbird /usr/share/applications/mimeapps.list
thunderbird /usr/share/applications/defaults.list
thunderbird /usr/share/applications/mimeinfo.cache
thunderbird /etc/mime.types
thunderbird /config/.mailcap
thunderbird /etc/mailcap
thunderbird /config/.mailcap
thunderbird /etc/mailcap
thunderbird /config/.mime.types
thunderbird /etc/mime.types
thunderbird /config/.mailcap
thunderbird /etc/mailcap
thunderbird /config/.mailcap
thunderbird /etc/mailcap
thunderbird /config/.mime.types
thunderbird /etc/mime.types
thunderbird /config/.mailcap
thunderbird /etc/mailcap
thunderbird /config/.mailcap
thunderbird /etc/mailcap
thunderbird /config/.mime.types
thunderbird /etc/mime.types
thunderbird /config/.mailcap
thunderbird /etc/mailcap
thunderbird /config/.mailcap
thunderbird /etc/mailcap
thunderbird /config/.mime.types
thunderbird /etc/mime.types
thunderbird /config/.mailcap
thunderbird /etc/mailcap
thunderbird /config/.mailcap
thunderbird /etc/mailcap
thunderbird /config/.mime.types
thunderbird /etc/mime.types
thunderbird /config/.mailcap
thunderbird /etc/mailcap
thunderbird /config/.mailcap
thunderbird /etc/mailcap
thunderbird /config/.mime.types
thunderbird /etc/mime.types
thunderbird /config/.mailcap
thunderbird /etc/mailcap
thunderbird /config/.mailcap
thunderbird /etc/mailcap
thunderbird /config/.mime.types
thunderbird /etc/mime.types
thunderbird /config/.mailcap
thunderbird /etc/mailcap
thunderbird /config/.mailcap
thunderbird /etc/mailcap
thunderbird /config/.mime.types
thunderbird /etc/mime.types
thunderbird /config/.mailcap
thunderbird /etc/mailcap
thunderbird /config/.mailcap
thunderbird /etc/mailcap
thunderbird /config/.mime.types
thunderbird /etc/mime.types
thunderbird /config/.mailcap
thunderbird /etc/mailcap
thunderbird /config/.mailcap
thunderbird /etc/mailcap
thunderbird /config/.mime.types
thunderbird /etc/mime.types
thunderbird /config/.mailcap
thunderbird /etc/mailcap
thunderbird /config/.mailcap
thunderbird /etc/mailcap
thunderbird /config/.mime.types
thunderbird /etc/mime.types
thunderbird /config/.mailcap
thunderbird /etc/mailcap
thunderbird /config/.mailcap
thunderbird /etc/mailcap
thunderbird /config/.mime.types
thunderbird /etc/mime.types
thunderbird /config/.mailcap
thunderbird /etc/mailcap
thunderbird /config/.mailcap
thunderbird /etc/mailcap
thunderbird /config/.mime.types
thunderbird /etc/mime.types
thunderbird /config/.mailcap
thunderbird /etc/mailcap
thunderbird /config/.mailcap
thunderbird /etc/mailcap
thunderbird /config/.mime.types
thunderbird /etc/mime.types
thunderbird /config/.mailcap
thunderbird /etc/mailcap
thunderbird /config/.mailcap
thunderbird /etc/mailcap
thunderbird /config/.mime.types
thunderbird /etc/mime.types
thunderbird /config/.mailcap
thunderbird /etc/mailcap
thunderbird /config/.mailcap
thunderbird /etc/mailcap
thunderbird /config/.mime.types
thunderbird /etc/mime.types
thunderbird /config/.mailcap
thunderbird /etc/mailcap
thunderbird /config/.mailcap
thunderbird /etc/mailcap
thunderbird /config/.mime.types
thunderbird /etc/mime.types
thunderbird /config/.mailcap
thunderbird /etc/mailcap
thunderbird /config/.mailcap
thunderbird /etc/mailcap
thunderbird /config/.mime.types
thunderbird /etc/mime.types
thunderbird /config/.mailcap
thunderbird /etc/mailcap
thunderbird /config/.mailcap
thunderbird /etc/mailcap
selkies /proc/stat
StreamTrans #2 /config/.thunderbird/3g11fcde.default-release/prefs.js
selkies /proc/meminfo
xclip /etc/ld.so.cache
xclip /lib/x86_64-linux-gnu/libXmu.so.6
xclip /lib/x86_64-linux-gnu/libX11.so.6
xclip /lib/x86_64-linux-gnu/libc.so.6
xclip /lib/x86_64-linux-gnu/libXt.so.6
xclip /lib/x86_64-linux-gnu/libXext.so.6
xclip /lib/x86_64-linux-gnu/libxcb.so.1
xclip /lib/x86_64-linux-gnu/libSM.so.6
xclip /lib/x86_64-linux-gnu/libICE.so.6
xclip /lib/x86_64-linux-gnu/libXau.so.6
xclip /lib/x86_64-linux-gnu/libXdmcp.so.6
xclip /lib/x86_64-linux-gnu/libuuid.so.1
xclip /lib/x86_64-linux-gnu/libbsd.so.0
xclip /lib/x86_64-linux-gnu/libmd.so.0
xclip /usr/share/X11/locale/locale.alias
xclip /usr/share/X11/locale/locale.dir
xclip /usr/share/X11/locale/C/XLC_LOCALE
xclip /usr/share/X11/locale/locale.alias
xclip /usr/share/X11/locale/locale.dir
xclip /usr/share/X11/locale/C/XLC_LOCALE
Xvfb /proc/1345/cmdline
BgIOThr~Pool #2 /config/.thunderbird/3g11fcde.default-release/extensions.json
QuotaManager IO /config/.thunderbird/3g11fcde.default-release/storage/permanent/chrome/idb/3870112724rsegmnoittet-es.sqlite
QuotaManager IO /config/.thunderbird/3g11fcde.default-release/storage/permanent/chrome/idb/3870112724rsegmnoittet-es.sqlite-wal
QuotaManager IO /proc/self/mountinfo
QuotaManager IO /config/.thunderbird/3g11fcde.default-release/storage/permanent/chrome/idb/3870112724rsegmnoittet-es.sqlite-wal
QuotaManager IO /proc/self/mountinfo
QuotaManager IO /config/.thunderbird/3g11fcde.default-release/storage/permanent/chrome/idb
QuotaManager IO /config/.thunderbird/3g11fcde.default-release/storage/permanent/chrome/idb/3870112724rsegmnoittet-es.sqlite
IndexedDB IO #1 /config/.thunderbird/3g11fcde.default-release/storage/permanent/chrome/idb/3870112724rsegmnoittet-es.sqlite
QuotaManager IO /config/.thunderbird/3g11fcde.default-release/storage/permanent/chrome/idb/3870112724rsegmnoittet-es.sqlite-wal
IndexedDB IO #1 /config/.thunderbird/3g11fcde.default-release/storage/permanent/chrome/idb/3870112724rsegmnoittet-es.sqlite-wal
QuotaManager IO /proc/self/mountinfo
IndexedDB IO #1 /proc/self/mountinfo
QuotaManager IO /config/.thunderbird/3g11fcde.default-release/storage/permanent/chrome/idb/3870112724rsegmnoittet-es.sqlite-wal
QuotaManager IO /proc/self/mountinfo
IndexedDB IO #1 /config/.thunderbird/3g11fcde.default-release/storage/permanent/chrome/idb
BgIOThr~Pool #2 /config/.thunderbird/3g11fcde.default-release/extension-preferences.json
thunderbird /proc/self/fd/39
BgIOThr~Pool #2 /config/.thunderbird/3g11fcde.default-release/addons.json
BgIOThr~Pool #2 /config/.thunderbird/3g11fcde.default-release/extensions.json.tmp
BgIOThr~Pool #2 /config/.thunderbird/3g11fcde.default-release/addons.json.tmp
thunderbird /proc/self/fd/15
thunderbird /proc/self/fd/15
thunderbird /proc/self/fd/15
thunderbird /proc/self/fd/15
thunderbird /proc/self/fd/15
thunderbird /proc/self/fd/15
thunderbird /proc/self/fd/15
thunderbird /proc/self/fd/15
thunderbird /proc/self/fd/15
thunderbird /proc/self/fd/15
thunderbird /proc/self/fd/15
thunderbird /proc/self/fd/15
thunderbird /config/.thunderbird/3g11fcde.default-release/mailViews.dat
thunderbird /usr/lib/thunderbird/defaults/messenger/mailViews.dat
thunderbird /config/.thunderbird/3g11fcde.default-release/mailViews.dat
StreamTrans #3 /config/.thunderbird/3g11fcde.default-release/prefs.js
StreamTrans #3 /config/.thunderbird/3g11fcde.default-release/prefs-1.js
StreamTrans #3 /config/.thunderbird/3g11fcde.default-release/prefs-1.js
thunderbird /usr/share/glib-2.0/schemas/gschemas.compiled
thunderbird /usr/local/share/glib-2.0/schemas/gschemas.compiled
thunderbird /config/.local/share/glib-2.0/schemas/gschemas.compiled
thunderbird /usr/lib/x86_64-linux-gnu/gio/modules/libdconfsettings.so
thunderbird /run/dconf/user/911
thunderbird /config/.XDG/dconf/profile
thunderbird /etc/dconf/profile/user
thunderbird /usr/local/share/dconf/profile/user
thunderbird /usr/share/dconf/profile/user
thunderbird /config/.XDG/dconf/user
thunderbird /config/.config/dconf/user
thunderbird /usr/share/locale/en_US/LC_MESSAGES/gsettings-desktop-schemas.mo
thunderbird /usr/share/locale/en/LC_MESSAGES/gsettings-desktop-schemas.mo
thunderbird /usr/share/locale-langpack/en_US/LC_MESSAGES/gsettings-desktop-schemas.mo
thunderbird /usr/share/locale-langpack/en/LC_MESSAGES/gsettings-desktop-schemas.mo
thunderbird /config/.thunderbird/3g11fcde.default-release/xulstore.json
thunderbird /config/.thunderbird/3g11fcde.default-release/blist.sqlite
thunderbird /proc/self/mountinfo
thunderbird /config/.thunderbird/3g11fcde.default-release/blist.sqlite-journal
thunderbird /config/.thunderbird/3g11fcde.default-release
thunderbird /config/.thunderbird/3g11fcde.default-release/blist.sqlite-journal
thunderbird /config/.thunderbird/3g11fcde.default-release
thunderbird /config/.thunderbird/3g11fcde.default-release/blist.sqlite-journal
thunderbird /config/.thunderbird/3g11fcde.default-release
thunderbird /config/.thunderbird/3g11fcde.default-release/blist.sqlite-journal
thunderbird /config/.thunderbird/3g11fcde.default-release
thunderbird /config/.thunderbird/3g11fcde.default-release/blist.sqlite-journal
thunderbird /config/.thunderbird/3g11fcde.default-release
thunderbird /config/.thunderbird/3g11fcde.default-release/blist.sqlite-journal
thunderbird /config/.thunderbird/3g11fcde.default-release
thunderbird /config/.thunderbird/3g11fcde.default-release/blist.sqlite-journal
thunderbird /config/.thunderbird/3g11fcde.default-release
thunderbird /config/.thunderbird/3g11fcde.default-release/blist.sqlite-journal
thunderbird /config/.thunderbird/3g11fcde.default-release
xclip /etc/ld.so.cache
xclip /lib/x86_64-linux-gnu/libXmu.so.6
xclip /lib/x86_64-linux-gnu/libX11.so.6
xclip /lib/x86_64-linux-gnu/libc.so.6
xclip /lib/x86_64-linux-gnu/libXt.so.6
xclip /lib/x86_64-linux-gnu/libXext.so.6
xclip /lib/x86_64-linux-gnu/libxcb.so.1
xclip /lib/x86_64-linux-gnu/libSM.so.6
xclip /lib/x86_64-linux-gnu/libICE.so.6
xclip /lib/x86_64-linux-gnu/libXau.so.6
xclip /lib/x86_64-linux-gnu/libXdmcp.so.6
xclip /lib/x86_64-linux-gnu/libuuid.so.1
xclip /lib/x86_64-linux-gnu/libbsd.so.0
xclip /lib/x86_64-linux-gnu/libmd.so.0
thunderbird /config/.thunderbird/3g11fcde.default-release/blist.sqlite-journal
xclip /usr/share/X11/locale/locale.alias
xclip /usr/share/X11/locale/locale.dir
xclip /usr/share/X11/locale/C/XLC_LOCALE
xclip /usr/share/X11/locale/locale.alias
thunderbird /config/.thunderbird/3g11fcde.default-release
xclip /usr/share/X11/locale/locale.dir
xclip /usr/share/X11/locale/C/XLC_LOCALE
Xvfb /proc/1381/cmdline
thunderbird /config/.thunderbird/3g11fcde.default-release/blist.sqlite-journal
thunderbird /config/.thunderbird/3g11fcde.default-release
thunderbird /config/.thunderbird/3g11fcde.default-release/blist.sqlite-journal
thunderbird /config/.thunderbird/3g11fcde.default-release
BgIOThr~Pool #2 /config/.thunderbird/3g11fcde.default-release/logins.json
thunderbird /usr/share/fonts/truetype/noto/NotoSans-Regular.ttf
thunderbird /usr/share/fonts/truetype/noto/NotoSans-Regular.ttf
BgIOThr~Pool #2 /config/.thunderbird/3g11fcde.default-release/logins-backup.json
selkies /proc/stat
selkies /proc/meminfo
thunderbird /config/.mime.types
thunderbird /etc/mime.types
thunderbird /config/.mailcap
thunderbird /etc/mailcap
thunderbird /config/.mailcap
thunderbird /etc/mailcap
thunderbird /config/.mime.types
thunderbird /etc/mime.types
thunderbird /config/.mailcap
thunderbird /etc/mailcap
thunderbird /config/.mailcap
thunderbird /etc/mailcap
thunderbird /config/.mime.types
thunderbird /etc/mime.types
thunderbird /config/.mailcap
thunderbird /etc/mailcap
thunderbird /config/.mailcap
thunderbird /etc/mailcap
thunderbird /config/.mime.types
thunderbird /etc/mime.types
thunderbird /config/.mailcap
thunderbird /etc/mailcap
thunderbird /config/.mailcap
thunderbird /etc/mailcap
thunderbird /usr/share/fonts/truetype/noto/NotoSans-Bold.ttf
thunderbird /usr/share/fonts/truetype/noto/NotoSans-Bold.ttf
thunderbird /config/.mime.types
thunderbird /etc/mime.types
thunderbird /config/.mailcap
thunderbird /etc/mailcap
thunderbird /config/.mailcap
thunderbird /etc/mailcap
thunderbird /config/.mime.types
thunderbird /etc/mime.types
thunderbird /config/.mailcap
thunderbird /etc/mailcap
thunderbird /config/.mailcap
thunderbird /etc/mailcap
thunderbird /config/.mime.types
thunderbird /etc/mime.types
thunderbird /config/.mailcap
thunderbird /etc/mailcap
thunderbird /config/.mailcap
thunderbird /etc/mailcap
thunderbird /config/.mime.types
thunderbird /etc/mime.types
thunderbird /config/.mailcap
thunderbird /etc/mailcap
thunderbird /config/.mailcap
thunderbird /etc/mailcap
thunderbird /config/.mime.types
thunderbird /etc/mime.types
thunderbird /config/.mailcap
thunderbird /etc/mailcap
thunderbird /config/.mailcap
thunderbird /etc/mailcap
thunderbird /config/.mime.types
thunderbird /etc/mime.types
thunderbird /config/.mailcap
thunderbird /etc/mailcap
thunderbird /config/.mailcap
thunderbird /etc/mailcap
thunderbird /config/.mime.types
thunderbird /etc/mime.types
thunderbird /config/.mailcap
thunderbird /etc/mailcap
thunderbird /config/.mailcap
thunderbird /etc/mailcap
thunderbird /proc/self/fd/55
xclip /etc/ld.so.cache
xclip /lib/x86_64-linux-gnu/libXmu.so.6
xclip /lib/x86_64-linux-gnu/libX11.so.6
xclip /lib/x86_64-linux-gnu/libc.so.6
xclip /lib/x86_64-linux-gnu/libXt.so.6
xclip /lib/x86_64-linux-gnu/libXext.so.6
xclip /lib/x86_64-linux-gnu/libxcb.so.1
xclip /lib/x86_64-linux-gnu/libSM.so.6
xclip /lib/x86_64-linux-gnu/libICE.so.6
xclip /lib/x86_64-linux-gnu/libXau.so.6
xclip /lib/x86_64-linux-gnu/libXdmcp.so.6
xclip /lib/x86_64-linux-gnu/libuuid.so.1
xclip /lib/x86_64-linux-gnu/libbsd.so.0
xclip /lib/x86_64-linux-gnu/libmd.so.0
xclip /usr/share/X11/locale/locale.alias
xclip /usr/share/X11/locale/locale.dir
xclip /usr/share/X11/locale/C/XLC_LOCALE
xclip /usr/share/X11/locale/locale.alias
xclip /usr/share/X11/locale/locale.dir
xclip /usr/share/X11/locale/C/XLC_LOCALE
Xvfb /proc/1421/cmdline
plasmashell /config/.local/share/kservices5
plasmashell /config/.local/share/mime
plasmashell /etc/xdg/menus
plasmashell /usr/local/share/kservices5
plasmashell /usr/local/share/mime
plasmashell /usr/share/kservices5
plasmashell /usr/share/kservices5/ServiceMenus
plasmashell /usr/share/kservices5/qimageioplugins
plasmashell /usr/share/kservices5/searchproviders
plasmashell /usr/share/mime
plasmashell /usr/share/mime/application
plasmashell /usr/share/mime/audio
plasmashell /usr/share/mime/chemical
plasmashell /usr/share/mime/font
plasmashell /usr/share/mime/image
plasmashell /usr/share/mime/inode
plasmashell /usr/share/mime/message
plasmashell /usr/share/mime/model
plasmashell /usr/share/mime/multipart
plasmashell /usr/share/mime/packages
plasmashell /usr/share/mime/text
plasmashell /usr/share/mime/video
plasmashell /usr/share/mime/x-content
plasmashell /usr/share/mime/x-epoc
plasmashell /config/Desktop/thunderbird.desktop
plasmashell /config/Desktop/thunderbird.desktop
plasmashell /config/Desktop/thunderbird.desktop
plasmashell /config/Desktop/thunderbird.desktop
plasmashell /config/Desktop/thunderbird.desktop
plasmashell /config/Desktop/thunderbird.desktop
plasmashell /config/Desktop/thunderbird.desktop
plasmashell /config/Desktop/thunderbird.desktop
plasmashell /config/Desktop/thunderbird.desktop
plasmashell /config/Desktop/thunderbird.desktop
plasmashell /config/Desktop/thunderbird.desktop
plasmashell /config/Desktop/thunderbird.desktop
plasmashell /config/Desktop/thunderbird.desktop
plasmashell /config/Desktop/thunderbird.desktop
plasmashell /config/Desktop/thunderbird.desktop
plasmashell /config/Desktop/thunderbird.desktop
plasmashell /config/Desktop/thunderbird.desktop
plasmashell /config/Desktop/thunderbird.desktop
plasmashell /config/Desktop/thunderbird.desktop
plasmashell /config/Desktop/thunderbird.desktop
plasmashell /config/Desktop/thunderbird.desktop
plasmashell /config/Desktop/thunderbird.desktop
plasmashell /config/Desktop/thunderbird.desktop
plasmashell /config/Desktop/thunderbird.desktop
plasmashell /config/Desktop/thunderbird.desktop
plasmashell /config/Desktop/thunderbird.desktop
plasmashell /config/Desktop/thunderbird.desktop
plasmashell /config/Desktop/thunderbird.desktop
plasmashell /config/Desktop/thunderbird.desktop
plasmashell /config/Desktop/thunderbird.desktop
plasmashell /config/Desktop/thunderbird.desktop
plasmashell /config/Desktop/thunderbird.desktop
plasmashell /config/Desktop/thunderbird.desktop
plasmashell /config/Desktop/thunderbird.desktop
plasmashell /config/Desktop/thunderbird.desktop
plasmashell /config/Desktop/thunderbird.desktop
plasmashell /config/Desktop/thunderbird.desktop
plasmashell /config/Desktop/thunderbird.desktop
plasmashell /config/Desktop/thunderbird.desktop
plasmashell /config/Desktop/thunderbird.desktop
plasmashell /config/Desktop/thunderbird.desktop
plasmashell /config/Desktop/thunderbird.desktop
plasmashell /config/Desktop/thunderbird.desktop
plasmashell /config/Desktop/thunderbird.desktop
plasmashell /config/Desktop/thunderbird.desktop
plasmashell /config/Desktop/thunderbird.desktop
plasmashell /config/Desktop/thunderbird.desktop
plasmashell /config/Desktop/thunderbird.desktop
plasmashell /config/Desktop/thunderbird.desktop
plasmashell /config/Desktop/thunderbird.desktop
thunderbird /usr/share/icons/breeze/actions/symbolic/window-minimize-symbolic.svg
plasmashell /config/Desktop/thunderbird.desktop
thunderbird /usr/share/icons/breeze/actions/symbolic/window-minimize-symbolic.svg
thunderbird /usr/lib/x86_64-linux-gnu/gdk-pixbuf-2.0/2.10.0/loaders/libpixbufloader-svg.so
plasmashell /config/Desktop/thunderbird.desktop
thunderbird /etc/ld.so.cache
thunderbird /lib/x86_64-linux-gnu/librsvg-2.so.2
plasmashell /config/Desktop/thunderbird.desktop
plasmashell /config/Desktop/thunderbird.desktop
plasmashell /config/Desktop/thunderbird.desktop
plasmashell /config/Desktop/thunderbird.desktop
plasmashell /config/Desktop/thunderbird.desktop
plasmashell /config/Desktop/thunderbird.desktop
plasmashell /config/Desktop/thunderbird.desktop
plasmashell /config/Desktop/thunderbird.desktop
plasmashell /config/Desktop/thunderbird.desktop
plasmashell /config/Desktop/thunderbird.desktop
plasmashell /config/Desktop/thunderbird.desktop
plasmashell /config/Desktop/thunderbird.desktop
thunderbird /usr/share/icons/breeze/actions/symbolic/window-restore-symbolic.svg
thunderbird /usr/share/icons/breeze/actions/symbolic/window-restore-symbolic.svg
plasmashell /config/Desktop/thunderbird.desktop
thunderbird /usr/share/icons/breeze/actions/symbolic/window-close-symbolic.svg
thunderbird /usr/share/icons/breeze/actions/symbolic/window-close-symbolic.svg
plasmashell /config/Desktop/thunderbird.desktop
plasmashell /config/Desktop/thunderbird.desktop
plasmashell /config/Desktop/thunderbird.desktop
plasmashell /config/Desktop/thunderbird.desktop
plasmashell /config/Desktop/thunderbird.desktop
plasmashell /config/Desktop/thunderbird.desktop
WrGlyph~terizer /usr/share/fonts/truetype/noto/NotoSans-Regular.ttf
plasmashell /config/Desktop/thunderbird.desktop
QQmlThread /usr/share/plasma/plasmoids/org.kde.plasma.taskmanager/contents/ui/inlinec
QQmlThread /config/.cache/plasmashell/qmlcache/3807403dffe42867d027edf93e6c2cc872923bac.
QQmlThread /usr/share/plasma/plasmoids/org.kde.plasma.taskmanager/contents/ui/GroupExpanderOverlay.qmlc
QQmlThread /config/.cache/plasmashell/qmlcache/bca21c2168a2062ac135a69ba48bc3166ca1f865.qmlc
QQmlThread /usr/share/plasma/plasmoids/org.kde.plasma.taskmanager/contents/ui/GroupExpanderOverlay.qml
QQmlThread /config/.cache/plasmashell/qmlcache
QQmlThread /usr/share/plasma/plasmoids/org.kde.plasma.taskmanager/contents/ui/GroupExpanderOverlay.qmlc
QQmlThread /config/.cache/plasmashell/qmlcache/bca21c2168a2062ac135a69ba48bc3166ca1f865.qmlc
thunderbird /config/.icons/breeze_cursors/cursors/default
thunderbird /config/.icons/breeze_cursors/index.theme
thunderbird /usr/share/icons/breeze_cursors/cursors/default
plasmashell /config/Desktop/thunderbird.desktop
plasmashell /config/Desktop/thunderbird.desktop
plasmashell /config/Desktop/thunderbird.desktop
plasmashell /config/Desktop/thunderbird.desktop
plasmashell /config/Desktop/thunderbird.desktop
plasmashell /config/Desktop/thunderbird.desktop
plasmashell /config/Desktop/thunderbird.desktop
plasmashell /config/Desktop/thunderbird.desktop
plasmashell /config/Desktop/thunderbird.desktop
plasmashell /config/Desktop/thunderbird.desktop
plasmashell /config/Desktop/thunderbird.desktop
plasmashell /config/Desktop/thunderbird.desktop
plasmashell /config/Desktop/thunderbird.desktop
plasmashell /config/Desktop/thunderbird.desktop
plasmashell /config/Desktop/thunderbird.desktop
thunderbird /usr/lib/thunderbird/librnp.so
plasmashell /config/Desktop/thunderbird.desktop
plasmashell /config/Desktop/thunderbird.desktop
plasmashell /config/Desktop/thunderbird.desktop
plasmashell /config/Desktop/thunderbird.desktop
plasmashell /config/Desktop/thunderbird.desktop
plasmashell /config/Desktop/thunderbird.desktop
thunderbird /dev/urandom
thunderbird /proc/mounts
plasmashell /config/Desktop/thunderbird.desktop
BgIOThr~Pool #1 /config/.thunderbird/3g11fcde.default-release/pubring.gpg
plasmashell /config/Desktop/thunderbird.desktop
plasmashell /config/Desktop/thunderbird.desktop
plasmashell /config/Desktop/thunderbird.desktop
plasmashell /config/Desktop/thunderbird.desktop
plasmashell /config/Desktop/thunderbird.desktop
plasmashell /config/Desktop/thunderbird.desktop
plasmashell /config/Desktop/thunderbird.desktop
plasmashell /config/Desktop/thunderbird.desktop
plasmashell /config/Desktop/thunderbird.desktop
plasmashell /config/Desktop/thunderbird.desktop
plasmashell /config/Desktop/thunderbird.desktop
plasmashell /config/Desktop/thunderbird.desktop
plasmashell /config/Desktop/thunderbird.desktop
plasmashell /config/Desktop/thunderbird.desktop
plasmashell /config/Desktop/thunderbird.desktop
plasmashell /config/Desktop/thunderbird.desktop
plasmashell /config/Desktop/thunderbird.desktop
plasmashell /config/Desktop/thunderbird.desktop
plasmashell /config/Desktop/thunderbird.desktop
plasmashell /config/Desktop/thunderbird.desktop
plasmashell /config/Desktop/thunderbird.desktop
plasmashell /config/Desktop/thunderbird.desktop
plasmashell /config/Desktop/thunderbird.desktop
plasmashell /config/Desktop/thunderbird.desktop
plasmashell /config/Desktop/thunderbird.desktop
plasmashell /config/Desktop/thunderbird.desktop
BgIOThr~Pool #1 /config/.thunderbird/3g11fcde.default-release/search.json.mozlz4
IndexedDB IO #1 /config/.thunderbird/3g11fcde.default-release/storage/permanent/chrome/idb/3870112724rsegmnoittet-es.sqlite
IndexedDB IO #1 /config/.thunderbird/3g11fcde.default-release/storage/permanent/chrome/idb/3870112724rsegmnoittet-es.sqlite-wal
IndexedDB IO #1 /proc/self/mountinfo
thunderbird /config/.thunderbird/3g11fcde.default-release/calendar-data/local.sqlite
thunderbird /config/.thunderbird/3g11fcde.default-release/calendar-data/local.sqlite
thunderbird /config/.thunderbird/3g11fcde.default-release/calendar-data/local.sqlite-journal
thunderbird /config/.thunderbird/3g11fcde.default-release/calendar-data
QSGRenderThread /config/.cache/mesa_shader_cache/e0/5250706703def1507c2b08bc094ccc6ce02270
thunderbird /config/.thunderbird/3g11fcde.default-release/calendar-data/local.sqlite-journal
thunderbird /config/.thunderbird/3g11fcde.default-release/calendar-data
thunderbird /config/.thunderbird/3g11fcde.default-release/calendar-data/local.sqlite-journal
thunderbird /config/.thunderbird/3g11fcde.default-release/calendar-data
plasmas:disk$0 /config/.cache/mesa_shader_cache/e0/5250706703def1507c2b08bc094ccc6ce02270.tmp
QSGRenderThread /config/.cache/mesa_shader_cache/80/d3e9ca504a454f9a419ed0ad80fe8045218ede
plasmas:disk$0 /config/.cache/mesa_shader_cache/e0/5250706703def1507c2b08bc094ccc6ce02270.tmp
plasmas:disk$0 /config/.cache/mesa_shader_cache/e0/5250706703def1507c2b08bc094ccc6ce02270
QSGRenderThread /config/.cache/mesa_shader_cache/4f/56a27cad663faae24d17aa6ca9ee29809ad158
StreamTrans #4 /config/.thunderbird/3g11fcde.default-release/prefs.js
StreamTrans #4 /config/.thunderbird/3g11fcde.default-release/prefs-1.js
StreamTrans #4 /config/.thunderbird/3g11fcde.default-release/prefs-1.js
plasmas:disk$0 /config/.cache/mesa_shader_cache/4f/56a27cad663faae24d17aa6ca9ee29809ad158.tmp
QSGRenderThread /config/.cache/mesa_shader_cache/f7/a7b31ba35bed97603b63033fbe87f08a14666b
plasmas:disk$0 /config/.cache/mesa_shader_cache/4f/56a27cad663faae24d17aa6ca9ee29809ad158.tmp
plasmas:disk$0 /config/.cache/mesa_shader_cache/4f/56a27cad663faae24d17aa6ca9ee29809ad158
plasmas:disk$0 /config/.cache/mesa_shader_cache/f7/a7b31ba35bed97603b63033fbe87f08a14666b.tmp
plasmas:disk$0 /config/.cache/mesa_shader_cache/f7/a7b31ba35bed97603b63033fbe87f08a14666b.tmp
plasmas:disk$0 /config/.cache/mesa_shader_cache/f7/a7b31ba35bed97603b63033fbe87f08a14666b
thunderbird /config/.mime.types
thunderbird /etc/mime.types
thunderbird /config/.mailcap
thunderbird /etc/mailcap
thunderbird /config/.mailcap
thunderbird /etc/mailcap
thunderbird /config/.icons/breeze_cursors/cursors/progress
thunderbird /config/.icons/breeze_cursors/index.theme
thunderbird /usr/share/icons/breeze_cursors/cursors/progress
BgIOThr~Pool #1 /config/.thunderbird/3g11fcde.default-release/pubring.gpg.old
BgIOThr~Pool #1 /config/.thunderbird/3g11fcde.default-release/secring.gpg
BgIOThr~Pool #1 /etc/hosts
DNS Resolver #1 /etc/hosts
DNS Resolver #1 /etc/gai.conf
xfconfd /config/.config/xfce4/xfconf/xfce-perchannel-xml//xsettings.xml.new
BgIOThr~Pool #1 /config/.thunderbird/3g11fcde.default-release/secring.gpg.old
QuotaManager IO /config/.thunderbird/3g11fcde.default-release/storage/permanent/chrome/idb/3870112724rsegmnoittet-es.sqlite
QuotaManager IO /config/.thunderbird/3g11fcde.default-release/storage/permanent/chrome/idb/3870112724rsegmnoittet-es.sqlite-wal
QuotaManager IO /proc/self/mountinfo
IndexedDB IO #1 /config/.thunderbird/3g11fcde.default-release/storage/permanent/chrome/idb
thunderbird /config/.mime.types
thunderbird /etc/mime.types
thunderbird /config/.mailcap
thunderbird /etc/mailcap
thunderbird /config/.mailcap
thunderbird /etc/mailcap
thunderbird /config/.mime.types
thunderbird /etc/mime.types
thunderbird /config/.mailcap
thunderbird /etc/mailcap
thunderbird /config/.mailcap
thunderbird /etc/mailcap
xclip /etc/ld.so.cache
xclip /lib/x86_64-linux-gnu/libXmu.so.6
xclip /lib/x86_64-linux-gnu/libX11.so.6
xclip /lib/x86_64-linux-gnu/libc.so.6
xclip /lib/x86_64-linux-gnu/libXt.so.6
xclip /lib/x86_64-linux-gnu/libXext.so.6
xclip /lib/x86_64-linux-gnu/libxcb.so.1
xclip /lib/x86_64-linux-gnu/libSM.so.6
xclip /lib/x86_64-linux-gnu/libICE.so.6
xclip /lib/x86_64-linux-gnu/libXau.so.6
xclip /lib/x86_64-linux-gnu/libXdmcp.so.6
xclip /lib/x86_64-linux-gnu/libuuid.so.1
xclip /lib/x86_64-linux-gnu/libbsd.so.0
xclip /lib/x86_64-linux-gnu/libmd.so.0
xclip /usr/share/X11/locale/locale.alias
xclip /usr/share/X11/locale/locale.dir
xclip /usr/share/X11/locale/C/XLC_LOCALE
xclip /usr/share/X11/locale/locale.alias
xclip /usr/share/X11/locale/locale.dir
xclip /usr/share/X11/locale/C/XLC_LOCALE
Xvfb /proc/1462/cmdline
IndexedDB IO #1 /config/.thunderbird/3g11fcde.default-release/storage/permanent/chrome/idb/3870112724rsegmnoittet-es.sqlite
BgIOThr~Pool #1 /config/.thunderbird/3g11fcde.default-release/SiteSecurityServiceState.bin
IndexedDB IO #1 /config/.thunderbird/3g11fcde.default-release/storage/permanent/chrome/idb/3870112724rsegmnoittet-es.sqlite-wal
IndexedDB IO #1 /proc/self/mountinfo
thunderbird /config/.thunderbird/3g11fcde.default-release/key4.db
thunderbird /config/.thunderbird/3g11fcde.default-release/key4.db-journal
thunderbird /config/.thunderbird/3g11fcde.default-release
thunderbird /config/.thunderbird/3g11fcde.default-release/key4.db
thunderbird /config/.thunderbird/3g11fcde.default-release/key4.db-journal
thunderbird /config/.thunderbird/3g11fcde.default-release
BgIOThr~Pool #1 /config/.thunderbird/3g11fcde.default-release/encrypted-openpgp-passphrase.txt
QuotaManager IO /config/.thunderbird/3g11fcde.default-release/storage/permanent/chrome/idb/3870112724rsegmnoittet-es.sqlite
QuotaManager IO /config/.thunderbird/3g11fcde.default-release/storage/permanent/chrome/idb/3870112724rsegmnoittet-es.sqlite-wal
QuotaManager IO /proc/self/mountinfo
QuotaManager IO /config/.thunderbird/3g11fcde.default-release/storage/permanent/chrome/idb/3870112724rsegmnoittet-es.sqlite-wal
QuotaManager IO /proc/self/mountinfo
QuotaManager IO /config/.thunderbird/3g11fcde.default-release/storage/permanent/chrome/idb/3870112724rsegmnoittet-es.sqlite-wal
QuotaManager IO /proc/self/mountinfo
IndexedDB IO #1 /config/.thunderbird/3g11fcde.default-release/storage/permanent/chrome/idb
StreamTrans #4 /config/.thunderbird/3g11fcde.default-release/prefs.js
StreamTrans #4 /config/.thunderbird/3g11fcde.default-release/prefs-1.js
StreamTrans #4 /config/.thunderbird/3g11fcde.default-release/prefs-1.js
thunderbird /usr/lib/thunderbird/libgpgme.so
thunderbird /etc/ld.so.cache
thunderbird /lib/x86_64-linux-gnu/libgpgme.so
thunderbird /usr/lib/x86_64-linux-gnu/libgpgme.so
thunderbird /lib/libgpgme.so
thunderbird /usr/lib/libgpgme.so
thunderbird /usr/local/lib/libgpgme.so
thunderbird /opt/local/lib/libgpgme.so
thunderbird /opt/homebrew/lib/libgpgme.so
thunderbird /usr/lib/thunderbird/libgpgme.so.11
thunderbird /etc/ld.so.cache
thunderbird /lib/x86_64-linux-gnu/libgpgme.so.11
thunderbird /lib/x86_64-linux-gnu/libassuan.so.0
sqldb:o~lite #1 /config/.thunderbird/3g11fcde.default-release/openpgp.sqlite
IndexedDB IO #1 /config/.thunderbird/3g11fcde.default-release/storage/permanent/chrome/idb/3870112724rsegmnoittet-es.sqlite
IndexedDB IO #1 /config/.thunderbird/3g11fcde.default-release/storage/permanent/chrome/idb/3870112724rsegmnoittet-es.sqlite-wal
IndexedDB IO #1 /proc/self/mountinfo
sqldb:o~lite #1 /config/.thunderbird/3g11fcde.default-release/openpgp.sqlite-journal
selkies /proc/stat
selkies /proc/meminfo
sqldb:o~lite #1 /config/.thunderbird/3g11fcde.default-release
sqldb:o~lite #1 /config/.thunderbird/3g11fcde.default-release/openpgp.sqlite-journal
sqldb:o~lite #1 /config/.thunderbird/3g11fcde.default-release
sqldb:o~lite #1 /config/.thunderbird/3g11fcde.default-release/openpgp.sqlite-journal
sqldb:o~lite #1 /config/.thunderbird/3g11fcde.default-release
sqldb:o~lite #1 /config/.thunderbird/3g11fcde.default-release/openpgp.sqlite-journal
sqldb:o~lite #1 /config/.thunderbird/3g11fcde.default-release
thunderbird /etc/passwd
DNS Resolver #1 /etc/hosts
thunderbird /config/.icons/breeze_cursors/cursors/text
thunderbird /config/.icons/breeze_cursors/index.theme
thunderbird /usr/share/icons/breeze_cursors/cursors/text
BgIOThr~Pool #1 /config/.thunderbird/3g11fcde.default-release/addonStartup.json.lz4.tmp
BgIOThr~Pool #1 /config/.thunderbird/3g11fcde.default-release/extension-preferences.json.tmp
sqldb:p~lite #2 /config/.thunderbird/3g11fcde.default-release/places.sqlite
thunderbird /proc/self/fd/62
BgIOThr~Pool #1 /config/.thunderbird/3g11fcde.default-release/folderTree.json
BgIOThr~Pool #1 /config/.thunderbird/3g11fcde.default-release/AlternateServices.bin
thunderbird /config/.mime.types
thunderbird /etc/mime.types
thunderbird /config/.mailcap
thunderbird /etc/mailcap
thunderbird /config/.mailcap
thunderbird /etc/mailcap
thunderbird /config/.mime.types
thunderbird /etc/mime.types
thunderbird /config/.mailcap
thunderbird /etc/mailcap
thunderbird /config/.mailcap
thunderbird /etc/mailcap
thunderbird /config/.mime.types
thunderbird /etc/mime.types
thunderbird /config/.mailcap
thunderbird /etc/mailcap
thunderbird /config/.mailcap
thunderbird /etc/mailcap
thunderbird /config/.mime.types
thunderbird /etc/mime.types
thunderbird /config/.mailcap
thunderbird /etc/mailcap
thunderbird /config/.mailcap
thunderbird /etc/mailcap
thunderbird /config/.mime.types
thunderbird /etc/mime.types
thunderbird /config/.mailcap
thunderbird /etc/mailcap
thunderbird /config/.mailcap
thunderbird /etc/mailcap
thunderbird /config/.mime.types
thunderbird /etc/mime.types
thunderbird /config/.mailcap
thunderbird /etc/mailcap
thunderbird /config/.mailcap
thunderbird /etc/mailcap
BgIOThr~Pool #1 /config/.thunderbird/3g11fcde.default-release/AlternateServices.bin
xclip /etc/ld.so.cache
xclip /lib/x86_64-linux-gnu/libXmu.so.6
xclip /lib/x86_64-linux-gnu/libX11.so.6
xclip /lib/x86_64-linux-gnu/libc.so.6
xclip /lib/x86_64-linux-gnu/libXt.so.6
xclip /lib/x86_64-linux-gnu/libXext.so.6
xclip /lib/x86_64-linux-gnu/libxcb.so.1
xclip /lib/x86_64-linux-gnu/libSM.so.6
xclip /lib/x86_64-linux-gnu/libICE.so.6
xclip /lib/x86_64-linux-gnu/libXau.so.6
xclip /lib/x86_64-linux-gnu/libXdmcp.so.6
xclip /lib/x86_64-linux-gnu/libuuid.so.1
xclip /lib/x86_64-linux-gnu/libbsd.so.0
xclip /lib/x86_64-linux-gnu/libmd.so.0
DNS Resolver #1 /etc/hosts
xclip /usr/share/X11/locale/locale.alias
xclip /usr/share/X11/locale/locale.dir
xclip /usr/share/X11/locale/C/XLC_LOCALE
xclip /usr/share/X11/locale/locale.alias
xclip /usr/share/X11/locale/locale.dir
xclip /usr/share/X11/locale/C/XLC_LOCALE
Xvfb /proc/1497/cmdline
thunderbird /proc/self/fd/45
thunderbird /proc/self/fd/56
IPC Launch #1 /proc/self/fd
thunderbird /proc/1510/oom_score_adj
thunderbird /usr/lib/thunderbird/glibc-hwcaps/x86-64-v3/libstdc++.so.6
thunderbird /usr/lib/thunderbird/glibc-hwcaps/x86-64-v2/libstdc++.so.6
thunderbird /usr/lib/thunderbird/libstdc++.so.6
thunderbird /etc/ld.so.cache
thunderbird /lib/x86_64-linux-gnu/libstdc++.so.6
thunderbird /usr/lib/thunderbird/libm.so.6
thunderbird /lib/x86_64-linux-gnu/libm.so.6
thunderbird /usr/lib/thunderbird/libgcc_s.so.1
thunderbird /lib/x86_64-linux-gnu/libgcc_s.so.1
thunderbird /usr/lib/thunderbird/libc.so.6
thunderbird /lib/x86_64-linux-gnu/libc.so.6
thunderbird /usr/lib/thunderbird/dependentlibs.list
thunderbird /usr/lib/thunderbird/libnspr4.so
thunderbird /usr/lib/thunderbird/libplc4.so
thunderbird /usr/lib/thunderbird/libplds4.so
thunderbird /usr/lib/thunderbird/libmozsandbox.so
IPC Launch #1 /proc/self/fd
thunderbird /usr/lib/thunderbird/libgkcodecs.so
thunderbird /usr/lib/thunderbird/liblgpllibs.so
thunderbird /usr/lib/thunderbird/libnssutil3.so
thunderbird /usr/lib/thunderbird/libnss3.so
thunderbird /usr/lib/thunderbird/libsmime3.so
thunderbird /usr/lib/thunderbird/libmozsqlite3.so
thunderbird /usr/lib/thunderbird/libssl3.so
thunderbird /usr/lib/thunderbird/libmozgtk.so
thunderbird /usr/lib/thunderbird/libgtk-3.so.0
thunderbird /etc/ld.so.cache
thunderbird /lib/x86_64-linux-gnu/libgtk-3.so.0
thunderbird /usr/lib/thunderbird/libgdk-3.so.0
thunderbird /lib/x86_64-linux-gnu/libgdk-3.so.0
thunderbird /usr/lib/thunderbird/libgmodule-2.0.so.0
DNS Resolver #1 /etc/hosts
thunderbird /lib/x86_64-linux-gnu/libgmodule-2.0.so.0
thunderbird /usr/lib/thunderbird/libglib-2.0.so.0
thunderbird /lib/x86_64-linux-gnu/libglib-2.0.so.0
thunderbird /usr/lib/thunderbird/libgobject-2.0.so.0
thunderbird /lib/x86_64-linux-gnu/libgobject-2.0.so.0
thunderbird /usr/lib/thunderbird/libgio-2.0.so.0
thunderbird /lib/x86_64-linux-gnu/libgio-2.0.so.0
thunderbird /usr/lib/thunderbird/libpangocairo-1.0.so.0
thunderbird /lib/x86_64-linux-gnu/libpangocairo-1.0.so.0
thunderbird /usr/lib/thunderbird/libpango-1.0.so.0
thunderbird /lib/x86_64-linux-gnu/libpango-1.0.so.0
thunderbird /usr/lib/thunderbird/libharfbuzz.so.0
thunderbird /lib/x86_64-linux-gnu/libharfbuzz.so.0
thunderbird /usr/lib/thunderbird/libcairo.so.2
thunderbird /lib/x86_64-linux-gnu/libcairo.so.2
thunderbird /usr/lib/thunderbird/libpangoft2-1.0.so.0
thunderbird /lib/x86_64-linux-gnu/libpangoft2-1.0.so.0
thunderbird /usr/lib/thunderbird/libfontconfig.so.1
thunderbird /lib/x86_64-linux-gnu/libfontconfig.so.1
thunderbird /usr/lib/thunderbird/libfribidi.so.0
thunderbird /lib/x86_64-linux-gnu/libfribidi.so.0
thunderbird /usr/lib/thunderbird/libcairo-gobject.so.2
thunderbird /lib/x86_64-linux-gnu/libcairo-gobject.so.2
thunderbird /usr/lib/thunderbird/glibc-hwcaps/x86-64-v3/libstdc++.so.6
thunderbird /usr/lib/thunderbird/glibc-hwcaps/x86-64-v2/libstdc++.so.6
thunderbird /usr/lib/thunderbird/libstdc++.so.6
URL Classifier /config/.cache/thunderbird/3g11fcde.default-release/safebrowsing
thunderbird /usr/lib/thunderbird/libgdk_pixbuf-2.0.so.0
thunderbird /etc/ld.so.cache
thunderbird /lib/x86_64-linux-gnu/libgdk_pixbuf-2.0.so.0
thunderbird /lib/x86_64-linux-gnu/libstdc++.so.6
URL Classifier /config/.cache/thunderbird/3g11fcde.default-release/safebrowsing/base-cryptomining-track-digest256.sbstore
URL Classifier /config/.cache/thunderbird/3g11fcde.default-release/safebrowsing/base-fingerprinting-track-digest256.sbstore
thunderbird /usr/lib/thunderbird/libatk-1.0.so.0
thunderbird /lib/x86_64-linux-gnu/libatk-1.0.so.0
URL Classifier /config/.cache/thunderbird/3g11fcde.default-release/safebrowsing/social-tracking-protection-facebook-digest256.sbstore
thunderbird /usr/lib/thunderbird/libm.so.6
URL Classifier /config/.cache/thunderbird/3g11fcde.default-release/safebrowsing/social-tracking-protection-linkedin-digest256.sbstore
thunderbird /lib/x86_64-linux-gnu/libm.so.6
URL Classifier /config/.cache/thunderbird/3g11fcde.default-release/safebrowsing/social-tracking-protection-twitter-digest256.sbstore
URL Classifier /config/.cache/thunderbird/3g11fcde.default-release/safebrowsing/ads-track-digest256.sbstore
URL Classifier /config/.cache/thunderbird/3g11fcde.default-release/safebrowsing/analytics-track-digest256.sbstore
thunderbird /usr/lib/thunderbird/libepoxy.so.0
thunderbird /lib/x86_64-linux-gnu/libepoxy.so.0
thunderbird /usr/lib/thunderbird/libgcc_s.so.1
URL Classifier /config/.cache/thunderbird/3g11fcde.default-release/safebrowsing/content-track-digest256.sbstore
thunderbird /lib/x86_64-linux-gnu/libgcc_s.so.1
URL Classifier /config/.cache/thunderbird/3g11fcde.default-release/safebrowsing/social-track-digest256.sbstore
thunderbird /usr/lib/thunderbird/libXi.so.6
thunderbird /usr/lib/thunderbird/libc.so.6
thunderbird /lib/x86_64-linux-gnu/libc.so.6
thunderbird /lib/x86_64-linux-gnu/libXi.so.6
thunderbird /usr/lib/thunderbird/libX11.so.6
thunderbird /lib/x86_64-linux-gnu/libX11.so.6
thunderbird /usr/lib/thunderbird/libatk-bridge-2.0.so.0
thunderbird /lib/x86_64-linux-gnu/libatk-bridge-2.0.so.0
thunderbird /usr/lib/thunderbird/libXfixes.so.3
thunderbird /lib/x86_64-linux-gnu/libXfixes.so.3
thunderbird /usr/lib/thunderbird/libxkbcommon.so.0
thunderbird /lib/x86_64-linux-gnu/libxkbcommon.so.0
thunderbird /usr/lib/thunderbird/libwayland-client.so.0
thunderbird /lib/x86_64-linux-gnu/libwayland-client.so.0
thunderbird /usr/lib/thunderbird/libwayland-cursor.so.0
thunderbird /lib/x86_64-linux-gnu/libwayland-cursor.so.0
thunderbird /usr/lib/thunderbird/libwayland-egl.so.1
thunderbird /lib/x86_64-linux-gnu/libwayland-egl.so.1
thunderbird /usr/lib/thunderbird/dependentlibs.list
thunderbird /usr/lib/thunderbird/libnspr4.so
thunderbird /usr/lib/thunderbird/libXext.so.6
thunderbird /lib/x86_64-linux-gnu/libXext.so.6
thunderbird /usr/lib/thunderbird/libplc4.so
thunderbird /usr/lib/thunderbird/libXcursor.so.1
thunderbird /lib/x86_64-linux-gnu/libXcursor.so.1
thunderbird /usr/lib/thunderbird/libplds4.so
thunderbird /usr/lib/thunderbird/libXdamage.so.1
thunderbird /lib/x86_64-linux-gnu/libXdamage.so.1
thunderbird /usr/lib/thunderbird/libmozsandbox.so
thunderbird /usr/lib/thunderbird/libXcomposite.so.1
thunderbird /lib/x86_64-linux-gnu/libXcomposite.so.1
thunderbird /usr/lib/thunderbird/libXrandr.so.2
thunderbird /lib/x86_64-linux-gnu/libXrandr.so.2
thunderbird /usr/lib/thunderbird/libgkcodecs.so
thunderbird /usr/lib/thunderbird/libXinerama.so.1
thunderbird /lib/x86_64-linux-gnu/libXinerama.so.1
thunderbird /usr/lib/thunderbird/libpcre2-8.so.0
thunderbird /lib/x86_64-linux-gnu/libpcre2-8.so.0
thunderbird /usr/lib/thunderbird/liblgpllibs.so
thunderbird /usr/lib/thunderbird/libffi.so.8
thunderbird /lib/x86_64-linux-gnu/libffi.so.8
thunderbird /usr/lib/thunderbird/libnssutil3.so
thunderbird /usr/lib/thunderbird/libz.so.1
thunderbird /lib/x86_64-linux-gnu/libz.so.1
thunderbird /usr/lib/thunderbird/libnss3.so
thunderbird /usr/lib/thunderbird/libmount.so.1
thunderbird /lib/x86_64-linux-gnu/libmount.so.1
thunderbird /usr/lib/thunderbird/libselinux.so.1
thunderbird /usr/lib/thunderbird/libsmime3.so
thunderbird /lib/x86_64-linux-gnu/libselinux.so.1
thunderbird /usr/lib/thunderbird/libthai.so.0
thunderbird /lib/x86_64-linux-gnu/libthai.so.0
thunderbird /usr/lib/thunderbird/libmozsqlite3.so
thunderbird /usr/lib/thunderbird/libfreetype.so.6
thunderbird /lib/x86_64-linux-gnu/libfreetype.so.6
thunderbird /usr/lib/thunderbird/libssl3.so
thunderbird /usr/lib/thunderbird/libgraphite2.so.3
thunderbird /lib/x86_64-linux-gnu/libgraphite2.so.3
thunderbird /usr/lib/thunderbird/libmozgtk.so
thunderbird /usr/lib/thunderbird/libpng16.so.16
thunderbird /lib/x86_64-linux-gnu/libpng16.so.16
thunderbird /usr/lib/thunderbird/libgtk-3.so.0
thunderbird /etc/ld.so.cache
thunderbird /usr/lib/thunderbird/libXrender.so.1
thunderbird /lib/x86_64-linux-gnu/libgtk-3.so.0
thunderbird /lib/x86_64-linux-gnu/libXrender.so.1
thunderbird /usr/lib/thunderbird/libgdk-3.so.0
thunderbird /lib/x86_64-linux-gnu/libgdk-3.so.0
thunderbird /usr/lib/thunderbird/libxcb.so.1
thunderbird /lib/x86_64-linux-gnu/libxcb.so.1
thunderbird /usr/lib/thunderbird/libgmodule-2.0.so.0
thunderbird /lib/x86_64-linux-gnu/libgmodule-2.0.so.0
thunderbird /usr/lib/thunderbird/libxcb-render.so.0
thunderbird /lib/x86_64-linux-gnu/libxcb-render.so.0
thunderbird /usr/lib/thunderbird/libglib-2.0.so.0
thunderbird /lib/x86_64-linux-gnu/libglib-2.0.so.0
thunderbird /usr/lib/thunderbird/libxcb-shm.so.0
thunderbird /lib/x86_64-linux-gnu/libxcb-shm.so.0
thunderbird /usr/lib/thunderbird/libgobject-2.0.so.0
thunderbird /lib/x86_64-linux-gnu/libgobject-2.0.so.0
thunderbird /usr/lib/thunderbird/libpixman-1.so.0
thunderbird /usr/lib/thunderbird/libgio-2.0.so.0
thunderbird /lib/x86_64-linux-gnu/libpixman-1.so.0
thunderbird /lib/x86_64-linux-gnu/libgio-2.0.so.0
thunderbird /usr/lib/thunderbird/libpangocairo-1.0.so.0
thunderbird /usr/lib/thunderbird/libexpat.so.1
thunderbird /lib/x86_64-linux-gnu/libexpat.so.1
thunderbird /lib/x86_64-linux-gnu/libpangocairo-1.0.so.0
thunderbird /usr/lib/thunderbird/libjpeg.so.8
thunderbird /usr/lib/thunderbird/libpango-1.0.so.0
thunderbird /lib/x86_64-linux-gnu/libjpeg.so.8
thunderbird /lib/x86_64-linux-gnu/libpango-1.0.so.0
thunderbird /usr/lib/thunderbird/libatspi.so.0
thunderbird /lib/x86_64-linux-gnu/libatspi.so.0
thunderbird /usr/lib/thunderbird/libharfbuzz.so.0
thunderbird /lib/x86_64-linux-gnu/libharfbuzz.so.0
thunderbird /usr/lib/thunderbird/libdbus-1.so.3
thunderbird /lib/x86_64-linux-gnu/libdbus-1.so.3
thunderbird /usr/lib/thunderbird/libcairo.so.2
thunderbird /lib/x86_64-linux-gnu/libcairo.so.2
thunderbird /usr/lib/thunderbird/libblkid.so.1
thunderbird /lib/x86_64-linux-gnu/libblkid.so.1
thunderbird /usr/lib/thunderbird/libpangoft2-1.0.so.0
thunderbird /lib/x86_64-linux-gnu/libpangoft2-1.0.so.0
thunderbird /usr/lib/thunderbird/libdatrie.so.1
thunderbird /lib/x86_64-linux-gnu/libdatrie.so.1
thunderbird /usr/lib/thunderbird/libfontconfig.so.1
thunderbird /usr/lib/thunderbird/libbz2.so.1.0
thunderbird /lib/x86_64-linux-gnu/libfontconfig.so.1
thunderbird /lib/x86_64-linux-gnu/libbz2.so.1.0
thunderbird /usr/lib/thunderbird/libbrotlidec.so.1
thunderbird /lib/x86_64-linux-gnu/libbrotlidec.so.1
thunderbird /usr/lib/thunderbird/libfribidi.so.0
thunderbird /lib/x86_64-linux-gnu/libfribidi.so.0
thunderbird /usr/lib/thunderbird/libXau.so.6
thunderbird /lib/x86_64-linux-gnu/libXau.so.6
thunderbird /usr/lib/thunderbird/libcairo-gobject.so.2
thunderbird /lib/x86_64-linux-gnu/libcairo-gobject.so.2
thunderbird /usr/lib/thunderbird/libXdmcp.so.6
thunderbird /lib/x86_64-linux-gnu/libXdmcp.so.6
thunderbird /usr/lib/thunderbird/libgdk_pixbuf-2.0.so.0
thunderbird /lib/x86_64-linux-gnu/libgdk_pixbuf-2.0.so.0
thunderbird /usr/lib/thunderbird/libsystemd.so.0
thunderbird /lib/x86_64-linux-gnu/libsystemd.so.0
thunderbird /usr/lib/thunderbird/libatk-1.0.so.0
thunderbird /lib/x86_64-linux-gnu/libatk-1.0.so.0
thunderbird /usr/lib/thunderbird/libbrotlicommon.so.1
thunderbird /lib/x86_64-linux-gnu/libbrotlicommon.so.1
thunderbird /usr/lib/thunderbird/libbsd.so.0
thunderbird /usr/lib/thunderbird/libepoxy.so.0
thunderbird /lib/x86_64-linux-gnu/libbsd.so.0
thunderbird /lib/x86_64-linux-gnu/libepoxy.so.0
thunderbird /usr/lib/thunderbird/libcap.so.2
thunderbird /lib/x86_64-linux-gnu/libcap.so.2
thunderbird /usr/lib/thunderbird/libXi.so.6
thunderbird /lib/x86_64-linux-gnu/libXi.so.6
thunderbird /usr/lib/thunderbird/libgcrypt.so.20
thunderbird /lib/x86_64-linux-gnu/libgcrypt.so.20
thunderbird /usr/lib/thunderbird/libX11.so.6
thunderbird /lib/x86_64-linux-gnu/libX11.so.6
thunderbird /usr/lib/thunderbird/liblz4.so.1
thunderbird /lib/x86_64-linux-gnu/liblz4.so.1
thunderbird /usr/lib/thunderbird/libatk-bridge-2.0.so.0
thunderbird /usr/lib/thunderbird/liblzma.so.5
thunderbird /lib/x86_64-linux-gnu/libatk-bridge-2.0.so.0
thunderbird /lib/x86_64-linux-gnu/liblzma.so.5
thunderbird /usr/lib/thunderbird/libzstd.so.1
thunderbird /lib/x86_64-linux-gnu/libzstd.so.1
thunderbird /usr/lib/thunderbird/libXfixes.so.3
thunderbird /lib/x86_64-linux-gnu/libXfixes.so.3
thunderbird /usr/lib/thunderbird/libmd.so.0
thunderbird /lib/x86_64-linux-gnu/libmd.so.0
thunderbird /usr/lib/thunderbird/libxkbcommon.so.0
thunderbird /lib/x86_64-linux-gnu/libxkbcommon.so.0
thunderbird /usr/lib/thunderbird/libgpg-error.so.0
thunderbird /lib/x86_64-linux-gnu/libgpg-error.so.0
thunderbird /usr/lib/thunderbird/libwayland-client.so.0
thunderbird /lib/x86_64-linux-gnu/libwayland-client.so.0
thunderbird /usr/lib/thunderbird/libwayland-cursor.so.0
thunderbird /lib/x86_64-linux-gnu/libwayland-cursor.so.0
thunderbird /usr/lib/thunderbird/libwayland-egl.so.1
thunderbird /lib/x86_64-linux-gnu/libwayland-egl.so.1
thunderbird /usr/lib/thunderbird/libXext.so.6
thunderbird /lib/x86_64-linux-gnu/libXext.so.6
thunderbird /usr/lib/thunderbird/libXcursor.so.1
thunderbird /lib/x86_64-linux-gnu/libXcursor.so.1
thunderbird /usr/lib/thunderbird/libXdamage.so.1
thunderbird /lib/x86_64-linux-gnu/libXdamage.so.1
thunderbird /usr/lib/thunderbird/libXcomposite.so.1
thunderbird /lib/x86_64-linux-gnu/libXcomposite.so.1
thunderbird /usr/lib/thunderbird/libXrandr.so.2
thunderbird /lib/x86_64-linux-gnu/libXrandr.so.2
thunderbird /usr/lib/thunderbird/libXinerama.so.1
thunderbird /lib/x86_64-linux-gnu/libXinerama.so.1
thunderbird /usr/lib/thunderbird/libpcre2-8.so.0
thunderbird /lib/x86_64-linux-gnu/libpcre2-8.so.0
thunderbird /usr/lib/thunderbird/libffi.so.8
thunderbird /lib/x86_64-linux-gnu/libffi.so.8
thunderbird /usr/lib/thunderbird/libz.so.1
thunderbird /lib/x86_64-linux-gnu/libz.so.1
thunderbird /usr/lib/thunderbird/libmount.so.1
thunderbird /lib/x86_64-linux-gnu/libmount.so.1
thunderbird /usr/lib/thunderbird/libselinux.so.1
thunderbird /lib/x86_64-linux-gnu/libselinux.so.1
thunderbird /usr/lib/thunderbird/libthai.so.0
thunderbird /lib/x86_64-linux-gnu/libthai.so.0
thunderbird /usr/lib/thunderbird/libfreetype.so.6
thunderbird /lib/x86_64-linux-gnu/libfreetype.so.6
thunderbird /usr/lib/thunderbird/libgraphite2.so.3
thunderbird /lib/x86_64-linux-gnu/libgraphite2.so.3
thunderbird /usr/lib/thunderbird/libpng16.so.16
thunderbird /lib/x86_64-linux-gnu/libpng16.so.16
thunderbird /usr/lib/thunderbird/libXrender.so.1
thunderbird /lib/x86_64-linux-gnu/libXrender.so.1
thunderbird /usr/lib/thunderbird/libxcb.so.1
thunderbird /lib/x86_64-linux-gnu/libxcb.so.1
thunderbird /usr/lib/thunderbird/libxcb-render.so.0
thunderbird /lib/x86_64-linux-gnu/libxcb-render.so.0
thunderbird /usr/lib/thunderbird/libxcb-shm.so.0
thunderbird /lib/x86_64-linux-gnu/libxcb-shm.so.0
thunderbird /usr/lib/thunderbird/libpixman-1.so.0
thunderbird /lib/x86_64-linux-gnu/libpixman-1.so.0
thunderbird /usr/lib/thunderbird/libexpat.so.1
thunderbird /lib/x86_64-linux-gnu/libexpat.so.1
thunderbird /usr/lib/thunderbird/libjpeg.so.8
thunderbird /lib/x86_64-linux-gnu/libjpeg.so.8
thunderbird /proc/1510/oom_score_adj
thunderbird /usr/lib/thunderbird/libatspi.so.0
thunderbird /lib/x86_64-linux-gnu/libatspi.so.0
thunderbird /usr/lib/thunderbird/libdbus-1.so.3
thunderbird /lib/x86_64-linux-gnu/libdbus-1.so.3
thunderbird /usr/lib/thunderbird/libblkid.so.1
BgIOThr~Pool #1 /config/.thunderbird/3g11fcde.default-release/SiteSecurityServiceState.bin
thunderbird /lib/x86_64-linux-gnu/libblkid.so.1
thunderbird /usr/lib/thunderbird/libdatrie.so.1
thunderbird /lib/x86_64-linux-gnu/libdatrie.so.1
BgIOThr~Pool #1 /config/.thunderbird/3g11fcde.default-release/AlternateServices.bin
thunderbird /usr/lib/thunderbird/libbz2.so.1.0
thunderbird /lib/x86_64-linux-gnu/libbz2.so.1.0
thunderbird /usr/lib/thunderbird/libbrotlidec.so.1
thunderbird /lib/x86_64-linux-gnu/libbrotlidec.so.1
thunderbird /usr/lib/thunderbird/libXau.so.6
thunderbird /lib/x86_64-linux-gnu/libXau.so.6
thunderbird /proc/filesystems
thunderbird /usr/lib/thunderbird/libXdmcp.so.6
thunderbird /lib/x86_64-linux-gnu/libXdmcp.so.6
thunderbird /usr/lib/thunderbird/libmozwayland.so
thunderbird /usr/lib/thunderbird/libsystemd.so.0
thunderbird /lib/x86_64-linux-gnu/libsystemd.so.0
thunderbird /usr/lib/thunderbird/libbrotlicommon.so.1
thunderbird /usr/lib/thunderbird/libxul.so
thunderbird /lib/x86_64-linux-gnu/libbrotlicommon.so.1
thunderbird /usr/lib/thunderbird/libbsd.so.0
thunderbird /lib/x86_64-linux-gnu/libbsd.so.0
thunderbird /usr/lib/thunderbird/libresolv.so.2
thunderbird /etc/ld.so.cache
thunderbird /lib/x86_64-linux-gnu/libresolv.so.2
thunderbird /usr/lib/thunderbird/libcap.so.2
thunderbird /lib/x86_64-linux-gnu/libcap.so.2
thunderbird /usr/lib/thunderbird/libasound.so.2
thunderbird /lib/x86_64-linux-gnu/libasound.so.2
thunderbird /usr/lib/thunderbird/libgcrypt.so.20
thunderbird /lib/x86_64-linux-gnu/libgcrypt.so.20
thunderbird /usr/lib/thunderbird/libX11-xcb.so.1
thunderbird /usr/lib/thunderbird/liblz4.so.1
thunderbird /lib/x86_64-linux-gnu/libX11-xcb.so.1
thunderbird /lib/x86_64-linux-gnu/liblz4.so.1
thunderbird /usr/lib/thunderbird/liblzma.so.5
thunderbird /lib/x86_64-linux-gnu/liblzma.so.5
thunderbird /usr/lib/thunderbird/libzstd.so.1
thunderbird /lib/x86_64-linux-gnu/libzstd.so.1
thunderbird /usr/lib/thunderbird/libmd.so.0
thunderbird /lib/x86_64-linux-gnu/libmd.so.0
thunderbird /usr/lib/thunderbird/libgpg-error.so.0
thunderbird /lib/x86_64-linux-gnu/libgpg-error.so.0
MainThread /sys/devices/system/cpu/present
MainThread /proc/self/task/1520/stat
MainThread /proc/self/stat
thunderbird /proc/filesystems
thunderbird /usr/lib/thunderbird/libmozwayland.so
BgIOThr~Pool #3 /config/.thunderbird/3g11fcde.default-release/AlternateServices.bin
thunderbird /usr/lib/thunderbird/libxul.so
MainThread /proc/self/maps
thunderbird /usr/lib/thunderbird/libresolv.so.2
thunderbird /etc/ld.so.cache
thunderbird /lib/x86_64-linux-gnu/libresolv.so.2
thunderbird /usr/lib/thunderbird/libasound.so.2
thunderbird /lib/x86_64-linux-gnu/libasound.so.2
thunderbird /usr/lib/thunderbird/libX11-xcb.so.1
thunderbird /lib/x86_64-linux-gnu/libX11-xcb.so.1
Web Content /usr/lib/thunderbird/omni.ja
Web Content /usr/lib/locale/locale-archive
thunderbird /config/.thunderbird/3g11fcde.default-release/extensions
thunderbird /config/.thunderbird/3g11fcde.default-release/system-extensions
thunderbird /config/.mozilla/extensions/{3550f703-e582-4d05-9a08-453d09bdfdc6}
thunderbird /usr/lib/thunderbird/extensions
thunderbird /usr/share/mozilla/extensions/{3550f703-e582-4d05-9a08-453d09bdfdc6}
thunderbird /usr/lib/mozilla/extensions/{3550f703-e582-4d05-9a08-453d09bdfdc6}
Web Content /sys/devices/system/cpu/possible
MainThread /sys/devices/system/cpu/present
MainThread /proc/self/task/1526/stat
MainThread /proc/self/stat
dbus-daemon /run/systemd/users/911
dbus-daemon /proc/1510/cmdline
QuotaManager IO /config/.thunderbird/3g11fcde.default-release/storage/permanent/chrome/idb/3870112724rsegmnoittet-es.sqlite
dbus-daemon /usr/local/share/dbus-1/system-services
dbus-daemon /usr/share/dbus-1/system-services
QuotaManager IO /config/.thunderbird/3g11fcde.default-release/storage/permanent/chrome/idb/3870112724rsegmnoittet-es.sqlite-wal
dbus-daemon /lib/dbus-1/system-services
QuotaManager IO /proc/self/mountinfo
Web Content /proc/self/cgroup
Web Content /proc/self/mountinfo
MainThread /proc/self/maps
Web Content /sys/fs/cgroup/cpu.max
thunderbird /dev
thunderbird /dev/dri
thunderbird /etc/ld.so.conf
thunderbird /etc/ld.so.conf.d
thunderbird /etc/ld.so.conf.d/libc.conf
thunderbird /etc/ld.so.conf.d/x86_64-linux-gnu.conf
Web Content /sys/devices/system/cpu/present
IndexedDB IO #1 /config/.thunderbird/3g11fcde.default-release/storage/permanent/chrome/idb
RDD Process /usr/lib/x86_64-linux-gnu/gdk-pixbuf-2.0/2.10.0/loaders.cache
RDD Process /usr/lib/thunderbird/libavcodec.so.61
RDD Process /etc/ld.so.cache
RDD Process /lib/x86_64-linux-gnu/glibc-hwcaps/x86-64-v3/libavcodec.so.61
RDD Process /lib/x86_64-linux-gnu/glibc-hwcaps/x86-64-v2/libavcodec.so.61
RDD Process /lib/x86_64-linux-gnu/libavcodec.so.61
RDD Process /usr/lib/x86_64-linux-gnu/glibc-hwcaps/x86-64-v3/libavcodec.so.61
RDD Process /usr/lib/x86_64-linux-gnu/glibc-hwcaps/x86-64-v2/libavcodec.so.61
dbus-daemon /run/systemd/users/911
dbus-daemon /proc/1135/cmdline
RDD Process /usr/lib/x86_64-linux-gnu/libavcodec.so.61
RDD Process /lib/glibc-hwcaps/x86-64-v3/libavcodec.so.61
RDD Process /lib/glibc-hwcaps/x86-64-v2/libavcodec.so.61
RDD Process /lib/libavcodec.so.61
RDD Process /usr/lib/glibc-hwcaps/x86-64-v3/libavcodec.so.61
dbus-daemon /usr/local/share/dbus-1/system-services
BgIOThr~Pool #3 /config/.thunderbird/3g11fcde.default-release/AlternateServices.bin
dbus-daemon /usr/share/dbus-1/system-services
RDD Process /usr/lib/glibc-hwcaps/x86-64-v2/libavcodec.so.61
RDD Process /usr/lib/libavcodec.so.61
RDD Process /usr/lib/thunderbird/libavcodec.so.60
RDD Process /etc/ld.so.cache
dbus-daemon /lib/dbus-1/system-services
RDD Process /lib/x86_64-linux-gnu/libavcodec.so.60
Web Content /usr/lib/x86_64-linux-gnu/gdk-pixbuf-2.0/2.10.0/loaders.cache
thunderbird /config/.thunderbird/3g11fcde.default-release/places.sqlite
IndexedDB IO #1 /config/.thunderbird/3g11fcde.default-release/storage/permanent/chrome/idb/3870112724rsegmnoittet-es.sqlite
Web Content /etc/fonts/fonts.conf
IndexedDB IO #1 /config/.thunderbird/3g11fcde.default-release/storage/permanent/chrome/idb/3870112724rsegmnoittet-es.sqlite-wal
thunderbird /config/.thunderbird/3g11fcde.default-release/places.sqlite-journal
Web Content /etc/fonts/conf.d
IndexedDB IO #1 /proc/self/mountinfo
Web Content /usr/share/fontconfig/conf.avail/10-hinting-slight.conf
Web Content /usr/share/fontconfig/conf.avail/10-scale-bitmap-fonts.conf
Web Content /usr/share/fontconfig/conf.avail/10-sub-pixel-rgb.conf
Web Content /usr/share/fontconfig/conf.avail/10-yes-antialias.conf
Web Content /usr/share/fontconfig/conf.avail/11-lcdfilter-default.conf
RDD Process /usr/lib/thunderbird/libswresample.so.4
RDD Process /lib/x86_64-linux-gnu/libswresample.so.4
Web Content /usr/share/fontconfig/conf.avail/20-unhint-small-vera.conf
thunderbird /config/.thunderbird/3g11fcde.default-release
Web Content /usr/share/fontconfig/conf.avail/30-metric-aliases.conf
RDD Process /usr/lib/thunderbird/libavutil.so.58
RDD Process /lib/x86_64-linux-gnu/libavutil.so.58
Web Content /usr/share/fontconfig/conf.avail/30-opensymbol.conf
Web Content /usr/share/fontconfig/conf.avail/40-nonlatin.conf
Web Content /usr/share/fontconfig/conf.avail/45-generic.conf
Web Content /usr/share/fontconfig/conf.avail/45-latin.conf
Web Content /usr/share/fontconfig/conf.avail/48-spacing.conf
Web Content /usr/share/fontconfig/conf.avail/49-sansserif.conf
Web Content /usr/share/fontconfig/conf.avail/50-user.conf
RDD Process /usr/lib/thunderbird/libvpx.so.9
RDD Process /lib/x86_64-linux-gnu/libvpx.so.9
Web Content /usr/share/fontconfig/conf.avail/51-local.conf
Web Content /etc/fonts/conf.avail/56-kubuntu-noto.conf
Web Content /usr/share/fontconfig/conf.avail/60-generic.conf
Web Content /usr/share/fontconfig/conf.avail/60-latin.conf
Web Content /usr/share/fontconfig/conf.avail/urw-bookman.conf
Web Content /usr/share/fontconfig/conf.avail/urw-c059.conf
Web Content /usr/share/fontconfig/conf.avail/urw-d050000l.conf
Web Content /usr/share/fontconfig/conf.avail/urw-fallback-backwards.conf
Web Content /usr/share/fontconfig/conf.avail/urw-fallback-generics.conf
thunderbird /proc/self/mountinfo
RDD Process /usr/lib/thunderbird/libwebpmux.so.3
RDD Process /lib/x86_64-linux-gnu/libwebpmux.so.3
Web Content /usr/share/fontconfig/conf.avail/urw-gothic.conf
Web Content /usr/share/fontconfig/conf.avail/urw-nimbus-mono-ps.conf
thunderbird /config/.thunderbird/3g11fcde.default-release/favicons.sqlite
Web Content /usr/share/fontconfig/conf.avail/urw-nimbus-roman.conf
Web Content /usr/share/fontconfig/conf.avail/urw-nimbus-sans.conf
RDD Process /usr/lib/thunderbird/libdav1d.so.7
RDD Process /lib/x86_64-linux-gnu/libdav1d.so.7
thunderbird /config/.thunderbird/3g11fcde.default-release/favicons.sqlite-journal
Web Content /usr/share/fontconfig/conf.avail/urw-p052.conf
Web Content /usr/share/fontconfig/conf.avail/urw-standard-symbols-ps.conf
Web Content /usr/share/fontconfig/conf.avail/urw-z003.conf
Web Content /usr/share/fontconfig/conf.avail/65-fonts-persian.conf
Web Content /usr/share/fontconfig/conf.avail/65-nonlatin.conf
Web Content /usr/share/fontconfig/conf.avail/69-unifont.conf
RDD Process /usr/lib/thunderbird/librsvg-2.so.2
RDD Process /lib/x86_64-linux-gnu/librsvg-2.so.2
Web Content /usr/share/fontconfig/conf.avail/70-fonts-noto-cjk.conf
thunderbird /config/.thunderbird/3g11fcde.default-release
RDD Process /usr/lib/thunderbird/libzvbi.so.0
RDD Process /lib/x86_64-linux-gnu/libzvbi.so.0
Web Content /usr/share/fontconfig/conf.avail/70-no-bitmaps-except-emoji.conf
Web Content /usr/share/fontconfig/conf.avail/71-ubuntulegacy.conf
Web Content /usr/share/fontconfig/conf.avail/80-delicious.conf
Web Content /usr/share/fontconfig/conf.avail/90-synthetic.conf
RDD Process /usr/lib/thunderbird/libsnappy.so.1
RDD Process /lib/x86_64-linux-gnu/libsnappy.so.1
Web Content /usr/share/fontconfig/conf.avail
Web Content /usr/share/fontconfig/conf.avail/05-reset-dirs-sample.conf
Web Content /usr/share/fontconfig/conf.avail/09-autohint-if-no-hinting.conf
Web Content /usr/share/fontconfig/conf.avail/10-autohint.conf
RDD Process /usr/lib/thunderbird/libaom.so.3
RDD Process /lib/x86_64-linux-gnu/libaom.so.3
Web Content /usr/share/fontconfig/conf.avail/10-hinting-full.conf
Web Content /usr/share/fontconfig/conf.avail/10-hinting-medium.conf
Web Content /usr/share/fontconfig/conf.avail/10-hinting-none.conf
Web Content /usr/share/fontconfig/conf.avail/10-no-antialias.conf
Web Content /usr/share/fontconfig/conf.avail/10-sub-pixel-bgr.conf
Web Content /usr/share/fontconfig/conf.avail/10-sub-pixel-none.conf
Web Content /usr/share/fontconfig/conf.avail/10-sub-pixel-vbgr.conf
Web Content /usr/share/fontconfig/conf.avail/10-sub-pixel-vrgb.conf
Web Content /usr/share/fontconfig/conf.avail/10-unhinted.conf
Web Content /usr/share/fontconfig/conf.avail/11-lcdfilter-legacy.conf
Web Content /usr/share/fontconfig/conf.avail/11-lcdfilter-light.conf
Web Content /usr/share/fontconfig/conf.avail/11-lcdfilter-none.conf
thunderbird /config/.thunderbird/3g11fcde.default-release/favicons.sqlite-journal
Web Content /usr/share/fontconfig/conf.avail/25-unhint-nonlatin.conf
Web Content /usr/share/fontconfig/conf.avail/35-lang-normalize.conf
RDD Process /usr/lib/thunderbird/libcodec2.so.1.2
RDD Process /lib/x86_64-linux-gnu/libcodec2.so.1.2
Web Content /usr/share/fontconfig/conf.avail/53-monospace-lcd-filter.conf
Web Content /usr/share/fontconfig/conf.avail/65-khmer.conf
Web Content /usr/share/fontconfig/conf.avail/70-force-bitmaps.conf
Web Content /usr/share/fontconfig/conf.avail/70-no-bitmaps-and-emoji.conf
thunderbird /config/.thunderbird/3g11fcde.default-release
Web Content /usr/share/fontconfig/conf.avail/70-no-bitmaps.conf
Web Content /usr/share/fontconfig/conf.avail/70-yes-bitmaps.conf
Web Content /usr/local/share/fonts
Web Content /var/cache/fontconfig//4c599c202bc5c08e2d34565a40eac3b2-le64.cache-9
Web Content /config/.cache/fontconfig//4c599c202bc5c08e2d34565a40eac3b2-le64.cache-9
Web Content /usr/local/share/fonts/.uuid
Web Content /config/.fontconfig//4c599c202bc5c08e2d34565a40eac3b2-le64.cache-9
Web Content /usr/local/share/fonts/.uuid
Web Content /usr/share/fonts
Web Content /var/cache/fontconfig//3830d5c3ddfd5cd38a049b759396e72e-le64.cache-9
Web Content /config/.cache/fontconfig//3830d5c3ddfd5cd38a049b759396e72e-le64.cache-9
Web Content /usr/share/fonts/.uuid
Web Content /config/.fontconfig//3830d5c3ddfd5cd38a049b759396e72e-le64.cache-9
Web Content /usr/share/fonts/.uuid
Web Content /usr/share/fonts/X11
Web Content /var/cache/fontconfig//c855463f699352c367813e37f3f70ea7-le64.cache-9
Web Content /config/.cache/fontconfig//c855463f699352c367813e37f3f70ea7-le64.cache-9
Web Content /usr/share/fonts/X11/.uuid
Web Content /config/.fontconfig//c855463f699352c367813e37f3f70ea7-le64.cache-9
Web Content /usr/share/fonts/X11/.uuid
Web Content /usr/share/fonts/cMap
Web Content /var/cache/fontconfig//32b6488e5b8292a2e95c79d947e009e8-le64.cache-9
Web Content /config/.cache/fontconfig//32b6488e5b8292a2e95c79d947e009e8-le64.cache-9
Web Content /usr/share/fonts/cMap/.uuid
Web Content /config/.fontconfig//32b6488e5b8292a2e95c79d947e009e8-le64.cache-9
Web Content /usr/share/fonts/cMap/.uuid
Web Content /usr/share/fonts/cmap
Web Content /var/cache/fontconfig//57e423e26b20ab21d0f2f29c145174c3-le64.cache-9
Web Content /config/.cache/fontconfig//57e423e26b20ab21d0f2f29c145174c3-le64.cache-9
Web Content /usr/share/fonts/cmap/.uuid
Web Content /config/.fontconfig//57e423e26b20ab21d0f2f29c145174c3-le64.cache-9
Web Content /usr/share/fonts/cmap/.uuid
Web Content /usr/share/fonts/opentype
Web Content /var/cache/fontconfig//573ec803664ed168555e0e8b6d0f0c7f-le64.cache-9
Web Content /config/.cache/fontconfig//573ec803664ed168555e0e8b6d0f0c7f-le64.cache-9
Web Content /usr/share/fonts/opentype/.uuid
Web Content /config/.fontconfig//573ec803664ed168555e0e8b6d0f0c7f-le64.cache-9
Web Content /usr/share/fonts/opentype/.uuid
Web Content /usr/share/fonts/truetype
Web Content /var/cache/fontconfig//7ef2298fde41cc6eeb7af42e48b7d293-le64.cache-9
Web Content /config/.cache/fontconfig//7ef2298fde41cc6eeb7af42e48b7d293-le64.cache-9
Web Content /usr/share/fonts/truetype/.uuid
Web Content /config/.fontconfig//7ef2298fde41cc6eeb7af42e48b7d293-le64.cache-9
Web Content /usr/share/fonts/truetype/.uuid
Web Content /usr/share/fonts/type1
Web Content /var/cache/fontconfig//d82eb4fd963d448e2fcb7d7b793b5df3-le64.cache-9
Web Content /config/.cache/fontconfig//d82eb4fd963d448e2fcb7d7b793b5df3-le64.cache-9
Web Content /usr/share/fonts/type1/.uuid
Web Content /config/.fontconfig//d82eb4fd963d448e2fcb7d7b793b5df3-le64.cache-9
Web Content /usr/share/fonts/type1/.uuid
Web Content /usr/share/fonts/X11/Type1
Web Content /var/cache/fontconfig//e13b20fdb08344e0e664864cc2ede53d-le64.cache-9
Web Content /config/.cache/fontconfig//e13b20fdb08344e0e664864cc2ede53d-le64.cache-9
Web Content /usr/share/fonts/X11/Type1/.uuid
Web Content /config/.fontconfig//e13b20fdb08344e0e664864cc2ede53d-le64.cache-9
Web Content /usr/share/fonts/X11/Type1/.uuid
Web Content /usr/share/fonts/X11/encodings
Web Content /var/cache/fontconfig//707971e003b4ae6c8121c3a920e507f5-le64.cache-9
Web Content /config/.cache/fontconfig//707971e003b4ae6c8121c3a920e507f5-le64.cache-9
Web Content /usr/share/fonts/X11/encodings/.uuid
Web Content /config/.fontconfig//707971e003b4ae6c8121c3a920e507f5-le64.cache-9
Web Content /usr/share/fonts/X11/encodings/.uuid
Web Content /usr/share/fonts/X11/misc
Web Content /var/cache/fontconfig//cabbd14511b9e8a55e92af97fb3a0461-le64.cache-9
thunderbird /proc/self/mountinfo
Web Content /config/.cache/fontconfig//cabbd14511b9e8a55e92af97fb3a0461-le64.cache-9
Web Content /usr/share/fonts/X11/misc/.uuid
Web Content /config/.fontconfig//cabbd14511b9e8a55e92af97fb3a0461-le64.cache-9
Web Content /usr/share/fonts/X11/misc/.uuid
Web Content /usr/share/fonts/X11/util
Web Content /var/cache/fontconfig//fe547fea3a41b43a38975d292a2b19c7-le64.cache-9
Web Content /config/.cache/fontconfig//fe547fea3a41b43a38975d292a2b19c7-le64.cache-9
Web Content /usr/share/fonts/X11/util/.uuid
Web Content /config/.fontconfig//fe547fea3a41b43a38975d292a2b19c7-le64.cache-9
Web Content /usr/share/fonts/X11/util/.uuid
Web Content /usr/share/fonts/cmap/adobe-cns1
thunderbird /config/.thunderbird/3g11fcde.default-release/favicons.sqlite-wal
Web Content /var/cache/fontconfig//f1f2465696798768e9653f19e17ccdc8-le64.cache-9
Web Content /config/.cache/fontconfig//f1f2465696798768e9653f19e17ccdc8-le64.cache-9
Web Content /usr/share/fonts/cmap/adobe-cns1/.uuid
Web Content /config/.fontconfig//f1f2465696798768e9653f19e17ccdc8-le64.cache-9
Web Content /usr/share/fonts/cmap/adobe-cns1/.uuid
RDD Process /usr/lib/thunderbird/libgsm.so.1
Web Content /usr/share/fonts/cmap/adobe-gb1
RDD Process /lib/x86_64-linux-gnu/libgsm.so.1
Web Content /var/cache/fontconfig//95530828ff6c81d309f8258d8d02a23e-le64.cache-9
Web Content /config/.cache/fontconfig//95530828ff6c81d309f8258d8d02a23e-le64.cache-9
Web Content /usr/share/fonts/cmap/adobe-gb1/.uuid
Web Content /config/.fontconfig//95530828ff6c81d309f8258d8d02a23e-le64.cache-9
Web Content /usr/share/fonts/cmap/adobe-gb1/.uuid
Web Content /usr/share/fonts/cmap/adobe-japan1
Web Content /var/cache/fontconfig//d3e5c4ee2ceb1fc347f91d4cefc53bc0-le64.cache-9
Web Content /config/.cache/fontconfig//d3e5c4ee2ceb1fc347f91d4cefc53bc0-le64.cache-9
Web Content /usr/share/fonts/cmap/adobe-japan1/.uuid
Web Content /config/.fontconfig//d3e5c4ee2ceb1fc347f91d4cefc53bc0-le64.cache-9
Web Content /usr/share/fonts/cmap/adobe-japan1/.uuid
Web Content /usr/share/fonts/cmap/adobe-japan2
Web Content /var/cache/fontconfig//e52a45a1c8c8fe895fc0fc8c4e6999b8-le64.cache-9
Web Content /config/.cache/fontconfig//e52a45a1c8c8fe895fc0fc8c4e6999b8-le64.cache-9
RDD Process /usr/lib/thunderbird/libjxl.so.0.7
Web Content /usr/share/fonts/cmap/adobe-japan2/.uuid
Web Content /config/.fontconfig//e52a45a1c8c8fe895fc0fc8c4e6999b8-le64.cache-9
RDD Process /lib/x86_64-linux-gnu/libjxl.so.0.7
Web Content /usr/share/fonts/cmap/adobe-japan2/.uuid
Web Content /usr/share/fonts/cmap/adobe-korea1
Web Content /var/cache/fontconfig//188ac73a183f12857f63bb60a4a6d603-le64.cache-9
Web Content /config/.cache/fontconfig//188ac73a183f12857f63bb60a4a6d603-le64.cache-9
Web Content /usr/share/fonts/cmap/adobe-korea1/.uuid
Web Content /config/.fontconfig//188ac73a183f12857f63bb60a4a6d603-le64.cache-9
Web Content /usr/share/fonts/cmap/adobe-korea1/.uuid
Web Content /usr/share/fonts/opentype/noto
Web Content /var/cache/fontconfig//9b89f8e3dae116d678bbf48e5f21f69b-le64.cache-9
Web Content /config/.cache/fontconfig//9b89f8e3dae116d678bbf48e5f21f69b-le64.cache-9
Web Content /usr/share/fonts/opentype/noto/.uuid
Web Content /config/.fontconfig//9b89f8e3dae116d678bbf48e5f21f69b-le64.cache-9
Web Content /usr/share/fonts/opentype/noto/.uuid
Web Content /usr/share/fonts/opentype/urw-base35
Web Content /var/cache/fontconfig//6cc790b63b123a6a96ee260fcdad32a9-le64.cache-9
Web Content /config/.cache/fontconfig//6cc790b63b123a6a96ee260fcdad32a9-le64.cache-9
Web Content /usr/share/fonts/opentype/urw-base35/.uuid
thunderbird /config/.thunderbird/3g11fcde.default-release
Web Content /config/.fontconfig//6cc790b63b123a6a96ee260fcdad32a9-le64.cache-9
Web Content /usr/share/fonts/opentype/urw-base35/.uuid
Web Content /usr/share/fonts/truetype/dm-mono
Web Content /var/cache/fontconfig//c7ddd67d65d940f1c07452067469d45b-le64.cache-9
Web Content /config/.cache/fontconfig//c7ddd67d65d940f1c07452067469d45b-le64.cache-9
Web Content /usr/share/fonts/truetype/dm-mono/.uuid
Web Content /config/.fontconfig//c7ddd67d65d940f1c07452067469d45b-le64.cache-9
Web Content /usr/share/fonts/truetype/dm-mono/.uuid
Web Content /usr/share/fonts/truetype/liberation
Web Content /var/cache/fontconfig//3047814df9a2f067bd2d96a2b9c36e5a-le64.cache-9
Web Content /config/.cache/fontconfig//3047814df9a2f067bd2d96a2b9c36e5a-le64.cache-9
Web Content /usr/share/fonts/truetype/liberation/.uuid
Web Content /config/.fontconfig//3047814df9a2f067bd2d96a2b9c36e5a-le64.cache-9
Web Content /usr/share/fonts/truetype/liberation/.uuid
Web Content /usr/share/fonts/truetype/libreoffice
Web Content /var/cache/fontconfig//da43223dd54fb3bb4243ae19d4b583b2-le64.cache-9
Web Content /config/.cache/fontconfig//da43223dd54fb3bb4243ae19d4b583b2-le64.cache-9
Web Content /usr/share/fonts/truetype/libreoffice/.uuid
Web Content /config/.fontconfig//da43223dd54fb3bb4243ae19d4b583b2-le64.cache-9
Web Content /usr/share/fonts/truetype/libreoffice/.uuid
Web Content /usr/share/fonts/truetype/noto
Web Content /var/cache/fontconfig//0bd3dc0958fa2205aaaa8ebb13e2872b-le64.cache-9
Web Content /config/.cache/fontconfig//0bd3dc0958fa2205aaaa8ebb13e2872b-le64.cache-9
Web Content /usr/share/fonts/truetype/noto/.uuid
Web Content /config/.fontconfig//0bd3dc0958fa2205aaaa8ebb13e2872b-le64.cache-9
Web Content /usr/share/fonts/truetype/noto/.uuid
RDD Process /usr/lib/thunderbird/libjxl_threads.so.0.7
RDD Process /lib/x86_64-linux-gnu/libjxl_threads.so.0.7
Web Content /usr/share/fonts/truetype/space-grotesk
Web Content /var/cache/fontconfig//60495f9738a6f38c2f3f93e3ff28e478-le64.cache-9
Web Content /config/.cache/fontconfig//60495f9738a6f38c2f3f93e3ff28e478-le64.cache-9
Web Content /usr/share/fonts/truetype/space-grotesk/.uuid
Web Content /config/.fontconfig//60495f9738a6f38c2f3f93e3ff28e478-le64.cache-9
Web Content /usr/share/fonts/truetype/space-grotesk/.uuid
Web Content /usr/share/fonts/truetype/ubuntu
Web Content /var/cache/fontconfig//2300eef321c393bfd76478a5c0e95b23-le64.cache-9
RDD Process /usr/lib/thunderbird/libmp3lame.so.0
RDD Process /lib/x86_64-linux-gnu/libmp3lame.so.0
Web Content /config/.cache/fontconfig//2300eef321c393bfd76478a5c0e95b23-le64.cache-9
RDD Process /usr/lib/thunderbird/libopenjp2.so.7
Web Content /usr/share/fonts/truetype/ubuntu/.uuid
RDD Process /lib/x86_64-linux-gnu/libopenjp2.so.7
Web Content /config/.fontconfig//2300eef321c393bfd76478a5c0e95b23-le64.cache-9
Web Content /usr/share/fonts/truetype/ubuntu/.uuid
Web Content /usr/share/fonts/type1/urw-base35
Web Content /var/cache/fontconfig//a4e60e8d1e10d2fdff3fe3037a1845fb-le64.cache-9
Web Content /config/.cache/fontconfig//a4e60e8d1e10d2fdff3fe3037a1845fb-le64.cache-9
Web Content /usr/share/fonts/type1/urw-base35/.uuid
Web Content /config/.fontconfig//a4e60e8d1e10d2fdff3fe3037a1845fb-le64.cache-9
RDD Process /usr/lib/thunderbird/libopus.so.0
Web Content /usr/share/fonts/type1/urw-base35/.uuid
RDD Process /lib/x86_64-linux-gnu/libopus.so.0
Web Content /usr/share/fonts/X11/encodings/large
Web Content /var/cache/fontconfig//6333f38776742d18e214673cd2c24e34-le64.cache-9
RDD Process /usr/lib/thunderbird/librav1e.so.0
RDD Process /lib/x86_64-linux-gnu/librav1e.so.0
Web Content /config/.cache/fontconfig//6333f38776742d18e214673cd2c24e34-le64.cache-9
Web Content /usr/share/fonts/X11/encodings/large/.uuid
Web Content /config/.fontconfig//6333f38776742d18e214673cd2c24e34-le64.cache-9
Web Content /usr/share/fonts/X11/encodings/large/.uuid
RDD Process /usr/lib/thunderbird/libshine.so.3
RDD Process /lib/x86_64-linux-gnu/libshine.so.3
RDD Process /usr/lib/thunderbird/libspeex.so.1
RDD Process /lib/x86_64-linux-gnu/libspeex.so.1
RDD Process /usr/lib/thunderbird/libSvtAv1Enc.so.1
RDD Process /lib/x86_64-linux-gnu/libSvtAv1Enc.so.1
thunderbird /config/.thunderbird/3g11fcde.default-release/favicons.sqlite
Web Content /sys/devices/system/cpu/present
thunderbird /config/.thunderbird/3g11fcde.default-release/favicons.sqlite-wal
thunderbird /config/.thunderbird/3g11fcde.default-release/places.sqlite-wal
RDD Process /usr/lib/thunderbird/libtheoraenc.so.1
RDD Process /lib/x86_64-linux-gnu/libtheoraenc.so.1
RDD Process /usr/lib/thunderbird/libtheoradec.so.1
RDD Process /lib/x86_64-linux-gnu/libtheoradec.so.1
RDD Process /usr/lib/thunderbird/libtwolame.so.0
RDD Process /lib/x86_64-linux-gnu/libtwolame.so.0
RDD Process /usr/lib/thunderbird/libvorbis.so.0
RDD Process /lib/x86_64-linux-gnu/libvorbis.so.0
RDD Process /usr/lib/thunderbird/libvorbisenc.so.2
RDD Process /lib/x86_64-linux-gnu/libvorbisenc.so.2
RDD Process /usr/lib/thunderbird/libwebp.so.7
RDD Process /lib/x86_64-linux-gnu/libwebp.so.7
thunderbird /config/.thunderbird/3g11fcde.default-release
RDD Process /usr/lib/thunderbird/libx264.so.164
RDD Process /lib/x86_64-linux-gnu/libx264.so.164
RDD Process /usr/lib/thunderbird/libx265.so.199
RDD Process /lib/x86_64-linux-gnu/libx265.so.199
RDD Process /usr/lib/thunderbird/libxvidcore.so.4
RDD Process /lib/x86_64-linux-gnu/libxvidcore.so.4
RDD Process /usr/lib/thunderbird/libva.so.2
RDD Process /lib/x86_64-linux-gnu/libva.so.2
RDD Process /usr/lib/thunderbird/libvpl.so.2
RDD Process /lib/x86_64-linux-gnu/libvpl.so.2
RDD Process /usr/lib/thunderbird/libsoxr.so.0
RDD Process /lib/x86_64-linux-gnu/libsoxr.so.0
RDD Process /usr/lib/thunderbird/libva-drm.so.2
RDD Process /lib/x86_64-linux-gnu/libva-drm.so.2
RDD Process /usr/lib/thunderbird/libva-x11.so.2
RDD Process /lib/x86_64-linux-gnu/libva-x11.so.2
RDD Process /usr/lib/thunderbird/libvdpau.so.1
RDD Process /lib/x86_64-linux-gnu/libvdpau.so.1
RDD Process /usr/lib/thunderbird/libdrm.so.2
RDD Process /lib/x86_64-linux-gnu/libdrm.so.2
RDD Process /usr/lib/thunderbird/libOpenCL.so.1
RDD Process /lib/x86_64-linux-gnu/libOpenCL.so.1
RDD Process /usr/lib/thunderbird/libxml2.so.2
RDD Process /lib/x86_64-linux-gnu/libxml2.so.2
RDD Process /usr/lib/thunderbird/libhwy.so.1
RDD Process /lib/x86_64-linux-gnu/libhwy.so.1
RDD Process /usr/lib/thunderbird/libbrotlienc.so.1
RDD Process /lib/x86_64-linux-gnu/libbrotlienc.so.1
RDD Process /usr/lib/thunderbird/liblcms2.so.2
RDD Process /lib/x86_64-linux-gnu/liblcms2.so.2
RDD Process /usr/lib/thunderbird/libogg.so.0
RDD Process /lib/x86_64-linux-gnu/libogg.so.0
RDD Process /usr/lib/thunderbird/libsharpyuv.so.0
RDD Process /lib/x86_64-linux-gnu/libsharpyuv.so.0
RDD Process /usr/lib/thunderbird/libnuma.so.1
RDD Process /lib/x86_64-linux-gnu/libnuma.so.1
RDD Process /usr/lib/thunderbird/libgomp.so.1
RDD Process /lib/x86_64-linux-gnu/libgomp.so.1
RDD Process /usr/lib/thunderbird/libxcb-dri3.so.0
RDD Process /lib/x86_64-linux-gnu/libxcb-dri3.so.0
RDD Process /usr/lib/thunderbird/libicuuc.so.74
RDD Process /lib/x86_64-linux-gnu/libicuuc.so.74
RDD Process /usr/lib/thunderbird/libicudata.so.74
RDD Process /lib/x86_64-linux-gnu/libicudata.so.74
BgIOThr~Pool #3 /proc/cpuinfo
BgIOThr~Pool #3 /sys/devices/system/cpu/cpu0/cpufreq/cpuinfo_max_freq
BgIOThr~Pool #3 /sys/devices/system/cpu/cpu0/cache/index2/size
BgIOThr~Pool #3 /sys/devices/system/cpu/cpu0/cache/index3/size
BgIOThr~Pool #3 /sys/devices/system/cpu/present
BgIOThr~Pool #3 /sys/devices/system/cpu/possible
BgIOThr~Pool #3 /sys/devices/system/cpu/cpu0/topology/core_cpus
BgIOThr~Pool #3 /sys/devices/system/cpu/cpu1/topology/core_cpus
BgIOThr~Pool #3 /sys/devices/system/cpu/cpu2/topology/core_cpus
BgIOThr~Pool #3 /sys/devices/system/cpu/cpu3/topology/core_cpus
BgIOThr~Pool #3 /sys/devices/system/cpu/cpu4/topology/core_cpus
BgIOThr~Pool #3 /sys/devices/system/cpu/cpu5/topology/core_cpus
BgIOThr~Pool #3 /sys/devices/system/cpu/cpu6/topology/core_cpus
BgIOThr~Pool #3 /sys/devices/system/cpu/cpu7/topology/core_cpus
BgIOThr~Pool #3 /sys/devices/system/cpu/cpu8/topology/core_cpus
BgIOThr~Pool #3 /sys/devices/system/cpu/cpu9/topology/core_cpus
BgIOThr~Pool #3 /sys/devices/system/cpu/cpu10/topology/core_cpus
BgIOThr~Pool #3 /sys/devices/system/cpu/cpu11/topology/core_cpus
BgIOThr~Pool #3 /sys/devices/system/cpu/cpu12/topology/core_cpus
BgIOThr~Pool #3 /sys/devices/system/cpu/cpu13/topology/core_cpus
BgIOThr~Pool #3 /sys/devices/system/cpu/cpu14/topology/core_cpus
BgIOThr~Pool #3 /sys/devices/system/cpu/cpu15/topology/core_cpus
RDD Process /sys/devices/system/cpu/possible
RDD Process /proc/self/status
RDD Process /sys/devices/system/node
RDD Process /sys/devices/system/cpu/possible
RDD Process /proc/self/status
sqldb:p~lite #4 /config/.thunderbird/3g11fcde.default-release/places.sqlite
sqldb:p~lite #4 /config/.thunderbird/3g11fcde.default-release/places.sqlite-wal
RDD Process /usr/lib/thunderbird/libmozavutil.so
RDD Process /usr/lib/thunderbird/libmozavcodec.so
StreamTrans #5 /config/.thunderbird/3g11fcde.default-release/prefs.js
StreamTrans #5 /config/.thunderbird/3g11fcde.default-release/prefs-1.js
StreamTrans #5 /config/.thunderbird/3g11fcde.default-release/prefs-1.js
sqldb:p~lite #4 /config/.thunderbird/3g11fcde.default-release/favicons.sqlite
sqldb:p~lite #4 /config/.thunderbird/3g11fcde.default-release/favicons.sqlite-wal
thunderbird /config/.thunderbird/3g11fcde.default-release/global-messages-db.sqlite
thunderbird /config/.thunderbird/3g11fcde.default-release/global-messages-db.sqlite-journal
thunderbird /config/.thunderbird/3g11fcde.default-release
thunderbird /config/.thunderbird/3g11fcde.default-release/global-messages-db.sqlite-journal
thunderbird /config/.thunderbird/3g11fcde.default-release
sqldb:g~lite #5 /config/.thunderbird/3g11fcde.default-release/global-messages-db.sqlite-journal
sqldb:g~lite #5 /config/.thunderbird/3g11fcde.default-release
DNS Resolver #1 /etc/hosts
sqldb:g~lite #5 /config/.thunderbird/3g11fcde.default-release/global-messages-db.sqlite-journal
thunderbird /config/.thunderbird/3g11fcde.default-release/blist.sqlite-journal
sqldb:g~lite #5 /config/.thunderbird/3g11fcde.default-release
sqldb:g~lite #5 /config/.thunderbird/3g11fcde.default-release/global-messages-db.sqlite-journal
sqldb:g~lite #5 /config/.thunderbird/3g11fcde.default-release
sqldb:g~lite #5 /config/.thunderbird/3g11fcde.default-release/global-messages-db.sqlite-journal
sqldb:g~lite #5 /config/.thunderbird/3g11fcde.default-release
sqldb:g~lite #5 /config/.thunderbird/3g11fcde.default-release/global-messages-db.sqlite-journal
sqldb:g~lite #5 /config/.thunderbird/3g11fcde.default-release
sqldb:g~lite #5 /config/.thunderbird/3g11fcde.default-release/global-messages-db.sqlite-journal
sqldb:g~lite #5 /config/.thunderbird/3g11fcde.default-release
thunderbird /config/.thunderbird/3g11fcde.default-release/global-messages-db.sqlite-journal
thunderbird /config/.thunderbird/3g11fcde.default-release
sqldb:g~lite #5 /config/.thunderbird/3g11fcde.default-release/global-messages-db.sqlite-journal
sqldb:g~lite #5 /config/.thunderbird/3g11fcde.default-release
sqldb:g~lite #5 /config/.thunderbird/3g11fcde.default-release/global-messages-db.sqlite-journal
sqldb:g~lite #5 /config/.thunderbird/3g11fcde.default-release
thunderbird /config/.thunderbird/3g11fcde.default-release/global-messages-db.sqlite-journal
thunderbird /config/.thunderbird/3g11fcde.default-release
xclip /etc/ld.so.cache
xclip /lib/x86_64-linux-gnu/libXmu.so.6
xclip /lib/x86_64-linux-gnu/libX11.so.6
xclip /lib/x86_64-linux-gnu/libc.so.6
xclip /lib/x86_64-linux-gnu/libXt.so.6
xclip /lib/x86_64-linux-gnu/libXext.so.6
xclip /lib/x86_64-linux-gnu/libxcb.so.1
xclip /lib/x86_64-linux-gnu/libSM.so.6
xclip /lib/x86_64-linux-gnu/libICE.so.6
xclip /lib/x86_64-linux-gnu/libXau.so.6
xclip /lib/x86_64-linux-gnu/libXdmcp.so.6
xclip /lib/x86_64-linux-gnu/libuuid.so.1
xclip /lib/x86_64-linux-gnu/libbsd.so.0
xclip /lib/x86_64-linux-gnu/libmd.so.0
sqldb:g~lite #5 /config/.thunderbird/3g11fcde.default-release/global-messages-db.sqlite-journal
xclip /usr/share/X11/locale/locale.alias
xclip /usr/share/X11/locale/locale.dir
xclip /usr/share/X11/locale/C/XLC_LOCALE
xclip /usr/share/X11/locale/locale.alias
sqldb:g~lite #5 /config/.thunderbird/3g11fcde.default-release
xclip /usr/share/X11/locale/locale.dir
xclip /usr/share/X11/locale/C/XLC_LOCALE
Xvfb /proc/1559/cmdline
sqldb:g~lite #5 /config/.thunderbird/3g11fcde.default-release/global-messages-db.sqlite-journal
sqldb:g~lite #5 /config/.thunderbird/3g11fcde.default-release
sqldb:g~lite #5 /config/.thunderbird/3g11fcde.default-release/global-messages-db.sqlite-journal
sqldb:g~lite #5 /config/.thunderbird/3g11fcde.default-release
sqldb:g~lite #5 /config/.thunderbird/3g11fcde.default-release/global-messages-db.sqlite-journal
sqldb:g~lite #5 /config/.thunderbird/3g11fcde.default-release
sqldb:g~lite #5 /config/.thunderbird/3g11fcde.default-release/global-messages-db.sqlite-journal
sqldb:g~lite #5 /config/.thunderbird/3g11fcde.default-release
sqldb:g~lite #5 /config/.thunderbird/3g11fcde.default-release/global-messages-db.sqlite-journal
sqldb:g~lite #5 /config/.thunderbird/3g11fcde.default-release
sqldb:g~lite #5 /config/.thunderbird/3g11fcde.default-release/global-messages-db.sqlite-journal
sqldb:g~lite #5 /config/.thunderbird/3g11fcde.default-release
sqldb:g~lite #5 /config/.thunderbird/3g11fcde.default-release/global-messages-db.sqlite-journal
sqldb:g~lite #5 /config/.thunderbird/3g11fcde.default-release
BgIOThr~Pool #3 /config/.thunderbird/3g11fcde.default-release/bounce-tracking-protection.sqlite
sqldb:g~lite #5 /config/.thunderbird/3g11fcde.default-release/global-messages-db.sqlite-journal
BgIOThr~Pool #3 /config/.thunderbird/3g11fcde.default-release/bounce-tracking-protection.sqlite-journal
sqldb:g~lite #5 /config/.thunderbird/3g11fcde.default-release
BgIOThr~Pool #3 /config/.thunderbird/3g11fcde.default-release
thunderbird /config/.thunderbird/3g11fcde.default-release
BgIOThr~Pool #3 /config/.thunderbird/3g11fcde.default-release/bounce-tracking-protection.sqlite-journal
BgIOThr~Pool #3 /config/.thunderbird/3g11fcde.default-release
sqldb:g~lite #5 /config/.thunderbird/3g11fcde.default-release/global-messages-db.sqlite-journal
selkies /proc/stat
selkies /proc/meminfo
sqldb:g~lite #5 /config/.thunderbird/3g11fcde.default-release
BgIOThr~Pool #1 /config/.thunderbird/3g11fcde.default-release/SiteSecurityServiceState.bin
BgIOThr~Pool #1 /config/.thunderbird/3g11fcde.default-release/AlternateServices.bin
sqldb:g~lite #5 /config/.thunderbird/3g11fcde.default-release/global-messages-db.sqlite-journal
sqldb:g~lite #5 /config/.thunderbird/3g11fcde.default-release
Isolated Web Co /etc/localtime
Cache2 I/O /config/.cache/thunderbird/3g11fcde.default-release/cache2/entries/4AA2C32A02998349EFA843BC56129D9968DA6FAF
Cache2 I/O /proc/self/mountinfo
QuotaManager IO /proc/self/mountinfo
Cache2 I/O /proc/self/mountinfo
QuotaManager IO /config/.thunderbird/3g11fcde.default-release/storage/temporary
Cache2 I/O /proc/self/mountinfo
QuotaManager IO /config/.thunderbird/3g11fcde.default-release/storage/default
Cache2 I/O /proc/self/mountinfo
QuotaManager IO /config/.thunderbird/3g11fcde.default-release/storage.sqlite-journal
BgIOThr~Pool #3 /config/.thunderbird/3g11fcde.default-release/scheduled-notifications/notifications.json
QuotaManager IO /config/.thunderbird/3g11fcde.default-release
dbus-daemon /config/.XDG/dbus-1/services
dbus-daemon /config/.local/share/dbus-1/services
dbus-daemon /usr/local/share/dbus-1/services
dbus-daemon /usr/share/dbus-1/services
dbus-daemon /usr/share/dbus-1/services/org.kde.plasma.Notifications.service
sqldb:g~lite #5 /config/.thunderbird/3g11fcde.default-release/global-messages-db.sqlite-journal
thunderbird /etc/ld.so.cache
thunderbird /lib/x86_64-linux-gnu/libXss.so.1
sqldb:g~lite #5 /config/.thunderbird/3g11fcde.default-release
QuotaManager IO /config/.thunderbird/3g11fcde.default-release
sqldb:g~lite #5 /config/.thunderbird/3g11fcde.default-release/global-messages-db.sqlite-journal
sqldb:g~lite #5 /config/.thunderbird/3g11fcde.default-release
glean.init /etc/localtime
glean.init /config/.thunderbird/3g11fcde.default-release/datareporting/glean/db
glean.init /config/.thunderbird/3g11fcde.default-release/datareporting/glean/db/data.safe.tmp
glean.init /config/.thunderbird/3g11fcde.default-release/datareporting/glean/db/data.safe.tmp
glean.init /config/.thunderbird/3g11fcde.default-release/datareporting/glean/db/data.safe.tmp
glean.init /config/.thunderbird/3g11fcde.default-release/datareporting/glean/db/data.safe.tmp
glean.ping_dire /config/.thunderbird/3g11fcde.default-release/datareporting/glean/pending_pings
glean.ping_dire /config/.thunderbird/3g11fcde.default-release/datareporting/glean/deletion_request
glean.init /config/.thunderbird/3g11fcde.default-release/datareporting/glean/db/data.safe.tmp
glean.init /config/.thunderbird/3g11fcde.default-release/datareporting/glean/db/data.safe.tmp
glean.init /config/.thunderbird/3g11fcde.default-release/datareporting/glean/db/data.safe.tmp
glean.init /config/.thunderbird/3g11fcde.default-release/datareporting/glean/db/data.safe.tmp
glean.init /config/.thunderbird/3g11fcde.default-release/datareporting/glean/db/data.safe.tmp
glean.init /config/.thunderbird/3g11fcde.default-release/datareporting/glean/db/data.safe.tmp
glean.init /config/.thunderbird/3g11fcde.default-release/datareporting/glean/db/data.safe.tmp
glean.init /config/.thunderbird/3g11fcde.default-release/datareporting/glean/events
glean.init /config/.thunderbird/3g11fcde.default-release/datareporting/glean/db/data.safe.tmp
glean.dispatche /config/.thunderbird/3g11fcde.default-release/datareporting/glean/db/data.safe.tmp
glean.dispatche /config/.thunderbird/3g11fcde.default-release/datareporting/glean/db/data.safe.tmp
glean.dispatche /config/.thunderbird/3g11fcde.default-release/datareporting/glean/db/data.safe.tmp
glean.dispatche /config/.thunderbird/3g11fcde.default-release/datareporting/glean/db/data.safe.tmp
glean.dispatche /config/.thunderbird/3g11fcde.default-release/datareporting/glean/db/data.safe.tmp
glean.dispatche /config/.thunderbird/3g11fcde.default-release/datareporting/glean/db/data.safe.tmp
glean.dispatche /config/.thunderbird/3g11fcde.default-release/datareporting/glean/db/data.safe.tmp
glean.dispatche /config/.thunderbird/3g11fcde.default-release/datareporting/glean/db/data.safe.tmp
sqldb:g~lite #5 /config/.thunderbird/3g11fcde.default-release/global-messages-db.sqlite-journal
glean.dispatche /config/.thunderbird/3g11fcde.default-release/datareporting/glean/db/data.safe.tmp
glean.dispatche /config/.thunderbird/3g11fcde.default-release/datareporting/glean/db/data.safe.tmp
glean.dispatche /config/.thunderbird/3g11fcde.default-release/datareporting/glean/db/data.safe.tmp
Cache2 I/O /config/.cache/thunderbird/3g11fcde.default-release/cache2/entries/29EF9EDDF04372158E908BC0CA57ABAAB2BF1BFB
Cache2 I/O /proc/self/mountinfo
Cache2 I/O /proc/self/mountinfo
glean.dispatche /config/.thunderbird/3g11fcde.default-release/datareporting/glean/db/data.safe.tmp
glean.dispatche /etc/localtime
glean.dispatche /config/.thunderbird/3g11fcde.default-release/datareporting/glean/db/data.safe.tmp
Cache2 I/O /proc/self/mountinfo
glean.dispatche /config/.thunderbird/3g11fcde.default-release/datareporting/glean/db/data.safe.tmp
glean.dispatche /config/.thunderbird/3g11fcde.default-release/datareporting/glean/db/data.safe.tmp
Cache2 I/O /proc/self/mountinfo
glean.dispatche /config/.thunderbird/3g11fcde.default-release/datareporting/glean/tmp/25f7b216-1410-450e-a1a3-bfdf1172be52
sqldb:g~lite #5 /config/.thunderbird/3g11fcde.default-release
glean.dispatche /config/.thunderbird/3g11fcde.default-release/datareporting/glean/pending_pings/25f7b216-1410-450e-a1a3-bfdf1172be52
glean.dispatche /config/.thunderbird/3g11fcde.default-release/datareporting/glean/db/data.safe.tmp
glean.dispatche /config/.thunderbird/3g11fcde.default-release/datareporting/glean/db/data.safe.tmp
BgIOThr~Pool #3 /config/.thunderbird/3g11fcde.default-release/search.json.mozlz4.tmp
Isolated Web Co /usr/share/fonts/truetype/noto/NotoSans-Regular.ttf
Isolated Web Co /usr/share/fonts/truetype/noto/NotoSans-Regular.ttf
Cache2 I/O /config/.cache/thunderbird/3g11fcde.default-release/cache2/entries/7B2976260CF484988B35721F7FF11EE7E8937361
Cache2 I/O /proc/self/mountinfo
Cache2 I/O /proc/self/mountinfo
Isolated Web Co /usr/lib/thunderbird/libsoftokn3.so
Cache2 I/O /proc/self/mountinfo
Cache2 I/O /proc/self/mountinfo
Isolated Web Co /usr/lib/thunderbird/libfreeblpriv3.so
Isolated Web Co /sys/devices/system/cpu/present
Cache2 I/O /config/.cache/thunderbird/3g11fcde.default-release/cache2/entries/E168024C2AC57093BDF87C36786322B8E96EB821
Cache2 I/O /proc/self/mountinfo
Cache2 I/O /proc/self/mountinfo
Cache2 I/O /proc/self/mountinfo
Cache2 I/O /proc/self/mountinfo
Isolated Web Co 
Isolated Web Co /usr/share/fonts/truetype/ubuntu/Ubuntu[wdth,wght].ttf
Isolated Web Co /usr/share/fonts/truetype/ubuntu/Ubuntu[wdth,wght].ttf
Isolated Web Co /usr/share/fonts/truetype/noto/NotoSans-Bold.ttf
Isolated Web Co /usr/share/fonts/truetype/noto/NotoSans-Bold.ttf
Isolated Web Co /usr/share/fonts/truetype/ubuntu/Ubuntu[wdth,wght].ttf
Isolated Web Co /usr/share/fonts/truetype/ubuntu/Ubuntu[wdth,wght].ttf
Cache2 I/O /config/.cache/thunderbird/3g11fcde.default-release/cache2/entries/AA39906A7E45FF2975EFA2E1D15783FFB9825424
Cache2 I/O /proc/self/mountinfo
Cache2 I/O /proc/self/mountinfo
Cache2 I/O /proc/self/mountinfo
Isolated Web Co 
Cache2 I/O /proc/self/mountinfo
sqldb:g~lite #5 /config/.thunderbird/3g11fcde.default-release/global-messages-db.sqlite-journal
sqldb:g~lite #5 /config/.thunderbird/3g11fcde.default-release
sqldb:g~lite #5 /config/.thunderbird/3g11fcde.default-release/global-messages-db.sqlite-journal
sqldb:g~lite #5 /config/.thunderbird/3g11fcde.default-release
sqldb:g~lite #5 /config/.thunderbird/3g11fcde.default-release/global-messages-db.sqlite-journal
sqldb:g~lite #5 /config/.thunderbird/3g11fcde.default-release
sqldb:g~lite #5 /config/.thunderbird/3g11fcde.default-release/global-messages-db.sqlite-journal
sqldb:g~lite #5 /config/.thunderbird/3g11fcde.default-release
sqldb:g~lite #5 /config/.thunderbird/3g11fcde.default-release/global-messages-db.sqlite-journal
sqldb:g~lite #5 /config/.thunderbird/3g11fcde.default-release
sqldb:g~lite #5 /config/.thunderbird/3g11fcde.default-release/global-messages-db.sqlite-journal
sqldb:g~lite #5 /config/.thunderbird/3g11fcde.default-release
sqldb:g~lite #5 /config/.thunderbird/3g11fcde.default-release/global-messages-db.sqlite-journal
sqldb:g~lite #5 /config/.thunderbird/3g11fcde.default-release
sqldb:g~lite #5 /config/.thunderbird/3g11fcde.default-release/global-messages-db.sqlite-journal
sqldb:g~lite #5 /config/.thunderbird/3g11fcde.default-release
sqldb:g~lite #5 /config/.thunderbird/3g11fcde.default-release/global-messages-db.sqlite-journal
sqldb:g~lite #5 /config/.thunderbird/3g11fcde.default-release
sqldb:g~lite #5 /config/.thunderbird/3g11fcde.default-release/global-messages-db.sqlite-journal
sqldb:g~lite #5 /config/.thunderbird/3g11fcde.default-release
sqldb:g~lite #5 /config/.thunderbird/3g11fcde.default-release/global-messages-db.sqlite-journal
sqldb:g~lite #5 /config/.thunderbird/3g11fcde.default-release
sqldb:g~lite #5 /config/.thunderbird/3g11fcde.default-release/global-messages-db.sqlite-journal
sqldb:g~lite #5 /config/.thunderbird/3g11fcde.default-release
sqldb:g~lite #5 /config/.thunderbird/3g11fcde.default-release/global-messages-db.sqlite-journal
sqldb:g~lite #5 /config/.thunderbird/3g11fcde.default-release
StreamTrans #5 /config/.thunderbird/3g11fcde.default-release/prefs.js
StreamTrans #5 /config/.thunderbird/3g11fcde.default-release/prefs-1.js
StreamTrans #5 /config/.thunderbird/3g11fcde.default-release/prefs-1.js
sqldb:g~lite #5 /config/.thunderbird/3g11fcde.default-release/global-messages-db.sqlite-journal
sqldb:g~lite #5 /config/.thunderbird/3g11fcde.default-release
sqldb:g~lite #5 /config/.thunderbird/3g11fcde.default-release/global-messages-db.sqlite-journal
sqldb:g~lite #5 /config/.thunderbird/3g11fcde.default-release
sqldb:g~lite #5 /config/.thunderbird/3g11fcde.default-release/global-messages-db.sqlite-journal
sqldb:g~lite #5 /config/.thunderbird/3g11fcde.default-release
sqldb:g~lite #5 /config/.thunderbird/3g11fcde.default-release/global-messages-db.sqlite-journal
sqldb:g~lite #5 /config/.thunderbird/3g11fcde.default-release
sqldb:g~lite #5 /config/.thunderbird/3g11fcde.default-release/global-messages-db.sqlite-journal
sqldb:g~lite #5 /config/.thunderbird/3g11fcde.default-release
sqldb:g~lite #5 /config/.thunderbird/3g11fcde.default-release/global-messages-db.sqlite-journal
sqldb:g~lite #5 /config/.thunderbird/3g11fcde.default-release
sqldb:g~lite #5 /config/.thunderbird/3g11fcde.default-release/global-messages-db.sqlite-journal
sqldb:g~lite #5 /config/.thunderbird/3g11fcde.default-release
sqldb:g~lite #5 /config/.thunderbird/3g11fcde.default-release/global-messages-db.sqlite-journal
sqldb:g~lite #5 /config/.thunderbird/3g11fcde.default-release
sqldb:g~lite #5 /config/.thunderbird/3g11fcde.default-release/global-messages-db.sqlite-journal
sqldb:g~lite #5 /config/.thunderbird/3g11fcde.default-release
xclip /etc/ld.so.cache
xclip /lib/x86_64-linux-gnu/libXmu.so.6
xclip /lib/x86_64-linux-gnu/libX11.so.6
xclip /lib/x86_64-linux-gnu/libc.so.6
xclip /lib/x86_64-linux-gnu/libXt.so.6
xclip /lib/x86_64-linux-gnu/libXext.so.6
xclip /lib/x86_64-linux-gnu/libxcb.so.1
xclip /lib/x86_64-linux-gnu/libSM.so.6
xclip /lib/x86_64-linux-gnu/libICE.so.6
xclip /lib/x86_64-linux-gnu/libXau.so.6
xclip /lib/x86_64-linux-gnu/libXdmcp.so.6
xclip /lib/x86_64-linux-gnu/libuuid.so.1
xclip /lib/x86_64-linux-gnu/libbsd.so.0
xclip /lib/x86_64-linux-gnu/libmd.so.0
xclip /usr/share/X11/locale/locale.alias
xclip /usr/share/X11/locale/locale.dir
xclip /usr/share/X11/locale/C/XLC_LOCALE
xclip /usr/share/X11/locale/locale.alias
xclip /usr/share/X11/locale/locale.dir
xclip /usr/share/X11/locale/C/XLC_LOCALE
Xvfb /proc/1583/cmdline
xclip /etc/ld.so.cache
xclip /lib/x86_64-linux-gnu/libXmu.so.6
xclip /lib/x86_64-linux-gnu/libX11.so.6
xclip /lib/x86_64-linux-gnu/libc.so.6
xclip /lib/x86_64-linux-gnu/libXt.so.6
xclip /lib/x86_64-linux-gnu/libXext.so.6
xclip /lib/x86_64-linux-gnu/libxcb.so.1
xclip /lib/x86_64-linux-gnu/libSM.so.6
xclip /lib/x86_64-linux-gnu/libICE.so.6
xclip /lib/x86_64-linux-gnu/libXau.so.6
xclip /lib/x86_64-linux-gnu/libXdmcp.so.6
xclip /lib/x86_64-linux-gnu/libuuid.so.1
xclip /lib/x86_64-linux-gnu/libbsd.so.0
xclip /lib/x86_64-linux-gnu/libmd.so.0
xclip /usr/share/X11/locale/locale.alias
xclip /usr/share/X11/locale/locale.dir
xclip /usr/share/X11/locale/C/XLC_LOCALE
xclip /usr/share/X11/locale/locale.alias
xclip /usr/share/X11/locale/locale.dir
xclip /usr/share/X11/locale/C/XLC_LOCALE
Xvfb /proc/1589/cmdline
selkies /proc/stat
selkies /proc/meminfo
xdotool /etc/ld.so.cache
xdotool /lib/x86_64-linux-gnu/libxdo.so.3
xdotool /lib/x86_64-linux-gnu/libm.so.6
xdotool /lib/x86_64-linux-gnu/libX11.so.6
xdotool /lib/x86_64-linux-gnu/libc.so.6
xdotool /lib/x86_64-linux-gnu/libXtst.so.6
xdotool /lib/x86_64-linux-gnu/libXinerama.so.1
xdotool /lib/x86_64-linux-gnu/libxkbcommon.so.0
xdotool /lib/x86_64-linux-gnu/libxcb.so.1
xdotool /lib/x86_64-linux-gnu/libXext.so.6
xdotool /lib/x86_64-linux-gnu/libXau.so.6
xdotool /lib/x86_64-linux-gnu/libXdmcp.so.6
xdotool /lib/x86_64-linux-gnu/libbsd.so.0
xdotool /lib/x86_64-linux-gnu/libmd.so.0
Xvfb /proc/1590/cmdline
xdotool /usr/lib/locale/locale-archive
xdotool /usr/lib/x86_64-linux-gnu/gconv/gconv-modules.cache
xclip /etc/ld.so.cache
xclip /lib/x86_64-linux-gnu/libXmu.so.6
xclip /lib/x86_64-linux-gnu/libX11.so.6
xclip /lib/x86_64-linux-gnu/libc.so.6
xclip /lib/x86_64-linux-gnu/libXt.so.6
xclip /lib/x86_64-linux-gnu/libXext.so.6
xclip /lib/x86_64-linux-gnu/libxcb.so.1
xclip /lib/x86_64-linux-gnu/libSM.so.6
xclip /lib/x86_64-linux-gnu/libICE.so.6
xclip /lib/x86_64-linux-gnu/libXau.so.6
xclip /lib/x86_64-linux-gnu/libXdmcp.so.6
xclip /lib/x86_64-linux-gnu/libuuid.so.1
xclip /lib/x86_64-linux-gnu/libbsd.so.0
xclip /lib/x86_64-linux-gnu/libmd.so.0
xclip /usr/share/X11/locale/locale.alias
xclip /usr/share/X11/locale/locale.dir
xclip /usr/share/X11/locale/C/XLC_LOCALE
xclip /usr/share/X11/locale/locale.alias
xclip /usr/share/X11/locale/locale.dir
xclip /usr/share/X11/locale/C/XLC_LOCALE
Xvfb /proc/1592/cmdline
xclip /etc/ld.so.cache
xclip /lib/x86_64-linux-gnu/libXmu.so.6
xclip /lib/x86_64-linux-gnu/libX11.so.6
xclip /lib/x86_64-linux-gnu/libc.so.6
selkies /proc/stat
xclip /lib/x86_64-linux-gnu/libXt.so.6
selkies /proc/meminfo
xclip /lib/x86_64-linux-gnu/libXext.so.6
xclip /lib/x86_64-linux-gnu/libxcb.so.1
xclip /lib/x86_64-linux-gnu/libSM.so.6
xclip /lib/x86_64-linux-gnu/libICE.so.6
xclip /lib/x86_64-linux-gnu/libXau.so.6
xclip /lib/x86_64-linux-gnu/libXdmcp.so.6
xclip /lib/x86_64-linux-gnu/libuuid.so.1
xclip /lib/x86_64-linux-gnu/libbsd.so.0
xclip /lib/x86_64-linux-gnu/libmd.so.0
xclip /usr/share/X11/locale/locale.alias
xclip /usr/share/X11/locale/locale.dir
xclip /usr/share/X11/locale/C/XLC_LOCALE
xclip /usr/share/X11/locale/locale.alias
xclip /usr/share/X11/locale/locale.dir
xclip /usr/share/X11/locale/C/XLC_LOCALE
Xvfb /proc/1597/cmdline
BgIOThr~Pool #1 /config/.cache/thunderbird/3g11fcde.default-release/startupCache/webext.sc.lz4.tmp
xclip /etc/ld.so.cache
xclip /lib/x86_64-linux-gnu/libXmu.so.6
xclip /lib/x86_64-linux-gnu/libX11.so.6
xclip /lib/x86_64-linux-gnu/libc.so.6
xclip /lib/x86_64-linux-gnu/libXt.so.6
xclip /lib/x86_64-linux-gnu/libXext.so.6
xclip /lib/x86_64-linux-gnu/libxcb.so.1
xclip /lib/x86_64-linux-gnu/libSM.so.6
xclip /lib/x86_64-linux-gnu/libICE.so.6
xclip /lib/x86_64-linux-gnu/libXau.so.6
xclip /lib/x86_64-linux-gnu/libXdmcp.so.6
xclip /lib/x86_64-linux-gnu/libuuid.so.1
xclip /lib/x86_64-linux-gnu/libbsd.so.0
xclip /lib/x86_64-linux-gnu/libmd.so.0
xclip /usr/share/X11/locale/locale.alias
xclip /usr/share/X11/locale/locale.dir
xclip /usr/share/X11/locale/C/XLC_LOCALE
xclip /usr/share/X11/locale/locale.alias
xclip /usr/share/X11/locale/locale.dir
xclip /usr/share/X11/locale/C/XLC_LOCALE
Xvfb /proc/1603/cmdline
selkies /proc/stat
selkies /proc/meminfo
xclip /etc/ld.so.cache
xclip /lib/x86_64-linux-gnu/libXmu.so.6
xclip /lib/x86_64-linux-gnu/libX11.so.6
xclip /lib/x86_64-linux-gnu/libc.so.6
xclip /lib/x86_64-linux-gnu/libXt.so.6
xclip /lib/x86_64-linux-gnu/libXext.so.6
xclip /lib/x86_64-linux-gnu/libxcb.so.1
xclip /lib/x86_64-linux-gnu/libSM.so.6
xclip /lib/x86_64-linux-gnu/libICE.so.6
xclip /lib/x86_64-linux-gnu/libXau.so.6
xclip /lib/x86_64-linux-gnu/libXdmcp.so.6
xclip /lib/x86_64-linux-gnu/libuuid.so.1
xclip /lib/x86_64-linux-gnu/libbsd.so.0
xclip /lib/x86_64-linux-gnu/libmd.so.0
xclip /usr/share/X11/locale/locale.alias
xclip /usr/share/X11/locale/locale.dir
xclip /usr/share/X11/locale/C/XLC_LOCALE
xclip /usr/share/X11/locale/locale.alias
xclip /usr/share/X11/locale/locale.dir
xclip /usr/share/X11/locale/C/XLC_LOCALE
Xvfb /proc/1612/cmdline
plasmashell /config/.cache/plasma-svgelements.lock
plasmashell /proc/sys/kernel/random/boot_id
plasmashell /var/lib/dbus/machine-id
plasmashell /config/.cache/plasma-svgelements
plasmashell /config/.cache
xclip /etc/ld.so.cache
xclip /lib/x86_64-linux-gnu/libXmu.so.6
xclip /lib/x86_64-linux-gnu/libX11.so.6
xclip /lib/x86_64-linux-gnu/libc.so.6
xclip /lib/x86_64-linux-gnu/libXt.so.6
xclip /lib/x86_64-linux-gnu/libXext.so.6
xclip /lib/x86_64-linux-gnu/libxcb.so.1
xclip /lib/x86_64-linux-gnu/libSM.so.6
xclip /lib/x86_64-linux-gnu/libICE.so.6
xclip /lib/x86_64-linux-gnu/libXau.so.6
xclip /lib/x86_64-linux-gnu/libXdmcp.so.6
xclip /lib/x86_64-linux-gnu/libuuid.so.1
xclip /lib/x86_64-linux-gnu/libbsd.so.0
xclip /lib/x86_64-linux-gnu/libmd.so.0
xclip /usr/share/X11/locale/locale.alias
xclip /usr/share/X11/locale/locale.dir
xclip /usr/share/X11/locale/C/XLC_LOCALE
xclip /usr/share/X11/locale/locale.alias
xclip /usr/share/X11/locale/locale.dir
xclip /usr/share/X11/locale/C/XLC_LOCALE
Xvfb /proc/1632/cmdline
Cache2 I/O /config/.cache/thunderbird/3g11fcde.default-release/cache2/entries/38357D0B8ED888D57DC2911B3E732A8562A689F5
Cache2 I/O /proc/self/mountinfo
Cache2 I/O /proc/self/mountinfo
Cache2 I/O /config/.cache/thunderbird/3g11fcde.default-release/cache2/entries/02880552B2E12670CCBF50222964169A75671D90
Cache2 I/O /proc/self/mountinfo
Cache2 I/O /proc/self/mountinfo
Cache2 I/O /config/.cache/thunderbird/3g11fcde.default-release/cache2/entries/0A6500541E45EE4DB615D9B25C40323CBD35E128
Cache2 I/O /proc/self/mountinfo
Cache2 I/O /proc/self/mountinfo
Cache2 I/O /config/.cache/thunderbird/3g11fcde.default-release/cache2/entries/C6C49AB50B74DFC2D1F66322C465BFEE48915EF2
Cache2 I/O /proc/self/mountinfo
Cache2 I/O /proc/self/mountinfo
selkies /proc/stat
selkies /proc/meminfo
xclip /etc/ld.so.cache
xclip /lib/x86_64-linux-gnu/libXmu.so.6
xclip /lib/x86_64-linux-gnu/libX11.so.6
xclip /lib/x86_64-linux-gnu/libc.so.6
xclip /lib/x86_64-linux-gnu/libXt.so.6
xclip /lib/x86_64-linux-gnu/libXext.so.6
xclip /lib/x86_64-linux-gnu/libxcb.so.1
xclip /lib/x86_64-linux-gnu/libSM.so.6
xclip /lib/x86_64-linux-gnu/libICE.so.6
xclip /lib/x86_64-linux-gnu/libXau.so.6
xclip /lib/x86_64-linux-gnu/libXdmcp.so.6
xclip /lib/x86_64-linux-gnu/libuuid.so.1
xclip /lib/x86_64-linux-gnu/libbsd.so.0
xclip /lib/x86_64-linux-gnu/libmd.so.0
xclip /usr/share/X11/locale/locale.alias
xclip /usr/share/X11/locale/locale.dir
xclip /usr/share/X11/locale/C/XLC_LOCALE
xclip /usr/share/X11/locale/locale.alias
xclip /usr/share/X11/locale/locale.dir
xclip /usr/share/X11/locale/C/XLC_LOCALE
Xvfb /proc/1638/cmdline
xdotool /etc/ld.so.cache
xdotool /lib/x86_64-linux-gnu/libxdo.so.3
xdotool /lib/x86_64-linux-gnu/libm.so.6
xdotool /lib/x86_64-linux-gnu/libX11.so.6
xdotool /lib/x86_64-linux-gnu/libc.so.6
xdotool /lib/x86_64-linux-gnu/libXtst.so.6
xdotool /lib/x86_64-linux-gnu/libXinerama.so.1
xdotool /lib/x86_64-linux-gnu/libxkbcommon.so.0
xdotool /lib/x86_64-linux-gnu/libxcb.so.1
xdotool /lib/x86_64-linux-gnu/libXext.so.6
xdotool /lib/x86_64-linux-gnu/libXau.so.6
xdotool /lib/x86_64-linux-gnu/libXdmcp.so.6
xdotool /lib/x86_64-linux-gnu/libbsd.so.0
xdotool /lib/x86_64-linux-gnu/libmd.so.0
Xvfb /proc/1639/cmdline
xdotool /usr/lib/locale/locale-archive
xdotool /usr/lib/x86_64-linux-gnu/gconv/gconv-modules.cache
xdotool /etc/ld.so.cache
xdotool /lib/x86_64-linux-gnu/libxdo.so.3
xdotool /lib/x86_64-linux-gnu/libm.so.6
xdotool /lib/x86_64-linux-gnu/libX11.so.6
xdotool /lib/x86_64-linux-gnu/libc.so.6
xdotool /lib/x86_64-linux-gnu/libXtst.so.6
xdotool /lib/x86_64-linux-gnu/libXinerama.so.1
xdotool /lib/x86_64-linux-gnu/libxkbcommon.so.0
xdotool /lib/x86_64-linux-gnu/libxcb.so.1
xdotool /lib/x86_64-linux-gnu/libXext.so.6
xdotool /lib/x86_64-linux-gnu/libXau.so.6
xdotool /lib/x86_64-linux-gnu/libXdmcp.so.6
xdotool /lib/x86_64-linux-gnu/libbsd.so.0
xdotool /lib/x86_64-linux-gnu/libmd.so.0
Xvfb /proc/1641/cmdline
xclip /etc/ld.so.cache
xclip /lib/x86_64-linux-gnu/libXmu.so.6
xclip /lib/x86_64-linux-gnu/libX11.so.6
xclip /lib/x86_64-linux-gnu/libc.so.6
xclip /lib/x86_64-linux-gnu/libXt.so.6
xclip /lib/x86_64-linux-gnu/libXext.so.6
xclip /lib/x86_64-linux-gnu/libxcb.so.1
xclip /lib/x86_64-linux-gnu/libSM.so.6
xclip /lib/x86_64-linux-gnu/libICE.so.6
xclip /lib/x86_64-linux-gnu/libXau.so.6
xclip /lib/x86_64-linux-gnu/libXdmcp.so.6
xclip /lib/x86_64-linux-gnu/libuuid.so.1
xclip /lib/x86_64-linux-gnu/libbsd.so.0
xclip /lib/x86_64-linux-gnu/libmd.so.0
xclip /usr/share/X11/locale/locale.alias
xclip /usr/share/X11/locale/locale.dir
xclip /usr/share/X11/locale/C/XLC_LOCALE
xclip /usr/share/X11/locale/locale.alias
xclip /usr/share/X11/locale/locale.dir
xclip /usr/share/X11/locale/C/XLC_LOCALE
Xvfb /proc/1646/cmdline
xdotool /etc/ld.so.cache
xdotool /lib/x86_64-linux-gnu/libxdo.so.3
xdotool /lib/x86_64-linux-gnu/libm.so.6
xdotool /lib/x86_64-linux-gnu/libX11.so.6
xdotool /lib/x86_64-linux-gnu/libc.so.6
xdotool /lib/x86_64-linux-gnu/libXtst.so.6
xdotool /lib/x86_64-linux-gnu/libXinerama.so.1
xdotool /lib/x86_64-linux-gnu/libxkbcommon.so.0
xdotool /lib/x86_64-linux-gnu/libxcb.so.1
xdotool /lib/x86_64-linux-gnu/libXext.so.6
xdotool /lib/x86_64-linux-gnu/libXau.so.6
xdotool /lib/x86_64-linux-gnu/libXdmcp.so.6
xdotool /lib/x86_64-linux-gnu/libbsd.so.0
xdotool /lib/x86_64-linux-gnu/libmd.so.0
Xvfb /proc/1648/cmdline
xdotool /usr/share/X11/XKeysymDB
xdotool /etc/ld.so.cache
xdotool /lib/x86_64-linux-gnu/libxdo.so.3
xdotool /lib/x86_64-linux-gnu/libm.so.6
xdotool /lib/x86_64-linux-gnu/libX11.so.6
xdotool /lib/x86_64-linux-gnu/libc.so.6
xdotool /lib/x86_64-linux-gnu/libXtst.so.6
xdotool /lib/x86_64-linux-gnu/libXinerama.so.1
xdotool /lib/x86_64-linux-gnu/libxkbcommon.so.0
xdotool /lib/x86_64-linux-gnu/libxcb.so.1
xdotool /lib/x86_64-linux-gnu/libXext.so.6
xdotool /lib/x86_64-linux-gnu/libXau.so.6
xdotool /lib/x86_64-linux-gnu/libXdmcp.so.6
xdotool /lib/x86_64-linux-gnu/libbsd.so.0
xdotool /lib/x86_64-linux-gnu/libmd.so.0
Xvfb /proc/1650/cmdline
xdotool /usr/share/X11/XKeysymDB
xdotool /etc/ld.so.cache
xdotool /lib/x86_64-linux-gnu/libxdo.so.3
xdotool /lib/x86_64-linux-gnu/libm.so.6
xdotool /lib/x86_64-linux-gnu/libX11.so.6
xdotool /lib/x86_64-linux-gnu/libc.so.6
xdotool /lib/x86_64-linux-gnu/libXtst.so.6
xdotool /lib/x86_64-linux-gnu/libXinerama.so.1
xdotool /lib/x86_64-linux-gnu/libxkbcommon.so.0
xdotool /lib/x86_64-linux-gnu/libxcb.so.1
xdotool /lib/x86_64-linux-gnu/libXext.so.6
xdotool /lib/x86_64-linux-gnu/libXau.so.6
xdotool /lib/x86_64-linux-gnu/libXdmcp.so.6
xdotool /lib/x86_64-linux-gnu/libbsd.so.0
xdotool /lib/x86_64-linux-gnu/libmd.so.0
Xvfb /proc/1651/cmdline
WrGlyph~terizer /usr/share/fonts/truetype/noto/NotoSans-Bold.ttf
selkies /proc/stat
selkies /proc/meminfo
xclip /etc/ld.so.cache
xclip /lib/x86_64-linux-gnu/libXmu.so.6
xclip /lib/x86_64-linux-gnu/libX11.so.6
xclip /lib/x86_64-linux-gnu/libc.so.6
xclip /lib/x86_64-linux-gnu/libXt.so.6
xclip /lib/x86_64-linux-gnu/libXext.so.6
xclip /lib/x86_64-linux-gnu/libxcb.so.1
xclip /lib/x86_64-linux-gnu/libSM.so.6
xclip /lib/x86_64-linux-gnu/libICE.so.6
xclip /lib/x86_64-linux-gnu/libXau.so.6
xclip /lib/x86_64-linux-gnu/libXdmcp.so.6
xclip /lib/x86_64-linux-gnu/libuuid.so.1
xclip /lib/x86_64-linux-gnu/libbsd.so.0
xclip /lib/x86_64-linux-gnu/libmd.so.0
xclip /usr/share/X11/locale/locale.alias
xclip /usr/share/X11/locale/locale.dir
xclip /usr/share/X11/locale/C/XLC_LOCALE
xclip /usr/share/X11/locale/locale.alias
xclip /usr/share/X11/locale/locale.dir
xclip /usr/share/X11/locale/C/XLC_LOCALE
Xvfb /proc/1655/cmdline
xdotool /etc/ld.so.cache
xdotool /lib/x86_64-linux-gnu/libxdo.so.3
xdotool /lib/x86_64-linux-gnu/libm.so.6
xdotool /lib/x86_64-linux-gnu/libX11.so.6
xdotool /lib/x86_64-linux-gnu/libc.so.6
xdotool /lib/x86_64-linux-gnu/libXtst.so.6
xdotool /lib/x86_64-linux-gnu/libXinerama.so.1
xdotool /lib/x86_64-linux-gnu/libxkbcommon.so.0
xdotool /lib/x86_64-linux-gnu/libxcb.so.1
xdotool /lib/x86_64-linux-gnu/libXext.so.6
xdotool /lib/x86_64-linux-gnu/libXau.so.6
xdotool /lib/x86_64-linux-gnu/libXdmcp.so.6
xdotool /lib/x86_64-linux-gnu/libbsd.so.0
xdotool /lib/x86_64-linux-gnu/libmd.so.0
Xvfb /proc/1659/cmdline
xdotool /usr/lib/locale/locale-archive
xdotool /usr/lib/x86_64-linux-gnu/gconv/gconv-modules.cache
xclip /etc/ld.so.cache
xclip /lib/x86_64-linux-gnu/libXmu.so.6
xclip /lib/x86_64-linux-gnu/libX11.so.6
xclip /lib/x86_64-linux-gnu/libc.so.6
xclip /lib/x86_64-linux-gnu/libXt.so.6
xclip /lib/x86_64-linux-gnu/libXext.so.6
xclip /lib/x86_64-linux-gnu/libxcb.so.1
xclip /lib/x86_64-linux-gnu/libSM.so.6
xclip /lib/x86_64-linux-gnu/libICE.so.6
xclip /lib/x86_64-linux-gnu/libXau.so.6
xclip /lib/x86_64-linux-gnu/libXdmcp.so.6
xclip /lib/x86_64-linux-gnu/libuuid.so.1
xclip /lib/x86_64-linux-gnu/libbsd.so.0
xclip /lib/x86_64-linux-gnu/libmd.so.0
xclip /usr/share/X11/locale/locale.alias
xclip /usr/share/X11/locale/locale.dir
xclip /usr/share/X11/locale/C/XLC_LOCALE
xclip /usr/share/X11/locale/locale.alias
xclip /usr/share/X11/locale/locale.dir
xclip /usr/share/X11/locale/C/XLC_LOCALE
Xvfb /proc/1660/cmdline
selkies /proc/stat
selkies /proc/meminfo
xclip /etc/ld.so.cache
xclip /lib/x86_64-linux-gnu/libXmu.so.6
xclip /lib/x86_64-linux-gnu/libX11.so.6
xclip /lib/x86_64-linux-gnu/libc.so.6
xclip /lib/x86_64-linux-gnu/libXt.so.6
xclip /lib/x86_64-linux-gnu/libXext.so.6
xclip /lib/x86_64-linux-gnu/libxcb.so.1
xclip /lib/x86_64-linux-gnu/libSM.so.6
xclip /lib/x86_64-linux-gnu/libICE.so.6
xclip /lib/x86_64-linux-gnu/libXau.so.6
xclip /lib/x86_64-linux-gnu/libXdmcp.so.6
xclip /lib/x86_64-linux-gnu/libuuid.so.1
xclip /lib/x86_64-linux-gnu/libbsd.so.0
xclip /lib/x86_64-linux-gnu/libmd.so.0
xclip /usr/share/X11/locale/locale.alias
xclip /usr/share/X11/locale/locale.dir
xclip /usr/share/X11/locale/C/XLC_LOCALE
xclip /usr/share/X11/locale/locale.alias
xclip /usr/share/X11/locale/locale.dir
xclip /usr/share/X11/locale/C/XLC_LOCALE
Xvfb /proc/1671/cmdline
DNS Resolver #2 /etc/hosts
DNS Resolver #1 /etc/hosts
DNS Resolver #1 /etc/hosts
DNS Resolver #2 /etc/hosts
DNS Resolver #1 /etc/hosts
DNS Resolver #2 /etc/hosts
BgIOThr~Pool #1 /config/.thunderbird/3g11fcde.default-release/AlternateServices.bin
DOM Worker /etc/ld.so.cache
DOM Worker /lib/x86_64-linux-gnu/libresolv.9.so
DOM Worker /usr/lib/x86_64-linux-gnu/libresolv.9.so
DOM Worker /lib/libresolv.9.so
DOM Worker /usr/lib/libresolv.9.so
DNS Resolver #1 /etc/hosts
DNS Resolver #2 /etc/hosts
BgIOThr~Pool #1 /config/.thunderbird/3g11fcde.default-release/AlternateServices.bin
Cache2 I/O /config/.cache/thunderbird/3g11fcde.default-release/cache2/entries/429EA8CC535D5D51FE9CC05FC29BFA1BB437ADB0
Cache2 I/O /proc/self/mountinfo
Cache2 I/O /proc/self/mountinfo
Cache2 I/O /proc/self/mountinfo
Cache2 I/O /proc/self/mountinfo
Cache2 I/O /config/.cache/thunderbird/3g11fcde.default-release/cache2/entries/831A8EEC021D1C71DB699C5694CA3904B5329F50
Cache2 I/O /proc/self/mountinfo
Cache2 I/O /proc/self/mountinfo
Cache2 I/O /proc/self/mountinfo
Cache2 I/O /proc/self/mountinfo
Cache2 I/O /config/.cache/thunderbird/3g11fcde.default-release/cache2/entries/81F4B1C19F051923D5123B078935DA77F610C71A
Cache2 I/O /proc/self/mountinfo
Cache2 I/O /proc/self/mountinfo
Cache2 I/O /proc/self/mountinfo
Cache2 I/O /proc/self/mountinfo
Cache2 I/O /config/.cache/thunderbird/3g11fcde.default-release/cache2/entries/750E486684AC439BEE8E4C76A4AA64D783148E43
Cache2 I/O /proc/self/mountinfo
Cache2 I/O /proc/self/mountinfo
Cache2 I/O /proc/self/mountinfo
Cache2 I/O /proc/self/mountinfo
xclip /etc/ld.so.cache
xclip /lib/x86_64-linux-gnu/libXmu.so.6
xclip /lib/x86_64-linux-gnu/libX11.so.6
xclip /lib/x86_64-linux-gnu/libc.so.6
xclip /lib/x86_64-linux-gnu/libXt.so.6
xclip /lib/x86_64-linux-gnu/libXext.so.6
xclip /lib/x86_64-linux-gnu/libxcb.so.1
xclip /lib/x86_64-linux-gnu/libSM.so.6
xclip /lib/x86_64-linux-gnu/libICE.so.6
xclip /lib/x86_64-linux-gnu/libXau.so.6
xclip /lib/x86_64-linux-gnu/libXdmcp.so.6
xclip /lib/x86_64-linux-gnu/libuuid.so.1
xclip /lib/x86_64-linux-gnu/libbsd.so.0
xclip /lib/x86_64-linux-gnu/libmd.so.0
xclip /usr/share/X11/locale/locale.alias
xclip /usr/share/X11/locale/locale.dir
xclip /usr/share/X11/locale/C/XLC_LOCALE
xclip /usr/share/X11/locale/locale.alias
xclip /usr/share/X11/locale/locale.dir
xclip /usr/share/X11/locale/C/XLC_LOCALE
Xvfb /proc/1700/cmdline
selkies /proc/stat
selkies /proc/meminfo
xclip /etc/ld.so.cache
xclip /lib/x86_64-linux-gnu/libXmu.so.6
xclip /lib/x86_64-linux-gnu/libX11.so.6
xclip /lib/x86_64-linux-gnu/libc.so.6
xclip /lib/x86_64-linux-gnu/libXt.so.6
xclip /lib/x86_64-linux-gnu/libXext.so.6
xclip /lib/x86_64-linux-gnu/libxcb.so.1
xclip /lib/x86_64-linux-gnu/libSM.so.6
xclip /lib/x86_64-linux-gnu/libICE.so.6
xclip /lib/x86_64-linux-gnu/libXau.so.6
xclip /lib/x86_64-linux-gnu/libXdmcp.so.6
xclip /lib/x86_64-linux-gnu/libuuid.so.1
xclip /lib/x86_64-linux-gnu/libbsd.so.0
xclip /lib/x86_64-linux-gnu/libmd.so.0
xclip /usr/share/X11/locale/locale.alias
xclip /usr/share/X11/locale/locale.dir
xclip /usr/share/X11/locale/C/XLC_LOCALE
xclip /usr/share/X11/locale/locale.alias
xclip /usr/share/X11/locale/locale.dir
xclip /usr/share/X11/locale/C/XLC_LOCALE
Xvfb /proc/1735/cmdline
xclip /etc/ld.so.cache
xclip /lib/x86_64-linux-gnu/libXmu.so.6
xclip /lib/x86_64-linux-gnu/libX11.so.6
xclip /lib/x86_64-linux-gnu/libc.so.6
xclip /lib/x86_64-linux-gnu/libXt.so.6
xclip /lib/x86_64-linux-gnu/libXext.so.6
xclip /lib/x86_64-linux-gnu/libxcb.so.1
xclip /lib/x86_64-linux-gnu/libSM.so.6
xclip /lib/x86_64-linux-gnu/libICE.so.6
xclip /lib/x86_64-linux-gnu/libXau.so.6
xclip /lib/x86_64-linux-gnu/libXdmcp.so.6
xclip /lib/x86_64-linux-gnu/libuuid.so.1
xclip /lib/x86_64-linux-gnu/libbsd.so.0
xclip /lib/x86_64-linux-gnu/libmd.so.0
xclip /usr/share/X11/locale/locale.alias
xclip /usr/share/X11/locale/locale.dir
xclip /usr/share/X11/locale/C/XLC_LOCALE
xclip /usr/share/X11/locale/locale.alias
xclip /usr/share/X11/locale/locale.dir
xclip /usr/share/X11/locale/C/XLC_LOCALE
Xvfb /proc/1747/cmdline
selkies /proc/stat
selkies /proc/meminfo
thunderbird /config/.thunderbird/3g11fcde.default-release/ImapMail/imap.gmail.com.msf
DNS Resolver #1 /etc/hosts
thunderbird /config/.mime.types
thunderbird /etc/mime.types
thunderbird /config/.mailcap
thunderbird /etc/mailcap
thunderbird /config/.mailcap
thunderbird /etc/mailcap
thunderbird /config/.mime.types
thunderbird /etc/mime.types
thunderbird /config/.mailcap
thunderbird /etc/mailcap
thunderbird /config/.mailcap
thunderbird /etc/mailcap
thunderbird /config/.mime.types
thunderbird /etc/mime.types
thunderbird /config/.mailcap
thunderbird /etc/mailcap
thunderbird /config/.mailcap
thunderbird /etc/mailcap
IPC Launch #1 /proc/self/fd
thunderbird /proc/1764/oom_score_adj
DNS Resolver #1 /etc/hosts
thunderbird /usr/lib/thunderbird/glibc-hwcaps/x86-64-v3/libstdc++.so.6
thunderbird /usr/lib/thunderbird/glibc-hwcaps/x86-64-v2/libstdc++.so.6
thunderbird /usr/lib/thunderbird/libstdc++.so.6
thunderbird /etc/ld.so.cache
thunderbird /lib/x86_64-linux-gnu/libstdc++.so.6
thunderbird /usr/lib/thunderbird/libm.so.6
thunderbird /lib/x86_64-linux-gnu/libm.so.6
thunderbird /usr/lib/thunderbird/libgcc_s.so.1
thunderbird /lib/x86_64-linux-gnu/libgcc_s.so.1
thunderbird /usr/lib/thunderbird/libc.so.6
thunderbird /lib/x86_64-linux-gnu/libc.so.6
thunderbird /usr/lib/thunderbird/dependentlibs.list
thunderbird /usr/lib/thunderbird/libnspr4.so
thunderbird /usr/lib/thunderbird/libplc4.so
thunderbird /usr/lib/thunderbird/libplds4.so
thunderbird /usr/lib/thunderbird/libmozsandbox.so
thunderbird /usr/lib/thunderbird/libgkcodecs.so
thunderbird /usr/lib/thunderbird/liblgpllibs.so
thunderbird /usr/lib/thunderbird/libnssutil3.so
thunderbird /usr/lib/thunderbird/libnss3.so
thunderbird /usr/lib/thunderbird/libsmime3.so
thunderbird /usr/lib/thunderbird/libmozsqlite3.so
thunderbird /usr/lib/thunderbird/libssl3.so
thunderbird /usr/lib/thunderbird/libmozgtk.so
thunderbird /usr/lib/thunderbird/libgtk-3.so.0
thunderbird /etc/ld.so.cache
thunderbird /lib/x86_64-linux-gnu/libgtk-3.so.0
thunderbird /usr/lib/thunderbird/libgdk-3.so.0
thunderbird /lib/x86_64-linux-gnu/libgdk-3.so.0
thunderbird /usr/lib/thunderbird/libgmodule-2.0.so.0
thunderbird /lib/x86_64-linux-gnu/libgmodule-2.0.so.0
thunderbird /usr/lib/thunderbird/libglib-2.0.so.0
thunderbird /lib/x86_64-linux-gnu/libglib-2.0.so.0
thunderbird /usr/lib/thunderbird/libgobject-2.0.so.0
thunderbird /lib/x86_64-linux-gnu/libgobject-2.0.so.0
xclip /etc/ld.so.cache
xclip /lib/x86_64-linux-gnu/libXmu.so.6
thunderbird /usr/lib/thunderbird/libgio-2.0.so.0
thunderbird /lib/x86_64-linux-gnu/libgio-2.0.so.0
xclip /lib/x86_64-linux-gnu/libX11.so.6
xclip /lib/x86_64-linux-gnu/libc.so.6
thunderbird /usr/lib/thunderbird/libpangocairo-1.0.so.0
thunderbird /lib/x86_64-linux-gnu/libpangocairo-1.0.so.0
thunderbird /usr/lib/thunderbird/libpango-1.0.so.0
thunderbird /lib/x86_64-linux-gnu/libpango-1.0.so.0
xclip /lib/x86_64-linux-gnu/libXt.so.6
xclip /lib/x86_64-linux-gnu/libXext.so.6
thunderbird /usr/lib/thunderbird/libharfbuzz.so.0
thunderbird /lib/x86_64-linux-gnu/libharfbuzz.so.0
xclip /lib/x86_64-linux-gnu/libxcb.so.1
thunderbird /usr/lib/thunderbird/libcairo.so.2
thunderbird /lib/x86_64-linux-gnu/libcairo.so.2
xclip /lib/x86_64-linux-gnu/libSM.so.6
thunderbird /usr/lib/thunderbird/libpangoft2-1.0.so.0
thunderbird /lib/x86_64-linux-gnu/libpangoft2-1.0.so.0
xclip /lib/x86_64-linux-gnu/libICE.so.6
thunderbird /usr/lib/thunderbird/libfontconfig.so.1
thunderbird /lib/x86_64-linux-gnu/libfontconfig.so.1
xclip /lib/x86_64-linux-gnu/libXau.so.6
thunderbird /usr/lib/thunderbird/libfribidi.so.0
thunderbird /lib/x86_64-linux-gnu/libfribidi.so.0
xclip /lib/x86_64-linux-gnu/libXdmcp.so.6
thunderbird /usr/lib/thunderbird/libcairo-gobject.so.2
thunderbird /lib/x86_64-linux-gnu/libcairo-gobject.so.2
xclip /lib/x86_64-linux-gnu/libuuid.so.1
xclip /lib/x86_64-linux-gnu/libbsd.so.0
thunderbird /usr/lib/thunderbird/libgdk_pixbuf-2.0.so.0
thunderbird /lib/x86_64-linux-gnu/libgdk_pixbuf-2.0.so.0
xclip /lib/x86_64-linux-gnu/libmd.so.0
thunderbird /usr/lib/thunderbird/libatk-1.0.so.0
thunderbird /lib/x86_64-linux-gnu/libatk-1.0.so.0
thunderbird /usr/lib/thunderbird/libepoxy.so.0
thunderbird /lib/x86_64-linux-gnu/libepoxy.so.0
thunderbird /usr/lib/thunderbird/libXi.so.6
thunderbird /lib/x86_64-linux-gnu/libXi.so.6
thunderbird /usr/lib/thunderbird/libX11.so.6
thunderbird /lib/x86_64-linux-gnu/libX11.so.6
thunderbird /usr/lib/thunderbird/libatk-bridge-2.0.so.0
thunderbird /lib/x86_64-linux-gnu/libatk-bridge-2.0.so.0
xclip /usr/share/X11/locale/locale.alias
thunderbird /usr/lib/thunderbird/libXfixes.so.3
thunderbird /lib/x86_64-linux-gnu/libXfixes.so.3
xclip /usr/share/X11/locale/locale.dir
thunderbird /usr/lib/thunderbird/libxkbcommon.so.0
thunderbird /lib/x86_64-linux-gnu/libxkbcommon.so.0
xclip /usr/share/X11/locale/C/XLC_LOCALE
xclip /usr/share/X11/locale/locale.alias
thunderbird /usr/lib/thunderbird/libwayland-client.so.0
thunderbird /lib/x86_64-linux-gnu/libwayland-client.so.0
thunderbird /usr/lib/thunderbird/libwayland-cursor.so.0
thunderbird /lib/x86_64-linux-gnu/libwayland-cursor.so.0
xclip /usr/share/X11/locale/locale.dir
thunderbird /usr/lib/thunderbird/libwayland-egl.so.1
thunderbird /lib/x86_64-linux-gnu/libwayland-egl.so.1
xclip /usr/share/X11/locale/C/XLC_LOCALE
thunderbird /usr/lib/thunderbird/libXext.so.6
thunderbird /lib/x86_64-linux-gnu/libXext.so.6
thunderbird /usr/lib/thunderbird/libXcursor.so.1
thunderbird /lib/x86_64-linux-gnu/libXcursor.so.1
thunderbird /usr/lib/thunderbird/libXdamage.so.1
thunderbird /lib/x86_64-linux-gnu/libXdamage.so.1
thunderbird /usr/lib/thunderbird/libXcomposite.so.1
thunderbird /lib/x86_64-linux-gnu/libXcomposite.so.1
thunderbird /usr/lib/thunderbird/libXrandr.so.2
thunderbird /lib/x86_64-linux-gnu/libXrandr.so.2
thunderbird /usr/lib/thunderbird/libXinerama.so.1
thunderbird /lib/x86_64-linux-gnu/libXinerama.so.1
Xvfb /proc/1766/cmdline
thunderbird /usr/lib/thunderbird/libpcre2-8.so.0
thunderbird /lib/x86_64-linux-gnu/libpcre2-8.so.0
thunderbird /usr/lib/thunderbird/libffi.so.8
thunderbird /lib/x86_64-linux-gnu/libffi.so.8
thunderbird /usr/lib/thunderbird/libz.so.1
thunderbird /proc/1764/oom_score_adj
thunderbird /lib/x86_64-linux-gnu/libz.so.1
thunderbird /usr/lib/thunderbird/libmount.so.1
thunderbird /lib/x86_64-linux-gnu/libmount.so.1
thunderbird /usr/lib/thunderbird/libselinux.so.1
thunderbird /lib/x86_64-linux-gnu/libselinux.so.1
thunderbird /usr/lib/thunderbird/libthai.so.0
thunderbird /lib/x86_64-linux-gnu/libthai.so.0
thunderbird /usr/lib/thunderbird/libfreetype.so.6
thunderbird /lib/x86_64-linux-gnu/libfreetype.so.6
thunderbird /usr/lib/thunderbird/libgraphite2.so.3
thunderbird /lib/x86_64-linux-gnu/libgraphite2.so.3
thunderbird /usr/lib/thunderbird/libpng16.so.16
thunderbird /lib/x86_64-linux-gnu/libpng16.so.16
thunderbird /usr/lib/thunderbird/libXrender.so.1
thunderbird /lib/x86_64-linux-gnu/libXrender.so.1
thunderbird /usr/lib/thunderbird/libxcb.so.1
thunderbird /lib/x86_64-linux-gnu/libxcb.so.1
thunderbird /usr/lib/thunderbird/libxcb-render.so.0
thunderbird /lib/x86_64-linux-gnu/libxcb-render.so.0
thunderbird /usr/lib/thunderbird/libxcb-shm.so.0
thunderbird /lib/x86_64-linux-gnu/libxcb-shm.so.0
thunderbird /usr/lib/thunderbird/libpixman-1.so.0
thunderbird /lib/x86_64-linux-gnu/libpixman-1.so.0
thunderbird /usr/lib/thunderbird/libexpat.so.1
thunderbird /lib/x86_64-linux-gnu/libexpat.so.1
thunderbird /usr/lib/thunderbird/libjpeg.so.8
thunderbird /lib/x86_64-linux-gnu/libjpeg.so.8
thunderbird /usr/lib/thunderbird/libatspi.so.0
thunderbird /lib/x86_64-linux-gnu/libatspi.so.0
thunderbird /usr/lib/thunderbird/libdbus-1.so.3
thunderbird /lib/x86_64-linux-gnu/libdbus-1.so.3
thunderbird /usr/lib/thunderbird/libblkid.so.1
thunderbird /lib/x86_64-linux-gnu/libblkid.so.1
thunderbird /usr/lib/thunderbird/libdatrie.so.1
thunderbird /lib/x86_64-linux-gnu/libdatrie.so.1
thunderbird /usr/lib/thunderbird/libbz2.so.1.0
thunderbird /lib/x86_64-linux-gnu/libbz2.so.1.0
thunderbird /usr/lib/thunderbird/libbrotlidec.so.1
thunderbird /lib/x86_64-linux-gnu/libbrotlidec.so.1
thunderbird /usr/lib/thunderbird/libXau.so.6
thunderbird /lib/x86_64-linux-gnu/libXau.so.6
thunderbird /usr/lib/thunderbird/libXdmcp.so.6
thunderbird /lib/x86_64-linux-gnu/libXdmcp.so.6
thunderbird /usr/lib/thunderbird/libsystemd.so.0
thunderbird /lib/x86_64-linux-gnu/libsystemd.so.0
thunderbird /usr/lib/thunderbird/libbrotlicommon.so.1
thunderbird /lib/x86_64-linux-gnu/libbrotlicommon.so.1
thunderbird /usr/lib/thunderbird/libbsd.so.0
thunderbird /lib/x86_64-linux-gnu/libbsd.so.0
thunderbird /usr/lib/thunderbird/libcap.so.2
thunderbird /lib/x86_64-linux-gnu/libcap.so.2
thunderbird /usr/lib/thunderbird/libgcrypt.so.20
thunderbird /lib/x86_64-linux-gnu/libgcrypt.so.20
thunderbird /usr/lib/thunderbird/liblz4.so.1
thunderbird /lib/x86_64-linux-gnu/liblz4.so.1
thunderbird /usr/lib/thunderbird/liblzma.so.5
thunderbird /lib/x86_64-linux-gnu/liblzma.so.5
thunderbird /usr/lib/thunderbird/libzstd.so.1
thunderbird /lib/x86_64-linux-gnu/libzstd.so.1
thunderbird /usr/lib/thunderbird/libmd.so.0
thunderbird /lib/x86_64-linux-gnu/libmd.so.0
thunderbird /usr/lib/thunderbird/libgpg-error.so.0
thunderbird /lib/x86_64-linux-gnu/libgpg-error.so.0
thunderbird /proc/filesystems
thunderbird /usr/lib/thunderbird/libmozwayland.so
thunderbird /usr/lib/thunderbird/libxul.so
thunderbird /usr/lib/thunderbird/libresolv.so.2
thunderbird /etc/ld.so.cache
thunderbird /lib/x86_64-linux-gnu/libresolv.so.2
thunderbird /usr/lib/thunderbird/libasound.so.2
thunderbird /lib/x86_64-linux-gnu/libasound.so.2
thunderbird /usr/lib/thunderbird/libX11-xcb.so.1
thunderbird /lib/x86_64-linux-gnu/libX11-xcb.so.1
MainThread /sys/devices/system/cpu/present
MainThread /proc/self/task/1769/stat
MainThread /proc/self/stat
MainThread /proc/self/maps
Web Content /usr/lib/thunderbird/omni.ja
Web Content /usr/lib/locale/locale-archive
Web Content /sys/devices/system/cpu/possible
IPC Launch #1 /proc/self/fd
dbus-daemon /run/systemd/users/911
dbus-daemon /proc/1764/cmdline
dbus-daemon /usr/local/share/dbus-1/system-services
dbus-daemon /usr/share/dbus-1/system-services
dbus-daemon /lib/dbus-1/system-services
thunderbird /proc/1774/oom_score_adj
Web Content /proc/self/cgroup
Web Content /proc/self/mountinfo
Web Content /sys/fs/cgroup/cpu.max
Web Content /sys/devices/system/cpu/present
thunderbird /usr/lib/thunderbird/glibc-hwcaps/x86-64-v3/libstdc++.so.6
thunderbird /usr/lib/thunderbird/glibc-hwcaps/x86-64-v2/libstdc++.so.6
thunderbird /usr/lib/thunderbird/libstdc++.so.6
thunderbird /etc/ld.so.cache
thunderbird /lib/x86_64-linux-gnu/libstdc++.so.6
thunderbird /usr/lib/thunderbird/libm.so.6
thunderbird /lib/x86_64-linux-gnu/libm.so.6
thunderbird /usr/lib/thunderbird/libgcc_s.so.1
thunderbird /lib/x86_64-linux-gnu/libgcc_s.so.1
thunderbird /usr/lib/thunderbird/libc.so.6
thunderbird /lib/x86_64-linux-gnu/libc.so.6
Web Content /usr/lib/x86_64-linux-gnu/gdk-pixbuf-2.0/2.10.0/loaders.cache
thunderbird /usr/lib/thunderbird/dependentlibs.list
thunderbird /usr/lib/thunderbird/libnspr4.so
thunderbird /usr/lib/thunderbird/libplc4.so
DNS Resolver #1 /etc/hosts
thunderbird /usr/lib/thunderbird/libplds4.so
thunderbird /usr/lib/thunderbird/libmozsandbox.so
thunderbird /usr/lib/thunderbird/libgkcodecs.so
thunderbird /usr/lib/thunderbird/liblgpllibs.so
thunderbird /usr/lib/thunderbird/libnssutil3.so
thunderbird /usr/lib/thunderbird/libnss3.so
Web Content /etc/fonts/fonts.conf
thunderbird /usr/lib/thunderbird/libsmime3.so
Web Content /etc/fonts/conf.d
thunderbird /usr/lib/thunderbird/libmozsqlite3.so
Web Content /usr/share/fontconfig/conf.avail/10-hinting-slight.conf
thunderbird /usr/lib/thunderbird/libssl3.so
Web Content /usr/share/fontconfig/conf.avail/10-scale-bitmap-fonts.conf
Web Content /usr/share/fontconfig/conf.avail/10-sub-pixel-rgb.conf
thunderbird /usr/lib/thunderbird/libmozgtk.so
Web Content /usr/share/fontconfig/conf.avail/10-yes-antialias.conf
thunderbird /usr/lib/thunderbird/libgtk-3.so.0
thunderbird /etc/ld.so.cache
thunderbird /lib/x86_64-linux-gnu/libgtk-3.so.0
Web Content /usr/share/fontconfig/conf.avail/11-lcdfilter-default.conf
thunderbird /usr/lib/thunderbird/libgdk-3.so.0
thunderbird /lib/x86_64-linux-gnu/libgdk-3.so.0
Web Content /usr/share/fontconfig/conf.avail/20-unhint-small-vera.conf
thunderbird /usr/lib/thunderbird/libgmodule-2.0.so.0
thunderbird /lib/x86_64-linux-gnu/libgmodule-2.0.so.0
Web Content /usr/share/fontconfig/conf.avail/30-metric-aliases.conf
thunderbird /usr/lib/thunderbird/libglib-2.0.so.0
thunderbird /lib/x86_64-linux-gnu/libglib-2.0.so.0
thunderbird /usr/lib/thunderbird/libgobject-2.0.so.0
thunderbird /lib/x86_64-linux-gnu/libgobject-2.0.so.0
Web Content /usr/share/fontconfig/conf.avail/30-opensymbol.conf
thunderbird /usr/lib/thunderbird/libgio-2.0.so.0
thunderbird /lib/x86_64-linux-gnu/libgio-2.0.so.0
Web Content /usr/share/fontconfig/conf.avail/40-nonlatin.conf
thunderbird /usr/lib/thunderbird/libpangocairo-1.0.so.0
thunderbird /lib/x86_64-linux-gnu/libpangocairo-1.0.so.0
thunderbird /usr/lib/thunderbird/libpango-1.0.so.0
thunderbird /lib/x86_64-linux-gnu/libpango-1.0.so.0
Web Content /usr/share/fontconfig/conf.avail/45-generic.conf
thunderbird /usr/lib/thunderbird/libharfbuzz.so.0
thunderbird /lib/x86_64-linux-gnu/libharfbuzz.so.0
Web Content /usr/share/fontconfig/conf.avail/45-latin.conf
thunderbird /usr/lib/thunderbird/libcairo.so.2
thunderbird /lib/x86_64-linux-gnu/libcairo.so.2
thunderbird /usr/lib/thunderbird/libpangoft2-1.0.so.0
thunderbird /lib/x86_64-linux-gnu/libpangoft2-1.0.so.0
Web Content /usr/share/fontconfig/conf.avail/48-spacing.conf
thunderbird /usr/lib/thunderbird/libfontconfig.so.1
thunderbird /lib/x86_64-linux-gnu/libfontconfig.so.1
Web Content /usr/share/fontconfig/conf.avail/49-sansserif.conf
thunderbird /usr/lib/thunderbird/libfribidi.so.0
thunderbird /lib/x86_64-linux-gnu/libfribidi.so.0
Web Content /usr/share/fontconfig/conf.avail/50-user.conf
thunderbird /usr/lib/thunderbird/libcairo-gobject.so.2
thunderbird /lib/x86_64-linux-gnu/libcairo-gobject.so.2
thunderbird /usr/lib/thunderbird/libgdk_pixbuf-2.0.so.0
thunderbird /lib/x86_64-linux-gnu/libgdk_pixbuf-2.0.so.0
thunderbird /usr/lib/thunderbird/libatk-1.0.so.0
Web Content /usr/share/fontconfig/conf.avail/51-local.conf
thunderbird /lib/x86_64-linux-gnu/libatk-1.0.so.0
thunderbird /usr/lib/thunderbird/libepoxy.so.0
thunderbird /lib/x86_64-linux-gnu/libepoxy.so.0
Web Content /etc/fonts/conf.avail/56-kubuntu-noto.conf
thunderbird /usr/lib/thunderbird/libXi.so.6
thunderbird /lib/x86_64-linux-gnu/libXi.so.6
thunderbird /usr/lib/thunderbird/libX11.so.6
thunderbird /lib/x86_64-linux-gnu/libX11.so.6
thunderbird /usr/lib/thunderbird/libatk-bridge-2.0.so.0
thunderbird /lib/x86_64-linux-gnu/libatk-bridge-2.0.so.0
Web Content /usr/share/fontconfig/conf.avail/60-generic.conf
thunderbird /usr/lib/thunderbird/libXfixes.so.3
thunderbird /lib/x86_64-linux-gnu/libXfixes.so.3
thunderbird /usr/lib/thunderbird/libxkbcommon.so.0
Web Content /usr/share/fontconfig/conf.avail/60-latin.conf
thunderbird /lib/x86_64-linux-gnu/libxkbcommon.so.0
thunderbird /usr/lib/thunderbird/libwayland-client.so.0
thunderbird /lib/x86_64-linux-gnu/libwayland-client.so.0
Web Content /usr/share/fontconfig/conf.avail/urw-bookman.conf
thunderbird /usr/lib/thunderbird/libwayland-cursor.so.0
thunderbird /lib/x86_64-linux-gnu/libwayland-cursor.so.0
Web Content /usr/share/fontconfig/conf.avail/urw-c059.conf
thunderbird /usr/lib/thunderbird/libwayland-egl.so.1
thunderbird /lib/x86_64-linux-gnu/libwayland-egl.so.1
Web Content /usr/share/fontconfig/conf.avail/urw-d050000l.conf
thunderbird /usr/lib/thunderbird/libXext.so.6
thunderbird /lib/x86_64-linux-gnu/libXext.so.6
Web Content /usr/share/fontconfig/conf.avail/urw-fallback-backwards.conf
thunderbird /usr/lib/thunderbird/libXcursor.so.1
thunderbird /lib/x86_64-linux-gnu/libXcursor.so.1
Web Content /usr/share/fontconfig/conf.avail/urw-fallback-generics.conf
thunderbird /usr/lib/thunderbird/libXdamage.so.1
thunderbird /lib/x86_64-linux-gnu/libXdamage.so.1
Web Content /usr/share/fontconfig/conf.avail/urw-gothic.conf
thunderbird /usr/lib/thunderbird/libXcomposite.so.1
thunderbird /lib/x86_64-linux-gnu/libXcomposite.so.1
Web Content /usr/share/fontconfig/conf.avail/urw-nimbus-mono-ps.conf
thunderbird /usr/lib/thunderbird/libXrandr.so.2
thunderbird /lib/x86_64-linux-gnu/libXrandr.so.2
Web Content /usr/share/fontconfig/conf.avail/urw-nimbus-roman.conf
thunderbird /usr/lib/thunderbird/libXinerama.so.1
thunderbird /lib/x86_64-linux-gnu/libXinerama.so.1
Web Content /usr/share/fontconfig/conf.avail/urw-nimbus-sans.conf
thunderbird /usr/lib/thunderbird/libpcre2-8.so.0
thunderbird /lib/x86_64-linux-gnu/libpcre2-8.so.0
Web Content /usr/share/fontconfig/conf.avail/urw-p052.conf
thunderbird /usr/lib/thunderbird/libffi.so.8
thunderbird /lib/x86_64-linux-gnu/libffi.so.8
Web Content /usr/share/fontconfig/conf.avail/urw-standard-symbols-ps.conf
thunderbird /usr/lib/thunderbird/libz.so.1
thunderbird /lib/x86_64-linux-gnu/libz.so.1
thunderbird /usr/lib/thunderbird/libmount.so.1
Web Content /usr/share/fontconfig/conf.avail/urw-z003.conf
thunderbird /lib/x86_64-linux-gnu/libmount.so.1
thunderbird /usr/lib/thunderbird/libselinux.so.1
thunderbird /lib/x86_64-linux-gnu/libselinux.so.1
Web Content /usr/share/fontconfig/conf.avail/65-fonts-persian.conf
thunderbird /usr/lib/thunderbird/libthai.so.0
thunderbird /lib/x86_64-linux-gnu/libthai.so.0
Web Content /usr/share/fontconfig/conf.avail/65-nonlatin.conf
thunderbird /usr/lib/thunderbird/libfreetype.so.6
thunderbird /lib/x86_64-linux-gnu/libfreetype.so.6
thunderbird /usr/lib/thunderbird/libgraphite2.so.3
Web Content /usr/share/fontconfig/conf.avail/69-unifont.conf
thunderbird /lib/x86_64-linux-gnu/libgraphite2.so.3
kwin_x11 /usr/share/kubuntu-default-settings/kf5-settings/breezerc
thunderbird /usr/lib/thunderbird/libpng16.so.16
Web Content /usr/share/fontconfig/conf.avail/70-fonts-noto-cjk.conf
thunderbird /lib/x86_64-linux-gnu/libpng16.so.16
thunderbird /usr/lib/thunderbird/libXrender.so.1
thunderbird /lib/x86_64-linux-gnu/libXrender.so.1
Web Content /usr/share/fontconfig/conf.avail/70-no-bitmaps-except-emoji.conf
thunderbird /usr/lib/thunderbird/libxcb.so.1
thunderbird /lib/x86_64-linux-gnu/libxcb.so.1
Web Content /usr/share/fontconfig/conf.avail/71-ubuntulegacy.conf
thunderbird /usr/lib/thunderbird/libxcb-render.so.0
thunderbird /lib/x86_64-linux-gnu/libxcb-render.so.0
Web Content /usr/share/fontconfig/conf.avail/80-delicious.conf
thunderbird /usr/lib/thunderbird/libxcb-shm.so.0
thunderbird /lib/x86_64-linux-gnu/libxcb-shm.so.0
Web Content /usr/share/fontconfig/conf.avail/90-synthetic.conf
thunderbird /usr/lib/thunderbird/libpixman-1.so.0
thunderbird /lib/x86_64-linux-gnu/libpixman-1.so.0
thunderbird /usr/lib/thunderbird/libexpat.so.1
Web Content /usr/share/fontconfig/conf.avail
thunderbird /lib/x86_64-linux-gnu/libexpat.so.1
thunderbird /usr/lib/thunderbird/libjpeg.so.8
Web Content /usr/share/fontconfig/conf.avail/05-reset-dirs-sample.conf
thunderbird /lib/x86_64-linux-gnu/libjpeg.so.8
Web Content /usr/share/fontconfig/conf.avail/09-autohint-if-no-hinting.conf
thunderbird /usr/lib/thunderbird/libatspi.so.0
thunderbird /lib/x86_64-linux-gnu/libatspi.so.0
Web Content /usr/share/fontconfig/conf.avail/10-autohint.conf
thunderbird /usr/lib/thunderbird/libdbus-1.so.3
thunderbird /lib/x86_64-linux-gnu/libdbus-1.so.3
Web Content /usr/share/fontconfig/conf.avail/10-hinting-full.conf
thunderbird /usr/lib/thunderbird/libblkid.so.1
thunderbird /lib/x86_64-linux-gnu/libblkid.so.1
Web Content /usr/share/fontconfig/conf.avail/10-hinting-medium.conf
thunderbird /usr/lib/thunderbird/libdatrie.so.1
thunderbird /lib/x86_64-linux-gnu/libdatrie.so.1
Web Content /usr/share/fontconfig/conf.avail/10-hinting-none.conf
thunderbird /usr/lib/thunderbird/libbz2.so.1.0
thunderbird /lib/x86_64-linux-gnu/libbz2.so.1.0
thunderbird /usr/lib/thunderbird/libbrotlidec.so.1
Web Content /usr/share/fontconfig/conf.avail/10-no-antialias.conf
thunderbird /lib/x86_64-linux-gnu/libbrotlidec.so.1
thunderbird /usr/lib/thunderbird/libXau.so.6
thunderbird /lib/x86_64-linux-gnu/libXau.so.6
Web Content /usr/share/fontconfig/conf.avail/10-sub-pixel-bgr.conf
thunderbird /usr/lib/thunderbird/libXdmcp.so.6
thunderbird /lib/x86_64-linux-gnu/libXdmcp.so.6
Web Content /usr/share/fontconfig/conf.avail/10-sub-pixel-none.conf
thunderbird /usr/lib/thunderbird/libsystemd.so.0
thunderbird /lib/x86_64-linux-gnu/libsystemd.so.0
Web Content /usr/share/fontconfig/conf.avail/10-sub-pixel-vbgr.conf
thunderbird /usr/lib/thunderbird/libbrotlicommon.so.1
thunderbird /lib/x86_64-linux-gnu/libbrotlicommon.so.1
Web Content /usr/share/fontconfig/conf.avail/10-sub-pixel-vrgb.conf
thunderbird /usr/lib/thunderbird/libbsd.so.0
thunderbird /lib/x86_64-linux-gnu/libbsd.so.0
Web Content /usr/share/fontconfig/conf.avail/10-unhinted.conf
thunderbird /usr/lib/thunderbird/libcap.so.2
thunderbird /lib/x86_64-linux-gnu/libcap.so.2
thunderbird /usr/lib/thunderbird/libgcrypt.so.20
thunderbird /lib/x86_64-linux-gnu/libgcrypt.so.20
Web Content /usr/share/fontconfig/conf.avail/11-lcdfilter-legacy.conf
thunderbird /usr/lib/thunderbird/liblz4.so.1
thunderbird /lib/x86_64-linux-gnu/liblz4.so.1
Web Content /usr/share/fontconfig/conf.avail/11-lcdfilter-light.conf
thunderbird /usr/lib/thunderbird/liblzma.so.5
thunderbird /lib/x86_64-linux-gnu/liblzma.so.5
Web Content /usr/share/fontconfig/conf.avail/11-lcdfilter-none.conf
thunderbird /usr/lib/thunderbird/libzstd.so.1
thunderbird /lib/x86_64-linux-gnu/libzstd.so.1
Web Content /usr/share/fontconfig/conf.avail/25-unhint-nonlatin.conf
thunderbird /usr/lib/thunderbird/libmd.so.0
thunderbird /lib/x86_64-linux-gnu/libmd.so.0
thunderbird /usr/lib/thunderbird/libgpg-error.so.0
thunderbird /lib/x86_64-linux-gnu/libgpg-error.so.0
Web Content /usr/share/fontconfig/conf.avail/35-lang-normalize.conf
Web Content /usr/share/fontconfig/conf.avail/53-monospace-lcd-filter.conf
Web Content /usr/share/fontconfig/conf.avail/65-khmer.conf
Web Content /usr/share/fontconfig/conf.avail/70-force-bitmaps.conf
Web Content /usr/share/fontconfig/conf.avail/70-no-bitmaps-and-emoji.conf
Web Content /usr/share/fontconfig/conf.avail/70-no-bitmaps.conf
Web Content /usr/share/fontconfig/conf.avail/70-yes-bitmaps.conf
Web Content /usr/local/share/fonts
Web Content /var/cache/fontconfig//4c599c202bc5c08e2d34565a40eac3b2-le64.cache-9
Web Content /config/.cache/fontconfig//4c599c202bc5c08e2d34565a40eac3b2-le64.cache-9
Web Content /usr/local/share/fonts/.uuid
Web Content /config/.fontconfig//4c599c202bc5c08e2d34565a40eac3b2-le64.cache-9
Web Content /usr/local/share/fonts/.uuid
Web Content /usr/share/fonts
Web Content /var/cache/fontconfig//3830d5c3ddfd5cd38a049b759396e72e-le64.cache-9
Web Content /config/.cache/fontconfig//3830d5c3ddfd5cd38a049b759396e72e-le64.cache-9
Web Content /usr/share/fonts/.uuid
Web Content /config/.fontconfig//3830d5c3ddfd5cd38a049b759396e72e-le64.cache-9
Web Content /usr/share/fonts/.uuid
Web Content /usr/share/fonts/X11
Web Content /var/cache/fontconfig//c855463f699352c367813e37f3f70ea7-le64.cache-9
Web Content /config/.cache/fontconfig//c855463f699352c367813e37f3f70ea7-le64.cache-9
Web Content /usr/share/fonts/X11/.uuid
Web Content /config/.fontconfig//c855463f699352c367813e37f3f70ea7-le64.cache-9
Web Content /usr/share/fonts/X11/.uuid
Web Content /usr/share/fonts/cMap
plasmashell /config/.local/share/kservices5
Web Content /var/cache/fontconfig//32b6488e5b8292a2e95c79d947e009e8-le64.cache-9
plasmashell /config/.local/share/mime
Web Content /config/.cache/fontconfig//32b6488e5b8292a2e95c79d947e009e8-le64.cache-9
Web Content /usr/share/fonts/cMap/.uuid
Web Content /config/.fontconfig//32b6488e5b8292a2e95c79d947e009e8-le64.cache-9
Web Content /usr/share/fonts/cMap/.uuid
Web Content /usr/share/fonts/cmap
plasmashell /etc/xdg/menus
thunderbird /proc/filesystems
Web Content /var/cache/fontconfig//57e423e26b20ab21d0f2f29c145174c3-le64.cache-9
Web Content /config/.cache/fontconfig//57e423e26b20ab21d0f2f29c145174c3-le64.cache-9
Web Content /usr/share/fonts/cmap/.uuid
Web Content /config/.fontconfig//57e423e26b20ab21d0f2f29c145174c3-le64.cache-9
Web Content /usr/share/fonts/cmap/.uuid
plasmashell /usr/local/share/kservices5
Web Content /usr/share/fonts/opentype
thunderbird /usr/lib/thunderbird/libmozwayland.so
Web Content /var/cache/fontconfig//573ec803664ed168555e0e8b6d0f0c7f-le64.cache-9
plasmashell /usr/local/share/mime
Web Content /config/.cache/fontconfig//573ec803664ed168555e0e8b6d0f0c7f-le64.cache-9
Web Content /usr/share/fonts/opentype/.uuid
Web Content /config/.fontconfig//573ec803664ed168555e0e8b6d0f0c7f-le64.cache-9
Web Content /usr/share/fonts/opentype/.uuid
Web Content /usr/share/fonts/truetype
plasmashell /usr/share/kservices5
thunderbird /usr/lib/thunderbird/libxul.so
Web Content /var/cache/fontconfig//7ef2298fde41cc6eeb7af42e48b7d293-le64.cache-9
Web Content /config/.cache/fontconfig//7ef2298fde41cc6eeb7af42e48b7d293-le64.cache-9
Web Content /usr/share/fonts/truetype/.uuid
Web Content /config/.fontconfig//7ef2298fde41cc6eeb7af42e48b7d293-le64.cache-9
Web Content /usr/share/fonts/truetype/.uuid
plasmashell /usr/share/kservices5/ServiceMenus
Web Content /usr/share/fonts/type1
thunderbird /usr/lib/thunderbird/libresolv.so.2
thunderbird /etc/ld.so.cache
Web Content /var/cache/fontconfig//d82eb4fd963d448e2fcb7d7b793b5df3-le64.cache-9
thunderbird /lib/x86_64-linux-gnu/libresolv.so.2
Web Content /config/.cache/fontconfig//d82eb4fd963d448e2fcb7d7b793b5df3-le64.cache-9
Web Content /usr/share/fonts/type1/.uuid
plasmashell /usr/share/kservices5/qimageioplugins
Web Content /config/.fontconfig//d82eb4fd963d448e2fcb7d7b793b5df3-le64.cache-9
Web Content /usr/share/fonts/type1/.uuid
thunderbird /usr/lib/thunderbird/libasound.so.2
Web Content /usr/share/fonts/X11/Type1
thunderbird /lib/x86_64-linux-gnu/libasound.so.2
Web Content /var/cache/fontconfig//e13b20fdb08344e0e664864cc2ede53d-le64.cache-9
plasmashell /usr/share/kservices5/searchproviders
Web Content /config/.cache/fontconfig//e13b20fdb08344e0e664864cc2ede53d-le64.cache-9
thunderbird /usr/lib/thunderbird/libX11-xcb.so.1
Web Content /usr/share/fonts/X11/Type1/.uuid
thunderbird /lib/x86_64-linux-gnu/libX11-xcb.so.1
Web Content /config/.fontconfig//e13b20fdb08344e0e664864cc2ede53d-le64.cache-9
Web Content /usr/share/fonts/X11/Type1/.uuid
Web Content /usr/share/fonts/X11/encodings
Web Content /var/cache/fontconfig//707971e003b4ae6c8121c3a920e507f5-le64.cache-9
Web Content /config/.cache/fontconfig//707971e003b4ae6c8121c3a920e507f5-le64.cache-9
Web Content /usr/share/fonts/X11/encodings/.uuid
Web Content /config/.fontconfig//707971e003b4ae6c8121c3a920e507f5-le64.cache-9
Web Content /usr/share/fonts/X11/encodings/.uuid
plasmashell /usr/share/mime
Web Content /usr/share/fonts/X11/misc
Web Content /var/cache/fontconfig//cabbd14511b9e8a55e92af97fb3a0461-le64.cache-9
Web Content /config/.cache/fontconfig//cabbd14511b9e8a55e92af97fb3a0461-le64.cache-9
Web Content /usr/share/fonts/X11/misc/.uuid
plasmashell /usr/share/mime/application
Web Content /config/.fontconfig//cabbd14511b9e8a55e92af97fb3a0461-le64.cache-9
Web Content /usr/share/fonts/X11/misc/.uuid
Web Content /usr/share/fonts/X11/util
Web Content /var/cache/fontconfig//fe547fea3a41b43a38975d292a2b19c7-le64.cache-9
Web Content /config/.cache/fontconfig//fe547fea3a41b43a38975d292a2b19c7-le64.cache-9
Web Content /usr/share/fonts/X11/util/.uuid
Web Content /config/.fontconfig//fe547fea3a41b43a38975d292a2b19c7-le64.cache-9
Web Content /usr/share/fonts/X11/util/.uuid
Web Content /usr/share/fonts/cmap/adobe-cns1
Web Content /var/cache/fontconfig//f1f2465696798768e9653f19e17ccdc8-le64.cache-9
plasmashell /usr/share/mime/audio
Web Content /config/.cache/fontconfig//f1f2465696798768e9653f19e17ccdc8-le64.cache-9
Web Content /usr/share/fonts/cmap/adobe-cns1/.uuid
Web Content /config/.fontconfig//f1f2465696798768e9653f19e17ccdc8-le64.cache-9
Web Content /usr/share/fonts/cmap/adobe-cns1/.uuid
Web Content /usr/share/fonts/cmap/adobe-gb1
Web Content /var/cache/fontconfig//95530828ff6c81d309f8258d8d02a23e-le64.cache-9
plasmashell /usr/share/mime/chemical
Web Content /config/.cache/fontconfig//95530828ff6c81d309f8258d8d02a23e-le64.cache-9
Web Content /usr/share/fonts/cmap/adobe-gb1/.uuid
Web Content /config/.fontconfig//95530828ff6c81d309f8258d8d02a23e-le64.cache-9
Web Content /usr/share/fonts/cmap/adobe-gb1/.uuid
Web Content /usr/share/fonts/cmap/adobe-japan1
Web Content /var/cache/fontconfig//d3e5c4ee2ceb1fc347f91d4cefc53bc0-le64.cache-9
plasmashell /usr/share/mime/font
Web Content /config/.cache/fontconfig//d3e5c4ee2ceb1fc347f91d4cefc53bc0-le64.cache-9
Web Content /usr/share/fonts/cmap/adobe-japan1/.uuid
Web Content /config/.fontconfig//d3e5c4ee2ceb1fc347f91d4cefc53bc0-le64.cache-9
Web Content /usr/share/fonts/cmap/adobe-japan1/.uuid
plasmashell /usr/share/mime/image
Web Content /usr/share/fonts/cmap/adobe-japan2
Web Content /var/cache/fontconfig//e52a45a1c8c8fe895fc0fc8c4e6999b8-le64.cache-9
Web Content /config/.cache/fontconfig//e52a45a1c8c8fe895fc0fc8c4e6999b8-le64.cache-9
Web Content /usr/share/fonts/cmap/adobe-japan2/.uuid
plasmashell /usr/share/mime/inode
Web Content /config/.fontconfig//e52a45a1c8c8fe895fc0fc8c4e6999b8-le64.cache-9
Web Content /usr/share/fonts/cmap/adobe-japan2/.uuid
Web Content /usr/share/fonts/cmap/adobe-korea1
Web Content /var/cache/fontconfig//188ac73a183f12857f63bb60a4a6d603-le64.cache-9
Web Content /config/.cache/fontconfig//188ac73a183f12857f63bb60a4a6d603-le64.cache-9
plasmashell /usr/share/mime/message
Web Content /usr/share/fonts/cmap/adobe-korea1/.uuid
Web Content /config/.fontconfig//188ac73a183f12857f63bb60a4a6d603-le64.cache-9
Web Content /usr/share/fonts/cmap/adobe-korea1/.uuid
Web Content /usr/share/fonts/opentype/noto
Web Content /var/cache/fontconfig//9b89f8e3dae116d678bbf48e5f21f69b-le64.cache-9
plasmashell /usr/share/mime/model
Web Content /config/.cache/fontconfig//9b89f8e3dae116d678bbf48e5f21f69b-le64.cache-9
Web Content /usr/share/fonts/opentype/noto/.uuid
Web Content /config/.fontconfig//9b89f8e3dae116d678bbf48e5f21f69b-le64.cache-9
Web Content /usr/share/fonts/opentype/noto/.uuid
Web Content /usr/share/fonts/opentype/urw-base35
plasmashell /usr/share/mime/multipart
Web Content /var/cache/fontconfig//6cc790b63b123a6a96ee260fcdad32a9-le64.cache-9
Web Content /config/.cache/fontconfig//6cc790b63b123a6a96ee260fcdad32a9-le64.cache-9
Web Content /usr/share/fonts/opentype/urw-base35/.uuid
Web Content /config/.fontconfig//6cc790b63b123a6a96ee260fcdad32a9-le64.cache-9
Web Content /usr/share/fonts/opentype/urw-base35/.uuid
plasmashell /usr/share/mime/packages
Web Content /usr/share/fonts/truetype/dm-mono
Web Content /var/cache/fontconfig//c7ddd67d65d940f1c07452067469d45b-le64.cache-9
plasmashell /usr/share/mime/text
Web Content /config/.cache/fontconfig//c7ddd67d65d940f1c07452067469d45b-le64.cache-9
Web Content /usr/share/fonts/truetype/dm-mono/.uuid
Web Content /config/.fontconfig//c7ddd67d65d940f1c07452067469d45b-le64.cache-9
Web Content /usr/share/fonts/truetype/dm-mono/.uuid
Web Content /usr/share/fonts/truetype/liberation
Web Content /var/cache/fontconfig//3047814df9a2f067bd2d96a2b9c36e5a-le64.cache-9
Web Content /config/.cache/fontconfig//3047814df9a2f067bd2d96a2b9c36e5a-le64.cache-9
Web Content /usr/share/fonts/truetype/liberation/.uuid
plasmashell /usr/share/mime/video
Web Content /config/.fontconfig//3047814df9a2f067bd2d96a2b9c36e5a-le64.cache-9
Web Content /usr/share/fonts/truetype/liberation/.uuid
Web Content /usr/share/fonts/truetype/libreoffice
Web Content /var/cache/fontconfig//da43223dd54fb3bb4243ae19d4b583b2-le64.cache-9
MainThread /sys/devices/system/cpu/present
Web Content /config/.cache/fontconfig//da43223dd54fb3bb4243ae19d4b583b2-le64.cache-9
plasmashell /usr/share/mime/x-content
Web Content /usr/share/fonts/truetype/libreoffice/.uuid
Web Content /config/.fontconfig//da43223dd54fb3bb4243ae19d4b583b2-le64.cache-9
Web Content /usr/share/fonts/truetype/libreoffice/.uuid
Web Content /usr/share/fonts/truetype/noto
Web Content /var/cache/fontconfig//0bd3dc0958fa2205aaaa8ebb13e2872b-le64.cache-9
plasmashell /usr/share/mime/x-epoc
Web Content /config/.cache/fontconfig//0bd3dc0958fa2205aaaa8ebb13e2872b-le64.cache-9
MainThread /proc/self/task/1794/stat
Web Content /usr/share/fonts/truetype/noto/.uuid
Web Content /config/.fontconfig//0bd3dc0958fa2205aaaa8ebb13e2872b-le64.cache-9
Web Content /usr/share/fonts/truetype/noto/.uuid
MainThread /proc/self/stat
Web Content /usr/share/fonts/truetype/space-grotesk
Web Content /var/cache/fontconfig//60495f9738a6f38c2f3f93e3ff28e478-le64.cache-9
Web Content /config/.cache/fontconfig//60495f9738a6f38c2f3f93e3ff28e478-le64.cache-9
Web Content /usr/share/fonts/truetype/space-grotesk/.uuid
Web Content /config/.fontconfig//60495f9738a6f38c2f3f93e3ff28e478-le64.cache-9
Web Content /usr/share/fonts/truetype/space-grotesk/.uuid
Web Content /usr/share/fonts/truetype/ubuntu
Web Content /var/cache/fontconfig//2300eef321c393bfd76478a5c0e95b23-le64.cache-9
Web Content /config/.cache/fontconfig//2300eef321c393bfd76478a5c0e95b23-le64.cache-9
Web Content /usr/share/fonts/truetype/ubuntu/.uuid
Web Content /config/.fontconfig//2300eef321c393bfd76478a5c0e95b23-le64.cache-9
Web Content /usr/share/fonts/truetype/ubuntu/.uuid
Web Content /usr/share/fonts/type1/urw-base35
Web Content /var/cache/fontconfig//a4e60e8d1e10d2fdff3fe3037a1845fb-le64.cache-9
Web Content /config/.cache/fontconfig//a4e60e8d1e10d2fdff3fe3037a1845fb-le64.cache-9
Web Content /usr/share/fonts/type1/urw-base35/.uuid
Web Content /config/.fontconfig//a4e60e8d1e10d2fdff3fe3037a1845fb-le64.cache-9
Web Content /usr/share/fonts/type1/urw-base35/.uuid
Web Content /usr/share/fonts/X11/encodings/large
Web Content /var/cache/fontconfig//6333f38776742d18e214673cd2c24e34-le64.cache-9
Web Content /config/.cache/fontconfig//6333f38776742d18e214673cd2c24e34-le64.cache-9
Web Content /usr/share/fonts/X11/encodings/large/.uuid
Web Content /config/.fontconfig//6333f38776742d18e214673cd2c24e34-le64.cache-9
Web Content /usr/share/fonts/X11/encodings/large/.uuid
MainThread /proc/self/maps
Web Content /sys/devices/system/cpu/present
Web Content /usr/lib/thunderbird/omni.ja
Web Content /usr/lib/locale/locale-archive
Web Content /sys/devices/system/cpu/possible
dbus-daemon /run/systemd/users/911
dbus-daemon /proc/1774/cmdline
dbus-daemon /usr/local/share/dbus-1/system-services
dbus-daemon /usr/share/dbus-1/system-services
dbus-daemon /lib/dbus-1/system-services
Web Content /proc/self/cgroup
Web Content /proc/self/mountinfo
Web Content /sys/fs/cgroup/cpu.max
Web Content /sys/devices/system/cpu/present
Web Content /usr/lib/x86_64-linux-gnu/gdk-pixbuf-2.0/2.10.0/loaders.cache
Web Content /etc/fonts/fonts.conf
Web Content /etc/fonts/conf.d
Web Content /usr/share/fontconfig/conf.avail/10-hinting-slight.conf
Web Content /usr/share/fontconfig/conf.avail/10-scale-bitmap-fonts.conf
Web Content /usr/share/fontconfig/conf.avail/10-sub-pixel-rgb.conf
Web Content /usr/share/fontconfig/conf.avail/10-yes-antialias.conf
Web Content /usr/share/fontconfig/conf.avail/11-lcdfilter-default.conf
Web Content /usr/share/fontconfig/conf.avail/20-unhint-small-vera.conf
Web Content /usr/share/fontconfig/conf.avail/30-metric-aliases.conf
Web Content /usr/share/fontconfig/conf.avail/30-opensymbol.conf
Web Content /usr/share/fontconfig/conf.avail/40-nonlatin.conf
Web Content /usr/share/fontconfig/conf.avail/45-generic.conf
Web Content /usr/share/fontconfig/conf.avail/45-latin.conf
Web Content /usr/share/fontconfig/conf.avail/48-spacing.conf
Web Content /usr/share/fontconfig/conf.avail/49-sansserif.conf
Web Content /usr/share/fontconfig/conf.avail/50-user.conf
Web Content /usr/share/fontconfig/conf.avail/51-local.conf
Web Content /etc/fonts/conf.avail/56-kubuntu-noto.conf
Web Content /usr/share/fontconfig/conf.avail/60-generic.conf
Web Content /usr/share/fontconfig/conf.avail/60-latin.conf
Web Content /usr/share/fontconfig/conf.avail/urw-bookman.conf
Web Content /usr/share/fontconfig/conf.avail/urw-c059.conf
Web Content /usr/share/fontconfig/conf.avail/urw-d050000l.conf
Web Content /usr/share/fontconfig/conf.avail/urw-fallback-backwards.conf
Web Content /usr/share/fontconfig/conf.avail/urw-fallback-generics.conf
Web Content /usr/share/fontconfig/conf.avail/urw-gothic.conf
Web Content /usr/share/fontconfig/conf.avail/urw-nimbus-mono-ps.conf
Web Content /usr/share/fontconfig/conf.avail/urw-nimbus-roman.conf
Web Content /usr/share/fontconfig/conf.avail/urw-nimbus-sans.conf
Web Content /usr/share/fontconfig/conf.avail/urw-p052.conf
Web Content /usr/share/fontconfig/conf.avail/urw-standard-symbols-ps.conf
Web Content /usr/share/fontconfig/conf.avail/urw-z003.conf
Web Content /usr/share/fontconfig/conf.avail/65-fonts-persian.conf
Web Content /usr/share/fontconfig/conf.avail/65-nonlatin.conf
Web Content /usr/share/fontconfig/conf.avail/69-unifont.conf
Web Content /usr/share/fontconfig/conf.avail/70-fonts-noto-cjk.conf
Web Content /usr/share/fontconfig/conf.avail/70-no-bitmaps-except-emoji.conf
Web Content /usr/share/fontconfig/conf.avail/71-ubuntulegacy.conf
Web Content /usr/share/fontconfig/conf.avail/80-delicious.conf
Web Content /usr/share/fontconfig/conf.avail/90-synthetic.conf
Web Content /usr/share/fontconfig/conf.avail
Web Content /usr/share/fontconfig/conf.avail/05-reset-dirs-sample.conf
Web Content /usr/share/fontconfig/conf.avail/09-autohint-if-no-hinting.conf
Web Content /usr/share/fontconfig/conf.avail/10-autohint.conf
Web Content /usr/share/fontconfig/conf.avail/10-hinting-full.conf
Web Content /usr/share/fontconfig/conf.avail/10-hinting-medium.conf
Web Content /usr/share/fontconfig/conf.avail/10-hinting-none.conf
Web Content /usr/share/fontconfig/conf.avail/10-no-antialias.conf
Web Content /usr/share/fontconfig/conf.avail/10-sub-pixel-bgr.conf
Web Content /usr/share/fontconfig/conf.avail/10-sub-pixel-none.conf
Web Content /usr/share/fontconfig/conf.avail/10-sub-pixel-vbgr.conf
Web Content /usr/share/fontconfig/conf.avail/10-sub-pixel-vrgb.conf
Web Content /usr/share/fontconfig/conf.avail/10-unhinted.conf
Web Content /usr/share/fontconfig/conf.avail/11-lcdfilter-legacy.conf
Web Content /usr/share/fontconfig/conf.avail/11-lcdfilter-light.conf
Web Content /usr/share/fontconfig/conf.avail/11-lcdfilter-none.conf
Web Content /usr/share/fontconfig/conf.avail/25-unhint-nonlatin.conf
Web Content /usr/share/fontconfig/conf.avail/35-lang-normalize.conf
Web Content /usr/share/fontconfig/conf.avail/53-monospace-lcd-filter.conf
Web Content /usr/share/fontconfig/conf.avail/65-khmer.conf
Web Content /usr/share/fontconfig/conf.avail/70-force-bitmaps.conf
Web Content /usr/share/fontconfig/conf.avail/70-no-bitmaps-and-emoji.conf
Web Content /usr/share/fontconfig/conf.avail/70-no-bitmaps.conf
Web Content /usr/share/fontconfig/conf.avail/70-yes-bitmaps.conf
Web Content /usr/local/share/fonts
Web Content /var/cache/fontconfig//4c599c202bc5c08e2d34565a40eac3b2-le64.cache-9
Web Content /config/.cache/fontconfig//4c599c202bc5c08e2d34565a40eac3b2-le64.cache-9
Web Content /usr/local/share/fonts/.uuid
Web Content /config/.fontconfig//4c599c202bc5c08e2d34565a40eac3b2-le64.cache-9
Web Content /usr/local/share/fonts/.uuid
Web Content /usr/share/fonts
Web Content /var/cache/fontconfig//3830d5c3ddfd5cd38a049b759396e72e-le64.cache-9
Web Content /config/.cache/fontconfig//3830d5c3ddfd5cd38a049b759396e72e-le64.cache-9
Web Content /usr/share/fonts/.uuid
Web Content /config/.fontconfig//3830d5c3ddfd5cd38a049b759396e72e-le64.cache-9
Web Content /usr/share/fonts/.uuid
Web Content /usr/share/fonts/X11
Web Content /var/cache/fontconfig//c855463f699352c367813e37f3f70ea7-le64.cache-9
Web Content /config/.cache/fontconfig//c855463f699352c367813e37f3f70ea7-le64.cache-9
Web Content /usr/share/fonts/X11/.uuid
Web Content /config/.fontconfig//c855463f699352c367813e37f3f70ea7-le64.cache-9
Web Content /usr/share/fonts/X11/.uuid
Web Content /usr/share/fonts/cMap
Web Content /var/cache/fontconfig//32b6488e5b8292a2e95c79d947e009e8-le64.cache-9
Web Content /config/.cache/fontconfig//32b6488e5b8292a2e95c79d947e009e8-le64.cache-9
Web Content /usr/share/fonts/cMap/.uuid
Web Content /config/.fontconfig//32b6488e5b8292a2e95c79d947e009e8-le64.cache-9
Web Content /usr/share/fonts/cMap/.uuid
Web Content /usr/share/fonts/cmap
Web Content /var/cache/fontconfig//57e423e26b20ab21d0f2f29c145174c3-le64.cache-9
Web Content /config/.cache/fontconfig//57e423e26b20ab21d0f2f29c145174c3-le64.cache-9
Web Content /usr/share/fonts/cmap/.uuid
Web Content /config/.fontconfig//57e423e26b20ab21d0f2f29c145174c3-le64.cache-9
Web Content /usr/share/fonts/cmap/.uuid
Web Content /usr/share/fonts/opentype
Web Content /var/cache/fontconfig//573ec803664ed168555e0e8b6d0f0c7f-le64.cache-9
Web Content /config/.cache/fontconfig//573ec803664ed168555e0e8b6d0f0c7f-le64.cache-9
Web Content /usr/share/fonts/opentype/.uuid
Web Content /config/.fontconfig//573ec803664ed168555e0e8b6d0f0c7f-le64.cache-9
Web Content /usr/share/fonts/opentype/.uuid
Web Content /usr/share/fonts/truetype
Web Content /var/cache/fontconfig//7ef2298fde41cc6eeb7af42e48b7d293-le64.cache-9
Web Content /config/.cache/fontconfig//7ef2298fde41cc6eeb7af42e48b7d293-le64.cache-9
Web Content /usr/share/fonts/truetype/.uuid
Web Content /config/.fontconfig//7ef2298fde41cc6eeb7af42e48b7d293-le64.cache-9
Web Content /usr/share/fonts/truetype/.uuid
Web Content /usr/share/fonts/type1
Web Content /var/cache/fontconfig//d82eb4fd963d448e2fcb7d7b793b5df3-le64.cache-9
Web Content /config/.cache/fontconfig//d82eb4fd963d448e2fcb7d7b793b5df3-le64.cache-9
Web Content /usr/share/fonts/type1/.uuid
Web Content /config/.fontconfig//d82eb4fd963d448e2fcb7d7b793b5df3-le64.cache-9
Web Content /usr/share/fonts/type1/.uuid
Web Content /usr/share/fonts/X11/Type1
Web Content /var/cache/fontconfig//e13b20fdb08344e0e664864cc2ede53d-le64.cache-9
Web Content /config/.cache/fontconfig//e13b20fdb08344e0e664864cc2ede53d-le64.cache-9
Web Content /usr/share/fonts/X11/Type1/.uuid
Web Content /config/.fontconfig//e13b20fdb08344e0e664864cc2ede53d-le64.cache-9
Web Content /usr/share/fonts/X11/Type1/.uuid
Web Content /usr/share/fonts/X11/encodings
Web Content /var/cache/fontconfig//707971e003b4ae6c8121c3a920e507f5-le64.cache-9
Web Content /config/.cache/fontconfig//707971e003b4ae6c8121c3a920e507f5-le64.cache-9
Web Content /usr/share/fonts/X11/encodings/.uuid
Web Content /config/.fontconfig//707971e003b4ae6c8121c3a920e507f5-le64.cache-9
Web Content /usr/share/fonts/X11/encodings/.uuid
Web Content /usr/share/fonts/X11/misc
Web Content /var/cache/fontconfig//cabbd14511b9e8a55e92af97fb3a0461-le64.cache-9
Web Content /config/.cache/fontconfig//cabbd14511b9e8a55e92af97fb3a0461-le64.cache-9
Web Content /usr/share/fonts/X11/misc/.uuid
Web Content /config/.fontconfig//cabbd14511b9e8a55e92af97fb3a0461-le64.cache-9
Web Content /usr/share/fonts/X11/misc/.uuid
Web Content /usr/share/fonts/X11/util
Web Content /var/cache/fontconfig//fe547fea3a41b43a38975d292a2b19c7-le64.cache-9
Web Content /config/.cache/fontconfig//fe547fea3a41b43a38975d292a2b19c7-le64.cache-9
Web Content /usr/share/fonts/X11/util/.uuid
Web Content /config/.fontconfig//fe547fea3a41b43a38975d292a2b19c7-le64.cache-9
Web Content /usr/share/fonts/X11/util/.uuid
BgIOThr~Pool #1 /config/.thunderbird/3g11fcde.default-release/SiteSecurityServiceState.bin
Web Content /usr/share/fonts/cmap/adobe-cns1
Web Content /var/cache/fontconfig//f1f2465696798768e9653f19e17ccdc8-le64.cache-9
Web Content /config/.cache/fontconfig//f1f2465696798768e9653f19e17ccdc8-le64.cache-9
Web Content /usr/share/fonts/cmap/adobe-cns1/.uuid
Permission /config/.thunderbird/3g11fcde.default-release/permissions.sqlite-journal
Web Content /config/.fontconfig//f1f2465696798768e9653f19e17ccdc8-le64.cache-9
Web Content /usr/share/fonts/cmap/adobe-cns1/.uuid
Web Content /usr/share/fonts/cmap/adobe-gb1
Web Content /var/cache/fontconfig//95530828ff6c81d309f8258d8d02a23e-le64.cache-9
Web Content /config/.cache/fontconfig//95530828ff6c81d309f8258d8d02a23e-le64.cache-9
Web Content /usr/share/fonts/cmap/adobe-gb1/.uuid
Web Content /config/.fontconfig//95530828ff6c81d309f8258d8d02a23e-le64.cache-9
Web Content /usr/share/fonts/cmap/adobe-gb1/.uuid
Web Content /usr/share/fonts/cmap/adobe-japan1
Web Content /var/cache/fontconfig//d3e5c4ee2ceb1fc347f91d4cefc53bc0-le64.cache-9
Web Content /config/.cache/fontconfig//d3e5c4ee2ceb1fc347f91d4cefc53bc0-le64.cache-9
Web Content /usr/share/fonts/cmap/adobe-japan1/.uuid
Web Content /config/.fontconfig//d3e5c4ee2ceb1fc347f91d4cefc53bc0-le64.cache-9
Web Content /usr/share/fonts/cmap/adobe-japan1/.uuid
Web Content /usr/share/fonts/cmap/adobe-japan2
Web Content /var/cache/fontconfig//e52a45a1c8c8fe895fc0fc8c4e6999b8-le64.cache-9
Web Content /config/.cache/fontconfig//e52a45a1c8c8fe895fc0fc8c4e6999b8-le64.cache-9
Web Content /usr/share/fonts/cmap/adobe-japan2/.uuid
Web Content /config/.fontconfig//e52a45a1c8c8fe895fc0fc8c4e6999b8-le64.cache-9
Web Content /usr/share/fonts/cmap/adobe-japan2/.uuid
Web Content /usr/share/fonts/cmap/adobe-korea1
Web Content /var/cache/fontconfig//188ac73a183f12857f63bb60a4a6d603-le64.cache-9
Web Content /config/.cache/fontconfig//188ac73a183f12857f63bb60a4a6d603-le64.cache-9
Web Content /usr/share/fonts/cmap/adobe-korea1/.uuid
Web Content /config/.fontconfig//188ac73a183f12857f63bb60a4a6d603-le64.cache-9
Web Content /usr/share/fonts/cmap/adobe-korea1/.uuid
Web Content /usr/share/fonts/opentype/noto
Web Content /var/cache/fontconfig//9b89f8e3dae116d678bbf48e5f21f69b-le64.cache-9
Permission /config/.thunderbird/3g11fcde.default-release
Web Content /config/.cache/fontconfig//9b89f8e3dae116d678bbf48e5f21f69b-le64.cache-9
Web Content /usr/share/fonts/opentype/noto/.uuid
Web Content /config/.fontconfig//9b89f8e3dae116d678bbf48e5f21f69b-le64.cache-9
Web Content /usr/share/fonts/opentype/noto/.uuid
Web Content /usr/share/fonts/opentype/urw-base35
Web Content /var/cache/fontconfig//6cc790b63b123a6a96ee260fcdad32a9-le64.cache-9
Web Content /config/.cache/fontconfig//6cc790b63b123a6a96ee260fcdad32a9-le64.cache-9
Web Content /usr/share/fonts/opentype/urw-base35/.uuid
Web Content /config/.fontconfig//6cc790b63b123a6a96ee260fcdad32a9-le64.cache-9
Web Content /usr/share/fonts/opentype/urw-base35/.uuid
Web Content /usr/share/fonts/truetype/dm-mono
Web Content /var/cache/fontconfig//c7ddd67d65d940f1c07452067469d45b-le64.cache-9
Web Content /config/.cache/fontconfig//c7ddd67d65d940f1c07452067469d45b-le64.cache-9
Web Content /usr/share/fonts/truetype/dm-mono/.uuid
Web Content /config/.fontconfig//c7ddd67d65d940f1c07452067469d45b-le64.cache-9
Web Content /usr/share/fonts/truetype/dm-mono/.uuid
Web Content /usr/share/fonts/truetype/liberation
Web Content /var/cache/fontconfig//3047814df9a2f067bd2d96a2b9c36e5a-le64.cache-9
Web Content /config/.cache/fontconfig//3047814df9a2f067bd2d96a2b9c36e5a-le64.cache-9
Web Content /usr/share/fonts/truetype/liberation/.uuid
Web Content /config/.fontconfig//3047814df9a2f067bd2d96a2b9c36e5a-le64.cache-9
Web Content /usr/share/fonts/truetype/liberation/.uuid
Web Content /usr/share/fonts/truetype/libreoffice
Web Content /var/cache/fontconfig//da43223dd54fb3bb4243ae19d4b583b2-le64.cache-9
Web Content /config/.cache/fontconfig//da43223dd54fb3bb4243ae19d4b583b2-le64.cache-9
Web Content /usr/share/fonts/truetype/libreoffice/.uuid
Web Content /config/.fontconfig//da43223dd54fb3bb4243ae19d4b583b2-le64.cache-9
Web Content /usr/share/fonts/truetype/libreoffice/.uuid
Web Content /usr/share/fonts/truetype/noto
Web Content /var/cache/fontconfig//0bd3dc0958fa2205aaaa8ebb13e2872b-le64.cache-9
Web Content /config/.cache/fontconfig//0bd3dc0958fa2205aaaa8ebb13e2872b-le64.cache-9
Web Content /usr/share/fonts/truetype/noto/.uuid
Web Content /config/.fontconfig//0bd3dc0958fa2205aaaa8ebb13e2872b-le64.cache-9
Web Content /usr/share/fonts/truetype/noto/.uuid
Web Content /usr/share/fonts/truetype/space-grotesk
Web Content /var/cache/fontconfig//60495f9738a6f38c2f3f93e3ff28e478-le64.cache-9
Web Content /config/.cache/fontconfig//60495f9738a6f38c2f3f93e3ff28e478-le64.cache-9
Web Content /usr/share/fonts/truetype/space-grotesk/.uuid
Web Content /config/.fontconfig//60495f9738a6f38c2f3f93e3ff28e478-le64.cache-9
Web Content /usr/share/fonts/truetype/space-grotesk/.uuid
Web Content /usr/share/fonts/truetype/ubuntu
Web Content /var/cache/fontconfig//2300eef321c393bfd76478a5c0e95b23-le64.cache-9
Web Content /config/.cache/fontconfig//2300eef321c393bfd76478a5c0e95b23-le64.cache-9
Web Content /usr/share/fonts/truetype/ubuntu/.uuid
Web Content /config/.fontconfig//2300eef321c393bfd76478a5c0e95b23-le64.cache-9
Web Content /usr/share/fonts/truetype/ubuntu/.uuid
Web Content /usr/share/fonts/type1/urw-base35
Web Content /var/cache/fontconfig//a4e60e8d1e10d2fdff3fe3037a1845fb-le64.cache-9
Web Content /config/.cache/fontconfig//a4e60e8d1e10d2fdff3fe3037a1845fb-le64.cache-9
Web Content /usr/share/fonts/type1/urw-base35/.uuid
Web Content /config/.fontconfig//a4e60e8d1e10d2fdff3fe3037a1845fb-le64.cache-9
Web Content /usr/share/fonts/type1/urw-base35/.uuid
Web Content /usr/share/fonts/X11/encodings/large
Web Content /var/cache/fontconfig//6333f38776742d18e214673cd2c24e34-le64.cache-9
Web Content /config/.cache/fontconfig//6333f38776742d18e214673cd2c24e34-le64.cache-9
Web Content /usr/share/fonts/X11/encodings/large/.uuid
Web Content /config/.fontconfig//6333f38776742d18e214673cd2c24e34-le64.cache-9
Web Content /usr/share/fonts/X11/encodings/large/.uuid
Web Content /sys/devices/system/cpu/present
StreamTrans #1 /config/.thunderbird/3g11fcde.default-release/prefs.js
StreamTrans #1 /config/.thunderbird/3g11fcde.default-release/prefs-1.js
StreamTrans #1 /config/.thunderbird/3g11fcde.default-release/prefs-1.js
Permission /config/.thunderbird/3g11fcde.default-release/permissions.sqlite-journal
Permission /config/.thunderbird/3g11fcde.default-release
Permission /config/.thunderbird/3g11fcde.default-release/permissions.sqlite-journal
Permission /config/.thunderbird/3g11fcde.default-release
Cache2 I/O /config/.cache/thunderbird/3g11fcde.default-release/cache2/entries/0A074224CC1D8F1D63910078ADB8CCFEA3629264
Cache2 I/O /proc/self/mountinfo
Cache2 I/O /proc/self/mountinfo
Cache2 I/O /proc/self/mountinfo
Cache2 I/O /proc/self/mountinfo
Cache2 I/O /config/.cache/thunderbird/3g11fcde.default-release/cache2/entries/F5DC207D5C630FA8FAD6462DF7F65F63ABF8D7ED
Cache2 I/O /proc/self/mountinfo
Isolated Web Co /sys/devices/system/cpu/present
Isolated Web Co /sys/devices/system/cpu/present
Cache2 I/O /proc/self/mountinfo
Cache2 I/O /config/.cache/thunderbird/3g11fcde.default-release/cache2/entries/1113727F8980C6FB7A332C90FC47BAE73DF6F8B1
Cache2 I/O /proc/self/mountinfo
Cache2 I/O /proc/self/mountinfo
Cache2 I/O /proc/self/mountinfo
Cache2 I/O /proc/self/mountinfo
Cache2 I/O /config/.cache/thunderbird/3g11fcde.default-release/cache2/entries/767DA611CD722806C1166BF2E027790B4F83EFBE
Cache2 I/O /proc/self/mountinfo
Cache2 I/O /proc/self/mountinfo
Isolated Web Co /usr/lib/thunderbird/libsoftokn3.so
Cache2 I/O /proc/self/mountinfo
Cache2 I/O /proc/self/mountinfo
Isolated Web Co /usr/lib/thunderbird/libfreeblpriv3.so
Cache2 I/O /config/.cache/thunderbird/3g11fcde.default-release/cache2/entries/5D3F3B3BAC263ADE7D6A8A4B7B8CEA02111AA800
Cache2 I/O /proc/self/mountinfo
Cache2 I/O /proc/self/mountinfo
Cache2 I/O /proc/self/mountinfo
Cache2 I/O /proc/self/mountinfo
Cache2 I/O /proc/self/mountinfo
Cache2 I/O /proc/self/mountinfo
Isolated Web Co /etc/localtime
Cache2 I/O /config/.cache/thunderbird/3g11fcde.default-release/cache2/entries/2BA3380C0C397F13E8EB43526AD6F10AF77C8D3B
Cache2 I/O /proc/self/mountinfo
Cache2 I/O /proc/self/mountinfo
Cache2 I/O /config/.cache/thunderbird/3g11fcde.default-release/cache2/entries/55AD67B8CBA4716F3B3921D3F46ED198AFB4826B
Cache2 I/O /proc/self/mountinfo
Isolated Web Co /usr/share/fonts/truetype/noto/NotoSans-Regular.ttf
Isolated Web Co /usr/share/fonts/truetype/noto/NotoSans-Regular.ttf
Cache2 I/O /proc/self/mountinfo
Cache2 I/O /config/.cache/thunderbird/3g11fcde.default-release/cache2/entries/6569325C0317D2D6802A27DDE78DFC3F74697DCF
Cache2 I/O /proc/self/mountinfo
Cache2 I/O /proc/self/mountinfo
Cache2 I/O /config/.cache/thunderbird/3g11fcde.default-release/cache2/entries/BD8D04DFA5A23DB1928009D6804A9EA5428179B2
Cache2 I/O /proc/self/mountinfo
Cache2 I/O /proc/self/mountinfo
Cache2 I/O /proc/self/mountinfo
Cache2 I/O /proc/self/mountinfo
Cache2 I/O /config/.cache/thunderbird/3g11fcde.default-release/cache2/entries/78B0EBF6F3A145C5AFF2C827AAB057B94EB69018
Cache2 I/O /proc/self/mountinfo
Cache2 I/O /proc/self/mountinfo
Cache2 I/O /proc/self/mountinfo
Cache2 I/O /proc/self/mountinfo
Cache2 I/O /config/.cache/thunderbird/3g11fcde.default-release/cache2/entries/B9624BBFAADB6AFD044749933C8C2993C5A63C06
Cache2 I/O /proc/self/mountinfo
Cache2 I/O /proc/self/mountinfo
Cache2 I/O /config/.cache/thunderbird/3g11fcde.default-release/cache2/entries/A41A8E5DDBD0ED1EFB8189E4BE1801A817E8501B
Cache2 I/O /proc/self/mountinfo
Cache2 I/O /proc/self/mountinfo
Cache2 I/O /proc/self/mountinfo
Cache2 I/O /proc/self/mountinfo
Cache2 I/O /proc/self/mountinfo
Cache2 I/O /proc/self/mountinfo
Cache2 I/O /config/.cache/thunderbird/3g11fcde.default-release/cache2/entries/742D231340D163884D65FCCF3EE88027E8B87692
Cache2 I/O /proc/self/mountinfo
Cache2 I/O /proc/self/mountinfo
Cache2 I/O /config/.cache/thunderbird/3g11fcde.default-release/cache2/entries/8166B3C94A99A14245E94B7A9AC4E0BB39A983E4
Cache2 I/O /proc/self/mountinfo
Cache2 I/O /proc/self/mountinfo
Cache2 I/O /proc/self/mountinfo
Cache2 I/O /proc/self/mountinfo
Cache2 I/O /config/.cache/thunderbird/3g11fcde.default-release/cache2/entries/E932936E97D3E01B801F4CEDFC37F0448FCCE300
Cache2 I/O /proc/self/mountinfo
Cache2 I/O /proc/self/mountinfo
Cache2 I/O /config/.cache/thunderbird/3g11fcde.default-release/cache2/entries/38FC6DD409E7451DF123272E0C15AAB3999CEC79
Cache2 I/O /proc/self/mountinfo
Isolated Web Co /usr/share/fonts/truetype/liberation/LiberationSans-Bold.ttf
Cache2 I/O /proc/self/mountinfo
Cache2 I/O /proc/self/mountinfo
Cache2 I/O /proc/self/mountinfo
Isolated Web Co /usr/share/fonts/truetype/liberation/LiberationSans-Bold.ttf
Cache2 I/O /proc/self/mountinfo
Cache2 I/O /proc/self/mountinfo
Cache2 I/O /proc/self/mountinfo
Cache2 I/O /proc/self/mountinfo
Cache2 I/O /proc/self/mountinfo
Cache2 I/O /proc/self/mountinfo
Isolated Web Co /usr/share/fonts/truetype/liberation/LiberationSans-Regular.ttf
Cache2 I/O /proc/self/mountinfo
Isolated Web Co /usr/share/fonts/truetype/liberation/LiberationSans-Regular.ttf
Cache2 I/O /proc/self/mountinfo
Cache2 I/O /proc/self/mountinfo
Cache2 I/O /proc/self/mountinfo
Isolated Web Co 
BgIOThr~Pool #1 /config/.thunderbird/3g11fcde.default-release/SiteSecurityServiceState.bin
BgIOThr~Pool #1 /config/.thunderbird/3g11fcde.default-release/AlternateServices.bin
sqldb:c~lite #6 /config/.thunderbird/3g11fcde.default-release/cookies.sqlite-wal
xclip /etc/ld.so.cache
xclip /lib/x86_64-linux-gnu/libXmu.so.6
xclip /lib/x86_64-linux-gnu/libX11.so.6
xclip /lib/x86_64-linux-gnu/libc.so.6
xclip /lib/x86_64-linux-gnu/libXt.so.6
xclip /lib/x86_64-linux-gnu/libXext.so.6
xclip /lib/x86_64-linux-gnu/libxcb.so.1
xclip /lib/x86_64-linux-gnu/libSM.so.6
xclip /lib/x86_64-linux-gnu/libICE.so.6
xclip /lib/x86_64-linux-gnu/libXau.so.6
xclip /lib/x86_64-linux-gnu/libXdmcp.so.6
xclip /lib/x86_64-linux-gnu/libuuid.so.1
xclip /lib/x86_64-linux-gnu/libbsd.so.0
xclip /lib/x86_64-linux-gnu/libmd.so.0
xclip /usr/share/X11/locale/locale.alias
xclip /usr/share/X11/locale/locale.dir
xclip /usr/share/X11/locale/C/XLC_LOCALE
xclip /usr/share/X11/locale/locale.alias
xclip /usr/share/X11/locale/locale.dir
xclip /usr/share/X11/locale/C/XLC_LOCALE
Xvfb /proc/1855/cmdline
Cache2 I/O /config/.cache/thunderbird/3g11fcde.default-release/cache2/entries/4017D9FF8CB84428BB32D85E2E34443E11C412D1
Cache2 I/O /proc/self/mountinfo
Cache2 I/O /proc/self/mountinfo
Isolated Web Co 
Cache2 I/O /config/.cache/thunderbird/3g11fcde.default-release/cache2/entries/867334C28FE2CCCDE9CA4990C722C75D53FB8406
Cache2 I/O /proc/self/mountinfo
Cache2 I/O /proc/self/mountinfo
Cache2 I/O /proc/self/mountinfo
Cache2 I/O /proc/self/mountinfo
Cache2 I/O /config/.cache/thunderbird/3g11fcde.default-release/cache2/entries/6762E24BB9F66A6430B9C774503510453B4EBA21
Cache2 I/O /proc/self/mountinfo
Cache2 I/O /proc/self/mountinfo
Cache2 I/O /proc/self/mountinfo
Cache2 I/O /proc/self/mountinfo
Cache2 I/O /config/.cache/thunderbird/3g11fcde.default-release/cache2/entries/AC4388372EAC9A2259E1D3C023707BF0229591EA
Cache2 I/O /proc/self/mountinfo
Cache2 I/O /proc/self/mountinfo
Cache2 I/O /proc/self/mountinfo
Cache2 I/O /proc/self/mountinfo
Cache2 I/O /proc/self/mountinfo
Cache2 I/O /proc/self/mountinfo
Cache2 I/O /config/.cache/thunderbird/3g11fcde.default-release/cache2/entries/DAA46BB4C0961523D9B5D1AF636A0E4AFBB79477
Cache2 I/O /proc/self/mountinfo
Cache2 I/O /proc/self/mountinfo
Cache2 I/O /config/.cache/thunderbird/3g11fcde.default-release/cache2/entries/109D080055C1548CE320A422FD98DA1D5E1A5BC8
Cache2 I/O /proc/self/mountinfo
Cache2 I/O /proc/self/mountinfo
Cache2 I/O /proc/self/mountinfo
selkies /proc/stat
selkies /proc/meminfo
Cache2 I/O /proc/self/mountinfo
Cache2 I/O /config/.cache/thunderbird/3g11fcde.default-release/cache2/entries/C46C7ECDB9BBED905855CA620A88BD8FB27FC168
Cache2 I/O /proc/self/mountinfo
Cache2 I/O /proc/self/mountinfo
Cache2 I/O /config/.cache/thunderbird/3g11fcde.default-release/cache2/entries/2B1119058B6D38BEAAA108F88E19E399F2D2F5D8
Cache2 I/O /proc/self/mountinfo
Cache2 I/O /proc/self/mountinfo
Cache2 I/O /proc/self/mountinfo
Cache2 I/O /proc/self/mountinfo
Cache2 I/O /config/.cache/thunderbird/3g11fcde.default-release/cache2/entries/AD66DCE798A676DD10E21FF44227D9DA28893051
Cache2 I/O /proc/self/mountinfo
Isolated Web Co 
Cache2 I/O /proc/self/mountinfo
Cache2 I/O /proc/self/mountinfo
Cache2 I/O /proc/self/mountinfo
Cache2 I/O /proc/self/mountinfo
Cache2 I/O /proc/self/mountinfo
Cache2 I/O /config/.cache/thunderbird/3g11fcde.default-release/cache2/entries/1AA3CEA83EF6614B1ED48502AA18C34C601D7A6E
Cache2 I/O /proc/self/mountinfo
Cache2 I/O /proc/self/mountinfo
Cache2 I/O /config/.cache/thunderbird/3g11fcde.default-release/cache2/entries/0A0CA8561C6B695410714D0302EF2FF3332B2DC9
Cache2 I/O /proc/self/mountinfo
Cache2 I/O /proc/self/mountinfo
Cache2 I/O /proc/self/mountinfo
Cache2 I/O /proc/self/mountinfo
Cache2 I/O /config/.cache/thunderbird/3g11fcde.default-release/cache2/entries/C103C4873D337E963440203E5C3ED3A9FD04C522
Cache2 I/O /proc/self/mountinfo
Cache2 I/O /proc/self/mountinfo
Cache2 I/O /proc/self/mountinfo
Cache2 I/O /proc/self/mountinfo
Cache2 I/O /proc/self/mountinfo
Isolated Web Co 
Isolated Web Co 
WrGlyph~terizer /usr/share/fonts/truetype/liberation/LiberationSans-Bold.ttf
Cache2 I/O /proc/self/mountinfo
Cache2 I/O /proc/self/mountinfo
Cache2 I/O /proc/self/mountinfo
BgIOThr~Pool #5 /config/.thunderbird/3g11fcde.default-release/AlternateServices.bin
Isolated Web Co /usr/lib/thunderbird/libsoftokn3.so
Isolated Web Co /usr/lib/thunderbird/libfreeblpriv3.so
DNS Resolver #1 /etc/hosts
Cache2 I/O /config/.cache/thunderbird/3g11fcde.default-release/cache2/entries/82B312D18B0BBA9982EE9EB41F272A2C49EC2655
Cache2 I/O /proc/self/mountinfo
Cache2 I/O /proc/self/mountinfo
Cache2 I/O /proc/self/mountinfo
Cache2 I/O /proc/self/mountinfo
Cache2 I/O /config/.cache/thunderbird/3g11fcde.default-release/cache2/entries/6AE1AD9386901279105BDCBABE00776B97C972E9
Cache2 I/O /proc/self/mountinfo
Cache2 I/O /proc/self/mountinfo
Cache2 I/O /proc/self/mountinfo
Cache2 I/O /proc/self/mountinfo
DNS Resolver #1 /etc/hosts
URL Classifier /config/.cache/thunderbird/3g11fcde.default-release/safebrowsing/base-email-track-digest256.sbstore
URL Classifier /config/.cache/thunderbird/3g11fcde.default-release/safebrowsing/content-email-track-digest256.sbstore
BgIOThr~Pool #5 /config/.thunderbird/3g11fcde.default-release/SiteSecurityServiceState.bin
Cache2 I/O /config/.cache/thunderbird/3g11fcde.default-release/cache2/entries/2BBC4882814D5900E66325A5473D14ECB6F8F11F
Cache2 I/O /proc/self/mountinfo
Cache2 I/O /proc/self/mountinfo
Cache2 I/O /proc/self/mountinfo
Cache2 I/O /proc/self/mountinfo
DNS Resolver #1 /etc/hosts
DNS Resolver #1 /etc/hosts
Isolated Web Co /usr/share/fonts/truetype/noto/NotoSans-Regular.ttf
Isolated Web Co /usr/share/fonts/truetype/noto/NotoSans-Regular.ttf
Isolated Web Co /usr/share/fonts/truetype/liberation/LiberationSans-Regular.ttf
Isolated Web Co /usr/share/fonts/truetype/liberation/LiberationSans-Regular.ttf
sqldb:p~lite #3 /config/.thunderbird/3g11fcde.default-release
Isolated Web Co /usr/share/fonts/truetype/noto/NotoColorEmoji.ttf
Isolated Web Co /usr/share/fonts/truetype/noto/NotoColorEmoji.ttf
Isolated Web Co /usr/share/fonts/opentype/noto/NotoSansCJK-Regular.ttc
Isolated Web Co /usr/share/fonts/opentype/noto/NotoSansCJK-Regular.ttc
Isolated Web Co /usr/share/fonts/truetype/noto/NotoSansGeorgian-Regular.ttf
Isolated Web Co /usr/share/fonts/truetype/noto/NotoSansGeorgian-Regular.ttf
Isolated Web Co /usr/share/fonts/truetype/noto/NotoSansArmenian-Regular.ttf
Isolated Web Co /usr/share/fonts/truetype/noto/NotoSansArmenian-Regular.ttf
Isolated Web Co /usr/share/fonts/truetype/noto/NotoSansArabic-Regular.ttf
Isolated Web Co /usr/share/fonts/truetype/noto/NotoSansArabic-Regular.ttf
Isolated Web Co /usr/share/fonts/truetype/noto/NotoSansEthiopic-Regular.ttf
Isolated Web Co /usr/share/fonts/truetype/noto/NotoSansEthiopic-Regular.ttf
Isolated Web Co /usr/share/fonts/truetype/noto/NotoSansDevanagari-Regular.ttf
Isolated Web Co /usr/share/fonts/truetype/noto/NotoSansDevanagari-Regular.ttf
Isolated Web Co /usr/share/fonts/truetype/noto/NotoSansBengali-Regular.ttf
Isolated Web Co /usr/share/fonts/truetype/noto/NotoSansBengali-Regular.ttf
Isolated Web Co /usr/share/fonts/truetype/noto/NotoSansGurmukhi-Regular.ttf
Isolated Web Co /usr/share/fonts/truetype/noto/NotoSansGurmukhi-Regular.ttf
Isolated Web Co /usr/share/fonts/truetype/noto/NotoSansGujarati-Regular.ttf
Isolated Web Co /usr/share/fonts/truetype/noto/NotoSansGujarati-Regular.ttf
Isolated Web Co /usr/share/fonts/truetype/noto/NotoSansOriya-Regular.ttf
thunderbird /usr/share/fonts/truetype/liberation/LiberationSans-Italic.ttf
Isolated Web Co /usr/share/fonts/truetype/noto/NotoSansOriya-Regular.ttf
thunderbird /usr/share/fonts/truetype/liberation/LiberationSans-Italic.ttf
thunderbird /usr/share/fonts/truetype/liberation/LiberationSans-BoldItalic.ttf
thunderbird /usr/share/fonts/truetype/liberation/LiberationSans-BoldItalic.ttf
Isolated Web Co /usr/share/fonts/truetype/noto/NotoSansTamil-Regular.ttf
Isolated Web Co /usr/share/fonts/truetype/noto/NotoSansTamil-Regular.ttf
thunderbird /usr/share/fonts/truetype/liberation/LiberationSerif-Regular.ttf
thunderbird /usr/share/fonts/truetype/liberation/LiberationSerif-Regular.ttf
thunderbird /usr/share/fonts/truetype/liberation/LiberationSerif-Bold.ttf
Isolated Web Co /usr/share/fonts/truetype/noto/NotoSansTelugu-Regular.ttf
thunderbird /usr/share/fonts/truetype/liberation/LiberationSerif-Bold.ttf
Isolated Web Co /usr/share/fonts/truetype/noto/NotoSansTelugu-Regular.ttf
thunderbird /usr/share/fonts/truetype/liberation/LiberationSerif-Italic.ttf
thunderbird /usr/share/fonts/truetype/liberation/LiberationSerif-Italic.ttf
thunderbird /usr/share/fonts/truetype/liberation/LiberationSerif-BoldItalic.ttf
Isolated Web Co /usr/share/fonts/truetype/noto/NotoSansKannada-Regular.ttf
thunderbird /usr/share/fonts/truetype/liberation/LiberationSerif-BoldItalic.ttf
Isolated Web Co /usr/share/fonts/truetype/noto/NotoSansKannada-Regular.ttf
Isolated Web Co /usr/share/fonts/truetype/noto/NotoSansMalayalam-Regular.ttf
Isolated Web Co /usr/share/fonts/truetype/noto/NotoSansMalayalam-Regular.ttf
Isolated Web Co /usr/share/fonts/truetype/noto/NotoSansSinhala-Regular.ttf
thunderbird /usr/share/fonts/X11/Type1/NimbusMonoPS-Bold.pfb
Isolated Web Co /usr/share/fonts/truetype/noto/NotoSansSinhala-Regular.ttf
thunderbird /usr/share/fonts/X11/Type1/NimbusMonoPS-Bold.pfb
thunderbird /usr/share/fonts/X11/Type1/NimbusMonoPS-BoldItalic.pfb
Isolated Web Co /usr/share/fonts/truetype/noto/NotoSansThai-Regular.ttf
Isolated Web Co /usr/share/fonts/truetype/noto/NotoSansThai-Regular.ttf
thunderbird /usr/share/fonts/X11/Type1/NimbusMonoPS-BoldItalic.pfb
thunderbird /usr/share/fonts/X11/Type1/NimbusMonoPS-Italic.pfb
thunderbird /usr/share/fonts/X11/Type1/NimbusMonoPS-Italic.pfb
thunderbird /usr/share/fonts/X11/Type1/NimbusMonoPS-Regular.pfb
thunderbird /usr/share/fonts/X11/Type1/NimbusMonoPS-Regular.pfb
thunderbird /usr/share/fonts/opentype/urw-base35/NimbusMonoPS-Bold.otf
thunderbird /usr/share/fonts/opentype/urw-base35/NimbusMonoPS-Bold.otf
thunderbird /usr/share/fonts/opentype/urw-base35/NimbusMonoPS-BoldItalic.otf
thunderbird /usr/share/fonts/opentype/urw-base35/NimbusMonoPS-BoldItalic.otf
thunderbird /usr/share/fonts/opentype/urw-base35/NimbusMonoPS-Italic.otf
thunderbird /usr/share/fonts/opentype/urw-base35/NimbusMonoPS-Italic.otf
thunderbird /usr/share/fonts/opentype/urw-base35/NimbusMonoPS-Regular.otf
thunderbird /usr/share/fonts/opentype/urw-base35/NimbusMonoPS-Regular.otf
thunderbird /usr/share/fonts/type1/urw-base35/NimbusMonoPS-Bold.t1
thunderbird /usr/share/fonts/type1/urw-base35/NimbusMonoPS-Bold.t1
thunderbird /usr/share/fonts/type1/urw-base35/NimbusMonoPS-BoldItalic.t1
thunderbird /usr/share/fonts/type1/urw-base35/NimbusMonoPS-BoldItalic.t1
thunderbird /usr/share/fonts/type1/urw-base35/NimbusMonoPS-Italic.t1
thunderbird /usr/share/fonts/type1/urw-base35/NimbusMonoPS-Italic.t1
thunderbird /usr/share/fonts/type1/urw-base35/NimbusMonoPS-Regular.t1
thunderbird /usr/share/fonts/type1/urw-base35/NimbusMonoPS-Regular.t1
thunderbird /usr/share/fonts/truetype/noto/NotoSansSymbols-Regular.ttf
thunderbird /usr/share/fonts/truetype/noto/NotoSansSymbols-Regular.ttf
thunderbird /usr/share/fonts/truetype/noto/NotoSansSymbols-Bold.ttf
thunderbird /usr/share/fonts/truetype/noto/NotoSansSymbols-Bold.ttf
thunderbird /usr/share/fonts/truetype/noto/NotoSansSymbols2-Regular.ttf
thunderbird /usr/share/fonts/truetype/noto/NotoSansSymbols2-Regular.ttf
Isolated Web Co /usr/share/fonts/truetype/noto/NotoSansKhmer-Regular.ttf
Isolated Web Co /usr/share/fonts/truetype/noto/NotoSansKhmer-Regular.ttf
thunderbird /usr/share/fonts/X11/Type1/C059-BdIta.pfb
thunderbird /usr/share/fonts/X11/Type1/C059-BdIta.pfb
thunderbird /usr/share/fonts/X11/Type1/C059-Bold.pfb
thunderbird /usr/share/fonts/X11/Type1/C059-Bold.pfb
thunderbird /usr/share/fonts/X11/Type1/C059-Italic.pfb
thunderbird /usr/share/fonts/X11/Type1/C059-Italic.pfb
thunderbird /usr/share/fonts/X11/Type1/C059-Roman.pfb
thunderbird /usr/share/fonts/X11/Type1/C059-Roman.pfb
thunderbird /usr/share/fonts/opentype/urw-base35/C059-BdIta.otf
thunderbird /usr/share/fonts/opentype/urw-base35/C059-BdIta.otf
thunderbird /usr/share/fonts/opentype/urw-base35/C059-Bold.otf
thunderbird /usr/share/fonts/opentype/urw-base35/C059-Bold.otf
thunderbird /usr/share/fonts/opentype/urw-base35/C059-Italic.otf
thunderbird /usr/share/fonts/opentype/urw-base35/C059-Italic.otf
thunderbird /usr/share/fonts/opentype/urw-base35/C059-Roman.otf
thunderbird /usr/share/fonts/opentype/urw-base35/C059-Roman.otf
thunderbird /usr/share/fonts/type1/urw-base35/C059-BdIta.t1
thunderbird /usr/share/fonts/type1/urw-base35/C059-BdIta.t1
thunderbird /usr/share/fonts/type1/urw-base35/C059-Bold.t1
thunderbird /usr/share/fonts/type1/urw-base35/C059-Bold.t1
thunderbird /usr/share/fonts/type1/urw-base35/C059-Italic.t1
thunderbird /usr/share/fonts/type1/urw-base35/C059-Italic.t1
thunderbird /usr/share/fonts/type1/urw-base35/C059-Roman.t1
Isolated Web Co /sys/devices/system/cpu/present
thunderbird /usr/share/fonts/type1/urw-base35/C059-Roman.t1
BgIOThr~Pool #5 /config/.thunderbird/3g11fcde.default-release/AlternateServices.bin
Cache2 I/O /config/.cache/thunderbird/3g11fcde.default-release/cache2/entries/DACFFCDCF37CA41D5886E7FC1DB3A3C2C3140B5D
Cache2 I/O /proc/self/mountinfo
Cache2 I/O /proc/self/mountinfo
BgIOThr~Pool #5 /config/.thunderbird/3g11fcde.default-release/AlternateServices.bin
Cache2 I/O /config/.cache/thunderbird/3g11fcde.default-release/cache2/entries/84C1092BC10F75D1A14374D48DF6A38DC9EEAD00
Cache2 I/O /proc/self/mountinfo
Cache2 I/O /proc/self/mountinfo
Cache2 I/O /proc/self/mountinfo
Cache2 I/O /proc/self/mountinfo
Cache2 I/O /proc/self/mountinfo
Cache2 I/O /proc/self/mountinfo
IndexedDB IO #1 /config/.thunderbird/3g11fcde.default-release/storage/permanent/chrome/idb/3870112724rsegmnoittet-es.sqlite
IndexedDB IO #1 /config/.thunderbird/3g11fcde.default-release/storage/permanent/chrome/idb/3870112724rsegmnoittet-es.sqlite-wal
IndexedDB IO #1 /proc/self/mountinfo
WrGlyph~terizer /usr/share/fonts/truetype/liberation/LiberationSans-Regular.ttf
QuotaManager IO /config/.thunderbird/3g11fcde.default-release/storage/permanent/chrome/idb/3870112724rsegmnoittet-es.sqlite
QuotaManager IO /config/.thunderbird/3g11fcde.default-release/storage/permanent/chrome/idb/3870112724rsegmnoittet-es.sqlite-wal
QuotaManager IO /proc/self/mountinfo
IndexedDB IO #1 /config/.thunderbird/3g11fcde.default-release/storage/permanent/chrome/idb
IndexedDB IO #1 /config/.thunderbird/3g11fcde.default-release/storage/permanent/chrome/idb/3870112724rsegmnoittet-es.sqlite
IndexedDB IO #1 /config/.thunderbird/3g11fcde.default-release/storage/permanent/chrome/idb/3870112724rsegmnoittet-es.sqlite-wal
IndexedDB IO #1 /proc/self/mountinfo
thunderbird /usr/share/fonts/X11/Type1/D050000L.pfb
thunderbird /usr/share/fonts/X11/Type1/D050000L.pfb
thunderbird /usr/share/fonts/opentype/urw-base35/D050000L.otf
thunderbird /usr/share/fonts/opentype/urw-base35/D050000L.otf
thunderbird /usr/share/fonts/type1/urw-base35/D050000L.t1
thunderbird /usr/share/fonts/type1/urw-base35/D050000L.t1
thunderbird /usr/share/fonts/truetype/dm-mono/DMMono-Italic.ttf
thunderbird /usr/share/fonts/truetype/dm-mono/DMMono-Italic.ttf
thunderbird /usr/share/fonts/truetype/dm-mono/DMMono-Regular.ttf
thunderbird /usr/share/fonts/truetype/dm-mono/DMMono-Regular.ttf
thunderbird /usr/share/fonts/truetype/dm-mono/DMMono-Light.ttf
thunderbird /usr/share/fonts/truetype/dm-mono/DMMono-Light.ttf
thunderbird /usr/share/fonts/truetype/dm-mono/DMMono-LightItalic.ttf
thunderbird /usr/share/fonts/truetype/dm-mono/DMMono-LightItalic.ttf
thunderbird /usr/share/fonts/truetype/dm-mono/DMMono-Medium.ttf
thunderbird /usr/share/fonts/truetype/dm-mono/DMMono-Medium.ttf
thunderbird /usr/share/fonts/truetype/dm-mono/DMMono-MediumItalic.ttf
thunderbird /usr/share/fonts/truetype/dm-mono/DMMono-MediumItalic.ttf
BgIOThr~Pool #5 /config/.thunderbird/3g11fcde.default-release/AlternateServices.bin
thunderbird /usr/share/fonts/truetype/dm-mono/DMMono-Light.ttf
thunderbird /usr/share/fonts/truetype/dm-mono/DMMono-Light.ttf
thunderbird /usr/share/fonts/truetype/dm-mono/DMMono-LightItalic.ttf
thunderbird /usr/share/fonts/truetype/dm-mono/DMMono-LightItalic.ttf
BgIOThr~Pool #5 /config/.thunderbird/3g11fcde.default-release/AlternateServices.bin
thunderbird /usr/share/fonts/truetype/dm-mono/DMMono-Medium.ttf
thunderbird /usr/share/fonts/truetype/dm-mono/DMMono-Medium.ttf
thunderbird /usr/share/fonts/truetype/dm-mono/DMMono-MediumItalic.ttf
thunderbird /usr/share/fonts/truetype/dm-mono/DMMono-MediumItalic.ttf
thunderbird /usr/share/fonts/truetype/liberation/LiberationMono-Regular.ttf
Isolated Web Co /etc/localtime
thunderbird /usr/share/fonts/truetype/liberation/LiberationMono-Regular.ttf
thunderbird /usr/share/fonts/truetype/liberation/LiberationMono-Bold.ttf
thunderbird /usr/share/fonts/truetype/liberation/LiberationMono-Bold.ttf
thunderbird /usr/share/fonts/truetype/liberation/LiberationMono-Italic.ttf
thunderbird /usr/share/fonts/truetype/liberation/LiberationMono-Italic.ttf
thunderbird /usr/share/fonts/truetype/liberation/LiberationMono-BoldItalic.ttf
thunderbird /usr/share/fonts/truetype/liberation/LiberationMono-BoldItalic.ttf
Isolated Web Co /sys/devices/system/cpu/present
thunderbird /usr/share/fonts/X11/Type1/NimbusRoman-Bold.pfb
thunderbird /usr/share/fonts/X11/Type1/NimbusRoman-Bold.pfb
thunderbird /usr/share/fonts/X11/Type1/NimbusRoman-BoldItalic.pfb
thunderbird /usr/share/fonts/X11/Type1/NimbusRoman-BoldItalic.pfb
thunderbird /usr/share/fonts/X11/Type1/NimbusRoman-Italic.pfb
thunderbird /usr/share/fonts/X11/Type1/NimbusRoman-Italic.pfb
thunderbird /usr/share/fonts/X11/Type1/NimbusRoman-Regular.pfb
thunderbird /usr/share/fonts/X11/Type1/NimbusRoman-Regular.pfb
thunderbird /usr/share/fonts/opentype/urw-base35/NimbusRoman-Bold.otf
thunderbird /usr/share/fonts/opentype/urw-base35/NimbusRoman-Bold.otf
thunderbird /usr/share/fonts/opentype/urw-base35/NimbusRoman-BoldItalic.otf
thunderbird /usr/share/fonts/opentype/urw-base35/NimbusRoman-BoldItalic.otf
thunderbird /usr/share/fonts/opentype/urw-base35/NimbusRoman-Italic.otf
thunderbird /usr/share/fonts/opentype/urw-base35/NimbusRoman-Italic.otf
thunderbird /usr/share/fonts/opentype/urw-base35/NimbusRoman-Regular.otf
thunderbird /usr/share/fonts/opentype/urw-base35/NimbusRoman-Regular.otf
thunderbird /usr/share/fonts/type1/urw-base35/NimbusRoman-Bold.t1
thunderbird /usr/share/fonts/type1/urw-base35/NimbusRoman-Bold.t1
thunderbird /usr/share/fonts/type1/urw-base35/NimbusRoman-BoldItalic.t1
thunderbird /usr/share/fonts/type1/urw-base35/NimbusRoman-BoldItalic.t1
thunderbird /usr/share/fonts/type1/urw-base35/NimbusRoman-Italic.t1
thunderbird /usr/share/fonts/type1/urw-base35/NimbusRoman-Italic.t1
thunderbird /usr/share/fonts/type1/urw-base35/NimbusRoman-Regular.t1
thunderbird /usr/share/fonts/type1/urw-base35/NimbusRoman-Regular.t1
thunderbird /usr/share/fonts/X11/Type1/NimbusSans-Bold.pfb
thunderbird /usr/share/fonts/X11/Type1/NimbusSans-Bold.pfb
thunderbird /usr/share/fonts/X11/Type1/NimbusSans-BoldItalic.pfb
thunderbird /usr/share/fonts/X11/Type1/NimbusSans-BoldItalic.pfb
thunderbird /usr/share/fonts/X11/Type1/NimbusSans-Italic.pfb
thunderbird /usr/share/fonts/X11/Type1/NimbusSans-Italic.pfb
thunderbird /usr/share/fonts/X11/Type1/NimbusSans-Regular.pfb
thunderbird /usr/share/fonts/X11/Type1/NimbusSans-Regular.pfb
thunderbird /usr/share/fonts/opentype/urw-base35/NimbusSans-Bold.otf
thunderbird /usr/share/fonts/opentype/urw-base35/NimbusSans-Bold.otf
thunderbird /usr/share/fonts/opentype/urw-base35/NimbusSans-BoldItalic.otf
thunderbird /usr/share/fonts/opentype/urw-base35/NimbusSans-BoldItalic.otf
thunderbird /usr/share/fonts/opentype/urw-base35/NimbusSans-Italic.otf
thunderbird /usr/share/fonts/opentype/urw-base35/NimbusSans-Italic.otf
thunderbird /usr/share/fonts/opentype/urw-base35/NimbusSans-Regular.otf
thunderbird /usr/share/fonts/opentype/urw-base35/NimbusSans-Regular.otf
thunderbird /usr/share/fonts/type1/urw-base35/NimbusSans-Bold.t1
thunderbird /usr/share/fonts/type1/urw-base35/NimbusSans-Bold.t1
thunderbird /usr/share/fonts/type1/urw-base35/NimbusSans-BoldItalic.t1
thunderbird /usr/share/fonts/type1/urw-base35/NimbusSans-BoldItalic.t1
thunderbird /usr/share/fonts/type1/urw-base35/NimbusSans-Italic.t1
thunderbird /usr/share/fonts/type1/urw-base35/NimbusSans-Italic.t1
thunderbird /usr/share/fonts/type1/urw-base35/NimbusSans-Regular.t1
thunderbird /usr/share/fonts/type1/urw-base35/NimbusSans-Regular.t1
thunderbird /usr/share/fonts/X11/Type1/NimbusSansNarrow-Bold.pfb
thunderbird /usr/share/fonts/X11/Type1/NimbusSansNarrow-Bold.pfb
thunderbird /usr/share/fonts/X11/Type1/NimbusSansNarrow-BoldOblique.pfb
thunderbird /usr/share/fonts/X11/Type1/NimbusSansNarrow-BoldOblique.pfb
thunderbird /usr/share/fonts/X11/Type1/NimbusSansNarrow-Oblique.pfb
thunderbird /usr/share/fonts/X11/Type1/NimbusSansNarrow-Oblique.pfb
thunderbird /usr/share/fonts/X11/Type1/NimbusSansNarrow-Regular.pfb
thunderbird /usr/share/fonts/X11/Type1/NimbusSansNarrow-Regular.pfb
thunderbird /usr/share/fonts/opentype/urw-base35/NimbusSansNarrow-Bold.otf
thunderbird /usr/share/fonts/opentype/urw-base35/NimbusSansNarrow-Bold.otf
thunderbird /usr/share/fonts/opentype/urw-base35/NimbusSansNarrow-BoldOblique.otf
thunderbird /usr/share/fonts/opentype/urw-base35/NimbusSansNarrow-BoldOblique.otf
xclip /etc/ld.so.cache
xclip /lib/x86_64-linux-gnu/libXmu.so.6
thunderbird /usr/share/fonts/opentype/urw-base35/NimbusSansNarrow-Oblique.otf
xclip /lib/x86_64-linux-gnu/libX11.so.6
xclip /lib/x86_64-linux-gnu/libc.so.6
thunderbird /usr/share/fonts/opentype/urw-base35/NimbusSansNarrow-Oblique.otf
xclip /lib/x86_64-linux-gnu/libXt.so.6
thunderbird /usr/share/fonts/opentype/urw-base35/NimbusSansNarrow-Regular.otf
xclip /lib/x86_64-linux-gnu/libXext.so.6
xclip /lib/x86_64-linux-gnu/libxcb.so.1
thunderbird /usr/share/fonts/opentype/urw-base35/NimbusSansNarrow-Regular.otf
xclip /lib/x86_64-linux-gnu/libSM.so.6
xclip /lib/x86_64-linux-gnu/libICE.so.6
thunderbird /usr/share/fonts/type1/urw-base35/NimbusSansNarrow-Bold.t1
xclip /lib/x86_64-linux-gnu/libXau.so.6
xclip /lib/x86_64-linux-gnu/libXdmcp.so.6
xclip /lib/x86_64-linux-gnu/libuuid.so.1
xclip /lib/x86_64-linux-gnu/libbsd.so.0
xclip /lib/x86_64-linux-gnu/libmd.so.0
thunderbird /usr/share/fonts/type1/urw-base35/NimbusSansNarrow-Bold.t1
thunderbird /usr/share/fonts/type1/urw-base35/NimbusSansNarrow-BoldOblique.t1
xclip /usr/share/X11/locale/locale.alias
xclip /usr/share/X11/locale/locale.dir
xclip /usr/share/X11/locale/C/XLC_LOCALE
xclip /usr/share/X11/locale/locale.alias
thunderbird /usr/share/fonts/type1/urw-base35/NimbusSansNarrow-BoldOblique.t1
thunderbird /usr/share/fonts/type1/urw-base35/NimbusSansNarrow-Oblique.t1
xclip /usr/share/X11/locale/locale.dir
xclip /usr/share/X11/locale/C/XLC_LOCALE
Xvfb /proc/1899/cmdline
thunderbird /usr/share/fonts/type1/urw-base35/NimbusSansNarrow-Oblique.t1
thunderbird /usr/share/fonts/type1/urw-base35/NimbusSansNarrow-Regular.t1
thunderbird /usr/share/fonts/type1/urw-base35/NimbusSansNarrow-Regular.t1
Cache2 I/O /config/.cache/thunderbird/3g11fcde.default-release/cache2/entries/05CD44D7B480551DD573BF35FA32DC9DB3C9A5E7
Cache2 I/O /proc/self/mountinfo
thunderbird /usr/share/fonts/truetype/noto/NotoKufiArabic-Regular.ttf
Cache2 I/O /proc/self/mountinfo
thunderbird /usr/share/fonts/truetype/noto/NotoKufiArabic-Regular.ttf
thunderbird /usr/share/fonts/truetype/noto/NotoKufiArabic-Bold.ttf
thunderbird /usr/share/fonts/truetype/noto/NotoKufiArabic-Bold.ttf
thunderbird /usr/share/fonts/truetype/noto/NotoLoopedLao-Regular.ttf
thunderbird /usr/share/fonts/truetype/noto/NotoLoopedLao-Regular.ttf
thunderbird /usr/share/fonts/truetype/noto/NotoLoopedLao-Bold.ttf
thunderbird /usr/share/fonts/truetype/noto/NotoLoopedLao-Bold.ttf
thunderbird /usr/share/fonts/truetype/noto/NotoLoopedLao-Bold.ttf
thunderbird /usr/share/fonts/truetype/noto/NotoLoopedLao-Bold.ttf
thunderbird /usr/share/fonts/truetype/noto/NotoLoopedLao-Regular.ttf
thunderbird /usr/share/fonts/truetype/noto/NotoLoopedLao-Regular.ttf
thunderbird /usr/share/fonts/truetype/noto/NotoLoopedThai-Regular.ttf
thunderbird /usr/share/fonts/truetype/noto/NotoLoopedThai-Regular.ttf
thunderbird /usr/share/fonts/truetype/noto/NotoLoopedThai-Bold.ttf
thunderbird /usr/share/fonts/truetype/noto/NotoLoopedThai-Bold.ttf
thunderbird /usr/share/fonts/truetype/noto/NotoLoopedThai-Bold.ttf
thunderbird /usr/share/fonts/truetype/noto/NotoLoopedThai-Bold.ttf
thunderbird /usr/share/fonts/truetype/noto/NotoLoopedThai-Regular.ttf
thunderbird /usr/share/fonts/truetype/noto/NotoLoopedThai-Regular.ttf
thunderbird /usr/share/fonts/truetype/noto/NotoMono-Regular.ttf
thunderbird /usr/share/fonts/truetype/noto/NotoMono-Regular.ttf
thunderbird /usr/share/fonts/truetype/noto/NotoMusic-Regular.ttf
thunderbird /usr/share/fonts/truetype/noto/NotoMusic-Regular.ttf
thunderbird /usr/share/fonts/truetype/noto/NotoNaskhArabic-Regular.ttf
thunderbird /usr/share/fonts/truetype/noto/NotoNaskhArabic-Regular.ttf
thunderbird /usr/share/fonts/truetype/noto/NotoNaskhArabic-Bold.ttf
thunderbird /usr/share/fonts/truetype/noto/NotoNaskhArabic-Bold.ttf
thunderbird /usr/share/fonts/truetype/noto/NotoNastaliqUrdu-Bold.ttf
thunderbird /usr/share/fonts/truetype/noto/NotoNastaliqUrdu-Bold.ttf
thunderbird /usr/share/fonts/truetype/noto/NotoNastaliqUrdu-Regular.ttf
thunderbird /usr/share/fonts/truetype/noto/NotoNastaliqUrdu-Regular.ttf
thunderbird /usr/share/fonts/truetype/noto/NotoRashiHebrew-Regular.ttf
thunderbird /usr/share/fonts/truetype/noto/NotoRashiHebrew-Regular.ttf
thunderbird /usr/share/fonts/truetype/noto/NotoRashiHebrew-Bold.ttf
thunderbird /usr/share/fonts/truetype/noto/NotoRashiHebrew-Bold.ttf
thunderbird /usr/share/fonts/truetype/noto/NotoSans-Italic.ttf
thunderbird /usr/share/fonts/truetype/noto/NotoSans-Italic.ttf
thunderbird /usr/share/fonts/truetype/noto/NotoSans-BoldItalic.ttf
thunderbird /usr/share/fonts/truetype/noto/NotoSans-BoldItalic.ttf
thunderbird /usr/share/fonts/truetype/noto/NotoSansAdlam-Regular.ttf
thunderbird /usr/share/fonts/truetype/noto/NotoSansAdlam-Regular.ttf
thunderbird /usr/share/fonts/truetype/noto/NotoSansAdlam-Bold.ttf
thunderbird /usr/share/fonts/truetype/noto/NotoSansAdlam-Bold.ttf
thunderbird /usr/share/fonts/truetype/noto/NotoSansAdlamUnjoined-Regular.ttf
thunderbird /usr/share/fonts/truetype/noto/NotoSansAdlamUnjoined-Regular.ttf
thunderbird /usr/share/fonts/truetype/noto/NotoSansAdlamUnjoined-Bold.ttf
thunderbird /usr/share/fonts/truetype/noto/NotoSansAdlamUnjoined-Bold.ttf
thunderbird /usr/share/fonts/truetype/noto/NotoSansAnatolianHieroglyphs-Regular.ttf
thunderbird /usr/share/fonts/truetype/noto/NotoSansAnatolianHieroglyphs-Regular.ttf
thunderbird /usr/share/fonts/truetype/noto/NotoSansAnatolianHieroglyphs-Regular.ttf
thunderbird /usr/share/fonts/truetype/noto/NotoSansAnatolianHieroglyphs-Regular.ttf
thunderbird /usr/share/fonts/truetype/noto/NotoSansArabic-Bold.ttf
thunderbird /usr/share/fonts/truetype/noto/NotoSansArabic-Bold.ttf
thunderbird /usr/share/fonts/truetype/noto/NotoSansArmenian-Bold.ttf
thunderbird /usr/share/fonts/truetype/noto/NotoSansArmenian-Bold.ttf
thunderbird /usr/share/fonts/truetype/noto/NotoSansAvestan-Regular.ttf
thunderbird /usr/share/fonts/truetype/noto/NotoSansAvestan-Regular.ttf
thunderbird /usr/share/fonts/truetype/noto/NotoSansBalinese-Regular.ttf
thunderbird /usr/share/fonts/truetype/noto/NotoSansBalinese-Regular.ttf
thunderbird /usr/share/fonts/truetype/noto/NotoSansBalinese-Bold.ttf
thunderbird /usr/share/fonts/truetype/noto/NotoSansBalinese-Bold.ttf
thunderbird /usr/share/fonts/truetype/noto/NotoSansBamum-Regular.ttf
thunderbird /usr/share/fonts/truetype/noto/NotoSansBamum-Regular.ttf
thunderbird /usr/share/fonts/truetype/noto/NotoSansBamum-Bold.ttf
thunderbird /usr/share/fonts/truetype/noto/NotoSansBamum-Bold.ttf
thunderbird /usr/share/fonts/truetype/noto/NotoSansBassaVah-Regular.ttf
thunderbird /usr/share/fonts/truetype/noto/NotoSansBassaVah-Regular.ttf
thunderbird /usr/share/fonts/truetype/noto/NotoSansBatak-Regular.ttf
thunderbird /usr/share/fonts/truetype/noto/NotoSansBatak-Regular.ttf
thunderbird /usr/share/fonts/truetype/noto/NotoSansBengali-Bold.ttf
thunderbird /usr/share/fonts/truetype/noto/NotoSansBengali-Bold.ttf
thunderbird /usr/share/fonts/truetype/noto/NotoSansBhaiksuki-Regular.ttf
thunderbird /usr/share/fonts/truetype/noto/NotoSansBhaiksuki-Regular.ttf
thunderbird /usr/share/fonts/truetype/noto/NotoSansBrahmi-Regular.ttf
thunderbird /usr/share/fonts/truetype/noto/NotoSansBrahmi-Regular.ttf
thunderbird /usr/share/fonts/truetype/noto/NotoSansBuginese-Regular.ttf
thunderbird /usr/share/fonts/truetype/noto/NotoSansBuginese-Regular.ttf
thunderbird /usr/share/fonts/truetype/noto/NotoSansBuhid-Regular.ttf
thunderbird /usr/share/fonts/truetype/noto/NotoSansBuhid-Regular.ttf
thunderbird /usr/share/fonts/truetype/noto/NotoSansCanadianAboriginal-Regular.ttf
thunderbird /usr/share/fonts/truetype/noto/NotoSansCanadianAboriginal-Regular.ttf
thunderbird /usr/share/fonts/truetype/noto/NotoSansCanadianAboriginal-Bold.ttf
thunderbird /usr/share/fonts/truetype/noto/NotoSansCanadianAboriginal-Bold.ttf
thunderbird /usr/share/fonts/truetype/noto/NotoSansCanadianAboriginal-Regular.ttf
thunderbird /usr/share/fonts/truetype/noto/NotoSansCanadianAboriginal-Regular.ttf
thunderbird /usr/share/fonts/truetype/noto/NotoSansCanadianAboriginal-Bold.ttf
thunderbird /usr/share/fonts/truetype/noto/NotoSansCanadianAboriginal-Bold.ttf
thunderbird /usr/share/fonts/truetype/noto/NotoSansCarian-Regular.ttf
thunderbird /usr/share/fonts/truetype/noto/NotoSansCarian-Regular.ttf
thunderbird /usr/share/fonts/truetype/noto/NotoSansCaucasianAlbanian-Regular.ttf
thunderbird /usr/share/fonts/truetype/noto/NotoSansCaucasianAlbanian-Regular.ttf
thunderbird /usr/share/fonts/truetype/noto/NotoSansCaucasianAlbanian-Regular.ttf
thunderbird /usr/share/fonts/truetype/noto/NotoSansCaucasianAlbanian-Regular.ttf
thunderbird /usr/share/fonts/truetype/noto/NotoSansChakma-Regular.ttf
thunderbird /usr/share/fonts/truetype/noto/NotoSansChakma-Regular.ttf
thunderbird /usr/share/fonts/truetype/noto/NotoSansCham-Regular.ttf
thunderbird /usr/share/fonts/truetype/noto/NotoSansCham-Regular.ttf
thunderbird /usr/share/fonts/truetype/noto/NotoSansCham-Bold.ttf
thunderbird /usr/share/fonts/truetype/noto/NotoSansCham-Bold.ttf
thunderbird /usr/share/fonts/truetype/noto/NotoSansCherokee-Regular.ttf
thunderbird /usr/share/fonts/truetype/noto/NotoSansCherokee-Regular.ttf
thunderbird /usr/share/fonts/truetype/noto/NotoSansCherokee-Bold.ttf
thunderbird /usr/share/fonts/truetype/noto/NotoSansCherokee-Bold.ttf
thunderbird /usr/share/fonts/opentype/noto/NotoSansCJK-Regular.ttc
thunderbird /usr/share/fonts/opentype/noto/NotoSansCJK-Regular.ttc
thunderbird /usr/share/fonts/opentype/noto/NotoSansCJK-Bold.ttc
thunderbird /usr/share/fonts/opentype/noto/NotoSansCJK-Bold.ttc
thunderbird /usr/share/fonts/opentype/noto/NotoSansCJK-Regular.ttc
thunderbird /usr/share/fonts/opentype/noto/NotoSansCJK-Regular.ttc
thunderbird /usr/share/fonts/opentype/noto/NotoSansCJK-Bold.ttc
thunderbird /usr/share/fonts/opentype/noto/NotoSansCJK-Bold.ttc
thunderbird /usr/share/fonts/opentype/noto/NotoSansCJK-Regular.ttc
thunderbird /usr/share/fonts/opentype/noto/NotoSansCJK-Regular.ttc
thunderbird /usr/share/fonts/opentype/noto/NotoSansCJK-Bold.ttc
thunderbird /usr/share/fonts/opentype/noto/NotoSansCJK-Bold.ttc
thunderbird /usr/share/fonts/opentype/noto/NotoSansCJK-Bold.ttc
thunderbird /usr/share/fonts/opentype/noto/NotoSansCJK-Bold.ttc
thunderbird /usr/share/fonts/opentype/noto/NotoSansCJK-Regular.ttc
thunderbird /usr/share/fonts/opentype/noto/NotoSansCJK-Regular.ttc
thunderbird /usr/share/fonts/opentype/noto/NotoSansCJK-Bold.ttc
thunderbird /usr/share/fonts/opentype/noto/NotoSansCJK-Bold.ttc
thunderbird /usr/share/fonts/truetype/noto/NotoSansCoptic-Regular.ttf
thunderbird /usr/share/fonts/truetype/noto/NotoSansCoptic-Regular.ttf
thunderbird /usr/share/fonts/truetype/noto/NotoSansCuneiform-Regular.ttf
thunderbird /usr/share/fonts/truetype/noto/NotoSansCuneiform-Regular.ttf
thunderbird /usr/share/fonts/truetype/noto/NotoSansCypriot-Regular.ttf
thunderbird /usr/share/fonts/truetype/noto/NotoSansCypriot-Regular.ttf
thunderbird /usr/share/fonts/truetype/noto/NotoSansDeseret-Regular.ttf
thunderbird /usr/share/fonts/truetype/noto/NotoSansDeseret-Regular.ttf
thunderbird /usr/share/fonts/truetype/noto/NotoSansDevanagari-Bold.ttf
thunderbird /usr/share/fonts/truetype/noto/NotoSansDevanagari-Bold.ttf
thunderbird /usr/share/fonts/truetype/noto/NotoSansDisplay-Regular.ttf
thunderbird /usr/share/fonts/truetype/noto/NotoSansDisplay-Regular.ttf
thunderbird /usr/share/fonts/truetype/noto/NotoSansDisplay-Bold.ttf
thunderbird /usr/share/fonts/truetype/noto/NotoSansDisplay-Bold.ttf
thunderbird /usr/share/fonts/truetype/noto/NotoSansDisplay-Italic.ttf
thunderbird /usr/share/fonts/truetype/noto/NotoSansDisplay-Italic.ttf
thunderbird /usr/share/fonts/truetype/noto/NotoSansDisplay-BoldItalic.ttf
thunderbird /usr/share/fonts/truetype/noto/NotoSansDisplay-BoldItalic.ttf
thunderbird /usr/share/fonts/truetype/noto/NotoSansDuployan-Regular.ttf
thunderbird /usr/share/fonts/truetype/noto/NotoSansDuployan-Regular.ttf
thunderbird /usr/share/fonts/truetype/noto/NotoSansEgyptianHieroglyphs-Regular.ttf
thunderbird /usr/share/fonts/truetype/noto/NotoSansEgyptianHieroglyphs-Regular.ttf
thunderbird /usr/share/fonts/truetype/noto/NotoSansEgyptianHieroglyphs-Regular.ttf
thunderbird /usr/share/fonts/truetype/noto/NotoSansEgyptianHieroglyphs-Regular.ttf
thunderbird /usr/share/fonts/truetype/noto/NotoSansElbasan-Regular.ttf
thunderbird /usr/share/fonts/truetype/noto/NotoSansElbasan-Regular.ttf
thunderbird /usr/share/fonts/truetype/noto/NotoSansElymaic-Regular.ttf
thunderbird /usr/share/fonts/truetype/noto/NotoSansElymaic-Regular.ttf
thunderbird /usr/share/fonts/truetype/noto/NotoSansEthiopic-Bold.ttf
thunderbird /usr/share/fonts/truetype/noto/NotoSansEthiopic-Bold.ttf
thunderbird /usr/share/fonts/truetype/noto/NotoSansGeorgian-Bold.ttf
thunderbird /usr/share/fonts/truetype/noto/NotoSansGeorgian-Bold.ttf
thunderbird /usr/share/fonts/truetype/noto/NotoSansGlagolitic-Regular.ttf
thunderbird /usr/share/fonts/truetype/noto/NotoSansGlagolitic-Regular.ttf
thunderbird /usr/share/fonts/truetype/noto/NotoSansGothic-Regular.ttf
thunderbird /usr/share/fonts/truetype/noto/NotoSansGothic-Regular.ttf
thunderbird /usr/share/fonts/truetype/noto/NotoSansGrantha-Regular.ttf
thunderbird /usr/share/fonts/truetype/noto/NotoSansGrantha-Regular.ttf
thunderbird /usr/share/fonts/truetype/noto/NotoSansGujarati-Bold.ttf
thunderbird /usr/share/fonts/truetype/noto/NotoSansGujarati-Bold.ttf
thunderbird /usr/share/fonts/truetype/noto/NotoSansGunjalaGondi-Regular.ttf
thunderbird /usr/share/fonts/truetype/noto/NotoSansGunjalaGondi-Regular.ttf
thunderbird /usr/share/fonts/truetype/noto/NotoSansGurmukhi-Bold.ttf
thunderbird /usr/share/fonts/truetype/noto/NotoSansGurmukhi-Bold.ttf
thunderbird /usr/share/fonts/truetype/noto/NotoSansHanifiRohingya-Regular.ttf
thunderbird /usr/share/fonts/truetype/noto/NotoSansHanifiRohingya-Regular.ttf
thunderbird /usr/share/fonts/truetype/noto/NotoSansHanifiRohingya-Bold.ttf
thunderbird /usr/share/fonts/truetype/noto/NotoSansHanifiRohingya-Bold.ttf
thunderbird /usr/share/fonts/truetype/noto/NotoSansHanunoo-Regular.ttf
thunderbird /usr/share/fonts/truetype/noto/NotoSansHanunoo-Regular.ttf
thunderbird /usr/share/fonts/truetype/noto/NotoSansHatran-Regular.ttf
thunderbird /usr/share/fonts/truetype/noto/NotoSansHatran-Regular.ttf
thunderbird /usr/share/fonts/truetype/noto/NotoSansHebrew-Regular.ttf
thunderbird /usr/share/fonts/truetype/noto/NotoSansHebrew-Regular.ttf
thunderbird /usr/share/fonts/truetype/noto/NotoSansHebrew-Bold.ttf
thunderbird /usr/share/fonts/truetype/noto/NotoSansHebrew-Bold.ttf
thunderbird /usr/share/fonts/truetype/noto/NotoSansImperialAramaic-Regular.ttf
thunderbird /usr/share/fonts/truetype/noto/NotoSansImperialAramaic-Regular.ttf
thunderbird /usr/share/fonts/truetype/noto/NotoSansImperialAramaic-Regular.ttf
thunderbird /usr/share/fonts/truetype/noto/NotoSansImperialAramaic-Regular.ttf
thunderbird /usr/share/fonts/truetype/noto/NotoSansIndicSiyaqNumbers-Regular.ttf
thunderbird /usr/share/fonts/truetype/noto/NotoSansIndicSiyaqNumbers-Regular.ttf
thunderbird /usr/share/fonts/truetype/noto/NotoSansInscriptionalPahlavi-Regular.ttf
thunderbird /usr/share/fonts/truetype/noto/NotoSansInscriptionalPahlavi-Regular.ttf
thunderbird /usr/share/fonts/truetype/noto/NotoSansInscriptionalParthian-Regular.ttf
thunderbird /usr/share/fonts/truetype/noto/NotoSansInscriptionalParthian-Regular.ttf
thunderbird /usr/share/fonts/truetype/noto/NotoSansInscriptionalPahlavi-Regular.ttf
thunderbird /usr/share/fonts/truetype/noto/NotoSansInscriptionalPahlavi-Regular.ttf
thunderbird /usr/share/fonts/truetype/noto/NotoSansInscriptionalParthian-Regular.ttf
thunderbird /usr/share/fonts/truetype/noto/NotoSansInscriptionalParthian-Regular.ttf
thunderbird /usr/share/fonts/truetype/noto/NotoSansJavanese-Regular.ttf
thunderbird /usr/share/fonts/truetype/noto/NotoSansJavanese-Regular.ttf
thunderbird /usr/share/fonts/truetype/noto/NotoSansJavanese-Bold.ttf
thunderbird /usr/share/fonts/truetype/noto/NotoSansJavanese-Bold.ttf
thunderbird /usr/share/fonts/truetype/noto/NotoSansKaithi-Regular.ttf
thunderbird /usr/share/fonts/truetype/noto/NotoSansKaithi-Regular.ttf
thunderbird /usr/share/fonts/truetype/noto/NotoSansKannada-Bold.ttf
thunderbird /usr/share/fonts/truetype/noto/NotoSansKannada-Bold.ttf
thunderbird /usr/share/fonts/truetype/noto/NotoSansKayahLi-Regular.ttf
thunderbird /usr/share/fonts/truetype/noto/NotoSansKayahLi-Regular.ttf
thunderbird /usr/share/fonts/truetype/noto/NotoSansKayahLi-Bold.ttf
thunderbird /usr/share/fonts/truetype/noto/NotoSansKayahLi-Bold.ttf
thunderbird /usr/share/fonts/truetype/noto/NotoSansKharoshthi-Regular.ttf
thunderbird /usr/share/fonts/truetype/noto/NotoSansKharoshthi-Regular.ttf
thunderbird /usr/share/fonts/truetype/noto/NotoSansKhmer-Bold.ttf
thunderbird /usr/share/fonts/truetype/noto/NotoSansKhmer-Bold.ttf
thunderbird /usr/share/fonts/truetype/noto/NotoSansKhojki-Regular.ttf
thunderbird /usr/share/fonts/truetype/noto/NotoSansKhojki-Regular.ttf
thunderbird /usr/share/fonts/truetype/noto/NotoSansKhudawadi-Regular.ttf
thunderbird /usr/share/fonts/truetype/noto/NotoSansKhudawadi-Regular.ttf
thunderbird /usr/share/fonts/truetype/noto/NotoSansLao-Regular.ttf
thunderbird /usr/share/fonts/truetype/noto/NotoSansLao-Regular.ttf
thunderbird /usr/share/fonts/truetype/noto/NotoSansLao-Bold.ttf
thunderbird /usr/share/fonts/truetype/noto/NotoSansLao-Bold.ttf
thunderbird /usr/share/fonts/truetype/noto/NotoSansLepcha-Regular.ttf
thunderbird /usr/share/fonts/truetype/noto/NotoSansLepcha-Regular.ttf
thunderbird /usr/share/fonts/truetype/noto/NotoSansLimbu-Regular.ttf
thunderbird /usr/share/fonts/truetype/noto/NotoSansLimbu-Regular.ttf
thunderbird /usr/share/fonts/truetype/noto/NotoSansLinearA-Regular.ttf
thunderbird /usr/share/fonts/truetype/noto/NotoSansLinearA-Regular.ttf
thunderbird /usr/share/fonts/truetype/noto/NotoSansLinearB-Regular.ttf
thunderbird /usr/share/fonts/truetype/noto/NotoSansLinearB-Regular.ttf
thunderbird /usr/share/fonts/truetype/noto/NotoSansLisu-Regular.ttf
thunderbird /usr/share/fonts/truetype/noto/NotoSansLisu-Regular.ttf
thunderbird /usr/share/fonts/truetype/noto/NotoSansLisu-Bold.ttf
thunderbird /usr/share/fonts/truetype/noto/NotoSansLisu-Bold.ttf
thunderbird /usr/share/fonts/truetype/noto/NotoSansLycian-Regular.ttf
thunderbird /usr/share/fonts/truetype/noto/NotoSansLycian-Regular.ttf
thunderbird /usr/share/fonts/truetype/noto/NotoSansLydian-Regular.ttf
thunderbird /usr/share/fonts/truetype/noto/NotoSansLydian-Regular.ttf
thunderbird /usr/share/fonts/truetype/noto/NotoSansMahajani-Regular.ttf
thunderbird /usr/share/fonts/truetype/noto/NotoSansMahajani-Regular.ttf
thunderbird /usr/share/fonts/truetype/noto/NotoSansMalayalam-Bold.ttf
thunderbird /usr/share/fonts/truetype/noto/NotoSansMalayalam-Bold.ttf
thunderbird /usr/share/fonts/truetype/noto/NotoSansMandaic-Regular.ttf
thunderbird /usr/share/fonts/truetype/noto/NotoSansMandaic-Regular.ttf
thunderbird /usr/share/fonts/truetype/noto/NotoSansManichaean-Regular.ttf
thunderbird /usr/share/fonts/truetype/noto/NotoSansManichaean-Regular.ttf
thunderbird /usr/share/fonts/truetype/noto/NotoSansMarchen-Regular.ttf
thunderbird /usr/share/fonts/truetype/noto/NotoSansMarchen-Regular.ttf
thunderbird /usr/share/fonts/truetype/noto/NotoSansMasaramGondi-Regular.ttf
thunderbird /usr/share/fonts/truetype/noto/NotoSansMasaramGondi-Regular.ttf
thunderbird /usr/share/fonts/truetype/noto/NotoSansMath-Regular.ttf
thunderbird /usr/share/fonts/truetype/noto/NotoSansMath-Regular.ttf
thunderbird /usr/share/fonts/truetype/noto/NotoSansMayanNumerals-Regular.ttf
thunderbird /usr/share/fonts/truetype/noto/NotoSansMayanNumerals-Regular.ttf
thunderbird /usr/share/fonts/truetype/noto/NotoSansMedefaidrin-Regular.ttf
thunderbird /usr/share/fonts/truetype/noto/NotoSansMedefaidrin-Regular.ttf
thunderbird /usr/share/fonts/truetype/noto/NotoSansMedefaidrin-Bold.ttf
thunderbird /usr/share/fonts/truetype/noto/NotoSansMedefaidrin-Bold.ttf
thunderbird /usr/share/fonts/truetype/noto/NotoSansMeeteiMayek-Regular.ttf
thunderbird /usr/share/fonts/truetype/noto/NotoSansMeeteiMayek-Regular.ttf
thunderbird /usr/share/fonts/truetype/noto/NotoSansMeeteiMayek-Bold.ttf
thunderbird /usr/share/fonts/truetype/noto/NotoSansMeeteiMayek-Bold.ttf
thunderbird /usr/share/fonts/truetype/noto/NotoSansMendeKikakui-Regular.ttf
thunderbird /usr/share/fonts/truetype/noto/NotoSansMendeKikakui-Regular.ttf
thunderbird /usr/share/fonts/truetype/noto/NotoSansMeroitic-Regular.ttf
thunderbird /usr/share/fonts/truetype/noto/NotoSansMeroitic-Regular.ttf
thunderbird /usr/share/fonts/truetype/noto/NotoSansMiao-Regular.ttf
thunderbird /usr/share/fonts/truetype/noto/NotoSansMiao-Regular.ttf
thunderbird /usr/share/fonts/truetype/noto/NotoSansModi-Regular.ttf
thunderbird /usr/share/fonts/truetype/noto/NotoSansModi-Regular.ttf
thunderbird /usr/share/fonts/truetype/noto/NotoSansMongolian-Regular.ttf
thunderbird /usr/share/fonts/truetype/noto/NotoSansMongolian-Regular.ttf
thunderbird /usr/share/fonts/truetype/noto/NotoSansMono-Regular.ttf
thunderbird /usr/share/fonts/truetype/noto/NotoSansMono-Regular.ttf
thunderbird /usr/share/fonts/truetype/noto/NotoSansMono-Bold.ttf
thunderbird /usr/share/fonts/truetype/noto/NotoSansMono-Bold.ttf
thunderbird /usr/share/fonts/opentype/noto/NotoSansCJK-Regular.ttc
thunderbird /usr/share/fonts/opentype/noto/NotoSansCJK-Regular.ttc
thunderbird /usr/share/fonts/opentype/noto/NotoSansCJK-Bold.ttc
thunderbird /usr/share/fonts/opentype/noto/NotoSansCJK-Bold.ttc
thunderbird /usr/share/fonts/opentype/noto/NotoSansCJK-Regular.ttc
thunderbird /usr/share/fonts/opentype/noto/NotoSansCJK-Regular.ttc
thunderbird /usr/share/fonts/opentype/noto/NotoSansCJK-Bold.ttc
thunderbird /usr/share/fonts/opentype/noto/NotoSansCJK-Bold.ttc
thunderbird /usr/share/fonts/opentype/noto/NotoSansCJK-Regular.ttc
thunderbird /usr/share/fonts/opentype/noto/NotoSansCJK-Regular.ttc
thunderbird /usr/share/fonts/opentype/noto/NotoSansCJK-Bold.ttc
thunderbird /usr/share/fonts/opentype/noto/NotoSansCJK-Bold.ttc
thunderbird /usr/share/fonts/opentype/noto/NotoSansCJK-Regular.ttc
thunderbird /usr/share/fonts/opentype/noto/NotoSansCJK-Regular.ttc
thunderbird /usr/share/fonts/opentype/noto/NotoSansCJK-Bold.ttc
thunderbird /usr/share/fonts/opentype/noto/NotoSansCJK-Bold.ttc
thunderbird /usr/share/fonts/opentype/noto/NotoSansCJK-Regular.ttc
thunderbird /usr/share/fonts/opentype/noto/NotoSansCJK-Regular.ttc
thunderbird /usr/share/fonts/opentype/noto/NotoSansCJK-Bold.ttc
thunderbird /usr/share/fonts/opentype/noto/NotoSansCJK-Bold.ttc
thunderbird /usr/share/fonts/truetype/noto/NotoSansMro-Regular.ttf
thunderbird /usr/share/fonts/truetype/noto/NotoSansMro-Regular.ttf
thunderbird /usr/share/fonts/truetype/noto/NotoSansMultani-Regular.ttf
thunderbird /usr/share/fonts/truetype/noto/NotoSansMultani-Regular.ttf
thunderbird /usr/share/fonts/truetype/noto/NotoSansMyanmar-Regular.ttf
thunderbird /usr/share/fonts/truetype/noto/NotoSansMyanmar-Regular.ttf
thunderbird /usr/share/fonts/truetype/noto/NotoSansMyanmar-Bold.ttf
thunderbird /usr/share/fonts/truetype/noto/NotoSansMyanmar-Bold.ttf
thunderbird /usr/share/fonts/truetype/noto/NotoSansNabataean-Regular.ttf
thunderbird /usr/share/fonts/truetype/noto/NotoSansNabataean-Regular.ttf
thunderbird /usr/share/fonts/truetype/noto/NotoSansNewTaiLue-Regular.ttf
thunderbird /usr/share/fonts/truetype/noto/NotoSansNewTaiLue-Regular.ttf
thunderbird /usr/share/fonts/truetype/noto/NotoSansNewa-Regular.ttf
thunderbird /usr/share/fonts/truetype/noto/NotoSansNewa-Regular.ttf
thunderbird /usr/share/fonts/truetype/noto/NotoSansNKo-Regular.ttf
thunderbird /usr/share/fonts/truetype/noto/NotoSansNKo-Regular.ttf
thunderbird /usr/share/fonts/truetype/noto/NotoSansNushu-Regular.ttf
thunderbird /usr/share/fonts/truetype/noto/NotoSansNushu-Regular.ttf
thunderbird /usr/share/fonts/truetype/noto/NotoSansOgham-Regular.ttf
thunderbird /usr/share/fonts/truetype/noto/NotoSansOgham-Regular.ttf
thunderbird /usr/share/fonts/truetype/noto/NotoSansOlChiki-Regular.ttf
thunderbird /usr/share/fonts/truetype/noto/NotoSansOlChiki-Regular.ttf
thunderbird /usr/share/fonts/truetype/noto/NotoSansOlChiki-Bold.ttf
thunderbird /usr/share/fonts/truetype/noto/NotoSansOlChiki-Bold.ttf
thunderbird /usr/share/fonts/truetype/noto/NotoSansOldHungarian-Regular.ttf
thunderbird /usr/share/fonts/truetype/noto/NotoSansOldHungarian-Regular.ttf
thunderbird /usr/share/fonts/truetype/noto/NotoSansOldItalic-Regular.ttf
thunderbird /usr/share/fonts/truetype/noto/NotoSansOldItalic-Regular.ttf
thunderbird /usr/share/fonts/truetype/noto/NotoSansOldNorthArabian-Regular.ttf
thunderbird /usr/share/fonts/truetype/noto/NotoSansOldNorthArabian-Regular.ttf
thunderbird /usr/share/fonts/truetype/noto/NotoSansOldPermic-Regular.ttf
thunderbird /usr/share/fonts/truetype/noto/NotoSansOldPermic-Regular.ttf
thunderbird /usr/share/fonts/truetype/noto/NotoSansOldPersian-Regular.ttf
thunderbird /usr/share/fonts/truetype/noto/NotoSansOldPersian-Regular.ttf
thunderbird /usr/share/fonts/truetype/noto/NotoSansOldSogdian-Regular.ttf
thunderbird /usr/share/fonts/truetype/noto/NotoSansOldSogdian-Regular.ttf
thunderbird /usr/share/fonts/truetype/noto/NotoSansOldSouthArabian-Regular.ttf
thunderbird /usr/share/fonts/truetype/noto/NotoSansOldSouthArabian-Regular.ttf
thunderbird /usr/share/fonts/truetype/noto/NotoSansOldTurkic-Regular.ttf
thunderbird /usr/share/fonts/truetype/noto/NotoSansOldTurkic-Regular.ttf
thunderbird /usr/share/fonts/truetype/noto/NotoSansOldHungarian-Regular.ttf
thunderbird /usr/share/fonts/truetype/noto/NotoSansOldHungarian-Regular.ttf
thunderbird /usr/share/fonts/truetype/noto/NotoSansOldNorthArabian-Regular.ttf
thunderbird /usr/share/fonts/truetype/noto/NotoSansOldNorthArabian-Regular.ttf
thunderbird /usr/share/fonts/truetype/noto/NotoSansOldSouthArabian-Regular.ttf
thunderbird /usr/share/fonts/truetype/noto/NotoSansOldSouthArabian-Regular.ttf
thunderbird /usr/share/fonts/truetype/noto/NotoSansOriya-Bold.ttf
thunderbird /usr/share/fonts/truetype/noto/NotoSansOriya-Bold.ttf
thunderbird /usr/share/fonts/truetype/noto/NotoSansOsage-Regular.ttf
thunderbird /usr/share/fonts/truetype/noto/NotoSansOsage-Regular.ttf
thunderbird /usr/share/fonts/truetype/noto/NotoSansOsmanya-Regular.ttf
thunderbird /usr/share/fonts/truetype/noto/NotoSansOsmanya-Regular.ttf
thunderbird /usr/share/fonts/truetype/noto/NotoSansPahawhHmong-Regular.ttf
thunderbird /usr/share/fonts/truetype/noto/NotoSansPahawhHmong-Regular.ttf
thunderbird /usr/share/fonts/truetype/noto/NotoSansPalmyrene-Regular.ttf
thunderbird /usr/share/fonts/truetype/noto/NotoSansPalmyrene-Regular.ttf
thunderbird /usr/share/fonts/truetype/noto/NotoSansPauCinHau-Regular.ttf
thunderbird /usr/share/fonts/truetype/noto/NotoSansPauCinHau-Regular.ttf
thunderbird /usr/share/fonts/truetype/noto/NotoSansPhagsPa-Regular.ttf
thunderbird /usr/share/fonts/truetype/noto/NotoSansPhagsPa-Regular.ttf
thunderbird /usr/share/fonts/truetype/noto/NotoSansPhoenician-Regular.ttf
thunderbird /usr/share/fonts/truetype/noto/NotoSansPhoenician-Regular.ttf
thunderbird /usr/share/fonts/truetype/noto/NotoSansPsalterPahlavi-Regular.ttf
thunderbird /usr/share/fonts/truetype/noto/NotoSansPsalterPahlavi-Regular.ttf
thunderbird /usr/share/fonts/truetype/noto/NotoSansPsalterPahlavi-Regular.ttf
thunderbird /usr/share/fonts/truetype/noto/NotoSansPsalterPahlavi-Regular.ttf
thunderbird /usr/share/fonts/truetype/noto/NotoSansRejang-Regular.ttf
thunderbird /usr/share/fonts/truetype/noto/NotoSansRejang-Regular.ttf
thunderbird /usr/share/fonts/truetype/noto/NotoSansRunic-Regular.ttf
thunderbird /usr/share/fonts/truetype/noto/NotoSansRunic-Regular.ttf
thunderbird /usr/share/fonts/truetype/noto/NotoSansSamaritan-Regular.ttf
thunderbird /usr/share/fonts/truetype/noto/NotoSansSamaritan-Regular.ttf
thunderbird /usr/share/fonts/truetype/noto/NotoSansSaurashtra-Regular.ttf
thunderbird /usr/share/fonts/truetype/noto/NotoSansSaurashtra-Regular.ttf
thunderbird /usr/share/fonts/truetype/noto/NotoSansSharada-Regular.ttf
thunderbird /usr/share/fonts/truetype/noto/NotoSansSharada-Regular.ttf
thunderbird /usr/share/fonts/truetype/noto/NotoSansShavian-Regular.ttf
thunderbird /usr/share/fonts/truetype/noto/NotoSansShavian-Regular.ttf
thunderbird /usr/share/fonts/truetype/noto/NotoSansSiddham-Regular.ttf
thunderbird /usr/share/fonts/truetype/noto/NotoSansSiddham-Regular.ttf
thunderbird /usr/share/fonts/truetype/noto/NotoSansSignWriting-Regular.ttf
thunderbird /usr/share/fonts/truetype/noto/NotoSansSignWriting-Regular.ttf
thunderbird /usr/share/fonts/truetype/noto/NotoSansSignWriting-Regular.ttf
thunderbird /usr/share/fonts/truetype/noto/NotoSansSignWriting-Regular.ttf
thunderbird /usr/share/fonts/truetype/noto/NotoSansSinhala-Bold.ttf
thunderbird /usr/share/fonts/truetype/noto/NotoSansSinhala-Bold.ttf
thunderbird /usr/share/fonts/truetype/noto/NotoSansSogdian-Regular.ttf
thunderbird /usr/share/fonts/truetype/noto/NotoSansSogdian-Regular.ttf
thunderbird /usr/share/fonts/truetype/noto/NotoSansSoraSompeng-Regular.ttf
thunderbird /usr/share/fonts/truetype/noto/NotoSansSoraSompeng-Regular.ttf
thunderbird /usr/share/fonts/truetype/noto/NotoSansSoraSompeng-Bold.ttf
thunderbird /usr/share/fonts/truetype/noto/NotoSansSoraSompeng-Bold.ttf
thunderbird /usr/share/fonts/truetype/noto/NotoSansSoyombo-Regular.ttf
thunderbird /usr/share/fonts/truetype/noto/NotoSansSoyombo-Regular.ttf
thunderbird /usr/share/fonts/truetype/noto/NotoSansSundanese-Regular.ttf
thunderbird /usr/share/fonts/truetype/noto/NotoSansSundanese-Regular.ttf
thunderbird /usr/share/fonts/truetype/noto/NotoSansSundanese-Bold.ttf
thunderbird /usr/share/fonts/truetype/noto/NotoSansSundanese-Bold.ttf
thunderbird /usr/share/fonts/truetype/noto/NotoSansSylotiNagri-Regular.ttf
thunderbird /usr/share/fonts/truetype/noto/NotoSansSylotiNagri-Regular.ttf
thunderbird /usr/share/fonts/truetype/noto/NotoSansSyriac-Regular.ttf
thunderbird /usr/share/fonts/truetype/noto/NotoSansSyriac-Regular.ttf
thunderbird /usr/share/fonts/truetype/noto/NotoSansTagalog-Regular.ttf
thunderbird /usr/share/fonts/truetype/noto/NotoSansTagalog-Regular.ttf
thunderbird /usr/share/fonts/truetype/noto/NotoSansTagbanwa-Regular.ttf
thunderbird /usr/share/fonts/truetype/noto/NotoSansTagbanwa-Regular.ttf
thunderbird /usr/share/fonts/truetype/noto/NotoSansTaiLe-Regular.ttf
thunderbird /usr/share/fonts/truetype/noto/NotoSansTaiLe-Regular.ttf
thunderbird /usr/share/fonts/truetype/noto/NotoSansTaiTham-Regular.ttf
thunderbird /usr/share/fonts/truetype/noto/NotoSansTaiTham-Regular.ttf
thunderbird /usr/share/fonts/truetype/noto/NotoSansTaiTham-Bold.ttf
thunderbird /usr/share/fonts/truetype/noto/NotoSansTaiTham-Bold.ttf
thunderbird /usr/share/fonts/truetype/noto/NotoSansTaiViet-Regular.ttf
thunderbird /usr/share/fonts/truetype/noto/NotoSansTaiViet-Regular.ttf
thunderbird /usr/share/fonts/truetype/noto/NotoSansTakri-Regular.ttf
thunderbird /usr/share/fonts/truetype/noto/NotoSansTakri-Regular.ttf
thunderbird /usr/share/fonts/truetype/noto/NotoSansTamil-Bold.ttf
thunderbird /usr/share/fonts/truetype/noto/NotoSansTamil-Bold.ttf
thunderbird /usr/share/fonts/truetype/noto/NotoSansTamilSupplement-Regular.ttf
thunderbird /usr/share/fonts/truetype/noto/NotoSansTamilSupplement-Regular.ttf
thunderbird /usr/share/fonts/truetype/noto/NotoSansTelugu-Bold.ttf
thunderbird /usr/share/fonts/truetype/noto/NotoSansTelugu-Bold.ttf
thunderbird /usr/share/fonts/truetype/noto/NotoSansThaana-Regular.ttf
thunderbird /usr/share/fonts/truetype/noto/NotoSansThaana-Regular.ttf
thunderbird /usr/share/fonts/truetype/noto/NotoSansThaana-Bold.ttf
thunderbird /usr/share/fonts/truetype/noto/NotoSansThaana-Bold.ttf
thunderbird /usr/share/fonts/truetype/noto/NotoSansThai-Bold.ttf
thunderbird /usr/share/fonts/truetype/noto/NotoSansThai-Bold.ttf
thunderbird /usr/share/fonts/truetype/noto/NotoSansTifinagh-Regular.ttf
thunderbird /usr/share/fonts/truetype/noto/NotoSansTifinagh-Regular.ttf
thunderbird /usr/share/fonts/truetype/noto/NotoSansTifinaghAdrar-Regular.ttf
thunderbird /usr/share/fonts/truetype/noto/NotoSansTifinaghAdrar-Regular.ttf
thunderbird /usr/share/fonts/truetype/noto/NotoSansTifinaghAgrawImazighen-Regular.ttf
thunderbird /usr/share/fonts/truetype/noto/NotoSansTifinaghAgrawImazighen-Regular.ttf
thunderbird /usr/share/fonts/truetype/noto/NotoSansTifinaghAhaggar-Regular.ttf
thunderbird /usr/share/fonts/truetype/noto/NotoSansTifinaghAhaggar-Regular.ttf
thunderbird /usr/share/fonts/truetype/noto/NotoSansTifinaghAir-Regular.ttf
thunderbird /usr/share/fonts/truetype/noto/NotoSansTifinaghAir-Regular.ttf
thunderbird /usr/share/fonts/truetype/noto/NotoSansTifinaghAPT-Regular.ttf
thunderbird /usr/share/fonts/truetype/noto/NotoSansTifinaghAPT-Regular.ttf
thunderbird /usr/share/fonts/truetype/noto/NotoSansTifinaghAzawagh-Regular.ttf
thunderbird /usr/share/fonts/truetype/noto/NotoSansTifinaghAzawagh-Regular.ttf
thunderbird /usr/share/fonts/truetype/noto/NotoSansTifinaghGhat-Regular.ttf
thunderbird /usr/share/fonts/truetype/noto/NotoSansTifinaghGhat-Regular.ttf
thunderbird /usr/share/fonts/truetype/noto/NotoSansTifinaghHawad-Regular.ttf
thunderbird /usr/share/fonts/truetype/noto/NotoSansTifinaghHawad-Regular.ttf
thunderbird /usr/share/fonts/truetype/noto/NotoSansTifinaghRhissaIxa-Regular.ttf
thunderbird /usr/share/fonts/truetype/noto/NotoSansTifinaghRhissaIxa-Regular.ttf
thunderbird /usr/share/fonts/truetype/noto/NotoSansTifinaghSIL-Regular.ttf
thunderbird /usr/share/fonts/truetype/noto/NotoSansTifinaghSIL-Regular.ttf
thunderbird /usr/share/fonts/truetype/noto/NotoSansTifinaghTawellemmet-Regular.ttf
thunderbird /usr/share/fonts/truetype/noto/NotoSansTifinaghTawellemmet-Regular.ttf
thunderbird /usr/share/fonts/truetype/noto/NotoSansTirhuta-Regular.ttf
thunderbird /usr/share/fonts/truetype/noto/NotoSansTirhuta-Regular.ttf
thunderbird /usr/share/fonts/truetype/noto/NotoSansUgaritic-Regular.ttf
thunderbird /usr/share/fonts/truetype/noto/NotoSansUgaritic-Regular.ttf
thunderbird /usr/share/fonts/truetype/noto/NotoSansVai-Regular.ttf
thunderbird /usr/share/fonts/truetype/noto/NotoSansVai-Regular.ttf
thunderbird /usr/share/fonts/truetype/noto/NotoSansWancho-Regular.ttf
thunderbird /usr/share/fonts/truetype/noto/NotoSansWancho-Regular.ttf
thunderbird /usr/share/fonts/truetype/noto/NotoSansWarangCiti-Regular.ttf
thunderbird /usr/share/fonts/truetype/noto/NotoSansWarangCiti-Regular.ttf
thunderbird /usr/share/fonts/truetype/noto/NotoSansYi-Regular.ttf
thunderbird /usr/share/fonts/truetype/noto/NotoSansYi-Regular.ttf
thunderbird /usr/share/fonts/truetype/noto/NotoSansZanabazarSquare-Regular.ttf
thunderbird /usr/share/fonts/truetype/noto/NotoSansZanabazarSquare-Regular.ttf
thunderbird /usr/share/fonts/truetype/noto/NotoSansZanabazarSquare-Regular.ttf
thunderbird /usr/share/fonts/truetype/noto/NotoSansZanabazarSquare-Regular.ttf
thunderbird /usr/share/fonts/truetype/noto/NotoSerif-Regular.ttf
thunderbird /usr/share/fonts/truetype/noto/NotoSerif-Regular.ttf
thunderbird /usr/share/fonts/truetype/noto/NotoSerif-Bold.ttf
thunderbird /usr/share/fonts/truetype/noto/NotoSerif-Bold.ttf
thunderbird /usr/share/fonts/truetype/noto/NotoSerif-Italic.ttf
thunderbird /usr/share/fonts/truetype/noto/NotoSerif-Italic.ttf
thunderbird /usr/share/fonts/truetype/noto/NotoSerif-BoldItalic.ttf
thunderbird /usr/share/fonts/truetype/noto/NotoSerif-BoldItalic.ttf
thunderbird /usr/share/fonts/truetype/noto/NotoSerifAhom-Regular.ttf
thunderbird /usr/share/fonts/truetype/noto/NotoSerifAhom-Regular.ttf
thunderbird /usr/share/fonts/truetype/noto/NotoSerifArmenian-Regular.ttf
thunderbird /usr/share/fonts/truetype/noto/NotoSerifArmenian-Regular.ttf
thunderbird /usr/share/fonts/truetype/noto/NotoSerifArmenian-Bold.ttf
thunderbird /usr/share/fonts/truetype/noto/NotoSerifArmenian-Bold.ttf
thunderbird /usr/share/fonts/truetype/noto/NotoSerifBalinese-Regular.ttf
thunderbird /usr/share/fonts/truetype/noto/NotoSerifBalinese-Regular.ttf
thunderbird /usr/share/fonts/truetype/noto/NotoSerifBengali-Regular.ttf
thunderbird /usr/share/fonts/truetype/noto/NotoSerifBengali-Regular.ttf
thunderbird /usr/share/fonts/truetype/noto/NotoSerifBengali-Bold.ttf
thunderbird /usr/share/fonts/truetype/noto/NotoSerifBengali-Bold.ttf
thunderbird /usr/share/fonts/opentype/noto/NotoSerifCJK-Regular.ttc
thunderbird /usr/share/fonts/opentype/noto/NotoSerifCJK-Regular.ttc
thunderbird /usr/share/fonts/opentype/noto/NotoSerifCJK-Bold.ttc
thunderbird /usr/share/fonts/opentype/noto/NotoSerifCJK-Bold.ttc
thunderbird /usr/share/fonts/opentype/noto/NotoSerifCJK-Regular.ttc
thunderbird /usr/share/fonts/opentype/noto/NotoSerifCJK-Regular.ttc
thunderbird /usr/share/fonts/opentype/noto/NotoSerifCJK-Bold.ttc
thunderbird /usr/share/fonts/opentype/noto/NotoSerifCJK-Bold.ttc
thunderbird /usr/share/fonts/opentype/noto/NotoSerifCJK-Regular.ttc
thunderbird /usr/share/fonts/opentype/noto/NotoSerifCJK-Regular.ttc
thunderbird /usr/share/fonts/opentype/noto/NotoSerifCJK-Bold.ttc
thunderbird /usr/share/fonts/opentype/noto/NotoSerifCJK-Bold.ttc
thunderbird /usr/share/fonts/opentype/noto/NotoSerifCJK-Regular.ttc
thunderbird /usr/share/fonts/opentype/noto/NotoSerifCJK-Regular.ttc
thunderbird /usr/share/fonts/opentype/noto/NotoSerifCJK-Bold.ttc
thunderbird /usr/share/fonts/opentype/noto/NotoSerifCJK-Bold.ttc
thunderbird /usr/share/fonts/opentype/noto/NotoSerifCJK-Regular.ttc
thunderbird /usr/share/fonts/opentype/noto/NotoSerifCJK-Regular.ttc
thunderbird /usr/share/fonts/opentype/noto/NotoSerifCJK-Bold.ttc
thunderbird /usr/share/fonts/opentype/noto/NotoSerifCJK-Bold.ttc
thunderbird /usr/share/fonts/truetype/noto/NotoSerifDevanagari-Regular.ttf
thunderbird /usr/share/fonts/truetype/noto/NotoSerifDevanagari-Regular.ttf
thunderbird /usr/share/fonts/truetype/noto/NotoSerifDevanagari-Bold.ttf
thunderbird /usr/share/fonts/truetype/noto/NotoSerifDevanagari-Bold.ttf
thunderbird /usr/share/fonts/truetype/noto/NotoSerifDisplay-Regular.ttf
thunderbird /usr/share/fonts/truetype/noto/NotoSerifDisplay-Regular.ttf
thunderbird /usr/share/fonts/truetype/noto/NotoSerifDisplay-Bold.ttf
thunderbird /usr/share/fonts/truetype/noto/NotoSerifDisplay-Bold.ttf
thunderbird /usr/share/fonts/truetype/noto/NotoSerifDisplay-Italic.ttf
thunderbird /usr/share/fonts/truetype/noto/NotoSerifDisplay-Italic.ttf
thunderbird /usr/share/fonts/truetype/noto/NotoSerifDisplay-BoldItalic.ttf
thunderbird /usr/share/fonts/truetype/noto/NotoSerifDisplay-BoldItalic.ttf
thunderbird /usr/share/fonts/truetype/noto/NotoSerifDogra-Regular.ttf
thunderbird /usr/share/fonts/truetype/noto/NotoSerifDogra-Regular.ttf
thunderbird /usr/share/fonts/truetype/noto/NotoSerifEthiopic-Regular.ttf
thunderbird /usr/share/fonts/truetype/noto/NotoSerifEthiopic-Regular.ttf
thunderbird /usr/share/fonts/truetype/noto/NotoSerifEthiopic-Bold.ttf
thunderbird /usr/share/fonts/truetype/noto/NotoSerifEthiopic-Bold.ttf
thunderbird /usr/share/fonts/truetype/noto/NotoSerifGeorgian-Regular.ttf
thunderbird /usr/share/fonts/truetype/noto/NotoSerifGeorgian-Regular.ttf
thunderbird /usr/share/fonts/truetype/noto/NotoSerifGeorgian-Bold.ttf
thunderbird /usr/share/fonts/truetype/noto/NotoSerifGeorgian-Bold.ttf
thunderbird /usr/share/fonts/truetype/noto/NotoSerifGrantha-Regular.ttf
thunderbird /usr/share/fonts/truetype/noto/NotoSerifGrantha-Regular.ttf
thunderbird /usr/share/fonts/truetype/noto/NotoSerifGujarati-Regular.ttf
thunderbird /usr/share/fonts/truetype/noto/NotoSerifGujarati-Regular.ttf
thunderbird /usr/share/fonts/truetype/noto/NotoSerifGujarati-Bold.ttf
thunderbird /usr/share/fonts/truetype/noto/NotoSerifGujarati-Bold.ttf
thunderbird /usr/share/fonts/truetype/noto/NotoSerifGurmukhi-Regular.ttf
thunderbird /usr/share/fonts/truetype/noto/NotoSerifGurmukhi-Regular.ttf
thunderbird /usr/share/fonts/truetype/noto/NotoSerifGurmukhi-Bold.ttf
thunderbird /usr/share/fonts/truetype/noto/NotoSerifGurmukhi-Bold.ttf
thunderbird /usr/share/fonts/truetype/noto/NotoSerifHebrew-Regular.ttf
thunderbird /usr/share/fonts/truetype/noto/NotoSerifHebrew-Regular.ttf
thunderbird /usr/share/fonts/truetype/noto/NotoSerifHebrew-Bold.ttf
thunderbird /usr/share/fonts/truetype/noto/NotoSerifHebrew-Bold.ttf
thunderbird /usr/share/fonts/truetype/noto/NotoSerifNyiakengPuachueHmong-Regular.ttf
thunderbird /usr/share/fonts/truetype/noto/NotoSerifNyiakengPuachueHmong-Regular.ttf
thunderbird /usr/share/fonts/truetype/noto/NotoSerifNyiakengPuachueHmong-Bold.ttf
thunderbird /usr/share/fonts/truetype/noto/NotoSerifNyiakengPuachueHmong-Bold.ttf
thunderbird /usr/share/fonts/truetype/noto/NotoSerifKannada-Regular.ttf
thunderbird /usr/share/fonts/truetype/noto/NotoSerifKannada-Regular.ttf
thunderbird /usr/share/fonts/truetype/noto/NotoSerifKannada-Bold.ttf
thunderbird /usr/share/fonts/truetype/noto/NotoSerifKannada-Bold.ttf
thunderbird /usr/share/fonts/truetype/noto/NotoSerifKhmer-Regular.ttf
thunderbird /usr/share/fonts/truetype/noto/NotoSerifKhmer-Regular.ttf
thunderbird /usr/share/fonts/truetype/noto/NotoSerifKhmer-Bold.ttf
thunderbird /usr/share/fonts/truetype/noto/NotoSerifKhmer-Bold.ttf
thunderbird /usr/share/fonts/truetype/noto/NotoSerifKhojki-Regular.ttf
thunderbird /usr/share/fonts/truetype/noto/NotoSerifKhojki-Regular.ttf
thunderbird /usr/share/fonts/truetype/noto/NotoSerifKhojki-Bold.ttf
thunderbird /usr/share/fonts/truetype/noto/NotoSerifKhojki-Bold.ttf
thunderbird /usr/share/fonts/truetype/noto/NotoSerifLao-Regular.ttf
thunderbird /usr/share/fonts/truetype/noto/NotoSerifLao-Regular.ttf
thunderbird /usr/share/fonts/truetype/noto/NotoSerifLao-Bold.ttf
thunderbird /usr/share/fonts/truetype/noto/NotoSerifLao-Bold.ttf
thunderbird /usr/share/fonts/truetype/noto/NotoSerifMalayalam-Regular.ttf
thunderbird /usr/share/fonts/truetype/noto/NotoSerifMalayalam-Regular.ttf
thunderbird /usr/share/fonts/truetype/noto/NotoSerifMalayalam-Bold.ttf
thunderbird /usr/share/fonts/truetype/noto/NotoSerifMalayalam-Bold.ttf
thunderbird /usr/share/fonts/truetype/noto/NotoSerifMyanmar-Bold.ttf
thunderbird /usr/share/fonts/truetype/noto/NotoSerifMyanmar-Bold.ttf
thunderbird /usr/share/fonts/truetype/noto/NotoSerifMyanmar-Regular.ttf
thunderbird /usr/share/fonts/truetype/noto/NotoSerifMyanmar-Regular.ttf
thunderbird /usr/share/fonts/truetype/noto/NotoSerifSinhala-Regular.ttf
thunderbird /usr/share/fonts/truetype/noto/NotoSerifSinhala-Regular.ttf
thunderbird /usr/share/fonts/truetype/noto/NotoSerifSinhala-Bold.ttf
thunderbird /usr/share/fonts/truetype/noto/NotoSerifSinhala-Bold.ttf
thunderbird /usr/share/fonts/truetype/noto/NotoSerifTamil-Regular.ttf
thunderbird /usr/share/fonts/truetype/noto/NotoSerifTamil-Regular.ttf
thunderbird /usr/share/fonts/truetype/noto/NotoSerifTamil-Bold.ttf
thunderbird /usr/share/fonts/truetype/noto/NotoSerifTamil-Bold.ttf
thunderbird /usr/share/fonts/truetype/noto/NotoSerifTamilSlanted-Regular.ttf
thunderbird /usr/share/fonts/truetype/noto/NotoSerifTamilSlanted-Regular.ttf
thunderbird /usr/share/fonts/truetype/noto/NotoSerifTamilSlanted-Bold.ttf
thunderbird /usr/share/fonts/truetype/noto/NotoSerifTamilSlanted-Bold.ttf
thunderbird /usr/share/fonts/truetype/noto/NotoSerifTangut-Regular.ttf
thunderbird /usr/share/fonts/truetype/noto/NotoSerifTangut-Regular.ttf
thunderbird /usr/share/fonts/truetype/noto/NotoSerifTelugu-Regular.ttf
thunderbird /usr/share/fonts/truetype/noto/NotoSerifTelugu-Regular.ttf
thunderbird /usr/share/fonts/truetype/noto/NotoSerifTelugu-Bold.ttf
thunderbird /usr/share/fonts/truetype/noto/NotoSerifTelugu-Bold.ttf
thunderbird /usr/share/fonts/truetype/noto/NotoSerifThai-Regular.ttf
thunderbird /usr/share/fonts/truetype/noto/NotoSerifThai-Regular.ttf
thunderbird /usr/share/fonts/truetype/noto/NotoSerifThai-Bold.ttf
thunderbird /usr/share/fonts/truetype/noto/NotoSerifThai-Bold.ttf
thunderbird /usr/share/fonts/truetype/noto/NotoSerifTibetan-Regular.ttf
thunderbird /usr/share/fonts/truetype/noto/NotoSerifTibetan-Regular.ttf
thunderbird /usr/share/fonts/truetype/noto/NotoSerifTibetan-Bold.ttf
thunderbird /usr/share/fonts/truetype/noto/NotoSerifTibetan-Bold.ttf
thunderbird /usr/share/fonts/truetype/noto/NotoSerifYezidi-Regular.ttf
thunderbird /usr/share/fonts/truetype/noto/NotoSerifYezidi-Regular.ttf
thunderbird /usr/share/fonts/truetype/noto/NotoSerifYezidi-Bold.ttf
thunderbird /usr/share/fonts/truetype/noto/NotoSerifYezidi-Bold.ttf
thunderbird /usr/share/fonts/truetype/noto/NotoTraditionalNushu-Regular.ttf
thunderbird /usr/share/fonts/truetype/noto/NotoTraditionalNushu-Regular.ttf
thunderbird /usr/share/fonts/truetype/libreoffice/opens___.ttf
thunderbird /usr/share/fonts/truetype/libreoffice/opens___.ttf
thunderbird /usr/share/fonts/X11/Type1/P052-Bold.pfb
thunderbird /usr/share/fonts/X11/Type1/P052-Bold.pfb
thunderbird /usr/share/fonts/X11/Type1/P052-BoldItalic.pfb
thunderbird /usr/share/fonts/X11/Type1/P052-BoldItalic.pfb
thunderbird /usr/share/fonts/X11/Type1/P052-Italic.pfb
thunderbird /usr/share/fonts/X11/Type1/P052-Italic.pfb
thunderbird /usr/share/fonts/X11/Type1/P052-Roman.pfb
thunderbird /usr/share/fonts/X11/Type1/P052-Roman.pfb
thunderbird /usr/share/fonts/opentype/urw-base35/P052-Bold.otf
thunderbird /usr/share/fonts/opentype/urw-base35/P052-Bold.otf
thunderbird /usr/share/fonts/opentype/urw-base35/P052-BoldItalic.otf
thunderbird /usr/share/fonts/opentype/urw-base35/P052-BoldItalic.otf
thunderbird /usr/share/fonts/opentype/urw-base35/P052-Italic.otf
thunderbird /usr/share/fonts/opentype/urw-base35/P052-Italic.otf
thunderbird /usr/share/fonts/opentype/urw-base35/P052-Roman.otf
thunderbird /usr/share/fonts/opentype/urw-base35/P052-Roman.otf
thunderbird /usr/share/fonts/type1/urw-base35/P052-Bold.t1
thunderbird /usr/share/fonts/type1/urw-base35/P052-Bold.t1
thunderbird /usr/share/fonts/type1/urw-base35/P052-BoldItalic.t1
thunderbird /usr/share/fonts/type1/urw-base35/P052-BoldItalic.t1
thunderbird /usr/share/fonts/type1/urw-base35/P052-Italic.t1
thunderbird /usr/share/fonts/type1/urw-base35/P052-Italic.t1
thunderbird /usr/share/fonts/type1/urw-base35/P052-Roman.t1
thunderbird /usr/share/fonts/type1/urw-base35/P052-Roman.t1
thunderbird /usr/share/fonts/truetype/space-grotesk/SpaceGrotesk-Bold.ttf
thunderbird /usr/share/fonts/truetype/space-grotesk/SpaceGrotesk-Bold.ttf
thunderbird /usr/share/fonts/truetype/space-grotesk/SpaceGrotesk-Regular.ttf
thunderbird /usr/share/fonts/truetype/space-grotesk/SpaceGrotesk-Regular.ttf
thunderbird /usr/share/fonts/truetype/space-grotesk/SpaceGrotesk-Light.ttf
thunderbird /usr/share/fonts/truetype/space-grotesk/SpaceGrotesk-Light.ttf
thunderbird /usr/share/fonts/truetype/space-grotesk/SpaceGrotesk-Medium.ttf
thunderbird /usr/share/fonts/truetype/space-grotesk/SpaceGrotesk-Medium.ttf
thunderbird /usr/share/fonts/truetype/space-grotesk/SpaceGrotesk-Light.ttf
thunderbird /usr/share/fonts/truetype/space-grotesk/SpaceGrotesk-Light.ttf
thunderbird /usr/share/fonts/truetype/space-grotesk/SpaceGrotesk-Medium.ttf
thunderbird /usr/share/fonts/truetype/space-grotesk/SpaceGrotesk-Medium.ttf
xclip /etc/ld.so.cache
xclip /lib/x86_64-linux-gnu/libXmu.so.6
thunderbird /usr/share/fonts/X11/Type1/StandardSymbolsPS.pfb
xclip /lib/x86_64-linux-gnu/libX11.so.6
xclip /lib/x86_64-linux-gnu/libc.so.6
xclip /lib/x86_64-linux-gnu/libXt.so.6
thunderbird /usr/share/fonts/X11/Type1/StandardSymbolsPS.pfb
xclip /lib/x86_64-linux-gnu/libXext.so.6
thunderbird /usr/share/fonts/opentype/urw-base35/StandardSymbolsPS.otf
xclip /lib/x86_64-linux-gnu/libxcb.so.1
xclip /lib/x86_64-linux-gnu/libSM.so.6
xclip /lib/x86_64-linux-gnu/libICE.so.6
thunderbird /usr/share/fonts/opentype/urw-base35/StandardSymbolsPS.otf
xclip /lib/x86_64-linux-gnu/libXau.so.6
xclip /lib/x86_64-linux-gnu/libXdmcp.so.6
thunderbird /usr/share/fonts/type1/urw-base35/StandardSymbolsPS.t1
xclip /lib/x86_64-linux-gnu/libuuid.so.1
xclip /lib/x86_64-linux-gnu/libbsd.so.0
xclip /lib/x86_64-linux-gnu/libmd.so.0
thunderbird /usr/share/fonts/type1/urw-base35/StandardSymbolsPS.t1
xclip /usr/share/X11/locale/locale.alias
thunderbird /usr/lib/thunderbird/fonts/TwemojiMozilla.ttf
thunderbird /usr/lib/thunderbird/fonts/TwemojiMozilla.ttf
xclip /usr/share/X11/locale/locale.dir
xclip /usr/share/X11/locale/C/XLC_LOCALE
xclip /usr/share/X11/locale/locale.alias
thunderbird /usr/share/fonts/truetype/ubuntu/Ubuntu-Italic[wdth,wght].ttf
xclip /usr/share/X11/locale/locale.dir
xclip /usr/share/X11/locale/C/XLC_LOCALE
thunderbird /usr/share/fonts/truetype/ubuntu/Ubuntu-Italic[wdth,wght].ttf
Xvfb /proc/1931/cmdline
thunderbird /usr/share/fonts/truetype/ubuntu/Ubuntu-Italic[wdth,wght].ttf
thunderbird /usr/share/fonts/truetype/ubuntu/Ubuntu-Italic[wdth,wght].ttf
thunderbird /usr/share/fonts/truetype/ubuntu/Ubuntu-Italic[wdth,wght].ttf
thunderbird /usr/share/fonts/truetype/ubuntu/Ubuntu-Italic[wdth,wght].ttf
thunderbird /usr/share/fonts/truetype/ubuntu/Ubuntu-Italic[wdth,wght].ttf
thunderbird /usr/share/fonts/truetype/ubuntu/Ubuntu-Italic[wdth,wght].ttf
thunderbird /usr/share/fonts/truetype/ubuntu/Ubuntu-Italic[wdth,wght].ttf
thunderbird /usr/share/fonts/truetype/ubuntu/Ubuntu-Italic[wdth,wght].ttf
thunderbird /usr/share/fonts/truetype/ubuntu/Ubuntu-Italic[wdth,wght].ttf
thunderbird /usr/share/fonts/truetype/ubuntu/Ubuntu-Italic[wdth,wght].ttf
thunderbird /usr/share/fonts/truetype/ubuntu/Ubuntu-Italic[wdth,wght].ttf
thunderbird /usr/share/fonts/truetype/ubuntu/Ubuntu-Italic[wdth,wght].ttf
thunderbird /usr/share/fonts/truetype/ubuntu/Ubuntu-Italic[wdth,wght].ttf
thunderbird /usr/share/fonts/truetype/ubuntu/Ubuntu-Italic[wdth,wght].ttf
thunderbird /usr/share/fonts/truetype/ubuntu/Ubuntu-Italic[wdth,wght].ttf
thunderbird /usr/share/fonts/truetype/ubuntu/Ubuntu-Italic[wdth,wght].ttf
thunderbird /usr/share/fonts/truetype/ubuntu/Ubuntu-Italic[wdth,wght].ttf
thunderbird /usr/share/fonts/truetype/ubuntu/Ubuntu-Italic[wdth,wght].ttf
thunderbird /usr/share/fonts/truetype/ubuntu/Ubuntu-Italic[wdth,wght].ttf
thunderbird /usr/share/fonts/truetype/ubuntu/Ubuntu-Italic[wdth,wght].ttf
thunderbird /usr/share/fonts/truetype/ubuntu/Ubuntu-Italic[wdth,wght].ttf
thunderbird /usr/share/fonts/truetype/ubuntu/Ubuntu-Italic[wdth,wght].ttf
thunderbird /usr/share/fonts/truetype/ubuntu/Ubuntu-Italic[wdth,wght].ttf
thunderbird /usr/share/fonts/truetype/ubuntu/Ubuntu-Italic[wdth,wght].ttf
thunderbird /usr/share/fonts/truetype/ubuntu/Ubuntu-Italic[wdth,wght].ttf
thunderbird /usr/share/fonts/truetype/ubuntu/Ubuntu-Italic[wdth,wght].ttf
thunderbird /usr/share/fonts/truetype/ubuntu/Ubuntu[wdth,wght].ttf
thunderbird /usr/share/fonts/truetype/ubuntu/Ubuntu[wdth,wght].ttf
thunderbird /usr/share/fonts/truetype/ubuntu/Ubuntu[wdth,wght].ttf
thunderbird /usr/share/fonts/truetype/ubuntu/Ubuntu[wdth,wght].ttf
thunderbird /usr/share/fonts/truetype/ubuntu/Ubuntu[wdth,wght].ttf
thunderbird /usr/share/fonts/truetype/ubuntu/Ubuntu[wdth,wght].ttf
thunderbird /usr/share/fonts/truetype/ubuntu/Ubuntu[wdth,wght].ttf
thunderbird /usr/share/fonts/truetype/ubuntu/Ubuntu[wdth,wght].ttf
thunderbird /usr/share/fonts/truetype/ubuntu/Ubuntu[wdth,wght].ttf
thunderbird /usr/share/fonts/truetype/ubuntu/Ubuntu[wdth,wght].ttf
thunderbird /usr/share/fonts/truetype/ubuntu/Ubuntu[wdth,wght].ttf
thunderbird /usr/share/fonts/truetype/ubuntu/Ubuntu[wdth,wght].ttf
thunderbird /usr/share/fonts/truetype/ubuntu/Ubuntu[wdth,wght].ttf
thunderbird /usr/share/fonts/truetype/ubuntu/Ubuntu[wdth,wght].ttf
thunderbird /usr/share/fonts/truetype/ubuntu/Ubuntu[wdth,wght].ttf
thunderbird /usr/share/fonts/truetype/ubuntu/Ubuntu[wdth,wght].ttf
thunderbird /usr/share/fonts/truetype/ubuntu/Ubuntu[wdth,wght].ttf
thunderbird /usr/share/fonts/truetype/ubuntu/Ubuntu[wdth,wght].ttf
thunderbird /usr/share/fonts/truetype/ubuntu/Ubuntu[wdth,wght].ttf
thunderbird /usr/share/fonts/truetype/ubuntu/Ubuntu[wdth,wght].ttf
thunderbird /usr/share/fonts/truetype/ubuntu/Ubuntu[wdth,wght].ttf
thunderbird /usr/share/fonts/truetype/ubuntu/Ubuntu[wdth,wght].ttf
thunderbird /usr/share/fonts/truetype/ubuntu/UbuntuMono-Italic[wght].ttf
thunderbird /usr/share/fonts/truetype/ubuntu/UbuntuMono-Italic[wght].ttf
thunderbird /usr/share/fonts/truetype/ubuntu/UbuntuMono-Italic[wght].ttf
thunderbird /usr/share/fonts/truetype/ubuntu/UbuntuMono-Italic[wght].ttf
thunderbird /usr/share/fonts/truetype/ubuntu/UbuntuMono-Italic[wght].ttf
thunderbird /usr/share/fonts/truetype/ubuntu/UbuntuMono-Italic[wght].ttf
thunderbird /usr/share/fonts/truetype/ubuntu/UbuntuMono-Italic[wght].ttf
thunderbird /usr/share/fonts/truetype/ubuntu/UbuntuMono-Italic[wght].ttf
thunderbird /usr/share/fonts/truetype/ubuntu/UbuntuMono[wght].ttf
thunderbird /usr/share/fonts/truetype/ubuntu/UbuntuMono[wght].ttf
thunderbird /usr/share/fonts/truetype/ubuntu/UbuntuMono[wght].ttf
thunderbird /usr/share/fonts/truetype/ubuntu/UbuntuMono[wght].ttf
thunderbird /usr/share/fonts/truetype/ubuntu/UbuntuMono[wght].ttf
thunderbird /usr/share/fonts/truetype/ubuntu/UbuntuMono[wght].ttf
thunderbird /usr/share/fonts/truetype/ubuntu/UbuntuMono[wght].ttf
thunderbird /usr/share/fonts/truetype/ubuntu/UbuntuMono[wght].ttf
thunderbird /usr/share/fonts/truetype/ubuntu/UbuntuSans-Italic[wdth,wght].ttf
thunderbird /usr/share/fonts/truetype/ubuntu/UbuntuSans-Italic[wdth,wght].ttf
thunderbird /usr/share/fonts/truetype/ubuntu/UbuntuSans-Italic[wdth,wght].ttf
thunderbird /usr/share/fonts/truetype/ubuntu/UbuntuSans-Italic[wdth,wght].ttf
thunderbird /usr/share/fonts/truetype/ubuntu/UbuntuSans-Italic[wdth,wght].ttf
thunderbird /usr/share/fonts/truetype/ubuntu/UbuntuSans-Italic[wdth,wght].ttf
thunderbird /usr/share/fonts/truetype/ubuntu/UbuntuSans-Italic[wdth,wght].ttf
thunderbird /usr/share/fonts/truetype/ubuntu/UbuntuSans-Italic[wdth,wght].ttf
thunderbird /usr/share/fonts/truetype/ubuntu/UbuntuSans-Italic[wdth,wght].ttf
thunderbird /usr/share/fonts/truetype/ubuntu/UbuntuSans-Italic[wdth,wght].ttf
thunderbird /usr/share/fonts/truetype/ubuntu/UbuntuSans-Italic[wdth,wght].ttf
thunderbird /usr/share/fonts/truetype/ubuntu/UbuntuSans-Italic[wdth,wght].ttf
thunderbird /usr/share/fonts/truetype/ubuntu/UbuntuSans-Italic[wdth,wght].ttf
thunderbird /usr/share/fonts/truetype/ubuntu/UbuntuSans-Italic[wdth,wght].ttf
thunderbird /usr/share/fonts/truetype/ubuntu/UbuntuSans-Italic[wdth,wght].ttf
thunderbird /usr/share/fonts/truetype/ubuntu/UbuntuSans-Italic[wdth,wght].ttf
thunderbird /usr/share/fonts/truetype/ubuntu/UbuntuSans-Italic[wdth,wght].ttf
thunderbird /usr/share/fonts/truetype/ubuntu/UbuntuSans-Italic[wdth,wght].ttf
thunderbird /usr/share/fonts/truetype/ubuntu/UbuntuSans-Italic[wdth,wght].ttf
thunderbird /usr/share/fonts/truetype/ubuntu/UbuntuSans-Italic[wdth,wght].ttf
thunderbird /usr/share/fonts/truetype/ubuntu/UbuntuSans-Italic[wdth,wght].ttf
thunderbird /usr/share/fonts/truetype/ubuntu/UbuntuSans-Italic[wdth,wght].ttf
thunderbird /usr/share/fonts/truetype/ubuntu/UbuntuSans-Italic[wdth,wght].ttf
thunderbird /usr/share/fonts/truetype/ubuntu/UbuntuSans-Italic[wdth,wght].ttf
thunderbird /usr/share/fonts/truetype/ubuntu/UbuntuSans-Italic[wdth,wght].ttf
thunderbird /usr/share/fonts/truetype/ubuntu/UbuntuSans-Italic[wdth,wght].ttf
thunderbird /usr/share/fonts/truetype/ubuntu/UbuntuSans-Italic[wdth,wght].ttf
thunderbird /usr/share/fonts/truetype/ubuntu/UbuntuSans-Italic[wdth,wght].ttf
thunderbird /usr/share/fonts/truetype/ubuntu/UbuntuSans-Italic[wdth,wght].ttf
thunderbird /usr/share/fonts/truetype/ubuntu/UbuntuSans-Italic[wdth,wght].ttf
thunderbird /usr/share/fonts/truetype/ubuntu/UbuntuSans-Italic[wdth,wght].ttf
thunderbird /usr/share/fonts/truetype/ubuntu/UbuntuSans-Italic[wdth,wght].ttf
thunderbird /usr/share/fonts/truetype/ubuntu/UbuntuSans-Italic[wdth,wght].ttf
thunderbird /usr/share/fonts/truetype/ubuntu/UbuntuSans-Italic[wdth,wght].ttf
thunderbird /usr/share/fonts/truetype/ubuntu/UbuntuSans[wdth,wght].ttf
thunderbird /usr/share/fonts/truetype/ubuntu/UbuntuSans[wdth,wght].ttf
thunderbird /usr/share/fonts/truetype/ubuntu/UbuntuSans[wdth,wght].ttf
thunderbird /usr/share/fonts/truetype/ubuntu/UbuntuSans[wdth,wght].ttf
thunderbird /usr/share/fonts/truetype/ubuntu/UbuntuSans[wdth,wght].ttf
thunderbird /usr/share/fonts/truetype/ubuntu/UbuntuSans[wdth,wght].ttf
thunderbird /usr/share/fonts/truetype/ubuntu/UbuntuSans[wdth,wght].ttf
thunderbird /usr/share/fonts/truetype/ubuntu/UbuntuSans[wdth,wght].ttf
thunderbird /usr/share/fonts/truetype/ubuntu/UbuntuSans[wdth,wght].ttf
thunderbird /usr/share/fonts/truetype/ubuntu/UbuntuSans[wdth,wght].ttf
thunderbird /usr/share/fonts/truetype/ubuntu/UbuntuSans[wdth,wght].ttf
thunderbird /usr/share/fonts/truetype/ubuntu/UbuntuSans[wdth,wght].ttf
thunderbird /usr/share/fonts/truetype/ubuntu/UbuntuSans[wdth,wght].ttf
thunderbird /usr/share/fonts/truetype/ubuntu/UbuntuSans[wdth,wght].ttf
thunderbird /usr/share/fonts/truetype/ubuntu/UbuntuSans[wdth,wght].ttf
thunderbird /usr/share/fonts/truetype/ubuntu/UbuntuSans[wdth,wght].ttf
thunderbird /usr/share/fonts/truetype/ubuntu/UbuntuSans[wdth,wght].ttf
thunderbird /usr/share/fonts/truetype/ubuntu/UbuntuSans[wdth,wght].ttf
thunderbird /usr/share/fonts/truetype/ubuntu/UbuntuSans[wdth,wght].ttf
thunderbird /usr/share/fonts/truetype/ubuntu/UbuntuSans[wdth,wght].ttf
thunderbird /usr/share/fonts/truetype/ubuntu/UbuntuSans[wdth,wght].ttf
thunderbird /usr/share/fonts/truetype/ubuntu/UbuntuSans[wdth,wght].ttf
thunderbird /usr/share/fonts/truetype/ubuntu/UbuntuSans[wdth,wght].ttf
thunderbird /usr/share/fonts/truetype/ubuntu/UbuntuSans[wdth,wght].ttf
thunderbird /usr/share/fonts/truetype/ubuntu/UbuntuSans[wdth,wght].ttf
thunderbird /usr/share/fonts/truetype/ubuntu/UbuntuSans[wdth,wght].ttf
thunderbird /usr/share/fonts/truetype/ubuntu/UbuntuSans[wdth,wght].ttf
thunderbird /usr/share/fonts/truetype/ubuntu/UbuntuSans[wdth,wght].ttf
thunderbird /usr/share/fonts/truetype/ubuntu/UbuntuSans[wdth,wght].ttf
thunderbird /usr/share/fonts/truetype/ubuntu/UbuntuSans[wdth,wght].ttf
thunderbird /usr/share/fonts/truetype/ubuntu/UbuntuSans[wdth,wght].ttf
thunderbird /usr/share/fonts/truetype/ubuntu/UbuntuSans[wdth,wght].ttf
thunderbird /usr/share/fonts/truetype/ubuntu/UbuntuSans[wdth,wght].ttf
thunderbird /usr/share/fonts/truetype/ubuntu/UbuntuSans[wdth,wght].ttf
selkies /proc/stat
selkies /proc/meminfo
thunderbird /usr/share/fonts/truetype/ubuntu/UbuntuSansMono-Italic[wght].ttf
thunderbird /usr/share/fonts/truetype/ubuntu/UbuntuSansMono-Italic[wght].ttf
thunderbird /usr/share/fonts/truetype/ubuntu/UbuntuSansMono-Italic[wght].ttf
thunderbird /usr/share/fonts/truetype/ubuntu/UbuntuSansMono-Italic[wght].ttf
thunderbird /usr/share/fonts/truetype/ubuntu/UbuntuSansMono-Italic[wght].ttf
thunderbird /usr/share/fonts/truetype/ubuntu/UbuntuSansMono-Italic[wght].ttf
thunderbird /usr/share/fonts/truetype/ubuntu/UbuntuSansMono-Italic[wght].ttf
thunderbird /usr/share/fonts/truetype/ubuntu/UbuntuSansMono-Italic[wght].ttf
thunderbird /usr/share/fonts/truetype/ubuntu/UbuntuSansMono-Italic[wght].ttf
thunderbird /usr/share/fonts/truetype/ubuntu/UbuntuSansMono-Italic[wght].ttf
thunderbird /usr/share/fonts/truetype/ubuntu/UbuntuSansMono[wght].ttf
thunderbird /usr/share/fonts/truetype/ubuntu/UbuntuSansMono[wght].ttf
thunderbird /usr/share/fonts/truetype/ubuntu/UbuntuSansMono[wght].ttf
thunderbird /usr/share/fonts/truetype/ubuntu/UbuntuSansMono[wght].ttf
thunderbird /usr/share/fonts/truetype/ubuntu/UbuntuSansMono[wght].ttf
thunderbird /usr/share/fonts/truetype/ubuntu/UbuntuSansMono[wght].ttf
thunderbird /usr/share/fonts/truetype/ubuntu/UbuntuSansMono[wght].ttf
thunderbird /usr/share/fonts/truetype/ubuntu/UbuntuSansMono[wght].ttf
thunderbird /usr/share/fonts/truetype/ubuntu/UbuntuSansMono[wght].ttf
thunderbird /usr/share/fonts/truetype/ubuntu/UbuntuSansMono[wght].ttf
thunderbird /usr/share/fonts/truetype/ubuntu/UbuntuSansMono[wght].ttf
thunderbird /usr/share/fonts/truetype/ubuntu/UbuntuSansMono[wght].ttf
thunderbird /usr/share/fonts/truetype/ubuntu/UbuntuSansMono[wght].ttf
thunderbird /usr/share/fonts/truetype/ubuntu/UbuntuSansMono[wght].ttf
thunderbird /usr/share/fonts/truetype/ubuntu/UbuntuSansMono[wght].ttf
thunderbird /usr/share/fonts/truetype/ubuntu/UbuntuSansMono[wght].ttf
thunderbird /usr/share/fonts/X11/Type1/URWBookman-Demi.pfb
thunderbird /usr/share/fonts/X11/Type1/URWBookman-Demi.pfb
thunderbird /usr/share/fonts/X11/Type1/URWBookman-DemiItalic.pfb
thunderbird /usr/share/fonts/X11/Type1/URWBookman-DemiItalic.pfb
thunderbird /usr/share/fonts/X11/Type1/URWBookman-Light.pfb
thunderbird /usr/share/fonts/X11/Type1/URWBookman-Light.pfb
thunderbird /usr/share/fonts/X11/Type1/URWBookman-LightItalic.pfb
thunderbird /usr/share/fonts/X11/Type1/URWBookman-LightItalic.pfb
thunderbird /usr/share/fonts/opentype/urw-base35/URWBookman-Demi.otf
thunderbird /usr/share/fonts/opentype/urw-base35/URWBookman-Demi.otf
thunderbird /usr/share/fonts/opentype/urw-base35/URWBookman-DemiItalic.otf
thunderbird /usr/share/fonts/opentype/urw-base35/URWBookman-DemiItalic.otf
thunderbird /usr/share/fonts/opentype/urw-base35/URWBookman-Light.otf
thunderbird /usr/share/fonts/opentype/urw-base35/URWBookman-Light.otf
thunderbird /usr/share/fonts/opentype/urw-base35/URWBookman-LightItalic.otf
thunderbird /usr/share/fonts/opentype/urw-base35/URWBookman-LightItalic.otf
thunderbird /usr/share/fonts/type1/urw-base35/URWBookman-Demi.t1
thunderbird /usr/share/fonts/type1/urw-base35/URWBookman-Demi.t1
thunderbird /usr/share/fonts/type1/urw-base35/URWBookman-DemiItalic.t1
thunderbird /usr/share/fonts/type1/urw-base35/URWBookman-DemiItalic.t1
thunderbird /usr/share/fonts/type1/urw-base35/URWBookman-Light.t1
thunderbird /usr/share/fonts/type1/urw-base35/URWBookman-Light.t1
thunderbird /usr/share/fonts/type1/urw-base35/URWBookman-LightItalic.t1
thunderbird /usr/share/fonts/type1/urw-base35/URWBookman-LightItalic.t1
thunderbird /usr/share/fonts/X11/Type1/URWGothic-Book.pfb
thunderbird /usr/share/fonts/X11/Type1/URWGothic-Book.pfb
thunderbird /usr/share/fonts/X11/Type1/URWGothic-BookOblique.pfb
thunderbird /usr/share/fonts/X11/Type1/URWGothic-BookOblique.pfb
thunderbird /usr/share/fonts/X11/Type1/URWGothic-Demi.pfb
thunderbird /usr/share/fonts/X11/Type1/URWGothic-Demi.pfb
thunderbird /usr/share/fonts/X11/Type1/URWGothic-DemiOblique.pfb
thunderbird /usr/share/fonts/X11/Type1/URWGothic-DemiOblique.pfb
thunderbird /usr/share/fonts/opentype/urw-base35/URWGothic-Book.otf
thunderbird /usr/share/fonts/opentype/urw-base35/URWGothic-Book.otf
thunderbird /usr/share/fonts/opentype/urw-base35/URWGothic-BookOblique.otf
thunderbird /usr/share/fonts/opentype/urw-base35/URWGothic-BookOblique.otf
thunderbird /usr/share/fonts/opentype/urw-base35/URWGothic-Demi.otf
thunderbird /usr/share/fonts/opentype/urw-base35/URWGothic-Demi.otf
thunderbird /usr/share/fonts/opentype/urw-base35/URWGothic-DemiOblique.otf
thunderbird /usr/share/fonts/opentype/urw-base35/URWGothic-DemiOblique.otf
thunderbird /usr/share/fonts/type1/urw-base35/URWGothic-Book.t1
thunderbird /usr/share/fonts/type1/urw-base35/URWGothic-Book.t1
thunderbird /usr/share/fonts/type1/urw-base35/URWGothic-BookOblique.t1
thunderbird /usr/share/fonts/type1/urw-base35/URWGothic-BookOblique.t1
thunderbird /usr/share/fonts/type1/urw-base35/URWGothic-Demi.t1
thunderbird /usr/share/fonts/type1/urw-base35/URWGothic-Demi.t1
thunderbird /usr/share/fonts/type1/urw-base35/URWGothic-DemiOblique.t1
thunderbird /usr/share/fonts/type1/urw-base35/URWGothic-DemiOblique.t1
thunderbird /usr/share/fonts/X11/Type1/Z003-MediumItalic.pfb
thunderbird /usr/share/fonts/X11/Type1/Z003-MediumItalic.pfb
thunderbird /usr/share/fonts/opentype/urw-base35/Z003-MediumItalic.otf
thunderbird /usr/share/fonts/opentype/urw-base35/Z003-MediumItalic.otf
thunderbird /usr/share/fonts/type1/urw-base35/Z003-MediumItalic.t1
thunderbird /usr/share/fonts/type1/urw-base35/Z003-MediumItalic.t1
Isolated Web Co /usr/share/fonts/truetype/noto/NotoLoopedLao-Regular.ttf
Isolated Web Co /usr/share/fonts/truetype/noto/NotoLoopedLao-Regular.ttf
Isolated Web Co /usr/share/locale/locale.alias
Isolated Web Co /usr/share/locale/en_US/LC_MESSAGES/libc.mo
Isolated Web Co /usr/share/locale/en/LC_MESSAGES/libc.mo
Isolated Web Co /usr/share/locale-langpack/en_US/LC_MESSAGES/libc.mo
Isolated Web Co /usr/share/locale-langpack/en/LC_MESSAGES/libc.mo
Isolated Web Co /usr/share/fonts/truetype/noto/NotoSansMyanmar-Regular.ttf
Isolated Web Co /usr/share/fonts/truetype/noto/NotoSansMyanmar-Regular.ttf
thunderbird /config/.icons/breeze_cursors/cursors/pointer
thunderbird /config/.icons/breeze_cursors/index.theme
thunderbird /usr/share/icons/breeze_cursors/cursors/pointer
xclip /etc/ld.so.cache
xclip /lib/x86_64-linux-gnu/libXmu.so.6
xclip /lib/x86_64-linux-gnu/libX11.so.6
xclip /lib/x86_64-linux-gnu/libc.so.6
xclip /lib/x86_64-linux-gnu/libXt.so.6
xclip /lib/x86_64-linux-gnu/libXext.so.6
xclip /lib/x86_64-linux-gnu/libxcb.so.1
xclip /lib/x86_64-linux-gnu/libSM.so.6
xclip /lib/x86_64-linux-gnu/libICE.so.6
xclip /lib/x86_64-linux-gnu/libXau.so.6
xclip /lib/x86_64-linux-gnu/libXdmcp.so.6
xclip /lib/x86_64-linux-gnu/libuuid.so.1
xclip /lib/x86_64-linux-gnu/libbsd.so.0
xclip /lib/x86_64-linux-gnu/libmd.so.0
xclip /usr/share/X11/locale/locale.alias
xclip /usr/share/X11/locale/locale.dir
xclip /usr/share/X11/locale/C/XLC_LOCALE
xclip /usr/share/X11/locale/locale.alias
xclip /usr/share/X11/locale/locale.dir
xclip /usr/share/X11/locale/C/XLC_LOCALE
Xvfb /proc/1940/cmdline
BgIOThr~Pool #1 /config/.thunderbird/3g11fcde.default-release/bounce-tracking-protection.sqlite-journal
Permission /config/.thunderbird/3g11fcde.default-release/permissions.sqlite-journal
BgIOThr~Pool #1 /config/.thunderbird/3g11fcde.default-release
Permission /config/.thunderbird/3g11fcde.default-release
CanvasRenderer /etc/ld.so.cache
CanvasRenderer /lib/x86_64-linux-gnu/libEGL.so
CanvasRenderer /usr/lib/x86_64-linux-gnu/libEGL.so
CanvasRenderer /lib/libEGL.so
CanvasRenderer /usr/lib/libEGL.so
CanvasRenderer /etc/ld.so.cache
CanvasRenderer /lib/x86_64-linux-gnu/libEGL.so.1
CanvasRenderer /etc/ld.so.cache
CanvasRenderer /lib/x86_64-linux-gnu/libGL.so
CanvasRenderer /usr/lib/x86_64-linux-gnu/libGL.so
CanvasRenderer /lib/libGL.so
CanvasRenderer /usr/lib/libGL.so
CanvasRenderer /etc/glvnd/egl_vendor.d
CanvasRenderer /usr/share/glvnd/egl_vendor.d
CanvasRenderer /usr/share/glvnd/egl_vendor.d/50_mesa.json
CanvasRenderer /etc/ld.so.cache
CanvasRenderer /lib/x86_64-linux-gnu/libEGL_mesa.so.0
CanvasRenderer /dev/dri
CanvasRenderer /usr/share/drirc.d
CanvasRenderer /usr/share/drirc.d/00-mesa-defaults.conf
CanvasRenderer /usr/share/drirc.d/00-radv-defaults.conf
CanvasRenderer /etc/drirc
CanvasRenderer /config/.drirc
CanvasRenderer /dev/udmabuf
CanvasRenderer /usr/share/drirc.d
CanvasRenderer /usr/share/drirc.d/00-mesa-defaults.conf
CanvasRenderer /usr/share/drirc.d/00-radv-defaults.conf
CanvasRenderer /etc/drirc
CanvasRenderer /config/.drirc
CanvasRenderer /config/.cache/mesa_shader_cache/index
CanvasRenderer /config/.cache/mesa_shader_cache/db/1eda42f2a767a2d7820a869487f528f852a0c3
CanvasRenderer /config/.cache/mesa_shader_cache/0c/2078390c4088c952a5aaf00c2698fc4cb3c2ae
CanvasRenderer /config/.cache/mesa_shader_cache/5e/44b0234ba7fee5aad30999f5c85fa1ab7d1e2b
CanvasRenderer /config/.cache/mesa_shader_cache/8a/05f419308844007d1e201ba19cfb5f3cd8ab27
CanvasRenderer /config/.cache/mesa_shader_cache/59/ec931cfacda6fd80434ecf9e3f29a17ea5760a
Isolated Web Co /usr/share/fonts/opentype/noto/NotoSerifCJK-Regular.ttc
Isolated Web Co /usr/share/fonts/opentype/noto/NotoSerifCJK-Regular.ttc
Isolated Web Co /usr/share/fonts/truetype/noto/NotoSansMono-Regular.ttf
Isolated Web Co /usr/share/fonts/truetype/noto/NotoSansMono-Regular.ttf
Isolated Web Co /usr/share/fonts/opentype/noto/NotoSansCJK-Regular.ttc
Isolated Web Co /usr/share/fonts/opentype/noto/NotoSansCJK-Regular.ttc
Isolated Web Co /usr/share/fonts/truetype/noto/NotoNaskhArabic-Regular.ttf
Isolated Web Co /usr/share/fonts/truetype/noto/NotoNaskhArabic-Regular.ttf
IPC Launch #1 /proc/self/fd
thunderbird /usr/lib/thunderbird/glibc-hwcaps/x86-64-v3/libstdc++.so.6
thunderbird /usr/lib/thunderbird/glibc-hwcaps/x86-64-v2/libstdc++.so.6
thunderbird /usr/lib/thunderbird/libstdc++.so.6
thunderbird /etc/ld.so.cache
thunderbird /lib/x86_64-linux-gnu/libstdc++.so.6
thunderbird /usr/lib/thunderbird/libm.so.6
thunderbird /lib/x86_64-linux-gnu/libm.so.6
thunderbird /usr/lib/thunderbird/libgcc_s.so.1
thunderbird /lib/x86_64-linux-gnu/libgcc_s.so.1
thunderbird /usr/lib/thunderbird/libc.so.6
thunderbird /lib/x86_64-linux-gnu/libc.so.6
thunderbird /usr/lib/thunderbird/dependentlibs.list
thunderbird /usr/lib/thunderbird/libnspr4.so
thunderbird /usr/lib/thunderbird/libplc4.so
thunderbird /usr/lib/thunderbird/libplds4.so
thunderbird /usr/lib/thunderbird/libmozsandbox.so
thunderbird /usr/lib/thunderbird/libgkcodecs.so
thunderbird /usr/lib/thunderbird/liblgpllibs.so
thunderbird /usr/lib/thunderbird/libnssutil3.so
thunderbird /usr/lib/thunderbird/libnss3.so
thunderbird /usr/lib/thunderbird/libsmime3.so
thunderbird /usr/lib/thunderbird/libmozsqlite3.so
thunderbird /usr/lib/thunderbird/libssl3.so
thunderbird /usr/lib/thunderbird/libmozgtk.so
thunderbird /usr/lib/thunderbird/libgtk-3.so.0
thunderbird /etc/ld.so.cache
thunderbird /lib/x86_64-linux-gnu/libgtk-3.so.0
thunderbird /usr/lib/thunderbird/libgdk-3.so.0
thunderbird /lib/x86_64-linux-gnu/libgdk-3.so.0
thunderbird /usr/lib/thunderbird/libgmodule-2.0.so.0
thunderbird /lib/x86_64-linux-gnu/libgmodule-2.0.so.0
thunderbird /usr/lib/thunderbird/libglib-2.0.so.0
thunderbird /lib/x86_64-linux-gnu/libglib-2.0.so.0
thunderbird /usr/lib/thunderbird/libgobject-2.0.so.0
thunderbird /lib/x86_64-linux-gnu/libgobject-2.0.so.0
thunderbird /usr/lib/thunderbird/libgio-2.0.so.0
thunderbird /lib/x86_64-linux-gnu/libgio-2.0.so.0
thunderbird /usr/lib/thunderbird/libpangocairo-1.0.so.0
thunderbird /lib/x86_64-linux-gnu/libpangocairo-1.0.so.0
thunderbird /usr/lib/thunderbird/libpango-1.0.so.0
thunderbird /lib/x86_64-linux-gnu/libpango-1.0.so.0
thunderbird /usr/lib/thunderbird/libharfbuzz.so.0
thunderbird /lib/x86_64-linux-gnu/libharfbuzz.so.0
thunderbird /usr/lib/thunderbird/libcairo.so.2
thunderbird /lib/x86_64-linux-gnu/libcairo.so.2
thunderbird /usr/lib/thunderbird/libpangoft2-1.0.so.0
thunderbird /lib/x86_64-linux-gnu/libpangoft2-1.0.so.0
thunderbird /usr/lib/thunderbird/libfontconfig.so.1
thunderbird /lib/x86_64-linux-gnu/libfontconfig.so.1
thunderbird /usr/lib/thunderbird/libfribidi.so.0
thunderbird /lib/x86_64-linux-gnu/libfribidi.so.0
thunderbird /usr/lib/thunderbird/libcairo-gobject.so.2
thunderbird /lib/x86_64-linux-gnu/libcairo-gobject.so.2
thunderbird /usr/lib/thunderbird/libgdk_pixbuf-2.0.so.0
thunderbird /lib/x86_64-linux-gnu/libgdk_pixbuf-2.0.so.0
thunderbird /usr/lib/thunderbird/libatk-1.0.so.0
thunderbird /lib/x86_64-linux-gnu/libatk-1.0.so.0
thunderbird /usr/lib/thunderbird/libepoxy.so.0
thunderbird /lib/x86_64-linux-gnu/libepoxy.so.0
thunderbird /usr/lib/thunderbird/libXi.so.6
thunderbird /lib/x86_64-linux-gnu/libXi.so.6
thunderbird /usr/lib/thunderbird/libX11.so.6
thunderbird /lib/x86_64-linux-gnu/libX11.so.6
thunderbird /usr/lib/thunderbird/libatk-bridge-2.0.so.0
thunderbird /lib/x86_64-linux-gnu/libatk-bridge-2.0.so.0
thunderbird /usr/lib/thunderbird/libXfixes.so.3
thunderbird /lib/x86_64-linux-gnu/libXfixes.so.3
thunderbird /usr/lib/thunderbird/libxkbcommon.so.0
thunderbird /lib/x86_64-linux-gnu/libxkbcommon.so.0
thunderbird /usr/lib/thunderbird/libwayland-client.so.0
thunderbird /lib/x86_64-linux-gnu/libwayland-client.so.0
thunderbird /usr/lib/thunderbird/libwayland-cursor.so.0
thunderbird /lib/x86_64-linux-gnu/libwayland-cursor.so.0
thunderbird /usr/lib/thunderbird/libwayland-egl.so.1
thunderbird /lib/x86_64-linux-gnu/libwayland-egl.so.1
thunderbird /usr/lib/thunderbird/libXext.so.6
thunderbird /lib/x86_64-linux-gnu/libXext.so.6
thunderbird /usr/lib/thunderbird/libXcursor.so.1
thunderbird /lib/x86_64-linux-gnu/libXcursor.so.1
thunderbird /usr/lib/thunderbird/libXdamage.so.1
thunderbird /lib/x86_64-linux-gnu/libXdamage.so.1
thunderbird /usr/lib/thunderbird/libXcomposite.so.1
thunderbird /lib/x86_64-linux-gnu/libXcomposite.so.1
thunderbird /usr/lib/thunderbird/libXrandr.so.2
thunderbird /lib/x86_64-linux-gnu/libXrandr.so.2
thunderbird /usr/lib/thunderbird/libXinerama.so.1
thunderbird /lib/x86_64-linux-gnu/libXinerama.so.1
thunderbird /usr/lib/thunderbird/libpcre2-8.so.0
thunderbird /lib/x86_64-linux-gnu/libpcre2-8.so.0
thunderbird /usr/lib/thunderbird/libffi.so.8
thunderbird /lib/x86_64-linux-gnu/libffi.so.8
thunderbird /usr/lib/thunderbird/libz.so.1
thunderbird /lib/x86_64-linux-gnu/libz.so.1
thunderbird /usr/lib/thunderbird/libmount.so.1
thunderbird /lib/x86_64-linux-gnu/libmount.so.1
thunderbird /usr/lib/thunderbird/libselinux.so.1
thunderbird /lib/x86_64-linux-gnu/libselinux.so.1
thunderbird /usr/lib/thunderbird/libthai.so.0
thunderbird /lib/x86_64-linux-gnu/libthai.so.0
thunderbird /usr/lib/thunderbird/libfreetype.so.6
thunderbird /lib/x86_64-linux-gnu/libfreetype.so.6
thunderbird /usr/lib/thunderbird/libgraphite2.so.3
thunderbird /lib/x86_64-linux-gnu/libgraphite2.so.3
thunderbird /usr/lib/thunderbird/libpng16.so.16
thunderbird /lib/x86_64-linux-gnu/libpng16.so.16
thunderbird /usr/lib/thunderbird/libXrender.so.1
thunderbird /lib/x86_64-linux-gnu/libXrender.so.1
thunderbird /usr/lib/thunderbird/libxcb.so.1
thunderbird /lib/x86_64-linux-gnu/libxcb.so.1
thunderbird /usr/lib/thunderbird/libxcb-render.so.0
thunderbird /lib/x86_64-linux-gnu/libxcb-render.so.0
thunderbird /usr/lib/thunderbird/libxcb-shm.so.0
thunderbird /lib/x86_64-linux-gnu/libxcb-shm.so.0
thunderbird /usr/lib/thunderbird/libpixman-1.so.0
thunderbird /lib/x86_64-linux-gnu/libpixman-1.so.0
thunderbird /usr/lib/thunderbird/libexpat.so.1
thunderbird /lib/x86_64-linux-gnu/libexpat.so.1
thunderbird /usr/lib/thunderbird/libjpeg.so.8
thunderbird /lib/x86_64-linux-gnu/libjpeg.so.8
thunderbird /usr/lib/thunderbird/libatspi.so.0
thunderbird /lib/x86_64-linux-gnu/libatspi.so.0
thunderbird /usr/lib/thunderbird/libdbus-1.so.3
thunderbird /lib/x86_64-linux-gnu/libdbus-1.so.3
thunderbird /usr/lib/thunderbird/libblkid.so.1
thunderbird /lib/x86_64-linux-gnu/libblkid.so.1
thunderbird /usr/lib/thunderbird/libdatrie.so.1
thunderbird /lib/x86_64-linux-gnu/libdatrie.so.1
thunderbird /usr/lib/thunderbird/libbz2.so.1.0
thunderbird /lib/x86_64-linux-gnu/libbz2.so.1.0
thunderbird /usr/lib/thunderbird/libbrotlidec.so.1
thunderbird /lib/x86_64-linux-gnu/libbrotlidec.so.1
thunderbird /usr/lib/thunderbird/libXau.so.6
thunderbird /lib/x86_64-linux-gnu/libXau.so.6
thunderbird /usr/lib/thunderbird/libXdmcp.so.6
thunderbird /lib/x86_64-linux-gnu/libXdmcp.so.6
thunderbird /usr/lib/thunderbird/libsystemd.so.0
thunderbird /lib/x86_64-linux-gnu/libsystemd.so.0
thunderbird /usr/lib/thunderbird/libbrotlicommon.so.1
thunderbird /lib/x86_64-linux-gnu/libbrotlicommon.so.1
thunderbird /usr/lib/thunderbird/libbsd.so.0
thunderbird /lib/x86_64-linux-gnu/libbsd.so.0
thunderbird /usr/lib/thunderbird/libcap.so.2
thunderbird /lib/x86_64-linux-gnu/libcap.so.2
thunderbird /usr/lib/thunderbird/libgcrypt.so.20
thunderbird /lib/x86_64-linux-gnu/libgcrypt.so.20
thunderbird /usr/lib/thunderbird/liblz4.so.1
thunderbird /lib/x86_64-linux-gnu/liblz4.so.1
thunderbird /usr/lib/thunderbird/liblzma.so.5
thunderbird /lib/x86_64-linux-gnu/liblzma.so.5
thunderbird /usr/lib/thunderbird/libzstd.so.1
thunderbird /lib/x86_64-linux-gnu/libzstd.so.1
thunderbird /usr/lib/thunderbird/libmd.so.0
thunderbird /lib/x86_64-linux-gnu/libmd.so.0
thunderbird /usr/lib/thunderbird/libgpg-error.so.0
thunderbird /lib/x86_64-linux-gnu/libgpg-error.so.0
thunderbird /proc/filesystems
thunderbird /usr/lib/thunderbird/libmozwayland.so
thunderbird /usr/lib/thunderbird/libxul.so
thunderbird /usr/lib/thunderbird/libresolv.so.2
thunderbird /etc/ld.so.cache
thunderbird /lib/x86_64-linux-gnu/libresolv.so.2
thunderbird /usr/lib/thunderbird/libasound.so.2
thunderbird /lib/x86_64-linux-gnu/libasound.so.2
thunderbird /usr/lib/thunderbird/libX11-xcb.so.1
thunderbird /lib/x86_64-linux-gnu/libX11-xcb.so.1
MainThread /sys/devices/system/cpu/present
MainThread /proc/self/task/1976/stat
MainThread /proc/self/stat
MainThread /proc/self/maps
MainThread /usr/lib/x86_64-linux-gnu/gdk-pixbuf-2.0/2.10.0/loaders.cache
Utility Process /usr/lib/thunderbird/libmozavutil.so
Utility Process /usr/lib/thunderbird/libmozavcodec.so
Utility Process /usr/lib/thunderbird/libavcodec.so.61
Utility Process /etc/ld.so.cache
Utility Process /lib/x86_64-linux-gnu/glibc-hwcaps/x86-64-v3/libavcodec.so.61
Utility Process /lib/x86_64-linux-gnu/glibc-hwcaps/x86-64-v2/libavcodec.so.61
Utility Process /lib/x86_64-linux-gnu/libavcodec.so.61
Utility Process /usr/lib/x86_64-linux-gnu/glibc-hwcaps/x86-64-v3/libavcodec.so.61
Utility Process /usr/lib/x86_64-linux-gnu/glibc-hwcaps/x86-64-v2/libavcodec.so.61
Utility Process /usr/lib/x86_64-linux-gnu/libavcodec.so.61
Utility Process /lib/glibc-hwcaps/x86-64-v3/libavcodec.so.61
Utility Process /lib/glibc-hwcaps/x86-64-v2/libavcodec.so.61
Utility Process /lib/libavcodec.so.61
Utility Process /usr/lib/glibc-hwcaps/x86-64-v3/libavcodec.so.61
Utility Process /usr/lib/glibc-hwcaps/x86-64-v2/libavcodec.so.61
Utility Process /usr/lib/libavcodec.so.61
Utility Process /usr/lib/thunderbird/libavcodec.so.60
Utility Process /etc/ld.so.cache
Utility Process /lib/x86_64-linux-gnu/libavcodec.so.60
Utility Process /usr/lib/thunderbird/libswresample.so.4
Utility Process /lib/x86_64-linux-gnu/libswresample.so.4
Utility Process /usr/lib/thunderbird/libavutil.so.58
Utility Process /lib/x86_64-linux-gnu/libavutil.so.58
Utility Process /usr/lib/thunderbird/libvpx.so.9
Utility Process /lib/x86_64-linux-gnu/libvpx.so.9
Utility Process /usr/lib/thunderbird/libwebpmux.so.3
Utility Process /lib/x86_64-linux-gnu/libwebpmux.so.3
Utility Process /usr/lib/thunderbird/libdav1d.so.7
Utility Process /lib/x86_64-linux-gnu/libdav1d.so.7
Utility Process /usr/lib/thunderbird/librsvg-2.so.2
Utility Process /lib/x86_64-linux-gnu/librsvg-2.so.2
Utility Process /usr/lib/thunderbird/libzvbi.so.0
Utility Process /lib/x86_64-linux-gnu/libzvbi.so.0
Utility Process /usr/lib/thunderbird/libsnappy.so.1
Utility Process /lib/x86_64-linux-gnu/libsnappy.so.1
Utility Process /usr/lib/thunderbird/libaom.so.3
Utility Process /lib/x86_64-linux-gnu/libaom.so.3
Utility Process /usr/lib/thunderbird/libcodec2.so.1.2
Utility Process /lib/x86_64-linux-gnu/libcodec2.so.1.2
Utility Process /usr/lib/thunderbird/libgsm.so.1
Utility Process /lib/x86_64-linux-gnu/libgsm.so.1
Utility Process /usr/lib/thunderbird/libjxl.so.0.7
Utility Process /lib/x86_64-linux-gnu/libjxl.so.0.7
Utility Process /usr/lib/thunderbird/libjxl_threads.so.0.7
Utility Process /lib/x86_64-linux-gnu/libjxl_threads.so.0.7
Utility Process /usr/lib/thunderbird/libmp3lame.so.0
Utility Process /lib/x86_64-linux-gnu/libmp3lame.so.0
Utility Process /usr/lib/thunderbird/libopenjp2.so.7
Utility Process /lib/x86_64-linux-gnu/libopenjp2.so.7
Utility Process /usr/lib/thunderbird/libopus.so.0
Utility Process /lib/x86_64-linux-gnu/libopus.so.0
Utility Process /usr/lib/thunderbird/librav1e.so.0
Utility Process /lib/x86_64-linux-gnu/librav1e.so.0
Utility Process /usr/lib/thunderbird/libshine.so.3
Utility Process /lib/x86_64-linux-gnu/libshine.so.3
Utility Process /usr/lib/thunderbird/libspeex.so.1
Utility Process /lib/x86_64-linux-gnu/libspeex.so.1
Utility Process /usr/lib/thunderbird/libSvtAv1Enc.so.1
Utility Process /lib/x86_64-linux-gnu/libSvtAv1Enc.so.1
Utility Process /usr/lib/thunderbird/libtheoraenc.so.1
Utility Process /lib/x86_64-linux-gnu/libtheoraenc.so.1
Utility Process /usr/lib/thunderbird/libtheoradec.so.1
Utility Process /lib/x86_64-linux-gnu/libtheoradec.so.1
Utility Process /usr/lib/thunderbird/libtwolame.so.0
Utility Process /lib/x86_64-linux-gnu/libtwolame.so.0
Utility Process /usr/lib/thunderbird/libvorbis.so.0
Utility Process /lib/x86_64-linux-gnu/libvorbis.so.0
Utility Process /usr/lib/thunderbird/libvorbisenc.so.2
Utility Process /lib/x86_64-linux-gnu/libvorbisenc.so.2
Utility Process /usr/lib/thunderbird/libwebp.so.7
Utility Process /lib/x86_64-linux-gnu/libwebp.so.7
Utility Process /usr/lib/thunderbird/libx264.so.164
Utility Process /lib/x86_64-linux-gnu/libx264.so.164
Utility Process /usr/lib/thunderbird/libx265.so.199
Utility Process /lib/x86_64-linux-gnu/libx265.so.199
Utility Process /usr/lib/thunderbird/libxvidcore.so.4
Utility Process /lib/x86_64-linux-gnu/libxvidcore.so.4
Utility Process /usr/lib/thunderbird/libva.so.2
Utility Process /lib/x86_64-linux-gnu/libva.so.2
Utility Process /usr/lib/thunderbird/libvpl.so.2
Utility Process /lib/x86_64-linux-gnu/libvpl.so.2
Utility Process /usr/lib/thunderbird/libsoxr.so.0
Utility Process /lib/x86_64-linux-gnu/libsoxr.so.0
Utility Process /usr/lib/thunderbird/libva-drm.so.2
Utility Process /lib/x86_64-linux-gnu/libva-drm.so.2
Utility Process /usr/lib/thunderbird/libva-x11.so.2
Utility Process /lib/x86_64-linux-gnu/libva-x11.so.2
Utility Process /usr/lib/thunderbird/libvdpau.so.1
Utility Process /lib/x86_64-linux-gnu/libvdpau.so.1
Utility Process /usr/lib/thunderbird/libdrm.so.2
Utility Process /lib/x86_64-linux-gnu/libdrm.so.2
Utility Process /usr/lib/thunderbird/libOpenCL.so.1
Utility Process /lib/x86_64-linux-gnu/libOpenCL.so.1
Utility Process /usr/lib/thunderbird/libxml2.so.2
Utility Process /lib/x86_64-linux-gnu/libxml2.so.2
Utility Process /usr/lib/thunderbird/libhwy.so.1
Utility Process /lib/x86_64-linux-gnu/libhwy.so.1
Utility Process /usr/lib/thunderbird/libbrotlienc.so.1
Utility Process /lib/x86_64-linux-gnu/libbrotlienc.so.1
Utility Process /usr/lib/thunderbird/liblcms2.so.2
Utility Process /lib/x86_64-linux-gnu/liblcms2.so.2
Utility Process /usr/lib/thunderbird/libogg.so.0
Utility Process /lib/x86_64-linux-gnu/libogg.so.0
Utility Process /usr/lib/thunderbird/libsharpyuv.so.0
Utility Process /lib/x86_64-linux-gnu/libsharpyuv.so.0
Utility Process /usr/lib/thunderbird/libnuma.so.1
Utility Process /lib/x86_64-linux-gnu/libnuma.so.1
Utility Process /usr/lib/thunderbird/libgomp.so.1
Utility Process /lib/x86_64-linux-gnu/libgomp.so.1
Utility Process /usr/lib/thunderbird/libxcb-dri3.so.0
Utility Process /lib/x86_64-linux-gnu/libxcb-dri3.so.0
Utility Process /usr/lib/thunderbird/libicuuc.so.74
Utility Process /lib/x86_64-linux-gnu/libicuuc.so.74
Utility Process /usr/lib/thunderbird/libicudata.so.74
Utility Process /lib/x86_64-linux-gnu/libicudata.so.74
Utility Process /sys/devices/system/cpu/possible
Utility Process /proc/self/status
Utility Process /sys/devices/system/node
Utility Process /sys/devices/system/cpu/possible
Utility Process /proc/self/status
selkies /proc/stat
selkies /proc/meminfo
xclip /etc/ld.so.cache
xclip /lib/x86_64-linux-gnu/libXmu.so.6
xclip /lib/x86_64-linux-gnu/libX11.so.6
xclip /lib/x86_64-linux-gnu/libc.so.6
xclip /lib/x86_64-linux-gnu/libXt.so.6
xclip /lib/x86_64-linux-gnu/libXext.so.6
xclip /lib/x86_64-linux-gnu/libxcb.so.1
xclip /lib/x86_64-linux-gnu/libSM.so.6
xclip /lib/x86_64-linux-gnu/libICE.so.6
xclip /lib/x86_64-linux-gnu/libXau.so.6
xclip /lib/x86_64-linux-gnu/libXdmcp.so.6
xclip /lib/x86_64-linux-gnu/libuuid.so.1
xclip /lib/x86_64-linux-gnu/libbsd.so.0
xclip /lib/x86_64-linux-gnu/libmd.so.0
xclip /usr/share/X11/locale/locale.alias
xclip /usr/share/X11/locale/locale.dir
xclip /usr/share/X11/locale/C/XLC_LOCALE
xclip /usr/share/X11/locale/locale.alias
xclip /usr/share/X11/locale/locale.dir
xclip /usr/share/X11/locale/C/XLC_LOCALE
Xvfb /proc/1982/cmdline
Cache2 I/O /config/.cache/thunderbird/3g11fcde.default-release/cache2/entries/994D7415C2B6896F320F3CD64EE7A73DB7EB85E8
Cache2 I/O /proc/self/mountinfo
Cache2 I/O /proc/self/mountinfo
Cache2 I/O /config/.cache/thunderbird/3g11fcde.default-release/cache2/entries/657BCA8B40694E2804BC1FA64BAF9E0BA01A9F2C
Cache2 I/O /proc/self/mountinfo
Cache2 I/O /proc/self/mountinfo
Cache2 I/O /config/.cache/thunderbird/3g11fcde.default-release/cache2/entries/050C6F36DA97B2D7C972E7B8E5FF58939798BE95
Cache2 I/O /proc/self/mountinfo
Cache2 I/O /proc/self/mountinfo
Cache2 I/O /config/.cache/thunderbird/3g11fcde.default-release/cache2/entries/AC653A688005CCFF1084943B60FBC3D3A84AC833
Cache2 I/O /proc/self/mountinfo
Cache2 I/O /proc/self/mountinfo
Cache2 I/O /config/.cache/thunderbird/3g11fcde.default-release/cache2/entries/C059BA93455108E285C98093B0D89E7CA823E80E
Cache2 I/O /proc/self/mountinfo
Cache2 I/O /proc/self/mountinfo
Cache2 I/O /config/.cache/thunderbird/3g11fcde.default-release/cache2/entries/429EA8CC535D5D51FE9CC05FC29BFA1BB437ADB0
Cache2 I/O /config/.cache/thunderbird/3g11fcde.default-release/cache2/entries/0EDDF8C091E2FED62E44BEDDDC1723F5BF38FE4F
Cache2 I/O /proc/self/mountinfo
Cache2 I/O /proc/self/mountinfo
Cache2 I/O /config/.cache/thunderbird/3g11fcde.default-release/cache2/entries/C886C15B36E63849FB9E86DCC97456303F590459
Cache2 I/O /proc/self/mountinfo
Cache2 I/O /proc/self/mountinfo
Cache2 I/O /config/.cache/thunderbird/3g11fcde.default-release/cache2/entries/31516EED9779AB4BF5FF4178322C977236018710
Cache2 I/O /proc/self/mountinfo
Cache2 I/O /proc/self/mountinfo
xclip /etc/ld.so.cache
xclip /lib/x86_64-linux-gnu/libXmu.so.6
xclip /lib/x86_64-linux-gnu/libX11.so.6
xclip /lib/x86_64-linux-gnu/libc.so.6
xclip /lib/x86_64-linux-gnu/libXt.so.6
xclip /lib/x86_64-linux-gnu/libXext.so.6
xclip /lib/x86_64-linux-gnu/libxcb.so.1
xclip /lib/x86_64-linux-gnu/libSM.so.6
xclip /lib/x86_64-linux-gnu/libICE.so.6
xclip /lib/x86_64-linux-gnu/libXau.so.6
xclip /lib/x86_64-linux-gnu/libXdmcp.so.6
xclip /lib/x86_64-linux-gnu/libuuid.so.1
xclip /lib/x86_64-linux-gnu/libbsd.so.0
xclip /lib/x86_64-linux-gnu/libmd.so.0
xclip /usr/share/X11/locale/locale.alias
xclip /usr/share/X11/locale/locale.dir
xclip /usr/share/X11/locale/C/XLC_LOCALE
xclip /usr/share/X11/locale/locale.alias
xclip /usr/share/X11/locale/locale.dir
xclip /usr/share/X11/locale/C/XLC_LOCALE
Xvfb /proc/1986/cmdline
selkies /proc/stat
selkies /proc/meminfo
xclip /etc/ld.so.cache
xclip /lib/x86_64-linux-gnu/libXmu.so.6
xclip /lib/x86_64-linux-gnu/libX11.so.6
xclip /lib/x86_64-linux-gnu/libc.so.6
xclip /lib/x86_64-linux-gnu/libXt.so.6
xclip /lib/x86_64-linux-gnu/libXext.so.6
xclip /lib/x86_64-linux-gnu/libxcb.so.1
xclip /lib/x86_64-linux-gnu/libSM.so.6
xclip /lib/x86_64-linux-gnu/libICE.so.6
xclip /lib/x86_64-linux-gnu/libXau.so.6
xclip /lib/x86_64-linux-gnu/libXdmcp.so.6
xclip /lib/x86_64-linux-gnu/libuuid.so.1
xclip /lib/x86_64-linux-gnu/libbsd.so.0
xclip /lib/x86_64-linux-gnu/libmd.so.0
xclip /usr/share/X11/locale/locale.alias
xclip /usr/share/X11/locale/locale.dir
xclip /usr/share/X11/locale/C/XLC_LOCALE
xclip /usr/share/X11/locale/locale.alias
xclip /usr/share/X11/locale/locale.dir
xclip /usr/share/X11/locale/C/XLC_LOCALE
Xvfb /proc/1992/cmdline
xclip /etc/ld.so.cache
xclip /lib/x86_64-linux-gnu/libXmu.so.6
xclip /lib/x86_64-linux-gnu/libX11.so.6
xclip /lib/x86_64-linux-gnu/libc.so.6
xclip /lib/x86_64-linux-gnu/libXt.so.6
xclip /lib/x86_64-linux-gnu/libXext.so.6
xclip /lib/x86_64-linux-gnu/libxcb.so.1
xclip /lib/x86_64-linux-gnu/libSM.so.6
xclip /lib/x86_64-linux-gnu/libICE.so.6
xclip /lib/x86_64-linux-gnu/libXau.so.6
xclip /lib/x86_64-linux-gnu/libXdmcp.so.6
xclip /lib/x86_64-linux-gnu/libuuid.so.1
xclip /lib/x86_64-linux-gnu/libbsd.so.0
xclip /lib/x86_64-linux-gnu/libmd.so.0
xclip /usr/share/X11/locale/locale.alias
xclip /usr/share/X11/locale/locale.dir
xclip /usr/share/X11/locale/C/XLC_LOCALE
xclip /usr/share/X11/locale/locale.alias
xclip /usr/share/X11/locale/locale.dir
xclip /usr/share/X11/locale/C/XLC_LOCALE
Xvfb /proc/1993/cmdline
xdotool /etc/ld.so.cache
xdotool /lib/x86_64-linux-gnu/libxdo.so.3
xdotool /lib/x86_64-linux-gnu/libm.so.6
xdotool /lib/x86_64-linux-gnu/libX11.so.6
xdotool /lib/x86_64-linux-gnu/libc.so.6
xdotool /lib/x86_64-linux-gnu/libXtst.so.6
xdotool /lib/x86_64-linux-gnu/libXinerama.so.1
xdotool /lib/x86_64-linux-gnu/libxkbcommon.so.0
xdotool /lib/x86_64-linux-gnu/libxcb.so.1
xdotool /lib/x86_64-linux-gnu/libXext.so.6
xdotool /lib/x86_64-linux-gnu/libXau.so.6
xdotool /lib/x86_64-linux-gnu/libXdmcp.so.6
xdotool /lib/x86_64-linux-gnu/libbsd.so.0
xdotool /lib/x86_64-linux-gnu/libmd.so.0
Xvfb /proc/1996/cmdline
selkies /proc/stat
selkies /proc/meminfo
BgIOThr~Pool #1 /config/.thunderbird/3g11fcde.default-release/bounce-tracking-protection.sqlite-journal
Permission /config/.thunderbird/3g11fcde.default-release/permissions.sqlite-journal
Permission /config/.thunderbird/3g11fcde.default-release
BgIOThr~Pool #1 /config/.thunderbird/3g11fcde.default-release
xclip /etc/ld.so.cache
xclip /lib/x86_64-linux-gnu/libXmu.so.6
xclip /lib/x86_64-linux-gnu/libX11.so.6
xclip /lib/x86_64-linux-gnu/libc.so.6
xclip /lib/x86_64-linux-gnu/libXt.so.6
xclip /lib/x86_64-linux-gnu/libXext.so.6
xclip /lib/x86_64-linux-gnu/libxcb.so.1
xclip /lib/x86_64-linux-gnu/libSM.so.6
xclip /lib/x86_64-linux-gnu/libICE.so.6
xclip /lib/x86_64-linux-gnu/libXau.so.6
xclip /lib/x86_64-linux-gnu/libXdmcp.so.6
xclip /lib/x86_64-linux-gnu/libuuid.so.1
xclip /lib/x86_64-linux-gnu/libbsd.so.0
xclip /lib/x86_64-linux-gnu/libmd.so.0
xclip /usr/share/X11/locale/locale.alias
xclip /usr/share/X11/locale/locale.dir
xclip /usr/share/X11/locale/C/XLC_LOCALE
xclip /usr/share/X11/locale/locale.alias
xclip /usr/share/X11/locale/locale.dir
xclip /usr/share/X11/locale/C/XLC_LOCALE
Xvfb /proc/2002/cmdline
xdotool /etc/ld.so.cache
xdotool /lib/x86_64-linux-gnu/libxdo.so.3
xdotool /lib/x86_64-linux-gnu/libm.so.6
xdotool /lib/x86_64-linux-gnu/libX11.so.6
xdotool /lib/x86_64-linux-gnu/libc.so.6
xdotool /lib/x86_64-linux-gnu/libXtst.so.6
xdotool /lib/x86_64-linux-gnu/libXinerama.so.1
xdotool /lib/x86_64-linux-gnu/libxkbcommon.so.0
xdotool /lib/x86_64-linux-gnu/libxcb.so.1
xdotool /lib/x86_64-linux-gnu/libXext.so.6
xdotool /lib/x86_64-linux-gnu/libXau.so.6
xdotool /lib/x86_64-linux-gnu/libXdmcp.so.6
xdotool /lib/x86_64-linux-gnu/libbsd.so.0
xdotool /lib/x86_64-linux-gnu/libmd.so.0
Xvfb /proc/2003/cmdline
xdotool /etc/ld.so.cache
xdotool /lib/x86_64-linux-gnu/libxdo.so.3
xdotool /lib/x86_64-linux-gnu/libm.so.6
xdotool /lib/x86_64-linux-gnu/libX11.so.6
xdotool /lib/x86_64-linux-gnu/libc.so.6
xdotool /lib/x86_64-linux-gnu/libXtst.so.6
xdotool /lib/x86_64-linux-gnu/libXinerama.so.1
xdotool /lib/x86_64-linux-gnu/libxkbcommon.so.0
xdotool /lib/x86_64-linux-gnu/libxcb.so.1
xdotool /lib/x86_64-linux-gnu/libXext.so.6
xdotool /lib/x86_64-linux-gnu/libXau.so.6
xdotool /lib/x86_64-linux-gnu/libXdmcp.so.6
xdotool /lib/x86_64-linux-gnu/libbsd.so.0
xdotool /lib/x86_64-linux-gnu/libmd.so.0
Xvfb /proc/2005/cmdline
xclip /etc/ld.so.cache
xclip /lib/x86_64-linux-gnu/libXmu.so.6
xclip /lib/x86_64-linux-gnu/libX11.so.6
xclip /lib/x86_64-linux-gnu/libc.so.6
xclip /lib/x86_64-linux-gnu/libXt.so.6
xclip /lib/x86_64-linux-gnu/libXext.so.6
xclip /lib/x86_64-linux-gnu/libxcb.so.1
xclip /lib/x86_64-linux-gnu/libSM.so.6
xclip /lib/x86_64-linux-gnu/libICE.so.6
xclip /lib/x86_64-linux-gnu/libXau.so.6
xclip /lib/x86_64-linux-gnu/libXdmcp.so.6
xclip /lib/x86_64-linux-gnu/libuuid.so.1
xclip /lib/x86_64-linux-gnu/libbsd.so.0
xclip /lib/x86_64-linux-gnu/libmd.so.0
xclip /usr/share/X11/locale/locale.alias
xclip /usr/share/X11/locale/locale.dir
xclip /usr/share/X11/locale/C/XLC_LOCALE
xclip /usr/share/X11/locale/locale.alias
xclip /usr/share/X11/locale/locale.dir
xclip /usr/share/X11/locale/C/XLC_LOCALE
Xvfb /proc/2011/cmdline
xdotool /etc/ld.so.cache
xdotool /lib/x86_64-linux-gnu/libxdo.so.3
xdotool /lib/x86_64-linux-gnu/libm.so.6
xdotool /lib/x86_64-linux-gnu/libX11.so.6
xdotool /lib/x86_64-linux-gnu/libc.so.6
xdotool /lib/x86_64-linux-gnu/libXtst.so.6
xdotool /lib/x86_64-linux-gnu/libXinerama.so.1
xdotool /lib/x86_64-linux-gnu/libxkbcommon.so.0
xdotool /lib/x86_64-linux-gnu/libxcb.so.1
xdotool /lib/x86_64-linux-gnu/libXext.so.6
xdotool /lib/x86_64-linux-gnu/libXau.so.6
xdotool /lib/x86_64-linux-gnu/libXdmcp.so.6
xdotool /lib/x86_64-linux-gnu/libbsd.so.0
xdotool /lib/x86_64-linux-gnu/libmd.so.0
Xvfb /proc/2012/cmdline
xdotool /usr/share/X11/XKeysymDB
xdotool /etc/ld.so.cache
xdotool /lib/x86_64-linux-gnu/libxdo.so.3
xdotool /lib/x86_64-linux-gnu/libm.so.6
xdotool /lib/x86_64-linux-gnu/libX11.so.6
xdotool /lib/x86_64-linux-gnu/libc.so.6
xdotool /lib/x86_64-linux-gnu/libXtst.so.6
xdotool /lib/x86_64-linux-gnu/libXinerama.so.1
xdotool /lib/x86_64-linux-gnu/libxkbcommon.so.0
xdotool /lib/x86_64-linux-gnu/libxcb.so.1
xdotool /lib/x86_64-linux-gnu/libXext.so.6
xdotool /lib/x86_64-linux-gnu/libXau.so.6
xdotool /lib/x86_64-linux-gnu/libXdmcp.so.6
xdotool /lib/x86_64-linux-gnu/libbsd.so.0
xdotool /lib/x86_64-linux-gnu/libmd.so.0
Xvfb /proc/2014/cmdline
xdotool /usr/share/X11/XKeysymDB
xdotool /etc/ld.so.cache
xdotool /lib/x86_64-linux-gnu/libxdo.so.3
xdotool /lib/x86_64-linux-gnu/libm.so.6
xdotool /lib/x86_64-linux-gnu/libX11.so.6
xdotool /lib/x86_64-linux-gnu/libc.so.6
xdotool /lib/x86_64-linux-gnu/libXtst.so.6
xdotool /lib/x86_64-linux-gnu/libXinerama.so.1
xdotool /lib/x86_64-linux-gnu/libxkbcommon.so.0
xdotool /lib/x86_64-linux-gnu/libxcb.so.1
xdotool /lib/x86_64-linux-gnu/libXext.so.6
xdotool /lib/x86_64-linux-gnu/libXau.so.6
xdotool /lib/x86_64-linux-gnu/libXdmcp.so.6
xdotool /lib/x86_64-linux-gnu/libbsd.so.0
xdotool /lib/x86_64-linux-gnu/libmd.so.0
Xvfb /proc/2015/cmdline
selkies /proc/stat
selkies /proc/meminfo
xclip /etc/ld.so.cache
xclip /lib/x86_64-linux-gnu/libXmu.so.6
xclip /lib/x86_64-linux-gnu/libX11.so.6
xclip /lib/x86_64-linux-gnu/libc.so.6
xclip /lib/x86_64-linux-gnu/libXt.so.6
xclip /lib/x86_64-linux-gnu/libXext.so.6
xclip /lib/x86_64-linux-gnu/libxcb.so.1
xclip /lib/x86_64-linux-gnu/libSM.so.6
xclip /lib/x86_64-linux-gnu/libICE.so.6
xclip /lib/x86_64-linux-gnu/libXau.so.6
xclip /lib/x86_64-linux-gnu/libXdmcp.so.6
xclip /lib/x86_64-linux-gnu/libuuid.so.1
xclip /lib/x86_64-linux-gnu/libbsd.so.0
xclip /lib/x86_64-linux-gnu/libmd.so.0
xclip /usr/share/X11/locale/locale.alias
xclip /usr/share/X11/locale/locale.dir
xclip /usr/share/X11/locale/C/XLC_LOCALE
xclip /usr/share/X11/locale/locale.alias
xclip /usr/share/X11/locale/locale.dir
xclip /usr/share/X11/locale/C/XLC_LOCALE
Xvfb /proc/2021/cmdline
xclip /etc/ld.so.cache
xclip /lib/x86_64-linux-gnu/libXmu.so.6
xclip /lib/x86_64-linux-gnu/libX11.so.6
xclip /lib/x86_64-linux-gnu/libc.so.6
xclip /lib/x86_64-linux-gnu/libXt.so.6
xclip /lib/x86_64-linux-gnu/libXext.so.6
xclip /lib/x86_64-linux-gnu/libxcb.so.1
xclip /lib/x86_64-linux-gnu/libSM.so.6
xclip /lib/x86_64-linux-gnu/libICE.so.6
xclip /lib/x86_64-linux-gnu/libXau.so.6
xclip /lib/x86_64-linux-gnu/libXdmcp.so.6
xclip /lib/x86_64-linux-gnu/libuuid.so.1
xclip /lib/x86_64-linux-gnu/libbsd.so.0
xclip /lib/x86_64-linux-gnu/libmd.so.0
xdotool /etc/ld.so.cache
xdotool /lib/x86_64-linux-gnu/libxdo.so.3
xdotool /lib/x86_64-linux-gnu/libm.so.6
xclip /usr/share/X11/locale/locale.alias
xdotool /lib/x86_64-linux-gnu/libX11.so.6
xdotool /lib/x86_64-linux-gnu/libc.so.6
xdotool /lib/x86_64-linux-gnu/libXtst.so.6
xclip /usr/share/X11/locale/locale.dir
xdotool /lib/x86_64-linux-gnu/libXinerama.so.1
xclip /usr/share/X11/locale/C/XLC_LOCALE
xdotool /lib/x86_64-linux-gnu/libxkbcommon.so.0
xclip /usr/share/X11/locale/locale.alias
xdotool /lib/x86_64-linux-gnu/libxcb.so.1
xdotool /lib/x86_64-linux-gnu/libXext.so.6
xdotool /lib/x86_64-linux-gnu/libXau.so.6
xdotool /lib/x86_64-linux-gnu/libXdmcp.so.6
xclip /usr/share/X11/locale/locale.dir
xdotool /lib/x86_64-linux-gnu/libbsd.so.0
xclip /usr/share/X11/locale/C/XLC_LOCALE
xdotool /lib/x86_64-linux-gnu/libmd.so.0
Xvfb /proc/2022/cmdline
Xvfb /proc/2023/cmdline
xdotool /usr/lib/locale/locale-archive
xdotool /usr/lib/x86_64-linux-gnu/gconv/gconv-modules.cache
xdotool /etc/ld.so.cache
xdotool /lib/x86_64-linux-gnu/libxdo.so.3
xdotool /lib/x86_64-linux-gnu/libm.so.6
xdotool /lib/x86_64-linux-gnu/libX11.so.6
xdotool /lib/x86_64-linux-gnu/libc.so.6
xdotool /lib/x86_64-linux-gnu/libXtst.so.6
xdotool /lib/x86_64-linux-gnu/libXinerama.so.1
xdotool /lib/x86_64-linux-gnu/libxkbcommon.so.0
xdotool /lib/x86_64-linux-gnu/libxcb.so.1
xdotool /lib/x86_64-linux-gnu/libXext.so.6
xdotool /lib/x86_64-linux-gnu/libXau.so.6
xdotool /lib/x86_64-linux-gnu/libXdmcp.so.6
xdotool /lib/x86_64-linux-gnu/libbsd.so.0
xdotool /lib/x86_64-linux-gnu/libmd.so.0
Xvfb /proc/2025/cmdline
xdotool /usr/lib/locale/locale-archive
xdotool /usr/lib/x86_64-linux-gnu/gconv/gconv-modules.cache
selkies /proc/stat
selkies /proc/meminfo
xclip /etc/ld.so.cache
xclip /lib/x86_64-linux-gnu/libXmu.so.6
xclip /lib/x86_64-linux-gnu/libX11.so.6
xclip /lib/x86_64-linux-gnu/libc.so.6
xclip /lib/x86_64-linux-gnu/libXt.so.6
xclip /lib/x86_64-linux-gnu/libXext.so.6
xclip /lib/x86_64-linux-gnu/libxcb.so.1
xclip /lib/x86_64-linux-gnu/libSM.so.6
xclip /lib/x86_64-linux-gnu/libICE.so.6
xclip /lib/x86_64-linux-gnu/libXau.so.6
xclip /lib/x86_64-linux-gnu/libXdmcp.so.6
xclip /lib/x86_64-linux-gnu/libuuid.so.1
xclip /lib/x86_64-linux-gnu/libbsd.so.0
xclip /lib/x86_64-linux-gnu/libmd.so.0
xclip /usr/share/X11/locale/locale.alias
xclip /usr/share/X11/locale/locale.dir
xclip /usr/share/X11/locale/C/XLC_LOCALE
xclip /usr/share/X11/locale/locale.alias
xclip /usr/share/X11/locale/locale.dir
xclip /usr/share/X11/locale/C/XLC_LOCALE
Xvfb /proc/2030/cmdline
xclip /etc/ld.so.cache
xclip /lib/x86_64-linux-gnu/libXmu.so.6
xclip /lib/x86_64-linux-gnu/libX11.so.6
xclip /lib/x86_64-linux-gnu/libc.so.6
xclip /lib/x86_64-linux-gnu/libXt.so.6
xclip /lib/x86_64-linux-gnu/libXext.so.6
xclip /lib/x86_64-linux-gnu/libxcb.so.1
xclip /lib/x86_64-linux-gnu/libSM.so.6
xclip /lib/x86_64-linux-gnu/libICE.so.6
xclip /lib/x86_64-linux-gnu/libXau.so.6
xclip /lib/x86_64-linux-gnu/libXdmcp.so.6
xclip /lib/x86_64-linux-gnu/libuuid.so.1
xclip /lib/x86_64-linux-gnu/libbsd.so.0
xclip /lib/x86_64-linux-gnu/libmd.so.0
xclip /usr/share/X11/locale/locale.alias
xclip /usr/share/X11/locale/locale.dir
xclip /usr/share/X11/locale/C/XLC_LOCALE
xclip /usr/share/X11/locale/locale.alias
xclip /usr/share/X11/locale/locale.dir
xclip /usr/share/X11/locale/C/XLC_LOCALE
Xvfb /proc/2036/cmdline
selkies /proc/stat
selkies /proc/meminfo
CanvasRenderer /config/.cache/mesa_shader_cache/db/1eda42f2a767a2d7820a869487f528f852a0c3
CanvasRenderer /config/.cache/mesa_shader_cache/0c/2078390c4088c952a5aaf00c2698fc4cb3c2ae
CanvasRenderer /config/.cache/mesa_shader_cache/5e/44b0234ba7fee5aad30999f5c85fa1ab7d1e2b
CanvasRenderer /config/.cache/mesa_shader_cache/8a/05f419308844007d1e201ba19cfb5f3cd8ab27
CanvasRenderer /config/.cache/mesa_shader_cache/59/ec931cfacda6fd80434ecf9e3f29a17ea5760a
xclip /etc/ld.so.cache
xclip /lib/x86_64-linux-gnu/libXmu.so.6
xclip /lib/x86_64-linux-gnu/libX11.so.6
xclip /lib/x86_64-linux-gnu/libc.so.6
xclip /lib/x86_64-linux-gnu/libXt.so.6
xclip /lib/x86_64-linux-gnu/libXext.so.6
xclip /lib/x86_64-linux-gnu/libxcb.so.1
xclip /lib/x86_64-linux-gnu/libSM.so.6
xclip /lib/x86_64-linux-gnu/libICE.so.6
xclip /lib/x86_64-linux-gnu/libXau.so.6
xclip /lib/x86_64-linux-gnu/libXdmcp.so.6
xclip /lib/x86_64-linux-gnu/libuuid.so.1
xclip /lib/x86_64-linux-gnu/libbsd.so.0
xclip /lib/x86_64-linux-gnu/libmd.so.0
xclip /usr/share/X11/locale/locale.alias
xclip /usr/share/X11/locale/locale.dir
xclip /usr/share/X11/locale/C/XLC_LOCALE
xclip /usr/share/X11/locale/locale.alias
xclip /usr/share/X11/locale/locale.dir
xclip /usr/share/X11/locale/C/XLC_LOCALE
Xvfb /proc/2044/cmdline
Cache2 I/O /config/.cache/thunderbird/3g11fcde.default-release/cache2/entries/C886C15B36E63849FB9E86DCC97456303F590459
Cache2 I/O /config/.cache/thunderbird/3g11fcde.default-release/cache2/entries/98127A961B81CEBAA4FC1F14FE7B5499C60440CD
Cache2 I/O /proc/self/mountinfo
Cache2 I/O /proc/self/mountinfo
xclip /etc/ld.so.cache
xclip /lib/x86_64-linux-gnu/libXmu.so.6
xclip /lib/x86_64-linux-gnu/libX11.so.6
xclip /lib/x86_64-linux-gnu/libc.so.6
xclip /lib/x86_64-linux-gnu/libXt.so.6
xclip /lib/x86_64-linux-gnu/libXext.so.6
xclip /lib/x86_64-linux-gnu/libxcb.so.1
xclip /lib/x86_64-linux-gnu/libSM.so.6
xclip /lib/x86_64-linux-gnu/libICE.so.6
xclip /lib/x86_64-linux-gnu/libXau.so.6
xclip /lib/x86_64-linux-gnu/libXdmcp.so.6
xclip /lib/x86_64-linux-gnu/libuuid.so.1
xclip /lib/x86_64-linux-gnu/libbsd.so.0
xclip /lib/x86_64-linux-gnu/libmd.so.0
xclip /usr/share/X11/locale/locale.alias
xclip /usr/share/X11/locale/locale.dir
xclip /usr/share/X11/locale/C/XLC_LOCALE
xclip /usr/share/X11/locale/locale.alias
xclip /usr/share/X11/locale/locale.dir
xclip /usr/share/X11/locale/C/XLC_LOCALE
Xvfb /proc/2049/cmdline
selkies /proc/stat
selkies /proc/meminfo
xclip /etc/ld.so.cache
xclip /lib/x86_64-linux-gnu/libXmu.so.6
xclip /lib/x86_64-linux-gnu/libX11.so.6
xclip /lib/x86_64-linux-gnu/libc.so.6
xclip /lib/x86_64-linux-gnu/libXt.so.6
xclip /lib/x86_64-linux-gnu/libXext.so.6
xclip /lib/x86_64-linux-gnu/libxcb.so.1
xclip /lib/x86_64-linux-gnu/libSM.so.6
xclip /lib/x86_64-linux-gnu/libICE.so.6
xclip /lib/x86_64-linux-gnu/libXau.so.6
xclip /lib/x86_64-linux-gnu/libXdmcp.so.6
xclip /lib/x86_64-linux-gnu/libuuid.so.1
xclip /lib/x86_64-linux-gnu/libbsd.so.0
xclip /lib/x86_64-linux-gnu/libmd.so.0
xclip /usr/share/X11/locale/locale.alias
xclip /usr/share/X11/locale/locale.dir
xclip /usr/share/X11/locale/C/XLC_LOCALE
xclip /usr/share/X11/locale/locale.alias
xclip /usr/share/X11/locale/locale.dir
xclip /usr/share/X11/locale/C/XLC_LOCALE
Xvfb /proc/2053/cmdline
xclip /etc/ld.so.cache
xclip /lib/x86_64-linux-gnu/libXmu.so.6
xclip /lib/x86_64-linux-gnu/libX11.so.6
xclip /lib/x86_64-linux-gnu/libc.so.6
xclip /lib/x86_64-linux-gnu/libXt.so.6
xclip /lib/x86_64-linux-gnu/libXext.so.6
xclip /lib/x86_64-linux-gnu/libxcb.so.1
xclip /lib/x86_64-linux-gnu/libSM.so.6
xclip /lib/x86_64-linux-gnu/libICE.so.6
xclip /lib/x86_64-linux-gnu/libXau.so.6
xclip /lib/x86_64-linux-gnu/libXdmcp.so.6
xclip /lib/x86_64-linux-gnu/libuuid.so.1
xclip /lib/x86_64-linux-gnu/libbsd.so.0
xclip /lib/x86_64-linux-gnu/libmd.so.0
xclip /usr/share/X11/locale/locale.alias
xclip /usr/share/X11/locale/locale.dir
xclip /usr/share/X11/locale/C/XLC_LOCALE
xclip /usr/share/X11/locale/locale.alias
xclip /usr/share/X11/locale/locale.dir
xclip /usr/share/X11/locale/C/XLC_LOCALE
Xvfb /proc/2055/cmdline
selkies /proc/stat
selkies /proc/meminfo
xdotool /etc/ld.so.cache
xdotool /lib/x86_64-linux-gnu/libxdo.so.3
xdotool /lib/x86_64-linux-gnu/libm.so.6
xdotool /lib/x86_64-linux-gnu/libX11.so.6
xdotool /lib/x86_64-linux-gnu/libc.so.6
xdotool /lib/x86_64-linux-gnu/libXtst.so.6
xdotool /lib/x86_64-linux-gnu/libXinerama.so.1
xdotool /lib/x86_64-linux-gnu/libxkbcommon.so.0
xdotool /lib/x86_64-linux-gnu/libxcb.so.1
xdotool /lib/x86_64-linux-gnu/libXext.so.6
xdotool /lib/x86_64-linux-gnu/libXau.so.6
xdotool /lib/x86_64-linux-gnu/libXdmcp.so.6
xdotool /lib/x86_64-linux-gnu/libbsd.so.0
xdotool /lib/x86_64-linux-gnu/libmd.so.0
Xvfb /proc/2061/cmdline
BgIOThr~Pool #1 /config/.thunderbird/3g11fcde.default-release/bounce-tracking-protection.sqlite-journal
Permission /config/.thunderbird/3g11fcde.default-release/permissions.sqlite-journal
BgIOThr~Pool #1 /config/.thunderbird/3g11fcde.default-release
Permission /config/.thunderbird/3g11fcde.default-release
xclip /etc/ld.so.cache
xclip /lib/x86_64-linux-gnu/libXmu.so.6
xclip /lib/x86_64-linux-gnu/libX11.so.6
xclip /lib/x86_64-linux-gnu/libc.so.6
xclip /lib/x86_64-linux-gnu/libXt.so.6
xclip /lib/x86_64-linux-gnu/libXext.so.6
xclip /lib/x86_64-linux-gnu/libxcb.so.1
xclip /lib/x86_64-linux-gnu/libSM.so.6
xclip /lib/x86_64-linux-gnu/libICE.so.6
xclip /lib/x86_64-linux-gnu/libXau.so.6
xclip /lib/x86_64-linux-gnu/libXdmcp.so.6
xclip /lib/x86_64-linux-gnu/libuuid.so.1
xclip /lib/x86_64-linux-gnu/libbsd.so.0
xclip /lib/x86_64-linux-gnu/libmd.so.0
xclip /usr/share/X11/locale/locale.alias
xclip /usr/share/X11/locale/locale.dir
xclip /usr/share/X11/locale/C/XLC_LOCALE
xclip /usr/share/X11/locale/locale.alias
xclip /usr/share/X11/locale/locale.dir
xclip /usr/share/X11/locale/C/XLC_LOCALE
Xvfb /proc/2063/cmdline
xdotool /etc/ld.so.cache
xdotool /lib/x86_64-linux-gnu/libxdo.so.3
xdotool /lib/x86_64-linux-gnu/libm.so.6
xdotool /lib/x86_64-linux-gnu/libX11.so.6
xdotool /lib/x86_64-linux-gnu/libc.so.6
xdotool /lib/x86_64-linux-gnu/libXtst.so.6
xdotool /lib/x86_64-linux-gnu/libXinerama.so.1
xdotool /lib/x86_64-linux-gnu/libxkbcommon.so.0
xdotool /lib/x86_64-linux-gnu/libxcb.so.1
xdotool /lib/x86_64-linux-gnu/libXext.so.6
xdotool /lib/x86_64-linux-gnu/libXau.so.6
xdotool /lib/x86_64-linux-gnu/libXdmcp.so.6
xdotool /lib/x86_64-linux-gnu/libbsd.so.0
xdotool /lib/x86_64-linux-gnu/libmd.so.0
Xvfb /proc/2064/cmdline
xdotool /etc/ld.so.cache
xdotool /lib/x86_64-linux-gnu/libxdo.so.3
xdotool /lib/x86_64-linux-gnu/libm.so.6
xdotool /lib/x86_64-linux-gnu/libX11.so.6
xdotool /lib/x86_64-linux-gnu/libc.so.6
xdotool /lib/x86_64-linux-gnu/libXtst.so.6
xdotool /lib/x86_64-linux-gnu/libXinerama.so.1
xdotool /lib/x86_64-linux-gnu/libxkbcommon.so.0
xdotool /lib/x86_64-linux-gnu/libxcb.so.1
xdotool /lib/x86_64-linux-gnu/libXext.so.6
xdotool /lib/x86_64-linux-gnu/libXau.so.6
xdotool /lib/x86_64-linux-gnu/libXdmcp.so.6
xdotool /lib/x86_64-linux-gnu/libbsd.so.0
xdotool /lib/x86_64-linux-gnu/libmd.so.0
Xvfb /proc/2066/cmdline
xdotool /etc/ld.so.cache
xdotool /lib/x86_64-linux-gnu/libxdo.so.3
xdotool /lib/x86_64-linux-gnu/libm.so.6
xdotool /lib/x86_64-linux-gnu/libX11.so.6
xdotool /lib/x86_64-linux-gnu/libc.so.6
xdotool /lib/x86_64-linux-gnu/libXtst.so.6
xdotool /lib/x86_64-linux-gnu/libXinerama.so.1
xdotool /lib/x86_64-linux-gnu/libxkbcommon.so.0
xdotool /lib/x86_64-linux-gnu/libxcb.so.1
xdotool /lib/x86_64-linux-gnu/libXext.so.6
xdotool /lib/x86_64-linux-gnu/libXau.so.6
xdotool /lib/x86_64-linux-gnu/libXdmcp.so.6
xdotool /lib/x86_64-linux-gnu/libbsd.so.0
xdotool /lib/x86_64-linux-gnu/libmd.so.0
Xvfb /proc/2072/cmdline
xdotool /usr/share/X11/XKeysymDB
xclip /etc/ld.so.cache
xclip /lib/x86_64-linux-gnu/libXmu.so.6
xclip /lib/x86_64-linux-gnu/libX11.so.6
xclip /lib/x86_64-linux-gnu/libc.so.6
xclip /lib/x86_64-linux-gnu/libXt.so.6
xclip /lib/x86_64-linux-gnu/libXext.so.6
xclip /lib/x86_64-linux-gnu/libxcb.so.1
xclip /lib/x86_64-linux-gnu/libSM.so.6
xclip /lib/x86_64-linux-gnu/libICE.so.6
xclip /lib/x86_64-linux-gnu/libXau.so.6
xclip /lib/x86_64-linux-gnu/libXdmcp.so.6
xclip /lib/x86_64-linux-gnu/libuuid.so.1
xclip /lib/x86_64-linux-gnu/libbsd.so.0
xclip /lib/x86_64-linux-gnu/libmd.so.0
xclip /usr/share/X11/locale/locale.alias
xclip /usr/share/X11/locale/locale.dir
xclip /usr/share/X11/locale/C/XLC_LOCALE
xclip /usr/share/X11/locale/locale.alias
xclip /usr/share/X11/locale/locale.dir
xclip /usr/share/X11/locale/C/XLC_LOCALE
Xvfb /proc/2073/cmdline
selkies /proc/stat
selkies /proc/meminfo
xdotool /etc/ld.so.cache
xdotool /lib/x86_64-linux-gnu/libxdo.so.3
xdotool /lib/x86_64-linux-gnu/libm.so.6
xdotool /lib/x86_64-linux-gnu/libX11.so.6
xdotool /lib/x86_64-linux-gnu/libc.so.6
xdotool /lib/x86_64-linux-gnu/libXtst.so.6
xdotool /lib/x86_64-linux-gnu/libXinerama.so.1
xdotool /lib/x86_64-linux-gnu/libxkbcommon.so.0
xdotool /lib/x86_64-linux-gnu/libxcb.so.1
xdotool /lib/x86_64-linux-gnu/libXext.so.6
xdotool /lib/x86_64-linux-gnu/libXau.so.6
xdotool /lib/x86_64-linux-gnu/libXdmcp.so.6
xdotool /lib/x86_64-linux-gnu/libbsd.so.0
xdotool /lib/x86_64-linux-gnu/libmd.so.0
Xvfb /proc/2075/cmdline
xdotool /etc/ld.so.cache
xdotool /lib/x86_64-linux-gnu/libxdo.so.3
xdotool /lib/x86_64-linux-gnu/libm.so.6
xdotool /lib/x86_64-linux-gnu/libX11.so.6
xdotool /lib/x86_64-linux-gnu/libc.so.6
xdotool /lib/x86_64-linux-gnu/libXtst.so.6
xdotool /lib/x86_64-linux-gnu/libXinerama.so.1
xdotool /lib/x86_64-linux-gnu/libxkbcommon.so.0
xdotool /lib/x86_64-linux-gnu/libxcb.so.1
xdotool /lib/x86_64-linux-gnu/libXext.so.6
xdotool /lib/x86_64-linux-gnu/libXau.so.6
xdotool /lib/x86_64-linux-gnu/libXdmcp.so.6
xdotool /lib/x86_64-linux-gnu/libbsd.so.0
xdotool /lib/x86_64-linux-gnu/libmd.so.0
Xvfb /proc/2076/cmdline
xdotool /usr/share/X11/XKeysymDB
xdotool /etc/ld.so.cache
xdotool /lib/x86_64-linux-gnu/libxdo.so.3
xdotool /lib/x86_64-linux-gnu/libm.so.6
xdotool /lib/x86_64-linux-gnu/libX11.so.6
xdotool /lib/x86_64-linux-gnu/libc.so.6
xdotool /lib/x86_64-linux-gnu/libXtst.so.6
xdotool /lib/x86_64-linux-gnu/libXinerama.so.1
xdotool /lib/x86_64-linux-gnu/libxkbcommon.so.0
xdotool /lib/x86_64-linux-gnu/libxcb.so.1
xdotool /lib/x86_64-linux-gnu/libXext.so.6
xdotool /lib/x86_64-linux-gnu/libXau.so.6
xdotool /lib/x86_64-linux-gnu/libXdmcp.so.6
xdotool /lib/x86_64-linux-gnu/libbsd.so.0
xdotool /lib/x86_64-linux-gnu/libmd.so.0
Xvfb /proc/2078/cmdline
xdotool /usr/lib/locale/locale-archive
xdotool /usr/lib/x86_64-linux-gnu/gconv/gconv-modules.cache
xdotool /etc/ld.so.cache
xdotool /lib/x86_64-linux-gnu/libxdo.so.3
xdotool /lib/x86_64-linux-gnu/libm.so.6
xdotool /lib/x86_64-linux-gnu/libX11.so.6
xdotool /lib/x86_64-linux-gnu/libc.so.6
xdotool /lib/x86_64-linux-gnu/libXtst.so.6
xdotool /lib/x86_64-linux-gnu/libXinerama.so.1
xdotool /lib/x86_64-linux-gnu/libxkbcommon.so.0
xdotool /lib/x86_64-linux-gnu/libxcb.so.1
xdotool /lib/x86_64-linux-gnu/libXext.so.6
xdotool /lib/x86_64-linux-gnu/libXau.so.6
xdotool /lib/x86_64-linux-gnu/libXdmcp.so.6
xdotool /lib/x86_64-linux-gnu/libbsd.so.0
xdotool /lib/x86_64-linux-gnu/libmd.so.0
Xvfb /proc/2084/cmdline
xdotool /usr/lib/locale/locale-archive
xdotool /usr/lib/x86_64-linux-gnu/gconv/gconv-modules.cache
xclip /etc/ld.so.cache
xclip /lib/x86_64-linux-gnu/libXmu.so.6
xclip /lib/x86_64-linux-gnu/libX11.so.6
xclip /lib/x86_64-linux-gnu/libc.so.6
xclip /lib/x86_64-linux-gnu/libXt.so.6
xclip /lib/x86_64-linux-gnu/libXext.so.6
xclip /lib/x86_64-linux-gnu/libxcb.so.1
xclip /lib/x86_64-linux-gnu/libSM.so.6
xclip /lib/x86_64-linux-gnu/libICE.so.6
xclip /lib/x86_64-linux-gnu/libXau.so.6
xclip /lib/x86_64-linux-gnu/libXdmcp.so.6
xclip /lib/x86_64-linux-gnu/libuuid.so.1
xclip /lib/x86_64-linux-gnu/libbsd.so.0
xclip /lib/x86_64-linux-gnu/libmd.so.0
xclip /usr/share/X11/locale/locale.alias
xclip /usr/share/X11/locale/locale.dir
xclip /usr/share/X11/locale/C/XLC_LOCALE
xclip /usr/share/X11/locale/locale.alias
xclip /usr/share/X11/locale/locale.dir
xclip /usr/share/X11/locale/C/XLC_LOCALE
Xvfb /proc/2093/cmdline
xclip /etc/ld.so.cache
xclip /lib/x86_64-linux-gnu/libXmu.so.6
xclip /lib/x86_64-linux-gnu/libX11.so.6
xclip /lib/x86_64-linux-gnu/libc.so.6
xclip /lib/x86_64-linux-gnu/libXt.so.6
xclip /lib/x86_64-linux-gnu/libXext.so.6
xclip /lib/x86_64-linux-gnu/libxcb.so.1
xclip /lib/x86_64-linux-gnu/libSM.so.6
xclip /lib/x86_64-linux-gnu/libICE.so.6
xclip /lib/x86_64-linux-gnu/libXau.so.6
xclip /lib/x86_64-linux-gnu/libXdmcp.so.6
xclip /lib/x86_64-linux-gnu/libuuid.so.1
xclip /lib/x86_64-linux-gnu/libbsd.so.0
xclip /lib/x86_64-linux-gnu/libmd.so.0
xclip /usr/share/X11/locale/locale.alias
xclip /usr/share/X11/locale/locale.dir
xclip /usr/share/X11/locale/C/XLC_LOCALE
xclip /usr/share/X11/locale/locale.alias
xclip /usr/share/X11/locale/locale.dir
xclip /usr/share/X11/locale/C/XLC_LOCALE
Xvfb /proc/2094/cmdline
selkies /proc/stat
selkies /proc/meminfo
xclip /etc/ld.so.cache
xclip /lib/x86_64-linux-gnu/libXmu.so.6
xclip /lib/x86_64-linux-gnu/libX11.so.6
xclip /lib/x86_64-linux-gnu/libc.so.6
xclip /lib/x86_64-linux-gnu/libXt.so.6
xclip /lib/x86_64-linux-gnu/libXext.so.6
xclip /lib/x86_64-linux-gnu/libxcb.so.1
xclip /lib/x86_64-linux-gnu/libSM.so.6
xclip /lib/x86_64-linux-gnu/libICE.so.6
xclip /lib/x86_64-linux-gnu/libXau.so.6
xclip /lib/x86_64-linux-gnu/libXdmcp.so.6
xclip /lib/x86_64-linux-gnu/libuuid.so.1
xclip /lib/x86_64-linux-gnu/libbsd.so.0
xclip /lib/x86_64-linux-gnu/libmd.so.0
xclip /usr/share/X11/locale/locale.alias
xclip /usr/share/X11/locale/locale.dir
xclip /usr/share/X11/locale/C/XLC_LOCALE
xclip /usr/share/X11/locale/locale.alias
xclip /usr/share/X11/locale/locale.dir
xclip /usr/share/X11/locale/C/XLC_LOCALE
Xvfb /proc/2100/cmdline
CanvasRenderer /dev/dri
CanvasRenderer /config/.cache/mesa_shader_cache/db/1eda42f2a767a2d7820a869487f528f852a0c3
CanvasRenderer /config/.cache/mesa_shader_cache/0c/2078390c4088c952a5aaf00c2698fc4cb3c2ae
CanvasRenderer /config/.cache/mesa_shader_cache/5e/44b0234ba7fee5aad30999f5c85fa1ab7d1e2b
CanvasRenderer /config/.cache/mesa_shader_cache/8a/05f419308844007d1e201ba19cfb5f3cd8ab27
CanvasRenderer /config/.cache/mesa_shader_cache/59/ec931cfacda6fd80434ecf9e3f29a17ea5760a
selkies /proc/stat
selkies /proc/meminfo
xclip /etc/ld.so.cache
xclip /lib/x86_64-linux-gnu/libXmu.so.6
xclip /lib/x86_64-linux-gnu/libX11.so.6
xclip /lib/x86_64-linux-gnu/libc.so.6
xclip /lib/x86_64-linux-gnu/libXt.so.6
xclip /lib/x86_64-linux-gnu/libXext.so.6
xclip /lib/x86_64-linux-gnu/libxcb.so.1
xclip /lib/x86_64-linux-gnu/libSM.so.6
xclip /lib/x86_64-linux-gnu/libICE.so.6
xclip /lib/x86_64-linux-gnu/libXau.so.6
xclip /lib/x86_64-linux-gnu/libXdmcp.so.6
xclip /lib/x86_64-linux-gnu/libuuid.so.1
xclip /lib/x86_64-linux-gnu/libbsd.so.0
xclip /lib/x86_64-linux-gnu/libmd.so.0
xclip /usr/share/X11/locale/locale.alias
xclip /usr/share/X11/locale/locale.dir
xclip /usr/share/X11/locale/C/XLC_LOCALE
xclip /usr/share/X11/locale/locale.alias
xclip /usr/share/X11/locale/locale.dir
xclip /usr/share/X11/locale/C/XLC_LOCALE
Xvfb /proc/2106/cmdline
xclip /etc/ld.so.cache
xclip /lib/x86_64-linux-gnu/libXmu.so.6
xclip /lib/x86_64-linux-gnu/libX11.so.6
xclip /lib/x86_64-linux-gnu/libc.so.6
xclip /lib/x86_64-linux-gnu/libXt.so.6
xclip /lib/x86_64-linux-gnu/libXext.so.6
xclip /lib/x86_64-linux-gnu/libxcb.so.1
xclip /lib/x86_64-linux-gnu/libSM.so.6
xclip /lib/x86_64-linux-gnu/libICE.so.6
xclip /lib/x86_64-linux-gnu/libXau.so.6
xclip /lib/x86_64-linux-gnu/libXdmcp.so.6
xclip /lib/x86_64-linux-gnu/libuuid.so.1
xclip /lib/x86_64-linux-gnu/libbsd.so.0
xclip /lib/x86_64-linux-gnu/libmd.so.0
xclip /usr/share/X11/locale/locale.alias
xclip /usr/share/X11/locale/locale.dir
xclip /usr/share/X11/locale/C/XLC_LOCALE
xclip /usr/share/X11/locale/locale.alias
xclip /usr/share/X11/locale/locale.dir
xclip /usr/share/X11/locale/C/XLC_LOCALE
Xvfb /proc/2108/cmdline
Cache2 I/O /config/.cache/thunderbird/3g11fcde.default-release/cache2/entries/E76E15FC108AD81EDD08DF7DB95DBD340F576BDD
Cache2 I/O /proc/self/mountinfo
Cache2 I/O /proc/self/mountinfo
Cache2 I/O /config/.cache/thunderbird/3g11fcde.default-release/cache2/entries/C886C15B36E63849FB9E86DCC97456303F590459
Isolated Web Co /usr/share/fonts/truetype/liberation/LiberationSans-Bold.ttf
Isolated Web Co /usr/share/fonts/truetype/liberation/LiberationSans-Bold.ttf
WrGlyph~terizer /usr/share/fonts/truetype/noto/NotoSansMono-Regular.ttf
DNS Resolver #1 /etc/hosts
BgIOThr~Pool #1 /config/.thunderbird/3g11fcde.default-release/AlternateServices.bin
selkies /proc/stat
selkies /proc/meminfo
BgIOThr~Pool #1 /config/.thunderbird/3g11fcde.default-release/bounce-tracking-protection.sqlite-journal
Permission /config/.thunderbird/3g11fcde.default-release/permissions.sqlite-journal
Permission /config/.thunderbird/3g11fcde.default-release
BgIOThr~Pool #1 /config/.thunderbird/3g11fcde.default-release
BgIOThr~Pool #1 /config/.thunderbird/3g11fcde.default-release/AlternateServices.bin
xclip /etc/ld.so.cache
xclip /lib/x86_64-linux-gnu/libXmu.so.6
xclip /lib/x86_64-linux-gnu/libX11.so.6
xclip /lib/x86_64-linux-gnu/libc.so.6
xclip /lib/x86_64-linux-gnu/libXt.so.6
xclip /lib/x86_64-linux-gnu/libXext.so.6
xclip /lib/x86_64-linux-gnu/libxcb.so.1
xclip /lib/x86_64-linux-gnu/libSM.so.6
xclip /lib/x86_64-linux-gnu/libICE.so.6
xclip /lib/x86_64-linux-gnu/libXau.so.6
xclip /lib/x86_64-linux-gnu/libXdmcp.so.6
xclip /lib/x86_64-linux-gnu/libuuid.so.1
xclip /lib/x86_64-linux-gnu/libbsd.so.0
xclip /lib/x86_64-linux-gnu/libmd.so.0
xclip /usr/share/X11/locale/locale.alias
xclip /usr/share/X11/locale/locale.dir
xclip /usr/share/X11/locale/C/XLC_LOCALE
xclip /usr/share/X11/locale/locale.alias
xclip /usr/share/X11/locale/locale.dir
xclip /usr/share/X11/locale/C/XLC_LOCALE
Xvfb /proc/2123/cmdline
xclip /etc/ld.so.cache
xclip /lib/x86_64-linux-gnu/libXmu.so.6
xclip /lib/x86_64-linux-gnu/libX11.so.6
xclip /lib/x86_64-linux-gnu/libc.so.6
xclip /lib/x86_64-linux-gnu/libXt.so.6
xclip /lib/x86_64-linux-gnu/libXext.so.6
xclip /lib/x86_64-linux-gnu/libxcb.so.1
xclip /lib/x86_64-linux-gnu/libSM.so.6
xclip /lib/x86_64-linux-gnu/libICE.so.6
xclip /lib/x86_64-linux-gnu/libXau.so.6
xclip /lib/x86_64-linux-gnu/libXdmcp.so.6
xclip /lib/x86_64-linux-gnu/libuuid.so.1
xclip /lib/x86_64-linux-gnu/libbsd.so.0
xclip /lib/x86_64-linux-gnu/libmd.so.0
xclip /usr/share/X11/locale/locale.alias
xclip /usr/share/X11/locale/locale.dir
xclip /usr/share/X11/locale/C/XLC_LOCALE
xclip /usr/share/X11/locale/locale.alias
xclip /usr/share/X11/locale/locale.dir
xclip /usr/share/X11/locale/C/XLC_LOCALE
Xvfb /proc/2155/cmdline
selkies /proc/stat
selkies /proc/meminfo
xclip /etc/ld.so.cache
xclip /lib/x86_64-linux-gnu/libXmu.so.6
xclip /lib/x86_64-linux-gnu/libX11.so.6
xclip /lib/x86_64-linux-gnu/libc.so.6
xclip /lib/x86_64-linux-gnu/libXt.so.6
xclip /lib/x86_64-linux-gnu/libXext.so.6
xclip /lib/x86_64-linux-gnu/libxcb.so.1
xclip /lib/x86_64-linux-gnu/libSM.so.6
xclip /lib/x86_64-linux-gnu/libICE.so.6
xclip /lib/x86_64-linux-gnu/libXau.so.6
xclip /lib/x86_64-linux-gnu/libXdmcp.so.6
xclip /lib/x86_64-linux-gnu/libuuid.so.1
xclip /lib/x86_64-linux-gnu/libbsd.so.0
xclip /lib/x86_64-linux-gnu/libmd.so.0
xclip /usr/share/X11/locale/locale.alias
xclip /usr/share/X11/locale/locale.dir
xclip /usr/share/X11/locale/C/XLC_LOCALE
xclip /usr/share/X11/locale/locale.alias
xclip /usr/share/X11/locale/locale.dir
xclip /usr/share/X11/locale/C/XLC_LOCALE
Xvfb /proc/2167/cmdline
xclip /etc/ld.so.cache
xclip /lib/x86_64-linux-gnu/libXmu.so.6
xclip /lib/x86_64-linux-gnu/libX11.so.6
xclip /lib/x86_64-linux-gnu/libc.so.6
xclip /lib/x86_64-linux-gnu/libXt.so.6
xclip /lib/x86_64-linux-gnu/libXext.so.6
xclip /lib/x86_64-linux-gnu/libxcb.so.1
xclip /lib/x86_64-linux-gnu/libSM.so.6
xclip /lib/x86_64-linux-gnu/libICE.so.6
xclip /lib/x86_64-linux-gnu/libXau.so.6
xclip /lib/x86_64-linux-gnu/libXdmcp.so.6
xclip /lib/x86_64-linux-gnu/libuuid.so.1
xclip /lib/x86_64-linux-gnu/libbsd.so.0
xclip /lib/x86_64-linux-gnu/libmd.so.0
xclip /usr/share/X11/locale/locale.alias
xclip /usr/share/X11/locale/locale.dir
xclip /usr/share/X11/locale/C/XLC_LOCALE
xclip /usr/share/X11/locale/locale.alias
xclip /usr/share/X11/locale/locale.dir
xclip /usr/share/X11/locale/C/XLC_LOCALE
Xvfb /proc/2168/cmdline
selkies /proc/stat
selkies /proc/meminfo
xclip /etc/ld.so.cache
xclip /lib/x86_64-linux-gnu/libXmu.so.6
xclip /lib/x86_64-linux-gnu/libX11.so.6
xclip /lib/x86_64-linux-gnu/libc.so.6
xclip /lib/x86_64-linux-gnu/libXt.so.6
xclip /lib/x86_64-linux-gnu/libXext.so.6
xclip /lib/x86_64-linux-gnu/libxcb.so.1
xclip /lib/x86_64-linux-gnu/libSM.so.6
xclip /lib/x86_64-linux-gnu/libICE.so.6
xclip /lib/x86_64-linux-gnu/libXau.so.6
xclip /lib/x86_64-linux-gnu/libXdmcp.so.6
xclip /lib/x86_64-linux-gnu/libuuid.so.1
xclip /lib/x86_64-linux-gnu/libbsd.so.0
xclip /lib/x86_64-linux-gnu/libmd.so.0
xclip /usr/share/X11/locale/locale.alias
xclip /usr/share/X11/locale/locale.dir
xclip /usr/share/X11/locale/C/XLC_LOCALE
xclip /usr/share/X11/locale/locale.alias
xclip /usr/share/X11/locale/locale.dir
xclip /usr/share/X11/locale/C/XLC_LOCALE
Xvfb /proc/2173/cmdline
xclip /etc/ld.so.cache
xclip /lib/x86_64-linux-gnu/libXmu.so.6
xclip /lib/x86_64-linux-gnu/libX11.so.6
xclip /lib/x86_64-linux-gnu/libc.so.6
xclip /lib/x86_64-linux-gnu/libXt.so.6
xclip /lib/x86_64-linux-gnu/libXext.so.6
xclip /lib/x86_64-linux-gnu/libxcb.so.1
xclip /lib/x86_64-linux-gnu/libSM.so.6
xclip /lib/x86_64-linux-gnu/libICE.so.6
xclip /lib/x86_64-linux-gnu/libXau.so.6
xclip /lib/x86_64-linux-gnu/libXdmcp.so.6
xclip /lib/x86_64-linux-gnu/libuuid.so.1
xclip /lib/x86_64-linux-gnu/libbsd.so.0
xclip /lib/x86_64-linux-gnu/libmd.so.0
xclip /usr/share/X11/locale/locale.alias
xclip /usr/share/X11/locale/locale.dir
xclip /usr/share/X11/locale/C/XLC_LOCALE
xclip /usr/share/X11/locale/locale.alias
xclip /usr/share/X11/locale/locale.dir
xclip /usr/share/X11/locale/C/XLC_LOCALE
Xvfb /proc/2205/cmdline
selkies /proc/stat
selkies /proc/meminfo
xclip /etc/ld.so.cache
xclip /lib/x86_64-linux-gnu/libXmu.so.6
xclip /lib/x86_64-linux-gnu/libX11.so.6
xclip /lib/x86_64-linux-gnu/libc.so.6
xclip /lib/x86_64-linux-gnu/libXt.so.6
xclip /lib/x86_64-linux-gnu/libXext.so.6
xclip /lib/x86_64-linux-gnu/libxcb.so.1
xclip /lib/x86_64-linux-gnu/libSM.so.6
xclip /lib/x86_64-linux-gnu/libICE.so.6
xclip /lib/x86_64-linux-gnu/libXau.so.6
xclip /lib/x86_64-linux-gnu/libXdmcp.so.6
xclip /lib/x86_64-linux-gnu/libuuid.so.1
xclip /lib/x86_64-linux-gnu/libbsd.so.0
xclip /lib/x86_64-linux-gnu/libmd.so.0
xclip /usr/share/X11/locale/locale.alias
xclip /usr/share/X11/locale/locale.dir
xclip /usr/share/X11/locale/C/XLC_LOCALE
xclip /usr/share/X11/locale/locale.alias
xclip /usr/share/X11/locale/locale.dir
xclip /usr/share/X11/locale/C/XLC_LOCALE
Xvfb /proc/2222/cmdline
xclip /etc/ld.so.cache
xclip /lib/x86_64-linux-gnu/libXmu.so.6
xclip /lib/x86_64-linux-gnu/libX11.so.6
xclip /lib/x86_64-linux-gnu/libc.so.6
xclip /lib/x86_64-linux-gnu/libXt.so.6
xclip /lib/x86_64-linux-gnu/libXext.so.6
xclip /lib/x86_64-linux-gnu/libxcb.so.1
xclip /lib/x86_64-linux-gnu/libSM.so.6
xclip /lib/x86_64-linux-gnu/libICE.so.6
xclip /lib/x86_64-linux-gnu/libXau.so.6
xclip /lib/x86_64-linux-gnu/libXdmcp.so.6
xclip /lib/x86_64-linux-gnu/libuuid.so.1
xclip /lib/x86_64-linux-gnu/libbsd.so.0
xclip /lib/x86_64-linux-gnu/libmd.so.0
xclip /usr/share/X11/locale/locale.alias
xclip /usr/share/X11/locale/locale.dir
xclip /usr/share/X11/locale/C/XLC_LOCALE
xclip /usr/share/X11/locale/locale.alias
xclip /usr/share/X11/locale/locale.dir
xclip /usr/share/X11/locale/C/XLC_LOCALE
Xvfb /proc/2227/cmdline
selkies /proc/stat
selkies /proc/meminfo
xclip /etc/ld.so.cache
xclip /lib/x86_64-linux-gnu/libXmu.so.6
xclip /lib/x86_64-linux-gnu/libX11.so.6
xclip /lib/x86_64-linux-gnu/libc.so.6
xclip /lib/x86_64-linux-gnu/libXt.so.6
xclip /lib/x86_64-linux-gnu/libXext.so.6
xclip /lib/x86_64-linux-gnu/libxcb.so.1
xclip /lib/x86_64-linux-gnu/libSM.so.6
xclip /lib/x86_64-linux-gnu/libICE.so.6
xclip /lib/x86_64-linux-gnu/libXau.so.6
xclip /lib/x86_64-linux-gnu/libXdmcp.so.6
xclip /lib/x86_64-linux-gnu/libuuid.so.1
xclip /lib/x86_64-linux-gnu/libbsd.so.0
xclip /lib/x86_64-linux-gnu/libmd.so.0
xclip /usr/share/X11/locale/locale.alias
xclip /usr/share/X11/locale/locale.dir
xclip /usr/share/X11/locale/C/XLC_LOCALE
xclip /usr/share/X11/locale/locale.alias
xclip /usr/share/X11/locale/locale.dir
xclip /usr/share/X11/locale/C/XLC_LOCALE
Xvfb /proc/2228/cmdline
DNS Resolver #2 /etc/hosts
DNS Resolver #4 /etc/hosts
BgIOThr~Pool #1 /config/.thunderbird/3g11fcde.default-release/extensions.json.tmp
BgIOThr~Pool #1 /config/.thunderbird/3g11fcde.default-release/AlternateServices.bin
Cache2 I/O /config/.cache/thunderbird/3g11fcde.default-release/cache2/entries/30FA05B5FE687A37ABBF4AA91064EE68776C8CE8
Cache2 I/O /proc/self/mountinfo
Cache2 I/O /proc/self/mountinfo
Cache2 I/O /proc/self/mountinfo
Cache2 I/O /proc/self/mountinfo
BgIOThr~Pool #1 /config/.thunderbird/3g11fcde.default-release/datareporting/state.json
BgIOThr~Pool #1 /config/.thunderbird/3g11fcde.default-release/datareporting/state.json.tmp
IndexedDB IO #1 /config/.thunderbird/3g11fcde.default-release/storage/permanent/chrome/idb/3870112724rsegmnoittet-es.sqlite
BgIOThr~Pool #1 /config/.thunderbird/3g11fcde.default-release/SiteSecurityServiceState.bin
IndexedDB IO #1 /config/.thunderbird/3g11fcde.default-release/storage/permanent/chrome/idb/3870112724rsegmnoittet-es.sqlite-wal
Cache2 I/O /config/.cache/thunderbird/3g11fcde.default-release/cache2/entries/9BD59E6855C2DC5337B3AF405F15027C77B23DA5
Cache2 I/O /proc/self/mountinfo
IndexedDB IO #1 /proc/self/mountinfo
Cache2 I/O /proc/self/mountinfo
BgIOThr~Pool #1 /config/.thunderbird/3g11fcde.default-release/features
Cache2 I/O /proc/self/mountinfo
BgIOThr~Pool #1 /config/.thunderbird/3g11fcde.default-release/AlternateServices.bin
Cache2 I/O /proc/self/mountinfo
QuotaManager IO /config/.thunderbird/3g11fcde.default-release/storage/permanent/chrome/idb/3870112724rsegmnoittet-es.sqlite
QuotaManager IO /config/.thunderbird/3g11fcde.default-release/storage/permanent/chrome/idb/3870112724rsegmnoittet-es.sqlite-wal
QuotaManager IO /proc/self/mountinfo
IndexedDB IO #1 /config/.thunderbird/3g11fcde.default-release/storage/permanent/chrome/idb
IndexedDB IO #1 /config/.thunderbird/3g11fcde.default-release/storage/permanent/chrome/idb/3870112724rsegmnoittet-es.sqlite
IndexedDB IO #1 /config/.thunderbird/3g11fcde.default-release/storage/permanent/chrome/idb/3870112724rsegmnoittet-es.sqlite-wal
IndexedDB IO #1 /proc/self/mountinfo
IndexedDB IO #1 /config/.thunderbird/3g11fcde.default-release/storage/permanent/chrome/idb/3870112724rsegmnoittet-es.sqlite
IndexedDB IO #1 /config/.thunderbird/3g11fcde.default-release/storage/permanent/chrome/idb/3870112724rsegmnoittet-es.sqlite-wal
IndexedDB IO #1 /proc/self/mountinfo
BgIOThr~Pool #1 /config/.thunderbird/3g11fcde.default-release/addons.json.tmp
QuotaManager IO /config/.thunderbird/3g11fcde.default-release/storage/permanent/chrome/idb/3870112724rsegmnoittet-es.sqlite
QuotaManager IO /config/.thunderbird/3g11fcde.default-release/storage/permanent/chrome/idb/3870112724rsegmnoittet-es.sqlite-wal
QuotaManager IO /proc/self/mountinfo
IndexedDB IO #1 /config/.thunderbird/3g11fcde.default-release/storage/permanent/chrome/idb
IndexedDB IO #1 /config/.thunderbird/3g11fcde.default-release/storage/permanent/chrome/idb/3870112724rsegmnoittet-es.sqlite
IndexedDB IO #1 /config/.thunderbird/3g11fcde.default-release/storage/permanent/chrome/idb/3870112724rsegmnoittet-es.sqlite-wal
IndexedDB IO #1 /proc/self/mountinfo
IndexedDB IO #1 /config/.thunderbird/3g11fcde.default-release/storage/permanent/chrome/idb/3870112724rsegmnoittet-es.sqlite
IndexedDB IO #1 /config/.thunderbird/3g11fcde.default-release/storage/permanent/chrome/idb/3870112724rsegmnoittet-es.sqlite-wal
IndexedDB IO #1 /proc/self/mountinfo
Backgro~Pool #1 /config/.thunderbird/3g11fcde.default-release/settings/data.safe.tmp
xclip /etc/ld.so.cache
xclip /lib/x86_64-linux-gnu/libXmu.so.6
xclip /lib/x86_64-linux-gnu/libX11.so.6
xclip /lib/x86_64-linux-gnu/libc.so.6
xclip /lib/x86_64-linux-gnu/libXt.so.6
xclip /lib/x86_64-linux-gnu/libXext.so.6
xclip /lib/x86_64-linux-gnu/libxcb.so.1
xclip /lib/x86_64-linux-gnu/libSM.so.6
xclip /lib/x86_64-linux-gnu/libICE.so.6
xclip /lib/x86_64-linux-gnu/libXau.so.6
xclip /lib/x86_64-linux-gnu/libXdmcp.so.6
xclip /lib/x86_64-linux-gnu/libuuid.so.1
xclip /lib/x86_64-linux-gnu/libbsd.so.0
xclip /lib/x86_64-linux-gnu/libmd.so.0
xclip /usr/share/X11/locale/locale.alias
xclip /usr/share/X11/locale/locale.dir
xclip /usr/share/X11/locale/C/XLC_LOCALE
xclip /usr/share/X11/locale/locale.alias
xclip /usr/share/X11/locale/locale.dir
xclip /usr/share/X11/locale/C/XLC_LOCALE
Xvfb /proc/2229/cmdline
BgIOThr~Pool #1 /config/.thunderbird/3g11fcde.default-release/AlternateServices.bin
selkies /proc/stat
selkies /proc/meminfo
Cache2 I/O /config/.cache/thunderbird/3g11fcde.default-release/cache2/entries/2DD6AC8D8AE94DA16C0018662CE54C2F5FB953A5
Cache2 I/O /proc/self/mountinfo
StreamTrans #1 /config/.thunderbird/3g11fcde.default-release/prefs.js
StreamTrans #1 /config/.thunderbird/3g11fcde.default-release/prefs-1.js
Cache2 I/O /proc/self/mountinfo
StreamTrans #1 /config/.thunderbird/3g11fcde.default-release/prefs-1.js
Cache2 I/O /config/.cache/thunderbird/3g11fcde.default-release/cache2/entries/C886C15B36E63849FB9E86DCC97456303F590459
xclip /etc/ld.so.cache
xclip /lib/x86_64-linux-gnu/libXmu.so.6
xclip /lib/x86_64-linux-gnu/libX11.so.6
xclip /lib/x86_64-linux-gnu/libc.so.6
xclip /lib/x86_64-linux-gnu/libXt.so.6
xclip /lib/x86_64-linux-gnu/libXext.so.6
xclip /lib/x86_64-linux-gnu/libxcb.so.1
xclip /lib/x86_64-linux-gnu/libSM.so.6
xclip /lib/x86_64-linux-gnu/libICE.so.6
xclip /lib/x86_64-linux-gnu/libXau.so.6
xclip /lib/x86_64-linux-gnu/libXdmcp.so.6
xclip /lib/x86_64-linux-gnu/libuuid.so.1
xclip /lib/x86_64-linux-gnu/libbsd.so.0
xclip /lib/x86_64-linux-gnu/libmd.so.0
xclip /usr/share/X11/locale/locale.alias
xclip /usr/share/X11/locale/locale.dir
xclip /usr/share/X11/locale/C/XLC_LOCALE
xclip /usr/share/X11/locale/locale.alias
xclip /usr/share/X11/locale/locale.dir
xclip /usr/share/X11/locale/C/XLC_LOCALE
Xvfb /proc/2231/cmdline
xclip /etc/ld.so.cache
xclip /lib/x86_64-linux-gnu/libXmu.so.6
xclip /lib/x86_64-linux-gnu/libX11.so.6
xclip /lib/x86_64-linux-gnu/libc.so.6
xclip /lib/x86_64-linux-gnu/libXt.so.6
xclip /lib/x86_64-linux-gnu/libXext.so.6
xclip /lib/x86_64-linux-gnu/libxcb.so.1
xclip /lib/x86_64-linux-gnu/libSM.so.6
xclip /lib/x86_64-linux-gnu/libICE.so.6
xclip /lib/x86_64-linux-gnu/libXau.so.6
xclip /lib/x86_64-linux-gnu/libXdmcp.so.6
xclip /lib/x86_64-linux-gnu/libuuid.so.1
xclip /lib/x86_64-linux-gnu/libbsd.so.0
xclip /lib/x86_64-linux-gnu/libmd.so.0
xclip /usr/share/X11/locale/locale.alias
xclip /usr/share/X11/locale/locale.dir
xclip /usr/share/X11/locale/C/XLC_LOCALE
xclip /usr/share/X11/locale/locale.alias
xclip /usr/share/X11/locale/locale.dir
xclip /usr/share/X11/locale/C/XLC_LOCALE
Xvfb /proc/2237/cmdline
selkies /proc/stat
selkies /proc/meminfo
BgIOThr~Pool #1 /config/.thunderbird/3g11fcde.default-release/xulstore.json.tmp
xclip /etc/ld.so.cache
xclip /lib/x86_64-linux-gnu/libXmu.so.6
xclip /lib/x86_64-linux-gnu/libX11.so.6
xclip /lib/x86_64-linux-gnu/libc.so.6
xclip /lib/x86_64-linux-gnu/libXt.so.6
xclip /lib/x86_64-linux-gnu/libXext.so.6
xclip /lib/x86_64-linux-gnu/libxcb.so.1
xclip /lib/x86_64-linux-gnu/libSM.so.6
xclip /lib/x86_64-linux-gnu/libICE.so.6
xclip /lib/x86_64-linux-gnu/libXau.so.6
xclip /lib/x86_64-linux-gnu/libXdmcp.so.6
xclip /lib/x86_64-linux-gnu/libuuid.so.1
xclip /lib/x86_64-linux-gnu/libbsd.so.0
xclip /lib/x86_64-linux-gnu/libmd.so.0
xclip /usr/share/X11/locale/locale.alias
xclip /usr/share/X11/locale/locale.dir
xclip /usr/share/X11/locale/C/XLC_LOCALE
xclip /usr/share/X11/locale/locale.alias
xclip /usr/share/X11/locale/locale.dir
xclip /usr/share/X11/locale/C/XLC_LOCALE
Xvfb /proc/2265/cmdline
xclip /etc/ld.so.cache
xclip /lib/x86_64-linux-gnu/libXmu.so.6
xclip /lib/x86_64-linux-gnu/libX11.so.6
xclip /lib/x86_64-linux-gnu/libc.so.6
xclip /lib/x86_64-linux-gnu/libXt.so.6
xclip /lib/x86_64-linux-gnu/libXext.so.6
xclip /lib/x86_64-linux-gnu/libxcb.so.1
xclip /lib/x86_64-linux-gnu/libSM.so.6
xclip /lib/x86_64-linux-gnu/libICE.so.6
BgIOThr~Pool #1 /config/.thunderbird/3g11fcde.default-release/AlternateServices.bin
xclip /lib/x86_64-linux-gnu/libXau.so.6
xclip /lib/x86_64-linux-gnu/libXdmcp.so.6
xclip /lib/x86_64-linux-gnu/libuuid.so.1
xclip /lib/x86_64-linux-gnu/libbsd.so.0
xclip /lib/x86_64-linux-gnu/libmd.so.0
xclip /usr/share/X11/locale/locale.alias
xclip /usr/share/X11/locale/locale.dir
xclip /usr/share/X11/locale/C/XLC_LOCALE
xclip /usr/share/X11/locale/locale.alias
xclip /usr/share/X11/locale/locale.dir
xclip /usr/share/X11/locale/C/XLC_LOCALE
Xvfb /proc/2284/cmdline
selkies /proc/stat
selkies /proc/meminfo
xclip /etc/ld.so.cache
xclip /lib/x86_64-linux-gnu/libXmu.so.6
xclip /lib/x86_64-linux-gnu/libX11.so.6
xclip /lib/x86_64-linux-gnu/libc.so.6
xclip /lib/x86_64-linux-gnu/libXt.so.6
xclip /lib/x86_64-linux-gnu/libXext.so.6
xclip /lib/x86_64-linux-gnu/libxcb.so.1
xclip /lib/x86_64-linux-gnu/libSM.so.6
xclip /lib/x86_64-linux-gnu/libICE.so.6
xclip /lib/x86_64-linux-gnu/libXau.so.6
xclip /lib/x86_64-linux-gnu/libXdmcp.so.6
xclip /lib/x86_64-linux-gnu/libuuid.so.1
xclip /lib/x86_64-linux-gnu/libbsd.so.0
xclip /lib/x86_64-linux-gnu/libmd.so.0
xclip /usr/share/X11/locale/locale.alias
xclip /usr/share/X11/locale/locale.dir
xclip /usr/share/X11/locale/C/XLC_LOCALE
xclip /usr/share/X11/locale/locale.alias
xclip /usr/share/X11/locale/locale.dir
xclip /usr/share/X11/locale/C/XLC_LOCALE
Xvfb /proc/2316/cmdline
StreamTrans #1 /config/.thunderbird/3g11fcde.default-release/prefs.js
StreamTrans #1 /config/.thunderbird/3g11fcde.default-release/prefs-1.js
StreamTrans #1 /config/.thunderbird/3g11fcde.default-release/prefs-1.js
xclip /etc/ld.so.cache
xclip /lib/x86_64-linux-gnu/libXmu.so.6
xclip /lib/x86_64-linux-gnu/libX11.so.6
xclip /lib/x86_64-linux-gnu/libc.so.6
xclip /lib/x86_64-linux-gnu/libXt.so.6
xclip /lib/x86_64-linux-gnu/libXext.so.6
xclip /lib/x86_64-linux-gnu/libxcb.so.1
xclip /lib/x86_64-linux-gnu/libSM.so.6
xclip /lib/x86_64-linux-gnu/libICE.so.6
xclip /lib/x86_64-linux-gnu/libXau.so.6
xclip /lib/x86_64-linux-gnu/libXdmcp.so.6
xclip /lib/x86_64-linux-gnu/libuuid.so.1
xclip /lib/x86_64-linux-gnu/libbsd.so.0
xclip /lib/x86_64-linux-gnu/libmd.so.0
xclip /usr/share/X11/locale/locale.alias
xclip /usr/share/X11/locale/locale.dir
xclip /usr/share/X11/locale/C/XLC_LOCALE
xclip /usr/share/X11/locale/locale.alias
xclip /usr/share/X11/locale/locale.dir
xclip /usr/share/X11/locale/C/XLC_LOCALE
Xvfb /proc/2336/cmdline
selkies /proc/stat
selkies /proc/meminfo
xclip /etc/ld.so.cache
xclip /lib/x86_64-linux-gnu/libXmu.so.6
xclip /lib/x86_64-linux-gnu/libX11.so.6
xclip /lib/x86_64-linux-gnu/libc.so.6
xclip /lib/x86_64-linux-gnu/libXt.so.6
xclip /lib/x86_64-linux-gnu/libXext.so.6
xclip /lib/x86_64-linux-gnu/libxcb.so.1
xclip /lib/x86_64-linux-gnu/libSM.so.6
xclip /lib/x86_64-linux-gnu/libICE.so.6
xclip /lib/x86_64-linux-gnu/libXau.so.6
xclip /lib/x86_64-linux-gnu/libXdmcp.so.6
xclip /lib/x86_64-linux-gnu/libuuid.so.1
xclip /lib/x86_64-linux-gnu/libbsd.so.0
xclip /lib/x86_64-linux-gnu/libmd.so.0
xclip /usr/share/X11/locale/locale.alias
xclip /usr/share/X11/locale/locale.dir
xclip /usr/share/X11/locale/C/XLC_LOCALE
xclip /usr/share/X11/locale/locale.alias
xclip /usr/share/X11/locale/locale.dir
xclip /usr/share/X11/locale/C/XLC_LOCALE
Xvfb /proc/2342/cmdline
selkies /proc/stat
selkies /proc/meminfo
xclip /etc/ld.so.cache
xclip /lib/x86_64-linux-gnu/libXmu.so.6
xclip /lib/x86_64-linux-gnu/libX11.so.6
xclip /lib/x86_64-linux-gnu/libc.so.6
xclip /lib/x86_64-linux-gnu/libXt.so.6
xclip /lib/x86_64-linux-gnu/libXext.so.6
xclip /lib/x86_64-linux-gnu/libxcb.so.1
xclip /lib/x86_64-linux-gnu/libSM.so.6
xclip /lib/x86_64-linux-gnu/libICE.so.6
xclip /lib/x86_64-linux-gnu/libXau.so.6
xclip /lib/x86_64-linux-gnu/libXdmcp.so.6
xclip /lib/x86_64-linux-gnu/libuuid.so.1
xclip /lib/x86_64-linux-gnu/libbsd.so.0
xclip /lib/x86_64-linux-gnu/libmd.so.0
xclip /usr/share/X11/locale/locale.alias
xclip /usr/share/X11/locale/locale.dir
xclip /usr/share/X11/locale/C/XLC_LOCALE
xclip /usr/share/X11/locale/locale.alias
xclip /usr/share/X11/locale/locale.dir
xclip /usr/share/X11/locale/C/XLC_LOCALE
Xvfb /proc/2343/cmdline
xclip /etc/ld.so.cache
xclip /lib/x86_64-linux-gnu/libXmu.so.6
xclip /lib/x86_64-linux-gnu/libX11.so.6
xclip /lib/x86_64-linux-gnu/libc.so.6
xclip /lib/x86_64-linux-gnu/libXt.so.6
xclip /lib/x86_64-linux-gnu/libXext.so.6
xclip /lib/x86_64-linux-gnu/libxcb.so.1
xclip /lib/x86_64-linux-gnu/libSM.so.6
xclip /lib/x86_64-linux-gnu/libICE.so.6
xclip /lib/x86_64-linux-gnu/libXau.so.6
xclip /lib/x86_64-linux-gnu/libXdmcp.so.6
xclip /lib/x86_64-linux-gnu/libuuid.so.1
xclip /lib/x86_64-linux-gnu/libbsd.so.0
xclip /lib/x86_64-linux-gnu/libmd.so.0
xclip /usr/share/X11/locale/locale.alias
xclip /usr/share/X11/locale/locale.dir
xclip /usr/share/X11/locale/C/XLC_LOCALE
xclip /usr/share/X11/locale/locale.alias
xclip /usr/share/X11/locale/locale.dir
xclip /usr/share/X11/locale/C/XLC_LOCALE
Xvfb /proc/2362/cmdline
selkies /proc/stat
selkies /proc/meminfo
xclip /etc/ld.so.cache
xclip /lib/x86_64-linux-gnu/libXmu.so.6
xclip /lib/x86_64-linux-gnu/libX11.so.6
xclip /lib/x86_64-linux-gnu/libc.so.6
xclip /lib/x86_64-linux-gnu/libXt.so.6
xclip /lib/x86_64-linux-gnu/libXext.so.6
xclip /lib/x86_64-linux-gnu/libxcb.so.1
xclip /lib/x86_64-linux-gnu/libSM.so.6
xclip /lib/x86_64-linux-gnu/libICE.so.6
xclip /lib/x86_64-linux-gnu/libXau.so.6
xclip /lib/x86_64-linux-gnu/libXdmcp.so.6
xclip /lib/x86_64-linux-gnu/libuuid.so.1
xclip /lib/x86_64-linux-gnu/libbsd.so.0
xclip /lib/x86_64-linux-gnu/libmd.so.0
xclip /usr/share/X11/locale/locale.alias
xclip /usr/share/X11/locale/locale.dir
xclip /usr/share/X11/locale/C/XLC_LOCALE
xclip /usr/share/X11/locale/locale.alias
xclip /usr/share/X11/locale/locale.dir
xclip /usr/share/X11/locale/C/XLC_LOCALE
Xvfb /proc/2394/cmdline
xclip /etc/ld.so.cache
xclip /lib/x86_64-linux-gnu/libXmu.so.6
xclip /lib/x86_64-linux-gnu/libX11.so.6
xclip /lib/x86_64-linux-gnu/libc.so.6
xclip /lib/x86_64-linux-gnu/libXt.so.6
xclip /lib/x86_64-linux-gnu/libXext.so.6
xclip /lib/x86_64-linux-gnu/libxcb.so.1
xclip /lib/x86_64-linux-gnu/libSM.so.6
xclip /lib/x86_64-linux-gnu/libICE.so.6
xclip /lib/x86_64-linux-gnu/libXau.so.6
xclip /lib/x86_64-linux-gnu/libXdmcp.so.6
xclip /lib/x86_64-linux-gnu/libuuid.so.1
xclip /lib/x86_64-linux-gnu/libbsd.so.0
xclip /lib/x86_64-linux-gnu/libmd.so.0
xclip /usr/share/X11/locale/locale.alias
xclip /usr/share/X11/locale/locale.dir
xclip /usr/share/X11/locale/C/XLC_LOCALE
xclip /usr/share/X11/locale/locale.alias
xclip /usr/share/X11/locale/locale.dir
xclip /usr/share/X11/locale/C/XLC_LOCALE
Xvfb /proc/2401/cmdline
selkies /proc/stat
selkies /proc/meminfo
xclip /etc/ld.so.cache
xclip /lib/x86_64-linux-gnu/libXmu.so.6
xclip /lib/x86_64-linux-gnu/libX11.so.6
xclip /lib/x86_64-linux-gnu/libc.so.6
xclip /lib/x86_64-linux-gnu/libXt.so.6
xclip /lib/x86_64-linux-gnu/libXext.so.6
xclip /lib/x86_64-linux-gnu/libxcb.so.1
xclip /lib/x86_64-linux-gnu/libSM.so.6
xclip /lib/x86_64-linux-gnu/libICE.so.6
xclip /lib/x86_64-linux-gnu/libXau.so.6
xclip /lib/x86_64-linux-gnu/libXdmcp.so.6
xclip /lib/x86_64-linux-gnu/libuuid.so.1
xclip /lib/x86_64-linux-gnu/libbsd.so.0
xclip /lib/x86_64-linux-gnu/libmd.so.0
xclip /usr/share/X11/locale/locale.alias
xclip /usr/share/X11/locale/locale.dir
xclip /usr/share/X11/locale/C/XLC_LOCALE
xclip /usr/share/X11/locale/locale.alias
xclip /usr/share/X11/locale/locale.dir
xclip /usr/share/X11/locale/C/XLC_LOCALE
Xvfb /proc/2416/cmdline
xclip /etc/ld.so.cache
xclip /lib/x86_64-linux-gnu/libXmu.so.6
xclip /lib/x86_64-linux-gnu/libX11.so.6
xclip /lib/x86_64-linux-gnu/libc.so.6
xclip /lib/x86_64-linux-gnu/libXt.so.6
xclip /lib/x86_64-linux-gnu/libXext.so.6
xclip /lib/x86_64-linux-gnu/libxcb.so.1
xclip /lib/x86_64-linux-gnu/libSM.so.6
xclip /lib/x86_64-linux-gnu/libICE.so.6
xclip /lib/x86_64-linux-gnu/libXau.so.6
xclip /lib/x86_64-linux-gnu/libXdmcp.so.6
xclip /lib/x86_64-linux-gnu/libuuid.so.1
xclip /lib/x86_64-linux-gnu/libbsd.so.0
xclip /lib/x86_64-linux-gnu/libmd.so.0
xclip /usr/share/X11/locale/locale.alias
xclip /usr/share/X11/locale/locale.dir
xclip /usr/share/X11/locale/C/XLC_LOCALE
xclip /usr/share/X11/locale/locale.alias
xclip /usr/share/X11/locale/locale.dir
xclip /usr/share/X11/locale/C/XLC_LOCALE
Xvfb /proc/2422/cmdline
BgIOThr~Pool #1 /config/.thunderbird/3g11fcde.default-release/AlternateServices.bin
selkies /proc/stat
selkies /proc/meminfo
xclip /etc/ld.so.cache
xclip /lib/x86_64-linux-gnu/libXmu.so.6
xclip /lib/x86_64-linux-gnu/libX11.so.6
xclip /lib/x86_64-linux-gnu/libc.so.6
xclip /lib/x86_64-linux-gnu/libXt.so.6
xclip /lib/x86_64-linux-gnu/libXext.so.6
xclip /lib/x86_64-linux-gnu/libxcb.so.1
xclip /lib/x86_64-linux-gnu/libSM.so.6
xclip /lib/x86_64-linux-gnu/libICE.so.6
xclip /lib/x86_64-linux-gnu/libXau.so.6
xclip /lib/x86_64-linux-gnu/libXdmcp.so.6
xclip /lib/x86_64-linux-gnu/libuuid.so.1
xclip /lib/x86_64-linux-gnu/libbsd.so.0
xclip /lib/x86_64-linux-gnu/libmd.so.0
xclip /usr/share/X11/locale/locale.alias
xclip /usr/share/X11/locale/locale.dir
xclip /usr/share/X11/locale/C/XLC_LOCALE
xclip /usr/share/X11/locale/locale.alias
xclip /usr/share/X11/locale/locale.dir
xclip /usr/share/X11/locale/C/XLC_LOCALE
Xvfb /proc/2440/cmdline
Permission /config/.thunderbird/3g11fcde.default-release/permissions.sqlite-journal
Permission /config/.thunderbird/3g11fcde.default-release
xclip /etc/ld.so.cache
xclip /lib/x86_64-linux-gnu/libXmu.so.6
xclip /lib/x86_64-linux-gnu/libX11.so.6
xclip /lib/x86_64-linux-gnu/libc.so.6
xclip /lib/x86_64-linux-gnu/libXt.so.6
xclip /lib/x86_64-linux-gnu/libXext.so.6
xclip /lib/x86_64-linux-gnu/libxcb.so.1
xclip /lib/x86_64-linux-gnu/libSM.so.6
xclip /lib/x86_64-linux-gnu/libICE.so.6
xclip /lib/x86_64-linux-gnu/libXau.so.6
xclip /lib/x86_64-linux-gnu/libXdmcp.so.6
xclip /lib/x86_64-linux-gnu/libuuid.so.1
xclip /lib/x86_64-linux-gnu/libbsd.so.0
xclip /lib/x86_64-linux-gnu/libmd.so.0
xclip /usr/share/X11/locale/locale.alias
xclip /usr/share/X11/locale/locale.dir
xclip /usr/share/X11/locale/C/XLC_LOCALE
xclip /usr/share/X11/locale/locale.alias
xclip /usr/share/X11/locale/locale.dir
xclip /usr/share/X11/locale/C/XLC_LOCALE
Xvfb /proc/2447/cmdline
Cache2 I/O /config/.cache/thunderbird/3g11fcde.default-release/cache2/entries/AD6362AB1ACB23D1A00AD57DD64770DFF4CD0B89
Cache2 I/O /proc/self/mountinfo
Cache2 I/O /proc/self/mountinfo
Cache2 I/O /proc/self/mountinfo
Cache2 I/O /proc/self/mountinfo
Cache2 I/O /config/.cache/thunderbird/3g11fcde.default-release/cache2/entries/1B8E5030807B8D9322E916BFDE3CAE29A1BC0A84
Cache2 I/O /proc/self/mountinfo
Cache2 I/O /proc/self/mountinfo
Cache2 I/O /proc/self/mountinfo
Cache2 I/O /proc/self/mountinfo
Cache2 I/O /config/.cache/thunderbird/3g11fcde.default-release/cache2/entries/10E395BBBAF7FD850FE084FB8B8EE09DF46B4F0C
Cache2 I/O /proc/self/mountinfo
Cache2 I/O /proc/self/mountinfo
selkies /proc/stat
selkies /proc/meminfo
xclip /etc/ld.so.cache
xclip /lib/x86_64-linux-gnu/libXmu.so.6
xclip /lib/x86_64-linux-gnu/libX11.so.6
xclip /lib/x86_64-linux-gnu/libc.so.6
xclip /lib/x86_64-linux-gnu/libXt.so.6
xclip /lib/x86_64-linux-gnu/libXext.so.6
xclip /lib/x86_64-linux-gnu/libxcb.so.1
xclip /lib/x86_64-linux-gnu/libSM.so.6
xclip /lib/x86_64-linux-gnu/libICE.so.6
xclip /lib/x86_64-linux-gnu/libXau.so.6
xclip /lib/x86_64-linux-gnu/libXdmcp.so.6
xclip /lib/x86_64-linux-gnu/libuuid.so.1
xclip /lib/x86_64-linux-gnu/libbsd.so.0
xclip /lib/x86_64-linux-gnu/libmd.so.0
xclip /usr/share/X11/locale/locale.alias
xclip /usr/share/X11/locale/locale.dir
xclip /usr/share/X11/locale/C/XLC_LOCALE
xclip /usr/share/X11/locale/locale.alias
xclip /usr/share/X11/locale/locale.dir
xclip /usr/share/X11/locale/C/XLC_LOCALE
Xvfb /proc/2465/cmdline
xclip /etc/ld.so.cache
xclip /lib/x86_64-linux-gnu/libXmu.so.6
xclip /lib/x86_64-linux-gnu/libX11.so.6
xclip /lib/x86_64-linux-gnu/libc.so.6
xclip /lib/x86_64-linux-gnu/libXt.so.6
xclip /lib/x86_64-linux-gnu/libXext.so.6
xclip /lib/x86_64-linux-gnu/libxcb.so.1
xclip /lib/x86_64-linux-gnu/libSM.so.6
xclip /lib/x86_64-linux-gnu/libICE.so.6
xclip /lib/x86_64-linux-gnu/libXau.so.6
xclip /lib/x86_64-linux-gnu/libXdmcp.so.6
xclip /lib/x86_64-linux-gnu/libuuid.so.1
xclip /lib/x86_64-linux-gnu/libbsd.so.0
xclip /lib/x86_64-linux-gnu/libmd.so.0
xclip /usr/share/X11/locale/locale.alias
xclip /usr/share/X11/locale/locale.dir
xclip /usr/share/X11/locale/C/XLC_LOCALE
xclip /usr/share/X11/locale/locale.alias
xclip /usr/share/X11/locale/locale.dir
xclip /usr/share/X11/locale/C/XLC_LOCALE
Xvfb /proc/2472/cmdline
selkies /proc/stat
selkies /proc/meminfo
xclip /etc/ld.so.cache
xclip /lib/x86_64-linux-gnu/libXmu.so.6
xclip /lib/x86_64-linux-gnu/libX11.so.6
xclip /lib/x86_64-linux-gnu/libc.so.6
xclip /lib/x86_64-linux-gnu/libXt.so.6
xclip /lib/x86_64-linux-gnu/libXext.so.6
xclip /lib/x86_64-linux-gnu/libxcb.so.1
xclip /lib/x86_64-linux-gnu/libSM.so.6
xclip /lib/x86_64-linux-gnu/libICE.so.6
xclip /lib/x86_64-linux-gnu/libXau.so.6
xclip /lib/x86_64-linux-gnu/libXdmcp.so.6
xclip /lib/x86_64-linux-gnu/libuuid.so.1
xclip /lib/x86_64-linux-gnu/libbsd.so.0
xclip /lib/x86_64-linux-gnu/libmd.so.0
xclip /usr/share/X11/locale/locale.alias
xclip /usr/share/X11/locale/locale.dir
xclip /usr/share/X11/locale/C/XLC_LOCALE
xclip /usr/share/X11/locale/locale.alias
xclip /usr/share/X11/locale/locale.dir
xclip /usr/share/X11/locale/C/XLC_LOCALE
Xvfb /proc/2476/cmdline
BgIOThr~Pool #1 /config/.thunderbird/3g11fcde.default-release/bounce-tracking-protection.sqlite-journal
Permission /config/.thunderbird/3g11fcde.default-release/permissions.sqlite-journal
BgIOThr~Pool #1 /config/.thunderbird/3g11fcde.default-release
Permission /config/.thunderbird/3g11fcde.default-release
IPC Launch #1 /proc/self/fd
thunderbird /proc/2479/oom_score_adj
thunderbird /usr/lib/thunderbird/glibc-hwcaps/x86-64-v3/libstdc++.so.6
thunderbird /usr/lib/thunderbird/glibc-hwcaps/x86-64-v2/libstdc++.so.6
thunderbird /usr/lib/thunderbird/libstdc++.so.6
thunderbird /etc/ld.so.cache
thunderbird /lib/x86_64-linux-gnu/libstdc++.so.6
thunderbird /proc/1774/oom_score_adj
thunderbird /usr/lib/thunderbird/libm.so.6
thunderbird /lib/x86_64-linux-gnu/libm.so.6
thunderbird /usr/lib/thunderbird/libgcc_s.so.1
thunderbird /lib/x86_64-linux-gnu/libgcc_s.so.1
thunderbird /usr/lib/thunderbird/libc.so.6
thunderbird /lib/x86_64-linux-gnu/libc.so.6
thunderbird /usr/lib/thunderbird/dependentlibs.list
thunderbird /usr/lib/thunderbird/libnspr4.so
thunderbird /usr/lib/thunderbird/libplc4.so
thunderbird /usr/lib/thunderbird/libplds4.so
thunderbird /usr/lib/thunderbird/libmozsandbox.so
thunderbird /usr/lib/thunderbird/libgkcodecs.so
thunderbird /usr/lib/thunderbird/liblgpllibs.so
thunderbird /usr/lib/thunderbird/libnssutil3.so
thunderbird /usr/lib/thunderbird/libnss3.so
thunderbird /usr/lib/thunderbird/libsmime3.so
thunderbird /usr/lib/thunderbird/libmozsqlite3.so
thunderbird /usr/lib/thunderbird/libssl3.so
thunderbird /usr/lib/thunderbird/libmozgtk.so
thunderbird /usr/lib/thunderbird/libgtk-3.so.0
thunderbird /etc/ld.so.cache
thunderbird /lib/x86_64-linux-gnu/libgtk-3.so.0
thunderbird /usr/lib/thunderbird/libgdk-3.so.0
thunderbird /lib/x86_64-linux-gnu/libgdk-3.so.0
thunderbird /usr/lib/thunderbird/libgmodule-2.0.so.0
thunderbird /lib/x86_64-linux-gnu/libgmodule-2.0.so.0
thunderbird /usr/lib/thunderbird/libglib-2.0.so.0
thunderbird /lib/x86_64-linux-gnu/libglib-2.0.so.0
thunderbird /usr/lib/thunderbird/libgobject-2.0.so.0
thunderbird /lib/x86_64-linux-gnu/libgobject-2.0.so.0
thunderbird /usr/lib/thunderbird/libgio-2.0.so.0
thunderbird /lib/x86_64-linux-gnu/libgio-2.0.so.0
thunderbird /usr/lib/thunderbird/libpangocairo-1.0.so.0
thunderbird /lib/x86_64-linux-gnu/libpangocairo-1.0.so.0
thunderbird /usr/lib/thunderbird/libpango-1.0.so.0
thunderbird /lib/x86_64-linux-gnu/libpango-1.0.so.0
thunderbird /usr/lib/thunderbird/libharfbuzz.so.0
thunderbird /lib/x86_64-linux-gnu/libharfbuzz.so.0
thunderbird /usr/lib/thunderbird/libcairo.so.2
thunderbird /lib/x86_64-linux-gnu/libcairo.so.2
thunderbird /usr/lib/thunderbird/libpangoft2-1.0.so.0
thunderbird /lib/x86_64-linux-gnu/libpangoft2-1.0.so.0
thunderbird /usr/lib/thunderbird/libfontconfig.so.1
thunderbird /lib/x86_64-linux-gnu/libfontconfig.so.1
thunderbird /usr/lib/thunderbird/libfribidi.so.0
thunderbird /lib/x86_64-linux-gnu/libfribidi.so.0
thunderbird /usr/lib/thunderbird/libcairo-gobject.so.2
thunderbird /lib/x86_64-linux-gnu/libcairo-gobject.so.2
thunderbird /usr/lib/thunderbird/libgdk_pixbuf-2.0.so.0
thunderbird /lib/x86_64-linux-gnu/libgdk_pixbuf-2.0.so.0
thunderbird /usr/lib/thunderbird/libatk-1.0.so.0
thunderbird /lib/x86_64-linux-gnu/libatk-1.0.so.0
thunderbird /usr/lib/thunderbird/libepoxy.so.0
thunderbird /lib/x86_64-linux-gnu/libepoxy.so.0
thunderbird /usr/lib/thunderbird/libXi.so.6
thunderbird /lib/x86_64-linux-gnu/libXi.so.6
thunderbird /usr/lib/thunderbird/libX11.so.6
thunderbird /lib/x86_64-linux-gnu/libX11.so.6
thunderbird /usr/lib/thunderbird/libatk-bridge-2.0.so.0
thunderbird /lib/x86_64-linux-gnu/libatk-bridge-2.0.so.0
thunderbird /usr/lib/thunderbird/libXfixes.so.3
thunderbird /lib/x86_64-linux-gnu/libXfixes.so.3
thunderbird /usr/lib/thunderbird/libxkbcommon.so.0
thunderbird /lib/x86_64-linux-gnu/libxkbcommon.so.0
thunderbird /usr/lib/thunderbird/libwayland-client.so.0
thunderbird /lib/x86_64-linux-gnu/libwayland-client.so.0
thunderbird /usr/lib/thunderbird/libwayland-cursor.so.0
thunderbird /lib/x86_64-linux-gnu/libwayland-cursor.so.0
thunderbird /usr/lib/thunderbird/libwayland-egl.so.1
thunderbird /lib/x86_64-linux-gnu/libwayland-egl.so.1
thunderbird /usr/lib/thunderbird/libXext.so.6
thunderbird /lib/x86_64-linux-gnu/libXext.so.6
thunderbird /usr/lib/thunderbird/libXcursor.so.1
thunderbird /lib/x86_64-linux-gnu/libXcursor.so.1
thunderbird /usr/lib/thunderbird/libXdamage.so.1
thunderbird /lib/x86_64-linux-gnu/libXdamage.so.1
thunderbird /usr/lib/thunderbird/libXcomposite.so.1
thunderbird /lib/x86_64-linux-gnu/libXcomposite.so.1
thunderbird /usr/lib/thunderbird/libXrandr.so.2
thunderbird /lib/x86_64-linux-gnu/libXrandr.so.2
thunderbird /usr/lib/thunderbird/libXinerama.so.1
thunderbird /lib/x86_64-linux-gnu/libXinerama.so.1
thunderbird /usr/lib/thunderbird/libpcre2-8.so.0
thunderbird /lib/x86_64-linux-gnu/libpcre2-8.so.0
thunderbird /usr/lib/thunderbird/libffi.so.8
thunderbird /lib/x86_64-linux-gnu/libffi.so.8
thunderbird /usr/lib/thunderbird/libz.so.1
thunderbird /lib/x86_64-linux-gnu/libz.so.1
thunderbird /usr/lib/thunderbird/libmount.so.1
thunderbird /lib/x86_64-linux-gnu/libmount.so.1
thunderbird /usr/lib/thunderbird/libselinux.so.1
thunderbird /lib/x86_64-linux-gnu/libselinux.so.1
thunderbird /usr/lib/thunderbird/libthai.so.0
thunderbird /lib/x86_64-linux-gnu/libthai.so.0
thunderbird /usr/lib/thunderbird/libfreetype.so.6
thunderbird /lib/x86_64-linux-gnu/libfreetype.so.6
thunderbird /usr/lib/thunderbird/libgraphite2.so.3
thunderbird /lib/x86_64-linux-gnu/libgraphite2.so.3
thunderbird /usr/lib/thunderbird/libpng16.so.16
thunderbird /lib/x86_64-linux-gnu/libpng16.so.16
thunderbird /usr/lib/thunderbird/libXrender.so.1
thunderbird /lib/x86_64-linux-gnu/libXrender.so.1
thunderbird /usr/lib/thunderbird/libxcb.so.1
thunderbird /lib/x86_64-linux-gnu/libxcb.so.1
thunderbird /usr/lib/thunderbird/libxcb-render.so.0
thunderbird /lib/x86_64-linux-gnu/libxcb-render.so.0
thunderbird /usr/lib/thunderbird/libxcb-shm.so.0
thunderbird /lib/x86_64-linux-gnu/libxcb-shm.so.0
thunderbird /usr/lib/thunderbird/libpixman-1.so.0
thunderbird /lib/x86_64-linux-gnu/libpixman-1.so.0
thunderbird /usr/lib/thunderbird/libexpat.so.1
thunderbird /lib/x86_64-linux-gnu/libexpat.so.1
thunderbird /usr/lib/thunderbird/libjpeg.so.8
thunderbird /lib/x86_64-linux-gnu/libjpeg.so.8
thunderbird /usr/lib/thunderbird/libatspi.so.0
thunderbird /lib/x86_64-linux-gnu/libatspi.so.0
thunderbird /usr/lib/thunderbird/libdbus-1.so.3
thunderbird /lib/x86_64-linux-gnu/libdbus-1.so.3
thunderbird /usr/lib/thunderbird/libblkid.so.1
thunderbird /lib/x86_64-linux-gnu/libblkid.so.1
thunderbird /usr/lib/thunderbird/libdatrie.so.1
thunderbird /lib/x86_64-linux-gnu/libdatrie.so.1
thunderbird /usr/lib/thunderbird/libbz2.so.1.0
thunderbird /lib/x86_64-linux-gnu/libbz2.so.1.0
thunderbird /usr/lib/thunderbird/libbrotlidec.so.1
thunderbird /lib/x86_64-linux-gnu/libbrotlidec.so.1
thunderbird /usr/lib/thunderbird/libXau.so.6
thunderbird /lib/x86_64-linux-gnu/libXau.so.6
thunderbird /usr/lib/thunderbird/libXdmcp.so.6
thunderbird /lib/x86_64-linux-gnu/libXdmcp.so.6
thunderbird /usr/lib/thunderbird/libsystemd.so.0
thunderbird /lib/x86_64-linux-gnu/libsystemd.so.0
thunderbird /usr/lib/thunderbird/libbrotlicommon.so.1
thunderbird /lib/x86_64-linux-gnu/libbrotlicommon.so.1
thunderbird /usr/lib/thunderbird/libbsd.so.0
thunderbird /lib/x86_64-linux-gnu/libbsd.so.0
thunderbird /usr/lib/thunderbird/libcap.so.2
thunderbird /lib/x86_64-linux-gnu/libcap.so.2
thunderbird /usr/lib/thunderbird/libgcrypt.so.20
thunderbird /lib/x86_64-linux-gnu/libgcrypt.so.20
thunderbird /usr/lib/thunderbird/liblz4.so.1
thunderbird /lib/x86_64-linux-gnu/liblz4.so.1
thunderbird /usr/lib/thunderbird/liblzma.so.5
thunderbird /lib/x86_64-linux-gnu/liblzma.so.5
thunderbird /usr/lib/thunderbird/libzstd.so.1
thunderbird /lib/x86_64-linux-gnu/libzstd.so.1
thunderbird /usr/lib/thunderbird/libmd.so.0
thunderbird /lib/x86_64-linux-gnu/libmd.so.0
thunderbird /usr/lib/thunderbird/libgpg-error.so.0
thunderbird /lib/x86_64-linux-gnu/libgpg-error.so.0
thunderbird /proc/filesystems
thunderbird /usr/lib/thunderbird/libmozwayland.so
thunderbird /usr/lib/thunderbird/libxul.so
thunderbird /usr/lib/thunderbird/libresolv.so.2
thunderbird /etc/ld.so.cache
thunderbird /lib/x86_64-linux-gnu/libresolv.so.2
thunderbird /usr/lib/thunderbird/libasound.so.2
thunderbird /lib/x86_64-linux-gnu/libasound.so.2
thunderbird /usr/lib/thunderbird/libX11-xcb.so.1
thunderbird /lib/x86_64-linux-gnu/libX11-xcb.so.1
MainThread /sys/devices/system/cpu/present
MainThread /proc/self/task/2481/stat
MainThread /proc/self/stat
MainThread /proc/self/maps
Web Content /usr/lib/thunderbird/omni.ja
Web Content /usr/lib/locale/locale-archive
Web Content /sys/devices/system/cpu/possible
dbus-daemon /run/systemd/users/911
dbus-daemon /proc/2479/cmdline
dbus-daemon /usr/local/share/dbus-1/system-services
dbus-daemon /usr/share/dbus-1/system-services
dbus-daemon /lib/dbus-1/system-services
Web Content /proc/self/cgroup
Web Content /proc/self/mountinfo
Web Content /sys/fs/cgroup/cpu.max
Web Content /sys/devices/system/cpu/present
Web Content /usr/lib/x86_64-linux-gnu/gdk-pixbuf-2.0/2.10.0/loaders.cache
Web Content /etc/fonts/fonts.conf
Web Content /etc/fonts/conf.d
Web Content /usr/share/fontconfig/conf.avail/10-hinting-slight.conf
Web Content /usr/share/fontconfig/conf.avail/10-scale-bitmap-fonts.conf
Web Content /usr/share/fontconfig/conf.avail/10-sub-pixel-rgb.conf
Web Content /usr/share/fontconfig/conf.avail/10-yes-antialias.conf
Web Content /usr/share/fontconfig/conf.avail/11-lcdfilter-default.conf
Web Content /usr/share/fontconfig/conf.avail/20-unhint-small-vera.conf
Web Content /usr/share/fontconfig/conf.avail/30-metric-aliases.conf
Web Content /usr/share/fontconfig/conf.avail/30-opensymbol.conf
Web Content /usr/share/fontconfig/conf.avail/40-nonlatin.conf
Web Content /usr/share/fontconfig/conf.avail/45-generic.conf
Web Content /usr/share/fontconfig/conf.avail/45-latin.conf
Web Content /usr/share/fontconfig/conf.avail/48-spacing.conf
Web Content /usr/share/fontconfig/conf.avail/49-sansserif.conf
Web Content /usr/share/fontconfig/conf.avail/50-user.conf
Web Content /usr/share/fontconfig/conf.avail/51-local.conf
Web Content /etc/fonts/conf.avail/56-kubuntu-noto.conf
Web Content /usr/share/fontconfig/conf.avail/60-generic.conf
Web Content /usr/share/fontconfig/conf.avail/60-latin.conf
Web Content /usr/share/fontconfig/conf.avail/urw-bookman.conf
Web Content /usr/share/fontconfig/conf.avail/urw-c059.conf
Web Content /usr/share/fontconfig/conf.avail/urw-d050000l.conf
Web Content /usr/share/fontconfig/conf.avail/urw-fallback-backwards.conf
Web Content /usr/share/fontconfig/conf.avail/urw-fallback-generics.conf
Web Content /usr/share/fontconfig/conf.avail/urw-gothic.conf
Web Content /usr/share/fontconfig/conf.avail/urw-nimbus-mono-ps.conf
Web Content /usr/share/fontconfig/conf.avail/urw-nimbus-roman.conf
Web Content /usr/share/fontconfig/conf.avail/urw-nimbus-sans.conf
Web Content /usr/share/fontconfig/conf.avail/urw-p052.conf
Web Content /usr/share/fontconfig/conf.avail/urw-standard-symbols-ps.conf
Web Content /usr/share/fontconfig/conf.avail/urw-z003.conf
Web Content /usr/share/fontconfig/conf.avail/65-fonts-persian.conf
Web Content /usr/share/fontconfig/conf.avail/65-nonlatin.conf
Web Content /usr/share/fontconfig/conf.avail/69-unifont.conf
Web Content /usr/share/fontconfig/conf.avail/70-fonts-noto-cjk.conf
Web Content /usr/share/fontconfig/conf.avail/70-no-bitmaps-except-emoji.conf
Web Content /usr/share/fontconfig/conf.avail/71-ubuntulegacy.conf
Web Content /usr/share/fontconfig/conf.avail/80-delicious.conf
Web Content /usr/share/fontconfig/conf.avail/90-synthetic.conf
Web Content /usr/share/fontconfig/conf.avail
Web Content /usr/share/fontconfig/conf.avail/05-reset-dirs-sample.conf
Web Content /usr/share/fontconfig/conf.avail/09-autohint-if-no-hinting.conf
Web Content /usr/share/fontconfig/conf.avail/10-autohint.conf
Web Content /usr/share/fontconfig/conf.avail/10-hinting-full.conf
Web Content /usr/share/fontconfig/conf.avail/10-hinting-medium.conf
Web Content /usr/share/fontconfig/conf.avail/10-hinting-none.conf
Web Content /usr/share/fontconfig/conf.avail/10-no-antialias.conf
Web Content /usr/share/fontconfig/conf.avail/10-sub-pixel-bgr.conf
Web Content /usr/share/fontconfig/conf.avail/10-sub-pixel-none.conf
Web Content /usr/share/fontconfig/conf.avail/10-sub-pixel-vbgr.conf
Web Content /usr/share/fontconfig/conf.avail/10-sub-pixel-vrgb.conf
Web Content /usr/share/fontconfig/conf.avail/10-unhinted.conf
Web Content /usr/share/fontconfig/conf.avail/11-lcdfilter-legacy.conf
Web Content /usr/share/fontconfig/conf.avail/11-lcdfilter-light.conf
Web Content /usr/share/fontconfig/conf.avail/11-lcdfilter-none.conf
Web Content /usr/share/fontconfig/conf.avail/25-unhint-nonlatin.conf
Web Content /usr/share/fontconfig/conf.avail/35-lang-normalize.conf
Web Content /usr/share/fontconfig/conf.avail/53-monospace-lcd-filter.conf
Web Content /usr/share/fontconfig/conf.avail/65-khmer.conf
Web Content /usr/share/fontconfig/conf.avail/70-force-bitmaps.conf
Web Content /usr/share/fontconfig/conf.avail/70-no-bitmaps-and-emoji.conf
Web Content /usr/share/fontconfig/conf.avail/70-no-bitmaps.conf
Web Content /usr/share/fontconfig/conf.avail/70-yes-bitmaps.conf
Web Content /usr/local/share/fonts
Web Content /var/cache/fontconfig//4c599c202bc5c08e2d34565a40eac3b2-le64.cache-9
Web Content /config/.cache/fontconfig//4c599c202bc5c08e2d34565a40eac3b2-le64.cache-9
Web Content /usr/local/share/fonts/.uuid
Web Content /config/.fontconfig//4c599c202bc5c08e2d34565a40eac3b2-le64.cache-9
Web Content /usr/local/share/fonts/.uuid
Web Content /usr/share/fonts
Web Content /var/cache/fontconfig//3830d5c3ddfd5cd38a049b759396e72e-le64.cache-9
Web Content /config/.cache/fontconfig//3830d5c3ddfd5cd38a049b759396e72e-le64.cache-9
Web Content /usr/share/fonts/.uuid
Web Content /config/.fontconfig//3830d5c3ddfd5cd38a049b759396e72e-le64.cache-9
Web Content /usr/share/fonts/.uuid
Web Content /usr/share/fonts/X11
Web Content /var/cache/fontconfig//c855463f699352c367813e37f3f70ea7-le64.cache-9
Web Content /config/.cache/fontconfig//c855463f699352c367813e37f3f70ea7-le64.cache-9
Web Content /usr/share/fonts/X11/.uuid
Web Content /config/.fontconfig//c855463f699352c367813e37f3f70ea7-le64.cache-9
Web Content /usr/share/fonts/X11/.uuid
Web Content /usr/share/fonts/cMap
Web Content /var/cache/fontconfig//32b6488e5b8292a2e95c79d947e009e8-le64.cache-9
Web Content /config/.cache/fontconfig//32b6488e5b8292a2e95c79d947e009e8-le64.cache-9
Web Content /usr/share/fonts/cMap/.uuid
Web Content /config/.fontconfig//32b6488e5b8292a2e95c79d947e009e8-le64.cache-9
Web Content /usr/share/fonts/cMap/.uuid
Web Content /usr/share/fonts/cmap
Web Content /var/cache/fontconfig//57e423e26b20ab21d0f2f29c145174c3-le64.cache-9
Web Content /config/.cache/fontconfig//57e423e26b20ab21d0f2f29c145174c3-le64.cache-9
Web Content /usr/share/fonts/cmap/.uuid
Web Content /config/.fontconfig//57e423e26b20ab21d0f2f29c145174c3-le64.cache-9
Web Content /usr/share/fonts/cmap/.uuid
Web Content /usr/share/fonts/opentype
Web Content /var/cache/fontconfig//573ec803664ed168555e0e8b6d0f0c7f-le64.cache-9
Web Content /config/.cache/fontconfig//573ec803664ed168555e0e8b6d0f0c7f-le64.cache-9
Web Content /usr/share/fonts/opentype/.uuid
Web Content /config/.fontconfig//573ec803664ed168555e0e8b6d0f0c7f-le64.cache-9
Web Content /usr/share/fonts/opentype/.uuid
Web Content /usr/share/fonts/truetype
Web Content /var/cache/fontconfig//7ef2298fde41cc6eeb7af42e48b7d293-le64.cache-9
Web Content /config/.cache/fontconfig//7ef2298fde41cc6eeb7af42e48b7d293-le64.cache-9
Web Content /usr/share/fonts/truetype/.uuid
Web Content /config/.fontconfig//7ef2298fde41cc6eeb7af42e48b7d293-le64.cache-9
Web Content /usr/share/fonts/truetype/.uuid
Web Content /usr/share/fonts/type1
Web Content /var/cache/fontconfig//d82eb4fd963d448e2fcb7d7b793b5df3-le64.cache-9
Web Content /config/.cache/fontconfig//d82eb4fd963d448e2fcb7d7b793b5df3-le64.cache-9
Web Content /usr/share/fonts/type1/.uuid
Web Content /config/.fontconfig//d82eb4fd963d448e2fcb7d7b793b5df3-le64.cache-9
Web Content /usr/share/fonts/type1/.uuid
Web Content /usr/share/fonts/X11/Type1
Web Content /var/cache/fontconfig//e13b20fdb08344e0e664864cc2ede53d-le64.cache-9
Web Content /config/.cache/fontconfig//e13b20fdb08344e0e664864cc2ede53d-le64.cache-9
Web Content /usr/share/fonts/X11/Type1/.uuid
Web Content /config/.fontconfig//e13b20fdb08344e0e664864cc2ede53d-le64.cache-9
Web Content /usr/share/fonts/X11/Type1/.uuid
Web Content /usr/share/fonts/X11/encodings
Web Content /var/cache/fontconfig//707971e003b4ae6c8121c3a920e507f5-le64.cache-9
Web Content /config/.cache/fontconfig//707971e003b4ae6c8121c3a920e507f5-le64.cache-9
Web Content /usr/share/fonts/X11/encodings/.uuid
Web Content /config/.fontconfig//707971e003b4ae6c8121c3a920e507f5-le64.cache-9
Web Content /usr/share/fonts/X11/encodings/.uuid
Web Content /usr/share/fonts/X11/misc
Web Content /var/cache/fontconfig//cabbd14511b9e8a55e92af97fb3a0461-le64.cache-9
Web Content /config/.cache/fontconfig//cabbd14511b9e8a55e92af97fb3a0461-le64.cache-9
Web Content /usr/share/fonts/X11/misc/.uuid
Web Content /config/.fontconfig//cabbd14511b9e8a55e92af97fb3a0461-le64.cache-9
Web Content /usr/share/fonts/X11/misc/.uuid
Web Content /usr/share/fonts/X11/util
Web Content /var/cache/fontconfig//fe547fea3a41b43a38975d292a2b19c7-le64.cache-9
Web Content /config/.cache/fontconfig//fe547fea3a41b43a38975d292a2b19c7-le64.cache-9
Web Content /usr/share/fonts/X11/util/.uuid
Web Content /config/.fontconfig//fe547fea3a41b43a38975d292a2b19c7-le64.cache-9
Web Content /usr/share/fonts/X11/util/.uuid
Web Content /usr/share/fonts/cmap/adobe-cns1
Web Content /var/cache/fontconfig//f1f2465696798768e9653f19e17ccdc8-le64.cache-9
Web Content /config/.cache/fontconfig//f1f2465696798768e9653f19e17ccdc8-le64.cache-9
Web Content /usr/share/fonts/cmap/adobe-cns1/.uuid
Web Content /config/.fontconfig//f1f2465696798768e9653f19e17ccdc8-le64.cache-9
Web Content /usr/share/fonts/cmap/adobe-cns1/.uuid
Web Content /usr/share/fonts/cmap/adobe-gb1
Web Content /var/cache/fontconfig//95530828ff6c81d309f8258d8d02a23e-le64.cache-9
Web Content /config/.cache/fontconfig//95530828ff6c81d309f8258d8d02a23e-le64.cache-9
Web Content /usr/share/fonts/cmap/adobe-gb1/.uuid
Web Content /config/.fontconfig//95530828ff6c81d309f8258d8d02a23e-le64.cache-9
Web Content /usr/share/fonts/cmap/adobe-gb1/.uuid
Web Content /usr/share/fonts/cmap/adobe-japan1
Web Content /var/cache/fontconfig//d3e5c4ee2ceb1fc347f91d4cefc53bc0-le64.cache-9
Web Content /config/.cache/fontconfig//d3e5c4ee2ceb1fc347f91d4cefc53bc0-le64.cache-9
Web Content /usr/share/fonts/cmap/adobe-japan1/.uuid
Web Content /config/.fontconfig//d3e5c4ee2ceb1fc347f91d4cefc53bc0-le64.cache-9
Web Content /usr/share/fonts/cmap/adobe-japan1/.uuid
Web Content /usr/share/fonts/cmap/adobe-japan2
Web Content /var/cache/fontconfig//e52a45a1c8c8fe895fc0fc8c4e6999b8-le64.cache-9
Web Content /config/.cache/fontconfig//e52a45a1c8c8fe895fc0fc8c4e6999b8-le64.cache-9
Web Content /usr/share/fonts/cmap/adobe-japan2/.uuid
Web Content /config/.fontconfig//e52a45a1c8c8fe895fc0fc8c4e6999b8-le64.cache-9
Web Content /usr/share/fonts/cmap/adobe-japan2/.uuid
Web Content /usr/share/fonts/cmap/adobe-korea1
Web Content /var/cache/fontconfig//188ac73a183f12857f63bb60a4a6d603-le64.cache-9
Web Content /config/.cache/fontconfig//188ac73a183f12857f63bb60a4a6d603-le64.cache-9
Web Content /usr/share/fonts/cmap/adobe-korea1/.uuid
Web Content /config/.fontconfig//188ac73a183f12857f63bb60a4a6d603-le64.cache-9
Web Content /usr/share/fonts/cmap/adobe-korea1/.uuid
Web Content /usr/share/fonts/opentype/noto
Web Content /var/cache/fontconfig//9b89f8e3dae116d678bbf48e5f21f69b-le64.cache-9
Web Content /config/.cache/fontconfig//9b89f8e3dae116d678bbf48e5f21f69b-le64.cache-9
Web Content /usr/share/fonts/opentype/noto/.uuid
Web Content /config/.fontconfig//9b89f8e3dae116d678bbf48e5f21f69b-le64.cache-9
Web Content /usr/share/fonts/opentype/noto/.uuid
Web Content /usr/share/fonts/opentype/urw-base35
Web Content /var/cache/fontconfig//6cc790b63b123a6a96ee260fcdad32a9-le64.cache-9
Web Content /config/.cache/fontconfig//6cc790b63b123a6a96ee260fcdad32a9-le64.cache-9
Web Content /usr/share/fonts/opentype/urw-base35/.uuid
Web Content /config/.fontconfig//6cc790b63b123a6a96ee260fcdad32a9-le64.cache-9
Web Content /usr/share/fonts/opentype/urw-base35/.uuid
Web Content /usr/share/fonts/truetype/dm-mono
Web Content /var/cache/fontconfig//c7ddd67d65d940f1c07452067469d45b-le64.cache-9
Web Content /config/.cache/fontconfig//c7ddd67d65d940f1c07452067469d45b-le64.cache-9
Web Content /usr/share/fonts/truetype/dm-mono/.uuid
Web Content /config/.fontconfig//c7ddd67d65d940f1c07452067469d45b-le64.cache-9
Web Content /usr/share/fonts/truetype/dm-mono/.uuid
Web Content /usr/share/fonts/truetype/liberation
Web Content /var/cache/fontconfig//3047814df9a2f067bd2d96a2b9c36e5a-le64.cache-9
Web Content /config/.cache/fontconfig//3047814df9a2f067bd2d96a2b9c36e5a-le64.cache-9
Web Content /usr/share/fonts/truetype/liberation/.uuid
Web Content /config/.fontconfig//3047814df9a2f067bd2d96a2b9c36e5a-le64.cache-9
Web Content /usr/share/fonts/truetype/liberation/.uuid
Web Content /usr/share/fonts/truetype/libreoffice
Web Content /var/cache/fontconfig//da43223dd54fb3bb4243ae19d4b583b2-le64.cache-9
Web Content /config/.cache/fontconfig//da43223dd54fb3bb4243ae19d4b583b2-le64.cache-9
Web Content /usr/share/fonts/truetype/libreoffice/.uuid
Web Content /config/.fontconfig//da43223dd54fb3bb4243ae19d4b583b2-le64.cache-9
Web Content /usr/share/fonts/truetype/libreoffice/.uuid
Web Content /usr/share/fonts/truetype/noto
Web Content /var/cache/fontconfig//0bd3dc0958fa2205aaaa8ebb13e2872b-le64.cache-9
Web Content /config/.cache/fontconfig//0bd3dc0958fa2205aaaa8ebb13e2872b-le64.cache-9
Web Content /usr/share/fonts/truetype/noto/.uuid
Web Content /config/.fontconfig//0bd3dc0958fa2205aaaa8ebb13e2872b-le64.cache-9
Web Content /usr/share/fonts/truetype/noto/.uuid
Web Content /usr/share/fonts/truetype/space-grotesk
Web Content /var/cache/fontconfig//60495f9738a6f38c2f3f93e3ff28e478-le64.cache-9
Web Content /config/.cache/fontconfig//60495f9738a6f38c2f3f93e3ff28e478-le64.cache-9
Web Content /usr/share/fonts/truetype/space-grotesk/.uuid
Web Content /config/.fontconfig//60495f9738a6f38c2f3f93e3ff28e478-le64.cache-9
Web Content /usr/share/fonts/truetype/space-grotesk/.uuid
Web Content /usr/share/fonts/truetype/ubuntu
Web Content /var/cache/fontconfig//2300eef321c393bfd76478a5c0e95b23-le64.cache-9
Web Content /config/.cache/fontconfig//2300eef321c393bfd76478a5c0e95b23-le64.cache-9
Web Content /usr/share/fonts/truetype/ubuntu/.uuid
Web Content /config/.fontconfig//2300eef321c393bfd76478a5c0e95b23-le64.cache-9
Web Content /usr/share/fonts/truetype/ubuntu/.uuid
Web Content /usr/share/fonts/type1/urw-base35
Web Content /var/cache/fontconfig//a4e60e8d1e10d2fdff3fe3037a1845fb-le64.cache-9
Web Content /config/.cache/fontconfig//a4e60e8d1e10d2fdff3fe3037a1845fb-le64.cache-9
Web Content /usr/share/fonts/type1/urw-base35/.uuid
Web Content /config/.fontconfig//a4e60e8d1e10d2fdff3fe3037a1845fb-le64.cache-9
Web Content /usr/share/fonts/type1/urw-base35/.uuid
Web Content /usr/share/fonts/X11/encodings/large
Web Content /var/cache/fontconfig//6333f38776742d18e214673cd2c24e34-le64.cache-9
Web Content /config/.cache/fontconfig//6333f38776742d18e214673cd2c24e34-le64.cache-9
Web Content /usr/share/fonts/X11/encodings/large/.uuid
Web Content /config/.fontconfig//6333f38776742d18e214673cd2c24e34-le64.cache-9
Web Content /usr/share/fonts/X11/encodings/large/.uuid
Web Content /sys/devices/system/cpu/present
DNS Resolver #3 /etc/hosts
plasmashell /config/.local/share/kservices5
plasmashell /config/.local/share/mime
plasmashell /etc/xdg/menus
plasmashell /usr/local/share/kservices5
plasmashell /usr/local/share/mime
plasmashell /usr/share/kservices5
plasmashell /usr/share/kservices5/ServiceMenus
plasmashell /usr/share/kservices5/qimageioplugins
plasmashell /usr/share/kservices5/searchproviders
thunderbird /proc/2479/oom_score_adj
plasmashell /usr/share/mime
plasmashell /usr/share/mime/application
plasmashell /usr/share/mime/audio
plasmashell /usr/share/mime/chemical
plasmashell /usr/share/mime/font
plasmashell /usr/share/mime/image
plasmashell /usr/share/mime/inode
plasmashell /usr/share/mime/message
plasmashell /usr/share/mime/model
plasmashell /usr/share/mime/multipart
plasmashell /usr/share/mime/packages
plasmashell /usr/share/mime/text
plasmashell /usr/share/mime/video
plasmashell /usr/share/mime/x-content
plasmashell /usr/share/mime/x-epoc
xclip /etc/ld.so.cache
xclip /lib/x86_64-linux-gnu/libXmu.so.6
xclip /lib/x86_64-linux-gnu/libX11.so.6
xclip /lib/x86_64-linux-gnu/libc.so.6
xclip /lib/x86_64-linux-gnu/libXt.so.6
xclip /lib/x86_64-linux-gnu/libXext.so.6
xclip /lib/x86_64-linux-gnu/libxcb.so.1
xclip /lib/x86_64-linux-gnu/libSM.so.6
xclip /lib/x86_64-linux-gnu/libICE.so.6
xclip /lib/x86_64-linux-gnu/libXau.so.6
xclip /lib/x86_64-linux-gnu/libXdmcp.so.6
xclip /lib/x86_64-linux-gnu/libuuid.so.1
xclip /lib/x86_64-linux-gnu/libbsd.so.0
xclip /lib/x86_64-linux-gnu/libmd.so.0
xclip /usr/share/X11/locale/locale.alias
xclip /usr/share/X11/locale/locale.dir
xclip /usr/share/X11/locale/C/XLC_LOCALE
xclip /usr/share/X11/locale/locale.alias
xclip /usr/share/X11/locale/locale.dir
xclip /usr/share/X11/locale/C/XLC_LOCALE
Xvfb /proc/2504/cmdline
BgIOThr~Pool #1 /config/.thunderbird/3g11fcde.default-release/AlternateServices.bin
glean.dispatche /config/.thunderbird/3g11fcde.default-release/datareporting/glean/events/events
BgIOThr~Pool #1 /config/.thunderbird/3g11fcde.default-release/AlternateServices.bin
selkies /proc/stat
selkies /proc/meminfo
thunderbird /config/.thunderbird/3g11fcde.default-release/ImapMail/imap.gmail.com
thunderbird /config/.thunderbird/3g11fcde.default-release/ImapMail/imap.gmail.com.msf
thunderbird /config/.thunderbird/3g11fcde.default-release/ImapMail/imap.gmail.com
thunderbird /config/.thunderbird/3g11fcde.default-release/ImapMail/imap.gmail.com/INBOX.msf
thunderbird /config/.thunderbird/3g11fcde.default-release/ImapMail/imap.gmail.com/INBOX.msf
thunderbird /config/.thunderbird/3g11fcde.default-release/ImapMail/imap.gmail.com/INBOX.msf
sqldb:g~lite #5 /config/.thunderbird/3g11fcde.default-release/global-messages-db.sqlite-journal
sqldb:g~lite #5 /config/.thunderbird/3g11fcde.default-release
thunderbird /config/.thunderbird/3g11fcde.default-release/Mail/Local Folders
thunderbird /config/.thunderbird/3g11fcde.default-release/Mail/Local Folders/Trash.msf
thunderbird /config/.thunderbird/3g11fcde.default-release/Mail/Local Folders/Trash.msf
thunderbird /config/.thunderbird/3g11fcde.default-release/Mail/Local Folders/Trash.msf
thunderbird /config/.thunderbird/3g11fcde.default-release/Mail/Local Folders/Trash.msf
sqldb:g~lite #5 /config/.thunderbird/3g11fcde.default-release/global-messages-db.sqlite-journal
thunderbird /config/.thunderbird/3g11fcde.default-release/Mail/Local Folders/Trash
thunderbird /config/.thunderbird/3g11fcde.default-release/Mail/Local Folders/Trash.msf
sqldb:g~lite #5 /config/.thunderbird/3g11fcde.default-release
thunderbird /config/.thunderbird/3g11fcde.default-release/Mail/Local Folders/Unsent Messages.msf
thunderbird /config/.thunderbird/3g11fcde.default-release/Mail/Local Folders/Unsent Messages.msf
thunderbird /config/.thunderbird/3g11fcde.default-release/Mail/Local Folders/Unsent Messages.msf
thunderbird /config/.thunderbird/3g11fcde.default-release/Mail/Local Folders/Unsent Messages.msf
thunderbird /config/.thunderbird/3g11fcde.default-release/Mail/Local Folders/Unsent Messages
thunderbird /config/.thunderbird/3g11fcde.default-release/Mail/Local Folders/Unsent Messages.msf
thunderbird /config/.thunderbird/3g11fcde.default-release/Mail/Local Folders/Unsent Messages.msf
sqldb:g~lite #5 /config/.thunderbird/3g11fcde.default-release/global-messages-db.sqlite-journal
sqldb:g~lite #5 /config/.thunderbird/3g11fcde.default-release
StreamTrans #1 /config/.thunderbird/3g11fcde.default-release/prefs.js
StreamTrans #1 /config/.thunderbird/3g11fcde.default-release/prefs-1.js
StreamTrans #1 /config/.thunderbird/3g11fcde.default-release/prefs-1.js
thunderbird /config/.thunderbird/3g11fcde.default-release/ImapMail/imap.gmail.com/INBOX.msf
thunderbird /config/.thunderbird/3g11fcde.default-release/ImapMail/imap.gmail.com/msgFilterRules.dat
thunderbird /config/.thunderbird/3g11fcde.default-release/ImapMail/imap.gmail.com/msgFilterRules.dat
thunderbird /config/.thunderbird/3g11fcde.default-release/ImapMail/imap.gmail.com/msgFilterRules.dat
thunderbird /config/.thunderbird/3g11fcde.default-release/ImapMail/imap.gmail.com/msgFilterRules-1.dat
thunderbird /config/.thunderbird/3g11fcde.default-release/ImapMail/imap.gmail.com/msgFilterRules-1.dat
thunderbird /config/.thunderbird/3g11fcde.default-release/history.sqlite
thunderbird /config/.thunderbird/3g11fcde.default-release/history.sqlite
thunderbird /config/.thunderbird/3g11fcde.default-release/history.sqlite-journal
thunderbird /config/.thunderbird/3g11fcde.default-release
thunderbird /config/.thunderbird/3g11fcde.default-release/history.sqlite-wal
thunderbird /config/.thunderbird/3g11fcde.default-release
thunderbird /config/.thunderbird/3g11fcde.default-release/abook.sqlite
thunderbird /config/.thunderbird/3g11fcde.default-release/abook.sqlite
thunderbird /config/.thunderbird/3g11fcde.default-release/abook.sqlite-journal
thunderbird /config/.thunderbird/3g11fcde.default-release
thunderbird /config/.thunderbird/3g11fcde.default-release/abook.sqlite-wal
thunderbird /config/.thunderbird/3g11fcde.default-release
thunderbird /config/.thunderbird/3g11fcde.default-release/ImapMail/imap.gmail.com.msf
xclip /etc/ld.so.cache
xclip /lib/x86_64-linux-gnu/libXmu.so.6
xclip /lib/x86_64-linux-gnu/libX11.so.6
xclip /lib/x86_64-linux-gnu/libc.so.6
xclip /lib/x86_64-linux-gnu/libXt.so.6
xclip /lib/x86_64-linux-gnu/libXext.so.6
xclip /lib/x86_64-linux-gnu/libxcb.so.1
xclip /lib/x86_64-linux-gnu/libSM.so.6
xclip /lib/x86_64-linux-gnu/libICE.so.6
xclip /lib/x86_64-linux-gnu/libXau.so.6
xclip /lib/x86_64-linux-gnu/libXdmcp.so.6
xclip /lib/x86_64-linux-gnu/libuuid.so.1
xclip /lib/x86_64-linux-gnu/libbsd.so.0
xclip /lib/x86_64-linux-gnu/libmd.so.0
xclip /usr/share/X11/locale/locale.alias
xclip /usr/share/X11/locale/locale.dir
xclip /usr/share/X11/locale/C/XLC_LOCALE
xclip /usr/share/X11/locale/locale.alias
xclip /usr/share/X11/locale/locale.dir
xclip /usr/share/X11/locale/C/XLC_LOCALE
Xvfb /proc/2514/cmdline
DOM Worker /etc/ld.so.cache
DOM Worker /lib/x86_64-linux-gnu/libresolv.9.so
DOM Worker /usr/lib/x86_64-linux-gnu/libresolv.9.so
DOM Worker /lib/libresolv.9.so
DOM Worker /usr/lib/libresolv.9.so
thunderbird /usr/share/fonts/truetype/noto/NotoSansMono-Bold.ttf
thunderbird /usr/share/fonts/truetype/noto/NotoSansMono-Bold.ttf
WrGlyph~terizer /usr/share/fonts/truetype/noto/NotoSansMono-Bold.ttf
thunderbird /proc/self/fd/87
thunderbird /usr/share/fonts/truetype/noto/NotoSans-BoldItalic.ttf
thunderbird /usr/share/fonts/truetype/noto/NotoSans-BoldItalic.ttf
DOM Worker /etc/ld.so.cache
DOM Worker /lib/x86_64-linux-gnu/libresolv.9.so
DOM Worker /usr/lib/x86_64-linux-gnu/libresolv.9.so
DOM Worker /lib/libresolv.9.so
DOM Worker /usr/lib/libresolv.9.so
DNS Resolver #1 /etc/hosts
StreamTrans #1 /config/.thunderbird/3g11fcde.default-release/prefs.js
StreamTrans #1 /config/.thunderbird/3g11fcde.default-release/prefs-1.js
StreamTrans #1 /config/.thunderbird/3g11fcde.default-release/prefs-1.js
BgIOThr~Pool #1 /config/.thunderbird/3g11fcde.default-release/AlternateServices.bin
BgIOThr~Pool #1 /config/.thunderbird/3g11fcde.default-release/AlternateServices.bin
xclip /etc/ld.so.cache
xclip /lib/x86_64-linux-gnu/libXmu.so.6
xclip /lib/x86_64-linux-gnu/libX11.so.6
xclip /lib/x86_64-linux-gnu/libc.so.6
xclip /lib/x86_64-linux-gnu/libXt.so.6
xclip /lib/x86_64-linux-gnu/libXext.so.6
xclip /lib/x86_64-linux-gnu/libxcb.so.1
xclip /lib/x86_64-linux-gnu/libSM.so.6
xclip /lib/x86_64-linux-gnu/libICE.so.6
xclip /lib/x86_64-linux-gnu/libXau.so.6
xclip /lib/x86_64-linux-gnu/libXdmcp.so.6
xclip /lib/x86_64-linux-gnu/libuuid.so.1
xclip /lib/x86_64-linux-gnu/libbsd.so.0
xclip /lib/x86_64-linux-gnu/libmd.so.0
xclip /usr/share/X11/locale/locale.alias
xclip /usr/share/X11/locale/locale.dir
xclip /usr/share/X11/locale/C/XLC_LOCALE
xclip /usr/share/X11/locale/locale.alias
xclip /usr/share/X11/locale/locale.dir
xclip /usr/share/X11/locale/C/XLC_LOCALE
Xvfb /proc/2543/cmdline
Cache2 I/O /config/.cache/thunderbird/3g11fcde.default-release/cache2/ce_T151c2VyQ29udGV4dElkPTIwMDAwLA==
Cache2 I/O /config/.cache/thunderbird/3g11fcde.default-release/cache2/ce_T151c2VyQ29udGV4dElkPTIwMDAwLGEs
Cache2 I/O /config/.cache/thunderbird/3g11fcde.default-release/cache2/ce_T151c2VyQ29udGV4dElkPTIwMDAxLA==
Cache2 I/O /config/.cache/thunderbird/3g11fcde.default-release/cache2/ce_T151c2VyQ29udGV4dElkPTIwMDAxLGEs
QuotaManager IO /config/.thunderbird/3g11fcde.default-release/storage/permanent
QuotaManager IO /config/.thunderbird/3g11fcde.default-release/storage/temporary
QuotaManager IO /config/.thunderbird/3g11fcde.default-release/storage/ls-archive.sqlite
QuotaManager IO /config/.thunderbird/3g11fcde.default-release/webappsstore.sqlite
QuotaManager IO /config/.thunderbird/3g11fcde.default-release/webappsstore.sqlite-journal
QuotaManager IO /config/.thunderbird/3g11fcde.default-release
selkies /proc/stat
selkies /proc/meminfo
QuotaManager IO /config/.thunderbird/3g11fcde.default-release/webappsstore.sqlite-wal
QuotaManager IO /config/.thunderbird/3g11fcde.default-release
QuotaManager IO /config/.thunderbird/3g11fcde.default-release/storage/default
QuotaManager IO /config/.thunderbird/3g11fcde.default-release/storage/permanent
QuotaManager IO /config/.thunderbird/3g11fcde.default-release/storage/temporary
DNS Resolver #3 /etc/hosts
QuotaManager IO /config/.thunderbird/3g11fcde.default-release/webappsstore.sqlite
QuotaManager IO /config/.thunderbird/3g11fcde.default-release/webappsstore.sqlite-wal
QuotaManager IO /config/.thunderbird/3g11fcde.default-release/storage/default
DNS Resolver #1 /etc/hosts
DNS Resolver #3 /etc/hosts
BgIOThr~Pool #1 /config/.thunderbird/3g11fcde.default-release/SiteSecurityServiceState.bin
BgIOThr~Pool #1 /config/.thunderbird/3g11fcde.default-release/AlternateServices.bin
Cache2 I/O /config/.cache/thunderbird/3g11fcde.default-release/cache2/ce_T151c2VyQ29udGV4dElkPTIwMDAyLA==
Cache2 I/O /config/.cache/thunderbird/3g11fcde.default-release/cache2/ce_T151c2VyQ29udGV4dElkPTIwMDAyLGEs
QuotaManager IO /config/.thunderbird/3g11fcde.default-release/storage/permanent
QuotaManager IO /config/.thunderbird/3g11fcde.default-release/storage/temporary
QuotaManager IO /config/.thunderbird/3g11fcde.default-release/webappsstore.sqlite
QuotaManager IO /config/.thunderbird/3g11fcde.default-release/webappsstore.sqlite-wal
QuotaManager IO /config/.thunderbird/3g11fcde.default-release/storage/default
DNS Resolver #2 /etc/hosts
BgIOThr~Pool #1 /config/.thunderbird/3g11fcde.default-release/AlternateServices.bin
xclip /etc/ld.so.cache
xclip /lib/x86_64-linux-gnu/libXmu.so.6
xclip /lib/x86_64-linux-gnu/libX11.so.6
xclip /lib/x86_64-linux-gnu/libc.so.6
xclip /lib/x86_64-linux-gnu/libXt.so.6
xclip /lib/x86_64-linux-gnu/libXext.so.6
xclip /lib/x86_64-linux-gnu/libxcb.so.1
xclip /lib/x86_64-linux-gnu/libSM.so.6
xclip /lib/x86_64-linux-gnu/libICE.so.6
xclip /lib/x86_64-linux-gnu/libXau.so.6
xclip /lib/x86_64-linux-gnu/libXdmcp.so.6
xclip /lib/x86_64-linux-gnu/libuuid.so.1
xclip /lib/x86_64-linux-gnu/libbsd.so.0
xclip /lib/x86_64-linux-gnu/libmd.so.0
xclip /usr/share/X11/locale/locale.alias
xclip /usr/share/X11/locale/locale.dir
xclip /usr/share/X11/locale/C/XLC_LOCALE
xclip /usr/share/X11/locale/locale.alias
xclip /usr/share/X11/locale/locale.dir
xclip /usr/share/X11/locale/C/XLC_LOCALE
Xvfb /proc/2575/cmdline
BgIOThr~Pool #1 /config/.thunderbird/3g11fcde.default-release/logins.json.tmp
BgIOThr~Pool #1 /config/.thunderbird/3g11fcde.default-release/AlternateServices.bin
StreamTrans #1 /config/.thunderbird/3g11fcde.default-release/prefs.js
StreamTrans #1 /config/.thunderbird/3g11fcde.default-release/prefs-1.js
StreamTrans #1 /config/.thunderbird/3g11fcde.default-release/prefs-1.js
BgIOThr~Pool #1 /config/.thunderbird/3g11fcde.default-release/AlternateServices.bin
thunderbird /config/.thunderbird/3g11fcde.default-release/ImapMail/imap.gmail.com/[Gmail].msf
thunderbird /config/.thunderbird/3g11fcde.default-release/ImapMail/imap.gmail.com/[Gmail].msf
thunderbird /config/.thunderbird/3g11fcde.default-release/ImapMail/imap.gmail.com/[Gmail].msf
sqldb:g~lite #5 /config/.thunderbird/3g11fcde.default-release/global-messages-db.sqlite-journal
sqldb:g~lite #5 /config/.thunderbird/3g11fcde.default-release
thunderbird /config/.thunderbird/3g11fcde.default-release/ImapMail/imap.gmail.com/[Gmail].sbd/All Mail.msf
thunderbird /config/.thunderbird/3g11fcde.default-release/ImapMail/imap.gmail.com/[Gmail].sbd/All Mail.msf
thunderbird /config/.thunderbird/3g11fcde.default-release/ImapMail/imap.gmail.com/[Gmail].sbd/All Mail.msf
sqldb:g~lite #5 /config/.thunderbird/3g11fcde.default-release/global-messages-db.sqlite-journal
Cache2 I/O /config/.cache/thunderbird/3g11fcde.default-release/cache2/entries/C886C15B36E63849FB9E86DCC97456303F590459
Cache2 I/O /config/.cache/thunderbird/3g11fcde.default-release/cache2/entries/EB85E2EF17F16C7D6331B3FECBA3EF891D976A8F
Cache2 I/O /proc/self/mountinfo
Cache2 I/O /proc/self/mountinfo
Cache2 I/O /config/.cache/thunderbird/3g11fcde.default-release/cache2/entries/03334BD6E47ACCE424D27A80E2BABCBFB3EB37E2
sqldb:g~lite #5 /config/.thunderbird/3g11fcde.default-release
Cache2 I/O /proc/self/mountinfo
Cache2 I/O /proc/self/mountinfo
thunderbird /config/.thunderbird/3g11fcde.default-release/ImapMail/imap.gmail.com/[Gmail].sbd/Drafts.msf
thunderbird /config/.thunderbird/3g11fcde.default-release/ImapMail/imap.gmail.com/[Gmail].sbd/Drafts.msf
thunderbird /config/.thunderbird/3g11fcde.default-release/ImapMail/imap.gmail.com/[Gmail].sbd/Drafts.msf
sqldb:g~lite #5 /config/.thunderbird/3g11fcde.default-release/global-messages-db.sqlite-journal
sqldb:g~lite #5 /config/.thunderbird/3g11fcde.default-release
thunderbird /config/.thunderbird/3g11fcde.default-release/ImapMail/imap.gmail.com/[Gmail].sbd/Important.msf
thunderbird /config/.thunderbird/3g11fcde.default-release/ImapMail/imap.gmail.com/[Gmail].sbd/Important.msf
thunderbird /config/.thunderbird/3g11fcde.default-release/ImapMail/imap.gmail.com/[Gmail].sbd/Important.msf
sqldb:g~lite #5 /config/.thunderbird/3g11fcde.default-release/global-messages-db.sqlite-journal
sqldb:g~lite #5 /config/.thunderbird/3g11fcde.default-release
thunderbird /config/.thunderbird/3g11fcde.default-release/ImapMail/imap.gmail.com/[Gmail].sbd/Sent Mail.msf
thunderbird /config/.thunderbird/3g11fcde.default-release/ImapMail/imap.gmail.com/[Gmail].sbd/Sent Mail.msf
thunderbird /config/.thunderbird/3g11fcde.default-release/ImapMail/imap.gmail.com/[Gmail].sbd/Sent Mail.msf
sqldb:g~lite #5 /config/.thunderbird/3g11fcde.default-release/global-messages-db.sqlite-journal
sqldb:g~lite #5 /config/.thunderbird/3g11fcde.default-release
sqldb:g~lite #5 /config/.thunderbird/3g11fcde.default-release/global-messages-db.sqlite-journal
sqldb:g~lite #5 /config/.thunderbird/3g11fcde.default-release
thunderbird /config/.thunderbird/3g11fcde.default-release/ImapMail/imap.gmail.com/[Gmail].sbd/Spam.msf
thunderbird /config/.thunderbird/3g11fcde.default-release/ImapMail/imap.gmail.com/[Gmail].sbd/Spam.msf
thunderbird /config/.thunderbird/3g11fcde.default-release/ImapMail/imap.gmail.com/[Gmail].sbd/Spam.msf
sqldb:g~lite #5 /config/.thunderbird/3g11fcde.default-release/global-messages-db.sqlite-journal
sqldb:g~lite #5 /config/.thunderbird/3g11fcde.default-release
sqldb:g~lite #5 /config/.thunderbird/3g11fcde.default-release/global-messages-db.sqlite-journal
sqldb:g~lite #5 /config/.thunderbird/3g11fcde.default-release
thunderbird /config/.thunderbird/3g11fcde.default-release/ImapMail/imap.gmail.com/[Gmail].sbd/Starred.msf
thunderbird /config/.thunderbird/3g11fcde.default-release/ImapMail/imap.gmail.com/[Gmail].sbd/Starred.msf
thunderbird /config/.thunderbird/3g11fcde.default-release/ImapMail/imap.gmail.com/[Gmail].sbd/Starred.msf
sqldb:g~lite #5 /config/.thunderbird/3g11fcde.default-release/global-messages-db.sqlite-journal
sqldb:g~lite #5 /config/.thunderbird/3g11fcde.default-release
thunderbird /config/.thunderbird/3g11fcde.default-release/ImapMail/imap.gmail.com/[Gmail].sbd/Trash.msf
thunderbird /config/.thunderbird/3g11fcde.default-release/ImapMail/imap.gmail.com/[Gmail].sbd/Trash.msf
thunderbird /config/.thunderbird/3g11fcde.default-release/ImapMail/imap.gmail.com/[Gmail].sbd/Trash.msf
sqldb:g~lite #5 /config/.thunderbird/3g11fcde.default-release/global-messages-db.sqlite-journal
sqldb:g~lite #5 /config/.thunderbird/3g11fcde.default-release
sqldb:g~lite #5 /config/.thunderbird/3g11fcde.default-release/global-messages-db.sqlite-journal
sqldb:g~lite #5 /config/.thunderbird/3g11fcde.default-release
BgIOThr~Pool #1 /config/.thunderbird/3g11fcde.default-release/folderTree.json.tmp
xclip /etc/ld.so.cache
xclip /lib/x86_64-linux-gnu/libXmu.so.6
xclip /lib/x86_64-linux-gnu/libX11.so.6
xclip /lib/x86_64-linux-gnu/libc.so.6
xclip /lib/x86_64-linux-gnu/libXt.so.6
xclip /lib/x86_64-linux-gnu/libXext.so.6
xclip /lib/x86_64-linux-gnu/libxcb.so.1
xclip /lib/x86_64-linux-gnu/libSM.so.6
xclip /lib/x86_64-linux-gnu/libICE.so.6
xclip /lib/x86_64-linux-gnu/libXau.so.6
xclip /lib/x86_64-linux-gnu/libXdmcp.so.6
xclip /lib/x86_64-linux-gnu/libuuid.so.1
xclip /lib/x86_64-linux-gnu/libbsd.so.0
xclip /lib/x86_64-linux-gnu/libmd.so.0
xclip /usr/share/X11/locale/locale.alias
xclip /usr/share/X11/locale/locale.dir
xclip /usr/share/X11/locale/C/XLC_LOCALE
xclip /usr/share/X11/locale/locale.alias
xclip /usr/share/X11/locale/locale.dir
xclip /usr/share/X11/locale/C/XLC_LOCALE
Xvfb /proc/2605/cmdline
selkies /proc/stat
selkies /proc/meminfo
xclip /etc/ld.so.cache
xclip /lib/x86_64-linux-gnu/libXmu.so.6
xclip /lib/x86_64-linux-gnu/libX11.so.6
xclip /lib/x86_64-linux-gnu/libc.so.6
xclip /lib/x86_64-linux-gnu/libXt.so.6
xclip /lib/x86_64-linux-gnu/libXext.so.6
xclip /lib/x86_64-linux-gnu/libxcb.so.1
xclip /lib/x86_64-linux-gnu/libSM.so.6
xclip /lib/x86_64-linux-gnu/libICE.so.6
xclip /lib/x86_64-linux-gnu/libXau.so.6
xclip /lib/x86_64-linux-gnu/libXdmcp.so.6
xclip /lib/x86_64-linux-gnu/libuuid.so.1
xclip /lib/x86_64-linux-gnu/libbsd.so.0
xclip /lib/x86_64-linux-gnu/libmd.so.0
xclip /usr/share/X11/locale/locale.alias
xclip /usr/share/X11/locale/locale.dir
xclip /usr/share/X11/locale/C/XLC_LOCALE
xclip /usr/share/X11/locale/locale.alias
xclip /usr/share/X11/locale/locale.dir
xclip /usr/share/X11/locale/C/XLC_LOCALE
Xvfb /proc/2639/cmdline
StreamTrans #1 /config/.thunderbird/3g11fcde.default-release/prefs.js
StreamTrans #1 /config/.thunderbird/3g11fcde.default-release/prefs-1.js
StreamTrans #1 /config/.thunderbird/3g11fcde.default-release/prefs-1.js
thunderbird /proc/1764/oom_score_adj
thunderbird /tmp/MozillaMailnews/INBOX.msf
thunderbird /config/.thunderbird/3g11fcde.default-release/ImapMail/imap.gmail.com/INBOX.msf
thunderbird /tmp/MozillaMailnews/INBOX.msf
thunderbird /config/.thunderbird/3g11fcde.default-release/ImapMail/imap.gmail.com/INBOX.msf
thunderbird /config/.thunderbird/3g11fcde.default-release/ImapMail/imap.gmail.com/INBOX.msf
thunderbird /proc/1510/oom_score_adj
plasmashell /config/.local/share/kservices5
plasmashell /config/.local/share/mime
plasmashell /etc/xdg/menus
thunderbird /proc/1764/oom_score_adj
plasmashell /usr/local/share/kservices5
plasmashell /usr/local/share/mime
plasmashell /usr/share/kservices5
plasmashell /usr/share/kservices5/ServiceMenus
plasmashell /usr/share/kservices5/qimageioplugins
plasmashell /usr/share/kservices5/searchproviders
plasmashell /usr/share/mime
plasmashell /usr/share/mime/application
plasmashell /usr/share/mime/audio
plasmashell /usr/share/mime/chemical
plasmashell /usr/share/mime/font
plasmashell /usr/share/mime/image
plasmashell /usr/share/mime/inode
plasmashell /usr/share/mime/message
plasmashell /usr/share/mime/model
plasmashell /usr/share/mime/multipart
plasmashell /usr/share/mime/packages
plasmashell /usr/share/mime/text
plasmashell /usr/share/mime/video
plasmashell /usr/share/mime/x-content
plasmashell /usr/share/mime/x-epoc
xclip /etc/ld.so.cache
xclip /lib/x86_64-linux-gnu/libXmu.so.6
xclip /lib/x86_64-linux-gnu/libX11.so.6
xclip /lib/x86_64-linux-gnu/libc.so.6
xclip /lib/x86_64-linux-gnu/libXt.so.6
xclip /lib/x86_64-linux-gnu/libXext.so.6
xclip /lib/x86_64-linux-gnu/libxcb.so.1
xclip /lib/x86_64-linux-gnu/libSM.so.6
xclip /lib/x86_64-linux-gnu/libICE.so.6
xclip /lib/x86_64-linux-gnu/libXau.so.6
xclip /lib/x86_64-linux-gnu/libXdmcp.so.6
xclip /lib/x86_64-linux-gnu/libuuid.so.1
xclip /lib/x86_64-linux-gnu/libbsd.so.0
xclip /lib/x86_64-linux-gnu/libmd.so.0
xclip /usr/share/X11/locale/locale.alias
xclip /usr/share/X11/locale/locale.dir
xclip /usr/share/X11/locale/C/XLC_LOCALE
xclip /usr/share/X11/locale/locale.alias
xclip /usr/share/X11/locale/locale.dir
xclip /usr/share/X11/locale/C/XLC_LOCALE
Xvfb /proc/2669/cmdline
selkies /proc/stat
selkies /proc/meminfo
WrGlyph~terizer /usr/share/fonts/truetype/noto/NotoSans-BoldItalic.ttf
xclip /etc/ld.so.cache
xclip /lib/x86_64-linux-gnu/libXmu.so.6
xclip /lib/x86_64-linux-gnu/libX11.so.6
xclip /lib/x86_64-linux-gnu/libc.so.6
xclip /lib/x86_64-linux-gnu/libXt.so.6
xclip /lib/x86_64-linux-gnu/libXext.so.6
xclip /lib/x86_64-linux-gnu/libxcb.so.1
xclip /lib/x86_64-linux-gnu/libSM.so.6
xclip /lib/x86_64-linux-gnu/libICE.so.6
xclip /lib/x86_64-linux-gnu/libXau.so.6
xclip /lib/x86_64-linux-gnu/libXdmcp.so.6
xclip /lib/x86_64-linux-gnu/libuuid.so.1
xclip /lib/x86_64-linux-gnu/libbsd.so.0
xclip /lib/x86_64-linux-gnu/libmd.so.0
xclip /usr/share/X11/locale/locale.alias
xclip /usr/share/X11/locale/locale.dir
xclip /usr/share/X11/locale/C/XLC_LOCALE
xclip /usr/share/X11/locale/locale.alias
xclip /usr/share/X11/locale/locale.dir
xclip /usr/share/X11/locale/C/XLC_LOCALE
Xvfb /proc/2705/cmdline
kwin_x11 /config/.icons/default/cursors/s-resize
kwin_x11 /config/.icons/default/index.theme
kwin_x11 /usr/share/icons/default/cursors/s-resize
kwin_x11 /usr/share/icons/default/index.theme
kwin_x11 /usr/share/pixmaps/default/cursors/s-resize
kwin_x11 /usr/X11R6/lib/X11/icons/default/cursors/s-resize
kwin_x11 /config/.icons/breeze_cursors/cursors/s-resize
kwin_x11 /config/.icons/breeze_cursors/index.theme
kwin_x11 /usr/share/icons/breeze_cursors/cursors/s-resize
xclip /etc/ld.so.cache
xclip /lib/x86_64-linux-gnu/libXmu.so.6
xclip /lib/x86_64-linux-gnu/libX11.so.6
xclip /lib/x86_64-linux-gnu/libc.so.6
xclip /lib/x86_64-linux-gnu/libXt.so.6
xclip /lib/x86_64-linux-gnu/libXext.so.6
xclip /lib/x86_64-linux-gnu/libxcb.so.1
xclip /lib/x86_64-linux-gnu/libSM.so.6
xclip /lib/x86_64-linux-gnu/libICE.so.6
xclip /lib/x86_64-linux-gnu/libXau.so.6
xclip /lib/x86_64-linux-gnu/libXdmcp.so.6
xclip /lib/x86_64-linux-gnu/libuuid.so.1
xclip /lib/x86_64-linux-gnu/libbsd.so.0
xclip /lib/x86_64-linux-gnu/libmd.so.0
xclip /usr/share/X11/locale/locale.alias
xclip /usr/share/X11/locale/locale.dir
xclip /usr/share/X11/locale/C/XLC_LOCALE
xclip /usr/share/X11/locale/locale.alias
xclip /usr/share/X11/locale/locale.dir
xclip /usr/share/X11/locale/C/XLC_LOCALE
selkies /proc/stat
selkies /proc/meminfo
Xvfb /proc/2723/cmdline
xclip /etc/ld.so.cache
xclip /lib/x86_64-linux-gnu/libXmu.so.6
xclip /lib/x86_64-linux-gnu/libX11.so.6
xclip /lib/x86_64-linux-gnu/libc.so.6
xclip /lib/x86_64-linux-gnu/libXt.so.6
xclip /lib/x86_64-linux-gnu/libXext.so.6
xclip /lib/x86_64-linux-gnu/libxcb.so.1
xclip /lib/x86_64-linux-gnu/libSM.so.6
xclip /lib/x86_64-linux-gnu/libICE.so.6
xclip /lib/x86_64-linux-gnu/libXau.so.6
xclip /lib/x86_64-linux-gnu/libXdmcp.so.6
xclip /lib/x86_64-linux-gnu/libuuid.so.1
xclip /lib/x86_64-linux-gnu/libbsd.so.0
xclip /lib/x86_64-linux-gnu/libmd.so.0
xclip /usr/share/X11/locale/locale.alias
xclip /usr/share/X11/locale/locale.dir
xclip /usr/share/X11/locale/C/XLC_LOCALE
xclip /usr/share/X11/locale/locale.alias
xclip /usr/share/X11/locale/locale.dir
xclip /usr/share/X11/locale/C/XLC_LOCALE
Xvfb /proc/2733/cmdline
plasmashell /config/.local/share/kservices5
plasmashell /config/.local/share/mime
plasmashell /etc/xdg/menus
plasmashell /usr/local/share/kservices5
plasmashell /usr/local/share/mime
plasmashell /usr/share/kservices5
plasmashell /usr/share/kservices5/ServiceMenus
plasmashell /usr/share/kservices5/qimageioplugins
plasmashell /usr/share/kservices5/searchproviders
plasmashell /usr/share/mime
plasmashell /usr/share/mime/application
plasmashell /usr/share/mime/audio
plasmashell /usr/share/mime/chemical
plasmashell /usr/share/mime/font
plasmashell /usr/share/mime/image
plasmashell /usr/share/mime/inode
plasmashell /usr/share/mime/message
plasmashell /usr/share/mime/model
plasmashell /usr/share/mime/multipart
plasmashell /usr/share/mime/packages
plasmashell /usr/share/mime/text
plasmashell /usr/share/mime/video
plasmashell /usr/share/mime/x-content
plasmashell /usr/share/mime/x-epoc
selkies /proc/stat
selkies /proc/meminfo
xclip /etc/ld.so.cache
xclip /lib/x86_64-linux-gnu/libXmu.so.6
xclip /lib/x86_64-linux-gnu/libX11.so.6
xclip /lib/x86_64-linux-gnu/libc.so.6
xclip /lib/x86_64-linux-gnu/libXt.so.6
xclip /lib/x86_64-linux-gnu/libXext.so.6
xclip /lib/x86_64-linux-gnu/libxcb.so.1
xclip /lib/x86_64-linux-gnu/libSM.so.6
xclip /lib/x86_64-linux-gnu/libICE.so.6
xclip /lib/x86_64-linux-gnu/libXau.so.6
xclip /lib/x86_64-linux-gnu/libXdmcp.so.6
xclip /lib/x86_64-linux-gnu/libuuid.so.1
xclip /lib/x86_64-linux-gnu/libbsd.so.0
xclip /lib/x86_64-linux-gnu/libmd.so.0
xclip /usr/share/X11/locale/locale.alias
xclip /usr/share/X11/locale/locale.dir
xclip /usr/share/X11/locale/C/XLC_LOCALE
xclip /usr/share/X11/locale/locale.alias
xclip /usr/share/X11/locale/locale.dir
xclip /usr/share/X11/locale/C/XLC_LOCALE
Xvfb /proc/2756/cmdline
thunderbird /config/.icons/breeze_cursors/cursors/ew-resize
thunderbird /config/.icons/breeze_cursors/index.theme
thunderbird /usr/share/icons/breeze_cursors/cursors/ew-resize
xclip /etc/ld.so.cache
xclip /lib/x86_64-linux-gnu/libXmu.so.6
xclip /lib/x86_64-linux-gnu/libX11.so.6
xclip /lib/x86_64-linux-gnu/libc.so.6
xclip /lib/x86_64-linux-gnu/libXt.so.6
xclip /lib/x86_64-linux-gnu/libXext.so.6
xclip /lib/x86_64-linux-gnu/libxcb.so.1
xclip /lib/x86_64-linux-gnu/libSM.so.6
xclip /lib/x86_64-linux-gnu/libICE.so.6
xclip /lib/x86_64-linux-gnu/libXau.so.6
xclip /lib/x86_64-linux-gnu/libXdmcp.so.6
xclip /lib/x86_64-linux-gnu/libuuid.so.1
xclip /lib/x86_64-linux-gnu/libbsd.so.0
xclip /lib/x86_64-linux-gnu/libmd.so.0
xclip /usr/share/X11/locale/locale.alias
xclip /usr/share/X11/locale/locale.dir
xclip /usr/share/X11/locale/C/XLC_LOCALE
xclip /usr/share/X11/locale/locale.alias
xclip /usr/share/X11/locale/locale.dir
xclip /usr/share/X11/locale/C/XLC_LOCALE
Xvfb /proc/2786/cmdline
selkies /proc/stat
selkies /proc/meminfo
xclip /etc/ld.so.cache
xclip /lib/x86_64-linux-gnu/libXmu.so.6
xclip /lib/x86_64-linux-gnu/libX11.so.6
xclip /lib/x86_64-linux-gnu/libc.so.6
xclip /lib/x86_64-linux-gnu/libXt.so.6
xclip /lib/x86_64-linux-gnu/libXext.so.6
xclip /lib/x86_64-linux-gnu/libxcb.so.1
xclip /lib/x86_64-linux-gnu/libSM.so.6
xclip /lib/x86_64-linux-gnu/libICE.so.6
xclip /lib/x86_64-linux-gnu/libXau.so.6
xclip /lib/x86_64-linux-gnu/libXdmcp.so.6
xclip /lib/x86_64-linux-gnu/libuuid.so.1
xclip /lib/x86_64-linux-gnu/libbsd.so.0
xclip /lib/x86_64-linux-gnu/libmd.so.0
xclip /usr/share/X11/locale/locale.alias
xclip /usr/share/X11/locale/locale.dir
xclip /usr/share/X11/locale/C/XLC_LOCALE
xclip /usr/share/X11/locale/locale.alias
xclip /usr/share/X11/locale/locale.dir
xclip /usr/share/X11/locale/C/XLC_LOCALE
Xvfb /proc/2817/cmdline
thunderbird /config/.thunderbird/3g11fcde.default-release/ImapMail/imap.gmail.com/INBOX.msf
WrGlyph~terizer /usr/share/fonts/truetype/ubuntu/Ubuntu[wdth,wght].ttf
WrGlyph~terizer /usr/share/fonts/truetype/ubuntu/Ubuntu[wdth,wght].ttf
xclip /etc/ld.so.cache
xclip /lib/x86_64-linux-gnu/libXmu.so.6
xclip /lib/x86_64-linux-gnu/libX11.so.6
xclip /lib/x86_64-linux-gnu/libc.so.6
xclip /lib/x86_64-linux-gnu/libXt.so.6
xclip /lib/x86_64-linux-gnu/libXext.so.6
xclip /lib/x86_64-linux-gnu/libxcb.so.1
xclip /lib/x86_64-linux-gnu/libSM.so.6
xclip /lib/x86_64-linux-gnu/libICE.so.6
xclip /lib/x86_64-linux-gnu/libXau.so.6
xclip /lib/x86_64-linux-gnu/libXdmcp.so.6
xclip /lib/x86_64-linux-gnu/libuuid.so.1
xclip /lib/x86_64-linux-gnu/libbsd.so.0
xclip /lib/x86_64-linux-gnu/libmd.so.0
xclip /usr/share/X11/locale/locale.alias
xclip /usr/share/X11/locale/locale.dir
xclip /usr/share/X11/locale/C/XLC_LOCALE
xclip /usr/share/X11/locale/locale.alias
xclip /usr/share/X11/locale/locale.dir
xclip /usr/share/X11/locale/C/XLC_LOCALE
Xvfb /proc/2849/cmdline
plasmashell /config/.local/share/kservices5
plasmashell /config/.local/share/mime
plasmashell /etc/xdg/menus
plasmashell /usr/local/share/kservices5
plasmashell /usr/local/share/mime
plasmashell /usr/share/kservices5
plasmashell /usr/share/kservices5/ServiceMenus
plasmashell /usr/share/kservices5/qimageioplugins
plasmashell /usr/share/kservices5/searchproviders
plasmashell /usr/share/mime
plasmashell /usr/share/mime/application
plasmashell /usr/share/mime/audio
plasmashell /usr/share/mime/chemical
plasmashell /usr/share/mime/font
plasmashell /usr/share/mime/image
plasmashell /usr/share/mime/inode
plasmashell /usr/share/mime/message
plasmashell /usr/share/mime/model
plasmashell /usr/share/mime/multipart
plasmashell /usr/share/mime/packages
plasmashell /usr/share/mime/text
plasmashell /usr/share/mime/video
plasmashell /usr/share/mime/x-content
plasmashell /usr/share/mime/x-epoc
selkies /proc/stat
selkies /proc/meminfo
thunderbird /usr/share/fonts/truetype/noto/NotoColorEmoji.ttf
thunderbird /usr/share/fonts/truetype/noto/NotoColorEmoji.ttf
WrGlyph~terizer /usr/share/fonts/truetype/noto/NotoColorEmoji.ttf
xclip /etc/ld.so.cache
xclip /lib/x86_64-linux-gnu/libXmu.so.6
xclip /lib/x86_64-linux-gnu/libX11.so.6
xclip /lib/x86_64-linux-gnu/libc.so.6
xclip /lib/x86_64-linux-gnu/libXt.so.6
xclip /lib/x86_64-linux-gnu/libXext.so.6
xclip /lib/x86_64-linux-gnu/libxcb.so.1
xclip /lib/x86_64-linux-gnu/libSM.so.6
xclip /lib/x86_64-linux-gnu/libICE.so.6
xclip /lib/x86_64-linux-gnu/libXau.so.6
xclip /lib/x86_64-linux-gnu/libXdmcp.so.6
xclip /lib/x86_64-linux-gnu/libuuid.so.1
xclip /lib/x86_64-linux-gnu/libbsd.so.0
xclip /lib/x86_64-linux-gnu/libmd.so.0
xclip /usr/share/X11/locale/locale.alias
xclip /usr/share/X11/locale/locale.dir
xclip /usr/share/X11/locale/C/XLC_LOCALE
xclip /usr/share/X11/locale/locale.alias
xclip /usr/share/X11/locale/locale.dir
xclip /usr/share/X11/locale/C/XLC_LOCALE
Xvfb /proc/2878/cmdline
StreamTrans #6 /config/.thunderbird/3g11fcde.default-release/prefs.js
StreamTrans #6 /config/.thunderbird/3g11fcde.default-release/prefs-1.js
StreamTrans #6 /config/.thunderbird/3g11fcde.default-release/prefs-1.js
kded5 /usr/bin/kf5/kio
kded5 /usr/lib/x86_64-linux-gnu/qt5/plugins/kf5/kio
kded5 /usr/lib/x86_64-linux-gnu/qt5/plugins/kf5/kio/activities.so
kded5 /usr/lib/x86_64-linux-gnu/qt5/plugins/kf5/kio/afc.so
kded5 /usr/lib/x86_64-linux-gnu/qt5/plugins/kf5/kio/applications.so
kded5 /usr/lib/x86_64-linux-gnu/qt5/plugins/kf5/kio/archive.so
kded5 /usr/lib/x86_64-linux-gnu/qt5/plugins/kf5/kio/baloosearch.so
kded5 /usr/lib/x86_64-linux-gnu/qt5/plugins/kf5/kio/bookmarks.so
kded5 /usr/lib/x86_64-linux-gnu/qt5/plugins/kf5/kio/desktop.so
kded5 /usr/lib/x86_64-linux-gnu/qt5/plugins/kf5/kio/filter.so
kded5 /usr/lib/x86_64-linux-gnu/qt5/plugins/kf5/kio/fish.so
kded5 /usr/lib/x86_64-linux-gnu/qt5/plugins/kf5/kio/info.so
kded5 /usr/lib/x86_64-linux-gnu/qt5/plugins/kf5/kio/kio_file.so
kded5 /usr/lib/x86_64-linux-gnu/qt5/plugins/kf5/kio/kio_filenamesearch.so
kded5 /usr/lib/x86_64-linux-gnu/qt5/plugins/kf5/kio/kio_fonts.so
kded5 /usr/lib/x86_64-linux-gnu/qt5/plugins/kf5/kio/kio_ftp.so
kded5 /usr/lib/x86_64-linux-gnu/qt5/plugins/kf5/kio/kio_ghelp.so
kded5 /usr/lib/x86_64-linux-gnu/qt5/plugins/kf5/kio/kio_help.so
kded5 /usr/lib/x86_64-linux-gnu/qt5/plugins/kf5/kio/kio_http.so
kded5 /usr/lib/x86_64-linux-gnu/qt5/plugins/kf5/kio/kio_remote.so
kded5 /usr/lib/x86_64-linux-gnu/qt5/plugins/kf5/kio/kio_trash.so
kded5 /usr/lib/x86_64-linux-gnu/qt5/plugins/kf5/kio/man.so
kded5 /usr/lib/x86_64-linux-gnu/qt5/plugins/kf5/kio/mtp.so
kded5 /usr/lib/x86_64-linux-gnu/qt5/plugins/kf5/kio/nfs.so
kded5 /usr/lib/x86_64-linux-gnu/qt5/plugins/kf5/kio/recentdocuments.so
kded5 /usr/lib/x86_64-linux-gnu/qt5/plugins/kf5/kio/recentlyused.so
kded5 /usr/lib/x86_64-linux-gnu/qt5/plugins/kf5/kio/sftp.so
kded5 /usr/lib/x86_64-linux-gnu/qt5/plugins/kf5/kio/smb.so
kded5 /usr/lib/x86_64-linux-gnu/qt5/plugins/kf5/kio/tags.so
kded5 /usr/lib/x86_64-linux-gnu/qt5/plugins/kf5/kio/thumbnail.so
kded5 /usr/lib/x86_64-linux-gnu/qt5/plugins/kf5/kio/timeline.so
kded5 /usr/share/kservices5
kded5 /usr/bin/kservices5
kded5 /usr/lib/x86_64-linux-gnu/qt5/plugins/kf5/kio/kio_file.so
kded5 /config/.XDG
kded5 /usr/lib/x86_64-linux-gnu/qt5/plugins/kf5/kio/kio_file.so.avx2
kded5 /usr/lib/x86_64-linux-gnu/qt5/plugins/kf5/kio/kio_file.so
KIO::WorkerThre /proc/self/mountinfo
kded5 /config/.XDG
KIO::WorkerThre /dev/disk/by-label
KIO::WorkerThre /proc/self/mountinfo
KIO::WorkerThre /dev/disk/by-label
xclip /etc/ld.so.cache
xclip /lib/x86_64-linux-gnu/libXmu.so.6
xclip /lib/x86_64-linux-gnu/libX11.so.6
xclip /lib/x86_64-linux-gnu/libc.so.6
xclip /lib/x86_64-linux-gnu/libXt.so.6
xclip /lib/x86_64-linux-gnu/libXext.so.6
xclip /lib/x86_64-linux-gnu/libxcb.so.1
xclip /lib/x86_64-linux-gnu/libSM.so.6
xclip /lib/x86_64-linux-gnu/libICE.so.6
xclip /lib/x86_64-linux-gnu/libXau.so.6
xclip /lib/x86_64-linux-gnu/libXdmcp.so.6
xclip /lib/x86_64-linux-gnu/libuuid.so.1
xclip /lib/x86_64-linux-gnu/libbsd.so.0
xclip /lib/x86_64-linux-gnu/libmd.so.0
xclip /usr/share/X11/locale/locale.alias
xclip /usr/share/X11/locale/locale.dir
xclip /usr/share/X11/locale/C/XLC_LOCALE
xclip /usr/share/X11/locale/locale.alias
xclip /usr/share/X11/locale/locale.dir
xclip /usr/share/X11/locale/C/XLC_LOCALE
Xvfb /proc/2908/cmdline
selkies /proc/stat
selkies /proc/meminfo
xclip /etc/ld.so.cache
xclip /lib/x86_64-linux-gnu/libXmu.so.6
xclip /lib/x86_64-linux-gnu/libX11.so.6
xclip /lib/x86_64-linux-gnu/libc.so.6
xclip /lib/x86_64-linux-gnu/libXt.so.6
xclip /lib/x86_64-linux-gnu/libXext.so.6
xclip /lib/x86_64-linux-gnu/libxcb.so.1
xclip /lib/x86_64-linux-gnu/libSM.so.6
xclip /lib/x86_64-linux-gnu/libICE.so.6
xclip /lib/x86_64-linux-gnu/libXau.so.6
xclip /lib/x86_64-linux-gnu/libXdmcp.so.6
xclip /lib/x86_64-linux-gnu/libuuid.so.1
xclip /lib/x86_64-linux-gnu/libbsd.so.0
xclip /lib/x86_64-linux-gnu/libmd.so.0
xclip /usr/share/X11/locale/locale.alias
xclip /usr/share/X11/locale/locale.dir
xclip /usr/share/X11/locale/C/XLC_LOCALE
xclip /usr/share/X11/locale/locale.alias
xclip /usr/share/X11/locale/locale.dir
xclip /usr/share/X11/locale/C/XLC_LOCALE
Xvfb /proc/2938/cmdline
xclip /etc/ld.so.cache
xclip /lib/x86_64-linux-gnu/libXmu.so.6
xclip /lib/x86_64-linux-gnu/libX11.so.6
xclip /lib/x86_64-linux-gnu/libc.so.6
xclip /lib/x86_64-linux-gnu/libXt.so.6
xclip /lib/x86_64-linux-gnu/libXext.so.6
xclip /lib/x86_64-linux-gnu/libxcb.so.1
xclip /lib/x86_64-linux-gnu/libSM.so.6
xclip /lib/x86_64-linux-gnu/libICE.so.6
xclip /lib/x86_64-linux-gnu/libXau.so.6
xclip /lib/x86_64-linux-gnu/libXdmcp.so.6
xclip /lib/x86_64-linux-gnu/libuuid.so.1
xclip /lib/x86_64-linux-gnu/libbsd.so.0
xclip /lib/x86_64-linux-gnu/libmd.so.0
xclip /usr/share/X11/locale/locale.alias
xclip /usr/share/X11/locale/locale.dir
xclip /usr/share/X11/locale/C/XLC_LOCALE
xclip /usr/share/X11/locale/locale.alias
xclip /usr/share/X11/locale/locale.dir
xclip /usr/share/X11/locale/C/XLC_LOCALE
Xvfb /proc/2967/cmdline
selkies /proc/stat
selkies /proc/meminfo
xclip /etc/ld.so.cache
xclip /lib/x86_64-linux-gnu/libXmu.so.6
xclip /lib/x86_64-linux-gnu/libX11.so.6
xclip /lib/x86_64-linux-gnu/libc.so.6
xclip /lib/x86_64-linux-gnu/libXt.so.6
xclip /lib/x86_64-linux-gnu/libXext.so.6
xclip /lib/x86_64-linux-gnu/libxcb.so.1
xclip /lib/x86_64-linux-gnu/libSM.so.6
xclip /lib/x86_64-linux-gnu/libICE.so.6
xclip /lib/x86_64-linux-gnu/libXau.so.6
xclip /lib/x86_64-linux-gnu/libXdmcp.so.6
xclip /lib/x86_64-linux-gnu/libuuid.so.1
xclip /lib/x86_64-linux-gnu/libbsd.so.0
xclip /lib/x86_64-linux-gnu/libmd.so.0
xclip /usr/share/X11/locale/locale.alias
xclip /usr/share/X11/locale/locale.dir
xclip /usr/share/X11/locale/C/XLC_LOCALE
xclip /usr/share/X11/locale/locale.alias
xclip /usr/share/X11/locale/locale.dir
xclip /usr/share/X11/locale/C/XLC_LOCALE
Xvfb /proc/2995/cmdline
Cache2 I/O /config/.cache/thunderbird/3g11fcde.default-release/cache2/entries
Cache2 I/O /proc/self/mountinfo
xclip /etc/ld.so.cache
xclip /lib/x86_64-linux-gnu/libXmu.so.6
xclip /lib/x86_64-linux-gnu/libX11.so.6
xclip /lib/x86_64-linux-gnu/libc.so.6
xclip /lib/x86_64-linux-gnu/libXt.so.6
xclip /lib/x86_64-linux-gnu/libXext.so.6
xclip /lib/x86_64-linux-gnu/libxcb.so.1
xclip /lib/x86_64-linux-gnu/libSM.so.6
xclip /lib/x86_64-linux-gnu/libICE.so.6
xclip /lib/x86_64-linux-gnu/libXau.so.6
xclip /lib/x86_64-linux-gnu/libXdmcp.so.6
xclip /lib/x86_64-linux-gnu/libuuid.so.1
xclip /lib/x86_64-linux-gnu/libbsd.so.0
xclip /lib/x86_64-linux-gnu/libmd.so.0
xclip /usr/share/X11/locale/locale.alias
xclip /usr/share/X11/locale/locale.dir
xclip /usr/share/X11/locale/C/XLC_LOCALE
xclip /usr/share/X11/locale/locale.alias
xclip /usr/share/X11/locale/locale.dir
xclip /usr/share/X11/locale/C/XLC_LOCALE
Xvfb /proc/3025/cmdline
selkies /proc/stat
selkies /proc/meminfo
xclip /etc/ld.so.cache
xclip /lib/x86_64-linux-gnu/libXmu.so.6
xclip /lib/x86_64-linux-gnu/libX11.so.6
xclip /lib/x86_64-linux-gnu/libc.so.6
xclip /lib/x86_64-linux-gnu/libXt.so.6
xclip /lib/x86_64-linux-gnu/libXext.so.6
xclip /lib/x86_64-linux-gnu/libxcb.so.1
xclip /lib/x86_64-linux-gnu/libSM.so.6
xclip /lib/x86_64-linux-gnu/libICE.so.6
xclip /lib/x86_64-linux-gnu/libXau.so.6
xclip /lib/x86_64-linux-gnu/libXdmcp.so.6
xclip /lib/x86_64-linux-gnu/libuuid.so.1
xclip /lib/x86_64-linux-gnu/libbsd.so.0
xclip /lib/x86_64-linux-gnu/libmd.so.0
xclip /usr/share/X11/locale/locale.alias
xclip /usr/share/X11/locale/locale.dir
xclip /usr/share/X11/locale/C/XLC_LOCALE
xclip /usr/share/X11/locale/locale.alias
xclip /usr/share/X11/locale/locale.dir
xclip /usr/share/X11/locale/C/XLC_LOCALE
Xvfb /proc/3053/cmdline
xclip /etc/ld.so.cache
xclip /lib/x86_64-linux-gnu/libXmu.so.6
xclip /lib/x86_64-linux-gnu/libX11.so.6
xclip /lib/x86_64-linux-gnu/libc.so.6
xclip /lib/x86_64-linux-gnu/libXt.so.6
xclip /lib/x86_64-linux-gnu/libXext.so.6
xclip /lib/x86_64-linux-gnu/libxcb.so.1
xclip /lib/x86_64-linux-gnu/libSM.so.6
xclip /lib/x86_64-linux-gnu/libICE.so.6
xclip /lib/x86_64-linux-gnu/libXau.so.6
xclip /lib/x86_64-linux-gnu/libXdmcp.so.6
xclip /lib/x86_64-linux-gnu/libuuid.so.1
xclip /lib/x86_64-linux-gnu/libbsd.so.0
xclip /lib/x86_64-linux-gnu/libmd.so.0
xclip /usr/share/X11/locale/locale.alias
xclip /usr/share/X11/locale/locale.dir
xclip /usr/share/X11/locale/C/XLC_LOCALE
xclip /usr/share/X11/locale/locale.alias
xclip /usr/share/X11/locale/locale.dir
xclip /usr/share/X11/locale/C/XLC_LOCALE
Xvfb /proc/3078/cmdline


