xclip /etc/ld.so.cache
xclip /lib/x86_64-linux-gnu/libXmu.so.6
xclip /lib/x86_64-linux-gnu/libX11.so.6
xclip /lib/x86_64-linux-gnu/libc.so.6
xclip /lib/x86_64-linux-gnu/libXt.so.6
xclip /lib/x86_64-linux-gnu/libXext.so.6
xclip /lib/x86_64-linux-gnu/libxcb.so.1
xclip /lib/x86_64-linux-gnu/libSM.so.6
xclip /lib/x86_64-linux-gnu/libICE.so.6
xclip /lib/x86_64-linux-gnu/libXau.so.6
xclip /lib/x86_64-linux-gnu/libXdmcp.so.6
xclip /lib/x86_64-linux-gnu/libuuid.so.1
xclip /lib/x86_64-linux-gnu/libbsd.so.0
xclip /lib/x86_64-linux-gnu/libmd.so.0
xclip /usr/share/X11/locale/locale.alias
xclip /usr/share/X11/locale/locale.dir
xclip /usr/share/X11/locale/C/XLC_LOCALE
xclip /usr/share/X11/locale/locale.alias
xclip /usr/share/X11/locale/locale.dir
xclip /usr/share/X11/locale/C/XLC_LOCALE
Xvfb /proc/974/cmdline
plasmashell /config/.config/plasma-org.kde.plasma.desktop-appletsrc.lock
plasmashell /proc/sys/kernel/random/boot_id
plasmashell /var/lib/dbus/machine-id
plasmashell /config/.config/plasma-org.kde.plasma.desktop-appletsrc
plasmashell /config/.config
plasmashell /config/.config/plasma-org.kde.plasma.desktop-appletsrc
xclip /etc/ld.so.cache
xclip /lib/x86_64-linux-gnu/libXmu.so.6
xclip /lib/x86_64-linux-gnu/libX11.so.6
xclip /lib/x86_64-linux-gnu/libc.so.6
xclip /lib/x86_64-linux-gnu/libXt.so.6
xclip /lib/x86_64-linux-gnu/libXext.so.6
xclip /lib/x86_64-linux-gnu/libxcb.so.1
xclip /lib/x86_64-linux-gnu/libSM.so.6
xclip /lib/x86_64-linux-gnu/libICE.so.6
xclip /lib/x86_64-linux-gnu/libXau.so.6
xclip /lib/x86_64-linux-gnu/libXdmcp.so.6
xclip /lib/x86_64-linux-gnu/libuuid.so.1
xclip /lib/x86_64-linux-gnu/libbsd.so.0
xclip /lib/x86_64-linux-gnu/libmd.so.0
xclip /usr/share/X11/locale/locale.alias
xclip /usr/share/X11/locale/locale.dir
xclip /usr/share/X11/locale/C/XLC_LOCALE
xclip /usr/share/X11/locale/locale.alias
xclip /usr/share/X11/locale/locale.dir
xclip /usr/share/X11/locale/C/XLC_LOCALE
Xvfb /proc/975/cmdline
pulseaudio /config/.config/pulse/719bfa8fe76f46648671425727a46825-default-sink
pulseaudio /config/.config/pulse/719bfa8fe76f46648671425727a46825-default-source
xclip /etc/ld.so.cache
xclip /lib/x86_64-linux-gnu/libXmu.so.6
xclip /lib/x86_64-linux-gnu/libX11.so.6
xclip /lib/x86_64-linux-gnu/libc.so.6
xclip /lib/x86_64-linux-gnu/libXt.so.6
xclip /lib/x86_64-linux-gnu/libXext.so.6
xclip /lib/x86_64-linux-gnu/libxcb.so.1
xclip /lib/x86_64-linux-gnu/libSM.so.6
xclip /lib/x86_64-linux-gnu/libICE.so.6
xclip /lib/x86_64-linux-gnu/libXau.so.6
xclip /lib/x86_64-linux-gnu/libXdmcp.so.6
xclip /lib/x86_64-linux-gnu/libuuid.so.1
xclip /lib/x86_64-linux-gnu/libbsd.so.0
xclip /lib/x86_64-linux-gnu/libmd.so.0
xclip /usr/share/X11/locale/locale.alias
xclip /usr/share/X11/locale/locale.dir
xclip /usr/share/X11/locale/C/XLC_LOCALE
xclip /usr/share/X11/locale/locale.alias
xclip /usr/share/X11/locale/locale.dir
xclip /usr/share/X11/locale/C/XLC_LOCALE
Xvfb /proc/976/cmdline
plasmashell /usr/share/plasma/desktoptheme/default/icons/drive.svgz
plasmashell /usr/share/icons/breeze/devices/symbolic/drive-removable-media-symbolic.svg
plasmashell /usr/lib/x86_64-linux-gnu/qt5/plugins/kf5/org.kde.kidletime.platforms
plasmashell /usr/lib/x86_64-linux-gnu/qt5/plugins/kf5/org.kde.kidletime.platforms/KF5IdleTimeWaylandPlugin.so
plasmashell /usr/lib/x86_64-linux-gnu/qt5/plugins/kf5/org.kde.kidletime.platforms/KF5IdleTimeXcbPlugin0.so
plasmashell /usr/lib/x86_64-linux-gnu/qt5/plugins/kf5/org.kde.kidletime.platforms/KF5IdleTimeXcbPlugin0.so.avx2
plasmashell /usr/lib/x86_64-linux-gnu/qt5/plugins/kf5/org.kde.kidletime.platforms/KF5IdleTimeXcbPlugin0.so
plasmashell /usr/share/plasma/desktoptheme/default/icons/media.svgz
plasmashell /usr/share/icons/breeze/actions/32/media-eject.svg
plasmashell /usr/share/plasma/desktoptheme/default/icons/device.svgz
plasmashell /usr/share/plasma/desktoptheme/default/widgets/checkmarks.svgz
plasmashell /usr/share/icons/breeze/actions/22/checkmark.svg
plasmashell /usr/share/plasma/desktoptheme/default/icons/edit.svgz
plasmashell /usr/share/icons/breeze/actions/22/edit-clear-history.svg
plasmashell /usr/share/icons/breeze/actions/22/edit-clear-history.svg
plasmashell /usr/share/icons/breeze/actions/22/notifications-disabled.svg
QSGRenderThread /usr/share/fonts/truetype/noto/NotoSans-Bold.ttf
xclip /etc/ld.so.cache
xclip /lib/x86_64-linux-gnu/libXmu.so.6
xclip /lib/x86_64-linux-gnu/libX11.so.6
xclip /lib/x86_64-linux-gnu/libc.so.6
xclip /lib/x86_64-linux-gnu/libXt.so.6
xclip /lib/x86_64-linux-gnu/libXext.so.6
xclip /lib/x86_64-linux-gnu/libxcb.so.1
xclip /lib/x86_64-linux-gnu/libSM.so.6
xclip /lib/x86_64-linux-gnu/libICE.so.6
xclip /lib/x86_64-linux-gnu/libXau.so.6
xclip /lib/x86_64-linux-gnu/libXdmcp.so.6
xclip /lib/x86_64-linux-gnu/libuuid.so.1
xclip /lib/x86_64-linux-gnu/libbsd.so.0
xclip /lib/x86_64-linux-gnu/libmd.so.0
xclip /usr/share/X11/locale/locale.alias
xclip /usr/share/X11/locale/locale.dir
xclip /usr/share/X11/locale/C/XLC_LOCALE
xclip /usr/share/X11/locale/locale.alias
xclip /usr/share/X11/locale/locale.dir
xclip /usr/share/X11/locale/C/XLC_LOCALE
Xvfb /proc/977/cmdline
xclip /etc/ld.so.cache
xclip /lib/x86_64-linux-gnu/libXmu.so.6
xclip /lib/x86_64-linux-gnu/libX11.so.6
xclip /lib/x86_64-linux-gnu/libc.so.6
xclip /lib/x86_64-linux-gnu/libXt.so.6
xclip /lib/x86_64-linux-gnu/libXext.so.6
xclip /lib/x86_64-linux-gnu/libxcb.so.1
xclip /lib/x86_64-linux-gnu/libSM.so.6
xclip /lib/x86_64-linux-gnu/libICE.so.6
xclip /lib/x86_64-linux-gnu/libXau.so.6
xclip /lib/x86_64-linux-gnu/libXdmcp.so.6
xclip /lib/x86_64-linux-gnu/libuuid.so.1
xclip /lib/x86_64-linux-gnu/libbsd.so.0
xclip /lib/x86_64-linux-gnu/libmd.so.0
xclip /usr/share/X11/locale/locale.alias
xclip /usr/share/X11/locale/locale.dir
xclip /usr/share/X11/locale/C/XLC_LOCALE
xclip /usr/share/X11/locale/locale.alias
xclip /usr/share/X11/locale/locale.dir
xclip /usr/share/X11/locale/C/XLC_LOCALE
Xvfb /proc/978/cmdline
QQmlThread /usr/share/plasma/plasmoids/org.kde.plasma.clipboard/contents/ui/inlinec
QQmlThread /config/.cache/plasmashell/qmlcache/2a8c43d11e4b39f247caffaec1ab74de22211196.
QQmlThread /usr/lib/x86_64-linux-gnu/qt5/qml/org/kde/prison/qmldir
QQmlThread /usr/lib/x86_64-linux-gnu/qt5/qml/org/kde/prison/libprisonquickplugin.so
QQmlThread /usr/lib/x86_64-linux-gnu/qt5/qml/org/kde/prison/libprisonquickplugin.so.avx2
QQmlThread /usr/lib/x86_64-linux-gnu/qt5/qml/org/kde/prison/libprisonquickplugin.so
plasmashell /usr/share/plasma/desktoptheme/default/icons/edit.svgz
plasmashell /usr/share/icons/breeze/actions/22/edit-paste.svg
plasmashell /usr/share/plasma/desktoptheme/default/icons/klipper.svgz
xclip /etc/ld.so.cache
xclip /lib/x86_64-linux-gnu/libXmu.so.6
xclip /lib/x86_64-linux-gnu/libX11.so.6
xclip /lib/x86_64-linux-gnu/libc.so.6
xclip /lib/x86_64-linux-gnu/libXt.so.6
xclip /lib/x86_64-linux-gnu/libXext.so.6
xclip /lib/x86_64-linux-gnu/libxcb.so.1
xclip /lib/x86_64-linux-gnu/libSM.so.6
xclip /lib/x86_64-linux-gnu/libICE.so.6
xclip /lib/x86_64-linux-gnu/libXau.so.6
xclip /lib/x86_64-linux-gnu/libXdmcp.so.6
xclip /lib/x86_64-linux-gnu/libuuid.so.1
xclip /lib/x86_64-linux-gnu/libbsd.so.0
xclip /lib/x86_64-linux-gnu/libmd.so.0
xclip /usr/share/X11/locale/locale.alias
xclip /usr/share/X11/locale/locale.dir
xclip /usr/share/X11/locale/C/XLC_LOCALE
xclip /usr/share/X11/locale/locale.alias
xclip /usr/share/X11/locale/locale.dir
xclip /usr/share/X11/locale/C/XLC_LOCALE
Xvfb /proc/979/cmdline
plasmashell /usr/bin/plasmacalendarplugins
plasmashell /usr/lib/x86_64-linux-gnu/qt5/plugins/plasmacalendarplugins
plasmashell /usr/lib/x86_64-linux-gnu/qt5/plugins/plasmacalendarplugins/holidaysevents.so
plasmashell /usr/lib/x86_64-linux-gnu/qt5/plugins/plasmacalendarplugins
plasmashell /usr/share/plasma/desktoptheme/default/widgets/calendar.svgz
plasmashell /usr/share/plasma/desktoptheme/default/icons/go.svgz
plasmashell /usr/share/plasma/desktoptheme/default/icons/preferences.svgz
plasmashell /usr/share/icons/breeze/preferences/32/preferences-system-time.svg
plasmashell /usr/share/plasma/desktoptheme/default/icons/list.svgz
xclip /etc/ld.so.cache
xclip /lib/x86_64-linux-gnu/libXmu.so.6
xclip /lib/x86_64-linux-gnu/libX11.so.6
xclip /lib/x86_64-linux-gnu/libc.so.6
xclip /lib/x86_64-linux-gnu/libXt.so.6
xclip /lib/x86_64-linux-gnu/libXext.so.6
xclip /lib/x86_64-linux-gnu/libxcb.so.1
xclip /lib/x86_64-linux-gnu/libSM.so.6
xclip /lib/x86_64-linux-gnu/libICE.so.6
xclip /lib/x86_64-linux-gnu/libXau.so.6
xclip /lib/x86_64-linux-gnu/libXdmcp.so.6
xclip /lib/x86_64-linux-gnu/libuuid.so.1
xclip /lib/x86_64-linux-gnu/libbsd.so.0
xclip /lib/x86_64-linux-gnu/libmd.so.0
xclip /usr/share/X11/locale/locale.alias
xclip /usr/share/X11/locale/locale.dir
xclip /usr/share/X11/locale/C/XLC_LOCALE
xclip /usr/share/X11/locale/locale.alias
xclip /usr/share/X11/locale/locale.dir
xclip /usr/share/X11/locale/C/XLC_LOCALE
Xvfb /proc/980/cmdline
xclip /etc/ld.so.cache
xclip /lib/x86_64-linux-gnu/libXmu.so.6
xclip /lib/x86_64-linux-gnu/libX11.so.6
xclip /lib/x86_64-linux-gnu/libc.so.6
xclip /lib/x86_64-linux-gnu/libXt.so.6
xclip /lib/x86_64-linux-gnu/libXext.so.6
xclip /lib/x86_64-linux-gnu/libxcb.so.1
xclip /lib/x86_64-linux-gnu/libSM.so.6
xclip /lib/x86_64-linux-gnu/libICE.so.6
xclip /lib/x86_64-linux-gnu/libXau.so.6
xclip /lib/x86_64-linux-gnu/libXdmcp.so.6
xclip /lib/x86_64-linux-gnu/libuuid.so.1
xclip /lib/x86_64-linux-gnu/libbsd.so.0
xclip /lib/x86_64-linux-gnu/libmd.so.0
xclip /usr/share/X11/locale/locale.alias
xclip /usr/share/X11/locale/locale.dir
xclip /usr/share/X11/locale/C/XLC_LOCALE
xclip /usr/share/X11/locale/locale.alias
xclip /usr/share/X11/locale/locale.dir
xclip /usr/share/X11/locale/C/XLC_LOCALE
Xvfb /proc/981/cmdline
nginx /usr/share/selkies/web/index.html
nginx /usr/share/selkies/web/manifest.json
selkies /proc/self/status
selkies /proc/mounts
selkies /config/.pulse/client.conf
selkies /config/.config/pulse/client.conf
selkies /etc/pulse/client.conf
selkies /etc/pulse/client.conf.d
selkies /etc/pulse/client.conf.d/01-enable-autospawn.conf
selkies /dev/shm/
selkies /dev/urandom
selkies /defaults
selkies /config/.config/pulse/cookie
pulseaudio /dev/shm/
pulseaudio /dev/urandom
selkies /etc/nsswitch.conf
selkies /etc/passwd
selkies /etc/machine-id
pulseaudio /usr/share/applications/python3.12.desktop
selkies /proc/stat
selkies /proc/meminfo
selkies /config/.Xresources
xrdb /etc/ld.so.cache
xrdb /lib/x86_64-linux-gnu/libXmuu.so.1
xrdb /lib/x86_64-linux-gnu/libX11.so.6
xrdb /lib/x86_64-linux-gnu/libc.so.6
xrdb /lib/x86_64-linux-gnu/libxcb.so.1
xrdb /lib/x86_64-linux-gnu/libXau.so.6
xrdb /lib/x86_64-linux-gnu/libXdmcp.so.6
xrdb /lib/x86_64-linux-gnu/libbsd.so.0
xrdb /lib/x86_64-linux-gnu/libmd.so.0
xrdb /dev/null
Xvfb /proc/983/cmdline
xrdb /config/.Xresources
sh /etc/ld.so.cache
sh /lib/x86_64-linux-gnu/libc.so.6
cpp /etc/ld.so.cache
cpp /lib/x86_64-linux-gnu/libc.so.6
cpp /usr/lib/locale/locale-archive
cpp /usr/share/locale/locale.alias
cpp /usr/share/locale/en_US/LC_MESSAGES/gcc-13.mo
cpp /usr/share/locale/en/LC_MESSAGES/gcc-13.mo
cpp /usr/share/locale-langpack/en_US/LC_MESSAGES/gcc-13.mo
cpp /usr/share/locale-langpack/en/LC_MESSAGES/gcc-13.mo
cc1 /etc/ld.so.cache
cc1 /lib/x86_64-linux-gnu/libisl.so.23
cc1 /lib/x86_64-linux-gnu/libmpc.so.3
cc1 /lib/x86_64-linux-gnu/libmpfr.so.6
cc1 /lib/x86_64-linux-gnu/libgmp.so.10
cc1 /lib/x86_64-linux-gnu/libz.so.1
cc1 /lib/x86_64-linux-gnu/libzstd.so.1
cc1 /lib/x86_64-linux-gnu/libc.so.6
cc1 /lib/x86_64-linux-gnu/libm.so.6
cc1 /usr/lib/locale/locale-archive
cc1 /usr/share/locale/locale.alias
cc1 /usr/share/locale/en_US/LC_MESSAGES/gcc-13.mo
cc1 /usr/share/locale/en/LC_MESSAGES/gcc-13.mo
cc1 /usr/share/locale-langpack/en_US/LC_MESSAGES/gcc-13.mo
cc1 /usr/share/locale-langpack/en/LC_MESSAGES/gcc-13.mo
cc1 /config/.Xresources
cc1 /usr/lib/gcc/x86_64-linux-gnu/13/include/stdc-predef.h
cc1 /usr/local/include/stdc-predef.h
cc1 /usr/include/x86_64-linux-gnu/stdc-predef.h
cc1 /usr/include/stdc-predef.h
selkies /config/.xsettingsd
pgrep /etc/ld.so.cache
pgrep /lib/x86_64-linux-gnu/libproc2.so.0
pgrep /lib/x86_64-linux-gnu/libc.so.6
pgrep /lib/x86_64-linux-gnu/libsystemd.so.0
pgrep /lib/x86_64-linux-gnu/libcap.so.2
pgrep /lib/x86_64-linux-gnu/libgcrypt.so.20
pgrep /lib/x86_64-linux-gnu/liblz4.so.1
pgrep /lib/x86_64-linux-gnu/liblzma.so.5
pgrep /lib/x86_64-linux-gnu/libzstd.so.1
pgrep /lib/x86_64-linux-gnu/libgpg-error.so.0
pgrep /usr/lib/locale/locale-archive
pgrep /usr/lib/x86_64-linux-gnu/gconv/gconv-modules.cache
pgrep /etc/ld.so.cache
pgrep /lib/x86_64-linux-gnu/glibc-hwcaps/x86-64-v3/libnuma.so
pgrep /lib/x86_64-linux-gnu/glibc-hwcaps/x86-64-v2/libnuma.so
pgrep /lib/x86_64-linux-gnu/libnuma.so
pgrep /usr/lib/x86_64-linux-gnu/glibc-hwcaps/x86-64-v3/libnuma.so
pgrep /usr/lib/x86_64-linux-gnu/glibc-hwcaps/x86-64-v2/libnuma.so
pgrep /usr/lib/x86_64-linux-gnu/libnuma.so
pgrep /lib/glibc-hwcaps/x86-64-v3/libnuma.so
pgrep /lib/glibc-hwcaps/x86-64-v2/libnuma.so
pgrep /lib/libnuma.so
pgrep /usr/lib/glibc-hwcaps/x86-64-v3/libnuma.so
pgrep /usr/lib/glibc-hwcaps/x86-64-v2/libnuma.so
pgrep /usr/lib/libnuma.so
pgrep /etc/ld.so.cache
pgrep /lib/x86_64-linux-gnu/libnuma.so.1
pgrep /proc/self/status
pgrep /sys/devices/system/node
pgrep /sys/devices/system/cpu/possible
pgrep /proc/self/status
pgrep /proc
pgrep /proc/uptime
pgrep /proc/1/stat
pgrep /proc/1/status
pgrep /proc/1/cmdline
pgrep /proc/1/cgroup
pgrep /proc/1/ctty
pgrep /proc/uptime
pgrep /proc/12/stat
pgrep /proc/12/status
pgrep /proc/12/cmdline
pgrep /proc/12/cgroup
pgrep /proc/12/ctty
pgrep /proc/uptime
pgrep /proc/14/stat
pgrep /proc/14/status
pgrep /proc/14/cmdline
pgrep /proc/14/cgroup
pgrep /proc/14/ctty
pgrep /proc/uptime
pgrep /proc/35/stat
pgrep /proc/35/status
pgrep /proc/35/cmdline
pgrep /proc/35/cgroup
pgrep /proc/35/ctty
pgrep /proc/uptime
pgrep /proc/36/stat
pgrep /proc/36/status
pgrep /proc/36/cmdline
pgrep /proc/36/cgroup
pgrep /proc/36/ctty
pgrep /proc/uptime
pgrep /proc/37/stat
pgrep /proc/37/status
pgrep /proc/37/cmdline
pgrep /proc/37/cgroup
pgrep /proc/37/ctty
pgrep /proc/uptime
pgrep /proc/38/stat
pgrep /proc/38/status
pgrep /proc/38/cmdline
pgrep /proc/38/cgroup
pgrep /proc/38/ctty
pgrep /proc/uptime
pgrep /proc/39/stat
pgrep /proc/39/status
pgrep /proc/39/cmdline
pgrep /proc/39/cgroup
pgrep /proc/39/ctty
pgrep /proc/uptime
pgrep /proc/40/stat
pgrep /proc/40/status
pgrep /proc/40/cmdline
pgrep /proc/40/cgroup
pgrep /proc/40/ctty
pgrep /proc/uptime
pgrep /proc/41/stat
pgrep /proc/41/status
pgrep /proc/41/cmdline
pgrep /proc/41/cgroup
pgrep /proc/41/ctty
pgrep /proc/uptime
pgrep /proc/42/stat
pgrep /proc/42/status
pgrep /proc/42/cmdline
pgrep /proc/42/cgroup
pgrep /proc/42/ctty
pgrep /proc/uptime
pgrep /proc/43/stat
pgrep /proc/43/status
pgrep /proc/43/cmdline
pgrep /proc/43/cgroup
pgrep /proc/43/ctty
pgrep /proc/uptime
pgrep /proc/44/stat
pgrep /proc/44/status
pgrep /proc/44/cmdline
pgrep /proc/44/cgroup
pgrep /proc/44/ctty
pgrep /proc/uptime
pgrep /proc/45/stat
pgrep /proc/45/status
pgrep /proc/45/cmdline
pgrep /proc/45/cgroup
pgrep /proc/45/ctty
pgrep /proc/uptime
pgrep /proc/46/stat
pgrep /proc/46/status
pgrep /proc/46/cmdline
pgrep /proc/46/cgroup
pgrep /proc/46/ctty
pgrep /proc/uptime
pgrep /proc/54/stat
pgrep /proc/54/status
pgrep /proc/54/cmdline
pgrep /proc/54/cgroup
pgrep /proc/54/ctty
pgrep /proc/uptime
pgrep /proc/308/stat
pgrep /proc/308/status
pgrep /proc/308/cmdline
pgrep /proc/308/cgroup
pgrep /proc/308/ctty
pgrep /proc/uptime
pgrep /proc/310/stat
pgrep /proc/310/status
pgrep /proc/310/cmdline
pgrep /proc/310/cgroup
pgrep /proc/310/ctty
pgrep /proc/uptime
pgrep /proc/311/stat
pgrep /proc/311/status
pgrep /proc/311/cmdline
pgrep /proc/311/cgroup
pgrep /proc/311/ctty
pgrep /proc/uptime
pgrep /proc/312/stat
pgrep /proc/312/status
pgrep /proc/312/cmdline
pgrep /proc/312/cgroup
pgrep /proc/312/ctty
pgrep /proc/uptime
pgrep /proc/313/stat
pgrep /proc/313/status
pgrep /proc/313/cmdline
pgrep /proc/313/cgroup
pgrep /proc/313/ctty
pgrep /proc/uptime
pgrep /proc/314/stat
pgrep /proc/314/status
pgrep /proc/314/cmdline
pgrep /proc/314/cgroup
pgrep /proc/314/ctty
pgrep /proc/uptime
pgrep /proc/327/stat
pgrep /proc/327/status
pgrep /proc/327/cmdline
pgrep /proc/327/cgroup
pgrep /proc/327/ctty
pgrep /proc/uptime
pgrep /proc/333/stat
pgrep /proc/333/status
pgrep /proc/333/cmdline
pgrep /proc/333/cgroup
pgrep /proc/333/ctty
pgrep /proc/uptime
pgrep /proc/334/stat
pgrep /proc/334/status
pgrep /proc/334/cmdline
pgrep /proc/334/cgroup
pgrep /proc/334/ctty
pgrep /proc/uptime
pgrep /proc/344/stat
pgrep /proc/344/status
pgrep /proc/344/cmdline
pgrep /proc/344/cgroup
pgrep /proc/344/ctty
pgrep /proc/uptime
pgrep /proc/359/stat
pgrep /proc/359/status
pgrep /proc/359/cmdline
pgrep /proc/359/cgroup
pgrep /proc/359/ctty
pgrep /proc/uptime
pgrep /proc/377/stat
pgrep /proc/377/status
pgrep /proc/377/cmdline
pgrep /proc/377/cgroup
pgrep /proc/377/ctty
pgrep /proc/uptime
pgrep /proc/378/stat
pgrep /proc/378/status
pgrep /proc/378/cmdline
pgrep /proc/378/cgroup
pgrep /proc/378/ctty
pgrep /proc/uptime
pgrep /proc/379/stat
pgrep /proc/379/status
pgrep /proc/379/cmdline
pgrep /proc/379/cgroup
pgrep /proc/379/ctty
pgrep /proc/uptime
pgrep /proc/380/stat
pgrep /proc/380/status
pgrep /proc/380/cmdline
pgrep /proc/380/cgroup
pgrep /proc/380/ctty
pgrep /proc/uptime
pgrep /proc/381/stat
pgrep /proc/381/status
pgrep /proc/381/cmdline
pgrep /proc/381/cgroup
pgrep /proc/381/ctty
pgrep /proc/uptime
pgrep /proc/382/stat
pgrep /proc/382/status
pgrep /proc/382/cmdline
pgrep /proc/382/cgroup
pgrep /proc/382/ctty
pgrep /proc/uptime
pgrep /proc/383/stat
pgrep /proc/383/status
pgrep /proc/383/cmdline
pgrep /proc/383/cgroup
pgrep /proc/383/ctty
pgrep /proc/uptime
pgrep /proc/384/stat
pgrep /proc/384/status
pgrep /proc/384/cmdline
pgrep /proc/384/cgroup
pgrep /proc/384/ctty
pgrep /proc/uptime
pgrep /proc/385/stat
pgrep /proc/385/status
pgrep /proc/385/cmdline
pgrep /proc/385/cgroup
pgrep /proc/385/ctty
pgrep /proc/uptime
pgrep /proc/386/stat
pgrep /proc/386/status
pgrep /proc/386/cmdline
pgrep /proc/386/cgroup
pgrep /proc/386/ctty
pgrep /proc/uptime
pgrep /proc/387/stat
pgrep /proc/387/status
pgrep /proc/387/cmdline
pgrep /proc/387/cgroup
pgrep /proc/387/ctty
pgrep /proc/uptime
pgrep /proc/388/stat
pgrep /proc/388/status
pgrep /proc/388/cmdline
pgrep /proc/388/cgroup
pgrep /proc/388/ctty
pgrep /proc/uptime
pgrep /proc/389/stat
pgrep /proc/389/status
pgrep /proc/389/cmdline
pgrep /proc/389/cgroup
pgrep /proc/389/ctty
pgrep /proc/uptime
pgrep /proc/390/stat
pgrep /proc/390/status
pgrep /proc/390/cmdline
pgrep /proc/390/cgroup
pgrep /proc/390/ctty
pgrep /proc/uptime
pgrep /proc/391/stat
pgrep /proc/391/status
pgrep /proc/391/cmdline
pgrep /proc/391/cgroup
pgrep /proc/391/ctty
pgrep /proc/uptime
pgrep /proc/392/stat
pgrep /proc/392/status
pgrep /proc/392/cmdline
pgrep /proc/392/cgroup
pgrep /proc/392/ctty
pgrep /proc/uptime
pgrep /proc/400/stat
pgrep /proc/400/status
pgrep /proc/400/cmdline
pgrep /proc/400/cgroup
pgrep /proc/400/ctty
pgrep /proc/uptime
pgrep /proc/401/stat
pgrep /proc/401/status
pgrep /proc/401/cmdline
pgrep /proc/401/cgroup
pgrep /proc/401/ctty
pgrep /proc/uptime
pgrep /proc/431/stat
pgrep /proc/431/status
pgrep /proc/431/cmdline
pgrep /proc/431/cgroup
pgrep /proc/431/ctty
pgrep /proc/uptime
pgrep /proc/446/stat
pgrep /proc/446/status
pgrep /proc/446/cmdline
pgrep /proc/446/cgroup
pgrep /proc/446/ctty
pgrep /proc/uptime
pgrep /proc/447/stat
pgrep /proc/447/status
pgrep /proc/447/cmdline
pgrep /proc/447/cgroup
pgrep /proc/447/ctty
pgrep /proc/uptime
pgrep /proc/506/stat
pgrep /proc/506/status
pgrep /proc/506/cmdline
pgrep /proc/506/cgroup
pgrep /proc/506/ctty
pgrep /proc/uptime
pgrep /proc/518/stat
pgrep /proc/518/status
pgrep /proc/518/cmdline
pgrep /proc/518/cgroup
pgrep /proc/518/ctty
pgrep /proc/uptime
pgrep /proc/541/stat
pgrep /proc/541/status
pgrep /proc/541/cmdline
pgrep /proc/541/cgroup
pgrep /proc/541/ctty
pgrep /proc/uptime
pgrep /proc/583/stat
pgrep /proc/583/status
pgrep /proc/583/cmdline
pgrep /proc/583/cgroup
pgrep /proc/583/ctty
pgrep /proc/uptime
pgrep /proc/589/stat
pgrep /proc/589/status
pgrep /proc/589/cmdline
pgrep /proc/589/cgroup
pgrep /proc/589/ctty
pgrep /proc/uptime
pgrep /proc/646/stat
pgrep /proc/646/status
pgrep /proc/646/cmdline
pgrep /proc/646/cgroup
pgrep /proc/646/ctty
pgrep /proc/uptime
pgrep /proc/647/stat
pgrep /proc/647/status
pgrep /proc/647/cmdline
pgrep /proc/647/cgroup
pgrep /proc/647/ctty
pgrep /proc/uptime
pgrep /proc/699/stat
pgrep /proc/699/status
pgrep /proc/699/cmdline
pgrep /proc/699/cgroup
pgrep /proc/699/ctty
pgrep /proc/uptime
pgrep /proc/700/stat
pgrep /proc/700/status
pgrep /proc/700/cmdline
pgrep /proc/700/cgroup
pgrep /proc/700/ctty
pgrep /proc/uptime
pgrep /proc/702/stat
pgrep /proc/702/status
pgrep /proc/702/cmdline
pgrep /proc/702/cgroup
pgrep /proc/702/ctty
pgrep /proc/uptime
pgrep /proc/776/stat
pgrep /proc/776/status
pgrep /proc/776/cmdline
pgrep /proc/776/cgroup
pgrep /proc/776/ctty
pgrep /proc/uptime
pgrep /proc/840/stat
pgrep /proc/840/status
pgrep /proc/840/cmdline
pgrep /proc/840/cgroup
pgrep /proc/840/ctty
pgrep /proc/uptime
pgrep /proc/938/stat
pgrep /proc/938/status
pgrep /proc/938/cmdline
pgrep /proc/938/cgroup
pgrep /proc/938/ctty
pgrep /proc/uptime
pgrep /proc/967/stat
pgrep /proc/967/status
pgrep /proc/967/cmdline
pgrep /proc/967/cgroup
pgrep /proc/967/ctty
pgrep /proc/uptime
pgrep /proc/969/stat
pgrep /proc/969/status
pgrep /proc/969/cmdline
pgrep /proc/969/cgroup
pgrep /proc/969/ctty
pgrep /proc/uptime
pgrep /proc/987/stat
pgrep /proc/987/status
pgrep /proc/987/cmdline
pgrep /proc/987/cgroup
pgrep /proc/987/ctty
pgrep /proc/uptime
kill /etc/ld.so.cache
kill /lib/x86_64-linux-gnu/libc.so.6
kill /usr/lib/locale/locale-archive
kill /usr/share/locale/locale.alias
kill /usr/share/locale/en_US/LC_MESSAGES/procps-ng.mo
kill /usr/share/locale/en/LC_MESSAGES/procps-ng.mo
kill /usr/share/locale-langpack/en_US/LC_MESSAGES/procps-ng.mo
kill /usr/share/locale-langpack/en/LC_MESSAGES/procps-ng.mo
xsettingsd /config/.xsettingsd
xfconf-query /etc/ld.so.cache
xfconf-query /lib/x86_64-linux-gnu/libxfconf-0.so.3
xfconf-query /lib/x86_64-linux-gnu/libxfce4util.so.7
xfconf-query /lib/x86_64-linux-gnu/libgobject-2.0.so.0
xfconf-query /lib/x86_64-linux-gnu/libglib-2.0.so.0
xfconf-query /lib/x86_64-linux-gnu/libc.so.6
xfconf-query /lib/x86_64-linux-gnu/libgio-2.0.so.0
xfconf-query /lib/x86_64-linux-gnu/libffi.so.8
xfconf-query /lib/x86_64-linux-gnu/libm.so.6
xfconf-query /lib/x86_64-linux-gnu/libpcre2-8.so.0
xfconf-query /lib/x86_64-linux-gnu/libgmodule-2.0.so.0
xfconf-query /lib/x86_64-linux-gnu/libz.so.1
xfconf-query /lib/x86_64-linux-gnu/libmount.so.1
xfconf-query /lib/x86_64-linux-gnu/libselinux.so.1
xfconf-query /lib/x86_64-linux-gnu/libblkid.so.1
xfconf-query /proc/filesystems
xfconf-query /usr/lib/locale/locale-archive
xfconf-query /usr/share/locale/locale.alias
xfconf-query /usr/share/locale/en_US/LC_MESSAGES/xfconf.mo
xfconf-query /usr/share/locale/en/LC_MESSAGES/xfconf.mo
xfconf-query /usr/share/locale-langpack/en_US/LC_MESSAGES/xfconf.mo
xfconf-query /usr/share/locale-langpack/en/LC_MESSAGES/xfconf.mo
xfconf-query /usr/lib/x86_64-linux-gnu/charset.alias
xfconf-query /var/lib/dbus/machine-id
xfconf-query /dev/null
dbus-launch /etc/ld.so.cache
dbus-launch /lib/x86_64-linux-gnu/libdbus-1.so.3
dbus-launch /lib/x86_64-linux-gnu/libX11.so.6
dbus-launch /lib/x86_64-linux-gnu/libc.so.6
dbus-launch /lib/x86_64-linux-gnu/libsystemd.so.0
dbus-launch /lib/x86_64-linux-gnu/libxcb.so.1
dbus-launch /lib/x86_64-linux-gnu/libcap.so.2
dbus-launch /lib/x86_64-linux-gnu/libgcrypt.so.20
dbus-launch /lib/x86_64-linux-gnu/liblz4.so.1
dbus-launch /lib/x86_64-linux-gnu/liblzma.so.5
dbus-launch /lib/x86_64-linux-gnu/libzstd.so.1
dbus-launch /lib/x86_64-linux-gnu/libXau.so.6
dbus-launch /lib/x86_64-linux-gnu/libXdmcp.so.6
dbus-launch /lib/x86_64-linux-gnu/libgpg-error.so.0
dbus-launch /lib/x86_64-linux-gnu/libbsd.so.0
dbus-launch /lib/x86_64-linux-gnu/libmd.so.0
dbus-launch /dev/null
Xvfb /proc/992/cmdline
dbus-launch /etc/nsswitch.conf
dbus-launch /etc/passwd
xfconf-query /usr/share/locale/en_US/LC_MESSAGES/libc.mo
xfconf-query /usr/share/locale/en/LC_MESSAGES/libc.mo
xfconf-query /usr/share/locale-langpack/en_US/LC_MESSAGES/libc.mo
xfconf-query /usr/share/locale-langpack/en/LC_MESSAGES/libc.mo
dbus-daemon /run/systemd/users/911
dbus-daemon /proc/989/cmdline
dbus-daemon /etc/localtime
dbus-daemon /proc/self/oom_score_adj
xfconfd /etc/ld.so.cache
xfconfd /lib/x86_64-linux-gnu/libgio-2.0.so.0
xfconfd /lib/x86_64-linux-gnu/libgobject-2.0.so.0
xfconfd /lib/x86_64-linux-gnu/libxfce4util.so.7
xfconfd /lib/x86_64-linux-gnu/libglib-2.0.so.0
xfconfd /lib/x86_64-linux-gnu/libc.so.6
xfconfd /lib/x86_64-linux-gnu/libgmodule-2.0.so.0
xfconfd /lib/x86_64-linux-gnu/libz.so.1
xfconfd /lib/x86_64-linux-gnu/libmount.so.1
xfconfd /lib/x86_64-linux-gnu/libselinux.so.1
xfconfd /lib/x86_64-linux-gnu/libffi.so.8
xfconfd /lib/x86_64-linux-gnu/libm.so.6
xfconfd /lib/x86_64-linux-gnu/libpcre2-8.so.0
xfconfd /lib/x86_64-linux-gnu/libblkid.so.1
xfconfd /proc/filesystems
xfconfd /usr/lib/locale/locale-archive
xfconfd /usr/share/locale/locale.alias
xfconfd /usr/share/locale/en_US/LC_MESSAGES/xfconf.mo
xfconfd /usr/share/locale/en/LC_MESSAGES/xfconf.mo
xfconfd /usr/share/locale-langpack/en_US/LC_MESSAGES/xfconf.mo
xfconfd /usr/share/locale-langpack/en/LC_MESSAGES/xfconf.mo
xfconfd /usr/share/locale/en_US/LC_MESSAGES/libc.mo
xfconfd /usr/share/locale/en/LC_MESSAGES/libc.mo
xfconfd /usr/share/locale-langpack/en_US/LC_MESSAGES/libc.mo
xfconfd /usr/share/locale-langpack/en/LC_MESSAGES/libc.mo
xfconfd /usr/lib/x86_64-linux-gnu/charset.alias
dbus-daemon /run/systemd/users/911
dbus-daemon /proc/995/cmdline
xfconfd /config/.config/xfce4/xfconf/xfce-perchannel-xml/xsettings.xml
xfconfd /usr/share/locale/en_US/LC_MESSAGES/glib20.mo
xfconfd /usr/share/locale/en/LC_MESSAGES/glib20.mo
xfconfd /usr/share/locale-langpack/en_US/LC_MESSAGES/glib20.mo
xfconfd /usr/share/locale-langpack/en/LC_MESSAGES/glib20.mo
xfconfd /config/.config/xfce4/xfconf/xfce-perchannel-xml/xsettings.xml
xrandr /etc/ld.so.cache
xrandr /lib/x86_64-linux-gnu/libXrandr.so.2
xrandr /lib/x86_64-linux-gnu/libX11.so.6
xrandr /lib/x86_64-linux-gnu/libm.so.6
xrandr /lib/x86_64-linux-gnu/libc.so.6
xrandr /lib/x86_64-linux-gnu/libXext.so.6
xrandr /lib/x86_64-linux-gnu/libXrender.so.1
xrandr /lib/x86_64-linux-gnu/libxcb.so.1
xrandr /lib/x86_64-linux-gnu/libXau.so.6
xrandr /lib/x86_64-linux-gnu/libXdmcp.so.6
xrandr /lib/x86_64-linux-gnu/libbsd.so.0
xrandr /lib/x86_64-linux-gnu/libmd.so.0
Xvfb /proc/1001/cmdline
xrandr /etc/ld.so.cache
xrandr /lib/x86_64-linux-gnu/libXrandr.so.2
xrandr /lib/x86_64-linux-gnu/libX11.so.6
xrandr /lib/x86_64-linux-gnu/libm.so.6
xrandr /lib/x86_64-linux-gnu/libc.so.6
xrandr /lib/x86_64-linux-gnu/libXext.so.6
xrandr /lib/x86_64-linux-gnu/libXrender.so.1
xrandr /lib/x86_64-linux-gnu/libxcb.so.1
xrandr /lib/x86_64-linux-gnu/libXau.so.6
xrandr /lib/x86_64-linux-gnu/libXdmcp.so.6
xrandr /lib/x86_64-linux-gnu/libbsd.so.0
xrandr /lib/x86_64-linux-gnu/libmd.so.0
Xvfb /proc/1002/cmdline
xrandr /etc/ld.so.cache
xrandr /lib/x86_64-linux-gnu/libXrandr.so.2
xrandr /lib/x86_64-linux-gnu/libX11.so.6
xrandr /lib/x86_64-linux-gnu/libm.so.6
xrandr /lib/x86_64-linux-gnu/libc.so.6
xrandr /lib/x86_64-linux-gnu/libXext.so.6
xrandr /lib/x86_64-linux-gnu/libXrender.so.1
xrandr /lib/x86_64-linux-gnu/libxcb.so.1
xrandr /lib/x86_64-linux-gnu/libXau.so.6
xrandr /lib/x86_64-linux-gnu/libXdmcp.so.6
xrandr /lib/x86_64-linux-gnu/libbsd.so.0
xrandr /lib/x86_64-linux-gnu/libmd.so.0
Xvfb /proc/1003/cmdline
cvt /etc/ld.so.cache
cvt /lib/x86_64-linux-gnu/libxcvt.so.0
cvt /lib/x86_64-linux-gnu/libm.so.6
cvt /lib/x86_64-linux-gnu/libc.so.6
xrandr /etc/ld.so.cache
xrandr /lib/x86_64-linux-gnu/libXrandr.so.2
xrandr /lib/x86_64-linux-gnu/libX11.so.6
xrandr /lib/x86_64-linux-gnu/libm.so.6
xrandr /lib/x86_64-linux-gnu/libc.so.6
xrandr /lib/x86_64-linux-gnu/libXext.so.6
xrandr /lib/x86_64-linux-gnu/libXrender.so.1
xrandr /lib/x86_64-linux-gnu/libxcb.so.1
xrandr /lib/x86_64-linux-gnu/libXau.so.6
xrandr /lib/x86_64-linux-gnu/libXdmcp.so.6
xrandr /lib/x86_64-linux-gnu/libbsd.so.0
xrandr /lib/x86_64-linux-gnu/libmd.so.0
Xvfb /proc/1005/cmdline
xrandr /etc/ld.so.cache
xrandr /lib/x86_64-linux-gnu/libXrandr.so.2
xrandr /lib/x86_64-linux-gnu/libX11.so.6
xrandr /lib/x86_64-linux-gnu/libm.so.6
xrandr /lib/x86_64-linux-gnu/libc.so.6
xrandr /lib/x86_64-linux-gnu/libXext.so.6
xrandr /lib/x86_64-linux-gnu/libXrender.so.1
xrandr /lib/x86_64-linux-gnu/libxcb.so.1
xrandr /lib/x86_64-linux-gnu/libXau.so.6
xrandr /lib/x86_64-linux-gnu/libXdmcp.so.6
xrandr /lib/x86_64-linux-gnu/libbsd.so.0
xrandr /lib/x86_64-linux-gnu/libmd.so.0
Xvfb /proc/1006/cmdline
xrandr /etc/ld.so.cache
xrandr /lib/x86_64-linux-gnu/libXrandr.so.2
xrandr /lib/x86_64-linux-gnu/libX11.so.6
xrandr /lib/x86_64-linux-gnu/libm.so.6
xrandr /lib/x86_64-linux-gnu/libc.so.6
xrandr /lib/x86_64-linux-gnu/libXext.so.6
xrandr /lib/x86_64-linux-gnu/libXrender.so.1
xrandr /lib/x86_64-linux-gnu/libxcb.so.1
xrandr /lib/x86_64-linux-gnu/libXau.so.6
xrandr /lib/x86_64-linux-gnu/libXdmcp.so.6
xrandr /lib/x86_64-linux-gnu/libbsd.so.0
xrandr /lib/x86_64-linux-gnu/libmd.so.0
Xvfb /proc/1007/cmdline
xrandr /etc/ld.so.cache
xrandr /lib/x86_64-linux-gnu/libXrandr.so.2
xrandr /lib/x86_64-linux-gnu/libX11.so.6
xrandr /lib/x86_64-linux-gnu/libm.so.6
xrandr /lib/x86_64-linux-gnu/libc.so.6
xrandr /lib/x86_64-linux-gnu/libXext.so.6
xrandr /lib/x86_64-linux-gnu/libXrender.so.1
xrandr /lib/x86_64-linux-gnu/libxcb.so.1
xrandr /lib/x86_64-linux-gnu/libXau.so.6
xrandr /lib/x86_64-linux-gnu/libXdmcp.so.6
xrandr /lib/x86_64-linux-gnu/libbsd.so.0
xrandr /lib/x86_64-linux-gnu/libmd.so.0
Xvfb /proc/1008/cmdline
xrandr /etc/ld.so.cache
xrandr /lib/x86_64-linux-gnu/libXrandr.so.2
xrandr /lib/x86_64-linux-gnu/libX11.so.6
xrandr /lib/x86_64-linux-gnu/libm.so.6
xrandr /lib/x86_64-linux-gnu/libc.so.6
xrandr /lib/x86_64-linux-gnu/libXext.so.6
xrandr /lib/x86_64-linux-gnu/libXrender.so.1
xrandr /lib/x86_64-linux-gnu/libxcb.so.1
xrandr /lib/x86_64-linux-gnu/libXau.so.6
xrandr /lib/x86_64-linux-gnu/libXdmcp.so.6
xrandr /lib/x86_64-linux-gnu/libbsd.so.0
xrandr /lib/x86_64-linux-gnu/libmd.so.0
Xvfb /proc/1009/cmdline
plasmashell /usr/share/icons/hicolor/48x48/apps/thunderbird.png
selkies /usr/lib/python3.12/concurrent/futures/__pycache__/thread.cpython-312.pyc
selkies /sys/devices/system/cpu/online
selkies /lsiopy/lib/python3.12/site-packages/pixelflux/../pixelflux.libs/libnvidia-encode.so.1
selkies /etc/ld.so.cache
selkies /lib/x86_64-linux-gnu/libnvidia-encode.so.1
selkies /usr/lib/x86_64-linux-gnu/libnvidia-encode.so.1
selkies /lib/libnvidia-encode.so.1
selkies /usr/lib/libnvidia-encode.so.1
selkies /lsiopy/lib/python3.12/site-packages/pixelflux/../pixelflux.libs/libnvidia-encode.so
selkies /etc/ld.so.cache
selkies /lib/x86_64-linux-gnu/libnvidia-encode.so
selkies /usr/lib/x86_64-linux-gnu/libnvidia-encode.so
selkies /lib/libnvidia-encode.so
selkies /usr/lib/libnvidia-encode.so
Xvfb /proc/333/cmdline
selkies /config/.pulse/client.conf
selkies /config/.config/pulse/client.conf
selkies /etc/pulse/client.conf
selkies /etc/pulse/client.conf.d
selkies /etc/pulse/client.conf.d/01-enable-autospawn.conf
selkies /dev/shm/
selkies /dev/urandom
selkies /defaults
threaded-ml /config/.config/pulse/cookie
xclip /etc/ld.so.cache
xclip /lib/x86_64-linux-gnu/libXmu.so.6
xclip /lib/x86_64-linux-gnu/libX11.so.6
xclip /lib/x86_64-linux-gnu/libc.so.6
pulseaudio /dev/shm/
pulseaudio /dev/urandom
xclip /lib/x86_64-linux-gnu/libXt.so.6
xclip /lib/x86_64-linux-gnu/libXext.so.6
xclip /lib/x86_64-linux-gnu/libxcb.so.1
threaded-ml /etc/passwd
threaded-ml /etc/machine-id
xclip /lib/x86_64-linux-gnu/libSM.so.6
xclip /lib/x86_64-linux-gnu/libICE.so.6
selkies /sys/devices/system/cpu/online
xclip /lib/x86_64-linux-gnu/libXau.so.6
xclip /lib/x86_64-linux-gnu/libXdmcp.so.6
xclip /lib/x86_64-linux-gnu/libuuid.so.1
xclip /lib/x86_64-linux-gnu/libbsd.so.0
xclip /lib/x86_64-linux-gnu/libmd.so.0
xclip /usr/share/X11/locale/locale.alias
xclip /usr/share/X11/locale/locale.dir
xclip /usr/share/X11/locale/C/XLC_LOCALE
xclip /usr/share/X11/locale/locale.alias
xclip /usr/share/X11/locale/locale.dir
xclip /usr/share/X11/locale/C/XLC_LOCALE
Xvfb /proc/1013/cmdline
plasmashell /usr/share/pixmaps/vscode.png
plasmashell /usr/share/icons/hicolor/48x48/apps/chromium.png
QSGRenderThread /config/.cache/mesa_shader_cache/58/02bd9728eb2f1c00ba72e56f87158c6f2ac6b1
xrandr /etc/ld.so.cache
xrandr /lib/x86_64-linux-gnu/libXrandr.so.2
xrandr /lib/x86_64-linux-gnu/libX11.so.6
xrandr /lib/x86_64-linux-gnu/libm.so.6
xrandr /lib/x86_64-linux-gnu/libc.so.6
xrandr /lib/x86_64-linux-gnu/libXext.so.6
xrandr /lib/x86_64-linux-gnu/libXrender.so.1
xrandr /lib/x86_64-linux-gnu/libxcb.so.1
xrandr /lib/x86_64-linux-gnu/libXau.so.6
xrandr /lib/x86_64-linux-gnu/libXdmcp.so.6
xrandr /lib/x86_64-linux-gnu/libbsd.so.0
xrandr /lib/x86_64-linux-gnu/libmd.so.0
Xvfb /proc/1016/cmdline
xrandr /etc/ld.so.cache
xrandr /lib/x86_64-linux-gnu/libXrandr.so.2
xrandr /lib/x86_64-linux-gnu/libX11.so.6
xrandr /lib/x86_64-linux-gnu/libm.so.6
xrandr /lib/x86_64-linux-gnu/libc.so.6
xrandr /lib/x86_64-linux-gnu/libXext.so.6
xrandr /lib/x86_64-linux-gnu/libXrender.so.1
xrandr /lib/x86_64-linux-gnu/libxcb.so.1
xrandr /lib/x86_64-linux-gnu/libXau.so.6
xrandr /lib/x86_64-linux-gnu/libXdmcp.so.6
xrandr /lib/x86_64-linux-gnu/libbsd.so.0
xrandr /lib/x86_64-linux-gnu/libmd.so.0
Xvfb /proc/1017/cmdline
xrandr /etc/ld.so.cache
xrandr /lib/x86_64-linux-gnu/libXrandr.so.2
xrandr /lib/x86_64-linux-gnu/libX11.so.6
xrandr /lib/x86_64-linux-gnu/libm.so.6
xrandr /lib/x86_64-linux-gnu/libc.so.6
xrandr /lib/x86_64-linux-gnu/libXext.so.6
xrandr /lib/x86_64-linux-gnu/libXrender.so.1
xrandr /lib/x86_64-linux-gnu/libxcb.so.1
xrandr /lib/x86_64-linux-gnu/libXau.so.6
xrandr /lib/x86_64-linux-gnu/libXdmcp.so.6
xrandr /lib/x86_64-linux-gnu/libbsd.so.0
xrandr /lib/x86_64-linux-gnu/libmd.so.0
plasmas:disk$0 /config/.cache/mesa_shader_cache/58/02bd9728eb2f1c00ba72e56f87158c6f2ac6b1.tmp
plasmas:disk$0 /config/.cache/mesa_shader_cache/58/02bd9728eb2f1c00ba72e56f87158c6f2ac6b1.tmp
plasmas:disk$0 /config/.cache/mesa_shader_cache/58/02bd9728eb2f1c00ba72e56f87158c6f2ac6b1
Xvfb /proc/1018/cmdline
cvt /etc/ld.so.cache
cvt /lib/x86_64-linux-gnu/libxcvt.so.0
cvt /lib/x86_64-linux-gnu/libm.so.6
cvt /lib/x86_64-linux-gnu/libc.so.6
xrandr /etc/ld.so.cache
xrandr /lib/x86_64-linux-gnu/libXrandr.so.2
xrandr /lib/x86_64-linux-gnu/libX11.so.6
xrandr /lib/x86_64-linux-gnu/libm.so.6
xrandr /lib/x86_64-linux-gnu/libc.so.6
xrandr /lib/x86_64-linux-gnu/libXext.so.6
xrandr /lib/x86_64-linux-gnu/libXrender.so.1
xrandr /lib/x86_64-linux-gnu/libxcb.so.1
xrandr /lib/x86_64-linux-gnu/libXau.so.6
xrandr /lib/x86_64-linux-gnu/libXdmcp.so.6
xrandr /lib/x86_64-linux-gnu/libbsd.so.0
xrandr /lib/x86_64-linux-gnu/libmd.so.0
Xvfb /proc/1020/cmdline
xrandr /etc/ld.so.cache
xrandr /lib/x86_64-linux-gnu/libXrandr.so.2
xrandr /lib/x86_64-linux-gnu/libX11.so.6
xrandr /lib/x86_64-linux-gnu/libm.so.6
xrandr /lib/x86_64-linux-gnu/libc.so.6
xrandr /lib/x86_64-linux-gnu/libXext.so.6
xrandr /lib/x86_64-linux-gnu/libXrender.so.1
xrandr /lib/x86_64-linux-gnu/libxcb.so.1
xrandr /lib/x86_64-linux-gnu/libXau.so.6
xrandr /lib/x86_64-linux-gnu/libXdmcp.so.6
xrandr /lib/x86_64-linux-gnu/libbsd.so.0
xrandr /lib/x86_64-linux-gnu/libmd.so.0
Xvfb /proc/1021/cmdline
QSGRenderThread /config/.cache/mesa_shader_cache/56/2dcc7635acb601d066d805614fb0c566f7a690
xrandr /etc/ld.so.cache
xrandr /lib/x86_64-linux-gnu/libXrandr.so.2
xrandr /lib/x86_64-linux-gnu/libX11.so.6
xrandr /lib/x86_64-linux-gnu/libm.so.6
xrandr /lib/x86_64-linux-gnu/libc.so.6
xrandr /lib/x86_64-linux-gnu/libXext.so.6
xrandr /lib/x86_64-linux-gnu/libXrender.so.1
xrandr /lib/x86_64-linux-gnu/libxcb.so.1
xrandr /lib/x86_64-linux-gnu/libXau.so.6
xrandr /lib/x86_64-linux-gnu/libXdmcp.so.6
xrandr /lib/x86_64-linux-gnu/libbsd.so.0
xrandr /lib/x86_64-linux-gnu/libmd.so.0
Xvfb /proc/1022/cmdline
QQuickPixmapRea /usr/share/backgrounds/Jammy-Jellyfish-Purple.jpg
QSGRenderThread /config/.cache/qtshadercache-x86_64-little_endian-lp64/3c597a80b51a24c02510e986e8c27bdb62e99ba6
QSGRenderThread /config/.cache/mesa_shader_cache/86/02e47704e478d2b9121f0ef7176da4a435f7f5
QSGRenderThread /config/.cache/qtshadercache-x86_64-little_endian-lp64
plasmas:disk$0 /config/.cache/mesa_shader_cache/86/02e47704e478d2b9121f0ef7176da4a435f7f5.tmp
plasmas:disk$0 /config/.cache/mesa_shader_cache/86/02e47704e478d2b9121f0ef7176da4a435f7f5.tmp
plasmas:disk$0 /config/.cache/mesa_shader_cache/86/02e47704e478d2b9121f0ef7176da4a435f7f5
QSGRenderThread /config/.cache/mesa_shader_cache/40/896ab61d9771b6600804f68da67fb0b42261af
xrandr /etc/ld.so.cache
xrandr /lib/x86_64-linux-gnu/libXrandr.so.2
xrandr /lib/x86_64-linux-gnu/libX11.so.6
xrandr /lib/x86_64-linux-gnu/libm.so.6
xrandr /lib/x86_64-linux-gnu/libc.so.6
xrandr /lib/x86_64-linux-gnu/libXext.so.6
xrandr /lib/x86_64-linux-gnu/libXrender.so.1
xrandr /lib/x86_64-linux-gnu/libxcb.so.1
xrandr /lib/x86_64-linux-gnu/libXau.so.6
xrandr /lib/x86_64-linux-gnu/libXdmcp.so.6
xrandr /lib/x86_64-linux-gnu/libbsd.so.0
xrandr /lib/x86_64-linux-gnu/libmd.so.0
QQuickPixmapRea /proc/sys/vm/overcommit_memory
Xvfb /proc/1023/cmdline
xrandr /etc/ld.so.cache
xrandr /lib/x86_64-linux-gnu/libXrandr.so.2
xrandr /lib/x86_64-linux-gnu/libX11.so.6
xrandr /lib/x86_64-linux-gnu/libm.so.6
plasmas:disk$0 /config/.cache/mesa_shader_cache/40/896ab61d9771b6600804f68da67fb0b42261af.tmp
xrandr /lib/x86_64-linux-gnu/libc.so.6
QSGRenderThread /config/.cache/mesa_shader_cache/ed/c89a0ade0bf78cb04a9f864973a229448c45f7
plasmas:disk$0 /config/.cache/mesa_shader_cache/40/896ab61d9771b6600804f68da67fb0b42261af.tmp
plasmas:disk$0 /config/.cache/mesa_shader_cache/40/896ab61d9771b6600804f68da67fb0b42261af
xrandr /lib/x86_64-linux-gnu/libXext.so.6
xrandr /lib/x86_64-linux-gnu/libXrender.so.1
xrandr /lib/x86_64-linux-gnu/libxcb.so.1
xrandr /lib/x86_64-linux-gnu/libXau.so.6
xrandr /lib/x86_64-linux-gnu/libXdmcp.so.6
xrandr /lib/x86_64-linux-gnu/libbsd.so.0
xrandr /lib/x86_64-linux-gnu/libmd.so.0
Xvfb /proc/1024/cmdline
selkies /lsiopy/lib/python3.12/site-packages/pixelflux/../pixelflux.libs/libnvidia-encode.so.1
selkies /etc/ld.so.cache
selkies /lib/x86_64-linux-gnu/libnvidia-encode.so.1
selkies /usr/lib/x86_64-linux-gnu/libnvidia-encode.so.1
selkies /lib/libnvidia-encode.so.1
selkies /usr/lib/libnvidia-encode.so.1
selkies /lsiopy/lib/python3.12/site-packages/pixelflux/../pixelflux.libs/libnvidia-encode.so
selkies /etc/ld.so.cache
selkies /lib/x86_64-linux-gnu/libnvidia-encode.so
selkies /usr/lib/x86_64-linux-gnu/libnvidia-encode.so
selkies /lib/libnvidia-encode.so
selkies /usr/lib/libnvidia-encode.so
Xvfb /proc/333/cmdline
plasmas:disk$0 /config/.cache/mesa_shader_cache/ed/c89a0ade0bf78cb04a9f864973a229448c45f7.tmp
plasmas:disk$0 /config/.cache/mesa_shader_cache/ed/c89a0ade0bf78cb04a9f864973a229448c45f7.tmp
plasmas:disk$0 /config/.cache/mesa_shader_cache/ed/c89a0ade0bf78cb04a9f864973a229448c45f7
selkies /sys/devices/system/cpu/online
xclip /etc/ld.so.cache
xclip /lib/x86_64-linux-gnu/libXmu.so.6
xclip /lib/x86_64-linux-gnu/libX11.so.6
xclip /lib/x86_64-linux-gnu/libc.so.6
xclip /lib/x86_64-linux-gnu/libXt.so.6
xclip /lib/x86_64-linux-gnu/libXext.so.6
xclip /lib/x86_64-linux-gnu/libxcb.so.1
xclip /lib/x86_64-linux-gnu/libSM.so.6
xclip /lib/x86_64-linux-gnu/libICE.so.6
xclip /lib/x86_64-linux-gnu/libXau.so.6
xclip /lib/x86_64-linux-gnu/libXdmcp.so.6
xclip /lib/x86_64-linux-gnu/libuuid.so.1
xclip /lib/x86_64-linux-gnu/libbsd.so.0
xclip /lib/x86_64-linux-gnu/libmd.so.0
xclip /usr/share/X11/locale/locale.alias
xclip /usr/share/X11/locale/locale.dir
xclip /usr/share/X11/locale/C/XLC_LOCALE
xclip /usr/share/X11/locale/locale.alias
xclip /usr/share/X11/locale/locale.dir
xclip /usr/share/X11/locale/C/XLC_LOCALE
Xvfb /proc/1027/cmdline
QQuickPixmapRea /usr/share/backgrounds/Jammy-Jellyfish-Purple.jpg
QSGRenderThread /config/.cache/qtshadercache-x86_64-little_endian-lp64/d524b60ebe14b3342c6956c081215082a7ec73c0
QSGRenderThread /config/.cache/mesa_shader_cache/33/0d05b9eb33e85a79f8aac35efefedbb1eb0b6f
QSGRenderThread /config/.cache/mesa_shader_cache/33/00b052fe14b1af317cbf469f440a0008884e80
plasmas:disk$0 /config/.cache/mesa_shader_cache/33/0d05b9eb33e85a79f8aac35efefedbb1eb0b6f.tmp
plasmas:disk$0 /config/.cache/mesa_shader_cache/33/0d05b9eb33e85a79f8aac35efefedbb1eb0b6f
plasmashell /config/.Xdefaults-8c3862a552a1
plasmashell /config/.icons/breeze_cursors/cursors/left_ptr
plasmashell /config/.icons/breeze_cursors/index.theme
plasmashell /usr/share/icons/breeze_cursors/cursors/left_ptr
plasmashell /config/Desktop/libreoffice-impress.desktop
QSGRenderThread /config/.cache/mesa_shader_cache/05/821511f11136f0cb2e5902dff62f195b5fd4ae
plasmas:disk$0 /config/.cache/mesa_shader_cache/05/821511f11136f0cb2e5902dff62f195b5fd4ae.tmp
plasmas:disk$0 /config/.cache/mesa_shader_cache/05/821511f11136f0cb2e5902dff62f195b5fd4ae.tmp
plasmas:disk$0 /config/.cache/mesa_shader_cache/05/821511f11136f0cb2e5902dff62f195b5fd4ae
QSGRenderThread /config/.cache/mesa_shader_cache/b5/649c319061cf5f5c432f0c3cd0278da5db382e
QSGRenderThread /config/.cache/mesa_shader_cache/03/85404440a27386f79d70b87e5141a561359e3b
plasmas:disk$0 /config/.cache/mesa_shader_cache/b5/649c319061cf5f5c432f0c3cd0278da5db382e.tmp
plasmas:disk$0 /config/.cache/mesa_shader_cache/b5/649c319061cf5f5c432f0c3cd0278da5db382e
plasmas:disk$0 /config/.cache/mesa_shader_cache/03/85404440a27386f79d70b87e5141a561359e3b.tmp
plasmas:disk$0 /config/.cache/mesa_shader_cache/03/85404440a27386f79d70b87e5141a561359e3b.tmp
plasmas:disk$0 /config/.cache/mesa_shader_cache/03/85404440a27386f79d70b87e5141a561359e3b
plasmashell /config/Desktop/systemsettings.desktop
xclip /etc/ld.so.cache
xclip /lib/x86_64-linux-gnu/libXmu.so.6
xclip /lib/x86_64-linux-gnu/libX11.so.6
xclip /lib/x86_64-linux-gnu/libc.so.6
xclip /lib/x86_64-linux-gnu/libXt.so.6
xclip /lib/x86_64-linux-gnu/libXext.so.6
xclip /lib/x86_64-linux-gnu/libxcb.so.1
xclip /lib/x86_64-linux-gnu/libSM.so.6
xclip /lib/x86_64-linux-gnu/libICE.so.6
xclip /lib/x86_64-linux-gnu/libXau.so.6
xclip /lib/x86_64-linux-gnu/libXdmcp.so.6
xclip /lib/x86_64-linux-gnu/libuuid.so.1
xclip /lib/x86_64-linux-gnu/libbsd.so.0
xclip /lib/x86_64-linux-gnu/libmd.so.0
xclip /usr/share/X11/locale/locale.alias
xclip /usr/share/X11/locale/locale.dir
xclip /usr/share/X11/locale/C/XLC_LOCALE
xclip /usr/share/X11/locale/locale.alias
xclip /usr/share/X11/locale/locale.dir
xclip /usr/share/X11/locale/C/XLC_LOCALE
Xvfb /proc/1042/cmdline
selkies /proc/stat
selkies /proc/meminfo
xclip /etc/ld.so.cache
xclip /lib/x86_64-linux-gnu/libXmu.so.6
xclip /lib/x86_64-linux-gnu/libX11.so.6
xclip /lib/x86_64-linux-gnu/libc.so.6
xclip /lib/x86_64-linux-gnu/libXt.so.6
xclip /lib/x86_64-linux-gnu/libXext.so.6
xclip /lib/x86_64-linux-gnu/libxcb.so.1
xclip /lib/x86_64-linux-gnu/libSM.so.6
xclip /lib/x86_64-linux-gnu/libICE.so.6
xclip /lib/x86_64-linux-gnu/libXau.so.6
xclip /lib/x86_64-linux-gnu/libXdmcp.so.6
xclip /lib/x86_64-linux-gnu/libuuid.so.1
xclip /lib/x86_64-linux-gnu/libbsd.so.0
xclip /lib/x86_64-linux-gnu/libmd.so.0
xclip /usr/share/X11/locale/locale.alias
xclip /usr/share/X11/locale/locale.dir
xclip /usr/share/X11/locale/C/XLC_LOCALE
xclip /usr/share/X11/locale/locale.alias
xclip /usr/share/X11/locale/locale.dir
xclip /usr/share/X11/locale/C/XLC_LOCALE
Xvfb /proc/1061/cmdline
QSGRenderThread /config/.cache/mesa_shader_cache/9d/606aba494dc71333136762dd7212597db24bd0
plasmas:disk$0 /config/.cache/mesa_shader_cache/9d/606aba494dc71333136762dd7212597db24bd0.tmp
plasmas:disk$0 /config/.cache/mesa_shader_cache/9d/606aba494dc71333136762dd7212597db24bd0.tmp
plasmas:disk$0 /config/.cache/mesa_shader_cache/9d/606aba494dc71333136762dd7212597db24bd0
xclip /etc/ld.so.cache
xclip /lib/x86_64-linux-gnu/libXmu.so.6
xclip /lib/x86_64-linux-gnu/libX11.so.6
xclip /lib/x86_64-linux-gnu/libc.so.6
xclip /lib/x86_64-linux-gnu/libXt.so.6
xclip /lib/x86_64-linux-gnu/libXext.so.6
xclip /lib/x86_64-linux-gnu/libxcb.so.1
xclip /lib/x86_64-linux-gnu/libSM.so.6
xclip /lib/x86_64-linux-gnu/libICE.so.6
xclip /lib/x86_64-linux-gnu/libXau.so.6
xclip /lib/x86_64-linux-gnu/libXdmcp.so.6
xclip /lib/x86_64-linux-gnu/libuuid.so.1
xclip /lib/x86_64-linux-gnu/libbsd.so.0
xclip /lib/x86_64-linux-gnu/libmd.so.0
xclip /usr/share/X11/locale/locale.alias
xclip /usr/share/X11/locale/locale.dir
xclip /usr/share/X11/locale/C/XLC_LOCALE
xclip /usr/share/X11/locale/locale.alias
xclip /usr/share/X11/locale/locale.dir
xclip /usr/share/X11/locale/C/XLC_LOCALE
Xvfb /proc/1096/cmdline
selkies /proc/stat
selkies /proc/meminfo
plasmashell /config/Desktop/code.desktop
plasmashell /config/Desktop/code.desktop
plasmashell /config/.config/user-dirs.dirs
plasmashell /config/Templates
QSGRenderThread /config/.cache/mesa_shader_cache/67/300b64f992db8cd870aba10d19426628db8e5e
plasmas:disk$0 /config/.cache/mesa_shader_cache/67/300b64f992db8cd870aba10d19426628db8e5e.tmp
plasmas:disk$0 /config/.cache/mesa_shader_cache/67/300b64f992db8cd870aba10d19426628db8e5e.tmp
QSGRenderThread /config/.cache/mesa_shader_cache/7d/f5f5a56c9b9eb1ebef6cf2871fc3d755fd61bb
plasmas:disk$0 /config/.cache/mesa_shader_cache/67/300b64f992db8cd870aba10d19426628db8e5e
plasmas:disk$0 /config/.cache/mesa_shader_cache/7d/f5f5a56c9b9eb1ebef6cf2871fc3d755fd61bb.tmp
QSGRenderThread /config/.cache/mesa_shader_cache/11/8012095cfa7caf074a257fc05759d0899fb001
plasmas:disk$0 /config/.cache/mesa_shader_cache/7d/f5f5a56c9b9eb1ebef6cf2871fc3d755fd61bb.tmp
plasmas:disk$0 /config/.cache/mesa_shader_cache/7d/f5f5a56c9b9eb1ebef6cf2871fc3d755fd61bb
plasmashell /config/Desktop/code.desktop
plasmas:disk$0 /config/.cache/mesa_shader_cache/11/8012095cfa7caf074a257fc05759d0899fb001.tmp
plasmas:disk$0 /config/.cache/mesa_shader_cache/11/8012095cfa7caf074a257fc05759d0899fb001.tmp
plasmas:disk$0 /config/.cache/mesa_shader_cache/11/8012095cfa7caf074a257fc05759d0899fb001
QSGRenderThread /config/.cache/mesa_shader_cache/13/9ac72d90e7d989d698c0e906cd0cc34b28d297
xclip /etc/ld.so.cache
xclip /lib/x86_64-linux-gnu/libXmu.so.6
xclip /lib/x86_64-linux-gnu/libX11.so.6
xclip /lib/x86_64-linux-gnu/libc.so.6
xclip /lib/x86_64-linux-gnu/libXt.so.6
xclip /lib/x86_64-linux-gnu/libXext.so.6
xclip /lib/x86_64-linux-gnu/libxcb.so.1
xclip /lib/x86_64-linux-gnu/libSM.so.6
xclip /lib/x86_64-linux-gnu/libICE.so.6
xclip /lib/x86_64-linux-gnu/libXau.so.6
xclip /lib/x86_64-linux-gnu/libXdmcp.so.6
xclip /lib/x86_64-linux-gnu/libuuid.so.1
xclip /lib/x86_64-linux-gnu/libbsd.so.0
xclip /lib/x86_64-linux-gnu/libmd.so.0
xclip /usr/share/X11/locale/locale.alias
xclip /usr/share/X11/locale/locale.dir
xclip /usr/share/X11/locale/C/XLC_LOCALE
xclip /usr/share/X11/locale/locale.alias
xclip /usr/share/X11/locale/locale.dir
xclip /usr/share/X11/locale/C/XLC_LOCALE
Xvfb /proc/1113/cmdline
plasmas:disk$0 /config/.cache/mesa_shader_cache/13/9ac72d90e7d989d698c0e906cd0cc34b28d297.tmp
plasmas:disk$0 /config/.cache/mesa_shader_cache/13/9ac72d90e7d989d698c0e906cd0cc34b28d297.tmp
QSGRenderThread /config/.cache/mesa_shader_cache/b6/1d291756e0b7fe773aea85bace069382471e7d
plasmas:disk$0 /config/.cache/mesa_shader_cache/13/9ac72d90e7d989d698c0e906cd0cc34b28d297
plasmas:disk$0 /config/.cache/mesa_shader_cache/b6/1d291756e0b7fe773aea85bace069382471e7d.tmp
QSGRenderThread /config/.cache/mesa_shader_cache/6a/bc1a28bb73ad21ed08c4d0ec9b2aa109586640
plasmas:disk$0 /config/.cache/mesa_shader_cache/b6/1d291756e0b7fe773aea85bace069382471e7d.tmp
plasmas:disk$0 /config/.cache/mesa_shader_cache/b6/1d291756e0b7fe773aea85bace069382471e7d
plasmas:disk$0 /config/.cache/mesa_shader_cache/6a/bc1a28bb73ad21ed08c4d0ec9b2aa109586640.tmp
plasmas:disk$0 /config/.cache/mesa_shader_cache/6a/bc1a28bb73ad21ed08c4d0ec9b2aa109586640
QSGRenderThread /config/.cache/mesa_shader_cache/4e/eded535a438cc683e09bec52abea21a6de87bb
plasmas:disk$0 /config/.cache/mesa_shader_cache/4e/eded535a438cc683e09bec52abea21a6de87bb.tmp
plasmas:disk$0 /config/.cache/mesa_shader_cache/4e/eded535a438cc683e09bec52abea21a6de87bb.tmp
plasmas:disk$0 /config/.cache/mesa_shader_cache/4e/eded535a438cc683e09bec52abea21a6de87bb
plasmashell /config/Desktop/code.desktop
plasmashell /config/.local/share/kservices5
plasmashell /config/.local/share/mime
plasmashell /etc/xdg/menus
plasmashell /usr/local/share/kservices5
plasmashell /usr/local/share/mime
plasmashell /usr/share/kservices5
plasmashell /usr/share/kservices5/ServiceMenus
plasmashell /usr/share/kservices5/qimageioplugins
plasmashell /usr/share/kservices5/searchproviders
plasmashell /usr/share/mime
plasmashell /usr/share/mime/application
plasmashell /usr/share/mime/audio
plasmashell /usr/share/mime/chemical
plasmashell /usr/share/mime/font
plasmashell /usr/share/mime/image
plasmashell /usr/share/mime/inode
plasmashell /usr/share/mime/message
plasmashell /usr/share/mime/model
plasmashell /usr/share/mime/multipart
plasmashell /usr/share/mime/packages
plasmashell /usr/share/mime/text
plasmashell /usr/share/mime/video
plasmashell /usr/share/mime/x-content
plasmashell /usr/share/mime/x-epoc
plasmashell /usr/lib/x86_64-linux-gnu/qt5/plugins/kf5/kio/kio_file.so
plasmashell /config/.XDG
plasmashell /usr/lib/x86_64-linux-gnu/qt5/plugins/kf5/kio/kio_file.so.avx2
plasmashell /usr/lib/x86_64-linux-gnu/qt5/plugins/kf5/kio/kio_file.so
KIO::WorkerThre /config/Desktop/code.desktop
plasmashell /config/Desktop/code.desktop
plasmashell /config/Desktop/code.desktop
wrapped-code /etc/ld.so.cache
wrapped-code /lib/x86_64-linux-gnu/libtinfo.so.6
wrapped-code /lib/x86_64-linux-gnu/libc.so.6
wrapped-code /dev/tty
wrapped-code /usr/lib/locale/locale-archive
wrapped-code /usr/lib/x86_64-linux-gnu/gconv/gconv-modules.cache
wrapped-code /etc/nsswitch.conf
wrapped-code /etc/passwd
wrapped-code /usr/local/bin/wrapped-code
code /usr/share/code/glibc-hwcaps/x86-64-v3/libffmpeg.so
code /usr/share/code/glibc-hwcaps/x86-64-v2/libffmpeg.so
code /usr/share/code/libffmpeg.so
code /usr/share/code/libdl.so.2
code /etc/ld.so.cache
code /lib/x86_64-linux-gnu/libdl.so.2
code /usr/share/code/libpthread.so.0
code /lib/x86_64-linux-gnu/libpthread.so.0
code /usr/share/code/libglib-2.0.so.0
code /lib/x86_64-linux-gnu/libglib-2.0.so.0
code /usr/share/code/libgobject-2.0.so.0
code /lib/x86_64-linux-gnu/libgobject-2.0.so.0
code /usr/share/code/libgio-2.0.so.0
code /lib/x86_64-linux-gnu/libgio-2.0.so.0
code /usr/share/code/libnspr4.so
code /lib/x86_64-linux-gnu/libnspr4.so
code /usr/share/code/libnss3.so
code /lib/x86_64-linux-gnu/libnss3.so
code /usr/share/code/libnssutil3.so
code /lib/x86_64-linux-gnu/libnssutil3.so
code /usr/share/code/libsmime3.so
code /lib/x86_64-linux-gnu/libsmime3.so
code /usr/share/code/libdbus-1.so.3
code /lib/x86_64-linux-gnu/libdbus-1.so.3
code /usr/share/code/libatk-1.0.so.0
code /lib/x86_64-linux-gnu/libatk-1.0.so.0
code /usr/share/code/libatk-bridge-2.0.so.0
code /lib/x86_64-linux-gnu/libatk-bridge-2.0.so.0
code /usr/share/code/libcairo.so.2
code /lib/x86_64-linux-gnu/libcairo.so.2
code /usr/share/code/libgtk-3.so.0
code /lib/x86_64-linux-gnu/libgtk-3.so.0
code /usr/share/code/libpango-1.0.so.0
code /lib/x86_64-linux-gnu/libpango-1.0.so.0
code /usr/share/code/libX11.so.6
code /lib/x86_64-linux-gnu/libX11.so.6
code /usr/share/code/libXcomposite.so.1
code /lib/x86_64-linux-gnu/libXcomposite.so.1
code /usr/share/code/libXdamage.so.1
code /lib/x86_64-linux-gnu/libXdamage.so.1
code /usr/share/code/libXext.so.6
code /lib/x86_64-linux-gnu/libXext.so.6
code /usr/share/code/libXfixes.so.3
code /lib/x86_64-linux-gnu/libXfixes.so.3
code /usr/share/code/libXrandr.so.2
code /lib/x86_64-linux-gnu/libXrandr.so.2
code /usr/share/code/libgbm.so.1
code /lib/x86_64-linux-gnu/libgbm.so.1
code /usr/share/code/libexpat.so.1
code /lib/x86_64-linux-gnu/libexpat.so.1
code /usr/share/code/libxcb.so.1
code /lib/x86_64-linux-gnu/libxcb.so.1
code /usr/share/code/libxkbcommon.so.0
code /lib/x86_64-linux-gnu/libxkbcommon.so.0
code /usr/share/code/libudev.so.1
code /lib/x86_64-linux-gnu/libudev.so.1
code /usr/share/code/libasound.so.2
code /lib/x86_64-linux-gnu/libasound.so.2
code /usr/share/code/libatspi.so.0
code /lib/x86_64-linux-gnu/libatspi.so.0
code /usr/share/code/libm.so.6
code /lib/x86_64-linux-gnu/libm.so.6
code /usr/share/code/libgcc_s.so.1
code /lib/x86_64-linux-gnu/libgcc_s.so.1
code /usr/share/code/libc.so.6
code /lib/x86_64-linux-gnu/libc.so.6
code /usr/share/code/libpcre2-8.so.0
code /lib/x86_64-linux-gnu/libpcre2-8.so.0
code /usr/share/code/libffi.so.8
code /lib/x86_64-linux-gnu/libffi.so.8
code /usr/share/code/libgmodule-2.0.so.0
code /lib/x86_64-linux-gnu/libgmodule-2.0.so.0
code /usr/share/code/libz.so.1
code /lib/x86_64-linux-gnu/libz.so.1
code /usr/share/code/libmount.so.1
code /lib/x86_64-linux-gnu/libmount.so.1
code /usr/share/code/libselinux.so.1
code /lib/x86_64-linux-gnu/libselinux.so.1
code /usr/share/code/libplc4.so
code /lib/x86_64-linux-gnu/libplc4.so
code /usr/share/code/libplds4.so
code /lib/x86_64-linux-gnu/libplds4.so
code /usr/share/code/libsystemd.so.0
code /lib/x86_64-linux-gnu/libsystemd.so.0
code /usr/share/code/libpng16.so.16
code /lib/x86_64-linux-gnu/libpng16.so.16
code /usr/share/code/libfontconfig.so.1
code /lib/x86_64-linux-gnu/libfontconfig.so.1
code /usr/share/code/libfreetype.so.6
code /lib/x86_64-linux-gnu/libfreetype.so.6
code /usr/share/code/libXrender.so.1
code /lib/x86_64-linux-gnu/libXrender.so.1
code /usr/share/code/libxcb-render.so.0
code /lib/x86_64-linux-gnu/libxcb-render.so.0
code /usr/share/code/libxcb-shm.so.0
code /lib/x86_64-linux-gnu/libxcb-shm.so.0
code /usr/share/code/libpixman-1.so.0
code /lib/x86_64-linux-gnu/libpixman-1.so.0
code /usr/share/code/libgdk-3.so.0
code /lib/x86_64-linux-gnu/libgdk-3.so.0
code /usr/share/code/libpangocairo-1.0.so.0
code /lib/x86_64-linux-gnu/libpangocairo-1.0.so.0
code /usr/share/code/libharfbuzz.so.0
code /lib/x86_64-linux-gnu/libharfbuzz.so.0
code /usr/share/code/libpangoft2-1.0.so.0
code /lib/x86_64-linux-gnu/libpangoft2-1.0.so.0
code /usr/share/code/libfribidi.so.0
code /lib/x86_64-linux-gnu/libfribidi.so.0
code /usr/share/code/libcairo-gobject.so.2
code /lib/x86_64-linux-gnu/libcairo-gobject.so.2
code /usr/share/code/libgdk_pixbuf-2.0.so.0
code /lib/x86_64-linux-gnu/libgdk_pixbuf-2.0.so.0
code /usr/share/code/libepoxy.so.0
code /lib/x86_64-linux-gnu/libepoxy.so.0
code /usr/share/code/libXi.so.6
code /lib/x86_64-linux-gnu/libXi.so.6
code /usr/share/code/libthai.so.0
code /lib/x86_64-linux-gnu/libthai.so.0
code /usr/share/code/libdrm.so.2
code /lib/x86_64-linux-gnu/libdrm.so.2
code /usr/share/code/libXau.so.6
code /lib/x86_64-linux-gnu/libXau.so.6
code /usr/share/code/libXdmcp.so.6
code /lib/x86_64-linux-gnu/libXdmcp.so.6
code /usr/share/code/libcap.so.2
code /lib/x86_64-linux-gnu/libcap.so.2
code /usr/share/code/libblkid.so.1
code /lib/x86_64-linux-gnu/libblkid.so.1
code /usr/share/code/libgcrypt.so.20
code /lib/x86_64-linux-gnu/libgcrypt.so.20
code /usr/share/code/liblz4.so.1
code /lib/x86_64-linux-gnu/liblz4.so.1
code /usr/share/code/liblzma.so.5
code /lib/x86_64-linux-gnu/liblzma.so.5
code /usr/share/code/libzstd.so.1
code /lib/x86_64-linux-gnu/libzstd.so.1
code /usr/share/code/libbz2.so.1.0
code /lib/x86_64-linux-gnu/libbz2.so.1.0
code /usr/share/code/libbrotlidec.so.1
code /lib/x86_64-linux-gnu/libbrotlidec.so.1
code /usr/share/code/libwayland-client.so.0
code /lib/x86_64-linux-gnu/libwayland-client.so.0
code /usr/share/code/libwayland-cursor.so.0
code /lib/x86_64-linux-gnu/libwayland-cursor.so.0
code /usr/share/code/libwayland-egl.so.1
code /lib/x86_64-linux-gnu/libwayland-egl.so.1
code /usr/share/code/libXcursor.so.1
code /lib/x86_64-linux-gnu/libXcursor.so.1
code /usr/share/code/libXinerama.so.1
code /lib/x86_64-linux-gnu/libXinerama.so.1
code /usr/share/code/libgraphite2.so.3
code /lib/x86_64-linux-gnu/libgraphite2.so.3
code /usr/share/code/libjpeg.so.8
code /lib/x86_64-linux-gnu/libjpeg.so.8
code /usr/share/code/libdatrie.so.1
code /lib/x86_64-linux-gnu/libdatrie.so.1
code /usr/share/code/libbsd.so.0
code /lib/x86_64-linux-gnu/libbsd.so.0
code /usr/share/code/libgpg-error.so.0
code /lib/x86_64-linux-gnu/libgpg-error.so.0
code /usr/share/code/libbrotlicommon.so.1
code /lib/x86_64-linux-gnu/libbrotlicommon.so.1
code /usr/share/code/libmd.so.0
code /lib/x86_64-linux-gnu/libmd.so.0
code /proc/filesystems
code /usr/lib/locale/locale-archive
code /usr/share/code/icudtl.dat
code /etc/localtime
code /usr/share/code/v8_context_snapshot.bin
code /proc/self/setgroups
code /proc/self/gid_map
code /proc/self/uid_map
code /proc/
code /usr/lib/x86_64-linux-gnu/gconv/gconv-modules.cache
code /dev/null
code /dev/null
code /proc/self/fd
code /usr/share/code/glibc-hwcaps/x86-64-v3/libffmpeg.so
code /usr/share/code/glibc-hwcaps/x86-64-v2/libffmpeg.so
code /usr/share/code/libffmpeg.so
code /usr/share/code/libdl.so.2
code /etc/ld.so.cache
code /lib/x86_64-linux-gnu/libdl.so.2
code /usr/share/code/libpthread.so.0
code /lib/x86_64-linux-gnu/libpthread.so.0
code /proc/self/fd
code /usr/share/code/libglib-2.0.so.0
code /lib/x86_64-linux-gnu/libglib-2.0.so.0
code /proc/self/setgroups
code /usr/share/code/libgobject-2.0.so.0
code /lib/x86_64-linux-gnu/libgobject-2.0.so.0
code /proc/self/uid_map
code /proc/self/gid_map
code /usr/share/code/libgio-2.0.so.0
code /lib/x86_64-linux-gnu/libgio-2.0.so.0
code /usr/share/code/libnspr4.so
code /lib/x86_64-linux-gnu/libnspr4.so
code /usr/share/code/libnss3.so
code /lib/x86_64-linux-gnu/libnss3.so
code /usr/share/code/glibc-hwcaps/x86-64-v3/libffmpeg.so
code /usr/share/code/glibc-hwcaps/x86-64-v2/libffmpeg.so
code /usr/share/code/libffmpeg.so
code /usr/share/code/libnssutil3.so
code /lib/x86_64-linux-gnu/libnssutil3.so
code /usr/share/code/libdl.so.2
code /etc/ld.so.cache
code /usr/share/code/libsmime3.so
code /lib/x86_64-linux-gnu/libdl.so.2
code /lib/x86_64-linux-gnu/libsmime3.so
code /usr/share/code/libpthread.so.0
code /usr/share/code/libdbus-1.so.3
code /lib/x86_64-linux-gnu/libpthread.so.0
code /lib/x86_64-linux-gnu/libdbus-1.so.3
code /usr/share/code/libglib-2.0.so.0
code /usr/share/code/libatk-1.0.so.0
code /lib/x86_64-linux-gnu/libglib-2.0.so.0
code /lib/x86_64-linux-gnu/libatk-1.0.so.0
code /usr/share/code/libgobject-2.0.so.0
code /usr/share/code/libatk-bridge-2.0.so.0
code /lib/x86_64-linux-gnu/libgobject-2.0.so.0
code /lib/x86_64-linux-gnu/libatk-bridge-2.0.so.0
code /usr/share/code/libcairo.so.2
code /usr/share/code/libgio-2.0.so.0
code /lib/x86_64-linux-gnu/libcairo.so.2
code /lib/x86_64-linux-gnu/libgio-2.0.so.0
code /usr/share/code/libgtk-3.so.0
code /lib/x86_64-linux-gnu/libgtk-3.so.0
code /usr/share/code/libnspr4.so
code /lib/x86_64-linux-gnu/libnspr4.so
code /usr/share/code/libpango-1.0.so.0
code /lib/x86_64-linux-gnu/libpango-1.0.so.0
code /usr/share/code/libnss3.so
code /lib/x86_64-linux-gnu/libnss3.so
code /usr/share/code/libX11.so.6
code /usr/share/code/libnssutil3.so
code /lib/x86_64-linux-gnu/libX11.so.6
code /lib/x86_64-linux-gnu/libnssutil3.so
code /usr/share/code/libXcomposite.so.1
code /usr/share/code/libsmime3.so
code /lib/x86_64-linux-gnu/libXcomposite.so.1
code /lib/x86_64-linux-gnu/libsmime3.so
code /usr/share/code/libdbus-1.so.3
code /lib/x86_64-linux-gnu/libdbus-1.so.3
code /usr/share/code/libXdamage.so.1
code /lib/x86_64-linux-gnu/libXdamage.so.1
code /usr/share/code/libatk-1.0.so.0
code /lib/x86_64-linux-gnu/libatk-1.0.so.0
code /usr/share/code/libXext.so.6
code /lib/x86_64-linux-gnu/libXext.so.6
code /usr/share/code/libatk-bridge-2.0.so.0
code /lib/x86_64-linux-gnu/libatk-bridge-2.0.so.0
code /usr/share/code/libXfixes.so.3
code /lib/x86_64-linux-gnu/libXfixes.so.3
code /usr/share/code/libcairo.so.2
code /lib/x86_64-linux-gnu/libcairo.so.2
code /usr/share/code/libXrandr.so.2
code /lib/x86_64-linux-gnu/libXrandr.so.2
code /usr/share/code/libgtk-3.so.0
code /lib/x86_64-linux-gnu/libgtk-3.so.0
code /usr/share/code/libgbm.so.1
code /lib/x86_64-linux-gnu/libgbm.so.1
code /usr/share/code/libpango-1.0.so.0
code /lib/x86_64-linux-gnu/libpango-1.0.so.0
code /usr/share/code/libexpat.so.1
code /lib/x86_64-linux-gnu/libexpat.so.1
code /usr/share/code/libX11.so.6
code /lib/x86_64-linux-gnu/libX11.so.6
code /usr/share/code/libxcb.so.1
code /lib/x86_64-linux-gnu/libxcb.so.1
code /usr/share/code/libXcomposite.so.1
code /lib/x86_64-linux-gnu/libXcomposite.so.1
code /usr/share/code/libxkbcommon.so.0
code /usr/share/code/libXdamage.so.1
code /lib/x86_64-linux-gnu/libxkbcommon.so.0
code /lib/x86_64-linux-gnu/libXdamage.so.1
code /usr/share/code/libXext.so.6
code /usr/share/code/libudev.so.1
code /lib/x86_64-linux-gnu/libXext.so.6
code /lib/x86_64-linux-gnu/libudev.so.1
code /usr/share/code/libXfixes.so.3
code /usr/share/code/libasound.so.2
code /lib/x86_64-linux-gnu/libXfixes.so.3
code /lib/x86_64-linux-gnu/libasound.so.2
code /usr/share/code/libXrandr.so.2
code /usr/share/code/libatspi.so.0
code /lib/x86_64-linux-gnu/libXrandr.so.2
code /lib/x86_64-linux-gnu/libatspi.so.0
code /usr/share/code/libgbm.so.1
code /usr/share/code/libm.so.6
code /lib/x86_64-linux-gnu/libgbm.so.1
code /lib/x86_64-linux-gnu/libm.so.6
code /usr/share/code/libexpat.so.1
code /usr/share/code/libgcc_s.so.1
code /lib/x86_64-linux-gnu/libexpat.so.1
code /lib/x86_64-linux-gnu/libgcc_s.so.1
code /usr/share/code/libc.so.6
code /usr/share/code/libxcb.so.1
code /lib/x86_64-linux-gnu/libc.so.6
code /lib/x86_64-linux-gnu/libxcb.so.1
code /usr/share/code/libxkbcommon.so.0
code /lib/x86_64-linux-gnu/libxkbcommon.so.0
code /usr/share/code/libpcre2-8.so.0
code /lib/x86_64-linux-gnu/libpcre2-8.so.0
code /usr/share/code/libudev.so.1
code /lib/x86_64-linux-gnu/libudev.so.1
code /usr/share/code/libffi.so.8
code /lib/x86_64-linux-gnu/libffi.so.8
code /usr/share/code/libasound.so.2
code /lib/x86_64-linux-gnu/libasound.so.2
code /usr/share/code/libgmodule-2.0.so.0
code /lib/x86_64-linux-gnu/libgmodule-2.0.so.0
code /usr/share/code/libatspi.so.0
code /lib/x86_64-linux-gnu/libatspi.so.0
code /usr/share/code/libz.so.1
code /lib/x86_64-linux-gnu/libz.so.1
code /usr/share/code/libm.so.6
code /lib/x86_64-linux-gnu/libm.so.6
code /usr/share/code/libmount.so.1
code /lib/x86_64-linux-gnu/libmount.so.1
code /usr/share/code/libgcc_s.so.1
code /lib/x86_64-linux-gnu/libgcc_s.so.1
code /usr/share/code/libselinux.so.1
code /lib/x86_64-linux-gnu/libselinux.so.1
code /usr/share/code/libc.so.6
code /lib/x86_64-linux-gnu/libc.so.6
code /usr/share/code/libplc4.so
code /lib/x86_64-linux-gnu/libplc4.so
code /usr/share/code/libpcre2-8.so.0
code /lib/x86_64-linux-gnu/libpcre2-8.so.0
code /usr/share/code/libplds4.so
code /lib/x86_64-linux-gnu/libplds4.so
code /usr/share/code/libffi.so.8
code /lib/x86_64-linux-gnu/libffi.so.8
code /usr/share/code/libsystemd.so.0
code /lib/x86_64-linux-gnu/libsystemd.so.0
code /usr/share/code/libgmodule-2.0.so.0
code /lib/x86_64-linux-gnu/libgmodule-2.0.so.0
code /usr/share/code/libpng16.so.16
code /lib/x86_64-linux-gnu/libpng16.so.16
code /usr/share/code/libz.so.1
code /lib/x86_64-linux-gnu/libz.so.1
code /usr/share/code/libfontconfig.so.1
code /lib/x86_64-linux-gnu/libfontconfig.so.1
code /usr/share/code/libmount.so.1
code /lib/x86_64-linux-gnu/libmount.so.1
code /usr/share/code/libfreetype.so.6
code /lib/x86_64-linux-gnu/libfreetype.so.6
code /usr/share/code/libselinux.so.1
code /lib/x86_64-linux-gnu/libselinux.so.1
code /usr/share/code/libXrender.so.1
code /lib/x86_64-linux-gnu/libXrender.so.1
code /usr/share/code/libxcb-render.so.0
code /usr/share/code/libplc4.so
code /lib/x86_64-linux-gnu/libxcb-render.so.0
code /lib/x86_64-linux-gnu/libplc4.so
code /usr/share/code/libxcb-shm.so.0
code /usr/share/code/libplds4.so
code /lib/x86_64-linux-gnu/libxcb-shm.so.0
code /lib/x86_64-linux-gnu/libplds4.so
code /usr/share/code/libpixman-1.so.0
code /lib/x86_64-linux-gnu/libpixman-1.so.0
code /usr/share/code/libsystemd.so.0
code /lib/x86_64-linux-gnu/libsystemd.so.0
code /usr/share/code/libgdk-3.so.0
code /lib/x86_64-linux-gnu/libgdk-3.so.0
code /usr/share/code/libpng16.so.16
code /lib/x86_64-linux-gnu/libpng16.so.16
code /usr/share/code/libpangocairo-1.0.so.0
code /lib/x86_64-linux-gnu/libpangocairo-1.0.so.0
code /usr/share/code/libfontconfig.so.1
code /lib/x86_64-linux-gnu/libfontconfig.so.1
code /usr/share/code/libharfbuzz.so.0
code /lib/x86_64-linux-gnu/libharfbuzz.so.0
code /usr/share/code/libfreetype.so.6
code /lib/x86_64-linux-gnu/libfreetype.so.6
code /usr/share/code/libpangoft2-1.0.so.0
code /lib/x86_64-linux-gnu/libpangoft2-1.0.so.0
code /usr/share/code/libXrender.so.1
code /lib/x86_64-linux-gnu/libXrender.so.1
code /usr/share/code/libfribidi.so.0
code /lib/x86_64-linux-gnu/libfribidi.so.0
code /usr/share/code/libxcb-render.so.0
code /lib/x86_64-linux-gnu/libxcb-render.so.0
code /usr/share/code/libcairo-gobject.so.2
code /lib/x86_64-linux-gnu/libcairo-gobject.so.2
code /usr/share/code/libxcb-shm.so.0
code /lib/x86_64-linux-gnu/libxcb-shm.so.0
code /usr/share/code/libgdk_pixbuf-2.0.so.0
code /lib/x86_64-linux-gnu/libgdk_pixbuf-2.0.so.0
code /usr/share/code/libpixman-1.so.0
code /usr/share/code/libepoxy.so.0
code /lib/x86_64-linux-gnu/libpixman-1.so.0
code /lib/x86_64-linux-gnu/libepoxy.so.0
code /usr/share/code/libgdk-3.so.0
code /lib/x86_64-linux-gnu/libgdk-3.so.0
code /usr/share/code/libXi.so.6
code /lib/x86_64-linux-gnu/libXi.so.6
code /usr/share/code/libpangocairo-1.0.so.0
code /lib/x86_64-linux-gnu/libpangocairo-1.0.so.0
code /usr/share/code/libthai.so.0
code /lib/x86_64-linux-gnu/libthai.so.0
code /usr/share/code/libharfbuzz.so.0
code /usr/share/code/libdrm.so.2
code /lib/x86_64-linux-gnu/libharfbuzz.so.0
code /lib/x86_64-linux-gnu/libdrm.so.2
code /usr/share/code/libpangoft2-1.0.so.0
code /lib/x86_64-linux-gnu/libpangoft2-1.0.so.0
code /usr/share/code/libXau.so.6
code /lib/x86_64-linux-gnu/libXau.so.6
code /usr/share/code/libfribidi.so.0
code /lib/x86_64-linux-gnu/libfribidi.so.0
code /usr/share/code/libXdmcp.so.6
code /lib/x86_64-linux-gnu/libXdmcp.so.6
code /usr/share/code/libcairo-gobject.so.2
code /lib/x86_64-linux-gnu/libcairo-gobject.so.2
code /usr/share/code/libcap.so.2
code /lib/x86_64-linux-gnu/libcap.so.2
code /usr/share/code/libgdk_pixbuf-2.0.so.0
code /lib/x86_64-linux-gnu/libgdk_pixbuf-2.0.so.0
code /usr/share/code/libblkid.so.1
code /lib/x86_64-linux-gnu/libblkid.so.1
code /usr/share/code/libepoxy.so.0
code /lib/x86_64-linux-gnu/libepoxy.so.0
code /usr/share/code/libgcrypt.so.20
code /usr/share/code/libXi.so.6
code /lib/x86_64-linux-gnu/libgcrypt.so.20
code /lib/x86_64-linux-gnu/libXi.so.6
code /usr/share/code/liblz4.so.1
code /usr/share/code/libthai.so.0
code /lib/x86_64-linux-gnu/liblz4.so.1
code /lib/x86_64-linux-gnu/libthai.so.0
code /usr/share/code/liblzma.so.5
code /lib/x86_64-linux-gnu/liblzma.so.5
code /usr/share/code/libdrm.so.2
code /lib/x86_64-linux-gnu/libdrm.so.2
code /usr/share/code/libzstd.so.1
code /usr/share/code/libXau.so.6
code /lib/x86_64-linux-gnu/libzstd.so.1
code /lib/x86_64-linux-gnu/libXau.so.6
code /usr/share/code/libXdmcp.so.6
code /usr/share/code/libbz2.so.1.0
code /lib/x86_64-linux-gnu/libXdmcp.so.6
code /lib/x86_64-linux-gnu/libbz2.so.1.0
code /usr/share/code/libcap.so.2
code /usr/share/code/libbrotlidec.so.1
code /lib/x86_64-linux-gnu/libcap.so.2
code /lib/x86_64-linux-gnu/libbrotlidec.so.1
code /usr/share/code/libblkid.so.1
code /usr/share/code/libwayland-client.so.0
code /lib/x86_64-linux-gnu/libblkid.so.1
code /lib/x86_64-linux-gnu/libwayland-client.so.0
code /usr/share/code/libwayland-cursor.so.0
code /usr/share/code/libgcrypt.so.20
code /lib/x86_64-linux-gnu/libwayland-cursor.so.0
code /lib/x86_64-linux-gnu/libgcrypt.so.20
code /usr/share/code/libwayland-egl.so.1
code /usr/share/code/liblz4.so.1
code /lib/x86_64-linux-gnu/libwayland-egl.so.1
code /lib/x86_64-linux-gnu/liblz4.so.1
code /usr/share/code/libXcursor.so.1
code /usr/share/code/liblzma.so.5
code /lib/x86_64-linux-gnu/libXcursor.so.1
code /lib/x86_64-linux-gnu/liblzma.so.5
code /usr/share/code/libXinerama.so.1
code /lib/x86_64-linux-gnu/libXinerama.so.1
code /usr/share/code/libzstd.so.1
code /lib/x86_64-linux-gnu/libzstd.so.1
code /usr/share/code/libgraphite2.so.3
code /usr/share/code/libbz2.so.1.0
code /lib/x86_64-linux-gnu/libgraphite2.so.3
code /lib/x86_64-linux-gnu/libbz2.so.1.0
code /usr/share/code/libbrotlidec.so.1
code /lib/x86_64-linux-gnu/libbrotlidec.so.1
code /usr/share/code/libwayland-client.so.0
code /lib/x86_64-linux-gnu/libwayland-client.so.0
code /usr/share/code/libjpeg.so.8
code /lib/x86_64-linux-gnu/libjpeg.so.8
code /usr/share/code/libwayland-cursor.so.0
code /lib/x86_64-linux-gnu/libwayland-cursor.so.0
code /usr/share/code/libdatrie.so.1
code /lib/x86_64-linux-gnu/libdatrie.so.1
code /usr/share/code/libwayland-egl.so.1
code /lib/x86_64-linux-gnu/libwayland-egl.so.1
code /usr/share/code/libbsd.so.0
code /lib/x86_64-linux-gnu/libbsd.so.0
code /usr/share/code/libXcursor.so.1
code /lib/x86_64-linux-gnu/libXcursor.so.1
code /usr/share/code/libgpg-error.so.0
code /usr/share/code/libXinerama.so.1
code /lib/x86_64-linux-gnu/libgpg-error.so.0
code /lib/x86_64-linux-gnu/libXinerama.so.1
code /usr/share/code/libgraphite2.so.3
code /usr/share/code/libbrotlicommon.so.1
code /lib/x86_64-linux-gnu/libgraphite2.so.3
code /lib/x86_64-linux-gnu/libbrotlicommon.so.1
code /usr/share/code/libjpeg.so.8
code /usr/share/code/libmd.so.0
code /lib/x86_64-linux-gnu/libjpeg.so.8
code /lib/x86_64-linux-gnu/libmd.so.0
code /usr/share/code/libdatrie.so.1
code /lib/x86_64-linux-gnu/libdatrie.so.1
code /usr/share/code/libbsd.so.0
code /lib/x86_64-linux-gnu/libbsd.so.0
code /usr/share/code/libgpg-error.so.0
code /lib/x86_64-linux-gnu/libgpg-error.so.0
code /usr/share/code/libbrotlicommon.so.1
code /lib/x86_64-linux-gnu/libbrotlicommon.so.1
code /usr/share/code/libmd.so.0
code /lib/x86_64-linux-gnu/libmd.so.0
code /proc/filesystems
code /proc/filesystems
code /usr/lib/locale/locale-archive
code /usr/lib/locale/locale-archive
code /proc/self/status
code /proc/self/status
code /usr/share/code/icudtl.dat
code /usr/share/code/icudtl.dat
code /etc/localtime
code /etc/localtime
code /usr/share/code/v8_context_snapshot.bin
code /usr/share/code/v8_context_snapshot.bin
code /usr/share/code/chrome_100_percent.pak
code /usr/share/code/chrome_100_percent.pak
code /usr/share/code/chrome_200_percent.pak
code /usr/share/code/chrome_200_percent.pak
code /usr/share/locale/locale.alias
code /usr/share/locale/locale.alias
code /usr/lib/x86_64-linux-gnu/gconv/gconv-modules.cache
code /usr/lib/x86_64-linux-gnu/gconv/gconv-modules.cache
code /usr/share/code/locales/en-US.pak
code /usr/share/code/locales/en-US.pak
code /usr/share/code/resources.pak
code /usr/share/code/resources.pak
code /dev/urandom
code /dev/urandom
code /sys/devices/system/cpu/possible
code /sys/devices/system/cpu/possible
code /sys/devices/system/cpu/cpu0/cpufreq/cpuinfo_max_freq
code /sys/devices/system/cpu/cpu0/cpufreq/cpuinfo_max_freq
code /sys/devices/system/cpu/cpu1/cpufreq/cpuinfo_max_freq
code /sys/devices/system/cpu/cpu1/cpufreq/cpuinfo_max_freq
code /sys/devices/system/cpu/cpu2/cpufreq/cpuinfo_max_freq
code /sys/devices/system/cpu/cpu2/cpufreq/cpuinfo_max_freq
code /sys/devices/system/cpu/cpu3/cpufreq/cpuinfo_max_freq
code /sys/devices/system/cpu/cpu3/cpufreq/cpuinfo_max_freq
code /sys/devices/system/cpu/cpu4/cpufreq/cpuinfo_max_freq
code /sys/devices/system/cpu/cpu4/cpufreq/cpuinfo_max_freq
code /sys/devices/system/cpu/cpu5/cpufreq/cpuinfo_max_freq
code /sys/devices/system/cpu/cpu5/cpufreq/cpuinfo_max_freq
code /sys/devices/system/cpu/cpu6/cpufreq/cpuinfo_max_freq
code /sys/devices/system/cpu/cpu6/cpufreq/cpuinfo_max_freq
code /sys/devices/system/cpu/cpu7/cpufreq/cpuinfo_max_freq
code /sys/devices/system/cpu/cpu7/cpufreq/cpuinfo_max_freq
code /sys/devices/system/cpu/cpu8/cpufreq/cpuinfo_max_freq
code /sys/devices/system/cpu/cpu8/cpufreq/cpuinfo_max_freq
code /sys/devices/system/cpu/cpu9/cpufreq/cpuinfo_max_freq
code /sys/devices/system/cpu/cpu9/cpufreq/cpuinfo_max_freq
code /sys/devices/system/cpu/cpu10/cpufreq/cpuinfo_max_freq
code /sys/devices/system/cpu/cpu10/cpufreq/cpuinfo_max_freq
code /sys/devices/system/cpu/cpu11/cpufreq/cpuinfo_max_freq
code /sys/devices/system/cpu/cpu11/cpufreq/cpuinfo_max_freq
code /sys/devices/system/cpu/cpu12/cpufreq/cpuinfo_max_freq
code /sys/devices/system/cpu/cpu12/cpufreq/cpuinfo_max_freq
code /sys/devices/system/cpu/cpu13/cpufreq/cpuinfo_max_freq
code /sys/devices/system/cpu/cpu13/cpufreq/cpuinfo_max_freq
code /sys/devices/system/cpu/cpu14/cpufreq/cpuinfo_max_freq
code /sys/devices/system/cpu/cpu14/cpufreq/cpuinfo_max_freq
code /sys/devices/system/cpu/cpu15/cpufreq/cpuinfo_max_freq
code /sys/devices/system/cpu/cpu15/cpufreq/cpuinfo_max_freq
code /proc/sys/fs/inotify/max_user_watches
code /proc/sys/fs/inotify/max_user_watches
code /sys/devices/system/cpu/online
code /sys/devices/system/cpu/online
code /sys/devices/system/cpu/kernel_max
code /sys/devices/system/cpu/kernel_max
code /sys/devices/system/cpu/possible
code /sys/devices/system/cpu/possible
code /sys/devices/system/cpu/present
code /sys/devices/system/cpu/present
code /sys/devices/system/cpu/possible
code /sys/devices/system/cpu/possible
code /sys/devices/system/cpu/present
code /proc/cpuinfo
code /sys/devices/system/cpu/present
code /proc/cpuinfo
code /proc
code /proc/
code /proc/sys/kernel/yama/ptrace_scope
code /proc/
code .
code /proc/self/setgroups
code /proc/self/gid_map
code /proc/self/uid_map
code self/fd/
code /proc/1121/stat
code /proc/1121/stat
code /proc/self/stat
code /sys/devices/system/cpu/possible
code /sys/devices/system/cpu/cpu0/cpufreq/cpuinfo_max_freq
code /sys/devices/system/cpu/cpu1/cpufreq/cpuinfo_max_freq
code /sys/devices/system/cpu/cpu2/cpufreq/cpuinfo_max_freq
code /sys/devices/system/cpu/cpu3/cpufreq/cpuinfo_max_freq
code /sys/devices/system/cpu/cpu4/cpufreq/cpuinfo_max_freq
code /sys/devices/system/cpu/cpu5/cpufreq/cpuinfo_max_freq
code /sys/devices/system/cpu/cpu6/cpufreq/cpuinfo_max_freq
code /sys/devices/system/cpu/cpu7/cpufreq/cpuinfo_max_freq
code /sys/devices/system/cpu/cpu8/cpufreq/cpuinfo_max_freq
code /sys/devices/system/cpu/cpu9/cpufreq/cpuinfo_max_freq
code /sys/devices/system/cpu/cpu10/cpufreq/cpuinfo_max_freq
code /sys/devices/system/cpu/cpu11/cpufreq/cpuinfo_max_freq
code /sys/devices/system/cpu/cpu12/cpufreq/cpuinfo_max_freq
code /sys/devices/system/cpu/cpu13/cpufreq/cpuinfo_max_freq
code /sys/devices/system/cpu/cpu14/cpufreq/cpuinfo_max_freq
code /sys/devices/system/cpu/cpu15/cpufreq/cpuinfo_max_freq
code /proc/self/maps
dbus-daemon /run/systemd/users/911
dbus-daemon /proc/1116/cmdline
code /proc/self/cmdline
code /proc/version_signature
code /proc/self/maps
code /sys/devices/system/cpu/online
xclip /etc/ld.so.cache
xclip /lib/x86_64-linux-gnu/libXmu.so.6
xclip /lib/x86_64-linux-gnu/libX11.so.6
xclip /lib/x86_64-linux-gnu/libc.so.6
xclip /lib/x86_64-linux-gnu/libXt.so.6
xclip /lib/x86_64-linux-gnu/libXext.so.6
xclip /lib/x86_64-linux-gnu/libxcb.so.1
xclip /lib/x86_64-linux-gnu/libSM.so.6
xclip /lib/x86_64-linux-gnu/libICE.so.6
xclip /lib/x86_64-linux-gnu/libXau.so.6
xclip /lib/x86_64-linux-gnu/libXdmcp.so.6
xclip /lib/x86_64-linux-gnu/libuuid.so.1
xclip /lib/x86_64-linux-gnu/libbsd.so.0
xclip /lib/x86_64-linux-gnu/libmd.so.0
xclip /usr/share/X11/locale/locale.alias
xclip /usr/share/X11/locale/locale.dir
xclip /usr/share/X11/locale/C/XLC_LOCALE
xclip /usr/share/X11/locale/locale.alias
xclip /usr/share/X11/locale/locale.dir
xclip /usr/share/X11/locale/C/XLC_LOCALE
Xvfb /proc/1140/cmdline
selkies /proc/stat
selkies /proc/meminfo
code /usr/share/code/resources/app.asar
code /usr/share/code/resources/app.asar
code /usr/share/code/resources/app.asar
code /usr/share/code/resources/app.asar
code /usr/share/code/resources/app/package.json
code /usr/share/code/resources/app/out/package.json
code /usr/share/code/resources/app/package.json
code /usr/share/code/resources/app/out/main.js
code /usr/share/code/resources/app/product.json
code /proc/self/cgroup
code /sys/fs/cgroup//memory.max
code /sys/fs/cgroup//memory.high
code /proc/meminfo
code /proc/self/cgroup
code /sys/fs/cgroup//memory.max
code /sys/fs/cgroup//memory.high
code /proc/meminfo
code /sys/devices/system/cpu/cpu0/tsc_freq_khz
code /config/.vscode/argv.json
code /config/.vscode/argv.json
code /usr/share/locale/locale.alias
code /proc/self/stat
code /proc/stat
code /config/.config/Code/Local State
code /config/.config/Code/Local State
Xvfb /proc/1116/cmdline
code /usr/share/locale/locale.alias
code /usr/share/locale/en_US/LC_MESSAGES/libc.mo
code /usr/share/locale/en/LC_MESSAGES/libc.mo
code /usr/share/locale-langpack/en_US/LC_MESSAGES/libc.mo
code /usr/share/locale-langpack/en/LC_MESSAGES/libc.mo
code /etc/fonts/fonts.conf
code /etc/fonts/conf.d
code /usr/share/fontconfig/conf.avail/10-hinting-slight.conf
code /usr/share/fontconfig/conf.avail/10-scale-bitmap-fonts.conf
code /usr/share/fontconfig/conf.avail/10-sub-pixel-rgb.conf
code /usr/share/fontconfig/conf.avail/10-yes-antialias.conf
code /usr/share/fontconfig/conf.avail/11-lcdfilter-default.conf
code /usr/share/fontconfig/conf.avail/20-unhint-small-vera.conf
code /usr/share/fontconfig/conf.avail/30-metric-aliases.conf
code /usr/share/fontconfig/conf.avail/30-opensymbol.conf
code /usr/share/fontconfig/conf.avail/40-nonlatin.conf
code /usr/share/fontconfig/conf.avail/45-generic.conf
code /usr/share/fontconfig/conf.avail/45-latin.conf
code /usr/share/fontconfig/conf.avail/48-spacing.conf
code /usr/share/fontconfig/conf.avail/49-sansserif.conf
code /usr/share/fontconfig/conf.avail/50-user.conf
code /usr/share/fontconfig/conf.avail/51-local.conf
code /etc/fonts/conf.avail/56-kubuntu-noto.conf
code /usr/share/fontconfig/conf.avail/60-generic.conf
code /usr/share/fontconfig/conf.avail/60-latin.conf
code /usr/share/fontconfig/conf.avail/urw-bookman.conf
code /usr/share/fontconfig/conf.avail/urw-c059.conf
code /usr/share/fontconfig/conf.avail/urw-d050000l.conf
code /usr/share/fontconfig/conf.avail/urw-fallback-backwards.conf
code /usr/share/fontconfig/conf.avail/urw-fallback-generics.conf
code /usr/share/fontconfig/conf.avail/urw-gothic.conf
code /usr/share/fontconfig/conf.avail/urw-nimbus-mono-ps.conf
code /usr/share/fontconfig/conf.avail/urw-nimbus-roman.conf
code /usr/share/fontconfig/conf.avail/urw-nimbus-sans.conf
code /usr/share/fontconfig/conf.avail/urw-p052.conf
code /usr/share/fontconfig/conf.avail/urw-standard-symbols-ps.conf
code /usr/share/fontconfig/conf.avail/urw-z003.conf
code /usr/share/fontconfig/conf.avail/65-fonts-persian.conf
code /usr/share/fontconfig/conf.avail/65-nonlatin.conf
code /usr/share/fontconfig/conf.avail/69-unifont.conf
code /usr/share/fontconfig/conf.avail/70-fonts-noto-cjk.conf
code /usr/share/fontconfig/conf.avail/70-no-bitmaps-except-emoji.conf
code /usr/share/fontconfig/conf.avail/71-ubuntulegacy.conf
code /usr/share/fontconfig/conf.avail/80-delicious.conf
code /usr/share/fontconfig/conf.avail/90-synthetic.conf
code /usr/share/fontconfig/conf.avail
code /usr/share/fontconfig/conf.avail/05-reset-dirs-sample.conf
code /usr/share/fontconfig/conf.avail/09-autohint-if-no-hinting.conf
code /usr/share/fontconfig/conf.avail/10-autohint.conf
code /usr/share/fontconfig/conf.avail/10-hinting-full.conf
code /usr/share/fontconfig/conf.avail/10-hinting-medium.conf
code /usr/share/fontconfig/conf.avail/10-hinting-none.conf
code /usr/share/fontconfig/conf.avail/10-no-antialias.conf
code /usr/share/fontconfig/conf.avail/10-sub-pixel-bgr.conf
code /usr/share/fontconfig/conf.avail/10-sub-pixel-none.conf
code /usr/share/fontconfig/conf.avail/10-sub-pixel-vbgr.conf
code /usr/share/fontconfig/conf.avail/10-sub-pixel-vrgb.conf
code /usr/share/fontconfig/conf.avail/10-unhinted.conf
code /usr/share/fontconfig/conf.avail/11-lcdfilter-legacy.conf
code /usr/share/fontconfig/conf.avail/11-lcdfilter-light.conf
code /usr/share/fontconfig/conf.avail/11-lcdfilter-none.conf
code /usr/share/fontconfig/conf.avail/25-unhint-nonlatin.conf
code /usr/share/fontconfig/conf.avail/35-lang-normalize.conf
code /usr/share/fontconfig/conf.avail/53-monospace-lcd-filter.conf
code /usr/share/fontconfig/conf.avail/65-khmer.conf
code /usr/share/fontconfig/conf.avail/70-force-bitmaps.conf
code /usr/share/fontconfig/conf.avail/70-no-bitmaps-and-emoji.conf
code /usr/share/fontconfig/conf.avail/70-no-bitmaps.conf
code /usr/share/fontconfig/conf.avail/70-yes-bitmaps.conf
code /usr/local/share/fonts
code /var/cache/fontconfig/4c599c202bc5c08e2d34565a40eac3b2-le64.cache-11
code /usr/local/share/fonts/.uuid
code /config/.cache/fontconfig/4c599c202bc5c08e2d34565a40eac3b2-le64.cache-11
code /usr/local/share/fonts/.uuid
code /config/.fontconfig/4c599c202bc5c08e2d34565a40eac3b2-le64.cache-11
code /usr/local/share/fonts/.uuid
code /usr/local/share/fonts
code /var/cache/fontconfig/4c599c202bc5c08e2d34565a40eac3b2-le64.cache-11
code /config/.cache/fontconfig/4c599c202bc5c08e2d34565a40eac3b2-le64.cache-11
code /config/.fontconfig/4c599c202bc5c08e2d34565a40eac3b2-le64.cache-11
code /usr/local/share/fonts
code /config/.cache/fontconfig/CACHEDIR.TAG.TMP-eOQeyU
code /config/.cache/fontconfig/CACHEDIR.TAG.NEW
code /config/.cache/fontconfig/4c599c202bc5c08e2d34565a40eac3b2-le64.cache-11.TMP-VcdGOP
code /config/.cache/fontconfig/4c599c202bc5c08e2d34565a40eac3b2-le64.cache-11.NEW
code /usr/share/fonts
code /var/cache/fontconfig/3830d5c3ddfd5cd38a049b759396e72e-le64.cache-11
code /usr/share/fonts/.uuid
code /config/.cache/fontconfig/3830d5c3ddfd5cd38a049b759396e72e-le64.cache-11
code /usr/share/fonts/.uuid
code /config/.fontconfig/3830d5c3ddfd5cd38a049b759396e72e-le64.cache-11
code /usr/share/fonts/.uuid
code /usr/share/fonts
code /var/cache/fontconfig/3830d5c3ddfd5cd38a049b759396e72e-le64.cache-11
code /config/.cache/fontconfig/3830d5c3ddfd5cd38a049b759396e72e-le64.cache-11
code /config/.fontconfig/3830d5c3ddfd5cd38a049b759396e72e-le64.cache-11
code /usr/share/fonts
code /config/.cache/fontconfig/3830d5c3ddfd5cd38a049b759396e72e-le64.cache-11.TMP-6DrQ6V
code /config/.cache/fontconfig/3830d5c3ddfd5cd38a049b759396e72e-le64.cache-11.NEW
code /usr/share/fonts/X11
code /var/cache/fontconfig/c855463f699352c367813e37f3f70ea7-le64.cache-11
code /usr/share/fonts/X11/.uuid
code /config/.cache/fontconfig/c855463f699352c367813e37f3f70ea7-le64.cache-11
code /usr/share/fonts/X11/.uuid
code /config/.fontconfig/c855463f699352c367813e37f3f70ea7-le64.cache-11
code /usr/share/fonts/X11/.uuid
code /usr/share/fonts/X11
code /var/cache/fontconfig/c855463f699352c367813e37f3f70ea7-le64.cache-11
code /config/.cache/fontconfig/c855463f699352c367813e37f3f70ea7-le64.cache-11
code /config/.fontconfig/c855463f699352c367813e37f3f70ea7-le64.cache-11
code /usr/share/fonts/X11
code /config/.cache/fontconfig/c855463f699352c367813e37f3f70ea7-le64.cache-11.TMP-b9X4jg
code /config/.cache/fontconfig/c855463f699352c367813e37f3f70ea7-le64.cache-11.NEW
code /usr/share/fonts/cMap
code /var/cache/fontconfig/32b6488e5b8292a2e95c79d947e009e8-le64.cache-11
code /usr/share/fonts/cMap/.uuid
code /config/.cache/fontconfig/32b6488e5b8292a2e95c79d947e009e8-le64.cache-11
code /usr/share/fonts/cMap/.uuid
code /config/.fontconfig/32b6488e5b8292a2e95c79d947e009e8-le64.cache-11
code /usr/share/fonts/cMap/.uuid
code /usr/share/fonts/cMap
code /var/cache/fontconfig/32b6488e5b8292a2e95c79d947e009e8-le64.cache-11
code /config/.cache/fontconfig/32b6488e5b8292a2e95c79d947e009e8-le64.cache-11
code /config/.fontconfig/32b6488e5b8292a2e95c79d947e009e8-le64.cache-11
code /usr/share/fonts/cMap
code /usr/share/fonts/cMap/Identity-UTF16-H
code /config/.cache/fontconfig/32b6488e5b8292a2e95c79d947e009e8-le64.cache-11.TMP-Xxxvur
code /config/.cache/fontconfig/32b6488e5b8292a2e95c79d947e009e8-le64.cache-11.NEW
code /usr/share/fonts/cmap
code /var/cache/fontconfig/57e423e26b20ab21d0f2f29c145174c3-le64.cache-11
code /usr/share/fonts/cmap/.uuid
code /config/.cache/fontconfig/57e423e26b20ab21d0f2f29c145174c3-le64.cache-11
code /usr/share/fonts/cmap/.uuid
code /config/.fontconfig/57e423e26b20ab21d0f2f29c145174c3-le64.cache-11
code /usr/share/fonts/cmap/.uuid
code /usr/share/fonts/cmap
code /var/cache/fontconfig/57e423e26b20ab21d0f2f29c145174c3-le64.cache-11
code /config/.cache/fontconfig/57e423e26b20ab21d0f2f29c145174c3-le64.cache-11
code /config/.fontconfig/57e423e26b20ab21d0f2f29c145174c3-le64.cache-11
code /usr/share/fonts/cmap
code /usr/share/fonts/cmap/Identity-H
code /usr/share/fonts/cmap/Identity-V
code /config/.cache/fontconfig/57e423e26b20ab21d0f2f29c145174c3-le64.cache-11.TMP-UOanaf
code /config/.cache/fontconfig/57e423e26b20ab21d0f2f29c145174c3-le64.cache-11.NEW
code /usr/share/fonts/opentype
code /var/cache/fontconfig/573ec803664ed168555e0e8b6d0f0c7f-le64.cache-11
code /usr/share/fonts/opentype/.uuid
code /config/.cache/fontconfig/573ec803664ed168555e0e8b6d0f0c7f-le64.cache-11
code /usr/share/fonts/opentype/.uuid
code /config/.fontconfig/573ec803664ed168555e0e8b6d0f0c7f-le64.cache-11
code /usr/share/fonts/opentype/.uuid
code /usr/share/fonts/opentype
code /var/cache/fontconfig/573ec803664ed168555e0e8b6d0f0c7f-le64.cache-11
code /config/.cache/fontconfig/573ec803664ed168555e0e8b6d0f0c7f-le64.cache-11
code /config/.fontconfig/573ec803664ed168555e0e8b6d0f0c7f-le64.cache-11
code /usr/share/fonts/opentype
code /config/.cache/fontconfig/573ec803664ed168555e0e8b6d0f0c7f-le64.cache-11.TMP-5QcG3r
code /config/.cache/fontconfig/573ec803664ed168555e0e8b6d0f0c7f-le64.cache-11.NEW
code /usr/share/fonts/truetype
code /var/cache/fontconfig/7ef2298fde41cc6eeb7af42e48b7d293-le64.cache-11
code /usr/share/fonts/truetype/.uuid
code /config/.cache/fontconfig/7ef2298fde41cc6eeb7af42e48b7d293-le64.cache-11
code /usr/share/fonts/truetype/.uuid
code /config/.fontconfig/7ef2298fde41cc6eeb7af42e48b7d293-le64.cache-11
code /usr/share/fonts/truetype/.uuid
code /usr/share/fonts/truetype
code /var/cache/fontconfig/7ef2298fde41cc6eeb7af42e48b7d293-le64.cache-11
code /config/.cache/fontconfig/7ef2298fde41cc6eeb7af42e48b7d293-le64.cache-11
code /config/.fontconfig/7ef2298fde41cc6eeb7af42e48b7d293-le64.cache-11
code /usr/share/fonts/truetype
code /config/.cache/fontconfig/7ef2298fde41cc6eeb7af42e48b7d293-le64.cache-11.TMP-uMluwH
code /config/.cache/fontconfig/7ef2298fde41cc6eeb7af42e48b7d293-le64.cache-11.NEW
code /usr/share/fonts/type1
code /var/cache/fontconfig/d82eb4fd963d448e2fcb7d7b793b5df3-le64.cache-11
code /usr/share/fonts/type1/.uuid
code /config/.cache/fontconfig/d82eb4fd963d448e2fcb7d7b793b5df3-le64.cache-11
code /usr/share/fonts/type1/.uuid
code /config/.fontconfig/d82eb4fd963d448e2fcb7d7b793b5df3-le64.cache-11
code /usr/share/fonts/type1/.uuid
code /usr/share/fonts/type1
code /var/cache/fontconfig/d82eb4fd963d448e2fcb7d7b793b5df3-le64.cache-11
code /config/.cache/fontconfig/d82eb4fd963d448e2fcb7d7b793b5df3-le64.cache-11
code /config/.fontconfig/d82eb4fd963d448e2fcb7d7b793b5df3-le64.cache-11
code /usr/share/fonts/type1
code /config/.cache/fontconfig/d82eb4fd963d448e2fcb7d7b793b5df3-le64.cache-11.TMP-xOQKd5
code /config/.cache/fontconfig/d82eb4fd963d448e2fcb7d7b793b5df3-le64.cache-11.NEW
code /usr/share/fonts/X11/Type1
code /var/cache/fontconfig/e13b20fdb08344e0e664864cc2ede53d-le64.cache-11
code /usr/share/fonts/X11/Type1/.uuid
code /config/.cache/fontconfig/e13b20fdb08344e0e664864cc2ede53d-le64.cache-11
code /usr/share/fonts/X11/Type1/.uuid
code /config/.fontconfig/e13b20fdb08344e0e664864cc2ede53d-le64.cache-11
code /usr/share/fonts/X11/Type1/.uuid
code /usr/share/fonts/X11/Type1
code /var/cache/fontconfig/e13b20fdb08344e0e664864cc2ede53d-le64.cache-11
code /config/.cache/fontconfig/e13b20fdb08344e0e664864cc2ede53d-le64.cache-11
code /config/.fontconfig/e13b20fdb08344e0e664864cc2ede53d-le64.cache-11
code /usr/share/fonts/X11/Type1
code /usr/share/fonts/X11/Type1/C059-BdIta.pfb
code /usr/share/fonts/X11/Type1/C059-Bold.pfb
code /usr/share/fonts/X11/Type1/C059-Italic.pfb
code /usr/share/fonts/X11/Type1/C059-Roman.pfb
code /usr/share/fonts/X11/Type1/D050000L.pfb
code /usr/share/fonts/X11/Type1/NimbusMonoPS-Bold.pfb
code /usr/share/fonts/X11/Type1/NimbusMonoPS-BoldItalic.pfb
code /usr/share/fonts/X11/Type1/NimbusMonoPS-Italic.pfb
code /usr/share/fonts/X11/Type1/NimbusMonoPS-Regular.pfb
code /usr/share/fonts/X11/Type1/NimbusRoman-Bold.pfb
code /usr/share/fonts/X11/Type1/NimbusRoman-BoldItalic.pfb
code /usr/share/fonts/X11/Type1/NimbusRoman-Italic.pfb
code /usr/share/fonts/X11/Type1/NimbusRoman-Regular.pfb
code /usr/share/fonts/X11/Type1/NimbusSans-Bold.pfb
code /usr/share/fonts/X11/Type1/NimbusSans-BoldItalic.pfb
code /usr/share/fonts/X11/Type1/NimbusSans-Italic.pfb
code /usr/share/fonts/X11/Type1/NimbusSans-Regular.pfb
code /usr/share/fonts/X11/Type1/NimbusSansNarrow-Bold.pfb
code /usr/share/fonts/X11/Type1/NimbusSansNarrow-BoldOblique.pfb
code /usr/share/fonts/X11/Type1/NimbusSansNarrow-Oblique.pfb
code /usr/share/fonts/X11/Type1/NimbusSansNarrow-Regular.pfb
code /usr/share/fonts/X11/Type1/P052-Bold.pfb
code /usr/share/fonts/X11/Type1/P052-BoldItalic.pfb
code /usr/share/fonts/X11/Type1/P052-Italic.pfb
code /usr/share/fonts/X11/Type1/P052-Roman.pfb
code /usr/share/fonts/X11/Type1/StandardSymbolsPS.pfb
code /usr/share/fonts/X11/Type1/URWBookman-Demi.pfb
code /usr/share/fonts/X11/Type1/URWBookman-DemiItalic.pfb
code /usr/share/fonts/X11/Type1/URWBookman-Light.pfb
code /usr/share/fonts/X11/Type1/URWBookman-LightItalic.pfb
code /usr/share/fonts/X11/Type1/URWGothic-Book.pfb
code /usr/share/fonts/X11/Type1/URWGothic-BookOblique.pfb
code /usr/share/fonts/X11/Type1/URWGothic-Demi.pfb
code /usr/share/fonts/X11/Type1/URWGothic-DemiOblique.pfb
code /usr/share/fonts/X11/Type1/Z003-MediumItalic.pfb
code /usr/share/fonts/X11/Type1/encodings.dir
code /usr/share/fonts/X11/Type1/fonts.alias
code /usr/share/fonts/X11/Type1/fonts.dir
code /usr/share/fonts/X11/Type1/fonts.scale
code /config/.cache/fontconfig/e13b20fdb08344e0e664864cc2ede53d-le64.cache-11.TMP-ZcCuGg
code /config/.cache/fontconfig/e13b20fdb08344e0e664864cc2ede53d-le64.cache-11.NEW
code /usr/share/fonts/X11/encodings
code /var/cache/fontconfig/707971e003b4ae6c8121c3a920e507f5-le64.cache-11
code /usr/share/fonts/X11/encodings/.uuid
code /config/.cache/fontconfig/707971e003b4ae6c8121c3a920e507f5-le64.cache-11
code /usr/share/fonts/X11/encodings/.uuid
code /config/.fontconfig/707971e003b4ae6c8121c3a920e507f5-le64.cache-11
code /usr/share/fonts/X11/encodings/.uuid
code /usr/share/fonts/X11/encodings
code /var/cache/fontconfig/707971e003b4ae6c8121c3a920e507f5-le64.cache-11
code /config/.cache/fontconfig/707971e003b4ae6c8121c3a920e507f5-le64.cache-11
code /config/.fontconfig/707971e003b4ae6c8121c3a920e507f5-le64.cache-11
code /usr/share/fonts/X11/encodings
code /usr/share/fonts/X11/encodings/adobe-dingbats.enc.gz
code /usr/share/fonts/X11/encodings/adobe-standard.enc.gz
code /usr/share/fonts/X11/encodings/adobe-symbol.enc.gz
code /usr/share/fonts/X11/encodings/armscii-8.enc.gz
code /usr/share/fonts/X11/encodings/ascii-0.enc.gz
code /usr/share/fonts/X11/encodings/dec-special.enc.gz
code /usr/share/fonts/X11/encodings/encodings.dir
code /usr/share/fonts/X11/encodings/ibm-cp437.enc.gz
code /usr/share/fonts/X11/encodings/ibm-cp850.enc.gz
code /usr/share/fonts/X11/encodings/ibm-cp852.enc.gz
code /usr/share/fonts/X11/encodings/ibm-cp866.enc.gz
code /usr/share/fonts/X11/encodings/iso8859-11.enc.gz
code /usr/share/fonts/X11/encodings/iso8859-13.enc.gz
code /usr/share/fonts/X11/encodings/iso8859-16.enc.gz
code /usr/share/fonts/X11/encodings/iso8859-6.16.enc.gz
code /usr/share/fonts/X11/encodings/iso8859-6.8x.enc.gz
code /usr/share/fonts/X11/encodings/microsoft-cp1250.enc.gz
code /usr/share/fonts/X11/encodings/microsoft-cp1251.enc.gz
code /usr/share/fonts/X11/encodings/microsoft-cp1252.enc.gz
code /usr/share/fonts/X11/encodings/microsoft-cp1253.enc.gz
code /usr/share/fonts/X11/encodings/microsoft-cp1254.enc.gz
code /usr/share/fonts/X11/encodings/microsoft-cp1255.enc.gz
code /usr/share/fonts/X11/encodings/microsoft-cp1256.enc.gz
code /usr/share/fonts/X11/encodings/microsoft-cp1257.enc.gz
code /usr/share/fonts/X11/encodings/microsoft-cp1258.enc.gz
code /usr/share/fonts/X11/encodings/microsoft-win3.1.enc.gz
code /usr/share/fonts/X11/encodings/mulearabic-0.enc.gz
code /usr/share/fonts/X11/encodings/mulearabic-1.enc.gz
code /usr/share/fonts/X11/encodings/mulearabic-2.enc.gz
code /usr/share/fonts/X11/encodings/mulelao-1.enc.gz
code /usr/share/fonts/X11/encodings/suneu-greek.enc.gz
code /usr/share/fonts/X11/encodings/tcvn-0.enc.gz
code /usr/share/fonts/X11/encodings/tis620-2.enc.gz
code /usr/share/fonts/X11/encodings/viscii1.1-1.enc.gz
code /config/.cache/fontconfig/707971e003b4ae6c8121c3a920e507f5-le64.cache-11.TMP-j8xXGA
code /config/.cache/fontconfig/707971e003b4ae6c8121c3a920e507f5-le64.cache-11.NEW
code /usr/share/fonts/X11/misc
code /var/cache/fontconfig/cabbd14511b9e8a55e92af97fb3a0461-le64.cache-11
code /usr/share/fonts/X11/misc/.uuid
code /config/.cache/fontconfig/cabbd14511b9e8a55e92af97fb3a0461-le64.cache-11
code /usr/share/fonts/X11/misc/.uuid
code /config/.fontconfig/cabbd14511b9e8a55e92af97fb3a0461-le64.cache-11
code /usr/share/fonts/X11/misc/.uuid
code /usr/share/fonts/X11/misc
code /var/cache/fontconfig/cabbd14511b9e8a55e92af97fb3a0461-le64.cache-11
code /config/.cache/fontconfig/cabbd14511b9e8a55e92af97fb3a0461-le64.cache-11
code /config/.fontconfig/cabbd14511b9e8a55e92af97fb3a0461-le64.cache-11
code /usr/share/fonts/X11/misc
code /usr/share/fonts/X11/misc/10x20-ISO8859-1.pcf.gz
code /usr/share/fonts/X11/misc/10x20-ISO8859-10.pcf.gz
code /usr/share/fonts/X11/misc/10x20-ISO8859-11.pcf.gz
code /usr/share/fonts/X11/misc/10x20-ISO8859-13.pcf.gz
code /usr/share/fonts/X11/misc/10x20-ISO8859-14.pcf.gz
code /usr/share/fonts/X11/misc/10x20-ISO8859-15.pcf.gz
code /usr/share/fonts/X11/misc/10x20-ISO8859-16.pcf.gz
code /usr/share/fonts/X11/misc/10x20-ISO8859-2.pcf.gz
code /usr/share/fonts/X11/misc/10x20-ISO8859-3.pcf.gz
code /usr/share/fonts/X11/misc/10x20-ISO8859-4.pcf.gz
code /usr/share/fonts/X11/misc/10x20-ISO8859-5.pcf.gz
code /usr/share/fonts/X11/misc/10x20-ISO8859-7.pcf.gz
code /usr/share/fonts/X11/misc/10x20-ISO8859-8.pcf.gz
code /usr/share/fonts/X11/misc/10x20-ISO8859-9.pcf.gz
code /usr/share/fonts/X11/misc/10x20-KOI8-R.pcf.gz
code /usr/share/fonts/X11/misc/10x20.pcf.gz
code /usr/share/fonts/X11/misc/12x13ja.pcf.gz
code /usr/share/fonts/X11/misc/12x24.pcf.gz
code /usr/share/fonts/X11/misc/12x24rk.pcf.gz
code /usr/share/fonts/X11/misc/18x18ja.pcf.gz
code /usr/share/fonts/X11/misc/18x18ko.pcf.gz
code /usr/share/fonts/X11/misc/4x6-ISO8859-1.pcf.gz
code /usr/share/fonts/X11/misc/4x6-ISO8859-10.pcf.gz
code /usr/share/fonts/X11/misc/4x6-ISO8859-13.pcf.gz
code /usr/share/fonts/X11/misc/4x6-ISO8859-14.pcf.gz
code /usr/share/fonts/X11/misc/4x6-ISO8859-15.pcf.gz
code /usr/share/fonts/X11/misc/4x6-ISO8859-16.pcf.gz
code /usr/share/fonts/X11/misc/4x6-ISO8859-2.pcf.gz
code /usr/share/fonts/X11/misc/4x6-ISO8859-3.pcf.gz
code /usr/share/fonts/X11/misc/4x6-ISO8859-4.pcf.gz
code /usr/share/fonts/X11/misc/4x6-ISO8859-5.pcf.gz
code /usr/share/fonts/X11/misc/4x6-ISO8859-7.pcf.gz
code /usr/share/fonts/X11/misc/4x6-ISO8859-8.pcf.gz
code /usr/share/fonts/X11/misc/4x6-ISO8859-9.pcf.gz
code /usr/share/fonts/X11/misc/4x6-KOI8-R.pcf.gz
code /usr/share/fonts/X11/misc/4x6.pcf.gz
code /usr/share/fonts/X11/misc/5x7-ISO8859-1.pcf.gz
code /usr/share/fonts/X11/misc/5x7-ISO8859-10.pcf.gz
code /usr/share/fonts/X11/misc/5x7-ISO8859-13.pcf.gz
code /usr/share/fonts/X11/misc/5x7-ISO8859-14.pcf.gz
code /usr/share/fonts/X11/misc/5x7-ISO8859-15.pcf.gz
code /usr/share/fonts/X11/misc/5x7-ISO8859-16.pcf.gz
code /usr/share/fonts/X11/misc/5x7-ISO8859-2.pcf.gz
code /usr/share/fonts/X11/misc/5x7-ISO8859-3.pcf.gz
code /usr/share/fonts/X11/misc/5x7-ISO8859-4.pcf.gz
code /usr/share/fonts/X11/misc/5x7-ISO8859-5.pcf.gz
code /usr/share/fonts/X11/misc/5x7-ISO8859-7.pcf.gz
code /usr/share/fonts/X11/misc/5x7-ISO8859-8.pcf.gz
code /usr/share/fonts/X11/misc/5x7-ISO8859-9.pcf.gz
code /usr/share/fonts/X11/misc/5x7-KOI8-R.pcf.gz
code /usr/share/fonts/X11/misc/5x7.pcf.gz
code /usr/share/fonts/X11/misc/5x8-ISO8859-1.pcf.gz
code /usr/share/fonts/X11/misc/5x8-ISO8859-10.pcf.gz
code /usr/share/fonts/X11/misc/5x8-ISO8859-13.pcf.gz
code /usr/share/fonts/X11/misc/5x8-ISO8859-14.pcf.gz
code /usr/share/fonts/X11/misc/5x8-ISO8859-15.pcf.gz
code /usr/share/fonts/X11/misc/5x8-ISO8859-16.pcf.gz
code /usr/share/fonts/X11/misc/5x8-ISO8859-2.pcf.gz
code /usr/share/fonts/X11/misc/5x8-ISO8859-3.pcf.gz
code /usr/share/fonts/X11/misc/5x8-ISO8859-4.pcf.gz
code /usr/share/fonts/X11/misc/5x8-ISO8859-5.pcf.gz
code /usr/share/fonts/X11/misc/5x8-ISO8859-7.pcf.gz
code /usr/share/fonts/X11/misc/5x8-ISO8859-8.pcf.gz
code /usr/share/fonts/X11/misc/5x8-ISO8859-9.pcf.gz
code /usr/share/fonts/X11/misc/5x8-KOI8-R.pcf.gz
code /usr/share/fonts/X11/misc/5x8.pcf.gz
code /usr/share/fonts/X11/misc/6x10-ISO8859-1.pcf.gz
code /usr/share/fonts/X11/misc/6x10-ISO8859-10.pcf.gz
code /usr/share/fonts/X11/misc/6x10-ISO8859-13.pcf.gz
code /usr/share/fonts/X11/misc/6x10-ISO8859-14.pcf.gz
code /usr/share/fonts/X11/misc/6x10-ISO8859-15.pcf.gz
code /usr/share/fonts/X11/misc/6x10-ISO8859-16.pcf.gz
code /usr/share/fonts/X11/misc/6x10-ISO8859-2.pcf.gz
code /usr/share/fonts/X11/misc/6x10-ISO8859-3.pcf.gz
code /usr/share/fonts/X11/misc/6x10-ISO8859-4.pcf.gz
code /usr/share/fonts/X11/misc/6x10-ISO8859-5.pcf.gz
code /usr/share/fonts/X11/misc/6x10-ISO8859-7.pcf.gz
code /usr/share/fonts/X11/misc/6x10-ISO8859-8.pcf.gz
code /usr/share/fonts/X11/misc/6x10-ISO8859-9.pcf.gz
code /usr/share/fonts/X11/misc/6x10-KOI8-R.pcf.gz
code /usr/share/fonts/X11/misc/6x10.pcf.gz
code /usr/share/fonts/X11/misc/6x12-ISO8859-1.pcf.gz
code /usr/share/fonts/X11/misc/6x12-ISO8859-10.pcf.gz
code /usr/share/fonts/X11/misc/6x12-ISO8859-13.pcf.gz
code /usr/share/fonts/X11/misc/6x12-ISO8859-14.pcf.gz
code /usr/share/fonts/X11/misc/6x12-ISO8859-15.pcf.gz
code /usr/share/fonts/X11/misc/6x12-ISO8859-16.pcf.gz
code /usr/share/fonts/X11/misc/6x12-ISO8859-2.pcf.gz
code /usr/share/fonts/X11/misc/6x12-ISO8859-3.pcf.gz
code /usr/share/fonts/X11/misc/6x12-ISO8859-4.pcf.gz
code /usr/share/fonts/X11/misc/6x12-ISO8859-5.pcf.gz
code /usr/share/fonts/X11/misc/6x12-ISO8859-7.pcf.gz
code /usr/share/fonts/X11/misc/6x12-ISO8859-8.pcf.gz
code /usr/share/fonts/X11/misc/6x12-ISO8859-9.pcf.gz
code /usr/share/fonts/X11/misc/6x12-KOI8-R.pcf.gz
code /usr/share/fonts/X11/misc/6x12.pcf.gz
code /usr/share/fonts/X11/misc/6x13-ISO8859-1.pcf.gz
code /usr/share/fonts/X11/misc/6x13-ISO8859-10.pcf.gz
code /usr/share/fonts/X11/misc/6x13-ISO8859-11.pcf.gz
code /usr/share/fonts/X11/misc/6x13-ISO8859-13.pcf.gz
code /usr/share/fonts/X11/misc/6x13-ISO8859-14.pcf.gz
code /usr/share/fonts/X11/misc/6x13-ISO8859-15.pcf.gz
code /usr/share/fonts/X11/misc/6x13-ISO8859-16.pcf.gz
code /usr/share/fonts/X11/misc/6x13-ISO8859-2.pcf.gz
code /usr/share/fonts/X11/misc/6x13-ISO8859-3.pcf.gz
code /usr/share/fonts/X11/misc/6x13-ISO8859-4.pcf.gz
code /usr/share/fonts/X11/misc/6x13-ISO8859-5.pcf.gz
code /usr/share/fonts/X11/misc/6x13-ISO8859-7.pcf.gz
code /usr/share/fonts/X11/misc/6x13-ISO8859-8.pcf.gz
code /usr/share/fonts/X11/misc/6x13-ISO8859-9.pcf.gz
code /usr/share/fonts/X11/misc/6x13-KOI8-R.pcf.gz
code /usr/share/fonts/X11/misc/6x13.pcf.gz
code /usr/share/fonts/X11/misc/6x13B-ISO8859-1.pcf.gz
code /usr/share/fonts/X11/misc/6x13B-ISO8859-10.pcf.gz
code /usr/share/fonts/X11/misc/6x13B-ISO8859-13.pcf.gz
code /usr/share/fonts/X11/misc/6x13B-ISO8859-14.pcf.gz
code /usr/share/fonts/X11/misc/6x13B-ISO8859-15.pcf.gz
code /usr/share/fonts/X11/misc/6x13B-ISO8859-16.pcf.gz
code /usr/share/fonts/X11/misc/6x13B-ISO8859-2.pcf.gz
code /usr/share/fonts/X11/misc/6x13B-ISO8859-3.pcf.gz
code /usr/share/fonts/X11/misc/6x13B-ISO8859-4.pcf.gz
code /usr/share/fonts/X11/misc/6x13B-ISO8859-5.pcf.gz
code /usr/share/fonts/X11/misc/6x13B-ISO8859-7.pcf.gz
code /usr/share/fonts/X11/misc/6x13B-ISO8859-8.pcf.gz
code /usr/share/fonts/X11/misc/6x13B-ISO8859-9.pcf.gz
code /usr/share/fonts/X11/misc/6x13B.pcf.gz
code /usr/share/fonts/X11/misc/6x13O-ISO8859-1.pcf.gz
code /usr/share/fonts/X11/misc/6x13O-ISO8859-10.pcf.gz
code /usr/share/fonts/X11/misc/6x13O-ISO8859-13.pcf.gz
code /usr/share/fonts/X11/misc/6x13O-ISO8859-14.pcf.gz
code /usr/share/fonts/X11/misc/6x13O-ISO8859-15.pcf.gz
code /usr/share/fonts/X11/misc/6x13O-ISO8859-16.pcf.gz
code /usr/share/fonts/X11/misc/6x13O-ISO8859-2.pcf.gz
code /usr/share/fonts/X11/misc/6x13O-ISO8859-3.pcf.gz
code /usr/share/fonts/X11/misc/6x13O-ISO8859-4.pcf.gz
code /usr/share/fonts/X11/misc/6x13O-ISO8859-5.pcf.gz
code /usr/share/fonts/X11/misc/6x13O-ISO8859-7.pcf.gz
code /usr/share/fonts/X11/misc/6x13O-ISO8859-9.pcf.gz
code /usr/share/fonts/X11/misc/6x13O.pcf.gz
code /usr/share/fonts/X11/misc/6x9-ISO8859-1.pcf.gz
code /usr/share/fonts/X11/misc/6x9-ISO8859-10.pcf.gz
code /usr/share/fonts/X11/misc/6x9-ISO8859-13.pcf.gz
code /usr/share/fonts/X11/misc/6x9-ISO8859-14.pcf.gz
code /usr/share/fonts/X11/misc/6x9-ISO8859-15.pcf.gz
code /usr/share/fonts/X11/misc/6x9-ISO8859-16.pcf.gz
code /usr/share/fonts/X11/misc/6x9-ISO8859-2.pcf.gz
code /usr/share/fonts/X11/misc/6x9-ISO8859-3.pcf.gz
code /usr/share/fonts/X11/misc/6x9-ISO8859-4.pcf.gz
code /usr/share/fonts/X11/misc/6x9-ISO8859-5.pcf.gz
code /usr/share/fonts/X11/misc/6x9-ISO8859-7.pcf.gz
code /usr/share/fonts/X11/misc/6x9-ISO8859-8.pcf.gz
code /usr/share/fonts/X11/misc/6x9-ISO8859-9.pcf.gz
code /usr/share/fonts/X11/misc/6x9-KOI8-R.pcf.gz
code /usr/share/fonts/X11/misc/6x9.pcf.gz
code /usr/share/fonts/X11/misc/7x13-ISO8859-1.pcf.gz
code /usr/share/fonts/X11/misc/7x13-ISO8859-10.pcf.gz
code /usr/share/fonts/X11/misc/7x13-ISO8859-11.pcf.gz
code /usr/share/fonts/X11/misc/7x13-ISO8859-13.pcf.gz
code /usr/share/fonts/X11/misc/7x13-ISO8859-14.pcf.gz
code /usr/share/fonts/X11/misc/7x13-ISO8859-15.pcf.gz
code /usr/share/fonts/X11/misc/7x13-ISO8859-16.pcf.gz
code /usr/share/fonts/X11/misc/7x13-ISO8859-2.pcf.gz
code /usr/share/fonts/X11/misc/7x13-ISO8859-3.pcf.gz
code /usr/share/fonts/X11/misc/7x13-ISO8859-4.pcf.gz
code /usr/share/fonts/X11/misc/7x13-ISO8859-5.pcf.gz
code /usr/share/fonts/X11/misc/7x13-ISO8859-7.pcf.gz
code /usr/share/fonts/X11/misc/7x13-ISO8859-8.pcf.gz
code /usr/share/fonts/X11/misc/7x13-ISO8859-9.pcf.gz
code /usr/share/fonts/X11/misc/7x13-KOI8-R.pcf.gz
code /usr/share/fonts/X11/misc/7x13.pcf.gz
code /usr/share/fonts/X11/misc/7x13B-ISO8859-1.pcf.gz
code /usr/share/fonts/X11/misc/7x13B-ISO8859-10.pcf.gz
code /usr/share/fonts/X11/misc/7x13B-ISO8859-11.pcf.gz
code /usr/share/fonts/X11/misc/7x13B-ISO8859-13.pcf.gz
code /usr/share/fonts/X11/misc/7x13B-ISO8859-14.pcf.gz
code /usr/share/fonts/X11/misc/7x13B-ISO8859-15.pcf.gz
code /usr/share/fonts/X11/misc/7x13B-ISO8859-16.pcf.gz
code /usr/share/fonts/X11/misc/7x13B-ISO8859-2.pcf.gz
code /usr/share/fonts/X11/misc/7x13B-ISO8859-3.pcf.gz
code /usr/share/fonts/X11/misc/7x13B-ISO8859-4.pcf.gz
code /usr/share/fonts/X11/misc/7x13B-ISO8859-5.pcf.gz
code /usr/share/fonts/X11/misc/7x13B-ISO8859-7.pcf.gz
code /usr/share/fonts/X11/misc/7x13B-ISO8859-8.pcf.gz
code /usr/share/fonts/X11/misc/7x13B-ISO8859-9.pcf.gz
code /usr/share/fonts/X11/misc/7x13B.pcf.gz
code /usr/share/fonts/X11/misc/7x13O-ISO8859-1.pcf.gz
code /usr/share/fonts/X11/misc/7x13O-ISO8859-10.pcf.gz
code /usr/share/fonts/X11/misc/7x13O-ISO8859-11.pcf.gz
code /usr/share/fonts/X11/misc/7x13O-ISO8859-13.pcf.gz
code /usr/share/fonts/X11/misc/7x13O-ISO8859-14.pcf.gz
code /usr/share/fonts/X11/misc/7x13O-ISO8859-15.pcf.gz
code /usr/share/fonts/X11/misc/7x13O-ISO8859-16.pcf.gz
code /usr/share/fonts/X11/misc/7x13O-ISO8859-2.pcf.gz
code /usr/share/fonts/X11/misc/7x13O-ISO8859-3.pcf.gz
code /usr/share/fonts/X11/misc/7x13O-ISO8859-4.pcf.gz
code /usr/share/fonts/X11/misc/7x13O-ISO8859-5.pcf.gz
code /usr/share/fonts/X11/misc/7x13O-ISO8859-7.pcf.gz
code /usr/share/fonts/X11/misc/7x13O-ISO8859-9.pcf.gz
code /usr/share/fonts/X11/misc/7x13O.pcf.gz
code /usr/share/fonts/X11/misc/7x14-ISO8859-1.pcf.gz
code /usr/share/fonts/X11/misc/7x14-ISO8859-10.pcf.gz
code /usr/share/fonts/X11/misc/7x14-ISO8859-11.pcf.gz
code /usr/share/fonts/X11/misc/7x14-ISO8859-13.pcf.gz
code /usr/share/fonts/X11/misc/7x14-ISO8859-14.pcf.gz
code /usr/share/fonts/X11/misc/7x14-ISO8859-15.pcf.gz
code /usr/share/fonts/X11/misc/7x14-ISO8859-16.pcf.gz
code /usr/share/fonts/X11/misc/7x14-ISO8859-2.pcf.gz
code /usr/share/fonts/X11/misc/7x14-ISO8859-3.pcf.gz
code /usr/share/fonts/X11/misc/7x14-ISO8859-4.pcf.gz
code /usr/share/fonts/X11/misc/7x14-ISO8859-5.pcf.gz
code /usr/share/fonts/X11/misc/7x14-ISO8859-7.pcf.gz
code /usr/share/fonts/X11/misc/7x14-ISO8859-8.pcf.gz
code /usr/share/fonts/X11/misc/7x14-ISO8859-9.pcf.gz
code /usr/share/fonts/X11/misc/7x14-JISX0201.1976-0.pcf.gz
code /usr/share/fonts/X11/misc/7x14-KOI8-R.pcf.gz
code /usr/share/fonts/X11/misc/7x14.pcf.gz
code /usr/share/fonts/X11/misc/7x14B-ISO8859-1.pcf.gz
code /usr/share/fonts/X11/misc/7x14B-ISO8859-10.pcf.gz
code /usr/share/fonts/X11/misc/7x14B-ISO8859-11.pcf.gz
code /usr/share/fonts/X11/misc/7x14B-ISO8859-13.pcf.gz
code /usr/share/fonts/X11/misc/7x14B-ISO8859-14.pcf.gz
code /usr/share/fonts/X11/misc/7x14B-ISO8859-15.pcf.gz
code /usr/share/fonts/X11/misc/7x14B-ISO8859-16.pcf.gz
code /usr/share/fonts/X11/misc/7x14B-ISO8859-2.pcf.gz
code /usr/share/fonts/X11/misc/7x14B-ISO8859-3.pcf.gz
code /usr/share/fonts/X11/misc/7x14B-ISO8859-4.pcf.gz
code /usr/share/fonts/X11/misc/7x14B-ISO8859-5.pcf.gz
code /usr/share/fonts/X11/misc/7x14B-ISO8859-7.pcf.gz
code /usr/share/fonts/X11/misc/7x14B-ISO8859-8.pcf.gz
code /usr/share/fonts/X11/misc/7x14B-ISO8859-9.pcf.gz
code /usr/share/fonts/X11/misc/7x14B.pcf.gz
code /usr/share/fonts/X11/misc/8x13-ISO8859-1.pcf.gz
code /usr/share/fonts/X11/misc/8x13-ISO8859-10.pcf.gz
code /usr/share/fonts/X11/misc/8x13-ISO8859-13.pcf.gz
code /usr/share/fonts/X11/misc/8x13-ISO8859-14.pcf.gz
code /usr/share/fonts/X11/misc/8x13-ISO8859-15.pcf.gz
code /usr/share/fonts/X11/misc/8x13-ISO8859-16.pcf.gz
code /usr/share/fonts/X11/misc/8x13-ISO8859-2.pcf.gz
code /usr/share/fonts/X11/misc/8x13-ISO8859-3.pcf.gz
code /usr/share/fonts/X11/misc/8x13-ISO8859-4.pcf.gz
code /usr/share/fonts/X11/misc/8x13-ISO8859-5.pcf.gz
code /usr/share/fonts/X11/misc/8x13-ISO8859-7.pcf.gz
code /usr/share/fonts/X11/misc/8x13-ISO8859-8.pcf.gz
code /usr/share/fonts/X11/misc/8x13-ISO8859-9.pcf.gz
code /usr/share/fonts/X11/misc/8x13-KOI8-R.pcf.gz
code /usr/share/fonts/X11/misc/8x13.pcf.gz
code /usr/share/fonts/X11/misc/8x13B-ISO8859-1.pcf.gz
code /usr/share/fonts/X11/misc/8x13B-ISO8859-10.pcf.gz
code /usr/share/fonts/X11/misc/8x13B-ISO8859-13.pcf.gz
code /usr/share/fonts/X11/misc/8x13B-ISO8859-14.pcf.gz
code /usr/share/fonts/X11/misc/8x13B-ISO8859-15.pcf.gz
code /usr/share/fonts/X11/misc/8x13B-ISO8859-16.pcf.gz
code /usr/share/fonts/X11/misc/8x13B-ISO8859-2.pcf.gz
code /usr/share/fonts/X11/misc/8x13B-ISO8859-3.pcf.gz
code /usr/share/fonts/X11/misc/8x13B-ISO8859-4.pcf.gz
code /usr/share/fonts/X11/misc/8x13B-ISO8859-5.pcf.gz
code /usr/share/fonts/X11/misc/8x13B-ISO8859-7.pcf.gz
code /usr/share/fonts/X11/misc/8x13B-ISO8859-8.pcf.gz
code /usr/share/fonts/X11/misc/8x13B-ISO8859-9.pcf.gz
code /usr/share/fonts/X11/misc/8x13B.pcf.gz
code /usr/share/fonts/X11/misc/8x13O-ISO8859-1.pcf.gz
code /usr/share/fonts/X11/misc/8x13O-ISO8859-10.pcf.gz
code /usr/share/fonts/X11/misc/8x13O-ISO8859-13.pcf.gz
code /usr/share/fonts/X11/misc/8x13O-ISO8859-14.pcf.gz
code /usr/share/fonts/X11/misc/8x13O-ISO8859-15.pcf.gz
code /usr/share/fonts/X11/misc/8x13O-ISO8859-16.pcf.gz
code /usr/share/fonts/X11/misc/8x13O-ISO8859-2.pcf.gz
code /usr/share/fonts/X11/misc/8x13O-ISO8859-3.pcf.gz
code /usr/share/fonts/X11/misc/8x13O-ISO8859-4.pcf.gz
code /usr/share/fonts/X11/misc/8x13O-ISO8859-5.pcf.gz
code /usr/share/fonts/X11/misc/8x13O-ISO8859-7.pcf.gz
code /usr/share/fonts/X11/misc/8x13O-ISO8859-9.pcf.gz
code /usr/share/fonts/X11/misc/8x13O.pcf.gz
code /usr/share/fonts/X11/misc/8x16.pcf.gz
code /usr/share/fonts/X11/misc/8x16rk.pcf.gz
code /usr/share/fonts/X11/misc/9x15-ISO8859-1.pcf.gz
code /usr/share/fonts/X11/misc/9x15-ISO8859-10.pcf.gz
code /usr/share/fonts/X11/misc/9x15-ISO8859-11.pcf.gz
code /usr/share/fonts/X11/misc/9x15-ISO8859-13.pcf.gz
code /usr/share/fonts/X11/misc/9x15-ISO8859-14.pcf.gz
code /usr/share/fonts/X11/misc/9x15-ISO8859-15.pcf.gz
code /usr/share/fonts/X11/misc/9x15-ISO8859-16.pcf.gz
code /usr/share/fonts/X11/misc/9x15-ISO8859-2.pcf.gz
code /usr/share/fonts/X11/misc/9x15-ISO8859-3.pcf.gz
code /usr/share/fonts/X11/misc/9x15-ISO8859-4.pcf.gz
code /usr/share/fonts/X11/misc/9x15-ISO8859-5.pcf.gz
code /usr/share/fonts/X11/misc/9x15-ISO8859-7.pcf.gz
code /usr/share/fonts/X11/misc/9x15-ISO8859-8.pcf.gz
code /usr/share/fonts/X11/misc/9x15-ISO8859-9.pcf.gz
code /usr/share/fonts/X11/misc/9x15-KOI8-R.pcf.gz
code /usr/share/fonts/X11/misc/9x15.pcf.gz
code /usr/share/fonts/X11/misc/9x15B-ISO8859-1.pcf.gz
code /usr/share/fonts/X11/misc/9x15B-ISO8859-10.pcf.gz
code /usr/share/fonts/X11/misc/9x15B-ISO8859-11.pcf.gz
code /usr/share/fonts/X11/misc/9x15B-ISO8859-13.pcf.gz
code /usr/share/fonts/X11/misc/9x15B-ISO8859-14.pcf.gz
code /usr/share/fonts/X11/misc/9x15B-ISO8859-15.pcf.gz
code /usr/share/fonts/X11/misc/9x15B-ISO8859-16.pcf.gz
code /usr/share/fonts/X11/misc/9x15B-ISO8859-2.pcf.gz
code /usr/share/fonts/X11/misc/9x15B-ISO8859-3.pcf.gz
code /usr/share/fonts/X11/misc/9x15B-ISO8859-4.pcf.gz
code /usr/share/fonts/X11/misc/9x15B-ISO8859-5.pcf.gz
code /usr/share/fonts/X11/misc/9x15B-ISO8859-7.pcf.gz
code /usr/share/fonts/X11/misc/9x15B-ISO8859-8.pcf.gz
code /usr/share/fonts/X11/misc/9x15B-ISO8859-9.pcf.gz
code /usr/share/fonts/X11/misc/9x15B.pcf.gz
code /usr/share/fonts/X11/misc/9x18-ISO8859-1.pcf.gz
code /usr/share/fonts/X11/misc/9x18-ISO8859-10.pcf.gz
code /usr/share/fonts/X11/misc/9x18-ISO8859-11.pcf.gz
code /usr/share/fonts/X11/misc/9x18-ISO8859-13.pcf.gz
code /usr/share/fonts/X11/misc/9x18-ISO8859-14.pcf.gz
code /usr/share/fonts/X11/misc/9x18-ISO8859-15.pcf.gz
code /usr/share/fonts/X11/misc/9x18-ISO8859-16.pcf.gz
code /usr/share/fonts/X11/misc/9x18-ISO8859-2.pcf.gz
code /usr/share/fonts/X11/misc/9x18-ISO8859-3.pcf.gz
code /usr/share/fonts/X11/misc/9x18-ISO8859-4.pcf.gz
code /usr/share/fonts/X11/misc/9x18-ISO8859-5.pcf.gz
code /usr/share/fonts/X11/misc/9x18-ISO8859-7.pcf.gz
code /usr/share/fonts/X11/misc/9x18-ISO8859-8.pcf.gz
code /usr/share/fonts/X11/misc/9x18-ISO8859-9.pcf.gz
code /usr/share/fonts/X11/misc/9x18-KOI8-R.pcf.gz
code /usr/share/fonts/X11/misc/9x18.pcf.gz
code /usr/share/fonts/X11/misc/9x18B-ISO8859-1.pcf.gz
code /usr/share/fonts/X11/misc/9x18B-ISO8859-10.pcf.gz
code /usr/share/fonts/X11/misc/9x18B-ISO8859-13.pcf.gz
code /usr/share/fonts/X11/misc/9x18B-ISO8859-14.pcf.gz
code /usr/share/fonts/X11/misc/9x18B-ISO8859-15.pcf.gz
code /usr/share/fonts/X11/misc/9x18B-ISO8859-16.pcf.gz
code /usr/share/fonts/X11/misc/9x18B-ISO8859-2.pcf.gz
code /usr/share/fonts/X11/misc/9x18B-ISO8859-3.pcf.gz
code /usr/share/fonts/X11/misc/9x18B-ISO8859-4.pcf.gz
code /usr/share/fonts/X11/misc/9x18B-ISO8859-5.pcf.gz
code /usr/share/fonts/X11/misc/9x18B-ISO8859-7.pcf.gz
code /usr/share/fonts/X11/misc/9x18B-ISO8859-8.pcf.gz
code /usr/share/fonts/X11/misc/9x18B-ISO8859-9.pcf.gz
code /usr/share/fonts/X11/misc/9x18B.pcf.gz
code /usr/share/fonts/X11/misc/arabic24.pcf.gz
code /usr/share/fonts/X11/misc/clB6x10.pcf.gz
code /usr/share/fonts/X11/misc/clB6x12.pcf.gz
code /usr/share/fonts/X11/misc/clB8x10.pcf.gz
code /usr/share/fonts/X11/misc/clB8x12.pcf.gz
code /usr/share/fonts/X11/misc/clB8x13.pcf.gz
code /usr/share/fonts/X11/misc/clB8x14.pcf.gz
code /usr/share/fonts/X11/misc/clB8x16.pcf.gz
code /usr/share/fonts/X11/misc/clB8x8.pcf.gz
code /usr/share/fonts/X11/misc/clB9x15.pcf.gz
code /usr/share/fonts/X11/misc/clI6x12.pcf.gz
code /usr/share/fonts/X11/misc/clI8x8.pcf.gz
code /usr/share/fonts/X11/misc/clR4x6.pcf.gz
code /usr/share/fonts/X11/misc/clR5x10.pcf.gz
code /usr/share/fonts/X11/misc/clR5x6.pcf.gz
code /usr/share/fonts/X11/misc/clR5x8.pcf.gz
code /usr/share/fonts/X11/misc/clR6x10.pcf.gz
code /usr/share/fonts/X11/misc/clR6x12-ISO8859-1.pcf.gz
code /usr/share/fonts/X11/misc/clR6x12-ISO8859-10.pcf.gz
code /usr/share/fonts/X11/misc/clR6x12-ISO8859-13.pcf.gz
code /usr/share/fonts/X11/misc/clR6x12-ISO8859-14.pcf.gz
code /usr/share/fonts/X11/misc/clR6x12-ISO8859-15.pcf.gz
code /usr/share/fonts/X11/misc/clR6x12-ISO8859-16.pcf.gz
code /usr/share/fonts/X11/misc/clR6x12-ISO8859-2.pcf.gz
code /usr/share/fonts/X11/misc/clR6x12-ISO8859-3.pcf.gz
code /usr/share/fonts/X11/misc/clR6x12-ISO8859-4.pcf.gz
code /usr/share/fonts/X11/misc/clR6x12-ISO8859-5.pcf.gz
code /usr/share/fonts/X11/misc/clR6x12-ISO8859-7.pcf.gz
code /usr/share/fonts/X11/misc/clR6x12-ISO8859-8.pcf.gz
code /usr/share/fonts/X11/misc/clR6x12-ISO8859-9.pcf.gz
code /usr/share/fonts/X11/misc/clR6x12-KOI8-R.pcf.gz
code /usr/share/fonts/X11/misc/clR6x12.pcf.gz
code /usr/share/fonts/X11/misc/clR6x13.pcf.gz
code /usr/share/fonts/X11/misc/clR6x6.pcf.gz
code /usr/share/fonts/X11/misc/clR6x8.pcf.gz
code /usr/share/fonts/X11/misc/clR7x10.pcf.gz
code /usr/share/fonts/X11/misc/clR7x12.pcf.gz
code /usr/share/fonts/X11/misc/clR7x14.pcf.gz
code /usr/share/fonts/X11/misc/clR7x8.pcf.gz
code /usr/share/fonts/X11/misc/clR8x10.pcf.gz
code /usr/share/fonts/X11/misc/clR8x12.pcf.gz
code /usr/share/fonts/X11/misc/clR8x13.pcf.gz
code /usr/share/fonts/X11/misc/clR8x14.pcf.gz
code /usr/share/fonts/X11/misc/clR8x16.pcf.gz
code /usr/share/fonts/X11/misc/clR8x8.pcf.gz
code /usr/share/fonts/X11/misc/clR9x15.pcf.gz
code /usr/share/fonts/X11/misc/cu-alt12.pcf.gz
code /usr/share/fonts/X11/misc/cu-arabic12.pcf.gz
code /usr/share/fonts/X11/misc/cu-devnag12.pcf.gz
code /usr/share/fonts/X11/misc/cu-lig12.pcf.gz
code /usr/share/fonts/X11/misc/cu-pua12.pcf.gz
code /usr/share/fonts/X11/misc/cu12.pcf.gz
code /usr/share/fonts/X11/misc/cuarabic12.pcf.gz
code /usr/share/fonts/X11/misc/cudevnag12.pcf.gz
code /usr/share/fonts/X11/misc/cursor.pcf.gz
code /usr/share/fonts/X11/misc/deccurs.pcf.gz
code /usr/share/fonts/X11/misc/decsess.pcf.gz
code /usr/share/fonts/X11/misc/encodings.dir
code /usr/share/fonts/X11/misc/fonts.alias
code /usr/share/fonts/X11/misc/fonts.dir
code /usr/share/fonts/X11/misc/gb16fs.pcf.gz
code /usr/share/fonts/X11/misc/gb16st.pcf.gz
code /usr/share/fonts/X11/misc/gb24st.pcf.gz
code /usr/share/fonts/X11/misc/hanglg16.pcf.gz
code /usr/share/fonts/X11/misc/hanglm16.pcf.gz
code /usr/share/fonts/X11/misc/hanglm24.pcf.gz
code /usr/share/fonts/X11/misc/jiskan16.pcf.gz
code /usr/share/fonts/X11/misc/jiskan24.pcf.gz
code /usr/share/fonts/X11/misc/k14.pcf.gz
code /usr/share/fonts/X11/misc/micro.pcf.gz
code /usr/share/fonts/X11/misc/nil2.pcf.gz
code /usr/share/fonts/X11/misc/olcursor.pcf.gz
code /usr/share/fonts/X11/misc/olgl10.pcf.gz
code /usr/share/fonts/X11/misc/olgl12.pcf.gz
code /usr/share/fonts/X11/misc/olgl14.pcf.gz
code /usr/share/fonts/X11/misc/olgl19.pcf.gz
code /config/.cache/fontconfig/cabbd14511b9e8a55e92af97fb3a0461-le64.cache-11.TMP-Di0YWt
code /config/.cache/fontconfig/cabbd14511b9e8a55e92af97fb3a0461-le64.cache-11.NEW
code /usr/share/fonts/X11/util
code /var/cache/fontconfig/fe547fea3a41b43a38975d292a2b19c7-le64.cache-11
code /usr/share/fonts/X11/util/.uuid
code /config/.cache/fontconfig/fe547fea3a41b43a38975d292a2b19c7-le64.cache-11
code /usr/share/fonts/X11/util/.uuid
code /config/.fontconfig/fe547fea3a41b43a38975d292a2b19c7-le64.cache-11
code /usr/share/fonts/X11/util/.uuid
code /usr/share/fonts/X11/util
code /var/cache/fontconfig/fe547fea3a41b43a38975d292a2b19c7-le64.cache-11
code /config/.cache/fontconfig/fe547fea3a41b43a38975d292a2b19c7-le64.cache-11
code /config/.fontconfig/fe547fea3a41b43a38975d292a2b19c7-le64.cache-11
code /usr/share/fonts/X11/util
code /usr/share/fonts/X11/util/map-ISO8859-1
code /usr/share/fonts/X11/util/map-ISO8859-10
code /usr/share/fonts/X11/util/map-ISO8859-11
code /usr/share/fonts/X11/util/map-ISO8859-13
code /usr/share/fonts/X11/util/map-ISO8859-14
code /usr/share/fonts/X11/util/map-ISO8859-15
code /usr/share/fonts/X11/util/map-ISO8859-16
code /usr/share/fonts/X11/util/map-ISO8859-2
code /usr/share/fonts/X11/util/map-ISO8859-3
code /usr/share/fonts/X11/util/map-ISO8859-4
code /usr/share/fonts/X11/util/map-ISO8859-5
code /usr/share/fonts/X11/util/map-ISO8859-6
code /usr/share/fonts/X11/util/map-ISO8859-7
code /usr/share/fonts/X11/util/map-ISO8859-8
code /usr/share/fonts/X11/util/map-ISO8859-9
code /usr/share/fonts/X11/util/map-JISX0201.1976-0
code /usr/share/fonts/X11/util/map-KOI8-R
code /config/.cache/fontconfig/fe547fea3a41b43a38975d292a2b19c7-le64.cache-11.TMP-BhXMY8
code /config/.cache/fontconfig/fe547fea3a41b43a38975d292a2b19c7-le64.cache-11.NEW
code /usr/share/fonts/cmap/adobe-cns1
code /var/cache/fontconfig/f1f2465696798768e9653f19e17ccdc8-le64.cache-11
code /usr/share/fonts/cmap/adobe-cns1/.uuid
code /config/.cache/fontconfig/f1f2465696798768e9653f19e17ccdc8-le64.cache-11
code /usr/share/fonts/cmap/adobe-cns1/.uuid
code /config/.fontconfig/f1f2465696798768e9653f19e17ccdc8-le64.cache-11
code /usr/share/fonts/cmap/adobe-cns1/.uuid
code /usr/share/fonts/cmap/adobe-cns1
code /var/cache/fontconfig/f1f2465696798768e9653f19e17ccdc8-le64.cache-11
code /config/.cache/fontconfig/f1f2465696798768e9653f19e17ccdc8-le64.cache-11
code /config/.fontconfig/f1f2465696798768e9653f19e17ccdc8-le64.cache-11
code /usr/share/fonts/cmap/adobe-cns1
code /usr/share/fonts/cmap/adobe-cns1/Adobe-CNS1-0
code /usr/share/fonts/cmap/adobe-cns1/Adobe-CNS1-1
code /usr/share/fonts/cmap/adobe-cns1/Adobe-CNS1-2
code /usr/share/fonts/cmap/adobe-cns1/Adobe-CNS1-3
code /usr/share/fonts/cmap/adobe-cns1/Adobe-CNS1-4
code /usr/share/fonts/cmap/adobe-cns1/Adobe-CNS1-5
code /usr/share/fonts/cmap/adobe-cns1/Adobe-CNS1-6
code /usr/share/fonts/cmap/adobe-cns1/Adobe-CNS1-7
code /usr/share/fonts/cmap/adobe-cns1/Adobe-CNS1-B5pc
code /usr/share/fonts/cmap/adobe-cns1/Adobe-CNS1-ETen-B5
code /usr/share/fonts/cmap/adobe-cns1/Adobe-CNS1-H-CID
code /usr/share/fonts/cmap/adobe-cns1/Adobe-CNS1-H-Host
code /usr/share/fonts/cmap/adobe-cns1/Adobe-CNS1-H-Mac
code /usr/share/fonts/cmap/adobe-cns1/Adobe-CNS1-UCS2
code /usr/share/fonts/cmap/adobe-cns1/B5-H
code /usr/share/fonts/cmap/adobe-cns1/B5-V
code /usr/share/fonts/cmap/adobe-cns1/B5pc-H
code /usr/share/fonts/cmap/adobe-cns1/B5pc-UCS2
code /usr/share/fonts/cmap/adobe-cns1/B5pc-UCS2C
code /usr/share/fonts/cmap/adobe-cns1/B5pc-V
code /usr/share/fonts/cmap/adobe-cns1/CNS-EUC-H
code /usr/share/fonts/cmap/adobe-cns1/CNS-EUC-V
code /usr/share/fonts/cmap/adobe-cns1/CNS1-H
code /usr/share/fonts/cmap/adobe-cns1/CNS1-V
code /usr/share/fonts/cmap/adobe-cns1/CNS2-H
code /usr/share/fonts/cmap/adobe-cns1/CNS2-V
code /usr/share/fonts/cmap/adobe-cns1/ETHK-B5-H
code /usr/share/fonts/cmap/adobe-cns1/ETHK-B5-V
code /usr/share/fonts/cmap/adobe-cns1/ETen-B5-H
code /usr/share/fonts/cmap/adobe-cns1/ETen-B5-UCS2
code /usr/share/fonts/cmap/adobe-cns1/ETen-B5-V
code /usr/share/fonts/cmap/adobe-cns1/ETenms-B5-H
code /usr/share/fonts/cmap/adobe-cns1/ETenms-B5-V
code /usr/share/fonts/cmap/adobe-cns1/HKdla-B5-H
code /usr/share/fonts/cmap/adobe-cns1/HKdla-B5-V
code /usr/share/fonts/cmap/adobe-cns1/HKdlb-B5-H
code /usr/share/fonts/cmap/adobe-cns1/HKdlb-B5-V
code /usr/share/fonts/cmap/adobe-cns1/HKgccs-B5-H
code /usr/share/fonts/cmap/adobe-cns1/HKgccs-B5-V
code /usr/share/fonts/cmap/adobe-cns1/HKm314-B5-H
code /usr/share/fonts/cmap/adobe-cns1/HKm314-B5-V
code /usr/share/fonts/cmap/adobe-cns1/HKm471-B5-H
code /usr/share/fonts/cmap/adobe-cns1/HKm471-B5-V
code /usr/share/fonts/cmap/adobe-cns1/HKscs-B5-H
code /usr/share/fonts/cmap/adobe-cns1/HKscs-B5-V
code /usr/share/fonts/cmap/adobe-cns1/UCS2-B5pc
code /usr/share/fonts/cmap/adobe-cns1/UCS2-ETen-B5
code /usr/share/fonts/cmap/adobe-cns1/UniCNS-UCS2-H
code /usr/share/fonts/cmap/adobe-cns1/UniCNS-UCS2-V
code /usr/share/fonts/cmap/adobe-cns1/UniCNS-UTF16-H
code /usr/share/fonts/cmap/adobe-cns1/UniCNS-UTF16-V
code /usr/share/fonts/cmap/adobe-cns1/UniCNS-UTF32-H
code /usr/share/fonts/cmap/adobe-cns1/UniCNS-UTF32-V
code /usr/share/fonts/cmap/adobe-cns1/UniCNS-UTF8-H
code /usr/share/fonts/cmap/adobe-cns1/UniCNS-UTF8-V
code /config/.cache/fontconfig/f1f2465696798768e9653f19e17ccdc8-le64.cache-11.TMP-BCXBVz
code /config/.cache/fontconfig/f1f2465696798768e9653f19e17ccdc8-le64.cache-11.NEW
code /usr/share/fonts/cmap/adobe-gb1
code /var/cache/fontconfig/95530828ff6c81d309f8258d8d02a23e-le64.cache-11
code /usr/share/fonts/cmap/adobe-gb1/.uuid
code /config/.cache/fontconfig/95530828ff6c81d309f8258d8d02a23e-le64.cache-11
code /usr/share/fonts/cmap/adobe-gb1/.uuid
code /config/.fontconfig/95530828ff6c81d309f8258d8d02a23e-le64.cache-11
code /usr/share/fonts/cmap/adobe-gb1/.uuid
code /usr/share/fonts/cmap/adobe-gb1
code /var/cache/fontconfig/95530828ff6c81d309f8258d8d02a23e-le64.cache-11
code /config/.cache/fontconfig/95530828ff6c81d309f8258d8d02a23e-le64.cache-11
code /config/.fontconfig/95530828ff6c81d309f8258d8d02a23e-le64.cache-11
code /usr/share/fonts/cmap/adobe-gb1
code /usr/share/fonts/cmap/adobe-gb1/Adobe-GB1-0
code /usr/share/fonts/cmap/adobe-gb1/Adobe-GB1-1
code /usr/share/fonts/cmap/adobe-gb1/Adobe-GB1-2
code /usr/share/fonts/cmap/adobe-gb1/Adobe-GB1-3
code /usr/share/fonts/cmap/adobe-gb1/Adobe-GB1-4
code /usr/share/fonts/cmap/adobe-gb1/Adobe-GB1-5
code /usr/share/fonts/cmap/adobe-gb1/Adobe-GB1-GBK-EUC
code /usr/share/fonts/cmap/adobe-gb1/Adobe-GB1-GBpc-EUC
code /usr/share/fonts/cmap/adobe-gb1/Adobe-GB1-H-CID
code /usr/share/fonts/cmap/adobe-gb1/Adobe-GB1-H-Host
code /usr/share/fonts/cmap/adobe-gb1/Adobe-GB1-H-Mac
code /usr/share/fonts/cmap/adobe-gb1/Adobe-GB1-UCS2
code /usr/share/fonts/cmap/adobe-gb1/GB-EUC-H
code /usr/share/fonts/cmap/adobe-gb1/GB-EUC-V
code /usr/share/fonts/cmap/adobe-gb1/GB-H
code /usr/share/fonts/cmap/adobe-gb1/GB-V
code /usr/share/fonts/cmap/adobe-gb1/GBK-EUC-H
code /usr/share/fonts/cmap/adobe-gb1/GBK-EUC-UCS2
code /usr/share/fonts/cmap/adobe-gb1/GBK-EUC-V
code /usr/share/fonts/cmap/adobe-gb1/GBK2K-H
code /usr/share/fonts/cmap/adobe-gb1/GBK2K-V
code /usr/share/fonts/cmap/adobe-gb1/GBKp-EUC-H
code /usr/share/fonts/cmap/adobe-gb1/GBKp-EUC-V
code /usr/share/fonts/cmap/adobe-gb1/GBT-EUC-H
code /usr/share/fonts/cmap/adobe-gb1/GBT-EUC-V
code /usr/share/fonts/cmap/adobe-gb1/GBT-H
code /usr/share/fonts/cmap/adobe-gb1/GBT-V
code /usr/share/fonts/cmap/adobe-gb1/GBTpc-EUC-H
code /usr/share/fonts/cmap/adobe-gb1/GBTpc-EUC-V
code /usr/share/fonts/cmap/adobe-gb1/GBpc-EUC-H
code /usr/share/fonts/cmap/adobe-gb1/GBpc-EUC-UCS2
code /usr/share/fonts/cmap/adobe-gb1/GBpc-EUC-UCS2C
code /usr/share/fonts/cmap/adobe-gb1/GBpc-EUC-V
code /usr/share/fonts/cmap/adobe-gb1/UCS2-GBK-EUC
code /usr/share/fonts/cmap/adobe-gb1/UCS2-GBpc-EUC
code /usr/share/fonts/cmap/adobe-gb1/UniGB-UCS2-H
code /usr/share/fonts/cmap/adobe-gb1/UniGB-UCS2-V
code /usr/share/fonts/cmap/adobe-gb1/UniGB-UTF16-H
code /usr/share/fonts/cmap/adobe-gb1/UniGB-UTF16-V
code /usr/share/fonts/cmap/adobe-gb1/UniGB-UTF32-H
code /usr/share/fonts/cmap/adobe-gb1/UniGB-UTF32-V
code /usr/share/fonts/cmap/adobe-gb1/UniGB-UTF8-H
code /usr/share/fonts/cmap/adobe-gb1/UniGB-UTF8-V
code /config/.cache/fontconfig/95530828ff6c81d309f8258d8d02a23e-le64.cache-11.TMP-USTlcc
code /config/.cache/fontconfig/95530828ff6c81d309f8258d8d02a23e-le64.cache-11.NEW
code /usr/share/fonts/cmap/adobe-japan1
code /var/cache/fontconfig/d3e5c4ee2ceb1fc347f91d4cefc53bc0-le64.cache-11
code /usr/share/fonts/cmap/adobe-japan1/.uuid
code /config/.cache/fontconfig/d3e5c4ee2ceb1fc347f91d4cefc53bc0-le64.cache-11
code /usr/share/fonts/cmap/adobe-japan1/.uuid
code /config/.fontconfig/d3e5c4ee2ceb1fc347f91d4cefc53bc0-le64.cache-11
code /usr/share/fonts/cmap/adobe-japan1/.uuid
code /usr/share/fonts/cmap/adobe-japan1
code /var/cache/fontconfig/d3e5c4ee2ceb1fc347f91d4cefc53bc0-le64.cache-11
code /config/.cache/fontconfig/d3e5c4ee2ceb1fc347f91d4cefc53bc0-le64.cache-11
code /config/.fontconfig/d3e5c4ee2ceb1fc347f91d4cefc53bc0-le64.cache-11
code /usr/share/fonts/cmap/adobe-japan1
code /usr/share/fonts/cmap/adobe-japan1/78-EUC-H
code /usr/share/fonts/cmap/adobe-japan1/78-EUC-V
code /usr/share/fonts/cmap/adobe-japan1/78-H
code /usr/share/fonts/cmap/adobe-japan1/78-RKSJ-H
code /usr/share/fonts/cmap/adobe-japan1/78-RKSJ-V
code /usr/share/fonts/cmap/adobe-japan1/78-V
code /usr/share/fonts/cmap/adobe-japan1/78ms-RKSJ-H
code /usr/share/fonts/cmap/adobe-japan1/78ms-RKSJ-V
code /usr/share/fonts/cmap/adobe-japan1/83pv-RKSJ-H
code /usr/share/fonts/cmap/adobe-japan1/90ms-RKSJ-H
code /usr/share/fonts/cmap/adobe-japan1/90ms-RKSJ-UCS2
code /usr/share/fonts/cmap/adobe-japan1/90ms-RKSJ-V
code /usr/share/fonts/cmap/adobe-japan1/90msp-RKSJ-H
code /usr/share/fonts/cmap/adobe-japan1/90msp-RKSJ-V
code /usr/share/fonts/cmap/adobe-japan1/90pv-RKSJ-H
code /usr/share/fonts/cmap/adobe-japan1/90pv-RKSJ-UCS2
code /usr/share/fonts/cmap/adobe-japan1/90pv-RKSJ-UCS2C
code /usr/share/fonts/cmap/adobe-japan1/90pv-RKSJ-V
code /usr/share/fonts/cmap/adobe-japan1/Add-H
code /usr/share/fonts/cmap/adobe-japan1/Add-RKSJ-H
code /usr/share/fonts/cmap/adobe-japan1/Add-RKSJ-V
code /usr/share/fonts/cmap/adobe-japan1/Add-V
code /usr/share/fonts/cmap/adobe-japan1/Adobe-Japan1-0
code /usr/share/fonts/cmap/adobe-japan1/Adobe-Japan1-1
code /usr/share/fonts/cmap/adobe-japan1/Adobe-Japan1-2
code /usr/share/fonts/cmap/adobe-japan1/Adobe-Japan1-3
code /usr/share/fonts/cmap/adobe-japan1/Adobe-Japan1-4
code /usr/share/fonts/cmap/adobe-japan1/Adobe-Japan1-5
code /usr/share/fonts/cmap/adobe-japan1/Adobe-Japan1-6
code /usr/share/fonts/cmap/adobe-japan1/Adobe-Japan1-7
code /usr/share/fonts/cmap/adobe-japan1/Adobe-Japan1-90ms-RKSJ
code /usr/share/fonts/cmap/adobe-japan1/Adobe-Japan1-90pv-RKSJ
code /usr/share/fonts/cmap/adobe-japan1/Adobe-Japan1-H-CID
code /usr/share/fonts/cmap/adobe-japan1/Adobe-Japan1-H-Host
code /usr/share/fonts/cmap/adobe-japan1/Adobe-Japan1-H-Mac
code /usr/share/fonts/cmap/adobe-japan1/Adobe-Japan1-PS-H
code /usr/share/fonts/cmap/adobe-japan1/Adobe-Japan1-PS-V
code /usr/share/fonts/cmap/adobe-japan1/Adobe-Japan1-UCS2
code /usr/share/fonts/cmap/adobe-japan1/EUC-H
code /usr/share/fonts/cmap/adobe-japan1/EUC-V
code /usr/share/fonts/cmap/adobe-japan1/Ext-H
code /usr/share/fonts/cmap/adobe-japan1/Ext-RKSJ-H
code /usr/share/fonts/cmap/adobe-japan1/Ext-RKSJ-V
code /usr/share/fonts/cmap/adobe-japan1/Ext-V
code /usr/share/fonts/cmap/adobe-japan1/H
code /usr/share/fonts/cmap/adobe-japan1/Hankaku
code /usr/share/fonts/cmap/adobe-japan1/Hiragana
code /usr/share/fonts/cmap/adobe-japan1/Hojo-EUC-H
code /usr/share/fonts/cmap/adobe-japan1/Hojo-EUC-V
code /usr/share/fonts/cmap/adobe-japan1/Hojo-H
code /usr/share/fonts/cmap/adobe-japan1/Hojo-V
code /usr/share/fonts/cmap/adobe-japan1/Katakana
code /usr/share/fonts/cmap/adobe-japan1/NWP-H
code /usr/share/fonts/cmap/adobe-japan1/NWP-V
code /usr/share/fonts/cmap/adobe-japan1/RKSJ-H
code /usr/share/fonts/cmap/adobe-japan1/RKSJ-V
code /usr/share/fonts/cmap/adobe-japan1/Roman
code /usr/share/fonts/cmap/adobe-japan1/UCS2-90ms-RKSJ
code /usr/share/fonts/cmap/adobe-japan1/UCS2-90pv-RKSJ
code /usr/share/fonts/cmap/adobe-japan1/UniHojo-UCS2-H
code /usr/share/fonts/cmap/adobe-japan1/UniHojo-UCS2-V
code /usr/share/fonts/cmap/adobe-japan1/UniHojo-UTF16-H
code /usr/share/fonts/cmap/adobe-japan1/UniHojo-UTF16-V
code /usr/share/fonts/cmap/adobe-japan1/UniHojo-UTF32-H
code /usr/share/fonts/cmap/adobe-japan1/UniHojo-UTF32-V
code /usr/share/fonts/cmap/adobe-japan1/UniHojo-UTF8-H
code /usr/share/fonts/cmap/adobe-japan1/UniHojo-UTF8-V
code /usr/share/fonts/cmap/adobe-japan1/UniJIS-UCS2-H
code /usr/share/fonts/cmap/adobe-japan1/UniJIS-UCS2-HW-H
code /usr/share/fonts/cmap/adobe-japan1/UniJIS-UCS2-HW-V
code /usr/share/fonts/cmap/adobe-japan1/UniJIS-UCS2-V
code /usr/share/fonts/cmap/adobe-japan1/UniJIS-UTF16-H
code /usr/share/fonts/cmap/adobe-japan1/UniJIS-UTF16-V
code /usr/share/fonts/cmap/adobe-japan1/UniJIS-UTF32-H
code /usr/share/fonts/cmap/adobe-japan1/UniJIS-UTF32-V
code /usr/share/fonts/cmap/adobe-japan1/UniJIS-UTF8-H
code /usr/share/fonts/cmap/adobe-japan1/UniJIS-UTF8-V
code /usr/share/fonts/cmap/adobe-japan1/UniJIS2004-UTF16-H
code /usr/share/fonts/cmap/adobe-japan1/UniJIS2004-UTF16-V
code /usr/share/fonts/cmap/adobe-japan1/UniJIS2004-UTF32-H
code /usr/share/fonts/cmap/adobe-japan1/UniJIS2004-UTF32-V
code /usr/share/fonts/cmap/adobe-japan1/UniJIS2004-UTF8-H
code /usr/share/fonts/cmap/adobe-japan1/UniJIS2004-UTF8-V
code /usr/share/fonts/cmap/adobe-japan1/UniJISPro-UCS2-HW-V
code /usr/share/fonts/cmap/adobe-japan1/UniJISPro-UCS2-V
code /usr/share/fonts/cmap/adobe-japan1/UniJISPro-UTF8-V
code /usr/share/fonts/cmap/adobe-japan1/UniJISX0213-UTF32-H
code /usr/share/fonts/cmap/adobe-japan1/UniJISX0213-UTF32-V
code /usr/share/fonts/cmap/adobe-japan1/UniJISX02132004-UTF32-H
code /usr/share/fonts/cmap/adobe-japan1/UniJISX02132004-UTF32-V
code /usr/share/fonts/cmap/adobe-japan1/V
code /usr/share/fonts/cmap/adobe-japan1/WP-Symbol
code /config/.cache/fontconfig/d3e5c4ee2ceb1fc347f91d4cefc53bc0-le64.cache-11.TMP-o64LEq
code /config/.cache/fontconfig/d3e5c4ee2ceb1fc347f91d4cefc53bc0-le64.cache-11.NEW
code /usr/share/fonts/cmap/adobe-japan2
code /var/cache/fontconfig/e52a45a1c8c8fe895fc0fc8c4e6999b8-le64.cache-11
code /usr/share/fonts/cmap/adobe-japan2/.uuid
code /config/.cache/fontconfig/e52a45a1c8c8fe895fc0fc8c4e6999b8-le64.cache-11
code /usr/share/fonts/cmap/adobe-japan2/.uuid
code /config/.fontconfig/e52a45a1c8c8fe895fc0fc8c4e6999b8-le64.cache-11
code /usr/share/fonts/cmap/adobe-japan2/.uuid
code /usr/share/fonts/cmap/adobe-japan2
code /var/cache/fontconfig/e52a45a1c8c8fe895fc0fc8c4e6999b8-le64.cache-11
code /config/.cache/fontconfig/e52a45a1c8c8fe895fc0fc8c4e6999b8-le64.cache-11
code /config/.fontconfig/e52a45a1c8c8fe895fc0fc8c4e6999b8-le64.cache-11
code /usr/share/fonts/cmap/adobe-japan2
code /usr/share/fonts/cmap/adobe-japan2/Adobe-Japan2-0
code /config/.cache/fontconfig/e52a45a1c8c8fe895fc0fc8c4e6999b8-le64.cache-11.TMP-trXVXP
code /config/.cache/fontconfig/e52a45a1c8c8fe895fc0fc8c4e6999b8-le64.cache-11.NEW
code /usr/share/fonts/cmap/adobe-korea1
code /var/cache/fontconfig/188ac73a183f12857f63bb60a4a6d603-le64.cache-11
code /usr/share/fonts/cmap/adobe-korea1/.uuid
code /config/.cache/fontconfig/188ac73a183f12857f63bb60a4a6d603-le64.cache-11
code /usr/share/fonts/cmap/adobe-korea1/.uuid
code /config/.fontconfig/188ac73a183f12857f63bb60a4a6d603-le64.cache-11
code /usr/share/fonts/cmap/adobe-korea1/.uuid
code /usr/share/fonts/cmap/adobe-korea1
code /var/cache/fontconfig/188ac73a183f12857f63bb60a4a6d603-le64.cache-11
code /config/.cache/fontconfig/188ac73a183f12857f63bb60a4a6d603-le64.cache-11
code /config/.fontconfig/188ac73a183f12857f63bb60a4a6d603-le64.cache-11
code /usr/share/fonts/cmap/adobe-korea1
code /usr/share/fonts/cmap/adobe-korea1/Adobe-Korea1-0
code /usr/share/fonts/cmap/adobe-korea1/Adobe-Korea1-1
code /usr/share/fonts/cmap/adobe-korea1/Adobe-Korea1-2
code /usr/share/fonts/cmap/adobe-korea1/Adobe-Korea1-H-CID
code /usr/share/fonts/cmap/adobe-korea1/Adobe-Korea1-H-Host
code /usr/share/fonts/cmap/adobe-korea1/Adobe-Korea1-H-Mac
code /usr/share/fonts/cmap/adobe-korea1/Adobe-Korea1-KSCms-UHC
code /usr/share/fonts/cmap/adobe-korea1/Adobe-Korea1-KSCpc-EUC
code /usr/share/fonts/cmap/adobe-korea1/Adobe-Korea1-UCS2
code /usr/share/fonts/cmap/adobe-korea1/KSC-EUC-H
code /usr/share/fonts/cmap/adobe-korea1/KSC-EUC-V
code /usr/share/fonts/cmap/adobe-korea1/KSC-H
code /usr/share/fonts/cmap/adobe-korea1/KSC-Johab-H
code /usr/share/fonts/cmap/adobe-korea1/KSC-Johab-V
code /usr/share/fonts/cmap/adobe-korea1/KSC-V
code /usr/share/fonts/cmap/adobe-korea1/KSCms-UHC-H
code /usr/share/fonts/cmap/adobe-korea1/KSCms-UHC-HW-H
code /usr/share/fonts/cmap/adobe-korea1/KSCms-UHC-HW-V
code /usr/share/fonts/cmap/adobe-korea1/KSCms-UHC-UCS2
code /usr/share/fonts/cmap/adobe-korea1/KSCms-UHC-V
code /usr/share/fonts/cmap/adobe-korea1/KSCpc-EUC-H
code /usr/share/fonts/cmap/adobe-korea1/KSCpc-EUC-UCS2
code /usr/share/fonts/cmap/adobe-korea1/KSCpc-EUC-UCS2C
code /usr/share/fonts/cmap/adobe-korea1/KSCpc-EUC-V
code /usr/share/fonts/cmap/adobe-korea1/UCS2-KSCms-UHC
code /usr/share/fonts/cmap/adobe-korea1/UCS2-KSCpc-EUC
code /usr/share/fonts/cmap/adobe-korea1/UniKS-UCS2-H
code /usr/share/fonts/cmap/adobe-korea1/UniKS-UCS2-V
code /usr/share/fonts/cmap/adobe-korea1/UniKS-UTF16-H
code /usr/share/fonts/cmap/adobe-korea1/UniKS-UTF16-V
code /usr/share/fonts/cmap/adobe-korea1/UniKS-UTF32-H
code /usr/share/fonts/cmap/adobe-korea1/UniKS-UTF32-V
code /usr/share/fonts/cmap/adobe-korea1/UniKS-UTF8-H
code /usr/share/fonts/cmap/adobe-korea1/UniKS-UTF8-V
code /config/.cache/fontconfig/188ac73a183f12857f63bb60a4a6d603-le64.cache-11.TMP-n9anXj
code /config/.cache/fontconfig/188ac73a183f12857f63bb60a4a6d603-le64.cache-11.NEW
code /usr/share/fonts/opentype/noto
code /var/cache/fontconfig/9b89f8e3dae116d678bbf48e5f21f69b-le64.cache-11
code /usr/share/fonts/opentype/noto/.uuid
code /config/.cache/fontconfig/9b89f8e3dae116d678bbf48e5f21f69b-le64.cache-11
code /usr/share/fonts/opentype/noto/.uuid
code /config/.fontconfig/9b89f8e3dae116d678bbf48e5f21f69b-le64.cache-11
code /usr/share/fonts/opentype/noto/.uuid
code /usr/share/fonts/opentype/noto
code /var/cache/fontconfig/9b89f8e3dae116d678bbf48e5f21f69b-le64.cache-11
code /config/.cache/fontconfig/9b89f8e3dae116d678bbf48e5f21f69b-le64.cache-11
code /config/.fontconfig/9b89f8e3dae116d678bbf48e5f21f69b-le64.cache-11
code /usr/share/fonts/opentype/noto
code /usr/share/fonts/opentype/noto/NotoSansCJK-Bold.ttc
code /usr/share/fonts/opentype/noto/NotoSansCJK-Regular.ttc
code /usr/share/fonts/opentype/noto/NotoSerifCJK-Bold.ttc
code /usr/share/fonts/opentype/noto/NotoSerifCJK-Regular.ttc
code /config/.cache/fontconfig/9b89f8e3dae116d678bbf48e5f21f69b-le64.cache-11.TMP-RaO9qj
code /config/.cache/fontconfig/9b89f8e3dae116d678bbf48e5f21f69b-le64.cache-11.NEW
code /usr/share/fonts/opentype/urw-base35
code /var/cache/fontconfig/6cc790b63b123a6a96ee260fcdad32a9-le64.cache-11
code /usr/share/fonts/opentype/urw-base35/.uuid
code /config/.cache/fontconfig/6cc790b63b123a6a96ee260fcdad32a9-le64.cache-11
code /usr/share/fonts/opentype/urw-base35/.uuid
code /config/.fontconfig/6cc790b63b123a6a96ee260fcdad32a9-le64.cache-11
code /usr/share/fonts/opentype/urw-base35/.uuid
code /usr/share/fonts/opentype/urw-base35
code /var/cache/fontconfig/6cc790b63b123a6a96ee260fcdad32a9-le64.cache-11
code /config/.cache/fontconfig/6cc790b63b123a6a96ee260fcdad32a9-le64.cache-11
code /config/.fontconfig/6cc790b63b123a6a96ee260fcdad32a9-le64.cache-11
code /usr/share/fonts/opentype/urw-base35
code /usr/share/fonts/opentype/urw-base35/C059-BdIta.otf
code /usr/share/fonts/opentype/urw-base35/C059-Bold.otf
code /usr/share/fonts/opentype/urw-base35/C059-Italic.otf
code /usr/share/fonts/opentype/urw-base35/C059-Roman.otf
code /usr/share/fonts/opentype/urw-base35/D050000L.otf
code /usr/share/fonts/opentype/urw-base35/NimbusMonoPS-Bold.otf
code /usr/share/fonts/opentype/urw-base35/NimbusMonoPS-BoldItalic.otf
code /usr/share/fonts/opentype/urw-base35/NimbusMonoPS-Italic.otf
code /usr/share/fonts/opentype/urw-base35/NimbusMonoPS-Regular.otf
code /usr/share/fonts/opentype/urw-base35/NimbusRoman-Bold.otf
code /usr/share/fonts/opentype/urw-base35/NimbusRoman-BoldItalic.otf
xclip /etc/ld.so.cache
xclip /lib/x86_64-linux-gnu/libXmu.so.6
code /usr/share/fonts/opentype/urw-base35/NimbusRoman-Italic.otf
xclip /lib/x86_64-linux-gnu/libX11.so.6
xclip /lib/x86_64-linux-gnu/libc.so.6
xclip /lib/x86_64-linux-gnu/libXt.so.6
code /usr/share/fonts/opentype/urw-base35/NimbusRoman-Regular.otf
xclip /lib/x86_64-linux-gnu/libXext.so.6
xclip /lib/x86_64-linux-gnu/libxcb.so.1
xclip /lib/x86_64-linux-gnu/libSM.so.6
code /usr/share/fonts/opentype/urw-base35/NimbusSans-Bold.otf
xclip /lib/x86_64-linux-gnu/libICE.so.6
xclip /lib/x86_64-linux-gnu/libXau.so.6
xclip /lib/x86_64-linux-gnu/libXdmcp.so.6
xclip /lib/x86_64-linux-gnu/libuuid.so.1
code /usr/share/fonts/opentype/urw-base35/NimbusSans-BoldItalic.otf
xclip /lib/x86_64-linux-gnu/libbsd.so.0
xclip /lib/x86_64-linux-gnu/libmd.so.0
code /usr/share/fonts/opentype/urw-base35/NimbusSans-Italic.otf
code /usr/share/fonts/opentype/urw-base35/NimbusSans-Regular.otf
xclip /usr/share/X11/locale/locale.alias
xclip /usr/share/X11/locale/locale.dir
code /usr/share/fonts/opentype/urw-base35/NimbusSansNarrow-Bold.otf
xclip /usr/share/X11/locale/C/XLC_LOCALE
xclip /usr/share/X11/locale/locale.alias
code /usr/share/fonts/opentype/urw-base35/NimbusSansNarrow-BoldOblique.otf
xclip /usr/share/X11/locale/locale.dir
xclip /usr/share/X11/locale/C/XLC_LOCALE
code /usr/share/fonts/opentype/urw-base35/NimbusSansNarrow-Oblique.otf
Xvfb /proc/1142/cmdline
code /usr/share/fonts/opentype/urw-base35/NimbusSansNarrow-Regular.otf
code /usr/share/fonts/opentype/urw-base35/P052-Bold.otf
code /usr/share/fonts/opentype/urw-base35/P052-BoldItalic.otf
code /usr/share/fonts/opentype/urw-base35/P052-Italic.otf
code /usr/share/fonts/opentype/urw-base35/P052-Roman.otf
code /usr/share/fonts/opentype/urw-base35/StandardSymbolsPS.otf
code /usr/share/fonts/opentype/urw-base35/URWBookman-Demi.otf
code /usr/share/fonts/opentype/urw-base35/URWBookman-DemiItalic.otf
code /usr/share/fonts/opentype/urw-base35/URWBookman-Light.otf
code /usr/share/fonts/opentype/urw-base35/URWBookman-LightItalic.otf
code /usr/share/fonts/opentype/urw-base35/URWGothic-Book.otf
code /usr/share/fonts/opentype/urw-base35/URWGothic-BookOblique.otf
code /usr/share/fonts/opentype/urw-base35/URWGothic-Demi.otf
code /usr/share/fonts/opentype/urw-base35/URWGothic-DemiOblique.otf
code /usr/share/fonts/opentype/urw-base35/Z003-MediumItalic.otf
code /config/.cache/fontconfig/6cc790b63b123a6a96ee260fcdad32a9-le64.cache-11.TMP-CrXtZ1
code /config/.cache/fontconfig/6cc790b63b123a6a96ee260fcdad32a9-le64.cache-11.NEW
code /usr/share/fonts/truetype/dm-mono
code /var/cache/fontconfig/c7ddd67d65d940f1c07452067469d45b-le64.cache-11
code /usr/share/fonts/truetype/dm-mono/.uuid
code /config/.cache/fontconfig/c7ddd67d65d940f1c07452067469d45b-le64.cache-11
code /usr/share/fonts/truetype/dm-mono/.uuid
code /config/.fontconfig/c7ddd67d65d940f1c07452067469d45b-le64.cache-11
code /usr/share/fonts/truetype/dm-mono/.uuid
code /usr/share/fonts/truetype/dm-mono
code /var/cache/fontconfig/c7ddd67d65d940f1c07452067469d45b-le64.cache-11
code /config/.cache/fontconfig/c7ddd67d65d940f1c07452067469d45b-le64.cache-11
code /config/.fontconfig/c7ddd67d65d940f1c07452067469d45b-le64.cache-11
code /usr/share/fonts/truetype/dm-mono
code /usr/share/fonts/truetype/dm-mono/DMMono-Italic.ttf
code /usr/share/fonts/truetype/dm-mono/DMMono-Light.ttf
code /usr/share/fonts/truetype/dm-mono/DMMono-LightItalic.ttf
code /usr/share/fonts/truetype/dm-mono/DMMono-Medium.ttf
code /usr/share/fonts/truetype/dm-mono/DMMono-MediumItalic.ttf
code /usr/share/fonts/truetype/dm-mono/DMMono-Regular.ttf
code /config/.cache/fontconfig/c7ddd67d65d940f1c07452067469d45b-le64.cache-11.TMP-TCxUsD
code /config/.cache/fontconfig/c7ddd67d65d940f1c07452067469d45b-le64.cache-11.NEW
code /usr/share/fonts/truetype/liberation
code /var/cache/fontconfig/3047814df9a2f067bd2d96a2b9c36e5a-le64.cache-11
code /usr/share/fonts/truetype/liberation/.uuid
code /config/.cache/fontconfig/3047814df9a2f067bd2d96a2b9c36e5a-le64.cache-11
code /usr/share/fonts/truetype/liberation/.uuid
code /config/.fontconfig/3047814df9a2f067bd2d96a2b9c36e5a-le64.cache-11
code /usr/share/fonts/truetype/liberation/.uuid
code /usr/share/fonts/truetype/liberation
code /var/cache/fontconfig/3047814df9a2f067bd2d96a2b9c36e5a-le64.cache-11
code /config/.cache/fontconfig/3047814df9a2f067bd2d96a2b9c36e5a-le64.cache-11
code /config/.fontconfig/3047814df9a2f067bd2d96a2b9c36e5a-le64.cache-11
code /usr/share/fonts/truetype/liberation
code /usr/share/fonts/truetype/liberation/LiberationMono-Bold.ttf
code /usr/share/fonts/truetype/liberation/LiberationMono-BoldItalic.ttf
code /usr/share/fonts/truetype/liberation/LiberationMono-Italic.ttf
code /usr/share/fonts/truetype/liberation/LiberationMono-Regular.ttf
code /usr/share/fonts/truetype/liberation/LiberationSans-Bold.ttf
code /usr/share/fonts/truetype/liberation/LiberationSans-BoldItalic.ttf
code /usr/share/fonts/truetype/liberation/LiberationSans-Italic.ttf
code /usr/share/fonts/truetype/liberation/LiberationSans-Regular.ttf
code /usr/share/fonts/truetype/liberation/LiberationSerif-Bold.ttf
code /usr/share/fonts/truetype/liberation/LiberationSerif-BoldItalic.ttf
code /usr/share/fonts/truetype/liberation/LiberationSerif-Italic.ttf
code /usr/share/fonts/truetype/liberation/LiberationSerif-Regular.ttf
code /config/.cache/fontconfig/3047814df9a2f067bd2d96a2b9c36e5a-le64.cache-11.TMP-fSB3L6
code /config/.cache/fontconfig/3047814df9a2f067bd2d96a2b9c36e5a-le64.cache-11.NEW
code /usr/share/fonts/truetype/libreoffice
code /var/cache/fontconfig/da43223dd54fb3bb4243ae19d4b583b2-le64.cache-11
code /usr/share/fonts/truetype/libreoffice/.uuid
code /config/.cache/fontconfig/da43223dd54fb3bb4243ae19d4b583b2-le64.cache-11
code /usr/share/fonts/truetype/libreoffice/.uuid
code /config/.fontconfig/da43223dd54fb3bb4243ae19d4b583b2-le64.cache-11
code /usr/share/fonts/truetype/libreoffice/.uuid
code /usr/share/fonts/truetype/libreoffice
code /var/cache/fontconfig/da43223dd54fb3bb4243ae19d4b583b2-le64.cache-11
code /config/.cache/fontconfig/da43223dd54fb3bb4243ae19d4b583b2-le64.cache-11
code /config/.fontconfig/da43223dd54fb3bb4243ae19d4b583b2-le64.cache-11
code /usr/share/fonts/truetype/libreoffice
code /usr/share/fonts/truetype/libreoffice/opens___.ttf
code /config/.cache/fontconfig/da43223dd54fb3bb4243ae19d4b583b2-le64.cache-11.TMP-yWkkCK
code /config/.cache/fontconfig/da43223dd54fb3bb4243ae19d4b583b2-le64.cache-11.NEW
code /usr/share/fonts/truetype/noto
code /var/cache/fontconfig/0bd3dc0958fa2205aaaa8ebb13e2872b-le64.cache-11
code /usr/share/fonts/truetype/noto/.uuid
code /config/.cache/fontconfig/0bd3dc0958fa2205aaaa8ebb13e2872b-le64.cache-11
code /usr/share/fonts/truetype/noto/.uuid
code /config/.fontconfig/0bd3dc0958fa2205aaaa8ebb13e2872b-le64.cache-11
code /usr/share/fonts/truetype/noto/.uuid
code /usr/share/fonts/truetype/noto
code /var/cache/fontconfig/0bd3dc0958fa2205aaaa8ebb13e2872b-le64.cache-11
code /config/.cache/fontconfig/0bd3dc0958fa2205aaaa8ebb13e2872b-le64.cache-11
code /config/.fontconfig/0bd3dc0958fa2205aaaa8ebb13e2872b-le64.cache-11
code /usr/share/fonts/truetype/noto
code /usr/share/fonts/truetype/noto/NotoColorEmoji.ttf
code /usr/share/fonts/truetype/noto/NotoKufiArabic-Bold.ttf
code /usr/share/fonts/truetype/noto/NotoKufiArabic-Regular.ttf
code /usr/share/fonts/truetype/noto/NotoLoopedLao-Bold.ttf
code /usr/share/fonts/truetype/noto/NotoLoopedLao-Regular.ttf
code /usr/share/fonts/truetype/noto/NotoLoopedThai-Bold.ttf
code /usr/share/fonts/truetype/noto/NotoLoopedThai-Regular.ttf
code /usr/share/fonts/truetype/noto/NotoMono-Regular.ttf
code /usr/share/fonts/truetype/noto/NotoMusic-Regular.ttf
code /usr/share/fonts/truetype/noto/NotoNaskhArabic-Bold.ttf
code /usr/share/fonts/truetype/noto/NotoNaskhArabic-Regular.ttf
code /usr/share/fonts/truetype/noto/NotoNastaliqUrdu-Bold.ttf
code /usr/share/fonts/truetype/noto/NotoNastaliqUrdu-Regular.ttf
code /usr/share/fonts/truetype/noto/NotoRashiHebrew-Bold.ttf
code /usr/share/fonts/truetype/noto/NotoRashiHebrew-Regular.ttf
code /usr/share/fonts/truetype/noto/NotoSans-Bold.ttf
code /usr/share/fonts/truetype/noto/NotoSans-BoldItalic.ttf
code /usr/share/fonts/truetype/noto/NotoSans-Italic.ttf
code /usr/share/fonts/truetype/noto/NotoSans-Regular.ttf
code /usr/share/fonts/truetype/noto/NotoSansAdlam-Bold.ttf
code /usr/share/fonts/truetype/noto/NotoSansAdlam-Regular.ttf
code /usr/share/fonts/truetype/noto/NotoSansAdlamUnjoined-Bold.ttf
code /usr/share/fonts/truetype/noto/NotoSansAdlamUnjoined-Regular.ttf
code /usr/share/fonts/truetype/noto/NotoSansAnatolianHieroglyphs-Regular.ttf
code /usr/share/fonts/truetype/noto/NotoSansArabic-Bold.ttf
code /usr/share/fonts/truetype/noto/NotoSansArabic-Regular.ttf
code /usr/share/fonts/truetype/noto/NotoSansArmenian-Bold.ttf
code /usr/share/fonts/truetype/noto/NotoSansArmenian-Regular.ttf
code /usr/share/fonts/truetype/noto/NotoSansAvestan-Regular.ttf
code /usr/share/fonts/truetype/noto/NotoSansBalinese-Bold.ttf
code /usr/share/fonts/truetype/noto/NotoSansBalinese-Regular.ttf
code /usr/share/fonts/truetype/noto/NotoSansBamum-Bold.ttf
code /usr/share/fonts/truetype/noto/NotoSansBamum-Regular.ttf
code /usr/share/fonts/truetype/noto/NotoSansBassaVah-Regular.ttf
code /usr/share/fonts/truetype/noto/NotoSansBatak-Regular.ttf
code /usr/share/fonts/truetype/noto/NotoSansBengali-Bold.ttf
code /usr/share/fonts/truetype/noto/NotoSansBengali-Regular.ttf
code /usr/share/fonts/truetype/noto/NotoSansBhaiksuki-Regular.ttf
code /usr/share/fonts/truetype/noto/NotoSansBrahmi-Regular.ttf
code /usr/share/fonts/truetype/noto/NotoSansBuginese-Regular.ttf
code /usr/share/fonts/truetype/noto/NotoSansBuhid-Regular.ttf
code /usr/share/fonts/truetype/noto/NotoSansCanadianAboriginal-Bold.ttf
code /usr/share/fonts/truetype/noto/NotoSansCanadianAboriginal-Regular.ttf
code /usr/share/fonts/truetype/noto/NotoSansCarian-Regular.ttf
code /usr/share/fonts/truetype/noto/NotoSansCaucasianAlbanian-Regular.ttf
code /usr/share/fonts/truetype/noto/NotoSansChakma-Regular.ttf
code /usr/share/fonts/truetype/noto/NotoSansCham-Bold.ttf
code /usr/share/fonts/truetype/noto/NotoSansCham-Regular.ttf
code /usr/share/fonts/truetype/noto/NotoSansCherokee-Bold.ttf
code /usr/share/fonts/truetype/noto/NotoSansCherokee-Regular.ttf
code /usr/share/fonts/truetype/noto/NotoSansCoptic-Regular.ttf
code /usr/share/fonts/truetype/noto/NotoSansCuneiform-Regular.ttf
code /usr/share/fonts/truetype/noto/NotoSansCypriot-Regular.ttf
code /usr/share/fonts/truetype/noto/NotoSansDeseret-Regular.ttf
code /usr/share/fonts/truetype/noto/NotoSansDevanagari-Bold.ttf
code /usr/share/fonts/truetype/noto/NotoSansDevanagari-Regular.ttf
code /usr/share/fonts/truetype/noto/NotoSansDisplay-Bold.ttf
code /usr/share/fonts/truetype/noto/NotoSansDisplay-BoldItalic.ttf
code /usr/share/fonts/truetype/noto/NotoSansDisplay-Italic.ttf
code /usr/share/fonts/truetype/noto/NotoSansDisplay-Regular.ttf
code /usr/share/fonts/truetype/noto/NotoSansDuployan-Regular.ttf
code /usr/share/fonts/truetype/noto/NotoSansEgyptianHieroglyphs-Regular.ttf
code /usr/share/fonts/truetype/noto/NotoSansElbasan-Regular.ttf
code /usr/share/fonts/truetype/noto/NotoSansElymaic-Regular.ttf
code /usr/share/fonts/truetype/noto/NotoSansEthiopic-Bold.ttf
code /usr/share/fonts/truetype/noto/NotoSansEthiopic-Regular.ttf
code /usr/share/fonts/truetype/noto/NotoSansGeorgian-Bold.ttf
code /usr/share/fonts/truetype/noto/NotoSansGeorgian-Regular.ttf
code /usr/share/fonts/truetype/noto/NotoSansGlagolitic-Regular.ttf
code /usr/share/fonts/truetype/noto/NotoSansGothic-Regular.ttf
code /usr/share/fonts/truetype/noto/NotoSansGrantha-Regular.ttf
code /usr/share/fonts/truetype/noto/NotoSansGujarati-Bold.ttf
code /usr/share/fonts/truetype/noto/NotoSansGujarati-Regular.ttf
code /usr/share/fonts/truetype/noto/NotoSansGunjalaGondi-Regular.ttf
code /usr/share/fonts/truetype/noto/NotoSansGurmukhi-Bold.ttf
code /usr/share/fonts/truetype/noto/NotoSansGurmukhi-Regular.ttf
code /usr/share/fonts/truetype/noto/NotoSansHanifiRohingya-Bold.ttf
code /usr/share/fonts/truetype/noto/NotoSansHanifiRohingya-Regular.ttf
code /usr/share/fonts/truetype/noto/NotoSansHanunoo-Regular.ttf
code /usr/share/fonts/truetype/noto/NotoSansHatran-Regular.ttf
code /usr/share/fonts/truetype/noto/NotoSansHebrew-Bold.ttf
code /usr/share/fonts/truetype/noto/NotoSansHebrew-Regular.ttf
code /usr/share/fonts/truetype/noto/NotoSansImperialAramaic-Regular.ttf
code /usr/share/fonts/truetype/noto/NotoSansIndicSiyaqNumbers-Regular.ttf
code /usr/share/fonts/truetype/noto/NotoSansInscriptionalPahlavi-Regular.ttf
code /usr/share/fonts/truetype/noto/NotoSansInscriptionalParthian-Regular.ttf
code /usr/share/fonts/truetype/noto/NotoSansJavanese-Bold.ttf
code /usr/share/fonts/truetype/noto/NotoSansJavanese-Regular.ttf
code /usr/share/fonts/truetype/noto/NotoSansKaithi-Regular.ttf
code /usr/share/fonts/truetype/noto/NotoSansKannada-Bold.ttf
code /usr/share/fonts/truetype/noto/NotoSansKannada-Regular.ttf
code /usr/share/fonts/truetype/noto/NotoSansKayahLi-Bold.ttf
code /usr/share/fonts/truetype/noto/NotoSansKayahLi-Regular.ttf
code /usr/share/fonts/truetype/noto/NotoSansKharoshthi-Regular.ttf
code /usr/share/fonts/truetype/noto/NotoSansKhmer-Bold.ttf
code /usr/share/fonts/truetype/noto/NotoSansKhmer-Regular.ttf
code /usr/share/fonts/truetype/noto/NotoSansKhojki-Regular.ttf
code /usr/share/fonts/truetype/noto/NotoSansKhudawadi-Regular.ttf
code /usr/share/fonts/truetype/noto/NotoSansLao-Bold.ttf
code /usr/share/fonts/truetype/noto/NotoSansLao-Regular.ttf
code /usr/share/fonts/truetype/noto/NotoSansLepcha-Regular.ttf
code /usr/share/fonts/truetype/noto/NotoSansLimbu-Regular.ttf
code /usr/share/fonts/truetype/noto/NotoSansLinearA-Regular.ttf
code /usr/share/fonts/truetype/noto/NotoSansLinearB-Regular.ttf
code /usr/share/fonts/truetype/noto/NotoSansLisu-Bold.ttf
code /usr/share/fonts/truetype/noto/NotoSansLisu-Regular.ttf
code /usr/share/fonts/truetype/noto/NotoSansLycian-Regular.ttf
code /usr/share/fonts/truetype/noto/NotoSansLydian-Regular.ttf
code /usr/share/fonts/truetype/noto/NotoSansMahajani-Regular.ttf
code /usr/share/fonts/truetype/noto/NotoSansMalayalam-Bold.ttf
code /usr/share/fonts/truetype/noto/NotoSansMalayalam-Regular.ttf
code /usr/share/fonts/truetype/noto/NotoSansMandaic-Regular.ttf
code /usr/share/fonts/truetype/noto/NotoSansManichaean-Regular.ttf
code /usr/share/fonts/truetype/noto/NotoSansMarchen-Regular.ttf
code /usr/share/fonts/truetype/noto/NotoSansMasaramGondi-Regular.ttf
code /usr/share/fonts/truetype/noto/NotoSansMath-Regular.ttf
code /usr/share/fonts/truetype/noto/NotoSansMayanNumerals-Regular.ttf
code /usr/share/fonts/truetype/noto/NotoSansMedefaidrin-Bold.ttf
code /usr/share/fonts/truetype/noto/NotoSansMedefaidrin-Regular.ttf
code /usr/share/fonts/truetype/noto/NotoSansMeeteiMayek-Bold.ttf
code /usr/share/fonts/truetype/noto/NotoSansMeeteiMayek-Regular.ttf
code /usr/share/fonts/truetype/noto/NotoSansMendeKikakui-Regular.ttf
code /usr/share/fonts/truetype/noto/NotoSansMeroitic-Regular.ttf
code /usr/share/fonts/truetype/noto/NotoSansMiao-Regular.ttf
code /usr/share/fonts/truetype/noto/NotoSansModi-Regular.ttf
code /usr/share/fonts/truetype/noto/NotoSansMongolian-Regular.ttf
code /usr/share/fonts/truetype/noto/NotoSansMono-Bold.ttf
code /usr/share/fonts/truetype/noto/NotoSansMono-Regular.ttf
code /usr/share/fonts/truetype/noto/NotoSansMro-Regular.ttf
code /usr/share/fonts/truetype/noto/NotoSansMultani-Regular.ttf
code /usr/share/fonts/truetype/noto/NotoSansMyanmar-Bold.ttf
code /usr/share/fonts/truetype/noto/NotoSansMyanmar-Regular.ttf
code /usr/share/fonts/truetype/noto/NotoSansNKo-Regular.ttf
code /usr/share/fonts/truetype/noto/NotoSansNabataean-Regular.ttf
code /usr/share/fonts/truetype/noto/NotoSansNewTaiLue-Regular.ttf
code /usr/share/fonts/truetype/noto/NotoSansNewa-Regular.ttf
code /usr/share/fonts/truetype/noto/NotoSansNushu-Regular.ttf
code /usr/share/fonts/truetype/noto/NotoSansOgham-Regular.ttf
code /usr/share/fonts/truetype/noto/NotoSansOlChiki-Bold.ttf
code /usr/share/fonts/truetype/noto/NotoSansOlChiki-Regular.ttf
code /usr/share/fonts/truetype/noto/NotoSansOldHungarian-Regular.ttf
code /usr/share/fonts/truetype/noto/NotoSansOldItalic-Regular.ttf
code /usr/share/fonts/truetype/noto/NotoSansOldNorthArabian-Regular.ttf
code /usr/share/fonts/truetype/noto/NotoSansOldPermic-Regular.ttf
code /usr/share/fonts/truetype/noto/NotoSansOldPersian-Regular.ttf
code /usr/share/fonts/truetype/noto/NotoSansOldSogdian-Regular.ttf
code /usr/share/fonts/truetype/noto/NotoSansOldSouthArabian-Regular.ttf
code /usr/share/fonts/truetype/noto/NotoSansOldTurkic-Regular.ttf
code /usr/share/fonts/truetype/noto/NotoSansOriya-Bold.ttf
code /usr/share/fonts/truetype/noto/NotoSansOriya-Regular.ttf
code /usr/share/fonts/truetype/noto/NotoSansOsage-Regular.ttf
code /usr/share/fonts/truetype/noto/NotoSansOsmanya-Regular.ttf
code /usr/share/fonts/truetype/noto/NotoSansPahawhHmong-Regular.ttf
code /usr/share/fonts/truetype/noto/NotoSansPalmyrene-Regular.ttf
code /usr/share/fonts/truetype/noto/NotoSansPauCinHau-Regular.ttf
code /usr/share/fonts/truetype/noto/NotoSansPhagsPa-Regular.ttf
code /usr/share/fonts/truetype/noto/NotoSansPhoenician-Regular.ttf
code /usr/share/fonts/truetype/noto/NotoSansPsalterPahlavi-Regular.ttf
code /usr/share/fonts/truetype/noto/NotoSansRejang-Regular.ttf
code /usr/share/fonts/truetype/noto/NotoSansRunic-Regular.ttf
code /usr/share/fonts/truetype/noto/NotoSansSamaritan-Regular.ttf
code /usr/share/fonts/truetype/noto/NotoSansSaurashtra-Regular.ttf
code /usr/share/fonts/truetype/noto/NotoSansSharada-Regular.ttf
code /usr/share/fonts/truetype/noto/NotoSansShavian-Regular.ttf
code /usr/share/fonts/truetype/noto/NotoSansSiddham-Regular.ttf
code /usr/share/fonts/truetype/noto/NotoSansSignWriting-Regular.ttf
code /usr/share/fonts/truetype/noto/NotoSansSinhala-Bold.ttf
code /usr/share/fonts/truetype/noto/NotoSansSinhala-Regular.ttf
code /usr/share/fonts/truetype/noto/NotoSansSogdian-Regular.ttf
code /usr/share/fonts/truetype/noto/NotoSansSoraSompeng-Bold.ttf
code /usr/share/fonts/truetype/noto/NotoSansSoraSompeng-Regular.ttf
code /usr/share/fonts/truetype/noto/NotoSansSoyombo-Regular.ttf
code /usr/share/fonts/truetype/noto/NotoSansSundanese-Bold.ttf
code /usr/share/fonts/truetype/noto/NotoSansSundanese-Regular.ttf
code /usr/share/fonts/truetype/noto/NotoSansSylotiNagri-Regular.ttf
code /usr/share/fonts/truetype/noto/NotoSansSymbols-Bold.ttf
code /usr/share/fonts/truetype/noto/NotoSansSymbols-Regular.ttf
code /usr/share/fonts/truetype/noto/NotoSansSymbols2-Regular.ttf
code /usr/share/fonts/truetype/noto/NotoSansSyriac-Regular.ttf
code /usr/share/fonts/truetype/noto/NotoSansTagalog-Regular.ttf
code /usr/share/fonts/truetype/noto/NotoSansTagbanwa-Regular.ttf
code /usr/share/fonts/truetype/noto/NotoSansTaiLe-Regular.ttf
code /usr/share/fonts/truetype/noto/NotoSansTaiTham-Bold.ttf
code /usr/share/fonts/truetype/noto/NotoSansTaiTham-Regular.ttf
code /usr/share/fonts/truetype/noto/NotoSansTaiViet-Regular.ttf
code /usr/share/fonts/truetype/noto/NotoSansTakri-Regular.ttf
code /usr/share/fonts/truetype/noto/NotoSansTamil-Bold.ttf
code /usr/share/fonts/truetype/noto/NotoSansTamil-Regular.ttf
code /usr/share/fonts/truetype/noto/NotoSansTamilSupplement-Regular.ttf
code /usr/share/fonts/truetype/noto/NotoSansTelugu-Bold.ttf
code /usr/share/fonts/truetype/noto/NotoSansTelugu-Regular.ttf
code /usr/share/fonts/truetype/noto/NotoSansThaana-Bold.ttf
code /usr/share/fonts/truetype/noto/NotoSansThaana-Regular.ttf
code /usr/share/fonts/truetype/noto/NotoSansThai-Bold.ttf
code /usr/share/fonts/truetype/noto/NotoSansThai-Regular.ttf
code /usr/share/fonts/truetype/noto/NotoSansTifinagh-Regular.ttf
code /usr/share/fonts/truetype/noto/NotoSansTifinaghAPT-Regular.ttf
code /usr/share/fonts/truetype/noto/NotoSansTifinaghAdrar-Regular.ttf
code /usr/share/fonts/truetype/noto/NotoSansTifinaghAgrawImazighen-Regular.ttf
code /usr/share/fonts/truetype/noto/NotoSansTifinaghAhaggar-Regular.ttf
code /usr/share/fonts/truetype/noto/NotoSansTifinaghAir-Regular.ttf
code /usr/share/fonts/truetype/noto/NotoSansTifinaghAzawagh-Regular.ttf
code /usr/share/fonts/truetype/noto/NotoSansTifinaghGhat-Regular.ttf
code /usr/share/fonts/truetype/noto/NotoSansTifinaghHawad-Regular.ttf
code /usr/share/fonts/truetype/noto/NotoSansTifinaghRhissaIxa-Regular.ttf
code /usr/share/fonts/truetype/noto/NotoSansTifinaghSIL-Regular.ttf
code /usr/share/fonts/truetype/noto/NotoSansTifinaghTawellemmet-Regular.ttf
code /usr/share/fonts/truetype/noto/NotoSansTirhuta-Regular.ttf
code /usr/share/fonts/truetype/noto/NotoSansUgaritic-Regular.ttf
code /usr/share/fonts/truetype/noto/NotoSansVai-Regular.ttf
code /usr/share/fonts/truetype/noto/NotoSansWancho-Regular.ttf
code /usr/share/fonts/truetype/noto/NotoSansWarangCiti-Regular.ttf
code /usr/share/fonts/truetype/noto/NotoSansYi-Regular.ttf
code /usr/share/fonts/truetype/noto/NotoSansZanabazarSquare-Regular.ttf
code /usr/share/fonts/truetype/noto/NotoSerif-Bold.ttf
code /usr/share/fonts/truetype/noto/NotoSerif-BoldItalic.ttf
code /usr/share/fonts/truetype/noto/NotoSerif-Italic.ttf
code /usr/share/fonts/truetype/noto/NotoSerif-Regular.ttf
code /usr/share/fonts/truetype/noto/NotoSerifAhom-Regular.ttf
code /usr/share/fonts/truetype/noto/NotoSerifArmenian-Bold.ttf
code /usr/share/fonts/truetype/noto/NotoSerifArmenian-Regular.ttf
code /usr/share/fonts/truetype/noto/NotoSerifBalinese-Regular.ttf
code /usr/share/fonts/truetype/noto/NotoSerifBengali-Bold.ttf
code /usr/share/fonts/truetype/noto/NotoSerifBengali-Regular.ttf
code /usr/share/fonts/truetype/noto/NotoSerifDevanagari-Bold.ttf
code /usr/share/fonts/truetype/noto/NotoSerifDevanagari-Regular.ttf
code /usr/share/fonts/truetype/noto/NotoSerifDisplay-Bold.ttf
code /usr/share/fonts/truetype/noto/NotoSerifDisplay-BoldItalic.ttf
code /usr/share/fonts/truetype/noto/NotoSerifDisplay-Italic.ttf
code /usr/share/fonts/truetype/noto/NotoSerifDisplay-Regular.ttf
code /usr/share/fonts/truetype/noto/NotoSerifDogra-Regular.ttf
code /usr/share/fonts/truetype/noto/NotoSerifEthiopic-Bold.ttf
code /usr/share/fonts/truetype/noto/NotoSerifEthiopic-Regular.ttf
code /usr/share/fonts/truetype/noto/NotoSerifGeorgian-Bold.ttf
code /usr/share/fonts/truetype/noto/NotoSerifGeorgian-Regular.ttf
code /usr/share/fonts/truetype/noto/NotoSerifGrantha-Regular.ttf
code /usr/share/fonts/truetype/noto/NotoSerifGujarati-Bold.ttf
code /usr/share/fonts/truetype/noto/NotoSerifGujarati-Regular.ttf
code /usr/share/fonts/truetype/noto/NotoSerifGurmukhi-Bold.ttf
code /usr/share/fonts/truetype/noto/NotoSerifGurmukhi-Regular.ttf
code /usr/share/fonts/truetype/noto/NotoSerifHebrew-Bold.ttf
code /usr/share/fonts/truetype/noto/NotoSerifHebrew-Regular.ttf
code /usr/share/fonts/truetype/noto/NotoSerifKannada-Bold.ttf
code /usr/share/fonts/truetype/noto/NotoSerifKannada-Regular.ttf
code /usr/share/fonts/truetype/noto/NotoSerifKhmer-Bold.ttf
code /usr/share/fonts/truetype/noto/NotoSerifKhmer-Regular.ttf
code /usr/share/fonts/truetype/noto/NotoSerifKhojki-Bold.ttf
code /usr/share/fonts/truetype/noto/NotoSerifKhojki-Regular.ttf
code /usr/share/fonts/truetype/noto/NotoSerifLao-Bold.ttf
code /usr/share/fonts/truetype/noto/NotoSerifLao-Regular.ttf
code /usr/share/fonts/truetype/noto/NotoSerifMalayalam-Bold.ttf
code /usr/share/fonts/truetype/noto/NotoSerifMalayalam-Regular.ttf
code /usr/share/fonts/truetype/noto/NotoSerifMyanmar-Bold.ttf
code /usr/share/fonts/truetype/noto/NotoSerifMyanmar-Regular.ttf
code /usr/share/fonts/truetype/noto/NotoSerifNyiakengPuachueHmong-Bold.ttf
code /usr/share/fonts/truetype/noto/NotoSerifNyiakengPuachueHmong-Regular.ttf
code /usr/share/fonts/truetype/noto/NotoSerifSinhala-Bold.ttf
code /usr/share/fonts/truetype/noto/NotoSerifSinhala-Regular.ttf
code /usr/share/fonts/truetype/noto/NotoSerifTamil-Bold.ttf
code /usr/share/fonts/truetype/noto/NotoSerifTamil-Regular.ttf
code /usr/share/fonts/truetype/noto/NotoSerifTamilSlanted-Bold.ttf
code /usr/share/fonts/truetype/noto/NotoSerifTamilSlanted-Regular.ttf
code /usr/share/fonts/truetype/noto/NotoSerifTangut-Regular.ttf
code /usr/share/fonts/truetype/noto/NotoSerifTelugu-Bold.ttf
code /usr/share/fonts/truetype/noto/NotoSerifTelugu-Regular.ttf
code /usr/share/fonts/truetype/noto/NotoSerifThai-Bold.ttf
code /usr/share/fonts/truetype/noto/NotoSerifThai-Regular.ttf
code /usr/share/fonts/truetype/noto/NotoSerifTibetan-Bold.ttf
code /usr/share/fonts/truetype/noto/NotoSerifTibetan-Regular.ttf
code /usr/share/fonts/truetype/noto/NotoSerifYezidi-Bold.ttf
code /usr/share/fonts/truetype/noto/NotoSerifYezidi-Regular.ttf
code /usr/share/fonts/truetype/noto/NotoTraditionalNushu-Regular.ttf
code /config/.cache/fontconfig/0bd3dc0958fa2205aaaa8ebb13e2872b-le64.cache-11.TMP-kvJhXx
code /config/.cache/fontconfig/0bd3dc0958fa2205aaaa8ebb13e2872b-le64.cache-11.NEW
code /usr/share/fonts/truetype/space-grotesk
code /var/cache/fontconfig/60495f9738a6f38c2f3f93e3ff28e478-le64.cache-11
code /usr/share/fonts/truetype/space-grotesk/.uuid
code /config/.cache/fontconfig/60495f9738a6f38c2f3f93e3ff28e478-le64.cache-11
code /usr/share/fonts/truetype/space-grotesk/.uuid
code /config/.fontconfig/60495f9738a6f38c2f3f93e3ff28e478-le64.cache-11
code /usr/share/fonts/truetype/space-grotesk/.uuid
code /usr/share/fonts/truetype/space-grotesk
code /var/cache/fontconfig/60495f9738a6f38c2f3f93e3ff28e478-le64.cache-11
code /config/.cache/fontconfig/60495f9738a6f38c2f3f93e3ff28e478-le64.cache-11
code /config/.fontconfig/60495f9738a6f38c2f3f93e3ff28e478-le64.cache-11
code /usr/share/fonts/truetype/space-grotesk
code /usr/share/fonts/truetype/space-grotesk/SpaceGrotesk-Bold.ttf
code /usr/share/fonts/truetype/space-grotesk/SpaceGrotesk-Light.ttf
code /usr/share/fonts/truetype/space-grotesk/SpaceGrotesk-Medium.ttf
code /usr/share/fonts/truetype/space-grotesk/SpaceGrotesk-Regular.ttf
code /config/.cache/fontconfig/60495f9738a6f38c2f3f93e3ff28e478-le64.cache-11.TMP-sHkZdE
code /config/.cache/fontconfig/60495f9738a6f38c2f3f93e3ff28e478-le64.cache-11.NEW
code /usr/share/fonts/truetype/ubuntu
code /var/cache/fontconfig/2300eef321c393bfd76478a5c0e95b23-le64.cache-11
code /usr/share/fonts/truetype/ubuntu/.uuid
code /config/.cache/fontconfig/2300eef321c393bfd76478a5c0e95b23-le64.cache-11
code /usr/share/fonts/truetype/ubuntu/.uuid
code /config/.fontconfig/2300eef321c393bfd76478a5c0e95b23-le64.cache-11
code /usr/share/fonts/truetype/ubuntu/.uuid
code /usr/share/fonts/truetype/ubuntu
code /var/cache/fontconfig/2300eef321c393bfd76478a5c0e95b23-le64.cache-11
code /config/.cache/fontconfig/2300eef321c393bfd76478a5c0e95b23-le64.cache-11
code /config/.fontconfig/2300eef321c393bfd76478a5c0e95b23-le64.cache-11
code /usr/share/fonts/truetype/ubuntu
code /usr/share/fonts/truetype/ubuntu/Ubuntu-B.ttf
code /usr/share/fonts/truetype/ubuntu/Ubuntu-BI.ttf
code /usr/share/fonts/truetype/ubuntu/Ubuntu-C.ttf
code /usr/share/fonts/truetype/ubuntu/Ubuntu-Italic[wdth,wght].ttf
code /usr/share/fonts/truetype/ubuntu/Ubuntu-L.ttf
code /usr/share/fonts/truetype/ubuntu/Ubuntu-LI.ttf
code /usr/share/fonts/truetype/ubuntu/Ubuntu-M.ttf
code /usr/share/fonts/truetype/ubuntu/Ubuntu-MI.ttf
code /usr/share/fonts/truetype/ubuntu/Ubuntu-R.ttf
code /usr/share/fonts/truetype/ubuntu/Ubuntu-RI.ttf
code /usr/share/fonts/truetype/ubuntu/Ubuntu-Th.ttf
code /usr/share/fonts/truetype/ubuntu/UbuntuMono-B.ttf
code /usr/share/fonts/truetype/ubuntu/UbuntuMono-BI.ttf
code /usr/share/fonts/truetype/ubuntu/UbuntuMono-Italic[wght].ttf
code /usr/share/fonts/truetype/ubuntu/UbuntuMono-R.ttf
code /usr/share/fonts/truetype/ubuntu/UbuntuMono-RI.ttf
code /usr/share/fonts/truetype/ubuntu/UbuntuMono[wght].ttf
code /usr/share/fonts/truetype/ubuntu/UbuntuSans-Italic[wdth,wght].ttf
code /usr/share/fonts/truetype/ubuntu/UbuntuSansMono-Italic[wght].ttf
code /usr/share/fonts/truetype/ubuntu/UbuntuSansMono[wght].ttf
code /usr/share/fonts/truetype/ubuntu/UbuntuSans[wdth,wght].ttf
code /usr/share/fonts/truetype/ubuntu/Ubuntu[wdth,wght].ttf
code /config/.cache/fontconfig/2300eef321c393bfd76478a5c0e95b23-le64.cache-11.TMP-om3E5p
code /config/.cache/fontconfig/2300eef321c393bfd76478a5c0e95b23-le64.cache-11.NEW
code /usr/share/fonts/type1/urw-base35
code /var/cache/fontconfig/a4e60e8d1e10d2fdff3fe3037a1845fb-le64.cache-11
code /usr/share/fonts/type1/urw-base35/.uuid
code /config/.cache/fontconfig/a4e60e8d1e10d2fdff3fe3037a1845fb-le64.cache-11
code /usr/share/fonts/type1/urw-base35/.uuid
code /config/.fontconfig/a4e60e8d1e10d2fdff3fe3037a1845fb-le64.cache-11
code /usr/share/fonts/type1/urw-base35/.uuid
code /usr/share/fonts/type1/urw-base35
code /var/cache/fontconfig/a4e60e8d1e10d2fdff3fe3037a1845fb-le64.cache-11
code /config/.cache/fontconfig/a4e60e8d1e10d2fdff3fe3037a1845fb-le64.cache-11
code /config/.fontconfig/a4e60e8d1e10d2fdff3fe3037a1845fb-le64.cache-11
code /usr/share/fonts/type1/urw-base35
code /usr/share/fonts/type1/urw-base35/C059-BdIta.afm
code /usr/share/fonts/type1/urw-base35/C059-BdIta.t1
code /usr/share/fonts/type1/urw-base35/C059-Bold.afm
code /usr/share/fonts/type1/urw-base35/C059-Bold.t1
code /usr/share/fonts/type1/urw-base35/C059-Italic.afm
code /usr/share/fonts/type1/urw-base35/C059-Italic.t1
code /usr/share/fonts/type1/urw-base35/C059-Roman.afm
code /usr/share/fonts/type1/urw-base35/C059-Roman.t1
code /usr/share/fonts/type1/urw-base35/D050000L.afm
code /usr/share/fonts/type1/urw-base35/D050000L.t1
code /usr/share/fonts/type1/urw-base35/NimbusMonoPS-Bold.afm
code /usr/share/fonts/type1/urw-base35/NimbusMonoPS-Bold.t1
code /usr/share/fonts/type1/urw-base35/NimbusMonoPS-BoldItalic.afm
code /usr/share/fonts/type1/urw-base35/NimbusMonoPS-BoldItalic.t1
code /usr/share/fonts/type1/urw-base35/NimbusMonoPS-Italic.afm
code /usr/share/fonts/type1/urw-base35/NimbusMonoPS-Italic.t1
code /usr/share/fonts/type1/urw-base35/NimbusMonoPS-Regular.afm
code /usr/share/fonts/type1/urw-base35/NimbusMonoPS-Regular.t1
code /usr/share/fonts/type1/urw-base35/NimbusRoman-Bold.afm
code /usr/share/fonts/type1/urw-base35/NimbusRoman-Bold.t1
code /usr/share/fonts/type1/urw-base35/NimbusRoman-BoldItalic.afm
code /usr/share/fonts/type1/urw-base35/NimbusRoman-BoldItalic.t1
code /usr/share/fonts/type1/urw-base35/NimbusRoman-Italic.afm
code /usr/share/fonts/type1/urw-base35/NimbusRoman-Italic.t1
code /usr/share/fonts/type1/urw-base35/NimbusRoman-Regular.afm
code /usr/share/fonts/type1/urw-base35/NimbusRoman-Regular.t1
code /usr/share/fonts/type1/urw-base35/NimbusSans-Bold.afm
code /usr/share/fonts/type1/urw-base35/NimbusSans-Bold.t1
code /usr/share/fonts/type1/urw-base35/NimbusSans-BoldItalic.afm
code /usr/share/fonts/type1/urw-base35/NimbusSans-BoldItalic.t1
code /usr/share/fonts/type1/urw-base35/NimbusSans-Italic.afm
code /usr/share/fonts/type1/urw-base35/NimbusSans-Italic.t1
code /usr/share/fonts/type1/urw-base35/NimbusSans-Regular.afm
code /usr/share/fonts/type1/urw-base35/NimbusSans-Regular.t1
code /usr/share/fonts/type1/urw-base35/NimbusSansNarrow-Bold.afm
code /usr/share/fonts/type1/urw-base35/NimbusSansNarrow-Bold.t1
code /usr/share/fonts/type1/urw-base35/NimbusSansNarrow-BoldOblique.afm
code /usr/share/fonts/type1/urw-base35/NimbusSansNarrow-BoldOblique.t1
code /usr/share/fonts/type1/urw-base35/NimbusSansNarrow-Oblique.afm
code /usr/share/fonts/type1/urw-base35/NimbusSansNarrow-Oblique.t1
code /usr/share/fonts/type1/urw-base35/NimbusSansNarrow-Regular.afm
code /usr/share/fonts/type1/urw-base35/NimbusSansNarrow-Regular.t1
code /usr/share/fonts/type1/urw-base35/P052-Bold.afm
code /usr/share/fonts/type1/urw-base35/P052-Bold.t1
code /usr/share/fonts/type1/urw-base35/P052-BoldItalic.afm
code /usr/share/fonts/type1/urw-base35/P052-BoldItalic.t1
code /usr/share/fonts/type1/urw-base35/P052-Italic.afm
code /usr/share/fonts/type1/urw-base35/P052-Italic.t1
code /usr/share/fonts/type1/urw-base35/P052-Roman.afm
code /usr/share/fonts/type1/urw-base35/P052-Roman.t1
code /usr/share/fonts/type1/urw-base35/StandardSymbolsPS.afm
code /usr/share/fonts/type1/urw-base35/StandardSymbolsPS.t1
code /usr/share/fonts/type1/urw-base35/URWBookman-Demi.afm
code /usr/share/fonts/type1/urw-base35/URWBookman-Demi.t1
code /usr/share/fonts/type1/urw-base35/URWBookman-DemiItalic.afm
code /usr/share/fonts/type1/urw-base35/URWBookman-DemiItalic.t1
code /usr/share/fonts/type1/urw-base35/URWBookman-Light.afm
code /usr/share/fonts/type1/urw-base35/URWBookman-Light.t1
code /usr/share/fonts/type1/urw-base35/URWBookman-LightItalic.afm
code /usr/share/fonts/type1/urw-base35/URWBookman-LightItalic.t1
code /usr/share/fonts/type1/urw-base35/URWGothic-Book.afm
code /usr/share/fonts/type1/urw-base35/URWGothic-Book.t1
code /usr/share/fonts/type1/urw-base35/URWGothic-BookOblique.afm
code /usr/share/fonts/type1/urw-base35/URWGothic-BookOblique.t1
code /usr/share/fonts/type1/urw-base35/URWGothic-Demi.afm
code /usr/share/fonts/type1/urw-base35/URWGothic-Demi.t1
code /usr/share/fonts/type1/urw-base35/URWGothic-DemiOblique.afm
code /usr/share/fonts/type1/urw-base35/URWGothic-DemiOblique.t1
code /usr/share/fonts/type1/urw-base35/Z003-MediumItalic.afm
code /usr/share/fonts/type1/urw-base35/Z003-MediumItalic.t1
code /config/.cache/fontconfig/a4e60e8d1e10d2fdff3fe3037a1845fb-le64.cache-11.TMP-jn1spE
code /config/.cache/fontconfig/a4e60e8d1e10d2fdff3fe3037a1845fb-le64.cache-11.NEW
code /usr/share/fonts/X11/encodings/large
code /var/cache/fontconfig/6333f38776742d18e214673cd2c24e34-le64.cache-11
code /usr/share/fonts/X11/encodings/large/.uuid
code /config/.cache/fontconfig/6333f38776742d18e214673cd2c24e34-le64.cache-11
code /usr/share/fonts/X11/encodings/large/.uuid
code /config/.fontconfig/6333f38776742d18e214673cd2c24e34-le64.cache-11
code /usr/share/fonts/X11/encodings/large/.uuid
code /usr/share/fonts/X11/encodings/large
code /var/cache/fontconfig/6333f38776742d18e214673cd2c24e34-le64.cache-11
code /config/.cache/fontconfig/6333f38776742d18e214673cd2c24e34-le64.cache-11
code /config/.fontconfig/6333f38776742d18e214673cd2c24e34-le64.cache-11
code /usr/share/fonts/X11/encodings/large
code /usr/share/fonts/X11/encodings/large/big5.eten-0.enc.gz
code /usr/share/fonts/X11/encodings/large/big5hkscs-0.enc.gz
code /usr/share/fonts/X11/encodings/large/cns11643-1.enc.gz
code /usr/share/fonts/X11/encodings/large/cns11643-2.enc.gz
code /usr/share/fonts/X11/encodings/large/cns11643-3.enc.gz
code /usr/share/fonts/X11/encodings/large/encodings.dir
code /usr/share/fonts/X11/encodings/large/gb18030-0.enc.gz
code /usr/share/fonts/X11/encodings/large/gb18030.2000-0.enc.gz
code /usr/share/fonts/X11/encodings/large/gb18030.2000-1.enc.gz
code /usr/share/fonts/X11/encodings/large/gb2312.1980-0.enc.gz
code /usr/share/fonts/X11/encodings/large/gbk-0.enc.gz
code /usr/share/fonts/X11/encodings/large/jisx0201.1976-0.enc.gz
code /usr/share/fonts/X11/encodings/large/jisx0208.1990-0.enc.gz
code /usr/share/fonts/X11/encodings/large/jisx0212.1990-0.enc.gz
code /usr/share/fonts/X11/encodings/large/ksc5601.1987-0.enc.gz
code /usr/share/fonts/X11/encodings/large/ksc5601.1992-3.enc.gz
code /usr/share/fonts/X11/encodings/large/sun.unicode.india-0.enc.gz
code /config/.cache/fontconfig/6333f38776742d18e214673cd2c24e34-le64.cache-11.TMP-a6KY0b
code /config/.cache/fontconfig/6333f38776742d18e214673cd2c24e34-le64.cache-11.NEW
code /usr/share/code/libX11-xcb.so.1
code /etc/ld.so.cache
code /lib/x86_64-linux-gnu/libX11-xcb.so.1
code /usr/share/locale/en_US/LC_MESSAGES/messages.mo
code /usr/share/locale/en/LC_MESSAGES/messages.mo
code /usr/share/locale-langpack/en_US/LC_MESSAGES/messages.mo
code /usr/share/locale-langpack/en/LC_MESSAGES/messages.mo
code /usr/share/locale/en_US/LC_MESSAGES/gtk30.mo
code /usr/share/locale/en/LC_MESSAGES/gtk30.mo
code /usr/share/locale-langpack/en_US/LC_MESSAGES/gtk30.mo
code /usr/share/locale-langpack/en/LC_MESSAGES/gtk30.mo
code /usr/share/locale/en_US/LC_MESSAGES/gtk30-properties.mo
code /usr/share/locale/en/LC_MESSAGES/gtk30-properties.mo
code /usr/share/locale-langpack/en_US/LC_MESSAGES/gtk30-properties.mo
code /usr/share/locale-langpack/en/LC_MESSAGES/gtk30-properties.mo
Xvfb /proc/1116/cmdline
code /usr/share/code/libGLX.so.1
code /etc/ld.so.cache
code /lib/x86_64-linux-gnu/glibc-hwcaps/x86-64-v3/libGLX.so.1
code /lib/x86_64-linux-gnu/glibc-hwcaps/x86-64-v2/libGLX.so.1
code /lib/x86_64-linux-gnu/libGLX.so.1
code /usr/lib/x86_64-linux-gnu/glibc-hwcaps/x86-64-v3/libGLX.so.1
code /usr/lib/x86_64-linux-gnu/glibc-hwcaps/x86-64-v2/libGLX.so.1
code /usr/lib/x86_64-linux-gnu/libGLX.so.1
code /lib/glibc-hwcaps/x86-64-v3/libGLX.so.1
code /lib/glibc-hwcaps/x86-64-v2/libGLX.so.1
code /lib/libGLX.so.1
code /usr/lib/glibc-hwcaps/x86-64-v3/libGLX.so.1
code /usr/lib/glibc-hwcaps/x86-64-v2/libGLX.so.1
code /usr/lib/libGLX.so.1
code /usr/share/code/libGL.so.1
code /etc/ld.so.cache
code /lib/x86_64-linux-gnu/libGL.so.1
code /usr/share/code/libGLdispatch.so.0
code /lib/x86_64-linux-gnu/libGLdispatch.so.0
code /usr/share/code/libGLX.so.0
code /lib/x86_64-linux-gnu/libGLX.so.0
code /usr/share/code/libGLX_mesa.so.0
code /etc/ld.so.cache
code /lib/x86_64-linux-gnu/libGLX_mesa.so.0
code /usr/share/code/libgallium-25.2.8-0ubuntu0.24.04.1.so
code /lib/x86_64-linux-gnu/libgallium-25.2.8-0ubuntu0.24.04.1.so
code /usr/share/code/libxcb-glx.so.0
code /lib/x86_64-linux-gnu/libxcb-glx.so.0
code /usr/share/code/libXxf86vm.so.1
code /lib/x86_64-linux-gnu/libXxf86vm.so.1
code /usr/share/code/libxcb-dri3.so.0
code /lib/x86_64-linux-gnu/libxcb-dri3.so.0
code /usr/share/code/libxcb-present.so.0
code /lib/x86_64-linux-gnu/libxcb-present.so.0
code /usr/share/code/libxcb-xfixes.so.0
code /lib/x86_64-linux-gnu/libxcb-xfixes.so.0
code /usr/share/code/libLLVM.so.20.1
code /lib/x86_64-linux-gnu/libLLVM.so.20.1
code /usr/share/code/libsensors.so.5
code /lib/x86_64-linux-gnu/libsensors.so.5
code /usr/share/code/libxcb-randr.so.0
code /lib/x86_64-linux-gnu/libxcb-randr.so.0
code /usr/share/code/libxcb-sync.so.1
code /lib/x86_64-linux-gnu/libxcb-sync.so.1
code /usr/share/code/libxshmfence.so.1
code /lib/x86_64-linux-gnu/libxshmfence.so.1
code /usr/share/code/libdrm_amdgpu.so.1
code /lib/x86_64-linux-gnu/libdrm_amdgpu.so.1
code /usr/share/code/libelf.so.1
code /lib/x86_64-linux-gnu/libelf.so.1
code /usr/share/code/libdrm_intel.so.1
code /lib/x86_64-linux-gnu/libdrm_intel.so.1
code /usr/share/code/libstdc++.so.6
code /lib/x86_64-linux-gnu/libstdc++.so.6
code /lib/x86_64-linux-gnu/../lib/glibc-hwcaps/x86-64-v3/libedit.so.2
code /lib/x86_64-linux-gnu/../lib/glibc-hwcaps/x86-64-v2/libedit.so.2
code /lib/x86_64-linux-gnu/../lib/libedit.so.2
code /lib/x86_64-linux-gnu/libedit.so.2
code /lib/x86_64-linux-gnu/libxml2.so.2
code /usr/share/code/libpciaccess.so.0
code /lib/x86_64-linux-gnu/libpciaccess.so.0
code /usr/share/code/libtinfo.so.6
code /lib/x86_64-linux-gnu/libtinfo.so.6
code /usr/share/code/libicuuc.so.74
code /lib/x86_64-linux-gnu/libicuuc.so.74
code /usr/share/code/libicudata.so.74
code /lib/x86_64-linux-gnu/libicudata.so.74
code /usr/share/drirc.d
code /usr/share/drirc.d/00-mesa-defaults.conf
code /usr/share/drirc.d/00-radv-defaults.conf
code /etc/drirc
code /config/.drirc
code /sys/devices/system/cpu/possible
code /sys/devices/system/cpu/cpu0/cpu_capacity
code /sys/devices/system/cpu/cpu1/cpu_capacity
code /sys/devices/system/cpu/cpu2/cpu_capacity
code /sys/devices/system/cpu/cpu3/cpu_capacity
code /sys/devices/system/cpu/cpu4/cpu_capacity
code /sys/devices/system/cpu/cpu5/cpu_capacity
code /sys/devices/system/cpu/cpu6/cpu_capacity
code /sys/devices/system/cpu/cpu7/cpu_capacity
code /sys/devices/system/cpu/cpu8/cpu_capacity
code /sys/devices/system/cpu/cpu9/cpu_capacity
code /sys/devices/system/cpu/cpu10/cpu_capacity
code /sys/devices/system/cpu/cpu11/cpu_capacity
code /sys/devices/system/cpu/cpu12/cpu_capacity
code /sys/devices/system/cpu/cpu13/cpu_capacity
code /sys/devices/system/cpu/cpu14/cpu_capacity
code /sys/devices/system/cpu/cpu15/cpu_capacity
code /dev/udmabuf
code /usr/share/drirc.d
code /usr/share/drirc.d/00-mesa-defaults.conf
code /usr/share/drirc.d/00-radv-defaults.conf
code /etc/drirc
code /config/.drirc
code /usr/share/locale/en_US/LC_MESSAGES/at-spi2-core.mo
code /usr/share/locale/en/LC_MESSAGES/at-spi2-core.mo
code /usr/share/locale-langpack/en_US/LC_MESSAGES/at-spi2-core.mo
code /usr/share/locale-langpack/en/LC_MESSAGES/at-spi2-core.mo
code /etc/gtk-3.0/settings.ini
code /usr/share/locale/en_US/LC_MESSAGES/glib20.mo
code /usr/share/locale/en/LC_MESSAGES/glib20.mo
code /usr/share/locale-langpack/en_US/LC_MESSAGES/glib20.mo
code /usr/share/locale-langpack/en/LC_MESSAGES/glib20.mo
code /config/.config/gtk-3.0/settings.ini
code /usr/lib/x86_64-linux-gnu/gio/modules
code /usr/lib/x86_64-linux-gnu/gio/modules/giomodule.cache
code /config/.config/gtk-3.0/gtk.css
code /config/.config/gtk-3.0/colors.css
code /usr/lib/x86_64-linux-gnu/gdk-pixbuf-2.0/2.10.0/loaders.cache
code /usr/lib/x86_64-linux-gnu/gtk-3.0/modules/libcolorreload-gtk-module.so
code /usr/share/X11/locale/locale.alias
code /usr/share/X11/locale/locale.alias
code /usr/share/X11/locale/locale.dir
code /usr/share/X11/locale/en_US.UTF-8/XLC_LOCALE
code /config/.Xdefaults-8c3862a552a1
code /usr/share/code/chrome_100_percent.pak
code /usr/share/code/chrome_200_percent.pak
code /usr/share/code/locales/en-US.pak
code /usr/share/code/resources.pak
code /usr/share/kubuntu-default-settings/kf5-settings/kioslaverc
code /etc/xdg/kioslaverc
code /config/.config/kdedefaults/kioslaverc
code /config/.config/kioslaverc
ThreadPoolForeg /proc/sys/fs/inotify/max_user_watches
dbus-daemon /run/systemd/users/911
dbus-daemon /proc/1116/cmdline
code /config/.config/Code/Crashpad/client_id
ThreadPoolForeg /etc/host.conf
ThreadPoolForeg /etc/hosts
ThreadPoolForeg /etc/resolv.conf
ThreadPoolForeg /etc/nsswitch.conf
code /dev/shm/.org.chromium.Chromium.9M6GRY
dbus-daemon /usr/local/share/dbus-1/system-services
dbus-daemon /usr/share/dbus-1/system-services
ThreadPoolSingl /dev/shm/.org.chromium.Chromium.A6wBQT
dbus-daemon /lib/dbus-1/system-services
ThreadPoolSingl /dev/shm/.org.chromium.Chromium.A6wBQT
ThreadPoolSingl /selinux
ThreadPoolSingl /dev/shm/.org.chromium.Chromium.ibCJhx
code /proc/self/maps
code /config/.config/user-dirs.dirs
ThreadPoolForeg /proc/self/mountinfo
code /proc/self/cmdline
code /usr/share/code/libpci.so.3
code /etc/ld.so.cache
code /lib/x86_64-linux-gnu/libpci.so.3
code /sys/bus/pci/devices
code /sys/bus/pci/devices/0000:00:1f.4/vendor
code /sys/bus/pci/devices/0000:00:1f.4/device
code /sys/bus/pci/devices/0000:00:1f.4/class
code /sys/bus/pci/devices/0000:00:14.0/vendor
code /sys/bus/pci/devices/0000:00:14.0/device
ThreadPoolSingl /usr/share/code/v8_context_snapshot.bin
code /sys/bus/pci/devices/0000:00:14.0/class
code /sys/bus/pci/devices/0000:00:02.0/vendor
code /sys/bus/pci/devices/0000:00:02.0/device
code /sys/bus/pci/devices/0000:00:02.0/class
ThreadPoolSingl /dev/shm/.org.chromium.Chromium.pPK3Bh
code /sys/bus/pci/devices/0000:00:02.0/config
ThreadPoolSingl /dev/null
code /sys/bus/pci/devices/0000:00:1c.4/vendor
code /sys/bus/pci/devices/0000:00:1c.4/device
code /sys/bus/pci/devices/0000:00:1c.4/class
code /sys/bus/pci/devices/0000:00:1f.6/vendor
code /sys/bus/pci/devices/0000:00:1f.6/device
code /sys/bus/pci/devices/0000:00:1f.6/class
code /sys/bus/pci/devices/0000:00:14.2/vendor
code /sys/bus/pci/devices/0000:00:14.2/device
code /sys/bus/pci/devices/0000:00:14.2/class
code /sys/bus/pci/devices/0000:00:1d.0/vendor
code /sys/bus/pci/devices/0000:00:1d.0/device
code /sys/bus/pci/devices/0000:00:1d.0/class
code /sys/bus/pci/devices/0000:05:00.0/vendor
code /sys/bus/pci/devices/0000:05:00.0/device
code /sys/bus/pci/devices/0000:05:00.0/class
code /sys/bus/pci/devices/0000:00:1d.2/vendor
code /sys/bus/pci/devices/0000:00:1d.2/device
code /sys/bus/pci/devices/0000:00:1d.2/class
code /sys/bus/pci/devices/0000:00:15.0/vendor
code /sys/bus/pci/devices/0000:00:15.0/device
code /sys/bus/pci/devices/0000:00:15.0/class
code /sys/bus/pci/devices/0000:00:12.0/vendor
code /sys/bus/pci/devices/0000:00:12.0/device
code /sys/bus/pci/devices/0000:00:12.0/class
code /sys/bus/pci/devices/0000:00:00.0/vendor
code /sys/bus/pci/devices/0000:00:00.0/device
code /sys/bus/pci/devices/0000:00:00.0/class
code /sys/bus/pci/devices/0000:00:1f.3/vendor
code /sys/bus/pci/devices/0000:00:1f.3/device
code /sys/bus/pci/devices/0000:00:1f.3/class
ThreadPoolSingl /proc/self/fd
code /sys/bus/pci/devices/0000:00:1f.5/vendor
code /sys/bus/pci/devices/0000:00:1f.5/device
code /sys/bus/pci/devices/0000:00:1f.5/class
code /sys/bus/pci/devices/0000:00:1b.0/vendor
code /sys/bus/pci/devices/0000:00:1b.0/device
code /sys/bus/pci/devices/0000:00:1b.0/class
code /sys/bus/pci/devices/0000:01:00.0/vendor
code /sys/bus/pci/devices/0000:01:00.0/device
code /sys/bus/pci/devices/0000:01:00.0/class
code /sys/bus/pci/devices/0000:00:16.0/vendor
dbus-daemon /config/.XDG/dbus-1/services
code /sys/bus/pci/devices/0000:00:16.0/device
code /sys/bus/pci/devices/0000:00:16.0/class
dbus-daemon /config/.local/share/dbus-1/services
dbus-daemon /usr/local/share/dbus-1/services
dbus-daemon /usr/share/dbus-1/services
code /sys/bus/pci/devices/0000:00:1f.0/vendor
code /sys/bus/pci/devices/0000:00:1f.0/device
code /sys/bus/pci/devices/0000:00:1f.0/class
code /sys/bus/pci/devices/0000:00:08.0/vendor
code /sys/bus/pci/devices/0000:00:08.0/device
code /sys/bus/pci/devices/0000:00:08.0/class
code /sys/bus/pci/devices/0000:00:1c.0/vendor
code /sys/bus/pci/devices/0000:00:1c.0/device
code /sys/bus/pci/devices/0000:00:1c.0/class
code /sys/bus/pci/devices/0000:00:17.0/vendor
dbus-daemon /usr/share/dbus-1/services/org.kde.plasma.Notifications.service
code /sys/bus/pci/devices/0000:00:17.0/device
code /sys/bus/pci/devices/0000:00:17.0/class
code /sys/bus/pci/devices/0000:03:00.0/vendor
code /sys/bus/pci/devices/0000:03:00.0/device
dbus-daemon /config/.XDG/dbus-1/services
code /sys/bus/pci/devices/0000:03:00.0/class
dbus-daemon /config/.local/share/dbus-1/services
dbus-daemon /usr/local/share/dbus-1/services
dbus-daemon /usr/share/dbus-1/services
Xvfb /proc/1152/cmdline
exe /usr/share/code/glibc-hwcaps/x86-64-v3/libffmpeg.so
exe /usr/share/code/glibc-hwcaps/x86-64-v2/libffmpeg.so
exe /usr/share/code/libffmpeg.so
dbus-daemon /usr/share/dbus-1/services/org.kde.plasma.Notifications.service
exe /usr/share/code/libdl.so.2
exe /etc/ld.so.cache
exe /lib/x86_64-linux-gnu/libdl.so.2
exe /usr/share/code/libpthread.so.0
exe /lib/x86_64-linux-gnu/libpthread.so.0
exe /usr/share/code/libglib-2.0.so.0
exe /lib/x86_64-linux-gnu/libglib-2.0.so.0
exe /usr/share/code/libgobject-2.0.so.0
exe /lib/x86_64-linux-gnu/libgobject-2.0.so.0
exe /usr/share/code/libgio-2.0.so.0
dbus-daemon /run/systemd/users/911
exe /lib/x86_64-linux-gnu/libgio-2.0.so.0
dbus-daemon /proc/1116/cmdline
exe /usr/share/code/libnspr4.so
exe /lib/x86_64-linux-gnu/libnspr4.so
exe /usr/share/code/libnss3.so
exe /lib/x86_64-linux-gnu/libnss3.so
code /sys/class/tty/tty0/active
exe /usr/share/code/libnssutil3.so
exe /lib/x86_64-linux-gnu/libnssutil3.so
exe /usr/share/code/libsmime3.so
exe /lib/x86_64-linux-gnu/libsmime3.so
Xvfb /proc/1152/cmdline
exe /usr/share/code/libdbus-1.so.3
exe /lib/x86_64-linux-gnu/libdbus-1.so.3
exe /usr/share/code/libatk-1.0.so.0
exe /lib/x86_64-linux-gnu/libatk-1.0.so.0
exe /usr/share/code/libatk-bridge-2.0.so.0
exe /lib/x86_64-linux-gnu/libatk-bridge-2.0.so.0
exe /usr/share/code/libcairo.so.2
exe /lib/x86_64-linux-gnu/libcairo.so.2
exe /usr/share/code/libgtk-3.so.0
exe /lib/x86_64-linux-gnu/libgtk-3.so.0
libuv-worker /usr/share/code/resources/app/out/nls.messages.json
exe /usr/share/code/libpango-1.0.so.0
exe /lib/x86_64-linux-gnu/libpango-1.0.so.0
exe /usr/share/code/libX11.so.6
exe /lib/x86_64-linux-gnu/libX11.so.6
exe /usr/share/code/libXcomposite.so.1
exe /lib/x86_64-linux-gnu/libXcomposite.so.1
exe /usr/share/code/libXdamage.so.1
exe /lib/x86_64-linux-gnu/libXdamage.so.1
exe /usr/share/code/libXext.so.6
exe /lib/x86_64-linux-gnu/libXext.so.6
exe /usr/share/code/libXfixes.so.3
exe /lib/x86_64-linux-gnu/libXfixes.so.3
exe /usr/share/code/libXrandr.so.2
exe /lib/x86_64-linux-gnu/libXrandr.so.2
exe /usr/share/code/libgbm.so.1
exe /lib/x86_64-linux-gnu/libgbm.so.1
exe /usr/share/code/libexpat.so.1
exe /lib/x86_64-linux-gnu/libexpat.so.1
exe /usr/share/code/libxcb.so.1
exe /lib/x86_64-linux-gnu/libxcb.so.1
exe /usr/share/code/libxkbcommon.so.0
exe /lib/x86_64-linux-gnu/libxkbcommon.so.0
exe /usr/share/code/libudev.so.1
exe /lib/x86_64-linux-gnu/libudev.so.1
exe /usr/share/code/libasound.so.2
exe /lib/x86_64-linux-gnu/libasound.so.2
exe /usr/share/code/libatspi.so.0
exe /lib/x86_64-linux-gnu/libatspi.so.0
Xvfb /proc/1152/cmdline
exe /usr/share/code/libm.so.6
exe /lib/x86_64-linux-gnu/libm.so.6
exe /usr/share/code/libgcc_s.so.1
exe /lib/x86_64-linux-gnu/libgcc_s.so.1
exe /usr/share/code/libc.so.6
exe /lib/x86_64-linux-gnu/libc.so.6
exe /usr/share/code/libpcre2-8.so.0
exe /lib/x86_64-linux-gnu/libpcre2-8.so.0
exe /usr/share/code/libffi.so.8
exe /lib/x86_64-linux-gnu/libffi.so.8
exe /usr/share/code/libgmodule-2.0.so.0
exe /lib/x86_64-linux-gnu/libgmodule-2.0.so.0
exe /usr/share/code/libz.so.1
exe /lib/x86_64-linux-gnu/libz.so.1
exe /usr/share/code/libmount.so.1
exe /lib/x86_64-linux-gnu/libmount.so.1
exe /usr/share/code/libselinux.so.1
exe /lib/x86_64-linux-gnu/libselinux.so.1
exe /usr/share/code/libplc4.so
exe /lib/x86_64-linux-gnu/libplc4.so
exe /usr/share/code/libplds4.so
exe /lib/x86_64-linux-gnu/libplds4.so
exe /usr/share/code/libsystemd.so.0
exe /lib/x86_64-linux-gnu/libsystemd.so.0
exe /usr/share/code/libpng16.so.16
exe /lib/x86_64-linux-gnu/libpng16.so.16
exe /usr/share/code/libfontconfig.so.1
exe /lib/x86_64-linux-gnu/libfontconfig.so.1
exe /usr/share/code/libfreetype.so.6
exe /lib/x86_64-linux-gnu/libfreetype.so.6
exe /usr/share/code/libXrender.so.1
exe /lib/x86_64-linux-gnu/libXrender.so.1
exe /usr/share/code/libxcb-render.so.0
exe /lib/x86_64-linux-gnu/libxcb-render.so.0
exe /usr/share/code/libxcb-shm.so.0
exe /lib/x86_64-linux-gnu/libxcb-shm.so.0
exe /usr/share/code/libpixman-1.so.0
exe /lib/x86_64-linux-gnu/libpixman-1.so.0
exe /usr/share/code/libgdk-3.so.0
exe /lib/x86_64-linux-gnu/libgdk-3.so.0
exe /usr/share/code/libpangocairo-1.0.so.0
exe /lib/x86_64-linux-gnu/libpangocairo-1.0.so.0
exe /usr/share/code/libharfbuzz.so.0
exe /lib/x86_64-linux-gnu/libharfbuzz.so.0
exe /usr/share/code/libpangoft2-1.0.so.0
exe /lib/x86_64-linux-gnu/libpangoft2-1.0.so.0
code /usr/share/code/libGLESv2.so
exe /usr/share/code/libfribidi.so.0
exe /lib/x86_64-linux-gnu/libfribidi.so.0
exe /usr/share/code/libcairo-gobject.so.2
exe /lib/x86_64-linux-gnu/libcairo-gobject.so.2
exe /usr/share/code/libgdk_pixbuf-2.0.so.0
exe /lib/x86_64-linux-gnu/libgdk_pixbuf-2.0.so.0
exe /usr/share/code/libepoxy.so.0
exe /lib/x86_64-linux-gnu/libepoxy.so.0
exe /usr/share/code/libXi.so.6
exe /lib/x86_64-linux-gnu/libXi.so.6
exe /usr/share/code/libthai.so.0
exe /lib/x86_64-linux-gnu/libthai.so.0
exe /usr/share/code/libdrm.so.2
exe /lib/x86_64-linux-gnu/libdrm.so.2
exe /usr/share/code/libXau.so.6
exe /lib/x86_64-linux-gnu/libXau.so.6
exe /usr/share/code/libXdmcp.so.6
exe /lib/x86_64-linux-gnu/libXdmcp.so.6
exe /usr/share/code/libcap.so.2
exe /lib/x86_64-linux-gnu/libcap.so.2
exe /usr/share/code/libblkid.so.1
exe /lib/x86_64-linux-gnu/libblkid.so.1
exe /usr/share/code/libgcrypt.so.20
exe /lib/x86_64-linux-gnu/libgcrypt.so.20
exe /usr/share/code/liblz4.so.1
exe /lib/x86_64-linux-gnu/liblz4.so.1
exe /usr/share/code/liblzma.so.5
exe /lib/x86_64-linux-gnu/liblzma.so.5
exe /usr/share/code/libzstd.so.1
exe /lib/x86_64-linux-gnu/libzstd.so.1
exe /usr/share/code/libbz2.so.1.0
exe /lib/x86_64-linux-gnu/libbz2.so.1.0
exe /usr/share/code/libbrotlidec.so.1
exe /lib/x86_64-linux-gnu/libbrotlidec.so.1
exe /usr/share/code/libwayland-client.so.0
exe /lib/x86_64-linux-gnu/libwayland-client.so.0
exe /usr/share/code/libwayland-cursor.so.0
exe /lib/x86_64-linux-gnu/libwayland-cursor.so.0
exe /usr/share/code/libwayland-egl.so.1
exe /lib/x86_64-linux-gnu/libwayland-egl.so.1
exe /usr/share/code/libXcursor.so.1
exe /lib/x86_64-linux-gnu/libXcursor.so.1
exe /usr/share/code/libXinerama.so.1
exe /lib/x86_64-linux-gnu/libXinerama.so.1
exe /usr/share/code/libgraphite2.so.3
exe /lib/x86_64-linux-gnu/libgraphite2.so.3
exe /usr/share/code/libjpeg.so.8
exe /lib/x86_64-linux-gnu/libjpeg.so.8
exe /usr/share/code/libdatrie.so.1
exe /lib/x86_64-linux-gnu/libdatrie.so.1
exe /usr/share/code/libbsd.so.0
exe /lib/x86_64-linux-gnu/libbsd.so.0
exe /usr/share/code/libgpg-error.so.0
exe /lib/x86_64-linux-gnu/libgpg-error.so.0
exe /usr/share/code/libbrotlicommon.so.1
exe /lib/x86_64-linux-gnu/libbrotlicommon.so.1
exe /usr/share/code/libmd.so.0
exe /lib/x86_64-linux-gnu/libmd.so.0
code /usr/share/code/libEGL.so
code /usr/share/code/libvulkan.so
code /usr/share/code/libvulkan.so.1
code /config/.config/vulkan/implicit_layer.d
code /config/.config/kdedefaults/vulkan/implicit_layer.d
code /etc/xdg/vulkan/implicit_layer.d
code /usr/share/kubuntu-default-settings/kf5-settings/vulkan/implicit_layer.d
code /etc/vulkan/implicit_layer.d
code /config/.local/share/vulkan/implicit_layer.d
code /usr/local/share/vulkan/implicit_layer.d
code /usr/share/vulkan/implicit_layer.d
code /usr/share/vulkan/implicit_layer.d/VkLayer_MESA_device_select.json
code /config/.config/vulkan/implicit_layer.d
code /config/.config/kdedefaults/vulkan/implicit_layer.d
code /etc/xdg/vulkan/implicit_layer.d
code /usr/share/kubuntu-default-settings/kf5-settings/vulkan/implicit_layer.d
code /etc/vulkan/implicit_layer.d
code /config/.local/share/vulkan/implicit_layer.d
code /usr/local/share/vulkan/implicit_layer.d
code /usr/share/vulkan/implicit_layer.d
code /usr/share/vulkan/implicit_layer.d/VkLayer_MESA_device_select.json
code /config/.config/vulkan/icd.d
code /config/.config/kdedefaults/vulkan/icd.d
code /etc/xdg/vulkan/icd.d
code /usr/share/kubuntu-default-settings/kf5-settings/vulkan/icd.d
code /etc/vulkan/icd.d
code /config/.local/share/vulkan/icd.d
code /usr/local/share/vulkan/icd.d
code /usr/share/vulkan/icd.d
code /usr/share/vulkan/icd.d/asahi_icd.json
code /usr/share/code/libvulkan_asahi.so
code /etc/ld.so.cache
code /lib/x86_64-linux-gnu/libvulkan_asahi.so
code /usr/share/code/libX11-xcb.so.1
code /lib/x86_64-linux-gnu/libX11-xcb.so.1
code /usr/share/code/libxcb-dri3.so.0
code /lib/x86_64-linux-gnu/libxcb-dri3.so.0
code /usr/share/code/libxcb-present.so.0
code /lib/x86_64-linux-gnu/libxcb-present.so.0
code /usr/share/code/libxcb-xfixes.so.0
code /lib/x86_64-linux-gnu/libxcb-xfixes.so.0
code /usr/share/code/libxcb-sync.so.1
code /lib/x86_64-linux-gnu/libxcb-sync.so.1
code /usr/share/code/libxcb-randr.so.0
code /lib/x86_64-linux-gnu/libxcb-randr.so.0
code /usr/share/code/libxshmfence.so.1
code /lib/x86_64-linux-gnu/libxshmfence.so.1
code /usr/share/code/libstdc++.so.6
code /lib/x86_64-linux-gnu/libstdc++.so.6
exe /proc/filesystems
code /usr/lib/locale/locale-archive
code /usr/share/vulkan/icd.d/gfxstream_vk_icd.json
code /usr/share/code/libvulkan_gfxstream.so
code /etc/ld.so.cache
code /lib/x86_64-linux-gnu/libvulkan_gfxstream.so
code /proc/self/status
code /usr/share/code/icudtl.dat
code /etc/localtime
code /usr/share/code/chrome_100_percent.pak
code /usr/share/code/chrome_200_percent.pak
code /usr/share/locale/locale.alias
code /usr/lib/x86_64-linux-gnu/gconv/gconv-modules.cache
code /usr/share/code/locales/en-US.pak
code /usr/share/code/resources.pak
code /usr/share/vulkan/icd.d/intel_hasvk_icd.json
code /usr/share/code/libvulkan_intel_hasvk.so
code /etc/ld.so.cache
code /lib/x86_64-linux-gnu/libvulkan_intel_hasvk.so
code /proc/self/maps
code /sys/devices/system/cpu/possible
code /sys/devices/system/cpu/cpu0/cpufreq/cpuinfo_max_freq
code /sys/devices/system/cpu/cpu1/cpufreq/cpuinfo_max_freq
code /sys/devices/system/cpu/cpu2/cpufreq/cpuinfo_max_freq
code /sys/devices/system/cpu/cpu3/cpufreq/cpuinfo_max_freq
code /sys/devices/system/cpu/cpu4/cpufreq/cpuinfo_max_freq
code /sys/devices/system/cpu/cpu5/cpufreq/cpuinfo_max_freq
code /sys/devices/system/cpu/cpu6/cpufreq/cpuinfo_max_freq
code /sys/devices/system/cpu/cpu7/cpufreq/cpuinfo_max_freq
code /sys/devices/system/cpu/cpu8/cpufreq/cpuinfo_max_freq
code /sys/devices/system/cpu/cpu9/cpufreq/cpuinfo_max_freq
code /sys/devices/system/cpu/cpu10/cpufreq/cpuinfo_max_freq
code /sys/devices/system/cpu/cpu11/cpufreq/cpuinfo_max_freq
code /sys/devices/system/cpu/cpu12/cpufreq/cpuinfo_max_freq
code /sys/devices/system/cpu/cpu13/cpufreq/cpuinfo_max_freq
code /sys/devices/system/cpu/cpu14/cpufreq/cpuinfo_max_freq
code /sys/devices/system/cpu/cpu15/cpufreq/cpuinfo_max_freq
code /usr/share/vulkan/icd.d/intel_icd.json
code /usr/share/code/libvulkan_intel.so
code /etc/ld.so.cache
code /lib/x86_64-linux-gnu/libvulkan_intel.so
Chrome_ChildIOT /proc/self/cmdline
ThreadPoolForeg /proc/sys/fs/inotify/max_user_watches
ThreadPoolForeg /etc/host.conf
ThreadPoolForeg /etc/hosts
ThreadPoolForeg /etc/resolv.conf
ThreadPoolForeg /etc/nsswitch.conf
code /usr/share/vulkan/icd.d/lvp_icd.json
code /usr/share/code/libvulkan_lvp.so
code /etc/ld.so.cache
code /lib/x86_64-linux-gnu/libvulkan_lvp.so
code /usr/share/code/libLLVM.so.20.1
code /lib/x86_64-linux-gnu/libLLVM.so.20.1
code /lib/x86_64-linux-gnu/../lib/glibc-hwcaps/x86-64-v3/libedit.so.2
code /config/.config/Code/Preferences
code /lib/x86_64-linux-gnu/../lib/glibc-hwcaps/x86-64-v2/libedit.so.2
code /lib/x86_64-linux-gnu/../lib/libedit.so.2
code /lib/x86_64-linux-gnu/libedit.so.2
code /lib/x86_64-linux-gnu/libxml2.so.2
code /usr/share/code/libtinfo.so.6
code /lib/x86_64-linux-gnu/libtinfo.so.6
ThreadPoolForeg /config/.config/user-dirs.dirs
ThreadPoolForeg /config/.config/Code/Local Storage/leveldb
code /usr/share/code/libicuuc.so.74
ThreadPoolForeg /config/.config/user-dirs.dirs
code /lib/x86_64-linux-gnu/libicuuc.so.74
code /usr/share/code/libicudata.so.74
code /lib/x86_64-linux-gnu/libicudata.so.74
code /usr/share/kubuntu-default-settings/kf5-settings/kioslaverc
code /etc/xdg/kioslaverc
code /config/.config/kdedefaults/kioslaverc
code /config/.config/kioslaverc
ThreadPoolForeg /config/.config/Code/Local Storage/leveldb/LOG
ThreadPoolForeg /config/.config/Code/Local Storage/leveldb/LOCK
ThreadPoolForeg /config/.config/Code/Local Storage/leveldb/LOCK
ThreadPoolForeg /config/.config/Code/Code Cache/wasm/index
ThreadPoolForeg /config/.config/Code/Code Cache/wasm/index
ThreadPoolForeg /config/.config/Code/Code Cache/js/index
ThreadPoolForeg /config/.config/Code/Code Cache/js/index
ThreadPoolForeg /config/.config/Code/Code Cache/wasm/index-dir/the-real-index
ThreadPoolForeg /config/.config/Code/Code Cache/js/index-dir/the-real-index
ThreadPoolForeg /config/.config/Code/Code Cache/js
ThreadPoolForeg /config/.config/Code/Code Cache/wasm
ThreadPoolForeg /config/.config/Code/Code Cache/js/index-dir/temp-index
ThreadPoolForeg /config/.config/Code/Code Cache/wasm/index-dir/temp-index
ThreadPoolForeg /config/.config/Code/Custom Dictionary.txt
ThreadPoolForeg /config/.config/Code/Dictionaries/en-US-10-1.bdic
ThreadPoolForeg /config/.config/Code/Local Storage/leveldb/MANIFEST-000001
ThreadPoolForeg /config/.config/Code/Local Storage/leveldb
libuv-worker /config/.config/Code/User/globalStorage/storage.json
libuv-worker /etc/vscode/policy.json
libuv-worker /config/.config/Code/User/settings.json
ThreadPoolForeg /config/.config/Code/Local Storage/leveldb/000001.dbtmp
ThreadPoolForeg /config/.config/Code/Local Storage/leveldb/CURRENT
ThreadPoolForeg /config/.config/Code/Local Storage/leveldb/MANIFEST-000001
ThreadPoolForeg /config/.config/Code/Local Storage/leveldb/MANIFEST-000001
ThreadPoolForeg /config/.config/Code/Local Storage/leveldb
ThreadPoolForeg /config/.config/Code/Local Storage/leveldb
ThreadPoolForeg /config/.config/Code/Local Storage/leveldb/000003.log
ThreadPoolForeg /config/.config/Code/Local Storage/leveldb
ThreadPoolForeg /config/.config/Code/Local Storage/leveldb
ThreadPoolForeg /config/.config/Code/Shared Dictionary/cache/index
ThreadPoolForeg /config/.config/Code/Shared Dictionary/cache/index
ThreadPoolForeg /config/.config/Code/Shared Dictionary/db
Chrome_ChildIOT /proc/self/stat
ThreadPoolForeg /config/.config/Code/Trust Tokens
Chrome_ChildIOT /proc/stat
ThreadPoolForeg /config/.config/Code/Network Persistent State
ThreadPoolForeg /config/.config/Code/Trust Tokens-journal
ThreadPoolForeg /dev/urandom
ThreadPoolForeg /config/.config/Code/TransportSecurity
ThreadPoolForeg /config/.config/Code/Shared Dictionary/cache/index-dir/the-real-index
ThreadPoolForeg /config/.config/Code/Shared Dictionary/db-journal
ThreadPoolForeg /config/.config/Code/Shared Dictionary/cache
ThreadPoolForeg /config/.config/Code/Cache/Cache_Data/index
ThreadPoolForeg /config/.config/Code/Cache/Cache_Data/index
ThreadPoolForeg /config/.config/Code
ThreadPoolForeg /config/.config/Code/Shared Dictionary/cache/index-dir/temp-index
ThreadPoolForeg /config/.config/Code/Cache/Cache_Data/index-dir/the-real-index
code /usr/share/vulkan/icd.d/nouveau_icd.json
ThreadPoolForeg /config/.config/Code/Cache/Cache_Data/5283edf90cf4ab50_0
ThreadPoolForeg /config/.config/Code/Cache/No_Vary_Search/snapshot.baf
ThreadPoolForeg /config/.config/Code/Cache/Cache_Data
ThreadPoolForeg /config/.config/Code/Cache/Cache_Data/5283edf90cf4ab50_0
ThreadPoolForeg /config/.config/Code/Cache/No_Vary_Search/snapshot-new.baf
ThreadPoolForeg /config/.config/Code/Shared Dictionary
code /usr/share/code/libvulkan_nouveau.so
code /etc/ld.so.cache
ThreadPoolForeg /config/.config/Code/Cache/No_Vary_Search/journal.baj
code /lib/x86_64-linux-gnu/libvulkan_nouveau.so
ThreadPoolForeg /config/.config/Code/Cache/Cache_Data/index-dir/temp-index
ThreadPoolSingl /proc/1160/task
ThreadPoolSingl /proc/1160/task/1160/status
ThreadPoolSingl /proc/1160/task/1162/status
ThreadPoolSingl /proc/1160/task
ThreadPoolSingl /proc/1160/task/1160/status
ThreadPoolSingl /proc/1160/task/1162/status
ThreadPoolSingl /proc/1160/task/1163/status
ThreadPoolSingl /proc/1160/task
ThreadPoolSingl /proc/1160/task/1160/status
ThreadPoolSingl /proc/1160/task/1162/status
ThreadPoolSingl /proc/1160/task/1163/status
ThreadPoolSingl /proc/1160/task/1164/status
ThreadPoolSingl /proc/1160/task
ThreadPoolSingl /proc/1160/task/1160/status
ThreadPoolSingl /proc/1160/task/1162/status
ThreadPoolSingl /proc/1160/task/1163/status
ThreadPoolSingl /proc/1160/task/1164/status
ThreadPoolSingl /proc/1160/task/1165/status
ThreadPoolSingl /proc/1160/task
ThreadPoolSingl /proc/1160/task/1160/status
ThreadPoolSingl /proc/1160/task/1162/status
ThreadPoolSingl /proc/1160/task/1163/status
ThreadPoolSingl /proc/1160/task/1164/status
ThreadPoolSingl /proc/1160/task/1165/status
ThreadPoolSingl /proc/1160/task/1166/status
code /dev/null
ThreadPoolSingl /proc/1160/task
ThreadPoolSingl /proc/1160/task/1160/status
ThreadPoolSingl /proc/1160/task/1162/status
ThreadPoolSingl /proc/1160/task/1163/status
ThreadPoolSingl /proc/1160/task/1164/status
ThreadPoolSingl /proc/1160/task/1165/status
ThreadPoolSingl /proc/1160/task/1166/status
libuv-worker /config/.config/Code/code.lock
ThreadPoolSingl /proc/1160/task/1167/status
ThreadPoolSingl /proc/1160/task
ThreadPoolSingl /proc/1160/task/1160/status
ThreadPoolSingl /proc/1160/task/1162/status
code /usr/share/vulkan/icd.d/radeon_icd.json
ThreadPoolSingl /proc/1160/task/1163/status
code /usr/share/code/libvulkan_radeon.so
code /etc/ld.so.cache
code /lib/x86_64-linux-gnu/libvulkan_radeon.so
ThreadPoolSingl /proc/1160/task/1164/status
ThreadPoolSingl /proc/1160/task/1165/status
ThreadPoolSingl /proc/1160/task/1166/status
ThreadPoolSingl /proc/1160/task/1167/status
ThreadPoolSingl /proc/1160/task/1168/status
ThreadPoolForeg /config/.config/Code/CachedData/8b640eef5a6c6089c029249d48efa5c99adf7d51/chrome/wasm/index
ThreadPoolForeg /config/.config/Code/CachedData/8b640eef5a6c6089c029249d48efa5c99adf7d51/chrome/wasm/index
ThreadPoolSingl /proc/1160/task
ThreadPoolForeg /config/.config/Code/CachedData/8b640eef5a6c6089c029249d48efa5c99adf7d51/chrome/js/index
ThreadPoolSingl /proc/1160/task/1160/status
ThreadPoolForeg /config/.config/Code/CachedData/8b640eef5a6c6089c029249d48efa5c99adf7d51/chrome/js/index
code /usr/share/code/resources/app/out/package.json
code /usr/share/code/resources/app/package.json
ThreadPoolSingl /proc/1160/task/1162/status
ThreadPoolForeg /config/.config/Code/CachedData/8b640eef5a6c6089c029249d48efa5c99adf7d51/chrome/wasm/index-dir/the-real-index
ThreadPoolForeg /config/.config/Code/CachedData/8b640eef5a6c6089c029249d48efa5c99adf7d51/chrome/wasm
ThreadPoolSingl /proc/1160/task/1163/status
ThreadPoolForeg /config/.config/Code/CachedData/8b640eef5a6c6089c029249d48efa5c99adf7d51/chrome/js/index-dir/the-real-index
ThreadPoolForeg /config/.config/Code/CachedData/8b640eef5a6c6089c029249d48efa5c99adf7d51/chrome/js
ThreadPoolSingl /proc/1160/task/1164/status
code /usr/share/code/resources/app/node_modules/@vscode/spdlog/package.json
ThreadPoolForeg /config/.config/Code/CachedData/8b640eef5a6c6089c029249d48efa5c99adf7d51/chrome/wasm/index-dir/temp-index
ThreadPoolSingl /proc/1160/task/1165/status
ThreadPoolForeg /config/.config/Code/CachedData/8b640eef5a6c6089c029249d48efa5c99adf7d51/chrome/js/index-dir/temp-index
ThreadPoolSingl /proc/1160/task/1166/status
ThreadPoolSingl /proc/1160/task/1167/status
code /usr/share/code/libelf.so.1
code /lib/x86_64-linux-gnu/libelf.so.1
ThreadPoolSingl /proc/1160/task/1168/status
ThreadPoolSingl /proc/1160/task/1169/status
code /usr/share/code/libdrm_amdgpu.so.1
code /lib/x86_64-linux-gnu/libdrm_amdgpu.so.1
ThreadPoolSingl /proc/1160/task
ThreadPoolSingl /proc/1160/task/1160/status
ThreadPoolSingl /proc/1160/task/1162/status
ThreadPoolSingl /proc/1160/task/1163/status
ThreadPoolSingl /proc/1160/task/1164/status
ThreadPoolSingl /proc/1160/task/1165/status
ThreadPoolSingl /proc/1160/task/1166/status
code /usr/share/code/resources/app/out/package.json
ThreadPoolSingl /proc/1160/task/1167/status
code /usr/share/code/resources/app/node_modules/@vscode/deviceid/package.json
ThreadPoolSingl /proc/1160/task/1168/status
ThreadPoolSingl /proc/1160/task/1169/status
ThreadPoolSingl /proc/1160/task/1171/status
code /usr/share/code/resources/app/node_modules/@vscode/deviceid/dist/package.json
ThreadPoolSingl /proc/1160/task
libuv-worker /config/.config/Code/User
ThreadPoolSingl /proc/1160/task/1160/status
code /usr/share/code/resources/app/node_modules/@vscode/deviceid/dist/package.json
ThreadPoolSingl /proc/1160/task/1162/status
ThreadPoolSingl /proc/1160/task/1163/status
ThreadPoolSingl /proc/1160/task/1164/status
code /usr/share/code/resources/app/node_modules/@vscode/spdlog/index.js
ThreadPoolSingl /proc/1160/task/1165/status
ThreadPoolSingl /proc/1160/task/1166/status
ThreadPoolSingl /proc/1160/task/1167/status
ThreadPoolSingl /proc/1160/task/1168/status
ThreadPoolSingl /proc/1160/task/1169/status
code /usr/share/code/resources/app/node_modules/@vscode/deviceid/dist/index.js
ThreadPoolSingl /proc/1160/task/1171/status
code /usr/share/vulkan/icd.d/virtio_icd.json
code /usr/share/code/resources/app/node_modules/@vscode/deviceid/dist/package.json
code /usr/share/code/libvulkan_virtio.so
ThreadPoolSingl /proc/1160/task/1172/status
code /etc/ld.so.cache
code /lib/x86_64-linux-gnu/libvulkan_virtio.so
code /usr/share/code/resources/app/node_modules/@vscode/spdlog/index.js
code /config/.config/vulkan/icd.d
code /config/.config/kdedefaults/vulkan/icd.d
code /etc/xdg/vulkan/icd.d
code /usr/share/kubuntu-default-settings/kf5-settings/vulkan/icd.d
code /etc/vulkan/icd.d
ThreadPoolForeg /config/.config/Code/Shared Dictionary/db-journal
code /config/.local/share/vulkan/icd.d
code /usr/local/share/vulkan/icd.d
code /usr/share/vulkan/icd.d
code /usr/share/vulkan/icd.d/asahi_icd.json
code /usr/share/vulkan/icd.d/gfxstream_vk_icd.json
code /usr/share/vulkan/icd.d/intel_hasvk_icd.json
code /usr/share/code/resources/app/node_modules/@vscode/spdlog/package.json
code /usr/share/vulkan/icd.d/intel_icd.json
code /usr/share/vulkan/icd.d/lvp_icd.json
code /usr/share/vulkan/icd.d/nouveau_icd.json
code /usr/share/vulkan/icd.d/radeon_icd.json
selkies /proc/stat
code /usr/share/vulkan/icd.d/virtio_icd.json
code /usr/share/code/resources/app/node_modules/mkdirp/package.json
selkies /proc/meminfo
code /dev/dri
code /usr/share/code/resources/app/node_modules/mkdirp/index.js
code /usr/share/code/resources/app/node_modules/mkdirp/lib/opts-arg.js
ThreadPoolForeg /config/.config/Code/Shared Dictionary
code /usr/share/code/resources/app/node_modules/mkdirp/lib/path-arg.js
code /usr/share/code/resources/app/node_modules/mkdirp/lib/mkdirp-native.js
code /usr/share/code/resources/app/node_modules/mkdirp/lib/find-made.js
code /usr/share/code/resources/app/node_modules/mkdirp/lib/mkdirp-manual.js
code /config/.config/vulkan/implicit_layer.d
code /config/.config/kdedefaults/vulkan/implicit_layer.d
code /etc/xdg/vulkan/implicit_layer.d
code /usr/share/kubuntu-default-settings/kf5-settings/vulkan/implicit_layer.d
code /etc/vulkan/implicit_layer.d
code /config/.local/share/vulkan/implicit_layer.d
code /usr/local/share/vulkan/implicit_layer.d
code /usr/share/vulkan/implicit_layer.d
code /usr/share/vulkan/implicit_layer.d/VkLayer_MESA_device_select.json
code /usr/share/code/resources/app/node_modules/mkdirp/lib/use-native.js
code /config/.config/vulkan/implicit_layer.d
code /config/.config/kdedefaults/vulkan/implicit_layer.d
code /etc/xdg/vulkan/implicit_layer.d
code /usr/share/code/resources/app/node_modules/bindings/package.json
code /usr/share/kubuntu-default-settings/kf5-settings/vulkan/implicit_layer.d
code /etc/vulkan/implicit_layer.d
code /config/.local/share/vulkan/implicit_layer.d
code /usr/local/share/vulkan/implicit_layer.d
code /usr/share/vulkan/implicit_layer.d
code /usr/share/vulkan/implicit_layer.d/VkLayer_MESA_device_select.json
code /config/.config/vulkan/icd.d
code /config/.config/kdedefaults/vulkan/icd.d
code /usr/share/code/resources/app/node_modules/bindings/bindings.js
code /etc/xdg/vulkan/icd.d
code /usr/share/kubuntu-default-settings/kf5-settings/vulkan/icd.d
code /etc/vulkan/icd.d
code /config/.local/share/vulkan/icd.d
code /usr/local/share/vulkan/icd.d
code /usr/share/vulkan/icd.d
code /usr/share/vulkan/icd.d/asahi_icd.json
code /usr/share/vulkan/icd.d/gfxstream_vk_icd.json
code /usr/share/vulkan/icd.d/intel_hasvk_icd.json
code /usr/share/code/resources/app/node_modules/file-uri-to-path/package.json
code /usr/share/vulkan/icd.d/intel_icd.json
code /usr/share/vulkan/icd.d/lvp_icd.json
code /usr/share/vulkan/icd.d/nouveau_icd.json
code /usr/share/vulkan/icd.d/radeon_icd.json
code /usr/share/vulkan/icd.d/virtio_icd.json
code /usr/share/code/resources/app/node_modules/file-uri-to-path/index.js
code /dev/dri
code /config/.config/vulkan/implicit_layer.d
code /config/.config/kdedefaults/vulkan/implicit_layer.d
code /etc/xdg/vulkan/implicit_layer.d
code /usr/share/kubuntu-default-settings/kf5-settings/vulkan/implicit_layer.d
code /etc/vulkan/implicit_layer.d
code /config/.local/share/vulkan/implicit_layer.d
code /usr/local/share/vulkan/implicit_layer.d
code /usr/share/vulkan/implicit_layer.d
code /usr/share/vulkan/implicit_layer.d/VkLayer_MESA_device_select.json
code /config/.config/vulkan/implicit_layer.d
code /config/.config/kdedefaults/vulkan/implicit_layer.d
code /etc/xdg/vulkan/implicit_layer.d
code /usr/share/kubuntu-default-settings/kf5-settings/vulkan/implicit_layer.d
code /etc/vulkan/implicit_layer.d
code /config/.local/share/vulkan/implicit_layer.d
code /usr/local/share/vulkan/implicit_layer.d
code /usr/share/vulkan/implicit_layer.d
code /usr/share/vulkan/implicit_layer.d/VkLayer_MESA_device_select.json
code /usr/share/code/resources/app/node_modules/@vscode/spdlog/build/Release/spdlog.node
code /config/.config/vulkan/explicit_layer.d
code /config/.config/kdedefaults/vulkan/explicit_layer.d
code /etc/xdg/vulkan/explicit_layer.d
code /usr/share/kubuntu-default-settings/kf5-settings/vulkan/explicit_layer.d
code /etc/vulkan/explicit_layer.d
code /config/.local/share/vulkan/explicit_layer.d
code /usr/local/share/vulkan/explicit_layer.d
code /usr/share/vulkan/explicit_layer.d
code /usr/share/vulkan/explicit_layer.d/VkLayer_INTEL_nullhw.json
code /usr/share/vulkan/explicit_layer.d/VkLayer_MESA_overlay.json
code /config/.config/vulkan/icd.d
code /config/.config/kdedefaults/vulkan/icd.d
code /etc/xdg/vulkan/icd.d
code /usr/share/kubuntu-default-settings/kf5-settings/vulkan/icd.d
code /etc/vulkan/icd.d
code /config/.local/share/vulkan/icd.d
code /usr/local/share/vulkan/icd.d
code /usr/share/vulkan/icd.d
code /usr/share/vulkan/icd.d/asahi_icd.json
code /usr/share/vulkan/icd.d/gfxstream_vk_icd.json
code /usr/share/vulkan/icd.d/intel_hasvk_icd.json
code /usr/share/vulkan/icd.d/intel_icd.json
code /usr/share/vulkan/icd.d/lvp_icd.json
code /usr/share/vulkan/icd.d/nouveau_icd.json
code /usr/share/vulkan/icd.d/radeon_icd.json
code /usr/share/vulkan/icd.d/virtio_icd.json
code /dev/dri
code /usr/share/code/libVkLayer_MESA_device_select.so
code /etc/ld.so.cache
code /lib/x86_64-linux-gnu/libVkLayer_MESA_device_select.so
code /usr/share/drirc.d
code /usr/share/drirc.d/00-mesa-defaults.conf
ThreadPoolForeg /proc/sys/crypto/fips_enabled
code /usr/share/code/resources/app/node_modules/@vscode/deviceid/dist/index.js
ThreadPoolForeg /lib/x86_64-linux-gnu/libsoftokn3.so
code /usr/share/drirc.d/00-radv-defaults.conf
xclip /etc/ld.so.cache
xclip /lib/x86_64-linux-gnu/libXmu.so.6
code /etc/drirc
code /usr/share/locale/locale.alias
xclip /lib/x86_64-linux-gnu/libX11.so.6
code /usr/share/locale/en_US/LC_MESSAGES/libc.mo
code /usr/share/locale/en/LC_MESSAGES/libc.mo
code /usr/share/locale-langpack/en_US/LC_MESSAGES/libc.mo
ThreadPoolForeg /usr/share/code/libsqlite3.so.0
code /usr/share/locale-langpack/en/LC_MESSAGES/libc.mo
ThreadPoolForeg /etc/ld.so.cache
xclip /lib/x86_64-linux-gnu/libc.so.6
code /config/.drirc
ThreadPoolForeg /lib/x86_64-linux-gnu/libsqlite3.so.0
code /dev/dri
code /usr/share/code/resources/app/node_modules/@vscode/deviceid/package.json
code /dev/dri
code /dev/dri
code /dev/dri
xclip /lib/x86_64-linux-gnu/libXt.so.6
xclip /lib/x86_64-linux-gnu/libXext.so.6
xclip /lib/x86_64-linux-gnu/libxcb.so.1
code /usr/share/drirc.d
ThreadPoolForeg /config/.pki/nssdb/pkcs11.txt
code /usr/share/code/resources/app/node_modules/@vscode/deviceid/dist/devdeviceid.js
code /usr/share/drirc.d/00-mesa-defaults.conf
ThreadPoolForeg /config/.pki/nssdb/pkcs11.txt
xclip /lib/x86_64-linux-gnu/libSM.so.6
ThreadPoolForeg /config/.pki/nssdb/pkcs11.txt
xclip /lib/x86_64-linux-gnu/libICE.so.6
ThreadPoolForeg /proc/sys/crypto/fips_enabled
ThreadPoolForeg /lib/x86_64-linux-gnu/libfreeblpriv3.so
xclip /lib/x86_64-linux-gnu/libXau.so.6
xclip /lib/x86_64-linux-gnu/libXdmcp.so.6
xclip /lib/x86_64-linux-gnu/libuuid.so.1
code /usr/share/drirc.d/00-radv-defaults.conf
xclip /lib/x86_64-linux-gnu/libbsd.so.0
code /etc/drirc
code /config/.drirc
xclip /lib/x86_64-linux-gnu/libmd.so.0
code /usr/share/code/resources/app/node_modules/uuid/package.json
code /usr/share/drirc.d
code /usr/share/drirc.d/00-mesa-defaults.conf
ThreadPoolForeg /dev/urandom
ThreadPoolForeg /dev/urandom
ThreadPoolForeg /dev/urandom
ThreadPoolForeg /dev/urandom
ThreadPoolForeg /dev/urandom
ThreadPoolForeg /dev/urandom
ThreadPoolForeg /etc/passwd
xclip /usr/share/X11/locale/locale.alias
ThreadPoolForeg /tmp
ThreadPoolForeg /var/tmp
code /usr/share/drirc.d/00-radv-defaults.conf
code /etc/drirc
code /config/.drirc
ThreadPoolForeg /config/.pki/nssdb/cert9.db
xclip /usr/share/X11/locale/locale.dir
xclip /usr/share/X11/locale/C/XLC_LOCALE
code /usr/share/drirc.d
xclip /usr/share/X11/locale/locale.alias
code /usr/share/drirc.d/00-mesa-defaults.conf
ThreadPoolForeg /config/.pki/nssdb/cert9.db-journal
ThreadPoolForeg /dev/urandom
xclip /usr/share/X11/locale/locale.dir
code /usr/share/code/resources/app/node_modules/uuid/dist/index.js
xclip /usr/share/X11/locale/C/XLC_LOCALE
Xvfb /proc/1173/cmdline
code /usr/share/drirc.d/00-radv-defaults.conf
code /etc/drirc
code /config/.drirc
code /usr/share/drirc.d
code /usr/share/drirc.d/00-mesa-defaults.conf
code /usr/share/code/resources/app/node_modules/uuid/dist/v1.js
code /usr/share/drirc.d/00-radv-defaults.conf
code /etc/drirc
code /config/.drirc
code /usr/share/code/resources/app/node_modules/uuid/dist/rng.js
code /dev/dri
code /dev/dri
code /dev/dri
code /sys/devices/system/cpu/possible
code /sys/devices/system/cpu/cpu0/cpu_capacity
code /usr/share/code/resources/app/node_modules/uuid/dist/stringify.js
code /sys/devices/system/cpu/cpu1/cpu_capacity
code /sys/devices/system/cpu/cpu2/cpu_capacity
code /sys/devices/system/cpu/cpu3/cpu_capacity
ThreadPoolForeg /config/.pki/nssdb
code /sys/devices/system/cpu/cpu4/cpu_capacity
code /sys/devices/system/cpu/cpu5/cpu_capacity
code /usr/share/code/resources/app/node_modules/uuid/dist/validate.js
code /sys/devices/system/cpu/cpu6/cpu_capacity
code /sys/devices/system/cpu/cpu7/cpu_capacity
code /sys/devices/system/cpu/cpu8/cpu_capacity
code /sys/devices/system/cpu/cpu9/cpu_capacity
code /usr/share/code/resources/app/node_modules/uuid/dist/regex.js
code /sys/devices/system/cpu/cpu10/cpu_capacity
code /sys/devices/system/cpu/cpu11/cpu_capacity
code /sys/devices/system/cpu/cpu12/cpu_capacity
code /sys/devices/system/cpu/cpu13/cpu_capacity
code /sys/devices/system/cpu/cpu14/cpu_capacity
code /usr/share/code/resources/app/node_modules/uuid/dist/v3.js
code /sys/devices/system/cpu/cpu15/cpu_capacity
code /dev/udmabuf
code /dev/dri
code /dev/dri
code /usr/share/code/resources/app/node_modules/uuid/dist/v35.js
code /dev/dri
code /sys/class/drm/card0/device/boot_vga
code /sys/class/drm/card0/device/boot_vga
code /usr/share/code/resources/app/node_modules/uuid/dist/parse.js
code /usr/share/code/resources/app/node_modules/uuid/dist/md5.js
Xvfb /proc/1152/cmdline
code /usr/share/code/resources/app/node_modules/uuid/dist/v4.js
code /usr/share/code/resources/app/node_modules/uuid/dist/native.js
code /usr/share/code/resources/app/node_modules/uuid/dist/v5.js
code /usr/share/code/resources/app/node_modules/uuid/dist/sha1.js
code /usr/share/code/resources/app/node_modules/uuid/dist/nil.js
code /usr/share/code/resources/app/node_modules/uuid/dist/version.js
code /usr/share/code/libGL.so.1
code /etc/ld.so.cache
code /usr/share/code/resources/app/node_modules/@vscode/deviceid/dist/storage.js
code /lib/x86_64-linux-gnu/libGL.so.1
code /usr/share/code/libGLdispatch.so.0
code /lib/x86_64-linux-gnu/libGLdispatch.so.0
code /usr/share/code/libGLX.so.0
code /lib/x86_64-linux-gnu/libGLX.so.0
code /usr/share/code/resources/app/node_modules/fs-extra/package.json
ThreadPoolForeg /config/.pki/nssdb/key4.db
ThreadPoolForeg /config/.pki/nssdb/key4.db-journal
code /usr/share/code/resources/app/node_modules/fs-extra/lib/index.js
code /usr/share/code/libGLX_mesa.so.0
code /etc/ld.so.cache
code /lib/x86_64-linux-gnu/libGLX_mesa.so.0
code /usr/share/code/resources/app/node_modules/fs-extra/lib/fs/package.json
code /usr/share/code/libgallium-25.2.8-0ubuntu0.24.04.1.so
code /lib/x86_64-linux-gnu/libgallium-25.2.8-0ubuntu0.24.04.1.so
code /usr/share/code/resources/app/node_modules/fs-extra/lib/fs/index.js
code /usr/share/code/libxcb-glx.so.0
code /lib/x86_64-linux-gnu/libxcb-glx.so.0
code /usr/share/code/libXxf86vm.so.1
code /lib/x86_64-linux-gnu/libXxf86vm.so.1
code /usr/share/code/libsensors.so.5
code /usr/share/code/resources/app/node_modules/universalify/package.json
code /lib/x86_64-linux-gnu/libsensors.so.5
code /usr/share/code/libdrm_amdgpu.so.1
code /lib/x86_64-linux-gnu/libdrm_amdgpu.so.1
code /usr/share/code/libelf.so.1
code /usr/share/code/resources/app/node_modules/universalify/index.js
ThreadPoolForeg /config/.pki/nssdb
code /lib/x86_64-linux-gnu/libelf.so.1
code /usr/share/code/libdrm_intel.so.1
code /lib/x86_64-linux-gnu/libdrm_intel.so.1
code /usr/share/code/resources/app/node_modules/graceful-fs/package.json
code /usr/share/code/libpciaccess.so.0
code /lib/x86_64-linux-gnu/libpciaccess.so.0
code /usr/share/code/resources/app/node_modules/graceful-fs/graceful-fs.js
code /usr/share/code/resources/app/node_modules/graceful-fs/polyfills.js
code /usr/share/code/resources/app/node_modules/graceful-fs/legacy-streams.js
code /usr/share/code/resources/app/node_modules/graceful-fs/clone.js
code /usr/share/code/resources/app/node_modules/fs-extra/lib/copy/package.json
code /usr/share/code/resources/app/node_modules/fs-extra/lib/copy/index.js
code /usr/share/code/resources/app/node_modules/fs-extra/lib/copy/copy.js
code /usr/share/code/resources/app/node_modules/fs-extra/lib/fs/package.json
code /usr/share/code/resources/app/node_modules/fs-extra/lib/mkdirs/package.json
code /usr/share/code/resources/app/node_modules/fs-extra/lib/mkdirs/index.js
ThreadPoolForeg /proc/sys/crypto/fips_enabled
ThreadPoolForeg /config/.pki/nssdb/libnssckbi.so
code /usr/share/code/resources/app/node_modules/fs-extra/lib/mkdirs/make-dir.js
code /usr/share/code/resources/app/node_modules/fs-extra/lib/fs/package.json
ThreadPoolForeg /config/.pki/nssdb/key4.db
code /usr/share/code/resources/app/node_modules/fs-extra/lib/mkdirs/utils.js
code /usr/share/code/resources/app/node_modules/fs-extra/lib/path-exists/package.json
code /usr/share/code/resources/app/node_modules/fs-extra/lib/path-exists/index.js
ThreadPoolForeg /config/.pki/nssdb/key4.db-journal
code /usr/share/code/resources/app/node_modules/fs-extra/lib/fs/package.json
code /usr/share/code/resources/app/node_modules/fs-extra/lib/util/utimes.js
code /usr/share/code/resources/app/node_modules/fs-extra/lib/fs/package.json
code /usr/share/code/resources/app/node_modules/fs-extra/lib/util/stat.js
ThreadPoolForeg /config/.pki/nssdb
code /usr/share/code/resources/app/node_modules/fs-extra/lib/copy/copy-sync.js
code /usr/share/code/resources/app/node_modules/fs-extra/lib/empty/package.json
code /usr/share/code/resources/app/node_modules/fs-extra/lib/empty/index.js
code /usr/share/drirc.d
code /usr/share/drirc.d/00-mesa-defaults.conf
code /usr/share/code/resources/app/node_modules/fs-extra/lib/fs/package.json
code /usr/share/code/resources/app/node_modules/fs-extra/lib/mkdirs/package.json
code /usr/share/code/resources/app/node_modules/fs-extra/lib/remove/package.json
code /usr/share/code/resources/app/node_modules/fs-extra/lib/remove/index.js
code /usr/share/drirc.d/00-radv-defaults.conf
code /etc/drirc
code /config/.drirc
code /sys/devices/system/cpu/possible
code /sys/devices/system/cpu/cpu0/cpu_capacity
code /sys/devices/system/cpu/cpu1/cpu_capacity
code /sys/devices/system/cpu/cpu2/cpu_capacity
code /usr/share/code/resources/app/node_modules/fs-extra/lib/ensure/package.json
code /sys/devices/system/cpu/cpu3/cpu_capacity
code /sys/devices/system/cpu/cpu4/cpu_capacity
code /sys/devices/system/cpu/cpu5/cpu_capacity
code /usr/share/code/resources/app/node_modules/fs-extra/lib/ensure/index.js
code /sys/devices/system/cpu/cpu6/cpu_capacity
code /sys/devices/system/cpu/cpu7/cpu_capacity
code /sys/devices/system/cpu/cpu8/cpu_capacity
code /sys/devices/system/cpu/cpu9/cpu_capacity
code /sys/devices/system/cpu/cpu10/cpu_capacity
code /usr/share/code/resources/app/node_modules/fs-extra/lib/ensure/file.js
code /sys/devices/system/cpu/cpu11/cpu_capacity
code /sys/devices/system/cpu/cpu12/cpu_capacity
code /sys/devices/system/cpu/cpu13/cpu_capacity
code /sys/devices/system/cpu/cpu14/cpu_capacity
code /sys/devices/system/cpu/cpu15/cpu_capacity
code /dev/udmabuf
code /usr/share/drirc.d
code /usr/share/drirc.d/00-mesa-defaults.conf
code /usr/share/drirc.d/00-radv-defaults.conf
code /etc/drirc
code /config/.drirc
code /usr/share/code/resources/app/node_modules/fs-extra/lib/fs/package.json
code /usr/share/code/resources/app/node_modules/fs-extra/lib/mkdirs/package.json
ThreadPoolForeg /proc/sys/crypto/fips_enabled
ThreadPoolForeg /usr/share/code/libnssckbi.so
ThreadPoolForeg /etc/ld.so.cache
code /usr/share/code/resources/app/node_modules/fs-extra/lib/ensure/link.js
ThreadPoolForeg /lib/x86_64-linux-gnu/libnssckbi.so
code /usr/share/code/resources/app/node_modules/fs-extra/lib/path-exists/package.json
code /usr/share/code/resources/app/node_modules/fs-extra/lib/ensure/symlink.js
code /usr/share/code/resources/app/node_modules/fs-extra/lib/ensure/symlink-paths.js
code /usr/share/code/resources/app/node_modules/fs-extra/lib/ensure/symlink-type.js
code /usr/share/code/resources/app/node_modules/fs-extra/lib/json/package.json
code /usr/share/code/resources/app/node_modules/fs-extra/lib/json/index.js
code /usr/share/code/resources/app/node_modules/fs-extra/lib/json/jsonfile.js
code /usr/share/code/resources/app/node_modules/jsonfile/package.json
code /usr/share/code/resources/app/node_modules/jsonfile/index.js
code /usr/share/code/resources/app/node_modules/jsonfile/utils.js
code /usr/share/code/resources/app/node_modules/fs-extra/lib/json/output-json.js
code /usr/share/code/resources/app/node_modules/fs-extra/lib/output-file/package.json
code /usr/share/code/resources/app/node_modules/fs-extra/lib/output-file/index.js
code /usr/share/code/resources/app/node_modules/fs-extra/lib/fs/package.json
code /usr/share/code/resources/app/node_modules/fs-extra/lib/mkdirs/package.json
code /usr/share/code/resources/app/node_modules/fs-extra/lib/path-exists/package.json
code /usr/share/code/resources/app/node_modules/fs-extra/lib/json/output-json-sync.js
code /usr/share/code/resources/app/node_modules/fs-extra/lib/mkdirs/package.json
code /usr/share/code/resources/app/node_modules/fs-extra/lib/move/package.json
code /usr/share/code/resources/app/node_modules/fs-extra/lib/move/index.js
code /usr/share/code/resources/app/node_modules/fs-extra/lib/move/move.js
code /usr/share/code/resources/app/node_modules/fs-extra/lib/fs/package.json
code /usr/share/code/resources/app/node_modules/fs-extra/lib/copy/package.json
code /usr/share/code/resources/app/node_modules/fs-extra/lib/remove/package.json
code /config/.cache/mesa_shader_cache/index
code /usr/share/code/resources/app/node_modules/fs-extra/lib/mkdirs/package.json
code /usr/share/code/resources/app/node_modules/fs-extra/lib/path-exists/package.json
code /config/.cache/mesa_shader_cache/db/1eda42f2a767a2d7820a869487f528f852a0c3
code /usr/share/code/resources/app/node_modules/fs-extra/lib/move/move-sync.js
code /config/.cache/mesa_shader_cache/0c/2078390c4088c952a5aaf00c2698fc4cb3c2ae
code /usr/share/code/resources/app/node_modules/fs-extra/lib/output-file/package.json
code /usr/share/code/resources/app/node_modules/fs-extra/lib/path-exists/package.json
code /config/.cache/mesa_shader_cache/5e/44b0234ba7fee5aad30999f5c85fa1ab7d1e2b
code /usr/share/code/resources/app/node_modules/fs-extra/lib/remove/package.json
code /config/.cache/mesa_shader_cache/8a/05f419308844007d1e201ba19cfb5f3cd8ab27
code /config/.config/Code/logs/20260515T002957/main.log
libuv-worker /config/.cache/Microsoft/DeveloperTools/deviceid
libuv-worker /config/.config/Code/Workspaces
code /usr/share/code/resources/app/out/package.json
dbus-daemon /proc/self/oom_score_adj
code /usr/lib/x86_64-linux-gnu/charset.alias
dbus-daemon /run/systemd/users/911
dbus-daemon /proc/1116/cmdline
code /config/.cache/mesa_shader_cache/59/ec931cfacda6fd80434ecf9e3f29a17ea5760a
dbus-daemon /config/.XDG/dbus-1/services
dbus-daemon /config/.local/share/dbus-1/services
dbus-daemon /usr/local/share/dbus-1/services
dbus-daemon /usr/share/dbus-1/services
dbus-daemon /usr/share/dbus-1/services/org.kde.plasma.Notifications.service
code /usr/share/glib-2.0/schemas/gschemas.compiled
code /usr/local/share/glib-2.0/schemas/gschemas.compiled
code /config/.local/share/glib-2.0/schemas/gschemas.compiled
code /usr/lib/x86_64-linux-gnu/gio/modules/libdconfsettings.so
code /run/dconf/user/911
code /config/.XDG/dconf/profile
code /etc/dconf/profile/user
code /usr/local/share/dconf/profile/user
code /usr/share/dconf/profile/user
code /config/.XDG/dconf/user
code /config/.config/dconf/user
dbus-daemon /run/systemd/users/911
dbus-daemon /proc/1116/cmdline
ThreadPoolForeg /config/.icons/breeze_cursors/cursors/left_ptr
ThreadPoolForeg /config/.icons/breeze_cursors/index.theme
ThreadPoolForeg /usr/share/icons/breeze_cursors/cursors/left_ptr
code /etc/fonts/fonts.conf
code /etc/fonts/conf.d
code /usr/share/fontconfig/conf.avail/10-hinting-slight.conf
code /usr/share/fontconfig/conf.avail/10-scale-bitmap-fonts.conf
code /usr/share/fontconfig/conf.avail/10-sub-pixel-rgb.conf
code /usr/share/fontconfig/conf.avail/10-yes-antialias.conf
code /usr/share/fonts/truetype/noto/NotoSans-Regular.ttf
code /usr/share/fontconfig/conf.avail/11-lcdfilter-default.conf
code /usr/share/fontconfig/conf.avail/20-unhint-small-vera.conf
code /usr/share/fontconfig/conf.avail/30-metric-aliases.conf
code /usr/share/fontconfig/conf.avail/30-opensymbol.conf
code /usr/share/fontconfig/conf.avail/40-nonlatin.conf
code /usr/share/fontconfig/conf.avail/45-generic.conf
code /usr/share/fontconfig/conf.avail/45-latin.conf
code /usr/share/fontconfig/conf.avail/48-spacing.conf
code /usr/share/code/resources/app/resources/linux/code.png
code /usr/share/fontconfig/conf.avail/49-sansserif.conf
code /usr/share/fontconfig/conf.avail/50-user.conf
code /usr/share/fontconfig/conf.avail/51-local.conf
code /etc/fonts/conf.avail/56-kubuntu-noto.conf
code /usr/share/fontconfig/conf.avail/60-generic.conf
code /usr/share/fontconfig/conf.avail/60-latin.conf
code /usr/share/fontconfig/conf.avail/urw-bookman.conf
code /usr/share/fontconfig/conf.avail/urw-c059.conf
code /usr/share/fontconfig/conf.avail/urw-d050000l.conf
code /usr/share/fontconfig/conf.avail/urw-fallback-backwards.conf
code /usr/share/fontconfig/conf.avail/urw-fallback-generics.conf
code /usr/share/fontconfig/conf.avail/urw-gothic.conf
code /usr/share/fontconfig/conf.avail/urw-nimbus-mono-ps.conf
code /usr/share/fontconfig/conf.avail/urw-nimbus-roman.conf
code /usr/share/fontconfig/conf.avail/urw-nimbus-sans.conf
code /usr/share/fontconfig/conf.avail/urw-p052.conf
code /usr/share/fontconfig/conf.avail/urw-standard-symbols-ps.conf
code /usr/share/fontconfig/conf.avail/urw-z003.conf
code /usr/share/fontconfig/conf.avail/65-fonts-persian.conf
code /usr/share/fontconfig/conf.avail/65-nonlatin.conf
code /usr/share/fontconfig/conf.avail/69-unifont.conf
code /usr/share/fontconfig/conf.avail/70-fonts-noto-cjk.conf
code /usr/share/fontconfig/conf.avail/70-no-bitmaps-except-emoji.conf
code /usr/share/fontconfig/conf.avail/71-ubuntulegacy.conf
code /usr/share/fontconfig/conf.avail/80-delicious.conf
code /usr/share/fontconfig/conf.avail/90-synthetic.conf
code /usr/share/fontconfig/conf.avail
code /usr/share/fontconfig/conf.avail/05-reset-dirs-sample.conf
code /usr/share/fontconfig/conf.avail/09-autohint-if-no-hinting.conf
code /usr/share/fontconfig/conf.avail/10-autohint.conf
code /usr/share/code/resources/app/resources/linux/code@2x.png
code /usr/share/code/resources/app/resources/linux/code@3x.png
code /usr/share/code/resources/app/resources/linux/code@1x.png
code /usr/share/code/resources/app/resources/linux/code@4x.png
code /usr/share/fontconfig/conf.avail/10-hinting-full.conf
code /usr/share/code/resources/app/resources/linux/code@5x.png
code /usr/share/code/resources/app/resources/linux/code@1.25x.png
code /usr/share/code/resources/app/resources/linux/code@1.33x.png
code /usr/share/code/resources/app/resources/linux/code@1.4x.png
code /usr/share/code/resources/app/resources/linux/code@1.5x.png
code /usr/share/code/resources/app/resources/linux/code@1.8x.png
code /usr/share/code/resources/app/resources/linux/code@2.5x.png
code /usr/share/fontconfig/conf.avail/10-hinting-medium.conf
code /usr/share/fontconfig/conf.avail/10-hinting-none.conf
code /usr/share/fontconfig/conf.avail/10-no-antialias.conf
code /usr/share/fontconfig/conf.avail/10-sub-pixel-bgr.conf
code /usr/share/fontconfig/conf.avail/10-sub-pixel-none.conf
code /usr/share/fontconfig/conf.avail/10-sub-pixel-vbgr.conf
code /usr/share/fontconfig/conf.avail/10-sub-pixel-vrgb.conf
code /usr/share/fontconfig/conf.avail/10-unhinted.conf
code /usr/share/fontconfig/conf.avail/11-lcdfilter-legacy.conf
code /usr/share/fontconfig/conf.avail/11-lcdfilter-light.conf
code /usr/share/fontconfig/conf.avail/11-lcdfilter-none.conf
code /usr/share/fontconfig/conf.avail/25-unhint-nonlatin.conf
code /usr/share/fontconfig/conf.avail/35-lang-normalize.conf
code /usr/share/fontconfig/conf.avail/53-monospace-lcd-filter.conf
code /usr/share/fontconfig/conf.avail/65-khmer.conf
code /usr/share/fontconfig/conf.avail/70-force-bitmaps.conf
code /usr/share/fontconfig/conf.avail/70-no-bitmaps-and-emoji.conf
code /usr/share/fontconfig/conf.avail/70-no-bitmaps.conf
code /usr/share/fontconfig/conf.avail/70-yes-bitmaps.conf
code /usr/local/share/fonts
code /var/cache/fontconfig//4c599c202bc5c08e2d34565a40eac3b2-le64.cache-9
code /config/.cache/fontconfig//4c599c202bc5c08e2d34565a40eac3b2-le64.cache-9
code /usr/local/share/fonts/.uuid
code /config/.fontconfig//4c599c202bc5c08e2d34565a40eac3b2-le64.cache-9
code /usr/local/share/fonts/.uuid
code /usr/share/fonts
code /var/cache/fontconfig//3830d5c3ddfd5cd38a049b759396e72e-le64.cache-9
code /config/.cache/fontconfig//3830d5c3ddfd5cd38a049b759396e72e-le64.cache-9
code /usr/share/fonts/.uuid
code /config/.fontconfig//3830d5c3ddfd5cd38a049b759396e72e-le64.cache-9
code /usr/share/fonts/.uuid
code /usr/share/fonts/X11
code /var/cache/fontconfig//c855463f699352c367813e37f3f70ea7-le64.cache-9
code /config/.cache/fontconfig//c855463f699352c367813e37f3f70ea7-le64.cache-9
code /usr/share/fonts/X11/.uuid
code /config/.fontconfig//c855463f699352c367813e37f3f70ea7-le64.cache-9
code /usr/share/fonts/X11/.uuid
code /usr/share/fonts/cMap
code /var/cache/fontconfig//32b6488e5b8292a2e95c79d947e009e8-le64.cache-9
code /config/.cache/fontconfig//32b6488e5b8292a2e95c79d947e009e8-le64.cache-9
code /usr/share/fonts/cMap/.uuid
code /config/.fontconfig//32b6488e5b8292a2e95c79d947e009e8-le64.cache-9
code /usr/share/fonts/cMap/.uuid
code /usr/share/fonts/cmap
code /var/cache/fontconfig//57e423e26b20ab21d0f2f29c145174c3-le64.cache-9
code /config/.cache/fontconfig//57e423e26b20ab21d0f2f29c145174c3-le64.cache-9
code /usr/share/fonts/cmap/.uuid
code /config/.fontconfig//57e423e26b20ab21d0f2f29c145174c3-le64.cache-9
code /usr/share/fonts/cmap/.uuid
code /usr/share/fonts/opentype
code /var/cache/fontconfig//573ec803664ed168555e0e8b6d0f0c7f-le64.cache-9
code /config/.cache/fontconfig//573ec803664ed168555e0e8b6d0f0c7f-le64.cache-9
code /usr/share/fonts/opentype/.uuid
code /config/.fontconfig//573ec803664ed168555e0e8b6d0f0c7f-le64.cache-9
code /usr/share/fonts/opentype/.uuid
code /usr/share/fonts/truetype
code /var/cache/fontconfig//7ef2298fde41cc6eeb7af42e48b7d293-le64.cache-9
code /config/.cache/fontconfig//7ef2298fde41cc6eeb7af42e48b7d293-le64.cache-9
code /usr/share/fonts/truetype/.uuid
code /config/.fontconfig//7ef2298fde41cc6eeb7af42e48b7d293-le64.cache-9
code /usr/share/fonts/truetype/.uuid
code /usr/share/fonts/type1
code /var/cache/fontconfig//d82eb4fd963d448e2fcb7d7b793b5df3-le64.cache-9
code /config/.cache/fontconfig//d82eb4fd963d448e2fcb7d7b793b5df3-le64.cache-9
code /usr/share/fonts/type1/.uuid
code /config/.fontconfig//d82eb4fd963d448e2fcb7d7b793b5df3-le64.cache-9
code /usr/share/fonts/type1/.uuid
code /usr/share/fonts/X11/Type1
code /var/cache/fontconfig//e13b20fdb08344e0e664864cc2ede53d-le64.cache-9
code /config/.cache/fontconfig//e13b20fdb08344e0e664864cc2ede53d-le64.cache-9
code /usr/share/fonts/X11/Type1/.uuid
code /config/.fontconfig//e13b20fdb08344e0e664864cc2ede53d-le64.cache-9
code /usr/share/fonts/X11/Type1/.uuid
code /usr/share/fonts/X11/encodings
code /var/cache/fontconfig//707971e003b4ae6c8121c3a920e507f5-le64.cache-9
code /config/.cache/fontconfig//707971e003b4ae6c8121c3a920e507f5-le64.cache-9
code /usr/share/fonts/X11/encodings/.uuid
code /config/.fontconfig//707971e003b4ae6c8121c3a920e507f5-le64.cache-9
code /usr/share/fonts/X11/encodings/.uuid
code /usr/share/fonts/X11/misc
code /var/cache/fontconfig//cabbd14511b9e8a55e92af97fb3a0461-le64.cache-9
code /config/.cache/fontconfig//cabbd14511b9e8a55e92af97fb3a0461-le64.cache-9
code /usr/share/fonts/X11/misc/.uuid
code /config/.fontconfig//cabbd14511b9e8a55e92af97fb3a0461-le64.cache-9
code /usr/share/fonts/X11/misc/.uuid
code /usr/share/fonts/X11/util
code /var/cache/fontconfig//fe547fea3a41b43a38975d292a2b19c7-le64.cache-9
code /config/.cache/fontconfig//fe547fea3a41b43a38975d292a2b19c7-le64.cache-9
code /usr/share/fonts/X11/util/.uuid
code /config/.fontconfig//fe547fea3a41b43a38975d292a2b19c7-le64.cache-9
code /usr/share/fonts/X11/util/.uuid
code /usr/share/fonts/cmap/adobe-cns1
code /var/cache/fontconfig//f1f2465696798768e9653f19e17ccdc8-le64.cache-9
code /config/.cache/fontconfig//f1f2465696798768e9653f19e17ccdc8-le64.cache-9
code /usr/share/fonts/cmap/adobe-cns1/.uuid
code /config/.fontconfig//f1f2465696798768e9653f19e17ccdc8-le64.cache-9
code /usr/share/fonts/cmap/adobe-cns1/.uuid
code /usr/share/fonts/cmap/adobe-gb1
code /var/cache/fontconfig//95530828ff6c81d309f8258d8d02a23e-le64.cache-9
code /config/.cache/fontconfig//95530828ff6c81d309f8258d8d02a23e-le64.cache-9
code /usr/share/fonts/cmap/adobe-gb1/.uuid
code /config/.fontconfig//95530828ff6c81d309f8258d8d02a23e-le64.cache-9
code /usr/share/fonts/cmap/adobe-gb1/.uuid
code /usr/share/fonts/cmap/adobe-japan1
code /var/cache/fontconfig//d3e5c4ee2ceb1fc347f91d4cefc53bc0-le64.cache-9
code /config/.cache/fontconfig//d3e5c4ee2ceb1fc347f91d4cefc53bc0-le64.cache-9
code /usr/share/fonts/cmap/adobe-japan1/.uuid
code /config/.fontconfig//d3e5c4ee2ceb1fc347f91d4cefc53bc0-le64.cache-9
code /usr/share/fonts/cmap/adobe-japan1/.uuid
code /usr/share/fonts/cmap/adobe-japan2
code /var/cache/fontconfig//e52a45a1c8c8fe895fc0fc8c4e6999b8-le64.cache-9
code /config/.cache/fontconfig//e52a45a1c8c8fe895fc0fc8c4e6999b8-le64.cache-9
code /usr/share/fonts/cmap/adobe-japan2/.uuid
code /config/.fontconfig//e52a45a1c8c8fe895fc0fc8c4e6999b8-le64.cache-9
code /usr/share/fonts/cmap/adobe-japan2/.uuid
code /usr/share/fonts/cmap/adobe-korea1
code /var/cache/fontconfig//188ac73a183f12857f63bb60a4a6d603-le64.cache-9
code /config/.cache/fontconfig//188ac73a183f12857f63bb60a4a6d603-le64.cache-9
code /usr/share/fonts/cmap/adobe-korea1/.uuid
code /config/.fontconfig//188ac73a183f12857f63bb60a4a6d603-le64.cache-9
code /usr/share/fonts/cmap/adobe-korea1/.uuid
code /usr/share/fonts/opentype/noto
code /var/cache/fontconfig//9b89f8e3dae116d678bbf48e5f21f69b-le64.cache-9
code /usr/share/code/libpci.so.3
code /etc/ld.so.cache
code /config/.cache/fontconfig//9b89f8e3dae116d678bbf48e5f21f69b-le64.cache-9
code /usr/share/fonts/opentype/noto/.uuid
code /config/.fontconfig//9b89f8e3dae116d678bbf48e5f21f69b-le64.cache-9
code /usr/share/fonts/opentype/noto/.uuid
code /lib/x86_64-linux-gnu/libpci.so.3
code /usr/share/fonts/opentype/urw-base35
code /var/cache/fontconfig//6cc790b63b123a6a96ee260fcdad32a9-le64.cache-9
code /config/.cache/fontconfig//6cc790b63b123a6a96ee260fcdad32a9-le64.cache-9
code /usr/share/fonts/opentype/urw-base35/.uuid
code /config/.fontconfig//6cc790b63b123a6a96ee260fcdad32a9-le64.cache-9
code /usr/share/fonts/opentype/urw-base35/.uuid
code /usr/share/fonts/truetype/dm-mono
code /sys/bus/pci/devices
code /var/cache/fontconfig//c7ddd67d65d940f1c07452067469d45b-le64.cache-9
code /sys/bus/pci/devices/0000:00:1f.4/vendor
code /config/.cache/fontconfig//c7ddd67d65d940f1c07452067469d45b-le64.cache-9
code /usr/share/fonts/truetype/dm-mono/.uuid
code /config/.fontconfig//c7ddd67d65d940f1c07452067469d45b-le64.cache-9
code /usr/share/fonts/truetype/dm-mono/.uuid
code /sys/bus/pci/devices/0000:00:1f.4/device
code /usr/share/fonts/truetype/liberation
code /sys/bus/pci/devices/0000:00:1f.4/class
code /var/cache/fontconfig//3047814df9a2f067bd2d96a2b9c36e5a-le64.cache-9
code /sys/bus/pci/devices/0000:00:14.0/vendor
code /sys/bus/pci/devices/0000:00:14.0/device
code /config/.cache/fontconfig//3047814df9a2f067bd2d96a2b9c36e5a-le64.cache-9
code /usr/share/fonts/truetype/liberation/.uuid
code /config/.fontconfig//3047814df9a2f067bd2d96a2b9c36e5a-le64.cache-9
code /sys/bus/pci/devices/0000:00:14.0/class
code /usr/share/fonts/truetype/liberation/.uuid
code /usr/share/fonts/truetype/libreoffice
code /sys/bus/pci/devices/0000:00:02.0/vendor
code /var/cache/fontconfig//da43223dd54fb3bb4243ae19d4b583b2-le64.cache-9
code /sys/bus/pci/devices/0000:00:02.0/device
code /sys/bus/pci/devices/0000:00:02.0/class
code /config/.cache/fontconfig//da43223dd54fb3bb4243ae19d4b583b2-le64.cache-9
code /sys/bus/pci/devices/0000:00:02.0/config
code /usr/share/fonts/truetype/libreoffice/.uuid
code /config/.fontconfig//da43223dd54fb3bb4243ae19d4b583b2-le64.cache-9
code /sys/bus/pci/devices/0000:00:1c.4/vendor
code /usr/share/fonts/truetype/libreoffice/.uuid
code /usr/share/fonts/truetype/noto
code /sys/bus/pci/devices/0000:00:1c.4/device
code /var/cache/fontconfig//0bd3dc0958fa2205aaaa8ebb13e2872b-le64.cache-9
code /sys/bus/pci/devices/0000:00:1c.4/class
code /sys/bus/pci/devices/0000:00:1f.6/vendor
code /sys/bus/pci/devices/0000:00:1f.6/device
code /config/.cache/fontconfig//0bd3dc0958fa2205aaaa8ebb13e2872b-le64.cache-9
code /usr/share/fonts/truetype/noto/.uuid
code /config/.fontconfig//0bd3dc0958fa2205aaaa8ebb13e2872b-le64.cache-9
code /sys/bus/pci/devices/0000:00:1f.6/class
code /usr/share/fonts/truetype/noto/.uuid
code /sys/bus/pci/devices/0000:00:14.2/vendor
code /sys/bus/pci/devices/0000:00:14.2/device
code /sys/bus/pci/devices/0000:00:14.2/class
code /usr/share/fonts/truetype/space-grotesk
code /sys/bus/pci/devices/0000:00:1d.0/vendor
code /var/cache/fontconfig//60495f9738a6f38c2f3f93e3ff28e478-le64.cache-9
code /sys/bus/pci/devices/0000:00:1d.0/device
code /sys/bus/pci/devices/0000:00:1d.0/class
code /config/.cache/fontconfig//60495f9738a6f38c2f3f93e3ff28e478-le64.cache-9
code /usr/share/fonts/truetype/space-grotesk/.uuid
code /sys/bus/pci/devices/0000:05:00.0/vendor
code /config/.fontconfig//60495f9738a6f38c2f3f93e3ff28e478-le64.cache-9
code /usr/share/fonts/truetype/space-grotesk/.uuid
code /usr/share/fonts/truetype/ubuntu
code /sys/bus/pci/devices/0000:05:00.0/device
code /var/cache/fontconfig//2300eef321c393bfd76478a5c0e95b23-le64.cache-9
code /sys/bus/pci/devices/0000:05:00.0/class
code /sys/bus/pci/devices/0000:00:1d.2/vendor
code /sys/bus/pci/devices/0000:00:1d.2/device
code /config/.cache/fontconfig//2300eef321c393bfd76478a5c0e95b23-le64.cache-9
code /usr/share/fonts/truetype/ubuntu/.uuid
code /config/.fontconfig//2300eef321c393bfd76478a5c0e95b23-le64.cache-9
code /sys/bus/pci/devices/0000:00:1d.2/class
code /usr/share/fonts/truetype/ubuntu/.uuid
code /sys/bus/pci/devices/0000:00:15.0/vendor
code /sys/bus/pci/devices/0000:00:15.0/device
code /sys/bus/pci/devices/0000:00:15.0/class
code /usr/share/fonts/type1/urw-base35
code /sys/bus/pci/devices/0000:00:12.0/vendor
code /var/cache/fontconfig//a4e60e8d1e10d2fdff3fe3037a1845fb-le64.cache-9
code /sys/bus/pci/devices/0000:00:12.0/device
code /config/.cache/fontconfig//a4e60e8d1e10d2fdff3fe3037a1845fb-le64.cache-9
code /sys/bus/pci/devices/0000:00:12.0/class
code /usr/share/fonts/type1/urw-base35/.uuid
code /config/.fontconfig//a4e60e8d1e10d2fdff3fe3037a1845fb-le64.cache-9
code /usr/share/fonts/type1/urw-base35/.uuid
code /sys/bus/pci/devices/0000:00:00.0/vendor
code /usr/share/fonts/X11/encodings/large
code /sys/bus/pci/devices/0000:00:00.0/device
code /var/cache/fontconfig//6333f38776742d18e214673cd2c24e34-le64.cache-9
code /sys/bus/pci/devices/0000:00:00.0/class
code /sys/bus/pci/devices/0000:00:1f.3/vendor
code /config/.cache/fontconfig//6333f38776742d18e214673cd2c24e34-le64.cache-9
code /usr/share/fonts/X11/encodings/large/.uuid
code /config/.fontconfig//6333f38776742d18e214673cd2c24e34-le64.cache-9
code /sys/bus/pci/devices/0000:00:1f.3/device
code /usr/share/fonts/X11/encodings/large/.uuid
code /sys/bus/pci/devices/0000:00:1f.3/class
code /sys/bus/pci/devices/0000:00:1f.5/vendor
code /sys/bus/pci/devices/0000:00:1f.5/device
code /sys/bus/pci/devices/0000:00:1f.5/class
code /sys/bus/pci/devices/0000:00:1b.0/vendor
code /sys/bus/pci/devices/0000:00:1b.0/device
code /sys/bus/pci/devices/0000:00:1b.0/class
code /sys/bus/pci/devices/0000:01:00.0/vendor
code /sys/bus/pci/devices/0000:01:00.0/device
code /sys/bus/pci/devices/0000:01:00.0/class
code /sys/bus/pci/devices/0000:00:16.0/vendor
code /sys/bus/pci/devices/0000:00:16.0/device
code /sys/bus/pci/devices/0000:00:16.0/class
code /sys/bus/pci/devices/0000:00:1f.0/vendor
code /sys/bus/pci/devices/0000:00:1f.0/device
code /sys/bus/pci/devices/0000:00:1f.0/class
code /sys/bus/pci/devices/0000:00:08.0/vendor
code /sys/bus/pci/devices/0000:00:08.0/device
code /sys/bus/pci/devices/0000:00:08.0/class
code /sys/bus/pci/devices/0000:00:1c.0/vendor
code /sys/bus/pci/devices/0000:00:1c.0/device
code /sys/bus/pci/devices/0000:00:1c.0/class
code /sys/bus/pci/devices/0000:00:17.0/vendor
code /sys/bus/pci/devices/0000:00:17.0/device
code /sys/bus/pci/devices/0000:00:17.0/class
code /sys/bus/pci/devices/0000:03:00.0/vendor
code /sys/bus/pci/devices/0000:03:00.0/device
code /sys/bus/pci/devices/0000:03:00.0/class
Xvfb /proc/1152/cmdline
code /dev/shm/.org.chromium.Chromium.IV5Co9
code /dev/shm/.org.chromium.Chromium.IV5Co9
ThreadPoolForeg /config/.config/Code/DIPS
ThreadPoolForeg /config/.config/Code/DIPS-journal
ThreadPoolForeg /dev/urandom
ThreadPoolForeg /config/.config/Code
code /dev/dri/renderD128
code /usr/share/code/libva.so.2
code /etc/ld.so.cache
code /lib/x86_64-linux-gnu/libva.so.2
code /usr/share/code/libva-drm.so.2
code /etc/ld.so.cache
code /lib/x86_64-linux-gnu/libva-drm.so.2
ThreadPoolForeg /config/.config/Code/DIPS-wal
ThreadPoolForeg /config/.config/Code
CacheThread_Blo /config/.config/Code/GPUCache/index
CacheThread_Blo /config/.config/Code/GPUCache/index
ThreadPoolSingl /dev/shm/.org.chromium.Chromium.8jMULH
code /proc/self/maps
CacheThread_Blo /config/.config/Code/GPUCache/index
code /usr/share/code/resources/app/out/package.json
code /usr/share/code/resources/app/node_modules/@vscode/sqlite3/package.json
CacheThread_Blo /config/.config/Code/GPUCache/data_0
CacheThread_Blo /config/.config/Code/GPUCache/data_0
CacheThread_Blo /config/.config/Code/GPUCache/data_1
CacheThread_Blo /config/.config/Code/GPUCache/data_1
CacheThread_Blo /config/.config/Code/GPUCache/data_2
code /usr/share/code/resources/app/node_modules/@vscode/sqlite3/lib/package.json
CacheThread_Blo /config/.config/Code/GPUCache/data_2
CacheThread_Blo /config/.config/Code/GPUCache/data_3
code /usr/share/code/resources/app/node_modules/@vscode/sqlite3/lib/package.json
CacheThread_Blo /config/.config/Code/GPUCache/data_3
CacheThread_Blo /config/.config/Code/DawnWebGPUCache/index
CacheThread_Blo /config/.config/Code/DawnWebGPUCache/index
code /etc/nsswitch.conf
code /etc/passwd
code /proc/self/maps
code /proc/self/maps
code /proc/self/maps
code .
code self/fd/
CacheThread_Blo /config/.config/Code/DawnWebGPUCache/index
code /dev/null
CacheThread_Blo /config/.config/Code/DawnWebGPUCache/data_0
CacheThread_Blo /config/.config/Code/DawnWebGPUCache/data_0
CacheThread_Blo /config/.config/Code/DawnWebGPUCache/data_1
code .
CacheThread_Blo /config/.config/Code/DawnWebGPUCache/data_1
CacheThread_Blo /config/.config/Code/DawnWebGPUCache/data_2
CacheThread_Blo /config/.config/Code/DawnWebGPUCache/data_2
CacheThread_Blo /config/.config/Code/DawnWebGPUCache/data_3
CacheThread_Blo /config/.config/Code/DawnWebGPUCache/data_3
bash /etc/ld.so.cache
CacheThread_Blo /config/.config/Code/DawnGraphiteCache/index
bash /lib/x86_64-linux-gnu/libtinfo.so.6
CacheThread_Blo /config/.config/Code/DawnGraphiteCache/index
bash /lib/x86_64-linux-gnu/libc.so.6
bash /dev/tty
bash /usr/lib/locale/locale-archive
bash /usr/lib/x86_64-linux-gnu/gconv/gconv-modules.cache
code /usr/share/code/resources/app/out/package.json
code /usr/share/code/resources/app/node_modules/native-keymap/package.json
dbus-daemon /run/systemd/users/911
dbus-daemon /proc/1116/cmdline
bash /etc/nsswitch.conf
bash /etc/passwd
bash /dev/tty
libuv-worker /config/.vscode/argv.json
bash /usr/share/locale/locale.alias
code /usr/share/code/resources/app/node_modules/native-keymap/index.js
bash /usr/share/locale/en_US/LC_MESSAGES/bash.mo
bash /usr/share/locale/en/LC_MESSAGES/bash.mo
bash /usr/share/locale-langpack/en_US/LC_MESSAGES/bash.mo
bash /usr/share/locale-langpack/en/LC_MESSAGES/bash.mo
bash /usr/share/locale/en_US/LC_MESSAGES/libc.mo
bash /usr/share/locale/en/LC_MESSAGES/libc.mo
CacheThread_Blo /config/.config/Code/DawnGraphiteCache/index
bash /usr/share/locale-langpack/en_US/LC_MESSAGES/libc.mo
bash /usr/share/locale-langpack/en/LC_MESSAGES/libc.mo
code /usr/share/code/resources/app/node_modules/@vscode/sqlite3/lib/sqlite3.js
CacheThread_Blo /config/.config/Code/DawnGraphiteCache/data_0
bash /etc/profile
CacheThread_Blo /config/.config/Code/DawnGraphiteCache/data_0
bash /etc/bash.bashrc
CacheThread_Blo /config/.config/Code/DawnGraphiteCache/data_1
CacheThread_Blo /config/.config/Code/DawnGraphiteCache/data_1
CacheThread_Blo /config/.config/Code/DawnGraphiteCache/data_2
CacheThread_Blo /config/.config/Code/DawnGraphiteCache/data_2
CacheThread_Blo /config/.config/Code/DawnGraphiteCache/data_3
code /usr/share/code/resources/app/node_modules/@vscode/sqlite3/lib/package.json
CacheThread_Blo /config/.config/Code/DawnGraphiteCache/data_3
bash /etc/profile.d/
bash /etc/profile.d/01-locale-fix.sh
ThreadPoolForeg /config/.config/Code/Cache/Cache_Data/cb640574eb48599a_0
code /proc/1152/stat
locale-check /etc/ld.so.cache
locale-check /lib/x86_64-linux-gnu/libc.so.6
code /dev/shm/.org.chromium.Chromium.IHuTq1
locale-check /usr/lib/locale/locale-archive
bash /etc/profile.d/debuginfod.sh
ThreadPoolSingl /dev/shm/.org.chromium.Chromium.XH51B4
bash /etc/debuginfod/
code /proc/self/maps
tr /etc/ld.so.cache
bash /dev/null
tr /lib/x86_64-linux-gnu/libc.so.6
cat /etc/ld.so.cache
cat /lib/x86_64-linux-gnu/libc.so.6
tr /usr/lib/locale/locale-archive
cat /usr/lib/locale/locale-archive
cat /dev/null
cat /etc/debuginfod/elfutils.urls
bash /config/.bash_profile
bash /config/.bash_login
bash /config/.profile
code /proc/self/cmdline
code /usr/share/code/glibc-hwcaps/x86-64-v3/libffmpeg.so
code /usr/share/code/glibc-hwcaps/x86-64-v2/libffmpeg.so
code /usr/share/code/libffmpeg.so
code /usr/share/code/libdl.so.2
code /etc/ld.so.cache
code /lib/x86_64-linux-gnu/libdl.so.2
code /usr/share/code/libpci.so.3
code /etc/ld.so.cache
code /proc/1219/status
code /lib/x86_64-linux-gnu/libpci.so.3
code /usr/share/code/libpthread.so.0
code /proc/1219/statm
code /lib/x86_64-linux-gnu/libpthread.so.0
code /usr/share/code/libglib-2.0.so.0
code /lib/x86_64-linux-gnu/libglib-2.0.so.0
code /sys/bus/pci/devices
ThreadPoolForeg /tmp/.org.chromium.Chromium.82JRy9
code /usr/share/code/libgobject-2.0.so.0
ThreadPoolForeg /tmp/.org.chromium.Chromium.82JRy9
code /sys/bus/pci/devices/0000:00:1f.4/vendor
code /lib/x86_64-linux-gnu/libgobject-2.0.so.0
code /sys/bus/pci/devices/0000:00:1f.4/device
code /sys/bus/pci/devices/0000:00:1f.4/class
code /usr/share/code/libgio-2.0.so.0
code /sys/bus/pci/devices/0000:00:14.0/vendor
code /lib/x86_64-linux-gnu/libgio-2.0.so.0
code /sys/bus/pci/devices/0000:00:14.0/device
code /sys/bus/pci/devices/0000:00:14.0/class
code /sys/bus/pci/devices/0000:00:02.0/vendor
code /usr/share/code/libnspr4.so
code /lib/x86_64-linux-gnu/libnspr4.so
code /sys/bus/pci/devices/0000:00:02.0/device
code /sys/bus/pci/devices/0000:00:02.0/class
code /sys/bus/pci/devices/0000:00:02.0/config
code /sys/bus/pci/devices/0000:00:1c.4/vendor
code /usr/share/code/libnss3.so
code /lib/x86_64-linux-gnu/libnss3.so
code /sys/bus/pci/devices/0000:00:1c.4/device
code /usr/share/code/resources/app/node_modules/native-keymap/index.js
code /sys/bus/pci/devices/0000:00:1c.4/class
code /sys/bus/pci/devices/0000:00:1f.6/vendor
code /usr/share/code/libnssutil3.so
code /sys/bus/pci/devices/0000:00:1f.6/device
code /lib/x86_64-linux-gnu/libnssutil3.so
code /usr/share/code/resources/app/node_modules/@vscode/sqlite3/lib/sqlite3.js
code /sys/bus/pci/devices/0000:00:1f.6/class
code /sys/bus/pci/devices/0000:00:14.2/vendor
code /usr/share/code/libsmime3.so
code /sys/bus/pci/devices/0000:00:14.2/device
code /lib/x86_64-linux-gnu/libsmime3.so
code /sys/bus/pci/devices/0000:00:14.2/class
code /sys/bus/pci/devices/0000:00:1d.0/vendor
code /usr/share/code/libdbus-1.so.3
code /sys/bus/pci/devices/0000:00:1d.0/device
code /lib/x86_64-linux-gnu/libdbus-1.so.3
code /sys/bus/pci/devices/0000:00:1d.0/class
code /sys/bus/pci/devices/0000:05:00.0/vendor
code /usr/share/code/libatk-1.0.so.0
code /sys/bus/pci/devices/0000:05:00.0/device
code /lib/x86_64-linux-gnu/libatk-1.0.so.0
code /sys/bus/pci/devices/0000:05:00.0/class
code /sys/bus/pci/devices/0000:00:1d.2/vendor
code /sys/bus/pci/devices/0000:00:1d.2/device
code /usr/share/code/libatk-bridge-2.0.so.0
code /lib/x86_64-linux-gnu/libatk-bridge-2.0.so.0
code /sys/bus/pci/devices/0000:00:1d.2/class
code /sys/bus/pci/devices/0000:00:15.0/vendor
code /sys/bus/pci/devices/0000:00:15.0/device
code /usr/share/code/libcairo.so.2
code /lib/x86_64-linux-gnu/libcairo.so.2
code /sys/bus/pci/devices/0000:00:15.0/class
code /usr/share/code/resources/app/node_modules/native-keymap/package.json
code /sys/bus/pci/devices/0000:00:12.0/vendor
code /sys/bus/pci/devices/0000:00:12.0/device
code /usr/share/code/libgtk-3.so.0
code /sys/bus/pci/devices/0000:00:12.0/class
code /lib/x86_64-linux-gnu/libgtk-3.so.0
code /sys/bus/pci/devices/0000:00:00.0/vendor
code /sys/bus/pci/devices/0000:00:00.0/device
code /sys/bus/pci/devices/0000:00:00.0/class
code /usr/share/code/libpango-1.0.so.0
code /lib/x86_64-linux-gnu/libpango-1.0.so.0
code /sys/bus/pci/devices/0000:00:1f.3/vendor
code /sys/bus/pci/devices/0000:00:1f.3/device
code /sys/bus/pci/devices/0000:00:1f.3/class
code /usr/share/code/libX11.so.6
code /lib/x86_64-linux-gnu/libX11.so.6
code /sys/bus/pci/devices/0000:00:1f.5/vendor
plasmashell /config/.local/share/kservices5
code /sys/bus/pci/devices/0000:00:1f.5/device
code /usr/share/code/resources/app/node_modules/@vscode/sqlite3/package.json
code /sys/bus/pci/devices/0000:00:1f.5/class
plasmashell /config/.local/share/mime
code /usr/share/code/libXcomposite.so.1
code /lib/x86_64-linux-gnu/libXcomposite.so.1
code /sys/bus/pci/devices/0000:00:1b.0/vendor
code /sys/bus/pci/devices/0000:00:1b.0/device
code /sys/bus/pci/devices/0000:00:1b.0/class
plasmashell /etc/xdg/menus
code /sys/bus/pci/devices/0000:01:00.0/vendor
code /usr/share/code/libXdamage.so.1
code /lib/x86_64-linux-gnu/libXdamage.so.1
code /sys/bus/pci/devices/0000:01:00.0/device
code /sys/bus/pci/devices/0000:01:00.0/class
plasmashell /usr/local/share/kservices5
code /sys/bus/pci/devices/0000:00:16.0/vendor
code /usr/share/code/resources/app/node_modules/@vscode/sqlite3/lib/sqlite3-binding.js
code /usr/share/code/libXext.so.6
code /sys/bus/pci/devices/0000:00:16.0/device
code /lib/x86_64-linux-gnu/libXext.so.6
plasmashell /usr/local/share/mime
code /sys/bus/pci/devices/0000:00:16.0/class
code /sys/bus/pci/devices/0000:00:1f.0/vendor
code /sys/bus/pci/devices/0000:00:1f.0/device
code /usr/share/code/libXfixes.so.3
code /lib/x86_64-linux-gnu/libXfixes.so.3
code /sys/bus/pci/devices/0000:00:1f.0/class
code /sys/bus/pci/devices/0000:00:08.0/vendor
plasmashell /usr/share/kservices5
code /usr/share/code/resources/app/node_modules/@vscode/sqlite3/build/Release/vscode-sqlite3.node
code /sys/bus/pci/devices/0000:00:08.0/device
code /usr/share/code/libXrandr.so.2
code /lib/x86_64-linux-gnu/libXrandr.so.2
code /sys/bus/pci/devices/0000:00:08.0/class
code /sys/bus/pci/devices/0000:00:1c.0/vendor
code /sys/bus/pci/devices/0000:00:1c.0/device
code /usr/share/code/libgbm.so.1
code /lib/x86_64-linux-gnu/libgbm.so.1
plasmashell /usr/share/kservices5/ServiceMenus
code /sys/bus/pci/devices/0000:00:1c.0/class
code /sys/bus/pci/devices/0000:00:17.0/vendor
code /sys/bus/pci/devices/0000:00:17.0/device
code /usr/share/code/libexpat.so.1
code /lib/x86_64-linux-gnu/libexpat.so.1
code /sys/bus/pci/devices/0000:00:17.0/class
plasmashell /usr/share/kservices5/qimageioplugins
code /sys/bus/pci/devices/0000:03:00.0/vendor
code /sys/bus/pci/devices/0000:03:00.0/device
code /usr/share/code/libxcb.so.1
code /sys/bus/pci/devices/0000:03:00.0/class
code /lib/x86_64-linux-gnu/libxcb.so.1
plasmashell /usr/share/kservices5/searchproviders
code /usr/share/code/libxkbcommon.so.0
code /lib/x86_64-linux-gnu/libxkbcommon.so.0
code /usr/share/code/libudev.so.1
Xvfb /proc/1242/cmdline
code /lib/x86_64-linux-gnu/libudev.so.1
plasmashell /usr/share/mime
code /usr/share/code/libasound.so.2
code /lib/x86_64-linux-gnu/libasound.so.2
code /usr/share/code/libatspi.so.0
code /lib/x86_64-linux-gnu/libatspi.so.0
plasmashell /usr/share/mime/application
code /usr/share/code/libm.so.6
code /lib/x86_64-linux-gnu/libm.so.6
code /usr/share/code/libgcc_s.so.1
code /lib/x86_64-linux-gnu/libgcc_s.so.1
code /usr/share/code/libc.so.6
code /lib/x86_64-linux-gnu/libc.so.6
plasmashell /usr/share/mime/audio
code /usr/share/code/libpcre2-8.so.0
plasmashell /usr/share/mime/chemical
code /lib/x86_64-linux-gnu/libpcre2-8.so.0
code /usr/share/code/libffi.so.8
code /lib/x86_64-linux-gnu/libffi.so.8
plasmashell /usr/share/mime/font
code /usr/share/code/libgmodule-2.0.so.0
code /lib/x86_64-linux-gnu/libgmodule-2.0.so.0
code /sys/class/tty/tty0/active
plasmashell /usr/share/mime/image
code /usr/share/code/libz.so.1
code /lib/x86_64-linux-gnu/libz.so.1
plasmashell /usr/share/mime/inode
Xvfb /proc/1242/cmdline
code /usr/share/code/libmount.so.1
code /lib/x86_64-linux-gnu/libmount.so.1
plasmashell /usr/share/mime/message
code /usr/share/code/libselinux.so.1
code /lib/x86_64-linux-gnu/libselinux.so.1
code /usr/share/code/resources/app/node_modules/native-keymap/build/Release/keymapping.node
code /usr/share/code/libplc4.so
code /lib/x86_64-linux-gnu/libplc4.so
plasmashell /usr/share/mime/model
code /usr/share/code/libplds4.so
code /lib/x86_64-linux-gnu/libplds4.so
plasmashell /usr/share/mime/multipart
code /usr/share/code/libsystemd.so.0
code /lib/x86_64-linux-gnu/libsystemd.so.0
plasmashell /usr/share/mime/packages
code /usr/share/code/libpng16.so.16
code /lib/x86_64-linux-gnu/libpng16.so.16
code /usr/share/code/libxkbfile.so.1
code /etc/ld.so.cache
code /lib/x86_64-linux-gnu/libxkbfile.so.1
code /usr/share/code/libfontconfig.so.1
plasmashell /usr/share/mime/text
code /lib/x86_64-linux-gnu/libfontconfig.so.1
code /usr/share/code/libfreetype.so.6
code /lib/x86_64-linux-gnu/libfreetype.so.6
plasmashell /usr/share/mime/video
code /usr/share/code/libXrender.so.1
code /lib/x86_64-linux-gnu/libXrender.so.1
plasmashell /usr/share/mime/x-content
code /usr/share/code/libxcb-render.so.0
code /lib/x86_64-linux-gnu/libxcb-render.so.0
plasmashell /usr/share/mime/x-epoc
Xvfb /proc/1116/cmdline
code /usr/share/code/libxcb-shm.so.0
code /lib/x86_64-linux-gnu/libxcb-shm.so.0
code /usr/share/code/libpixman-1.so.0
code /lib/x86_64-linux-gnu/libpixman-1.so.0
code /usr/share/code/libgdk-3.so.0
code /lib/x86_64-linux-gnu/libgdk-3.so.0
Xvfb /proc/1242/cmdline
code /usr/share/code/libpangocairo-1.0.so.0
code /lib/x86_64-linux-gnu/libpangocairo-1.0.so.0
code /usr/share/code/libharfbuzz.so.0
code /lib/x86_64-linux-gnu/libharfbuzz.so.0
code /usr/share/code/libpangoft2-1.0.so.0
code /lib/x86_64-linux-gnu/libpangoft2-1.0.so.0
code /usr/share/code/libfribidi.so.0
code /lib/x86_64-linux-gnu/libfribidi.so.0
code /usr/share/code/libcairo-gobject.so.2
code /lib/x86_64-linux-gnu/libcairo-gobject.so.2
code /usr/share/code/libgdk_pixbuf-2.0.so.0
code /lib/x86_64-linux-gnu/libgdk_pixbuf-2.0.so.0
code /usr/share/code/libepoxy.so.0
code /lib/x86_64-linux-gnu/libepoxy.so.0
code /usr/share/code/libXi.so.6
code /lib/x86_64-linux-gnu/libXi.so.6
code /usr/share/code/libthai.so.0
code /lib/x86_64-linux-gnu/libthai.so.0
code /usr/share/code/libdrm.so.2
code /lib/x86_64-linux-gnu/libdrm.so.2
code /usr/share/code/libXau.so.6
code /lib/x86_64-linux-gnu/libXau.so.6
code /usr/share/code/libXdmcp.so.6
code /lib/x86_64-linux-gnu/libXdmcp.so.6
code /usr/share/code/libcap.so.2
code /lib/x86_64-linux-gnu/libcap.so.2
code /usr/share/code/libGLESv2.so
ThreadPoolSingl /proc/1219/task
code /usr/share/code/libblkid.so.1
code /lib/x86_64-linux-gnu/libblkid.so.1
ThreadPoolSingl /proc/1219/task/1219/status
code /usr/share/code/libgcrypt.so.20
code /lib/x86_64-linux-gnu/libgcrypt.so.20
ThreadPoolSingl /proc/1219/task
ThreadPoolSingl /proc/1219/task/1219/status
code /usr/share/code/liblz4.so.1
code /lib/x86_64-linux-gnu/liblz4.so.1
ThreadPoolSingl /proc/1219/task/1236/status
code /usr/share/code/liblzma.so.5
code /lib/x86_64-linux-gnu/liblzma.so.5
ThreadPoolSingl /proc/1219/task
code /usr/share/code/libzstd.so.1
ThreadPoolSingl /proc/1219/task/1219/status
code /lib/x86_64-linux-gnu/libzstd.so.1
ThreadPoolSingl /proc/1219/task/1236/status
code /usr/share/code/libbz2.so.1.0
Xvfb /proc/1116/cmdline
code /lib/x86_64-linux-gnu/libbz2.so.1.0
ThreadPoolSingl /proc/1219/task/1237/status
code /usr/share/code/libbrotlidec.so.1
code /lib/x86_64-linux-gnu/libbrotlidec.so.1
ThreadPoolSingl /proc/1219/task
ThreadPoolSingl /proc/1219/task/1219/status
code /usr/share/code/libwayland-client.so.0
code /lib/x86_64-linux-gnu/libwayland-client.so.0
ThreadPoolSingl /proc/1219/task/1236/status
code /usr/share/code/libwayland-cursor.so.0
code /lib/x86_64-linux-gnu/libwayland-cursor.so.0
ThreadPoolSingl /proc/1219/task/1237/status
code /usr/share/code/libEGL.so
code /usr/share/code/libwayland-egl.so.1
code /lib/x86_64-linux-gnu/libwayland-egl.so.1
ThreadPoolSingl /proc/1219/task/1238/status
code /usr/share/code/libXcursor.so.1
code /lib/x86_64-linux-gnu/libXcursor.so.1
ThreadPoolSingl /proc/1219/task
ThreadPoolSingl /proc/1219/task/1219/status
code /usr/share/code/libXinerama.so.1
code /usr/share/code/libvulkan.so
code /lib/x86_64-linux-gnu/libXinerama.so.1
ThreadPoolSingl /proc/1219/task/1236/status
code /usr/share/code/libvulkan.so.1
code /usr/share/code/libgraphite2.so.3
code /lib/x86_64-linux-gnu/libgraphite2.so.3
ThreadPoolSingl /proc/1219/task/1237/status
ThreadPoolSingl /proc/1219/task/1238/status
code /usr/share/code/libjpeg.so.8
code /lib/x86_64-linux-gnu/libjpeg.so.8
ThreadPoolSingl /proc/1219/task/1239/status
code /usr/share/code/libdatrie.so.1
code /lib/x86_64-linux-gnu/libdatrie.so.1
code /config/.config/vulkan/implicit_layer.d
code /config/.config/kdedefaults/vulkan/implicit_layer.d
ThreadPoolSingl /proc/1219/task
code /etc/xdg/vulkan/implicit_layer.d
code /usr/share/kubuntu-default-settings/kf5-settings/vulkan/implicit_layer.d
code /etc/vulkan/implicit_layer.d
code /usr/share/code/libbsd.so.0
ThreadPoolSingl /proc/1219/task/1219/status
code /lib/x86_64-linux-gnu/libbsd.so.0
code /config/.local/share/vulkan/implicit_layer.d
code /usr/local/share/vulkan/implicit_layer.d
code /usr/share/vulkan/implicit_layer.d
ThreadPoolSingl /proc/1219/task/1236/status
code /usr/share/code/libgpg-error.so.0
libuv-worker /config/.config/Code/User/globalStorage/state.vscdb
code /lib/x86_64-linux-gnu/libgpg-error.so.0
code /usr/share/vulkan/implicit_layer.d/VkLayer_MESA_device_select.json
ThreadPoolSingl /proc/1219/task/1237/status
code /usr/share/code/libbrotlicommon.so.1
code /lib/x86_64-linux-gnu/libbrotlicommon.so.1
ThreadPoolSingl /proc/1219/task/1238/status
code /config/.config/vulkan/implicit_layer.d
code /config/.config/kdedefaults/vulkan/implicit_layer.d
code /etc/xdg/vulkan/implicit_layer.d
code /usr/share/kubuntu-default-settings/kf5-settings/vulkan/implicit_layer.d
code /usr/share/code/libmd.so.0
code /etc/vulkan/implicit_layer.d
ThreadPoolSingl /proc/1219/task/1239/status
code /lib/x86_64-linux-gnu/libmd.so.0
code /config/.local/share/vulkan/implicit_layer.d
code /usr/local/share/vulkan/implicit_layer.d
code /usr/share/vulkan/implicit_layer.d
ThreadPoolSingl /proc/1219/task/1240/status
code /usr/share/vulkan/implicit_layer.d/VkLayer_MESA_device_select.json
Xvfb /proc/1116/cmdline
QQmlThread /usr/share/plasma/plasmoids/org.kde.plasma.taskmanager/contents/ui/inlinec
QQmlThread /config/.cache/plasmashell/qmlcache/3807403dffe42867d027edf93e6c2cc872923bac.
code /config/.config/vulkan/icd.d
code /config/.config/kdedefaults/vulkan/icd.d
code /etc/xdg/vulkan/icd.d
code /usr/share/kubuntu-default-settings/kf5-settings/vulkan/icd.d
code /etc/vulkan/icd.d
code /config/.local/share/vulkan/icd.d
code /usr/local/share/vulkan/icd.d
code /usr/share/vulkan/icd.d
code /usr/share/vulkan/icd.d/asahi_icd.json
code /usr/share/code/libvulkan_asahi.so
code /etc/ld.so.cache
code /lib/x86_64-linux-gnu/libvulkan_asahi.so
QQmlThread /usr/share/plasma/plasmoids/org.kde.plasma.taskmanager/contents/ui/GroupExpanderOverlay.qmlc
code /usr/share/code/libX11-xcb.so.1
QQmlThread /config/.cache/plasmashell/qmlcache/bca21c2168a2062ac135a69ba48bc3166ca1f865.qmlc
code /lib/x86_64-linux-gnu/libX11-xcb.so.1
QQmlThread /usr/share/plasma/plasmoids/org.kde.plasma.taskmanager/contents/ui/GroupExpanderOverlay.qml
code /usr/share/code/libxcb-dri3.so.0
code /lib/x86_64-linux-gnu/libxcb-dri3.so.0
code /usr/share/code/libxcb-present.so.0
code /lib/x86_64-linux-gnu/libxcb-present.so.0
code /usr/share/code/libxcb-xfixes.so.0
code /lib/x86_64-linux-gnu/libxcb-xfixes.so.0
code /usr/share/code/libxcb-sync.so.1
code /lib/x86_64-linux-gnu/libxcb-sync.so.1
QQmlThread /config/.cache/plasmashell/qmlcache
code /usr/share/code/libxcb-randr.so.0
code /lib/x86_64-linux-gnu/libxcb-randr.so.0
code /usr/share/code/libxshmfence.so.1
code /lib/x86_64-linux-gnu/libxshmfence.so.1
code /usr/share/code/libstdc++.so.6
code /lib/x86_64-linux-gnu/libstdc++.so.6
QQmlThread /usr/share/plasma/plasmoids/org.kde.plasma.taskmanager/contents/ui/GroupExpanderOverlay.qmlc
QQmlThread /config/.cache/plasmashell/qmlcache/bca21c2168a2062ac135a69ba48bc3166ca1f865.qmlc
libuv-worker /config/.config/Code/User/globalStorage/state.vscdb-journal
libuv-worker /dev/urandom
code /usr/share/vulkan/icd.d/gfxstream_vk_icd.json
code /usr/share/code/libvulkan_gfxstream.so
code /etc/ld.so.cache
libuv-worker /config/.config/Code/User/globalStorage
code /lib/x86_64-linux-gnu/libvulkan_gfxstream.so
ThreadPoolForeg /dev/shm/.org.chromium.Chromium.8VccnN
code /usr/share/vulkan/icd.d/intel_hasvk_icd.json
code /usr/share/code/libvulkan_intel_hasvk.so
code /etc/ld.so.cache
code /lib/x86_64-linux-gnu/libvulkan_intel_hasvk.so
ThreadPoolForeg /usr/share/code/resources/app/out/vs/code/electron-browser/workbench/workbench.html
code /usr/share/vulkan/icd.d/intel_icd.json
code /usr/share/code/libvulkan_intel.so
code /etc/ld.so.cache
code /lib/x86_64-linux-gnu/libvulkan_intel.so
code /config/.config/Code/logs/20260515T002957/mcpGateway.log
code /usr/share/vulkan/icd.d/lvp_icd.json
ThreadPoolSingl /proc/1219/task
ThreadPoolSingl /proc/1219/task/1219/status
code /usr/share/code/libvulkan_lvp.so
code /etc/ld.so.cache
code /lib/x86_64-linux-gnu/libvulkan_lvp.so
ThreadPoolSingl /proc/1219/task/1236/status
code /usr/share/code/libLLVM.so.20.1
code /lib/x86_64-linux-gnu/libLLVM.so.20.1
ThreadPoolSingl /proc/1219/task/1237/status
Chrome_IOThread /dev/shm/.org.chromium.Chromium.OkrJ16
ThreadPoolSingl /proc/1219/task/1238/status
code /lib/x86_64-linux-gnu/../lib/glibc-hwcaps/x86-64-v3/libedit.so.2
code /lib/x86_64-linux-gnu/../lib/glibc-hwcaps/x86-64-v2/libedit.so.2
code /lib/x86_64-linux-gnu/../lib/libedit.so.2
Chrome_IOThread /dev/shm/.org.chromium.Chromium.79GFtC
ThreadPoolSingl /proc/1219/task/1239/status
code /lib/x86_64-linux-gnu/libedit.so.2
ThreadPoolSingl /proc/1219/task/1240/status
code /lib/x86_64-linux-gnu/libxml2.so.2
ThreadPoolSingl /proc/1219/task/1249/status
code /usr/share/code/libtinfo.so.6
code /lib/x86_64-linux-gnu/libtinfo.so.6
ThreadPoolSingl /proc/1219/task
ThreadPoolSingl /proc/1219/task/1219/status
code /usr/share/code/libicuuc.so.74
code /lib/x86_64-linux-gnu/libicuuc.so.74
ThreadPoolSingl /proc/1219/task/1236/status
code /usr/share/code/libicudata.so.74
code /lib/x86_64-linux-gnu/libicudata.so.74
ThreadPoolSingl /proc/1219/task/1237/status
ThreadPoolSingl /proc/1219/task/1238/status
ThreadPoolSingl /proc/1219/task/1239/status
ThreadPoolSingl /proc/1219/task
ThreadPoolSingl /proc/1219/task/1219/status
code /proc/filesystems
ThreadPoolSingl /proc/1219/task/1236/status
libuv-worker /config/.config/Code/User/globalStorage/state.vscdb-journal
code /usr/share/code/resources/app/out/package.json
ThreadPoolSingl /proc/1219/task/1237/status
code /usr/share/code/resources/app/node_modules/@vscode/sqlite3/lib/package.json
ThreadPoolSingl /proc/1219/task/1238/status
code /usr/share/code/resources/app/node_modules/@vscode/sqlite3/lib/package.json
ThreadPoolSingl /proc/1219/task/1239/status
ThreadPoolSingl /proc/1219/task/1240/status
ThreadPoolSingl /proc/1219/task/1249/status
ThreadPoolSingl /proc/1219/task/1250/status
libuv-worker /config/.vscode-shared/sharedStorage/state.vscdb
ThreadPoolSingl /proc/1219/task
ThreadPoolSingl /proc/1219/task/1219/status
ThreadPoolSingl /proc/1219/task/1236/status
libuv-worker /config/.config/Code/User/globalStorage
ThreadPoolSingl /proc/1219/task/1237/status
ThreadPoolSingl /proc/1219/task/1238/status
code /usr/share/code/icudtl.dat
code /etc/localtime
ThreadPoolSingl /proc/1219/task/1239/status
ThreadPoolSingl /proc/1219/task/1240/status
code /proc/version_signature
ThreadPoolSingl /proc/1219/task/1249/status
libuv-worker /config/.vscode/argv.json
libuv-worker /config/.vscode-shared/sharedStorage/state.vscdb-journal
code /dev/urandom
code /usr/share/code/v8_context_snapshot.bin
code /sys/devices/system/cpu/possible
code /sys/devices/system/cpu/cpu0/cpufreq/cpuinfo_max_freq
libuv-worker /config/.vscode-shared/sharedStorage
code /sys/devices/system/cpu/cpu1/cpufreq/cpuinfo_max_freq
code /sys/devices/system/cpu/cpu2/cpufreq/cpuinfo_max_freq
code /sys/devices/system/cpu/cpu3/cpufreq/cpuinfo_max_freq
code /sys/devices/system/cpu/cpu4/cpufreq/cpuinfo_max_freq
code /sys/devices/system/cpu/cpu5/cpufreq/cpuinfo_max_freq
code /sys/devices/system/cpu/cpu6/cpufreq/cpuinfo_max_freq
code /sys/devices/system/cpu/cpu7/cpufreq/cpuinfo_max_freq
code /sys/devices/system/cpu/cpu8/cpufreq/cpuinfo_max_freq
code /sys/devices/system/cpu/cpu9/cpufreq/cpuinfo_max_freq
code /sys/devices/system/cpu/cpu10/cpufreq/cpuinfo_max_freq
code /sys/devices/system/cpu/cpu11/cpufreq/cpuinfo_max_freq
code /sys/devices/system/cpu/cpu12/cpufreq/cpuinfo_max_freq
Chrome_ChildIOT /dev/shm/.org.chromium.Chromium.YIwbxh
code /sys/devices/system/cpu/cpu13/cpufreq/cpuinfo_max_freq
code /sys/devices/system/cpu/cpu14/cpufreq/cpuinfo_max_freq
code /sys/devices/system/cpu/cpu15/cpufreq/cpuinfo_max_freq
code /proc/self/maps
libuv-worker /config/.vscode-shared/sharedStorage/state.vscdb-journal
libuv-worker /config/.vscode-shared/sharedStorage
Chrome_IOThread /dev/shm/.org.chromium.Chromium.3l4WNe
Chrome_IOThread /dev/shm/.org.chromium.Chromium.3l4WNe
code /usr/share/vulkan/icd.d/nouveau_icd.json
code /usr/share/code/libvulkan_nouveau.so
code /etc/ld.so.cache
code /lib/x86_64-linux-gnu/libvulkan_nouveau.so
code /usr/share/vulkan/icd.d/radeon_icd.json
code /usr/share/code/libvulkan_radeon.so
code /etc/ld.so.cache
code /lib/x86_64-linux-gnu/libvulkan_radeon.so
code /usr/share/code/libelf.so.1
code /lib/x86_64-linux-gnu/libelf.so.1
code /usr/share/code/libdrm_amdgpu.so.1
code /lib/x86_64-linux-gnu/libdrm_amdgpu.so.1
code /usr/share/vulkan/icd.d/virtio_icd.json
code /usr/share/code/libvulkan_virtio.so
code /etc/ld.so.cache
code /lib/x86_64-linux-gnu/libvulkan_virtio.so
code /config/.config/vulkan/icd.d
code /config/.config/kdedefaults/vulkan/icd.d
code /etc/xdg/vulkan/icd.d
code /usr/share/kubuntu-default-settings/kf5-settings/vulkan/icd.d
code /etc/vulkan/icd.d
code /config/.local/share/vulkan/icd.d
code /usr/local/share/vulkan/icd.d
code /usr/share/vulkan/icd.d
libuv-worker /config/.vscode-shared/sharedStorage/state.vscdb-journal
code /usr/share/vulkan/icd.d/asahi_icd.json
code /usr/share/vulkan/icd.d/gfxstream_vk_icd.json
code /usr/share/vulkan/icd.d/intel_hasvk_icd.json
code /usr/share/vulkan/icd.d/intel_icd.json
code /usr/share/vulkan/icd.d/lvp_icd.json
code /usr/share/vulkan/icd.d/nouveau_icd.json
code /sys/devices/system/cpu/online
code /usr/share/vulkan/icd.d/radeon_icd.json
libuv-worker /config/.vscode-shared/sharedStorage
code /usr/share/vulkan/icd.d/virtio_icd.json
code /dev/dri
code /config/.config/vulkan/implicit_layer.d
code /config/.config/kdedefaults/vulkan/implicit_layer.d
code /etc/xdg/vulkan/implicit_layer.d
plasmashell /usr/share/pixmaps/vscode.png
code /usr/share/kubuntu-default-settings/kf5-settings/vulkan/implicit_layer.d
code /etc/vulkan/implicit_layer.d
code /config/.local/share/vulkan/implicit_layer.d
code /usr/local/share/vulkan/implicit_layer.d
code /usr/share/vulkan/implicit_layer.d
code /usr/share/vulkan/implicit_layer.d/VkLayer_MESA_device_select.json
code /config/.config/vulkan/implicit_layer.d
code /config/.config/kdedefaults/vulkan/implicit_layer.d
code /etc/xdg/vulkan/implicit_layer.d
code /usr/share/kubuntu-default-settings/kf5-settings/vulkan/implicit_layer.d
code /etc/vulkan/implicit_layer.d
code /config/.local/share/vulkan/implicit_layer.d
code /usr/local/share/vulkan/implicit_layer.d
code /usr/share/vulkan/implicit_layer.d
code /usr/share/vulkan/implicit_layer.d/VkLayer_MESA_device_select.json
code /config/.config/vulkan/icd.d
code /config/.config/kdedefaults/vulkan/icd.d
code /etc/xdg/vulkan/icd.d
code /usr/share/kubuntu-default-settings/kf5-settings/vulkan/icd.d
code /etc/vulkan/icd.d
code /config/.local/share/vulkan/icd.d
code /usr/local/share/vulkan/icd.d
code /usr/share/vulkan/icd.d
code /usr/share/vulkan/icd.d/asahi_icd.json
code /usr/share/vulkan/icd.d/gfxstream_vk_icd.json
code /usr/share/vulkan/icd.d/intel_hasvk_icd.json
code /usr/share/vulkan/icd.d/intel_icd.json
code /usr/share/vulkan/icd.d/lvp_icd.json
code /usr/share/vulkan/icd.d/nouveau_icd.json
code /usr/share/vulkan/icd.d/radeon_icd.json
code /usr/share/vulkan/icd.d/virtio_icd.json
code /dev/dri
code /config/.config/vulkan/implicit_layer.d
code /config/.config/kdedefaults/vulkan/implicit_layer.d
code /etc/xdg/vulkan/implicit_layer.d
code /usr/share/kubuntu-default-settings/kf5-settings/vulkan/implicit_layer.d
code /etc/vulkan/implicit_layer.d
code /config/.local/share/vulkan/implicit_layer.d
code /usr/local/share/vulkan/implicit_layer.d
code /usr/share/vulkan/implicit_layer.d
code /usr/share/vulkan/implicit_layer.d/VkLayer_MESA_device_select.json
code /config/.config/vulkan/implicit_layer.d
code /config/.config/kdedefaults/vulkan/implicit_layer.d
code /etc/xdg/vulkan/implicit_layer.d
code /usr/share/kubuntu-default-settings/kf5-settings/vulkan/implicit_layer.d
code /etc/vulkan/implicit_layer.d
code /config/.local/share/vulkan/implicit_layer.d
code /usr/local/share/vulkan/implicit_layer.d
code /usr/share/vulkan/implicit_layer.d
code /usr/share/vulkan/implicit_layer.d/VkLayer_MESA_device_select.json
code /config/.config/vulkan/explicit_layer.d
code /config/.config/kdedefaults/vulkan/explicit_layer.d
code /etc/xdg/vulkan/explicit_layer.d
code /usr/share/kubuntu-default-settings/kf5-settings/vulkan/explicit_layer.d
code /etc/vulkan/explicit_layer.d
code /config/.local/share/vulkan/explicit_layer.d
code /usr/local/share/vulkan/explicit_layer.d
code /usr/share/vulkan/explicit_layer.d
code /usr/share/vulkan/explicit_layer.d/VkLayer_INTEL_nullhw.json
code /usr/share/vulkan/explicit_layer.d/VkLayer_MESA_overlay.json
code /config/.config/vulkan/icd.d
code /config/.config/kdedefaults/vulkan/icd.d
code /etc/xdg/vulkan/icd.d
code /usr/share/kubuntu-default-settings/kf5-settings/vulkan/icd.d
code /etc/vulkan/icd.d
code /config/.local/share/vulkan/icd.d
code /usr/local/share/vulkan/icd.d
code /usr/share/vulkan/icd.d
code /usr/share/vulkan/icd.d/asahi_icd.json
code /usr/share/vulkan/icd.d/gfxstream_vk_icd.json
code /usr/share/vulkan/icd.d/intel_hasvk_icd.json
code /usr/share/vulkan/icd.d/intel_icd.json
code /usr/share/vulkan/icd.d/lvp_icd.json
code /usr/share/vulkan/icd.d/nouveau_icd.json
code /usr/share/vulkan/icd.d/radeon_icd.json
code /usr/share/vulkan/icd.d/virtio_icd.json
code /dev/dri
code /usr/share/code/libVkLayer_MESA_device_select.so
code /etc/ld.so.cache
code /lib/x86_64-linux-gnu/libVkLayer_MESA_device_select.so
code /usr/share/drirc.d
code /usr/share/drirc.d/00-mesa-defaults.conf
libuv-worker /usr/share/code/resources/app/out/vs/base/parts/sandbox/electron-browser/preload.js
code /usr/share/drirc.d/00-radv-defaults.conf
code /etc/drirc
code /usr/share/locale/locale.alias
code /usr/share/locale/en_US/LC_MESSAGES/libc.mo
code /usr/share/locale/en/LC_MESSAGES/libc.mo
code /usr/share/locale-langpack/en_US/LC_MESSAGES/libc.mo
code /usr/share/locale-langpack/en/LC_MESSAGES/libc.mo
code /config/.drirc
code /dev/dri
code /dev/dri
code /dev/dri
code /dev/dri
code /usr/share/drirc.d
code /usr/share/drirc.d/00-mesa-defaults.conf
libuv-worker /config/.config/Code/User/globalStorage/storage.json.vsctmp
QSGRenderThread /config/.cache/mesa_shader_cache/ba/f1ba0189afe9f9b21e697f039ac74c9fe4604b
code /usr/share/drirc.d/00-radv-defaults.conf
code /etc/drirc
code /config/.drirc
code /usr/share/drirc.d
code /usr/share/drirc.d/00-mesa-defaults.conf
code /sys/devices/system/cpu/cpu0/tsc_freq_khz
code /usr/share/drirc.d/00-radv-defaults.conf
code /etc/drirc
code /config/.drirc
code /usr/share/drirc.d
code /usr/share/drirc.d/00-mesa-defaults.conf
code /usr/share/drirc.d/00-radv-defaults.conf
code /etc/drirc
code /config/.drirc
code /usr/share/drirc.d
code /usr/share/drirc.d/00-mesa-defaults.conf
code /dev/shm/.org.chromium.Chromium.ZGr7Fy
code /dev/shm/.org.chromium.Chromium.ZGr7Fy
code /usr/share/drirc.d/00-radv-defaults.conf
code /etc/drirc
code /config/.drirc
code /dev/dri
code /dev/dri
code /dev/dri
code /sys/devices/system/cpu/possible
code /sys/devices/system/cpu/cpu0/cpu_capacity
code /sys/devices/system/cpu/cpu1/cpu_capacity
code /sys/devices/system/cpu/cpu2/cpu_capacity
code /sys/devices/system/cpu/cpu3/cpu_capacity
code /sys/devices/system/cpu/cpu4/cpu_capacity
code /sys/devices/system/cpu/cpu5/cpu_capacity
code /sys/devices/system/cpu/cpu6/cpu_capacity
code /sys/devices/system/cpu/cpu7/cpu_capacity
dbus-daemon /run/systemd/users/911
dbus-daemon /proc/1116/cmdline
code /sys/devices/system/cpu/cpu8/cpu_capacity
code /sys/devices/system/cpu/cpu9/cpu_capacity
code /sys/devices/system/cpu/cpu10/cpu_capacity
code /sys/devices/system/cpu/cpu11/cpu_capacity
code /sys/devices/system/cpu/cpu12/cpu_capacity
code /sys/devices/system/cpu/cpu13/cpu_capacity
code /sys/devices/system/cpu/cpu14/cpu_capacity
code /sys/devices/system/cpu/cpu15/cpu_capacity
code /dev/udmabuf
code /dev/dri
code /dev/dri
code /dev/dri
code /sys/class/drm/card0/device/boot_vga
code /sys/class/drm/card0/device/boot_vga
Xvfb /proc/1242/cmdline
ThreadPoolForeg /dev/shm/.org.chromium.Chromium.a0KxiX
ThreadPoolForeg /usr/share/code/resources/app/out/vs/workbench/workbench.desktop.main.css
ThreadPoolForeg /dev/shm/.org.chromium.Chromium.ywX0tZ
ThreadPoolForeg /usr/share/code/resources/app/out/vs/code/electron-browser/workbench/workbench.js
ThreadPoolSingl /proc/1219/task
ThreadPoolSingl /proc/1219/task/1219/status
ThreadPoolSingl /proc/1219/task/1236/status
code /usr/share/code/libGL.so.1
code /etc/ld.so.cache
ThreadPoolSingl /proc/1219/task/1237/status
code /lib/x86_64-linux-gnu/libGL.so.1
ThreadPoolSingl /proc/1219/task/1238/status
code /usr/share/code/libGLdispatch.so.0
code /lib/x86_64-linux-gnu/libGLdispatch.so.0
ThreadPoolSingl /proc/1219/task/1239/status
code /usr/share/code/libGLX.so.0
code /lib/x86_64-linux-gnu/libGLX.so.0
ThreadPoolSingl /proc/1219/task/1240/status
ThreadPoolSingl /proc/1219/task/1249/status
ThreadPoolSingl /proc/1219/task/1250/status
ThreadPoolSingl /proc/1219/task/1259/status
code /usr/share/code/libGLX_mesa.so.0
code /etc/ld.so.cache
code /lib/x86_64-linux-gnu/libGLX_mesa.so.0
code /usr/share/code/libgallium-25.2.8-0ubuntu0.24.04.1.so
code /lib/x86_64-linux-gnu/libgallium-25.2.8-0ubuntu0.24.04.1.so
code /usr/share/code/libxcb-glx.so.0
code /lib/x86_64-linux-gnu/libxcb-glx.so.0
code /usr/share/code/libXxf86vm.so.1
code /lib/x86_64-linux-gnu/libXxf86vm.so.1
code /usr/share/code/libsensors.so.5
code /lib/x86_64-linux-gnu/libsensors.so.5
code /usr/share/code/libdrm_amdgpu.so.1
code /lib/x86_64-linux-gnu/libdrm_amdgpu.so.1
code /usr/share/code/libelf.so.1
code /lib/x86_64-linux-gnu/libelf.so.1
code /usr/share/code/libdrm_intel.so.1
code /lib/x86_64-linux-gnu/libdrm_intel.so.1
code /usr/share/code/libpciaccess.so.0
plasmas:disk$0 /config/.cache/mesa_shader_cache/ba/f1ba0189afe9f9b21e697f039ac74c9fe4604b.tmp
code /lib/x86_64-linux-gnu/libpciaccess.so.0
QSGRenderThread /config/.cache/mesa_shader_cache/03/85404440a27386f79d70b87e5141a561359e3b
plasmas:disk$0 /config/.cache/mesa_shader_cache/ba/f1ba0189afe9f9b21e697f039ac74c9fe4604b.tmp
plasmas:disk$0 /config/.cache/mesa_shader_cache/ba/f1ba0189afe9f9b21e697f039ac74c9fe4604b
QSGRenderThread /config/.cache/mesa_shader_cache/e0/5250706703def1507c2b08bc094ccc6ce02270
ThreadPoolForeg /config/.config/Code/Dictionaries/en-US-10-1.bdic
code /usr/share/drirc.d
code /usr/share/drirc.d/00-mesa-defaults.conf
code /usr/share/drirc.d/00-radv-defaults.conf
code /etc/drirc
code /config/.drirc
code /sys/devices/system/cpu/possible
code /sys/devices/system/cpu/cpu0/cpu_capacity
code /sys/devices/system/cpu/cpu1/cpu_capacity
code /sys/devices/system/cpu/cpu2/cpu_capacity
code /sys/devices/system/cpu/cpu3/cpu_capacity
code /sys/devices/system/cpu/cpu4/cpu_capacity
code /sys/devices/system/cpu/cpu5/cpu_capacity
code /sys/devices/system/cpu/cpu6/cpu_capacity
code /sys/devices/system/cpu/cpu7/cpu_capacity
code /sys/devices/system/cpu/cpu8/cpu_capacity
code /sys/devices/system/cpu/cpu9/cpu_capacity
code /sys/devices/system/cpu/cpu10/cpu_capacity
code /sys/devices/system/cpu/cpu11/cpu_capacity
code /sys/devices/system/cpu/cpu12/cpu_capacity
code /sys/devices/system/cpu/cpu13/cpu_capacity
code /sys/devices/system/cpu/cpu14/cpu_capacity
code /sys/devices/system/cpu/cpu15/cpu_capacity
code /dev/udmabuf
code /usr/share/drirc.d
code /usr/share/drirc.d/00-mesa-defaults.conf
ThreadPoolForeg /dev/shm/.org.chromium.Chromium.kb1uX3
code /usr/share/drirc.d/00-radv-defaults.conf
ThreadPoolForeg /usr/share/code/resources/app/out/vs/workbench/workbench.desktop.main.js
code /etc/drirc
code /config/.drirc
plasmas:disk$0 /config/.cache/mesa_shader_cache/e0/5250706703def1507c2b08bc094ccc6ce02270.tmp
code /dev/null
plasmas:disk$0 /config/.cache/mesa_shader_cache/e0/5250706703def1507c2b08bc094ccc6ce02270.tmp
plasmas:disk$0 /config/.cache/mesa_shader_cache/e0/5250706703def1507c2b08bc094ccc6ce02270
QSGRenderThread /config/.cache/mesa_shader_cache/80/d3e9ca504a454f9a419ed0ad80fe8045218ede
QSGRenderThread /config/.cache/mesa_shader_cache/4f/56a27cad663faae24d17aa6ca9ee29809ad158
ThreadPoolForeg /config/.config/Code/CachedData/8b640eef5a6c6089c029249d48efa5c99adf7d51/chrome/js/a94a06dd73750c6c_0
ThreadPoolForeg /config/.config/Code/CachedData/8b640eef5a6c6089c029249d48efa5c99adf7d51/chrome/js/95e1722cb22ed302_0
code /config/.cache/mesa_shader_cache/index
code /config/.cache/mesa_shader_cache/db/1eda42f2a767a2d7820a869487f528f852a0c3
code /config/.cache/mesa_shader_cache/0c/2078390c4088c952a5aaf00c2698fc4cb3c2ae
code /config/.cache/mesa_shader_cache/5e/44b0234ba7fee5aad30999f5c85fa1ab7d1e2b
code /config/.cache/mesa_shader_cache/8a/05f419308844007d1e201ba19cfb5f3cd8ab27
plasmas:disk$0 /config/.cache/mesa_shader_cache/4f/56a27cad663faae24d17aa6ca9ee29809ad158.tmp
QSGRenderThread /config/.cache/mesa_shader_cache/f7/a7b31ba35bed97603b63033fbe87f08a14666b
plasmas:disk$0 /config/.cache/mesa_shader_cache/4f/56a27cad663faae24d17aa6ca9ee29809ad158.tmp
plasmas:disk$0 /config/.cache/mesa_shader_cache/4f/56a27cad663faae24d17aa6ca9ee29809ad158
libuv-worker /config/.config/Code/User/globalStorage/state.vscdb-journal
libuv-worker /config/.vscode-shared/sharedStorage/state.vscdb-wal
libuv-worker /config/.vscode-shared/sharedStorage/state.vscdb-shm
code /config/.cache/mesa_shader_cache/59/ec931cfacda6fd80434ecf9e3f29a17ea5760a
plasmas:disk$0 /config/.cache/mesa_shader_cache/f7/a7b31ba35bed97603b63033fbe87f08a14666b.tmp
plasmas:disk$0 /config/.cache/mesa_shader_cache/f7/a7b31ba35bed97603b63033fbe87f08a14666b.tmp
libuv-worker /config/.config/Code/User/globalStorage
plasmas:disk$0 /config/.cache/mesa_shader_cache/f7/a7b31ba35bed97603b63033fbe87f08a14666b
libuv-worker /config/.vscode-shared/sharedStorage
code /usr/share/code/libpci.so.3
code /etc/ld.so.cache
code /lib/x86_64-linux-gnu/libpci.so.3
code /sys/bus/pci/devices
code /sys/bus/pci/devices/0000:00:1f.4/vendor
code /sys/bus/pci/devices/0000:00:1f.4/device
code /sys/bus/pci/devices/0000:00:1f.4/class
code /sys/bus/pci/devices/0000:00:14.0/vendor
code /sys/bus/pci/devices/0000:00:14.0/device
code /sys/bus/pci/devices/0000:00:14.0/class
code /sys/bus/pci/devices/0000:00:02.0/vendor
code /sys/bus/pci/devices/0000:00:02.0/device
code /sys/bus/pci/devices/0000:00:02.0/class
code /sys/bus/pci/devices/0000:00:02.0/config
code /sys/bus/pci/devices/0000:00:1c.4/vendor
code /sys/bus/pci/devices/0000:00:1c.4/device
code /sys/bus/pci/devices/0000:00:1c.4/class
code /sys/bus/pci/devices/0000:00:1f.6/vendor
code /sys/bus/pci/devices/0000:00:1f.6/device
code /sys/bus/pci/devices/0000:00:1f.6/class
code /sys/bus/pci/devices/0000:00:14.2/vendor
code /sys/bus/pci/devices/0000:00:14.2/device
code /sys/bus/pci/devices/0000:00:14.2/class
code /sys/bus/pci/devices/0000:00:1d.0/vendor
code /sys/bus/pci/devices/0000:00:1d.0/device
code /sys/bus/pci/devices/0000:00:1d.0/class
code /sys/bus/pci/devices/0000:05:00.0/vendor
code /sys/bus/pci/devices/0000:05:00.0/device
code /sys/bus/pci/devices/0000:05:00.0/class
code /sys/bus/pci/devices/0000:00:1d.2/vendor
code /sys/bus/pci/devices/0000:00:1d.2/device
code /sys/bus/pci/devices/0000:00:1d.2/class
code /sys/bus/pci/devices/0000:00:15.0/vendor
code /sys/bus/pci/devices/0000:00:15.0/device
code /sys/bus/pci/devices/0000:00:15.0/class
code /sys/bus/pci/devices/0000:00:12.0/vendor
code /sys/bus/pci/devices/0000:00:12.0/device
code /sys/bus/pci/devices/0000:00:12.0/class
code /sys/bus/pci/devices/0000:00:00.0/vendor
code /sys/bus/pci/devices/0000:00:00.0/device
code /sys/bus/pci/devices/0000:00:00.0/class
code /sys/bus/pci/devices/0000:00:1f.3/vendor
code /sys/bus/pci/devices/0000:00:1f.3/device
code /sys/bus/pci/devices/0000:00:1f.3/class
code /sys/bus/pci/devices/0000:00:1f.5/vendor
code /sys/bus/pci/devices/0000:00:1f.5/device
code /sys/bus/pci/devices/0000:00:1f.5/class
code /sys/bus/pci/devices/0000:00:1b.0/vendor
code /sys/bus/pci/devices/0000:00:1b.0/device
code /sys/bus/pci/devices/0000:00:1b.0/class
code /sys/bus/pci/devices/0000:01:00.0/vendor
code /sys/bus/pci/devices/0000:01:00.0/device
code /sys/bus/pci/devices/0000:01:00.0/class
code /sys/bus/pci/devices/0000:00:16.0/vendor
code /sys/bus/pci/devices/0000:00:16.0/device
code /sys/bus/pci/devices/0000:00:16.0/class
code /sys/bus/pci/devices/0000:00:1f.0/vendor
code /sys/bus/pci/devices/0000:00:1f.0/device
code /sys/bus/pci/devices/0000:00:1f.0/class
code /sys/bus/pci/devices/0000:00:08.0/vendor
code /sys/bus/pci/devices/0000:00:08.0/device
code /sys/bus/pci/devices/0000:00:08.0/class
code /sys/bus/pci/devices/0000:00:1c.0/vendor
code /sys/bus/pci/devices/0000:00:1c.0/device
code /sys/bus/pci/devices/0000:00:1c.0/class
code /sys/bus/pci/devices/0000:00:17.0/vendor
code /sys/bus/pci/devices/0000:00:17.0/device
code /sys/bus/pci/devices/0000:00:17.0/class
code /sys/bus/pci/devices/0000:03:00.0/vendor
code /sys/bus/pci/devices/0000:03:00.0/device
code /sys/bus/pci/devices/0000:03:00.0/class
Xvfb /proc/1242/cmdline
code /dev/dri/renderD128
code /usr/share/code/libva.so.2
code /etc/ld.so.cache
code /lib/x86_64-linux-gnu/libva.so.2
code /usr/share/code/libva-drm.so.2
code /etc/ld.so.cache
code /lib/x86_64-linux-gnu/libva-drm.so.2
Chrome_IOThread /dev/shm/.org.chromium.Chromium.0eOpVB
ThreadPoolSingl /proc/1242/task
ThreadPoolSingl /proc/1242/task/1242/status
ThreadPoolSingl /proc/1242/task
ThreadPoolSingl /proc/1242/task/1242/status
ThreadPoolSingl /proc/1242/task/1246/status
ThreadPoolSingl /proc/1242/task/1248/status
ThreadPoolSingl /proc/1242/task
ThreadPoolSingl /proc/1242/task/1242/status
ThreadPoolSingl /proc/1242/task/1246/status
ThreadPoolSingl /proc/1242/task/1261/status
ThreadPoolSingl /proc/1242/task
ThreadPoolSingl /proc/1242/task/1242/status
ThreadPoolSingl /proc/1242/task/1246/status
ThreadPoolSingl /proc/1242/task
ThreadPoolSingl /proc/1242/task/1242/status
ThreadPoolSingl /proc/1242/task/1246/status
ThreadPoolSingl /proc/1242/task
ThreadPoolSingl /proc/1242/task/1242/status
ThreadPoolSingl /proc/1242/task/1246/status
code /proc/1242/stat
code /dev/shm/.org.chromium.Chromium.YAkB70
ThreadPoolSingl /dev/shm/.org.chromium.Chromium.8RDbet
code /proc/self/maps
code /proc/self/cmdline
code /usr/share/code/libpci.so.3
code /etc/ld.so.cache
code /lib/x86_64-linux-gnu/libpci.so.3
code /sys/bus/pci/devices
code /sys/bus/pci/devices/0000:00:1f.4/vendor
code /sys/bus/pci/devices/0000:00:1f.4/device
code /sys/bus/pci/devices/0000:00:1f.4/class
code /sys/bus/pci/devices/0000:00:14.0/vendor
code /sys/bus/pci/devices/0000:00:14.0/device
code /sys/bus/pci/devices/0000:00:14.0/class
code /sys/bus/pci/devices/0000:00:02.0/vendor
code /sys/bus/pci/devices/0000:00:02.0/device
code /sys/bus/pci/devices/0000:00:02.0/class
code /sys/bus/pci/devices/0000:00:02.0/config
code /sys/bus/pci/devices/0000:00:1c.4/vendor
code /sys/bus/pci/devices/0000:00:1c.4/device
code /sys/bus/pci/devices/0000:00:1c.4/class
code /sys/bus/pci/devices/0000:00:1f.6/vendor
code /sys/bus/pci/devices/0000:00:1f.6/device
code /sys/bus/pci/devices/0000:00:1f.6/class
code /sys/bus/pci/devices/0000:00:14.2/vendor
code /sys/bus/pci/devices/0000:00:14.2/device
code /sys/bus/pci/devices/0000:00:14.2/class
code /sys/bus/pci/devices/0000:00:1d.0/vendor
code /sys/bus/pci/devices/0000:00:1d.0/device
code /sys/bus/pci/devices/0000:00:1d.0/class
code /sys/bus/pci/devices/0000:05:00.0/vendor
code /sys/bus/pci/devices/0000:05:00.0/device
code /sys/bus/pci/devices/0000:05:00.0/class
code /sys/bus/pci/devices/0000:00:1d.2/vendor
code /sys/bus/pci/devices/0000:00:1d.2/device
code /sys/bus/pci/devices/0000:00:1d.2/class
code /sys/bus/pci/devices/0000:00:15.0/vendor
code /sys/bus/pci/devices/0000:00:15.0/device
code /sys/bus/pci/devices/0000:00:15.0/class
code /sys/bus/pci/devices/0000:00:12.0/vendor
code /sys/bus/pci/devices/0000:00:12.0/device
code /sys/bus/pci/devices/0000:00:12.0/class
code /sys/bus/pci/devices/0000:00:00.0/vendor
code /sys/bus/pci/devices/0000:00:00.0/device
code /sys/bus/pci/devices/0000:00:00.0/class
code /sys/bus/pci/devices/0000:00:1f.3/vendor
code /sys/bus/pci/devices/0000:00:1f.3/device
code /sys/bus/pci/devices/0000:00:1f.3/class
code /sys/bus/pci/devices/0000:00:1f.5/vendor
code /sys/bus/pci/devices/0000:00:1f.5/device
code /sys/bus/pci/devices/0000:00:1f.5/class
code /sys/bus/pci/devices/0000:00:1b.0/vendor
code /sys/bus/pci/devices/0000:00:1b.0/device
code /sys/bus/pci/devices/0000:00:1b.0/class
code /sys/bus/pci/devices/0000:01:00.0/vendor
code /sys/bus/pci/devices/0000:01:00.0/device
code /sys/bus/pci/devices/0000:01:00.0/class
code /sys/bus/pci/devices/0000:00:16.0/vendor
code /sys/bus/pci/devices/0000:00:16.0/device
code /sys/bus/pci/devices/0000:00:16.0/class
code /sys/bus/pci/devices/0000:00:1f.0/vendor
code /sys/bus/pci/devices/0000:00:1f.0/device
code /sys/bus/pci/devices/0000:00:1f.0/class
code /sys/bus/pci/devices/0000:00:08.0/vendor
code /sys/bus/pci/devices/0000:00:08.0/device
code /sys/bus/pci/devices/0000:00:08.0/class
code /sys/bus/pci/devices/0000:00:1c.0/vendor
code /sys/bus/pci/devices/0000:00:1c.0/device
code /sys/bus/pci/devices/0000:00:1c.0/class
code /sys/bus/pci/devices/0000:00:17.0/vendor
code /sys/bus/pci/devices/0000:00:17.0/device
code /sys/bus/pci/devices/0000:00:17.0/class
code /sys/bus/pci/devices/0000:03:00.0/vendor
code /sys/bus/pci/devices/0000:03:00.0/device
code /sys/bus/pci/devices/0000:03:00.0/class
Xvfb /proc/1299/cmdline
code /sys/class/tty/tty0/active
Xvfb /proc/1299/cmdline
Xvfb /proc/1299/cmdline
code /usr/share/code/libGLESv2.so
code /usr/share/code/libEGL.so
code /usr/share/code/libvulkan.so
code /usr/share/code/libvulkan.so.1
code /config/.config/vulkan/implicit_layer.d
code /config/.config/kdedefaults/vulkan/implicit_layer.d
code /etc/xdg/vulkan/implicit_layer.d
code /usr/share/kubuntu-default-settings/kf5-settings/vulkan/implicit_layer.d
code /etc/vulkan/implicit_layer.d
code /config/.local/share/vulkan/implicit_layer.d
code /usr/local/share/vulkan/implicit_layer.d
code /usr/share/vulkan/implicit_layer.d
code /usr/share/vulkan/implicit_layer.d/VkLayer_MESA_device_select.json
code /config/.config/vulkan/implicit_layer.d
code /config/.config/kdedefaults/vulkan/implicit_layer.d
code /etc/xdg/vulkan/implicit_layer.d
code /usr/share/kubuntu-default-settings/kf5-settings/vulkan/implicit_layer.d
code /etc/vulkan/implicit_layer.d
code /config/.local/share/vulkan/implicit_layer.d
code /usr/local/share/vulkan/implicit_layer.d
code /usr/share/vulkan/implicit_layer.d
code /usr/share/vulkan/implicit_layer.d/VkLayer_MESA_device_select.json
code /config/.config/vulkan/icd.d
code /config/.config/kdedefaults/vulkan/icd.d
code /etc/xdg/vulkan/icd.d
code /usr/share/kubuntu-default-settings/kf5-settings/vulkan/icd.d
code /etc/vulkan/icd.d
code /config/.local/share/vulkan/icd.d
code /usr/local/share/vulkan/icd.d
code /usr/share/vulkan/icd.d
code /usr/share/vulkan/icd.d/asahi_icd.json
code /usr/share/code/libvulkan_asahi.so
code /etc/ld.so.cache
code /lib/x86_64-linux-gnu/libvulkan_asahi.so
code /usr/share/code/libX11-xcb.so.1
code /lib/x86_64-linux-gnu/libX11-xcb.so.1
code /usr/share/code/libxcb-dri3.so.0
code /lib/x86_64-linux-gnu/libxcb-dri3.so.0
code /usr/share/code/libxcb-present.so.0
code /lib/x86_64-linux-gnu/libxcb-present.so.0
code /usr/share/code/libxcb-xfixes.so.0
code /lib/x86_64-linux-gnu/libxcb-xfixes.so.0
code /usr/share/code/libxcb-sync.so.1
code /lib/x86_64-linux-gnu/libxcb-sync.so.1
code /usr/share/code/libxcb-randr.so.0
code /lib/x86_64-linux-gnu/libxcb-randr.so.0
code /usr/share/code/libxshmfence.so.1
code /lib/x86_64-linux-gnu/libxshmfence.so.1
code /usr/share/code/libstdc++.so.6
code /lib/x86_64-linux-gnu/libstdc++.so.6
code /usr/share/vulkan/icd.d/gfxstream_vk_icd.json
code /usr/share/code/libvulkan_gfxstream.so
code /etc/ld.so.cache
code /lib/x86_64-linux-gnu/libvulkan_gfxstream.so
code /usr/share/vulkan/icd.d/intel_hasvk_icd.json
code /usr/share/code/libvulkan_intel_hasvk.so
code /etc/ld.so.cache
code /lib/x86_64-linux-gnu/libvulkan_intel_hasvk.so
code /usr/share/vulkan/icd.d/intel_icd.json
code /usr/share/code/libvulkan_intel.so
code /etc/ld.so.cache
code /lib/x86_64-linux-gnu/libvulkan_intel.so
code /usr/share/vulkan/icd.d/lvp_icd.json
code /usr/share/code/libvulkan_lvp.so
code /etc/ld.so.cache
code /lib/x86_64-linux-gnu/libvulkan_lvp.so
code /usr/share/code/libLLVM.so.20.1
code /lib/x86_64-linux-gnu/libLLVM.so.20.1
code /lib/x86_64-linux-gnu/../lib/glibc-hwcaps/x86-64-v3/libedit.so.2
code /lib/x86_64-linux-gnu/../lib/glibc-hwcaps/x86-64-v2/libedit.so.2
code /lib/x86_64-linux-gnu/../lib/libedit.so.2
code /lib/x86_64-linux-gnu/libedit.so.2
code /lib/x86_64-linux-gnu/libxml2.so.2
code /usr/share/code/libtinfo.so.6
code /lib/x86_64-linux-gnu/libtinfo.so.6
code /usr/share/code/libicuuc.so.74
code /lib/x86_64-linux-gnu/libicuuc.so.74
code /usr/share/code/libicudata.so.74
code /lib/x86_64-linux-gnu/libicudata.so.74
xclip /etc/ld.so.cache
xclip /lib/x86_64-linux-gnu/libXmu.so.6
xclip /lib/x86_64-linux-gnu/libX11.so.6
xclip /lib/x86_64-linux-gnu/libc.so.6
xclip /lib/x86_64-linux-gnu/libXt.so.6
xclip /lib/x86_64-linux-gnu/libXext.so.6
xclip /lib/x86_64-linux-gnu/libxcb.so.1
xclip /lib/x86_64-linux-gnu/libSM.so.6
xclip /lib/x86_64-linux-gnu/libICE.so.6
xclip /lib/x86_64-linux-gnu/libXau.so.6
xclip /lib/x86_64-linux-gnu/libXdmcp.so.6
xclip /lib/x86_64-linux-gnu/libuuid.so.1
xclip /lib/x86_64-linux-gnu/libbsd.so.0
xclip /lib/x86_64-linux-gnu/libmd.so.0
xclip /usr/share/X11/locale/locale.alias
xclip /usr/share/X11/locale/locale.dir
xclip /usr/share/X11/locale/C/XLC_LOCALE
xclip /usr/share/X11/locale/locale.alias
xclip /usr/share/X11/locale/locale.dir
xclip /usr/share/X11/locale/C/XLC_LOCALE
Xvfb /proc/1302/cmdline
code /usr/share/vulkan/icd.d/nouveau_icd.json
code /usr/share/code/libvulkan_nouveau.so
code /etc/ld.so.cache
code /lib/x86_64-linux-gnu/libvulkan_nouveau.so
code /usr/share/vulkan/icd.d/radeon_icd.json
code /usr/share/code/libvulkan_radeon.so
code /etc/ld.so.cache
code /lib/x86_64-linux-gnu/libvulkan_radeon.so
code /usr/share/code/libelf.so.1
code /lib/x86_64-linux-gnu/libelf.so.1
code /usr/share/code/libdrm_amdgpu.so.1
code /lib/x86_64-linux-gnu/libdrm_amdgpu.so.1
code /usr/share/vulkan/icd.d/virtio_icd.json
code /usr/share/code/libvulkan_virtio.so
code /etc/ld.so.cache
code /lib/x86_64-linux-gnu/libvulkan_virtio.so
code /config/.config/vulkan/icd.d
code /config/.config/kdedefaults/vulkan/icd.d
code /etc/xdg/vulkan/icd.d
code /usr/share/kubuntu-default-settings/kf5-settings/vulkan/icd.d
code /etc/vulkan/icd.d
code /config/.local/share/vulkan/icd.d
code /usr/local/share/vulkan/icd.d
code /usr/share/vulkan/icd.d
code /usr/share/vulkan/icd.d/asahi_icd.json
code /usr/share/vulkan/icd.d/gfxstream_vk_icd.json
code /usr/share/vulkan/icd.d/intel_hasvk_icd.json
code /usr/share/vulkan/icd.d/intel_icd.json
code /usr/share/vulkan/icd.d/lvp_icd.json
code /usr/share/vulkan/icd.d/nouveau_icd.json
code /usr/share/vulkan/icd.d/radeon_icd.json
code /usr/share/vulkan/icd.d/virtio_icd.json
code /dev/dri
code /config/.config/vulkan/implicit_layer.d
code /config/.config/kdedefaults/vulkan/implicit_layer.d
code /etc/xdg/vulkan/implicit_layer.d
code /usr/share/kubuntu-default-settings/kf5-settings/vulkan/implicit_layer.d
code /etc/vulkan/implicit_layer.d
code /config/.local/share/vulkan/implicit_layer.d
code /usr/local/share/vulkan/implicit_layer.d
code /usr/share/vulkan/implicit_layer.d
code /usr/share/vulkan/implicit_layer.d/VkLayer_MESA_device_select.json
code /config/.config/vulkan/implicit_layer.d
code /config/.config/kdedefaults/vulkan/implicit_layer.d
code /etc/xdg/vulkan/implicit_layer.d
code /usr/share/kubuntu-default-settings/kf5-settings/vulkan/implicit_layer.d
code /etc/vulkan/implicit_layer.d
code /config/.local/share/vulkan/implicit_layer.d
code /usr/local/share/vulkan/implicit_layer.d
code /usr/share/vulkan/implicit_layer.d
code /usr/share/vulkan/implicit_layer.d/VkLayer_MESA_device_select.json
code /config/.config/vulkan/icd.d
code /config/.config/kdedefaults/vulkan/icd.d
code /etc/xdg/vulkan/icd.d
code /usr/share/kubuntu-default-settings/kf5-settings/vulkan/icd.d
code /etc/vulkan/icd.d
code /config/.local/share/vulkan/icd.d
code /usr/local/share/vulkan/icd.d
code /usr/share/vulkan/icd.d
code /usr/share/vulkan/icd.d/asahi_icd.json
code /usr/share/vulkan/icd.d/gfxstream_vk_icd.json
code /usr/share/vulkan/icd.d/intel_hasvk_icd.json
code /usr/share/vulkan/icd.d/intel_icd.json
code /usr/share/vulkan/icd.d/lvp_icd.json
code /usr/share/vulkan/icd.d/nouveau_icd.json
code /usr/share/vulkan/icd.d/radeon_icd.json
code /usr/share/vulkan/icd.d/virtio_icd.json
code /dev/dri
code /config/.config/vulkan/implicit_layer.d
code /config/.config/kdedefaults/vulkan/implicit_layer.d
code /etc/xdg/vulkan/implicit_layer.d
code /usr/share/kubuntu-default-settings/kf5-settings/vulkan/implicit_layer.d
code /etc/vulkan/implicit_layer.d
code /config/.local/share/vulkan/implicit_layer.d
code /usr/local/share/vulkan/implicit_layer.d
code /usr/share/vulkan/implicit_layer.d
code /usr/share/vulkan/implicit_layer.d/VkLayer_MESA_device_select.json
code /config/.config/vulkan/implicit_layer.d
code /config/.config/kdedefaults/vulkan/implicit_layer.d
code /etc/xdg/vulkan/implicit_layer.d
code /usr/share/kubuntu-default-settings/kf5-settings/vulkan/implicit_layer.d
code /etc/vulkan/implicit_layer.d
code /config/.local/share/vulkan/implicit_layer.d
code /usr/local/share/vulkan/implicit_layer.d
code /usr/share/vulkan/implicit_layer.d
code /usr/share/vulkan/implicit_layer.d/VkLayer_MESA_device_select.json
code /config/.config/vulkan/explicit_layer.d
code /config/.config/kdedefaults/vulkan/explicit_layer.d
code /etc/xdg/vulkan/explicit_layer.d
code /usr/share/kubuntu-default-settings/kf5-settings/vulkan/explicit_layer.d
code /etc/vulkan/explicit_layer.d
code /config/.local/share/vulkan/explicit_layer.d
code /usr/local/share/vulkan/explicit_layer.d
code /usr/share/vulkan/explicit_layer.d
code /usr/share/vulkan/explicit_layer.d/VkLayer_INTEL_nullhw.json
code /usr/share/vulkan/explicit_layer.d/VkLayer_MESA_overlay.json
code /config/.config/vulkan/icd.d
code /config/.config/kdedefaults/vulkan/icd.d
code /etc/xdg/vulkan/icd.d
code /usr/share/kubuntu-default-settings/kf5-settings/vulkan/icd.d
code /etc/vulkan/icd.d
code /config/.local/share/vulkan/icd.d
code /usr/local/share/vulkan/icd.d
code /usr/share/vulkan/icd.d
code /usr/share/vulkan/icd.d/asahi_icd.json
code /usr/share/vulkan/icd.d/gfxstream_vk_icd.json
code /usr/share/vulkan/icd.d/intel_hasvk_icd.json
code /usr/share/vulkan/icd.d/intel_icd.json
code /usr/share/vulkan/icd.d/lvp_icd.json
code /usr/share/vulkan/icd.d/nouveau_icd.json
code /usr/share/vulkan/icd.d/radeon_icd.json
code /usr/share/vulkan/icd.d/virtio_icd.json
code /dev/dri
code /usr/share/code/libVkLayer_MESA_device_select.so
code /etc/ld.so.cache
code /lib/x86_64-linux-gnu/libVkLayer_MESA_device_select.so
code /usr/share/drirc.d
code /usr/share/drirc.d/00-mesa-defaults.conf
code /usr/share/drirc.d/00-radv-defaults.conf
code /etc/drirc
code /usr/share/locale/locale.alias
code /usr/share/locale/en_US/LC_MESSAGES/libc.mo
code /usr/share/locale/en/LC_MESSAGES/libc.mo
code /usr/share/locale-langpack/en_US/LC_MESSAGES/libc.mo
code /usr/share/locale-langpack/en/LC_MESSAGES/libc.mo
code /config/.drirc
code /dev/dri
code /dev/dri
code /dev/dri
code /dev/dri
code /usr/share/drirc.d
code /usr/share/drirc.d/00-mesa-defaults.conf
code /usr/share/drirc.d/00-radv-defaults.conf
code /etc/drirc
code /config/.drirc
code /usr/share/drirc.d
code /usr/share/drirc.d/00-mesa-defaults.conf
code /usr/share/drirc.d/00-radv-defaults.conf
code /etc/drirc
code /config/.drirc
code /usr/share/drirc.d
code /usr/share/drirc.d/00-mesa-defaults.conf
code /usr/share/drirc.d/00-radv-defaults.conf
code /etc/drirc
code /config/.drirc
code /usr/share/drirc.d
code /usr/share/drirc.d/00-mesa-defaults.conf
code /usr/share/drirc.d/00-radv-defaults.conf
code /etc/drirc
code /config/.drirc
code /dev/dri
code /dev/dri
code /dev/dri
code /sys/devices/system/cpu/possible
code /sys/devices/system/cpu/cpu0/cpu_capacity
code /sys/devices/system/cpu/cpu1/cpu_capacity
code /sys/devices/system/cpu/cpu2/cpu_capacity
code /sys/devices/system/cpu/cpu3/cpu_capacity
code /sys/devices/system/cpu/cpu4/cpu_capacity
code /sys/devices/system/cpu/cpu5/cpu_capacity
code /sys/devices/system/cpu/cpu6/cpu_capacity
code /sys/devices/system/cpu/cpu7/cpu_capacity
code /sys/devices/system/cpu/cpu8/cpu_capacity
code /sys/devices/system/cpu/cpu9/cpu_capacity
code /sys/devices/system/cpu/cpu10/cpu_capacity
code /sys/devices/system/cpu/cpu11/cpu_capacity
code /sys/devices/system/cpu/cpu12/cpu_capacity
code /sys/devices/system/cpu/cpu13/cpu_capacity
code /sys/devices/system/cpu/cpu14/cpu_capacity
code /sys/devices/system/cpu/cpu15/cpu_capacity
code /dev/udmabuf
code /dev/dri
code /dev/dri
code /dev/dri
code /sys/class/drm/card0/device/boot_vga
code /sys/class/drm/card0/device/boot_vga
Xvfb /proc/1299/cmdline
Xvfb /proc/1299/cmdline
code /usr/share/code/libvulkan.so
code /usr/share/code/libvulkan.so.1
code /config/.config/vulkan/implicit_layer.d
code /config/.config/kdedefaults/vulkan/implicit_layer.d
code /etc/xdg/vulkan/implicit_layer.d
code /usr/share/kubuntu-default-settings/kf5-settings/vulkan/implicit_layer.d
code /etc/vulkan/implicit_layer.d
code /config/.local/share/vulkan/implicit_layer.d
code /usr/local/share/vulkan/implicit_layer.d
code /usr/share/vulkan/implicit_layer.d
code /usr/share/vulkan/implicit_layer.d/VkLayer_MESA_device_select.json
code /config/.config/vulkan/implicit_layer.d
code /config/.config/kdedefaults/vulkan/implicit_layer.d
code /etc/xdg/vulkan/implicit_layer.d
code /usr/share/kubuntu-default-settings/kf5-settings/vulkan/implicit_layer.d
code /etc/vulkan/implicit_layer.d
code /config/.local/share/vulkan/implicit_layer.d
code /usr/local/share/vulkan/implicit_layer.d
code /usr/share/vulkan/implicit_layer.d
code /usr/share/vulkan/implicit_layer.d/VkLayer_MESA_device_select.json
code /config/.config/vulkan/implicit_layer.d
code /config/.config/kdedefaults/vulkan/implicit_layer.d
code /etc/xdg/vulkan/implicit_layer.d
code /usr/share/kubuntu-default-settings/kf5-settings/vulkan/implicit_layer.d
code /etc/vulkan/implicit_layer.d
code /config/.local/share/vulkan/implicit_layer.d
code /usr/local/share/vulkan/implicit_layer.d
code /usr/share/vulkan/implicit_layer.d
code /usr/share/vulkan/implicit_layer.d/VkLayer_MESA_device_select.json
code /config/.config/vulkan/explicit_layer.d
code /config/.config/kdedefaults/vulkan/explicit_layer.d
code /etc/xdg/vulkan/explicit_layer.d
code /usr/share/kubuntu-default-settings/kf5-settings/vulkan/explicit_layer.d
code /etc/vulkan/explicit_layer.d
code /config/.local/share/vulkan/explicit_layer.d
code /usr/local/share/vulkan/explicit_layer.d
code /usr/share/vulkan/explicit_layer.d
code /usr/share/vulkan/explicit_layer.d/VkLayer_INTEL_nullhw.json
code /usr/share/vulkan/explicit_layer.d/VkLayer_MESA_overlay.json
code /config/.config/vulkan/implicit_layer.d
code /config/.config/kdedefaults/vulkan/implicit_layer.d
code /etc/xdg/vulkan/implicit_layer.d
code /usr/share/kubuntu-default-settings/kf5-settings/vulkan/implicit_layer.d
code /etc/vulkan/implicit_layer.d
code /config/.local/share/vulkan/implicit_layer.d
code /usr/local/share/vulkan/implicit_layer.d
code /usr/share/vulkan/implicit_layer.d
code /usr/share/vulkan/implicit_layer.d/VkLayer_MESA_device_select.json
code /config/.config/vulkan/implicit_layer.d
code /config/.config/kdedefaults/vulkan/implicit_layer.d
code /etc/xdg/vulkan/implicit_layer.d
code /usr/share/kubuntu-default-settings/kf5-settings/vulkan/implicit_layer.d
code /etc/vulkan/implicit_layer.d
code /config/.local/share/vulkan/implicit_layer.d
code /usr/local/share/vulkan/implicit_layer.d
code /usr/share/vulkan/implicit_layer.d
code /usr/share/vulkan/implicit_layer.d/VkLayer_MESA_device_select.json
code /config/.config/vulkan/explicit_layer.d
code /config/.config/kdedefaults/vulkan/explicit_layer.d
code /etc/xdg/vulkan/explicit_layer.d
code /usr/share/kubuntu-default-settings/kf5-settings/vulkan/explicit_layer.d
code /etc/vulkan/explicit_layer.d
code /config/.local/share/vulkan/explicit_layer.d
code /usr/local/share/vulkan/explicit_layer.d
code /usr/share/vulkan/explicit_layer.d
code /usr/share/vulkan/explicit_layer.d/VkLayer_INTEL_nullhw.json
code /usr/share/vulkan/explicit_layer.d/VkLayer_MESA_overlay.json
code /config/.config/vulkan/implicit_layer.d
code /config/.config/kdedefaults/vulkan/implicit_layer.d
code /etc/xdg/vulkan/implicit_layer.d
code /usr/share/kubuntu-default-settings/kf5-settings/vulkan/implicit_layer.d
code /etc/vulkan/implicit_layer.d
code /config/.local/share/vulkan/implicit_layer.d
code /usr/local/share/vulkan/implicit_layer.d
code /usr/share/vulkan/implicit_layer.d
code /usr/share/vulkan/implicit_layer.d/VkLayer_MESA_device_select.json
code /config/.config/vulkan/implicit_layer.d
code /config/.config/kdedefaults/vulkan/implicit_layer.d
code /etc/xdg/vulkan/implicit_layer.d
code /usr/share/kubuntu-default-settings/kf5-settings/vulkan/implicit_layer.d
code /etc/vulkan/implicit_layer.d
code /config/.local/share/vulkan/implicit_layer.d
code /usr/local/share/vulkan/implicit_layer.d
code /usr/share/vulkan/implicit_layer.d
code /usr/share/vulkan/implicit_layer.d/VkLayer_MESA_device_select.json
code /usr/share/code/./vk_swiftshader_icd.json
code /usr/share/code/././libvk_swiftshader.so
code /usr/share/code/./vk_swiftshader_icd.json
code /config/.config/vulkan/implicit_layer.d
code /config/.config/kdedefaults/vulkan/implicit_layer.d
code /etc/xdg/vulkan/implicit_layer.d
code /usr/share/kubuntu-default-settings/kf5-settings/vulkan/implicit_layer.d
code /etc/vulkan/implicit_layer.d
code /config/.local/share/vulkan/implicit_layer.d
code /usr/local/share/vulkan/implicit_layer.d
code /usr/share/vulkan/implicit_layer.d
code /usr/share/vulkan/implicit_layer.d/VkLayer_MESA_device_select.json
code /config/.config/vulkan/implicit_layer.d
code /config/.config/kdedefaults/vulkan/implicit_layer.d
code /etc/xdg/vulkan/implicit_layer.d
code /usr/share/kubuntu-default-settings/kf5-settings/vulkan/implicit_layer.d
code /etc/vulkan/implicit_layer.d
code /config/.local/share/vulkan/implicit_layer.d
code /usr/local/share/vulkan/implicit_layer.d
code /usr/share/vulkan/implicit_layer.d
code /usr/share/vulkan/implicit_layer.d/VkLayer_MESA_device_select.json
code /usr/share/code/./vk_swiftshader_icd.json
code /config/.config/vulkan/implicit_layer.d
code /config/.config/kdedefaults/vulkan/implicit_layer.d
code /etc/xdg/vulkan/implicit_layer.d
code /usr/share/kubuntu-default-settings/kf5-settings/vulkan/implicit_layer.d
code /etc/vulkan/implicit_layer.d
code /config/.local/share/vulkan/implicit_layer.d
code /usr/local/share/vulkan/implicit_layer.d
code /usr/share/vulkan/implicit_layer.d
code /usr/share/vulkan/implicit_layer.d/VkLayer_MESA_device_select.json
code /config/.config/vulkan/implicit_layer.d
code /config/.config/kdedefaults/vulkan/implicit_layer.d
code /etc/xdg/vulkan/implicit_layer.d
code /usr/share/kubuntu-default-settings/kf5-settings/vulkan/implicit_layer.d
code /etc/vulkan/implicit_layer.d
code /config/.local/share/vulkan/implicit_layer.d
code /usr/local/share/vulkan/implicit_layer.d
code /usr/share/vulkan/implicit_layer.d
code /usr/share/vulkan/implicit_layer.d/VkLayer_MESA_device_select.json
code /config/.config/vulkan/explicit_layer.d
code /config/.config/kdedefaults/vulkan/explicit_layer.d
code /etc/xdg/vulkan/explicit_layer.d
code /usr/share/kubuntu-default-settings/kf5-settings/vulkan/explicit_layer.d
code /etc/vulkan/explicit_layer.d
code /config/.local/share/vulkan/explicit_layer.d
code /usr/local/share/vulkan/explicit_layer.d
code /usr/share/vulkan/explicit_layer.d
code /usr/share/vulkan/explicit_layer.d/VkLayer_INTEL_nullhw.json
code /usr/share/vulkan/explicit_layer.d/VkLayer_MESA_overlay.json
code /usr/share/code/./vk_swiftshader_icd.json
code /usr/share/code/libVkLayer_MESA_device_select.so
code /etc/ld.so.cache
code /lib/x86_64-linux-gnu/libVkLayer_MESA_device_select.so
Xvfb /proc/1299/cmdline
code /sys/class/drm/card0/device/boot_vga
Xvfb /proc/1299/cmdline
code /sys/class/drm/card0/device/boot_vga
code SwiftShader.ini
code /sys/devices/system/cpu/online
code /dev/dri/renderD128
code /usr/share/code/libva.so.2
code /etc/ld.so.cache
code /lib/x86_64-linux-gnu/libva.so.2
code /usr/share/code/libva-drm.so.2
code /etc/ld.so.cache
code /lib/x86_64-linux-gnu/libva-drm.so.2
code /sys/class/tty/tty0/active
code /proc/
code /proc/
code /proc/
ThreadPoolSingl /proc/1299/task
ThreadPoolSingl /proc/1299/task/1299/status
ThreadPoolSingl /proc/1299/task
ThreadPoolSingl /proc/1299/task/1299/status
ThreadPoolSingl /proc/1299/task/1303/status
ThreadPoolSingl /proc/1299/task/1304/status
ThreadPoolSingl /proc/1299/task/1305/status
ThreadPoolSingl /proc/1299/task/1306/status
Chrome_IOThread /dev/shm/.org.chromium.Chromium.Oslq8I
Chrome_IOThread /dev/shm/.org.chromium.Chromium.Oslq8I
ThreadPoolSingl /proc/1299/task/1307/status
ThreadPoolSingl /proc/1299/task/1308/status
ThreadPoolSingl /proc/1299/task/1309/status
ThreadPoolSingl /proc/1299/task/1310/status
ThreadPoolSingl /proc/1299/task/1311/status
ThreadPoolSingl /proc/1299/task/1312/status
ThreadPoolSingl /proc/1299/task/1313/status
ThreadPoolSingl /proc/1299/task/1314/status
ThreadPoolSingl /proc/1299/task/1315/status
ThreadPoolSingl /proc/1299/task/1316/status
Chrome_IOThread /dev/shm/.org.chromium.Chromium.NR5R9Z
Chrome_IOThread /dev/shm/.org.chromium.Chromium.NR5R9Z
ThreadPoolSingl /proc/1299/task/1317/status
ThreadPoolSingl /proc/1299/task/1318/status
Chrome_IOThread /dev/shm/.org.chromium.Chromium.xBUwFy
ThreadPoolSingl /proc/1299/task/1319/status
ThreadPoolSingl /proc/1299/task/1320/status
ThreadPoolSingl /proc/1299/task/1322/status
ThreadPoolSingl /proc/1299/task/1323/status
ThreadPoolSingl /proc/1299/task/1324/status
Chrome_IOThread /dev/shm/.org.chromium.Chromium.E7Foc8
Chrome_IOThread /dev/shm/.org.chromium.Chromium.E7Foc8
ThreadPoolSingl /proc/1299/task/1325/status
ThreadPoolSingl /proc/1299/task/1326/status
ThreadPoolSingl /proc/1299/task/1327/status
ThreadPoolSingl /proc/1299/task
ThreadPoolSingl /proc/1299/task/1299/status
ThreadPoolSingl /proc/1299/task/1303/status
Chrome_IOThread /dev/shm/.org.chromium.Chromium.AbGFE4
Chrome_IOThread /dev/shm/.org.chromium.Chromium.AbGFE4
ThreadPoolSingl /proc/1299/task/1304/status
ThreadPoolSingl /proc/1299/task/1305/status
Chrome_IOThread /dev/shm/.org.chromium.Chromium.t0r57Y
code /dev/shm/.org.chromium.Chromium.xwl0Jq
Chrome_IOThread /dev/shm/.org.chromium.Chromium.t0r57Y
ThreadPoolSingl /proc/1299/task/1306/status
ThreadPoolSingl /proc/1299/task/1307/status
ThreadPoolSingl /proc/1299/task/1308/status
ThreadPoolSingl /proc/1299/task/1309/status
ThreadPoolSingl /proc/1299/task/1310/status
Chrome_IOThread /dev/shm/.org.chromium.Chromium.G8XuVm
code /dev/shm/.org.chromium.Chromium.BfZ067
Chrome_IOThread /dev/shm/.org.chromium.Chromium.G8XuVm
ThreadPoolSingl /proc/1299/task/1311/status
ThreadPoolSingl /proc/1299/task/1312/status
ThreadPoolSingl /proc/1299/task/1313/status
ThreadPoolSingl /proc/1299/task/1314/status
code /dev/shm/.org.chromium.Chromium.rGarnd
ThreadPoolSingl /proc/1299/task/1315/status
ThreadPoolSingl /proc/1299/task/1316/status
ThreadPoolSingl /proc/1299/task/1317/status
Chrome_IOThread /dev/shm/.org.chromium.Chromium.on7JFt
Chrome_IOThread /dev/shm/.org.chromium.Chromium.on7JFt
ThreadPoolSingl /proc/1299/task/1318/status
ThreadPoolSingl /proc/1299/task/1319/status
ThreadPoolSingl /proc/1299/task/1320/status
Chrome_IOThread /dev/shm/.org.chromium.Chromium.wSRHij
ThreadPoolSingl /proc/1299/task/1322/status
Chrome_IOThread /dev/shm/.org.chromium.Chromium.wSRHij
ThreadPoolSingl /proc/1299/task/1323/status
ThreadPoolSingl /proc/1299/task/1324/status
ThreadPoolSingl /proc/1299/task/1325/status
ThreadPoolSingl /proc/1299/task/1326/status
ThreadPoolSingl /proc/1299/task/1327/status
Chrome_IOThread /dev/shm/.org.chromium.Chromium.zpdRXs
ThreadPoolSingl /proc/1299/task
ThreadPoolSingl /proc/1299/task/1299/status
ThreadPoolSingl /proc/1299/task/1303/status
ThreadPoolSingl /proc/1299/task/1304/status
ThreadPoolSingl /proc/1299/task/1305/status
ThreadPoolForeg /config/.icons/breeze_cursors/cursors/left_ptr
ThreadPoolForeg /config/.icons/breeze_cursors/index.theme
ThreadPoolSingl /proc/1299/task/1306/status
ThreadPoolForeg /usr/share/icons/breeze_cursors/cursors/left_ptr
ThreadPoolSingl /proc/1299/task/1307/status
ThreadPoolSingl /proc/1299/task/1308/status
ThreadPoolSingl /proc/1299/task/1309/status
ThreadPoolSingl /proc/1299/task/1310/status
ThreadPoolSingl /proc/1299/task/1311/status
ThreadPoolSingl /proc/1299/task/1312/status
Chrome_IOThread /dev/shm/.org.chromium.Chromium.O9BUlX
Chrome_IOThread /dev/shm/.org.chromium.Chromium.O9BUlX
ThreadPoolSingl /proc/1299/task/1313/status
ThreadPoolSingl /proc/1299/task/1314/status
ThreadPoolSingl /proc/1299/task/1315/status
ThreadPoolSingl /proc/1299/task/1316/status
ThreadPoolSingl /proc/1299/task/1317/status
ThreadPoolSingl /proc/1299/task/1318/status
ThreadPoolSingl /proc/1299/task/1319/status
ThreadPoolSingl /proc/1299/task/1320/status
ThreadPoolSingl /proc/1299/task/1322/status
ThreadPoolSingl /proc/1299/task
ThreadPoolSingl /proc/1299/task/1299/status
ThreadPoolSingl /proc/1299/task/1303/status
ThreadPoolSingl /proc/1299/task/1304/status
ThreadPoolSingl /proc/1299/task/1305/status
ThreadPoolSingl /proc/1299/task/1306/status
ThreadPoolSingl /proc/1299/task/1307/status
ThreadPoolSingl /proc/1299/task/1308/status
ThreadPoolSingl /proc/1299/task/1309/status
ThreadPoolSingl /proc/1299/task/1310/status
ThreadPoolSingl /proc/1299/task/1311/status
ThreadPoolSingl /proc/1299/task/1312/status
ThreadPoolSingl /proc/1299/task/1313/status
ThreadPoolSingl /proc/1299/task/1314/status
ThreadPoolSingl /proc/1299/task/1315/status
ThreadPoolSingl /proc/1299/task/1316/status
ThreadPoolSingl /proc/1299/task/1317/status
ThreadPoolSingl /proc/1299/task/1318/status
ThreadPoolSingl /proc/1299/task/1319/status
ThreadPoolSingl /proc/1299/task/1320/status
ThreadPoolSingl /proc/1299/task/1322/status
ThreadPoolSingl /proc/1299/task/1323/status
ThreadPoolSingl /proc/1299/task
ThreadPoolSingl /proc/1299/task/1299/status
ThreadPoolSingl /proc/1299/task/1303/status
ThreadPoolSingl /proc/1299/task/1304/status
ThreadPoolSingl /proc/1299/task/1305/status
ThreadPoolSingl /proc/1299/task/1306/status
ThreadPoolSingl /proc/1299/task/1307/status
ThreadPoolSingl /proc/1299/task/1308/status
ThreadPoolSingl /proc/1299/task/1309/status
ThreadPoolSingl /proc/1299/task/1310/status
ThreadPoolSingl /proc/1299/task/1311/status
ThreadPoolSingl /proc/1299/task/1312/status
ThreadPoolSingl /proc/1299/task/1313/status
ThreadPoolSingl /proc/1299/task/1314/status
ThreadPoolSingl /proc/1299/task/1315/status
ThreadPoolSingl /proc/1299/task/1316/status
ThreadPoolSingl /proc/1299/task/1317/status
ThreadPoolSingl /proc/1299/task/1318/status
ThreadPoolSingl /proc/1299/task/1319/status
ThreadPoolSingl /proc/1299/task/1320/status
ThreadPoolSingl /proc/1299/task/1322/status
ThreadPoolSingl /proc/1299/task/1323/status
ThreadPoolSingl /proc/1299/task/1324/status
ThreadPoolSingl /proc/1299/task/1325/status
ThreadPoolSingl /proc/1299/task
ThreadPoolSingl /proc/1299/task/1299/status
ThreadPoolSingl /proc/1299/task/1303/status
ThreadPoolSingl /proc/1299/task/1304/status
ThreadPoolSingl /proc/1299/task/1305/status
ThreadPoolSingl /proc/1299/task/1306/status
ThreadPoolSingl /proc/1299/task/1307/status
ThreadPoolSingl /proc/1299/task/1308/status
ThreadPoolSingl /proc/1299/task/1309/status
ThreadPoolSingl /proc/1299/task/1310/status
ThreadPoolSingl /proc/1299/task/1311/status
ThreadPoolSingl /proc/1299/task/1312/status
ThreadPoolSingl /proc/1299/task/1313/status
ThreadPoolSingl /proc/1299/task/1314/status
ThreadPoolSingl /proc/1299/task/1315/status
ThreadPoolSingl /proc/1299/task/1316/status
ThreadPoolSingl /proc/1299/task/1317/status
ThreadPoolSingl /proc/1299/task/1318/status
ThreadPoolSingl /proc/1299/task/1319/status
ThreadPoolSingl /proc/1299/task/1320/status
ThreadPoolSingl /proc/1299/task/1322/status
ThreadPoolSingl /proc/1299/task/1323/status
ThreadPoolSingl /proc/1299/task/1324/status
ThreadPoolSingl /proc/1299/task
ThreadPoolSingl /proc/1299/task/1299/status
ThreadPoolSingl /proc/1299/task/1303/status
ThreadPoolSingl /proc/1299/task/1304/status
ThreadPoolSingl /proc/1299/task/1305/status
ThreadPoolSingl /proc/1299/task/1306/status
ThreadPoolSingl /proc/1299/task/1307/status
ThreadPoolSingl /proc/1299/task/1308/status
ThreadPoolSingl /proc/1299/task/1309/status
ThreadPoolSingl /proc/1299/task/1310/status
ThreadPoolSingl /proc/1299/task/1311/status
ThreadPoolSingl /proc/1299/task/1312/status
ThreadPoolSingl /proc/1299/task/1313/status
ThreadPoolSingl /proc/1299/task/1314/status
ThreadPoolSingl /proc/1299/task/1315/status
ThreadPoolSingl /proc/1299/task/1316/status
ThreadPoolSingl /proc/1299/task/1317/status
ThreadPoolSingl /proc/1299/task/1318/status
ThreadPoolSingl /proc/1299/task/1319/status
ThreadPoolSingl /proc/1299/task/1320/status
ThreadPoolSingl /proc/1299/task/1322/status
ThreadPoolSingl /proc/1299/task/1323/status
ThreadPoolSingl /proc/1299/task/1324/status
ThreadPoolSingl /proc/1299/task/1325/status
ThreadPoolSingl /proc/1299/task/1326/status
ThreadPoolSingl /proc/1299/task
ThreadPoolSingl /proc/1299/task/1299/status
ThreadPoolSingl /proc/1299/task/1303/status
ThreadPoolSingl /proc/1299/task/1304/status
ThreadPoolSingl /proc/1299/task/1305/status
ThreadPoolSingl /proc/1299/task/1306/status
ThreadPoolSingl /proc/1299/task/1307/status
ThreadPoolSingl /proc/1299/task/1308/status
ThreadPoolSingl /proc/1299/task/1309/status
ThreadPoolSingl /proc/1299/task/1310/status
ThreadPoolSingl /proc/1299/task/1311/status
ThreadPoolSingl /proc/1299/task/1312/status
ThreadPoolSingl /proc/1299/task/1313/status
ThreadPoolSingl /proc/1299/task/1314/status
ThreadPoolSingl /proc/1299/task/1315/status
ThreadPoolSingl /proc/1299/task/1316/status
ThreadPoolSingl /proc/1299/task/1317/status
ThreadPoolSingl /proc/1299/task/1318/status
ThreadPoolSingl /proc/1299/task/1319/status
ThreadPoolSingl /proc/1299/task/1320/status
ThreadPoolSingl /proc/1299/task/1322/status
ThreadPoolSingl /proc/1299/task/1323/status
ThreadPoolSingl /proc/1299/task/1324/status
ThreadPoolSingl /proc/1299/task/1325/status
ThreadPoolSingl /proc/1299/task/1326/status
ThreadPoolSingl /proc/1299/task/1327/status
selkies /proc/stat
selkies /proc/meminfo
xclip /etc/ld.so.cache
xclip /lib/x86_64-linux-gnu/libXmu.so.6
xclip /lib/x86_64-linux-gnu/libX11.so.6
xclip /lib/x86_64-linux-gnu/libc.so.6
xclip /lib/x86_64-linux-gnu/libXt.so.6
xclip /lib/x86_64-linux-gnu/libXext.so.6
xclip /lib/x86_64-linux-gnu/libxcb.so.1
xclip /lib/x86_64-linux-gnu/libSM.so.6
xclip /lib/x86_64-linux-gnu/libICE.so.6
xclip /lib/x86_64-linux-gnu/libXau.so.6
xclip /lib/x86_64-linux-gnu/libXdmcp.so.6
xclip /lib/x86_64-linux-gnu/libuuid.so.1
xclip /lib/x86_64-linux-gnu/libbsd.so.0
xclip /lib/x86_64-linux-gnu/libmd.so.0
xclip /usr/share/X11/locale/locale.alias
xclip /usr/share/X11/locale/locale.dir
xclip /usr/share/X11/locale/C/XLC_LOCALE
xclip /usr/share/X11/locale/locale.alias
xclip /usr/share/X11/locale/locale.dir
xclip /usr/share/X11/locale/C/XLC_LOCALE
Xvfb /proc/1335/cmdline
ThreadPoolForeg /dev/shm/.org.chromium.Chromium.cQczf6
ThreadPoolForeg /dev/shm/.org.chromium.Chromium.cQczf6
ThreadPoolSingl /proc/1219/task
ThreadPoolSingl /proc/1219/task/1219/status
ThreadPoolSingl /proc/1219/task/1236/status
ThreadPoolSingl /proc/1219/task/1237/status
ThreadPoolSingl /proc/1219/task/1238/status
ThreadPoolSingl /proc/1219/task/1239/status
ThreadPoolSingl /proc/1219/task/1240/status
ThreadPoolSingl /proc/1219/task/1249/status
ThreadPoolSingl /proc/1219/task/1250/status
ThreadPoolSingl /proc/1219/task/1259/status
ThreadPoolSingl /proc/1219/task/1334/status
ThreadPoolSingl /proc/1219/task
ThreadPoolSingl /proc/1219/task/1219/status
ThreadPoolSingl /proc/1219/task/1236/status
ThreadPoolSingl /proc/1219/task/1237/status
ThreadPoolSingl /proc/1219/task/1238/status
ThreadPoolSingl /proc/1219/task/1239/status
ThreadPoolSingl /proc/1219/task/1240/status
ThreadPoolSingl /proc/1219/task/1249/status
ThreadPoolSingl /proc/1219/task/1250/status
ThreadPoolSingl /proc/1219/task/1259/status
ThreadPoolSingl /proc/1219/task/1334/status
ThreadPoolSingl /proc/1219/task/1336/status
ThreadPoolSingl /proc/1219/task/1337/status
ThreadPoolSingl /proc/1219/task
ThreadPoolSingl /proc/1219/task/1219/status
ThreadPoolSingl /proc/1219/task/1236/status
ThreadPoolSingl /proc/1219/task/1237/status
ThreadPoolSingl /proc/1219/task/1238/status
ThreadPoolSingl /proc/1219/task/1239/status
ThreadPoolSingl /proc/1219/task/1240/status
ThreadPoolSingl /proc/1219/task/1249/status
ThreadPoolSingl /proc/1219/task/1250/status
ThreadPoolSingl /proc/1219/task/1259/status
ThreadPoolSingl /proc/1219/task/1334/status
ThreadPoolSingl /proc/1219/task/1336/status
ThreadPoolSingl /proc/1219/task
ThreadPoolSingl /proc/1219/task/1219/status
ThreadPoolSingl /proc/1219/task/1236/status
ThreadPoolSingl /proc/1219/task/1237/status
ThreadPoolSingl /proc/1219/task/1238/status
ThreadPoolSingl /proc/1219/task/1239/status
ThreadPoolSingl /proc/1219/task/1240/status
ThreadPoolSingl /proc/1219/task/1249/status
ThreadPoolSingl /proc/1219/task/1250/status
ThreadPoolSingl /proc/1219/task/1259/status
ThreadPoolSingl /proc/1219/task/1334/status
ThreadPoolSingl /proc/1219/task/1336/status
ThreadPoolSingl /proc/1219/task/1337/status
ThreadPoolSingl /proc/1219/task/1338/status
ThreadPoolSingl /proc/1219/task
ThreadPoolSingl /proc/1219/task/1219/status
ThreadPoolSingl /proc/1219/task/1236/status
ThreadPoolSingl /proc/1219/task/1237/status
ThreadPoolSingl /proc/1219/task/1238/status
ThreadPoolSingl /proc/1219/task/1239/status
ThreadPoolSingl /proc/1219/task/1240/status
ThreadPoolSingl /proc/1219/task/1249/status
ThreadPoolSingl /proc/1219/task/1250/status
ThreadPoolSingl /proc/1219/task/1259/status
ThreadPoolSingl /proc/1219/task/1334/status
ThreadPoolSingl /proc/1219/task/1336/status
ThreadPoolSingl /proc/1219/task/1337/status
ThreadPoolSingl /proc/1219/task/1338/status
ThreadPoolSingl /proc/1219/task/1339/status
ThreadPoolSingl /proc/1219/task
ThreadPoolSingl /proc/1219/task/1219/status
ThreadPoolSingl /proc/1219/task/1236/status
ThreadPoolSingl /proc/1219/task/1237/status
ThreadPoolSingl /proc/1219/task/1238/status
ThreadPoolSingl /proc/1219/task/1239/status
ThreadPoolSingl /proc/1219/task/1240/status
ThreadPoolSingl /proc/1219/task/1249/status
ThreadPoolSingl /proc/1219/task/1250/status
ThreadPoolSingl /proc/1219/task/1259/status
ThreadPoolSingl /proc/1219/task/1334/status
ThreadPoolSingl /proc/1219/task/1336/status
ThreadPoolSingl /proc/1219/task/1337/status
ThreadPoolSingl /proc/1219/task/1338/status
ThreadPoolSingl /proc/1219/task/1339/status
ThreadPoolSingl /proc/1219/task/1340/status
Chrome_IOThread /dev/shm/.org.chromium.Chromium.E1d3qt
Chrome_IOThread /dev/shm/.org.chromium.Chromium.E1d3qt
ThreadPoolSingl /dev/shm/.org.chromium.Chromium.JCbjcp
ThreadPoolSingl /dev/shm/.org.chromium.Chromium.JCbjcp
code /usr/share/code/resources/app/out/package.json
libuv-worker /etc/vscode/policy.json
libuv-worker /config/.config/Code/User/settings.json
code /usr/share/code/resources/app/out/package.json
code /usr/share/code/resources/app/node_modules/@vscode/sqlite3/lib/package.json
code /usr/share/code/resources/app/node_modules/@vscode/sqlite3/lib/package.json
libuv-worker /config/.config/Code/User/workspaceStorage/1778804999111/state.vscdb
code /config/.config/Code/logs/20260515T002957/window1/renderer.log
libuv-worker /etc/vscode/policy.json
libuv-worker /config/.config/Code/User/workspaceStorage/1778804999111/state.vscdb-journal
libuv-worker /config/.config/Code/User/workspaceStorage/1778804999111
libuv-worker /config/.config/Code/User/workspaceStorage/1778804999111/state.vscdb-journal
ThreadPoolForeg /config/.config/Code/CachedData/8b640eef5a6c6089c029249d48efa5c99adf7d51/chrome/js/f43867989830a514_0
ThreadPoolForeg /config/.config/Code/CachedData/8b640eef5a6c6089c029249d48efa5c99adf7d51/chrome/js/5ffc9b8837f2b807_0
libuv-worker /config/.config/Code/User/workspaceStorage/1778804999111
code /usr/share/code/resources/app/out/package.json
code /config/.config/Code/logs/20260515T002957/window1/views.log
code /usr/share/code/resources/app/out/package.json
code /config/.config/Code/logs/20260515T002957/window1/network.log
ThreadPoolForeg /config/.config/Code/Cache/Cache_Data/9f50bddbd978eddd_0
libuv-worker /config/.config/Code/User/workspaceStorage/1778804999111/state.vscdb-journal
libuv-worker /config/.config/Code/User/workspaceStorage/1778804999111
ThreadPoolForeg /dev/shm/.org.chromium.Chromium.EDdPGY
ThreadPoolForeg /usr/share/code/resources/app/node_modules/tas-client/dist/tas-client.min.js
ThreadPoolForeg /usr/share/fonts/truetype/noto/NotoSansMono-Regular.ttf
ThreadPoolForeg /usr/share/fonts/truetype/liberation/LiberationSerif-Regular.ttf
ThreadPoolForeg /usr/share/fonts/opentype/noto/NotoSansCJK-Regular.ttc
ThreadPoolForeg /usr/share/fonts/truetype/noto/NotoSansMono-Bold.ttf
code /dev/shm/.org.chromium.Chromium.EXOCFP
code /dev/shm/.org.chromium.Chromium.ltTJhY
code /dev/shm/.org.chromium.Chromium.MHkQ6A
xclip /etc/ld.so.cache
xclip /lib/x86_64-linux-gnu/libXmu.so.6
xclip /lib/x86_64-linux-gnu/libX11.so.6
xclip /lib/x86_64-linux-gnu/libc.so.6
xclip /lib/x86_64-linux-gnu/libXt.so.6
xclip /lib/x86_64-linux-gnu/libXext.so.6
xclip /lib/x86_64-linux-gnu/libxcb.so.1
xclip /lib/x86_64-linux-gnu/libSM.so.6
xclip /lib/x86_64-linux-gnu/libICE.so.6
xclip /lib/x86_64-linux-gnu/libXau.so.6
xclip /lib/x86_64-linux-gnu/libXdmcp.so.6
xclip /lib/x86_64-linux-gnu/libuuid.so.1
xclip /lib/x86_64-linux-gnu/libbsd.so.0
xclip /lib/x86_64-linux-gnu/libmd.so.0
xclip /usr/share/X11/locale/locale.alias
xclip /usr/share/X11/locale/locale.dir
xclip /usr/share/X11/locale/C/XLC_LOCALE
xclip /usr/share/X11/locale/locale.alias
xclip /usr/share/X11/locale/locale.dir
xclip /usr/share/X11/locale/C/XLC_LOCALE
Xvfb /proc/1341/cmdline
ThreadPoolForeg /dev/shm/.org.chromium.Chromium.8BDLe2
ThreadPoolForeg /usr/share/code/resources/app/out/media/code-icon.svg
ThreadPoolForeg /dev/shm/.org.chromium.Chromium.xwiusr
ThreadPoolForeg /usr/share/code/resources/app/out/media/letterpress-dark.svg
ThreadPoolForeg /usr/share/fonts/truetype/noto/NotoSans-Regular.ttf
code /usr/lib/x86_64-linux-gnu/gtk-3.0/3.0.0/immodules.cache
code /usr/share/fonts/truetype/noto/NotoSans-Bold.ttf
ThreadPoolForeg /usr/share/fonts/truetype/ubuntu/Ubuntu[wdth,wght].ttf
ThreadPoolForeg /usr/share/fonts/truetype/liberation/LiberationSans-Regular.ttf
ThreadPoolForeg /usr/share/fonts/truetype/noto/NotoSans-Bold.ttf
ThreadPoolForeg /usr/share/fonts/truetype/noto/NotoSans-Italic.ttf
Chrome_ChildIOT /dev/shm/.org.chromium.Chromium.HBfx4I
Chrome_IOThread /dev/shm/.org.chromium.Chromium.5fji6I
xfconfd /config/.config/xfce4/xfconf/xfce-perchannel-xml//xsettings.xml.new
libuv-worker /config/.config/Code/machineid
libuv-worker /config/.config/Code/User/keybindings.json
libuv-worker /config/.config/Code/machineid
ThreadPoolSingl /dev/shm/.org.chromium.Chromium.YcWhFf
ThreadPoolSingl /dev/null
ThreadPoolSingl /dev/shm/.org.chromium.Chromium.zRjOvf
ThreadPoolSingl /dev/null
ThreadPoolSingl /proc/self/fd
ThreadPoolSingl /proc/self/fd
exe /usr/share/code/glibc-hwcaps/x86-64-v3/libffmpeg.so
exe /usr/share/code/glibc-hwcaps/x86-64-v2/libffmpeg.so
exe /usr/share/code/libffmpeg.so
exe /usr/share/code/libdl.so.2
exe /etc/ld.so.cache
exe /lib/x86_64-linux-gnu/libdl.so.2
exe /usr/share/code/libpthread.so.0
exe /lib/x86_64-linux-gnu/libpthread.so.0
exe /usr/share/code/libglib-2.0.so.0
exe /lib/x86_64-linux-gnu/libglib-2.0.so.0
exe /usr/share/code/libgobject-2.0.so.0
exe /lib/x86_64-linux-gnu/libgobject-2.0.so.0
exe /usr/share/code/libgio-2.0.so.0
exe /lib/x86_64-linux-gnu/libgio-2.0.so.0
exe /usr/share/code/libnspr4.so
exe /lib/x86_64-linux-gnu/libnspr4.so
exe /usr/share/code/glibc-hwcaps/x86-64-v3/libffmpeg.so
exe /usr/share/code/glibc-hwcaps/x86-64-v2/libffmpeg.so
exe /usr/share/code/libffmpeg.so
exe /usr/share/code/libnss3.so
exe /lib/x86_64-linux-gnu/libnss3.so
exe /usr/share/code/libdl.so.2
exe /etc/ld.so.cache
exe /lib/x86_64-linux-gnu/libdl.so.2
exe /usr/share/code/libnssutil3.so
exe /lib/x86_64-linux-gnu/libnssutil3.so
exe /usr/share/code/libpthread.so.0
exe /lib/x86_64-linux-gnu/libpthread.so.0
exe /usr/share/code/libsmime3.so
exe /lib/x86_64-linux-gnu/libsmime3.so
exe /usr/share/code/libglib-2.0.so.0
exe /lib/x86_64-linux-gnu/libglib-2.0.so.0
exe /usr/share/code/libdbus-1.so.3
exe /lib/x86_64-linux-gnu/libdbus-1.so.3
exe /usr/share/code/libgobject-2.0.so.0
exe /lib/x86_64-linux-gnu/libgobject-2.0.so.0
exe /usr/share/code/libatk-1.0.so.0
exe /lib/x86_64-linux-gnu/libatk-1.0.so.0
exe /usr/share/code/libgio-2.0.so.0
exe /lib/x86_64-linux-gnu/libgio-2.0.so.0
exe /usr/share/code/libatk-bridge-2.0.so.0
exe /lib/x86_64-linux-gnu/libatk-bridge-2.0.so.0
exe /usr/share/code/libnspr4.so
exe /lib/x86_64-linux-gnu/libnspr4.so
exe /usr/share/code/libcairo.so.2
exe /lib/x86_64-linux-gnu/libcairo.so.2
exe /usr/share/code/libnss3.so
exe /lib/x86_64-linux-gnu/libnss3.so
exe /usr/share/code/libgtk-3.so.0
exe /lib/x86_64-linux-gnu/libgtk-3.so.0
exe /usr/share/code/libnssutil3.so
exe /lib/x86_64-linux-gnu/libnssutil3.so
exe /usr/share/code/libpango-1.0.so.0
exe /usr/share/code/libsmime3.so
exe /lib/x86_64-linux-gnu/libpango-1.0.so.0
exe /lib/x86_64-linux-gnu/libsmime3.so
exe /usr/share/code/libdbus-1.so.3
exe /lib/x86_64-linux-gnu/libdbus-1.so.3
exe /usr/share/code/libX11.so.6
exe /lib/x86_64-linux-gnu/libX11.so.6
exe /usr/share/code/libatk-1.0.so.0
exe /lib/x86_64-linux-gnu/libatk-1.0.so.0
exe /usr/share/code/libXcomposite.so.1
Chrome_IOThread /dev/shm/.org.chromium.Chromium.MUUvo9
exe /lib/x86_64-linux-gnu/libXcomposite.so.1
Chrome_IOThread /dev/shm/.org.chromium.Chromium.MUUvo9
exe /usr/share/code/libatk-bridge-2.0.so.0
exe /lib/x86_64-linux-gnu/libatk-bridge-2.0.so.0
exe /usr/share/code/libXdamage.so.1
exe /lib/x86_64-linux-gnu/libXdamage.so.1
exe /usr/share/code/libcairo.so.2
exe /lib/x86_64-linux-gnu/libcairo.so.2
exe /usr/share/code/libXext.so.6
exe /lib/x86_64-linux-gnu/libXext.so.6
exe /usr/share/code/libgtk-3.so.0
exe /lib/x86_64-linux-gnu/libgtk-3.so.0
exe /usr/share/code/libXfixes.so.3
exe /lib/x86_64-linux-gnu/libXfixes.so.3
exe /usr/share/code/libpango-1.0.so.0
exe /lib/x86_64-linux-gnu/libpango-1.0.so.0
exe /usr/share/code/libXrandr.so.2
exe /lib/x86_64-linux-gnu/libXrandr.so.2
exe /usr/share/code/libX11.so.6
exe /lib/x86_64-linux-gnu/libX11.so.6
exe /usr/share/code/libgbm.so.1
exe /lib/x86_64-linux-gnu/libgbm.so.1
Chrome_IOThread /dev/shm/.org.chromium.Chromium.ceqcGx
Chrome_IOThread /dev/shm/.org.chromium.Chromium.ceqcGx
exe /usr/share/code/libXcomposite.so.1
exe /lib/x86_64-linux-gnu/libXcomposite.so.1
exe /usr/share/code/libexpat.so.1
exe /lib/x86_64-linux-gnu/libexpat.so.1
exe /usr/share/code/libXdamage.so.1
exe /lib/x86_64-linux-gnu/libXdamage.so.1
exe /usr/share/code/libxcb.so.1
exe /lib/x86_64-linux-gnu/libxcb.so.1
exe /usr/share/code/libXext.so.6
exe /lib/x86_64-linux-gnu/libXext.so.6
exe /usr/share/code/libxkbcommon.so.0
exe /lib/x86_64-linux-gnu/libxkbcommon.so.0
exe /usr/share/code/libXfixes.so.3
exe /lib/x86_64-linux-gnu/libXfixes.so.3
exe /usr/share/code/libudev.so.1
exe /lib/x86_64-linux-gnu/libudev.so.1
exe /usr/share/code/libXrandr.so.2
exe /lib/x86_64-linux-gnu/libXrandr.so.2
Chrome_IOThread /dev/shm/.org.chromium.Chromium.UMNPOa
Chrome_IOThread /dev/shm/.org.chromium.Chromium.UMNPOa
exe /usr/share/code/libasound.so.2
exe /lib/x86_64-linux-gnu/libasound.so.2
exe /usr/share/code/libgbm.so.1
exe /lib/x86_64-linux-gnu/libgbm.so.1
exe /usr/share/code/libatspi.so.0
exe /lib/x86_64-linux-gnu/libatspi.so.0
exe /usr/share/code/libexpat.so.1
exe /lib/x86_64-linux-gnu/libexpat.so.1
exe /usr/share/code/libm.so.6
exe /lib/x86_64-linux-gnu/libm.so.6
exe /usr/share/code/libxcb.so.1
exe /lib/x86_64-linux-gnu/libxcb.so.1
exe /usr/share/code/libgcc_s.so.1
exe /usr/share/code/libxkbcommon.so.0
exe /lib/x86_64-linux-gnu/libgcc_s.so.1
exe /lib/x86_64-linux-gnu/libxkbcommon.so.0
Chrome_IOThread /dev/shm/.org.chromium.Chromium.Qxjdqz
Chrome_IOThread /dev/shm/.org.chromium.Chromium.Qxjdqz
exe /usr/share/code/libudev.so.1
exe /usr/share/code/libc.so.6
exe /lib/x86_64-linux-gnu/libudev.so.1
exe /lib/x86_64-linux-gnu/libc.so.6
exe /usr/share/code/libasound.so.2
exe /lib/x86_64-linux-gnu/libasound.so.2
exe /usr/share/code/libpcre2-8.so.0
exe /lib/x86_64-linux-gnu/libpcre2-8.so.0
exe /usr/share/code/libatspi.so.0
exe /lib/x86_64-linux-gnu/libatspi.so.0
exe /usr/share/code/libffi.so.8
exe /lib/x86_64-linux-gnu/libffi.so.8
exe /usr/share/code/libm.so.6
exe /lib/x86_64-linux-gnu/libm.so.6
exe /usr/share/code/libgmodule-2.0.so.0
exe /lib/x86_64-linux-gnu/libgmodule-2.0.so.0
exe /usr/share/code/libgcc_s.so.1
exe /lib/x86_64-linux-gnu/libgcc_s.so.1
Chrome_IOThread /dev/shm/.org.chromium.Chromium.HidSTE
Chrome_IOThread /dev/shm/.org.chromium.Chromium.HidSTE
exe /usr/share/code/libz.so.1
exe /usr/share/code/libc.so.6
exe /lib/x86_64-linux-gnu/libz.so.1
exe /lib/x86_64-linux-gnu/libc.so.6
exe /usr/share/code/libmount.so.1
exe /lib/x86_64-linux-gnu/libmount.so.1
exe /usr/share/code/libpcre2-8.so.0
exe /lib/x86_64-linux-gnu/libpcre2-8.so.0
exe /usr/share/code/libffi.so.8
exe /usr/share/code/libselinux.so.1
exe /lib/x86_64-linux-gnu/libffi.so.8
exe /lib/x86_64-linux-gnu/libselinux.so.1
exe /usr/share/code/libgmodule-2.0.so.0
exe /lib/x86_64-linux-gnu/libgmodule-2.0.so.0
exe /usr/share/code/libplc4.so
exe /lib/x86_64-linux-gnu/libplc4.so
Chrome_IOThread /dev/shm/.org.chromium.Chromium.D8vfld
Chrome_IOThread /dev/shm/.org.chromium.Chromium.D8vfld
exe /usr/share/code/libz.so.1
exe /usr/share/code/libplds4.so
exe /lib/x86_64-linux-gnu/libz.so.1
exe /lib/x86_64-linux-gnu/libplds4.so
exe /usr/share/code/libmount.so.1
exe /lib/x86_64-linux-gnu/libmount.so.1
exe /usr/share/code/libsystemd.so.0
exe /lib/x86_64-linux-gnu/libsystemd.so.0
exe /usr/share/code/libselinux.so.1
exe /lib/x86_64-linux-gnu/libselinux.so.1
exe /usr/share/code/libpng16.so.16
exe /lib/x86_64-linux-gnu/libpng16.so.16
exe /usr/share/code/libplc4.so
exe /lib/x86_64-linux-gnu/libplc4.so
exe /usr/share/code/libfontconfig.so.1
exe /lib/x86_64-linux-gnu/libfontconfig.so.1
exe /usr/share/code/libplds4.so
exe /lib/x86_64-linux-gnu/libplds4.so
Chrome_IOThread /dev/shm/.org.chromium.Chromium.sJCwqn
Chrome_IOThread /dev/shm/.org.chromium.Chromium.sJCwqn
exe /usr/share/code/libfreetype.so.6
exe /lib/x86_64-linux-gnu/libfreetype.so.6
exe /usr/share/code/libsystemd.so.0
exe /lib/x86_64-linux-gnu/libsystemd.so.0
exe /usr/share/code/libXrender.so.1
exe /usr/share/code/libpng16.so.16
exe /lib/x86_64-linux-gnu/libXrender.so.1
exe /lib/x86_64-linux-gnu/libpng16.so.16
exe /usr/share/code/libxcb-render.so.0
exe /usr/share/code/libfontconfig.so.1
exe /lib/x86_64-linux-gnu/libxcb-render.so.0
exe /lib/x86_64-linux-gnu/libfontconfig.so.1
exe /usr/share/code/libxcb-shm.so.0
exe /lib/x86_64-linux-gnu/libxcb-shm.so.0
exe /usr/share/code/libfreetype.so.6
exe /lib/x86_64-linux-gnu/libfreetype.so.6
Chrome_IOThread /dev/shm/.org.chromium.Chromium.FQVPOa
Chrome_IOThread /dev/shm/.org.chromium.Chromium.FQVPOa
exe /usr/share/code/libpixman-1.so.0
exe /lib/x86_64-linux-gnu/libpixman-1.so.0
exe /usr/share/code/libXrender.so.1
exe /lib/x86_64-linux-gnu/libXrender.so.1
exe /usr/share/code/libgdk-3.so.0
exe /lib/x86_64-linux-gnu/libgdk-3.so.0
exe /usr/share/code/libpangocairo-1.0.so.0
exe /usr/share/code/libxcb-render.so.0
exe /lib/x86_64-linux-gnu/libpangocairo-1.0.so.0
exe /lib/x86_64-linux-gnu/libxcb-render.so.0
exe /usr/share/code/libxcb-shm.so.0
exe /usr/share/code/libharfbuzz.so.0
exe /lib/x86_64-linux-gnu/libxcb-shm.so.0
exe /lib/x86_64-linux-gnu/libharfbuzz.so.0
Chrome_IOThread /dev/shm/.org.chromium.Chromium.KhVW9X
Chrome_IOThread /dev/shm/.org.chromium.Chromium.KhVW9X
exe /usr/share/code/libpangoft2-1.0.so.0
exe /lib/x86_64-linux-gnu/libpangoft2-1.0.so.0
exe /usr/share/code/libpixman-1.so.0
exe /lib/x86_64-linux-gnu/libpixman-1.so.0
exe /usr/share/code/libfribidi.so.0
exe /lib/x86_64-linux-gnu/libfribidi.so.0
exe /usr/share/code/libgdk-3.so.0
exe /lib/x86_64-linux-gnu/libgdk-3.so.0
exe /usr/share/code/libcairo-gobject.so.2
exe /lib/x86_64-linux-gnu/libcairo-gobject.so.2
exe /usr/share/code/libpangocairo-1.0.so.0
exe /lib/x86_64-linux-gnu/libpangocairo-1.0.so.0
exe /usr/share/code/libgdk_pixbuf-2.0.so.0
exe /lib/x86_64-linux-gnu/libgdk_pixbuf-2.0.so.0
exe /usr/share/code/libharfbuzz.so.0
exe /lib/x86_64-linux-gnu/libharfbuzz.so.0
exe /usr/share/code/libepoxy.so.0
exe /lib/x86_64-linux-gnu/libepoxy.so.0
exe /usr/share/code/libpangoft2-1.0.so.0
Chrome_IOThread /dev/shm/.org.chromium.Chromium.NeTjOU
exe /lib/x86_64-linux-gnu/libpangoft2-1.0.so.0
Chrome_IOThread /dev/shm/.org.chromium.Chromium.NeTjOU
exe /usr/share/code/libfribidi.so.0
exe /lib/x86_64-linux-gnu/libfribidi.so.0
exe /usr/share/code/libXi.so.6
exe /lib/x86_64-linux-gnu/libXi.so.6
exe /usr/share/code/libcairo-gobject.so.2
exe /lib/x86_64-linux-gnu/libcairo-gobject.so.2
exe /usr/share/code/libthai.so.0
exe /lib/x86_64-linux-gnu/libthai.so.0
exe /usr/share/code/libgdk_pixbuf-2.0.so.0
exe /lib/x86_64-linux-gnu/libgdk_pixbuf-2.0.so.0
exe /usr/share/code/libdrm.so.2
exe /lib/x86_64-linux-gnu/libdrm.so.2
exe /usr/share/code/libepoxy.so.0
exe /lib/x86_64-linux-gnu/libepoxy.so.0
Chrome_IOThread /dev/shm/.org.chromium.Chromium.58DsxX
exe /usr/share/code/libXau.so.6
exe /lib/x86_64-linux-gnu/libXau.so.6
Chrome_IOThread /dev/shm/.org.chromium.Chromium.58DsxX
exe /usr/share/code/libXi.so.6
exe /lib/x86_64-linux-gnu/libXi.so.6
exe /usr/share/code/libXdmcp.so.6
exe /lib/x86_64-linux-gnu/libXdmcp.so.6
exe /usr/share/code/libthai.so.0
exe /lib/x86_64-linux-gnu/libthai.so.0
exe /usr/share/code/libcap.so.2
exe /lib/x86_64-linux-gnu/libcap.so.2
exe /usr/share/code/libdrm.so.2
exe /lib/x86_64-linux-gnu/libdrm.so.2
exe /usr/share/code/libblkid.so.1
exe /lib/x86_64-linux-gnu/libblkid.so.1
exe /usr/share/code/libXau.so.6
exe /lib/x86_64-linux-gnu/libXau.so.6
exe /usr/share/code/libXdmcp.so.6
Chrome_IOThread /dev/shm/.org.chromium.Chromium.pxnpwM
exe /lib/x86_64-linux-gnu/libXdmcp.so.6
exe /usr/share/code/libgcrypt.so.20
Chrome_IOThread /dev/shm/.org.chromium.Chromium.pxnpwM
exe /lib/x86_64-linux-gnu/libgcrypt.so.20
exe /usr/share/code/libcap.so.2
exe /lib/x86_64-linux-gnu/libcap.so.2
exe /usr/share/code/liblz4.so.1
exe /lib/x86_64-linux-gnu/liblz4.so.1
exe /usr/share/code/libblkid.so.1
exe /lib/x86_64-linux-gnu/libblkid.so.1
exe /usr/share/code/liblzma.so.5
exe /lib/x86_64-linux-gnu/liblzma.so.5
exe /usr/share/code/libgcrypt.so.20
exe /lib/x86_64-linux-gnu/libgcrypt.so.20
exe /usr/share/code/libzstd.so.1
exe /lib/x86_64-linux-gnu/libzstd.so.1
exe /usr/share/code/liblz4.so.1
exe /lib/x86_64-linux-gnu/liblz4.so.1
Chrome_IOThread /dev/shm/.org.chromium.Chromium.RzEo87
Chrome_IOThread /dev/shm/.org.chromium.Chromium.RzEo87
exe /usr/share/code/libbz2.so.1.0
exe /lib/x86_64-linux-gnu/libbz2.so.1.0
exe /usr/share/code/liblzma.so.5
exe /lib/x86_64-linux-gnu/liblzma.so.5
exe /usr/share/code/libbrotlidec.so.1
exe /lib/x86_64-linux-gnu/libbrotlidec.so.1
exe /usr/share/code/libzstd.so.1
exe /lib/x86_64-linux-gnu/libzstd.so.1
exe /usr/share/code/libwayland-client.so.0
exe /lib/x86_64-linux-gnu/libwayland-client.so.0
exe /usr/share/code/libbz2.so.1.0
exe /lib/x86_64-linux-gnu/libbz2.so.1.0
exe /usr/share/code/libwayland-cursor.so.0
exe /lib/x86_64-linux-gnu/libwayland-cursor.so.0
exe /usr/share/code/libbrotlidec.so.1
Chrome_IOThread /dev/shm/.org.chromium.Chromium.SjNSEZ
exe /lib/x86_64-linux-gnu/libbrotlidec.so.1
Chrome_IOThread /dev/shm/.org.chromium.Chromium.SjNSEZ
exe /usr/share/code/libwayland-egl.so.1
exe /lib/x86_64-linux-gnu/libwayland-egl.so.1
exe /usr/share/code/libwayland-client.so.0
exe /lib/x86_64-linux-gnu/libwayland-client.so.0
exe /usr/share/code/libXcursor.so.1
exe /lib/x86_64-linux-gnu/libXcursor.so.1
exe /usr/share/code/libwayland-cursor.so.0
exe /lib/x86_64-linux-gnu/libwayland-cursor.so.0
exe /usr/share/code/libXinerama.so.1
exe /lib/x86_64-linux-gnu/libXinerama.so.1
exe /usr/share/code/libwayland-egl.so.1
exe /lib/x86_64-linux-gnu/libwayland-egl.so.1
exe /usr/share/code/libgraphite2.so.3
exe /lib/x86_64-linux-gnu/libgraphite2.so.3
exe /usr/share/code/libXcursor.so.1
exe /lib/x86_64-linux-gnu/libXcursor.so.1
Chrome_IOThread /dev/shm/.org.chromium.Chromium.sksRPp
Chrome_IOThread /dev/shm/.org.chromium.Chromium.sksRPp
exe /usr/share/code/libXinerama.so.1
exe /usr/share/code/libjpeg.so.8
exe /lib/x86_64-linux-gnu/libXinerama.so.1
exe /lib/x86_64-linux-gnu/libjpeg.so.8
exe /usr/share/code/libgraphite2.so.3
exe /lib/x86_64-linux-gnu/libgraphite2.so.3
exe /usr/share/code/libdatrie.so.1
exe /lib/x86_64-linux-gnu/libdatrie.so.1
exe /usr/share/code/libjpeg.so.8
exe /lib/x86_64-linux-gnu/libjpeg.so.8
exe /usr/share/code/libbsd.so.0
exe /lib/x86_64-linux-gnu/libbsd.so.0
exe /usr/share/code/libdatrie.so.1
exe /lib/x86_64-linux-gnu/libdatrie.so.1
exe /usr/share/code/libgpg-error.so.0
exe /lib/x86_64-linux-gnu/libgpg-error.so.0
Chrome_IOThread /dev/shm/.org.chromium.Chromium.zgqHec
exe /usr/share/code/libbsd.so.0
Chrome_IOThread /dev/shm/.org.chromium.Chromium.zgqHec
exe /lib/x86_64-linux-gnu/libbsd.so.0
exe /usr/share/code/libbrotlicommon.so.1
exe /lib/x86_64-linux-gnu/libbrotlicommon.so.1
exe /usr/share/code/libgpg-error.so.0
exe /lib/x86_64-linux-gnu/libgpg-error.so.0
exe /usr/share/code/libmd.so.0
exe /lib/x86_64-linux-gnu/libmd.so.0
exe /usr/share/code/libbrotlicommon.so.1
exe /lib/x86_64-linux-gnu/libbrotlicommon.so.1
exe /usr/share/code/libmd.so.0
exe /lib/x86_64-linux-gnu/libmd.so.0
Chrome_IOThread /dev/shm/.org.chromium.Chromium.r4udis
Chrome_IOThread /dev/shm/.org.chromium.Chromium.r4udis
Chrome_IOThread /dev/shm/.org.chromium.Chromium.KzN8S2
Chrome_IOThread /dev/shm/.org.chromium.Chromium.KzN8S2
Chrome_IOThread /dev/shm/.org.chromium.Chromium.ew5s4d
Chrome_IOThread /dev/shm/.org.chromium.Chromium.ew5s4d
Chrome_IOThread /dev/shm/.org.chromium.Chromium.kcYZyj
Chrome_IOThread /dev/shm/.org.chromium.Chromium.kcYZyj
Chrome_IOThread /dev/shm/.org.chromium.Chromium.ZuE1wD
Chrome_IOThread /dev/shm/.org.chromium.Chromium.ZuE1wD
Chrome_IOThread /dev/shm/.org.chromium.Chromium.a6B595
Chrome_IOThread /dev/shm/.org.chromium.Chromium.a6B595
Chrome_IOThread /dev/shm/.org.chromium.Chromium.D7IttJ
Chrome_IOThread /dev/shm/.org.chromium.Chromium.D7IttJ
Chrome_IOThread /dev/shm/.org.chromium.Chromium.Vau1nH
Chrome_IOThread /dev/shm/.org.chromium.Chromium.Vau1nH
Chrome_IOThread /dev/shm/.org.chromium.Chromium.4auy3Y
Chrome_IOThread /dev/shm/.org.chromium.Chromium.4auy3Y
Chrome_IOThread /dev/shm/.org.chromium.Chromium.w6ES6h
Chrome_IOThread /dev/shm/.org.chromium.Chromium.w6ES6h
Chrome_IOThread /dev/shm/.org.chromium.Chromium.HNzJrx
Chrome_IOThread /dev/shm/.org.chromium.Chromium.HNzJrx
Chrome_IOThread /dev/shm/.org.chromium.Chromium.2OP0qX
Chrome_IOThread /dev/shm/.org.chromium.Chromium.2OP0qX
Chrome_IOThread /dev/shm/.org.chromium.Chromium.bWNe4b
Chrome_IOThread /dev/shm/.org.chromium.Chromium.bWNe4b
exe /proc/filesystems
exe /proc/filesystems
Chrome_IOThread /dev/shm/.org.chromium.Chromium.glrQ2N
Chrome_IOThread /dev/shm/.org.chromium.Chromium.glrQ2N
Chrome_IOThread /dev/shm/.org.chromium.Chromium.G7X9pj
Chrome_IOThread /dev/shm/.org.chromium.Chromium.G7X9pj
Chrome_IOThread /dev/shm/.org.chromium.Chromium.w1wnKf
code /usr/lib/locale/locale-archive
Chrome_IOThread /dev/shm/.org.chromium.Chromium.w1wnKf
code /usr/lib/locale/locale-archive
code /proc/self/status
code /proc/self/status
code /usr/share/code/icudtl.dat
code /usr/share/code/icudtl.dat
code /etc/localtime
code /etc/localtime
Chrome_IOThread /dev/shm/.org.chromium.Chromium.LAUbW3
code /usr/share/code/chrome_100_percent.pak
code /usr/share/code/chrome_200_percent.pak
code /usr/share/code/chrome_100_percent.pak
code /usr/share/locale/locale.alias
code /usr/share/code/chrome_200_percent.pak
code /usr/share/locale/locale.alias
code /usr/lib/x86_64-linux-gnu/gconv/gconv-modules.cache
code /usr/share/code/locales/en-US.pak
code /usr/lib/x86_64-linux-gnu/gconv/gconv-modules.cache
code /usr/share/code/resources.pak
code /usr/share/code/locales/en-US.pak
code /usr/share/code/resources.pak
code /proc/self/maps
code /proc/self/maps
Chrome_IOThread /dev/shm/.org.chromium.Chromium.W3bxC0
Chrome_IOThread /dev/shm/.org.chromium.Chromium.W3bxC0
ThreadPoolForeg /dev/shm/.org.chromium.Chromium.TilOE5
ThreadPoolForeg /usr/share/code/resources/app/out/media/codicon.ttf
Chrome_IOThread /dev/shm/.org.chromium.Chromium.4kyP7d
Chrome_IOThread /dev/shm/.org.chromium.Chromium.4kyP7d
ThreadPoolForeg /usr/share/mime/mime.cache
Chrome_IOThread /dev/shm/.org.chromium.Chromium.271tf5
Chrome_IOThread /dev/shm/.org.chromium.Chromium.271tf5
code /sys/devices/system/cpu/possible
code /sys/devices/system/cpu/cpu0/cpufreq/cpuinfo_max_freq
code /sys/devices/system/cpu/cpu1/cpufreq/cpuinfo_max_freq
code /sys/devices/system/cpu/cpu2/cpufreq/cpuinfo_max_freq
code /sys/devices/system/cpu/cpu3/cpufreq/cpuinfo_max_freq
code /sys/devices/system/cpu/possible
Chrome_IOThread /dev/shm/.org.chromium.Chromium.Sky0kh
Chrome_IOThread /dev/shm/.org.chromium.Chromium.Sky0kh
code /sys/devices/system/cpu/cpu4/cpufreq/cpuinfo_max_freq
code /sys/devices/system/cpu/cpu0/cpufreq/cpuinfo_max_freq
code /sys/devices/system/cpu/cpu5/cpufreq/cpuinfo_max_freq
code /sys/devices/system/cpu/cpu1/cpufreq/cpuinfo_max_freq
code /sys/devices/system/cpu/cpu6/cpufreq/cpuinfo_max_freq
code /sys/devices/system/cpu/cpu2/cpufreq/cpuinfo_max_freq
code /sys/devices/system/cpu/cpu7/cpufreq/cpuinfo_max_freq
code /sys/devices/system/cpu/cpu3/cpufreq/cpuinfo_max_freq
code /sys/devices/system/cpu/cpu8/cpufreq/cpuinfo_max_freq
code /sys/devices/system/cpu/cpu4/cpufreq/cpuinfo_max_freq
code /sys/devices/system/cpu/cpu9/cpufreq/cpuinfo_max_freq
code /sys/devices/system/cpu/cpu5/cpufreq/cpuinfo_max_freq
code /sys/devices/system/cpu/cpu10/cpufreq/cpuinfo_max_freq
code /sys/devices/system/cpu/cpu6/cpufreq/cpuinfo_max_freq
code /sys/devices/system/cpu/cpu11/cpufreq/cpuinfo_max_freq
code /sys/devices/system/cpu/cpu7/cpufreq/cpuinfo_max_freq
code /sys/devices/system/cpu/cpu12/cpufreq/cpuinfo_max_freq
code /sys/devices/system/cpu/cpu8/cpufreq/cpuinfo_max_freq
code /sys/devices/system/cpu/cpu13/cpufreq/cpuinfo_max_freq
Chrome_IOThread /dev/shm/.org.chromium.Chromium.zWlaYM
code /sys/devices/system/cpu/cpu9/cpufreq/cpuinfo_max_freq
code /sys/devices/system/cpu/cpu14/cpufreq/cpuinfo_max_freq
Chrome_IOThread /dev/shm/.org.chromium.Chromium.zWlaYM
code /sys/devices/system/cpu/cpu10/cpufreq/cpuinfo_max_freq
code /sys/devices/system/cpu/cpu15/cpufreq/cpuinfo_max_freq
code /sys/devices/system/cpu/cpu11/cpufreq/cpuinfo_max_freq
code /sys/devices/system/cpu/cpu12/cpufreq/cpuinfo_max_freq
code /sys/devices/system/cpu/cpu13/cpufreq/cpuinfo_max_freq
code /sys/devices/system/cpu/cpu14/cpufreq/cpuinfo_max_freq
code /sys/devices/system/cpu/cpu15/cpufreq/cpuinfo_max_freq
Chrome_IOThread /dev/shm/.org.chromium.Chromium.Odq5BD
Chrome_IOThread /dev/shm/.org.chromium.Chromium.Odq5BD
Chrome_ChildIOT /proc/self/cmdline
Chrome_IOThread /dev/shm/.org.chromium.Chromium.sGXx4J
code /proc/version_signature
Chrome_ChildIOT /proc/self/cmdline
code /proc/version_signature
Chrome_IOThread /dev/shm/.org.chromium.Chromium.o12fMo
Chrome_IOThread /dev/shm/.org.chromium.Chromium.rMnsca
ThreadPoolSingl /proc/1344/task
ThreadPoolSingl /proc/1344/task/1344/status
ThreadPoolSingl /proc/1344/task/1348/status
ThreadPoolSingl /proc/1344/task
ThreadPoolSingl /proc/1344/task/1344/status
ThreadPoolSingl /proc/1344/task/1348/status
ThreadPoolSingl /proc/1344/task/1350/status
ThreadPoolSingl /proc/1344/task
ThreadPoolSingl /proc/1344/task/1344/status
ThreadPoolSingl /proc/1344/task/1348/status
ThreadPoolSingl /proc/1344/task/1350/status
ThreadPoolSingl /proc/1344/task/1351/status
ThreadPoolSingl /proc/1344/task
ThreadPoolSingl /proc/1344/task/1344/status
ThreadPoolSingl /proc/1344/task/1348/status
ThreadPoolSingl /proc/1344/task/1350/status
code /proc/self/maps
code /proc/self/maps
ThreadPoolSingl /proc/1344/task/1351/status
ThreadPoolSingl /proc/1344/task/1352/status
ThreadPoolSingl /proc/1343/task
ThreadPoolSingl /proc/1343/task/1343/status
ThreadPoolSingl /proc/1343/task/1349/status
ThreadPoolSingl /proc/1343/task
ThreadPoolSingl /proc/1343/task/1343/status
ThreadPoolSingl /proc/1343/task/1349/status
ThreadPoolSingl /proc/1343/task/1353/status
ThreadPoolSingl /proc/1343/task
ThreadPoolSingl /proc/1343/task/1343/status
ThreadPoolSingl /proc/1343/task/1349/status
ThreadPoolSingl /proc/1343/task/1353/status
ThreadPoolSingl /proc/1343/task/1354/status
ThreadPoolSingl /proc/1343/task
ThreadPoolSingl /proc/1343/task/1343/status
ThreadPoolSingl /proc/1343/task/1349/status
ThreadPoolSingl /proc/1343/task/1353/status
ThreadPoolSingl /proc/1343/task/1354/status
ThreadPoolSingl /proc/1343/task/1355/status
ThreadPoolForeg /proc/sys/fs/inotify/max_user_watches
ThreadPoolForeg /etc/host.conf
ThreadPoolForeg /proc/sys/fs/inotify/max_user_watches
ThreadPoolForeg /etc/hosts
ThreadPoolForeg /etc/resolv.conf
ThreadPoolForeg /etc/nsswitch.conf
ThreadPoolForeg /etc/hosts
ThreadPoolForeg /etc/host.conf
ThreadPoolForeg /etc/resolv.conf
ThreadPoolForeg /etc/nsswitch.conf
Chrome_IOThread /dev/shm/.org.chromium.Chromium.7P8mv6
Chrome_IOThread /dev/shm/.org.chromium.Chromium.7P8mv6
code /sys/devices/system/cpu/online
Chrome_IOThread /dev/shm/.org.chromium.Chromium.osU4pk
Chrome_IOThread /dev/shm/.org.chromium.Chromium.osU4pk
code /sys/devices/system/cpu/online
Chrome_IOThread /dev/shm/.org.chromium.Chromium.VaqLPW
Chrome_IOThread /dev/shm/.org.chromium.Chromium.VaqLPW
Chrome_IOThread /dev/shm/.org.chromium.Chromium.jnMoPu
Chrome_IOThread /dev/shm/.org.chromium.Chromium.jnMoPu
Chrome_IOThread /dev/shm/.org.chromium.Chromium.BzqFmG
Chrome_IOThread /dev/shm/.org.chromium.Chromium.BzqFmG
Chrome_IOThread /dev/shm/.org.chromium.Chromium.lYCSir
Chrome_IOThread /dev/shm/.org.chromium.Chromium.lYCSir
Chrome_IOThread /dev/shm/.org.chromium.Chromium.6gfcsF
Chrome_IOThread /dev/shm/.org.chromium.Chromium.6gfcsF
Chrome_IOThread /dev/shm/.org.chromium.Chromium.ATQiv6
Chrome_IOThread /dev/shm/.org.chromium.Chromium.ATQiv6
Chrome_IOThread /dev/shm/.org.chromium.Chromium.Ke4WzZ
Chrome_IOThread /dev/shm/.org.chromium.Chromium.Ke4WzZ
Chrome_IOThread /dev/shm/.org.chromium.Chromium.yzN5hQ
Chrome_IOThread /dev/shm/.org.chromium.Chromium.yzN5hQ
Chrome_IOThread /dev/shm/.org.chromium.Chromium.cQMoww
Chrome_IOThread /dev/shm/.org.chromium.Chromium.MiGzpm
Chrome_IOThread /dev/shm/.org.chromium.Chromium.MiGzpm
Chrome_IOThread /dev/shm/.org.chromium.Chromium.KMsDdO
Chrome_IOThread /dev/shm/.org.chromium.Chromium.KMsDdO
code /sys/devices/system/cpu/cpu0/tsc_freq_khz
Chrome_IOThread /dev/shm/.org.chromium.Chromium.FgfCPv
Chrome_IOThread /dev/shm/.org.chromium.Chromium.FgfCPv
Chrome_IOThread /dev/shm/.org.chromium.Chromium.SQrQNV
Chrome_IOThread /dev/shm/.org.chromium.Chromium.SQrQNV
Chrome_IOThread /dev/shm/.org.chromium.Chromium.jl1oWs
Chrome_IOThread /dev/shm/.org.chromium.Chromium.Wob2C7
Chrome_IOThread /dev/shm/.org.chromium.Chromium.Wob2C7
Chrome_IOThread /dev/shm/.org.chromium.Chromium.1LHwLk
Chrome_IOThread /dev/shm/.org.chromium.Chromium.1LHwLk
ThreadPoolForeg /config/.config/Code/CachedData/8b640eef5a6c6089c029249d48efa5c99adf7d51/chrome/js/04eaae156beed223_0
ThreadPoolSingl /dev/shm/.org.chromium.Chromium.OU264Z
ThreadPoolSingl /dev/null
libuv-worker /config/.config/Code/CachedProfilesData/__default__profile__/extensions.builtin.cache
libuv-worker /config/.config/Code/CachedProfilesData/__default__profile__/extensions.user.cache
Chrome_IOThread /dev/shm/.org.chromium.Chromium.lzh2mM
Chrome_IOThread /dev/shm/.org.chromium.Chromium.lzh2mM
ThreadPoolSingl /proc/self/fd
libuv-worker /config/.config/Code/User/chatLanguageModels.json
libuv-worker /config/.config/Code/machineid
ThreadPoolSingl /proc/1219/task
ThreadPoolSingl /proc/1219/task/1219/status
ThreadPoolSingl /proc/1219/task/1236/status
exe /usr/share/code/glibc-hwcaps/x86-64-v3/libffmpeg.so
ThreadPoolSingl /proc/1219/task/1237/status
exe /usr/share/code/glibc-hwcaps/x86-64-v2/libffmpeg.so
exe /usr/share/code/libffmpeg.so
ThreadPoolSingl /proc/1219/task/1238/status
exe /usr/share/code/libdl.so.2
exe /etc/ld.so.cache
ThreadPoolSingl /proc/1219/task/1239/status
exe /lib/x86_64-linux-gnu/libdl.so.2
ThreadPoolSingl /proc/1219/task/1240/status
exe /usr/share/code/libpthread.so.0
exe /lib/x86_64-linux-gnu/libpthread.so.0
ThreadPoolSingl /proc/1219/task/1249/status
exe /usr/share/code/libglib-2.0.so.0
exe /lib/x86_64-linux-gnu/libglib-2.0.so.0
ThreadPoolSingl /proc/1219/task/1250/status
exe /usr/share/code/libgobject-2.0.so.0
exe /lib/x86_64-linux-gnu/libgobject-2.0.so.0
ThreadPoolSingl /proc/1219/task/1259/status
exe /usr/share/code/libgio-2.0.so.0
ThreadPoolSingl /proc/1219/task/1334/status
exe /lib/x86_64-linux-gnu/libgio-2.0.so.0
ThreadPoolSingl /proc/1219/task/1336/status
exe /usr/share/code/libnspr4.so
exe /lib/x86_64-linux-gnu/libnspr4.so
ThreadPoolSingl /proc/1219/task/1337/status
exe /usr/share/code/libnss3.so
ThreadPoolSingl /proc/1219/task/1338/status
exe /lib/x86_64-linux-gnu/libnss3.so
ThreadPoolSingl /proc/1219/task/1339/status
exe /usr/share/code/libnssutil3.so
exe /lib/x86_64-linux-gnu/libnssutil3.so
ThreadPoolSingl /proc/1219/task/1340/status
exe /usr/share/code/libsmime3.so
exe /lib/x86_64-linux-gnu/libsmime3.so
ThreadPoolSingl /proc/1219/task/1381/status
exe /usr/share/code/libdbus-1.so.3
exe /lib/x86_64-linux-gnu/libdbus-1.so.3
exe /usr/share/code/libatk-1.0.so.0
exe /lib/x86_64-linux-gnu/libatk-1.0.so.0
exe /usr/share/code/libatk-bridge-2.0.so.0
exe /lib/x86_64-linux-gnu/libatk-bridge-2.0.so.0
exe /usr/share/code/libcairo.so.2
exe /lib/x86_64-linux-gnu/libcairo.so.2
libuv-worker /config/.vscode/extensions/extensions.json
exe /usr/share/code/libgtk-3.so.0
exe /lib/x86_64-linux-gnu/libgtk-3.so.0
exe /usr/share/code/libpango-1.0.so.0
exe /lib/x86_64-linux-gnu/libpango-1.0.so.0
exe /usr/share/code/libX11.so.6
exe /lib/x86_64-linux-gnu/libX11.so.6
exe /usr/share/code/libXcomposite.so.1
exe /lib/x86_64-linux-gnu/libXcomposite.so.1
exe /usr/share/code/libXdamage.so.1
exe /lib/x86_64-linux-gnu/libXdamage.so.1
libuv-worker /config/.config/Code/User/tasks.json
exe /usr/share/code/libXext.so.6
exe /lib/x86_64-linux-gnu/libXext.so.6
exe /usr/share/code/libXfixes.so.3
exe /lib/x86_64-linux-gnu/libXfixes.so.3
exe /usr/share/code/libXrandr.so.2
exe /lib/x86_64-linux-gnu/libXrandr.so.2
exe /usr/share/code/libgbm.so.1
exe /lib/x86_64-linux-gnu/libgbm.so.1
libuv-worker /config/.config/Code/User/mcp.json
exe /usr/share/code/libexpat.so.1
exe /lib/x86_64-linux-gnu/libexpat.so.1
exe /usr/share/code/libxcb.so.1
exe /lib/x86_64-linux-gnu/libxcb.so.1
exe /usr/share/code/libxkbcommon.so.0
exe /lib/x86_64-linux-gnu/libxkbcommon.so.0
libuv-worker /usr/share/code/resources/app/extensions
exe /usr/share/code/libudev.so.1
exe /lib/x86_64-linux-gnu/libudev.so.1
exe /usr/share/code/libasound.so.2
exe /lib/x86_64-linux-gnu/libasound.so.2
exe /usr/share/code/libatspi.so.0
exe /lib/x86_64-linux-gnu/libatspi.so.0
exe /usr/share/code/libm.so.6
exe /lib/x86_64-linux-gnu/libm.so.6
exe /usr/share/code/libgcc_s.so.1
exe /lib/x86_64-linux-gnu/libgcc_s.so.1
exe /usr/share/code/libc.so.6
exe /lib/x86_64-linux-gnu/libc.so.6
exe /usr/share/code/libpcre2-8.so.0
exe /lib/x86_64-linux-gnu/libpcre2-8.so.0
exe /usr/share/code/libffi.so.8
exe /lib/x86_64-linux-gnu/libffi.so.8
libuv-worker /config/.config/Code/User/extensions.json
exe /usr/share/code/libgmodule-2.0.so.0
exe /lib/x86_64-linux-gnu/libgmodule-2.0.so.0
exe /usr/share/code/libz.so.1
exe /lib/x86_64-linux-gnu/libz.so.1
exe /usr/share/code/libmount.so.1
exe /lib/x86_64-linux-gnu/libmount.so.1
exe /usr/share/code/libselinux.so.1
exe /lib/x86_64-linux-gnu/libselinux.so.1
exe /usr/share/code/libplc4.so
exe /lib/x86_64-linux-gnu/libplc4.so
exe /usr/share/code/libplds4.so
exe /lib/x86_64-linux-gnu/libplds4.so
exe /usr/share/code/libsystemd.so.0
exe /lib/x86_64-linux-gnu/libsystemd.so.0
exe /usr/share/code/libpng16.so.16
exe /lib/x86_64-linux-gnu/libpng16.so.16
exe /usr/share/code/libfontconfig.so.1
exe /lib/x86_64-linux-gnu/libfontconfig.so.1
exe /usr/share/code/libfreetype.so.6
exe /lib/x86_64-linux-gnu/libfreetype.so.6
exe /usr/share/code/libXrender.so.1
exe /lib/x86_64-linux-gnu/libXrender.so.1
exe /usr/share/code/libxcb-render.so.0
exe /lib/x86_64-linux-gnu/libxcb-render.so.0
exe /usr/share/code/libxcb-shm.so.0
exe /lib/x86_64-linux-gnu/libxcb-shm.so.0
exe /usr/share/code/libpixman-1.so.0
exe /lib/x86_64-linux-gnu/libpixman-1.so.0
exe /usr/share/code/libgdk-3.so.0
exe /lib/x86_64-linux-gnu/libgdk-3.so.0
libuv-worker /usr/share/code/resources/app/extensions/TypeScriptTeam.jsts-chat-features/package.json
exe /usr/share/code/libpangocairo-1.0.so.0
exe /lib/x86_64-linux-gnu/libpangocairo-1.0.so.0
libuv-worker /usr/share/code/resources/app/extensions/bat/package.json
exe /usr/share/code/libharfbuzz.so.0
exe /lib/x86_64-linux-gnu/libharfbuzz.so.0
exe /usr/share/code/libpangoft2-1.0.so.0
exe /lib/x86_64-linux-gnu/libpangoft2-1.0.so.0
exe /usr/share/code/libfribidi.so.0
exe /lib/x86_64-linux-gnu/libfribidi.so.0
exe /usr/share/code/libcairo-gobject.so.2
libuv-worker /usr/share/code/resources/app/extensions/clojure/package.json
exe /lib/x86_64-linux-gnu/libcairo-gobject.so.2
exe /usr/share/code/libgdk_pixbuf-2.0.so.0
exe /lib/x86_64-linux-gnu/libgdk_pixbuf-2.0.so.0
exe /usr/share/code/libepoxy.so.0
exe /lib/x86_64-linux-gnu/libepoxy.so.0
libuv-worker /usr/share/code/resources/app/extensions/coffeescript/package.json
exe /usr/share/code/libXi.so.6
exe /lib/x86_64-linux-gnu/libXi.so.6
libuv-worker /usr/share/code/resources/app/extensions/configuration-editing/package.json
exe /usr/share/code/libthai.so.0
exe /lib/x86_64-linux-gnu/libthai.so.0
libuv-worker /usr/share/code/resources/app/extensions/copilot/package.json
exe /usr/share/code/libdrm.so.2
exe /lib/x86_64-linux-gnu/libdrm.so.2
libuv-worker /usr/share/code/resources/app/extensions/cpp/package.json
exe /usr/share/code/libXau.so.6
exe /lib/x86_64-linux-gnu/libXau.so.6
libuv-worker /usr/share/code/resources/app/extensions/csharp/package.json
libuv-worker /usr/share/code/resources/app/extensions/css/package.json
exe /usr/share/code/libXdmcp.so.6
exe /lib/x86_64-linux-gnu/libXdmcp.so.6
exe /usr/share/code/libcap.so.2
exe /lib/x86_64-linux-gnu/libcap.so.2
exe /usr/share/code/libblkid.so.1
libuv-worker /usr/share/code/resources/app/extensions/css-language-features/package.json
exe /lib/x86_64-linux-gnu/libblkid.so.1
exe /usr/share/code/libgcrypt.so.20
ThreadPoolForeg /dev/shm/.org.chromium.Chromium.I2FF79
exe /lib/x86_64-linux-gnu/libgcrypt.so.20
libuv-worker /usr/share/code/resources/app/extensions/dart/package.json
libuv-worker /usr/share/code/resources/app/extensions/debug-auto-launch/package.json
exe /usr/share/code/liblz4.so.1
exe /lib/x86_64-linux-gnu/liblz4.so.1
libuv-worker /usr/share/code/resources/app/extensions/debug-server-ready/package.json
ThreadPoolForeg /usr/share/code/resources/app/out/vs/editor/common/services/editorWebWorkerMain.js
exe /usr/share/code/liblzma.so.5
exe /lib/x86_64-linux-gnu/liblzma.so.5
exe /usr/share/code/libzstd.so.1
exe /lib/x86_64-linux-gnu/libzstd.so.1
code /sys/devices/system/cpu/cpu0/tsc_freq_khz
exe /usr/share/code/libbz2.so.1.0
exe /lib/x86_64-linux-gnu/libbz2.so.1.0
exe /usr/share/code/libbrotlidec.so.1
exe /lib/x86_64-linux-gnu/libbrotlidec.so.1
exe /usr/share/code/libwayland-client.so.0
exe /lib/x86_64-linux-gnu/libwayland-client.so.0
exe /usr/share/code/libwayland-cursor.so.0
exe /lib/x86_64-linux-gnu/libwayland-cursor.so.0
libuv-worker /usr/share/code/resources/app/extensions/diff/package.json
exe /usr/share/code/libwayland-egl.so.1
exe /lib/x86_64-linux-gnu/libwayland-egl.so.1
libuv-worker /usr/share/code/resources/app/extensions/docker/package.json
exe /usr/share/code/libXcursor.so.1
exe /lib/x86_64-linux-gnu/libXcursor.so.1
libuv-worker /usr/share/code/resources/app/extensions/dotenv/package.json
code /usr/share/code/resources/app/out/package.json
code /usr/share/code/resources/app/package.json
exe /usr/share/code/libXinerama.so.1
exe /lib/x86_64-linux-gnu/libXinerama.so.1
libuv-worker /usr/share/code/resources/app/extensions/emmet/package.json
exe /usr/share/code/libgraphite2.so.3
exe /lib/x86_64-linux-gnu/libgraphite2.so.3
libuv-worker /usr/share/code/resources/app/extensions/extension-editing/package.json
exe /usr/share/code/libjpeg.so.8
libuv-worker /usr/share/code/resources/app/extensions/fsharp/package.json
exe /lib/x86_64-linux-gnu/libjpeg.so.8
libuv-worker /usr/share/code/resources/app/extensions/git/package.json
code /usr/share/code/resources/app/out/package.json
exe /usr/share/code/libdatrie.so.1
code /usr/share/code/resources/app/package.json
exe /lib/x86_64-linux-gnu/libdatrie.so.1
libuv-worker /usr/share/code/resources/app/extensions/git-base/package.json
code /usr/share/code/resources/app/out/bootstrap-fork.js
exe /usr/share/code/libbsd.so.0
exe /lib/x86_64-linux-gnu/libbsd.so.0
libuv-worker /usr/share/code/resources/app/extensions/github/package.json
libuv-worker /usr/share/code/resources/app/extensions/github-authentication/package.json
exe /usr/share/code/libgpg-error.so.0
exe /lib/x86_64-linux-gnu/libgpg-error.so.0
libuv-worker /usr/share/code/resources/app/extensions/go/package.json
exe /usr/share/code/libbrotlicommon.so.1
libuv-worker /usr/share/code/resources/app/extensions/groovy/package.json
exe /lib/x86_64-linux-gnu/libbrotlicommon.so.1
exe /usr/share/code/libmd.so.0
libuv-worker /usr/share/code/resources/app/extensions/grunt/package.json
exe /lib/x86_64-linux-gnu/libmd.so.0
code /usr/share/code/resources/app/out/bootstrap-fork.js
libuv-worker /usr/share/code/resources/app/extensions/gulp/package.json
libuv-worker /usr/share/code/resources/app/extensions/handlebars/package.json
libuv-worker /usr/share/code/resources/app/extensions/hlsl/package.json
libuv-worker /usr/share/code/resources/app/extensions/html/package.json
libuv-worker /usr/share/code/resources/app/extensions/html-language-features/package.json
libuv-worker /usr/share/code/resources/app/extensions/ini/package.json
libuv-worker /usr/share/code/resources/app/extensions/ipynb/package.json
libuv-worker /usr/share/code/resources/app/extensions/jake/package.json
libuv-worker /usr/share/code/resources/app/extensions/java/package.json
libuv-worker /usr/share/code/resources/app/extensions/javascript/package.json
libuv-worker /usr/share/code/resources/app/extensions/json/package.json
libuv-worker /usr/share/code/resources/app/extensions/json-language-features/package.json
libuv-worker /usr/share/code/resources/app/extensions/julia/package.json
libuv-worker /usr/share/code/resources/app/extensions/latex/package.json
libuv-worker /usr/share/code/resources/app/extensions/less/package.json
libuv-worker /usr/share/code/resources/app/extensions/log/package.json
libuv-worker /usr/share/code/resources/app/extensions/lua/package.json
libuv-worker /usr/share/code/resources/app/extensions/make/package.json
libuv-worker /usr/share/code/resources/app/extensions/markdown-basics/package.json
libuv-worker /usr/share/code/resources/app/extensions/markdown-language-features/package.json
libuv-worker /usr/share/code/resources/app/extensions/markdown-math/package.json
libuv-worker /usr/share/code/resources/app/extensions/media-preview/package.json
libuv-worker /usr/share/code/resources/app/extensions/merge-conflict/package.json
libuv-worker /usr/share/code/resources/app/extensions/mermaid-chat-features/package.json
libuv-worker /usr/share/code/resources/app/extensions/microsoft-authentication/package.json
libuv-worker /usr/share/code/resources/app/extensions/ms-vscode.js-debug/package.json
libuv-worker /usr/share/code/resources/app/extensions/ms-vscode.js-debug-companion/package.json
libuv-worker /usr/share/code/resources/app/extensions/ms-vscode.vscode-js-profile-table/package.json
code /usr/share/code/resources/app/product.json
libuv-worker /usr/share/code/resources/app/extensions/node_modules/package.json
libuv-worker /usr/share/code/resources/app/extensions/notebook-renderers/package.json
libuv-worker /usr/share/code/resources/app/extensions/npm/package.json
libuv-worker /usr/share/code/resources/app/extensions/objective-c/package.json
libuv-worker /usr/share/code/resources/app/extensions/perl/package.json
libuv-worker /usr/share/code/resources/app/extensions/php/package.json
libuv-worker /usr/share/code/resources/app/extensions/php-language-features/package.json
libuv-worker /usr/share/code/resources/app/extensions/powershell/package.json
libuv-worker /usr/share/code/resources/app/extensions/prompt-basics/package.json
code /usr/share/code/resources/app/product.json
libuv-worker /usr/share/code/resources/app/extensions/pug/package.json
selkies /proc/stat
libuv-worker /usr/share/code/resources/app/extensions/python/package.json
libuv-worker /usr/share/code/resources/app/extensions/r/package.json
selkies /proc/meminfo
libuv-worker /usr/share/code/resources/app/extensions/razor/package.json
libuv-worker /usr/share/code/resources/app/extensions/references-view/package.json
libuv-worker /usr/share/code/resources/app/extensions/restructuredtext/package.json
libuv-worker /usr/share/code/resources/app/extensions/ruby/package.json
libuv-worker /usr/share/code/resources/app/extensions/rust/package.json
libuv-worker /usr/share/code/resources/app/extensions/scss/package.json
code /dev/null
ThreadPoolForeg /config/.config/Code/CachedData/8b640eef5a6c6089c029249d48efa5c99adf7d51/chrome/js/1503624521562533_0
code /proc/self/cgroup
code /dev/null
code /sys/fs/cgroup//memory.max
code /sys/fs/cgroup//memory.high
code /proc/meminfo
code /proc/self/cgroup
code /sys/fs/cgroup//memory.max
code /sys/fs/cgroup//memory.high
code /proc/meminfo
libuv-worker /usr/share/code/resources/app/extensions/search-result/package.json
libuv-worker /usr/share/code/resources/app/extensions/shaderlab/package.json
libuv-worker /usr/share/code/resources/app/extensions/shellscript/package.json
code /proc/self/cgroup
code /sys/fs/cgroup//memory.max
code /sys/fs/cgroup//memory.high
libuv-worker /usr/share/code/resources/app/extensions/simple-browser/package.json
code /proc/meminfo
libuv-worker /usr/share/code/resources/app/extensions/sql/package.json
code /proc/self/cgroup
code /sys/fs/cgroup//memory.max
libuv-worker /usr/share/code/resources/app/extensions/swift/package.json
code /sys/fs/cgroup//memory.high
code /proc/meminfo
libuv-worker /usr/share/code/resources/app/extensions/terminal-suggest/package.json
libuv-worker /usr/share/code/resources/app/extensions/theme-abyss/package.json
libuv-worker /usr/share/code/resources/app/extensions/theme-defaults/package.json
libuv-worker /usr/share/code/resources/app/extensions/theme-kimbie-dark/package.json
libuv-worker /usr/share/code/resources/app/extensions/theme-monokai/package.json
libuv-worker /usr/share/code/resources/app/extensions/theme-monokai-dimmed/package.json
libuv-worker /usr/share/code/resources/app/extensions/theme-quietlight/package.json
libuv-worker /usr/share/code/resources/app/extensions/theme-red/package.json
libuv-worker /usr/share/code/resources/app/extensions/theme-seti/package.json
exe /proc/filesystems
libuv-worker /usr/share/code/resources/app/extensions/theme-solarized-dark/package.json
libuv-worker /usr/share/code/resources/app/extensions/theme-solarized-light/package.json
libuv-worker /usr/share/code/resources/app/extensions/theme-tomorrow-night-blue/package.json
libuv-worker /usr/share/code/resources/app/extensions/tunnel-forwarding/package.json
libuv-worker /usr/share/code/resources/app/extensions/typescript-basics/package.json
libuv-worker /usr/share/code/resources/app/extensions/typescript-language-features/package.json
libuv-worker /usr/share/code/resources/app/extensions/vb/package.json
libuv-worker /usr/share/code/resources/app/extensions/xml/package.json
libuv-worker /usr/share/code/resources/app/extensions/yaml/package.json
code /usr/lib/locale/locale-archive
code /proc/self/status
code /usr/share/code/icudtl.dat
code /etc/localtime
code /usr/share/code/chrome_100_percent.pak
code /usr/share/code/chrome_200_percent.pak
code /usr/share/locale/locale.alias
code /usr/lib/x86_64-linux-gnu/gconv/gconv-modules.cache
code /usr/share/code/locales/en-US.pak
code /usr/share/code/resources.pak
code /proc/self/maps
code /sys/devices/system/cpu/possible
code /sys/devices/system/cpu/cpu0/cpufreq/cpuinfo_max_freq
code /sys/devices/system/cpu/cpu1/cpufreq/cpuinfo_max_freq
code /sys/devices/system/cpu/cpu2/cpufreq/cpuinfo_max_freq
code /sys/devices/system/cpu/cpu3/cpufreq/cpuinfo_max_freq
code /sys/devices/system/cpu/cpu4/cpufreq/cpuinfo_max_freq
code /sys/devices/system/cpu/cpu5/cpufreq/cpuinfo_max_freq
code /sys/devices/system/cpu/cpu6/cpufreq/cpuinfo_max_freq
code /sys/devices/system/cpu/cpu7/cpufreq/cpuinfo_max_freq
code /sys/devices/system/cpu/cpu8/cpufreq/cpuinfo_max_freq
code /sys/devices/system/cpu/cpu9/cpufreq/cpuinfo_max_freq
code /sys/devices/system/cpu/cpu10/cpufreq/cpuinfo_max_freq
code /sys/devices/system/cpu/cpu11/cpufreq/cpuinfo_max_freq
code /sys/devices/system/cpu/cpu12/cpufreq/cpuinfo_max_freq
code /sys/devices/system/cpu/cpu13/cpufreq/cpuinfo_max_freq
code /sys/devices/system/cpu/cpu14/cpufreq/cpuinfo_max_freq
code /sys/devices/system/cpu/cpu15/cpufreq/cpuinfo_max_freq
Chrome_IOThread /dev/shm/.org.chromium.Chromium.NktrqR
Chrome_IOThread /dev/shm/.org.chromium.Chromium.HNiXDD
Chrome_ChildIOT /proc/self/cmdline
code /proc/version_signature
libuv-worker /config/.config/Code/machineid
libuv-worker /config/.config/Code/User/chatLanguageModels.json
code /proc/self/maps
code /usr/share/code/resources/app/out/package.json
ThreadPoolForeg /proc/sys/fs/inotify/max_user_watches
ThreadPoolForeg /etc/host.conf
ThreadPoolForeg /etc/resolv.conf
ThreadPoolForeg /etc/hosts
ThreadPoolForeg /etc/nsswitch.conf
code /sys/devices/system/cpu/online
xclip /etc/ld.so.cache
xclip /lib/x86_64-linux-gnu/libXmu.so.6
xclip /lib/x86_64-linux-gnu/libX11.so.6
xclip /lib/x86_64-linux-gnu/libc.so.6
xclip /lib/x86_64-linux-gnu/libXt.so.6
xclip /lib/x86_64-linux-gnu/libXext.so.6
xclip /lib/x86_64-linux-gnu/libxcb.so.1
xclip /lib/x86_64-linux-gnu/libSM.so.6
xclip /lib/x86_64-linux-gnu/libICE.so.6
xclip /lib/x86_64-linux-gnu/libXau.so.6
xclip /lib/x86_64-linux-gnu/libXdmcp.so.6
xclip /lib/x86_64-linux-gnu/libuuid.so.1
xclip /lib/x86_64-linux-gnu/libbsd.so.0
xclip /lib/x86_64-linux-gnu/libmd.so.0
xclip /usr/share/X11/locale/locale.alias
xclip /usr/share/X11/locale/locale.dir
xclip /usr/share/X11/locale/C/XLC_LOCALE
xclip /usr/share/X11/locale/locale.alias
xclip /usr/share/X11/locale/locale.dir
xclip /usr/share/X11/locale/C/XLC_LOCALE
Xvfb /proc/1402/cmdline
code /dev/shm/.org.chromium.Chromium.6NWjwO
code /dev/shm/.org.chromium.Chromium.6NWjwO
libuv-worker /etc/shells
code /usr/share/code/resources/app/out/package.json
libuv-worker /usr/share/code/resources/app/out/nls.messages.json
libuv-worker /usr/share/code/resources/app/out/nls.messages.json
code /dev/shm/.org.chromium.Chromium.D6IW63
code /dev/shm/.org.chromium.Chromium.D6IW63
libuv-worker /config/.config/Code/User/workspaceStorage/1778804999111/state.vscdb-journal
libuv-worker /config/.config/Code/User/globalStorage/state.vscdb-journal
code /dev/shm/.org.chromium.Chromium.qBHYrc
code /dev/shm/.org.chromium.Chromium.qBHYrc
code /usr/share/code/resources/app/out/vs/code/electron-utility/sharedProcess/package.json
code /usr/share/code/resources/app/out/vs/code/electron-utility/package.json
code /usr/share/code/resources/app/out/vs/code/package.json
code /usr/share/code/resources/app/out/vs/package.json
code /usr/share/code/resources/app/out/package.json
code /usr/share/code/resources/app/package.json
code /usr/share/code/resources/app/out/vs/platform/files/node/watcher/package.json
code /usr/share/code/resources/app/out/vs/platform/files/node/package.json
code /usr/share/code/resources/app/out/vs/platform/files/package.json
code /usr/share/code/resources/app/out/vs/platform/package.json
code /usr/share/code/resources/app/out/vs/package.json
code /usr/share/code/resources/app/out/package.json
code /usr/share/code/resources/app/package.json
code /usr/share/code/resources/app/out/vs/code/electron-utility/sharedProcess/sharedProcessMain.js
code /usr/share/code/resources/app/out/vs/platform/files/node/watcher/watcherMain.js
ThreadPoolSingl /proc/1379/task
ThreadPoolSingl /proc/1379/task/1379/status
ThreadPoolSingl /proc/1379/task/1389/status
ThreadPoolSingl /proc/1343/task
ThreadPoolSingl /proc/1343/task/1343/status
ThreadPoolSingl /proc/1343/task/1349/status
ThreadPoolSingl /proc/1343/task/1353/status
ThreadPoolSingl /proc/1343/task/1354/status
ThreadPoolSingl /proc/1343/task/1355/status
ThreadPoolSingl /proc/1343/task/1358/status
ThreadPoolSingl /proc/1343/task/1361/status
ThreadPoolSingl /proc/1343/task/1363/status
ThreadPoolSingl /proc/1343/task/1364/status
ThreadPoolSingl /proc/1343/task/1369/status
ThreadPoolSingl /proc/1343/task/1370/status
ThreadPoolSingl /proc/1344/task
ThreadPoolSingl /proc/1344/task/1344/status
ThreadPoolSingl /proc/1344/task/1348/status
ThreadPoolSingl /proc/1344/task/1350/status
ThreadPoolSingl /proc/1344/task/1351/status
ThreadPoolSingl /proc/1344/task/1352/status
ThreadPoolSingl /proc/1344/task/1357/status
ThreadPoolSingl /proc/1344/task/1359/status
ThreadPoolSingl /proc/1344/task/1360/status
ThreadPoolSingl /proc/1344/task/1362/status
ThreadPoolSingl /proc/1344/task/1366/status
code /usr/share/code/resources/app/out/vs/platform/files/node/watcher/package.json
code /usr/share/code/resources/app/out/vs/platform/files/node/package.json
code /usr/share/code/resources/app/out/vs/platform/files/package.json
code /usr/share/code/resources/app/out/vs/platform/package.json
code /usr/share/code/resources/app/out/vs/package.json
code /usr/share/code/resources/app/out/package.json
code /usr/share/code/resources/app/node_modules/@parcel/watcher/package.json
code /sys/devices/system/cpu/cpu0/tsc_freq_khz
code /dev/shm/.org.chromium.Chromium.j9pDcM
code /dev/shm/.org.chromium.Chromium.j9pDcM
code /usr/share/code/resources/app/node_modules/@parcel/watcher/index.js
code /config/.config/Code/logs/20260515T002957/terminal.log
code /usr/share/code/resources/app/node_modules/@parcel/watcher/index.js
code /usr/share/code/resources/app/out/package.json
code /usr/share/code/resources/app/package.json
ThreadPoolSingl /proc/1219/task
ThreadPoolSingl /proc/1219/task/1219/status
ThreadPoolSingl /proc/1219/task/1236/status
code /usr/share/code/resources/app/out/bootstrap-fork.js
ThreadPoolSingl /proc/1219/task/1237/status
ThreadPoolSingl /proc/1219/task/1238/status
code /usr/share/code/resources/app/node_modules/@parcel/watcher/package.json
ThreadPoolSingl /proc/1219/task/1239/status
ThreadPoolSingl /proc/1219/task/1240/status
ThreadPoolSingl /proc/1219/task/1249/status
code /usr/share/code/resources/app/node_modules/@parcel/watcher/wrapper.js
ThreadPoolSingl /proc/1219/task/1250/status
code /usr/share/code/resources/app/node_modules/@parcel/watcher/node_modules/picomatch/package.json
ThreadPoolSingl /proc/1219/task/1259/status
ThreadPoolSingl /proc/1219/task/1334/status
code /usr/share/code/resources/app/node_modules/@parcel/watcher/node_modules/picomatch/index.js
ThreadPoolSingl /proc/1219/task/1336/status
ThreadPoolSingl /proc/1219/task/1337/status
ThreadPoolSingl /proc/1219/task/1338/status
code /usr/share/code/resources/app/node_modules/@parcel/watcher/node_modules/picomatch/lib/picomatch.js
ThreadPoolSingl /proc/1219/task/1339/status
ThreadPoolSingl /proc/1219/task/1340/status
ThreadPoolSingl /proc/1219/task/1381/status
ThreadPoolSingl /proc/1219/task/1414/status
code /usr/share/code/resources/app/node_modules/@parcel/watcher/node_modules/picomatch/lib/scan.js
ThreadPoolSingl /proc/1219/task
ThreadPoolSingl /proc/1219/task/1219/status
ThreadPoolSingl /proc/1219/task/1236/status
code /usr/share/code/resources/app/product.json
code /usr/share/code/resources/app/node_modules/@parcel/watcher/node_modules/picomatch/lib/utils.js
ThreadPoolSingl /proc/1219/task/1237/status
ThreadPoolSingl /proc/1219/task/1238/status
ThreadPoolSingl /proc/1219/task/1239/status
code /usr/share/code/resources/app/node_modules/@parcel/watcher/node_modules/picomatch/lib/constants.js
ThreadPoolSingl /proc/1219/task/1240/status
ThreadPoolSingl /proc/1219/task/1249/status
ThreadPoolSingl /proc/1219/task/1250/status
ThreadPoolSingl /proc/1219/task/1259/status
code /usr/share/code/resources/app/node_modules/@parcel/watcher/node_modules/picomatch/lib/parse.js
ThreadPoolSingl /proc/1219/task/1334/status
ThreadPoolSingl /proc/1219/task/1336/status
ThreadPoolSingl /proc/1219/task/1337/status
ThreadPoolSingl /proc/1219/task/1338/status
code /usr/share/code/resources/app/node_modules/@parcel/watcher/node_modules/is-glob/package.json
ThreadPoolSingl /proc/1219/task/1339/status
libuv-worker /config/.vscode/extensions
code /usr/share/code/resources/app/node_modules/is-glob/package.json
ThreadPoolSingl /proc/1219/task/1340/status
ThreadPoolSingl /proc/1219/task/1381/status
code /dev/null
code /usr/share/code/resources/app/node_modules/is-glob/index.js
ThreadPoolSingl /proc/1219/task/1414/status
ThreadPoolSingl /proc/1219/task/1415/status
code /usr/share/code/resources/app/node_modules/is-extglob/package.json
ThreadPoolSingl /proc/1379/task
ThreadPoolSingl /proc/1379/task/1379/status
code /usr/share/code/resources/app/node_modules/is-extglob/index.js
ThreadPoolSingl /proc/1379/task/1389/status
ThreadPoolSingl /proc/1379/task/1390/status
code /usr/share/code/resources/app/node_modules/@parcel/watcher/node_modules/detect-libc/package.json
code /usr/share/code/resources/app/node_modules/detect-libc/package.json
ThreadPoolSingl /proc/1379/task
ThreadPoolSingl /proc/1379/task/1379/status
code /proc/self/cgroup
code /sys/fs/cgroup//memory.max
code /sys/fs/cgroup//memory.high
ThreadPoolSingl /proc/1379/task/1389/status
code /proc/meminfo
ThreadPoolSingl /proc/1379/task/1390/status
code /usr/share/code/resources/app/node_modules/detect-libc/lib/detect-libc.js
libuv-worker /config/.config/Code/User/globalStorage
code /proc/self/cgroup
ThreadPoolSingl /proc/1379/task/1391/status
code /sys/fs/cgroup//memory.max
code /sys/fs/cgroup//memory.high
code /proc/meminfo
ThreadPoolSingl /proc/1379/task
ThreadPoolSingl /proc/1379/task/1379/status
code /usr/share/code/resources/app/node_modules/detect-libc/lib/process.js
ThreadPoolSingl /proc/1379/task/1389/status
ThreadPoolSingl /proc/1379/task/1390/status
libuv-worker /config/.config/Code/User/workspaceStorage/1778804999111
code /usr/share/code/resources/app/node_modules/detect-libc/lib/filesystem.js
ThreadPoolSingl /proc/1379/task/1391/status
code /usr/bin/ldd
ThreadPoolSingl /proc/1379/task/1392/status
code /usr/share/code/resources/app/node_modules/@parcel/watcher/node_modules/@parcel/watcher-linux-x64-glibc/package.json
ThreadPoolSingl /proc/1219/task
code /usr/share/code/resources/app/node_modules/@parcel/watcher-linux-x64-glibc/package.json
ThreadPoolSingl /proc/1219/task/1219/status
ThreadPoolSingl /proc/1219/task/1236/status
ThreadPoolSingl /proc/1219/task/1237/status
code /usr/share/code/resources/app/node_modules/@parcel/watcher/build/Release/watcher.node
ThreadPoolSingl /proc/1219/task/1238/status
ThreadPoolSingl /proc/1219/task/1239/status
ThreadPoolSingl /proc/1219/task/1240/status
ThreadPoolSingl /proc/1219/task/1249/status
ThreadPoolSingl /proc/1219/task/1250/status
ThreadPoolSingl /proc/1219/task/1259/status
ThreadPoolSingl /proc/1219/task/1334/status
ThreadPoolSingl /proc/1219/task/1336/status
ThreadPoolSingl /proc/1219/task/1337/status
ThreadPoolSingl /proc/1219/task/1338/status
ThreadPoolSingl /proc/1219/task/1339/status
ThreadPoolSingl /proc/1219/task/1340/status
ThreadPoolSingl /proc/1219/task/1381/status
ThreadPoolSingl /proc/1219/task/1414/status
ThreadPoolSingl /proc/1219/task/1415/status
ThreadPoolSingl /proc/1219/task/1416/status
ThreadPoolSingl /proc/1219/task/1417/status
code /usr/share/code/resources/app/out/vs/code/electron-utility/sharedProcess/package.json
code /usr/share/code/resources/app/out/vs/code/electron-utility/package.json
code /usr/share/code/resources/app/out/vs/code/package.json
code /usr/share/code/resources/app/out/vs/package.json
code /usr/share/code/resources/app/out/package.json
ThreadPoolSingl /proc/1219/task
ThreadPoolSingl /proc/1219/task/1219/status
code /usr/share/code/resources/app/node_modules/minimist/package.json
ThreadPoolSingl /proc/1219/task/1236/status
ThreadPoolSingl /proc/1219/task/1237/status
ThreadPoolSingl /proc/1219/task/1238/status
ThreadPoolSingl /proc/1219/task/1239/status
ThreadPoolSingl /proc/1219/task/1240/status
ThreadPoolSingl /proc/1219/task/1249/status
ThreadPoolSingl /proc/1219/task/1250/status
ThreadPoolSingl /proc/1219/task/1259/status
ThreadPoolSingl /proc/1219/task/1334/status
ThreadPoolSingl /proc/1219/task/1336/status
ThreadPoolSingl /proc/1219/task/1337/status
ThreadPoolSingl /proc/1219/task/1338/status
code /config/.config/Code/logs/20260515T002957/window1/notebook.rendering.log
ThreadPoolSingl /proc/1219/task/1339/status
ThreadPoolSingl /proc/1219/task/1340/status
ThreadPoolSingl /proc/1219/task/1381/status
code /usr/share/code/resources/app/node_modules/minimist/index.js
ThreadPoolSingl /proc/1219/task/1414/status
ThreadPoolSingl /proc/1219/task/1415/status
ThreadPoolSingl /proc/1219/task/1416/status
ThreadPoolSingl /proc/1219/task
ThreadPoolSingl /proc/1219/task/1219/status
ThreadPoolSingl /proc/1219/task/1236/status
ThreadPoolSingl /proc/1219/task/1237/status
ThreadPoolSingl /proc/1219/task/1238/status
ThreadPoolSingl /proc/1219/task/1239/status
ThreadPoolSingl /proc/1219/task/1240/status
ThreadPoolSingl /proc/1219/task/1249/status
ThreadPoolSingl /proc/1219/task/1250/status
ThreadPoolSingl /proc/1219/task/1259/status
ThreadPoolSingl /proc/1219/task/1334/status
ThreadPoolSingl /proc/1219/task/1336/status
ThreadPoolSingl /proc/1219/task/1337/status
ThreadPoolSingl /proc/1219/task/1338/status
ThreadPoolSingl /proc/1219/task/1339/status
ThreadPoolSingl /proc/1219/task/1340/status
ThreadPoolSingl /proc/1219/task/1381/status
ThreadPoolSingl /proc/1219/task/1414/status
ThreadPoolSingl /proc/1219/task/1415/status
ThreadPoolSingl /proc/1219/task/1416/status
ThreadPoolSingl /proc/1219/task/1417/status
Chrome_ChildIOT /dev/shm/.org.chromium.Chromium.6t0daK
ThreadPoolSingl /proc/1219/task/1418/status
libuv-worker /config/.config/Code/User/globalStorage/storage.json.vsctmp
ThreadPoolSingl /proc/1343/task
ThreadPoolSingl /proc/1343/task/1343/status
ThreadPoolSingl /proc/1343/task/1349/status
ThreadPoolSingl /proc/1343/task/1353/status
ThreadPoolSingl /proc/1343/task/1354/status
ThreadPoolSingl /proc/1343/task/1355/status
ThreadPoolSingl /proc/1343/task/1358/status
ThreadPoolSingl /proc/1343/task/1361/status
ThreadPoolSingl /proc/1343/task/1363/status
ThreadPoolSingl /proc/1343/task/1364/status
ThreadPoolSingl /proc/1343/task/1369/status
ThreadPoolSingl /proc/1343/task
ThreadPoolSingl /proc/1343/task/1343/status
ThreadPoolSingl /proc/1343/task/1349/status
ThreadPoolSingl /proc/1343/task/1353/status
ThreadPoolSingl /proc/1343/task/1354/status
ThreadPoolSingl /proc/1343/task/1355/status
ThreadPoolSingl /proc/1343/task/1358/status
code /usr/share/code/resources/app/node_modules/minimist/index.js
ThreadPoolSingl /proc/1343/task/1361/status
ThreadPoolSingl /proc/1343/task/1363/status
ThreadPoolSingl /proc/1343/task/1364/status
ThreadPoolForeg /config/.config/Code/Cache/Cache_Data/d121e2a6335b7510_0
ThreadPoolSingl /proc/1343/task/1369/status
ThreadPoolSingl /proc/1343/task/1370/status
ThreadPoolSingl /proc/1343/task/1372/status
ThreadPoolSingl /proc/1343/task
libuv-worker /config/.config/Code/User/globalStorage/state.vscdb-journal
ThreadPoolSingl /proc/1343/task/1343/status
ThreadPoolSingl /proc/1343/task/1349/status
ThreadPoolSingl /proc/1343/task/1353/status
ThreadPoolSingl /proc/1343/task/1354/status
ThreadPoolSingl /proc/1343/task/1355/status
ThreadPoolSingl /proc/1343/task/1358/status
ThreadPoolSingl /proc/1343/task/1361/status
ThreadPoolSingl /proc/1343/task/1363/status
ThreadPoolSingl /proc/1343/task/1364/status
ThreadPoolSingl /proc/1343/task/1369/status
ThreadPoolSingl /proc/1343/task/1370/status
ThreadPoolSingl /proc/1343/task/1372/status
code /usr/share/code/resources/app/node_modules/minimist/package.json
ThreadPoolSingl /proc/1343/task/1373/status
ThreadPoolSingl /proc/1343/task/1374/status
ThreadPoolSingl /proc/1343/task
ThreadPoolSingl /proc/1343/task/1343/status
ThreadPoolSingl /proc/1343/task/1349/status
ThreadPoolSingl /proc/1343/task/1353/status
ThreadPoolSingl /proc/1343/task/1354/status
ThreadPoolSingl /proc/1343/task/1355/status
ThreadPoolSingl /proc/1343/task/1358/status
ThreadPoolSingl /proc/1343/task/1361/status
ThreadPoolSingl /proc/1343/task/1363/status
ThreadPoolSingl /proc/1343/task/1364/status
ThreadPoolSingl /proc/1343/task/1369/status
ThreadPoolSingl /proc/1343/task/1370/status
ThreadPoolSingl /proc/1343/task/1372/status
ThreadPoolSingl /proc/1343/task/1373/status
ThreadPoolSingl /proc/1344/task
ThreadPoolSingl /proc/1344/task/1344/status
ThreadPoolSingl /proc/1344/task/1348/status
ThreadPoolSingl /proc/1344/task/1350/status
ThreadPoolSingl /proc/1344/task/1351/status
ThreadPoolSingl /proc/1344/task/1352/status
libuv-worker /usr/share/code/resources/app/extensions/bat/package.nls.json
ThreadPoolSingl /proc/1344/task/1357/status
ThreadPoolSingl /proc/1344/task/1359/status
ThreadPoolSingl /proc/1344/task/1360/status
libuv-worker /usr/share/code/resources/app/extensions/clojure/package.nls.json
ThreadPoolSingl /proc/1344/task/1362/status
ThreadPoolSingl /proc/1344/task/1366/status
ThreadPoolSingl /proc/1344/task/1367/status
ThreadPoolSingl /proc/1344/task
ThreadPoolSingl /proc/1344/task/1344/status
ThreadPoolSingl /proc/1344/task/1348/status
ThreadPoolSingl /proc/1344/task/1350/status
ThreadPoolSingl /proc/1344/task/1351/status
ThreadPoolSingl /proc/1344/task/1352/status
ThreadPoolSingl /proc/1344/task/1357/status
ThreadPoolSingl /proc/1344/task/1359/status
ThreadPoolSingl /proc/1344/task/1360/status
ThreadPoolSingl /proc/1344/task/1362/status
ThreadPoolSingl /proc/1344/task/1366/status
ThreadPoolSingl /proc/1344/task/1367/status
ThreadPoolSingl /proc/1344/task/1368/status
ThreadPoolSingl /proc/1344/task
ThreadPoolSingl /proc/1344/task/1344/status
ThreadPoolSingl /proc/1344/task/1348/status
ThreadPoolSingl /proc/1344/task/1350/status
ThreadPoolSingl /proc/1344/task/1351/status
ThreadPoolSingl /proc/1344/task/1352/status
ThreadPoolSingl /proc/1344/task/1357/status
ThreadPoolSingl /proc/1344/task/1359/status
ThreadPoolSingl /proc/1344/task/1360/status
ThreadPoolSingl /proc/1344/task/1362/status
ThreadPoolSingl /proc/1344/task/1366/status
libuv-worker /etc/os-release
ThreadPoolSingl /proc/1344/task/1367/status
ThreadPoolSingl /proc/1344/task/1368/status
ThreadPoolSingl /proc/1344/task/1371/status
ThreadPoolSingl /proc/1219/task
ThreadPoolSingl /proc/1219/task/1219/status
ThreadPoolSingl /proc/1219/task/1236/status
ThreadPoolSingl /proc/1219/task/1237/status
ThreadPoolSingl /proc/1219/task/1238/status
ThreadPoolSingl /proc/1219/task/1239/status
libuv-worker /config/.config/Code/User
ThreadPoolSingl /proc/1219/task/1240/status
libuv-worker /config/.config/Code/User/globalStorage
ThreadPoolSingl /proc/1219/task/1249/status
ThreadPoolSingl /proc/1219/task/1250/status
ThreadPoolSingl /proc/1219/task/1259/status
ThreadPoolSingl /proc/1219/task/1334/status
ThreadPoolSingl /proc/1219/task/1336/status
ThreadPoolSingl /proc/1219/task/1337/status
ThreadPoolSingl /proc/1219/task/1338/status
ThreadPoolSingl /proc/1219/task/1339/status
ThreadPoolSingl /proc/1219/task/1340/status
ThreadPoolSingl /proc/1219/task/1381/status
ThreadPoolSingl /proc/1219/task/1414/status
ThreadPoolSingl /proc/1219/task/1415/status
ThreadPoolSingl /proc/1219/task/1416/status
ThreadPoolSingl /proc/1219/task/1417/status
ThreadPoolSingl /proc/1219/task/1418/status
ThreadPoolSingl /proc/1219/task/1419/status
libuv-worker /usr/share/code/resources/app/out/nls.messages.json
libuv-worker /usr/share/code/resources/app/extensions/coffeescript/package.nls.json
libuv-worker /usr/share/code/resources/app/extensions/configuration-editing/package.nls.json
libuv-worker /usr/share/code/resources/app/extensions/cpp/package.nls.json
libuv-worker /usr/share/code/resources/app/extensions/css/package.nls.json
libuv-worker /usr/share/code/resources/app/extensions/csharp/package.nls.json
libuv-worker /usr/share/code/resources/app/extensions/dart/package.nls.json
libuv-worker /usr/share/code/resources/app/extensions/debug-auto-launch/package.nls.json
libuv-worker /usr/share/code/resources/app/extensions/css-language-features/package.nls.json
libuv-worker /usr/share/code/resources/app/extensions/debug-server-ready/package.nls.json
Chrome_IOThread /dev/shm/.org.chromium.Chromium.6dvPet
Chrome_IOThread /dev/shm/.org.chromium.Chromium.6dvPet
Chrome_IOThread /dev/shm/.org.chromium.Chromium.iHTaUu
Chrome_IOThread /dev/shm/.org.chromium.Chromium.iHTaUu
code /usr/share/code/resources/app/out/vs/workbench/api/node/package.json
code /usr/share/code/resources/app/out/vs/workbench/api/package.json
code /usr/share/code/resources/app/out/vs/workbench/package.json
code /usr/share/code/resources/app/out/vs/package.json
code /usr/share/code/resources/app/out/package.json
code /usr/share/code/resources/app/package.json
code /usr/share/code/resources/app/out/vs/workbench/api/node/extensionHostProcess.js
libuv-worker /usr/share/code/resources/app/extensions/copilot/package.nls.json
libuv-worker /usr/share/code/resources/app/extensions/diff/package.nls.json
libuv-worker /usr/share/code/resources/app/extensions/docker/package.nls.json
libuv-worker /usr/share/code/resources/app/extensions/dotenv/package.nls.json
libuv-worker /usr/share/code/resources/app/extensions/fsharp/package.nls.json
libuv-worker /usr/share/code/resources/app/extensions/emmet/package.nls.json
libuv-worker /usr/share/code/resources/app/extensions/extension-editing/package.nls.json
libuv-worker /usr/share/code/resources/app/extensions/git-base/package.nls.json
libuv-worker /usr/share/code/resources/app/extensions/git/package.nls.json
libuv-worker /usr/share/code/resources/app/extensions/github-authentication/package.nls.json
libuv-worker /usr/share/code/resources/app/extensions/github/package.nls.json
libuv-worker /usr/share/code/resources/app/extensions/groovy/package.nls.json
libuv-worker /usr/share/code/resources/app/extensions/gulp/package.nls.json
libuv-worker /usr/share/code/resources/app/extensions/grunt/package.nls.json
ThreadPoolSingl /proc/1379/task
libuv-worker /usr/share/code/resources/app/extensions/go/package.nls.json
ThreadPoolSingl /proc/1379/task/1379/status
ThreadPoolSingl /proc/1379/task/1389/status
libuv-worker /usr/share/code/resources/app/extensions/handlebars/package.nls.json
ThreadPoolSingl /proc/1379/task/1390/status
ThreadPoolSingl /proc/1379/task/1391/status
libuv-worker /usr/share/code/resources/app/extensions/hlsl/package.nls.json
ThreadPoolSingl /proc/1379/task/1392/status
ThreadPoolSingl /proc/1379/task/1393/status
libuv-worker /usr/share/code/resources/app/extensions/html/package.nls.json
ThreadPoolSingl /proc/1379/task/1395/status
ThreadPoolSingl /proc/1379/task/1396/status
ThreadPoolSingl /proc/1379/task/1397/status
libuv-worker /usr/share/code/resources/app/extensions/ini/package.nls.json
ThreadPoolSingl /proc/1379/task/1398/status
libuv-worker /usr/share/code/resources/app/extensions/jake/package.nls.json
libuv-worker /usr/share/code/resources/app/extensions/java/package.nls.json
libuv-worker /usr/share/code/resources/app/extensions/json/package.nls.json
libuv-worker /usr/share/code/resources/app/extensions/html-language-features/package.nls.json
libuv-worker /usr/share/code/resources/app/extensions/ipynb/package.nls.json
libuv-worker /usr/share/code/resources/app/extensions/latex/package.nls.json
libuv-worker /usr/share/code/resources/app/extensions/javascript/package.nls.json
libuv-worker /usr/share/code/resources/app/extensions/julia/package.nls.json
libuv-worker /usr/share/code/resources/app/extensions/less/package.nls.json
libuv-worker /usr/share/code/resources/app/extensions/log/package.nls.json
libuv-worker /usr/share/code/resources/app/extensions/json-language-features/package.nls.json
libuv-worker /usr/share/code/resources/app/extensions/lua/package.nls.json
libuv-worker /usr/share/code/resources/app/extensions/make/package.nls.json
libuv-worker /usr/share/code/resources/app/extensions/markdown-math/package.nls.json
libuv-worker /usr/share/code/resources/app/extensions/markdown-basics/package.nls.json
libuv-worker /usr/share/code/resources/app/extensions/markdown-language-features/package.nls.json
libuv-worker /usr/share/code/resources/app/extensions/media-preview/package.nls.json
libuv-worker /usr/share/code/resources/app/extensions/merge-conflict/package.nls.json
libuv-worker /usr/share/code/resources/app/extensions/mermaid-chat-features/package.nls.json
libuv-worker /usr/share/code/resources/app/extensions/notebook-renderers/package.nls.json
libuv-worker /usr/share/code/resources/app/extensions/objective-c/package.nls.json
libuv-worker /usr/share/code/resources/app/extensions/microsoft-authentication/package.nls.json
libuv-worker /usr/share/code/resources/app/extensions/perl/package.nls.json
libuv-worker /usr/share/code/resources/app/extensions/php/package.nls.json
libuv-worker /usr/share/code/resources/app/extensions/php-language-features/package.nls.json
libuv-worker /usr/share/code/resources/app/extensions/powershell/package.nls.json
libuv-worker /usr/share/code/resources/app/extensions/npm/package.nls.json
libuv-worker /usr/share/code/resources/app/extensions/pug/package.nls.json
libuv-worker /usr/share/code/resources/app/extensions/python/package.nls.json
libuv-worker /usr/share/code/resources/app/extensions/r/package.nls.json
libuv-worker /usr/share/code/resources/app/extensions/razor/package.nls.json
libuv-worker /usr/share/code/resources/app/extensions/prompt-basics/package.nls.json
libuv-worker /usr/share/code/resources/app/extensions/restructuredtext/package.nls.json
libuv-worker /usr/share/code/resources/app/extensions/ruby/package.nls.json
libuv-worker /usr/share/code/resources/app/extensions/rust/package.nls.json
libuv-worker /usr/share/code/resources/app/extensions/references-view/package.nls.json
libuv-worker /usr/share/code/resources/app/extensions/scss/package.nls.json
libuv-worker /usr/share/code/resources/app/extensions/ms-vscode.js-debug/package.nls.json
ThreadPoolSingl /proc/1379/task
ThreadPoolSingl /proc/1379/task/1379/status
ThreadPoolSingl /proc/1379/task/1389/status
Chrome_ChildIOT /dev/shm/.org.chromium.Chromium.0W45FA
ThreadPoolSingl /proc/1379/task/1390/status
ThreadPoolSingl /proc/1379/task/1391/status
ThreadPoolSingl /proc/1379/task/1392/status
code /usr/share/code/resources/app/out/package.json
ThreadPoolSingl /proc/1379/task/1393/status
ThreadPoolSingl /proc/1379/task/1395/status
ThreadPoolSingl /proc/1379/task/1396/status
ThreadPoolSingl /proc/1379/task/1397/status
ThreadPoolSingl /proc/1379/task/1398/status
ThreadPoolSingl /proc/1379/task/1399/status
ThreadPoolSingl /proc/1379/task
ThreadPoolSingl /proc/1379/task/1379/status
ThreadPoolSingl /proc/1379/task/1389/status
ThreadPoolSingl /proc/1379/task/1390/status
libuv-worker /config/.config/Code/User/settings.json
ThreadPoolSingl /proc/1379/task/1391/status
ThreadPoolSingl /proc/1379/task/1392/status
libuv-worker /usr/share/code/resources/app/extensions/search-result/package.nls.json
ThreadPoolSingl /proc/1379/task/1393/status
ThreadPoolSingl /proc/1379/task/1395/status
libuv-worker /usr/share/code/resources/app/extensions/shaderlab/package.nls.json
ThreadPoolSingl /proc/1379/task/1396/status
libuv-worker /usr/share/code/resources/app/extensions/shellscript/package.nls.json
ThreadPoolSingl /proc/1379/task/1397/status
ThreadPoolSingl /proc/1379/task/1398/status
libuv-worker /usr/share/code/resources/app/extensions/simple-browser/package.nls.json
ThreadPoolSingl /proc/1379/task/1399/status
ThreadPoolSingl /proc/1379/task/1400/status
libuv-worker /usr/share/code/resources/app/extensions/sql/package.nls.json
ThreadPoolSingl /proc/1379/task
libuv-worker /usr/share/code/resources/app/extensions/swift/package.nls.json
ThreadPoolSingl /proc/1379/task/1379/status
ThreadPoolSingl /proc/1379/task/1389/status
libuv-worker /usr/share/code/resources/app/extensions/terminal-suggest/package.nls.json
ThreadPoolSingl /proc/1379/task/1390/status
ThreadPoolSingl /proc/1379/task/1391/status
libuv-worker /usr/share/code/resources/app/extensions/theme-abyss/package.nls.json
ThreadPoolSingl /proc/1379/task/1392/status
libuv-worker /usr/share/code/resources/app/extensions/theme-defaults/package.nls.json
ThreadPoolSingl /proc/1379/task/1393/status
ThreadPoolSingl /proc/1379/task/1395/status
libuv-worker /usr/share/code/resources/app/extensions/theme-kimbie-dark/package.nls.json
ThreadPoolSingl /proc/1379/task/1396/status
libuv-worker /usr/share/code/resources/app/extensions/theme-monokai/package.nls.json
ThreadPoolSingl /proc/1379/task/1397/status
ThreadPoolSingl /proc/1379/task/1398/status
libuv-worker /usr/share/code/resources/app/extensions/theme-monokai-dimmed/package.nls.json
ThreadPoolSingl /proc/1379/task/1399/status
ThreadPoolSingl /proc/1379/task/1400/status
libuv-worker /usr/share/code/resources/app/extensions/theme-quietlight/package.nls.json
ThreadPoolSingl /proc/1379/task/1401/status
libuv-worker /usr/share/code/resources/app/extensions/theme-red/package.nls.json
libuv-worker /usr/share/code/resources/app/extensions/theme-seti/package.nls.json
libuv-worker /usr/share/code/resources/app/extensions/theme-solarized-dark/package.nls.json
libuv-worker /usr/share/code/resources/app/extensions/theme-solarized-light/package.nls.json
libuv-worker /usr/share/code/resources/app/extensions/tunnel-forwarding/package.nls.json
libuv-worker /usr/share/code/resources/app/extensions/theme-tomorrow-night-blue/package.nls.json
libuv-worker /usr/share/code/resources/app/extensions/vb/package.nls.json
libuv-worker /usr/share/code/resources/app/extensions/xml/package.nls.json
libuv-worker /usr/share/code/resources/app/extensions/yaml/package.nls.json
libuv-worker /usr/share/code/resources/app/extensions/typescript-basics/package.nls.json
libuv-worker /usr/share/code/resources/app/extensions/typescript-language-features/package.nls.json
libuv-worker /config/.config/Code/logs/20260515T002957/window1/output_20260515T003000
libuv-worker /config/.config/Code/User/snippets
code /usr/share/code/resources/app/out/vs/workbench/api/node/package.json
code /usr/share/code/resources/app/out/vs/workbench/api/package.json
code /usr/share/code/resources/app/out/vs/workbench/package.json
code /usr/share/code/resources/app/out/vs/package.json
code /usr/share/code/resources/app/out/package.json
code /usr/share/code/resources/app/node_modules/minimist/package.json
libuv-worker /config/.config/Code/User/workspaceStorage/1778804999111/state.vscdb-journal
code /usr/share/code/resources/app/out/vs/workbench/api/node/package.json
code /usr/share/code/resources/app/out/vs/workbench/api/package.json
code /usr/share/code/resources/app/out/vs/workbench/package.json
code /usr/share/code/resources/app/out/vs/package.json
code /usr/share/code/resources/app/out/package.json
code /usr/share/code/resources/app/node_modules/@vscode/ripgrep/package.json
code /usr/share/code/resources/app/node_modules/@vscode/ripgrep/lib/package.json
code /usr/share/code/resources/app/node_modules/@vscode/ripgrep/lib/package.json
code /usr/share/code/resources/app/out/vs/workbench/api/node/package.json
code /usr/share/code/resources/app/out/vs/workbench/api/package.json
code /usr/share/code/resources/app/out/vs/workbench/package.json
code /usr/share/code/resources/app/out/vs/package.json
code /usr/share/code/resources/app/out/package.json
code /usr/share/code/resources/app/node_modules/vscode-regexpp/package.json
code /usr/share/code/resources/app/out/vs/workbench/api/node/package.json
code /usr/share/code/resources/app/out/vs/workbench/api/package.json
code /usr/share/code/resources/app/out/vs/workbench/package.json
code /usr/share/code/resources/app/out/vs/package.json
code /usr/share/code/resources/app/out/package.json
code /usr/share/code/resources/app/node_modules/@vscode/proxy-agent/package.json
code /usr/share/code/resources/app/node_modules/@vscode/proxy-agent/out/package.json
code /usr/share/code/resources/app/node_modules/@vscode/proxy-agent/out/package.json
code /usr/share/code/resources/app/node_modules/minimist/index.js
code /usr/share/code/resources/app/node_modules/@vscode/ripgrep/lib/index.js
code /usr/share/code/resources/app/node_modules/@vscode/ripgrep/lib/package.json
code /usr/share/code/resources/app/node_modules/minimist/index.js
code /usr/share/code/resources/app/node_modules/vscode-regexpp/index.js
libuv-worker /config/.config/Code/User/globalStorage/state.vscdb-journal
libuv-worker /etc/os-release
libuv-worker /config/.config/Code/languagepacks.json
ThreadPoolForeg /dev/shm/.org.chromium.Chromium.Qvttd6
code /usr/share/code/resources/app/node_modules/@vscode/proxy-agent/out/index.js
ThreadPoolForeg /usr/share/code/resources/app/out/media/google.svg
code /usr/share/code/resources/app/node_modules/@vscode/proxy-agent/out/package.json
code /config/.config/Code/logs/20260515T002957/sharedprocess.log
libuv-worker /config/.config/Code/User/workspaceStorage/1778804999111
ThreadPoolForeg /dev/shm/.org.chromium.Chromium.ffrwy0
ThreadPoolForeg /usr/share/code/resources/app/out/media/apple-dark.svg
Chrome_IOThread /dev/shm/.org.chromium.Chromium.QRyZOI
code /usr/share/code/resources/app/out/package.json
libuv-worker /config/.config/Code/languagepacks.json
libuv-worker /config/.config/Code/User/globalStorage
code /usr/share/code/resources/app/node_modules/@vscode/ripgrep/lib/index.js
libuv-worker /config/.vscode/extensions
libuv-worker /config/.vscode/extensions
code /usr/share/code/resources/app/out/package.json
code /usr/share/code/resources/app/out/package.json
code /usr/share/code/resources/app/out/package.json
Chrome_IOThread /dev/shm/.org.chromium.Chromium.m9gRiX
Chrome_IOThread /dev/shm/.org.chromium.Chromium.m9gRiX
libuv-worker /config/.vscode/extensions/extensions.json
Chrome_IOThread /dev/shm/.org.chromium.Chromium.IHqJWN
Chrome_IOThread /dev/shm/.org.chromium.Chromium.IHqJWN
libuv-worker /config/.config/Code/CachedProfilesData/__default__profile__/extensions.builtin.cache
code /usr/share/code/resources/app/node_modules/vscode-regexpp/index.js
Chrome_IOThread /dev/shm/.org.chromium.Chromium.y4Wz3I
Chrome_IOThread /dev/shm/.org.chromium.Chromium.y4Wz3I
libuv-worker /config/.config/Code/User
Chrome_IOThread /dev/shm/.org.chromium.Chromium.HLfjFs
Chrome_IOThread /dev/shm/.org.chromium.Chromium.HLfjFs
code /usr/share/code/resources/app/out/package.json
Chrome_IOThread /dev/shm/.org.chromium.Chromium.Exa3U0
Chrome_IOThread /dev/shm/.org.chromium.Chromium.Exa3U0
code /usr/share/code/resources/app/out/vs/code/electron-utility/sharedProcess/package.json
code /usr/share/code/resources/app/out/vs/code/electron-utility/package.json
code /usr/share/code/resources/app/out/vs/code/package.json
code /usr/share/code/resources/app/out/vs/package.json
code /usr/share/code/resources/app/out/package.json
code /usr/share/code/resources/app/node_modules/@microsoft/1ds-core-js/package.json
code /usr/share/code/resources/app/node_modules/@microsoft/1ds-core-js/dist/package.json
code /usr/share/code/resources/app/node_modules/@microsoft/1ds-core-js/dist/package.json
code /config/.config/Code/logs/20260515T002957/network-shared.log
Chrome_IOThread /dev/shm/.org.chromium.Chromium.bLQpO7
Chrome_IOThread /dev/shm/.org.chromium.Chromium.bLQpO7
Chrome_IOThread /dev/shm/.org.chromium.Chromium.DQ9hYk
code /usr/share/code/resources/app/node_modules/@microsoft/1ds-core-js/dist/ms.core.js
Chrome_IOThread /dev/shm/.org.chromium.Chromium.DQ9hYk
code /usr/share/code/resources/app/node_modules/@microsoft/1ds-core-js/dist/package.json
Chrome_IOThread /dev/shm/.org.chromium.Chromium.WS6wIx
Chrome_IOThread /dev/shm/.org.chromium.Chromium.WS6wIx
code /usr/share/code/resources/app/node_modules/@vscode/proxy-agent/out/index.js
Chrome_IOThread /dev/shm/.org.chromium.Chromium.uxqaoc
Chrome_IOThread /dev/shm/.org.chromium.Chromium.uxqaoc
libuv-worker /usr/share/code/resources/app/extensions
code /usr/share/code/resources/app/node_modules/@microsoft/1ds-core-js/dist/ms.core.js
Chrome_IOThread /dev/shm/.org.chromium.Chromium.92vEz6
Chrome_IOThread /dev/shm/.org.chromium.Chromium.92vEz6
code /config/.config/Code/logs/20260515T002957/telemetry.log
code /config/.config/Code/logs/20260515T002957/userDataSync.log
code /config/.config/Code/logs/20260515T002957/remoteTunnelService.log
Chrome_IOThread /dev/shm/.org.chromium.Chromium.hOLA4i
Chrome_IOThread /dev/shm/.org.chromium.Chromium.hOLA4i
libuv-worker /config/.config/Code/CachedProfilesData/__default__profile__/extensions.builtin.cache
libuv-worker /config/.config/Code/User/extensions.json
Chrome_IOThread /dev/shm/.org.chromium.Chromium.WNZucz
Chrome_IOThread /dev/shm/.org.chromium.Chromium.WNZucz
Chrome_IOThread /dev/shm/.org.chromium.Chromium.4xS3Ny
Chrome_IOThread /dev/shm/.org.chromium.Chromium.4xS3Ny
code /usr/share/code/resources/app/node_modules/minimist/package.json
code /usr/share/code/resources/app/node_modules/@microsoft/1ds-core-js/package.json
code /config/.config/Code/logs/20260515T002957/tunnelHostService.log
code /usr/share/code/resources/app/node_modules/@vscode/ripgrep/package.json
Chrome_IOThread /dev/shm/.org.chromium.Chromium.gr6wmf
Chrome_IOThread /dev/shm/.org.chromium.Chromium.gr6wmf
code /usr/share/code/resources/app/node_modules/vscode-regexpp/package.json
code /usr/share/code/resources/app/node_modules/@microsoft/applicationinsights-shims/package.json
Chrome_IOThread /dev/shm/.org.chromium.Chromium.JG4FUt
Chrome_IOThread /dev/shm/.org.chromium.Chromium.JG4FUt
code /usr/share/code/resources/app/node_modules/@microsoft/applicationinsights-shims/dist/umd/applicationinsights-shims.js
Chrome_IOThread /dev/shm/.org.chromium.Chromium.He3O5E
Chrome_IOThread /dev/shm/.org.chromium.Chromium.He3O5E
code /usr/share/code/resources/app/node_modules/@microsoft/applicationinsights-core-js/package.json
plasmashell /config/.local/share/kservices5
plasmashell /config/.local/share/mime
plasmashell /etc/xdg/menus
plasmashell /usr/local/share/kservices5
code /usr/share/code/resources/app/node_modules/@microsoft/applicationinsights-core-js/dist/applicationinsights-core-js.js
plasmashell /usr/local/share/mime
Chrome_IOThread /dev/shm/.org.chromium.Chromium.yYBAWl
Chrome_IOThread /dev/shm/.org.chromium.Chromium.yYBAWl
code /usr/share/code/resources/app/node_modules/@vscode/proxy-agent/package.json
plasmashell /usr/share/kservices5
plasmashell /usr/share/kservices5/ServiceMenus
plasmashell /usr/share/kservices5/qimageioplugins
Chrome_IOThread /dev/shm/.org.chromium.Chromium.EcBQyR
Chrome_IOThread /dev/shm/.org.chromium.Chromium.EcBQyR
plasmashell /usr/share/kservices5/searchproviders
plasmashell /usr/share/mime
plasmashell /usr/share/mime/application
plasmashell /usr/share/mime/audio
plasmashell /usr/share/mime/chemical
plasmashell /usr/share/mime/font
plasmashell /usr/share/mime/image
plasmashell /usr/share/mime/inode
plasmashell /usr/share/mime/message
code /usr/share/code/resources/app/node_modules/undici/package.json
plasmashell /usr/share/mime/model
plasmashell /usr/share/mime/multipart
plasmashell /usr/share/mime/packages
plasmashell /usr/share/mime/text
plasmashell /usr/share/mime/video
plasmashell /usr/share/mime/x-content
plasmashell /usr/share/mime/x-epoc
Chrome_IOThread /dev/shm/.org.chromium.Chromium.0gabgX
Chrome_IOThread /dev/shm/.org.chromium.Chromium.0gabgX
code /usr/share/code/resources/app/node_modules/@microsoft/dynamicproto-js/package.json
Chrome_IOThread /dev/shm/.org.chromium.Chromium.hYr9uQ
Chrome_IOThread /dev/shm/.org.chromium.Chromium.hYr9uQ
code /usr/share/code/resources/app/node_modules/@microsoft/dynamicproto-js/lib/dist/node/dynamicproto-js.js
libuv-worker /config/.config/Code/User/globalStorage/state.vscdb-journal
Chrome_IOThread /dev/shm/.org.chromium.Chromium.TPtTnH
Chrome_IOThread /dev/shm/.org.chromium.Chromium.TPtTnH
code /usr/share/code/resources/app/node_modules/undici/index.js
Chrome_IOThread /dev/shm/.org.chromium.Chromium.Xkzb96
Chrome_IOThread /dev/shm/.org.chromium.Chromium.Xkzb96
code /usr/share/code/resources/app/node_modules/undici/lib/dispatcher/client.js
libuv-worker /config/.config/Code/User/globalStorage
Chrome_IOThread /dev/shm/.org.chromium.Chromium.GHnT7w
Chrome_IOThread /dev/shm/.org.chromium.Chromium.GHnT7w
Chrome_IOThread /dev/shm/.org.chromium.Chromium.XxEsNT
Chrome_IOThread /dev/shm/.org.chromium.Chromium.XxEsNT
Chrome_IOThread /dev/shm/.org.chromium.Chromium.TQSOVk
Chrome_IOThread /dev/shm/.org.chromium.Chromium.TQSOVk
code /usr/share/code/resources/app/out/vs/code/electron-utility/sharedProcess/package.json
code /usr/share/code/resources/app/out/vs/code/electron-utility/package.json
code /usr/share/code/resources/app/out/vs/code/package.json
code /usr/share/code/resources/app/out/vs/package.json
code /usr/share/code/resources/app/out/package.json
code /usr/share/code/resources/app/node_modules/undici/lib/core/util.js
code /usr/share/code/resources/app/node_modules/@microsoft/1ds-post-js/package.json
code /usr/share/code/resources/app/node_modules/@microsoft/1ds-post-js/dist/package.json
libuv-worker /config/.vscode/extensions
code /usr/share/code/resources/app/node_modules/@microsoft/1ds-post-js/dist/package.json
Chrome_IOThread /dev/shm/.org.chromium.Chromium.TewdGU
Chrome_IOThread /dev/shm/.org.chromium.Chromium.TewdGU
code /usr/share/code/resources/app/node_modules/undici/lib/core/symbols.js
Chrome_IOThread /dev/shm/.org.chromium.Chromium.8KLkMf
Chrome_IOThread /dev/shm/.org.chromium.Chromium.8KLkMf
Chrome_IOThread /dev/shm/.org.chromium.Chromium.HkK34M
Chrome_IOThread /dev/shm/.org.chromium.Chromium.HkK34M
Chrome_IOThread /dev/shm/.org.chromium.Chromium.LRrBbv
Chrome_IOThread /dev/shm/.org.chromium.Chromium.LRrBbv
Chrome_IOThread /dev/shm/.org.chromium.Chromium.FnsrlW
Chrome_IOThread /dev/shm/.org.chromium.Chromium.FnsrlW
Chrome_IOThread /dev/shm/.org.chromium.Chromium.6Vmgvy
Chrome_IOThread /dev/shm/.org.chromium.Chromium.6Vmgvy
Chrome_IOThread /dev/shm/.org.chromium.Chromium.o4Wvgf
Chrome_IOThread /dev/shm/.org.chromium.Chromium.o4Wvgf
code /usr/share/code/resources/app/node_modules/undici/lib/util/timers.js
Chrome_IOThread /dev/shm/.org.chromium.Chromium.xfmgCW
Chrome_IOThread /dev/shm/.org.chromium.Chromium.xfmgCW
Chrome_IOThread /dev/shm/.org.chromium.Chromium.6F9yzF
Chrome_IOThread /dev/shm/.org.chromium.Chromium.6F9yzF
libuv-worker /usr/share/code/resources/app/extensions/TypeScriptTeam.jsts-chat-features/package.json
libuv-worker /usr/share/code/resources/app/extensions/bat/package.json
libuv-worker /usr/share/code/resources/app/extensions/clojure/package.json
libuv-worker /usr/share/code/resources/app/extensions/coffeescript/package.json
libuv-worker /usr/share/code/resources/app/extensions/configuration-editing/package.json
libuv-worker /usr/share/code/resources/app/extensions/copilot/package.json
Chrome_IOThread /dev/shm/.org.chromium.Chromium.rVLv1m
libuv-worker /usr/share/code/resources/app/extensions/cpp/package.json
Chrome_IOThread /dev/shm/.org.chromium.Chromium.rVLv1m
libuv-worker /usr/share/code/resources/app/extensions/csharp/package.json
libuv-worker /usr/share/code/resources/app/extensions/css/package.json
libuv-worker /usr/share/code/resources/app/extensions/css-language-features/package.json
libuv-worker /usr/share/code/resources/app/extensions/dart/package.json
code /usr/share/code/resources/app/node_modules/undici/lib/core/errors.js
libuv-worker /usr/share/code/resources/app/extensions/debug-auto-launch/package.json
Chrome_IOThread /dev/shm/.org.chromium.Chromium.1gdbAN
Chrome_IOThread /dev/shm/.org.chromium.Chromium.1gdbAN
libuv-worker /usr/share/code/resources/app/extensions/debug-server-ready/package.json
code /usr/share/code/resources/app/node_modules/undici/lib/core/constants.js
libuv-worker /usr/share/code/resources/app/extensions/diff/package.json
Chrome_IOThread /dev/shm/.org.chromium.Chromium.TdF9vn
Chrome_IOThread /dev/shm/.org.chromium.Chromium.TdF9vn
libuv-worker /usr/share/code/resources/app/extensions/docker/package.json
libuv-worker /usr/share/code/resources/app/extensions/dotenv/package.json
libuv-worker /usr/share/code/resources/app/extensions/emmet/package.json
libuv-worker /usr/share/code/resources/app/extensions/extension-editing/package.json
libuv-worker /usr/share/code/resources/app/extensions/fsharp/package.json
code /usr/share/code/resources/app/node_modules/undici/lib/core/tree.js
libuv-worker /usr/share/code/resources/app/extensions/git/package.json
libuv-worker /usr/share/code/resources/app/extensions/git-base/package.json
libuv-worker /usr/share/code/resources/app/extensions/github/package.json
libuv-worker /usr/share/code/resources/app/extensions/github-authentication/package.json
libuv-worker /usr/share/code/resources/app/extensions/go/package.json
libuv-worker /usr/share/code/resources/app/extensions/groovy/package.json
libuv-worker /usr/share/code/resources/app/extensions/grunt/package.json
libuv-worker /usr/share/code/resources/app/extensions/gulp/package.json
libuv-worker /usr/share/code/resources/app/extensions/handlebars/package.json
libuv-worker /usr/share/code/resources/app/extensions/hlsl/package.json
libuv-worker /usr/share/code/resources/app/extensions/html/package.json
libuv-worker /usr/share/code/resources/app/extensions/html-language-features/package.json
libuv-worker /usr/share/code/resources/app/extensions/ini/package.json
libuv-worker /usr/share/code/resources/app/extensions/ipynb/package.json
Chrome_IOThread /dev/shm/.org.chromium.Chromium.CgNGlp
Chrome_IOThread /dev/shm/.org.chromium.Chromium.CgNGlp
libuv-worker /usr/share/code/resources/app/extensions/jake/package.json
libuv-worker /usr/share/code/resources/app/extensions/java/package.json
libuv-worker /usr/share/code/resources/app/extensions/javascript/package.json
libuv-worker /usr/share/code/resources/app/extensions/json/package.json
libuv-worker /usr/share/code/resources/app/extensions/json-language-features/package.json
libuv-worker /usr/share/code/resources/app/extensions/julia/package.json
libuv-worker /usr/share/code/resources/app/extensions/latex/package.json
libuv-worker /usr/share/code/resources/app/extensions/less/package.json
code /usr/share/code/resources/app/node_modules/undici/lib/util/stats.js
libuv-worker /usr/share/code/resources/app/extensions/log/package.json
libuv-worker /usr/share/code/resources/app/extensions/lua/package.json
libuv-worker /usr/share/code/resources/app/extensions/make/package.json
libuv-worker /usr/share/code/resources/app/extensions/markdown-basics/package.json
libuv-worker /usr/share/code/resources/app/extensions/markdown-language-features/package.json
libuv-worker /usr/share/code/resources/app/extensions/markdown-math/package.json
libuv-worker /usr/share/code/resources/app/extensions/media-preview/package.json
Chrome_IOThread /dev/shm/.org.chromium.Chromium.SXnFxi
libuv-worker /usr/share/code/resources/app/extensions/merge-conflict/package.json
Chrome_IOThread /dev/shm/.org.chromium.Chromium.SXnFxi
libuv-worker /usr/share/code/resources/app/extensions/mermaid-chat-features/package.json
libuv-worker /usr/share/code/resources/app/extensions/microsoft-authentication/package.json
code /usr/share/code/resources/app/node_modules/undici/lib/core/diagnostics.js
libuv-worker /usr/share/code/resources/app/extensions/ms-vscode.js-debug/package.json
libuv-worker /usr/share/code/resources/app/extensions/ms-vscode.js-debug-companion/package.json
libuv-worker /usr/share/code/resources/app/extensions/ms-vscode.vscode-js-profile-table/package.json
libuv-worker /usr/share/code/resources/app/extensions/node_modules/package.json
libuv-worker /usr/share/code/resources/app/extensions/notebook-renderers/package.json
libuv-worker /usr/share/code/resources/app/extensions/npm/package.json
libuv-worker /usr/share/code/resources/app/extensions/objective-c/package.json
libuv-worker /usr/share/code/resources/app/extensions/perl/package.json
libuv-worker /usr/share/code/resources/app/extensions/php/package.json
code /usr/share/code/resources/app/node_modules/undici/lib/core/request.js
libuv-worker /usr/share/code/resources/app/extensions/php-language-features/package.json
Chrome_IOThread /dev/shm/.org.chromium.Chromium.b5xNMR
libuv-worker /usr/share/code/resources/app/extensions/powershell/package.json
libuv-worker /usr/share/code/resources/app/extensions/prompt-basics/package.json
Chrome_IOThread /dev/shm/.org.chromium.Chromium.b5xNMR
libuv-worker /usr/share/code/resources/app/extensions/pug/package.json
libuv-worker /usr/share/code/resources/app/extensions/python/package.json
libuv-worker /usr/share/code/resources/app/extensions/r/package.json
libuv-worker /usr/share/code/resources/app/extensions/razor/package.json
libuv-worker /usr/share/code/resources/app/extensions/references-view/package.json
libuv-worker /usr/share/code/resources/app/extensions/restructuredtext/package.json
libuv-worker /usr/share/code/resources/app/extensions/ruby/package.json
libuv-worker /usr/share/code/resources/app/extensions/rust/package.json
libuv-worker /usr/share/code/resources/app/extensions/scss/package.json
libuv-worker /usr/share/code/resources/app/extensions/search-result/package.json
libuv-worker /usr/share/code/resources/app/extensions/shaderlab/package.json
libuv-worker /usr/share/code/resources/app/extensions/shellscript/package.json
code /usr/share/code/resources/app/node_modules/undici/lib/dispatcher/dispatcher-base.js
libuv-worker /usr/share/code/resources/app/extensions/simple-browser/package.json
libuv-worker /usr/share/code/resources/app/extensions/sql/package.json
Chrome_IOThread /dev/shm/.org.chromium.Chromium.YxVHH2
Chrome_IOThread /dev/shm/.org.chromium.Chromium.YxVHH2
libuv-worker /usr/share/code/resources/app/extensions/swift/package.json
libuv-worker /usr/share/code/resources/app/extensions/terminal-suggest/package.json
libuv-worker /usr/share/code/resources/app/extensions/theme-abyss/package.json
libuv-worker /usr/share/code/resources/app/extensions/theme-defaults/package.json
libuv-worker /usr/share/code/resources/app/extensions/theme-kimbie-dark/package.json
libuv-worker /usr/share/code/resources/app/extensions/theme-monokai/package.json
libuv-worker /usr/share/code/resources/app/extensions/theme-monokai-dimmed/package.json
libuv-worker /usr/share/code/resources/app/extensions/theme-quietlight/package.json
code /usr/share/code/resources/app/node_modules/undici/lib/dispatcher/dispatcher.js
libuv-worker /usr/share/code/resources/app/extensions/theme-red/package.json
libuv-worker /usr/share/code/resources/app/extensions/theme-seti/package.json
libuv-worker /usr/share/code/resources/app/extensions/theme-solarized-dark/package.json
libuv-worker /usr/share/code/resources/app/extensions/theme-solarized-light/package.json
libuv-worker /usr/share/code/resources/app/extensions/theme-tomorrow-night-blue/package.json
libuv-worker /usr/share/code/resources/app/extensions/tunnel-forwarding/package.json
Chrome_IOThread /dev/shm/.org.chromium.Chromium.gPOGB2
Chrome_IOThread /dev/shm/.org.chromium.Chromium.gPOGB2
code /usr/share/code/resources/app/node_modules/undici/lib/handler/wrap-handler.js
code /usr/share/code/resources/app/node_modules/undici/lib/handler/unwrap-handler.js
Chrome_IOThread /dev/shm/.org.chromium.Chromium.RkpyxA
Chrome_IOThread /dev/shm/.org.chromium.Chromium.RkpyxA
Chrome_IOThread /dev/shm/.org.chromium.Chromium.j5lD4h
Chrome_IOThread /dev/shm/.org.chromium.Chromium.j5lD4h
code /usr/share/code/resources/app/node_modules/undici/lib/core/connect.js
code /usr/share/code/resources/app/node_modules/undici/lib/dispatcher/client-h1.js
Chrome_IOThread /dev/shm/.org.chromium.Chromium.EoEigC
Chrome_IOThread /dev/shm/.org.chromium.Chromium.EoEigC
code /usr/share/code/resources/app/node_modules/@microsoft/1ds-post-js/dist/ms.post.js
Chrome_IOThread /dev/shm/.org.chromium.Chromium.a7dqjz
Chrome_IOThread /dev/shm/.org.chromium.Chromium.a7dqjz
code /usr/share/code/resources/app/node_modules/undici/lib/llhttp/constants.js
Chrome_IOThread /dev/shm/.org.chromium.Chromium.6YmrsQ
Chrome_IOThread /dev/shm/.org.chromium.Chromium.6YmrsQ
libuv-worker /usr/share/code/resources/app/extensions/typescript-basics/package.json
libuv-worker /usr/share/code/resources/app/extensions/typescript-language-features/package.json
libuv-worker /usr/share/code/resources/app/extensions/vb/package.json
libuv-worker /usr/share/code/resources/app/extensions/xml/package.json
libuv-worker /usr/share/code/resources/app/extensions/yaml/package.json
code /usr/share/code/resources/app/node_modules/undici/lib/llhttp/utils.js
code /usr/share/code/resources/app/node_modules/@microsoft/1ds-post-js/dist/package.json
Chrome_IOThread /dev/shm/.org.chromium.Chromium.g1WNZt
Chrome_IOThread /dev/shm/.org.chromium.Chromium.g1WNZt
code /usr/share/code/resources/app/node_modules/undici/lib/dispatcher/client-h2.js
Chrome_IOThread /dev/shm/.org.chromium.Chromium.V5ssLW
Chrome_IOThread /dev/shm/.org.chromium.Chromium.V5ssLW
libuv-worker /config/.vscode/extensions/extensions.json
Chrome_IOThread /dev/shm/.org.chromium.Chromium.8VFM60
Chrome_IOThread /dev/shm/.org.chromium.Chromium.8VFM60
code /usr/share/code/resources/app/node_modules/undici/lib/dispatcher/pool.js
code /usr/share/code/resources/app/node_modules/undici/lib/dispatcher/pool-base.js
code /usr/share/code/resources/app/node_modules/undici/lib/dispatcher/fixed-queue.js
code /usr/share/code/resources/app/node_modules/undici/lib/dispatcher/balanced-pool.js
code /usr/share/code/resources/app/node_modules/undici/lib/dispatcher/round-robin-pool.js
Chrome_IOThread /dev/shm/.org.chromium.Chromium.ixVvUW
Chrome_IOThread /dev/shm/.org.chromium.Chromium.ixVvUW
code /usr/share/code/resources/app/node_modules/undici/lib/dispatcher/agent.js
libuv-worker /usr/share/code/resources/app/extensions
Chrome_IOThread /dev/shm/.org.chromium.Chromium.QMm5uR
Chrome_IOThread /dev/shm/.org.chromium.Chromium.QMm5uR
code /usr/share/code/resources/app/node_modules/@microsoft/1ds-post-js/dist/ms.post.js
code /usr/share/code/resources/app/node_modules/undici/lib/dispatcher/proxy-agent.js
Chrome_IOThread /dev/shm/.org.chromium.Chromium.VvY8u2
Chrome_IOThread /dev/shm/.org.chromium.Chromium.VvY8u2
Chrome_IOThread /dev/shm/.org.chromium.Chromium.PGjDk1
Chrome_IOThread /dev/shm/.org.chromium.Chromium.PGjDk1
code /usr/share/code/resources/app/node_modules/undici/lib/dispatcher/socks5-proxy-agent.js
Chrome_IOThread /dev/shm/.org.chromium.Chromium.33unv9
Chrome_IOThread /dev/shm/.org.chromium.Chromium.33unv9
code /usr/share/code/resources/app/node_modules/undici/lib/core/socks5-client.js
Chrome_IOThread /dev/shm/.org.chromium.Chromium.tmEKBZ
Chrome_IOThread /dev/shm/.org.chromium.Chromium.tmEKBZ
code /usr/share/code/resources/app/node_modules/undici/lib/core/socks5-utils.js
Chrome_IOThread /dev/shm/.org.chromium.Chromium.zwbxQx
Chrome_IOThread /dev/shm/.org.chromium.Chromium.zwbxQx
code /usr/share/code/resources/app/node_modules/undici/lib/dispatcher/env-http-proxy-agent.js
Chrome_IOThread /dev/shm/.org.chromium.Chromium.ncV4hY
Chrome_IOThread /dev/shm/.org.chromium.Chromium.ncV4hY
code /usr/share/code/resources/app/node_modules/@microsoft/1ds-post-js/package.json
code /usr/share/code/resources/app/node_modules/undici/lib/dispatcher/retry-agent.js
code /usr/share/code/resources/app/node_modules/undici/lib/handler/retry-handler.js
Chrome_IOThread /dev/shm/.org.chromium.Chromium.faTfBw
Chrome_IOThread /dev/shm/.org.chromium.Chromium.faTfBw
Chrome_IOThread /dev/shm/.org.chromium.Chromium.NaLsAm
Chrome_IOThread /dev/shm/.org.chromium.Chromium.NaLsAm
Chrome_IOThread /dev/shm/.org.chromium.Chromium.t5Yyy2
Chrome_IOThread /dev/shm/.org.chromium.Chromium.t5Yyy2
Chrome_IOThread /dev/shm/.org.chromium.Chromium.Asdfu3
Chrome_IOThread /dev/shm/.org.chromium.Chromium.Asdfu3
code /usr/share/code/resources/app/node_modules/undici/lib/dispatcher/h2c-client.js
Chrome_IOThread /dev/shm/.org.chromium.Chromium.TdMOw3
Chrome_IOThread /dev/shm/.org.chromium.Chromium.TdMOw3
code /usr/share/code/resources/app/node_modules/undici/lib/api/package.json
code /usr/share/code/resources/app/node_modules/undici/lib/api/index.js
Chrome_IOThread /dev/shm/.org.chromium.Chromium.vobTcX
Chrome_IOThread /dev/shm/.org.chromium.Chromium.vobTcX
code /usr/share/code/resources/app/node_modules/undici/lib/api/api-request.js
code /usr/share/code/resources/app/node_modules/undici/lib/api/readable.js
Chrome_IOThread /dev/shm/.org.chromium.Chromium.WC2q0X
Chrome_IOThread /dev/shm/.org.chromium.Chromium.WC2q0X
code /usr/share/code/resources/app/node_modules/undici/lib/api/api-stream.js
Chrome_IOThread /dev/shm/.org.chromium.Chromium.RUoPgx
Chrome_IOThread /dev/shm/.org.chromium.Chromium.RUoPgx
code /usr/share/code/resources/app/node_modules/undici/lib/api/abort-signal.js
libuv-worker /config/.config/Code/User/snippets
xclip /etc/ld.so.cache
xclip /lib/x86_64-linux-gnu/libXmu.so.6
Chrome_IOThread /dev/shm/.org.chromium.Chromium.M6YA0Z
xclip /lib/x86_64-linux-gnu/libX11.so.6
Chrome_IOThread /dev/shm/.org.chromium.Chromium.M6YA0Z
xclip /lib/x86_64-linux-gnu/libc.so.6
code /usr/share/code/resources/app/node_modules/undici/lib/api/api-pipeline.js
xclip /lib/x86_64-linux-gnu/libXt.so.6
xclip /lib/x86_64-linux-gnu/libXext.so.6
xclip /lib/x86_64-linux-gnu/libxcb.so.1
xclip /lib/x86_64-linux-gnu/libSM.so.6
xclip /lib/x86_64-linux-gnu/libICE.so.6
xclip /lib/x86_64-linux-gnu/libXau.so.6
xclip /lib/x86_64-linux-gnu/libXdmcp.so.6
xclip /lib/x86_64-linux-gnu/libuuid.so.1
code /usr/share/code/resources/app/node_modules/undici/lib/api/api-upgrade.js
xclip /lib/x86_64-linux-gnu/libbsd.so.0
Chrome_IOThread /dev/shm/.org.chromium.Chromium.f1zsA6
Chrome_IOThread /dev/shm/.org.chromium.Chromium.f1zsA6
xclip /lib/x86_64-linux-gnu/libmd.so.0
xclip /usr/share/X11/locale/locale.alias
xclip /usr/share/X11/locale/locale.dir
code /usr/share/code/resources/app/node_modules/undici/lib/api/api-connect.js
Chrome_IOThread /dev/shm/.org.chromium.Chromium.w3Han6
xclip /usr/share/X11/locale/C/XLC_LOCALE
Chrome_IOThread /dev/shm/.org.chromium.Chromium.w3Han6
xclip /usr/share/X11/locale/locale.alias
xclip /usr/share/X11/locale/locale.dir
xclip /usr/share/X11/locale/C/XLC_LOCALE
code /usr/share/code/resources/app/node_modules/undici/lib/mock/mock-client.js
Xvfb /proc/1430/cmdline
Chrome_IOThread /dev/shm/.org.chromium.Chromium.RXl9TI
Chrome_IOThread /dev/shm/.org.chromium.Chromium.RXl9TI
code /usr/share/code/resources/app/node_modules/undici/lib/mock/mock-utils.js
Chrome_IOThread /dev/shm/.org.chromium.Chromium.hxH8yL
Chrome_IOThread /dev/shm/.org.chromium.Chromium.hxH8yL
code /usr/share/code/resources/app/node_modules/undici/lib/mock/mock-errors.js
code /usr/share/code/resources/app/node_modules/undici/lib/mock/mock-symbols.js
Chrome_IOThread /dev/shm/.org.chromium.Chromium.1Roqb7
Chrome_IOThread /dev/shm/.org.chromium.Chromium.1Roqb7
code /usr/share/code/resources/app/node_modules/undici/lib/mock/mock-interceptor.js
Chrome_IOThread /dev/shm/.org.chromium.Chromium.mqN9EG
Chrome_IOThread /dev/shm/.org.chromium.Chromium.mqN9EG
code /usr/share/code/resources/app/node_modules/undici/lib/mock/mock-call-history.js
code /usr/share/code/resources/app/node_modules/undici/lib/mock/mock-agent.js
code /usr/share/code/resources/app/node_modules/undici/lib/mock/mock-pool.js
code /usr/share/code/resources/app/node_modules/undici/lib/mock/pending-interceptors-formatter.js
code /usr/share/code/resources/app/node_modules/undici/lib/mock/snapshot-agent.js
code /usr/share/code/resources/app/node_modules/undici/lib/mock/snapshot-recorder.js
code /usr/share/code/resources/app/node_modules/undici/lib/mock/snapshot-utils.js
code /usr/share/code/resources/app/node_modules/undici/lib/util/runtime-features.js
code /usr/share/code/resources/app/node_modules/undici/lib/global.js
code /usr/share/code/resources/app/node_modules/undici/lib/handler/decorator-handler.js
code /usr/share/code/resources/app/node_modules/undici/lib/handler/redirect-handler.js
code /usr/share/code/resources/app/node_modules/undici/lib/interceptor/redirect.js
code /usr/share/code/resources/app/node_modules/undici/lib/interceptor/response-error.js
libuv-worker /config/.vscode/extensions
code /usr/share/code/resources/app/node_modules/undici/lib/interceptor/retry.js
code /usr/share/code/resources/app/node_modules/undici/lib/interceptor/dump.js
code /usr/share/code/resources/app/node_modules/undici/lib/interceptor/dns.js
libuv-worker /usr/share/code/resources/app/extensions/TypeScriptTeam.jsts-chat-features/package.json
libuv-worker /usr/share/code/resources/app/extensions/bat/package.json
libuv-worker /usr/share/code/resources/app/extensions/clojure/package.json
libuv-worker /usr/share/code/resources/app/extensions/coffeescript/package.json
libuv-worker /usr/share/code/resources/app/extensions/configuration-editing/package.json
libuv-worker /usr/share/code/resources/app/extensions/copilot/package.json
libuv-worker /usr/share/code/resources/app/extensions/cpp/package.json
libuv-worker /usr/share/code/resources/app/extensions/csharp/package.json
code /etc/resolv.conf
libuv-worker /usr/share/code/resources/app/extensions/css/package.json
libuv-worker /usr/share/code/resources/app/extensions/css-language-features/package.json
libuv-worker /usr/share/code/resources/app/extensions/dart/package.json
code /etc/nsswitch.conf
libuv-worker /usr/share/code/resources/app/extensions/debug-auto-launch/package.json
libuv-worker /usr/share/code/resources/app/extensions/debug-server-ready/package.json
libuv-worker /usr/share/code/resources/app/extensions/diff/package.json
code /etc/netsvc.conf
libuv-worker /usr/share/code/resources/app/extensions/docker/package.json
code /etc/svc.conf
libuv-worker /usr/share/code/resources/app/extensions/dotenv/package.json
libuv-worker /usr/share/code/resources/app/extensions/emmet/package.json
libuv-worker /usr/share/code/resources/app/extensions/extension-editing/package.json
libuv-worker /usr/share/code/resources/app/extensions/fsharp/package.json
libuv-worker /usr/share/code/resources/app/extensions/git/package.json
libuv-worker /usr/share/code/resources/app/extensions/git-base/package.json
libuv-worker /usr/share/code/resources/app/extensions/github/package.json
libuv-worker /usr/share/code/resources/app/extensions/github-authentication/package.json
libuv-worker /usr/share/code/resources/app/extensions/go/package.json
code /usr/share/code/resources/app/node_modules/undici/lib/interceptor/cache.js
libuv-worker /usr/share/code/resources/app/extensions/groovy/package.json
libuv-worker /usr/share/code/resources/app/extensions/grunt/package.json
libuv-worker /usr/share/code/resources/app/extensions/gulp/package.json
libuv-worker /usr/share/code/resources/app/extensions/handlebars/package.json
libuv-worker /usr/share/code/resources/app/extensions/hlsl/package.json
libuv-worker /usr/share/code/resources/app/extensions/html/package.json
libuv-worker /usr/share/code/resources/app/extensions/html-language-features/package.json
libuv-worker /usr/share/code/resources/app/extensions/ini/package.json
libuv-worker /usr/share/code/resources/app/extensions/ipynb/package.json
libuv-worker /usr/share/code/resources/app/extensions/jake/package.json
libuv-worker /usr/share/code/resources/app/extensions/java/package.json
code /usr/share/code/resources/app/node_modules/undici/lib/handler/cache-handler.js
libuv-worker /usr/share/code/resources/app/extensions/javascript/package.json
libuv-worker /usr/share/code/resources/app/extensions/json/package.json
libuv-worker /config/.config/Code/User/snippets
libuv-worker /usr/share/code/resources/app/extensions/json-language-features/package.json
libuv-worker /usr/share/code/resources/app/extensions/julia/package.json
libuv-worker /usr/share/code/resources/app/extensions/latex/package.json
libuv-worker /usr/share/code/resources/app/extensions/less/package.json
libuv-worker /usr/share/code/resources/app/extensions/log/package.json
libuv-worker /usr/share/code/resources/app/extensions/lua/package.json
libuv-worker /usr/share/code/resources/app/extensions/make/package.json
libuv-worker /usr/share/code/resources/app/extensions/markdown-basics/package.json
libuv-worker /usr/share/code/resources/app/extensions/markdown-language-features/package.json
libuv-worker /usr/share/code/resources/app/extensions/markdown-math/package.json
libuv-worker /usr/share/code/resources/app/extensions/media-preview/package.json
code /usr/share/code/resources/app/node_modules/undici/lib/util/cache.js
libuv-worker /usr/share/code/resources/app/extensions/merge-conflict/package.json
libuv-worker /usr/share/code/resources/app/extensions/mermaid-chat-features/package.json
libuv-worker /usr/share/code/resources/app/extensions/microsoft-authentication/package.json
libuv-worker /usr/share/code/resources/app/extensions/ms-vscode.js-debug/package.json
libuv-worker /usr/share/code/resources/app/extensions/ms-vscode.js-debug-companion/package.json
libuv-worker /usr/share/code/resources/app/extensions/ms-vscode.vscode-js-profile-table/package.json
libuv-worker /usr/share/code/resources/app/extensions/node_modules/package.json
libuv-worker /usr/share/code/resources/app/extensions/notebook-renderers/package.json
libuv-worker /usr/share/code/resources/app/extensions/npm/package.json
libuv-worker /usr/share/code/resources/app/extensions/objective-c/package.json
libuv-worker /usr/share/code/resources/app/extensions/perl/package.json
libuv-worker /usr/share/code/resources/app/extensions/php/package.json
libuv-worker /usr/share/code/resources/app/extensions/php-language-features/package.json
libuv-worker /usr/share/code/resources/app/extensions/powershell/package.json
libuv-worker /usr/share/code/resources/app/extensions/prompt-basics/package.json
code /usr/share/code/resources/app/node_modules/undici/lib/util/date.js
libuv-worker /usr/share/code/resources/app/extensions/pug/package.json
libuv-worker /usr/share/code/resources/app/extensions/python/package.json
libuv-worker /usr/share/code/resources/app/extensions/r/package.json
libuv-worker /usr/share/code/resources/app/extensions/razor/package.json
libuv-worker /usr/share/code/resources/app/extensions/references-view/package.json
libuv-worker /usr/share/code/resources/app/extensions/restructuredtext/package.json
libuv-worker /usr/share/code/resources/app/extensions/ruby/package.json
libuv-worker /usr/share/code/resources/app/extensions/rust/package.json
libuv-worker /usr/share/code/resources/app/extensions/scss/package.json
libuv-worker /usr/share/code/resources/app/extensions/search-result/package.json
libuv-worker /usr/share/code/resources/app/extensions/shaderlab/package.json
libuv-worker /usr/share/code/resources/app/extensions/shellscript/package.json
libuv-worker /usr/share/code/resources/app/extensions/simple-browser/package.json
libuv-worker /usr/share/code/resources/app/extensions/sql/package.json
libuv-worker /usr/share/code/resources/app/extensions/swift/package.json
libuv-worker /usr/share/code/resources/app/extensions/terminal-suggest/package.json
libuv-worker /usr/share/code/resources/app/extensions/theme-abyss/package.json
libuv-worker /usr/share/code/resources/app/extensions/theme-defaults/package.json
code /usr/share/code/resources/app/node_modules/undici/lib/cache/memory-cache-store.js
libuv-worker /usr/share/code/resources/app/extensions/theme-kimbie-dark/package.json
libuv-worker /usr/share/code/resources/app/extensions/theme-monokai/package.json
libuv-worker /usr/share/code/resources/app/extensions/theme-monokai-dimmed/package.json
libuv-worker /usr/share/code/resources/app/extensions/theme-quietlight/package.json
libuv-worker /usr/share/code/resources/app/extensions/theme-red/package.json
libuv-worker /usr/share/code/resources/app/extensions/theme-seti/package.json
libuv-worker /usr/share/code/resources/app/extensions/theme-solarized-dark/package.json
libuv-worker /usr/share/code/resources/app/extensions/theme-solarized-light/package.json
libuv-worker /usr/share/code/resources/app/extensions/theme-tomorrow-night-blue/package.json
libuv-worker /usr/share/code/resources/app/extensions/tunnel-forwarding/package.json
libuv-worker /usr/share/code/resources/app/extensions/typescript-basics/package.json
libuv-worker /usr/share/code/resources/app/extensions/typescript-language-features/package.json
libuv-worker /usr/share/code/resources/app/extensions/vb/package.json
libuv-worker /usr/share/code/resources/app/extensions/xml/package.json
libuv-worker /usr/share/code/resources/app/extensions/yaml/package.json
code /usr/share/code/resources/app/node_modules/undici/lib/handler/cache-revalidation-handler.js
code /usr/share/code/resources/app/node_modules/undici/lib/interceptor/decompress.js
code /usr/share/code/resources/app/node_modules/undici/lib/interceptor/deduplicate.js
libuv-worker /config/.config/Code/User/globalStorage/state.vscdb-journal
code /usr/share/code/resources/app/node_modules/undici/lib/handler/deduplication-handler.js
code /usr/share/code/resources/app/node_modules/undici/lib/cache/sqlite-cache-store.js
code /usr/share/code/resources/app/node_modules/undici/lib/web/fetch/package.json
code /usr/share/code/resources/app/node_modules/undici/lib/web/fetch/index.js
libuv-worker /config/.config/Code/User/globalStorage
code /usr/share/code/resources/app/node_modules/undici/lib/web/fetch/response.js
code /usr/share/code/resources/app/node_modules/undici/lib/web/fetch/headers.js
code /usr/share/code/resources/app/node_modules/undici/lib/web/fetch/util.js
libuv-worker /config/.vscode/extensions/extensions.json.vsctmp
code /usr/share/code/resources/app/node_modules/undici/lib/web/fetch/constants.js
code /usr/share/code/resources/app/node_modules/undici/lib/web/fetch/global.js
code /usr/share/code/resources/app/node_modules/undici/lib/web/fetch/data-url.js
libuv-worker /config/.config/Code/logs/20260515T002957/window1/output_20260515T003000/tasks.log
code /usr/share/code/resources/app/node_modules/undici/lib/web/infra/package.json
code /usr/share/code/resources/app/node_modules/undici/lib/web/infra/index.js
libuv-worker /config/.config/Code/logs/20260515T002957/window1/output_20260515T003000/agentSessionsOutput.log
code /usr/share/code/resources/app/node_modules/undici/lib/encoding/package.json
code /usr/share/code/resources/app/node_modules/undici/lib/encoding/index.js
code /usr/share/code/resources/app/node_modules/undici/lib/web/webidl/package.json
libuv-worker /etc/os-release
code /usr/share/code/resources/app/node_modules/undici/lib/web/webidl/index.js
code /usr/share/code/resources/app/out/package.json
code /usr/share/code/resources/app/node_modules/@vscode/deviceid/dist/package.json
code /usr/share/code/resources/app/node_modules/@vscode/deviceid/dist/package.json
libuv-worker /config/.cache/Microsoft/DeveloperTools/deviceid
code /usr/share/code/resources/app/node_modules/undici/lib/web/fetch/body.js
code /usr/share/code/resources/app/node_modules/undici/lib/web/fetch/formdata.js
code /usr/share/code/resources/app/node_modules/undici/lib/web/fetch/formdata-parser.js
code /usr/share/code/resources/app/node_modules/undici/lib/encoding/package.json
code /usr/share/code/resources/app/node_modules/undici/lib/util/promise.js
code /usr/share/code/resources/app/out/package.json
code /etc/nsswitch.conf
code /etc/passwd
libuv-worker /config/.config/Code/CachedProfilesData/__default__profile__/extensions.user.cache
code /usr/share/code/resources/app/node_modules/undici/lib/web/fetch/request.js
code /usr/share/code/resources/app/out/package.json
code /dev/null
code /usr/share/code/resources/app/node_modules/undici/lib/web/subresource-integrity/subresource-integrity.js
bash /etc/ld.so.cache
bash /lib/x86_64-linux-gnu/libtinfo.so.6
bash /lib/x86_64-linux-gnu/libc.so.6
code /config/.config/Code/logs/20260515T002957/window1/output_20260515T003000/tasks.log
code /config/.config/Code/logs/20260515T002957/window1/output_20260515T003000/agentSessionsOutput.log
bash /dev/tty
code /usr/share/code/resources/app/node_modules/undici/lib/web/cache/cachestorage.js
bash /usr/lib/locale/locale-archive
bash /usr/lib/x86_64-linux-gnu/gconv/gconv-modules.cache
code /usr/share/code/resources/app/node_modules/undici/lib/web/cache/cache.js
Chrome_IOThread /dev/shm/.org.chromium.Chromium.uT4x96
Chrome_IOThread /dev/shm/.org.chromium.Chromium.uT4x96
bash /etc/nsswitch.conf
bash /etc/passwd
code /usr/share/code/resources/app/node_modules/undici/lib/web/cache/util.js
bash /dev/tty
bash /usr/share/locale/locale.alias
bash /usr/share/locale/en_US/LC_MESSAGES/bash.mo
bash /usr/share/locale/en/LC_MESSAGES/bash.mo
bash /usr/share/locale-langpack/en_US/LC_MESSAGES/bash.mo
bash /usr/share/locale-langpack/en/LC_MESSAGES/bash.mo
bash /usr/share/locale/en_US/LC_MESSAGES/libc.mo
bash /usr/share/locale/en/LC_MESSAGES/libc.mo
bash /usr/share/locale-langpack/en_US/LC_MESSAGES/libc.mo
bash /usr/share/locale-langpack/en/LC_MESSAGES/libc.mo
code /usr/share/code/resources/app/node_modules/undici/lib/web/webidl/package.json
bash /etc/profile
bash /etc/bash.bashrc
bash /etc/profile.d/
bash /etc/profile.d/01-locale-fix.sh
libuv-worker /config/.config/Code/CachedProfilesData/__default__profile__/extensions.builtin.cache
code /usr/share/code/resources/app/node_modules/undici/lib/web/cookies/package.json
libuv-worker /config/.vscode/extensions/extensions.json
code /usr/share/code/resources/app/node_modules/undici/lib/web/cookies/index.js
code /usr/share/code/resources/app/node_modules/undici/lib/web/cookies/parse.js
locale-check /etc/ld.so.cache
locale-check /lib/x86_64-linux-gnu/libc.so.6
code /usr/share/code/resources/app/node_modules/undici/lib/web/infra/package.json
locale-check /usr/lib/locale/locale-archive
libuv-worker /config/.config/Code/User/mcp.json
bash /etc/profile.d/debuginfod.sh
code /usr/share/code/resources/app/node_modules/undici/lib/web/cookies/constants.js
code /usr/share/code/resources/app/node_modules/undici/lib/web/cookies/util.js
bash /etc/debuginfod/
code /usr/share/code/resources/app/node_modules/undici/lib/web/webidl/package.json
bash /dev/null
tr /etc/ld.so.cache
cat /etc/ld.so.cache
tr /lib/x86_64-linux-gnu/libc.so.6
cat /lib/x86_64-linux-gnu/libc.so.6
tr /usr/lib/locale/locale-archive
cat /usr/lib/locale/locale-archive
cat /dev/null
cat /etc/debuginfod/elfutils.urls
bash /config/.bash_profile
bash /config/.bash_login
bash /config/.profile
code /usr/share/code/glibc-hwcaps/x86-64-v3/libffmpeg.so
code /usr/share/code/glibc-hwcaps/x86-64-v2/libffmpeg.so
code /usr/share/code/libffmpeg.so
code /usr/share/code/libdl.so.2
code /etc/ld.so.cache
code /lib/x86_64-linux-gnu/libdl.so.2
code /usr/share/code/libpthread.so.0
code /lib/x86_64-linux-gnu/libpthread.so.0
code /usr/share/code/libglib-2.0.so.0
code /lib/x86_64-linux-gnu/libglib-2.0.so.0
code /usr/share/code/libgobject-2.0.so.0
code /lib/x86_64-linux-gnu/libgobject-2.0.so.0
code /usr/share/code/libgio-2.0.so.0
code /lib/x86_64-linux-gnu/libgio-2.0.so.0
code /usr/share/code/libnspr4.so
code /lib/x86_64-linux-gnu/libnspr4.so
code /usr/share/code/libnss3.so
code /lib/x86_64-linux-gnu/libnss3.so
code /usr/share/code/libnssutil3.so
code /lib/x86_64-linux-gnu/libnssutil3.so
code /usr/share/code/libsmime3.so
code /lib/x86_64-linux-gnu/libsmime3.so
code /usr/share/code/libdbus-1.so.3
code /lib/x86_64-linux-gnu/libdbus-1.so.3
code /usr/share/code/libatk-1.0.so.0
code /lib/x86_64-linux-gnu/libatk-1.0.so.0
code /usr/share/code/libatk-bridge-2.0.so.0
code /lib/x86_64-linux-gnu/libatk-bridge-2.0.so.0
code /usr/share/code/libcairo.so.2
code /lib/x86_64-linux-gnu/libcairo.so.2
code /usr/share/code/libgtk-3.so.0
code /lib/x86_64-linux-gnu/libgtk-3.so.0
code /usr/share/code/libpango-1.0.so.0
code /lib/x86_64-linux-gnu/libpango-1.0.so.0
code /usr/share/code/libX11.so.6
code /lib/x86_64-linux-gnu/libX11.so.6
code /usr/share/code/libXcomposite.so.1
code /lib/x86_64-linux-gnu/libXcomposite.so.1
code /usr/share/code/libXdamage.so.1
code /lib/x86_64-linux-gnu/libXdamage.so.1
code /usr/share/code/libXext.so.6
code /lib/x86_64-linux-gnu/libXext.so.6
code /usr/share/code/libXfixes.so.3
code /lib/x86_64-linux-gnu/libXfixes.so.3
code /usr/share/code/libXrandr.so.2
code /lib/x86_64-linux-gnu/libXrandr.so.2
code /usr/share/code/libgbm.so.1
code /lib/x86_64-linux-gnu/libgbm.so.1
code /usr/share/code/libexpat.so.1
code /lib/x86_64-linux-gnu/libexpat.so.1
code /usr/share/code/libxcb.so.1
code /lib/x86_64-linux-gnu/libxcb.so.1
code /usr/share/code/libxkbcommon.so.0
code /lib/x86_64-linux-gnu/libxkbcommon.so.0
code /usr/share/code/libudev.so.1
code /lib/x86_64-linux-gnu/libudev.so.1
code /usr/share/code/libasound.so.2
code /lib/x86_64-linux-gnu/libasound.so.2
code /usr/share/code/libatspi.so.0
code /lib/x86_64-linux-gnu/libatspi.so.0
code /usr/share/code/libm.so.6
code /lib/x86_64-linux-gnu/libm.so.6
code /usr/share/code/libgcc_s.so.1
code /lib/x86_64-linux-gnu/libgcc_s.so.1
code /usr/share/code/libc.so.6
code /lib/x86_64-linux-gnu/libc.so.6
code /usr/share/code/libpcre2-8.so.0
code /lib/x86_64-linux-gnu/libpcre2-8.so.0
code /usr/share/code/libffi.so.8
code /lib/x86_64-linux-gnu/libffi.so.8
code /usr/share/code/libgmodule-2.0.so.0
code /lib/x86_64-linux-gnu/libgmodule-2.0.so.0
code /usr/share/code/libz.so.1
code /lib/x86_64-linux-gnu/libz.so.1
code /usr/share/code/libmount.so.1
code /lib/x86_64-linux-gnu/libmount.so.1
code /usr/share/code/libselinux.so.1
code /lib/x86_64-linux-gnu/libselinux.so.1
code /usr/share/code/libplc4.so
code /lib/x86_64-linux-gnu/libplc4.so
code /usr/share/code/libplds4.so
code /lib/x86_64-linux-gnu/libplds4.so
code /usr/share/code/libsystemd.so.0
code /lib/x86_64-linux-gnu/libsystemd.so.0
code /usr/share/code/libpng16.so.16
code /lib/x86_64-linux-gnu/libpng16.so.16
code /usr/share/code/libfontconfig.so.1
code /lib/x86_64-linux-gnu/libfontconfig.so.1
code /usr/share/code/libfreetype.so.6
code /lib/x86_64-linux-gnu/libfreetype.so.6
code /usr/share/code/libXrender.so.1
code /lib/x86_64-linux-gnu/libXrender.so.1
code /usr/share/code/libxcb-render.so.0
code /lib/x86_64-linux-gnu/libxcb-render.so.0
code /usr/share/code/libxcb-shm.so.0
code /lib/x86_64-linux-gnu/libxcb-shm.so.0
code /usr/share/code/libpixman-1.so.0
code /lib/x86_64-linux-gnu/libpixman-1.so.0
code /usr/share/code/resources/app/node_modules/undici/lib/web/websocket/events.js
code /usr/share/code/libgdk-3.so.0
code /lib/x86_64-linux-gnu/libgdk-3.so.0
code /usr/share/code/libpangocairo-1.0.so.0
code /lib/x86_64-linux-gnu/libpangocairo-1.0.so.0
code /usr/share/code/libharfbuzz.so.0
code /lib/x86_64-linux-gnu/libharfbuzz.so.0
code /usr/share/code/resources/app/node_modules/undici/lib/web/webidl/package.json
code /usr/share/code/libpangoft2-1.0.so.0
code /lib/x86_64-linux-gnu/libpangoft2-1.0.so.0
code /usr/share/code/libfribidi.so.0
code /lib/x86_64-linux-gnu/libfribidi.so.0
code /usr/share/code/libcairo-gobject.so.2
code /lib/x86_64-linux-gnu/libcairo-gobject.so.2
code /usr/share/code/resources/app/node_modules/undici/lib/web/websocket/websocket.js
code /usr/share/code/libgdk_pixbuf-2.0.so.0
code /lib/x86_64-linux-gnu/libgdk_pixbuf-2.0.so.0
code /usr/share/code/libepoxy.so.0
code /lib/x86_64-linux-gnu/libepoxy.so.0
code /usr/share/code/libXi.so.6
code /lib/x86_64-linux-gnu/libXi.so.6
code /usr/share/code/libthai.so.0
code /lib/x86_64-linux-gnu/libthai.so.0
code /usr/share/code/libdrm.so.2
code /lib/x86_64-linux-gnu/libdrm.so.2
code /usr/share/code/libXau.so.6
code /lib/x86_64-linux-gnu/libXau.so.6
code /usr/share/code/libXdmcp.so.6
code /lib/x86_64-linux-gnu/libXdmcp.so.6
code /usr/share/code/resources/app/node_modules/undici/lib/web/websocket/constants.js
code /usr/share/code/libcap.so.2
code /lib/x86_64-linux-gnu/libcap.so.2
code /usr/share/code/libblkid.so.1
code /lib/x86_64-linux-gnu/libblkid.so.1
code /usr/share/code/libgcrypt.so.20
code /lib/x86_64-linux-gnu/libgcrypt.so.20
code /usr/share/code/liblz4.so.1
code /lib/x86_64-linux-gnu/liblz4.so.1
code /usr/share/code/resources/app/node_modules/undici/lib/web/websocket/util.js
code /usr/share/code/liblzma.so.5
code /lib/x86_64-linux-gnu/liblzma.so.5
code /usr/share/code/libzstd.so.1
code /lib/x86_64-linux-gnu/libzstd.so.1
code /usr/share/code/libbz2.so.1.0
code /lib/x86_64-linux-gnu/libbz2.so.1.0
code /usr/share/code/resources/app/node_modules/undici/lib/web/infra/package.json
code /usr/share/code/libbrotlidec.so.1
code /lib/x86_64-linux-gnu/libbrotlidec.so.1
code /usr/share/code/libwayland-client.so.0
code /lib/x86_64-linux-gnu/libwayland-client.so.0
code /usr/share/code/resources/app/node_modules/undici/lib/web/websocket/connection.js
code /usr/share/code/libwayland-cursor.so.0
code /lib/x86_64-linux-gnu/libwayland-cursor.so.0
code /usr/share/code/libwayland-egl.so.1
code /lib/x86_64-linux-gnu/libwayland-egl.so.1
code /usr/share/code/libXcursor.so.1
code /lib/x86_64-linux-gnu/libXcursor.so.1
code /usr/share/code/libXinerama.so.1
code /lib/x86_64-linux-gnu/libXinerama.so.1
code /usr/share/code/libgraphite2.so.3
code /lib/x86_64-linux-gnu/libgraphite2.so.3
code /usr/share/code/libjpeg.so.8
code /lib/x86_64-linux-gnu/libjpeg.so.8
code /usr/share/code/resources/app/node_modules/undici/lib/web/websocket/frame.js
code /usr/share/code/libdatrie.so.1
code /lib/x86_64-linux-gnu/libdatrie.so.1
code /usr/share/code/libbsd.so.0
code /lib/x86_64-linux-gnu/libbsd.so.0
code /usr/share/code/libgpg-error.so.0
code /lib/x86_64-linux-gnu/libgpg-error.so.0
code /usr/share/code/libbrotlicommon.so.1
code /lib/x86_64-linux-gnu/libbrotlicommon.so.1
code /usr/share/code/libmd.so.0
code /lib/x86_64-linux-gnu/libmd.so.0
code /usr/share/code/resources/app/node_modules/undici/lib/web/websocket/receiver.js
code /usr/share/code/resources/app/node_modules/undici/lib/web/websocket/permessage-deflate.js
code /usr/share/code/resources/app/node_modules/undici/lib/web/websocket/sender.js
code /usr/share/code/resources/app/node_modules/undici/lib/web/websocket/stream/websocketstream.js
code /usr/share/code/resources/app/node_modules/undici/lib/web/webidl/package.json
code /usr/share/code/resources/app/node_modules/undici/lib/web/websocket/stream/websocketerror.js
code /usr/share/code/resources/app/node_modules/undici/lib/encoding/package.json
code /usr/share/code/resources/app/node_modules/undici/lib/web/eventsource/eventsource.js
code /usr/share/code/resources/app/node_modules/undici/lib/web/fetch/package.json
code /usr/share/code/resources/app/node_modules/undici/lib/web/webidl/package.json
code /usr/share/code/resources/app/node_modules/undici/lib/web/eventsource/eventsource-stream.js
code /usr/share/code/resources/app/node_modules/undici/lib/web/eventsource/util.js
code /usr/share/code/resources/app/node_modules/@vscode/proxy-agent/out/agent.js
libuv-worker /config/.config/Code/CachedProfilesData/__default__profile__/extensions.builtin.cache
code /usr/share/code/resources/app/node_modules/debug/package.json
code /usr/share/code/resources/app/node_modules/debug/src/index.js
code /usr/share/code/resources/app/node_modules/debug/src/node.js
libuv-worker /usr/share/code/resources/app/extensions/bat/package.nls.json
libuv-worker /usr/share/code/resources/app/extensions/clojure/package.nls.json
libuv-worker /usr/share/code/resources/app/extensions/coffeescript/package.nls.json
libuv-worker /usr/share/code/resources/app/extensions/configuration-editing/package.nls.json
libuv-worker /usr/share/code/resources/app/extensions/cpp/package.nls.json
code /usr/share/code/resources/app/node_modules/supports-color/package.json
libuv-worker /usr/share/code/resources/app/extensions/copilot/package.nls.json
libuv-worker /usr/share/code/resources/app/extensions/csharp/package.nls.json
libuv-worker /usr/share/code/resources/app/extensions/css/package.nls.json
code /proc/filesystems
libuv-worker /usr/share/code/resources/app/extensions/css-language-features/package.nls.json
libuv-worker /usr/share/code/resources/app/extensions/dart/package.nls.json
code /usr/share/code/resources/app/node_modules/debug/src/common.js
libuv-worker /usr/share/code/resources/app/extensions/debug-auto-launch/package.nls.json
libuv-worker /usr/share/code/resources/app/extensions/debug-server-ready/package.nls.json
code /dev/shm/.org.chromium.Chromium.fjvwIc
code /dev/shm/.org.chromium.Chromium.fjvwIc
libuv-worker /usr/share/code/resources/app/extensions/diff/package.nls.json
libuv-worker /usr/share/code/resources/app/extensions/docker/package.nls.json
libuv-worker /usr/share/code/resources/app/extensions/dotenv/package.nls.json
code /usr/share/code/resources/app/node_modules/ms/package.json
libuv-worker /usr/share/code/resources/app/extensions/emmet/package.nls.json
libuv-worker /usr/share/code/resources/app/extensions/extension-editing/package.nls.json
libuv-worker /usr/share/code/resources/app/extensions/fsharp/package.nls.json
libuv-worker /usr/share/code/resources/app/extensions/git/package.nls.json
code /usr/share/code/resources/app/node_modules/ms/index.js
libuv-worker /usr/share/code/resources/app/extensions/git-base/package.nls.json
libuv-worker /usr/share/code/resources/app/extensions/github/package.nls.json
libuv-worker /usr/share/code/resources/app/extensions/github-authentication/package.nls.json
libuv-worker /usr/share/code/resources/app/extensions/go/package.nls.json
libuv-worker /usr/share/code/resources/app/extensions/groovy/package.nls.json
code /usr/share/code/resources/app/node_modules/http-proxy-agent/package.json
code /usr/share/code/icudtl.dat
libuv-worker /usr/share/code/resources/app/extensions/grunt/package.nls.json
code /etc/localtime
libuv-worker /usr/share/code/resources/app/extensions/gulp/package.nls.json
libuv-worker /usr/share/code/resources/app/extensions/handlebars/package.nls.json
code /usr/share/code/resources/app/node_modules/http-proxy-agent/dist/index.js
code /proc/version_signature
libuv-worker /usr/share/code/resources/app/extensions/hlsl/package.nls.json
libuv-worker /usr/share/code/resources/app/extensions/html/package.nls.json
libuv-worker /usr/share/code/resources/app/extensions/html-language-features/package.nls.json
code /usr/share/code/resources/app/node_modules/agent-base/package.json
libuv-worker /usr/share/code/resources/app/extensions/ini/package.nls.json
code /usr/share/code/resources/app/node_modules/agent-base/dist/index.js
libuv-worker /usr/share/code/resources/app/extensions/ipynb/package.nls.json
libuv-worker /usr/share/code/resources/app/extensions/jake/package.nls.json
libuv-worker /usr/share/code/resources/app/extensions/java/package.nls.json
libuv-worker /usr/share/code/resources/app/extensions/javascript/package.nls.json
libuv-worker /usr/share/code/resources/app/extensions/json/package.nls.json
code /usr/share/code/resources/app/node_modules/agent-base/dist/helpers.js
libuv-worker /usr/share/code/resources/app/extensions/json-language-features/package.nls.json
libuv-worker /usr/share/code/resources/app/extensions/julia/package.nls.json
libuv-worker /usr/share/code/resources/app/extensions/latex/package.nls.json
libuv-worker /usr/share/code/resources/app/extensions/less/package.nls.json
libuv-worker /usr/share/code/resources/app/extensions/log/package.nls.json
libuv-worker /usr/share/code/resources/app/extensions/lua/package.nls.json
code /usr/share/code/resources/app/node_modules/https-proxy-agent/package.json
code /dev/urandom
libuv-worker /usr/share/code/resources/app/extensions/make/package.nls.json
libuv-worker /usr/share/code/resources/app/extensions/markdown-basics/package.nls.json
code /usr/share/code/v8_context_snapshot.bin
libuv-worker /usr/share/code/resources/app/extensions/markdown-language-features/package.nls.json
libuv-worker /usr/share/code/resources/app/extensions/markdown-math/package.nls.json
code /sys/devices/system/cpu/possible
code /usr/share/code/resources/app/node_modules/https-proxy-agent/dist/index.js
libuv-worker /usr/share/code/resources/app/extensions/media-preview/package.nls.json
code /sys/devices/system/cpu/cpu0/cpufreq/cpuinfo_max_freq
libuv-worker /usr/share/code/resources/app/extensions/merge-conflict/package.nls.json
code /sys/devices/system/cpu/cpu1/cpufreq/cpuinfo_max_freq
libuv-worker /usr/share/code/resources/app/extensions/mermaid-chat-features/package.nls.json
code /sys/devices/system/cpu/cpu2/cpufreq/cpuinfo_max_freq
libuv-worker /usr/share/code/resources/app/extensions/microsoft-authentication/package.nls.json
code /sys/devices/system/cpu/cpu3/cpufreq/cpuinfo_max_freq
code /sys/devices/system/cpu/cpu4/cpufreq/cpuinfo_max_freq
code /sys/devices/system/cpu/cpu5/cpufreq/cpuinfo_max_freq
code /sys/devices/system/cpu/cpu6/cpufreq/cpuinfo_max_freq
libuv-worker /usr/share/code/resources/app/extensions/ms-vscode.js-debug/package.nls.json
code /sys/devices/system/cpu/cpu7/cpufreq/cpuinfo_max_freq
code /sys/devices/system/cpu/cpu8/cpufreq/cpuinfo_max_freq
code /sys/devices/system/cpu/cpu9/cpufreq/cpuinfo_max_freq
libuv-worker /usr/share/code/resources/app/extensions/notebook-renderers/package.nls.json
code /sys/devices/system/cpu/cpu10/cpufreq/cpuinfo_max_freq
code /usr/share/code/resources/app/node_modules/https-proxy-agent/dist/parse-proxy-response.js
code /sys/devices/system/cpu/cpu11/cpufreq/cpuinfo_max_freq
libuv-worker /usr/share/code/resources/app/extensions/npm/package.nls.json
code /sys/devices/system/cpu/cpu12/cpufreq/cpuinfo_max_freq
libuv-worker /usr/share/code/resources/app/extensions/objective-c/package.nls.json
code /sys/devices/system/cpu/cpu13/cpufreq/cpuinfo_max_freq
code /sys/devices/system/cpu/cpu14/cpufreq/cpuinfo_max_freq
libuv-worker /config/.config/Code/User/globalStorage/state.vscdb-journal
libuv-worker /usr/share/code/resources/app/extensions/perl/package.nls.json
code /sys/devices/system/cpu/cpu15/cpufreq/cpuinfo_max_freq
libuv-worker /usr/share/code/resources/app/extensions/php/package.nls.json
libuv-worker /usr/share/code/resources/app/extensions/php-language-features/package.nls.json
code /usr/share/code/resources/app/node_modules/socks-proxy-agent/package.json
libuv-worker /usr/share/code/resources/app/extensions/powershell/package.nls.json
libuv-worker /usr/share/code/resources/app/extensions/prompt-basics/package.nls.json
libuv-worker /usr/share/code/resources/app/extensions/pug/package.nls.json
libuv-worker /usr/share/code/resources/app/extensions/python/package.nls.json
libuv-worker /usr/share/code/resources/app/extensions/r/package.nls.json
code /usr/share/code/resources/app/node_modules/socks-proxy-agent/dist/index.js
libuv-worker /usr/share/code/resources/app/extensions/razor/package.nls.json
libuv-worker /usr/share/code/resources/app/extensions/references-view/package.nls.json
libuv-worker /usr/share/code/resources/app/extensions/restructuredtext/package.nls.json
libuv-worker /usr/share/code/resources/app/extensions/ruby/package.nls.json
code /usr/share/code/resources/app/node_modules/socks/package.json
libuv-worker /usr/share/code/resources/app/extensions/rust/package.nls.json
libuv-worker /usr/share/code/resources/app/extensions/scss/package.nls.json
libuv-worker /usr/share/code/resources/app/extensions/search-result/package.nls.json
libuv-worker /usr/share/code/resources/app/extensions/shaderlab/package.nls.json
code /usr/share/code/resources/app/node_modules/socks/build/index.js
libuv-worker /usr/share/code/resources/app/extensions/shellscript/package.nls.json
libuv-worker /usr/share/code/resources/app/extensions/simple-browser/package.nls.json
libuv-worker /usr/share/code/resources/app/extensions/sql/package.nls.json
libuv-worker /usr/share/code/resources/app/extensions/swift/package.nls.json
code /usr/share/code/resources/app/node_modules/socks/build/client/socksclient.js
libuv-worker /usr/share/code/resources/app/extensions/terminal-suggest/package.nls.json
libuv-worker /config/.config/Code/User/globalStorage
libuv-worker /usr/share/code/resources/app/extensions/theme-abyss/package.nls.json
libuv-worker /usr/share/code/resources/app/extensions/theme-defaults/package.nls.json
libuv-worker /usr/share/code/resources/app/extensions/theme-kimbie-dark/package.nls.json
libuv-worker /usr/share/code/resources/app/extensions/theme-monokai/package.nls.json
libuv-worker /usr/share/code/resources/app/extensions/theme-monokai-dimmed/package.nls.json
libuv-worker /usr/share/code/resources/app/extensions/theme-quietlight/package.nls.json
code /usr/share/code/resources/app/node_modules/smart-buffer/package.json
libuv-worker /usr/share/code/resources/app/extensions/theme-red/package.nls.json
libuv-worker /usr/share/code/resources/app/extensions/theme-seti/package.nls.json
libuv-worker /usr/share/code/resources/app/extensions/tunnel-forwarding/package.nls.json
code /usr/share/code/resources/app/node_modules/smart-buffer/build/smartbuffer.js
libuv-worker /usr/share/code/resources/app/extensions/theme-solarized-light/package.nls.json
libuv-worker /usr/share/code/resources/app/extensions/theme-solarized-dark/package.nls.json
libuv-worker /usr/share/code/resources/app/extensions/theme-tomorrow-night-blue/package.nls.json
libuv-worker /usr/share/code/resources/app/extensions/typescript-language-features/package.nls.json
libuv-worker /usr/share/code/resources/app/extensions/vb/package.nls.json
libuv-worker /usr/share/code/resources/app/extensions/typescript-basics/package.nls.json
code /proc/self/maps
libuv-worker /usr/share/code/resources/app/extensions/xml/package.nls.json
libuv-worker /usr/share/code/resources/app/extensions/yaml/package.nls.json
code /usr/share/code/resources/app/node_modules/smart-buffer/build/utils.js
code /usr/share/code/resources/app/node_modules/socks/build/common/constants.js
code /usr/share/code/resources/app/node_modules/socks/build/common/helpers.js
code /usr/share/code/resources/app/node_modules/socks/build/common/util.js
code /usr/share/code/resources/app/node_modules/ip-address/package.json
code /usr/share/code/resources/app/node_modules/ip-address/dist/ip-address.js
code /usr/share/code/resources/app/node_modules/ip-address/dist/ipv4.js
code /usr/share/code/resources/app/node_modules/ip-address/dist/common.js
code /usr/share/code/resources/app/node_modules/ip-address/dist/v4/constants.js
code /usr/share/code/resources/app/node_modules/ip-address/dist/address-error.js
code /sys/devices/system/cpu/online
code /usr/share/code/resources/app/node_modules/jsbn/package.json
code /usr/share/code/resources/app/node_modules/jsbn/index.js
code /usr/share/code/resources/app/node_modules/sprintf-js/package.json
code /usr/share/code/resources/app/node_modules/sprintf-js/src/sprintf.js
code /usr/share/code/resources/app/node_modules/ip-address/dist/ipv6.js
code /usr/share/code/resources/app/node_modules/ip-address/dist/v6/constants.js
libuv-worker /config/.vscode/extensions/extensions.json
code /usr/share/code/resources/app/node_modules/ip-address/dist/v6/helpers.js
Chrome_IOThread /dev/shm/.org.chromium.Chromium.g74Ipd
Chrome_IOThread /dev/shm/.org.chromium.Chromium.g74Ipd
code /usr/share/code/resources/app/node_modules/ip-address/dist/v6/regular-expressions.js
code /usr/share/code/resources/app/node_modules/socks/build/common/receivebuffer.js
libuv-worker /config/.config/Code/CachedConfigurations/defaults/__default__profile__-configurationDefaultsOverrides
libuv-worker /config/.config/Code/CachedProfilesData/__default__profile__/extensions.user.cache
libuv-worker /config/.config/Code/CachedConfigurations/defaults/__default__profile__-configurationDefaultsOverrides/configuration.json
libuv-worker /usr/share/code/resources/app/extensions/bat/package.nls.json
libuv-worker /usr/share/code/resources/app/extensions/clojure/package.nls.json
libuv-worker /usr/share/code/resources/app/extensions/coffeescript/package.nls.json
libuv-worker /usr/share/code/resources/app/extensions/configuration-editing/package.nls.json
libuv-worker /usr/share/code/resources/app/extensions/copilot/package.nls.json
libuv-worker /usr/share/code/resources/app/extensions/cpp/package.nls.json
libuv-worker /usr/share/code/resources/app/extensions/csharp/package.nls.json
libuv-worker /usr/share/code/resources/app/extensions/css/package.nls.json
libuv-worker /usr/share/code/resources/app/extensions/dart/package.nls.json
libuv-worker /usr/share/code/resources/app/extensions/css-language-features/package.nls.json
libuv-worker /usr/share/code/resources/app/extensions/debug-auto-launch/package.nls.json
libuv-worker /usr/share/code/resources/app/extensions/debug-server-ready/package.nls.json
libuv-worker /usr/share/code/resources/app/extensions/diff/package.nls.json
libuv-worker /usr/share/code/resources/app/extensions/docker/package.nls.json
libuv-worker /usr/share/code/resources/app/extensions/dotenv/package.nls.json
libuv-worker /usr/share/code/resources/app/extensions/emmet/package.nls.json
libuv-worker /usr/share/code/resources/app/extensions/extension-editing/package.nls.json
libuv-worker /usr/share/code/resources/app/extensions/fsharp/package.nls.json
libuv-worker /usr/share/code/resources/app/extensions/git/package.nls.json
libuv-worker /usr/share/code/resources/app/extensions/git-base/package.nls.json
libuv-worker /usr/share/code/resources/app/extensions/github/package.nls.json
libuv-worker /usr/share/code/resources/app/extensions/grunt/package.nls.json
libuv-worker /usr/share/code/resources/app/extensions/github-authentication/package.nls.json
libuv-worker /usr/share/code/resources/app/extensions/groovy/package.nls.json
libuv-worker /usr/share/code/resources/app/extensions/gulp/package.nls.json
libuv-worker /usr/share/code/resources/app/extensions/go/package.nls.json
libuv-worker /usr/share/code/resources/app/extensions/handlebars/package.nls.json
libuv-worker /usr/share/code/resources/app/extensions/hlsl/package.nls.json
libuv-worker /usr/share/code/resources/app/extensions/html/package.nls.json
libuv-worker /usr/share/code/resources/app/extensions/html-language-features/package.nls.json
libuv-worker /usr/share/code/resources/app/extensions/jake/package.nls.json
code /sys/devices/system/cpu/cpu0/tsc_freq_khz
libuv-worker /usr/share/code/resources/app/extensions/ipynb/package.nls.json
libuv-worker /usr/share/code/resources/app/extensions/ini/package.nls.json
libuv-worker /usr/share/code/resources/app/extensions/javascript/package.nls.json
libuv-worker /usr/share/code/resources/app/extensions/json/package.nls.json
libuv-worker /usr/share/code/resources/app/extensions/java/package.nls.json
libuv-worker /usr/share/code/resources/app/extensions/json-language-features/package.nls.json
libuv-worker /usr/share/code/resources/app/extensions/julia/package.nls.json
libuv-worker /usr/share/code/resources/app/extensions/latex/package.nls.json
libuv-worker /usr/share/code/resources/app/extensions/less/package.nls.json
libuv-worker /usr/share/code/resources/app/extensions/log/package.nls.json
libuv-worker /usr/share/code/resources/app/extensions/lua/package.nls.json
libuv-worker /usr/share/code/resources/app/extensions/make/package.nls.json
libuv-worker /usr/share/code/resources/app/extensions/markdown-basics/package.nls.json
libuv-worker /usr/share/code/resources/app/extensions/markdown-math/package.nls.json
libuv-worker /usr/share/code/resources/app/extensions/media-preview/package.nls.json
libuv-worker /usr/share/code/resources/app/extensions/markdown-language-features/package.nls.json
libuv-worker /usr/share/code/resources/app/extensions/merge-conflict/package.nls.json
libuv-worker /usr/share/code/resources/app/extensions/mermaid-chat-features/package.nls.json
libuv-worker /usr/share/code/resources/app/extensions/microsoft-authentication/package.nls.json
libuv-worker /usr/share/code/resources/app/extensions/notebook-renderers/package.nls.json
libuv-worker /usr/share/code/resources/app/extensions/npm/package.nls.json
libuv-worker /usr/share/code/resources/app/extensions/objective-c/package.nls.json
libuv-worker /usr/share/code/resources/app/extensions/perl/package.nls.json
libuv-worker /usr/share/code/resources/app/extensions/php-language-features/package.nls.json
libuv-worker /usr/share/code/resources/app/extensions/prompt-basics/package.nls.json
libuv-worker /usr/share/code/resources/app/extensions/php/package.nls.json
libuv-worker /usr/share/code/resources/app/extensions/powershell/package.nls.json
code /dev/null
libuv-worker /usr/share/code/resources/app/extensions/pug/package.nls.json
libuv-worker /usr/share/code/resources/app/extensions/python/package.nls.json
libuv-worker /usr/share/code/resources/app/extensions/r/package.nls.json
libuv-worker /usr/share/code/resources/app/extensions/ms-vscode.js-debug/package.nls.json
libuv-worker /usr/share/code/resources/app/extensions/razor/package.nls.json
libuv-worker /usr/share/code/resources/app/extensions/references-view/package.nls.json
libuv-worker /usr/share/code/resources/app/extensions/restructuredtext/package.nls.json
libuv-worker /usr/share/code/resources/app/extensions/scss/package.nls.json
libuv-worker /usr/share/code/resources/app/extensions/search-result/package.nls.json
libuv-worker /usr/share/code/resources/app/extensions/ruby/package.nls.json
libuv-worker /usr/share/code/resources/app/extensions/rust/package.nls.json
libuv-worker /usr/share/code/resources/app/extensions/shaderlab/package.nls.json
libuv-worker /usr/share/code/resources/app/extensions/shellscript/package.nls.json
libuv-worker /usr/share/code/resources/app/extensions/simple-browser/package.nls.json
libuv-worker /usr/share/code/resources/app/extensions/swift/package.nls.json
libuv-worker /usr/share/code/resources/app/extensions/sql/package.nls.json
libuv-worker /usr/share/code/resources/app/extensions/terminal-suggest/package.nls.json
libuv-worker /usr/share/code/resources/app/extensions/theme-abyss/package.nls.json
libuv-worker /usr/share/code/resources/app/extensions/theme-defaults/package.nls.json
libuv-worker /usr/share/code/resources/app/extensions/theme-monokai/package.nls.json
libuv-worker /usr/share/code/resources/app/extensions/theme-monokai-dimmed/package.nls.json
libuv-worker /usr/share/code/resources/app/extensions/theme-kimbie-dark/package.nls.json
libuv-worker /usr/share/code/resources/app/extensions/theme-quietlight/package.nls.json
libuv-worker /usr/share/code/resources/app/extensions/theme-red/package.nls.json
libuv-worker /usr/share/code/resources/app/extensions/theme-solarized-light/package.nls.json
libuv-worker /usr/share/code/resources/app/extensions/theme-tomorrow-night-blue/package.nls.json
libuv-worker /usr/share/code/resources/app/extensions/theme-seti/package.nls.json
libuv-worker /usr/share/code/resources/app/extensions/theme-solarized-dark/package.nls.json
libuv-worker /usr/share/code/resources/app/extensions/tunnel-forwarding/package.nls.json
libuv-worker /usr/share/code/resources/app/extensions/typescript-basics/package.nls.json
libuv-worker /usr/share/code/resources/app/extensions/vb/package.nls.json
libuv-worker /usr/share/code/resources/app/extensions/xml/package.nls.json
libuv-worker /usr/share/code/resources/app/extensions/yaml/package.nls.json
libuv-worker /usr/share/code/resources/app/extensions/typescript-language-features/package.nls.json
libuv-worker /usr/share/code/resources/app/extensions/bat
libuv-worker /usr/share/code/resources/app/extensions/TypeScriptTeam.jsts-chat-features
libuv-worker /usr/share/code/resources/app/extensions/clojure
libuv-worker /usr/share/code/resources/app/extensions/coffeescript
libuv-worker /usr/share/code/resources/app/extensions/configuration-editing
libuv-worker /usr/share/code/resources/app/extensions/copilot
libuv-worker /usr/share/code/resources/app/extensions/cpp
libuv-worker /usr/share/code/resources/app/extensions/csharp
libuv-worker /usr/share/code/resources/app/extensions/css
libuv-worker /usr/share/code/resources/app/extensions/css-language-features
libuv-worker /usr/share/code/resources/app/extensions/dart
libuv-worker /usr/share/code/resources/app/extensions/debug-auto-launch
libuv-worker /usr/share/code/resources/app/extensions/debug-server-ready
libuv-worker /usr/share/code/resources/app/extensions/diff
libuv-worker /usr/share/code/resources/app/extensions/docker
libuv-worker /usr/share/code/resources/app/extensions/dotenv
libuv-worker /usr/share/code/resources/app/extensions/emmet
libuv-worker /usr/share/code/resources/app/extensions/extension-editing
libuv-worker /usr/share/code/resources/app/extensions/fsharp
libuv-worker /usr/share/code/resources/app/extensions/git
libuv-worker /usr/share/code/resources/app/extensions/git-base
libuv-worker /usr/share/code/resources/app/extensions/github
libuv-worker /usr/share/code/resources/app/extensions/github-authentication
libuv-worker /usr/share/code/resources/app/extensions/go
libuv-worker /usr/share/code/resources/app/extensions/groovy
libuv-worker /usr/share/code/resources/app/extensions/grunt
libuv-worker /usr/share/code/resources/app/extensions/gulp
libuv-worker /usr/share/code/resources/app/extensions/handlebars
libuv-worker /usr/share/code/resources/app/extensions/hlsl
libuv-worker /usr/share/code/resources/app/extensions/html
libuv-worker /usr/share/code/resources/app/extensions/html-language-features
libuv-worker /usr/share/code/resources/app/extensions/ini
libuv-worker /usr/share/code/resources/app/extensions/ipynb
libuv-worker /usr/share/code/resources/app/extensions/jake
libuv-worker /usr/share/code/resources/app/extensions/java
libuv-worker /usr/share/code/resources/app/extensions/javascript
libuv-worker /usr/share/code/resources/app/extensions/json
libuv-worker /usr/share/code/resources/app/extensions/json-language-features
libuv-worker /usr/share/code/resources/app/extensions/julia
libuv-worker /usr/share/code/resources/app/extensions/latex
libuv-worker /usr/share/code/resources/app/extensions/less
libuv-worker /usr/share/code/resources/app/extensions/log
libuv-worker /usr/share/code/resources/app/extensions/lua
libuv-worker /usr/share/code/resources/app/extensions/make
libuv-worker /usr/share/code/resources/app/extensions/markdown-basics
libuv-worker /usr/share/code/resources/app/extensions/markdown-language-features
libuv-worker /usr/share/code/resources/app/extensions/markdown-math
libuv-worker /usr/share/code/resources/app/extensions/media-preview
libuv-worker /usr/share/code/resources/app/extensions/merge-conflict
libuv-worker /usr/share/code/resources/app/extensions/mermaid-chat-features
libuv-worker /usr/share/code/resources/app/extensions/microsoft-authentication
libuv-worker /usr/share/code/resources/app/extensions/ms-vscode.js-debug
libuv-worker /usr/share/code/resources/app/extensions/ms-vscode.js-debug-companion
libuv-worker /usr/share/code/resources/app/extensions/ms-vscode.vscode-js-profile-table
libuv-worker /usr/share/code/resources/app/extensions/notebook-renderers
libuv-worker /usr/share/code/resources/app/extensions/npm
libuv-worker /usr/share/code/resources/app/extensions/objective-c
libuv-worker /usr/share/code/resources/app/extensions/perl
libuv-worker /usr/share/code/resources/app/extensions/php
libuv-worker /usr/share/code/resources/app/extensions/php-language-features
libuv-worker /usr/share/code/resources/app/extensions/powershell
libuv-worker /usr/share/code/resources/app/extensions/prompt-basics
libuv-worker /usr/share/code/resources/app/extensions/pug
libuv-worker /usr/share/code/resources/app/extensions/python
libuv-worker /usr/share/code/resources/app/extensions/r
libuv-worker /usr/share/code/resources/app/extensions/razor
libuv-worker /usr/share/code/resources/app/extensions/references-view
libuv-worker /usr/share/code/resources/app/extensions/restructuredtext
libuv-worker /usr/share/code/resources/app/extensions/ruby
libuv-worker /usr/share/code/resources/app/extensions/rust
libuv-worker /usr/share/code/resources/app/extensions/scss
libuv-worker /usr/share/code/resources/app/extensions/search-result
libuv-worker /usr/share/code/resources/app/extensions/shaderlab
libuv-worker /usr/share/code/resources/app/extensions/shellscript
libuv-worker /usr/share/code/resources/app/extensions/simple-browser
libuv-worker /usr/share/code/resources/app/extensions/sql
libuv-worker /usr/share/code/resources/app/extensions/swift
libuv-worker /usr/share/code/resources/app/extensions/terminal-suggest
libuv-worker /usr/share/code/resources/app/extensions/theme-abyss
libuv-worker /usr/share/code/resources/app/extensions/theme-defaults
libuv-worker /usr/share/code/resources/app/extensions/theme-kimbie-dark
libuv-worker /usr/share/code/resources/app/extensions/theme-monokai
libuv-worker /usr/share/code/resources/app/extensions/theme-monokai-dimmed
libuv-worker /usr/share/code/resources/app/extensions/theme-quietlight
libuv-worker /usr/share/code/resources/app/extensions/theme-red
libuv-worker /usr/share/code/resources/app/extensions/theme-seti
libuv-worker /usr/share/code/resources/app/extensions/theme-solarized-dark
libuv-worker /usr/share/code/resources/app/extensions/theme-solarized-light
libuv-worker /usr/share/code/resources/app/extensions/theme-tomorrow-night-blue
libuv-worker /usr/share/code/resources/app/extensions/tunnel-forwarding
libuv-worker /usr/share/code/resources/app/extensions/typescript-basics
libuv-worker /usr/share/code/resources/app/extensions/typescript-language-features
libuv-worker /usr/share/code/resources/app/extensions/vb
libuv-worker /usr/share/code/resources/app/extensions/xml
libuv-worker /usr/share/code/resources/app/extensions/yaml
libuv-worker /usr/share/code/resources/app/extensions/TypeScriptTeam.jsts-chat-features
libuv-worker /usr/share/code/resources/app/extensions/bat
libuv-worker /usr/share/code/resources/app/extensions/clojure
libuv-worker /usr/share/code/resources/app/extensions/coffeescript
libuv-worker /usr/share/code/resources/app/extensions/configuration-editing
libuv-worker /usr/share/code/resources/app/extensions/copilot
libuv-worker /usr/share/code/resources/app/extensions/cpp
libuv-worker /usr/share/code/resources/app/extensions/csharp
libuv-worker /usr/share/code/resources/app/extensions/css
libuv-worker /usr/share/code/resources/app/extensions/css-language-features
libuv-worker /usr/share/code/resources/app/extensions/dart
libuv-worker /usr/share/code/resources/app/extensions/debug-auto-launch
libuv-worker /usr/share/code/resources/app/extensions/diff
libuv-worker /usr/share/code/resources/app/extensions/debug-server-ready
libuv-worker /usr/share/code/resources/app/extensions/docker
libuv-worker /usr/share/code/resources/app/extensions/dotenv
libuv-worker /usr/share/code/resources/app/extensions/emmet
libuv-worker /usr/share/code/resources/app/extensions/extension-editing
libuv-worker /usr/share/code/resources/app/extensions/fsharp
libuv-worker /usr/share/code/resources/app/extensions/git
libuv-worker /usr/share/code/resources/app/extensions/git-base
libuv-worker /usr/share/code/resources/app/extensions/github
libuv-worker /usr/share/code/resources/app/extensions/github-authentication
libuv-worker /usr/share/code/resources/app/extensions/go
libuv-worker /usr/share/code/resources/app/extensions/groovy
libuv-worker /usr/share/code/resources/app/extensions/grunt
libuv-worker /usr/share/code/resources/app/extensions/gulp
libuv-worker /usr/share/code/resources/app/extensions/handlebars
libuv-worker /usr/share/code/resources/app/extensions/hlsl
libuv-worker /usr/share/code/resources/app/extensions/html
libuv-worker /usr/share/code/resources/app/extensions/html-language-features
libuv-worker /usr/share/code/resources/app/extensions/ini
libuv-worker /usr/share/code/resources/app/extensions/ipynb
libuv-worker /usr/share/code/resources/app/extensions/jake
libuv-worker /usr/share/code/resources/app/extensions/java
libuv-worker /usr/share/code/resources/app/extensions/javascript
libuv-worker /usr/share/code/resources/app/extensions/json
libuv-worker /usr/share/code/resources/app/extensions/json-language-features
libuv-worker /usr/share/code/resources/app/extensions/julia
libuv-worker /usr/share/code/resources/app/extensions/latex
libuv-worker /usr/share/code/resources/app/extensions/less
libuv-worker /usr/share/code/resources/app/extensions/log
libuv-worker /usr/share/code/resources/app/extensions/lua
libuv-worker /usr/share/code/resources/app/extensions/make
libuv-worker /usr/share/code/resources/app/extensions/markdown-basics
libuv-worker /usr/share/code/resources/app/extensions/markdown-language-features
libuv-worker /usr/share/code/resources/app/extensions/markdown-math
libuv-worker /usr/share/code/resources/app/extensions/media-preview
libuv-worker /usr/share/code/resources/app/extensions/merge-conflict
libuv-worker /usr/share/code/resources/app/extensions/mermaid-chat-features
libuv-worker /usr/share/code/resources/app/extensions/microsoft-authentication
libuv-worker /usr/share/code/resources/app/extensions/ms-vscode.js-debug
libuv-worker /usr/share/code/resources/app/extensions/ms-vscode.js-debug-companion
libuv-worker /usr/share/code/resources/app/extensions/ms-vscode.vscode-js-profile-table
libuv-worker /usr/share/code/resources/app/extensions/notebook-renderers
libuv-worker /usr/share/code/resources/app/extensions/npm
libuv-worker /usr/share/code/resources/app/extensions/objective-c
libuv-worker /usr/share/code/resources/app/extensions/perl
libuv-worker /usr/share/code/resources/app/extensions/php
libuv-worker /usr/share/code/resources/app/extensions/php-language-features
libuv-worker /usr/share/code/resources/app/extensions/prompt-basics
libuv-worker /usr/share/code/resources/app/extensions/powershell
libuv-worker /usr/share/code/resources/app/extensions/pug
libuv-worker /usr/share/code/resources/app/extensions/razor
libuv-worker /usr/share/code/resources/app/extensions/r
libuv-worker /usr/share/code/resources/app/extensions/references-view
libuv-worker /usr/share/code/resources/app/extensions/restructuredtext
libuv-worker /usr/share/code/resources/app/extensions/ruby
libuv-worker /usr/share/code/resources/app/extensions/scss
libuv-worker /usr/share/code/resources/app/extensions/search-result
libuv-worker /usr/share/code/resources/app/extensions/rust
libuv-worker /usr/share/code/resources/app/extensions/python
libuv-worker /usr/share/code/resources/app/extensions/shaderlab
libuv-worker /usr/share/code/resources/app/extensions/shellscript
libuv-worker /usr/share/code/resources/app/extensions/simple-browser
libuv-worker /usr/share/code/resources/app/extensions/sql
libuv-worker /usr/share/code/resources/app/extensions/swift
libuv-worker /usr/share/code/resources/app/extensions/terminal-suggest
libuv-worker /usr/share/code/resources/app/extensions/theme-abyss
libuv-worker /usr/share/code/resources/app/extensions/theme-defaults
libuv-worker /usr/share/code/resources/app/extensions/theme-kimbie-dark
libuv-worker /usr/share/code/resources/app/extensions/theme-monokai
libuv-worker /usr/share/code/resources/app/extensions/theme-monokai-dimmed
libuv-worker /usr/share/code/resources/app/extensions/theme-quietlight
libuv-worker /usr/share/code/resources/app/extensions/theme-red
libuv-worker /usr/share/code/resources/app/extensions/theme-seti
libuv-worker /usr/share/code/resources/app/extensions/theme-solarized-dark
libuv-worker /usr/share/code/resources/app/extensions/theme-solarized-light
libuv-worker /usr/share/code/resources/app/extensions/theme-tomorrow-night-blue
libuv-worker /usr/share/code/resources/app/extensions/tunnel-forwarding
libuv-worker /usr/share/code/resources/app/extensions/typescript-basics
libuv-worker /usr/share/code/resources/app/extensions/typescript-language-features
libuv-worker /usr/share/code/resources/app/extensions/vb
libuv-worker /usr/share/code/resources/app/extensions/xml
libuv-worker /usr/share/code/resources/app/extensions/yaml
libuv-worker /config/.vscode/extensions/extensions.json
selkies /proc/stat
selkies /proc/meminfo
libuv-worker /config/.vscode/extensions
libuv-worker /usr/share/code/resources/app/extensions/TypeScriptTeam.jsts-chat-features/skills/typescript-setup/SKILL.md
libuv-worker /usr/share/code/resources/app/extensions/theme-defaults/themes/2026-dark.json
libuv-worker /usr/share/code/resources/app/extensions/theme-seti/icons/vs-seti-icon-theme.json
ThreadPoolForeg /config/.config/Code/Cookies
ThreadPoolForeg /config/.config/Code/Cookies-journal
ThreadPoolForeg /config/.config/Code
ThreadPoolForeg /config/.config/Code/Cookies-journal
Chrome_IOThread /dev/shm/.org.chromium.Chromium.5hyjMS
Chrome_IOThread /dev/shm/.org.chromium.Chromium.5hyjMS
ThreadPoolForeg /config/.config/Code
Chrome_IOThread /dev/shm/.org.chromium.Chromium.8OjZpx
Chrome_IOThread /dev/shm/.org.chromium.Chromium.8OjZpx
ThreadPoolForeg /config/.config/Code/Cookies-journal
ThreadPoolForeg /config/.config/Code
ThreadPoolForeg /config/.config/Code/Cache/Cache_Data/a31445031a576362_0
Chrome_IOThread /dev/shm/.org.chromium.Chromium.uYVWBt
Chrome_IOThread /dev/shm/.org.chromium.Chromium.uYVWBt
code /dev/shm/.org.chromium.Chromium.h4AndA
code /dev/shm/.org.chromium.Chromium.h4AndA
libuv-worker /usr/share/code/resources/app/extensions/theme-defaults/themes/dark_modern.json
code /usr/share/code/resources/app/out/vs/workbench/api/node/package.json
code /usr/share/code/resources/app/out/vs/workbench/api/package.json
code /usr/share/code/resources/app/out/vs/workbench/package.json
code /usr/share/code/resources/app/out/vs/package.json
code /usr/share/code/resources/app/out/package.json
code /usr/share/code/resources/app/node_modules/@vscode/spdlog/package.json
code /usr/share/code/resources/app/node_modules/@vscode/spdlog/index.js
code /usr/share/code/resources/app/out/vs/workbench/api/node/package.json
code /usr/share/code/resources/app/out/vs/workbench/api/package.json
code /usr/share/code/resources/app/out/vs/workbench/package.json
code /usr/share/code/resources/app/out/vs/package.json
code /usr/share/code/resources/app/out/package.json
code /usr/share/code/resources/app/node_modules/@vscode/spdlog/index.js
code /usr/share/code/resources/app/node_modules/@vscode/spdlog/package.json
code /dev/shm/.org.chromium.Chromium.0POk3G
code /usr/share/code/resources/app/node_modules/mkdirp/package.json
code /dev/shm/.org.chromium.Chromium.0POk3G
code /usr/share/code/resources/app/node_modules/mkdirp/index.js
code /usr/share/code/resources/app/node_modules/mkdirp/lib/opts-arg.js
code /usr/share/code/resources/app/node_modules/mkdirp/lib/path-arg.js
libuv-worker /config/.config/Code/CachedProfilesData/__default__profile__/extensions.builtin.cache
libuv-worker /config/.vscode/extensions/extensions.json
code /usr/share/code/resources/app/node_modules/mkdirp/lib/mkdirp-native.js
code /usr/share/code/resources/app/node_modules/mkdirp/lib/find-made.js
xclip /etc/ld.so.cache
xclip /lib/x86_64-linux-gnu/libXmu.so.6
code /dev/shm/.org.chromium.Chromium.zYIqU8
code /dev/shm/.org.chromium.Chromium.zYIqU8
xclip /lib/x86_64-linux-gnu/libX11.so.6
code /usr/share/code/resources/app/node_modules/mkdirp/lib/mkdirp-manual.js
xclip /lib/x86_64-linux-gnu/libc.so.6
ThreadPoolForeg /dev/shm/.org.chromium.Chromium.TUKF5t
xclip /lib/x86_64-linux-gnu/libXt.so.6
xclip /lib/x86_64-linux-gnu/libXext.so.6
xclip /lib/x86_64-linux-gnu/libxcb.so.1
code /usr/share/code/resources/app/node_modules/mkdirp/lib/use-native.js
xclip /lib/x86_64-linux-gnu/libSM.so.6
ThreadPoolForeg /usr/share/code/resources/app/extensions/theme-seti/icons/seti.woff
xclip /lib/x86_64-linux-gnu/libICE.so.6
xclip /lib/x86_64-linux-gnu/libXau.so.6
xclip /lib/x86_64-linux-gnu/libXdmcp.so.6
code /usr/share/code/resources/app/node_modules/bindings/package.json
xclip /lib/x86_64-linux-gnu/libuuid.so.1
xclip /lib/x86_64-linux-gnu/libbsd.so.0
xclip /lib/x86_64-linux-gnu/libmd.so.0
code /usr/share/code/resources/app/node_modules/bindings/bindings.js
code /usr/share/code/resources/app/node_modules/file-uri-to-path/package.json
xclip /usr/share/X11/locale/locale.alias
code /usr/share/code/resources/app/node_modules/file-uri-to-path/index.js
xclip /usr/share/X11/locale/locale.dir
xclip /usr/share/X11/locale/C/XLC_LOCALE
xclip /usr/share/X11/locale/locale.alias
xclip /usr/share/X11/locale/locale.dir
libuv-worker /config/.config/Code/CachedProfilesData/__default__profile__/extensions.builtin.cache
xclip /usr/share/X11/locale/C/XLC_LOCALE
Xvfb /proc/1459/cmdline
code /usr/share/code/resources/app/node_modules/@vscode/spdlog/build/Release/spdlog.node
code /dev/shm/.org.chromium.Chromium.7HA9XB
code /dev/shm/.org.chromium.Chromium.7HA9XB
code /config/.config/Code/logs/20260515T002957/window1/exthost/exthost.log
code /config/.config/Code/logs/20260515T002957/window1/exthost/extHostTelemetry.log
Chrome_IOThread /dev/shm/.org.chromium.Chromium.DIbmCk
Chrome_IOThread /dev/shm/.org.chromium.Chromium.DIbmCk
Chrome_IOThread /dev/shm/.org.chromium.Chromium.NUlPJw
Chrome_IOThread /dev/shm/.org.chromium.Chromium.NUlPJw
Chrome_IOThread /dev/shm/.org.chromium.Chromium.mLsp3r
Chrome_IOThread /dev/shm/.org.chromium.Chromium.mLsp3r
Chrome_IOThread /dev/shm/.org.chromium.Chromium.9ktUmK
Chrome_IOThread /dev/shm/.org.chromium.Chromium.9ktUmK
Chrome_IOThread /dev/shm/.org.chromium.Chromium.YOiAcD
Chrome_IOThread /dev/shm/.org.chromium.Chromium.YOiAcD
Chrome_IOThread /dev/shm/.org.chromium.Chromium.QtAQ7J
Chrome_IOThread /dev/shm/.org.chromium.Chromium.QtAQ7J
Chrome_IOThread /dev/shm/.org.chromium.Chromium.iORnWs
Chrome_IOThread /dev/shm/.org.chromium.Chromium.iORnWs
libuv-worker /config/.vscode/extensions/extensions.json
Chrome_IOThread /dev/shm/.org.chromium.Chromium.f6Yj6X
Chrome_IOThread /dev/shm/.org.chromium.Chromium.f6Yj6X
Chrome_IOThread /dev/shm/.org.chromium.Chromium.pG4KbW
Chrome_IOThread /dev/shm/.org.chromium.Chromium.pG4KbW
Chrome_IOThread /dev/shm/.org.chromium.Chromium.RB8Hkl
Chrome_IOThread /dev/shm/.org.chromium.Chromium.RB8Hkl
Chrome_IOThread /dev/shm/.org.chromium.Chromium.iH2nFH
Chrome_IOThread /dev/shm/.org.chromium.Chromium.iH2nFH
Chrome_IOThread /dev/shm/.org.chromium.Chromium.PjtiBt
Chrome_IOThread /dev/shm/.org.chromium.Chromium.PjtiBt
Chrome_IOThread /dev/shm/.org.chromium.Chromium.fxYpwK
Chrome_IOThread /dev/shm/.org.chromium.Chromium.fxYpwK
code /dev/shm/.org.chromium.Chromium.k8WbsD
code /dev/shm/.org.chromium.Chromium.k8WbsD
Chrome_IOThread /dev/shm/.org.chromium.Chromium.wdSzqw
Chrome_IOThread /dev/shm/.org.chromium.Chromium.wdSzqw
libuv-worker /config/.config/Code/CachedProfilesData/__default__profile__/extensions.builtin.cache
Chrome_IOThread /dev/shm/.org.chromium.Chromium.Z3Lt1j
Chrome_IOThread /dev/shm/.org.chromium.Chromium.Z3Lt1j
Chrome_IOThread /dev/shm/.org.chromium.Chromium.ktWnmo
Chrome_IOThread /dev/shm/.org.chromium.Chromium.ktWnmo
Chrome_IOThread /dev/shm/.org.chromium.Chromium.AsTqq1
Chrome_IOThread /dev/shm/.org.chromium.Chromium.AsTqq1
Chrome_IOThread /dev/shm/.org.chromium.Chromium.JArtDR
Chrome_IOThread /dev/shm/.org.chromium.Chromium.JArtDR
Chrome_IOThread /dev/shm/.org.chromium.Chromium.daMr39
Chrome_IOThread /dev/shm/.org.chromium.Chromium.daMr39
libuv-worker /config/.vscode/extensions
libuv-worker /usr/share/code/resources/app/extensions/TypeScriptTeam.jsts-chat-features
libuv-worker /usr/share/code/resources/app/extensions/bat
libuv-worker /usr/share/code/resources/app/extensions/coffeescript
libuv-worker /usr/share/code/resources/app/extensions/clojure
libuv-worker /usr/share/code/resources/app/extensions/configuration-editing
libuv-worker /usr/share/code/resources/app/extensions/copilot
libuv-worker /usr/share/code/resources/app/extensions/cpp
libuv-worker /usr/share/code/resources/app/extensions/csharp
libuv-worker /usr/share/code/resources/app/extensions/css
libuv-worker /usr/share/code/resources/app/extensions/css-language-features
libuv-worker /usr/share/code/resources/app/extensions/dart
libuv-worker /usr/share/code/resources/app/extensions/debug-auto-launch
libuv-worker /usr/share/code/resources/app/extensions/debug-server-ready
libuv-worker /usr/share/code/resources/app/extensions/diff
libuv-worker /usr/share/code/resources/app/extensions/docker
libuv-worker /usr/share/code/resources/app/extensions/dotenv
libuv-worker /usr/share/code/resources/app/extensions/emmet
libuv-worker /usr/share/code/resources/app/extensions/extension-editing
libuv-worker /usr/share/code/resources/app/extensions/fsharp
libuv-worker /usr/share/code/resources/app/extensions/git
libuv-worker /usr/share/code/resources/app/extensions/git-base
libuv-worker /usr/share/code/resources/app/extensions/github
libuv-worker /usr/share/code/resources/app/extensions/github-authentication
libuv-worker /usr/share/code/resources/app/extensions/go
Chrome_IOThread /dev/shm/.org.chromium.Chromium.BGEg41
Chrome_IOThread /dev/shm/.org.chromium.Chromium.BGEg41
libuv-worker /usr/share/code/resources/app/extensions/groovy
libuv-worker /usr/share/code/resources/app/extensions/grunt
libuv-worker /usr/share/code/resources/app/extensions/gulp
libuv-worker /usr/share/code/resources/app/extensions/handlebars
libuv-worker /usr/share/code/resources/app/extensions/hlsl
libuv-worker /usr/share/code/resources/app/extensions/html
libuv-worker /usr/share/code/resources/app/extensions/html-language-features
libuv-worker /usr/share/code/resources/app/extensions/ini
libuv-worker /usr/share/code/resources/app/extensions/ipynb
libuv-worker /usr/share/code/resources/app/extensions/jake
libuv-worker /usr/share/code/resources/app/extensions/java
libuv-worker /usr/share/code/resources/app/extensions/javascript
libuv-worker /usr/share/code/resources/app/extensions/json
libuv-worker /usr/share/code/resources/app/extensions/json-language-features
libuv-worker /usr/share/code/resources/app/extensions/julia
libuv-worker /usr/share/code/resources/app/extensions/latex
libuv-worker /usr/share/code/resources/app/extensions/less
libuv-worker /usr/share/code/resources/app/extensions/log
Chrome_IOThread /dev/shm/.org.chromium.Chromium.OxoAU4
libuv-worker /usr/share/code/resources/app/extensions/lua
Chrome_IOThread /dev/shm/.org.chromium.Chromium.OxoAU4
libuv-worker /usr/share/code/resources/app/extensions/make
libuv-worker /usr/share/code/resources/app/extensions/markdown-basics
libuv-worker /usr/share/code/resources/app/extensions/markdown-language-features
libuv-worker /usr/share/code/resources/app/extensions/markdown-math
libuv-worker /usr/share/code/resources/app/extensions/media-preview
libuv-worker /usr/share/code/resources/app/extensions/merge-conflict
libuv-worker /usr/share/code/resources/app/extensions/mermaid-chat-features
libuv-worker /usr/share/code/resources/app/extensions/microsoft-authentication
libuv-worker /usr/share/code/resources/app/extensions/ms-vscode.js-debug
libuv-worker /usr/share/code/resources/app/extensions/ms-vscode.js-debug-companion
libuv-worker /usr/share/code/resources/app/extensions/ms-vscode.vscode-js-profile-table
libuv-worker /usr/share/code/resources/app/extensions/notebook-renderers
libuv-worker /usr/share/code/resources/app/extensions/npm
libuv-worker /usr/share/code/resources/app/extensions/objective-c
libuv-worker /usr/share/code/resources/app/extensions/perl
libuv-worker /usr/share/code/resources/app/extensions/php
libuv-worker /usr/share/code/resources/app/extensions/php-language-features
libuv-worker /usr/share/code/resources/app/extensions/powershell
libuv-worker /usr/share/code/resources/app/extensions/prompt-basics
libuv-worker /usr/share/code/resources/app/extensions/pug
libuv-worker /usr/share/code/resources/app/extensions/r
libuv-worker /usr/share/code/resources/app/extensions/python
libuv-worker /usr/share/code/resources/app/extensions/razor
libuv-worker /usr/share/code/resources/app/extensions/references-view
libuv-worker /usr/share/code/resources/app/extensions/restructuredtext
libuv-worker /usr/share/code/resources/app/extensions/ruby
libuv-worker /usr/share/code/resources/app/extensions/rust
libuv-worker /usr/share/code/resources/app/extensions/scss
libuv-worker /usr/share/code/resources/app/extensions/search-result
libuv-worker /usr/share/code/resources/app/extensions/shaderlab
libuv-worker /usr/share/code/resources/app/extensions/shellscript
libuv-worker /usr/share/code/resources/app/extensions/simple-browser
libuv-worker /usr/share/code/resources/app/extensions/sql
libuv-worker /usr/share/code/resources/app/extensions/swift
libuv-worker /usr/share/code/resources/app/extensions/terminal-suggest
libuv-worker /usr/share/code/resources/app/extensions/theme-abyss
Chrome_IOThread /dev/shm/.org.chromium.Chromium.Qe5qJA
libuv-worker /usr/share/code/resources/app/extensions/theme-defaults
libuv-worker /usr/share/code/resources/app/extensions/theme-kimbie-dark
Chrome_IOThread /dev/shm/.org.chromium.Chromium.Qe5qJA
libuv-worker /usr/share/code/resources/app/extensions/theme-monokai
libuv-worker /usr/share/code/resources/app/extensions/theme-monokai-dimmed
libuv-worker /usr/share/code/resources/app/extensions/theme-quietlight
libuv-worker /usr/share/code/resources/app/extensions/theme-red
libuv-worker /usr/share/code/resources/app/extensions/theme-seti
libuv-worker /usr/share/code/resources/app/extensions/theme-defaults/themes/dark_plus.json
libuv-worker /usr/share/code/resources/app/extensions/theme-solarized-dark
libuv-worker /usr/share/code/resources/app/extensions/theme-solarized-light
libuv-worker /usr/share/code/resources/app/extensions/theme-tomorrow-night-blue
libuv-worker /usr/share/code/resources/app/extensions/tunnel-forwarding
libuv-worker /usr/share/code/resources/app/extensions/typescript-basics
libuv-worker /usr/share/code/resources/app/extensions/typescript-language-features
libuv-worker /usr/share/code/resources/app/extensions/vb
libuv-worker /usr/share/code/resources/app/extensions/xml
libuv-worker /usr/share/code/resources/app/extensions/yaml
Chrome_IOThread /dev/shm/.org.chromium.Chromium.lQHOjY
Chrome_IOThread /dev/shm/.org.chromium.Chromium.lQHOjY
Chrome_IOThread /dev/shm/.org.chromium.Chromium.REvRL9
Chrome_IOThread /dev/shm/.org.chromium.Chromium.REvRL9
Chrome_IOThread /dev/shm/.org.chromium.Chromium.Fq0Nk8
Chrome_IOThread /dev/shm/.org.chromium.Chromium.Fq0Nk8
libuv-worker /usr/share/code/resources/app/extensions/TypeScriptTeam.jsts-chat-features
libuv-worker /usr/share/code/resources/app/extensions/bat
libuv-worker /usr/share/code/resources/app/extensions/clojure
libuv-worker /usr/share/code/resources/app/extensions/coffeescript
Chrome_IOThread /dev/shm/.org.chromium.Chromium.C6PrRU
Chrome_IOThread /dev/shm/.org.chromium.Chromium.C6PrRU
Chrome_IOThread /dev/shm/.org.chromium.Chromium.D7EEjj
Chrome_IOThread /dev/shm/.org.chromium.Chromium.D7EEjj
code /dev/shm/.org.chromium.Chromium.u0mEtR
code /dev/shm/.org.chromium.Chromium.u0mEtR
libuv-worker /usr/share/code/resources/app/extensions/configuration-editing
libuv-worker /usr/share/code/resources/app/extensions/copilot
libuv-worker /usr/share/code/resources/app/extensions/cpp
libuv-worker /usr/share/code/resources/app/extensions/csharp
libuv-worker /usr/share/code/resources/app/extensions/css
libuv-worker /usr/share/code/resources/app/extensions/css-language-features
libuv-worker /usr/share/code/resources/app/extensions/dart
libuv-worker /usr/share/code/resources/app/extensions/debug-auto-launch
libuv-worker /usr/share/code/resources/app/extensions/debug-server-ready
libuv-worker /usr/share/code/resources/app/extensions/diff
libuv-worker /usr/share/code/resources/app/extensions/docker
libuv-worker /usr/share/code/resources/app/extensions/dotenv
libuv-worker /usr/share/code/resources/app/extensions/emmet
libuv-worker /usr/share/code/resources/app/extensions/extension-editing
libuv-worker /usr/share/code/resources/app/extensions/fsharp
libuv-worker /usr/share/code/resources/app/extensions/git
libuv-worker /usr/share/code/resources/app/extensions/git-base
libuv-worker /usr/share/code/resources/app/extensions/github
libuv-worker /usr/share/code/resources/app/extensions/github-authentication
libuv-worker /usr/share/code/resources/app/extensions/go
libuv-worker /usr/share/code/resources/app/extensions/groovy
libuv-worker /usr/share/code/resources/app/extensions/grunt
libuv-worker /usr/share/code/resources/app/extensions/gulp
libuv-worker /usr/share/code/resources/app/extensions/handlebars
libuv-worker /usr/share/code/resources/app/extensions/hlsl
libuv-worker /usr/share/code/resources/app/extensions/html
libuv-worker /usr/share/code/resources/app/extensions/html-language-features
libuv-worker /usr/share/code/resources/app/extensions/ini
libuv-worker /usr/share/code/resources/app/extensions/ipynb
libuv-worker /usr/share/code/resources/app/extensions/jake
libuv-worker /usr/share/code/resources/app/extensions/java
libuv-worker /usr/share/code/resources/app/extensions/javascript
libuv-worker /usr/share/code/resources/app/extensions/json
libuv-worker /usr/share/code/resources/app/extensions/json-language-features
libuv-worker /usr/share/code/resources/app/extensions/julia
libuv-worker /usr/share/code/resources/app/extensions/latex
libuv-worker /usr/share/code/resources/app/extensions/less
libuv-worker /usr/share/code/resources/app/extensions/log
libuv-worker /usr/share/code/resources/app/extensions/lua
libuv-worker /usr/share/code/resources/app/extensions/make
libuv-worker /usr/share/code/resources/app/extensions/markdown-basics
libuv-worker /usr/share/code/resources/app/extensions/markdown-language-features
libuv-worker /usr/share/code/resources/app/extensions/markdown-math
libuv-worker /usr/share/code/resources/app/extensions/media-preview
libuv-worker /usr/share/code/resources/app/extensions/merge-conflict
libuv-worker /usr/share/code/resources/app/extensions/mermaid-chat-features
libuv-worker /usr/share/code/resources/app/extensions/microsoft-authentication
libuv-worker /usr/share/code/resources/app/extensions/ms-vscode.js-debug
libuv-worker /usr/share/code/resources/app/extensions/ms-vscode.js-debug-companion
libuv-worker /usr/share/code/resources/app/extensions/ms-vscode.vscode-js-profile-table
libuv-worker /usr/share/code/resources/app/extensions/notebook-renderers
libuv-worker /usr/share/code/resources/app/extensions/npm
libuv-worker /usr/share/code/resources/app/extensions/objective-c
libuv-worker /usr/share/code/resources/app/extensions/perl
libuv-worker /usr/share/code/resources/app/extensions/php
libuv-worker /usr/share/code/resources/app/extensions/php-language-features
libuv-worker /usr/share/code/resources/app/extensions/powershell
libuv-worker /usr/share/code/resources/app/extensions/prompt-basics
libuv-worker /usr/share/code/resources/app/extensions/pug
libuv-worker /usr/share/code/resources/app/extensions/python
libuv-worker /usr/share/code/resources/app/extensions/r
libuv-worker /usr/share/code/resources/app/extensions/razor
libuv-worker /usr/share/code/resources/app/extensions/references-view
libuv-worker /usr/share/code/resources/app/extensions/restructuredtext
libuv-worker /usr/share/code/resources/app/extensions/ruby
libuv-worker /usr/share/code/resources/app/extensions/scss
libuv-worker /usr/share/code/resources/app/extensions/rust
libuv-worker /usr/share/code/resources/app/extensions/search-result
libuv-worker /usr/share/code/resources/app/extensions/shaderlab
libuv-worker /usr/share/code/resources/app/extensions/simple-browser
libuv-worker /usr/share/code/resources/app/extensions/shellscript
libuv-worker /usr/share/code/resources/app/extensions/sql
libuv-worker /usr/share/code/resources/app/extensions/swift
libuv-worker /usr/share/code/resources/app/extensions/terminal-suggest
libuv-worker /usr/share/code/resources/app/extensions/theme-abyss
libuv-worker /usr/share/code/resources/app/extensions/theme-defaults
libuv-worker /usr/share/code/resources/app/extensions/theme-kimbie-dark
libuv-worker /usr/share/code/resources/app/extensions/theme-monokai
libuv-worker /usr/share/code/resources/app/extensions/theme-monokai-dimmed
libuv-worker /usr/share/code/resources/app/extensions/theme-quietlight
libuv-worker /usr/share/code/resources/app/extensions/theme-red
libuv-worker /usr/share/code/resources/app/extensions/theme-seti
libuv-worker /usr/share/code/resources/app/extensions/theme-solarized-dark
libuv-worker /usr/share/code/resources/app/extensions/theme-solarized-light
libuv-worker /usr/share/code/resources/app/extensions/theme-tomorrow-night-blue
libuv-worker /usr/share/code/resources/app/extensions/tunnel-forwarding
libuv-worker /usr/share/code/resources/app/extensions/typescript-basics
libuv-worker /usr/share/code/resources/app/extensions/typescript-language-features
libuv-worker /usr/share/code/resources/app/extensions/vb
libuv-worker /usr/share/code/resources/app/extensions/xml
libuv-worker /usr/share/code/resources/app/extensions/yaml
libuv-worker /usr/share/code/resources/app/extensions/TypeScriptTeam.jsts-chat-features
libuv-worker /usr/share/code/resources/app/extensions/bat
libuv-worker /usr/share/code/resources/app/extensions/clojure
libuv-worker /usr/share/code/resources/app/extensions/coffeescript
libuv-worker /usr/share/code/resources/app/extensions/configuration-editing
libuv-worker /usr/share/code/resources/app/extensions/copilot
libuv-worker /usr/share/code/resources/app/extensions/cpp
libuv-worker /usr/share/code/resources/app/extensions/csharp
libuv-worker /usr/share/code/resources/app/extensions/css
libuv-worker /usr/share/code/resources/app/extensions/css-language-features
libuv-worker /usr/share/code/resources/app/extensions/dart
libuv-worker /usr/share/code/resources/app/extensions/debug-auto-launch
libuv-worker /usr/share/code/resources/app/extensions/debug-server-ready
libuv-worker /usr/share/code/resources/app/extensions/diff
libuv-worker /usr/share/code/resources/app/extensions/docker
libuv-worker /usr/share/code/resources/app/extensions/dotenv
libuv-worker /usr/share/code/resources/app/extensions/extension-editing
libuv-worker /usr/share/code/resources/app/extensions/emmet
libuv-worker /usr/share/code/resources/app/extensions/fsharp
libuv-worker /usr/share/code/resources/app/extensions/git
libuv-worker /usr/share/code/resources/app/extensions/git-base
libuv-worker /usr/share/code/resources/app/extensions/github
libuv-worker /usr/share/code/resources/app/extensions/github-authentication
libuv-worker /usr/share/code/resources/app/extensions/go
libuv-worker /usr/share/code/resources/app/extensions/groovy
libuv-worker /usr/share/code/resources/app/extensions/grunt
libuv-worker /usr/share/code/resources/app/extensions/gulp
libuv-worker /usr/share/code/resources/app/extensions/handlebars
libuv-worker /usr/share/code/resources/app/extensions/hlsl
libuv-worker /usr/share/code/resources/app/extensions/html
libuv-worker /usr/share/code/resources/app/extensions/html-language-features
libuv-worker /usr/share/code/resources/app/extensions/ini
libuv-worker /usr/share/code/resources/app/extensions/ipynb
libuv-worker /usr/share/code/resources/app/extensions/jake
libuv-worker /usr/share/code/resources/app/extensions/java
libuv-worker /usr/share/code/resources/app/extensions/javascript
libuv-worker /usr/share/code/resources/app/extensions/json
libuv-worker /usr/share/code/resources/app/extensions/json-language-features
libuv-worker /usr/share/code/resources/app/extensions/julia
libuv-worker /usr/share/code/resources/app/extensions/latex
libuv-worker /usr/share/code/resources/app/extensions/less
libuv-worker /usr/share/code/resources/app/extensions/log
libuv-worker /usr/share/code/resources/app/extensions/lua
libuv-worker /usr/share/code/resources/app/extensions/make
libuv-worker /usr/share/code/resources/app/extensions/markdown-basics
libuv-worker /usr/share/code/resources/app/extensions/markdown-language-features
libuv-worker /usr/share/code/resources/app/extensions/markdown-math
libuv-worker /usr/share/code/resources/app/extensions/media-preview
libuv-worker /usr/share/code/resources/app/extensions/merge-conflict
libuv-worker /usr/share/code/resources/app/extensions/mermaid-chat-features
libuv-worker /usr/share/code/resources/app/extensions/microsoft-authentication
libuv-worker /usr/share/code/resources/app/extensions/ms-vscode.js-debug
libuv-worker /usr/share/code/resources/app/extensions/ms-vscode.js-debug-companion
libuv-worker /usr/share/code/resources/app/extensions/ms-vscode.vscode-js-profile-table
libuv-worker /usr/share/code/resources/app/extensions/notebook-renderers
libuv-worker /usr/share/code/resources/app/extensions/npm
libuv-worker /usr/share/code/resources/app/extensions/objective-c
libuv-worker /usr/share/code/resources/app/extensions/perl
libuv-worker /usr/share/code/resources/app/extensions/php
libuv-worker /usr/share/code/resources/app/extensions/php-language-features
libuv-worker /usr/share/code/resources/app/extensions/powershell
libuv-worker /usr/share/code/resources/app/extensions/prompt-basics
libuv-worker /usr/share/code/resources/app/extensions/pug
libuv-worker /usr/share/code/resources/app/extensions/python
libuv-worker /usr/share/code/resources/app/extensions/r
libuv-worker /usr/share/code/resources/app/extensions/razor
libuv-worker /usr/share/code/resources/app/extensions/restructuredtext
libuv-worker /usr/share/code/resources/app/extensions/references-view
libuv-worker /usr/share/code/resources/app/extensions/ruby
libuv-worker /usr/share/code/resources/app/extensions/rust
libuv-worker /usr/share/code/resources/app/extensions/scss
libuv-worker /usr/share/code/resources/app/extensions/search-result
libuv-worker /usr/share/code/resources/app/extensions/shaderlab
libuv-worker /usr/share/code/resources/app/extensions/shellscript
libuv-worker /usr/share/code/resources/app/extensions/simple-browser
libuv-worker /usr/share/code/resources/app/extensions/sql
libuv-worker /usr/share/code/resources/app/extensions/swift
libuv-worker /usr/share/code/resources/app/extensions/terminal-suggest
libuv-worker /usr/share/code/resources/app/extensions/theme-abyss
libuv-worker /usr/share/code/resources/app/extensions/theme-defaults
libuv-worker /usr/share/code/resources/app/extensions/theme-kimbie-dark
libuv-worker /usr/share/code/resources/app/extensions/theme-monokai
libuv-worker /usr/share/code/resources/app/extensions/theme-monokai-dimmed
libuv-worker /usr/share/code/resources/app/extensions/theme-quietlight
libuv-worker /usr/share/code/resources/app/extensions/theme-red
libuv-worker /usr/share/code/resources/app/extensions/theme-seti
libuv-worker /usr/share/code/resources/app/extensions/theme-solarized-dark
libuv-worker /usr/share/code/resources/app/extensions/theme-solarized-light
libuv-worker /usr/share/code/resources/app/extensions/theme-tomorrow-night-blue
libuv-worker /usr/share/code/resources/app/extensions/tunnel-forwarding
libuv-worker /usr/share/code/resources/app/extensions/typescript-basics
libuv-worker /usr/share/code/resources/app/extensions/typescript-language-features
libuv-worker /usr/share/code/resources/app/extensions/vb
libuv-worker /usr/share/code/resources/app/extensions/xml
libuv-worker /usr/share/code/resources/app/extensions/yaml
libuv-worker /config/.config/Code/languagepacks.json
libuv-worker /config/.vscode/extensions/extensions.json
libuv-worker /config/.vscode/extensions
libuv-worker /config/.vscode/extensions/.obsolete
Chrome_ChildIOT /dev/shm/.org.chromium.Chromium.4EKrMY
libuv-worker /config/.config/Code/languagepacks.json
libuv-worker /config/.vscode/extensions
Chrome_IOThread /dev/shm/.org.chromium.Chromium.MFwgbP
Chrome_IOThread /dev/shm/.org.chromium.Chromium.MFwgbP
libuv-worker /config/.config/Code/CachedProfilesData/__default__profile__/extensions.builtin.cache
libuv-worker /config/.vscode/extensions/extensions.json
code /usr/share/code/resources/app/extensions/github-authentication/package.json
code /usr/share/code/resources/app/extensions/github-authentication/dist/extension.js
libuv-worker /config/.config/Code/CachedConfigurations/defaults/__default__profile__-configurationDefaultsOverrides/configuration.json
libuv-worker /usr/share/code/resources/app/extensions/theme-defaults/themes/dark_vs.json
code /dev/shm/.org.chromium.Chromium.kX9Bff
code /dev/shm/.org.chromium.Chromium.kX9Bff
libuv-worker /usr/share/code/resources/app/extensions
libuv-worker /usr/share/code/resources/app/extensions/TypeScriptTeam.jsts-chat-features/package.json
libuv-worker /usr/share/code/resources/app/extensions/bat/package.json
libuv-worker /usr/share/code/resources/app/extensions/clojure/package.json
libuv-worker /usr/share/code/resources/app/extensions/coffeescript/package.json
libuv-worker /usr/share/code/resources/app/extensions/configuration-editing/package.json
libuv-worker /usr/share/code/resources/app/extensions/copilot/package.json
libuv-worker /usr/share/code/resources/app/extensions/cpp/package.json
libuv-worker /usr/share/code/resources/app/extensions/csharp/package.json
libuv-worker /usr/share/code/resources/app/extensions/css/package.json
libuv-worker /usr/share/code/resources/app/extensions/css-language-features/package.json
libuv-worker /usr/share/code/resources/app/extensions/dart/package.json
libuv-worker /usr/share/code/resources/app/extensions/debug-auto-launch/package.json
libuv-worker /usr/share/code/resources/app/extensions/debug-server-ready/package.json
libuv-worker /usr/share/code/resources/app/extensions/diff/package.json
libuv-worker /usr/share/code/resources/app/extensions/docker/package.json
libuv-worker /usr/share/code/resources/app/extensions/dotenv/package.json
libuv-worker /usr/share/code/resources/app/extensions/emmet/package.json
libuv-worker /usr/share/code/resources/app/extensions/extension-editing/package.json
libuv-worker /usr/share/code/resources/app/extensions/fsharp/package.json
libuv-worker /usr/share/code/resources/app/extensions/git/package.json
libuv-worker /usr/share/code/resources/app/extensions/git-base/package.json
libuv-worker /usr/share/code/resources/app/extensions/github/package.json
libuv-worker /usr/share/code/resources/app/extensions/github-authentication/package.json
libuv-worker /usr/share/code/resources/app/extensions/go/package.json
libuv-worker /usr/share/code/resources/app/extensions/groovy/package.json
libuv-worker /usr/share/code/resources/app/extensions/grunt/package.json
libuv-worker /usr/share/code/resources/app/extensions/gulp/package.json
libuv-worker /usr/share/code/resources/app/extensions/handlebars/package.json
libuv-worker /usr/share/code/resources/app/extensions/hlsl/package.json
libuv-worker /usr/share/code/resources/app/extensions/html/package.json
libuv-worker /usr/share/code/resources/app/extensions/html-language-features/package.json
libuv-worker /usr/share/code/resources/app/extensions/ini/package.json
libuv-worker /usr/share/code/resources/app/extensions/ipynb/package.json
libuv-worker /usr/share/code/resources/app/extensions/jake/package.json
libuv-worker /usr/share/code/resources/app/extensions/java/package.json
libuv-worker /usr/share/code/resources/app/extensions/javascript/package.json
libuv-worker /usr/share/code/resources/app/extensions/json/package.json
libuv-worker /usr/share/code/resources/app/extensions/json-language-features/package.json
libuv-worker /usr/share/code/resources/app/extensions/julia/package.json
libuv-worker /usr/share/code/resources/app/extensions/latex/package.json
libuv-worker /usr/share/code/resources/app/extensions/less/package.json
libuv-worker /usr/share/code/resources/app/extensions/log/package.json
libuv-worker /usr/share/code/resources/app/extensions/lua/package.json
libuv-worker /usr/share/code/resources/app/extensions/make/package.json
libuv-worker /usr/share/code/resources/app/extensions/markdown-basics/package.json
libuv-worker /usr/share/code/resources/app/extensions/markdown-language-features/package.json
libuv-worker /usr/share/code/resources/app/extensions/markdown-math/package.json
libuv-worker /usr/share/code/resources/app/extensions/media-preview/package.json
libuv-worker /usr/share/code/resources/app/extensions/merge-conflict/package.json
libuv-worker /usr/share/code/resources/app/extensions/mermaid-chat-features/package.json
libuv-worker /usr/share/code/resources/app/extensions/microsoft-authentication/package.json
libuv-worker /usr/share/code/resources/app/extensions/ms-vscode.js-debug/package.json
libuv-worker /usr/share/code/resources/app/extensions/ms-vscode.js-debug-companion/package.json
libuv-worker /usr/share/code/resources/app/extensions/ms-vscode.vscode-js-profile-table/package.json
libuv-worker /usr/share/code/resources/app/extensions/node_modules/package.json
libuv-worker /usr/share/code/resources/app/extensions/notebook-renderers/package.json
libuv-worker /usr/share/code/resources/app/extensions/npm/package.json
libuv-worker /usr/share/code/resources/app/extensions/objective-c/package.json
libuv-worker /usr/share/code/resources/app/extensions/perl/package.json
libuv-worker /usr/share/code/resources/app/extensions/php/package.json
libuv-worker /usr/share/code/resources/app/extensions/php-language-features/package.json
libuv-worker /usr/share/code/resources/app/extensions/powershell/package.json
libuv-worker /usr/share/code/resources/app/extensions/prompt-basics/package.json
libuv-worker /usr/share/code/resources/app/extensions/pug/package.json
libuv-worker /usr/share/code/resources/app/extensions/python/package.json
libuv-worker /usr/share/code/resources/app/extensions/r/package.json
libuv-worker /usr/share/code/resources/app/extensions/razor/package.json
libuv-worker /usr/share/code/resources/app/extensions/references-view/package.json
libuv-worker /usr/share/code/resources/app/extensions/restructuredtext/package.json
libuv-worker /usr/share/code/resources/app/extensions/ruby/package.json
libuv-worker /usr/share/code/resources/app/extensions/rust/package.json
libuv-worker /usr/share/code/resources/app/extensions/scss/package.json
libuv-worker /usr/share/code/resources/app/extensions/search-result/package.json
libuv-worker /usr/share/code/resources/app/extensions/shaderlab/package.json
libuv-worker /usr/share/code/resources/app/extensions/shellscript/package.json
libuv-worker /usr/share/code/resources/app/extensions/simple-browser/package.json
libuv-worker /usr/share/code/resources/app/extensions/sql/package.json
libuv-worker /usr/share/code/resources/app/extensions/swift/package.json
libuv-worker /usr/share/code/resources/app/extensions/terminal-suggest/package.json
libuv-worker /usr/share/code/resources/app/extensions/theme-abyss/package.json
libuv-worker /usr/share/code/resources/app/extensions/theme-defaults/package.json
libuv-worker /usr/share/code/resources/app/extensions/theme-kimbie-dark/package.json
libuv-worker /usr/share/code/resources/app/extensions/theme-monokai/package.json
libuv-worker /usr/share/code/resources/app/extensions/theme-monokai-dimmed/package.json
libuv-worker /usr/share/code/resources/app/extensions/theme-quietlight/package.json
libuv-worker /usr/share/code/resources/app/extensions/theme-red/package.json
libuv-worker /usr/share/code/resources/app/extensions/theme-seti/package.json
libuv-worker /usr/share/code/resources/app/extensions/theme-solarized-dark/package.json
libuv-worker /usr/share/code/resources/app/extensions/theme-solarized-light/package.json
libuv-worker /usr/share/code/resources/app/extensions/theme-tomorrow-night-blue/package.json
libuv-worker /usr/share/code/resources/app/extensions/tunnel-forwarding/package.json
libuv-worker /usr/share/code/resources/app/extensions/typescript-basics/package.json
libuv-worker /usr/share/code/resources/app/extensions/typescript-language-features/package.json
libuv-worker /usr/share/code/resources/app/extensions/vb/package.json
libuv-worker /usr/share/code/resources/app/extensions/xml/package.json
libuv-worker /usr/share/code/resources/app/extensions/yaml/package.json
libuv-worker /config/.config/Code/CachedConfigurations/defaults/__default__profile__-configurationDefaultsOverrides/configuration.json
code /usr/share/code/resources/app/extensions/emmet/package.json
code /usr/share/code/resources/app/extensions/emmet/dist/node/emmetNodeMain.js
libuv-worker /config/.config/Code/User/workspaceStorage/1778804999111/state.vscdb-journal
libuv-worker /config/.config/Code/User/workspaceStorage/1778804999111
code /dev/shm/.org.chromium.Chromium.TjY4xH
code /dev/shm/.org.chromium.Chromium.TjY4xH
code /dev/shm/.org.chromium.Chromium.n3Yzjt
code /dev/shm/.org.chromium.Chromium.n3Yzjt
code /dev/shm/.org.chromium.Chromium.RyzCWw
code /dev/shm/.org.chromium.Chromium.RyzCWw
code /dev/shm/.org.chromium.Chromium.mRPaL5
code /dev/shm/.org.chromium.Chromium.mRPaL5
libuv-worker /config/.vscode/extensions/extensions.json
code /dev/shm/.org.chromium.Chromium.jDWPVc
code /dev/shm/.org.chromium.Chromium.jDWPVc
code /dev/shm/.org.chromium.Chromium.TFlAij
code /dev/shm/.org.chromium.Chromium.TFlAij
libuv-worker /config/.config/Code/User/globalStorage/state.vscdb-journal
libuv-worker /config/.config/Code/User/globalStorage
Chrome_ChildIOT /dev/shm/.org.chromium.Chromium.5HUF4b
code /usr/share/code/resources/app/out/vs/workbench/api/node/package.json
code /usr/share/code/resources/app/out/vs/workbench/api/package.json
code /usr/share/code/resources/app/out/vs/workbench/package.json
code /usr/share/code/resources/app/out/vs/package.json
code /usr/share/code/resources/app/out/package.json
code /config/.config/Code/logs/20260515T002957/window1/exthost/vscode.github-authentication/GitHub Authentication.log
libuv-worker /usr/share/code/resources/app/extensions/bat/package.nls.json
libuv-worker /usr/share/code/resources/app/extensions/clojure/package.nls.json
libuv-worker /usr/share/code/resources/app/extensions/coffeescript/package.nls.json
libuv-worker /usr/share/code/resources/app/extensions/configuration-editing/package.nls.json
libuv-worker /usr/share/code/resources/app/extensions/cpp/package.nls.json
libuv-worker /usr/share/code/resources/app/extensions/copilot/package.nls.json
libuv-worker /usr/share/code/resources/app/extensions/csharp/package.nls.json
libuv-worker /usr/share/code/resources/app/extensions/css/package.nls.json
libuv-worker /usr/share/code/resources/app/extensions/css-language-features/package.nls.json
libuv-worker /usr/share/code/resources/app/extensions/dart/package.nls.json
libuv-worker /usr/share/code/resources/app/extensions/debug-auto-launch/package.nls.json
libuv-worker /usr/share/code/resources/app/extensions/debug-server-ready/package.nls.json
libuv-worker /usr/share/code/resources/app/extensions/diff/package.nls.json
libuv-worker /usr/share/code/resources/app/extensions/docker/package.nls.json
libuv-worker /usr/share/code/resources/app/extensions/dotenv/package.nls.json
libuv-worker /usr/share/code/resources/app/extensions/emmet/package.nls.json
libuv-worker /usr/share/code/resources/app/extensions/extension-editing/package.nls.json
libuv-worker /usr/share/code/resources/app/extensions/fsharp/package.nls.json
libuv-worker /usr/share/code/resources/app/extensions/git/package.nls.json
libuv-worker /usr/share/code/resources/app/extensions/git-base/package.nls.json
libuv-worker /usr/share/code/resources/app/extensions/github/package.nls.json
libuv-worker /usr/share/code/resources/app/extensions/github-authentication/package.nls.json
libuv-worker /usr/share/code/resources/app/extensions/go/package.nls.json
libuv-worker /usr/share/code/resources/app/extensions/groovy/package.nls.json
libuv-worker /usr/share/code/resources/app/extensions/grunt/package.nls.json
libuv-worker /usr/share/code/resources/app/extensions/gulp/package.nls.json
libuv-worker /usr/share/code/resources/app/extensions/handlebars/package.nls.json
libuv-worker /usr/share/code/resources/app/extensions/hlsl/package.nls.json
libuv-worker /usr/share/code/resources/app/extensions/html/package.nls.json
libuv-worker /usr/share/code/resources/app/extensions/ini/package.nls.json
libuv-worker /usr/share/code/resources/app/extensions/html-language-features/package.nls.json
libuv-worker /usr/share/code/resources/app/extensions/ipynb/package.nls.json
libuv-worker /usr/share/code/resources/app/extensions/jake/package.nls.json
libuv-worker /usr/share/code/resources/app/extensions/java/package.nls.json
libuv-worker /usr/share/code/resources/app/extensions/javascript/package.nls.json
libuv-worker /usr/share/code/resources/app/extensions/json/package.nls.json
libuv-worker /usr/share/code/resources/app/extensions/json-language-features/package.nls.json
libuv-worker /usr/share/code/resources/app/extensions/julia/package.nls.json
libuv-worker /usr/share/code/resources/app/extensions/latex/package.nls.json
libuv-worker /usr/share/code/resources/app/extensions/less/package.nls.json
libuv-worker /usr/share/code/resources/app/extensions/log/package.nls.json
libuv-worker /usr/share/code/resources/app/extensions/lua/package.nls.json
libuv-worker /usr/share/code/resources/app/extensions/make/package.nls.json
libuv-worker /usr/share/code/resources/app/extensions/markdown-basics/package.nls.json
libuv-worker /usr/share/code/resources/app/extensions/markdown-language-features/package.nls.json
libuv-worker /usr/share/code/resources/app/extensions/markdown-math/package.nls.json
libuv-worker /usr/share/code/resources/app/extensions/media-preview/package.nls.json
libuv-worker /usr/share/code/resources/app/extensions/merge-conflict/package.nls.json
libuv-worker /usr/share/code/resources/app/extensions/mermaid-chat-features/package.nls.json
libuv-worker /usr/share/code/resources/app/extensions/microsoft-authentication/package.nls.json
libuv-worker /usr/share/code/resources/app/extensions/ms-vscode.js-debug/package.nls.json
libuv-worker /usr/share/code/resources/app/extensions/notebook-renderers/package.nls.json
libuv-worker /usr/share/code/resources/app/extensions/npm/package.nls.json
libuv-worker /usr/share/code/resources/app/extensions/objective-c/package.nls.json
libuv-worker /usr/share/code/resources/app/extensions/perl/package.nls.json
libuv-worker /usr/share/code/resources/app/extensions/php/package.nls.json
code /usr/share/code/resources/app/extensions/git-base/package.json
libuv-worker /usr/share/code/resources/app/extensions/php-language-features/package.nls.json
code /usr/share/code/resources/app/extensions/git-base/dist/extension.js
libuv-worker /usr/share/code/resources/app/extensions/powershell/package.nls.json
libuv-worker /usr/share/code/resources/app/extensions/prompt-basics/package.nls.json
libuv-worker /usr/share/code/resources/app/extensions/pug/package.nls.json
libuv-worker /usr/share/code/resources/app/extensions/python/package.nls.json
libuv-worker /usr/share/code/resources/app/extensions/r/package.nls.json
libuv-worker /usr/share/code/resources/app/extensions/razor/package.nls.json
libuv-worker /usr/share/code/resources/app/extensions/references-view/package.nls.json
libuv-worker /usr/share/code/resources/app/extensions/restructuredtext/package.nls.json
libuv-worker /usr/share/code/resources/app/extensions/ruby/package.nls.json
libuv-worker /usr/share/code/resources/app/extensions/rust/package.nls.json
libuv-worker /usr/share/code/resources/app/extensions/scss/package.nls.json
libuv-worker /usr/share/code/resources/app/extensions/search-result/package.nls.json
libuv-worker /usr/share/code/resources/app/extensions/shaderlab/package.nls.json
libuv-worker /usr/share/code/resources/app/extensions/shellscript/package.nls.json
libuv-worker /usr/share/code/resources/app/extensions/simple-browser/package.nls.json
libuv-worker /usr/share/code/resources/app/extensions/sql/package.nls.json
libuv-worker /usr/share/code/resources/app/extensions/swift/package.nls.json
libuv-worker /usr/share/code/resources/app/extensions/terminal-suggest/package.nls.json
libuv-worker /usr/share/code/resources/app/extensions/theme-abyss/package.nls.json
libuv-worker /usr/share/code/resources/app/extensions/theme-defaults/package.nls.json
libuv-worker /usr/share/code/resources/app/extensions/theme-kimbie-dark/package.nls.json
libuv-worker /usr/share/code/resources/app/extensions/theme-monokai/package.nls.json
libuv-worker /usr/share/code/resources/app/extensions/theme-monokai-dimmed/package.nls.json
libuv-worker /usr/share/code/resources/app/extensions/theme-quietlight/package.nls.json
libuv-worker /usr/share/code/resources/app/extensions/theme-red/package.nls.json
libuv-worker /usr/share/code/resources/app/extensions/theme-seti/package.nls.json
libuv-worker /usr/share/code/resources/app/extensions/theme-solarized-dark/package.nls.json
libuv-worker /usr/share/code/resources/app/extensions/theme-solarized-light/package.nls.json
libuv-worker /usr/share/code/resources/app/extensions/theme-tomorrow-night-blue/package.nls.json
libuv-worker /usr/share/code/resources/app/extensions/tunnel-forwarding/package.nls.json
libuv-worker /usr/share/code/resources/app/extensions/typescript-basics/package.nls.json
libuv-worker /usr/share/code/resources/app/extensions/typescript-language-features/package.nls.json
libuv-worker /usr/share/code/resources/app/extensions/vb/package.nls.json
code /proc/stat
libuv-worker /usr/share/code/resources/app/extensions/xml/package.nls.json
code /proc/cpuinfo
libuv-worker /usr/share/code/resources/app/extensions/yaml/package.nls.json
code /sys/devices/system/cpu/cpu0/cpufreq/scaling_cur_freq
code /sys/devices/system/cpu/cpu1/cpufreq/scaling_cur_freq
code /sys/devices/system/cpu/cpu2/cpufreq/scaling_cur_freq
code /sys/devices/system/cpu/cpu3/cpufreq/scaling_cur_freq
code /sys/devices/system/cpu/cpu4/cpufreq/scaling_cur_freq
code /sys/devices/system/cpu/cpu5/cpufreq/scaling_cur_freq
code /sys/devices/system/cpu/cpu6/cpufreq/scaling_cur_freq
code /sys/devices/system/cpu/cpu7/cpufreq/scaling_cur_freq
code /sys/devices/system/cpu/cpu8/cpufreq/scaling_cur_freq
code /sys/devices/system/cpu/cpu9/cpufreq/scaling_cur_freq
code /sys/devices/system/cpu/cpu10/cpufreq/scaling_cur_freq
code /sys/devices/system/cpu/cpu11/cpufreq/scaling_cur_freq
code /sys/devices/system/cpu/cpu12/cpufreq/scaling_cur_freq
code /usr/share/code/resources/app/extensions/git/package.json
code /sys/devices/system/cpu/cpu13/cpufreq/scaling_cur_freq
code /sys/devices/system/cpu/cpu14/cpufreq/scaling_cur_freq
code /sys/devices/system/cpu/cpu15/cpufreq/scaling_cur_freq
code /usr/share/code/resources/app/extensions/git/dist/main.js
Chrome_IOThread /dev/shm/.org.chromium.Chromium.qSuGuu
Chrome_IOThread /dev/shm/.org.chromium.Chromium.qSuGuu
code /proc/meminfo
code /proc/meminfo
code /proc/loadavg
MemoryInfra /proc/1219/status
MemoryInfra /proc/1219/status
MemoryInfra /proc/1219/clear_refs
MemoryInfra /proc/1219/maps
ThreadPoolSingl /proc/1219/task
ThreadPoolSingl /proc/1219/task/1219/status
ThreadPoolSingl /proc/1219/task/1236/status
ThreadPoolSingl /proc/1219/task/1237/status
ThreadPoolSingl /proc/1219/task/1238/status
ThreadPoolSingl /proc/1219/task/1239/status
ThreadPoolSingl /proc/1219/task/1240/status
ThreadPoolSingl /proc/1219/task/1249/status
MemoryInfra /proc/self/smaps_rollup
ThreadPoolSingl /proc/1219/task/1250/status
ThreadPoolSingl /proc/1219/task/1259/status
ThreadPoolSingl /proc/1219/task/1334/status
ThreadPoolSingl /proc/1219/task/1336/status
ThreadPoolSingl /proc/1219/task/1337/status
ThreadPoolSingl /proc/1219/task/1338/status
ThreadPoolSingl /proc/1219/task/1339/status
ThreadPoolSingl /proc/1219/task/1340/status
ThreadPoolSingl /proc/1219/task/1381/status
ThreadPoolSingl /proc/1219/task/1414/status
ThreadPoolSingl /proc/1219/task/1415/status
ThreadPoolSingl /proc/1219/task/1416/status
ThreadPoolSingl /proc/1219/task/1417/status
ThreadPoolSingl /proc/1219/task/1418/status
ThreadPoolSingl /proc/1219/task/1419/status
ThreadPoolSingl /proc/1219/task/1464/status
code /usr/share/code/resources/app/extensions/git/node_modules/@vscode/fs-copyfile/package.json
code /usr/share/code/resources/app/extensions/git/node_modules/@vscode/fs-copyfile/lib/index.js
code /usr/share/code/resources/app/extensions/git/node_modules/@vscode/fs-copyfile/lib/package.json
code /usr/share/code/resources/app/extensions/git/node_modules/@vscode/fs-copyfile/package.json
code /usr/share/code/resources/app/extensions/git/node_modules/@vscode/fs-copyfile/lib/native.js
code /usr/share/code/resources/app/extensions/git/node_modules/@vscode/fs-copyfile/lib/package.json
code /usr/share/code/resources/app/extensions/git/node_modules/@vscode/fs-copyfile/lib/cp.js
code /usr/share/code/resources/app/extensions/git/node_modules/@vscode/fs-copyfile/lib/package.json
libuv-worker /config/.config/Code/User/workspaceStorage/1778804999111/state.vscdb-journal
code /dev/shm/.org.chromium.Chromium.TTG0Fv
code /dev/shm/.org.chromium.Chromium.TTG0Fv
libuv-worker /config/.config/Code/User/workspaceStorage/1778804999111
libuv-worker /config/.config/Code/CachedProfilesData/__default__profile__/extensions.builtin.cache
code /usr/share/code/resources/app/extensions/github/dist/package.json
code /usr/share/code/resources/app/extensions/github/package.json
code /usr/share/code/resources/app/extensions/github/dist/extension.js
git /etc/ld.so.cache
git /lib/x86_64-linux-gnu/libpcre2-8.so.0
git /lib/x86_64-linux-gnu/libz.so.1
git /lib/x86_64-linux-gnu/libc.so.6
git /dev/null
git /usr/lib/locale/locale-archive
libuv-worker /usr/share/code/resources/app/extensions/TypeScriptTeam.jsts-chat-features
libuv-worker /usr/share/code/resources/app/extensions/bat
libuv-worker /usr/share/code/resources/app/extensions/clojure
libuv-worker /usr/share/code/resources/app/extensions/coffeescript
libuv-worker /usr/share/code/resources/app/extensions/configuration-editing
libuv-worker /usr/share/code/resources/app/extensions/copilot
libuv-worker /usr/share/code/resources/app/extensions/csharp
libuv-worker /usr/share/code/resources/app/extensions/cpp
libuv-worker /usr/share/code/resources/app/extensions/css
libuv-worker /usr/share/code/resources/app/extensions/css-language-features
libuv-worker /usr/share/code/resources/app/extensions/dart
libuv-worker /usr/share/code/resources/app/extensions/debug-auto-launch
libuv-worker /usr/share/code/resources/app/extensions/debug-server-ready
libuv-worker /usr/share/code/resources/app/extensions/diff
libuv-worker /usr/share/code/resources/app/extensions/docker
libuv-worker /usr/share/code/resources/app/extensions/emmet
libuv-worker /usr/share/code/resources/app/extensions/dotenv
libuv-worker /usr/share/code/resources/app/extensions/extension-editing
libuv-worker /usr/share/code/resources/app/extensions/fsharp
libuv-worker /usr/share/code/resources/app/extensions/git
libuv-worker /usr/share/code/resources/app/extensions/git-base
libuv-worker /usr/share/code/resources/app/extensions/github
libuv-worker /usr/share/code/resources/app/extensions/github-authentication
libuv-worker /usr/share/code/resources/app/extensions/go
libuv-worker /usr/share/code/resources/app/extensions/groovy
libuv-worker /usr/share/code/resources/app/extensions/grunt
libuv-worker /usr/share/code/resources/app/extensions/gulp
libuv-worker /usr/share/code/resources/app/extensions/handlebars
libuv-worker /usr/share/code/resources/app/extensions/hlsl
libuv-worker /usr/share/code/resources/app/extensions/html
libuv-worker /usr/share/code/resources/app/extensions/html-language-features
libuv-worker /usr/share/code/resources/app/extensions/ini
libuv-worker /usr/share/code/resources/app/extensions/ipynb
libuv-worker /usr/share/code/resources/app/extensions/jake
libuv-worker /usr/share/code/resources/app/extensions/java
libuv-worker /usr/share/code/resources/app/extensions/javascript
libuv-worker /usr/share/code/resources/app/extensions/json
libuv-worker /usr/share/code/resources/app/extensions/json-language-features
libuv-worker /usr/share/code/resources/app/extensions/julia
libuv-worker /usr/share/code/resources/app/extensions/latex
libuv-worker /usr/share/code/resources/app/extensions/less
libuv-worker /usr/share/code/resources/app/extensions/log
libuv-worker /usr/share/code/resources/app/extensions/lua
libuv-worker /usr/share/code/resources/app/extensions/make
libuv-worker /usr/share/code/resources/app/extensions/markdown-basics
libuv-worker /usr/share/code/resources/app/extensions/markdown-language-features
libuv-worker /usr/share/code/resources/app/extensions/markdown-math
libuv-worker /usr/share/code/resources/app/extensions/media-preview
libuv-worker /usr/share/code/resources/app/extensions/merge-conflict
libuv-worker /usr/share/code/resources/app/extensions/mermaid-chat-features
libuv-worker /usr/share/code/resources/app/extensions/microsoft-authentication
libuv-worker /usr/share/code/resources/app/extensions/ms-vscode.js-debug
libuv-worker /usr/share/code/resources/app/extensions/ms-vscode.js-debug-companion
libuv-worker /usr/share/code/resources/app/extensions/ms-vscode.vscode-js-profile-table
libuv-worker /usr/share/code/resources/app/extensions/notebook-renderers
libuv-worker /usr/share/code/resources/app/extensions/npm
libuv-worker /usr/share/code/resources/app/extensions/objective-c
libuv-worker /usr/share/code/resources/app/extensions/perl
libuv-worker /usr/share/code/resources/app/extensions/php
libuv-worker /usr/share/code/resources/app/extensions/php-language-features
libuv-worker /usr/share/code/resources/app/extensions/powershell
libuv-worker /usr/share/code/resources/app/extensions/prompt-basics
libuv-worker /usr/share/code/resources/app/extensions/pug
libuv-worker /usr/share/code/resources/app/extensions/python
libuv-worker /usr/share/code/resources/app/extensions/r
libuv-worker /usr/share/code/resources/app/extensions/razor
libuv-worker /usr/share/code/resources/app/extensions/references-view
libuv-worker /usr/share/code/resources/app/extensions/restructuredtext
libuv-worker /usr/share/code/resources/app/extensions/ruby
libuv-worker /usr/share/code/resources/app/extensions/rust
libuv-worker /usr/share/code/resources/app/extensions/scss
libuv-worker /usr/share/code/resources/app/extensions/search-result
libuv-worker /usr/share/code/resources/app/extensions/shaderlab
libuv-worker /usr/share/code/resources/app/extensions/shellscript
libuv-worker /usr/share/code/resources/app/extensions/simple-browser
libuv-worker /usr/share/code/resources/app/extensions/sql
libuv-worker /usr/share/code/resources/app/extensions/swift
libuv-worker /usr/share/code/resources/app/extensions/terminal-suggest
libuv-worker /usr/share/code/resources/app/extensions/theme-abyss
libuv-worker /usr/share/code/resources/app/extensions/theme-defaults
libuv-worker /usr/share/code/resources/app/extensions/theme-kimbie-dark
libuv-worker /usr/share/code/resources/app/extensions/theme-monokai
libuv-worker /usr/share/code/resources/app/extensions/theme-monokai-dimmed
libuv-worker /usr/share/code/resources/app/extensions/theme-quietlight
libuv-worker /usr/share/code/resources/app/extensions/theme-red
libuv-worker /usr/share/code/resources/app/extensions/theme-seti
libuv-worker /usr/share/code/resources/app/extensions/theme-solarized-dark
libuv-worker /usr/share/code/resources/app/extensions/theme-solarized-light
libuv-worker /usr/share/code/resources/app/extensions/theme-tomorrow-night-blue
libuv-worker /usr/share/code/resources/app/extensions/tunnel-forwarding
libuv-worker /usr/share/code/resources/app/extensions/typescript-basics
libuv-worker /usr/share/code/resources/app/extensions/typescript-language-features
libuv-worker /usr/share/code/resources/app/extensions/vb
libuv-worker /usr/share/code/resources/app/extensions/xml
libuv-worker /usr/share/code/resources/app/extensions/yaml
libuv-worker /usr/share/code/resources/app/extensions/TypeScriptTeam.jsts-chat-features
libuv-worker /usr/share/code/resources/app/extensions/bat
libuv-worker /usr/share/code/resources/app/extensions/clojure
libuv-worker /usr/share/code/resources/app/extensions/coffeescript
libuv-worker /usr/share/code/resources/app/extensions/configuration-editing
libuv-worker /usr/share/code/resources/app/extensions/copilot
libuv-worker /usr/share/code/resources/app/extensions/cpp
libuv-worker /usr/share/code/resources/app/extensions/csharp
libuv-worker /usr/share/code/resources/app/extensions/css
libuv-worker /usr/share/code/resources/app/extensions/css-language-features
libuv-worker /usr/share/code/resources/app/extensions/dart
libuv-worker /usr/share/code/resources/app/extensions/debug-auto-launch
libuv-worker /usr/share/code/resources/app/extensions/debug-server-ready
libuv-worker /usr/share/code/resources/app/extensions/diff
libuv-worker /usr/share/code/resources/app/extensions/docker
libuv-worker /usr/share/code/resources/app/extensions/dotenv
libuv-worker /usr/share/code/resources/app/extensions/emmet
libuv-worker /usr/share/code/resources/app/extensions/extension-editing
libuv-worker /usr/share/code/resources/app/extensions/fsharp
libuv-worker /usr/share/code/resources/app/extensions/git
libuv-worker /usr/share/code/resources/app/extensions/git-base
libuv-worker /usr/share/code/resources/app/extensions/github
libuv-worker /usr/share/code/resources/app/extensions/github-authentication
libuv-worker /usr/share/code/resources/app/extensions/groovy
libuv-worker /usr/share/code/resources/app/extensions/go
libuv-worker /usr/share/code/resources/app/extensions/grunt
libuv-worker /usr/share/code/resources/app/extensions/gulp
libuv-worker /usr/share/code/resources/app/extensions/handlebars
libuv-worker /usr/share/code/resources/app/extensions/hlsl
libuv-worker /usr/share/code/resources/app/extensions/html
libuv-worker /usr/share/code/resources/app/extensions/html-language-features
libuv-worker /usr/share/code/resources/app/extensions/ini
libuv-worker /usr/share/code/resources/app/extensions/ipynb
libuv-worker /usr/share/code/resources/app/extensions/jake
libuv-worker /usr/share/code/resources/app/extensions/java
libuv-worker /usr/share/code/resources/app/extensions/javascript
libuv-worker /usr/share/code/resources/app/extensions/json
libuv-worker /usr/share/code/resources/app/extensions/json-language-features
libuv-worker /usr/share/code/resources/app/extensions/julia
libuv-worker /usr/share/code/resources/app/extensions/latex
libuv-worker /usr/share/code/resources/app/extensions/less
libuv-worker /usr/share/code/resources/app/extensions/log
libuv-worker /usr/share/code/resources/app/extensions/lua
libuv-worker /usr/share/code/resources/app/extensions/make
libuv-worker /usr/share/code/resources/app/extensions/markdown-basics
libuv-worker /usr/share/code/resources/app/extensions/markdown-language-features
libuv-worker /usr/share/code/resources/app/extensions/media-preview
libuv-worker /usr/share/code/resources/app/extensions/markdown-math
libuv-worker /usr/share/code/resources/app/extensions/merge-conflict
libuv-worker /usr/share/code/resources/app/extensions/mermaid-chat-features
libuv-worker /usr/share/code/resources/app/extensions/microsoft-authentication
libuv-worker /usr/share/code/resources/app/extensions/ms-vscode.js-debug
libuv-worker /usr/share/code/resources/app/extensions/ms-vscode.js-debug-companion
libuv-worker /usr/share/code/resources/app/extensions/ms-vscode.vscode-js-profile-table
libuv-worker /usr/share/code/resources/app/extensions/notebook-renderers
libuv-worker /usr/share/code/resources/app/extensions/npm
libuv-worker /usr/share/code/resources/app/extensions/objective-c
libuv-worker /usr/share/code/resources/app/extensions/perl
libuv-worker /usr/share/code/resources/app/extensions/php
libuv-worker /usr/share/code/resources/app/extensions/powershell
libuv-worker /usr/share/code/resources/app/extensions/php-language-features
libuv-worker /usr/share/code/resources/app/extensions/prompt-basics
libuv-worker /usr/share/code/resources/app/extensions/pug
libuv-worker /usr/share/code/resources/app/extensions/python
libuv-worker /usr/share/code/resources/app/extensions/r
libuv-worker /usr/share/code/resources/app/extensions/razor
libuv-worker /usr/share/code/resources/app/extensions/references-view
libuv-worker /usr/share/code/resources/app/extensions/restructuredtext
libuv-worker /usr/share/code/resources/app/extensions/ruby
libuv-worker /usr/share/code/resources/app/extensions/scss
libuv-worker /usr/share/code/resources/app/extensions/rust
libuv-worker /usr/share/code/resources/app/extensions/search-result
libuv-worker /usr/share/code/resources/app/extensions/shaderlab
libuv-worker /usr/share/code/resources/app/extensions/shellscript
libuv-worker /usr/share/code/resources/app/extensions/simple-browser
libuv-worker /usr/share/code/resources/app/extensions/sql
libuv-worker /usr/share/code/resources/app/extensions/swift
libuv-worker /usr/share/code/resources/app/extensions/terminal-suggest
libuv-worker /usr/share/code/resources/app/extensions/theme-abyss
libuv-worker /usr/share/code/resources/app/extensions/theme-defaults
libuv-worker /usr/share/code/resources/app/extensions/theme-kimbie-dark
libuv-worker /usr/share/code/resources/app/extensions/theme-monokai
libuv-worker /usr/share/code/resources/app/extensions/theme-monokai-dimmed
libuv-worker /usr/share/code/resources/app/extensions/theme-quietlight
libuv-worker /usr/share/code/resources/app/extensions/theme-red
libuv-worker /usr/share/code/resources/app/extensions/theme-seti
libuv-worker /usr/share/code/resources/app/extensions/theme-solarized-dark
libuv-worker /usr/share/code/resources/app/extensions/theme-solarized-light
libuv-worker /usr/share/code/resources/app/extensions/theme-tomorrow-night-blue
libuv-worker /usr/share/code/resources/app/extensions/tunnel-forwarding
libuv-worker /usr/share/code/resources/app/extensions/typescript-language-features
libuv-worker /usr/share/code/resources/app/extensions/typescript-basics
libuv-worker /usr/share/code/resources/app/extensions/vb
libuv-worker /usr/share/code/resources/app/extensions/xml
libuv-worker /usr/share/code/resources/app/extensions/yaml
libuv-worker /usr/share/code/resources/app/extensions/TypeScriptTeam.jsts-chat-features
libuv-worker /usr/share/code/resources/app/extensions/bat
libuv-worker /usr/share/code/resources/app/extensions/clojure
libuv-worker /usr/share/code/resources/app/extensions/coffeescript
libuv-worker /usr/share/code/resources/app/extensions/copilot
libuv-worker /usr/share/code/resources/app/extensions/configuration-editing
libuv-worker /usr/share/code/resources/app/extensions/cpp
libuv-worker /usr/share/code/resources/app/extensions/csharp
libuv-worker /usr/share/code/resources/app/extensions/css
libuv-worker /usr/share/code/resources/app/extensions/css-language-features
libuv-worker /usr/share/code/resources/app/extensions/dart
libuv-worker /usr/share/code/resources/app/extensions/debug-auto-launch
libuv-worker /usr/share/code/resources/app/extensions/debug-server-ready
libuv-worker /usr/share/code/resources/app/extensions/diff
libuv-worker /usr/share/code/resources/app/extensions/docker
libuv-worker /usr/share/code/resources/app/extensions/dotenv
libuv-worker /usr/share/code/resources/app/extensions/emmet
libuv-worker /usr/share/code/resources/app/extensions/extension-editing
libuv-worker /usr/share/code/resources/app/extensions/fsharp
libuv-worker /usr/share/code/resources/app/extensions/git
libuv-worker /usr/share/code/resources/app/extensions/git-base
libuv-worker /usr/share/code/resources/app/extensions/github
libuv-worker /usr/share/code/resources/app/extensions/github-authentication
libuv-worker /usr/share/code/resources/app/extensions/go
libuv-worker /usr/share/code/resources/app/extensions/groovy
libuv-worker /usr/share/code/resources/app/extensions/grunt
libuv-worker /usr/share/code/resources/app/extensions/gulp
libuv-worker /usr/share/code/resources/app/extensions/handlebars
libuv-worker /usr/share/code/resources/app/extensions/hlsl
libuv-worker /usr/share/code/resources/app/extensions/html
libuv-worker /usr/share/code/resources/app/extensions/html-language-features
libuv-worker /usr/share/code/resources/app/extensions/ini
libuv-worker /usr/share/code/resources/app/extensions/ipynb
libuv-worker /usr/share/code/resources/app/extensions/jake
libuv-worker /usr/share/code/resources/app/extensions/java
libuv-worker /usr/share/code/resources/app/extensions/javascript
libuv-worker /usr/share/code/resources/app/extensions/json
libuv-worker /usr/share/code/resources/app/extensions/json-language-features
libuv-worker /usr/share/code/resources/app/extensions/julia
libuv-worker /usr/share/code/resources/app/extensions/latex
libuv-worker /usr/share/code/resources/app/extensions/less
libuv-worker /usr/share/code/resources/app/extensions/log
libuv-worker /usr/share/code/resources/app/extensions/lua
libuv-worker /usr/share/code/resources/app/extensions/make
libuv-worker /usr/share/code/resources/app/extensions/markdown-basics
libuv-worker /usr/share/code/resources/app/extensions/markdown-language-features
libuv-worker /usr/share/code/resources/app/extensions/markdown-math
libuv-worker /usr/share/code/resources/app/extensions/media-preview
libuv-worker /usr/share/code/resources/app/extensions/merge-conflict
libuv-worker /usr/share/code/resources/app/extensions/mermaid-chat-features
libuv-worker /usr/share/code/resources/app/extensions/microsoft-authentication
libuv-worker /usr/share/code/resources/app/extensions/ms-vscode.js-debug
libuv-worker /usr/share/code/resources/app/extensions/ms-vscode.js-debug-companion
libuv-worker /usr/share/code/resources/app/extensions/ms-vscode.vscode-js-profile-table
libuv-worker /usr/share/code/resources/app/extensions/notebook-renderers
libuv-worker /usr/share/code/resources/app/extensions/npm
libuv-worker /usr/share/code/resources/app/extensions/objective-c
libuv-worker /usr/share/code/resources/app/extensions/perl
libuv-worker /usr/share/code/resources/app/extensions/php
libuv-worker /usr/share/code/resources/app/extensions/php-language-features
libuv-worker /usr/share/code/resources/app/extensions/powershell
libuv-worker /usr/share/code/resources/app/extensions/prompt-basics
libuv-worker /usr/share/code/resources/app/extensions/pug
libuv-worker /usr/share/code/resources/app/extensions/python
libuv-worker /usr/share/code/resources/app/extensions/r
libuv-worker /usr/share/code/resources/app/extensions/razor
libuv-worker /usr/share/code/resources/app/extensions/references-view
libuv-worker /usr/share/code/resources/app/extensions/restructuredtext
libuv-worker /usr/share/code/resources/app/extensions/ruby
libuv-worker /usr/share/code/resources/app/extensions/rust
libuv-worker /usr/share/code/resources/app/extensions/scss
libuv-worker /usr/share/code/resources/app/extensions/search-result
libuv-worker /usr/share/code/resources/app/extensions/shaderlab
libuv-worker /usr/share/code/resources/app/extensions/shellscript
libuv-worker /usr/share/code/resources/app/extensions/simple-browser
libuv-worker /usr/share/code/resources/app/extensions/sql
libuv-worker /usr/share/code/resources/app/extensions/swift
libuv-worker /usr/share/code/resources/app/extensions/terminal-suggest
libuv-worker /usr/share/code/resources/app/extensions/theme-abyss
libuv-worker /usr/share/code/resources/app/extensions/theme-defaults
libuv-worker /usr/share/code/resources/app/extensions/theme-kimbie-dark
libuv-worker /usr/share/code/resources/app/extensions/theme-monokai
libuv-worker /usr/share/code/resources/app/extensions/theme-monokai-dimmed
libuv-worker /usr/share/code/resources/app/extensions/theme-quietlight
libuv-worker /usr/share/code/resources/app/extensions/theme-red
libuv-worker /usr/share/code/resources/app/extensions/theme-seti
libuv-worker /usr/share/code/resources/app/extensions/theme-solarized-dark
libuv-worker /usr/share/code/resources/app/extensions/theme-solarized-light
libuv-worker /usr/share/code/resources/app/extensions/theme-tomorrow-night-blue
libuv-worker /usr/share/code/resources/app/extensions/tunnel-forwarding
libuv-worker /usr/share/code/resources/app/extensions/typescript-basics
libuv-worker /usr/share/code/resources/app/extensions/typescript-language-features
libuv-worker /usr/share/code/resources/app/extensions/vb
libuv-worker /usr/share/code/resources/app/extensions/xml
libuv-worker /usr/share/code/resources/app/extensions/yaml
libuv-worker /usr/share/code/resources/app/extensions/TypeScriptTeam.jsts-chat-features
libuv-worker /usr/share/code/resources/app/extensions/bat
libuv-worker /usr/share/code/resources/app/extensions/clojure
libuv-worker /usr/share/code/resources/app/extensions/coffeescript
libuv-worker /usr/share/code/resources/app/extensions/configuration-editing
libuv-worker /usr/share/code/resources/app/extensions/copilot
libuv-worker /usr/share/code/resources/app/extensions/cpp
libuv-worker /usr/share/code/resources/app/extensions/csharp
libuv-worker /usr/share/code/resources/app/extensions/css
libuv-worker /usr/share/code/resources/app/extensions/css-language-features
libuv-worker /usr/share/code/resources/app/extensions/dart
libuv-worker /usr/share/code/resources/app/extensions/debug-auto-launch
libuv-worker /usr/share/code/resources/app/extensions/debug-server-ready
libuv-worker /usr/share/code/resources/app/extensions/diff
libuv-worker /usr/share/code/resources/app/extensions/docker
libuv-worker /usr/share/code/resources/app/extensions/dotenv
libuv-worker /usr/share/code/resources/app/extensions/emmet
libuv-worker /usr/share/code/resources/app/extensions/extension-editing
libuv-worker /usr/share/code/resources/app/extensions/git
libuv-worker /usr/share/code/resources/app/extensions/git-base
libuv-worker /usr/share/code/resources/app/extensions/fsharp
libuv-worker /usr/share/code/resources/app/extensions/github
libuv-worker /usr/share/code/resources/app/extensions/github-authentication
libuv-worker /usr/share/code/resources/app/extensions/go
libuv-worker /usr/share/code/resources/app/extensions/groovy
libuv-worker /usr/share/code/resources/app/extensions/grunt
libuv-worker /usr/share/code/resources/app/extensions/gulp
libuv-worker /usr/share/code/resources/app/extensions/handlebars
libuv-worker /usr/share/code/resources/app/extensions/hlsl
libuv-worker /usr/share/code/resources/app/extensions/html
libuv-worker /usr/share/code/resources/app/extensions/html-language-features
libuv-worker /usr/share/code/resources/app/extensions/ini
libuv-worker /usr/share/code/resources/app/extensions/ipynb
libuv-worker /usr/share/code/resources/app/extensions/jake
libuv-worker /usr/share/code/resources/app/extensions/java
libuv-worker /usr/share/code/resources/app/extensions/javascript
libuv-worker /usr/share/code/resources/app/extensions/json
libuv-worker /usr/share/code/resources/app/extensions/json-language-features
libuv-worker /usr/share/code/resources/app/extensions/julia
libuv-worker /usr/share/code/resources/app/extensions/latex
libuv-worker /usr/share/code/resources/app/extensions/less
libuv-worker /usr/share/code/resources/app/extensions/log
libuv-worker /usr/share/code/resources/app/extensions/lua
libuv-worker /usr/share/code/resources/app/extensions/make
libuv-worker /usr/share/code/resources/app/extensions/markdown-basics
libuv-worker /usr/share/code/resources/app/extensions/markdown-language-features
libuv-worker /usr/share/code/resources/app/extensions/markdown-math
libuv-worker /usr/share/code/resources/app/extensions/media-preview
libuv-worker /usr/share/code/resources/app/extensions/merge-conflict
libuv-worker /usr/share/code/resources/app/extensions/mermaid-chat-features
libuv-worker /usr/share/code/resources/app/extensions/ms-vscode.js-debug
libuv-worker /usr/share/code/resources/app/extensions/microsoft-authentication
libuv-worker /usr/share/code/resources/app/extensions/ms-vscode.js-debug-companion
libuv-worker /usr/share/code/resources/app/extensions/ms-vscode.vscode-js-profile-table
libuv-worker /usr/share/code/resources/app/extensions/notebook-renderers
libuv-worker /usr/share/code/resources/app/extensions/npm
libuv-worker /usr/share/code/resources/app/extensions/objective-c
libuv-worker /usr/share/code/resources/app/extensions/perl
libuv-worker /usr/share/code/resources/app/extensions/php
libuv-worker /usr/share/code/resources/app/extensions/php-language-features
libuv-worker /usr/share/code/resources/app/extensions/powershell
libuv-worker /usr/share/code/resources/app/extensions/prompt-basics
libuv-worker /usr/share/code/resources/app/extensions/pug
libuv-worker /usr/share/code/resources/app/extensions/python
libuv-worker /usr/share/code/resources/app/extensions/r
libuv-worker /usr/share/code/resources/app/extensions/razor
libuv-worker /usr/share/code/resources/app/extensions/references-view
libuv-worker /usr/share/code/resources/app/extensions/ruby
libuv-worker /usr/share/code/resources/app/extensions/restructuredtext
libuv-worker /usr/share/code/resources/app/extensions/rust
libuv-worker /usr/share/code/resources/app/extensions/search-result
libuv-worker /usr/share/code/resources/app/extensions/scss
libuv-worker /usr/share/code/resources/app/extensions/shaderlab
libuv-worker /usr/share/code/resources/app/extensions/shellscript
libuv-worker /usr/share/code/resources/app/extensions/simple-browser
libuv-worker /usr/share/code/resources/app/extensions/sql
libuv-worker /usr/share/code/resources/app/extensions/swift
libuv-worker /usr/share/code/resources/app/extensions/terminal-suggest
libuv-worker /usr/share/code/resources/app/extensions/theme-abyss
libuv-worker /usr/share/code/resources/app/extensions/theme-defaults
libuv-worker /usr/share/code/resources/app/extensions/theme-monokai
libuv-worker /usr/share/code/resources/app/extensions/theme-kimbie-dark
libuv-worker /usr/share/code/resources/app/extensions/theme-monokai-dimmed
libuv-worker /usr/share/code/resources/app/extensions/theme-quietlight
libuv-worker /usr/share/code/resources/app/extensions/theme-red
libuv-worker /usr/share/code/resources/app/extensions/theme-seti
libuv-worker /usr/share/code/resources/app/extensions/theme-solarized-dark
libuv-worker /usr/share/code/resources/app/extensions/theme-solarized-light
libuv-worker /usr/share/code/resources/app/extensions/theme-tomorrow-night-blue
libuv-worker /usr/share/code/resources/app/extensions/tunnel-forwarding
libuv-worker /usr/share/code/resources/app/extensions/typescript-basics
libuv-worker /usr/share/code/resources/app/extensions/typescript-language-features
libuv-worker /usr/share/code/resources/app/extensions/vb
libuv-worker /usr/share/code/resources/app/extensions/xml
libuv-worker /usr/share/code/resources/app/extensions/yaml
xclip /etc/ld.so.cache
xclip /lib/x86_64-linux-gnu/libXmu.so.6
xclip /lib/x86_64-linux-gnu/libX11.so.6
xclip /lib/x86_64-linux-gnu/libc.so.6
xclip /lib/x86_64-linux-gnu/libXt.so.6
xclip /lib/x86_64-linux-gnu/libXext.so.6
xclip /lib/x86_64-linux-gnu/libxcb.so.1
xclip /lib/x86_64-linux-gnu/libSM.so.6
xclip /lib/x86_64-linux-gnu/libICE.so.6
xclip /lib/x86_64-linux-gnu/libXau.so.6
xclip /lib/x86_64-linux-gnu/libXdmcp.so.6
xclip /lib/x86_64-linux-gnu/libuuid.so.1
xclip /lib/x86_64-linux-gnu/libbsd.so.0
xclip /lib/x86_64-linux-gnu/libmd.so.0
xclip /usr/share/X11/locale/locale.alias
xclip /usr/share/X11/locale/locale.dir
xclip /usr/share/X11/locale/C/XLC_LOCALE
xclip /usr/share/X11/locale/locale.alias
xclip /usr/share/X11/locale/locale.dir
code /dev/shm/.org.chromium.Chromium.LdoHJY
xclip /usr/share/X11/locale/C/XLC_LOCALE
code /dev/shm/.org.chromium.Chromium.LdoHJY
Xvfb /proc/1467/cmdline
code /dev/shm/.org.chromium.Chromium.u55ie5
code /dev/shm/.org.chromium.Chromium.u55ie5
libuv-worker /config/.config/Code/User/globalStorage/state.vscdb-journal
libuv-worker /config/.config/Code/User/globalStorage
code /dev/shm/.org.chromium.Chromium.K9Alnf
code /dev/shm/.org.chromium.Chromium.K9Alnf
code /usr/share/code/resources/app/out/vs/workbench/api/node/package.json
code /usr/share/code/resources/app/out/vs/workbench/api/package.json
code /usr/share/code/resources/app/out/vs/workbench/package.json
code /usr/share/code/resources/app/out/vs/package.json
code /usr/share/code/resources/app/out/package.json
code /usr/share/code/resources/app/out/vs/workbench/api/node/package.json
code /usr/share/code/resources/app/out/vs/workbench/api/package.json
code /usr/share/code/resources/app/out/vs/workbench/package.json
code /usr/share/code/resources/app/out/vs/package.json
code /usr/share/code/resources/app/out/package.json
code /dev/shm/.org.chromium.Chromium.JvaCZJ
code /dev/shm/.org.chromium.Chromium.JvaCZJ
code /config/.config/Code/logs/20260515T002957/window1/exthost/vscode.git/Git.log
code /config/.config/Code/logs/20260515T002957/window1/exthost/vscode.github/GitHub.log
libuv-worker /config/.config/Code/CachedProfilesData/__default__profile__/extensions.builtin.cache
libuv-worker /config/.vscode/extensions/extensions.json
code /dev/shm/.org.chromium.Chromium.yGOjn4
code /dev/shm/.org.chromium.Chromium.yGOjn4
libuv-worker /usr/share/code/resources/app/extensions/bat
libuv-worker /usr/share/code/resources/app/extensions/TypeScriptTeam.jsts-chat-features
libuv-worker /usr/share/code/resources/app/extensions/coffeescript
libuv-worker /usr/share/code/resources/app/extensions/clojure
libuv-worker /usr/share/code/resources/app/extensions/configuration-editing
libuv-worker /usr/share/code/resources/app/extensions/copilot
libuv-worker /usr/share/code/resources/app/extensions/cpp
libuv-worker /usr/share/code/resources/app/extensions/csharp
libuv-worker /usr/share/code/resources/app/extensions/css
libuv-worker /usr/share/code/resources/app/extensions/css-language-features
libuv-worker /usr/share/code/resources/app/extensions/dart
libuv-worker /usr/share/code/resources/app/extensions/debug-auto-launch
libuv-worker /usr/share/code/resources/app/extensions/debug-server-ready
libuv-worker /usr/share/code/resources/app/extensions/diff
libuv-worker /usr/share/code/resources/app/extensions/docker
libuv-worker /usr/share/code/resources/app/extensions/dotenv
libuv-worker /usr/share/code/resources/app/extensions/extension-editing
libuv-worker /usr/share/code/resources/app/extensions/emmet
libuv-worker /usr/share/code/resources/app/extensions/fsharp
libuv-worker /usr/share/code/resources/app/extensions/git
libuv-worker /usr/share/code/resources/app/extensions/git-base
libuv-worker /usr/share/code/resources/app/extensions/github
libuv-worker /usr/share/code/resources/app/extensions/go
libuv-worker /usr/share/code/resources/app/extensions/github-authentication
libuv-worker /usr/share/code/resources/app/extensions/groovy
libuv-worker /usr/share/code/resources/app/extensions/grunt
libuv-worker /usr/share/code/resources/app/extensions/gulp
libuv-worker /usr/share/code/resources/app/extensions/handlebars
libuv-worker /usr/share/code/resources/app/extensions/hlsl
libuv-worker /usr/share/code/resources/app/extensions/html
libuv-worker /usr/share/code/resources/app/extensions/html-language-features
libuv-worker /usr/share/code/resources/app/extensions/ini
libuv-worker /usr/share/code/resources/app/extensions/ipynb
libuv-worker /usr/share/code/resources/app/extensions/jake
libuv-worker /usr/share/code/resources/app/extensions/java
libuv-worker /usr/share/code/resources/app/extensions/javascript
libuv-worker /usr/share/code/resources/app/extensions/json
libuv-worker /usr/share/code/resources/app/extensions/json-language-features
libuv-worker /usr/share/code/resources/app/extensions/julia
libuv-worker /usr/share/code/resources/app/extensions/latex
libuv-worker /usr/share/code/resources/app/extensions/less
libuv-worker /usr/share/code/resources/app/extensions/log
libuv-worker /usr/share/code/resources/app/extensions/lua
libuv-worker /usr/share/code/resources/app/extensions/make
libuv-worker /usr/share/code/resources/app/extensions/markdown-basics
libuv-worker /usr/share/code/resources/app/extensions/markdown-language-features
libuv-worker /usr/share/code/resources/app/extensions/markdown-math
libuv-worker /usr/share/code/resources/app/extensions/media-preview
libuv-worker /usr/share/code/resources/app/extensions/merge-conflict
libuv-worker /usr/share/code/resources/app/extensions/mermaid-chat-features
libuv-worker /usr/share/code/resources/app/extensions/microsoft-authentication
libuv-worker /usr/share/code/resources/app/extensions/ms-vscode.js-debug
libuv-worker /usr/share/code/resources/app/extensions/ms-vscode.js-debug-companion
libuv-worker /usr/share/code/resources/app/extensions/ms-vscode.vscode-js-profile-table
libuv-worker /usr/share/code/resources/app/extensions/notebook-renderers
libuv-worker /usr/share/code/resources/app/extensions/npm
libuv-worker /usr/share/code/resources/app/extensions/objective-c
libuv-worker /usr/share/code/resources/app/extensions/perl
libuv-worker /usr/share/code/resources/app/extensions/php
libuv-worker /usr/share/code/resources/app/extensions/php-language-features
libuv-worker /usr/share/code/resources/app/extensions/powershell
libuv-worker /usr/share/code/resources/app/extensions/prompt-basics
libuv-worker /usr/share/code/resources/app/extensions/pug
libuv-worker /usr/share/code/resources/app/extensions/python
libuv-worker /usr/share/code/resources/app/extensions/r
libuv-worker /usr/share/code/resources/app/extensions/razor
libuv-worker /usr/share/code/resources/app/extensions/references-view
libuv-worker /usr/share/code/resources/app/extensions/restructuredtext
libuv-worker /usr/share/code/resources/app/extensions/ruby
libuv-worker /usr/share/code/resources/app/extensions/rust
libuv-worker /usr/share/code/resources/app/extensions/scss
libuv-worker /usr/share/code/resources/app/extensions/search-result
libuv-worker /usr/share/code/resources/app/extensions/shaderlab
libuv-worker /usr/share/code/resources/app/extensions/shellscript
libuv-worker /usr/share/code/resources/app/extensions/simple-browser
libuv-worker /usr/share/code/resources/app/extensions/sql
libuv-worker /usr/share/code/resources/app/extensions/swift
libuv-worker /usr/share/code/resources/app/extensions/terminal-suggest
libuv-worker /usr/share/code/resources/app/extensions/theme-abyss
libuv-worker /usr/share/code/resources/app/extensions/theme-defaults
libuv-worker /usr/share/code/resources/app/extensions/theme-kimbie-dark
libuv-worker /usr/share/code/resources/app/extensions/theme-monokai
libuv-worker /usr/share/code/resources/app/extensions/theme-monokai-dimmed
libuv-worker /usr/share/code/resources/app/extensions/theme-quietlight
libuv-worker /usr/share/code/resources/app/extensions/theme-red
libuv-worker /usr/share/code/resources/app/extensions/theme-seti
libuv-worker /usr/share/code/resources/app/extensions/theme-solarized-dark
libuv-worker /usr/share/code/resources/app/extensions/theme-solarized-light
libuv-worker /usr/share/code/resources/app/extensions/theme-tomorrow-night-blue
libuv-worker /usr/share/code/resources/app/extensions/tunnel-forwarding
libuv-worker /usr/share/code/resources/app/extensions/typescript-basics
libuv-worker /usr/share/code/resources/app/extensions/typescript-language-features
libuv-worker /usr/share/code/resources/app/extensions/vb
libuv-worker /usr/share/code/resources/app/extensions/xml
libuv-worker /usr/share/code/resources/app/extensions/yaml
ThreadPoolForeg /config/.icons/breeze_cursors/cursors/pointer
ThreadPoolForeg /config/.icons/breeze_cursors/index.theme
ThreadPoolForeg /usr/share/icons/breeze_cursors/cursors/pointer
code /dev/shm/.org.chromium.Chromium.1rBGuV
code /dev/shm/.org.chromium.Chromium.1rBGuV
code /usr/share/code/resources/app/extensions/debug-auto-launch/package.json
code /usr/share/code/resources/app/extensions/debug-auto-launch/dist/extension.js
code /usr/share/code/resources/app/extensions/merge-conflict/package.json
code /usr/share/code/resources/app/extensions/merge-conflict/dist/mergeConflictMain.js
libuv-worker /config/.config/Code/CachedProfilesData/__default__profile__/extensions.builtin.cache
libuv-worker /config/.vscode/extensions/extensions.json
code /dev/shm/.org.chromium.Chromium.0aHRkp
code /dev/shm/.org.chromium.Chromium.0aHRkp
libuv-worker /usr/share/code/resources/app/extensions/bat
libuv-worker /usr/share/code/resources/app/extensions/TypeScriptTeam.jsts-chat-features
libuv-worker /usr/share/code/resources/app/extensions/clojure
libuv-worker /usr/share/code/resources/app/extensions/coffeescript
libuv-worker /usr/share/code/resources/app/extensions/configuration-editing
libuv-worker /usr/share/code/resources/app/extensions/copilot
libuv-worker /usr/share/code/resources/app/extensions/cpp
libuv-worker /usr/share/code/resources/app/extensions/csharp
libuv-worker /usr/share/code/resources/app/extensions/css
libuv-worker /usr/share/code/resources/app/extensions/css-language-features
libuv-worker /usr/share/code/resources/app/extensions/dart
libuv-worker /usr/share/code/resources/app/extensions/debug-auto-launch
libuv-worker /usr/share/code/resources/app/extensions/debug-server-ready
libuv-worker /usr/share/code/resources/app/extensions/diff
libuv-worker /usr/share/code/resources/app/extensions/docker
libuv-worker /usr/share/code/resources/app/extensions/dotenv
libuv-worker /usr/share/code/resources/app/extensions/emmet
libuv-worker /usr/share/code/resources/app/extensions/extension-editing
libuv-worker /usr/share/code/resources/app/extensions/fsharp
libuv-worker /usr/share/code/resources/app/extensions/git
libuv-worker /usr/share/code/resources/app/extensions/git-base
libuv-worker /usr/share/code/resources/app/extensions/github
libuv-worker /usr/share/code/resources/app/extensions/github-authentication
libuv-worker /usr/share/code/resources/app/extensions/go
libuv-worker /usr/share/code/resources/app/extensions/groovy
libuv-worker /usr/share/code/resources/app/extensions/grunt
libuv-worker /usr/share/code/resources/app/extensions/gulp
libuv-worker /usr/share/code/resources/app/extensions/handlebars
libuv-worker /usr/share/code/resources/app/extensions/hlsl
libuv-worker /usr/share/code/resources/app/extensions/html
libuv-worker /usr/share/code/resources/app/extensions/html-language-features
libuv-worker /usr/share/code/resources/app/extensions/ini
libuv-worker /usr/share/code/resources/app/extensions/ipynb
libuv-worker /usr/share/code/resources/app/extensions/jake
libuv-worker /usr/share/code/resources/app/extensions/java
libuv-worker /usr/share/code/resources/app/extensions/javascript
libuv-worker /usr/share/code/resources/app/extensions/json
libuv-worker /usr/share/code/resources/app/extensions/json-language-features
libuv-worker /usr/share/code/resources/app/extensions/julia
libuv-worker /usr/share/code/resources/app/extensions/latex
libuv-worker /usr/share/code/resources/app/extensions/less
libuv-worker /usr/share/code/resources/app/extensions/log
libuv-worker /usr/share/code/resources/app/extensions/lua
libuv-worker /usr/share/code/resources/app/extensions/make
libuv-worker /usr/share/code/resources/app/extensions/markdown-basics
libuv-worker /usr/share/code/resources/app/extensions/markdown-language-features
libuv-worker /usr/share/code/resources/app/extensions/markdown-math
libuv-worker /usr/share/code/resources/app/extensions/media-preview
libuv-worker /usr/share/code/resources/app/extensions/merge-conflict
libuv-worker /usr/share/code/resources/app/extensions/mermaid-chat-features
libuv-worker /usr/share/code/resources/app/extensions/microsoft-authentication
libuv-worker /usr/share/code/resources/app/extensions/ms-vscode.js-debug
libuv-worker /usr/share/code/resources/app/extensions/ms-vscode.js-debug-companion
libuv-worker /usr/share/code/resources/app/extensions/ms-vscode.vscode-js-profile-table
libuv-worker /usr/share/code/resources/app/extensions/notebook-renderers
libuv-worker /usr/share/code/resources/app/extensions/npm
libuv-worker /usr/share/code/resources/app/extensions/objective-c
libuv-worker /usr/share/code/resources/app/extensions/perl
libuv-worker /usr/share/code/resources/app/extensions/php
libuv-worker /usr/share/code/resources/app/extensions/php-language-features
libuv-worker /usr/share/code/resources/app/extensions/powershell
libuv-worker /usr/share/code/resources/app/extensions/prompt-basics
libuv-worker /usr/share/code/resources/app/extensions/pug
libuv-worker /usr/share/code/resources/app/extensions/python
libuv-worker /usr/share/code/resources/app/extensions/r
libuv-worker /usr/share/code/resources/app/extensions/razor
libuv-worker /usr/share/code/resources/app/extensions/references-view
libuv-worker /usr/share/code/resources/app/extensions/restructuredtext
libuv-worker /usr/share/code/resources/app/extensions/ruby
libuv-worker /usr/share/code/resources/app/extensions/rust
libuv-worker /usr/share/code/resources/app/extensions/scss
libuv-worker /usr/share/code/resources/app/extensions/search-result
libuv-worker /usr/share/code/resources/app/extensions/shaderlab
libuv-worker /usr/share/code/resources/app/extensions/shellscript
libuv-worker /usr/share/code/resources/app/extensions/simple-browser
libuv-worker /usr/share/code/resources/app/extensions/sql
libuv-worker /usr/share/code/resources/app/extensions/swift
libuv-worker /usr/share/code/resources/app/extensions/terminal-suggest
libuv-worker /usr/share/code/resources/app/extensions/theme-abyss
libuv-worker /usr/share/code/resources/app/extensions/theme-defaults
libuv-worker /usr/share/code/resources/app/extensions/theme-kimbie-dark
libuv-worker /usr/share/code/resources/app/extensions/theme-monokai
libuv-worker /usr/share/code/resources/app/extensions/theme-monokai-dimmed
libuv-worker /usr/share/code/resources/app/extensions/theme-quietlight
libuv-worker /usr/share/code/resources/app/extensions/theme-red
libuv-worker /usr/share/code/resources/app/extensions/theme-seti
libuv-worker /usr/share/code/resources/app/extensions/theme-solarized-light
libuv-worker /usr/share/code/resources/app/extensions/theme-solarized-dark
libuv-worker /usr/share/code/resources/app/extensions/theme-tomorrow-night-blue
libuv-worker /usr/share/code/resources/app/extensions/tunnel-forwarding
libuv-worker /usr/share/code/resources/app/extensions/typescript-basics
libuv-worker /usr/share/code/resources/app/extensions/typescript-language-features
libuv-worker /usr/share/code/resources/app/extensions/vb
libuv-worker /usr/share/code/resources/app/extensions/yaml
libuv-worker /usr/share/code/resources/app/extensions/xml
code /dev/shm/.org.chromium.Chromium.TYvd3F
code /dev/shm/.org.chromium.Chromium.TYvd3F
libuv-worker /config/.config/Code/CachedProfilesData/__default__profile__/extensions.builtin.cache
libuv-worker /config/.vscode/extensions/extensions.json
code /dev/shm/.org.chromium.Chromium.MPjdZi
code /dev/shm/.org.chromium.Chromium.MPjdZi
libuv-worker /usr/share/code/resources/app/extensions/TypeScriptTeam.jsts-chat-features
libuv-worker /usr/share/code/resources/app/extensions/bat
libuv-worker /usr/share/code/resources/app/extensions/clojure
libuv-worker /usr/share/code/resources/app/extensions/coffeescript
libuv-worker /usr/share/code/resources/app/extensions/configuration-editing
libuv-worker /usr/share/code/resources/app/extensions/copilot
libuv-worker /usr/share/code/resources/app/extensions/cpp
libuv-worker /usr/share/code/resources/app/extensions/csharp
libuv-worker /usr/share/code/resources/app/extensions/css
libuv-worker /usr/share/code/resources/app/extensions/css-language-features
libuv-worker /usr/share/code/resources/app/extensions/dart
libuv-worker /usr/share/code/resources/app/extensions/debug-auto-launch
libuv-worker /usr/share/code/resources/app/extensions/debug-server-ready
libuv-worker /usr/share/code/resources/app/extensions/diff
libuv-worker /usr/share/code/resources/app/extensions/docker
libuv-worker /usr/share/code/resources/app/extensions/dotenv
libuv-worker /usr/share/code/resources/app/extensions/emmet
libuv-worker /usr/share/code/resources/app/extensions/fsharp
libuv-worker /usr/share/code/resources/app/extensions/extension-editing
libuv-worker /usr/share/code/resources/app/extensions/github
libuv-worker /usr/share/code/resources/app/extensions/git-base
libuv-worker /usr/share/code/resources/app/extensions/git
libuv-worker /usr/share/code/resources/app/extensions/go
libuv-worker /usr/share/code/resources/app/extensions/github-authentication
libuv-worker /usr/share/code/resources/app/extensions/groovy
libuv-worker /usr/share/code/resources/app/extensions/grunt
libuv-worker /usr/share/code/resources/app/extensions/handlebars
libuv-worker /usr/share/code/resources/app/extensions/gulp
libuv-worker /usr/share/code/resources/app/extensions/hlsl
libuv-worker /usr/share/code/resources/app/extensions/html
libuv-worker /usr/share/code/resources/app/extensions/html-language-features
libuv-worker /usr/share/code/resources/app/extensions/ini
libuv-worker /usr/share/code/resources/app/extensions/ipynb
libuv-worker /usr/share/code/resources/app/extensions/jake
libuv-worker /usr/share/code/resources/app/extensions/java
libuv-worker /usr/share/code/resources/app/extensions/javascript
libuv-worker /usr/share/code/resources/app/extensions/json
libuv-worker /usr/share/code/resources/app/extensions/json-language-features
libuv-worker /usr/share/code/resources/app/extensions/julia
libuv-worker /usr/share/code/resources/app/extensions/latex
libuv-worker /usr/share/code/resources/app/extensions/less
libuv-worker /usr/share/code/resources/app/extensions/log
libuv-worker /usr/share/code/resources/app/extensions/lua
libuv-worker /usr/share/code/resources/app/extensions/make
libuv-worker /usr/share/code/resources/app/extensions/markdown-language-features
libuv-worker /usr/share/code/resources/app/extensions/markdown-basics
libuv-worker /usr/share/code/resources/app/extensions/markdown-math
libuv-worker /usr/share/code/resources/app/extensions/media-preview
libuv-worker /usr/share/code/resources/app/extensions/merge-conflict
libuv-worker /usr/share/code/resources/app/extensions/mermaid-chat-features
libuv-worker /usr/share/code/resources/app/extensions/microsoft-authentication
libuv-worker /usr/share/code/resources/app/extensions/ms-vscode.js-debug
libuv-worker /usr/share/code/resources/app/extensions/ms-vscode.js-debug-companion
libuv-worker /usr/share/code/resources/app/extensions/ms-vscode.vscode-js-profile-table
libuv-worker /usr/share/code/resources/app/extensions/notebook-renderers
libuv-worker /usr/share/code/resources/app/extensions/npm
libuv-worker /usr/share/code/resources/app/extensions/objective-c
libuv-worker /usr/share/code/resources/app/extensions/perl
libuv-worker /usr/share/code/resources/app/extensions/php
libuv-worker /usr/share/code/resources/app/extensions/php-language-features
libuv-worker /usr/share/code/resources/app/extensions/powershell
libuv-worker /usr/share/code/resources/app/extensions/prompt-basics
libuv-worker /usr/share/code/resources/app/extensions/pug
libuv-worker /usr/share/code/resources/app/extensions/python
libuv-worker /usr/share/code/resources/app/extensions/r
libuv-worker /usr/share/code/resources/app/extensions/razor
libuv-worker /usr/share/code/resources/app/extensions/references-view
libuv-worker /usr/share/code/resources/app/extensions/restructuredtext
libuv-worker /usr/share/code/resources/app/extensions/ruby
libuv-worker /usr/share/code/resources/app/extensions/rust
libuv-worker /usr/share/code/resources/app/extensions/scss
libuv-worker /usr/share/code/resources/app/extensions/search-result
libuv-worker /usr/share/code/resources/app/extensions/shaderlab
libuv-worker /usr/share/code/resources/app/extensions/simple-browser
libuv-worker /usr/share/code/resources/app/extensions/sql
libuv-worker /usr/share/code/resources/app/extensions/swift
libuv-worker /usr/share/code/resources/app/extensions/shellscript
libuv-worker /usr/share/code/resources/app/extensions/terminal-suggest
libuv-worker /usr/share/code/resources/app/extensions/theme-abyss
libuv-worker /usr/share/code/resources/app/extensions/theme-defaults
libuv-worker /usr/share/code/resources/app/extensions/theme-kimbie-dark
libuv-worker /usr/share/code/resources/app/extensions/theme-monokai
libuv-worker /usr/share/code/resources/app/extensions/theme-monokai-dimmed
libuv-worker /usr/share/code/resources/app/extensions/theme-quietlight
libuv-worker /usr/share/code/resources/app/extensions/theme-red
libuv-worker /usr/share/code/resources/app/extensions/theme-seti
libuv-worker /usr/share/code/resources/app/extensions/theme-solarized-dark
libuv-worker /usr/share/code/resources/app/extensions/theme-solarized-light
libuv-worker /usr/share/code/resources/app/extensions/theme-tomorrow-night-blue
libuv-worker /usr/share/code/resources/app/extensions/tunnel-forwarding
libuv-worker /usr/share/code/resources/app/extensions/typescript-basics
libuv-worker /usr/share/code/resources/app/extensions/typescript-language-features
libuv-worker /usr/share/code/resources/app/extensions/vb
libuv-worker /usr/share/code/resources/app/extensions/xml
libuv-worker /usr/share/code/resources/app/extensions/yaml
code /dev/shm/.org.chromium.Chromium.XdeNem
code /dev/shm/.org.chromium.Chromium.XdeNem
libuv-worker /config/.config/Code/CachedProfilesData/__default__profile__/extensions.builtin.cache
selkies /proc/stat
selkies /proc/meminfo
libuv-worker /config/.vscode/extensions/extensions.json
code /dev/shm/.org.chromium.Chromium.15S8QO
code /dev/shm/.org.chromium.Chromium.15S8QO
libuv-worker /usr/share/code/resources/app/extensions/TypeScriptTeam.jsts-chat-features
libuv-worker /usr/share/code/resources/app/extensions/bat
libuv-worker /usr/share/code/resources/app/extensions/clojure
libuv-worker /usr/share/code/resources/app/extensions/coffeescript
libuv-worker /usr/share/code/resources/app/extensions/configuration-editing
libuv-worker /usr/share/code/resources/app/extensions/copilot
libuv-worker /usr/share/code/resources/app/extensions/cpp
libuv-worker /usr/share/code/resources/app/extensions/csharp
libuv-worker /usr/share/code/resources/app/extensions/css
libuv-worker /usr/share/code/resources/app/extensions/css-language-features
libuv-worker /usr/share/code/resources/app/extensions/dart
libuv-worker /usr/share/code/resources/app/extensions/debug-auto-launch
libuv-worker /usr/share/code/resources/app/extensions/debug-server-ready
libuv-worker /usr/share/code/resources/app/extensions/diff
libuv-worker /usr/share/code/resources/app/extensions/docker
libuv-worker /usr/share/code/resources/app/extensions/dotenv
libuv-worker /usr/share/code/resources/app/extensions/emmet
libuv-worker /usr/share/code/resources/app/extensions/extension-editing
libuv-worker /usr/share/code/resources/app/extensions/git
libuv-worker /usr/share/code/resources/app/extensions/fsharp
libuv-worker /usr/share/code/resources/app/extensions/git-base
libuv-worker /usr/share/code/resources/app/extensions/github
libuv-worker /usr/share/code/resources/app/extensions/github-authentication
libuv-worker /usr/share/code/resources/app/extensions/go
libuv-worker /usr/share/code/resources/app/extensions/groovy
libuv-worker /usr/share/code/resources/app/extensions/grunt
libuv-worker /usr/share/code/resources/app/extensions/handlebars
libuv-worker /usr/share/code/resources/app/extensions/hlsl
libuv-worker /usr/share/code/resources/app/extensions/gulp
libuv-worker /usr/share/code/resources/app/extensions/html-language-features
libuv-worker /usr/share/code/resources/app/extensions/ini
libuv-worker /usr/share/code/resources/app/extensions/ipynb
libuv-worker /usr/share/code/resources/app/extensions/jake
libuv-worker /usr/share/code/resources/app/extensions/html
libuv-worker /usr/share/code/resources/app/extensions/java
libuv-worker /usr/share/code/resources/app/extensions/json
libuv-worker /usr/share/code/resources/app/extensions/javascript
libuv-worker /usr/share/code/resources/app/extensions/julia
libuv-worker /usr/share/code/resources/app/extensions/json-language-features
libuv-worker /usr/share/code/resources/app/extensions/latex
libuv-worker /usr/share/code/resources/app/extensions/log
libuv-worker /usr/share/code/resources/app/extensions/less
libuv-worker /usr/share/code/resources/app/extensions/lua
libuv-worker /usr/share/code/resources/app/extensions/markdown-basics
libuv-worker /usr/share/code/resources/app/extensions/make
libuv-worker /usr/share/code/resources/app/extensions/media-preview
libuv-worker /usr/share/code/resources/app/extensions/markdown-language-features
libuv-worker /usr/share/code/resources/app/extensions/merge-conflict
libuv-worker /usr/share/code/resources/app/extensions/markdown-math
libuv-worker /usr/share/code/resources/app/extensions/mermaid-chat-features
libuv-worker /usr/share/code/resources/app/extensions/microsoft-authentication
libuv-worker /usr/share/code/resources/app/extensions/ms-vscode.js-debug
libuv-worker /usr/share/code/resources/app/extensions/ms-vscode.vscode-js-profile-table
libuv-worker /usr/share/code/resources/app/extensions/ms-vscode.js-debug-companion
libuv-worker /usr/share/code/resources/app/extensions/notebook-renderers
libuv-worker /usr/share/code/resources/app/extensions/objective-c
libuv-worker /usr/share/code/resources/app/extensions/npm
libuv-worker /usr/share/code/resources/app/extensions/perl
libuv-worker /usr/share/code/resources/app/extensions/php-language-features
libuv-worker /usr/share/code/resources/app/extensions/php
libuv-worker /usr/share/code/resources/app/extensions/powershell
libuv-worker /usr/share/code/resources/app/extensions/prompt-basics
libuv-worker /usr/share/code/resources/app/extensions/pug
libuv-worker /usr/share/code/resources/app/extensions/r
libuv-worker /usr/share/code/resources/app/extensions/python
libuv-worker /usr/share/code/resources/app/extensions/razor
libuv-worker /usr/share/code/resources/app/extensions/restructuredtext
libuv-worker /usr/share/code/resources/app/extensions/references-view
libuv-worker /usr/share/code/resources/app/extensions/ruby
libuv-worker /usr/share/code/resources/app/extensions/rust
libuv-worker /usr/share/code/resources/app/extensions/scss
libuv-worker /usr/share/code/resources/app/extensions/search-result
libuv-worker /usr/share/code/resources/app/extensions/shaderlab
libuv-worker /usr/share/code/resources/app/extensions/simple-browser
libuv-worker /usr/share/code/resources/app/extensions/shellscript
libuv-worker /usr/share/code/resources/app/extensions/sql
libuv-worker /usr/share/code/resources/app/extensions/terminal-suggest
libuv-worker /usr/share/code/resources/app/extensions/swift
libuv-worker /usr/share/code/resources/app/extensions/theme-defaults
libuv-worker /usr/share/code/resources/app/extensions/theme-abyss
libuv-worker /usr/share/code/resources/app/extensions/theme-kimbie-dark
libuv-worker /usr/share/code/resources/app/extensions/theme-monokai
libuv-worker /usr/share/code/resources/app/extensions/theme-monokai-dimmed
libuv-worker /usr/share/code/resources/app/extensions/theme-red
libuv-worker /usr/share/code/resources/app/extensions/theme-quietlight
libuv-worker /usr/share/code/resources/app/extensions/theme-solarized-dark
libuv-worker /usr/share/code/resources/app/extensions/theme-solarized-light
libuv-worker /usr/share/code/resources/app/extensions/theme-seti
libuv-worker /usr/share/code/resources/app/extensions/theme-tomorrow-night-blue
libuv-worker /usr/share/code/resources/app/extensions/tunnel-forwarding
libuv-worker /usr/share/code/resources/app/extensions/typescript-basics
libuv-worker /usr/share/code/resources/app/extensions/vb
libuv-worker /usr/share/code/resources/app/extensions/typescript-language-features
libuv-worker /usr/share/code/resources/app/extensions/xml
libuv-worker /usr/share/code/resources/app/extensions/yaml
code /dev/shm/.org.chromium.Chromium.yFVXp8
code /dev/shm/.org.chromium.Chromium.yFVXp8
libuv-worker /config/.config/Code/User/globalStorage/state.vscdb-journal
libuv-worker /config/.config/Code/User/workspaceStorage/1778804999111/state.vscdb-journal
libuv-worker /config/.config/Code/User/globalStorage
libuv-worker /config/.config/Code/User/workspaceStorage/1778804999111
xclip /etc/ld.so.cache
xclip /lib/x86_64-linux-gnu/libXmu.so.6
xclip /lib/x86_64-linux-gnu/libX11.so.6
xclip /lib/x86_64-linux-gnu/libc.so.6
xclip /lib/x86_64-linux-gnu/libXt.so.6
xclip /lib/x86_64-linux-gnu/libXext.so.6
xclip /lib/x86_64-linux-gnu/libxcb.so.1
xclip /lib/x86_64-linux-gnu/libSM.so.6
xclip /lib/x86_64-linux-gnu/libICE.so.6
xclip /lib/x86_64-linux-gnu/libXau.so.6
xclip /lib/x86_64-linux-gnu/libXdmcp.so.6
xclip /lib/x86_64-linux-gnu/libuuid.so.1
xclip /lib/x86_64-linux-gnu/libbsd.so.0
xclip /lib/x86_64-linux-gnu/libmd.so.0
xclip /usr/share/X11/locale/locale.alias
xclip /usr/share/X11/locale/locale.dir
xclip /usr/share/X11/locale/C/XLC_LOCALE
xclip /usr/share/X11/locale/locale.alias
xclip /usr/share/X11/locale/locale.dir
xclip /usr/share/X11/locale/C/XLC_LOCALE
Xvfb /proc/1473/cmdline
Chrome_IOThread /dev/shm/.org.chromium.Chromium.2sj1Rw
Chrome_IOThread /dev/shm/.org.chromium.Chromium.2sj1Rw
libuv-worker /config/.config/Code/User/globalStorage/storage.json.vsctmp
code /usr/share/code/resources/app/out/package.json
code /config/.config/Code/logs/20260515T002957/editSessions.log
code /dev/shm/.org.chromium.Chromium.TJUeHl
code /dev/shm/.org.chromium.Chromium.TJUeHl
libuv-worker /config/.config/Code/CachedProfilesData/__default__profile__/extensions.builtin.cache
libuv-worker /config/.vscode/extensions/extensions.json
libuv-worker /config/.config/Code/User/globalStorage/state.vscdb-journal
libuv-worker /config/.config/Code/User/workspaceStorage/1778804999111/state.vscdb-journal
code /dev/shm/.org.chromium.Chromium.TubIVN
code /dev/shm/.org.chromium.Chromium.TubIVN
libuv-worker /config/.config/Code/User/workspaceStorage/1778804999111
libuv-worker /config/.config/Code/User/globalStorage
libuv-worker /usr/share/code/resources/app/extensions/TypeScriptTeam.jsts-chat-features
libuv-worker /usr/share/code/resources/app/extensions/clojure
libuv-worker /usr/share/code/resources/app/extensions/coffeescript
libuv-worker /usr/share/code/resources/app/extensions/copilot
libuv-worker /usr/share/code/resources/app/extensions/cpp
libuv-worker /usr/share/code/resources/app/extensions/csharp
libuv-worker /usr/share/code/resources/app/extensions/css-language-features
libuv-worker /usr/share/code/resources/app/extensions/configuration-editing
libuv-worker /usr/share/code/resources/app/extensions/css
libuv-worker /usr/share/code/resources/app/extensions/dart
libuv-worker /usr/share/code/resources/app/extensions/debug-auto-launch
libuv-worker /usr/share/code/resources/app/extensions/debug-server-ready
libuv-worker /usr/share/code/resources/app/extensions/diff
libuv-worker /usr/share/code/resources/app/extensions/docker
libuv-worker /usr/share/code/resources/app/extensions/bat
libuv-worker /usr/share/code/resources/app/extensions/dotenv
libuv-worker /usr/share/code/resources/app/extensions/emmet
libuv-worker /usr/share/code/resources/app/extensions/extension-editing
libuv-worker /usr/share/code/resources/app/extensions/fsharp
libuv-worker /usr/share/code/resources/app/extensions/git
libuv-worker /usr/share/code/resources/app/extensions/git-base
libuv-worker /usr/share/code/resources/app/extensions/github
libuv-worker /usr/share/code/resources/app/extensions/github-authentication
libuv-worker /usr/share/code/resources/app/extensions/go
libuv-worker /usr/share/code/resources/app/extensions/groovy
libuv-worker /usr/share/code/resources/app/extensions/grunt
libuv-worker /usr/share/code/resources/app/extensions/gulp
libuv-worker /usr/share/code/resources/app/extensions/handlebars
libuv-worker /usr/share/code/resources/app/extensions/hlsl
libuv-worker /usr/share/code/resources/app/extensions/html
libuv-worker /usr/share/code/resources/app/extensions/html-language-features
libuv-worker /usr/share/code/resources/app/extensions/ini
libuv-worker /usr/share/code/resources/app/extensions/ipynb
libuv-worker /usr/share/code/resources/app/extensions/jake
libuv-worker /usr/share/code/resources/app/extensions/java
libuv-worker /usr/share/code/resources/app/extensions/javascript
libuv-worker /usr/share/code/resources/app/extensions/json
libuv-worker /usr/share/code/resources/app/extensions/json-language-features
libuv-worker /usr/share/code/resources/app/extensions/julia
libuv-worker /usr/share/code/resources/app/extensions/latex
libuv-worker /usr/share/code/resources/app/extensions/less
libuv-worker /usr/share/code/resources/app/extensions/log
libuv-worker /usr/share/code/resources/app/extensions/lua
libuv-worker /usr/share/code/resources/app/extensions/make
libuv-worker /usr/share/code/resources/app/extensions/markdown-basics
libuv-worker /usr/share/code/resources/app/extensions/markdown-language-features
libuv-worker /usr/share/code/resources/app/extensions/markdown-math
libuv-worker /usr/share/code/resources/app/extensions/media-preview
libuv-worker /usr/share/code/resources/app/extensions/microsoft-authentication
libuv-worker /usr/share/code/resources/app/extensions/merge-conflict
libuv-worker /usr/share/code/resources/app/extensions/ms-vscode.js-debug-companion
libuv-worker /usr/share/code/resources/app/extensions/ms-vscode.js-debug
libuv-worker /usr/share/code/resources/app/extensions/mermaid-chat-features
libuv-worker /usr/share/code/resources/app/extensions/ms-vscode.vscode-js-profile-table
libuv-worker /usr/share/code/resources/app/extensions/notebook-renderers
libuv-worker /usr/share/code/resources/app/extensions/perl
libuv-worker /usr/share/code/resources/app/extensions/npm
libuv-worker /usr/share/code/resources/app/extensions/objective-c
libuv-worker /usr/share/code/resources/app/extensions/php
libuv-worker /usr/share/code/resources/app/extensions/php-language-features
libuv-worker /usr/share/code/resources/app/extensions/powershell
libuv-worker /usr/share/code/resources/app/extensions/pug
libuv-worker /usr/share/code/resources/app/extensions/prompt-basics
libuv-worker /usr/share/code/resources/app/extensions/python
libuv-worker /usr/share/code/resources/app/extensions/r
libuv-worker /usr/share/code/resources/app/extensions/razor
libuv-worker /usr/share/code/resources/app/extensions/references-view
libuv-worker /usr/share/code/resources/app/extensions/restructuredtext
libuv-worker /usr/share/code/resources/app/extensions/ruby
libuv-worker /usr/share/code/resources/app/extensions/rust
libuv-worker /usr/share/code/resources/app/extensions/scss
libuv-worker /usr/share/code/resources/app/extensions/search-result
libuv-worker /usr/share/code/resources/app/extensions/shaderlab
libuv-worker /usr/share/code/resources/app/extensions/shellscript
libuv-worker /usr/share/code/resources/app/extensions/simple-browser
libuv-worker /usr/share/code/resources/app/extensions/sql
libuv-worker /usr/share/code/resources/app/extensions/swift
libuv-worker /usr/share/code/resources/app/extensions/terminal-suggest
libuv-worker /usr/share/code/resources/app/extensions/theme-abyss
libuv-worker /usr/share/code/resources/app/extensions/theme-defaults
libuv-worker /usr/share/code/resources/app/extensions/theme-kimbie-dark
libuv-worker /usr/share/code/resources/app/extensions/theme-monokai
libuv-worker /usr/share/code/resources/app/extensions/theme-monokai-dimmed
libuv-worker /usr/share/code/resources/app/extensions/theme-quietlight
libuv-worker /usr/share/code/resources/app/extensions/theme-red
libuv-worker /usr/share/code/resources/app/extensions/theme-seti
libuv-worker /usr/share/code/resources/app/extensions/theme-solarized-dark
libuv-worker /usr/share/code/resources/app/extensions/theme-solarized-light
libuv-worker /usr/share/code/resources/app/extensions/theme-tomorrow-night-blue
libuv-worker /usr/share/code/resources/app/extensions/tunnel-forwarding
libuv-worker /usr/share/code/resources/app/extensions/typescript-basics
libuv-worker /usr/share/code/resources/app/extensions/typescript-language-features
libuv-worker /usr/share/code/resources/app/extensions/vb
libuv-worker /usr/share/code/resources/app/extensions/xml
libuv-worker /usr/share/code/resources/app/extensions/yaml
code /dev/shm/.org.chromium.Chromium.30EuNj
code /dev/shm/.org.chromium.Chromium.30EuNj
libuv-worker /usr/share/code/resources/app/out/vs/base/parts/sandbox/electron-browser/preload.js
libuv-worker /usr/share/code/resources/app/out/vs/workbench/workbench.desktop.main.js
libuv-worker /usr/share/code/resources/app/out/vs/workbench/workbench.desktop.main.css
libuv-worker /usr/share/code/resources/app/out/vs/workbench/api/node/extensionHostProcess.js
libuv-worker /usr/share/code/resources/app/out/vs/code/electron-browser/workbench/workbench.html
libuv-worker /usr/share/code/resources/app/out/vs/code/electron-browser/workbench/workbench.js
libuv-worker /usr/share/code/resources/app/out/vs/sessions/sessions.desktop.main.js
libuv-worker /usr/share/code/resources/app/out/vs/sessions/sessions.desktop.main.css
libuv-worker /usr/share/code/resources/app/out/vs/sessions/electron-browser/sessions.html
libuv-worker /usr/share/code/resources/app/out/vs/sessions/electron-browser/sessions.js
code /dev/shm/.org.chromium.Chromium.5gYVHh
code /dev/shm/.org.chromium.Chromium.5gYVHh
libuv-worker /etc/os-release
Chrome_IOThread /dev/shm/.org.chromium.Chromium.RUAEiJ
Chrome_IOThread /dev/shm/.org.chromium.Chromium.RUAEiJ
libuv-worker /config/.config/Code/CachedProfilesData/__default__profile__/extensions.builtin.cache
libuv-worker /config/.vscode/extensions/extensions.json
code /dev/shm/.org.chromium.Chromium.66PBvm
code /dev/shm/.org.chromium.Chromium.66PBvm
libuv-worker /usr/share/code/resources/app/extensions/TypeScriptTeam.jsts-chat-features
libuv-worker /usr/share/code/resources/app/extensions/bat
libuv-worker /usr/share/code/resources/app/extensions/clojure
libuv-worker /usr/share/code/resources/app/extensions/coffeescript
libuv-worker /usr/share/code/resources/app/extensions/configuration-editing
libuv-worker /usr/share/code/resources/app/extensions/copilot
libuv-worker /usr/share/code/resources/app/extensions/cpp
libuv-worker /usr/share/code/resources/app/extensions/csharp
libuv-worker /usr/share/code/resources/app/extensions/css
libuv-worker /usr/share/code/resources/app/extensions/css-language-features
libuv-worker /usr/share/code/resources/app/extensions/dart
libuv-worker /usr/share/code/resources/app/extensions/debug-auto-launch
libuv-worker /usr/share/code/resources/app/extensions/debug-server-ready
libuv-worker /usr/share/code/resources/app/extensions/diff
libuv-worker /usr/share/code/resources/app/extensions/docker
libuv-worker /usr/share/code/resources/app/extensions/dotenv
libuv-worker /usr/share/code/resources/app/extensions/emmet
libuv-worker /usr/share/code/resources/app/extensions/extension-editing
libuv-worker /usr/share/code/resources/app/extensions/fsharp
libuv-worker /usr/share/code/resources/app/extensions/git
libuv-worker /usr/share/code/resources/app/extensions/git-base
libuv-worker /usr/share/code/resources/app/extensions/github
libuv-worker /usr/share/code/resources/app/extensions/github-authentication
libuv-worker /usr/share/code/resources/app/extensions/go
libuv-worker /usr/share/code/resources/app/extensions/groovy
libuv-worker /usr/share/code/resources/app/extensions/grunt
libuv-worker /usr/share/code/resources/app/extensions/gulp
libuv-worker /usr/share/code/resources/app/extensions/handlebars
libuv-worker /usr/share/code/resources/app/extensions/hlsl
libuv-worker /usr/share/code/resources/app/extensions/html
libuv-worker /usr/share/code/resources/app/extensions/html-language-features
libuv-worker /usr/share/code/resources/app/extensions/ini
libuv-worker /usr/share/code/resources/app/extensions/ipynb
libuv-worker /usr/share/code/resources/app/extensions/jake
libuv-worker /usr/share/code/resources/app/extensions/java
libuv-worker /usr/share/code/resources/app/extensions/javascript
libuv-worker /usr/share/code/resources/app/extensions/json
libuv-worker /usr/share/code/resources/app/extensions/json-language-features
libuv-worker /usr/share/code/resources/app/extensions/julia
libuv-worker /usr/share/code/resources/app/extensions/latex
libuv-worker /usr/share/code/resources/app/extensions/less
libuv-worker /usr/share/code/resources/app/extensions/log
libuv-worker /usr/share/code/resources/app/extensions/lua
libuv-worker /usr/share/code/resources/app/extensions/make
libuv-worker /usr/share/code/resources/app/extensions/markdown-basics
libuv-worker /usr/share/code/resources/app/extensions/markdown-language-features
libuv-worker /usr/share/code/resources/app/extensions/markdown-math
libuv-worker /usr/share/code/resources/app/extensions/media-preview
libuv-worker /usr/share/code/resources/app/extensions/merge-conflict
libuv-worker /usr/share/code/resources/app/extensions/mermaid-chat-features
libuv-worker /usr/share/code/resources/app/extensions/microsoft-authentication
libuv-worker /usr/share/code/resources/app/extensions/ms-vscode.js-debug
libuv-worker /usr/share/code/resources/app/extensions/ms-vscode.js-debug-companion
libuv-worker /usr/share/code/resources/app/extensions/ms-vscode.vscode-js-profile-table
libuv-worker /usr/share/code/resources/app/extensions/notebook-renderers
libuv-worker /usr/share/code/resources/app/extensions/npm
libuv-worker /usr/share/code/resources/app/extensions/objective-c
libuv-worker /usr/share/code/resources/app/extensions/perl
libuv-worker /usr/share/code/resources/app/extensions/php
libuv-worker /usr/share/code/resources/app/extensions/php-language-features
libuv-worker /usr/share/code/resources/app/extensions/powershell
libuv-worker /usr/share/code/resources/app/extensions/prompt-basics
libuv-worker /usr/share/code/resources/app/extensions/pug
libuv-worker /usr/share/code/resources/app/extensions/python
libuv-worker /usr/share/code/resources/app/extensions/r
libuv-worker /usr/share/code/resources/app/extensions/razor
libuv-worker /usr/share/code/resources/app/extensions/references-view
libuv-worker /usr/share/code/resources/app/extensions/restructuredtext
libuv-worker /usr/share/code/resources/app/extensions/ruby
libuv-worker /usr/share/code/resources/app/extensions/rust
libuv-worker /usr/share/code/resources/app/extensions/scss
libuv-worker /usr/share/code/resources/app/extensions/search-result
libuv-worker /usr/share/code/resources/app/extensions/shaderlab
libuv-worker /usr/share/code/resources/app/extensions/shellscript
libuv-worker /usr/share/code/resources/app/extensions/simple-browser
libuv-worker /usr/share/code/resources/app/extensions/sql
libuv-worker /usr/share/code/resources/app/extensions/swift
libuv-worker /usr/share/code/resources/app/extensions/terminal-suggest
libuv-worker /usr/share/code/resources/app/extensions/theme-abyss
libuv-worker /usr/share/code/resources/app/extensions/theme-defaults
libuv-worker /usr/share/code/resources/app/extensions/theme-kimbie-dark
libuv-worker /usr/share/code/resources/app/extensions/theme-monokai
libuv-worker /usr/share/code/resources/app/extensions/theme-monokai-dimmed
libuv-worker /usr/share/code/resources/app/extensions/theme-quietlight
libuv-worker /usr/share/code/resources/app/extensions/theme-red
libuv-worker /usr/share/code/resources/app/extensions/theme-seti
libuv-worker /usr/share/code/resources/app/extensions/theme-solarized-dark
libuv-worker /usr/share/code/resources/app/extensions/theme-solarized-light
libuv-worker /usr/share/code/resources/app/extensions/theme-tomorrow-night-blue
libuv-worker /usr/share/code/resources/app/extensions/tunnel-forwarding
libuv-worker /usr/share/code/resources/app/extensions/typescript-basics
libuv-worker /usr/share/code/resources/app/extensions/typescript-language-features
libuv-worker /usr/share/code/resources/app/extensions/vb
libuv-worker /usr/share/code/resources/app/extensions/xml
libuv-worker /usr/share/code/resources/app/extensions/yaml
code /dev/shm/.org.chromium.Chromium.FsIxs4
code /dev/shm/.org.chromium.Chromium.FsIxs4
code /dev/shm/.org.chromium.Chromium.m2fwLQ
code /dev/shm/.org.chromium.Chromium.m2fwLQ
xclip /etc/ld.so.cache
xclip /lib/x86_64-linux-gnu/libXmu.so.6
xclip /lib/x86_64-linux-gnu/libX11.so.6
xclip /lib/x86_64-linux-gnu/libc.so.6
xclip /lib/x86_64-linux-gnu/libXt.so.6
xclip /lib/x86_64-linux-gnu/libXext.so.6
xclip /lib/x86_64-linux-gnu/libxcb.so.1
xclip /lib/x86_64-linux-gnu/libSM.so.6
xclip /lib/x86_64-linux-gnu/libICE.so.6
xclip /lib/x86_64-linux-gnu/libXau.so.6
xclip /lib/x86_64-linux-gnu/libXdmcp.so.6
xclip /lib/x86_64-linux-gnu/libuuid.so.1
xclip /lib/x86_64-linux-gnu/libbsd.so.0
xclip /lib/x86_64-linux-gnu/libmd.so.0
xclip /usr/share/X11/locale/locale.alias
xclip /usr/share/X11/locale/locale.dir
xclip /usr/share/X11/locale/C/XLC_LOCALE
xclip /usr/share/X11/locale/locale.alias
xclip /usr/share/X11/locale/locale.dir
xclip /usr/share/X11/locale/C/XLC_LOCALE
Xvfb /proc/1481/cmdline
libuv-worker /config/.config/Code/User/globalStorage/state.vscdb-journal
libuv-worker /config/.config/Code/User/workspaceStorage/1778804999111/state.vscdb-journal
libuv-worker /config/.config/Code/User/globalStorage
libuv-worker /config/.config/Code/User/workspaceStorage/1778804999111
Chrome_IOThread /dev/shm/.org.chromium.Chromium.oGIngM
Chrome_IOThread /dev/shm/.org.chromium.Chromium.oGIngM
code /dev/null
code-tunnel /etc/ld.so.cache
code-tunnel /lib/x86_64-linux-gnu/libgcc_s.so.1
code-tunnel /lib/x86_64-linux-gnu/librt.so.1
code-tunnel /lib/x86_64-linux-gnu/libpthread.so.0
code-tunnel /lib/x86_64-linux-gnu/libm.so.6
code-tunnel /lib/x86_64-linux-gnu/libdl.so.2
code-tunnel /lib/x86_64-linux-gnu/libc.so.6
code-tunnel /proc/self/maps
code-tunnel /proc/self/cgroup
code-tunnel /sys/fs/cgroup/cpu.max
code-tunnel /sys/devices/system/cpu/online
libuv-worker /config/.config/Code/User/workspaceStorage/1778804999111/state.vscdb-journal
libuv-worker /config/.config/Code/User/workspaceStorage/1778804999111
code-tunnel /etc/ssl/openssl.cnf
code-tunnel /etc/ssl/cert.pem
code-tunnel /usr/lib/ssl/cert.pem
code-tunnel /config/.vscode/cli/tunnel-stable.lock
dbus-daemon /run/systemd/users/911
dbus-daemon /proc/1483/cmdline
dbus-daemon /proc/self/oom_score_adj
false /etc/ld.so.cache
false /lib/x86_64-linux-gnu/libc.so.6
Chrome_ChildIOT /dev/shm/.org.chromium.Chromium.6Hh9at
ThreadPoolForeg /config/.config/Code/Cache/Cache_Data/014ee23fe2ffeba9_0
Chrome_ChildIOT /dev/shm/.org.chromium.Chromium.VRmGbH
selkies /proc/stat
selkies /proc/meminfo
plasmashell /config/.cache/plasma-svgelements.lock
plasmashell /proc/sys/kernel/random/boot_id
plasmashell /var/lib/dbus/machine-id
plasmashell /config/.cache/plasma-svgelements
plasmashell /config/.cache
ThreadPoolForeg /usr/share/fonts/truetype/ubuntu/UbuntuMono[wght].ttf
ThreadPoolForeg /dev/shm/.org.chromium.Chromium.AJvYTq
ThreadPoolForeg /usr/share/code/resources/app/out/vs/workbench/contrib/welcomeOnboarding/browser/media/theme-preview-dark-2026.svg
ThreadPoolForeg /dev/shm/.org.chromium.Chromium.1kxKUZ
ThreadPoolForeg /usr/share/code/resources/app/out/vs/workbench/contrib/welcomeOnboarding/browser/media/theme-preview-hc-dark.svg
ThreadPoolForeg /dev/shm/.org.chromium.Chromium.qGqxQl
ThreadPoolForeg /usr/share/code/resources/app/out/vs/workbench/contrib/welcomeOnboarding/browser/media/theme-preview-solarized-dark.svg
ThreadPoolForeg /dev/shm/.org.chromium.Chromium.iE45qW
ThreadPoolForeg /dev/shm/.org.chromium.Chromium.8RzO6s
ThreadPoolForeg /dev/shm/.org.chromium.Chromium.I5s9ji
ThreadPoolForeg /usr/share/code/resources/app/out/vs/workbench/contrib/welcomeOnboarding/browser/media/theme-preview-light-2026.svg
ThreadPoolForeg /usr/share/code/resources/app/out/vs/workbench/contrib/welcomeOnboarding/browser/media/theme-preview-hc-light.svg
ThreadPoolForeg /usr/share/code/resources/app/out/vs/workbench/contrib/welcomeOnboarding/browser/media/theme-preview-solarized-light.svg
xclip /etc/ld.so.cache
xclip /lib/x86_64-linux-gnu/libXmu.so.6
xclip /lib/x86_64-linux-gnu/libX11.so.6
xclip /lib/x86_64-linux-gnu/libc.so.6
xclip /lib/x86_64-linux-gnu/libXt.so.6
xclip /lib/x86_64-linux-gnu/libXext.so.6
xclip /lib/x86_64-linux-gnu/libxcb.so.1
xclip /lib/x86_64-linux-gnu/libSM.so.6
xclip /lib/x86_64-linux-gnu/libICE.so.6
xclip /lib/x86_64-linux-gnu/libXau.so.6
xclip /lib/x86_64-linux-gnu/libXdmcp.so.6
xclip /lib/x86_64-linux-gnu/libuuid.so.1
xclip /lib/x86_64-linux-gnu/libbsd.so.0
xclip /lib/x86_64-linux-gnu/libmd.so.0
xclip /usr/share/X11/locale/locale.alias
xclip /usr/share/X11/locale/locale.dir
xclip /usr/share/X11/locale/C/XLC_LOCALE
xclip /usr/share/X11/locale/locale.alias
xclip /usr/share/X11/locale/locale.dir
xclip /usr/share/X11/locale/C/XLC_LOCALE
Xvfb /proc/1507/cmdline
libuv-worker /config/.config/Code/CachedProfilesData/__default__profile__/extensions.builtin.cache
libuv-worker /config/.vscode/extensions/extensions.json
code /dev/shm/.org.chromium.Chromium.HJFjpM
code /dev/shm/.org.chromium.Chromium.HJFjpM
libuv-worker /usr/share/code/resources/app/extensions/TypeScriptTeam.jsts-chat-features
libuv-worker /usr/share/code/resources/app/extensions/coffeescript
libuv-worker /usr/share/code/resources/app/extensions/bat
libuv-worker /usr/share/code/resources/app/extensions/configuration-editing
libuv-worker /usr/share/code/resources/app/extensions/copilot
libuv-worker /usr/share/code/resources/app/extensions/clojure
libuv-worker /usr/share/code/resources/app/extensions/cpp
libuv-worker /usr/share/code/resources/app/extensions/csharp
libuv-worker /usr/share/code/resources/app/extensions/css
libuv-worker /usr/share/code/resources/app/extensions/css-language-features
libuv-worker /usr/share/code/resources/app/extensions/debug-auto-launch
libuv-worker /usr/share/code/resources/app/extensions/dart
libuv-worker /usr/share/code/resources/app/extensions/debug-server-ready
libuv-worker /usr/share/code/resources/app/extensions/diff
libuv-worker /usr/share/code/resources/app/extensions/docker
libuv-worker /usr/share/code/resources/app/extensions/dotenv
libuv-worker /usr/share/code/resources/app/extensions/emmet
libuv-worker /usr/share/code/resources/app/extensions/extension-editing
libuv-worker /usr/share/code/resources/app/extensions/fsharp
libuv-worker /usr/share/code/resources/app/extensions/git
libuv-worker /usr/share/code/resources/app/extensions/git-base
libuv-worker /usr/share/code/resources/app/extensions/github
libuv-worker /usr/share/code/resources/app/extensions/github-authentication
libuv-worker /usr/share/code/resources/app/extensions/go
libuv-worker /usr/share/code/resources/app/extensions/groovy
libuv-worker /usr/share/code/resources/app/extensions/grunt
libuv-worker /usr/share/code/resources/app/extensions/gulp
libuv-worker /usr/share/code/resources/app/extensions/handlebars
libuv-worker /usr/share/code/resources/app/extensions/hlsl
libuv-worker /usr/share/code/resources/app/extensions/html
libuv-worker /usr/share/code/resources/app/extensions/html-language-features
libuv-worker /usr/share/code/resources/app/extensions/ini
libuv-worker /usr/share/code/resources/app/extensions/ipynb
libuv-worker /usr/share/code/resources/app/extensions/jake
libuv-worker /usr/share/code/resources/app/extensions/java
libuv-worker /usr/share/code/resources/app/extensions/javascript
libuv-worker /usr/share/code/resources/app/extensions/json
libuv-worker /usr/share/code/resources/app/extensions/json-language-features
libuv-worker /usr/share/code/resources/app/extensions/julia
libuv-worker /usr/share/code/resources/app/extensions/latex
libuv-worker /usr/share/code/resources/app/extensions/less
libuv-worker /usr/share/code/resources/app/extensions/log
libuv-worker /usr/share/code/resources/app/extensions/lua
libuv-worker /usr/share/code/resources/app/extensions/make
libuv-worker /usr/share/code/resources/app/extensions/markdown-basics
libuv-worker /usr/share/code/resources/app/extensions/markdown-language-features
libuv-worker /usr/share/code/resources/app/extensions/markdown-math
libuv-worker /usr/share/code/resources/app/extensions/media-preview
libuv-worker /usr/share/code/resources/app/extensions/merge-conflict
libuv-worker /usr/share/code/resources/app/extensions/mermaid-chat-features
libuv-worker /usr/share/code/resources/app/extensions/microsoft-authentication
libuv-worker /usr/share/code/resources/app/extensions/ms-vscode.js-debug
libuv-worker /usr/share/code/resources/app/extensions/ms-vscode.js-debug-companion
libuv-worker /usr/share/code/resources/app/extensions/ms-vscode.vscode-js-profile-table
libuv-worker /usr/share/code/resources/app/extensions/notebook-renderers
libuv-worker /usr/share/code/resources/app/extensions/npm
libuv-worker /usr/share/code/resources/app/extensions/objective-c
libuv-worker /usr/share/code/resources/app/extensions/perl
libuv-worker /usr/share/code/resources/app/extensions/php
libuv-worker /usr/share/code/resources/app/extensions/php-language-features
libuv-worker /usr/share/code/resources/app/extensions/powershell
libuv-worker /usr/share/code/resources/app/extensions/prompt-basics
libuv-worker /usr/share/code/resources/app/extensions/pug
libuv-worker /usr/share/code/resources/app/extensions/python
libuv-worker /usr/share/code/resources/app/extensions/r
libuv-worker /usr/share/code/resources/app/extensions/razor
libuv-worker /usr/share/code/resources/app/extensions/references-view
libuv-worker /usr/share/code/resources/app/extensions/restructuredtext
libuv-worker /usr/share/code/resources/app/extensions/ruby
libuv-worker /usr/share/code/resources/app/extensions/rust
libuv-worker /usr/share/code/resources/app/extensions/scss
libuv-worker /usr/share/code/resources/app/extensions/search-result
libuv-worker /usr/share/code/resources/app/extensions/shaderlab
libuv-worker /usr/share/code/resources/app/extensions/shellscript
libuv-worker /usr/share/code/resources/app/extensions/simple-browser
libuv-worker /usr/share/code/resources/app/extensions/sql
libuv-worker /usr/share/code/resources/app/extensions/swift
libuv-worker /usr/share/code/resources/app/extensions/terminal-suggest
libuv-worker /usr/share/code/resources/app/extensions/theme-abyss
libuv-worker /usr/share/code/resources/app/extensions/theme-defaults
libuv-worker /usr/share/code/resources/app/extensions/theme-kimbie-dark
libuv-worker /usr/share/code/resources/app/extensions/theme-monokai
libuv-worker /usr/share/code/resources/app/extensions/theme-monokai-dimmed
libuv-worker /usr/share/code/resources/app/extensions/theme-quietlight
libuv-worker /usr/share/code/resources/app/extensions/theme-red
libuv-worker /usr/share/code/resources/app/extensions/theme-seti
libuv-worker /usr/share/code/resources/app/extensions/theme-solarized-dark
libuv-worker /usr/share/code/resources/app/extensions/theme-solarized-light
libuv-worker /usr/share/code/resources/app/extensions/theme-tomorrow-night-blue
libuv-worker /usr/share/code/resources/app/extensions/tunnel-forwarding
libuv-worker /usr/share/code/resources/app/extensions/typescript-basics
libuv-worker /usr/share/code/resources/app/extensions/typescript-language-features
libuv-worker /usr/share/code/resources/app/extensions/vb
libuv-worker /usr/share/code/resources/app/extensions/xml
libuv-worker /usr/share/code/resources/app/extensions/yaml
code /dev/shm/.org.chromium.Chromium.L0CFh5
code /dev/shm/.org.chromium.Chromium.L0CFh5
Chrome_ChildIOT /dev/shm/.org.chromium.Chromium.Nefb5A
libuv-worker /config/.config/Code/User/settings.json
libuv-worker /config/.vscode/extensions/extensions.json
Chrome_IOThread /dev/shm/.org.chromium.Chromium.CfVkRS
ThreadPoolSingl /proc/1219/task
ThreadPoolSingl /proc/1219/task/1219/status
ThreadPoolSingl /proc/1219/task/1236/status
ThreadPoolSingl /proc/1219/task/1237/status
ThreadPoolSingl /proc/1219/task/1238/status
ThreadPoolSingl /proc/1219/task/1239/status
ThreadPoolSingl /proc/1219/task/1240/status
ThreadPoolSingl /proc/1219/task/1249/status
ThreadPoolSingl /proc/1219/task/1250/status
ThreadPoolSingl /proc/1219/task/1259/status
ThreadPoolSingl /proc/1219/task/1334/status
ThreadPoolSingl /proc/1219/task/1336/status
ThreadPoolSingl /proc/1219/task/1337/status
ThreadPoolSingl /proc/1219/task/1338/status
ThreadPoolSingl /proc/1219/task/1339/status
ThreadPoolSingl /proc/1219/task/1340/status
ThreadPoolSingl /proc/1219/task/1381/status
ThreadPoolSingl /proc/1219/task/1414/status
ThreadPoolSingl /proc/1219/task/1415/status
ThreadPoolSingl /proc/1219/task/1416/status
ThreadPoolSingl /proc/1219/task/1417/status
ThreadPoolSingl /proc/1219/task/1418/status
ThreadPoolSingl /proc/1219/task/1419/status
ThreadPoolSingl /proc/1219/task/1464/status
ThreadPoolSingl /proc/1219/task/1511/status
libuv-worker /config/.config/Code/CachedProfilesData/__default__profile__/extensions.builtin.cache
libuv-worker /config/.vscode/extensions/extensions.json
code /dev/shm/.org.chromium.Chromium.DIVi0K
code /dev/shm/.org.chromium.Chromium.DIVi0K
libuv-worker /usr/share/code/resources/app/extensions
libuv-worker /usr/share/code/resources/app/extensions/TypeScriptTeam.jsts-chat-features/package.json
libuv-worker /usr/share/code/resources/app/extensions/bat/package.json
libuv-worker /usr/share/code/resources/app/extensions/clojure/package.json
libuv-worker /usr/share/code/resources/app/extensions/coffeescript/package.json
libuv-worker /usr/share/code/resources/app/extensions/configuration-editing/package.json
libuv-worker /usr/share/code/resources/app/extensions/copilot/package.json
libuv-worker /usr/share/code/resources/app/extensions/cpp/package.json
libuv-worker /usr/share/code/resources/app/extensions/csharp/package.json
libuv-worker /usr/share/code/resources/app/extensions/css/package.json
libuv-worker /usr/share/code/resources/app/extensions/css-language-features/package.json
libuv-worker /usr/share/code/resources/app/extensions/dart/package.json
libuv-worker /usr/share/code/resources/app/extensions/debug-auto-launch/package.json
libuv-worker /usr/share/code/resources/app/extensions/debug-server-ready/package.json
libuv-worker /usr/share/code/resources/app/extensions/diff/package.json
libuv-worker /usr/share/code/resources/app/extensions/docker/package.json
libuv-worker /usr/share/code/resources/app/extensions/dotenv/package.json
libuv-worker /usr/share/code/resources/app/extensions/emmet/package.json
libuv-worker /usr/share/code/resources/app/extensions/extension-editing/package.json
libuv-worker /usr/share/code/resources/app/extensions/fsharp/package.json
libuv-worker /usr/share/code/resources/app/extensions/git/package.json
libuv-worker /usr/share/code/resources/app/extensions/git-base/package.json
libuv-worker /usr/share/code/resources/app/extensions/github/package.json
libuv-worker /usr/share/code/resources/app/extensions/github-authentication/package.json
libuv-worker /usr/share/code/resources/app/extensions/go/package.json
libuv-worker /usr/share/code/resources/app/extensions/groovy/package.json
libuv-worker /usr/share/code/resources/app/extensions/grunt/package.json
libuv-worker /usr/share/code/resources/app/extensions/gulp/package.json
libuv-worker /usr/share/code/resources/app/extensions/handlebars/package.json
libuv-worker /usr/share/code/resources/app/extensions/hlsl/package.json
libuv-worker /usr/share/code/resources/app/extensions/html/package.json
libuv-worker /usr/share/code/resources/app/extensions/html-language-features/package.json
libuv-worker /usr/share/code/resources/app/extensions/ini/package.json
libuv-worker /usr/share/code/resources/app/extensions/ipynb/package.json
libuv-worker /usr/share/code/resources/app/extensions/jake/package.json
libuv-worker /usr/share/code/resources/app/extensions/java/package.json
libuv-worker /usr/share/code/resources/app/extensions/javascript/package.json
libuv-worker /usr/share/code/resources/app/extensions/json/package.json
libuv-worker /usr/share/code/resources/app/extensions/json-language-features/package.json
libuv-worker /usr/share/code/resources/app/extensions/julia/package.json
libuv-worker /usr/share/code/resources/app/extensions/latex/package.json
libuv-worker /usr/share/code/resources/app/extensions/less/package.json
libuv-worker /usr/share/code/resources/app/extensions/log/package.json
libuv-worker /usr/share/code/resources/app/extensions/lua/package.json
libuv-worker /usr/share/code/resources/app/extensions/make/package.json
libuv-worker /usr/share/code/resources/app/extensions/markdown-basics/package.json
libuv-worker /usr/share/code/resources/app/extensions/markdown-language-features/package.json
libuv-worker /usr/share/code/resources/app/extensions/markdown-math/package.json
libuv-worker /usr/share/code/resources/app/extensions/media-preview/package.json
libuv-worker /usr/share/code/resources/app/extensions/merge-conflict/package.json
libuv-worker /usr/share/code/resources/app/extensions/mermaid-chat-features/package.json
libuv-worker /usr/share/code/resources/app/extensions/microsoft-authentication/package.json
libuv-worker /usr/share/code/resources/app/extensions/ms-vscode.js-debug/package.json
libuv-worker /usr/share/code/resources/app/extensions/ms-vscode.js-debug-companion/package.json
libuv-worker /usr/share/code/resources/app/extensions/ms-vscode.vscode-js-profile-table/package.json
libuv-worker /usr/share/code/resources/app/extensions/node_modules/package.json
libuv-worker /usr/share/code/resources/app/extensions/notebook-renderers/package.json
libuv-worker /usr/share/code/resources/app/extensions/npm/package.json
libuv-worker /usr/share/code/resources/app/extensions/objective-c/package.json
libuv-worker /usr/share/code/resources/app/extensions/perl/package.json
libuv-worker /usr/share/code/resources/app/extensions/php/package.json
libuv-worker /usr/share/code/resources/app/extensions/php-language-features/package.json
libuv-worker /usr/share/code/resources/app/extensions/powershell/package.json
libuv-worker /usr/share/code/resources/app/extensions/prompt-basics/package.json
libuv-worker /usr/share/code/resources/app/extensions/pug/package.json
libuv-worker /usr/share/code/resources/app/extensions/python/package.json
libuv-worker /usr/share/code/resources/app/extensions/r/package.json
libuv-worker /usr/share/code/resources/app/extensions/razor/package.json
libuv-worker /usr/share/code/resources/app/extensions/references-view/package.json
libuv-worker /usr/share/code/resources/app/extensions/restructuredtext/package.json
libuv-worker /usr/share/code/resources/app/extensions/ruby/package.json
libuv-worker /usr/share/code/resources/app/extensions/rust/package.json
libuv-worker /usr/share/code/resources/app/extensions/scss/package.json
libuv-worker /usr/share/code/resources/app/extensions/search-result/package.json
libuv-worker /usr/share/code/resources/app/extensions/shaderlab/package.json
libuv-worker /usr/share/code/resources/app/extensions/shellscript/package.json
libuv-worker /usr/share/code/resources/app/extensions/simple-browser/package.json
libuv-worker /usr/share/code/resources/app/extensions/sql/package.json
libuv-worker /usr/share/code/resources/app/extensions/swift/package.json
libuv-worker /usr/share/code/resources/app/extensions/terminal-suggest/package.json
libuv-worker /usr/share/code/resources/app/extensions/theme-abyss/package.json
libuv-worker /usr/share/code/resources/app/extensions/theme-defaults/package.json
libuv-worker /usr/share/code/resources/app/extensions/theme-kimbie-dark/package.json
libuv-worker /usr/share/code/resources/app/extensions/theme-quietlight/package.json
libuv-worker /usr/share/code/resources/app/extensions/theme-monokai/package.json
libuv-worker /usr/share/code/resources/app/extensions/theme-monokai-dimmed/package.json
libuv-worker /usr/share/code/resources/app/extensions/theme-seti/package.json
libuv-worker /usr/share/code/resources/app/extensions/theme-solarized-dark/package.json
libuv-worker /usr/share/code/resources/app/extensions/theme-red/package.json
libuv-worker /usr/share/code/resources/app/extensions/theme-solarized-light/package.json
libuv-worker /usr/share/code/resources/app/extensions/theme-tomorrow-night-blue/package.json
libuv-worker /usr/share/code/resources/app/extensions/tunnel-forwarding/package.json
libuv-worker /usr/share/code/resources/app/extensions/typescript-basics/package.json
libuv-worker /usr/share/code/resources/app/extensions/typescript-language-features/package.json
libuv-worker /usr/share/code/resources/app/extensions/vb/package.json
libuv-worker /usr/share/code/resources/app/extensions/xml/package.json
libuv-worker /usr/share/code/resources/app/extensions/yaml/package.json
libuv-worker /usr/share/code/resources/app/extensions/bat/package.nls.json
libuv-worker /usr/share/code/resources/app/extensions/clojure/package.nls.json
libuv-worker /usr/share/code/resources/app/extensions/coffeescript/package.nls.json
libuv-worker /usr/share/code/resources/app/extensions/configuration-editing/package.nls.json
libuv-worker /usr/share/code/resources/app/extensions/cpp/package.nls.json
libuv-worker /usr/share/code/resources/app/extensions/csharp/package.nls.json
libuv-worker /usr/share/code/resources/app/extensions/copilot/package.nls.json
libuv-worker /usr/share/code/resources/app/extensions/css/package.nls.json
libuv-worker /usr/share/code/resources/app/extensions/dart/package.nls.json
libuv-worker /usr/share/code/resources/app/extensions/css-language-features/package.nls.json
libuv-worker /usr/share/code/resources/app/extensions/debug-server-ready/package.nls.json
libuv-worker /usr/share/code/resources/app/extensions/diff/package.nls.json
libuv-worker /usr/share/code/resources/app/extensions/docker/package.nls.json
libuv-worker /usr/share/code/resources/app/extensions/extension-editing/package.nls.json
libuv-worker /usr/share/code/resources/app/extensions/dotenv/package.nls.json
libuv-worker /usr/share/code/resources/app/extensions/debug-auto-launch/package.nls.json
libuv-worker /usr/share/code/resources/app/extensions/fsharp/package.nls.json
libuv-worker /usr/share/code/resources/app/extensions/git-base/package.nls.json
libuv-worker /usr/share/code/resources/app/extensions/go/package.nls.json
libuv-worker /usr/share/code/resources/app/extensions/emmet/package.nls.json
libuv-worker /usr/share/code/resources/app/extensions/github/package.nls.json
libuv-worker /usr/share/code/resources/app/extensions/git/package.nls.json
libuv-worker /usr/share/code/resources/app/extensions/github-authentication/package.nls.json
libuv-worker /usr/share/code/resources/app/extensions/groovy/package.nls.json
libuv-worker /usr/share/code/resources/app/extensions/grunt/package.nls.json
libuv-worker /usr/share/code/resources/app/extensions/gulp/package.nls.json
libuv-worker /usr/share/code/resources/app/extensions/html/package.nls.json
libuv-worker /usr/share/code/resources/app/extensions/handlebars/package.nls.json
libuv-worker /usr/share/code/resources/app/extensions/html-language-features/package.nls.json
libuv-worker /usr/share/code/resources/app/extensions/hlsl/package.nls.json
libuv-worker /usr/share/code/resources/app/extensions/ini/package.nls.json
libuv-worker /usr/share/code/resources/app/extensions/ipynb/package.nls.json
libuv-worker /usr/share/code/resources/app/extensions/jake/package.nls.json
libuv-worker /usr/share/code/resources/app/extensions/java/package.nls.json
libuv-worker /usr/share/code/resources/app/extensions/javascript/package.nls.json
libuv-worker /usr/share/code/resources/app/extensions/json/package.nls.json
libuv-worker /usr/share/code/resources/app/extensions/json-language-features/package.nls.json
libuv-worker /usr/share/code/resources/app/extensions/julia/package.nls.json
libuv-worker /usr/share/code/resources/app/extensions/latex/package.nls.json
libuv-worker /config/.vscode/argv.json
libuv-worker /usr/share/code/resources/app/extensions/less/package.nls.json
libuv-worker /usr/share/code/resources/app/extensions/log/package.nls.json
libuv-worker /usr/share/code/resources/app/extensions/lua/package.nls.json
libuv-worker /usr/share/code/resources/app/extensions/make/package.nls.json
libuv-worker /usr/share/code/resources/app/extensions/markdown-basics/package.nls.json
libuv-worker /usr/share/code/resources/app/extensions/markdown-language-features/package.nls.json
libuv-worker /usr/share/code/resources/app/extensions/media-preview/package.nls.json
libuv-worker /usr/share/code/resources/app/extensions/markdown-math/package.nls.json
libuv-worker /usr/share/code/resources/app/extensions/merge-conflict/package.nls.json
libuv-worker /usr/share/code/resources/app/extensions/microsoft-authentication/package.nls.json
libuv-worker /usr/share/code/resources/app/extensions/mermaid-chat-features/package.nls.json
libuv-worker /usr/share/code/resources/app/extensions/notebook-renderers/package.nls.json
libuv-worker /usr/share/code/resources/app/extensions/npm/package.nls.json
libuv-worker /usr/share/code/resources/app/extensions/objective-c/package.nls.json
libuv-worker /usr/share/code/resources/app/extensions/php/package.nls.json
libuv-worker /usr/share/code/resources/app/extensions/perl/package.nls.json
libuv-worker /usr/share/code/resources/app/extensions/php-language-features/package.nls.json
libuv-worker /usr/share/code/resources/app/extensions/powershell/package.nls.json
libuv-worker /usr/share/code/resources/app/extensions/r/package.nls.json
libuv-worker /usr/share/code/resources/app/extensions/python/package.nls.json
libuv-worker /usr/share/code/resources/app/extensions/pug/package.nls.json
libuv-worker /usr/share/code/resources/app/extensions/prompt-basics/package.nls.json
libuv-worker /usr/share/code/resources/app/extensions/razor/package.nls.json
libuv-worker /usr/share/code/resources/app/extensions/ms-vscode.js-debug/package.nls.json
libuv-worker /usr/share/code/resources/app/extensions/ruby/package.nls.json
libuv-worker /usr/share/code/resources/app/extensions/references-view/package.nls.json
libuv-worker /usr/share/code/resources/app/extensions/restructuredtext/package.nls.json
libuv-worker /usr/share/code/resources/app/extensions/scss/package.nls.json
libuv-worker /usr/share/code/resources/app/extensions/search-result/package.nls.json
libuv-worker /usr/share/code/resources/app/extensions/rust/package.nls.json
libuv-worker /usr/share/code/resources/app/extensions/shaderlab/package.nls.json
libuv-worker /usr/share/code/resources/app/extensions/shellscript/package.nls.json
libuv-worker /usr/share/code/resources/app/extensions/simple-browser/package.nls.json
libuv-worker /usr/share/code/resources/app/extensions/sql/package.nls.json
libuv-worker /usr/share/code/resources/app/extensions/terminal-suggest/package.nls.json
libuv-worker /usr/share/code/resources/app/extensions/swift/package.nls.json
libuv-worker /usr/share/code/resources/app/extensions/theme-abyss/package.nls.json
libuv-worker /usr/share/code/resources/app/extensions/theme-kimbie-dark/package.nls.json
libuv-worker /usr/share/code/resources/app/extensions/theme-defaults/package.nls.json
libuv-worker /usr/share/code/resources/app/extensions/theme-monokai/package.nls.json
libuv-worker /usr/share/code/resources/app/extensions/theme-quietlight/package.nls.json
libuv-worker /usr/share/code/resources/app/extensions/theme-seti/package.nls.json
libuv-worker /usr/share/code/resources/app/extensions/theme-monokai-dimmed/package.nls.json
libuv-worker /usr/share/code/resources/app/extensions/theme-solarized-dark/package.nls.json
libuv-worker /usr/share/code/resources/app/extensions/theme-red/package.nls.json
libuv-worker /usr/share/code/resources/app/extensions/theme-solarized-light/package.nls.json
libuv-worker /usr/share/code/resources/app/extensions/theme-tomorrow-night-blue/package.nls.json
libuv-worker /usr/share/code/resources/app/extensions/tunnel-forwarding/package.nls.json
libuv-worker /usr/share/code/resources/app/extensions/vb/package.nls.json
libuv-worker /usr/share/code/resources/app/extensions/typescript-basics/package.nls.json
libuv-worker /usr/share/code/resources/app/extensions/typescript-language-features/package.nls.json
libuv-worker /usr/share/code/resources/app/extensions/yaml/package.nls.json
libuv-worker /usr/share/code/resources/app/extensions/xml/package.nls.json
Chrome_ChildIOT /dev/shm/.org.chromium.Chromium.37TLvX
code /dev/shm/.org.chromium.Chromium.gRQyPV
code /dev/shm/.org.chromium.Chromium.gRQyPV
libuv-worker /config/.config/Code/CachedProfilesData/__default__profile__/extensions.builtin.cache
libuv-worker /usr/share/code/resources/app/extensions/TypeScriptTeam.jsts-chat-features
libuv-worker /usr/share/code/resources/app/extensions/bat
libuv-worker /usr/share/code/resources/app/extensions/coffeescript
libuv-worker /usr/share/code/resources/app/extensions/configuration-editing
libuv-worker /usr/share/code/resources/app/extensions/clojure
libuv-worker /usr/share/code/resources/app/extensions/copilot
libuv-worker /usr/share/code/resources/app/extensions/csharp
libuv-worker /usr/share/code/resources/app/extensions/css-language-features
libuv-worker /usr/share/code/resources/app/extensions/cpp
libuv-worker /usr/share/code/resources/app/extensions/css
libuv-worker /usr/share/code/resources/app/extensions/dart
libuv-worker /usr/share/code/resources/app/extensions/debug-auto-launch
libuv-worker /usr/share/code/resources/app/extensions/debug-server-ready
libuv-worker /usr/share/code/resources/app/extensions/diff
libuv-worker /usr/share/code/resources/app/extensions/dotenv
libuv-worker /usr/share/code/resources/app/extensions/docker
libuv-worker /usr/share/code/resources/app/extensions/extension-editing
libuv-worker /usr/share/code/resources/app/extensions/emmet
libuv-worker /usr/share/code/resources/app/extensions/fsharp
libuv-worker /usr/share/code/resources/app/extensions/git
libuv-worker /usr/share/code/resources/app/extensions/github-authentication
libuv-worker /usr/share/code/resources/app/extensions/git-base
libuv-worker /usr/share/code/resources/app/extensions/github
libuv-worker /usr/share/code/resources/app/extensions/groovy
libuv-worker /usr/share/code/resources/app/extensions/grunt
libuv-worker /usr/share/code/resources/app/extensions/go
libuv-worker /usr/share/code/resources/app/extensions/gulp
libuv-worker /usr/share/code/resources/app/extensions/handlebars
libuv-worker /usr/share/code/resources/app/extensions/hlsl
libuv-worker /usr/share/code/resources/app/extensions/html
libuv-worker /usr/share/code/resources/app/extensions/ini
libuv-worker /usr/share/code/resources/app/extensions/ipynb
libuv-worker /usr/share/code/resources/app/extensions/html-language-features
libuv-worker /usr/share/code/resources/app/extensions/java
libuv-worker /usr/share/code/resources/app/extensions/javascript
libuv-worker /usr/share/code/resources/app/extensions/jake
libuv-worker /usr/share/code/resources/app/extensions/json
libuv-worker /usr/share/code/resources/app/extensions/json-language-features
libuv-worker /usr/share/code/resources/app/extensions/julia
libuv-worker /usr/share/code/resources/app/extensions/latex
libuv-worker /usr/share/code/resources/app/extensions/less
libuv-worker /usr/share/code/resources/app/extensions/log
libuv-worker /usr/share/code/resources/app/extensions/markdown-basics
libuv-worker /usr/share/code/resources/app/extensions/lua
libuv-worker /usr/share/code/resources/app/extensions/make
libuv-worker /usr/share/code/resources/app/extensions/markdown-language-features
libuv-worker /usr/share/code/resources/app/extensions/markdown-math
libuv-worker /usr/share/code/resources/app/extensions/media-preview
libuv-worker /usr/share/code/resources/app/extensions/merge-conflict
libuv-worker /usr/share/code/resources/app/extensions/mermaid-chat-features
libuv-worker /usr/share/code/resources/app/extensions/microsoft-authentication
libuv-worker /usr/share/code/resources/app/extensions/ms-vscode.js-debug
libuv-worker /usr/share/code/resources/app/extensions/ms-vscode.js-debug-companion
libuv-worker /usr/share/code/resources/app/extensions/ms-vscode.vscode-js-profile-table
libuv-worker /usr/share/code/resources/app/extensions/objective-c
libuv-worker /usr/share/code/resources/app/extensions/notebook-renderers
libuv-worker /usr/share/code/resources/app/extensions/npm
libuv-worker /usr/share/code/resources/app/extensions/perl
libuv-worker /usr/share/code/resources/app/extensions/php
libuv-worker /usr/share/code/resources/app/extensions/php-language-features
libuv-worker /usr/share/code/resources/app/extensions/powershell
libuv-worker /usr/share/code/resources/app/extensions/prompt-basics
libuv-worker /usr/share/code/resources/app/extensions/pug
libuv-worker /usr/share/code/resources/app/extensions/python
libuv-worker /usr/share/code/resources/app/extensions/r
libuv-worker /usr/share/code/resources/app/extensions/razor
libuv-worker /usr/share/code/resources/app/extensions/references-view
libuv-worker /usr/share/code/resources/app/extensions/restructuredtext
libuv-worker /usr/share/code/resources/app/extensions/ruby
libuv-worker /usr/share/code/resources/app/extensions/rust
libuv-worker /usr/share/code/resources/app/extensions/scss
libuv-worker /usr/share/code/resources/app/extensions/search-result
libuv-worker /usr/share/code/resources/app/extensions/shaderlab
libuv-worker /usr/share/code/resources/app/extensions/shellscript
libuv-worker /usr/share/code/resources/app/extensions/simple-browser
libuv-worker /usr/share/code/resources/app/extensions/sql
libuv-worker /usr/share/code/resources/app/extensions/swift
libuv-worker /usr/share/code/resources/app/extensions/terminal-suggest
libuv-worker /usr/share/code/resources/app/extensions/theme-abyss
libuv-worker /usr/share/code/resources/app/extensions/theme-monokai
libuv-worker /usr/share/code/resources/app/extensions/theme-defaults
libuv-worker /usr/share/code/resources/app/extensions/theme-monokai-dimmed
libuv-worker /usr/share/code/resources/app/extensions/theme-kimbie-dark
libuv-worker /usr/share/code/resources/app/extensions/theme-quietlight
libuv-worker /usr/share/code/resources/app/extensions/theme-seti
libuv-worker /usr/share/code/resources/app/extensions/theme-solarized-light
libuv-worker /usr/share/code/resources/app/extensions/theme-red
libuv-worker /usr/share/code/resources/app/extensions/theme-solarized-dark
libuv-worker /usr/share/code/resources/app/extensions/theme-tomorrow-night-blue
libuv-worker /usr/share/code/resources/app/extensions/tunnel-forwarding
libuv-worker /usr/share/code/resources/app/extensions/typescript-basics
libuv-worker /usr/share/code/resources/app/extensions/typescript-language-features
libuv-worker /usr/share/code/resources/app/extensions/vb
libuv-worker /usr/share/code/resources/app/extensions/xml
libuv-worker /usr/share/code/resources/app/extensions/yaml
libuv-worker /config/.config/Code/User/globalStorage/state.vscdb-journal
libuv-worker /config/.config/Code/User/globalStorage
xclip /etc/ld.so.cache
xclip /lib/x86_64-linux-gnu/libXmu.so.6
xclip /lib/x86_64-linux-gnu/libX11.so.6
xclip /lib/x86_64-linux-gnu/libc.so.6
xclip /lib/x86_64-linux-gnu/libXt.so.6
xclip /lib/x86_64-linux-gnu/libXext.so.6
xclip /lib/x86_64-linux-gnu/libxcb.so.1
xclip /lib/x86_64-linux-gnu/libSM.so.6
xclip /lib/x86_64-linux-gnu/libICE.so.6
xclip /lib/x86_64-linux-gnu/libXau.so.6
xclip /lib/x86_64-linux-gnu/libXdmcp.so.6
xclip /lib/x86_64-linux-gnu/libuuid.so.1
xclip /lib/x86_64-linux-gnu/libbsd.so.0
xclip /lib/x86_64-linux-gnu/libmd.so.0
code /etc/ssl/cert.pem
code /etc/ssl/certs
xclip /usr/share/X11/locale/locale.alias
xclip /usr/share/X11/locale/locale.dir
xclip /usr/share/X11/locale/C/XLC_LOCALE
xclip /usr/share/X11/locale/locale.alias
code /etc/ssl/certs/002c0b4f.0
code /etc/ssl/certs/0179095f.0
xclip /usr/share/X11/locale/locale.dir
xclip /usr/share/X11/locale/C/XLC_LOCALE
code /etc/ssl/certs/02265526.0
Xvfb /proc/1514/cmdline
code /etc/ssl/certs/062cdee6.0
code /etc/ssl/certs/064e0aa9.0
code /etc/ssl/certs/06dc52d5.0
code /etc/ssl/certs/08063a00.0
code /etc/ssl/certs/09789157.0
code /etc/ssl/certs/0a775a30.0
code /etc/ssl/certs/0b1b94ef.0
code /etc/ssl/certs/0b9bc432.0
code /etc/ssl/certs/0bf05006.0
code /etc/ssl/certs/0f5dc4f3.0
code /etc/ssl/certs/0f6fa695.0
code /etc/ssl/certs/1001acf7.0
code /etc/ssl/certs/106f3e4d.0
code /etc/ssl/certs/14bc7599.0
code /etc/ssl/certs/18856ac4.0
code /etc/ssl/certs/1cef98f5.0
code /etc/ssl/certs/1d3472b9.0
code /etc/ssl/certs/1e08bfd1.0
code /etc/ssl/certs/1e09d511.0
code /etc/ssl/certs/228f89db.0
code /etc/ssl/certs/244b5494.0
code /etc/ssl/certs/2923b3f9.0
code /etc/ssl/certs/2ae6433e.0
code /etc/ssl/certs/2b349938.0
code /etc/ssl/certs/32888f65.0
code /etc/ssl/certs/3513523f.0
code /etc/ssl/certs/3bde41ac.0
code /etc/ssl/certs/3e359ba6.0
code /etc/ssl/certs/3fb36b73.0
code /etc/ssl/certs/40193066.0
code /etc/ssl/certs/4042bcee.0
code /etc/ssl/certs/40547a79.0
code /etc/ssl/certs/406c9bb1.0
code /etc/ssl/certs/48bec511.0
code /etc/ssl/certs/4b718d9b.0
code /etc/ssl/certs/4bfab552.0
code /etc/ssl/certs/4f316efb.0
code /etc/ssl/certs/4fd49c6c.0
code /etc/ssl/certs/5443e9e3.0
code /etc/ssl/certs/54657681.0
code /etc/ssl/certs/57bcb2da.0
code /etc/ssl/certs/5860aaa6.0
code /etc/ssl/certs/5931b5bc.0
code /etc/ssl/certs/5ad8a5d6.0
code /etc/ssl/certs/5cd81ad7.0
code /etc/ssl/certs/5e98733a.0
code /etc/ssl/certs/5f15c80c.0
code /etc/ssl/certs/5f618aec.0
code /etc/ssl/certs/607986c7.0
code /etc/ssl/certs/626dceaf.0
code /etc/ssl/certs/653b494a.0
code /etc/ssl/certs/68dd7389.0
code /etc/ssl/certs/6b99d060.0
code /etc/ssl/certs/6d41d539.0
code /etc/ssl/certs/6fa5da56.0
code /etc/ssl/certs/706f604c.0
code /etc/ssl/certs/749e9e03.0
code /etc/ssl/certs/75d1b2ed.0
code /etc/ssl/certs/76faf6c0.0
code /etc/ssl/certs/7719f463.0
code /etc/ssl/certs/773e07ad.0
code /etc/ssl/certs/7a3adc42.0
code /etc/ssl/certs/7a780d93.0
code /etc/ssl/certs/7f3d5d1d.0
code /etc/ssl/certs/8160b96c.0
code /etc/ssl/certs/81f2d2b1.0
code /etc/ssl/certs/8312c4c1.0
code /etc/ssl/certs/8508e720.0
code /etc/ssl/certs/865fbdf9.0
code /etc/ssl/certs/8cb5ee0f.0
code /etc/ssl/certs/8d86cdd1.0
code /etc/ssl/certs/8d89cda1.0
code /etc/ssl/certs/8f103249.0
code /etc/ssl/certs/9046744a.0
code /etc/ssl/certs/90c5a3c8.0
code /etc/ssl/certs/930ac5d2.0
code /etc/ssl/certs/93bc0acc.0
code /etc/ssl/certs/9482e63a.0
code /etc/ssl/certs/9846683b.0
code /etc/ssl/certs/988a38cb.0
code /etc/ssl/certs/9b46e03d.0
code /etc/ssl/certs/9b5697b0.0
code /etc/ssl/certs/9bf03295.0
code /etc/ssl/certs/9c8dfbd4.0
code /etc/ssl/certs/9d04f354.0
code /etc/ssl/certs/9ef4a08a.0
code /etc/ssl/certs/9f727ac7.0
code /etc/ssl/certs/ACCVRAIZ1.pem
code /etc/ssl/certs/AC_RAIZ_FNMT-RCM.pem
code /etc/ssl/certs/AC_RAIZ_FNMT-RCM_SERVIDORES_SEGUROS.pem
code /etc/ssl/certs/ANF_Secure_Server_Root_CA.pem
code /etc/ssl/certs/Actalis_Authentication_Root_CA.pem
code /etc/ssl/certs/AffirmTrust_Commercial.pem
code /etc/ssl/certs/AffirmTrust_Networking.pem
code /etc/ssl/certs/AffirmTrust_Premium.pem
code /etc/ssl/certs/AffirmTrust_Premium_ECC.pem
code /etc/ssl/certs/Amazon_Root_CA_1.pem
code /etc/ssl/certs/Amazon_Root_CA_2.pem
code /etc/ssl/certs/Amazon_Root_CA_3.pem
code /etc/ssl/certs/Amazon_Root_CA_4.pem
code /etc/ssl/certs/Atos_TrustedRoot_2011.pem
code /etc/ssl/certs/Atos_TrustedRoot_Root_CA_ECC_TLS_2021.pem
code /etc/ssl/certs/Atos_TrustedRoot_Root_CA_RSA_TLS_2021.pem
code /etc/ssl/certs/Autoridad_de_Certificacion_Firmaprofesional_CIF_A62634068.pem
code /etc/ssl/certs/BJCA_Global_Root_CA1.pem
code /etc/ssl/certs/BJCA_Global_Root_CA2.pem
code /etc/ssl/certs/Baltimore_CyberTrust_Root.pem
code /etc/ssl/certs/Buypass_Class_2_Root_CA.pem
code /etc/ssl/certs/Buypass_Class_3_Root_CA.pem
code /etc/ssl/certs/CA_Disig_Root_R2.pem
code /etc/ssl/certs/CFCA_EV_ROOT.pem
code /etc/ssl/certs/COMODO_Certification_Authority.pem
code /etc/ssl/certs/COMODO_ECC_Certification_Authority.pem
code /etc/ssl/certs/COMODO_RSA_Certification_Authority.pem
code /etc/ssl/certs/Certainly_Root_E1.pem
code /etc/ssl/certs/Certainly_Root_R1.pem
code /etc/ssl/certs/Certigna.pem
code /etc/ssl/certs/Certigna_Root_CA.pem
code /etc/ssl/certs/Certum_EC-384_CA.pem
code /etc/ssl/certs/Certum_Trusted_Network_CA.pem
code /etc/ssl/certs/Certum_Trusted_Network_CA_2.pem
code /etc/ssl/certs/Certum_Trusted_Root_CA.pem
code /etc/ssl/certs/CommScope_Public_Trust_ECC_Root-01.pem
code /etc/ssl/certs/CommScope_Public_Trust_ECC_Root-02.pem
code /etc/ssl/certs/CommScope_Public_Trust_RSA_Root-01.pem
code /etc/ssl/certs/CommScope_Public_Trust_RSA_Root-02.pem
code /etc/ssl/certs/Comodo_AAA_Services_root.pem
code /etc/ssl/certs/D-TRUST_BR_Root_CA_1_2020.pem
code /etc/ssl/certs/D-TRUST_EV_Root_CA_1_2020.pem
code /etc/ssl/certs/D-TRUST_Root_Class_3_CA_2_2009.pem
code /etc/ssl/certs/D-TRUST_Root_Class_3_CA_2_EV_2009.pem
code /etc/ssl/certs/DigiCert_Assured_ID_Root_CA.pem
code /etc/ssl/certs/DigiCert_Assured_ID_Root_G2.pem
code /etc/ssl/certs/DigiCert_Assured_ID_Root_G3.pem
code /etc/ssl/certs/DigiCert_Global_Root_CA.pem
code /etc/ssl/certs/DigiCert_Global_Root_G2.pem
code /etc/ssl/certs/DigiCert_Global_Root_G3.pem
code /etc/ssl/certs/DigiCert_High_Assurance_EV_Root_CA.pem
code /etc/ssl/certs/DigiCert_TLS_ECC_P384_Root_G5.pem
code /etc/ssl/certs/DigiCert_TLS_RSA4096_Root_G5.pem
code /etc/ssl/certs/DigiCert_Trusted_Root_G4.pem
code /etc/ssl/certs/Entrust.net_Premium_2048_Secure_Server_CA.pem
code /etc/ssl/certs/Entrust_Root_Certification_Authority.pem
code /etc/ssl/certs/Entrust_Root_Certification_Authority_-_EC1.pem
code /etc/ssl/certs/Entrust_Root_Certification_Authority_-_G2.pem
code /etc/ssl/certs/Entrust_Root_Certification_Authority_-_G4.pem
code /etc/ssl/certs/GDCA_TrustAUTH_R5_ROOT.pem
code /etc/ssl/certs/GLOBALTRUST_2020.pem
code /etc/ssl/certs/GTS_Root_R1.pem
code /etc/ssl/certs/GTS_Root_R2.pem
code /etc/ssl/certs/GTS_Root_R3.pem
code /etc/ssl/certs/GTS_Root_R4.pem
code /etc/ssl/certs/GlobalSign_ECC_Root_CA_-_R4.pem
code /etc/ssl/certs/GlobalSign_ECC_Root_CA_-_R5.pem
code /etc/ssl/certs/GlobalSign_Root_CA.pem
code /etc/ssl/certs/GlobalSign_Root_CA_-_R3.pem
code /etc/ssl/certs/GlobalSign_Root_CA_-_R6.pem
code /etc/ssl/certs/GlobalSign_Root_E46.pem
code /etc/ssl/certs/GlobalSign_Root_R46.pem
code /etc/ssl/certs/Go_Daddy_Class_2_CA.pem
code /etc/ssl/certs/Go_Daddy_Root_Certificate_Authority_-_G2.pem
code /etc/ssl/certs/HARICA_TLS_ECC_Root_CA_2021.pem
code /etc/ssl/certs/HARICA_TLS_RSA_Root_CA_2021.pem
code /etc/ssl/certs/Hellenic_Academic_and_Research_Institutions_ECC_RootCA_2015.pem
code /etc/ssl/certs/Hellenic_Academic_and_Research_Institutions_RootCA_2015.pem
code /etc/ssl/certs/HiPKI_Root_CA_-_G1.pem
code /etc/ssl/certs/Hongkong_Post_Root_CA_3.pem
code /etc/ssl/certs/ISRG_Root_X1.pem
code /etc/ssl/certs/ISRG_Root_X2.pem
code /etc/ssl/certs/IdenTrust_Commercial_Root_CA_1.pem
code /etc/ssl/certs/IdenTrust_Public_Sector_Root_CA_1.pem
code /etc/ssl/certs/Izenpe.com.pem
code /etc/ssl/certs/Microsec_e-Szigno_Root_CA_2009.pem
code /etc/ssl/certs/Microsoft_ECC_Root_Certificate_Authority_2017.pem
code /etc/ssl/certs/Microsoft_RSA_Root_Certificate_Authority_2017.pem
code /etc/ssl/certs/NAVER_Global_Root_Certification_Authority.pem
code /etc/ssl/certs/NetLock_Arany_=Class_Gold=_Főtanúsítvány.pem
code /etc/ssl/certs/OISTE_WISeKey_Global_Root_GB_CA.pem
code /etc/ssl/certs/OISTE_WISeKey_Global_Root_GC_CA.pem
code /etc/ssl/certs/QuoVadis_Root_CA_1_G3.pem
code /etc/ssl/certs/QuoVadis_Root_CA_2.pem
code /etc/ssl/certs/QuoVadis_Root_CA_2_G3.pem
code /etc/ssl/certs/QuoVadis_Root_CA_3.pem
code /etc/ssl/certs/QuoVadis_Root_CA_3_G3.pem
code /etc/ssl/certs/SSL.com_EV_Root_Certification_Authority_ECC.pem
code /etc/ssl/certs/SSL.com_EV_Root_Certification_Authority_RSA_R2.pem
code /etc/ssl/certs/SSL.com_Root_Certification_Authority_ECC.pem
code /etc/ssl/certs/SSL.com_Root_Certification_Authority_RSA.pem
code /etc/ssl/certs/SSL.com_TLS_ECC_Root_CA_2022.pem
code /etc/ssl/certs/SSL.com_TLS_RSA_Root_CA_2022.pem
code /etc/ssl/certs/SZAFIR_ROOT_CA2.pem
code /etc/ssl/certs/Sectigo_Public_Server_Authentication_Root_E46.pem
code /etc/ssl/certs/Sectigo_Public_Server_Authentication_Root_R46.pem
code /etc/ssl/certs/SecureSign_RootCA11.pem
code /etc/ssl/certs/SecureTrust_CA.pem
code /etc/ssl/certs/Secure_Global_CA.pem
code /etc/ssl/certs/Security_Communication_ECC_RootCA1.pem
code /etc/ssl/certs/Security_Communication_RootCA2.pem
code /etc/ssl/certs/Security_Communication_RootCA3.pem
code /etc/ssl/certs/Security_Communication_Root_CA.pem
code /etc/ssl/certs/Starfield_Class_2_CA.pem
code /etc/ssl/certs/Starfield_Root_Certificate_Authority_-_G2.pem
code /etc/ssl/certs/Starfield_Services_Root_Certificate_Authority_-_G2.pem
code /etc/ssl/certs/SwissSign_Gold_CA_-_G2.pem
code /etc/ssl/certs/SwissSign_Silver_CA_-_G2.pem
code /etc/ssl/certs/T-TeleSec_GlobalRoot_Class_2.pem
code /etc/ssl/certs/T-TeleSec_GlobalRoot_Class_3.pem
code /etc/ssl/certs/TUBITAK_Kamu_SM_SSL_Kok_Sertifikasi_-_Surum_1.pem
code /etc/ssl/certs/TWCA_Global_Root_CA.pem
code /etc/ssl/certs/TWCA_Root_Certification_Authority.pem
code /etc/ssl/certs/TeliaSonera_Root_CA_v1.pem
code /etc/ssl/certs/Telia_Root_CA_v2.pem
code /etc/ssl/certs/TrustAsia_Global_Root_CA_G3.pem
code /etc/ssl/certs/TrustAsia_Global_Root_CA_G4.pem
code /etc/ssl/certs/Trustwave_Global_Certification_Authority.pem
code /etc/ssl/certs/Trustwave_Global_ECC_P256_Certification_Authority.pem
code /etc/ssl/certs/Trustwave_Global_ECC_P384_Certification_Authority.pem
code /etc/ssl/certs/TunTrust_Root_CA.pem
code /etc/ssl/certs/UCA_Extended_Validation_Root.pem
code /etc/ssl/certs/UCA_Global_G2_Root.pem
code /etc/ssl/certs/USERTrust_ECC_Certification_Authority.pem
code /etc/ssl/certs/USERTrust_RSA_Certification_Authority.pem
code /etc/ssl/certs/XRamp_Global_CA_Root.pem
code /etc/ssl/certs/a3418fda.0
code /etc/ssl/certs/a89d74c2.0
code /etc/ssl/certs/a94d09e5.0
code /etc/ssl/certs/aee5f10d.0
code /etc/ssl/certs/b0e59380.0
code /etc/ssl/certs/b1159c4c.0
code /etc/ssl/certs/b433981b.0
code /etc/ssl/certs/b66938e9.0
code /etc/ssl/certs/b727005e.0
code /etc/ssl/certs/b7a5b843.0
code /etc/ssl/certs/b81b93f0.0
code /etc/ssl/certs/bf53fb88.0
code /etc/ssl/certs/c01eb047.0
code /etc/ssl/certs/c28a8a30.0
code /etc/ssl/certs/ca-certificates.crt
code /etc/ssl/certs/ca6e4ad9.0
code /etc/ssl/certs/cbf06781.0
code /etc/ssl/certs/cc450945.0
code /etc/ssl/certs/cd58d51e.0
libuv-worker /config/.config/Code/User/globalStorage/state.vscdb-journal
code /etc/ssl/certs/cd8c0d63.0
code /etc/ssl/certs/ce275665.0
code /etc/ssl/certs/ce5e74ef.0
code /etc/ssl/certs/certSIGN_ROOT_CA.pem
code /etc/ssl/certs/certSIGN_Root_CA_G2.pem
code /etc/ssl/certs/d4dae3dd.0
code /etc/ssl/certs/d52c538d.0
code /etc/ssl/certs/d6325660.0
code /etc/ssl/certs/d7e8dc79.0
code /etc/ssl/certs/d887a5bb.0
code /etc/ssl/certs/da0cfd1d.0
code /etc/ssl/certs/dc4d6a89.0
code /etc/ssl/certs/dd8e9d41.0
code /etc/ssl/certs/de6d66f3.0
code /etc/ssl/certs/e-Szigno_Root_CA_2017.pem
code /etc/ssl/certs/e113c810.0
code /etc/ssl/certs/e18bfb83.0
code /etc/ssl/certs/e35234b1.0
code /etc/ssl/certs/e36a6752.0
code /etc/ssl/certs/e73d606e.0
libuv-worker /config/.config/Code/User/globalStorage
code /etc/ssl/certs/e868b802.0
code /etc/ssl/certs/e8de2f56.0
code /etc/ssl/certs/ePKI_Root_Certification_Authority.pem
code /etc/ssl/certs/ecccd8db.0
code /etc/ssl/certs/ed858448.0
code /etc/ssl/certs/ee64a828.0
code /etc/ssl/certs/eed8c118.0
code /etc/ssl/certs/ef954a4e.0
code /etc/ssl/certs/emSign_ECC_Root_CA_-_C3.pem
code /etc/ssl/certs/emSign_ECC_Root_CA_-_G3.pem
code /etc/ssl/certs/emSign_Root_CA_-_C1.pem
code /etc/ssl/certs/emSign_Root_CA_-_G1.pem
code /etc/ssl/certs/f081611a.0
code /etc/ssl/certs/f0c70a8d.0
code /etc/ssl/certs/f249de83.0
code /etc/ssl/certs/f30dd6ad.0
code /etc/ssl/certs/f3377b1b.0
code /etc/ssl/certs/f387163d.0
code /etc/ssl/certs/f39fc864.0
code /etc/ssl/certs/f51bb24c.0
code /etc/ssl/certs/fa5da96b.0
code /etc/ssl/certs/fb717492.0
code /etc/ssl/certs/fc5a8f99.0
code /etc/ssl/certs/fd64f3fc.0
code /etc/ssl/certs/fe8a2cd8.0
code /etc/ssl/certs/feffd413.0
code /etc/ssl/certs/ff34af3f.0
code /etc/ssl/certs/ssl-cert-snakeoil.pem
code /etc/ssl/certs/vTrus_ECC_Root_CA.pem
code /etc/ssl/certs/vTrus_Root_CA.pem
libuv-worker /etc/nsswitch.conf
libuv-worker /etc/hosts
selkies /proc/stat
selkies /proc/meminfo
xclip /etc/ld.so.cache
xclip /lib/x86_64-linux-gnu/libXmu.so.6
xclip /lib/x86_64-linux-gnu/libX11.so.6
xclip /lib/x86_64-linux-gnu/libc.so.6
xclip /lib/x86_64-linux-gnu/libXt.so.6
xclip /lib/x86_64-linux-gnu/libXext.so.6
xclip /lib/x86_64-linux-gnu/libxcb.so.1
xclip /lib/x86_64-linux-gnu/libSM.so.6
xclip /lib/x86_64-linux-gnu/libICE.so.6
xclip /lib/x86_64-linux-gnu/libXau.so.6
xclip /lib/x86_64-linux-gnu/libXdmcp.so.6
xclip /lib/x86_64-linux-gnu/libuuid.so.1
xclip /lib/x86_64-linux-gnu/libbsd.so.0
xclip /lib/x86_64-linux-gnu/libmd.so.0
xclip /usr/share/X11/locale/locale.alias
xclip /usr/share/X11/locale/locale.dir
xclip /usr/share/X11/locale/C/XLC_LOCALE
xclip /usr/share/X11/locale/locale.alias
xclip /usr/share/X11/locale/locale.dir
xclip /usr/share/X11/locale/C/XLC_LOCALE
Xvfb /proc/1519/cmdline
xclip /etc/ld.so.cache
xclip /lib/x86_64-linux-gnu/libXmu.so.6
xclip /lib/x86_64-linux-gnu/libX11.so.6
xclip /lib/x86_64-linux-gnu/libc.so.6
xclip /lib/x86_64-linux-gnu/libXt.so.6
xclip /lib/x86_64-linux-gnu/libXext.so.6
xclip /lib/x86_64-linux-gnu/libxcb.so.1
xclip /lib/x86_64-linux-gnu/libSM.so.6
xclip /lib/x86_64-linux-gnu/libICE.so.6
xclip /lib/x86_64-linux-gnu/libXau.so.6
xclip /lib/x86_64-linux-gnu/libXdmcp.so.6
xclip /lib/x86_64-linux-gnu/libuuid.so.1
xclip /lib/x86_64-linux-gnu/libbsd.so.0
xclip /lib/x86_64-linux-gnu/libmd.so.0
xclip /usr/share/X11/locale/locale.alias
xclip /usr/share/X11/locale/locale.dir
xclip /usr/share/X11/locale/C/XLC_LOCALE
xclip /usr/share/X11/locale/locale.alias
xclip /usr/share/X11/locale/locale.dir
xclip /usr/share/X11/locale/C/XLC_LOCALE
Xvfb /proc/1536/cmdline
Chrome_ChildIOT /dev/shm/.org.chromium.Chromium.ERseyH
selkies /proc/stat
selkies /proc/meminfo
xclip /etc/ld.so.cache
xclip /lib/x86_64-linux-gnu/libXmu.so.6
xclip /lib/x86_64-linux-gnu/libX11.so.6
xclip /lib/x86_64-linux-gnu/libc.so.6
xclip /lib/x86_64-linux-gnu/libXt.so.6
xclip /lib/x86_64-linux-gnu/libXext.so.6
xclip /lib/x86_64-linux-gnu/libxcb.so.1
xclip /lib/x86_64-linux-gnu/libSM.so.6
xclip /lib/x86_64-linux-gnu/libICE.so.6
xclip /lib/x86_64-linux-gnu/libXau.so.6
xclip /lib/x86_64-linux-gnu/libXdmcp.so.6
xclip /lib/x86_64-linux-gnu/libuuid.so.1
xclip /lib/x86_64-linux-gnu/libbsd.so.0
xclip /lib/x86_64-linux-gnu/libmd.so.0
xclip /usr/share/X11/locale/locale.alias
xclip /usr/share/X11/locale/locale.dir
xclip /usr/share/X11/locale/C/XLC_LOCALE
xclip /usr/share/X11/locale/locale.alias
xclip /usr/share/X11/locale/locale.dir
xclip /usr/share/X11/locale/C/XLC_LOCALE
Xvfb /proc/1537/cmdline
xclip /etc/ld.so.cache
xclip /lib/x86_64-linux-gnu/libXmu.so.6
xclip /lib/x86_64-linux-gnu/libX11.so.6
xclip /lib/x86_64-linux-gnu/libc.so.6
xclip /lib/x86_64-linux-gnu/libXt.so.6
xclip /lib/x86_64-linux-gnu/libXext.so.6
xclip /lib/x86_64-linux-gnu/libxcb.so.1
xclip /lib/x86_64-linux-gnu/libSM.so.6
xclip /lib/x86_64-linux-gnu/libICE.so.6
xclip /lib/x86_64-linux-gnu/libXau.so.6
xclip /lib/x86_64-linux-gnu/libXdmcp.so.6
xclip /lib/x86_64-linux-gnu/libuuid.so.1
xclip /lib/x86_64-linux-gnu/libbsd.so.0
xclip /lib/x86_64-linux-gnu/libmd.so.0
xclip /usr/share/X11/locale/locale.alias
xclip /usr/share/X11/locale/locale.dir
xclip /usr/share/X11/locale/C/XLC_LOCALE
xclip /usr/share/X11/locale/locale.alias
xclip /usr/share/X11/locale/locale.dir
xclip /usr/share/X11/locale/C/XLC_LOCALE
Xvfb /proc/1542/cmdline
selkies /proc/stat
selkies /proc/meminfo
libuv-worker /config/.config/Code/CachedProfilesData/__default__profile__/extensions.builtin.cache
code /dev/shm/.org.chromium.Chromium.Lz9REa
code /dev/shm/.org.chromium.Chromium.Lz9REa
libuv-worker /usr/share/code/resources/app/extensions
libuv-worker /usr/share/code/resources/app/extensions/TypeScriptTeam.jsts-chat-features/package.json
libuv-worker /usr/share/code/resources/app/extensions/bat/package.json
libuv-worker /usr/share/code/resources/app/extensions/clojure/package.json
libuv-worker /usr/share/code/resources/app/extensions/coffeescript/package.json
libuv-worker /usr/share/code/resources/app/extensions/configuration-editing/package.json
libuv-worker /usr/share/code/resources/app/extensions/copilot/package.json
libuv-worker /usr/share/code/resources/app/extensions/cpp/package.json
libuv-worker /usr/share/code/resources/app/extensions/csharp/package.json
libuv-worker /usr/share/code/resources/app/extensions/css/package.json
libuv-worker /usr/share/code/resources/app/extensions/css-language-features/package.json
libuv-worker /usr/share/code/resources/app/extensions/dart/package.json
libuv-worker /usr/share/code/resources/app/extensions/debug-auto-launch/package.json
libuv-worker /usr/share/code/resources/app/extensions/debug-server-ready/package.json
libuv-worker /usr/share/code/resources/app/extensions/diff/package.json
libuv-worker /usr/share/code/resources/app/extensions/docker/package.json
libuv-worker /usr/share/code/resources/app/extensions/dotenv/package.json
libuv-worker /usr/share/code/resources/app/extensions/emmet/package.json
libuv-worker /usr/share/code/resources/app/extensions/extension-editing/package.json
libuv-worker /usr/share/code/resources/app/extensions/fsharp/package.json
libuv-worker /usr/share/code/resources/app/extensions/git/package.json
libuv-worker /usr/share/code/resources/app/extensions/git-base/package.json
libuv-worker /usr/share/code/resources/app/extensions/github/package.json
libuv-worker /usr/share/code/resources/app/extensions/github-authentication/package.json
libuv-worker /usr/share/code/resources/app/extensions/go/package.json
libuv-worker /usr/share/code/resources/app/extensions/groovy/package.json
libuv-worker /usr/share/code/resources/app/extensions/grunt/package.json
libuv-worker /usr/share/code/resources/app/extensions/gulp/package.json
libuv-worker /usr/share/code/resources/app/extensions/handlebars/package.json
libuv-worker /usr/share/code/resources/app/extensions/hlsl/package.json
libuv-worker /usr/share/code/resources/app/extensions/html/package.json
libuv-worker /usr/share/code/resources/app/extensions/html-language-features/package.json
libuv-worker /usr/share/code/resources/app/extensions/ini/package.json
libuv-worker /usr/share/code/resources/app/extensions/ipynb/package.json
libuv-worker /usr/share/code/resources/app/extensions/jake/package.json
libuv-worker /usr/share/code/resources/app/extensions/java/package.json
libuv-worker /usr/share/code/resources/app/extensions/javascript/package.json
libuv-worker /usr/share/code/resources/app/extensions/json/package.json
libuv-worker /usr/share/code/resources/app/extensions/json-language-features/package.json
libuv-worker /usr/share/code/resources/app/extensions/julia/package.json
libuv-worker /usr/share/code/resources/app/extensions/latex/package.json
libuv-worker /usr/share/code/resources/app/extensions/less/package.json
libuv-worker /usr/share/code/resources/app/extensions/log/package.json
libuv-worker /usr/share/code/resources/app/extensions/lua/package.json
libuv-worker /usr/share/code/resources/app/extensions/make/package.json
libuv-worker /usr/share/code/resources/app/extensions/markdown-basics/package.json
libuv-worker /usr/share/code/resources/app/extensions/markdown-language-features/package.json
libuv-worker /usr/share/code/resources/app/extensions/markdown-math/package.json
libuv-worker /usr/share/code/resources/app/extensions/media-preview/package.json
libuv-worker /usr/share/code/resources/app/extensions/merge-conflict/package.json
libuv-worker /usr/share/code/resources/app/extensions/mermaid-chat-features/package.json
libuv-worker /usr/share/code/resources/app/extensions/microsoft-authentication/package.json
libuv-worker /usr/share/code/resources/app/extensions/ms-vscode.js-debug/package.json
libuv-worker /usr/share/code/resources/app/extensions/ms-vscode.js-debug-companion/package.json
libuv-worker /usr/share/code/resources/app/extensions/ms-vscode.vscode-js-profile-table/package.json
libuv-worker /usr/share/code/resources/app/extensions/node_modules/package.json
libuv-worker /usr/share/code/resources/app/extensions/notebook-renderers/package.json
libuv-worker /usr/share/code/resources/app/extensions/npm/package.json
libuv-worker /usr/share/code/resources/app/extensions/objective-c/package.json
libuv-worker /usr/share/code/resources/app/extensions/perl/package.json
libuv-worker /usr/share/code/resources/app/extensions/php/package.json
libuv-worker /usr/share/code/resources/app/extensions/php-language-features/package.json
libuv-worker /usr/share/code/resources/app/extensions/powershell/package.json
libuv-worker /usr/share/code/resources/app/extensions/prompt-basics/package.json
libuv-worker /usr/share/code/resources/app/extensions/pug/package.json
libuv-worker /usr/share/code/resources/app/extensions/python/package.json
libuv-worker /usr/share/code/resources/app/extensions/r/package.json
libuv-worker /usr/share/code/resources/app/extensions/razor/package.json
libuv-worker /usr/share/code/resources/app/extensions/references-view/package.json
libuv-worker /usr/share/code/resources/app/extensions/restructuredtext/package.json
libuv-worker /usr/share/code/resources/app/extensions/ruby/package.json
libuv-worker /usr/share/code/resources/app/extensions/rust/package.json
libuv-worker /usr/share/code/resources/app/extensions/scss/package.json
libuv-worker /usr/share/code/resources/app/extensions/search-result/package.json
libuv-worker /usr/share/code/resources/app/extensions/shaderlab/package.json
libuv-worker /usr/share/code/resources/app/extensions/shellscript/package.json
libuv-worker /usr/share/code/resources/app/extensions/simple-browser/package.json
libuv-worker /usr/share/code/resources/app/extensions/sql/package.json
libuv-worker /usr/share/code/resources/app/extensions/swift/package.json
libuv-worker /usr/share/code/resources/app/extensions/terminal-suggest/package.json
libuv-worker /usr/share/code/resources/app/extensions/theme-abyss/package.json
libuv-worker /usr/share/code/resources/app/extensions/theme-defaults/package.json
libuv-worker /usr/share/code/resources/app/extensions/theme-kimbie-dark/package.json
libuv-worker /usr/share/code/resources/app/extensions/theme-monokai/package.json
libuv-worker /usr/share/code/resources/app/extensions/theme-monokai-dimmed/package.json
libuv-worker /usr/share/code/resources/app/extensions/theme-quietlight/package.json
libuv-worker /usr/share/code/resources/app/extensions/theme-red/package.json
libuv-worker /usr/share/code/resources/app/extensions/theme-seti/package.json
libuv-worker /usr/share/code/resources/app/extensions/theme-solarized-dark/package.json
libuv-worker /usr/share/code/resources/app/extensions/theme-solarized-light/package.json
libuv-worker /usr/share/code/resources/app/extensions/tunnel-forwarding/package.json
libuv-worker /usr/share/code/resources/app/extensions/theme-tomorrow-night-blue/package.json
libuv-worker /usr/share/code/resources/app/extensions/typescript-basics/package.json
libuv-worker /usr/share/code/resources/app/extensions/typescript-language-features/package.json
libuv-worker /usr/share/code/resources/app/extensions/vb/package.json
libuv-worker /usr/share/code/resources/app/extensions/xml/package.json
libuv-worker /usr/share/code/resources/app/extensions/yaml/package.json
libuv-worker /usr/share/code/resources/app/extensions/bat/package.nls.json
libuv-worker /usr/share/code/resources/app/extensions/clojure/package.nls.json
libuv-worker /usr/share/code/resources/app/extensions/configuration-editing/package.nls.json
libuv-worker /usr/share/code/resources/app/extensions/coffeescript/package.nls.json
libuv-worker /usr/share/code/resources/app/extensions/copilot/package.nls.json
libuv-worker /usr/share/code/resources/app/extensions/cpp/package.nls.json
libuv-worker /usr/share/code/resources/app/extensions/csharp/package.nls.json
libuv-worker /usr/share/code/resources/app/extensions/css/package.nls.json
libuv-worker /usr/share/code/resources/app/extensions/css-language-features/package.nls.json
libuv-worker /usr/share/code/resources/app/extensions/dart/package.nls.json
libuv-worker /usr/share/code/resources/app/extensions/debug-auto-launch/package.nls.json
libuv-worker /usr/share/code/resources/app/extensions/debug-server-ready/package.nls.json
libuv-worker /usr/share/code/resources/app/extensions/diff/package.nls.json
libuv-worker /usr/share/code/resources/app/extensions/docker/package.nls.json
libuv-worker /usr/share/code/resources/app/extensions/dotenv/package.nls.json
libuv-worker /usr/share/code/resources/app/extensions/emmet/package.nls.json
libuv-worker /usr/share/code/resources/app/extensions/extension-editing/package.nls.json
libuv-worker /usr/share/code/resources/app/extensions/fsharp/package.nls.json
libuv-worker /usr/share/code/resources/app/extensions/git/package.nls.json
libuv-worker /usr/share/code/resources/app/extensions/git-base/package.nls.json
libuv-worker /usr/share/code/resources/app/extensions/github/package.nls.json
libuv-worker /usr/share/code/resources/app/extensions/github-authentication/package.nls.json
libuv-worker /usr/share/code/resources/app/extensions/groovy/package.nls.json
libuv-worker /usr/share/code/resources/app/extensions/grunt/package.nls.json
libuv-worker /usr/share/code/resources/app/extensions/gulp/package.nls.json
libuv-worker /usr/share/code/resources/app/extensions/handlebars/package.nls.json
libuv-worker /usr/share/code/resources/app/extensions/go/package.nls.json
libuv-worker /usr/share/code/resources/app/extensions/hlsl/package.nls.json
libuv-worker /usr/share/code/resources/app/extensions/html/package.nls.json
libuv-worker /usr/share/code/resources/app/extensions/html-language-features/package.nls.json
libuv-worker /usr/share/code/resources/app/extensions/jake/package.nls.json
libuv-worker /usr/share/code/resources/app/extensions/java/package.nls.json
libuv-worker /usr/share/code/resources/app/extensions/ipynb/package.nls.json
libuv-worker /usr/share/code/resources/app/extensions/ini/package.nls.json
libuv-worker /usr/share/code/resources/app/extensions/javascript/package.nls.json
libuv-worker /usr/share/code/resources/app/extensions/json/package.nls.json
libuv-worker /usr/share/code/resources/app/extensions/json-language-features/package.nls.json
libuv-worker /usr/share/code/resources/app/extensions/julia/package.nls.json
libuv-worker /usr/share/code/resources/app/extensions/log/package.nls.json
libuv-worker /usr/share/code/resources/app/extensions/latex/package.nls.json
libuv-worker /usr/share/code/resources/app/extensions/less/package.nls.json
libuv-worker /usr/share/code/resources/app/extensions/make/package.nls.json
libuv-worker /usr/share/code/resources/app/extensions/markdown-basics/package.nls.json
libuv-worker /usr/share/code/resources/app/extensions/markdown-language-features/package.nls.json
libuv-worker /usr/share/code/resources/app/extensions/lua/package.nls.json
libuv-worker /usr/share/code/resources/app/extensions/markdown-math/package.nls.json
libuv-worker /usr/share/code/resources/app/extensions/media-preview/package.nls.json
libuv-worker /usr/share/code/resources/app/extensions/microsoft-authentication/package.nls.json
libuv-worker /usr/share/code/resources/app/extensions/merge-conflict/package.nls.json
libuv-worker /usr/share/code/resources/app/extensions/mermaid-chat-features/package.nls.json
libuv-worker /usr/share/code/resources/app/extensions/npm/package.nls.json
libuv-worker /usr/share/code/resources/app/extensions/notebook-renderers/package.nls.json
libuv-worker /usr/share/code/resources/app/extensions/objective-c/package.nls.json
libuv-worker /usr/share/code/resources/app/extensions/perl/package.nls.json
libuv-worker /usr/share/code/resources/app/extensions/php/package.nls.json
libuv-worker /usr/share/code/resources/app/extensions/php-language-features/package.nls.json
libuv-worker /usr/share/code/resources/app/extensions/powershell/package.nls.json
libuv-worker /usr/share/code/resources/app/extensions/ms-vscode.js-debug/package.nls.json
libuv-worker /usr/share/code/resources/app/extensions/pug/package.nls.json
libuv-worker /usr/share/code/resources/app/extensions/python/package.nls.json
libuv-worker /usr/share/code/resources/app/extensions/r/package.nls.json
libuv-worker /usr/share/code/resources/app/extensions/prompt-basics/package.nls.json
libuv-worker /usr/share/code/resources/app/extensions/razor/package.nls.json
libuv-worker /usr/share/code/resources/app/extensions/references-view/package.nls.json
libuv-worker /usr/share/code/resources/app/extensions/restructuredtext/package.nls.json
libuv-worker /usr/share/code/resources/app/extensions/ruby/package.nls.json
libuv-worker /usr/share/code/resources/app/extensions/rust/package.nls.json
libuv-worker /usr/share/code/resources/app/extensions/scss/package.nls.json
libuv-worker /usr/share/code/resources/app/extensions/search-result/package.nls.json
libuv-worker /usr/share/code/resources/app/extensions/shellscript/package.nls.json
libuv-worker /usr/share/code/resources/app/extensions/simple-browser/package.nls.json
libuv-worker /usr/share/code/resources/app/extensions/sql/package.nls.json
libuv-worker /usr/share/code/resources/app/extensions/shaderlab/package.nls.json
libuv-worker /usr/share/code/resources/app/extensions/swift/package.nls.json
libuv-worker /usr/share/code/resources/app/extensions/terminal-suggest/package.nls.json
libuv-worker /usr/share/code/resources/app/extensions/theme-abyss/package.nls.json
libuv-worker /usr/share/code/resources/app/extensions/theme-defaults/package.nls.json
libuv-worker /usr/share/code/resources/app/extensions/theme-kimbie-dark/package.nls.json
libuv-worker /usr/share/code/resources/app/extensions/theme-monokai/package.nls.json
libuv-worker /usr/share/code/resources/app/extensions/theme-monokai-dimmed/package.nls.json
libuv-worker /usr/share/code/resources/app/extensions/theme-quietlight/package.nls.json
libuv-worker /usr/share/code/resources/app/extensions/theme-red/package.nls.json
libuv-worker /usr/share/code/resources/app/extensions/theme-seti/package.nls.json
libuv-worker /usr/share/code/resources/app/extensions/theme-solarized-dark/package.nls.json
libuv-worker /usr/share/code/resources/app/extensions/tunnel-forwarding/package.nls.json
libuv-worker /usr/share/code/resources/app/extensions/theme-solarized-light/package.nls.json
libuv-worker /usr/share/code/resources/app/extensions/theme-tomorrow-night-blue/package.nls.json
libuv-worker /usr/share/code/resources/app/extensions/typescript-basics/package.nls.json
libuv-worker /usr/share/code/resources/app/extensions/vb/package.nls.json
libuv-worker /usr/share/code/resources/app/extensions/xml/package.nls.json
libuv-worker /usr/share/code/resources/app/extensions/yaml/package.nls.json
libuv-worker /usr/share/code/resources/app/extensions/typescript-language-features/package.nls.json
xclip /etc/ld.so.cache
xclip /lib/x86_64-linux-gnu/libXmu.so.6
xclip /lib/x86_64-linux-gnu/libX11.so.6
xclip /lib/x86_64-linux-gnu/libc.so.6
xclip /lib/x86_64-linux-gnu/libXt.so.6
xclip /lib/x86_64-linux-gnu/libXext.so.6
xclip /lib/x86_64-linux-gnu/libxcb.so.1
xclip /lib/x86_64-linux-gnu/libSM.so.6
xclip /lib/x86_64-linux-gnu/libICE.so.6
xclip /lib/x86_64-linux-gnu/libXau.so.6
xclip /lib/x86_64-linux-gnu/libXdmcp.so.6
xclip /lib/x86_64-linux-gnu/libuuid.so.1
xclip /lib/x86_64-linux-gnu/libbsd.so.0
xclip /lib/x86_64-linux-gnu/libmd.so.0
xclip /usr/share/X11/locale/locale.alias
xclip /usr/share/X11/locale/locale.dir
xclip /usr/share/X11/locale/C/XLC_LOCALE
xclip /usr/share/X11/locale/locale.alias
xclip /usr/share/X11/locale/locale.dir
xclip /usr/share/X11/locale/C/XLC_LOCALE
Xvfb /proc/1549/cmdline
xclip /etc/ld.so.cache
xclip /lib/x86_64-linux-gnu/libXmu.so.6
xclip /lib/x86_64-linux-gnu/libX11.so.6
xclip /lib/x86_64-linux-gnu/libc.so.6
xclip /lib/x86_64-linux-gnu/libXt.so.6
xclip /lib/x86_64-linux-gnu/libXext.so.6
xclip /lib/x86_64-linux-gnu/libxcb.so.1
xclip /lib/x86_64-linux-gnu/libSM.so.6
xclip /lib/x86_64-linux-gnu/libICE.so.6
xclip /lib/x86_64-linux-gnu/libXau.so.6
xclip /lib/x86_64-linux-gnu/libXdmcp.so.6
xclip /lib/x86_64-linux-gnu/libuuid.so.1
xclip /lib/x86_64-linux-gnu/libbsd.so.0
xclip /lib/x86_64-linux-gnu/libmd.so.0
xclip /usr/share/X11/locale/locale.alias
xclip /usr/share/X11/locale/locale.dir
xclip /usr/share/X11/locale/C/XLC_LOCALE
xclip /usr/share/X11/locale/locale.alias
xclip /usr/share/X11/locale/locale.dir
xclip /usr/share/X11/locale/C/XLC_LOCALE
Xvfb /proc/1558/cmdline
selkies /proc/stat
selkies /proc/meminfo
Chrome_IOThread /dev/shm/.org.chromium.Chromium.jXhS6P
Chrome_IOThread /dev/shm/.org.chromium.Chromium.jXhS6P
Chrome_IOThread /dev/shm/.org.chromium.Chromium.5S2ePF
Chrome_IOThread /dev/shm/.org.chromium.Chromium.5S2ePF
Chrome_IOThread /dev/shm/.org.chromium.Chromium.6nfb5Y
Chrome_IOThread /dev/shm/.org.chromium.Chromium.6nfb5Y
Chrome_IOThread /dev/shm/.org.chromium.Chromium.skOVdl
Chrome_IOThread /dev/shm/.org.chromium.Chromium.skOVdl
Chrome_IOThread /dev/shm/.org.chromium.Chromium.MuBP1E
Chrome_IOThread /dev/shm/.org.chromium.Chromium.MuBP1E
Chrome_IOThread /dev/shm/.org.chromium.Chromium.AcBlLs
Chrome_IOThread /dev/shm/.org.chromium.Chromium.AcBlLs
xclip /etc/ld.so.cache
xclip /lib/x86_64-linux-gnu/libXmu.so.6
xclip /lib/x86_64-linux-gnu/libX11.so.6
xclip /lib/x86_64-linux-gnu/libc.so.6
xclip /lib/x86_64-linux-gnu/libXt.so.6
xclip /lib/x86_64-linux-gnu/libXext.so.6
xclip /lib/x86_64-linux-gnu/libxcb.so.1
xclip /lib/x86_64-linux-gnu/libSM.so.6
xclip /lib/x86_64-linux-gnu/libICE.so.6
xclip /lib/x86_64-linux-gnu/libXau.so.6
xclip /lib/x86_64-linux-gnu/libXdmcp.so.6
xclip /lib/x86_64-linux-gnu/libuuid.so.1
xclip /lib/x86_64-linux-gnu/libbsd.so.0
xclip /lib/x86_64-linux-gnu/libmd.so.0
xclip /usr/share/X11/locale/locale.alias
xclip /usr/share/X11/locale/locale.dir
xclip /usr/share/X11/locale/C/XLC_LOCALE
xclip /usr/share/X11/locale/locale.alias
xclip /usr/share/X11/locale/locale.dir
xclip /usr/share/X11/locale/C/XLC_LOCALE
Xvfb /proc/1566/cmdline
libuv-worker /config/.config/Code/User/globalStorage/state.vscdb-journal
libuv-worker /config/.config/Code/User/globalStorage
xclip /etc/ld.so.cache
xclip /lib/x86_64-linux-gnu/libXmu.so.6
xclip /lib/x86_64-linux-gnu/libX11.so.6
xclip /lib/x86_64-linux-gnu/libc.so.6
xclip /lib/x86_64-linux-gnu/libXt.so.6
xclip /lib/x86_64-linux-gnu/libXext.so.6
xclip /lib/x86_64-linux-gnu/libxcb.so.1
xclip /lib/x86_64-linux-gnu/libSM.so.6
xclip /lib/x86_64-linux-gnu/libICE.so.6
xclip /lib/x86_64-linux-gnu/libXau.so.6
xclip /lib/x86_64-linux-gnu/libXdmcp.so.6
xclip /lib/x86_64-linux-gnu/libuuid.so.1
xclip /lib/x86_64-linux-gnu/libbsd.so.0
xclip /lib/x86_64-linux-gnu/libmd.so.0
xclip /usr/share/X11/locale/locale.alias
xclip /usr/share/X11/locale/locale.dir
xclip /usr/share/X11/locale/C/XLC_LOCALE
xclip /usr/share/X11/locale/locale.alias
xclip /usr/share/X11/locale/locale.dir
xclip /usr/share/X11/locale/C/XLC_LOCALE
Xvfb /proc/1574/cmdline
ThreadPoolForeg /config/.config/Code/.org.chromium.Chromium.0peDKq
ThreadPoolForeg /config/.config/Code/.org.chromium.Chromium.i1eXyA
selkies /proc/stat
selkies /proc/meminfo
xdotool /etc/ld.so.cache
xdotool /lib/x86_64-linux-gnu/libxdo.so.3
xdotool /lib/x86_64-linux-gnu/libm.so.6
xdotool /lib/x86_64-linux-gnu/libX11.so.6
xdotool /lib/x86_64-linux-gnu/libc.so.6
xdotool /lib/x86_64-linux-gnu/libXtst.so.6
xdotool /lib/x86_64-linux-gnu/libXinerama.so.1
xdotool /lib/x86_64-linux-gnu/libxkbcommon.so.0
xdotool /lib/x86_64-linux-gnu/libxcb.so.1
xdotool /lib/x86_64-linux-gnu/libXext.so.6
xdotool /lib/x86_64-linux-gnu/libXau.so.6
xdotool /lib/x86_64-linux-gnu/libXdmcp.so.6
xdotool /lib/x86_64-linux-gnu/libbsd.so.0
xdotool /lib/x86_64-linux-gnu/libmd.so.0
Xvfb /proc/1575/cmdline
xclip /etc/ld.so.cache
xclip /lib/x86_64-linux-gnu/libXmu.so.6
xclip /lib/x86_64-linux-gnu/libX11.so.6
xclip /lib/x86_64-linux-gnu/libc.so.6
xclip /lib/x86_64-linux-gnu/libXt.so.6
xclip /lib/x86_64-linux-gnu/libXext.so.6
xclip /lib/x86_64-linux-gnu/libxcb.so.1
xclip /lib/x86_64-linux-gnu/libSM.so.6
xclip /lib/x86_64-linux-gnu/libICE.so.6
xclip /lib/x86_64-linux-gnu/libXau.so.6
xclip /lib/x86_64-linux-gnu/libXdmcp.so.6
xclip /lib/x86_64-linux-gnu/libuuid.so.1
xclip /lib/x86_64-linux-gnu/libbsd.so.0
xclip /lib/x86_64-linux-gnu/libmd.so.0
xclip /usr/share/X11/locale/locale.alias
xclip /usr/share/X11/locale/locale.dir
xclip /usr/share/X11/locale/C/XLC_LOCALE
xclip /usr/share/X11/locale/locale.alias
xclip /usr/share/X11/locale/locale.dir
xclip /usr/share/X11/locale/C/XLC_LOCALE
Xvfb /proc/1581/cmdline
xdotool /etc/ld.so.cache
xdotool /lib/x86_64-linux-gnu/libxdo.so.3
xdotool /lib/x86_64-linux-gnu/libm.so.6
xdotool /lib/x86_64-linux-gnu/libX11.so.6
xdotool /lib/x86_64-linux-gnu/libc.so.6
xdotool /lib/x86_64-linux-gnu/libXtst.so.6
xdotool /lib/x86_64-linux-gnu/libXinerama.so.1
xdotool /lib/x86_64-linux-gnu/libxkbcommon.so.0
xdotool /lib/x86_64-linux-gnu/libxcb.so.1
xdotool /lib/x86_64-linux-gnu/libXext.so.6
xdotool /lib/x86_64-linux-gnu/libXau.so.6
xdotool /lib/x86_64-linux-gnu/libXdmcp.so.6
xdotool /lib/x86_64-linux-gnu/libbsd.so.0
xdotool /lib/x86_64-linux-gnu/libmd.so.0
Xvfb /proc/1582/cmdline
xclip /etc/ld.so.cache
xclip /lib/x86_64-linux-gnu/libXmu.so.6
xclip /lib/x86_64-linux-gnu/libX11.so.6
xclip /lib/x86_64-linux-gnu/libc.so.6
xclip /lib/x86_64-linux-gnu/libXt.so.6
xclip /lib/x86_64-linux-gnu/libXext.so.6
xclip /lib/x86_64-linux-gnu/libxcb.so.1
xclip /lib/x86_64-linux-gnu/libSM.so.6
xclip /lib/x86_64-linux-gnu/libICE.so.6
xclip /lib/x86_64-linux-gnu/libXau.so.6
xclip /lib/x86_64-linux-gnu/libXdmcp.so.6
xclip /lib/x86_64-linux-gnu/libuuid.so.1
xclip /lib/x86_64-linux-gnu/libbsd.so.0
xclip /lib/x86_64-linux-gnu/libmd.so.0
xclip /usr/share/X11/locale/locale.alias
xclip /usr/share/X11/locale/locale.dir
xclip /usr/share/X11/locale/C/XLC_LOCALE
xclip /usr/share/X11/locale/locale.alias
xclip /usr/share/X11/locale/locale.dir
xclip /usr/share/X11/locale/C/XLC_LOCALE
Xvfb /proc/1583/cmdline
selkies /proc/stat
selkies /proc/meminfo
Chrome_ChildIOT /dev/shm/.org.chromium.Chromium.a1NMu2
xclip /etc/ld.so.cache
xclip /lib/x86_64-linux-gnu/libXmu.so.6
xclip /lib/x86_64-linux-gnu/libX11.so.6
xclip /lib/x86_64-linux-gnu/libc.so.6
xclip /lib/x86_64-linux-gnu/libXt.so.6
xclip /lib/x86_64-linux-gnu/libXext.so.6
xclip /lib/x86_64-linux-gnu/libxcb.so.1
xclip /lib/x86_64-linux-gnu/libSM.so.6
xclip /lib/x86_64-linux-gnu/libICE.so.6
xclip /lib/x86_64-linux-gnu/libXau.so.6
xclip /lib/x86_64-linux-gnu/libXdmcp.so.6
xclip /lib/x86_64-linux-gnu/libuuid.so.1
xclip /lib/x86_64-linux-gnu/libbsd.so.0
xclip /lib/x86_64-linux-gnu/libmd.so.0
xclip /usr/share/X11/locale/locale.alias
xclip /usr/share/X11/locale/locale.dir
xclip /usr/share/X11/locale/C/XLC_LOCALE
xclip /usr/share/X11/locale/locale.alias
xclip /usr/share/X11/locale/locale.dir
xclip /usr/share/X11/locale/C/XLC_LOCALE
Xvfb /proc/1584/cmdline
xclip /etc/ld.so.cache
xclip /lib/x86_64-linux-gnu/libXmu.so.6
xclip /lib/x86_64-linux-gnu/libX11.so.6
selkies /proc/stat
xclip /lib/x86_64-linux-gnu/libc.so.6
xclip /lib/x86_64-linux-gnu/libXt.so.6
selkies /proc/meminfo
xclip /lib/x86_64-linux-gnu/libXext.so.6
xclip /lib/x86_64-linux-gnu/libxcb.so.1
xclip /lib/x86_64-linux-gnu/libSM.so.6
xclip /lib/x86_64-linux-gnu/libICE.so.6
xclip /lib/x86_64-linux-gnu/libXau.so.6
xclip /lib/x86_64-linux-gnu/libXdmcp.so.6
xclip /lib/x86_64-linux-gnu/libuuid.so.1
xclip /lib/x86_64-linux-gnu/libbsd.so.0
xclip /lib/x86_64-linux-gnu/libmd.so.0
xclip /usr/share/X11/locale/locale.alias
xclip /usr/share/X11/locale/locale.dir
xclip /usr/share/X11/locale/C/XLC_LOCALE
xclip /usr/share/X11/locale/locale.alias
xclip /usr/share/X11/locale/locale.dir
xclip /usr/share/X11/locale/C/XLC_LOCALE
Xvfb /proc/1585/cmdline
libuv-worker /config/.config/Code/logs
xclip /etc/ld.so.cache
xclip /lib/x86_64-linux-gnu/libXmu.so.6
xclip /lib/x86_64-linux-gnu/libX11.so.6
xclip /lib/x86_64-linux-gnu/libc.so.6
xclip /lib/x86_64-linux-gnu/libXt.so.6
xclip /lib/x86_64-linux-gnu/libXext.so.6
xclip /lib/x86_64-linux-gnu/libxcb.so.1
xclip /lib/x86_64-linux-gnu/libSM.so.6
xclip /lib/x86_64-linux-gnu/libICE.so.6
xclip /lib/x86_64-linux-gnu/libXau.so.6
xclip /lib/x86_64-linux-gnu/libXdmcp.so.6
xclip /lib/x86_64-linux-gnu/libuuid.so.1
xclip /lib/x86_64-linux-gnu/libbsd.so.0
xclip /lib/x86_64-linux-gnu/libmd.so.0
xclip /usr/share/X11/locale/locale.alias
xclip /usr/share/X11/locale/locale.dir
xclip /usr/share/X11/locale/C/XLC_LOCALE
xclip /usr/share/X11/locale/locale.alias
xclip /usr/share/X11/locale/locale.dir
xclip /usr/share/X11/locale/C/XLC_LOCALE
Xvfb /proc/1588/cmdline
selkies /proc/stat
selkies /proc/meminfo
xclip /etc/ld.so.cache
xclip /lib/x86_64-linux-gnu/libXmu.so.6
xclip /lib/x86_64-linux-gnu/libX11.so.6
xclip /lib/x86_64-linux-gnu/libc.so.6
xclip /lib/x86_64-linux-gnu/libXt.so.6
xclip /lib/x86_64-linux-gnu/libXext.so.6
xclip /lib/x86_64-linux-gnu/libxcb.so.1
xclip /lib/x86_64-linux-gnu/libSM.so.6
xclip /lib/x86_64-linux-gnu/libICE.so.6
xclip /lib/x86_64-linux-gnu/libXau.so.6
xclip /lib/x86_64-linux-gnu/libXdmcp.so.6
xclip /lib/x86_64-linux-gnu/libuuid.so.1
xclip /lib/x86_64-linux-gnu/libbsd.so.0
xclip /lib/x86_64-linux-gnu/libmd.so.0
xclip /usr/share/X11/locale/locale.alias
xclip /usr/share/X11/locale/locale.dir
xclip /usr/share/X11/locale/C/XLC_LOCALE
xclip /usr/share/X11/locale/locale.alias
xclip /usr/share/X11/locale/locale.dir
xclip /usr/share/X11/locale/C/XLC_LOCALE
Xvfb /proc/1594/cmdline
Chrome_IOThread /dev/shm/.org.chromium.Chromium.gg3T1K
Chrome_IOThread /dev/shm/.org.chromium.Chromium.gg3T1K
xclip /etc/ld.so.cache
xclip /lib/x86_64-linux-gnu/libXmu.so.6
xclip /lib/x86_64-linux-gnu/libX11.so.6
xclip /lib/x86_64-linux-gnu/libc.so.6
xclip /lib/x86_64-linux-gnu/libXt.so.6
xclip /lib/x86_64-linux-gnu/libXext.so.6
xclip /lib/x86_64-linux-gnu/libxcb.so.1
xclip /lib/x86_64-linux-gnu/libSM.so.6
xclip /lib/x86_64-linux-gnu/libICE.so.6
xclip /lib/x86_64-linux-gnu/libXau.so.6
xclip /lib/x86_64-linux-gnu/libXdmcp.so.6
xclip /lib/x86_64-linux-gnu/libuuid.so.1
xclip /lib/x86_64-linux-gnu/libbsd.so.0
xclip /lib/x86_64-linux-gnu/libmd.so.0
xclip /usr/share/X11/locale/locale.alias
xclip /usr/share/X11/locale/locale.dir
xclip /usr/share/X11/locale/C/XLC_LOCALE
xclip /usr/share/X11/locale/locale.alias
xclip /usr/share/X11/locale/locale.dir
xclip /usr/share/X11/locale/C/XLC_LOCALE
Xvfb /proc/1597/cmdline
selkies /proc/stat
selkies /proc/meminfo
xclip /etc/ld.so.cache
xclip /lib/x86_64-linux-gnu/libXmu.so.6
xclip /lib/x86_64-linux-gnu/libX11.so.6
xclip /lib/x86_64-linux-gnu/libc.so.6
xclip /lib/x86_64-linux-gnu/libXt.so.6
xclip /lib/x86_64-linux-gnu/libXext.so.6
xclip /lib/x86_64-linux-gnu/libxcb.so.1
xclip /lib/x86_64-linux-gnu/libSM.so.6
xclip /lib/x86_64-linux-gnu/libICE.so.6
xclip /lib/x86_64-linux-gnu/libXau.so.6
xclip /lib/x86_64-linux-gnu/libXdmcp.so.6
xclip /lib/x86_64-linux-gnu/libuuid.so.1
xclip /lib/x86_64-linux-gnu/libbsd.so.0
xclip /lib/x86_64-linux-gnu/libmd.so.0
xclip /usr/share/X11/locale/locale.alias
xclip /usr/share/X11/locale/locale.dir
xclip /usr/share/X11/locale/C/XLC_LOCALE
xclip /usr/share/X11/locale/locale.alias
xclip /usr/share/X11/locale/locale.dir
xclip /usr/share/X11/locale/C/XLC_LOCALE
Xvfb /proc/1610/cmdline
xclip /etc/ld.so.cache
xclip /lib/x86_64-linux-gnu/libXmu.so.6
xclip /lib/x86_64-linux-gnu/libX11.so.6
xclip /lib/x86_64-linux-gnu/libc.so.6
xclip /lib/x86_64-linux-gnu/libXt.so.6
xclip /lib/x86_64-linux-gnu/libXext.so.6
xclip /lib/x86_64-linux-gnu/libxcb.so.1
xclip /lib/x86_64-linux-gnu/libSM.so.6
xclip /lib/x86_64-linux-gnu/libICE.so.6
xclip /lib/x86_64-linux-gnu/libXau.so.6
xclip /lib/x86_64-linux-gnu/libXdmcp.so.6
xclip /lib/x86_64-linux-gnu/libuuid.so.1
xclip /lib/x86_64-linux-gnu/libbsd.so.0
xclip /lib/x86_64-linux-gnu/libmd.so.0
xclip /usr/share/X11/locale/locale.alias
xclip /usr/share/X11/locale/locale.dir
xclip /usr/share/X11/locale/C/XLC_LOCALE
xclip /usr/share/X11/locale/locale.alias
xclip /usr/share/X11/locale/locale.dir
xclip /usr/share/X11/locale/C/XLC_LOCALE
Xvfb /proc/1623/cmdline
selkies /proc/stat
selkies /proc/meminfo
xclip /etc/ld.so.cache
xclip /lib/x86_64-linux-gnu/libXmu.so.6
xclip /lib/x86_64-linux-gnu/libX11.so.6
xclip /lib/x86_64-linux-gnu/libc.so.6
xclip /lib/x86_64-linux-gnu/libXt.so.6
xclip /lib/x86_64-linux-gnu/libXext.so.6
xclip /lib/x86_64-linux-gnu/libxcb.so.1
xclip /lib/x86_64-linux-gnu/libSM.so.6
xclip /lib/x86_64-linux-gnu/libICE.so.6
xclip /lib/x86_64-linux-gnu/libXau.so.6
xclip /lib/x86_64-linux-gnu/libXdmcp.so.6
xclip /lib/x86_64-linux-gnu/libuuid.so.1
xclip /lib/x86_64-linux-gnu/libbsd.so.0
xclip /lib/x86_64-linux-gnu/libmd.so.0
xclip /usr/share/X11/locale/locale.alias
xclip /usr/share/X11/locale/locale.dir
xclip /usr/share/X11/locale/C/XLC_LOCALE
xclip /usr/share/X11/locale/locale.alias
xclip /usr/share/X11/locale/locale.dir
xclip /usr/share/X11/locale/C/XLC_LOCALE
Xvfb /proc/1631/cmdline
xclip /etc/ld.so.cache
xclip /lib/x86_64-linux-gnu/libXmu.so.6
xclip /lib/x86_64-linux-gnu/libX11.so.6
xclip /lib/x86_64-linux-gnu/libc.so.6
xclip /lib/x86_64-linux-gnu/libXt.so.6
xclip /lib/x86_64-linux-gnu/libXext.so.6
xclip /lib/x86_64-linux-gnu/libxcb.so.1
xclip /lib/x86_64-linux-gnu/libSM.so.6
xclip /lib/x86_64-linux-gnu/libICE.so.6
xclip /lib/x86_64-linux-gnu/libXau.so.6
xclip /lib/x86_64-linux-gnu/libXdmcp.so.6
xclip /lib/x86_64-linux-gnu/libuuid.so.1
xclip /lib/x86_64-linux-gnu/libbsd.so.0
xclip /lib/x86_64-linux-gnu/libmd.so.0
xclip /usr/share/X11/locale/locale.alias
xclip /usr/share/X11/locale/locale.dir
xclip /usr/share/X11/locale/C/XLC_LOCALE
xclip /usr/share/X11/locale/locale.alias
xclip /usr/share/X11/locale/locale.dir
xclip /usr/share/X11/locale/C/XLC_LOCALE
Xvfb /proc/1638/cmdline
code /usr/share/code/resources/app/out/package.json
code /config/.config/Code/logs/20260515T002957/window1/textModelChanges.log
Chrome_IOThread /dev/shm/.org.chromium.Chromium.d50P5X
Chrome_IOThread /dev/shm/.org.chromium.Chromium.d50P5X
Chrome_IOThread /dev/shm/.org.chromium.Chromium.wkz66F
Chrome_IOThread /dev/shm/.org.chromium.Chromium.wkz66F
Chrome_IOThread /dev/shm/.org.chromium.Chromium.m0Vsp0
Chrome_IOThread /dev/shm/.org.chromium.Chromium.m0Vsp0
Chrome_IOThread /dev/shm/.org.chromium.Chromium.jonxrw
Chrome_IOThread /dev/shm/.org.chromium.Chromium.jonxrw
Chrome_IOThread /dev/shm/.org.chromium.Chromium.ICyXfr
Chrome_IOThread /dev/shm/.org.chromium.Chromium.ICyXfr
Chrome_IOThread /dev/shm/.org.chromium.Chromium.GXELuv
Chrome_IOThread /dev/shm/.org.chromium.Chromium.GXELuv
Chrome_IOThread /dev/shm/.org.chromium.Chromium.Z8Z685
Chrome_IOThread /dev/shm/.org.chromium.Chromium.Z8Z685
Chrome_IOThread /dev/shm/.org.chromium.Chromium.b0g0Qc
Chrome_IOThread /dev/shm/.org.chromium.Chromium.b0g0Qc
Chrome_IOThread /dev/shm/.org.chromium.Chromium.UQo7yq
Chrome_IOThread /dev/shm/.org.chromium.Chromium.UQo7yq
Chrome_IOThread /dev/shm/.org.chromium.Chromium.ZWiFjx
Chrome_IOThread /dev/shm/.org.chromium.Chromium.ZWiFjx
Chrome_IOThread /dev/shm/.org.chromium.Chromium.sE1y0R
Chrome_IOThread /dev/shm/.org.chromium.Chromium.sE1y0R
Chrome_IOThread /dev/shm/.org.chromium.Chromium.W2Rfep
Chrome_IOThread /dev/shm/.org.chromium.Chromium.W2Rfep
Chrome_IOThread /dev/shm/.org.chromium.Chromium.Sj2NEK
Chrome_IOThread /dev/shm/.org.chromium.Chromium.Sj2NEK
Chrome_IOThread /dev/shm/.org.chromium.Chromium.iNOHHy
Chrome_IOThread /dev/shm/.org.chromium.Chromium.iNOHHy
Chrome_IOThread /dev/shm/.org.chromium.Chromium.oLMVml
Chrome_IOThread /dev/shm/.org.chromium.Chromium.oLMVml
Chrome_IOThread /dev/shm/.org.chromium.Chromium.7xgyhz
Chrome_IOThread /dev/shm/.org.chromium.Chromium.7xgyhz
Chrome_IOThread /dev/shm/.org.chromium.Chromium.SmkOjU
Chrome_IOThread /dev/shm/.org.chromium.Chromium.SmkOjU
Chrome_IOThread /dev/shm/.org.chromium.Chromium.2NlZoJ
Chrome_IOThread /dev/shm/.org.chromium.Chromium.2NlZoJ
Chrome_IOThread /dev/shm/.org.chromium.Chromium.EfAyzu
Chrome_IOThread /dev/shm/.org.chromium.Chromium.EfAyzu
Chrome_IOThread /dev/shm/.org.chromium.Chromium.9rn8iV
Chrome_IOThread /dev/shm/.org.chromium.Chromium.9rn8iV
plasmashell /config/.local/share/kservices5
plasmashell /config/.local/share/mime
plasmashell /etc/xdg/menus
Chrome_IOThread /dev/shm/.org.chromium.Chromium.wWcQIj
plasmashell /usr/local/share/kservices5
Chrome_IOThread /dev/shm/.org.chromium.Chromium.wWcQIj
plasmashell /usr/local/share/mime
plasmashell /usr/share/kservices5
plasmashell /usr/share/kservices5/ServiceMenus
Chrome_IOThread /dev/shm/.org.chromium.Chromium.7E1Bea
Chrome_IOThread /dev/shm/.org.chromium.Chromium.7E1Bea
plasmashell /usr/share/kservices5/qimageioplugins
plasmashell /usr/share/kservices5/searchproviders
plasmashell /usr/share/mime
Chrome_IOThread /dev/shm/.org.chromium.Chromium.N6d466
Chrome_IOThread /dev/shm/.org.chromium.Chromium.N6d466
plasmashell /usr/share/mime/application
plasmashell /usr/share/mime/audio
Chrome_IOThread /dev/shm/.org.chromium.Chromium.G9OPCe
plasmashell /usr/share/mime/chemical
Chrome_IOThread /dev/shm/.org.chromium.Chromium.G9OPCe
plasmashell /usr/share/mime/font
plasmashell /usr/share/mime/image
plasmashell /usr/share/mime/inode
Chrome_IOThread /dev/shm/.org.chromium.Chromium.lfT8O1
Chrome_IOThread /dev/shm/.org.chromium.Chromium.lfT8O1
plasmashell /usr/share/mime/message
plasmashell /usr/share/mime/model
plasmashell /usr/share/mime/multipart
Chrome_IOThread /dev/shm/.org.chromium.Chromium.eYyPUl
Chrome_IOThread /dev/shm/.org.chromium.Chromium.eYyPUl
plasmashell /usr/share/mime/packages
plasmashell /usr/share/mime/text
plasmashell /usr/share/mime/video
Chrome_IOThread /dev/shm/.org.chromium.Chromium.sU1s4v
Chrome_IOThread /dev/shm/.org.chromium.Chromium.sU1s4v
plasmashell /usr/share/mime/x-content
plasmashell /usr/share/mime/x-epoc
Chrome_IOThread /dev/shm/.org.chromium.Chromium.uYnNcW
Chrome_IOThread /dev/shm/.org.chromium.Chromium.uYnNcW
Chrome_IOThread /dev/shm/.org.chromium.Chromium.LovMQI
Chrome_IOThread /dev/shm/.org.chromium.Chromium.LovMQI
Chrome_IOThread /dev/shm/.org.chromium.Chromium.LSfXxP
Chrome_IOThread /dev/shm/.org.chromium.Chromium.LSfXxP
Chrome_IOThread /dev/shm/.org.chromium.Chromium.EgHY78
Chrome_IOThread /dev/shm/.org.chromium.Chromium.EgHY78
Chrome_IOThread /dev/shm/.org.chromium.Chromium.yzQJ7S
Chrome_IOThread /dev/shm/.org.chromium.Chromium.yzQJ7S
Chrome_IOThread /dev/shm/.org.chromium.Chromium.uPkFZl
Chrome_IOThread /dev/shm/.org.chromium.Chromium.uPkFZl
Chrome_IOThread /dev/shm/.org.chromium.Chromium.WLhaas
Chrome_IOThread /dev/shm/.org.chromium.Chromium.WLhaas
Chrome_IOThread /dev/shm/.org.chromium.Chromium.kLWpwC
Chrome_IOThread /dev/shm/.org.chromium.Chromium.kLWpwC
Chrome_IOThread /dev/shm/.org.chromium.Chromium.khkm32
Chrome_IOThread /dev/shm/.org.chromium.Chromium.khkm32
Chrome_IOThread /dev/shm/.org.chromium.Chromium.CyyVP8
Chrome_IOThread /dev/shm/.org.chromium.Chromium.CyyVP8
Chrome_IOThread /dev/shm/.org.chromium.Chromium.oMxn3i
Chrome_IOThread /dev/shm/.org.chromium.Chromium.oMxn3i
Chrome_IOThread /dev/shm/.org.chromium.Chromium.ymGUCl
Chrome_IOThread /dev/shm/.org.chromium.Chromium.ymGUCl
Chrome_IOThread /dev/shm/.org.chromium.Chromium.0TuDMD
Chrome_IOThread /dev/shm/.org.chromium.Chromium.0TuDMD
selkies /proc/stat
selkies /proc/meminfo
ThreadPoolForeg /config/.icons/breeze_cursors/cursors/text
ThreadPoolForeg /config/.icons/breeze_cursors/index.theme
ThreadPoolForeg /usr/share/icons/breeze_cursors/cursors/text
xclip /etc/ld.so.cache
xclip /lib/x86_64-linux-gnu/libXmu.so.6
xclip /lib/x86_64-linux-gnu/libX11.so.6
xclip /lib/x86_64-linux-gnu/libc.so.6
xclip /lib/x86_64-linux-gnu/libXt.so.6
xclip /lib/x86_64-linux-gnu/libXext.so.6
xclip /lib/x86_64-linux-gnu/libxcb.so.1
xclip /lib/x86_64-linux-gnu/libSM.so.6
xclip /lib/x86_64-linux-gnu/libICE.so.6
xclip /lib/x86_64-linux-gnu/libXau.so.6
xclip /lib/x86_64-linux-gnu/libXdmcp.so.6
xclip /lib/x86_64-linux-gnu/libuuid.so.1
xclip /lib/x86_64-linux-gnu/libbsd.so.0
xclip /lib/x86_64-linux-gnu/libmd.so.0
xclip /usr/share/X11/locale/locale.alias
xclip /usr/share/X11/locale/locale.dir
xclip /usr/share/X11/locale/C/XLC_LOCALE
xclip /usr/share/X11/locale/locale.alias
xclip /usr/share/X11/locale/locale.dir
xclip /usr/share/X11/locale/C/XLC_LOCALE
Xvfb /proc/1661/cmdline
xclip /etc/ld.so.cache
xclip /lib/x86_64-linux-gnu/libXmu.so.6
xclip /lib/x86_64-linux-gnu/libX11.so.6
xclip /lib/x86_64-linux-gnu/libc.so.6
xclip /lib/x86_64-linux-gnu/libXt.so.6
xclip /lib/x86_64-linux-gnu/libXext.so.6
xclip /lib/x86_64-linux-gnu/libxcb.so.1
xclip /lib/x86_64-linux-gnu/libSM.so.6
xclip /lib/x86_64-linux-gnu/libICE.so.6
xclip /lib/x86_64-linux-gnu/libXau.so.6
xclip /lib/x86_64-linux-gnu/libXdmcp.so.6
xclip /lib/x86_64-linux-gnu/libuuid.so.1
xclip /lib/x86_64-linux-gnu/libbsd.so.0
xclip /lib/x86_64-linux-gnu/libmd.so.0
xclip /usr/share/X11/locale/locale.alias
xclip /usr/share/X11/locale/locale.dir
xclip /usr/share/X11/locale/C/XLC_LOCALE
xclip /usr/share/X11/locale/locale.alias
xclip /usr/share/X11/locale/locale.dir
xclip /usr/share/X11/locale/C/XLC_LOCALE
Xvfb /proc/1693/cmdline
Chrome_IOThread /dev/shm/.org.chromium.Chromium.AH96PT
Chrome_IOThread /dev/shm/.org.chromium.Chromium.BPPmQ6
ThreadPoolSingl /proc/1219/task
ThreadPoolSingl /proc/1219/task/1219/status
ThreadPoolSingl /proc/1219/task/1236/status
ThreadPoolSingl /proc/1219/task/1237/status
ThreadPoolSingl /proc/1219/task/1238/status
ThreadPoolSingl /proc/1219/task/1239/status
ThreadPoolSingl /proc/1219/task/1240/status
ThreadPoolSingl /proc/1219/task/1249/status
ThreadPoolSingl /proc/1219/task/1250/status
ThreadPoolSingl /proc/1219/task/1259/status
ThreadPoolSingl /proc/1219/task/1334/status
ThreadPoolSingl /proc/1219/task/1336/status
ThreadPoolSingl /proc/1219/task/1337/status
ThreadPoolSingl /proc/1219/task/1338/status
ThreadPoolSingl /proc/1219/task/1339/status
ThreadPoolSingl /proc/1219/task/1340/status
ThreadPoolSingl /proc/1219/task/1381/status
ThreadPoolSingl /proc/1219/task/1414/status
ThreadPoolSingl /proc/1219/task/1415/status
ThreadPoolSingl /proc/1219/task/1416/status
ThreadPoolSingl /proc/1219/task/1417/status
ThreadPoolSingl /proc/1219/task/1418/status
ThreadPoolSingl /proc/1219/task/1419/status
ThreadPoolSingl /proc/1219/task/1464/status
ThreadPoolSingl /proc/1219/task/1696/status
ThreadPoolForeg /dev/shm/.org.chromium.Chromium.iHFT4I
ThreadPoolForeg /usr/share/code/resources/app/out/vs/workbench/services/languageDetection/browser/languageDetectionWebWorkerMain.js
ThreadPoolForeg /config/.config/Code/CachedData/8b640eef5a6c6089c029249d48efa5c99adf7d51/chrome/js/5133347f33562403_0
Chrome_IOThread /dev/shm/.org.chromium.Chromium.dpZWYQ
Chrome_IOThread /dev/shm/.org.chromium.Chromium.dpZWYQ
libuv-worker /usr/share/code/resources/app/extensions/bat/snippets/batchfile.code-snippets
libuv-worker /usr/share/code/resources/app/extensions/coffeescript/snippets/coffeescript.code-snippets
libuv-worker /usr/share/code/resources/app/extensions/cpp/snippets/c.code-snippets
libuv-worker /usr/share/code/resources/app/extensions/cpp/snippets/cpp.code-snippets
libuv-worker /usr/share/code/resources/app/extensions/csharp/snippets/csharp.code-snippets
libuv-worker /usr/share/code/resources/app/extensions/fsharp/snippets/fsharp.code-snippets
libuv-worker /usr/share/code/resources/app/extensions/groovy/snippets/groovy.code-snippets
libuv-worker /usr/share/code/resources/app/extensions/html/snippets/html.code-snippets
libuv-worker /usr/share/code/resources/app/extensions/java/snippets/java.code-snippets
libuv-worker /usr/share/code/resources/app/extensions/javascript/snippets/javascript.code-snippets
libuv-worker /usr/share/code/resources/app/extensions/markdown-basics/snippets/markdown.code-snippets
libuv-worker /usr/share/code/resources/app/extensions/php/snippets/php.code-snippets
libuv-worker /usr/share/code/resources/app/extensions/swift/snippets/swift.code-snippets
libuv-worker /usr/share/code/resources/app/extensions/typescript-basics/snippets/typescript.code-snippets
libuv-worker /usr/share/code/resources/app/extensions/vb/snippets/vb.code-snippets
selkies /proc/stat
selkies /proc/meminfo
xclip /etc/ld.so.cache
xclip /lib/x86_64-linux-gnu/libXmu.so.6
xclip /lib/x86_64-linux-gnu/libX11.so.6
xclip /lib/x86_64-linux-gnu/libc.so.6
xclip /lib/x86_64-linux-gnu/libXt.so.6
xclip /lib/x86_64-linux-gnu/libXext.so.6
xclip /lib/x86_64-linux-gnu/libxcb.so.1
xclip /lib/x86_64-linux-gnu/libSM.so.6
xclip /lib/x86_64-linux-gnu/libICE.so.6
xclip /lib/x86_64-linux-gnu/libXau.so.6
xclip /lib/x86_64-linux-gnu/libXdmcp.so.6
xclip /lib/x86_64-linux-gnu/libuuid.so.1
xclip /lib/x86_64-linux-gnu/libbsd.so.0
xclip /lib/x86_64-linux-gnu/libmd.so.0
xclip /usr/share/X11/locale/locale.alias
xclip /usr/share/X11/locale/locale.dir
xclip /usr/share/X11/locale/C/XLC_LOCALE
xclip /usr/share/X11/locale/locale.alias
xclip /usr/share/X11/locale/locale.dir
xclip /usr/share/X11/locale/C/XLC_LOCALE
Xvfb /proc/1726/cmdline
xdotool /etc/ld.so.cache
xdotool /lib/x86_64-linux-gnu/libxdo.so.3
xdotool /lib/x86_64-linux-gnu/libm.so.6
xdotool /lib/x86_64-linux-gnu/libX11.so.6
xdotool /lib/x86_64-linux-gnu/libc.so.6
xdotool /lib/x86_64-linux-gnu/libXtst.so.6
xdotool /lib/x86_64-linux-gnu/libXinerama.so.1
xdotool /lib/x86_64-linux-gnu/libxkbcommon.so.0
xdotool /lib/x86_64-linux-gnu/libxcb.so.1
xdotool /lib/x86_64-linux-gnu/libXext.so.6
xdotool /lib/x86_64-linux-gnu/libXau.so.6
xdotool /lib/x86_64-linux-gnu/libXdmcp.so.6
xdotool /lib/x86_64-linux-gnu/libbsd.so.0
xdotool /lib/x86_64-linux-gnu/libmd.so.0
Xvfb /proc/1735/cmdline
ThreadPoolForeg /dev/shm/.org.chromium.Chromium.DkMATa
ThreadPoolForeg /usr/share/code/resources/app/node_modules/@vscode/vscode-languagedetection/dist/lib/index.js
ThreadPoolForeg /config/.config/Code/CachedData/8b640eef5a6c6089c029249d48efa5c99adf7d51/chrome/js/7205d03943667f58_0
ThreadPoolForeg /dev/shm/.org.chromium.Chromium.4qHP3N
ThreadPoolForeg /usr/share/code/resources/app/node_modules/vscode-regexp-languagedetection/dist/index.js
ThreadPoolForeg /config/.config/Code/CachedData/8b640eef5a6c6089c029249d48efa5c99adf7d51/chrome/js/f4a89e6912958945_0
xclip /etc/ld.so.cache
xclip /lib/x86_64-linux-gnu/libXmu.so.6
xclip /lib/x86_64-linux-gnu/libX11.so.6
xclip /lib/x86_64-linux-gnu/libc.so.6
xclip /lib/x86_64-linux-gnu/libXt.so.6
xclip /lib/x86_64-linux-gnu/libXext.so.6
xclip /lib/x86_64-linux-gnu/libxcb.so.1
xclip /lib/x86_64-linux-gnu/libSM.so.6
xclip /lib/x86_64-linux-gnu/libICE.so.6
xclip /lib/x86_64-linux-gnu/libXau.so.6
xclip /lib/x86_64-linux-gnu/libXdmcp.so.6
xclip /lib/x86_64-linux-gnu/libuuid.so.1
xclip /lib/x86_64-linux-gnu/libbsd.so.0
xclip /lib/x86_64-linux-gnu/libmd.so.0
xclip /usr/share/X11/locale/locale.alias
xclip /usr/share/X11/locale/locale.dir
xclip /usr/share/X11/locale/C/XLC_LOCALE
xclip /usr/share/X11/locale/locale.alias
xclip /usr/share/X11/locale/locale.dir
xclip /usr/share/X11/locale/C/XLC_LOCALE
Xvfb /proc/1743/cmdline
Chrome_ChildIOT /dev/shm/.org.chromium.Chromium.nD3b3g
xdotool /etc/ld.so.cache
xdotool /lib/x86_64-linux-gnu/libxdo.so.3
xdotool /lib/x86_64-linux-gnu/libm.so.6
xdotool /lib/x86_64-linux-gnu/libX11.so.6
xdotool /lib/x86_64-linux-gnu/libc.so.6
xdotool /lib/x86_64-linux-gnu/libXtst.so.6
xdotool /lib/x86_64-linux-gnu/libXinerama.so.1
xdotool /lib/x86_64-linux-gnu/libxkbcommon.so.0
xdotool /lib/x86_64-linux-gnu/libxcb.so.1
xdotool /lib/x86_64-linux-gnu/libXext.so.6
xdotool /lib/x86_64-linux-gnu/libXau.so.6
xdotool /lib/x86_64-linux-gnu/libXdmcp.so.6
xdotool /lib/x86_64-linux-gnu/libbsd.so.0
xdotool /lib/x86_64-linux-gnu/libmd.so.0
Xvfb /proc/1752/cmdline
selkies /proc/stat
selkies /proc/meminfo
xclip /etc/ld.so.cache
xclip /lib/x86_64-linux-gnu/libXmu.so.6
xclip /lib/x86_64-linux-gnu/libX11.so.6
xclip /lib/x86_64-linux-gnu/libc.so.6
xclip /lib/x86_64-linux-gnu/libXt.so.6
xclip /lib/x86_64-linux-gnu/libXext.so.6
xclip /lib/x86_64-linux-gnu/libxcb.so.1
xclip /lib/x86_64-linux-gnu/libSM.so.6
xclip /lib/x86_64-linux-gnu/libICE.so.6
xclip /lib/x86_64-linux-gnu/libXau.so.6
xclip /lib/x86_64-linux-gnu/libXdmcp.so.6
xclip /lib/x86_64-linux-gnu/libuuid.so.1
xclip /lib/x86_64-linux-gnu/libbsd.so.0
xclip /lib/x86_64-linux-gnu/libmd.so.0
xclip /usr/share/X11/locale/locale.alias
xclip /usr/share/X11/locale/locale.dir
xclip /usr/share/X11/locale/C/XLC_LOCALE
xclip /usr/share/X11/locale/locale.alias
xclip /usr/share/X11/locale/locale.dir
xclip /usr/share/X11/locale/C/XLC_LOCALE
Xvfb /proc/1775/cmdline
xdotool /etc/ld.so.cache
xdotool /lib/x86_64-linux-gnu/libxdo.so.3
xdotool /lib/x86_64-linux-gnu/libm.so.6
xdotool /lib/x86_64-linux-gnu/libX11.so.6
xdotool /lib/x86_64-linux-gnu/libc.so.6
xdotool /lib/x86_64-linux-gnu/libXtst.so.6
xdotool /lib/x86_64-linux-gnu/libXinerama.so.1
xdotool /lib/x86_64-linux-gnu/libxkbcommon.so.0
xdotool /lib/x86_64-linux-gnu/libxcb.so.1
xdotool /lib/x86_64-linux-gnu/libXext.so.6
xdotool /lib/x86_64-linux-gnu/libXau.so.6
xdotool /lib/x86_64-linux-gnu/libXdmcp.so.6
xdotool /lib/x86_64-linux-gnu/libbsd.so.0
xdotool /lib/x86_64-linux-gnu/libmd.so.0
Xvfb /proc/1805/cmdline
xclip /etc/ld.so.cache
xclip /lib/x86_64-linux-gnu/libXmu.so.6
xclip /lib/x86_64-linux-gnu/libX11.so.6
xclip /lib/x86_64-linux-gnu/libc.so.6
xclip /lib/x86_64-linux-gnu/libXt.so.6
xclip /lib/x86_64-linux-gnu/libXext.so.6
xclip /lib/x86_64-linux-gnu/libxcb.so.1
xclip /lib/x86_64-linux-gnu/libSM.so.6
xclip /lib/x86_64-linux-gnu/libICE.so.6
xclip /lib/x86_64-linux-gnu/libXau.so.6
xclip /lib/x86_64-linux-gnu/libXdmcp.so.6
xclip /lib/x86_64-linux-gnu/libuuid.so.1
xclip /lib/x86_64-linux-gnu/libbsd.so.0
xclip /lib/x86_64-linux-gnu/libmd.so.0
xclip /usr/share/X11/locale/locale.alias
xclip /usr/share/X11/locale/locale.dir
xclip /usr/share/X11/locale/C/XLC_LOCALE
xclip /usr/share/X11/locale/locale.alias
xclip /usr/share/X11/locale/locale.dir
xclip /usr/share/X11/locale/C/XLC_LOCALE
Xvfb /proc/1808/cmdline
selkies /proc/stat
selkies /proc/meminfo
Chrome_IOThread /dev/shm/.org.chromium.Chromium.7PhDHX
Chrome_IOThread /dev/shm/.org.chromium.Chromium.7PhDHX
Chrome_IOThread /dev/shm/.org.chromium.Chromium.iSLs65
Chrome_IOThread /dev/shm/.org.chromium.Chromium.iSLs65
xdotool /etc/ld.so.cache
xdotool /lib/x86_64-linux-gnu/libxdo.so.3
xdotool /lib/x86_64-linux-gnu/libm.so.6
xdotool /lib/x86_64-linux-gnu/libX11.so.6
xdotool /lib/x86_64-linux-gnu/libc.so.6
xdotool /lib/x86_64-linux-gnu/libXtst.so.6
xdotool /lib/x86_64-linux-gnu/libXinerama.so.1
xdotool /lib/x86_64-linux-gnu/libxkbcommon.so.0
xdotool /lib/x86_64-linux-gnu/libxcb.so.1
xdotool /lib/x86_64-linux-gnu/libXext.so.6
xdotool /lib/x86_64-linux-gnu/libXau.so.6
xdotool /lib/x86_64-linux-gnu/libXdmcp.so.6
xdotool /lib/x86_64-linux-gnu/libbsd.so.0
xdotool /lib/x86_64-linux-gnu/libmd.so.0
Xvfb /proc/1836/cmdline
Chrome_IOThread /dev/shm/.org.chromium.Chromium.Zyqm5j
Chrome_IOThread /dev/shm/.org.chromium.Chromium.Zyqm5j
Chrome_IOThread /dev/shm/.org.chromium.Chromium.xoElsn
Chrome_IOThread /dev/shm/.org.chromium.Chromium.xoElsn
xclip /etc/ld.so.cache
xclip /lib/x86_64-linux-gnu/libXmu.so.6
xclip /lib/x86_64-linux-gnu/libX11.so.6
xclip /lib/x86_64-linux-gnu/libc.so.6
xclip /lib/x86_64-linux-gnu/libXt.so.6
xclip /lib/x86_64-linux-gnu/libXext.so.6
xclip /lib/x86_64-linux-gnu/libxcb.so.1
xclip /lib/x86_64-linux-gnu/libSM.so.6
xclip /lib/x86_64-linux-gnu/libICE.so.6
xclip /lib/x86_64-linux-gnu/libXau.so.6
xclip /lib/x86_64-linux-gnu/libXdmcp.so.6
xclip /lib/x86_64-linux-gnu/libuuid.so.1
xclip /lib/x86_64-linux-gnu/libbsd.so.0
xclip /lib/x86_64-linux-gnu/libmd.so.0
xclip /usr/share/X11/locale/locale.alias
xclip /usr/share/X11/locale/locale.dir
xclip /usr/share/X11/locale/C/XLC_LOCALE
xclip /usr/share/X11/locale/locale.alias
xclip /usr/share/X11/locale/locale.dir
xclip /usr/share/X11/locale/C/XLC_LOCALE
Xvfb /proc/1841/cmdline
xclip /etc/ld.so.cache
xclip /lib/x86_64-linux-gnu/libXmu.so.6
xclip /lib/x86_64-linux-gnu/libX11.so.6
xclip /lib/x86_64-linux-gnu/libc.so.6
xclip /lib/x86_64-linux-gnu/libXt.so.6
xclip /lib/x86_64-linux-gnu/libXext.so.6
xclip /lib/x86_64-linux-gnu/libxcb.so.1
xclip /lib/x86_64-linux-gnu/libSM.so.6
xclip /lib/x86_64-linux-gnu/libICE.so.6
xclip /lib/x86_64-linux-gnu/libXau.so.6
xclip /lib/x86_64-linux-gnu/libXdmcp.so.6
xclip /lib/x86_64-linux-gnu/libuuid.so.1
xclip /lib/x86_64-linux-gnu/libbsd.so.0
xclip /lib/x86_64-linux-gnu/libmd.so.0
xclip /usr/share/X11/locale/locale.alias
xclip /usr/share/X11/locale/locale.dir
xclip /usr/share/X11/locale/C/XLC_LOCALE
xclip /usr/share/X11/locale/locale.alias
xclip /usr/share/X11/locale/locale.dir
xclip /usr/share/X11/locale/C/XLC_LOCALE
Xvfb /proc/1873/cmdline
selkies /proc/stat
selkies /proc/meminfo
xdotool /etc/ld.so.cache
xdotool /lib/x86_64-linux-gnu/libxdo.so.3
xdotool /lib/x86_64-linux-gnu/libm.so.6
xdotool /lib/x86_64-linux-gnu/libX11.so.6
xdotool /lib/x86_64-linux-gnu/libc.so.6
xdotool /lib/x86_64-linux-gnu/libXtst.so.6
xdotool /lib/x86_64-linux-gnu/libXinerama.so.1
xdotool /lib/x86_64-linux-gnu/libxkbcommon.so.0
xdotool /lib/x86_64-linux-gnu/libxcb.so.1
xdotool /lib/x86_64-linux-gnu/libXext.so.6
xdotool /lib/x86_64-linux-gnu/libXau.so.6
xdotool /lib/x86_64-linux-gnu/libXdmcp.so.6
xdotool /lib/x86_64-linux-gnu/libbsd.so.0
xdotool /lib/x86_64-linux-gnu/libmd.so.0
Xvfb /proc/1889/cmdline
xclip /etc/ld.so.cache
xclip /lib/x86_64-linux-gnu/libXmu.so.6
xclip /lib/x86_64-linux-gnu/libX11.so.6
xclip /lib/x86_64-linux-gnu/libc.so.6
xclip /lib/x86_64-linux-gnu/libXt.so.6
xclip /lib/x86_64-linux-gnu/libXext.so.6
xclip /lib/x86_64-linux-gnu/libxcb.so.1
xclip /lib/x86_64-linux-gnu/libSM.so.6
xclip /lib/x86_64-linux-gnu/libICE.so.6
xclip /lib/x86_64-linux-gnu/libXau.so.6
xclip /lib/x86_64-linux-gnu/libXdmcp.so.6
xclip /lib/x86_64-linux-gnu/libuuid.so.1
xclip /lib/x86_64-linux-gnu/libbsd.so.0
xclip /lib/x86_64-linux-gnu/libmd.so.0
xclip /usr/share/X11/locale/locale.alias
xclip /usr/share/X11/locale/locale.dir
xclip /usr/share/X11/locale/C/XLC_LOCALE
xclip /usr/share/X11/locale/locale.alias
xclip /usr/share/X11/locale/locale.dir
xclip /usr/share/X11/locale/C/XLC_LOCALE
Xvfb /proc/1906/cmdline
Chrome_IOThread /dev/shm/.org.chromium.Chromium.KRdzue
Chrome_IOThread /dev/shm/.org.chromium.Chromium.KRdzue
Chrome_IOThread /dev/shm/.org.chromium.Chromium.O2XNrN
Chrome_IOThread /dev/shm/.org.chromium.Chromium.O2XNrN
Chrome_IOThread /dev/shm/.org.chromium.Chromium.OZPIxC
Chrome_IOThread /dev/shm/.org.chromium.Chromium.OZPIxC
Chrome_IOThread /dev/shm/.org.chromium.Chromium.qjvU77
Chrome_IOThread /dev/shm/.org.chromium.Chromium.qjvU77
Chrome_IOThread /dev/shm/.org.chromium.Chromium.1e45qT
Chrome_IOThread /dev/shm/.org.chromium.Chromium.1e45qT
Chrome_IOThread /dev/shm/.org.chromium.Chromium.UfXbuH
Chrome_IOThread /dev/shm/.org.chromium.Chromium.UfXbuH
Chrome_IOThread /dev/shm/.org.chromium.Chromium.lkfct6
Chrome_IOThread /dev/shm/.org.chromium.Chromium.lkfct6
Chrome_IOThread /dev/shm/.org.chromium.Chromium.pRPTn8
Chrome_IOThread /dev/shm/.org.chromium.Chromium.pRPTn8
xdotool /etc/ld.so.cache
xdotool /lib/x86_64-linux-gnu/libxdo.so.3
xdotool /lib/x86_64-linux-gnu/libm.so.6
xdotool /lib/x86_64-linux-gnu/libX11.so.6
xdotool /lib/x86_64-linux-gnu/libc.so.6
xdotool /lib/x86_64-linux-gnu/libXtst.so.6
xdotool /lib/x86_64-linux-gnu/libXinerama.so.1
xdotool /lib/x86_64-linux-gnu/libxkbcommon.so.0
xdotool /lib/x86_64-linux-gnu/libxcb.so.1
xdotool /lib/x86_64-linux-gnu/libXext.so.6
xdotool /lib/x86_64-linux-gnu/libXau.so.6
xdotool /lib/x86_64-linux-gnu/libXdmcp.so.6
xdotool /lib/x86_64-linux-gnu/libbsd.so.0
xdotool /lib/x86_64-linux-gnu/libmd.so.0
Xvfb /proc/1913/cmdline
Chrome_IOThread /dev/shm/.org.chromium.Chromium.aNJ4BM
Chrome_IOThread /dev/shm/.org.chromium.Chromium.aNJ4BM
libuv-worker /config/.config/Code/Backups/1778804999111/untitled/-7f9c1a2e
xclip /etc/ld.so.cache
xclip /lib/x86_64-linux-gnu/libXmu.so.6
xclip /lib/x86_64-linux-gnu/libX11.so.6
xclip /lib/x86_64-linux-gnu/libc.so.6
xclip /lib/x86_64-linux-gnu/libXt.so.6
xclip /lib/x86_64-linux-gnu/libXext.so.6
xclip /lib/x86_64-linux-gnu/libxcb.so.1
xclip /lib/x86_64-linux-gnu/libSM.so.6
xclip /lib/x86_64-linux-gnu/libICE.so.6
xclip /lib/x86_64-linux-gnu/libXau.so.6
xclip /lib/x86_64-linux-gnu/libXdmcp.so.6
xclip /lib/x86_64-linux-gnu/libuuid.so.1
xclip /lib/x86_64-linux-gnu/libbsd.so.0
xclip /lib/x86_64-linux-gnu/libmd.so.0
xclip /usr/share/X11/locale/locale.alias
xclip /usr/share/X11/locale/locale.dir
xclip /usr/share/X11/locale/C/XLC_LOCALE
xclip /usr/share/X11/locale/locale.alias
xclip /usr/share/X11/locale/locale.dir
xclip /usr/share/X11/locale/C/XLC_LOCALE
Xvfb /proc/1939/cmdline
selkies /proc/stat
selkies /proc/meminfo
libuv-worker /config/.config/Code/User/workspaceStorage/1778804999111/state.vscdb-journal
libuv-worker /config/.config/Code/User/workspaceStorage/1778804999111
xclip /etc/ld.so.cache
xclip /lib/x86_64-linux-gnu/libXmu.so.6
xclip /lib/x86_64-linux-gnu/libX11.so.6
xclip /lib/x86_64-linux-gnu/libc.so.6
xclip /lib/x86_64-linux-gnu/libXt.so.6
xclip /lib/x86_64-linux-gnu/libXext.so.6
xclip /lib/x86_64-linux-gnu/libxcb.so.1
xclip /lib/x86_64-linux-gnu/libSM.so.6
xclip /lib/x86_64-linux-gnu/libICE.so.6
xclip /lib/x86_64-linux-gnu/libXau.so.6
xclip /lib/x86_64-linux-gnu/libXdmcp.so.6
xclip /lib/x86_64-linux-gnu/libuuid.so.1
xclip /lib/x86_64-linux-gnu/libbsd.so.0
xclip /lib/x86_64-linux-gnu/libmd.so.0
xclip /usr/share/X11/locale/locale.alias
xclip /usr/share/X11/locale/locale.dir
xclip /usr/share/X11/locale/C/XLC_LOCALE
xclip /usr/share/X11/locale/locale.alias
xclip /usr/share/X11/locale/locale.dir
xclip /usr/share/X11/locale/C/XLC_LOCALE
Xvfb /proc/1970/cmdline
xclip /etc/ld.so.cache
xclip /lib/x86_64-linux-gnu/libXmu.so.6
xclip /lib/x86_64-linux-gnu/libX11.so.6
xclip /lib/x86_64-linux-gnu/libc.so.6
xclip /lib/x86_64-linux-gnu/libXt.so.6
xclip /lib/x86_64-linux-gnu/libXext.so.6
xclip /lib/x86_64-linux-gnu/libxcb.so.1
xclip /lib/x86_64-linux-gnu/libSM.so.6
xclip /lib/x86_64-linux-gnu/libICE.so.6
xclip /lib/x86_64-linux-gnu/libXau.so.6
xclip /lib/x86_64-linux-gnu/libXdmcp.so.6
xclip /lib/x86_64-linux-gnu/libuuid.so.1
xclip /lib/x86_64-linux-gnu/libbsd.so.0
xclip /lib/x86_64-linux-gnu/libmd.so.0
xclip /usr/share/X11/locale/locale.alias
xclip /usr/share/X11/locale/locale.dir
xclip /usr/share/X11/locale/C/XLC_LOCALE
xclip /usr/share/X11/locale/locale.alias
xclip /usr/share/X11/locale/locale.dir
xclip /usr/share/X11/locale/C/XLC_LOCALE
Xvfb /proc/2002/cmdline
libuv-worker /config/.config/Code/User/workspaceStorage/1778804999111/state.vscdb-journal
libuv-worker /config/.config/Code/User/workspaceStorage/1778804999111
selkies /proc/stat
selkies /proc/meminfo
Chrome_IOThread /dev/shm/.org.chromium.Chromium.sF1GjT
Chrome_IOThread /dev/shm/.org.chromium.Chromium.sF1GjT
Chrome_IOThread /dev/shm/.org.chromium.Chromium.6VH7kT
Chrome_IOThread /dev/shm/.org.chromium.Chromium.6VH7kT
Chrome_IOThread /dev/shm/.org.chromium.Chromium.iKvbj3
Chrome_IOThread /dev/shm/.org.chromium.Chromium.iKvbj3
Chrome_IOThread /dev/shm/.org.chromium.Chromium.EjWC1e
Chrome_IOThread /dev/shm/.org.chromium.Chromium.EjWC1e
Chrome_ChildIOT /dev/shm/.org.chromium.Chromium.TWTdOD
xclip /etc/ld.so.cache
xclip /lib/x86_64-linux-gnu/libXmu.so.6
xclip /lib/x86_64-linux-gnu/libX11.so.6
xclip /lib/x86_64-linux-gnu/libc.so.6
xclip /lib/x86_64-linux-gnu/libXt.so.6
xclip /lib/x86_64-linux-gnu/libXext.so.6
xclip /lib/x86_64-linux-gnu/libxcb.so.1
xclip /lib/x86_64-linux-gnu/libSM.so.6
xclip /lib/x86_64-linux-gnu/libICE.so.6
xclip /lib/x86_64-linux-gnu/libXau.so.6
xclip /lib/x86_64-linux-gnu/libXdmcp.so.6
xclip /lib/x86_64-linux-gnu/libuuid.so.1
xclip /lib/x86_64-linux-gnu/libbsd.so.0
xclip /lib/x86_64-linux-gnu/libmd.so.0
xclip /usr/share/X11/locale/locale.alias
xclip /usr/share/X11/locale/locale.dir
xclip /usr/share/X11/locale/C/XLC_LOCALE
xclip /usr/share/X11/locale/locale.alias
xclip /usr/share/X11/locale/locale.dir
xclip /usr/share/X11/locale/C/XLC_LOCALE
Xvfb /proc/2034/cmdline
xclip /etc/ld.so.cache
xclip /lib/x86_64-linux-gnu/libXmu.so.6
xclip /lib/x86_64-linux-gnu/libX11.so.6
xclip /lib/x86_64-linux-gnu/libc.so.6
xclip /lib/x86_64-linux-gnu/libXt.so.6
xclip /lib/x86_64-linux-gnu/libXext.so.6
xclip /lib/x86_64-linux-gnu/libxcb.so.1
xclip /lib/x86_64-linux-gnu/libSM.so.6
xclip /lib/x86_64-linux-gnu/libICE.so.6
xclip /lib/x86_64-linux-gnu/libXau.so.6
xclip /lib/x86_64-linux-gnu/libXdmcp.so.6
xclip /lib/x86_64-linux-gnu/libuuid.so.1
xclip /lib/x86_64-linux-gnu/libbsd.so.0
xclip /lib/x86_64-linux-gnu/libmd.so.0
xclip /usr/share/X11/locale/locale.alias
xclip /usr/share/X11/locale/locale.dir
xclip /usr/share/X11/locale/C/XLC_LOCALE
xclip /usr/share/X11/locale/locale.alias
xclip /usr/share/X11/locale/locale.dir
xclip /usr/share/X11/locale/C/XLC_LOCALE
Xvfb /proc/2066/cmdline
Chrome_IOThread /dev/shm/.org.chromium.Chromium.ARZire
Chrome_IOThread /dev/shm/.org.chromium.Chromium.ARZire
selkies /proc/stat
selkies /proc/meminfo
Chrome_IOThread /dev/shm/.org.chromium.Chromium.Z4lU9z
Chrome_IOThread /dev/shm/.org.chromium.Chromium.Z4lU9z
Chrome_IOThread /dev/shm/.org.chromium.Chromium.Z4C5il
Chrome_IOThread /dev/shm/.org.chromium.Chromium.Z4C5il
xclip /etc/ld.so.cache
xclip /lib/x86_64-linux-gnu/libXmu.so.6
xclip /lib/x86_64-linux-gnu/libX11.so.6
xclip /lib/x86_64-linux-gnu/libc.so.6
xclip /lib/x86_64-linux-gnu/libXt.so.6
xclip /lib/x86_64-linux-gnu/libXext.so.6
xclip /lib/x86_64-linux-gnu/libxcb.so.1
xclip /lib/x86_64-linux-gnu/libSM.so.6
xclip /lib/x86_64-linux-gnu/libICE.so.6
xclip /lib/x86_64-linux-gnu/libXau.so.6
xclip /lib/x86_64-linux-gnu/libXdmcp.so.6
xclip /lib/x86_64-linux-gnu/libuuid.so.1
xclip /lib/x86_64-linux-gnu/libbsd.so.0
xclip /lib/x86_64-linux-gnu/libmd.so.0
xclip /usr/share/X11/locale/locale.alias
xclip /usr/share/X11/locale/locale.dir
xclip /usr/share/X11/locale/C/XLC_LOCALE
xclip /usr/share/X11/locale/locale.alias
xclip /usr/share/X11/locale/locale.dir
xclip /usr/share/X11/locale/C/XLC_LOCALE
Xvfb /proc/2097/cmdline
Chrome_IOThread /dev/shm/.org.chromium.Chromium.Hwf2OJ
Chrome_IOThread /dev/shm/.org.chromium.Chromium.Hwf2OJ
xclip /etc/ld.so.cache
xclip /lib/x86_64-linux-gnu/libXmu.so.6
xclip /lib/x86_64-linux-gnu/libX11.so.6
xclip /lib/x86_64-linux-gnu/libc.so.6
xclip /lib/x86_64-linux-gnu/libXt.so.6
xclip /lib/x86_64-linux-gnu/libXext.so.6
xclip /lib/x86_64-linux-gnu/libxcb.so.1
xclip /lib/x86_64-linux-gnu/libSM.so.6
xclip /lib/x86_64-linux-gnu/libICE.so.6
xclip /lib/x86_64-linux-gnu/libXau.so.6
xclip /lib/x86_64-linux-gnu/libXdmcp.so.6
xclip /lib/x86_64-linux-gnu/libuuid.so.1
xclip /lib/x86_64-linux-gnu/libbsd.so.0
xclip /lib/x86_64-linux-gnu/libmd.so.0
xclip /usr/share/X11/locale/locale.alias
xclip /usr/share/X11/locale/locale.dir
xclip /usr/share/X11/locale/C/XLC_LOCALE
xclip /usr/share/X11/locale/locale.alias
xclip /usr/share/X11/locale/locale.dir
xclip /usr/share/X11/locale/C/XLC_LOCALE
Xvfb /proc/2129/cmdline
selkies /proc/stat
selkies /proc/meminfo
xclip /etc/ld.so.cache
xclip /lib/x86_64-linux-gnu/libXmu.so.6
xclip /lib/x86_64-linux-gnu/libX11.so.6
xclip /lib/x86_64-linux-gnu/libc.so.6
xclip /lib/x86_64-linux-gnu/libXt.so.6
xclip /lib/x86_64-linux-gnu/libXext.so.6
xclip /lib/x86_64-linux-gnu/libxcb.so.1
xclip /lib/x86_64-linux-gnu/libSM.so.6
xclip /lib/x86_64-linux-gnu/libICE.so.6
xclip /lib/x86_64-linux-gnu/libXau.so.6
xclip /lib/x86_64-linux-gnu/libXdmcp.so.6
xclip /lib/x86_64-linux-gnu/libuuid.so.1
xclip /lib/x86_64-linux-gnu/libbsd.so.0
xclip /lib/x86_64-linux-gnu/libmd.so.0
xclip /usr/share/X11/locale/locale.alias
xclip /usr/share/X11/locale/locale.dir
xclip /usr/share/X11/locale/C/XLC_LOCALE
xclip /usr/share/X11/locale/locale.alias
xclip /usr/share/X11/locale/locale.dir
xclip /usr/share/X11/locale/C/XLC_LOCALE
Xvfb /proc/2161/cmdline
libuv-worker /config/.config/Code/User/workspaceStorage/1778804999111/state.vscdb-journal
libuv-worker /config/.config/Code/User/workspaceStorage/1778804999111
Chrome_IOThread /dev/shm/.org.chromium.Chromium.ABtKyO
Chrome_IOThread /dev/shm/.org.chromium.Chromium.ABtKyO
Chrome_IOThread /dev/shm/.org.chromium.Chromium.ifdlPr
Chrome_IOThread /dev/shm/.org.chromium.Chromium.ifdlPr
ThreadPoolForeg /config/.config/Code/Cache/Cache_Data/index-dir/temp-index
xclip /etc/ld.so.cache
xclip /lib/x86_64-linux-gnu/libXmu.so.6
xclip /lib/x86_64-linux-gnu/libX11.so.6
xclip /lib/x86_64-linux-gnu/libc.so.6
xclip /lib/x86_64-linux-gnu/libXt.so.6
xclip /lib/x86_64-linux-gnu/libXext.so.6
xclip /lib/x86_64-linux-gnu/libxcb.so.1
xclip /lib/x86_64-linux-gnu/libSM.so.6
xclip /lib/x86_64-linux-gnu/libICE.so.6
xclip /lib/x86_64-linux-gnu/libXau.so.6
xclip /lib/x86_64-linux-gnu/libXdmcp.so.6
xclip /lib/x86_64-linux-gnu/libuuid.so.1
xclip /lib/x86_64-linux-gnu/libbsd.so.0
xclip /lib/x86_64-linux-gnu/libmd.so.0
xclip /usr/share/X11/locale/locale.alias
xclip /usr/share/X11/locale/locale.dir
xclip /usr/share/X11/locale/C/XLC_LOCALE
xclip /usr/share/X11/locale/locale.alias
xclip /usr/share/X11/locale/locale.dir
xclip /usr/share/X11/locale/C/XLC_LOCALE
Xvfb /proc/2193/cmdline
selkies /proc/stat
selkies /proc/meminfo
xclip /etc/ld.so.cache
xclip /lib/x86_64-linux-gnu/libXmu.so.6
xclip /lib/x86_64-linux-gnu/libX11.so.6
xclip /lib/x86_64-linux-gnu/libc.so.6
xclip /lib/x86_64-linux-gnu/libXt.so.6
xclip /lib/x86_64-linux-gnu/libXext.so.6
xclip /lib/x86_64-linux-gnu/libxcb.so.1
xclip /lib/x86_64-linux-gnu/libSM.so.6
xclip /lib/x86_64-linux-gnu/libICE.so.6
xclip /lib/x86_64-linux-gnu/libXau.so.6
xclip /lib/x86_64-linux-gnu/libXdmcp.so.6
xclip /lib/x86_64-linux-gnu/libuuid.so.1
xclip /lib/x86_64-linux-gnu/libbsd.so.0
xclip /lib/x86_64-linux-gnu/libmd.so.0
xclip /usr/share/X11/locale/locale.alias
xclip /usr/share/X11/locale/locale.dir
xclip /usr/share/X11/locale/C/XLC_LOCALE
xclip /usr/share/X11/locale/locale.alias
xclip /usr/share/X11/locale/locale.dir
xclip /usr/share/X11/locale/C/XLC_LOCALE
Xvfb /proc/2225/cmdline
libuv-worker /config/.config/Code/User/workspaceStorage/1778804999111/state.vscdb-journal
libuv-worker /config/.config/Code/User/workspaceStorage/1778804999111
xclip /etc/ld.so.cache
xclip /lib/x86_64-linux-gnu/libXmu.so.6
xclip /lib/x86_64-linux-gnu/libX11.so.6
xclip /lib/x86_64-linux-gnu/libc.so.6
xclip /lib/x86_64-linux-gnu/libXt.so.6
xclip /lib/x86_64-linux-gnu/libXext.so.6
xclip /lib/x86_64-linux-gnu/libxcb.so.1
xclip /lib/x86_64-linux-gnu/libSM.so.6
xclip /lib/x86_64-linux-gnu/libICE.so.6
xclip /lib/x86_64-linux-gnu/libXau.so.6
xclip /lib/x86_64-linux-gnu/libXdmcp.so.6
xclip /lib/x86_64-linux-gnu/libuuid.so.1
xclip /lib/x86_64-linux-gnu/libbsd.so.0
xclip /lib/x86_64-linux-gnu/libmd.so.0
xclip /usr/share/X11/locale/locale.alias
xclip /usr/share/X11/locale/locale.dir
xclip /usr/share/X11/locale/C/XLC_LOCALE
xclip /usr/share/X11/locale/locale.alias
xclip /usr/share/X11/locale/locale.dir
xclip /usr/share/X11/locale/C/XLC_LOCALE
Xvfb /proc/2257/cmdline
selkies /proc/stat
selkies /proc/meminfo
xclip /etc/ld.so.cache
xclip /lib/x86_64-linux-gnu/libXmu.so.6
xclip /lib/x86_64-linux-gnu/libX11.so.6
xclip /lib/x86_64-linux-gnu/libc.so.6
xclip /lib/x86_64-linux-gnu/libXt.so.6
xclip /lib/x86_64-linux-gnu/libXext.so.6
xclip /lib/x86_64-linux-gnu/libxcb.so.1
xclip /lib/x86_64-linux-gnu/libSM.so.6
xclip /lib/x86_64-linux-gnu/libICE.so.6
xclip /lib/x86_64-linux-gnu/libXau.so.6
xclip /lib/x86_64-linux-gnu/libXdmcp.so.6
xclip /lib/x86_64-linux-gnu/libuuid.so.1
xclip /lib/x86_64-linux-gnu/libbsd.so.0
xclip /lib/x86_64-linux-gnu/libmd.so.0
xclip /usr/share/X11/locale/locale.alias
xclip /usr/share/X11/locale/locale.dir
xclip /usr/share/X11/locale/C/XLC_LOCALE
xclip /usr/share/X11/locale/locale.alias
xclip /usr/share/X11/locale/locale.dir
xclip /usr/share/X11/locale/C/XLC_LOCALE
Xvfb /proc/2289/cmdline
xclip /etc/ld.so.cache
xclip /lib/x86_64-linux-gnu/libXmu.so.6
xclip /lib/x86_64-linux-gnu/libX11.so.6
xclip /lib/x86_64-linux-gnu/libc.so.6
xclip /lib/x86_64-linux-gnu/libXt.so.6
xclip /lib/x86_64-linux-gnu/libXext.so.6
xclip /lib/x86_64-linux-gnu/libxcb.so.1
xclip /lib/x86_64-linux-gnu/libSM.so.6
xclip /lib/x86_64-linux-gnu/libICE.so.6
xclip /lib/x86_64-linux-gnu/libXau.so.6
xclip /lib/x86_64-linux-gnu/libXdmcp.so.6
xclip /lib/x86_64-linux-gnu/libuuid.so.1
xclip /lib/x86_64-linux-gnu/libbsd.so.0
xclip /lib/x86_64-linux-gnu/libmd.so.0
xclip /usr/share/X11/locale/locale.alias
xclip /usr/share/X11/locale/locale.dir
xclip /usr/share/X11/locale/C/XLC_LOCALE
xclip /usr/share/X11/locale/locale.alias
xclip /usr/share/X11/locale/locale.dir
xclip /usr/share/X11/locale/C/XLC_LOCALE
Xvfb /proc/2321/cmdline
selkies /proc/stat
selkies /proc/meminfo
xclip /etc/ld.so.cache
xclip /lib/x86_64-linux-gnu/libXmu.so.6
xclip /lib/x86_64-linux-gnu/libX11.so.6
xclip /lib/x86_64-linux-gnu/libc.so.6
xclip /lib/x86_64-linux-gnu/libXt.so.6
xclip /lib/x86_64-linux-gnu/libXext.so.6
xclip /lib/x86_64-linux-gnu/libxcb.so.1
xclip /lib/x86_64-linux-gnu/libSM.so.6
xclip /lib/x86_64-linux-gnu/libICE.so.6
xclip /lib/x86_64-linux-gnu/libXau.so.6
xclip /lib/x86_64-linux-gnu/libXdmcp.so.6
xclip /lib/x86_64-linux-gnu/libuuid.so.1
xclip /lib/x86_64-linux-gnu/libbsd.so.0
xclip /lib/x86_64-linux-gnu/libmd.so.0
xclip /usr/share/X11/locale/locale.alias
xclip /usr/share/X11/locale/locale.dir
xclip /usr/share/X11/locale/C/XLC_LOCALE
xclip /usr/share/X11/locale/locale.alias
xclip /usr/share/X11/locale/locale.dir
xclip /usr/share/X11/locale/C/XLC_LOCALE
Xvfb /proc/2352/cmdline
libuv-worker /config/.config/Code/Backups/1778804999111/untitled/-7f9c1a2e
selkies /proc/stat
selkies /proc/meminfo
xclip /etc/ld.so.cache
xclip /lib/x86_64-linux-gnu/libXmu.so.6
xclip /lib/x86_64-linux-gnu/libX11.so.6
xclip /lib/x86_64-linux-gnu/libc.so.6
xclip /lib/x86_64-linux-gnu/libXt.so.6
xclip /lib/x86_64-linux-gnu/libXext.so.6
xclip /lib/x86_64-linux-gnu/libxcb.so.1
xclip /lib/x86_64-linux-gnu/libSM.so.6
xclip /lib/x86_64-linux-gnu/libICE.so.6
xclip /lib/x86_64-linux-gnu/libXau.so.6
xclip /lib/x86_64-linux-gnu/libXdmcp.so.6
xclip /lib/x86_64-linux-gnu/libuuid.so.1
xclip /lib/x86_64-linux-gnu/libbsd.so.0
xclip /lib/x86_64-linux-gnu/libmd.so.0
xclip /usr/share/X11/locale/locale.alias
xclip /usr/share/X11/locale/locale.dir
xclip /usr/share/X11/locale/C/XLC_LOCALE
xclip /usr/share/X11/locale/locale.alias
xclip /usr/share/X11/locale/locale.dir
xclip /usr/share/X11/locale/C/XLC_LOCALE
Xvfb /proc/2385/cmdline


