xclip /etc/ld.so.cache
xclip /lib/x86_64-linux-gnu/libXmu.so.6
xclip /lib/x86_64-linux-gnu/libX11.so.6
xclip /lib/x86_64-linux-gnu/libc.so.6
xclip /lib/x86_64-linux-gnu/libXt.so.6
xclip /lib/x86_64-linux-gnu/libXext.so.6
xclip /lib/x86_64-linux-gnu/libxcb.so.1
xclip /lib/x86_64-linux-gnu/libSM.so.6
xclip /lib/x86_64-linux-gnu/libICE.so.6
xclip /lib/x86_64-linux-gnu/libXau.so.6
xclip /lib/x86_64-linux-gnu/libXdmcp.so.6
xclip /lib/x86_64-linux-gnu/libuuid.so.1
xclip /lib/x86_64-linux-gnu/libbsd.so.0
xclip /lib/x86_64-linux-gnu/libmd.so.0
xclip /usr/share/X11/locale/locale.alias
xclip /usr/share/X11/locale/locale.dir
xclip /usr/share/X11/locale/C/XLC_LOCALE
xclip /usr/share/X11/locale/locale.alias
xclip /usr/share/X11/locale/locale.dir
xclip /usr/share/X11/locale/C/XLC_LOCALE
Xvfb /proc/974/cmdline
plasmashell /usr/share/plasma/desktoptheme/default/icons/drive.svgz
plasmashell /usr/share/icons/breeze/devices/symbolic/drive-removable-media-symbolic.svg
plasmashell /usr/lib/x86_64-linux-gnu/qt5/plugins/kf5/org.kde.kidletime.platforms
plasmashell /usr/lib/x86_64-linux-gnu/qt5/plugins/kf5/org.kde.kidletime.platforms/KF5IdleTimeWaylandPlugin.so
plasmashell /usr/lib/x86_64-linux-gnu/qt5/plugins/kf5/org.kde.kidletime.platforms/KF5IdleTimeXcbPlugin0.so
plasmashell /usr/lib/x86_64-linux-gnu/qt5/plugins/kf5/org.kde.kidletime.platforms/KF5IdleTimeXcbPlugin0.so.avx2
plasmashell /usr/lib/x86_64-linux-gnu/qt5/plugins/kf5/org.kde.kidletime.platforms/KF5IdleTimeXcbPlugin0.so
plasmashell /usr/share/plasma/desktoptheme/default/icons/media.svgz
plasmashell /usr/share/icons/breeze/actions/32/media-eject.svg
plasmashell /usr/share/plasma/desktoptheme/default/icons/device.svgz
pulseaudio /config/.config/pulse/719bfa8fe76f46648671425727a46825-default-sink
pulseaudio /config/.config/pulse/719bfa8fe76f46648671425727a46825-default-source
plasmashell /usr/share/plasma/desktoptheme/default/widgets/checkmarks.svgz
plasmashell /usr/share/icons/breeze/actions/22/checkmark.svg
plasmashell /usr/share/plasma/desktoptheme/default/icons/edit.svgz
plasmashell /usr/share/icons/breeze/actions/22/edit-clear-history.svg
plasmashell /usr/share/icons/breeze/actions/22/edit-clear-history.svg
plasmashell /usr/share/icons/breeze/actions/22/notifications-disabled.svg
QSGRenderThread /usr/share/fonts/truetype/noto/NotoSans-Bold.ttf
xclip /etc/ld.so.cache
xclip /lib/x86_64-linux-gnu/libXmu.so.6
xclip /lib/x86_64-linux-gnu/libX11.so.6
xclip /lib/x86_64-linux-gnu/libc.so.6
xclip /lib/x86_64-linux-gnu/libXt.so.6
xclip /lib/x86_64-linux-gnu/libXext.so.6
xclip /lib/x86_64-linux-gnu/libxcb.so.1
xclip /lib/x86_64-linux-gnu/libSM.so.6
xclip /lib/x86_64-linux-gnu/libICE.so.6
xclip /lib/x86_64-linux-gnu/libXau.so.6
xclip /lib/x86_64-linux-gnu/libXdmcp.so.6
xclip /lib/x86_64-linux-gnu/libuuid.so.1
xclip /lib/x86_64-linux-gnu/libbsd.so.0
xclip /lib/x86_64-linux-gnu/libmd.so.0
xclip /usr/share/X11/locale/locale.alias
xclip /usr/share/X11/locale/locale.dir
xclip /usr/share/X11/locale/C/XLC_LOCALE
xclip /usr/share/X11/locale/locale.alias
xclip /usr/share/X11/locale/locale.dir
xclip /usr/share/X11/locale/C/XLC_LOCALE
Xvfb /proc/975/cmdline
xclip /etc/ld.so.cache
xclip /lib/x86_64-linux-gnu/libXmu.so.6
xclip /lib/x86_64-linux-gnu/libX11.so.6
xclip /lib/x86_64-linux-gnu/libc.so.6
xclip /lib/x86_64-linux-gnu/libXt.so.6
xclip /lib/x86_64-linux-gnu/libXext.so.6
xclip /lib/x86_64-linux-gnu/libxcb.so.1
xclip /lib/x86_64-linux-gnu/libSM.so.6
xclip /lib/x86_64-linux-gnu/libICE.so.6
xclip /lib/x86_64-linux-gnu/libXau.so.6
xclip /lib/x86_64-linux-gnu/libXdmcp.so.6
xclip /lib/x86_64-linux-gnu/libuuid.so.1
xclip /lib/x86_64-linux-gnu/libbsd.so.0
xclip /lib/x86_64-linux-gnu/libmd.so.0
xclip /usr/share/X11/locale/locale.alias
xclip /usr/share/X11/locale/locale.dir
xclip /usr/share/X11/locale/C/XLC_LOCALE
xclip /usr/share/X11/locale/locale.alias
xclip /usr/share/X11/locale/locale.dir
xclip /usr/share/X11/locale/C/XLC_LOCALE
Xvfb /proc/976/cmdline
xclip /etc/ld.so.cache
xclip /lib/x86_64-linux-gnu/libXmu.so.6
xclip /lib/x86_64-linux-gnu/libX11.so.6
xclip /lib/x86_64-linux-gnu/libc.so.6
xclip /lib/x86_64-linux-gnu/libXt.so.6
xclip /lib/x86_64-linux-gnu/libXext.so.6
xclip /lib/x86_64-linux-gnu/libxcb.so.1
xclip /lib/x86_64-linux-gnu/libSM.so.6
xclip /lib/x86_64-linux-gnu/libICE.so.6
xclip /lib/x86_64-linux-gnu/libXau.so.6
xclip /lib/x86_64-linux-gnu/libXdmcp.so.6
xclip /lib/x86_64-linux-gnu/libuuid.so.1
xclip /lib/x86_64-linux-gnu/libbsd.so.0
xclip /lib/x86_64-linux-gnu/libmd.so.0
xclip /usr/share/X11/locale/locale.alias
xclip /usr/share/X11/locale/locale.dir
xclip /usr/share/X11/locale/C/XLC_LOCALE
xclip /usr/share/X11/locale/locale.alias
xclip /usr/share/X11/locale/locale.dir
xclip /usr/share/X11/locale/C/XLC_LOCALE
Xvfb /proc/977/cmdline
xclip /etc/ld.so.cache
xclip /lib/x86_64-linux-gnu/libXmu.so.6
xclip /lib/x86_64-linux-gnu/libX11.so.6
xclip /lib/x86_64-linux-gnu/libc.so.6
xclip /lib/x86_64-linux-gnu/libXt.so.6
xclip /lib/x86_64-linux-gnu/libXext.so.6
xclip /lib/x86_64-linux-gnu/libxcb.so.1
xclip /lib/x86_64-linux-gnu/libSM.so.6
xclip /lib/x86_64-linux-gnu/libICE.so.6
xclip /lib/x86_64-linux-gnu/libXau.so.6
xclip /lib/x86_64-linux-gnu/libXdmcp.so.6
xclip /lib/x86_64-linux-gnu/libuuid.so.1
xclip /lib/x86_64-linux-gnu/libbsd.so.0
xclip /lib/x86_64-linux-gnu/libmd.so.0
xclip /usr/share/X11/locale/locale.alias
xclip /usr/share/X11/locale/locale.dir
xclip /usr/share/X11/locale/C/XLC_LOCALE
xclip /usr/share/X11/locale/locale.alias
xclip /usr/share/X11/locale/locale.dir
xclip /usr/share/X11/locale/C/XLC_LOCALE
Xvfb /proc/978/cmdline
QQmlThread /usr/share/plasma/plasmoids/org.kde.plasma.clipboard/contents/ui/inlinec
QQmlThread /config/.cache/plasmashell/qmlcache/2a8c43d11e4b39f247caffaec1ab74de22211196.
QQmlThread /usr/lib/x86_64-linux-gnu/qt5/qml/org/kde/prison/qmldir
QQmlThread /usr/lib/x86_64-linux-gnu/qt5/qml/org/kde/prison/libprisonquickplugin.so
QQmlThread /usr/lib/x86_64-linux-gnu/qt5/qml/org/kde/prison/libprisonquickplugin.so.avx2
QQmlThread /usr/lib/x86_64-linux-gnu/qt5/qml/org/kde/prison/libprisonquickplugin.so
plasmashell /usr/share/plasma/desktoptheme/default/icons/edit.svgz
plasmashell /usr/share/icons/breeze/actions/22/edit-paste.svg
xclip /etc/ld.so.cache
xclip /lib/x86_64-linux-gnu/libXmu.so.6
xclip /lib/x86_64-linux-gnu/libX11.so.6
xclip /lib/x86_64-linux-gnu/libc.so.6
xclip /lib/x86_64-linux-gnu/libXt.so.6
xclip /lib/x86_64-linux-gnu/libXext.so.6
xclip /lib/x86_64-linux-gnu/libxcb.so.1
xclip /lib/x86_64-linux-gnu/libSM.so.6
xclip /lib/x86_64-linux-gnu/libICE.so.6
plasmashell /usr/share/plasma/desktoptheme/default/icons/klipper.svgz
xclip /lib/x86_64-linux-gnu/libXau.so.6
xclip /lib/x86_64-linux-gnu/libXdmcp.so.6
xclip /lib/x86_64-linux-gnu/libuuid.so.1
xclip /lib/x86_64-linux-gnu/libbsd.so.0
xclip /lib/x86_64-linux-gnu/libmd.so.0
xclip /usr/share/X11/locale/locale.alias
xclip /usr/share/X11/locale/locale.dir
xclip /usr/share/X11/locale/C/XLC_LOCALE
xclip /usr/share/X11/locale/locale.alias
xclip /usr/share/X11/locale/locale.dir
xclip /usr/share/X11/locale/C/XLC_LOCALE
Xvfb /proc/979/cmdline
plasmashell /usr/bin/plasmacalendarplugins
plasmashell /usr/lib/x86_64-linux-gnu/qt5/plugins/plasmacalendarplugins
plasmashell /usr/lib/x86_64-linux-gnu/qt5/plugins/plasmacalendarplugins/holidaysevents.so
plasmashell /usr/lib/x86_64-linux-gnu/qt5/plugins/plasmacalendarplugins
plasmashell /usr/share/plasma/desktoptheme/default/widgets/calendar.svgz
plasmashell /usr/share/plasma/desktoptheme/default/icons/go.svgz
plasmashell /usr/share/plasma/desktoptheme/default/icons/preferences.svgz
plasmashell /usr/share/icons/breeze/preferences/32/preferences-system-time.svg
plasmashell /usr/share/plasma/desktoptheme/default/icons/list.svgz
xclip /etc/ld.so.cache
xclip /lib/x86_64-linux-gnu/libXmu.so.6
xclip /lib/x86_64-linux-gnu/libX11.so.6
xclip /lib/x86_64-linux-gnu/libc.so.6
xclip /lib/x86_64-linux-gnu/libXt.so.6
xclip /lib/x86_64-linux-gnu/libXext.so.6
xclip /lib/x86_64-linux-gnu/libxcb.so.1
xclip /lib/x86_64-linux-gnu/libSM.so.6
xclip /lib/x86_64-linux-gnu/libICE.so.6
xclip /lib/x86_64-linux-gnu/libXau.so.6
xclip /lib/x86_64-linux-gnu/libXdmcp.so.6
xclip /lib/x86_64-linux-gnu/libuuid.so.1
xclip /lib/x86_64-linux-gnu/libbsd.so.0
xclip /lib/x86_64-linux-gnu/libmd.so.0
xclip /usr/share/X11/locale/locale.alias
xclip /usr/share/X11/locale/locale.dir
xclip /usr/share/X11/locale/C/XLC_LOCALE
xclip /usr/share/X11/locale/locale.alias
xclip /usr/share/X11/locale/locale.dir
xclip /usr/share/X11/locale/C/XLC_LOCALE
Xvfb /proc/980/cmdline
xclip /etc/ld.so.cache
xclip /lib/x86_64-linux-gnu/libXmu.so.6
xclip /lib/x86_64-linux-gnu/libX11.so.6
xclip /lib/x86_64-linux-gnu/libc.so.6
xclip /lib/x86_64-linux-gnu/libXt.so.6
xclip /lib/x86_64-linux-gnu/libXext.so.6
xclip /lib/x86_64-linux-gnu/libxcb.so.1
xclip /lib/x86_64-linux-gnu/libSM.so.6
xclip /lib/x86_64-linux-gnu/libICE.so.6
xclip /lib/x86_64-linux-gnu/libXau.so.6
xclip /lib/x86_64-linux-gnu/libXdmcp.so.6
xclip /lib/x86_64-linux-gnu/libuuid.so.1
xclip /lib/x86_64-linux-gnu/libbsd.so.0
xclip /lib/x86_64-linux-gnu/libmd.so.0
xclip /usr/share/X11/locale/locale.alias
xclip /usr/share/X11/locale/locale.dir
xclip /usr/share/X11/locale/C/XLC_LOCALE
xclip /usr/share/X11/locale/locale.alias
xclip /usr/share/X11/locale/locale.dir
xclip /usr/share/X11/locale/C/XLC_LOCALE
Xvfb /proc/981/cmdline
xclip /etc/ld.so.cache
xclip /lib/x86_64-linux-gnu/libXmu.so.6
xclip /lib/x86_64-linux-gnu/libX11.so.6
xclip /lib/x86_64-linux-gnu/libc.so.6
xclip /lib/x86_64-linux-gnu/libXt.so.6
xclip /lib/x86_64-linux-gnu/libXext.so.6
xclip /lib/x86_64-linux-gnu/libxcb.so.1
xclip /lib/x86_64-linux-gnu/libSM.so.6
xclip /lib/x86_64-linux-gnu/libICE.so.6
xclip /lib/x86_64-linux-gnu/libXau.so.6
xclip /lib/x86_64-linux-gnu/libXdmcp.so.6
xclip /lib/x86_64-linux-gnu/libuuid.so.1
xclip /lib/x86_64-linux-gnu/libbsd.so.0
xclip /lib/x86_64-linux-gnu/libmd.so.0
xclip /usr/share/X11/locale/locale.alias
xclip /usr/share/X11/locale/locale.dir
xclip /usr/share/X11/locale/C/XLC_LOCALE
xclip /usr/share/X11/locale/locale.alias
xclip /usr/share/X11/locale/locale.dir
xclip /usr/share/X11/locale/C/XLC_LOCALE
Xvfb /proc/982/cmdline
nginx /usr/share/selkies/web/index.html
nginx /usr/share/selkies/web/manifest.json
selkies /proc/self/status
selkies /proc/mounts
selkies /config/.pulse/client.conf
selkies /config/.config/pulse/client.conf
selkies /etc/pulse/client.conf
selkies /etc/pulse/client.conf.d
selkies /etc/pulse/client.conf.d/01-enable-autospawn.conf
selkies /dev/shm/
selkies /dev/urandom
selkies /defaults
selkies /config/.config/pulse/cookie
pulseaudio /dev/shm/
pulseaudio /dev/urandom
selkies /etc/nsswitch.conf
selkies /etc/passwd
selkies /etc/machine-id
pulseaudio /usr/share/applications/python3.12.desktop
selkies /proc/stat
selkies /proc/meminfo
selkies /config/.Xresources
xrdb /etc/ld.so.cache
xrdb /lib/x86_64-linux-gnu/libXmuu.so.1
xrdb /lib/x86_64-linux-gnu/libX11.so.6
xrdb /lib/x86_64-linux-gnu/libc.so.6
xrdb /lib/x86_64-linux-gnu/libxcb.so.1
xrdb /lib/x86_64-linux-gnu/libXau.so.6
xrdb /lib/x86_64-linux-gnu/libXdmcp.so.6
xrdb /lib/x86_64-linux-gnu/libbsd.so.0
xrdb /lib/x86_64-linux-gnu/libmd.so.0
xrdb /dev/null
Xvfb /proc/984/cmdline
xrdb /config/.Xresources
sh /etc/ld.so.cache
sh /lib/x86_64-linux-gnu/libc.so.6
cpp /etc/ld.so.cache
cpp /lib/x86_64-linux-gnu/libc.so.6
cpp /usr/lib/locale/locale-archive
cpp /usr/share/locale/locale.alias
cpp /usr/share/locale/en_US/LC_MESSAGES/gcc-13.mo
cpp /usr/share/locale/en/LC_MESSAGES/gcc-13.mo
cpp /usr/share/locale-langpack/en_US/LC_MESSAGES/gcc-13.mo
cpp /usr/share/locale-langpack/en/LC_MESSAGES/gcc-13.mo
cc1 /etc/ld.so.cache
cc1 /lib/x86_64-linux-gnu/libisl.so.23
cc1 /lib/x86_64-linux-gnu/libmpc.so.3
cc1 /lib/x86_64-linux-gnu/libmpfr.so.6
cc1 /lib/x86_64-linux-gnu/libgmp.so.10
cc1 /lib/x86_64-linux-gnu/libz.so.1
cc1 /lib/x86_64-linux-gnu/libzstd.so.1
cc1 /lib/x86_64-linux-gnu/libc.so.6
cc1 /lib/x86_64-linux-gnu/libm.so.6
cc1 /usr/lib/locale/locale-archive
cc1 /usr/share/locale/locale.alias
cc1 /usr/share/locale/en_US/LC_MESSAGES/gcc-13.mo
cc1 /usr/share/locale/en/LC_MESSAGES/gcc-13.mo
cc1 /usr/share/locale-langpack/en_US/LC_MESSAGES/gcc-13.mo
cc1 /usr/share/locale-langpack/en/LC_MESSAGES/gcc-13.mo
cc1 /config/.Xresources
cc1 /usr/lib/gcc/x86_64-linux-gnu/13/include/stdc-predef.h
cc1 /usr/local/include/stdc-predef.h
cc1 /usr/include/x86_64-linux-gnu/stdc-predef.h
cc1 /usr/include/stdc-predef.h
selkies /config/.xsettingsd
pgrep /etc/ld.so.cache
pgrep /lib/x86_64-linux-gnu/libproc2.so.0
pgrep /lib/x86_64-linux-gnu/libc.so.6
pgrep /lib/x86_64-linux-gnu/libsystemd.so.0
pgrep /lib/x86_64-linux-gnu/libcap.so.2
pgrep /lib/x86_64-linux-gnu/libgcrypt.so.20
pgrep /lib/x86_64-linux-gnu/liblz4.so.1
pgrep /lib/x86_64-linux-gnu/liblzma.so.5
pgrep /lib/x86_64-linux-gnu/libzstd.so.1
pgrep /lib/x86_64-linux-gnu/libgpg-error.so.0
pgrep /usr/lib/locale/locale-archive
pgrep /usr/lib/x86_64-linux-gnu/gconv/gconv-modules.cache
pgrep /etc/ld.so.cache
pgrep /lib/x86_64-linux-gnu/glibc-hwcaps/x86-64-v3/libnuma.so
pgrep /lib/x86_64-linux-gnu/glibc-hwcaps/x86-64-v2/libnuma.so
pgrep /lib/x86_64-linux-gnu/libnuma.so
pgrep /usr/lib/x86_64-linux-gnu/glibc-hwcaps/x86-64-v3/libnuma.so
pgrep /usr/lib/x86_64-linux-gnu/glibc-hwcaps/x86-64-v2/libnuma.so
pgrep /usr/lib/x86_64-linux-gnu/libnuma.so
pgrep /lib/glibc-hwcaps/x86-64-v3/libnuma.so
pgrep /lib/glibc-hwcaps/x86-64-v2/libnuma.so
pgrep /lib/libnuma.so
pgrep /usr/lib/glibc-hwcaps/x86-64-v3/libnuma.so
pgrep /usr/lib/glibc-hwcaps/x86-64-v2/libnuma.so
pgrep /usr/lib/libnuma.so
pgrep /etc/ld.so.cache
pgrep /lib/x86_64-linux-gnu/libnuma.so.1
pgrep /proc/self/status
pgrep /sys/devices/system/node
pgrep /sys/devices/system/cpu/possible
pgrep /proc/self/status
pgrep /proc
pgrep /proc/uptime
pgrep /proc/1/stat
pgrep /proc/1/status
pgrep /proc/1/cmdline
pgrep /proc/1/cgroup
pgrep /proc/1/ctty
pgrep /proc/uptime
pgrep /proc/12/stat
pgrep /proc/12/status
pgrep /proc/12/cmdline
pgrep /proc/12/cgroup
pgrep /proc/12/ctty
pgrep /proc/uptime
pgrep /proc/14/stat
pgrep /proc/14/status
pgrep /proc/14/cmdline
pgrep /proc/14/cgroup
pgrep /proc/14/ctty
pgrep /proc/uptime
pgrep /proc/35/stat
pgrep /proc/35/status
pgrep /proc/35/cmdline
pgrep /proc/35/cgroup
pgrep /proc/35/ctty
pgrep /proc/uptime
pgrep /proc/36/stat
pgrep /proc/36/status
pgrep /proc/36/cmdline
pgrep /proc/36/cgroup
pgrep /proc/36/ctty
pgrep /proc/uptime
pgrep /proc/37/stat
pgrep /proc/37/status
pgrep /proc/37/cmdline
pgrep /proc/37/cgroup
pgrep /proc/37/ctty
pgrep /proc/uptime
pgrep /proc/38/stat
pgrep /proc/38/status
pgrep /proc/38/cmdline
pgrep /proc/38/cgroup
pgrep /proc/38/ctty
pgrep /proc/uptime
pgrep /proc/39/stat
pgrep /proc/39/status
pgrep /proc/39/cmdline
pgrep /proc/39/cgroup
pgrep /proc/39/ctty
pgrep /proc/uptime
pgrep /proc/40/stat
pgrep /proc/40/status
pgrep /proc/40/cmdline
pgrep /proc/40/cgroup
pgrep /proc/40/ctty
pgrep /proc/uptime
pgrep /proc/41/stat
pgrep /proc/41/status
pgrep /proc/41/cmdline
pgrep /proc/41/cgroup
pgrep /proc/41/ctty
pgrep /proc/uptime
pgrep /proc/42/stat
pgrep /proc/42/status
pgrep /proc/42/cmdline
pgrep /proc/42/cgroup
pgrep /proc/42/ctty
pgrep /proc/uptime
pgrep /proc/43/stat
pgrep /proc/43/status
pgrep /proc/43/cmdline
pgrep /proc/43/cgroup
pgrep /proc/43/ctty
pgrep /proc/uptime
pgrep /proc/44/stat
pgrep /proc/44/status
pgrep /proc/44/cmdline
pgrep /proc/44/cgroup
pgrep /proc/44/ctty
pgrep /proc/uptime
pgrep /proc/45/stat
pgrep /proc/45/status
pgrep /proc/45/cmdline
pgrep /proc/45/cgroup
pgrep /proc/45/ctty
pgrep /proc/uptime
pgrep /proc/46/stat
pgrep /proc/46/status
pgrep /proc/46/cmdline
pgrep /proc/46/cgroup
pgrep /proc/46/ctty
pgrep /proc/uptime
pgrep /proc/54/stat
pgrep /proc/54/status
pgrep /proc/54/cmdline
pgrep /proc/54/cgroup
pgrep /proc/54/ctty
pgrep /proc/uptime
pgrep /proc/305/stat
pgrep /proc/305/status
pgrep /proc/305/cmdline
pgrep /proc/305/cgroup
pgrep /proc/305/ctty
pgrep /proc/uptime
pgrep /proc/308/stat
pgrep /proc/308/status
pgrep /proc/308/cmdline
pgrep /proc/308/cgroup
pgrep /proc/308/ctty
pgrep /proc/uptime
pgrep /proc/310/stat
pgrep /proc/310/status
pgrep /proc/310/cmdline
pgrep /proc/310/cgroup
pgrep /proc/310/ctty
pgrep /proc/uptime
pgrep /proc/312/stat
pgrep /proc/312/status
pgrep /proc/312/cmdline
pgrep /proc/312/cgroup
pgrep /proc/312/ctty
pgrep /proc/uptime
pgrep /proc/313/stat
pgrep /proc/313/status
pgrep /proc/313/cmdline
pgrep /proc/313/cgroup
pgrep /proc/313/ctty
pgrep /proc/uptime
pgrep /proc/314/stat
pgrep /proc/314/status
pgrep /proc/314/cmdline
pgrep /proc/314/cgroup
pgrep /proc/314/ctty
pgrep /proc/uptime
pgrep /proc/325/stat
pgrep /proc/325/status
pgrep /proc/325/cmdline
pgrep /proc/325/cgroup
pgrep /proc/325/ctty
pgrep /proc/uptime
pgrep /proc/331/stat
pgrep /proc/331/status
pgrep /proc/331/cmdline
pgrep /proc/331/cgroup
pgrep /proc/331/ctty
pgrep /proc/uptime
pgrep /proc/340/stat
pgrep /proc/340/status
pgrep /proc/340/cmdline
pgrep /proc/340/cgroup
pgrep /proc/340/ctty
pgrep /proc/uptime
pgrep /proc/342/stat
pgrep /proc/342/status
pgrep /proc/342/cmdline
pgrep /proc/342/cgroup
pgrep /proc/342/ctty
pgrep /proc/uptime
pgrep /proc/364/stat
pgrep /proc/364/status
pgrep /proc/364/cmdline
pgrep /proc/364/cgroup
pgrep /proc/364/ctty
pgrep /proc/uptime
pgrep /proc/377/stat
pgrep /proc/377/status
pgrep /proc/377/cmdline
pgrep /proc/377/cgroup
pgrep /proc/377/ctty
pgrep /proc/uptime
pgrep /proc/378/stat
pgrep /proc/378/status
pgrep /proc/378/cmdline
pgrep /proc/378/cgroup
pgrep /proc/378/ctty
pgrep /proc/uptime
pgrep /proc/379/stat
pgrep /proc/379/status
pgrep /proc/379/cmdline
pgrep /proc/379/cgroup
pgrep /proc/379/ctty
pgrep /proc/uptime
pgrep /proc/380/stat
pgrep /proc/380/status
pgrep /proc/380/cmdline
pgrep /proc/380/cgroup
pgrep /proc/380/ctty
pgrep /proc/uptime
pgrep /proc/381/stat
pgrep /proc/381/status
pgrep /proc/381/cmdline
pgrep /proc/381/cgroup
pgrep /proc/381/ctty
pgrep /proc/uptime
pgrep /proc/382/stat
pgrep /proc/382/status
pgrep /proc/382/cmdline
pgrep /proc/382/cgroup
pgrep /proc/382/ctty
pgrep /proc/uptime
pgrep /proc/383/stat
pgrep /proc/383/status
pgrep /proc/383/cmdline
pgrep /proc/383/cgroup
pgrep /proc/383/ctty
pgrep /proc/uptime
pgrep /proc/384/stat
pgrep /proc/384/status
pgrep /proc/384/cmdline
pgrep /proc/384/cgroup
pgrep /proc/384/ctty
pgrep /proc/uptime
pgrep /proc/385/stat
pgrep /proc/385/status
pgrep /proc/385/cmdline
pgrep /proc/385/cgroup
pgrep /proc/385/ctty
pgrep /proc/uptime
pgrep /proc/386/stat
pgrep /proc/386/status
pgrep /proc/386/cmdline
pgrep /proc/386/cgroup
pgrep /proc/386/ctty
pgrep /proc/uptime
pgrep /proc/387/stat
pgrep /proc/387/status
pgrep /proc/387/cmdline
pgrep /proc/387/cgroup
pgrep /proc/387/ctty
pgrep /proc/uptime
pgrep /proc/388/stat
pgrep /proc/388/status
pgrep /proc/388/cmdline
pgrep /proc/388/cgroup
pgrep /proc/388/ctty
pgrep /proc/uptime
pgrep /proc/389/stat
pgrep /proc/389/status
pgrep /proc/389/cmdline
pgrep /proc/389/cgroup
pgrep /proc/389/ctty
pgrep /proc/uptime
pgrep /proc/390/stat
pgrep /proc/390/status
pgrep /proc/390/cmdline
pgrep /proc/390/cgroup
pgrep /proc/390/ctty
pgrep /proc/uptime
pgrep /proc/391/stat
pgrep /proc/391/status
pgrep /proc/391/cmdline
pgrep /proc/391/cgroup
pgrep /proc/391/ctty
pgrep /proc/uptime
pgrep /proc/392/stat
pgrep /proc/392/status
pgrep /proc/392/cmdline
pgrep /proc/392/cgroup
pgrep /proc/392/ctty
pgrep /proc/uptime
pgrep /proc/400/stat
pgrep /proc/400/status
pgrep /proc/400/cmdline
pgrep /proc/400/cgroup
pgrep /proc/400/ctty
pgrep /proc/uptime
pgrep /proc/401/stat
pgrep /proc/401/status
pgrep /proc/401/cmdline
pgrep /proc/401/cgroup
pgrep /proc/401/ctty
pgrep /proc/uptime
pgrep /proc/431/stat
pgrep /proc/431/status
pgrep /proc/431/cmdline
pgrep /proc/431/cgroup
pgrep /proc/431/ctty
pgrep /proc/uptime
pgrep /proc/446/stat
pgrep /proc/446/status
pgrep /proc/446/cmdline
pgrep /proc/446/cgroup
pgrep /proc/446/ctty
pgrep /proc/uptime
pgrep /proc/447/stat
pgrep /proc/447/status
pgrep /proc/447/cmdline
pgrep /proc/447/cgroup
pgrep /proc/447/ctty
pgrep /proc/uptime
pgrep /proc/504/stat
pgrep /proc/504/status
pgrep /proc/504/cmdline
pgrep /proc/504/cgroup
pgrep /proc/504/ctty
pgrep /proc/uptime
pgrep /proc/518/stat
pgrep /proc/518/status
pgrep /proc/518/cmdline
pgrep /proc/518/cgroup
pgrep /proc/518/ctty
pgrep /proc/uptime
pgrep /proc/540/stat
pgrep /proc/540/status
pgrep /proc/540/cmdline
pgrep /proc/540/cgroup
pgrep /proc/540/ctty
pgrep /proc/uptime
pgrep /proc/582/stat
pgrep /proc/582/status
pgrep /proc/582/cmdline
pgrep /proc/582/cgroup
pgrep /proc/582/ctty
pgrep /proc/uptime
pgrep /proc/588/stat
pgrep /proc/588/status
pgrep /proc/588/cmdline
pgrep /proc/588/cgroup
pgrep /proc/588/ctty
pgrep /proc/uptime
pgrep /proc/645/stat
pgrep /proc/645/status
pgrep /proc/645/cmdline
pgrep /proc/645/cgroup
pgrep /proc/645/ctty
pgrep /proc/uptime
pgrep /proc/646/stat
pgrep /proc/646/status
pgrep /proc/646/cmdline
pgrep /proc/646/cgroup
pgrep /proc/646/ctty
pgrep /proc/uptime
pgrep /proc/697/stat
pgrep /proc/697/status
pgrep /proc/697/cmdline
pgrep /proc/697/cgroup
pgrep /proc/697/ctty
pgrep /proc/uptime
pgrep /proc/699/stat
pgrep /proc/699/status
pgrep /proc/699/cmdline
pgrep /proc/699/cgroup
pgrep /proc/699/ctty
pgrep /proc/uptime
pgrep /proc/701/stat
pgrep /proc/701/status
pgrep /proc/701/cmdline
pgrep /proc/701/cgroup
pgrep /proc/701/ctty
pgrep /proc/uptime
pgrep /proc/775/stat
pgrep /proc/775/status
pgrep /proc/775/cmdline
pgrep /proc/775/cgroup
pgrep /proc/775/ctty
pgrep /proc/uptime
pgrep /proc/839/stat
pgrep /proc/839/status
pgrep /proc/839/cmdline
pgrep /proc/839/cgroup
pgrep /proc/839/ctty
pgrep /proc/uptime
pgrep /proc/937/stat
pgrep /proc/937/status
pgrep /proc/937/cmdline
pgrep /proc/937/cgroup
pgrep /proc/937/ctty
pgrep /proc/uptime
pgrep /proc/965/stat
pgrep /proc/965/status
pgrep /proc/965/cmdline
pgrep /proc/965/cgroup
pgrep /proc/965/ctty
pgrep /proc/uptime
pgrep /proc/967/stat
pgrep /proc/967/status
pgrep /proc/967/cmdline
pgrep /proc/967/cgroup
pgrep /proc/967/ctty
pgrep /proc/uptime
pgrep /proc/988/stat
pgrep /proc/988/status
pgrep /proc/988/cmdline
pgrep /proc/988/cgroup
pgrep /proc/988/ctty
pgrep /proc/uptime
kill /etc/ld.so.cache
kill /lib/x86_64-linux-gnu/libc.so.6
kill /usr/lib/locale/locale-archive
kill /usr/share/locale/locale.alias
kill /usr/share/locale/en_US/LC_MESSAGES/procps-ng.mo
kill /usr/share/locale/en/LC_MESSAGES/procps-ng.mo
kill /usr/share/locale-langpack/en_US/LC_MESSAGES/procps-ng.mo
kill /usr/share/locale-langpack/en/LC_MESSAGES/procps-ng.mo
xsettingsd /config/.xsettingsd
xfconf-query /etc/ld.so.cache
xfconf-query /lib/x86_64-linux-gnu/libxfconf-0.so.3
xfconf-query /lib/x86_64-linux-gnu/libxfce4util.so.7
xfconf-query /lib/x86_64-linux-gnu/libgobject-2.0.so.0
xfconf-query /lib/x86_64-linux-gnu/libglib-2.0.so.0
xfconf-query /lib/x86_64-linux-gnu/libc.so.6
xfconf-query /lib/x86_64-linux-gnu/libgio-2.0.so.0
xfconf-query /lib/x86_64-linux-gnu/libffi.so.8
xfconf-query /lib/x86_64-linux-gnu/libm.so.6
xfconf-query /lib/x86_64-linux-gnu/libpcre2-8.so.0
xfconf-query /lib/x86_64-linux-gnu/libgmodule-2.0.so.0
xfconf-query /lib/x86_64-linux-gnu/libz.so.1
xfconf-query /lib/x86_64-linux-gnu/libmount.so.1
xfconf-query /lib/x86_64-linux-gnu/libselinux.so.1
xfconf-query /lib/x86_64-linux-gnu/libblkid.so.1
xfconf-query /proc/filesystems
xfconf-query /usr/lib/locale/locale-archive
xfconf-query /usr/share/locale/locale.alias
xfconf-query /usr/share/locale/en_US/LC_MESSAGES/xfconf.mo
xfconf-query /usr/share/locale/en/LC_MESSAGES/xfconf.mo
xfconf-query /usr/share/locale-langpack/en_US/LC_MESSAGES/xfconf.mo
xfconf-query /usr/share/locale-langpack/en/LC_MESSAGES/xfconf.mo
xfconf-query /usr/lib/x86_64-linux-gnu/charset.alias
xfconf-query /var/lib/dbus/machine-id
xfconf-query /dev/null
dbus-launch /etc/ld.so.cache
dbus-launch /lib/x86_64-linux-gnu/libdbus-1.so.3
dbus-launch /lib/x86_64-linux-gnu/libX11.so.6
dbus-launch /lib/x86_64-linux-gnu/libc.so.6
dbus-launch /lib/x86_64-linux-gnu/libsystemd.so.0
dbus-launch /lib/x86_64-linux-gnu/libxcb.so.1
dbus-launch /lib/x86_64-linux-gnu/libcap.so.2
dbus-launch /lib/x86_64-linux-gnu/libgcrypt.so.20
dbus-launch /lib/x86_64-linux-gnu/liblz4.so.1
dbus-launch /lib/x86_64-linux-gnu/liblzma.so.5
dbus-launch /lib/x86_64-linux-gnu/libzstd.so.1
dbus-launch /lib/x86_64-linux-gnu/libXau.so.6
dbus-launch /lib/x86_64-linux-gnu/libXdmcp.so.6
dbus-launch /lib/x86_64-linux-gnu/libgpg-error.so.0
dbus-launch /lib/x86_64-linux-gnu/libbsd.so.0
dbus-launch /lib/x86_64-linux-gnu/libmd.so.0
dbus-launch /dev/null
Xvfb /proc/993/cmdline
dbus-launch /etc/nsswitch.conf
dbus-launch /etc/passwd
xfconf-query /usr/share/locale/en_US/LC_MESSAGES/libc.mo
xfconf-query /usr/share/locale/en/LC_MESSAGES/libc.mo
xfconf-query /usr/share/locale-langpack/en_US/LC_MESSAGES/libc.mo
xfconf-query /usr/share/locale-langpack/en/LC_MESSAGES/libc.mo
dbus-daemon /run/systemd/users/911
dbus-daemon /proc/990/cmdline
dbus-daemon /etc/localtime
dbus-daemon /proc/self/oom_score_adj
xfconfd /etc/ld.so.cache
xfconfd /lib/x86_64-linux-gnu/libgio-2.0.so.0
xfconfd /lib/x86_64-linux-gnu/libgobject-2.0.so.0
xfconfd /lib/x86_64-linux-gnu/libxfce4util.so.7
xfconfd /lib/x86_64-linux-gnu/libglib-2.0.so.0
xfconfd /lib/x86_64-linux-gnu/libc.so.6
xfconfd /lib/x86_64-linux-gnu/libgmodule-2.0.so.0
xfconfd /lib/x86_64-linux-gnu/libz.so.1
xfconfd /lib/x86_64-linux-gnu/libmount.so.1
xfconfd /lib/x86_64-linux-gnu/libselinux.so.1
xfconfd /lib/x86_64-linux-gnu/libffi.so.8
xfconfd /lib/x86_64-linux-gnu/libm.so.6
xfconfd /lib/x86_64-linux-gnu/libpcre2-8.so.0
xfconfd /lib/x86_64-linux-gnu/libblkid.so.1
xfconfd /proc/filesystems
xfconfd /usr/lib/locale/locale-archive
xfconfd /usr/share/locale/locale.alias
xfconfd /usr/share/locale/en_US/LC_MESSAGES/xfconf.mo
xfconfd /usr/share/locale/en/LC_MESSAGES/xfconf.mo
xfconfd /usr/share/locale-langpack/en_US/LC_MESSAGES/xfconf.mo
xfconfd /usr/share/locale-langpack/en/LC_MESSAGES/xfconf.mo
xfconfd /usr/share/locale/en_US/LC_MESSAGES/libc.mo
xfconfd /usr/share/locale/en/LC_MESSAGES/libc.mo
xfconfd /usr/share/locale-langpack/en_US/LC_MESSAGES/libc.mo
xfconfd /usr/share/locale-langpack/en/LC_MESSAGES/libc.mo
xfconfd /usr/lib/x86_64-linux-gnu/charset.alias
dbus-daemon /run/systemd/users/911
dbus-daemon /proc/996/cmdline
xfconfd /config/.config/xfce4/xfconf/xfce-perchannel-xml/xsettings.xml
xfconfd /usr/share/locale/en_US/LC_MESSAGES/glib20.mo
xfconfd /usr/share/locale/en/LC_MESSAGES/glib20.mo
xfconfd /usr/share/locale-langpack/en_US/LC_MESSAGES/glib20.mo
xfconfd /usr/share/locale-langpack/en/LC_MESSAGES/glib20.mo
xfconfd /config/.config/xfce4/xfconf/xfce-perchannel-xml/xsettings.xml
xrandr /etc/ld.so.cache
xrandr /lib/x86_64-linux-gnu/libXrandr.so.2
xrandr /lib/x86_64-linux-gnu/libX11.so.6
xrandr /lib/x86_64-linux-gnu/libm.so.6
xrandr /lib/x86_64-linux-gnu/libc.so.6
xrandr /lib/x86_64-linux-gnu/libXext.so.6
xrandr /lib/x86_64-linux-gnu/libXrender.so.1
xrandr /lib/x86_64-linux-gnu/libxcb.so.1
xrandr /lib/x86_64-linux-gnu/libXau.so.6
xrandr /lib/x86_64-linux-gnu/libXdmcp.so.6
xrandr /lib/x86_64-linux-gnu/libbsd.so.0
xrandr /lib/x86_64-linux-gnu/libmd.so.0
Xvfb /proc/1002/cmdline
xrandr /etc/ld.so.cache
xrandr /lib/x86_64-linux-gnu/libXrandr.so.2
xrandr /lib/x86_64-linux-gnu/libX11.so.6
xrandr /lib/x86_64-linux-gnu/libm.so.6
xrandr /lib/x86_64-linux-gnu/libc.so.6
xrandr /lib/x86_64-linux-gnu/libXext.so.6
xrandr /lib/x86_64-linux-gnu/libXrender.so.1
xrandr /lib/x86_64-linux-gnu/libxcb.so.1
xrandr /lib/x86_64-linux-gnu/libXau.so.6
xrandr /lib/x86_64-linux-gnu/libXdmcp.so.6
xrandr /lib/x86_64-linux-gnu/libbsd.so.0
xrandr /lib/x86_64-linux-gnu/libmd.so.0
Xvfb /proc/1003/cmdline
xrandr /etc/ld.so.cache
xrandr /lib/x86_64-linux-gnu/libXrandr.so.2
xrandr /lib/x86_64-linux-gnu/libX11.so.6
xrandr /lib/x86_64-linux-gnu/libm.so.6
xrandr /lib/x86_64-linux-gnu/libc.so.6
xrandr /lib/x86_64-linux-gnu/libXext.so.6
xrandr /lib/x86_64-linux-gnu/libXrender.so.1
xrandr /lib/x86_64-linux-gnu/libxcb.so.1
xrandr /lib/x86_64-linux-gnu/libXau.so.6
xrandr /lib/x86_64-linux-gnu/libXdmcp.so.6
xrandr /lib/x86_64-linux-gnu/libbsd.so.0
xrandr /lib/x86_64-linux-gnu/libmd.so.0
Xvfb /proc/1004/cmdline
cvt /etc/ld.so.cache
cvt /lib/x86_64-linux-gnu/libxcvt.so.0
cvt /lib/x86_64-linux-gnu/libm.so.6
cvt /lib/x86_64-linux-gnu/libc.so.6
xrandr /etc/ld.so.cache
xrandr /lib/x86_64-linux-gnu/libXrandr.so.2
xrandr /lib/x86_64-linux-gnu/libX11.so.6
xrandr /lib/x86_64-linux-gnu/libm.so.6
xrandr /lib/x86_64-linux-gnu/libc.so.6
xrandr /lib/x86_64-linux-gnu/libXext.so.6
xrandr /lib/x86_64-linux-gnu/libXrender.so.1
xrandr /lib/x86_64-linux-gnu/libxcb.so.1
xrandr /lib/x86_64-linux-gnu/libXau.so.6
xrandr /lib/x86_64-linux-gnu/libXdmcp.so.6
xrandr /lib/x86_64-linux-gnu/libbsd.so.0
xrandr /lib/x86_64-linux-gnu/libmd.so.0
Xvfb /proc/1006/cmdline
xrandr /etc/ld.so.cache
xrandr /lib/x86_64-linux-gnu/libXrandr.so.2
xrandr /lib/x86_64-linux-gnu/libX11.so.6
xrandr /lib/x86_64-linux-gnu/libm.so.6
xrandr /lib/x86_64-linux-gnu/libc.so.6
xrandr /lib/x86_64-linux-gnu/libXext.so.6
xrandr /lib/x86_64-linux-gnu/libXrender.so.1
xrandr /lib/x86_64-linux-gnu/libxcb.so.1
xrandr /lib/x86_64-linux-gnu/libXau.so.6
xrandr /lib/x86_64-linux-gnu/libXdmcp.so.6
xrandr /lib/x86_64-linux-gnu/libbsd.so.0
xrandr /lib/x86_64-linux-gnu/libmd.so.0
Xvfb /proc/1007/cmdline
xrandr /etc/ld.so.cache
xrandr /lib/x86_64-linux-gnu/libXrandr.so.2
xrandr /lib/x86_64-linux-gnu/libX11.so.6
xrandr /lib/x86_64-linux-gnu/libm.so.6
xrandr /lib/x86_64-linux-gnu/libc.so.6
xrandr /lib/x86_64-linux-gnu/libXext.so.6
xrandr /lib/x86_64-linux-gnu/libXrender.so.1
xrandr /lib/x86_64-linux-gnu/libxcb.so.1
xrandr /lib/x86_64-linux-gnu/libXau.so.6
xrandr /lib/x86_64-linux-gnu/libXdmcp.so.6
xrandr /lib/x86_64-linux-gnu/libbsd.so.0
xrandr /lib/x86_64-linux-gnu/libmd.so.0
Xvfb /proc/1008/cmdline
xrandr /etc/ld.so.cache
xrandr /lib/x86_64-linux-gnu/libXrandr.so.2
xrandr /lib/x86_64-linux-gnu/libX11.so.6
xrandr /lib/x86_64-linux-gnu/libm.so.6
xrandr /lib/x86_64-linux-gnu/libc.so.6
xrandr /lib/x86_64-linux-gnu/libXext.so.6
xrandr /lib/x86_64-linux-gnu/libXrender.so.1
xrandr /lib/x86_64-linux-gnu/libxcb.so.1
xrandr /lib/x86_64-linux-gnu/libXau.so.6
xrandr /lib/x86_64-linux-gnu/libXdmcp.so.6
xrandr /lib/x86_64-linux-gnu/libbsd.so.0
xrandr /lib/x86_64-linux-gnu/libmd.so.0
Xvfb /proc/1009/cmdline
xrandr /etc/ld.so.cache
xrandr /lib/x86_64-linux-gnu/libXrandr.so.2
xrandr /lib/x86_64-linux-gnu/libX11.so.6
xrandr /lib/x86_64-linux-gnu/libm.so.6
xrandr /lib/x86_64-linux-gnu/libc.so.6
xrandr /lib/x86_64-linux-gnu/libXext.so.6
xrandr /lib/x86_64-linux-gnu/libXrender.so.1
xrandr /lib/x86_64-linux-gnu/libxcb.so.1
xrandr /lib/x86_64-linux-gnu/libXau.so.6
xrandr /lib/x86_64-linux-gnu/libXdmcp.so.6
xrandr /lib/x86_64-linux-gnu/libbsd.so.0
xrandr /lib/x86_64-linux-gnu/libmd.so.0
Xvfb /proc/1010/cmdline
selkies /usr/lib/python3.12/concurrent/futures/__pycache__/thread.cpython-312.pyc
selkies /sys/devices/system/cpu/online
selkies /lsiopy/lib/python3.12/site-packages/pixelflux/../pixelflux.libs/libnvidia-encode.so.1
selkies /etc/ld.so.cache
selkies /lib/x86_64-linux-gnu/libnvidia-encode.so.1
selkies /usr/lib/x86_64-linux-gnu/libnvidia-encode.so.1
selkies /lib/libnvidia-encode.so.1
selkies /usr/lib/libnvidia-encode.so.1
selkies /lsiopy/lib/python3.12/site-packages/pixelflux/../pixelflux.libs/libnvidia-encode.so
selkies /etc/ld.so.cache
selkies /lib/x86_64-linux-gnu/libnvidia-encode.so
selkies /usr/lib/x86_64-linux-gnu/libnvidia-encode.so
selkies /lib/libnvidia-encode.so
selkies /usr/lib/libnvidia-encode.so
selkies /config/.pulse/client.conf
selkies /config/.config/pulse/client.conf
selkies /etc/pulse/client.conf
selkies /etc/pulse/client.conf.d
selkies /etc/pulse/client.conf.d/01-enable-autospawn.conf
selkies /dev/shm/
selkies /dev/urandom
selkies /defaults
threaded-ml /config/.config/pulse/cookie
xclip /etc/ld.so.cache
xclip /lib/x86_64-linux-gnu/libXmu.so.6
xclip /lib/x86_64-linux-gnu/libX11.so.6
pulseaudio /dev/shm/
xclip /lib/x86_64-linux-gnu/libc.so.6
pulseaudio /dev/urandom
xclip /lib/x86_64-linux-gnu/libXt.so.6
xclip /lib/x86_64-linux-gnu/libXext.so.6
threaded-ml /etc/passwd
xclip /lib/x86_64-linux-gnu/libxcb.so.1
threaded-ml /etc/machine-id
xclip /lib/x86_64-linux-gnu/libSM.so.6
xclip /lib/x86_64-linux-gnu/libICE.so.6
xclip /lib/x86_64-linux-gnu/libXau.so.6
xclip /lib/x86_64-linux-gnu/libXdmcp.so.6
xclip /lib/x86_64-linux-gnu/libuuid.so.1
xclip /lib/x86_64-linux-gnu/libbsd.so.0
xclip /lib/x86_64-linux-gnu/libmd.so.0
Xvfb /proc/331/cmdline
xclip /usr/share/X11/locale/locale.alias
xclip /usr/share/X11/locale/locale.dir
xclip /usr/share/X11/locale/C/XLC_LOCALE
xclip /usr/share/X11/locale/locale.alias
xclip /usr/share/X11/locale/locale.dir
xclip /usr/share/X11/locale/C/XLC_LOCALE
Xvfb /proc/1014/cmdline
selkies /sys/devices/system/cpu/online
QQuickPixmapRea /usr/share/backgrounds/Jammy-Jellyfish-Purple.jpg
QQuickPixmapRea /proc/sys/vm/overcommit_memory
plasmashell /usr/share/icons/hicolor/48x48/apps/thunderbird.png
plasmashell /usr/share/pixmaps/vscode.png
xrandr /etc/ld.so.cache
xrandr /lib/x86_64-linux-gnu/libXrandr.so.2
xrandr /lib/x86_64-linux-gnu/libX11.so.6
xrandr /lib/x86_64-linux-gnu/libm.so.6
xrandr /lib/x86_64-linux-gnu/libc.so.6
xrandr /lib/x86_64-linux-gnu/libXext.so.6
xrandr /lib/x86_64-linux-gnu/libXrender.so.1
xrandr /lib/x86_64-linux-gnu/libxcb.so.1
xrandr /lib/x86_64-linux-gnu/libXau.so.6
xrandr /lib/x86_64-linux-gnu/libXdmcp.so.6
xrandr /lib/x86_64-linux-gnu/libbsd.so.0
xrandr /lib/x86_64-linux-gnu/libmd.so.0
Xvfb /proc/1017/cmdline
xrandr /etc/ld.so.cache
xrandr /lib/x86_64-linux-gnu/libXrandr.so.2
xrandr /lib/x86_64-linux-gnu/libX11.so.6
xrandr /lib/x86_64-linux-gnu/libm.so.6
xrandr /lib/x86_64-linux-gnu/libc.so.6
xrandr /lib/x86_64-linux-gnu/libXext.so.6
xrandr /lib/x86_64-linux-gnu/libXrender.so.1
xrandr /lib/x86_64-linux-gnu/libxcb.so.1
xrandr /lib/x86_64-linux-gnu/libXau.so.6
xrandr /lib/x86_64-linux-gnu/libXdmcp.so.6
xrandr /lib/x86_64-linux-gnu/libbsd.so.0
xrandr /lib/x86_64-linux-gnu/libmd.so.0
Xvfb /proc/1018/cmdline
plasmashell /usr/share/icons/hicolor/48x48/apps/chromium.png
QSGRenderThread /config/.cache/qtshadercache-x86_64-little_endian-lp64/3c597a80b51a24c02510e986e8c27bdb62e99ba6
QSGRenderThread /config/.cache/mesa_shader_cache/86/02e47704e478d2b9121f0ef7176da4a435f7f5
QSGRenderThread /config/.cache/qtshadercache-x86_64-little_endian-lp64
plasmas:disk$0 /config/.cache/mesa_shader_cache/86/02e47704e478d2b9121f0ef7176da4a435f7f5.tmp
plasmas:disk$0 /config/.cache/mesa_shader_cache/86/02e47704e478d2b9121f0ef7176da4a435f7f5.tmp
plasmas:disk$0 /config/.cache/mesa_shader_cache/86/02e47704e478d2b9121f0ef7176da4a435f7f5
xrandr /etc/ld.so.cache
xrandr /lib/x86_64-linux-gnu/libXrandr.so.2
xrandr /lib/x86_64-linux-gnu/libX11.so.6
xrandr /lib/x86_64-linux-gnu/libm.so.6
xrandr /lib/x86_64-linux-gnu/libc.so.6
xrandr /lib/x86_64-linux-gnu/libXext.so.6
xrandr /lib/x86_64-linux-gnu/libXrender.so.1
xrandr /lib/x86_64-linux-gnu/libxcb.so.1
xrandr /lib/x86_64-linux-gnu/libXau.so.6
xrandr /lib/x86_64-linux-gnu/libXdmcp.so.6
QSGRenderThread /config/.cache/mesa_shader_cache/40/896ab61d9771b6600804f68da67fb0b42261af
xrandr /lib/x86_64-linux-gnu/libbsd.so.0
xrandr /lib/x86_64-linux-gnu/libmd.so.0
Xvfb /proc/1019/cmdline
cvt /etc/ld.so.cache
cvt /lib/x86_64-linux-gnu/libxcvt.so.0
cvt /lib/x86_64-linux-gnu/libm.so.6
cvt /lib/x86_64-linux-gnu/libc.so.6
xrandr /etc/ld.so.cache
xrandr /lib/x86_64-linux-gnu/libXrandr.so.2
xrandr /lib/x86_64-linux-gnu/libX11.so.6
xrandr /lib/x86_64-linux-gnu/libm.so.6
xrandr /lib/x86_64-linux-gnu/libc.so.6
xrandr /lib/x86_64-linux-gnu/libXext.so.6
xrandr /lib/x86_64-linux-gnu/libXrender.so.1
xrandr /lib/x86_64-linux-gnu/libxcb.so.1
xrandr /lib/x86_64-linux-gnu/libXau.so.6
xrandr /lib/x86_64-linux-gnu/libXdmcp.so.6
xrandr /lib/x86_64-linux-gnu/libbsd.so.0
xrandr /lib/x86_64-linux-gnu/libmd.so.0
Xvfb /proc/1021/cmdline
plasmas:disk$0 /config/.cache/mesa_shader_cache/40/896ab61d9771b6600804f68da67fb0b42261af.tmp
QSGRenderThread /config/.cache/mesa_shader_cache/ed/c89a0ade0bf78cb04a9f864973a229448c45f7
plasmas:disk$0 /config/.cache/mesa_shader_cache/40/896ab61d9771b6600804f68da67fb0b42261af.tmp
plasmas:disk$0 /config/.cache/mesa_shader_cache/40/896ab61d9771b6600804f68da67fb0b42261af
xrandr /etc/ld.so.cache
xrandr /lib/x86_64-linux-gnu/libXrandr.so.2
xrandr /lib/x86_64-linux-gnu/libX11.so.6
xrandr /lib/x86_64-linux-gnu/libm.so.6
xrandr /lib/x86_64-linux-gnu/libc.so.6
xrandr /lib/x86_64-linux-gnu/libXext.so.6
xrandr /lib/x86_64-linux-gnu/libXrender.so.1
xrandr /lib/x86_64-linux-gnu/libxcb.so.1
xrandr /lib/x86_64-linux-gnu/libXau.so.6
xrandr /lib/x86_64-linux-gnu/libXdmcp.so.6
xrandr /lib/x86_64-linux-gnu/libbsd.so.0
xrandr /lib/x86_64-linux-gnu/libmd.so.0
Xvfb /proc/1022/cmdline
plasmas:disk$0 /config/.cache/mesa_shader_cache/ed/c89a0ade0bf78cb04a9f864973a229448c45f7.tmp
plasmas:disk$0 /config/.cache/mesa_shader_cache/ed/c89a0ade0bf78cb04a9f864973a229448c45f7.tmp
plasmas:disk$0 /config/.cache/mesa_shader_cache/ed/c89a0ade0bf78cb04a9f864973a229448c45f7
xrandr /etc/ld.so.cache
xrandr /lib/x86_64-linux-gnu/libXrandr.so.2
xrandr /lib/x86_64-linux-gnu/libX11.so.6
xrandr /lib/x86_64-linux-gnu/libm.so.6
xrandr /lib/x86_64-linux-gnu/libc.so.6
xrandr /lib/x86_64-linux-gnu/libXext.so.6
xrandr /lib/x86_64-linux-gnu/libXrender.so.1
xrandr /lib/x86_64-linux-gnu/libxcb.so.1
xrandr /lib/x86_64-linux-gnu/libXau.so.6
xrandr /lib/x86_64-linux-gnu/libXdmcp.so.6
xrandr /lib/x86_64-linux-gnu/libbsd.so.0
xrandr /lib/x86_64-linux-gnu/libmd.so.0
Xvfb /proc/1023/cmdline
QSGRenderThread /config/.cache/mesa_shader_cache/58/02bd9728eb2f1c00ba72e56f87158c6f2ac6b1
xrandr /etc/ld.so.cache
xrandr /lib/x86_64-linux-gnu/libXrandr.so.2
xrandr /lib/x86_64-linux-gnu/libX11.so.6
xrandr /lib/x86_64-linux-gnu/libm.so.6
xrandr /lib/x86_64-linux-gnu/libc.so.6
xrandr /lib/x86_64-linux-gnu/libXext.so.6
xrandr /lib/x86_64-linux-gnu/libXrender.so.1
xrandr /lib/x86_64-linux-gnu/libxcb.so.1
xrandr /lib/x86_64-linux-gnu/libXau.so.6
xrandr /lib/x86_64-linux-gnu/libXdmcp.so.6
xrandr /lib/x86_64-linux-gnu/libbsd.so.0
xrandr /lib/x86_64-linux-gnu/libmd.so.0
Xvfb /proc/1024/cmdline
plasmas:disk$0 /config/.cache/mesa_shader_cache/58/02bd9728eb2f1c00ba72e56f87158c6f2ac6b1.tmp
plasmas:disk$0 /config/.cache/mesa_shader_cache/58/02bd9728eb2f1c00ba72e56f87158c6f2ac6b1.tmp
plasmas:disk$0 /config/.cache/mesa_shader_cache/58/02bd9728eb2f1c00ba72e56f87158c6f2ac6b1
xclip /etc/ld.so.cache
xclip /lib/x86_64-linux-gnu/libXmu.so.6
xclip /lib/x86_64-linux-gnu/libX11.so.6
xclip /lib/x86_64-linux-gnu/libc.so.6
xclip /lib/x86_64-linux-gnu/libXt.so.6
xclip /lib/x86_64-linux-gnu/libXext.so.6
xclip /lib/x86_64-linux-gnu/libxcb.so.1
xclip /lib/x86_64-linux-gnu/libSM.so.6
xclip /lib/x86_64-linux-gnu/libICE.so.6
xclip /lib/x86_64-linux-gnu/libXau.so.6
xclip /lib/x86_64-linux-gnu/libXdmcp.so.6
xclip /lib/x86_64-linux-gnu/libuuid.so.1
xclip /lib/x86_64-linux-gnu/libbsd.so.0
xclip /lib/x86_64-linux-gnu/libmd.so.0
xclip /usr/share/X11/locale/locale.alias
xclip /usr/share/X11/locale/locale.dir
xclip /usr/share/X11/locale/C/XLC_LOCALE
xclip /usr/share/X11/locale/locale.alias
xclip /usr/share/X11/locale/locale.dir
xclip /usr/share/X11/locale/C/XLC_LOCALE
Xvfb /proc/1025/cmdline
xrandr /etc/ld.so.cache
xrandr /lib/x86_64-linux-gnu/libXrandr.so.2
xrandr /lib/x86_64-linux-gnu/libX11.so.6
xrandr /lib/x86_64-linux-gnu/libm.so.6
xrandr /lib/x86_64-linux-gnu/libc.so.6
xrandr /lib/x86_64-linux-gnu/libXext.so.6
xrandr /lib/x86_64-linux-gnu/libXrender.so.1
xrandr /lib/x86_64-linux-gnu/libxcb.so.1
xrandr /lib/x86_64-linux-gnu/libXau.so.6
xrandr /lib/x86_64-linux-gnu/libXdmcp.so.6
xrandr /lib/x86_64-linux-gnu/libbsd.so.0
xrandr /lib/x86_64-linux-gnu/libmd.so.0
Xvfb /proc/1026/cmdline
selkies /lsiopy/lib/python3.12/site-packages/pixelflux/../pixelflux.libs/libnvidia-encode.so.1
selkies /etc/ld.so.cache
selkies /lib/x86_64-linux-gnu/libnvidia-encode.so.1
selkies /usr/lib/x86_64-linux-gnu/libnvidia-encode.so.1
selkies /lib/libnvidia-encode.so.1
selkies /usr/lib/libnvidia-encode.so.1
QSGRenderThread /config/.cache/mesa_shader_cache/56/2dcc7635acb601d066d805614fb0c566f7a690
selkies /lsiopy/lib/python3.12/site-packages/pixelflux/../pixelflux.libs/libnvidia-encode.so
selkies /etc/ld.so.cache
selkies /lib/x86_64-linux-gnu/libnvidia-encode.so
selkies /usr/lib/x86_64-linux-gnu/libnvidia-encode.so
selkies /lib/libnvidia-encode.so
selkies /usr/lib/libnvidia-encode.so
Xvfb /proc/331/cmdline
selkies /sys/devices/system/cpu/online
plasmashell /config/.Xdefaults-baa1b3b8b6af
plasmashell /config/.icons/breeze_cursors/cursors/left_ptr
plasmashell /config/.icons/breeze_cursors/index.theme
plasmashell /usr/share/icons/breeze_cursors/cursors/left_ptr
QQuickPixmapRea /usr/share/backgrounds/Jammy-Jellyfish-Purple.jpg
QSGRenderThread /config/.cache/qtshadercache-x86_64-little_endian-lp64/d524b60ebe14b3342c6956c081215082a7ec73c0
QSGRenderThread /config/.cache/mesa_shader_cache/33/0d05b9eb33e85a79f8aac35efefedbb1eb0b6f
QSGRenderThread /config/.cache/mesa_shader_cache/33/00b052fe14b1af317cbf469f440a0008884e80
plasmas:disk$0 /config/.cache/mesa_shader_cache/33/0d05b9eb33e85a79f8aac35efefedbb1eb0b6f.tmp
plasmas:disk$0 /config/.cache/mesa_shader_cache/33/0d05b9eb33e85a79f8aac35efefedbb1eb0b6f
QSGRenderThread /config/.cache/mesa_shader_cache/6b/4f60e5e80c2584cc6c7d43ad5eaeda5ed282f8
plasmas:disk$0 /config/.cache/mesa_shader_cache/6b/4f60e5e80c2584cc6c7d43ad5eaeda5ed282f8.tmp
QSGRenderThread /config/.cache/mesa_shader_cache/33/00b052fe14b1af317cbf469f440a0008884e80
plasmas:disk$0 /config/.cache/mesa_shader_cache/6b/4f60e5e80c2584cc6c7d43ad5eaeda5ed282f8.tmp
plasmas:disk$0 /config/.cache/mesa_shader_cache/6b/4f60e5e80c2584cc6c7d43ad5eaeda5ed282f8
xclip /etc/ld.so.cache
xclip /lib/x86_64-linux-gnu/libXmu.so.6
xclip /lib/x86_64-linux-gnu/libX11.so.6
xclip /lib/x86_64-linux-gnu/libc.so.6
xclip /lib/x86_64-linux-gnu/libXt.so.6
xclip /lib/x86_64-linux-gnu/libXext.so.6
xclip /lib/x86_64-linux-gnu/libxcb.so.1
xclip /lib/x86_64-linux-gnu/libSM.so.6
xclip /lib/x86_64-linux-gnu/libICE.so.6
xclip /lib/x86_64-linux-gnu/libXau.so.6
xclip /lib/x86_64-linux-gnu/libXdmcp.so.6
xclip /lib/x86_64-linux-gnu/libuuid.so.1
xclip /lib/x86_64-linux-gnu/libbsd.so.0
xclip /lib/x86_64-linux-gnu/libmd.so.0
xclip /usr/share/X11/locale/locale.alias
xclip /usr/share/X11/locale/locale.dir
xclip /usr/share/X11/locale/C/XLC_LOCALE
xclip /usr/share/X11/locale/locale.alias
xclip /usr/share/X11/locale/locale.dir
xclip /usr/share/X11/locale/C/XLC_LOCALE
Xvfb /proc/1043/cmdline
selkies /proc/stat
selkies /proc/meminfo
xclip /etc/ld.so.cache
xclip /lib/x86_64-linux-gnu/libXmu.so.6
xclip /lib/x86_64-linux-gnu/libX11.so.6
xclip /lib/x86_64-linux-gnu/libc.so.6
xclip /lib/x86_64-linux-gnu/libXt.so.6
xclip /lib/x86_64-linux-gnu/libXext.so.6
xclip /lib/x86_64-linux-gnu/libxcb.so.1
xclip /lib/x86_64-linux-gnu/libSM.so.6
xclip /lib/x86_64-linux-gnu/libICE.so.6
xclip /lib/x86_64-linux-gnu/libXau.so.6
xclip /lib/x86_64-linux-gnu/libXdmcp.so.6
xclip /lib/x86_64-linux-gnu/libuuid.so.1
xclip /lib/x86_64-linux-gnu/libbsd.so.0
xclip /lib/x86_64-linux-gnu/libmd.so.0
xclip /usr/share/X11/locale/locale.alias
xclip /usr/share/X11/locale/locale.dir
xclip /usr/share/X11/locale/C/XLC_LOCALE
xclip /usr/share/X11/locale/locale.alias
xclip /usr/share/X11/locale/locale.dir
xclip /usr/share/X11/locale/C/XLC_LOCALE
Xvfb /proc/1064/cmdline
QSGRenderThread /config/.cache/mesa_shader_cache/9d/606aba494dc71333136762dd7212597db24bd0
plasmas:disk$0 /config/.cache/mesa_shader_cache/9d/606aba494dc71333136762dd7212597db24bd0.tmp
plasmas:disk$0 /config/.cache/mesa_shader_cache/9d/606aba494dc71333136762dd7212597db24bd0.tmp
plasmas:disk$0 /config/.cache/mesa_shader_cache/9d/606aba494dc71333136762dd7212597db24bd0
xclip /etc/ld.so.cache
xclip /lib/x86_64-linux-gnu/libXmu.so.6
xclip /lib/x86_64-linux-gnu/libX11.so.6
xclip /lib/x86_64-linux-gnu/libc.so.6
xclip /lib/x86_64-linux-gnu/libXt.so.6
xclip /lib/x86_64-linux-gnu/libXext.so.6
xclip /lib/x86_64-linux-gnu/libxcb.so.1
xclip /lib/x86_64-linux-gnu/libSM.so.6
xclip /lib/x86_64-linux-gnu/libICE.so.6
xclip /lib/x86_64-linux-gnu/libXau.so.6
xclip /lib/x86_64-linux-gnu/libXdmcp.so.6
xclip /lib/x86_64-linux-gnu/libuuid.so.1
xclip /lib/x86_64-linux-gnu/libbsd.so.0
xclip /lib/x86_64-linux-gnu/libmd.so.0
xclip /usr/share/X11/locale/locale.alias
xclip /usr/share/X11/locale/locale.dir
xclip /usr/share/X11/locale/C/XLC_LOCALE
xclip /usr/share/X11/locale/locale.alias
xclip /usr/share/X11/locale/locale.dir
xclip /usr/share/X11/locale/C/XLC_LOCALE
Xvfb /proc/1094/cmdline
selkies /proc/stat
selkies /proc/meminfo
xclip /etc/ld.so.cache
xclip /lib/x86_64-linux-gnu/libXmu.so.6
xclip /lib/x86_64-linux-gnu/libX11.so.6
xclip /lib/x86_64-linux-gnu/libc.so.6
xclip /lib/x86_64-linux-gnu/libXt.so.6
xclip /lib/x86_64-linux-gnu/libXext.so.6
xclip /lib/x86_64-linux-gnu/libxcb.so.1
xclip /lib/x86_64-linux-gnu/libSM.so.6
xclip /lib/x86_64-linux-gnu/libICE.so.6
xclip /lib/x86_64-linux-gnu/libXau.so.6
xclip /lib/x86_64-linux-gnu/libXdmcp.so.6
xclip /lib/x86_64-linux-gnu/libuuid.so.1
xclip /lib/x86_64-linux-gnu/libbsd.so.0
xclip /lib/x86_64-linux-gnu/libmd.so.0
xclip /usr/share/X11/locale/locale.alias
xclip /usr/share/X11/locale/locale.dir
xclip /usr/share/X11/locale/C/XLC_LOCALE
xclip /usr/share/X11/locale/locale.alias
xclip /usr/share/X11/locale/locale.dir
xclip /usr/share/X11/locale/C/XLC_LOCALE
Xvfb /proc/1112/cmdline
plasmashell /config/Desktop/libreoffice-impress.desktop
QSGRenderThread /config/.cache/mesa_shader_cache/05/821511f11136f0cb2e5902dff62f195b5fd4ae
plasmas:disk$0 /config/.cache/mesa_shader_cache/05/821511f11136f0cb2e5902dff62f195b5fd4ae.tmp
plasmas:disk$0 /config/.cache/mesa_shader_cache/05/821511f11136f0cb2e5902dff62f195b5fd4ae.tmp
plasmas:disk$0 /config/.cache/mesa_shader_cache/05/821511f11136f0cb2e5902dff62f195b5fd4ae
QSGRenderThread /config/.cache/mesa_shader_cache/b5/649c319061cf5f5c432f0c3cd0278da5db382e
plasmas:disk$0 /config/.cache/mesa_shader_cache/b5/649c319061cf5f5c432f0c3cd0278da5db382e.tmp
plasmas:disk$0 /config/.cache/mesa_shader_cache/b5/649c319061cf5f5c432f0c3cd0278da5db382e
QSGRenderThread /config/.cache/mesa_shader_cache/03/85404440a27386f79d70b87e5141a561359e3b
plasmas:disk$0 /config/.cache/mesa_shader_cache/03/85404440a27386f79d70b87e5141a561359e3b.tmp
plasmas:disk$0 /config/.cache/mesa_shader_cache/03/85404440a27386f79d70b87e5141a561359e3b.tmp
plasmas:disk$0 /config/.cache/mesa_shader_cache/03/85404440a27386f79d70b87e5141a561359e3b
xclip /etc/ld.so.cache
xclip /lib/x86_64-linux-gnu/libXmu.so.6
xclip /lib/x86_64-linux-gnu/libX11.so.6
xclip /lib/x86_64-linux-gnu/libc.so.6
xclip /lib/x86_64-linux-gnu/libXt.so.6
xclip /lib/x86_64-linux-gnu/libXext.so.6
xclip /lib/x86_64-linux-gnu/libxcb.so.1
xclip /lib/x86_64-linux-gnu/libSM.so.6
xclip /lib/x86_64-linux-gnu/libICE.so.6
xclip /lib/x86_64-linux-gnu/libXau.so.6
xclip /lib/x86_64-linux-gnu/libXdmcp.so.6
xclip /lib/x86_64-linux-gnu/libuuid.so.1
xclip /lib/x86_64-linux-gnu/libbsd.so.0
xclip /lib/x86_64-linux-gnu/libmd.so.0
xclip /usr/share/X11/locale/locale.alias
xclip /usr/share/X11/locale/locale.dir
xclip /usr/share/X11/locale/C/XLC_LOCALE
xclip /usr/share/X11/locale/locale.alias
xclip /usr/share/X11/locale/locale.dir
xclip /usr/share/X11/locale/C/XLC_LOCALE
Xvfb /proc/1119/cmdline
selkies /proc/stat
selkies /proc/meminfo
plasmashell /config/Desktop/libreoffice-impress.desktop
plasmashell /config/.config/user-dirs.dirs
plasmashell /config/Templates
QSGRenderThread /config/.cache/mesa_shader_cache/67/300b64f992db8cd870aba10d19426628db8e5e
plasmas:disk$0 /config/.cache/mesa_shader_cache/67/300b64f992db8cd870aba10d19426628db8e5e.tmp
QSGRenderThread /config/.cache/mesa_shader_cache/7d/f5f5a56c9b9eb1ebef6cf2871fc3d755fd61bb
plasmas:disk$0 /config/.cache/mesa_shader_cache/67/300b64f992db8cd870aba10d19426628db8e5e.tmp
plasmas:disk$0 /config/.cache/mesa_shader_cache/67/300b64f992db8cd870aba10d19426628db8e5e
plasmashell /config/Desktop/libreoffice-impress.desktop
plasmas:disk$0 /config/.cache/mesa_shader_cache/7d/f5f5a56c9b9eb1ebef6cf2871fc3d755fd61bb.tmp
QSGRenderThread /config/.cache/mesa_shader_cache/11/8012095cfa7caf074a257fc05759d0899fb001
plasmas:disk$0 /config/.cache/mesa_shader_cache/7d/f5f5a56c9b9eb1ebef6cf2871fc3d755fd61bb.tmp
plasmas:disk$0 /config/.cache/mesa_shader_cache/7d/f5f5a56c9b9eb1ebef6cf2871fc3d755fd61bb
plasmas:disk$0 /config/.cache/mesa_shader_cache/11/8012095cfa7caf074a257fc05759d0899fb001.tmp
QSGRenderThread /config/.cache/mesa_shader_cache/13/9ac72d90e7d989d698c0e906cd0cc34b28d297
plasmas:disk$0 /config/.cache/mesa_shader_cache/11/8012095cfa7caf074a257fc05759d0899fb001.tmp
plasmas:disk$0 /config/.cache/mesa_shader_cache/11/8012095cfa7caf074a257fc05759d0899fb001
plasmas:disk$0 /config/.cache/mesa_shader_cache/13/9ac72d90e7d989d698c0e906cd0cc34b28d297.tmp
plasmas:disk$0 /config/.cache/mesa_shader_cache/13/9ac72d90e7d989d698c0e906cd0cc34b28d297.tmp
plasmas:disk$0 /config/.cache/mesa_shader_cache/13/9ac72d90e7d989d698c0e906cd0cc34b28d297
QSGRenderThread /config/.cache/mesa_shader_cache/b6/1d291756e0b7fe773aea85bace069382471e7d
plasmas:disk$0 /config/.cache/mesa_shader_cache/b6/1d291756e0b7fe773aea85bace069382471e7d.tmp
QSGRenderThread /config/.cache/mesa_shader_cache/6a/bc1a28bb73ad21ed08c4d0ec9b2aa109586640
plasmas:disk$0 /config/.cache/mesa_shader_cache/b6/1d291756e0b7fe773aea85bace069382471e7d.tmp
plasmas:disk$0 /config/.cache/mesa_shader_cache/b6/1d291756e0b7fe773aea85bace069382471e7d
plasmas:disk$0 /config/.cache/mesa_shader_cache/6a/bc1a28bb73ad21ed08c4d0ec9b2aa109586640.tmp
QSGRenderThread /config/.cache/mesa_shader_cache/4e/eded535a438cc683e09bec52abea21a6de87bb
plasmas:disk$0 /config/.cache/mesa_shader_cache/6a/bc1a28bb73ad21ed08c4d0ec9b2aa109586640
xclip /etc/ld.so.cache
xclip /lib/x86_64-linux-gnu/libXmu.so.6
xclip /lib/x86_64-linux-gnu/libX11.so.6
xclip /lib/x86_64-linux-gnu/libc.so.6
xclip /lib/x86_64-linux-gnu/libXt.so.6
xclip /lib/x86_64-linux-gnu/libXext.so.6
xclip /lib/x86_64-linux-gnu/libxcb.so.1
xclip /lib/x86_64-linux-gnu/libSM.so.6
xclip /lib/x86_64-linux-gnu/libICE.so.6
xclip /lib/x86_64-linux-gnu/libXau.so.6
xclip /lib/x86_64-linux-gnu/libXdmcp.so.6
xclip /lib/x86_64-linux-gnu/libuuid.so.1
xclip /lib/x86_64-linux-gnu/libbsd.so.0
xclip /lib/x86_64-linux-gnu/libmd.so.0
xclip /usr/share/X11/locale/locale.alias
xclip /usr/share/X11/locale/locale.dir
xclip /usr/share/X11/locale/C/XLC_LOCALE
xclip /usr/share/X11/locale/locale.alias
xclip /usr/share/X11/locale/locale.dir
xclip /usr/share/X11/locale/C/XLC_LOCALE
Xvfb /proc/1120/cmdline
plasmas:disk$0 /config/.cache/mesa_shader_cache/4e/eded535a438cc683e09bec52abea21a6de87bb.tmp
plasmas:disk$0 /config/.cache/mesa_shader_cache/4e/eded535a438cc683e09bec52abea21a6de87bb.tmp
plasmas:disk$0 /config/.cache/mesa_shader_cache/4e/eded535a438cc683e09bec52abea21a6de87bb
selkies /proc/stat
selkies /proc/meminfo
xclip /etc/ld.so.cache
xclip /lib/x86_64-linux-gnu/libXmu.so.6
xclip /lib/x86_64-linux-gnu/libX11.so.6
xclip /lib/x86_64-linux-gnu/libc.so.6
xclip /lib/x86_64-linux-gnu/libXt.so.6
xclip /lib/x86_64-linux-gnu/libXext.so.6
xclip /lib/x86_64-linux-gnu/libxcb.so.1
xclip /lib/x86_64-linux-gnu/libSM.so.6
xclip /lib/x86_64-linux-gnu/libICE.so.6
xclip /lib/x86_64-linux-gnu/libXau.so.6
xclip /lib/x86_64-linux-gnu/libXdmcp.so.6
xclip /lib/x86_64-linux-gnu/libuuid.so.1
xclip /lib/x86_64-linux-gnu/libbsd.so.0
xclip /lib/x86_64-linux-gnu/libmd.so.0
xclip /usr/share/X11/locale/locale.alias
xclip /usr/share/X11/locale/locale.dir
xclip /usr/share/X11/locale/C/XLC_LOCALE
xclip /usr/share/X11/locale/locale.alias
xclip /usr/share/X11/locale/locale.dir
xclip /usr/share/X11/locale/C/XLC_LOCALE
Xvfb /proc/1127/cmdline
xclip /etc/ld.so.cache
xclip /lib/x86_64-linux-gnu/libXmu.so.6
xclip /lib/x86_64-linux-gnu/libX11.so.6
xclip /lib/x86_64-linux-gnu/libc.so.6
xclip /lib/x86_64-linux-gnu/libXt.so.6
xclip /lib/x86_64-linux-gnu/libXext.so.6
xclip /lib/x86_64-linux-gnu/libxcb.so.1
xclip /lib/x86_64-linux-gnu/libSM.so.6
xclip /lib/x86_64-linux-gnu/libICE.so.6
xclip /lib/x86_64-linux-gnu/libXau.so.6
xclip /lib/x86_64-linux-gnu/libXdmcp.so.6
xclip /lib/x86_64-linux-gnu/libuuid.so.1
xclip /lib/x86_64-linux-gnu/libbsd.so.0
xclip /lib/x86_64-linux-gnu/libmd.so.0
xclip /usr/share/X11/locale/locale.alias
xclip /usr/share/X11/locale/locale.dir
xclip /usr/share/X11/locale/C/XLC_LOCALE
xclip /usr/share/X11/locale/locale.alias
xclip /usr/share/X11/locale/locale.dir
xclip /usr/share/X11/locale/C/XLC_LOCALE
Xvfb /proc/1128/cmdline
selkies /proc/stat
selkies /proc/meminfo
xclip /etc/ld.so.cache
xclip /lib/x86_64-linux-gnu/libXmu.so.6
xclip /lib/x86_64-linux-gnu/libX11.so.6
xclip /lib/x86_64-linux-gnu/libc.so.6
xclip /lib/x86_64-linux-gnu/libXt.so.6
xclip /lib/x86_64-linux-gnu/libXext.so.6
xclip /lib/x86_64-linux-gnu/libxcb.so.1
xclip /lib/x86_64-linux-gnu/libSM.so.6
xclip /lib/x86_64-linux-gnu/libICE.so.6
xclip /lib/x86_64-linux-gnu/libXau.so.6
xclip /lib/x86_64-linux-gnu/libXdmcp.so.6
xclip /lib/x86_64-linux-gnu/libuuid.so.1
xclip /lib/x86_64-linux-gnu/libbsd.so.0
xclip /lib/x86_64-linux-gnu/libmd.so.0
xclip /usr/share/X11/locale/locale.alias
xclip /usr/share/X11/locale/locale.dir
xclip /usr/share/X11/locale/C/XLC_LOCALE
xclip /usr/share/X11/locale/locale.alias
xclip /usr/share/X11/locale/locale.dir
xclip /usr/share/X11/locale/C/XLC_LOCALE
Xvfb /proc/1129/cmdline
xfconfd /config/.config/xfce4/xfconf/xfce-perchannel-xml//xsettings.xml.new
xclip /etc/ld.so.cache
xclip /lib/x86_64-linux-gnu/libXmu.so.6
xclip /lib/x86_64-linux-gnu/libX11.so.6
xclip /lib/x86_64-linux-gnu/libc.so.6
xclip /lib/x86_64-linux-gnu/libXt.so.6
xclip /lib/x86_64-linux-gnu/libXext.so.6
xclip /lib/x86_64-linux-gnu/libxcb.so.1
xclip /lib/x86_64-linux-gnu/libSM.so.6
xclip /lib/x86_64-linux-gnu/libICE.so.6
xclip /lib/x86_64-linux-gnu/libXau.so.6
xclip /lib/x86_64-linux-gnu/libXdmcp.so.6
xclip /lib/x86_64-linux-gnu/libuuid.so.1
xclip /lib/x86_64-linux-gnu/libbsd.so.0
xclip /lib/x86_64-linux-gnu/libmd.so.0
xclip /usr/share/X11/locale/locale.alias
xclip /usr/share/X11/locale/locale.dir
xclip /usr/share/X11/locale/C/XLC_LOCALE
xclip /usr/share/X11/locale/locale.alias
xclip /usr/share/X11/locale/locale.dir
xclip /usr/share/X11/locale/C/XLC_LOCALE
Xvfb /proc/1130/cmdline
selkies /proc/stat
selkies /proc/meminfo
xclip /etc/ld.so.cache
xclip /lib/x86_64-linux-gnu/libXmu.so.6
xclip /lib/x86_64-linux-gnu/libX11.so.6
xclip /lib/x86_64-linux-gnu/libc.so.6
xclip /lib/x86_64-linux-gnu/libXt.so.6
xclip /lib/x86_64-linux-gnu/libXext.so.6
xclip /lib/x86_64-linux-gnu/libxcb.so.1
xclip /lib/x86_64-linux-gnu/libSM.so.6
xclip /lib/x86_64-linux-gnu/libICE.so.6
xclip /lib/x86_64-linux-gnu/libXau.so.6
xclip /lib/x86_64-linux-gnu/libXdmcp.so.6
xclip /lib/x86_64-linux-gnu/libuuid.so.1
xclip /lib/x86_64-linux-gnu/libbsd.so.0
xclip /lib/x86_64-linux-gnu/libmd.so.0
xclip /usr/share/X11/locale/locale.alias
xclip /usr/share/X11/locale/locale.dir
xclip /usr/share/X11/locale/C/XLC_LOCALE
xclip /usr/share/X11/locale/locale.alias
xclip /usr/share/X11/locale/locale.dir
xclip /usr/share/X11/locale/C/XLC_LOCALE
Xvfb /proc/1131/cmdline
xclip /etc/ld.so.cache
xclip /lib/x86_64-linux-gnu/libXmu.so.6
xclip /lib/x86_64-linux-gnu/libX11.so.6
xclip /lib/x86_64-linux-gnu/libc.so.6
xclip /lib/x86_64-linux-gnu/libXt.so.6
xclip /lib/x86_64-linux-gnu/libXext.so.6
xclip /lib/x86_64-linux-gnu/libxcb.so.1
xclip /lib/x86_64-linux-gnu/libSM.so.6
xclip /lib/x86_64-linux-gnu/libICE.so.6
xclip /lib/x86_64-linux-gnu/libXau.so.6
xclip /lib/x86_64-linux-gnu/libXdmcp.so.6
xclip /lib/x86_64-linux-gnu/libuuid.so.1
xclip /lib/x86_64-linux-gnu/libbsd.so.0
xclip /lib/x86_64-linux-gnu/libmd.so.0
xclip /usr/share/X11/locale/locale.alias
xclip /usr/share/X11/locale/locale.dir
xclip /usr/share/X11/locale/C/XLC_LOCALE
xclip /usr/share/X11/locale/locale.alias
xclip /usr/share/X11/locale/locale.dir
xclip /usr/share/X11/locale/C/XLC_LOCALE
Xvfb /proc/1132/cmdline
plasmashell /config/Desktop/libreoffice-impress.desktop
selkies /proc/stat
selkies /proc/meminfo
plasmashell /config/Desktop/libreoffice-impress.desktop
xclip /etc/ld.so.cache
xclip /lib/x86_64-linux-gnu/libXmu.so.6
xclip /lib/x86_64-linux-gnu/libX11.so.6
xclip /lib/x86_64-linux-gnu/libc.so.6
xclip /lib/x86_64-linux-gnu/libXt.so.6
xclip /lib/x86_64-linux-gnu/libXext.so.6
xclip /lib/x86_64-linux-gnu/libxcb.so.1
xclip /lib/x86_64-linux-gnu/libSM.so.6
xclip /lib/x86_64-linux-gnu/libICE.so.6
xclip /lib/x86_64-linux-gnu/libXau.so.6
xclip /lib/x86_64-linux-gnu/libXdmcp.so.6
xclip /lib/x86_64-linux-gnu/libuuid.so.1
xclip /lib/x86_64-linux-gnu/libbsd.so.0
xclip /lib/x86_64-linux-gnu/libmd.so.0
xclip /usr/share/X11/locale/locale.alias
xclip /usr/share/X11/locale/locale.dir
xclip /usr/share/X11/locale/C/XLC_LOCALE
xclip /usr/share/X11/locale/locale.alias
xclip /usr/share/X11/locale/locale.dir
xclip /usr/share/X11/locale/C/XLC_LOCALE
Xvfb /proc/1139/cmdline
plasmashell /config/Desktop/libreoffice-impress.desktop
xclip /etc/ld.so.cache
xclip /lib/x86_64-linux-gnu/libXmu.so.6
xclip /lib/x86_64-linux-gnu/libX11.so.6
xclip /lib/x86_64-linux-gnu/libc.so.6
xclip /lib/x86_64-linux-gnu/libXt.so.6
xclip /lib/x86_64-linux-gnu/libXext.so.6
xclip /lib/x86_64-linux-gnu/libxcb.so.1
xclip /lib/x86_64-linux-gnu/libSM.so.6
xclip /lib/x86_64-linux-gnu/libICE.so.6
xclip /lib/x86_64-linux-gnu/libXau.so.6
xclip /lib/x86_64-linux-gnu/libXdmcp.so.6
xclip /lib/x86_64-linux-gnu/libuuid.so.1
xclip /lib/x86_64-linux-gnu/libbsd.so.0
xclip /lib/x86_64-linux-gnu/libmd.so.0
xclip /usr/share/X11/locale/locale.alias
xclip /usr/share/X11/locale/locale.dir
xclip /usr/share/X11/locale/C/XLC_LOCALE
xclip /usr/share/X11/locale/locale.alias
xclip /usr/share/X11/locale/locale.dir
xclip /usr/share/X11/locale/C/XLC_LOCALE
Xvfb /proc/1140/cmdline
plasmashell /config/Desktop/libreoffice-impress.desktop
plasmashell /config/.local/share/kservices5
plasmashell /config/.local/share/mime
plasmashell /etc/xdg/menus
plasmashell /usr/local/share/kservices5
plasmashell /usr/local/share/mime
plasmashell /usr/share/kservices5
plasmashell /usr/share/kservices5/ServiceMenus
plasmashell /usr/share/kservices5/qimageioplugins
plasmashell /usr/share/kservices5/searchproviders
plasmashell /usr/share/mime
plasmashell /usr/share/mime/application
plasmashell /usr/share/mime/audio
plasmashell /usr/share/mime/chemical
plasmashell /usr/share/mime/font
plasmashell /usr/share/mime/image
plasmashell /usr/share/mime/inode
plasmashell /usr/share/mime/message
plasmashell /usr/share/mime/model
plasmashell /usr/share/mime/multipart
plasmashell /usr/share/mime/packages
plasmashell /usr/share/mime/text
plasmashell /usr/share/mime/video
plasmashell /usr/share/mime/x-content
plasmashell /usr/share/mime/x-epoc
plasmashell /usr/lib/x86_64-linux-gnu/qt5/plugins/kf5/kio/kio_file.so
plasmashell /config/.XDG
plasmashell /usr/lib/x86_64-linux-gnu/qt5/plugins/kf5/kio/kio_file.so.avx2
plasmashell /usr/lib/x86_64-linux-gnu/qt5/plugins/kf5/kio/kio_file.so
KIO::WorkerThre /config/Desktop/libreoffice-impress.desktop
plasmashell /config/Desktop/libreoffice-impress.desktop
plasmashell /config/Desktop/libreoffice-impress.desktop
plasmashell /config/Desktop/libreoffice-impress.desktop
plasmashell /config/Desktop/libreoffice-impress.desktop
plasmashell /config/Desktop/libreoffice-impress.desktop
plasmashell /config/Desktop/libreoffice-impress.desktop
plasmashell /config/Desktop/libreoffice-impress.desktop
plasmashell /config/Desktop/libreoffice-impress.desktop
plasmashell /config/Desktop/libreoffice-impress.desktop
plasmashell /config/Desktop/libreoffice-impress.desktop
libreoffice /etc/ld.so.cache
libreoffice /lib/x86_64-linux-gnu/libc.so.6
plasmashell /config/Desktop/libreoffice-impress.desktop
plasmashell /config/Desktop/libreoffice-impress.desktop
libreoffice /usr/bin/libreoffice
plasmashell /config/Desktop/libreoffice-impress.desktop
plasmashell /config/Desktop/libreoffice-impress.desktop
plasmashell /config/Desktop/libreoffice-impress.desktop
dirname /etc/ld.so.cache
dirname /lib/x86_64-linux-gnu/libc.so.6
plasmashell /config/Desktop/libreoffice-impress.desktop
plasmashell /config/Desktop/libreoffice-impress.desktop
plasmashell /config/Desktop/libreoffice-impress.desktop
basename /etc/ld.so.cache
basename /lib/x86_64-linux-gnu/libc.so.6
plasmashell /config/Desktop/libreoffice-impress.desktop
plasmashell /config/Desktop/libreoffice-impress.desktop
plasmashell /config/Desktop/libreoffice-impress.desktop
ls /etc/ld.so.cache
ls /lib/x86_64-linux-gnu/libselinux.so.1
sed /etc/ld.so.cache
ls /lib/x86_64-linux-gnu/libc.so.6
sed /lib/x86_64-linux-gnu/libacl.so.1
plasmashell /config/Desktop/libreoffice-impress.desktop
sed /lib/x86_64-linux-gnu/libselinux.so.1
ls /lib/x86_64-linux-gnu/libpcre2-8.so.0
sed /lib/x86_64-linux-gnu/libc.so.6
sed /lib/x86_64-linux-gnu/libpcre2-8.so.0
plasmashell /config/Desktop/libreoffice-impress.desktop
ls /proc/filesystems
sed /proc/filesystems
plasmashell /config/Desktop/libreoffice-impress.desktop
ls /etc/nsswitch.conf
ls /etc/passwd
ls /etc/group
plasmashell /config/Desktop/libreoffice-impress.desktop
ls /etc/localtime
plasmashell /config/Desktop/libreoffice-impress.desktop
plasmashell /config/Desktop/libreoffice-impress.desktop
dirname /etc/ld.so.cache
dirname /lib/x86_64-linux-gnu/libc.so.6
plasmashell /config/Desktop/libreoffice-impress.desktop
plasmashell /config/Desktop/libreoffice-impress.desktop
plasmashell /config/Desktop/libreoffice-impress.desktop
plasmashell /config/Desktop/libreoffice-impress.desktop
grep /etc/ld.so.cache
grep /lib/x86_64-linux-gnu/libpcre2-8.so.0
plasmashell /config/Desktop/libreoffice-impress.desktop
grep /lib/x86_64-linux-gnu/libc.so.6
plasmashell /config/Desktop/libreoffice-impress.desktop
grep /proc/self/maps
plasmashell /config/Desktop/libreoffice-impress.desktop
plasmashell /config/Desktop/libreoffice-impress.desktop
uname /etc/ld.so.cache
uname /lib/x86_64-linux-gnu/libc.so.6
plasmashell /config/Desktop/libreoffice-impress.desktop
plasmashell /config/Desktop/libreoffice-impress.desktop
oosplash /usr/lib/libreoffice/program/glibc-hwcaps/x86-64-v3/libXinerama.so.1
oosplash /usr/lib/libreoffice/program/glibc-hwcaps/x86-64-v2/libXinerama.so.1
plasmashell /config/Desktop/libreoffice-impress.desktop
oosplash /usr/lib/libreoffice/program/libXinerama.so.1
oosplash /etc/ld.so.cache
oosplash /lib/x86_64-linux-gnu/libXinerama.so.1
oosplash /usr/lib/libreoffice/program/libX11.so.6
oosplash /lib/x86_64-linux-gnu/libX11.so.6
plasmashell /config/Desktop/libreoffice-impress.desktop
oosplash /usr/lib/libreoffice/program/libpng16.so.16
oosplash /lib/x86_64-linux-gnu/libpng16.so.16
oosplash /usr/lib/libreoffice/program/libuno_sal.so.3
plasmashell /config/Desktop/libreoffice-impress.desktop
plasmashell /config/Desktop/libreoffice-impress.desktop
oosplash /usr/lib/libreoffice/program/libc.so.6
oosplash /lib/x86_64-linux-gnu/libc.so.6
plasmashell /config/Desktop/libreoffice-impress.desktop
oosplash /lib/x86_64-linux-gnu/libXext.so.6
oosplash /lib/x86_64-linux-gnu/libxcb.so.1
oosplash /lib/x86_64-linux-gnu/libz.so.1
plasmashell /config/Desktop/libreoffice-impress.desktop
oosplash /lib/x86_64-linux-gnu/libm.so.6
oosplash /usr/lib/libreoffice/program/libstdc++.so.6
oosplash /lib/x86_64-linux-gnu/libstdc++.so.6
plasmashell /config/Desktop/libreoffice-impress.desktop
oosplash /usr/lib/libreoffice/program/libgcc_s.so.1
oosplash /lib/x86_64-linux-gnu/libgcc_s.so.1
oosplash /lib/x86_64-linux-gnu/libXau.so.6
oosplash /lib/x86_64-linux-gnu/libXdmcp.so.6
plasmashell /config/Desktop/libreoffice-impress.desktop
oosplash /lib/x86_64-linux-gnu/libbsd.so.0
oosplash /lib/x86_64-linux-gnu/libmd.so.0
plasmashell /config/Desktop/libreoffice-impress.desktop
plasmashell /config/Desktop/libreoffice-impress.desktop
plasmashell /config/Desktop/libreoffice-impress.desktop
oosplash /usr/lib/locale/locale-archive
plasmashell /config/Desktop/libreoffice-impress.desktop
oosplash /usr/lib/libreoffice/program/bootstraprc
oosplash /etc/nsswitch.conf
oosplash /etc/passwd
plasmashell /config/Desktop/libreoffice-impress.desktop
Xvfb /proc/1142/cmdline
plasmashell /config/Desktop/libreoffice-impress.desktop
plasmashell /config/Desktop/libreoffice-impress.desktop
plasmashell /config/Desktop/libreoffice-impress.desktop
plasmashell /config/Desktop/libreoffice-impress.desktop
oosplash /usr/lib/libreoffice/program/intro-en_US.png
plasmashell /config/Desktop/libreoffice-impress.desktop
oosplash /usr/share/X11/locale/locale.alias
plasmashell /config/Desktop/libreoffice-impress.desktop
oosplash /usr/share/X11/locale/locale.dir
oosplash /usr/share/X11/locale/C/XLC_LOCALE
oosplash /usr/share/X11/locale/locale.alias
plasmashell /config/Desktop/libreoffice-impress.desktop
plasmashell /config/Desktop/libreoffice-impress.desktop
oosplash /usr/share/X11/locale/locale.dir
oosplash /usr/share/X11/locale/C/XLC_LOCALE
oosplash /config/.Xdefaults-baa1b3b8b6af
oosplash /usr/lib/libreoffice/program/intro.png
plasmashell /config/Desktop/libreoffice-impress.desktop
plasmashell /config/Desktop/libreoffice-impress.desktop
plasmashell /config/Desktop/libreoffice-impress.desktop
plasmashell /config/Desktop/libreoffice-impress.desktop
plasmashell /config/Desktop/libreoffice-impress.desktop
plasmashell /config/Desktop/libreoffice-impress.desktop
oosplash /usr/lib/libreoffice/program/sofficerc
oosplash /etc/libreoffice/sofficerc
plasmashell /config/Desktop/libreoffice-impress.desktop
oosplash /etc/libreoffice/sofficerc
oosplash /etc/libreoffice/sofficerc
plasmashell /config/Desktop/libreoffice-impress.desktop
oosplash /etc/libreoffice/sofficerc
oosplash /etc/libreoffice/sofficerc
oosplash /etc/libreoffice/sofficerc
oosplash /etc/libreoffice/sofficerc
plasmashell /config/Desktop/libreoffice-impress.desktop
oosplash /etc/libreoffice/sofficerc
oosplash /etc/libreoffice/sofficerc
oosplash /etc/libreoffice/sofficerc
plasmashell /config/Desktop/libreoffice-impress.desktop
oosplash /etc/libreoffice/sofficerc
oosplash /etc/libreoffice/sofficerc
oosplash /etc/libreoffice/sofficerc
plasmashell /config/Desktop/libreoffice-impress.desktop
oosplash /etc/libreoffice/sofficerc
oosplash /etc/libreoffice/sofficerc
plasmashell /config/Desktop/libreoffice-impress.desktop
plasmashell /config/Desktop/libreoffice-impress.desktop
plasmashell /config/Desktop/libreoffice-impress.desktop
plasmashell /config/Desktop/libreoffice-impress.desktop
plasmashell /config/Desktop/libreoffice-impress.desktop
oosplash /sys/dev/block/0:0/queue/rotational
oosplash /usr/lib/libreoffice/program/pagein-common
oosplash /usr/lib/libreoffice/program/libmergedlo.so
kwin_x11 /usr/share/icons/breeze/apps/48/xorg.svg
kwin_x11 /usr/lib/x86_64-linux-gnu/qt5/plugins/imageformats
kwin_x11 /usr/lib/x86_64-linux-gnu/qt5/plugins/imageformats/libqgif.so
kwin_x11 /usr/lib/x86_64-linux-gnu/qt5/plugins/imageformats/libqico.so
kwin_x11 /usr/lib/x86_64-linux-gnu/qt5/plugins/imageformats/libqjpeg.so
kwin_x11 /usr/lib/x86_64-linux-gnu/qt5/plugins/imageformats/libqsvg.so
kwin_x11 /usr/lib/x86_64-linux-gnu/qt5/plugins/imageformats/libqgif.so.avx2
kwin_x11 /usr/lib/x86_64-linux-gnu/qt5/plugins/imageformats/libqgif.so
QSGRenderThread /config/.cache/mesa_shader_cache/ba/f1ba0189afe9f9b21e697f039ac74c9fe4604b
kwin_x11 /usr/lib/x86_64-linux-gnu/qt5/plugins/imageformats/libqico.so.avx2
kwin_x11 /usr/lib/x86_64-linux-gnu/qt5/plugins/imageformats/libqico.so
kwin_x11 /usr/lib/x86_64-linux-gnu/qt5/plugins/imageformats/libqjpeg.so.avx2
kwin_x11 /usr/lib/x86_64-linux-gnu/qt5/plugins/imageformats/libqjpeg.so
kwin_x11 /etc/ld.so.cache
kwin_x11 /lib/x86_64-linux-gnu/libjpeg.so.8
kwin_x11 /usr/lib/x86_64-linux-gnu/qt5/plugins/imageformats/libqsvg.so.avx2
kwin_x11 /usr/lib/x86_64-linux-gnu/qt5/plugins/imageformats/libqsvg.so
kwin_x11 /usr/share/icons/breeze/apps/48/xorg.svg
kwin_x11 /usr/share/icons/breeze/apps/48/xorg.svg
kwin_x11 /usr/share/icons/breeze/apps/48/xorg.svg
plasmas:disk$0 /config/.cache/mesa_shader_cache/ba/f1ba0189afe9f9b21e697f039ac74c9fe4604b.tmp
plasmas:disk$0 /config/.cache/mesa_shader_cache/ba/f1ba0189afe9f9b21e697f039ac74c9fe4604b.tmp
QSGRenderThread /config/.cache/mesa_shader_cache/03/85404440a27386f79d70b87e5141a561359e3b
plasmas:disk$0 /config/.cache/mesa_shader_cache/ba/f1ba0189afe9f9b21e697f039ac74c9fe4604b
selkies /proc/stat
selkies /proc/meminfo
oosplash /usr/lib/libreoffice/program/libi18nlangtag.so
oosplash /usr/lib/libreoffice/program/libvclplug_genlo.so
oosplash /usr/lib/libreoffice/program/libvclplug_gtk3lo.so
oosplash /usr/lib/libreoffice/program/libstocserviceslo.so
oosplash /usr/lib/libreoffice/program/libbootstraplo.so
oosplash /usr/lib/libreoffice/program/libreglo.so
oosplash /usr/lib/libreoffice/program/libstorelo.so
oosplash /usr/lib/libreoffice/program/libreflectionlo.so
oosplash /usr/lib/libreoffice/program/libuno_cppuhelpergcc3.so.3
oosplash /usr/lib/libreoffice/program/libuno_cppu.so.3
oosplash /usr/lib/libreoffice/program/libuno_sal.so.3
oosplash /usr/lib/libreoffice/program/types.rdb
oosplash /usr/lib/libreoffice/program/services/services.rdb
oosplash /usr/lib/libreoffice/program/types/oovbaapi.rdb
oosplash /sys/dev/block/0:0/queue/rotational
oosplash /usr/lib/libreoffice/program/pagein-impress
oosplash /usr/lib/libreoffice/program/libsdlo.so
oosplash /usr/lib/libreoffice/program/libsduilo.so
soffice.bin /usr/lib/libreoffice/program/glibc-hwcaps/x86-64-v3/libuno_sal.so.3
soffice.bin /usr/lib/libreoffice/program/glibc-hwcaps/x86-64-v2/libuno_sal.so.3
soffice.bin /usr/lib/libreoffice/program/libuno_sal.so.3
soffice.bin /usr/lib/libreoffice/program/libmergedlo.so
soffice.bin /usr/lib/libreoffice/program/libc.so.6
soffice.bin /etc/ld.so.cache
soffice.bin /lib/x86_64-linux-gnu/libc.so.6
soffice.bin /usr/lib/libreoffice/program/libz.so.1
soffice.bin /lib/x86_64-linux-gnu/libz.so.1
soffice.bin /usr/lib/libreoffice/program/libstdc++.so.6
soffice.bin /lib/x86_64-linux-gnu/libstdc++.so.6
soffice.bin /usr/lib/libreoffice/program/libm.so.6
soffice.bin /lib/x86_64-linux-gnu/libm.so.6
soffice.bin /usr/lib/libreoffice/program/libgcc_s.so.1
soffice.bin /lib/x86_64-linux-gnu/libgcc_s.so.1
soffice.bin /usr/lib/libreoffice/program/libepoxy.so.0
soffice.bin /lib/x86_64-linux-gnu/libepoxy.so.0
soffice.bin /usr/lib/libreoffice/program/libicuuc.so.74
soffice.bin /lib/x86_64-linux-gnu/libicuuc.so.74
soffice.bin /usr/lib/libreoffice/program/libicui18n.so.74
soffice.bin /lib/x86_64-linux-gnu/libicui18n.so.74
soffice.bin /usr/lib/libreoffice/program/libgpgmepp.so.6
soffice.bin /lib/x86_64-linux-gnu/libgpgmepp.so.6
soffice.bin /usr/lib/libreoffice/program/libnss3.so
soffice.bin /lib/x86_64-linux-gnu/libnss3.so
soffice.bin /usr/lib/libreoffice/program/libsmime3.so
soffice.bin /lib/x86_64-linux-gnu/libsmime3.so
soffice.bin /usr/lib/libreoffice/program/libplc4.so
soffice.bin /lib/x86_64-linux-gnu/libplc4.so
soffice.bin /usr/lib/libreoffice/program/libnspr4.so
soffice.bin /lib/x86_64-linux-gnu/libnspr4.so
soffice.bin /usr/lib/libreoffice/program/libdconf.so.1
soffice.bin /lib/x86_64-linux-gnu/libdconf.so.1
soffice.bin /usr/lib/libreoffice/program/libgio-2.0.so.0
soffice.bin /lib/x86_64-linux-gnu/libgio-2.0.so.0
soffice.bin /usr/lib/libreoffice/program/libgobject-2.0.so.0
soffice.bin /lib/x86_64-linux-gnu/libgobject-2.0.so.0
soffice.bin /usr/lib/libreoffice/program/libglib-2.0.so.0
soffice.bin /lib/x86_64-linux-gnu/libglib-2.0.so.0
soffice.bin /usr/lib/libreoffice/program/libdbus-1.so.3
soffice.bin /lib/x86_64-linux-gnu/libdbus-1.so.3
soffice.bin /usr/lib/libreoffice/program/libcurl.so.4
soffice.bin /lib/x86_64-linux-gnu/libcurl.so.4
soffice.bin /usr/lib/libreoffice/program/libxml2.so.2
soffice.bin /lib/x86_64-linux-gnu/libxml2.so.2
soffice.bin /usr/lib/libreoffice/program/libcairo.so.2
soffice.bin /lib/x86_64-linux-gnu/libcairo.so.2
soffice.bin /usr/lib/libreoffice/program/libxslt.so.1
soffice.bin /lib/x86_64-linux-gnu/libxslt.so.1
soffice.bin /usr/lib/libreoffice/program/libexslt.so.0
soffice.bin /lib/x86_64-linux-gnu/libexslt.so.0
soffice.bin /usr/lib/libreoffice/program/libexpat.so.1
soffice.bin /lib/x86_64-linux-gnu/libexpat.so.1
soffice.bin /usr/lib/libreoffice/program/libclucene-core.so.1
soffice.bin /lib/x86_64-linux-gnu/libclucene-core.so.1
soffice.bin /usr/lib/libreoffice/program/libclucene-contribs-lib.so.1
soffice.bin /lib/x86_64-linux-gnu/libclucene-contribs-lib.so.1
soffice.bin /usr/lib/libreoffice/program/libexttextcat-2.0.so.0
soffice.bin /lib/x86_64-linux-gnu/libexttextcat-2.0.so.0
soffice.bin /usr/lib/libreoffice/program/libhunspell-1.7.so.0
soffice.bin /lib/x86_64-linux-gnu/libhunspell-1.7.so.0
soffice.bin /usr/lib/libreoffice/program/libhyphen.so.0
soffice.bin /lib/x86_64-linux-gnu/libhyphen.so.0
soffice.bin /usr/lib/libreoffice/program/libmythes-1.2.so.0
soffice.bin /lib/x86_64-linux-gnu/libmythes-1.2.so.0
soffice.bin /usr/lib/libreoffice/program/libargon2.so.1
soffice.bin /lib/x86_64-linux-gnu/libargon2.so.1
soffice.bin /usr/lib/libreoffice/program/libboost_locale.so.1.83.0
soffice.bin /lib/x86_64-linux-gnu/libboost_locale.so.1.83.0
soffice.bin /usr/lib/libreoffice/program/librdf.so.0
soffice.bin /lib/x86_64-linux-gnu/librdf.so.0
soffice.bin /usr/lib/libreoffice/program/libraptor2.so.0
soffice.bin /lib/x86_64-linux-gnu/libraptor2.so.0
soffice.bin /usr/lib/libreoffice/program/libgraphite2.so.3
soffice.bin /lib/x86_64-linux-gnu/libgraphite2.so.3
soffice.bin /usr/lib/libreoffice/program/libharfbuzz-icu.so.0
soffice.bin /lib/x86_64-linux-gnu/libharfbuzz-icu.so.0
soffice.bin /usr/lib/libreoffice/program/libharfbuzz.so.0
soffice.bin /lib/x86_64-linux-gnu/libharfbuzz.so.0
soffice.bin /usr/lib/libreoffice/program/liblcms2.so.2
soffice.bin /lib/x86_64-linux-gnu/liblcms2.so.2
soffice.bin /usr/lib/libreoffice/program/libeot.so.0
soffice.bin /lib/x86_64-linux-gnu/libeot.so.0
soffice.bin /usr/lib/libreoffice/program/libjpeg.so.8
soffice.bin /lib/x86_64-linux-gnu/libjpeg.so.8
soffice.bin /usr/lib/libreoffice/program/libpng16.so.16
soffice.bin /lib/x86_64-linux-gnu/libpng16.so.16
soffice.bin /usr/lib/libreoffice/program/libtiff.so.6
soffice.bin /lib/x86_64-linux-gnu/libtiff.so.6
soffice.bin /usr/lib/libreoffice/program/libwebp.so.7
soffice.bin /lib/x86_64-linux-gnu/libwebp.so.7
soffice.bin /usr/lib/libreoffice/program/libX11.so.6
soffice.bin /lib/x86_64-linux-gnu/libX11.so.6
soffice.bin /usr/lib/libreoffice/program/libXext.so.6
soffice.bin /lib/x86_64-linux-gnu/libXext.so.6
soffice.bin /usr/lib/libreoffice/program/libcups.so.2
soffice.bin /lib/x86_64-linux-gnu/libcups.so.2
soffice.bin /usr/lib/libreoffice/program/libfontconfig.so.1
soffice.bin /lib/x86_64-linux-gnu/libfontconfig.so.1
soffice.bin /usr/lib/libreoffice/program/libfreetype.so.6
soffice.bin /lib/x86_64-linux-gnu/libfreetype.so.6
soffice.bin /usr/lib/libreoffice/program/libuno_cppu.so.3
soffice.bin /usr/lib/libreoffice/program/libuno_cppuhelpergcc3.so.3
soffice.bin /usr/lib/libreoffice/program/libi18nlangtag.so
soffice.bin /usr/lib/libreoffice/program/libjvmaccesslo.so
soffice.bin /usr/lib/libreoffice/program/libjvmfwklo.so
soffice.bin /usr/lib/libreoffice/program/libuno_salhelpergcc3.so.3
soffice.bin /usr/lib/libreoffice/program/libxmlreaderlo.so
soffice.bin /usr/lib/libreoffice/program/libclewlo.so
soffice.bin /usr/lib/libreoffice/program/libskialo.so
soffice.bin /usr/lib/libreoffice/program/libpdfiumlo.so
soffice.bin /lib/x86_64-linux-gnu/libicudata.so.74
soffice.bin /lib/x86_64-linux-gnu/libgpgme.so.11
soffice.bin /lib/x86_64-linux-gnu/libnssutil3.so
soffice.bin /lib/x86_64-linux-gnu/libplds4.so
soffice.bin /lib/x86_64-linux-gnu/libgmodule-2.0.so.0
soffice.bin /lib/x86_64-linux-gnu/libmount.so.1
soffice.bin /lib/x86_64-linux-gnu/libselinux.so.1
soffice.bin /lib/x86_64-linux-gnu/libffi.so.8
soffice.bin /lib/x86_64-linux-gnu/libpcre2-8.so.0
soffice.bin /lib/x86_64-linux-gnu/libsystemd.so.0
soffice.bin /lib/x86_64-linux-gnu/libnghttp2.so.14
soffice.bin /lib/x86_64-linux-gnu/libidn2.so.0
soffice.bin /lib/x86_64-linux-gnu/librtmp.so.1
soffice.bin /lib/x86_64-linux-gnu/libssh.so.4
soffice.bin /lib/x86_64-linux-gnu/libpsl.so.5
soffice.bin /lib/x86_64-linux-gnu/libssl.so.3
soffice.bin /lib/x86_64-linux-gnu/libcrypto.so.3
soffice.bin /lib/x86_64-linux-gnu/libgssapi_krb5.so.2
soffice.bin /lib/x86_64-linux-gnu/libldap.so.2
soffice.bin /lib/x86_64-linux-gnu/liblber.so.2
soffice.bin /lib/x86_64-linux-gnu/libzstd.so.1
soffice.bin /lib/x86_64-linux-gnu/libbrotlidec.so.1
soffice.bin /lib/x86_64-linux-gnu/liblzma.so.5
soffice.bin /lib/x86_64-linux-gnu/libXrender.so.1
soffice.bin /lib/x86_64-linux-gnu/libxcb.so.1
soffice.bin /lib/x86_64-linux-gnu/libxcb-render.so.0
soffice.bin /lib/x86_64-linux-gnu/libxcb-shm.so.0
soffice.bin /lib/x86_64-linux-gnu/libpixman-1.so.0
soffice.bin /lib/x86_64-linux-gnu/libgcrypt.so.20
soffice.bin /lib/x86_64-linux-gnu/libclucene-shared.so.1
soffice.bin /lib/x86_64-linux-gnu/libboost_thread.so.1.83.0
soffice.bin /lib/x86_64-linux-gnu/librasqal.so.3
soffice.bin /lib/x86_64-linux-gnu/libltdl.so.7
soffice.bin /lib/x86_64-linux-gnu/libdb-5.3.so
soffice.bin /lib/x86_64-linux-gnu/libcurl-gnutls.so.4
soffice.bin /lib/x86_64-linux-gnu/libyajl.so.2
soffice.bin /lib/x86_64-linux-gnu/libLerc.so.4
soffice.bin /lib/x86_64-linux-gnu/libjbig.so.0
soffice.bin /lib/x86_64-linux-gnu/libdeflate.so.0
soffice.bin /lib/x86_64-linux-gnu/libsharpyuv.so.0
soffice.bin /lib/x86_64-linux-gnu/libavahi-common.so.3
soffice.bin /lib/x86_64-linux-gnu/libavahi-client.so.3
soffice.bin /lib/x86_64-linux-gnu/libgnutls.so.30
soffice.bin /lib/x86_64-linux-gnu/libbz2.so.1.0
soffice.bin /usr/lib/libreoffice/program/libreglo.so
soffice.bin /usr/lib/libreoffice/program/libunoidllo.so
soffice.bin /usr/lib/libreoffice/program/liblangtag.so.1
soffice.bin /lib/x86_64-linux-gnu/liblangtag.so.1
soffice.bin /usr/lib/libreoffice/program/libX11-xcb.so.1
soffice.bin /lib/x86_64-linux-gnu/libX11-xcb.so.1
soffice.bin /usr/lib/libreoffice/program/libopenjp2.so.7
soffice.bin /lib/x86_64-linux-gnu/libopenjp2.so.7
soffice.bin /usr/lib/libreoffice/program/libabsl_bad_optional_access.so.20220623
soffice.bin /lib/x86_64-linux-gnu/libabsl_bad_optional_access.so.20220623
soffice.bin /usr/lib/libreoffice/program/libabsl_bad_variant_access.so.20220623
soffice.bin /lib/x86_64-linux-gnu/libabsl_bad_variant_access.so.20220623
soffice.bin /lib/x86_64-linux-gnu/libassuan.so.0
soffice.bin /lib/x86_64-linux-gnu/libgpg-error.so.0
soffice.bin /lib/x86_64-linux-gnu/libblkid.so.1
soffice.bin /lib/x86_64-linux-gnu/libcap.so.2
soffice.bin /lib/x86_64-linux-gnu/liblz4.so.1
soffice.bin /lib/x86_64-linux-gnu/libunistring.so.5
soffice.bin /lib/x86_64-linux-gnu/libhogweed.so.6
soffice.bin /lib/x86_64-linux-gnu/libnettle.so.8
soffice.bin /lib/x86_64-linux-gnu/libgmp.so.10
soffice.bin /lib/x86_64-linux-gnu/libkrb5.so.3
soffice.bin /lib/x86_64-linux-gnu/libk5crypto.so.3
soffice.bin /lib/x86_64-linux-gnu/libcom_err.so.2
soffice.bin /lib/x86_64-linux-gnu/libkrb5support.so.0
soffice.bin /lib/x86_64-linux-gnu/libsasl2.so.2
soffice.bin /lib/x86_64-linux-gnu/libbrotlicommon.so.1
soffice.bin /lib/x86_64-linux-gnu/libXau.so.6
soffice.bin /lib/x86_64-linux-gnu/libXdmcp.so.6
soffice.bin /lib/x86_64-linux-gnu/libmhash.so.2
soffice.bin /lib/x86_64-linux-gnu/libuuid.so.1
soffice.bin /lib/x86_64-linux-gnu/libp11-kit.so.0
soffice.bin /lib/x86_64-linux-gnu/libtasn1.so.6
soffice.bin /usr/lib/libreoffice/program/libstorelo.so
soffice.bin /lib/x86_64-linux-gnu/libkeyutils.so.1
soffice.bin /lib/x86_64-linux-gnu/libresolv.so.2
soffice.bin /lib/x86_64-linux-gnu/libbsd.so.0
soffice.bin /lib/x86_64-linux-gnu/libmd.so.0
soffice.bin /etc/gnutls/config
soffice.bin /proc/filesystems
soffice.bin /usr/lib/locale/locale-archive
soffice.bin /usr/lib/libreoffice/program/sofficerc
soffice.bin /usr/lib/libreoffice/program/fundamentalrc
soffice.bin /usr/lib/libreoffice/program/bootstraprc
soffice.bin /etc/nsswitch.conf
soffice.bin /etc/passwd
soffice.bin /config/.config/libreoffice/4/user/temp/embeddedfonts/fromdocs
soffice.bin /config/.config/libreoffice/4/user/temp/embeddedfonts/fromsystem
soffice.bin /usr/lib/libreoffice/program/libvclplug_qt5lo.so
soffice.bin /usr/lib/libreoffice/program/libQt5Core.so.5
soffice.bin /etc/ld.so.cache
soffice.bin /lib/x86_64-linux-gnu/libQt5Core.so.5
soffice.bin /usr/lib/libreoffice/program/libQt5Gui.so.5
soffice.bin /lib/x86_64-linux-gnu/libQt5Gui.so.5
soffice.bin /usr/lib/libreoffice/program/libQt5Widgets.so.5
soffice.bin /lib/x86_64-linux-gnu/libQt5Widgets.so.5
soffice.bin /usr/lib/libreoffice/program/libQt5X11Extras.so.5
soffice.bin /lib/x86_64-linux-gnu/libQt5X11Extras.so.5
soffice.bin /lib/x86_64-linux-gnu/libdouble-conversion.so.3
soffice.bin /lib/x86_64-linux-gnu/libpcre2-16.so.0
soffice.bin /lib/x86_64-linux-gnu/libGL.so.1
soffice.bin /lib/x86_64-linux-gnu/libmd4c.so.0
soffice.bin /lib/x86_64-linux-gnu/libGLdispatch.so.0
soffice.bin /lib/x86_64-linux-gnu/libGLX.so.0
soffice.bin /usr/lib/x86_64-linux-gnu/qt5/plugins/platforms
soffice.bin /usr/lib/x86_64-linux-gnu/qt5/plugins/platforms/libqeglfs.so
soffice.bin /usr/lib/x86_64-linux-gnu/qt5/plugins/platforms/libqlinuxfb.so
soffice.bin /usr/lib/x86_64-linux-gnu/qt5/plugins/platforms/libqminimal.so
soffice.bin /usr/lib/x86_64-linux-gnu/qt5/plugins/platforms/libqminimalegl.so
soffice.bin /usr/lib/x86_64-linux-gnu/qt5/plugins/platforms/libqoffscreen.so
soffice.bin /usr/lib/x86_64-linux-gnu/qt5/plugins/platforms/libqvnc.so
soffice.bin /usr/lib/x86_64-linux-gnu/qt5/plugins/platforms/libqxcb.so
soffice.bin /usr/lib/x86_64-linux-gnu/qt5/plugins/platforms/libqxcb.so.avx2
soffice.bin /usr/lib/x86_64-linux-gnu/qt5/plugins/platforms/libqxcb.so
soffice.bin /etc/ld.so.cache
soffice.bin /lib/x86_64-linux-gnu/libQt5XcbQpa.so.5
soffice.bin /lib/x86_64-linux-gnu/libQt5DBus.so.5
soffice.bin /lib/x86_64-linux-gnu/libxcb-icccm.so.4
soffice.bin /lib/x86_64-linux-gnu/libxcb-image.so.0
soffice.bin /lib/x86_64-linux-gnu/libxcb-keysyms.so.1
soffice.bin /lib/x86_64-linux-gnu/libxcb-randr.so.0
soffice.bin /lib/x86_64-linux-gnu/libxcb-render-util.so.0
soffice.bin /lib/x86_64-linux-gnu/libxcb-shape.so.0
soffice.bin /lib/x86_64-linux-gnu/libxcb-sync.so.1
soffice.bin /lib/x86_64-linux-gnu/libxcb-xfixes.so.0
soffice.bin /lib/x86_64-linux-gnu/libxcb-xinerama.so.0
soffice.bin /lib/x86_64-linux-gnu/libxcb-xkb.so.1
soffice.bin /lib/x86_64-linux-gnu/libxcb-xinput.so.0
soffice.bin /lib/x86_64-linux-gnu/libSM.so.6
soffice.bin /lib/x86_64-linux-gnu/libICE.so.6
soffice.bin /lib/x86_64-linux-gnu/libxkbcommon-x11.so.0
soffice.bin /lib/x86_64-linux-gnu/libxkbcommon.so.0
soffice.bin /lib/x86_64-linux-gnu/libxcb-util.so.1
Xvfb /proc/1159/cmdline
soffice.bin /usr/share/qt5/qtlogging.ini
soffice.bin /usr/share/hwdata/pnp.ids
soffice.bin /etc/ld.so.cache
soffice.bin /lib/x86_64-linux-gnu/libXcursor.so.1
soffice.bin /lib/x86_64-linux-gnu/libXfixes.so.3
soffice.bin /usr/share/X11/locale/locale.alias
soffice.bin /usr/share/X11/locale/locale.alias
soffice.bin /usr/share/X11/locale/locale.dir
soffice.bin /usr/share/X11/locale/en_US.UTF-8/XLC_LOCALE
soffice.bin /usr/lib/x86_64-linux-gnu/qt5/plugins/platformthemes
soffice.bin /usr/lib/x86_64-linux-gnu/qt5/plugins/platformthemes/KDEPlasmaPlatformTheme.so
soffice.bin /usr/lib/x86_64-linux-gnu/qt5/plugins/platformthemes/KDEPlasmaPlatformTheme.so.avx2
soffice.bin /usr/lib/x86_64-linux-gnu/qt5/plugins/platformthemes/KDEPlasmaPlatformTheme.so
soffice.bin /etc/ld.so.cache
soffice.bin /lib/x86_64-linux-gnu/libKF5KIOFileWidgets.so.5
soffice.bin /lib/x86_64-linux-gnu/libKF5KIOWidgets.so.5
soffice.bin /lib/x86_64-linux-gnu/libKF5Notifications.so.5
soffice.bin /lib/x86_64-linux-gnu/libwayland-client.so.0
soffice.bin /lib/x86_64-linux-gnu/libQt5QuickControls2.so.5
soffice.bin /lib/x86_64-linux-gnu/libQt5Quick.so.5
soffice.bin /lib/x86_64-linux-gnu/libKF5KIOCore.so.5
soffice.bin /lib/x86_64-linux-gnu/libKF5JobWidgets.so.5
soffice.bin /lib/x86_64-linux-gnu/libKF5Completion.so.5
soffice.bin /lib/x86_64-linux-gnu/libKF5XmlGui.so.5
soffice.bin /lib/x86_64-linux-gnu/libKF5IconThemes.so.5
soffice.bin /lib/x86_64-linux-gnu/libKF5ConfigWidgets.so.5
soffice.bin /lib/x86_64-linux-gnu/libKF5ConfigGui.so.5
soffice.bin /lib/x86_64-linux-gnu/libKF5I18n.so.5
soffice.bin /lib/x86_64-linux-gnu/libKF5WidgetsAddons.so.5
soffice.bin /lib/x86_64-linux-gnu/libKF5ConfigCore.so.5
soffice.bin /lib/x86_64-linux-gnu/libKF5WindowSystem.so.5
soffice.bin /lib/x86_64-linux-gnu/libKF5CoreAddons.so.5
soffice.bin /lib/x86_64-linux-gnu/libQt5WaylandClient.so.5
soffice.bin /lib/x86_64-linux-gnu/libKF5Bookmarks.so.5
soffice.bin /lib/x86_64-linux-gnu/libKF5Solid.so.5
soffice.bin /lib/x86_64-linux-gnu/libKF5KIOGui.so.5
soffice.bin /lib/x86_64-linux-gnu/libKF5ItemViews.so.5
soffice.bin /lib/x86_64-linux-gnu/libQt5Network.so.5
soffice.bin /lib/x86_64-linux-gnu/libKF5GuiAddons.so.5
soffice.bin /lib/x86_64-linux-gnu/libQt5Xml.so.5
soffice.bin /lib/x86_64-linux-gnu/libKF5Service.so.5
soffice.bin /lib/x86_64-linux-gnu/libcanberra.so.0
soffice.bin /lib/x86_64-linux-gnu/libQt5TextToSpeech.so.5
soffice.bin /lib/x86_64-linux-gnu/libdbusmenu-qt5.so.2
soffice.bin /lib/x86_64-linux-gnu/libQt5Qml.so.5
soffice.bin /lib/x86_64-linux-gnu/libQt5QuickTemplates2.so.5
soffice.bin /lib/x86_64-linux-gnu/libQt5QmlModels.so.5
soffice.bin /lib/x86_64-linux-gnu/libKF5Crash.so.5
soffice.bin /lib/x86_64-linux-gnu/libKF5AuthCore.so.5
soffice.bin /lib/x86_64-linux-gnu/libacl.so.1
soffice.bin /lib/x86_64-linux-gnu/libKF5GlobalAccel.so.5
soffice.bin /lib/x86_64-linux-gnu/libQt5PrintSupport.so.5
soffice.bin /lib/x86_64-linux-gnu/libQt5Svg.so.5
soffice.bin /lib/x86_64-linux-gnu/libKF5Archive.so.5
soffice.bin /lib/x86_64-linux-gnu/libKF5Codecs.so.5
soffice.bin /lib/x86_64-linux-gnu/libudev.so.1
soffice.bin /lib/x86_64-linux-gnu/libwayland-cursor.so.0
soffice.bin /lib/x86_64-linux-gnu/libimobiledevice-1.0.so.6
soffice.bin /lib/x86_64-linux-gnu/libplist-2.0.so.4
soffice.bin /lib/x86_64-linux-gnu/libKF5DBusAddons.so.5
soffice.bin /lib/x86_64-linux-gnu/libvorbisfile.so.3
soffice.bin /lib/x86_64-linux-gnu/libtdb.so.1
soffice.bin /lib/x86_64-linux-gnu/libusbmuxd-2.0.so.6
soffice.bin /lib/x86_64-linux-gnu/libvorbis.so.0
soffice.bin /lib/x86_64-linux-gnu/libogg.so.0
soffice.bin /usr/share/locale/en/LC_MESSAGES/kcoreaddons5_qt.qm
soffice.bin /usr/share/locale/en/LC_MESSAGES/kcoreaddons5_qt.qm
soffice.bin /usr/share/locale/en/LC_MESSAGES/kwidgetsaddons5_qt.qm
soffice.bin /usr/share/locale/en/LC_MESSAGES/kwidgetsaddons5_qt.qm
soffice.bin /usr/share/locale/en/LC_MESSAGES/kjobwidgets5_qt.qm
soffice.bin /usr/share/locale/en/LC_MESSAGES/kjobwidgets5_qt.qm
soffice.bin /etc/localtime
soffice.bin /usr/share/kubuntu-default-settings/kf5-settings/kdeglobals
soffice.bin /config/.config/kdedefaults/kdeglobals
soffice.bin /config/.config/kdeglobals
soffice.bin /usr/lib/x86_64-linux-gnu/qt5/qml/QtQuick/Controls.2
soffice.bin /usr/lib/x86_64-linux-gnu/qt5/plugins/platforminputcontexts
soffice.bin /usr/lib/x86_64-linux-gnu/qt5/plugins/platforminputcontexts/libcomposeplatforminputcontextplugin.so
soffice.bin /usr/lib/x86_64-linux-gnu/qt5/plugins/platforminputcontexts/libibusplatforminputcontextplugin.so
soffice.bin /usr/lib/x86_64-linux-gnu/qt5/plugins/platforminputcontexts/plasmaimplatforminputcontextplugin.so
soffice.bin /usr/lib/x86_64-linux-gnu/qt5/plugins/platforminputcontexts/libcomposeplatforminputcontextplugin.so.avx2
soffice.bin /usr/lib/x86_64-linux-gnu/qt5/plugins/platforminputcontexts/libcomposeplatforminputcontextplugin.so
soffice.bin /usr/lib/x86_64-linux-gnu/qt5/plugins/xcbglintegrations
soffice.bin /usr/lib/x86_64-linux-gnu/qt5/plugins/xcbglintegrations/libqxcb-egl-integration.so
xclip /etc/ld.so.cache
xclip /lib/x86_64-linux-gnu/libXmu.so.6
xclip /lib/x86_64-linux-gnu/libX11.so.6
soffice.bin /usr/lib/x86_64-linux-gnu/qt5/plugins/xcbglintegrations/libqxcb-glx-integration.so
xclip /lib/x86_64-linux-gnu/libc.so.6
soffice.bin /usr/lib/x86_64-linux-gnu/qt5/plugins/xcbglintegrations/libqxcb-glx-integration.so.avx2
soffice.bin /usr/lib/x86_64-linux-gnu/qt5/plugins/xcbglintegrations/libqxcb-glx-integration.so
xclip /lib/x86_64-linux-gnu/libXt.so.6
soffice.bin /etc/ld.so.cache
soffice.bin /lib/x86_64-linux-gnu/libxcb-glx.so.0
xclip /lib/x86_64-linux-gnu/libXext.so.6
xclip /lib/x86_64-linux-gnu/libxcb.so.1
xclip /lib/x86_64-linux-gnu/libSM.so.6
xclip /lib/x86_64-linux-gnu/libICE.so.6
xclip /lib/x86_64-linux-gnu/libXau.so.6
xclip /lib/x86_64-linux-gnu/libXdmcp.so.6
xclip /lib/x86_64-linux-gnu/libuuid.so.1
xclip /lib/x86_64-linux-gnu/libbsd.so.0
xclip /lib/x86_64-linux-gnu/libmd.so.0
xclip /usr/share/X11/locale/locale.alias
soffice.bin /etc/ld.so.cache
soffice.bin /lib/x86_64-linux-gnu/libGLX_mesa.so.0
xclip /usr/share/X11/locale/locale.dir
soffice.bin /lib/x86_64-linux-gnu/libgallium-25.2.8-0ubuntu0.24.04.1.so
xclip /usr/share/X11/locale/C/XLC_LOCALE
xclip /usr/share/X11/locale/locale.alias
soffice.bin /lib/x86_64-linux-gnu/libdrm.so.2
soffice.bin /lib/x86_64-linux-gnu/libXxf86vm.so.1
soffice.bin /lib/x86_64-linux-gnu/libxcb-dri3.so.0
xclip /usr/share/X11/locale/locale.dir
soffice.bin /lib/x86_64-linux-gnu/libxcb-present.so.0
xclip /usr/share/X11/locale/C/XLC_LOCALE
soffice.bin /lib/x86_64-linux-gnu/libLLVM.so.20.1
Xvfb /proc/1179/cmdline
soffice.bin /lib/x86_64-linux-gnu/libsensors.so.5
soffice.bin /lib/x86_64-linux-gnu/libxshmfence.so.1
soffice.bin /lib/x86_64-linux-gnu/libdrm_amdgpu.so.1
soffice.bin /lib/x86_64-linux-gnu/libelf.so.1
soffice.bin /lib/x86_64-linux-gnu/libdrm_intel.so.1
soffice.bin /lib/x86_64-linux-gnu/../lib/glibc-hwcaps/x86-64-v3/libedit.so.2
soffice.bin /lib/x86_64-linux-gnu/../lib/glibc-hwcaps/x86-64-v2/libedit.so.2
soffice.bin /lib/x86_64-linux-gnu/../lib/libedit.so.2
soffice.bin /lib/x86_64-linux-gnu/libedit.so.2
soffice.bin /lib/x86_64-linux-gnu/libpciaccess.so.0
soffice.bin /lib/x86_64-linux-gnu/libtinfo.so.6
soffice.bin /usr/share/drirc.d
soffice.bin /usr/share/drirc.d/00-mesa-defaults.conf
soffice.bin /usr/lib/x86_64-linux-gnu/gconv/gconv-modules.cache
soffice.bin /usr/share/drirc.d/00-radv-defaults.conf
soffice.bin /etc/drirc
soffice.bin /usr/share/locale/locale.alias
soffice.bin /usr/share/locale/en_US/LC_MESSAGES/libc.mo
soffice.bin /usr/share/locale/en/LC_MESSAGES/libc.mo
soffice.bin /usr/share/locale-langpack/en_US/LC_MESSAGES/libc.mo
soffice.bin /usr/share/locale-langpack/en/LC_MESSAGES/libc.mo
soffice.bin /config/.drirc
soffice.bin /sys/devices/system/cpu/possible
soffice.bin /sys/devices/system/cpu/cpu0/cpu_capacity
soffice.bin /sys/devices/system/cpu/cpu1/cpu_capacity
soffice.bin /sys/devices/system/cpu/cpu2/cpu_capacity
soffice.bin /sys/devices/system/cpu/cpu3/cpu_capacity
soffice.bin /sys/devices/system/cpu/cpu4/cpu_capacity
soffice.bin /sys/devices/system/cpu/cpu5/cpu_capacity
soffice.bin /sys/devices/system/cpu/cpu6/cpu_capacity
soffice.bin /sys/devices/system/cpu/cpu7/cpu_capacity
soffice.bin /sys/devices/system/cpu/cpu8/cpu_capacity
soffice.bin /sys/devices/system/cpu/cpu9/cpu_capacity
soffice.bin /sys/devices/system/cpu/cpu10/cpu_capacity
soffice.bin /sys/devices/system/cpu/cpu11/cpu_capacity
soffice.bin /sys/devices/system/cpu/cpu12/cpu_capacity
soffice.bin /sys/devices/system/cpu/cpu13/cpu_capacity
soffice.bin /sys/devices/system/cpu/cpu14/cpu_capacity
soffice.bin /sys/devices/system/cpu/cpu15/cpu_capacity
soffice.bin /dev/udmabuf
soffice.bin /usr/share/drirc.d
soffice.bin /usr/share/drirc.d/00-mesa-defaults.conf
soffice.bin /usr/share/drirc.d/00-radv-defaults.conf
soffice.bin /etc/drirc
soffice.bin /config/.drirc
soffice.bin /sys/devices/system/cpu/online
soffice.bin /config/.cache/mesa_shader_cache/index
soffice.bin /config/.cache/mesa_shader_cache/db/1eda42f2a767a2d7820a869487f528f852a0c3
soffice.bin /config/.cache/mesa_shader_cache/0c/2078390c4088c952a5aaf00c2698fc4cb3c2ae
soffice.bin /config/.cache/mesa_shader_cache/5e/44b0234ba7fee5aad30999f5c85fa1ab7d1e2b
soffice.bin /config/.cache/mesa_shader_cache/8a/05f419308844007d1e201ba19cfb5f3cd8ab27
soffice.bin /config/.cache/mesa_shader_cache/59/ec931cfacda6fd80434ecf9e3f29a17ea5760a
soffice.bin /usr/share/locale/en/LC_MESSAGES/kjobwidgets5_qt.qm
soffice.bin /usr/share/locale/en/LC_MESSAGES/kjobwidgets5_qt.qm
soffice.bin /usr/lib/x86_64-linux-gnu/qt5/plugins/iconengines
soffice.bin /usr/lib/x86_64-linux-gnu/qt5/plugins/iconengines/libqsvgicon.so
soffice.bin /usr/share/locale/en/LC_MESSAGES/kwidgetsaddons5_qt.qm
soffice.bin /usr/share/locale/en/LC_MESSAGES/kwidgetsaddons5_qt.qm
soffice.bin /usr/share/locale/en/LC_MESSAGES/kcoreaddons5_qt.qm
soffice.bin /usr/share/locale/en/LC_MESSAGES/kcoreaddons5_qt.qm
soffice.bin /usr/lib/x86_64-linux-gnu/qt5/plugins/styles
soffice.bin /usr/lib/x86_64-linux-gnu/qt5/plugins/styles/breeze.so
soffice.bin /usr/lib/x86_64-linux-gnu/qt5/plugins/styles/breeze.so.avx2
soffice.bin /usr/lib/x86_64-linux-gnu/qt5/plugins/styles/breeze.so
soffice.bin /etc/ld.so.cache
soffice.bin /lib/x86_64-linux-gnu/libKF5Kirigami2.so.5
soffice.bin /lib/x86_64-linux-gnu/libbreezecommon5.so.5
soffice.bin /lib/x86_64-linux-gnu/libKF5Style.so.5
soffice.bin /usr/share/kubuntu-default-settings/kf5-settings/breezerc
soffice.bin /usr/share/kubuntu-default-settings/kf5-settings/kwinrc
soffice.bin /config/.config/kdedefaults/kwinrc
soffice.bin /config/.config/kwinrc
dbus-daemon /run/systemd/users/911
dbus-daemon /proc/1159/cmdline
soffice.bin /usr/share/kubuntu-default-settings/kf5-settings/breezerc
soffice.bin /usr/share/kubuntu-default-settings/kf5-settings/kwinrc
soffice.bin /config/.config/kdedefaults/kwinrc
soffice.bin /config/.config/kwinrc
soffice.bin /usr/share/kubuntu-default-settings/kf5-settings/breezerc
soffice.bin /usr/lib/libreoffice/program/libgcc3_uno.so
soffice.bin /usr/lib/libreoffice/program/versionrc
soffice.bin /etc/passwd
soffice.bin /config/.config/libreoffice/4/user/extensions/buildid
soffice.bin /config/.config/libreoffice/4/user/extensions
soffice.bin /usr/lib/libreoffice/program/lounorc
soffice.bin /etc/passwd
soffice.bin /config/.config/libreoffice/4/user/extensions/buildid
soffice.bin /usr/lib/libreoffice/program/unorc
soffice.bin /etc/passwd
soffice.bin /etc/passwd
soffice.bin /etc/passwd
soffice.bin /usr/lib/libreoffice/program/services.rdb
soffice.bin /usr/lib/libreoffice/program/services
soffice.bin /usr/lib/libreoffice/program/services/services.rdb
soffice.bin /etc/passwd
soffice.bin /etc/passwd
soffice.bin /etc/passwd
soffice.bin /usr/lib/libreoffice/program/types.rdb
soffice.bin /usr/lib/libreoffice/program/types
soffice.bin /usr/lib/libreoffice/program/types/offapi.rdb
soffice.bin /usr/lib/libreoffice/program/types/oovbaapi.rdb
soffice.bin /etc/passwd
soffice.bin /config/.config/libreoffice/4/safemode_restart
soffice.bin /etc/passwd
soffice.bin /config/.config/libreoffice/4/safemode
soffice.bin /etc/passwd
soffice.bin /etc/passwd
soffice.bin /etc/passwd
soffice.bin /etc/passwd
soffice.bin /config/.config/libreoffice/4/user/SafeMode
soffice.bin /etc/passwd
soffice.bin /etc/passwd
soffice.bin /etc/passwd
soffice.bin /etc/passwd
soffice.bin /etc/libreoffice/registry
soffice.bin /etc/libreoffice/registry/Langpack-en-US.xcd
soffice.bin /etc/libreoffice/registry/calc.xcd
soffice.bin /etc/libreoffice/registry/draw.xcd
soffice.bin /etc/libreoffice/registry/graphicfilter.xcd
soffice.bin /etc/libreoffice/registry/impress.xcd
soffice.bin /etc/libreoffice/registry/lingucomponent.xcd
soffice.bin /etc/libreoffice/registry/main.xcd
soffice.bin /etc/libreoffice/registry/ogltrans.xcd
soffice.bin /etc/libreoffice/registry/pdfimport.xcd
soffice.bin /etc/libreoffice/registry/writer.xcd
soffice.bin /etc/libreoffice/registry/xsltfilter.xcd
soffice.bin /etc/libreoffice/registry/schema
soffice.bin /etc/libreoffice/registry/data
soffice.bin /etc/libreoffice/registry/res
soffice.bin /etc/libreoffice/registry/res/fcfg_langpack_en-US.xcd
soffice.bin /etc/libreoffice/registry/res
soffice.bin /run/dconf/user/911
soffice.bin /config/.XDG/dconf/profile
soffice.bin /etc/dconf/profile/user
soffice.bin /usr/local/share/dconf/profile/user
soffice.bin /usr/share/dconf/profile/user
soffice.bin /config/.XDG/dconf/user
soffice.bin /config/.config/dconf/user
soffice.bin /etc/passwd
soffice.bin /config/.config/libreoffice/4/user/registrymodifications.xcu
soffice.bin /etc/passwd
soffice.bin /config/.config/libreoffice/4/user/registry/data
soffice.bin /etc/passwd
soffice.bin /etc/passwd
soffice.bin /usr/lib/libreoffice/presets
soffice.bin /usr/lib/libreoffice/presets/autotext
soffice.bin /usr/lib/libreoffice/presets/autotext/mytexts.bau
soffice.bin /config/.config/libreoffice/4/user/autotext/mytexts.bau
soffice.bin /usr/lib/libreoffice/presets/basic
soffice.bin /usr/lib/libreoffice/presets/basic/Standard
soffice.bin /usr/lib/libreoffice/presets/basic/Standard/Module1.xba
soffice.bin /config/.config/libreoffice/4/user/basic/Standard/Module1.xba
soffice.bin /usr/lib/libreoffice/presets/basic/Standard/dialog.xlb
soffice.bin /config/.config/libreoffice/4/user/basic/Standard/dialog.xlb
soffice.bin /usr/lib/libreoffice/presets/basic/Standard/script.xlb
soffice.bin /config/.config/libreoffice/4/user/basic/Standard/script.xlb
soffice.bin /usr/lib/libreoffice/presets/basic/dialog.xlc
soffice.bin /config/.config/libreoffice/4/user/basic/dialog.xlc
soffice.bin /usr/lib/libreoffice/presets/basic/script.xlc
soffice.bin /config/.config/libreoffice/4/user/basic/script.xlc
soffice.bin /usr/lib/libreoffice/presets/config
soffice.bin /usr/lib/libreoffice/presets/config/autotbl.fmt
soffice.bin /config/.config/libreoffice/4/user/config/autotbl.fmt
soffice.bin /usr/lib/libreoffice/presets/database
soffice.bin /usr/lib/libreoffice/presets/database/biblio
soffice.bin /usr/lib/libreoffice/presets/database/biblio/biblio.dbf
soffice.bin /config/.config/libreoffice/4/user/database/biblio/biblio.dbf
soffice.bin /usr/lib/libreoffice/presets/database/biblio/biblio.dbt
soffice.bin /config/.config/libreoffice/4/user/database/biblio/biblio.dbt
soffice.bin /usr/lib/libreoffice/presets/database/biblio.odb
soffice.bin /config/.config/libreoffice/4/user/database/biblio.odb
soffice.bin /usr/lib/libreoffice/presets/gallery
soffice.bin /usr/lib/libreoffice/presets/gallery/sg30.sdv
soffice.bin /config/.config/libreoffice/4/user/gallery/sg30.sdv
soffice.bin /usr/lib/libreoffice/presets/gallery/sg30.thm
soffice.bin /config/.config/libreoffice/4/user/gallery/sg30.thm
soffice.bin /etc/passwd
soffice.bin /etc/passwd
soffice.bin /usr/lib/libreoffice/program/libdesktop_detectorlo.so
soffice.bin /usr/lib/libreoffice/program/libkf5be1lo.so
soffice.bin /etc/passwd
soffice.bin /config/.config/user-dirs.dirs
soffice.bin /config/Documents
soffice.bin /config/Documents
soffice.bin /etc/passwd
soffice.bin /etc/passwd
soffice.bin /config/.config/user-dirs.dirs
soffice.bin /config/Templates
soffice.bin /config/Templates
soffice.bin /tmp
soffice.bin /config/.config/libreoffice/4/.lock
soffice.bin /config/.config/libreoffice/4/.lock
soffice.bin /etc/passwd
soffice.bin /config/.config/libreoffice/4/.lock
soffice.bin /config/.config/libreoffice/4/.lock
soffice.bin /usr/lib/libreoffice/program/liblocaledata_en.so
soffice.bin /usr/lib/libreoffice/program/resource//en_US/LC_MESSAGES/fwk.mo
soffice.bin /usr/lib/libreoffice/program/resource//en/LC_MESSAGES/fwk.mo
soffice.bin /usr/lib/libreoffice/program/resource//en_US/LC_MESSAGES/svt.mo
soffice.bin /usr/lib/libreoffice/program/resource//en/LC_MESSAGES/svt.mo
soffice.bin /usr/lib/libreoffice/program/resource//en_US/LC_MESSAGES/sb.mo
soffice.bin /usr/lib/libreoffice/program/resource//en/LC_MESSAGES/sb.mo
soffice.bin /usr/share/mime/generic-icons
soffice.bin /config/.cache/icon-cache.kcache
soffice.bin /usr/share/icons/breeze/index.theme
soffice.bin /etc/passwd
soffice.bin /etc/passwd
soffice.bin /usr/lib/libreoffice/program/libloglo.so
soffice.bin /etc/passwd
soffice.bin /dev/urandom
soffice.bin /dev/urandom
soffice.bin /etc/passwd
soffice.bin /etc/passwd
soffice.bin /etc/passwd
soffice.bin /usr/lib/libreoffice/program/resource//en_US/LC_MESSAGES/dkt.mo
soffice.bin /usr/lib/libreoffice/program/resource//en/LC_MESSAGES/dkt.mo
soffice.bin /etc/passwd
soffice.bin /etc/passwd
soffice.bin /etc/passwd
soffice.bin /etc/passwd
soffice.bin /etc/passwd
soffice.bin /config/.config/libreoffice/4/user/uno_packages/cache/registry/com.sun.star.comp.deployment.configuration.PackageRegistryBackend
soffice.bin /config/.config/libreoffice/4/user/uno_packages/cache/registry/com.sun.star.comp.deployment.configuration.PackageRegistryBackend/backenddb.xml
soffice.bin /etc/passwd
soffice.bin /config/.config/libreoffice/4/user/uno_packages/cache/registry/com.sun.star.comp.deployment.configuration.PackageRegistryBackend
soffice.bin /etc/passwd
soffice.bin /etc/passwd
soffice.bin /etc/passwd
soffice.bin /etc/passwd
soffice.bin /etc/passwd
soffice.bin /etc/passwd
soffice.bin /etc/passwd
soffice.bin /etc/passwd
soffice.bin /config/.config/libreoffice/4/user/uno_packages/cache/registry/com.sun.star.comp.deployment.help.PackageRegistryBackend
soffice.bin /config/.config/libreoffice/4/user/uno_packages/cache/registry/com.sun.star.comp.deployment.help.PackageRegistryBackend/backenddb.xml
soffice.bin /etc/passwd
soffice.bin /config/.config/libreoffice/4/user/uno_packages/cache/registry/com.sun.star.comp.deployment.help.PackageRegistryBackend
soffice.bin /etc/passwd
soffice.bin /etc/passwd
soffice.bin /etc/passwd
soffice.bin /etc/passwd
soffice.bin /etc/passwd
soffice.bin /etc/passwd
soffice.bin /etc/passwd
soffice.bin /etc/passwd
soffice.bin /etc/passwd
soffice.bin /etc/passwd
soffice.bin /config/.config/libreoffice/4/user/uno_packages/cache/uno_packages.pmap
soffice.bin /config/.config/libreoffice/4/user/uno_packages/cache/uno_packages
soffice.bin /etc/passwd
soffice.bin /config/.config/libreoffice/4/user/uno_packages/cache/registry
soffice.bin /config/.config/libreoffice/4/user/uno_packages/cache/registry/com.sun.star.comp.deployment.component.PackageRegistryBackend
soffice.bin /config/.config/libreoffice/4/user/uno_packages/cache/registry/com.sun.star.comp.deployment.configuration.PackageRegistryBackend
soffice.bin /config/.config/libreoffice/4/user/uno_packages/cache/registry/com.sun.star.comp.deployment.executable.PackageRegistryBackend
soffice.bin /config/.config/libreoffice/4/user/uno_packages/cache/registry/com.sun.star.comp.deployment.help.PackageRegistryBackend
soffice.bin /config/.config/libreoffice/4/user/uno_packages/cache/registry/com.sun.star.comp.deployment.script.PackageRegistryBackend
soffice.bin /config/.config/libreoffice/4/user/uno_packages/cache/registry/com.sun.star.comp.deployment.sfwk.PackageRegistryBackend
soffice.bin /config/.config/libreoffice/4/user/uno_packages/cache/registry/com.sun.star.comp.deployment.bundle.PackageRegistryBackend
soffice.bin /etc/passwd
soffice.bin /etc/passwd
soffice.bin /etc/passwd
soffice.bin /etc/passwd
soffice.bin /etc/passwd
soffice.bin /etc/passwd
soffice.bin /etc/passwd
soffice.bin /etc/passwd
soffice.bin /etc/passwd
soffice.bin /config/.config/libreoffice/4/user/uno_packages/cache/registry/com.sun.star.comp.deployment.configuration.PackageRegistryBackend
soffice.bin /config/.config/libreoffice/4/user/uno_packages/cache/registry/com.sun.star.comp.deployment.configuration.PackageRegistryBackend/backenddb.xml
soffice.bin /etc/passwd
soffice.bin /config/.config/libreoffice/4/user/uno_packages/cache/registry/com.sun.star.comp.deployment.configuration.PackageRegistryBackend
soffice.bin /etc/passwd
soffice.bin /etc/passwd
soffice.bin /etc/passwd
soffice.bin /etc/passwd
soffice.bin /etc/passwd
soffice.bin /etc/passwd
soffice.bin /etc/passwd
soffice.bin /etc/passwd
soffice.bin /config/.config/libreoffice/4/user/uno_packages/cache/registry/com.sun.star.comp.deployment.help.PackageRegistryBackend
soffice.bin /config/.config/libreoffice/4/user/uno_packages/cache/registry/com.sun.star.comp.deployment.help.PackageRegistryBackend/backenddb.xml
soffice.bin /etc/passwd
soffice.bin /config/.config/libreoffice/4/user/uno_packages/cache/registry/com.sun.star.comp.deployment.help.PackageRegistryBackend
soffice.bin /etc/passwd
soffice.bin /etc/passwd
soffice.bin /etc/passwd
soffice.bin /etc/passwd
soffice.bin /etc/passwd
soffice.bin /etc/passwd
soffice.bin /etc/passwd
soffice.bin /etc/passwd
soffice.bin /usr/lib/libreoffice/share/uno_packages/cache/stamp.sys
soffice.bin /etc/passwd
soffice.bin /etc/passwd
soffice.bin /etc/passwd
soffice.bin /etc/passwd
soffice.bin /etc/passwd
soffice.bin /etc/passwd
soffice.bin /etc/passwd
soffice.bin /etc/passwd
soffice.bin /etc/passwd
soffice.bin /etc/passwd
soffice.bin /config/.config/libreoffice/4/user/extensions/shared/registry/com.sun.star.comp.deployment.configuration.PackageRegistryBackend
soffice.bin /config/.config/libreoffice/4/user/extensions/shared/registry/com.sun.star.comp.deployment.configuration.PackageRegistryBackend/backenddb.xml
soffice.bin /etc/passwd
soffice.bin /config/.config/libreoffice/4/user/extensions/shared/registry/com.sun.star.comp.deployment.configuration.PackageRegistryBackend
soffice.bin /etc/passwd
soffice.bin /etc/passwd
soffice.bin /etc/passwd
soffice.bin /etc/passwd
soffice.bin /etc/passwd
soffice.bin /etc/passwd
soffice.bin /etc/passwd
soffice.bin /etc/passwd
soffice.bin /config/.config/libreoffice/4/user/extensions/shared/registry/com.sun.star.comp.deployment.help.PackageRegistryBackend
soffice.bin /config/.config/libreoffice/4/user/extensions/shared/registry/com.sun.star.comp.deployment.help.PackageRegistryBackend/backenddb.xml
soffice.bin /etc/passwd
soffice.bin /config/.config/libreoffice/4/user/extensions/shared/registry/com.sun.star.comp.deployment.help.PackageRegistryBackend
soffice.bin /etc/passwd
soffice.bin /etc/passwd
soffice.bin /etc/passwd
soffice.bin /etc/passwd
soffice.bin /etc/passwd
soffice.bin /etc/passwd
soffice.bin /etc/passwd
soffice.bin /etc/passwd
soffice.bin /etc/passwd
soffice.bin /config/.config/libreoffice/4/user/extensions/shared/extensions.pmap
soffice.bin /etc/passwd
soffice.bin /etc/passwd
soffice.bin /etc/passwd
soffice.bin /etc/passwd
soffice.bin /etc/passwd
soffice.bin /etc/passwd
soffice.bin /etc/passwd
soffice.bin /etc/passwd
soffice.bin /etc/passwd
soffice.bin /etc/passwd
soffice.bin /config/.config/libreoffice/4/user/extensions/bundled/registry/com.sun.star.comp.deployment.configuration.PackageRegistryBackend
soffice.bin /config/.config/libreoffice/4/user/extensions/bundled/registry/com.sun.star.comp.deployment.configuration.PackageRegistryBackend/backenddb.xml
soffice.bin /etc/passwd
soffice.bin /config/.config/libreoffice/4/user/extensions/bundled/registry/com.sun.star.comp.deployment.configuration.PackageRegistryBackend
soffice.bin /etc/passwd
soffice.bin /etc/passwd
soffice.bin /etc/passwd
soffice.bin /etc/passwd
soffice.bin /etc/passwd
soffice.bin /etc/passwd
soffice.bin /etc/passwd
soffice.bin /etc/passwd
soffice.bin /config/.config/libreoffice/4/user/extensions/bundled/registry/com.sun.star.comp.deployment.help.PackageRegistryBackend
soffice.bin /config/.config/libreoffice/4/user/extensions/bundled/registry/com.sun.star.comp.deployment.help.PackageRegistryBackend/backenddb.xml
soffice.bin /etc/passwd
soffice.bin /config/.config/libreoffice/4/user/extensions/bundled/registry/com.sun.star.comp.deployment.help.PackageRegistryBackend
soffice.bin /etc/passwd
soffice.bin /etc/passwd
soffice.bin /etc/passwd
soffice.bin /etc/passwd
soffice.bin /etc/passwd
soffice.bin /etc/passwd
soffice.bin /etc/passwd
soffice.bin /etc/passwd
soffice.bin /etc/passwd
soffice.bin /config/.config/libreoffice/4/user/extensions/bundled/extensions.pmap
soffice.bin /usr/lib/libreoffice/share/extensions
soffice.bin /etc/passwd
soffice.bin /etc/passwd
soffice.bin /etc/passwd
soffice.bin /etc/passwd
soffice.bin /etc/passwd
soffice.bin /etc/passwd
soffice.bin /etc/passwd
soffice.bin /etc/passwd
soffice.bin /etc/passwd
soffice.bin /etc/passwd
soffice.bin /config/.config/libreoffice/4/user/extensions/tmp/registry/com.sun.star.comp.deployment.configuration.PackageRegistryBackend
soffice.bin /config/.config/libreoffice/4/user/extensions/tmp/registry/com.sun.star.comp.deployment.configuration.PackageRegistryBackend/backenddb.xml
soffice.bin /etc/passwd
soffice.bin /config/.config/libreoffice/4/user/extensions/tmp/registry/com.sun.star.comp.deployment.configuration.PackageRegistryBackend
soffice.bin /etc/passwd
soffice.bin /etc/passwd
soffice.bin /etc/passwd
soffice.bin /etc/passwd
soffice.bin /etc/passwd
soffice.bin /etc/passwd
soffice.bin /etc/passwd
soffice.bin /etc/passwd
soffice.bin /config/.config/libreoffice/4/user/extensions/tmp/registry/com.sun.star.comp.deployment.help.PackageRegistryBackend
soffice.bin /config/.config/libreoffice/4/user/extensions/tmp/registry/com.sun.star.comp.deployment.help.PackageRegistryBackend/backenddb.xml
soffice.bin /etc/passwd
soffice.bin /config/.config/libreoffice/4/user/extensions/tmp/registry/com.sun.star.comp.deployment.help.PackageRegistryBackend
soffice.bin /etc/passwd
soffice.bin /etc/passwd
soffice.bin /etc/passwd
soffice.bin /etc/passwd
soffice.bin /etc/passwd
soffice.bin /etc/passwd
soffice.bin /etc/passwd
soffice.bin /etc/passwd
soffice.bin /etc/passwd
soffice.bin /etc/passwd
soffice.bin /config/.config/libreoffice/4/user/extensions/tmp/extensions.pmap
soffice.bin /config/.config/libreoffice/4/user/extensions/tmp/extensions
soffice.bin /etc/passwd
soffice.bin /config/.config/libreoffice/4/user/extensions/bundled
soffice.bin /config/.config/libreoffice/4/user/extensions/bundled/lastsynchronized
soffice.bin /etc/passwd
soffice.bin /config/.config/libreoffice/4/user/extensions/shared
soffice.bin /config/.config/libreoffice/4/user/extensions/shared/lastsynchronized
soffice.bin /etc/passwd
soffice.bin /etc/fonts/fonts.conf
soffice.bin /etc/fonts/conf.d
soffice.bin /usr/share/fontconfig/conf.avail/10-hinting-slight.conf
soffice.bin /usr/share/fontconfig/conf.avail/10-scale-bitmap-fonts.conf
soffice.bin /usr/share/fontconfig/conf.avail/10-sub-pixel-rgb.conf
soffice.bin /usr/share/fontconfig/conf.avail/10-yes-antialias.conf
soffice.bin /usr/share/fontconfig/conf.avail/11-lcdfilter-default.conf
soffice.bin /usr/share/fontconfig/conf.avail/20-unhint-small-vera.conf
soffice.bin /usr/share/fontconfig/conf.avail/30-metric-aliases.conf
soffice.bin /usr/share/fontconfig/conf.avail/30-opensymbol.conf
soffice.bin /usr/share/fontconfig/conf.avail/40-nonlatin.conf
soffice.bin /usr/share/fontconfig/conf.avail/45-generic.conf
soffice.bin /usr/share/fontconfig/conf.avail/45-latin.conf
soffice.bin /usr/share/fontconfig/conf.avail/48-spacing.conf
soffice.bin /usr/share/fontconfig/conf.avail/49-sansserif.conf
soffice.bin /usr/share/fontconfig/conf.avail/50-user.conf
soffice.bin /usr/share/fontconfig/conf.avail/51-local.conf
soffice.bin /etc/fonts/conf.avail/56-kubuntu-noto.conf
soffice.bin /usr/share/fontconfig/conf.avail/60-generic.conf
soffice.bin /usr/share/fontconfig/conf.avail/60-latin.conf
soffice.bin /usr/share/fontconfig/conf.avail/urw-bookman.conf
soffice.bin /usr/share/fontconfig/conf.avail/urw-c059.conf
soffice.bin /usr/share/fontconfig/conf.avail/urw-d050000l.conf
soffice.bin /usr/share/fontconfig/conf.avail/urw-fallback-backwards.conf
soffice.bin /usr/share/fontconfig/conf.avail/urw-fallback-generics.conf
soffice.bin /usr/share/fontconfig/conf.avail/urw-gothic.conf
soffice.bin /usr/share/fontconfig/conf.avail/urw-nimbus-mono-ps.conf
soffice.bin /usr/share/fontconfig/conf.avail/urw-nimbus-roman.conf
soffice.bin /usr/share/fontconfig/conf.avail/urw-nimbus-sans.conf
soffice.bin /usr/share/fontconfig/conf.avail/urw-p052.conf
soffice.bin /usr/share/fontconfig/conf.avail/urw-standard-symbols-ps.conf
soffice.bin /usr/share/fontconfig/conf.avail/urw-z003.conf
soffice.bin /usr/share/fontconfig/conf.avail/65-fonts-persian.conf
soffice.bin /usr/share/fontconfig/conf.avail/65-nonlatin.conf
soffice.bin /usr/share/fontconfig/conf.avail/69-unifont.conf
soffice.bin /usr/share/fontconfig/conf.avail/70-fonts-noto-cjk.conf
soffice.bin /usr/share/fontconfig/conf.avail/70-no-bitmaps-except-emoji.conf
soffice.bin /usr/share/fontconfig/conf.avail/71-ubuntulegacy.conf
soffice.bin /usr/share/fontconfig/conf.avail/80-delicious.conf
soffice.bin /usr/share/fontconfig/conf.avail/90-synthetic.conf
soffice.bin /usr/share/fontconfig/conf.avail
soffice.bin /usr/share/fontconfig/conf.avail/05-reset-dirs-sample.conf
soffice.bin /usr/share/fontconfig/conf.avail/09-autohint-if-no-hinting.conf
soffice.bin /usr/share/fontconfig/conf.avail/10-autohint.conf
soffice.bin /usr/share/fontconfig/conf.avail/10-hinting-full.conf
soffice.bin /usr/share/fontconfig/conf.avail/10-hinting-medium.conf
soffice.bin /usr/share/fontconfig/conf.avail/10-hinting-none.conf
soffice.bin /usr/share/fontconfig/conf.avail/10-no-antialias.conf
soffice.bin /usr/share/fontconfig/conf.avail/10-sub-pixel-bgr.conf
soffice.bin /usr/share/fontconfig/conf.avail/10-sub-pixel-none.conf
soffice.bin /usr/share/fontconfig/conf.avail/10-sub-pixel-vbgr.conf
soffice.bin /usr/share/fontconfig/conf.avail/10-sub-pixel-vrgb.conf
soffice.bin /usr/share/fontconfig/conf.avail/10-unhinted.conf
soffice.bin /usr/share/fontconfig/conf.avail/11-lcdfilter-legacy.conf
soffice.bin /usr/share/fontconfig/conf.avail/11-lcdfilter-light.conf
soffice.bin /usr/share/fontconfig/conf.avail/11-lcdfilter-none.conf
soffice.bin /usr/share/fontconfig/conf.avail/25-unhint-nonlatin.conf
soffice.bin /usr/share/fontconfig/conf.avail/35-lang-normalize.conf
soffice.bin /usr/share/fontconfig/conf.avail/53-monospace-lcd-filter.conf
soffice.bin /usr/share/fontconfig/conf.avail/65-khmer.conf
soffice.bin /usr/share/fontconfig/conf.avail/70-force-bitmaps.conf
soffice.bin /usr/share/fontconfig/conf.avail/70-no-bitmaps-and-emoji.conf
soffice.bin /usr/share/fontconfig/conf.avail/70-no-bitmaps.conf
soffice.bin /usr/share/fontconfig/conf.avail/70-yes-bitmaps.conf
soffice.bin /usr/local/share/fonts
soffice.bin /var/cache/fontconfig//4c599c202bc5c08e2d34565a40eac3b2-le64.cache-9
soffice.bin /config/.cache/fontconfig//4c599c202bc5c08e2d34565a40eac3b2-le64.cache-9
soffice.bin /usr/local/share/fonts/.uuid
soffice.bin /config/.fontconfig//4c599c202bc5c08e2d34565a40eac3b2-le64.cache-9
soffice.bin /usr/local/share/fonts/.uuid
soffice.bin /usr/share/fonts
soffice.bin /var/cache/fontconfig//3830d5c3ddfd5cd38a049b759396e72e-le64.cache-9
soffice.bin /config/.cache/fontconfig//3830d5c3ddfd5cd38a049b759396e72e-le64.cache-9
soffice.bin /usr/share/fonts/.uuid
soffice.bin /config/.fontconfig//3830d5c3ddfd5cd38a049b759396e72e-le64.cache-9
soffice.bin /usr/share/fonts/.uuid
soffice.bin /usr/share/fonts/X11
soffice.bin /var/cache/fontconfig//c855463f699352c367813e37f3f70ea7-le64.cache-9
soffice.bin /config/.cache/fontconfig//c855463f699352c367813e37f3f70ea7-le64.cache-9
soffice.bin /usr/share/fonts/X11/.uuid
soffice.bin /config/.fontconfig//c855463f699352c367813e37f3f70ea7-le64.cache-9
soffice.bin /usr/share/fonts/X11/.uuid
soffice.bin /usr/share/fonts/cMap
soffice.bin /var/cache/fontconfig//32b6488e5b8292a2e95c79d947e009e8-le64.cache-9
soffice.bin /config/.cache/fontconfig//32b6488e5b8292a2e95c79d947e009e8-le64.cache-9
soffice.bin /usr/share/fonts/cMap/.uuid
soffice.bin /config/.fontconfig//32b6488e5b8292a2e95c79d947e009e8-le64.cache-9
soffice.bin /usr/share/fonts/cMap/.uuid
soffice.bin /usr/share/fonts/cmap
soffice.bin /var/cache/fontconfig//57e423e26b20ab21d0f2f29c145174c3-le64.cache-9
soffice.bin /config/.cache/fontconfig//57e423e26b20ab21d0f2f29c145174c3-le64.cache-9
soffice.bin /usr/share/fonts/cmap/.uuid
soffice.bin /config/.fontconfig//57e423e26b20ab21d0f2f29c145174c3-le64.cache-9
soffice.bin /usr/share/fonts/cmap/.uuid
soffice.bin /usr/share/fonts/opentype
soffice.bin /var/cache/fontconfig//573ec803664ed168555e0e8b6d0f0c7f-le64.cache-9
soffice.bin /config/.cache/fontconfig//573ec803664ed168555e0e8b6d0f0c7f-le64.cache-9
soffice.bin /usr/share/fonts/opentype/.uuid
soffice.bin /config/.fontconfig//573ec803664ed168555e0e8b6d0f0c7f-le64.cache-9
soffice.bin /usr/share/fonts/opentype/.uuid
soffice.bin /usr/share/fonts/truetype
soffice.bin /var/cache/fontconfig//7ef2298fde41cc6eeb7af42e48b7d293-le64.cache-9
soffice.bin /config/.cache/fontconfig//7ef2298fde41cc6eeb7af42e48b7d293-le64.cache-9
soffice.bin /usr/share/fonts/truetype/.uuid
soffice.bin /config/.fontconfig//7ef2298fde41cc6eeb7af42e48b7d293-le64.cache-9
soffice.bin /usr/share/fonts/truetype/.uuid
soffice.bin /usr/share/fonts/type1
soffice.bin /var/cache/fontconfig//d82eb4fd963d448e2fcb7d7b793b5df3-le64.cache-9
soffice.bin /config/.cache/fontconfig//d82eb4fd963d448e2fcb7d7b793b5df3-le64.cache-9
soffice.bin /usr/share/fonts/type1/.uuid
soffice.bin /config/.fontconfig//d82eb4fd963d448e2fcb7d7b793b5df3-le64.cache-9
soffice.bin /usr/share/fonts/type1/.uuid
soffice.bin /usr/share/fonts/X11/Type1
soffice.bin /var/cache/fontconfig//e13b20fdb08344e0e664864cc2ede53d-le64.cache-9
soffice.bin /config/.cache/fontconfig//e13b20fdb08344e0e664864cc2ede53d-le64.cache-9
soffice.bin /usr/share/fonts/X11/Type1/.uuid
soffice.bin /config/.fontconfig//e13b20fdb08344e0e664864cc2ede53d-le64.cache-9
soffice.bin /usr/share/fonts/X11/Type1/.uuid
soffice.bin /usr/share/fonts/X11/encodings
soffice.bin /var/cache/fontconfig//707971e003b4ae6c8121c3a920e507f5-le64.cache-9
soffice.bin /config/.cache/fontconfig//707971e003b4ae6c8121c3a920e507f5-le64.cache-9
soffice.bin /usr/share/fonts/X11/encodings/.uuid
soffice.bin /config/.fontconfig//707971e003b4ae6c8121c3a920e507f5-le64.cache-9
soffice.bin /usr/share/fonts/X11/encodings/.uuid
soffice.bin /usr/share/fonts/X11/misc
soffice.bin /var/cache/fontconfig//cabbd14511b9e8a55e92af97fb3a0461-le64.cache-9
soffice.bin /config/.cache/fontconfig//cabbd14511b9e8a55e92af97fb3a0461-le64.cache-9
soffice.bin /usr/share/fonts/X11/misc/.uuid
soffice.bin /config/.fontconfig//cabbd14511b9e8a55e92af97fb3a0461-le64.cache-9
soffice.bin /usr/share/fonts/X11/misc/.uuid
soffice.bin /usr/share/fonts/X11/util
soffice.bin /var/cache/fontconfig//fe547fea3a41b43a38975d292a2b19c7-le64.cache-9
soffice.bin /config/.cache/fontconfig//fe547fea3a41b43a38975d292a2b19c7-le64.cache-9
soffice.bin /usr/share/fonts/X11/util/.uuid
soffice.bin /config/.fontconfig//fe547fea3a41b43a38975d292a2b19c7-le64.cache-9
soffice.bin /usr/share/fonts/X11/util/.uuid
soffice.bin /usr/share/fonts/cmap/adobe-cns1
soffice.bin /var/cache/fontconfig//f1f2465696798768e9653f19e17ccdc8-le64.cache-9
soffice.bin /config/.cache/fontconfig//f1f2465696798768e9653f19e17ccdc8-le64.cache-9
soffice.bin /usr/share/fonts/cmap/adobe-cns1/.uuid
soffice.bin /config/.fontconfig//f1f2465696798768e9653f19e17ccdc8-le64.cache-9
soffice.bin /usr/share/fonts/cmap/adobe-cns1/.uuid
soffice.bin /usr/share/fonts/cmap/adobe-gb1
soffice.bin /var/cache/fontconfig//95530828ff6c81d309f8258d8d02a23e-le64.cache-9
soffice.bin /config/.cache/fontconfig//95530828ff6c81d309f8258d8d02a23e-le64.cache-9
soffice.bin /usr/share/fonts/cmap/adobe-gb1/.uuid
soffice.bin /config/.fontconfig//95530828ff6c81d309f8258d8d02a23e-le64.cache-9
soffice.bin /usr/share/fonts/cmap/adobe-gb1/.uuid
soffice.bin /usr/share/fonts/cmap/adobe-japan1
soffice.bin /var/cache/fontconfig//d3e5c4ee2ceb1fc347f91d4cefc53bc0-le64.cache-9
soffice.bin /config/.cache/fontconfig//d3e5c4ee2ceb1fc347f91d4cefc53bc0-le64.cache-9
soffice.bin /usr/share/fonts/cmap/adobe-japan1/.uuid
soffice.bin /config/.fontconfig//d3e5c4ee2ceb1fc347f91d4cefc53bc0-le64.cache-9
soffice.bin /usr/share/fonts/cmap/adobe-japan1/.uuid
soffice.bin /usr/share/fonts/cmap/adobe-japan2
soffice.bin /var/cache/fontconfig//e52a45a1c8c8fe895fc0fc8c4e6999b8-le64.cache-9
soffice.bin /config/.cache/fontconfig//e52a45a1c8c8fe895fc0fc8c4e6999b8-le64.cache-9
soffice.bin /usr/share/fonts/cmap/adobe-japan2/.uuid
soffice.bin /config/.fontconfig//e52a45a1c8c8fe895fc0fc8c4e6999b8-le64.cache-9
soffice.bin /usr/share/fonts/cmap/adobe-japan2/.uuid
soffice.bin /usr/share/fonts/cmap/adobe-korea1
soffice.bin /var/cache/fontconfig//188ac73a183f12857f63bb60a4a6d603-le64.cache-9
soffice.bin /config/.cache/fontconfig//188ac73a183f12857f63bb60a4a6d603-le64.cache-9
soffice.bin /usr/share/fonts/cmap/adobe-korea1/.uuid
soffice.bin /config/.fontconfig//188ac73a183f12857f63bb60a4a6d603-le64.cache-9
soffice.bin /usr/share/fonts/cmap/adobe-korea1/.uuid
soffice.bin /usr/share/fonts/opentype/noto
soffice.bin /var/cache/fontconfig//9b89f8e3dae116d678bbf48e5f21f69b-le64.cache-9
soffice.bin /config/.cache/fontconfig//9b89f8e3dae116d678bbf48e5f21f69b-le64.cache-9
soffice.bin /usr/share/fonts/opentype/noto/.uuid
soffice.bin /config/.fontconfig//9b89f8e3dae116d678bbf48e5f21f69b-le64.cache-9
soffice.bin /usr/share/fonts/opentype/noto/.uuid
soffice.bin /usr/share/fonts/opentype/urw-base35
soffice.bin /var/cache/fontconfig//6cc790b63b123a6a96ee260fcdad32a9-le64.cache-9
soffice.bin /config/.cache/fontconfig//6cc790b63b123a6a96ee260fcdad32a9-le64.cache-9
soffice.bin /usr/share/fonts/opentype/urw-base35/.uuid
soffice.bin /config/.fontconfig//6cc790b63b123a6a96ee260fcdad32a9-le64.cache-9
soffice.bin /usr/share/fonts/opentype/urw-base35/.uuid
soffice.bin /usr/share/fonts/truetype/dm-mono
soffice.bin /var/cache/fontconfig//c7ddd67d65d940f1c07452067469d45b-le64.cache-9
soffice.bin /config/.cache/fontconfig//c7ddd67d65d940f1c07452067469d45b-le64.cache-9
soffice.bin /usr/share/fonts/truetype/dm-mono/.uuid
soffice.bin /config/.fontconfig//c7ddd67d65d940f1c07452067469d45b-le64.cache-9
soffice.bin /usr/share/fonts/truetype/dm-mono/.uuid
soffice.bin /usr/share/fonts/truetype/liberation
soffice.bin /var/cache/fontconfig//3047814df9a2f067bd2d96a2b9c36e5a-le64.cache-9
soffice.bin /config/.cache/fontconfig//3047814df9a2f067bd2d96a2b9c36e5a-le64.cache-9
soffice.bin /usr/share/fonts/truetype/liberation/.uuid
soffice.bin /config/.fontconfig//3047814df9a2f067bd2d96a2b9c36e5a-le64.cache-9
soffice.bin /usr/share/fonts/truetype/liberation/.uuid
soffice.bin /usr/share/fonts/truetype/libreoffice
soffice.bin /var/cache/fontconfig//da43223dd54fb3bb4243ae19d4b583b2-le64.cache-9
soffice.bin /config/.cache/fontconfig//da43223dd54fb3bb4243ae19d4b583b2-le64.cache-9
soffice.bin /usr/share/fonts/truetype/libreoffice/.uuid
soffice.bin /config/.fontconfig//da43223dd54fb3bb4243ae19d4b583b2-le64.cache-9
soffice.bin /usr/share/fonts/truetype/libreoffice/.uuid
soffice.bin /usr/share/fonts/truetype/noto
soffice.bin /var/cache/fontconfig//0bd3dc0958fa2205aaaa8ebb13e2872b-le64.cache-9
soffice.bin /config/.cache/fontconfig//0bd3dc0958fa2205aaaa8ebb13e2872b-le64.cache-9
soffice.bin /usr/share/fonts/truetype/noto/.uuid
soffice.bin /config/.fontconfig//0bd3dc0958fa2205aaaa8ebb13e2872b-le64.cache-9
soffice.bin /usr/share/fonts/truetype/noto/.uuid
soffice.bin /usr/share/fonts/truetype/space-grotesk
soffice.bin /var/cache/fontconfig//60495f9738a6f38c2f3f93e3ff28e478-le64.cache-9
soffice.bin /config/.cache/fontconfig//60495f9738a6f38c2f3f93e3ff28e478-le64.cache-9
soffice.bin /usr/share/fonts/truetype/space-grotesk/.uuid
soffice.bin /config/.fontconfig//60495f9738a6f38c2f3f93e3ff28e478-le64.cache-9
soffice.bin /usr/share/fonts/truetype/space-grotesk/.uuid
soffice.bin /usr/share/fonts/truetype/ubuntu
soffice.bin /var/cache/fontconfig//2300eef321c393bfd76478a5c0e95b23-le64.cache-9
soffice.bin /config/.cache/fontconfig//2300eef321c393bfd76478a5c0e95b23-le64.cache-9
soffice.bin /usr/share/fonts/truetype/ubuntu/.uuid
soffice.bin /config/.fontconfig//2300eef321c393bfd76478a5c0e95b23-le64.cache-9
soffice.bin /usr/share/fonts/truetype/ubuntu/.uuid
soffice.bin /usr/share/fonts/type1/urw-base35
soffice.bin /var/cache/fontconfig//a4e60e8d1e10d2fdff3fe3037a1845fb-le64.cache-9
soffice.bin /config/.cache/fontconfig//a4e60e8d1e10d2fdff3fe3037a1845fb-le64.cache-9
soffice.bin /usr/share/fonts/type1/urw-base35/.uuid
soffice.bin /config/.fontconfig//a4e60e8d1e10d2fdff3fe3037a1845fb-le64.cache-9
soffice.bin /usr/share/fonts/type1/urw-base35/.uuid
soffice.bin /usr/share/fonts/X11/encodings/large
soffice.bin /var/cache/fontconfig//6333f38776742d18e214673cd2c24e34-le64.cache-9
soffice.bin /config/.cache/fontconfig//6333f38776742d18e214673cd2c24e34-le64.cache-9
soffice.bin /usr/share/fonts/X11/encodings/large/.uuid
soffice.bin /config/.fontconfig//6333f38776742d18e214673cd2c24e34-le64.cache-9
soffice.bin /usr/share/fonts/X11/encodings/large/.uuid
soffice.bin /usr/share/fonts/truetype/noto/NotoSans-Regular.ttf
soffice.bin /etc/passwd
soffice.bin /usr/lib/libreoffice/program/resource/common/fonts
soffice.bin /var/cache/fontconfig//807752c9e168308eb5108dacded5237a-le64.cache-9
soffice.bin /usr/lib/libreoffice/program/resource/common/fonts/.uuid
soffice.bin /config/.cache/fontconfig//807752c9e168308eb5108dacded5237a-le64.cache-9
soffice.bin /usr/lib/libreoffice/program/resource/common/fonts/.uuid
soffice.bin /config/.fontconfig//807752c9e168308eb5108dacded5237a-le64.cache-9
soffice.bin /usr/lib/libreoffice/program/resource/common/fonts/.uuid
soffice.bin /usr/lib/libreoffice/program/resource/common/fonts
soffice.bin /var/cache/fontconfig//807752c9e168308eb5108dacded5237a-le64.cache-9
soffice.bin /config/.cache/fontconfig//807752c9e168308eb5108dacded5237a-le64.cache-9
soffice.bin /config/.fontconfig//807752c9e168308eb5108dacded5237a-le64.cache-9
soffice.bin /usr/lib/libreoffice/program/resource/common/fonts
soffice.bin /config/.cache/fontconfig/CACHEDIR.TAG.TMP-hamROX
soffice.bin /config/.cache/fontconfig/CACHEDIR.TAG.NEW
soffice.bin /config/.cache/fontconfig//807752c9e168308eb5108dacded5237a-le64.cache-9.TMP-saqHax
soffice.bin /config/.cache/fontconfig//807752c9e168308eb5108dacded5237a-le64.cache-9.NEW
soffice.bin /usr/lib/libreoffice/program/resource/common/fonts/fc_local.conf
soffice.bin /usr/lib/libreoffice/share/fonts/truetype
soffice.bin /var/cache/fontconfig//158c65c810c0d352a587f5be66058e87-le64.cache-9
soffice.bin /usr/lib/libreoffice/share/fonts/truetype/.uuid
soffice.bin /config/.cache/fontconfig//158c65c810c0d352a587f5be66058e87-le64.cache-9
soffice.bin /usr/lib/libreoffice/share/fonts/truetype/.uuid
soffice.bin /config/.fontconfig//158c65c810c0d352a587f5be66058e87-le64.cache-9
soffice.bin /usr/lib/libreoffice/share/fonts/truetype/.uuid
soffice.bin /usr/lib/libreoffice/share/fonts/truetype
soffice.bin /var/cache/fontconfig//158c65c810c0d352a587f5be66058e87-le64.cache-9
soffice.bin /config/.cache/fontconfig//158c65c810c0d352a587f5be66058e87-le64.cache-9
soffice.bin /config/.fontconfig//158c65c810c0d352a587f5be66058e87-le64.cache-9
soffice.bin /usr/lib/libreoffice/share/fonts/truetype
soffice.bin /config/.cache/fontconfig//158c65c810c0d352a587f5be66058e87-le64.cache-9.TMP-IEcOC6
soffice.bin /config/.cache/fontconfig//158c65c810c0d352a587f5be66058e87-le64.cache-9.NEW
soffice.bin /usr/lib/libreoffice/share/fonts/truetype/fc_local.conf
soffice.bin /config/.config/libreoffice/4/user/fonts/fc_local.conf
soffice.bin /usr/share/fonts/truetype/noto/NotoSans-Regular.ttf
soffice.bin /usr/share/fonts/truetype/noto/NotoSans-Regular.ttf
soffice.bin /tmp/lu11591djd3.tmp
configmgrWriter /config/.config/libreoffice/4/user/ElF0mB
soffice.bin /etc/passwd
soffice.bin /sys/devices/system/cpu/online
soffice.bin /etc/passwd
soffice.bin /config/.config/libreoffice/4/user/temp/embeddedfonts/fromdocs
soffice.bin /config/.config/libreoffice/4/user/temp/embeddedfonts/fromsystem
soffice.bin /usr/lib/libreoffice/program/glibc-hwcaps/x86-64-v3/libuno_sal.so.3
soffice.bin /usr/lib/libreoffice/program/glibc-hwcaps/x86-64-v2/libuno_sal.so.3
soffice.bin /usr/lib/libreoffice/program/libuno_sal.so.3
soffice.bin /usr/lib/libreoffice/program/libmergedlo.so
soffice.bin /usr/lib/libreoffice/program/libc.so.6
soffice.bin /etc/ld.so.cache
soffice.bin /lib/x86_64-linux-gnu/libc.so.6
soffice.bin /usr/lib/libreoffice/program/libz.so.1
soffice.bin /lib/x86_64-linux-gnu/libz.so.1
soffice.bin /usr/lib/libreoffice/program/libstdc++.so.6
soffice.bin /lib/x86_64-linux-gnu/libstdc++.so.6
soffice.bin /usr/lib/libreoffice/program/libm.so.6
soffice.bin /lib/x86_64-linux-gnu/libm.so.6
soffice.bin /usr/lib/libreoffice/program/libgcc_s.so.1
soffice.bin /lib/x86_64-linux-gnu/libgcc_s.so.1
soffice.bin /usr/lib/libreoffice/program/libepoxy.so.0
soffice.bin /lib/x86_64-linux-gnu/libepoxy.so.0
soffice.bin /usr/lib/libreoffice/program/libicuuc.so.74
soffice.bin /lib/x86_64-linux-gnu/libicuuc.so.74
soffice.bin /usr/lib/libreoffice/program/libicui18n.so.74
soffice.bin /lib/x86_64-linux-gnu/libicui18n.so.74
soffice.bin /usr/lib/libreoffice/program/libgpgmepp.so.6
soffice.bin /lib/x86_64-linux-gnu/libgpgmepp.so.6
soffice.bin /usr/lib/libreoffice/program/libnss3.so
soffice.bin /lib/x86_64-linux-gnu/libnss3.so
soffice.bin /usr/lib/libreoffice/program/libsmime3.so
soffice.bin /lib/x86_64-linux-gnu/libsmime3.so
soffice.bin /usr/lib/libreoffice/program/libplc4.so
soffice.bin /lib/x86_64-linux-gnu/libplc4.so
soffice.bin /usr/lib/libreoffice/program/libnspr4.so
soffice.bin /lib/x86_64-linux-gnu/libnspr4.so
soffice.bin /usr/lib/libreoffice/program/libdconf.so.1
soffice.bin /lib/x86_64-linux-gnu/libdconf.so.1
soffice.bin /usr/lib/libreoffice/program/libgio-2.0.so.0
soffice.bin /lib/x86_64-linux-gnu/libgio-2.0.so.0
soffice.bin /usr/lib/libreoffice/program/libgobject-2.0.so.0
soffice.bin /lib/x86_64-linux-gnu/libgobject-2.0.so.0
soffice.bin /usr/lib/libreoffice/program/libglib-2.0.so.0
soffice.bin /lib/x86_64-linux-gnu/libglib-2.0.so.0
soffice.bin /usr/lib/libreoffice/program/libdbus-1.so.3
soffice.bin /lib/x86_64-linux-gnu/libdbus-1.so.3
soffice.bin /usr/lib/libreoffice/program/libcurl.so.4
soffice.bin /lib/x86_64-linux-gnu/libcurl.so.4
soffice.bin /usr/lib/libreoffice/program/libxml2.so.2
soffice.bin /lib/x86_64-linux-gnu/libxml2.so.2
soffice.bin /usr/lib/libreoffice/program/libcairo.so.2
soffice.bin /lib/x86_64-linux-gnu/libcairo.so.2
soffice.bin /usr/lib/libreoffice/program/libxslt.so.1
soffice.bin /lib/x86_64-linux-gnu/libxslt.so.1
soffice.bin /usr/lib/libreoffice/program/libexslt.so.0
soffice.bin /lib/x86_64-linux-gnu/libexslt.so.0
soffice.bin /usr/lib/libreoffice/program/libexpat.so.1
soffice.bin /lib/x86_64-linux-gnu/libexpat.so.1
soffice.bin /usr/lib/libreoffice/program/libclucene-core.so.1
soffice.bin /lib/x86_64-linux-gnu/libclucene-core.so.1
soffice.bin /usr/lib/libreoffice/program/libclucene-contribs-lib.so.1
soffice.bin /lib/x86_64-linux-gnu/libclucene-contribs-lib.so.1
soffice.bin /usr/lib/libreoffice/program/libexttextcat-2.0.so.0
soffice.bin /lib/x86_64-linux-gnu/libexttextcat-2.0.so.0
soffice.bin /usr/lib/libreoffice/program/libhunspell-1.7.so.0
soffice.bin /lib/x86_64-linux-gnu/libhunspell-1.7.so.0
soffice.bin /usr/lib/libreoffice/program/libhyphen.so.0
soffice.bin /lib/x86_64-linux-gnu/libhyphen.so.0
soffice.bin /usr/lib/libreoffice/program/libmythes-1.2.so.0
soffice.bin /lib/x86_64-linux-gnu/libmythes-1.2.so.0
soffice.bin /usr/lib/libreoffice/program/libargon2.so.1
soffice.bin /lib/x86_64-linux-gnu/libargon2.so.1
soffice.bin /usr/lib/libreoffice/program/libboost_locale.so.1.83.0
soffice.bin /lib/x86_64-linux-gnu/libboost_locale.so.1.83.0
soffice.bin /usr/lib/libreoffice/program/librdf.so.0
soffice.bin /lib/x86_64-linux-gnu/librdf.so.0
soffice.bin /usr/lib/libreoffice/program/libraptor2.so.0
soffice.bin /lib/x86_64-linux-gnu/libraptor2.so.0
soffice.bin /usr/lib/libreoffice/program/libgraphite2.so.3
soffice.bin /lib/x86_64-linux-gnu/libgraphite2.so.3
soffice.bin /usr/lib/libreoffice/program/libharfbuzz-icu.so.0
soffice.bin /lib/x86_64-linux-gnu/libharfbuzz-icu.so.0
soffice.bin /usr/lib/libreoffice/program/libharfbuzz.so.0
soffice.bin /lib/x86_64-linux-gnu/libharfbuzz.so.0
soffice.bin /usr/lib/libreoffice/program/liblcms2.so.2
soffice.bin /lib/x86_64-linux-gnu/liblcms2.so.2
soffice.bin /usr/lib/libreoffice/program/libeot.so.0
soffice.bin /lib/x86_64-linux-gnu/libeot.so.0
soffice.bin /usr/lib/libreoffice/program/libjpeg.so.8
soffice.bin /lib/x86_64-linux-gnu/libjpeg.so.8
soffice.bin /usr/lib/libreoffice/program/libpng16.so.16
soffice.bin /lib/x86_64-linux-gnu/libpng16.so.16
soffice.bin /usr/lib/libreoffice/program/libtiff.so.6
soffice.bin /lib/x86_64-linux-gnu/libtiff.so.6
soffice.bin /usr/lib/libreoffice/program/libwebp.so.7
soffice.bin /lib/x86_64-linux-gnu/libwebp.so.7
soffice.bin /usr/lib/libreoffice/program/libX11.so.6
soffice.bin /lib/x86_64-linux-gnu/libX11.so.6
soffice.bin /usr/lib/libreoffice/program/libXext.so.6
soffice.bin /lib/x86_64-linux-gnu/libXext.so.6
soffice.bin /usr/lib/libreoffice/program/libcups.so.2
soffice.bin /lib/x86_64-linux-gnu/libcups.so.2
soffice.bin /usr/lib/libreoffice/program/libfontconfig.so.1
soffice.bin /lib/x86_64-linux-gnu/libfontconfig.so.1
soffice.bin /usr/lib/libreoffice/program/libfreetype.so.6
soffice.bin /lib/x86_64-linux-gnu/libfreetype.so.6
soffice.bin /usr/lib/libreoffice/program/libuno_cppu.so.3
soffice.bin /usr/lib/libreoffice/program/libuno_cppuhelpergcc3.so.3
soffice.bin /usr/lib/libreoffice/program/libi18nlangtag.so
soffice.bin /usr/lib/libreoffice/program/libjvmaccesslo.so
soffice.bin /usr/lib/libreoffice/program/libjvmfwklo.so
soffice.bin /usr/lib/libreoffice/program/libuno_salhelpergcc3.so.3
soffice.bin /usr/lib/libreoffice/program/libxmlreaderlo.so
soffice.bin /usr/lib/libreoffice/program/libclewlo.so
soffice.bin /usr/lib/libreoffice/program/libskialo.so
soffice.bin /usr/lib/libreoffice/program/libpdfiumlo.so
soffice.bin /lib/x86_64-linux-gnu/libicudata.so.74
soffice.bin /lib/x86_64-linux-gnu/libgpgme.so.11
soffice.bin /lib/x86_64-linux-gnu/libnssutil3.so
soffice.bin /lib/x86_64-linux-gnu/libplds4.so
soffice.bin /lib/x86_64-linux-gnu/libgmodule-2.0.so.0
soffice.bin /lib/x86_64-linux-gnu/libmount.so.1
soffice.bin /lib/x86_64-linux-gnu/libselinux.so.1
xclip /etc/ld.so.cache
soffice.bin /lib/x86_64-linux-gnu/libffi.so.8
xclip /lib/x86_64-linux-gnu/libXmu.so.6
soffice.bin /lib/x86_64-linux-gnu/libpcre2-8.so.0
xclip /lib/x86_64-linux-gnu/libX11.so.6
soffice.bin /lib/x86_64-linux-gnu/libsystemd.so.0
xclip /lib/x86_64-linux-gnu/libc.so.6
soffice.bin /lib/x86_64-linux-gnu/libnghttp2.so.14
soffice.bin /lib/x86_64-linux-gnu/libidn2.so.0
xclip /lib/x86_64-linux-gnu/libXt.so.6
soffice.bin /lib/x86_64-linux-gnu/librtmp.so.1
soffice.bin /lib/x86_64-linux-gnu/libssh.so.4
xclip /lib/x86_64-linux-gnu/libXext.so.6
soffice.bin /lib/x86_64-linux-gnu/libpsl.so.5
xclip /lib/x86_64-linux-gnu/libxcb.so.1
soffice.bin /lib/x86_64-linux-gnu/libssl.so.3
soffice.bin /lib/x86_64-linux-gnu/libcrypto.so.3
xclip /lib/x86_64-linux-gnu/libSM.so.6
soffice.bin /lib/x86_64-linux-gnu/libgssapi_krb5.so.2
xclip /lib/x86_64-linux-gnu/libICE.so.6
soffice.bin /lib/x86_64-linux-gnu/libldap.so.2
xclip /lib/x86_64-linux-gnu/libXau.so.6
soffice.bin /lib/x86_64-linux-gnu/liblber.so.2
soffice.bin /lib/x86_64-linux-gnu/libzstd.so.1
xclip /lib/x86_64-linux-gnu/libXdmcp.so.6
soffice.bin /lib/x86_64-linux-gnu/libbrotlidec.so.1
xclip /lib/x86_64-linux-gnu/libuuid.so.1
soffice.bin /lib/x86_64-linux-gnu/liblzma.so.5
xclip /lib/x86_64-linux-gnu/libbsd.so.0
soffice.bin /lib/x86_64-linux-gnu/libXrender.so.1
soffice.bin /lib/x86_64-linux-gnu/libxcb.so.1
xclip /lib/x86_64-linux-gnu/libmd.so.0
soffice.bin /lib/x86_64-linux-gnu/libxcb-render.so.0
soffice.bin /lib/x86_64-linux-gnu/libxcb-shm.so.0
soffice.bin /lib/x86_64-linux-gnu/libpixman-1.so.0
xclip /usr/share/X11/locale/locale.alias
soffice.bin /lib/x86_64-linux-gnu/libgcrypt.so.20
xclip /usr/share/X11/locale/locale.dir
xclip /usr/share/X11/locale/C/XLC_LOCALE
xclip /usr/share/X11/locale/locale.alias
soffice.bin /lib/x86_64-linux-gnu/libclucene-shared.so.1
soffice.bin /lib/x86_64-linux-gnu/libboost_thread.so.1.83.0
xclip /usr/share/X11/locale/locale.dir
soffice.bin /lib/x86_64-linux-gnu/librasqal.so.3
xclip /usr/share/X11/locale/C/XLC_LOCALE
soffice.bin /lib/x86_64-linux-gnu/libltdl.so.7
soffice.bin /lib/x86_64-linux-gnu/libdb-5.3.so
Xvfb /proc/1249/cmdline
soffice.bin /lib/x86_64-linux-gnu/libcurl-gnutls.so.4
soffice.bin /lib/x86_64-linux-gnu/libyajl.so.2
soffice.bin /lib/x86_64-linux-gnu/libLerc.so.4
soffice.bin /lib/x86_64-linux-gnu/libjbig.so.0
soffice.bin /lib/x86_64-linux-gnu/libdeflate.so.0
soffice.bin /lib/x86_64-linux-gnu/libsharpyuv.so.0
soffice.bin /lib/x86_64-linux-gnu/libavahi-common.so.3
soffice.bin /lib/x86_64-linux-gnu/libavahi-client.so.3
soffice.bin /lib/x86_64-linux-gnu/libgnutls.so.30
soffice.bin /lib/x86_64-linux-gnu/libbz2.so.1.0
soffice.bin /usr/lib/libreoffice/program/libreglo.so
soffice.bin /usr/lib/libreoffice/program/libunoidllo.so
soffice.bin /usr/lib/libreoffice/program/liblangtag.so.1
soffice.bin /lib/x86_64-linux-gnu/liblangtag.so.1
soffice.bin /usr/lib/libreoffice/program/libX11-xcb.so.1
soffice.bin /lib/x86_64-linux-gnu/libX11-xcb.so.1
soffice.bin /usr/lib/libreoffice/program/libopenjp2.so.7
soffice.bin /lib/x86_64-linux-gnu/libopenjp2.so.7
soffice.bin /usr/lib/libreoffice/program/libabsl_bad_optional_access.so.20220623
soffice.bin /lib/x86_64-linux-gnu/libabsl_bad_optional_access.so.20220623
soffice.bin /usr/lib/libreoffice/program/libabsl_bad_variant_access.so.20220623
soffice.bin /lib/x86_64-linux-gnu/libabsl_bad_variant_access.so.20220623
soffice.bin /lib/x86_64-linux-gnu/libassuan.so.0
soffice.bin /lib/x86_64-linux-gnu/libgpg-error.so.0
soffice.bin /lib/x86_64-linux-gnu/libblkid.so.1
soffice.bin /lib/x86_64-linux-gnu/libcap.so.2
soffice.bin /lib/x86_64-linux-gnu/liblz4.so.1
soffice.bin /lib/x86_64-linux-gnu/libunistring.so.5
soffice.bin /lib/x86_64-linux-gnu/libhogweed.so.6
soffice.bin /lib/x86_64-linux-gnu/libnettle.so.8
soffice.bin /lib/x86_64-linux-gnu/libgmp.so.10
soffice.bin /lib/x86_64-linux-gnu/libkrb5.so.3
soffice.bin /lib/x86_64-linux-gnu/libk5crypto.so.3
soffice.bin /lib/x86_64-linux-gnu/libcom_err.so.2
soffice.bin /lib/x86_64-linux-gnu/libkrb5support.so.0
soffice.bin /lib/x86_64-linux-gnu/libsasl2.so.2
soffice.bin /lib/x86_64-linux-gnu/libbrotlicommon.so.1
soffice.bin /lib/x86_64-linux-gnu/libXau.so.6
soffice.bin /lib/x86_64-linux-gnu/libXdmcp.so.6
soffice.bin /lib/x86_64-linux-gnu/libmhash.so.2
soffice.bin /lib/x86_64-linux-gnu/libuuid.so.1
soffice.bin /lib/x86_64-linux-gnu/libp11-kit.so.0
soffice.bin /lib/x86_64-linux-gnu/libtasn1.so.6
soffice.bin /usr/lib/libreoffice/program/libstorelo.so
soffice.bin /lib/x86_64-linux-gnu/libkeyutils.so.1
soffice.bin /lib/x86_64-linux-gnu/libresolv.so.2
soffice.bin /lib/x86_64-linux-gnu/libbsd.so.0
soffice.bin /lib/x86_64-linux-gnu/libmd.so.0
soffice.bin /etc/gnutls/config
soffice.bin /proc/filesystems
soffice.bin /usr/lib/locale/locale-archive
soffice.bin /usr/lib/libreoffice/program/sofficerc
soffice.bin /usr/lib/libreoffice/program/fundamentalrc
soffice.bin /usr/lib/libreoffice/program/bootstraprc
soffice.bin /etc/nsswitch.conf
soffice.bin /etc/passwd
soffice.bin /config/.config/libreoffice/4/user/temp/embeddedfonts/fromdocs
soffice.bin /config/.config/libreoffice/4/user/temp/embeddedfonts/fromsystem
soffice.bin /usr/lib/libreoffice/program/libvclplug_qt5lo.so
soffice.bin /usr/lib/libreoffice/program/libQt5Core.so.5
soffice.bin /etc/ld.so.cache
soffice.bin /lib/x86_64-linux-gnu/libQt5Core.so.5
soffice.bin /usr/lib/libreoffice/program/libQt5Gui.so.5
soffice.bin /lib/x86_64-linux-gnu/libQt5Gui.so.5
soffice.bin /usr/lib/libreoffice/program/libQt5Widgets.so.5
soffice.bin /lib/x86_64-linux-gnu/libQt5Widgets.so.5
soffice.bin /usr/lib/libreoffice/program/libQt5X11Extras.so.5
soffice.bin /lib/x86_64-linux-gnu/libQt5X11Extras.so.5
soffice.bin /lib/x86_64-linux-gnu/libdouble-conversion.so.3
soffice.bin /lib/x86_64-linux-gnu/libpcre2-16.so.0
soffice.bin /lib/x86_64-linux-gnu/libGL.so.1
soffice.bin /lib/x86_64-linux-gnu/libmd4c.so.0
soffice.bin /lib/x86_64-linux-gnu/libGLdispatch.so.0
soffice.bin /lib/x86_64-linux-gnu/libGLX.so.0
soffice.bin /usr/lib/x86_64-linux-gnu/qt5/plugins/platforms
soffice.bin /usr/lib/x86_64-linux-gnu/qt5/plugins/platforms/libqeglfs.so
soffice.bin /usr/lib/x86_64-linux-gnu/qt5/plugins/platforms/libqlinuxfb.so
soffice.bin /usr/lib/x86_64-linux-gnu/qt5/plugins/platforms/libqminimal.so
soffice.bin /usr/lib/x86_64-linux-gnu/qt5/plugins/platforms/libqminimalegl.so
soffice.bin /usr/lib/x86_64-linux-gnu/qt5/plugins/platforms/libqoffscreen.so
soffice.bin /usr/lib/x86_64-linux-gnu/qt5/plugins/platforms/libqvnc.so
soffice.bin /usr/lib/x86_64-linux-gnu/qt5/plugins/platforms/libqxcb.so
soffice.bin /usr/lib/x86_64-linux-gnu/qt5/plugins/platforms/libqxcb.so.avx2
soffice.bin /usr/lib/x86_64-linux-gnu/qt5/plugins/platforms/libqxcb.so
soffice.bin /etc/ld.so.cache
soffice.bin /lib/x86_64-linux-gnu/libQt5XcbQpa.so.5
soffice.bin /lib/x86_64-linux-gnu/libQt5DBus.so.5
soffice.bin /lib/x86_64-linux-gnu/libxcb-icccm.so.4
soffice.bin /lib/x86_64-linux-gnu/libxcb-image.so.0
soffice.bin /lib/x86_64-linux-gnu/libxcb-keysyms.so.1
soffice.bin /lib/x86_64-linux-gnu/libxcb-randr.so.0
soffice.bin /lib/x86_64-linux-gnu/libxcb-render-util.so.0
soffice.bin /lib/x86_64-linux-gnu/libxcb-shape.so.0
soffice.bin /lib/x86_64-linux-gnu/libxcb-sync.so.1
soffice.bin /lib/x86_64-linux-gnu/libxcb-xfixes.so.0
soffice.bin /lib/x86_64-linux-gnu/libxcb-xinerama.so.0
soffice.bin /lib/x86_64-linux-gnu/libxcb-xkb.so.1
soffice.bin /lib/x86_64-linux-gnu/libxcb-xinput.so.0
soffice.bin /lib/x86_64-linux-gnu/libSM.so.6
soffice.bin /lib/x86_64-linux-gnu/libICE.so.6
soffice.bin /lib/x86_64-linux-gnu/libxkbcommon-x11.so.0
soffice.bin /lib/x86_64-linux-gnu/libxkbcommon.so.0
soffice.bin /lib/x86_64-linux-gnu/libxcb-util.so.1
Xvfb /proc/1247/cmdline
soffice.bin /usr/share/qt5/qtlogging.ini
soffice.bin /usr/share/hwdata/pnp.ids
soffice.bin /etc/ld.so.cache
soffice.bin /lib/x86_64-linux-gnu/libXcursor.so.1
soffice.bin /lib/x86_64-linux-gnu/libXfixes.so.3
soffice.bin /usr/share/X11/locale/locale.alias
soffice.bin /usr/share/X11/locale/locale.alias
soffice.bin /usr/share/X11/locale/locale.dir
soffice.bin /usr/share/X11/locale/en_US.UTF-8/XLC_LOCALE
soffice.bin /usr/lib/x86_64-linux-gnu/qt5/plugins/platformthemes
soffice.bin /usr/lib/x86_64-linux-gnu/qt5/plugins/platformthemes/KDEPlasmaPlatformTheme.so
soffice.bin /usr/lib/x86_64-linux-gnu/qt5/plugins/platformthemes/KDEPlasmaPlatformTheme.so.avx2
soffice.bin /usr/lib/x86_64-linux-gnu/qt5/plugins/platformthemes/KDEPlasmaPlatformTheme.so
soffice.bin /etc/ld.so.cache
soffice.bin /lib/x86_64-linux-gnu/libKF5KIOFileWidgets.so.5
soffice.bin /lib/x86_64-linux-gnu/libKF5KIOWidgets.so.5
soffice.bin /lib/x86_64-linux-gnu/libKF5Notifications.so.5
soffice.bin /lib/x86_64-linux-gnu/libwayland-client.so.0
soffice.bin /lib/x86_64-linux-gnu/libQt5QuickControls2.so.5
soffice.bin /lib/x86_64-linux-gnu/libQt5Quick.so.5
soffice.bin /lib/x86_64-linux-gnu/libKF5KIOCore.so.5
soffice.bin /lib/x86_64-linux-gnu/libKF5JobWidgets.so.5
soffice.bin /lib/x86_64-linux-gnu/libKF5Completion.so.5
soffice.bin /lib/x86_64-linux-gnu/libKF5XmlGui.so.5
soffice.bin /lib/x86_64-linux-gnu/libKF5IconThemes.so.5
soffice.bin /lib/x86_64-linux-gnu/libKF5ConfigWidgets.so.5
soffice.bin /lib/x86_64-linux-gnu/libKF5ConfigGui.so.5
soffice.bin /lib/x86_64-linux-gnu/libKF5I18n.so.5
soffice.bin /lib/x86_64-linux-gnu/libKF5WidgetsAddons.so.5
soffice.bin /lib/x86_64-linux-gnu/libKF5ConfigCore.so.5
soffice.bin /lib/x86_64-linux-gnu/libKF5WindowSystem.so.5
soffice.bin /lib/x86_64-linux-gnu/libKF5CoreAddons.so.5
soffice.bin /lib/x86_64-linux-gnu/libQt5WaylandClient.so.5
soffice.bin /lib/x86_64-linux-gnu/libKF5Bookmarks.so.5
soffice.bin /lib/x86_64-linux-gnu/libKF5Solid.so.5
soffice.bin /lib/x86_64-linux-gnu/libKF5KIOGui.so.5
soffice.bin /lib/x86_64-linux-gnu/libKF5ItemViews.so.5
soffice.bin /lib/x86_64-linux-gnu/libQt5Network.so.5
soffice.bin /lib/x86_64-linux-gnu/libKF5GuiAddons.so.5
soffice.bin /lib/x86_64-linux-gnu/libQt5Xml.so.5
soffice.bin /lib/x86_64-linux-gnu/libKF5Service.so.5
soffice.bin /lib/x86_64-linux-gnu/libcanberra.so.0
soffice.bin /lib/x86_64-linux-gnu/libQt5TextToSpeech.so.5
soffice.bin /lib/x86_64-linux-gnu/libdbusmenu-qt5.so.2
soffice.bin /lib/x86_64-linux-gnu/libQt5Qml.so.5
soffice.bin /lib/x86_64-linux-gnu/libQt5QuickTemplates2.so.5
soffice.bin /lib/x86_64-linux-gnu/libQt5QmlModels.so.5
soffice.bin /lib/x86_64-linux-gnu/libKF5Crash.so.5
soffice.bin /lib/x86_64-linux-gnu/libKF5AuthCore.so.5
soffice.bin /lib/x86_64-linux-gnu/libacl.so.1
soffice.bin /lib/x86_64-linux-gnu/libKF5GlobalAccel.so.5
soffice.bin /lib/x86_64-linux-gnu/libQt5PrintSupport.so.5
soffice.bin /lib/x86_64-linux-gnu/libQt5Svg.so.5
soffice.bin /lib/x86_64-linux-gnu/libKF5Archive.so.5
soffice.bin /lib/x86_64-linux-gnu/libKF5Codecs.so.5
soffice.bin /lib/x86_64-linux-gnu/libudev.so.1
soffice.bin /lib/x86_64-linux-gnu/libwayland-cursor.so.0
soffice.bin /lib/x86_64-linux-gnu/libimobiledevice-1.0.so.6
soffice.bin /lib/x86_64-linux-gnu/libplist-2.0.so.4
soffice.bin /lib/x86_64-linux-gnu/libKF5DBusAddons.so.5
soffice.bin /lib/x86_64-linux-gnu/libvorbisfile.so.3
soffice.bin /lib/x86_64-linux-gnu/libtdb.so.1
soffice.bin /lib/x86_64-linux-gnu/libusbmuxd-2.0.so.6
soffice.bin /lib/x86_64-linux-gnu/libvorbis.so.0
soffice.bin /lib/x86_64-linux-gnu/libogg.so.0
selkies /proc/stat
selkies /proc/meminfo
soffice.bin /usr/share/locale/en/LC_MESSAGES/kcoreaddons5_qt.qm
soffice.bin /usr/share/locale/en/LC_MESSAGES/kcoreaddons5_qt.qm
soffice.bin /usr/share/locale/en/LC_MESSAGES/kwidgetsaddons5_qt.qm
soffice.bin /usr/share/locale/en/LC_MESSAGES/kwidgetsaddons5_qt.qm
soffice.bin /usr/share/locale/en/LC_MESSAGES/kjobwidgets5_qt.qm
soffice.bin /usr/share/locale/en/LC_MESSAGES/kjobwidgets5_qt.qm
soffice.bin /etc/localtime
soffice.bin /usr/share/kubuntu-default-settings/kf5-settings/kdeglobals
soffice.bin /config/.config/kdedefaults/kdeglobals
soffice.bin /config/.config/kdeglobals
soffice.bin /usr/lib/x86_64-linux-gnu/qt5/qml/QtQuick/Controls.2
soffice.bin /usr/lib/x86_64-linux-gnu/qt5/plugins/platforminputcontexts
soffice.bin /usr/lib/x86_64-linux-gnu/qt5/plugins/platforminputcontexts/libcomposeplatforminputcontextplugin.so
soffice.bin /usr/lib/x86_64-linux-gnu/qt5/plugins/platforminputcontexts/libibusplatforminputcontextplugin.so
soffice.bin /usr/lib/x86_64-linux-gnu/qt5/plugins/platforminputcontexts/plasmaimplatforminputcontextplugin.so
soffice.bin /usr/lib/x86_64-linux-gnu/qt5/plugins/platforminputcontexts/libcomposeplatforminputcontextplugin.so.avx2
soffice.bin /usr/lib/x86_64-linux-gnu/qt5/plugins/platforminputcontexts/libcomposeplatforminputcontextplugin.so
soffice.bin /usr/lib/x86_64-linux-gnu/qt5/plugins/xcbglintegrations
soffice.bin /usr/lib/x86_64-linux-gnu/qt5/plugins/xcbglintegrations/libqxcb-egl-integration.so
soffice.bin /usr/lib/x86_64-linux-gnu/qt5/plugins/xcbglintegrations/libqxcb-glx-integration.so
soffice.bin /usr/lib/x86_64-linux-gnu/qt5/plugins/xcbglintegrations/libqxcb-glx-integration.so.avx2
soffice.bin /usr/lib/x86_64-linux-gnu/qt5/plugins/xcbglintegrations/libqxcb-glx-integration.so
soffice.bin /etc/ld.so.cache
soffice.bin /lib/x86_64-linux-gnu/libxcb-glx.so.0
soffice.bin /etc/ld.so.cache
soffice.bin /lib/x86_64-linux-gnu/libGLX_mesa.so.0
soffice.bin /lib/x86_64-linux-gnu/libgallium-25.2.8-0ubuntu0.24.04.1.so
soffice.bin /lib/x86_64-linux-gnu/libdrm.so.2
soffice.bin /lib/x86_64-linux-gnu/libXxf86vm.so.1
soffice.bin /lib/x86_64-linux-gnu/libxcb-dri3.so.0
soffice.bin /lib/x86_64-linux-gnu/libxcb-present.so.0
soffice.bin /lib/x86_64-linux-gnu/libLLVM.so.20.1
soffice.bin /lib/x86_64-linux-gnu/libsensors.so.5
soffice.bin /lib/x86_64-linux-gnu/libxshmfence.so.1
soffice.bin /lib/x86_64-linux-gnu/libdrm_amdgpu.so.1
soffice.bin /lib/x86_64-linux-gnu/libelf.so.1
soffice.bin /lib/x86_64-linux-gnu/libdrm_intel.so.1
soffice.bin /lib/x86_64-linux-gnu/../lib/glibc-hwcaps/x86-64-v3/libedit.so.2
soffice.bin /lib/x86_64-linux-gnu/../lib/glibc-hwcaps/x86-64-v2/libedit.so.2
soffice.bin /lib/x86_64-linux-gnu/../lib/libedit.so.2
soffice.bin /lib/x86_64-linux-gnu/libedit.so.2
soffice.bin /lib/x86_64-linux-gnu/libpciaccess.so.0
soffice.bin /lib/x86_64-linux-gnu/libtinfo.so.6
soffice.bin /usr/share/drirc.d
soffice.bin /usr/share/drirc.d/00-mesa-defaults.conf
soffice.bin /usr/lib/x86_64-linux-gnu/gconv/gconv-modules.cache
soffice.bin /usr/share/drirc.d/00-radv-defaults.conf
soffice.bin /etc/drirc
soffice.bin /usr/share/locale/locale.alias
soffice.bin /usr/share/locale/en_US/LC_MESSAGES/libc.mo
soffice.bin /usr/share/locale/en/LC_MESSAGES/libc.mo
soffice.bin /usr/share/locale-langpack/en_US/LC_MESSAGES/libc.mo
soffice.bin /usr/share/locale-langpack/en/LC_MESSAGES/libc.mo
soffice.bin /config/.drirc
soffice.bin /sys/devices/system/cpu/possible
soffice.bin /sys/devices/system/cpu/cpu0/cpu_capacity
soffice.bin /sys/devices/system/cpu/cpu1/cpu_capacity
soffice.bin /sys/devices/system/cpu/cpu2/cpu_capacity
soffice.bin /sys/devices/system/cpu/cpu3/cpu_capacity
soffice.bin /sys/devices/system/cpu/cpu4/cpu_capacity
soffice.bin /sys/devices/system/cpu/cpu5/cpu_capacity
soffice.bin /sys/devices/system/cpu/cpu6/cpu_capacity
soffice.bin /sys/devices/system/cpu/cpu7/cpu_capacity
soffice.bin /sys/devices/system/cpu/cpu8/cpu_capacity
soffice.bin /sys/devices/system/cpu/cpu9/cpu_capacity
soffice.bin /sys/devices/system/cpu/cpu10/cpu_capacity
soffice.bin /sys/devices/system/cpu/cpu11/cpu_capacity
soffice.bin /sys/devices/system/cpu/cpu12/cpu_capacity
soffice.bin /sys/devices/system/cpu/cpu13/cpu_capacity
soffice.bin /sys/devices/system/cpu/cpu14/cpu_capacity
soffice.bin /sys/devices/system/cpu/cpu15/cpu_capacity
soffice.bin /dev/udmabuf
soffice.bin /usr/share/drirc.d
soffice.bin /usr/share/drirc.d/00-mesa-defaults.conf
soffice.bin /usr/share/drirc.d/00-radv-defaults.conf
soffice.bin /etc/drirc
soffice.bin /config/.drirc
soffice.bin /sys/devices/system/cpu/online
soffice.bin /config/.cache/mesa_shader_cache/index
soffice.bin /config/.cache/mesa_shader_cache/db/1eda42f2a767a2d7820a869487f528f852a0c3
soffice.bin /config/.cache/mesa_shader_cache/0c/2078390c4088c952a5aaf00c2698fc4cb3c2ae
soffice.bin /config/.cache/mesa_shader_cache/5e/44b0234ba7fee5aad30999f5c85fa1ab7d1e2b
soffice.bin /config/.cache/mesa_shader_cache/8a/05f419308844007d1e201ba19cfb5f3cd8ab27
soffice.bin /config/.cache/mesa_shader_cache/59/ec931cfacda6fd80434ecf9e3f29a17ea5760a
soffice.bin /usr/share/locale/en/LC_MESSAGES/kjobwidgets5_qt.qm
soffice.bin /usr/share/locale/en/LC_MESSAGES/kjobwidgets5_qt.qm
soffice.bin /usr/lib/x86_64-linux-gnu/qt5/plugins/iconengines
soffice.bin /usr/lib/x86_64-linux-gnu/qt5/plugins/iconengines/libqsvgicon.so
soffice.bin /usr/share/locale/en/LC_MESSAGES/kwidgetsaddons5_qt.qm
soffice.bin /usr/share/locale/en/LC_MESSAGES/kwidgetsaddons5_qt.qm
soffice.bin /usr/share/locale/en/LC_MESSAGES/kcoreaddons5_qt.qm
soffice.bin /usr/share/locale/en/LC_MESSAGES/kcoreaddons5_qt.qm
soffice.bin /usr/lib/x86_64-linux-gnu/qt5/plugins/styles
soffice.bin /usr/lib/x86_64-linux-gnu/qt5/plugins/styles/breeze.so
soffice.bin /usr/lib/x86_64-linux-gnu/qt5/plugins/styles/breeze.so.avx2
soffice.bin /usr/lib/x86_64-linux-gnu/qt5/plugins/styles/breeze.so
soffice.bin /etc/ld.so.cache
soffice.bin /lib/x86_64-linux-gnu/libKF5Kirigami2.so.5
soffice.bin /lib/x86_64-linux-gnu/libbreezecommon5.so.5
soffice.bin /lib/x86_64-linux-gnu/libKF5Style.so.5
soffice.bin /usr/share/kubuntu-default-settings/kf5-settings/breezerc
soffice.bin /usr/share/kubuntu-default-settings/kf5-settings/kwinrc
soffice.bin /config/.config/kdedefaults/kwinrc
soffice.bin /config/.config/kwinrc
dbus-daemon /run/systemd/users/911
dbus-daemon /proc/1247/cmdline
soffice.bin /usr/share/kubuntu-default-settings/kf5-settings/breezerc
soffice.bin /usr/share/kubuntu-default-settings/kf5-settings/kwinrc
soffice.bin /config/.config/kdedefaults/kwinrc
soffice.bin /config/.config/kwinrc
soffice.bin /usr/share/kubuntu-default-settings/kf5-settings/breezerc
soffice.bin /usr/lib/libreoffice/program/libgcc3_uno.so
soffice.bin /usr/lib/libreoffice/program/versionrc
soffice.bin /etc/passwd
soffice.bin /config/.config/libreoffice/4/user/extensions/buildid
soffice.bin /usr/lib/libreoffice/program/unorc
soffice.bin /usr/lib/libreoffice/program/lounorc
soffice.bin /etc/passwd
soffice.bin /etc/passwd
soffice.bin /etc/passwd
soffice.bin /usr/lib/libreoffice/program/services.rdb
soffice.bin /usr/lib/libreoffice/program/services
soffice.bin /usr/lib/libreoffice/program/services/services.rdb
soffice.bin /etc/passwd
soffice.bin /etc/passwd
soffice.bin /etc/passwd
soffice.bin /usr/lib/libreoffice/program/types.rdb
soffice.bin /usr/lib/libreoffice/program/types
soffice.bin /usr/lib/libreoffice/program/types/offapi.rdb
soffice.bin /usr/lib/libreoffice/program/types/oovbaapi.rdb
soffice.bin /etc/passwd
soffice.bin /config/.config/libreoffice/4/safemode_restart
soffice.bin /etc/passwd
soffice.bin /config/.config/libreoffice/4/safemode
soffice.bin /etc/passwd
soffice.bin /etc/passwd
soffice.bin /etc/passwd
soffice.bin /etc/passwd
soffice.bin /config/.config/libreoffice/4/user/SafeMode
soffice.bin /etc/passwd
soffice.bin /etc/passwd
soffice.bin /etc/passwd
soffice.bin /etc/passwd
soffice.bin /etc/libreoffice/registry
soffice.bin /etc/libreoffice/registry/Langpack-en-US.xcd
soffice.bin /etc/libreoffice/registry/calc.xcd
soffice.bin /etc/libreoffice/registry/draw.xcd
soffice.bin /etc/libreoffice/registry/graphicfilter.xcd
soffice.bin /etc/libreoffice/registry/impress.xcd
soffice.bin /etc/libreoffice/registry/lingucomponent.xcd
soffice.bin /etc/libreoffice/registry/main.xcd
soffice.bin /etc/libreoffice/registry/ogltrans.xcd
soffice.bin /etc/libreoffice/registry/pdfimport.xcd
soffice.bin /etc/libreoffice/registry/writer.xcd
soffice.bin /etc/libreoffice/registry/xsltfilter.xcd
soffice.bin /etc/libreoffice/registry/schema
soffice.bin /etc/libreoffice/registry/data
soffice.bin /etc/libreoffice/registry/res
soffice.bin /etc/libreoffice/registry/res/fcfg_langpack_en-US.xcd
soffice.bin /etc/libreoffice/registry/res
soffice.bin /run/dconf/user/911
soffice.bin /config/.XDG/dconf/profile
soffice.bin /etc/dconf/profile/user
soffice.bin /usr/local/share/dconf/profile/user
soffice.bin /usr/share/dconf/profile/user
soffice.bin /config/.XDG/dconf/user
soffice.bin /config/.config/dconf/user
soffice.bin /etc/passwd
soffice.bin /config/.config/libreoffice/4/user/registrymodifications.xcu
soffice.bin /etc/passwd
soffice.bin /etc/passwd
soffice.bin /usr/lib/libreoffice/program/liblocaledata_en.so
soffice.bin /etc/libreoffice/sofficerc
soffice.bin /etc/libreoffice/sofficerc
soffice.bin /etc/libreoffice/sofficerc
soffice.bin /etc/libreoffice/sofficerc
soffice.bin /etc/libreoffice/sofficerc
soffice.bin /etc/libreoffice/sofficerc
soffice.bin /etc/libreoffice/sofficerc
soffice.bin /etc/libreoffice/sofficerc
soffice.bin /etc/libreoffice/sofficerc
soffice.bin /etc/libreoffice/sofficerc
soffice.bin /etc/libreoffice/sofficerc
soffice.bin /etc/libreoffice/sofficerc
soffice.bin /etc/libreoffice/sofficerc
soffice.bin /etc/libreoffice/sofficerc
soffice.bin /etc/libreoffice/sofficerc
soffice.bin /etc/libreoffice/sofficerc
soffice.bin /etc/libreoffice/sofficerc
soffice.bin /etc/libreoffice/sofficerc
soffice.bin /etc/libreoffice/sofficerc
soffice.bin /etc/libreoffice/sofficerc
soffice.bin /etc/libreoffice/sofficerc
soffice.bin /etc/libreoffice/sofficerc
soffice.bin /etc/libreoffice/sofficerc
soffice.bin /etc/libreoffice/sofficerc
soffice.bin /usr/lib/libreoffice/program/intro_impress_1872x1982-en-US.png
soffice.bin /usr/lib/libreoffice/program/intro_impress_1872x1982-en.png
soffice.bin /usr/lib/libreoffice/program/intro_impress_1872x1982.png
soffice.bin /usr/lib/libreoffice/program/intro_1872x1982-en-US.png
soffice.bin /usr/lib/libreoffice/program/intro_1872x1982-en.png
soffice.bin /usr/lib/libreoffice/program/intro_1872x1982.png
soffice.bin /usr/lib/libreoffice/program/intro-en-US.png
soffice.bin /usr/lib/libreoffice/program/intro-en.png
soffice.bin /usr/lib/libreoffice/program/intro.png
soffice.bin /config/.Xdefaults-baa1b3b8b6af
soffice.bin /config/.icons/breeze_cursors/cursors/left_ptr
soffice.bin /config/.icons/breeze_cursors/index.theme
soffice.bin /usr/share/icons/breeze_cursors/cursors/left_ptr
soffice.bin /usr/share/mime/generic-icons
soffice.bin /config/.cache/icon-cache.kcache
soffice.bin /usr/share/icons/breeze/index.theme
xclip /etc/ld.so.cache
xclip /lib/x86_64-linux-gnu/libXmu.so.6
xclip /lib/x86_64-linux-gnu/libX11.so.6
xclip /lib/x86_64-linux-gnu/libc.so.6
xclip /lib/x86_64-linux-gnu/libXt.so.6
xclip /lib/x86_64-linux-gnu/libXext.so.6
xclip /lib/x86_64-linux-gnu/libxcb.so.1
xclip /lib/x86_64-linux-gnu/libSM.so.6
xclip /lib/x86_64-linux-gnu/libICE.so.6
xclip /lib/x86_64-linux-gnu/libXau.so.6
xclip /lib/x86_64-linux-gnu/libXdmcp.so.6
xclip /lib/x86_64-linux-gnu/libuuid.so.1
xclip /lib/x86_64-linux-gnu/libbsd.so.0
xclip /lib/x86_64-linux-gnu/libmd.so.0
xclip /usr/share/X11/locale/locale.alias
xclip /usr/share/X11/locale/locale.dir
xclip /usr/share/X11/locale/C/XLC_LOCALE
xclip /usr/share/X11/locale/locale.alias
xclip /usr/share/X11/locale/locale.dir
xclip /usr/share/X11/locale/C/XLC_LOCALE
Xvfb /proc/1318/cmdline
soffice.bin /etc/fonts/fonts.conf
soffice.bin /etc/fonts/conf.d
soffice.bin /usr/share/fontconfig/conf.avail/10-hinting-slight.conf
soffice.bin /usr/share/fontconfig/conf.avail/10-scale-bitmap-fonts.conf
soffice.bin /usr/share/fontconfig/conf.avail/10-sub-pixel-rgb.conf
soffice.bin /usr/share/fontconfig/conf.avail/10-yes-antialias.conf
soffice.bin /usr/share/fontconfig/conf.avail/11-lcdfilter-default.conf
soffice.bin /usr/share/fontconfig/conf.avail/20-unhint-small-vera.conf
soffice.bin /usr/share/fontconfig/conf.avail/30-metric-aliases.conf
soffice.bin /usr/share/fontconfig/conf.avail/30-opensymbol.conf
soffice.bin /usr/share/fontconfig/conf.avail/40-nonlatin.conf
soffice.bin /usr/share/fontconfig/conf.avail/45-generic.conf
soffice.bin /usr/share/fontconfig/conf.avail/45-latin.conf
soffice.bin /usr/share/fontconfig/conf.avail/48-spacing.conf
soffice.bin /usr/share/fontconfig/conf.avail/49-sansserif.conf
soffice.bin /usr/share/fontconfig/conf.avail/50-user.conf
soffice.bin /usr/share/fontconfig/conf.avail/51-local.conf
soffice.bin /etc/fonts/conf.avail/56-kubuntu-noto.conf
soffice.bin /usr/share/fontconfig/conf.avail/60-generic.conf
soffice.bin /usr/share/fontconfig/conf.avail/60-latin.conf
soffice.bin /usr/share/fontconfig/conf.avail/urw-bookman.conf
soffice.bin /usr/share/fontconfig/conf.avail/urw-c059.conf
soffice.bin /usr/share/fontconfig/conf.avail/urw-d050000l.conf
soffice.bin /usr/share/fontconfig/conf.avail/urw-fallback-backwards.conf
soffice.bin /usr/share/fontconfig/conf.avail/urw-fallback-generics.conf
soffice.bin /usr/share/fontconfig/conf.avail/urw-gothic.conf
soffice.bin /usr/share/fontconfig/conf.avail/urw-nimbus-mono-ps.conf
soffice.bin /usr/share/fontconfig/conf.avail/urw-nimbus-roman.conf
soffice.bin /usr/share/fontconfig/conf.avail/urw-nimbus-sans.conf
soffice.bin /usr/share/fontconfig/conf.avail/urw-p052.conf
soffice.bin /usr/share/fontconfig/conf.avail/urw-standard-symbols-ps.conf
soffice.bin /usr/share/fontconfig/conf.avail/urw-z003.conf
soffice.bin /usr/share/fontconfig/conf.avail/65-fonts-persian.conf
soffice.bin /usr/share/fontconfig/conf.avail/65-nonlatin.conf
soffice.bin /usr/share/fontconfig/conf.avail/69-unifont.conf
soffice.bin /usr/share/fontconfig/conf.avail/70-fonts-noto-cjk.conf
soffice.bin /usr/share/fontconfig/conf.avail/70-no-bitmaps-except-emoji.conf
soffice.bin /usr/share/fontconfig/conf.avail/71-ubuntulegacy.conf
soffice.bin /usr/share/fontconfig/conf.avail/80-delicious.conf
soffice.bin /usr/share/fontconfig/conf.avail/90-synthetic.conf
soffice.bin /usr/share/fontconfig/conf.avail
soffice.bin /usr/share/fontconfig/conf.avail/05-reset-dirs-sample.conf
soffice.bin /usr/share/fontconfig/conf.avail/09-autohint-if-no-hinting.conf
soffice.bin /usr/share/fontconfig/conf.avail/10-autohint.conf
soffice.bin /usr/share/fontconfig/conf.avail/10-hinting-full.conf
soffice.bin /usr/share/fontconfig/conf.avail/10-hinting-medium.conf
soffice.bin /usr/share/fontconfig/conf.avail/10-hinting-none.conf
soffice.bin /usr/share/fontconfig/conf.avail/10-no-antialias.conf
soffice.bin /usr/share/fontconfig/conf.avail/10-sub-pixel-bgr.conf
soffice.bin /usr/share/fontconfig/conf.avail/10-sub-pixel-none.conf
soffice.bin /usr/share/fontconfig/conf.avail/10-sub-pixel-vbgr.conf
soffice.bin /usr/share/fontconfig/conf.avail/10-sub-pixel-vrgb.conf
soffice.bin /usr/share/fontconfig/conf.avail/10-unhinted.conf
soffice.bin /usr/share/fontconfig/conf.avail/11-lcdfilter-legacy.conf
soffice.bin /usr/share/fontconfig/conf.avail/11-lcdfilter-light.conf
soffice.bin /usr/share/fontconfig/conf.avail/11-lcdfilter-none.conf
soffice.bin /usr/share/fontconfig/conf.avail/25-unhint-nonlatin.conf
soffice.bin /usr/share/fontconfig/conf.avail/35-lang-normalize.conf
soffice.bin /usr/share/fontconfig/conf.avail/53-monospace-lcd-filter.conf
soffice.bin /usr/share/fontconfig/conf.avail/65-khmer.conf
soffice.bin /usr/share/fontconfig/conf.avail/70-force-bitmaps.conf
soffice.bin /usr/share/fontconfig/conf.avail/70-no-bitmaps-and-emoji.conf
soffice.bin /usr/share/fontconfig/conf.avail/70-no-bitmaps.conf
soffice.bin /usr/share/fontconfig/conf.avail/70-yes-bitmaps.conf
soffice.bin /usr/local/share/fonts
soffice.bin /var/cache/fontconfig//4c599c202bc5c08e2d34565a40eac3b2-le64.cache-9
soffice.bin /config/.cache/fontconfig//4c599c202bc5c08e2d34565a40eac3b2-le64.cache-9
soffice.bin /usr/local/share/fonts/.uuid
soffice.bin /config/.fontconfig//4c599c202bc5c08e2d34565a40eac3b2-le64.cache-9
soffice.bin /usr/local/share/fonts/.uuid
soffice.bin /usr/share/fonts
soffice.bin /var/cache/fontconfig//3830d5c3ddfd5cd38a049b759396e72e-le64.cache-9
soffice.bin /config/.cache/fontconfig//3830d5c3ddfd5cd38a049b759396e72e-le64.cache-9
soffice.bin /usr/share/fonts/.uuid
soffice.bin /config/.fontconfig//3830d5c3ddfd5cd38a049b759396e72e-le64.cache-9
soffice.bin /usr/share/fonts/.uuid
soffice.bin /usr/share/fonts/X11
soffice.bin /var/cache/fontconfig//c855463f699352c367813e37f3f70ea7-le64.cache-9
soffice.bin /config/.cache/fontconfig//c855463f699352c367813e37f3f70ea7-le64.cache-9
soffice.bin /usr/share/fonts/X11/.uuid
soffice.bin /config/.fontconfig//c855463f699352c367813e37f3f70ea7-le64.cache-9
soffice.bin /usr/share/fonts/X11/.uuid
soffice.bin /usr/share/fonts/cMap
soffice.bin /var/cache/fontconfig//32b6488e5b8292a2e95c79d947e009e8-le64.cache-9
soffice.bin /config/.cache/fontconfig//32b6488e5b8292a2e95c79d947e009e8-le64.cache-9
soffice.bin /usr/share/fonts/cMap/.uuid
soffice.bin /config/.fontconfig//32b6488e5b8292a2e95c79d947e009e8-le64.cache-9
soffice.bin /usr/share/fonts/cMap/.uuid
soffice.bin /usr/share/fonts/cmap
soffice.bin /var/cache/fontconfig//57e423e26b20ab21d0f2f29c145174c3-le64.cache-9
soffice.bin /config/.cache/fontconfig//57e423e26b20ab21d0f2f29c145174c3-le64.cache-9
soffice.bin /usr/share/fonts/cmap/.uuid
soffice.bin /config/.fontconfig//57e423e26b20ab21d0f2f29c145174c3-le64.cache-9
soffice.bin /usr/share/fonts/cmap/.uuid
soffice.bin /usr/share/fonts/opentype
soffice.bin /var/cache/fontconfig//573ec803664ed168555e0e8b6d0f0c7f-le64.cache-9
soffice.bin /config/.cache/fontconfig//573ec803664ed168555e0e8b6d0f0c7f-le64.cache-9
soffice.bin /usr/share/fonts/opentype/.uuid
soffice.bin /config/.fontconfig//573ec803664ed168555e0e8b6d0f0c7f-le64.cache-9
soffice.bin /usr/share/fonts/opentype/.uuid
soffice.bin /usr/share/fonts/truetype
soffice.bin /var/cache/fontconfig//7ef2298fde41cc6eeb7af42e48b7d293-le64.cache-9
soffice.bin /config/.cache/fontconfig//7ef2298fde41cc6eeb7af42e48b7d293-le64.cache-9
soffice.bin /usr/share/fonts/truetype/.uuid
soffice.bin /config/.fontconfig//7ef2298fde41cc6eeb7af42e48b7d293-le64.cache-9
soffice.bin /usr/share/fonts/truetype/.uuid
soffice.bin /usr/share/fonts/type1
soffice.bin /var/cache/fontconfig//d82eb4fd963d448e2fcb7d7b793b5df3-le64.cache-9
soffice.bin /config/.cache/fontconfig//d82eb4fd963d448e2fcb7d7b793b5df3-le64.cache-9
soffice.bin /usr/share/fonts/type1/.uuid
soffice.bin /config/.fontconfig//d82eb4fd963d448e2fcb7d7b793b5df3-le64.cache-9
soffice.bin /usr/share/fonts/type1/.uuid
soffice.bin /usr/share/fonts/X11/Type1
soffice.bin /var/cache/fontconfig//e13b20fdb08344e0e664864cc2ede53d-le64.cache-9
soffice.bin /config/.cache/fontconfig//e13b20fdb08344e0e664864cc2ede53d-le64.cache-9
soffice.bin /usr/share/fonts/X11/Type1/.uuid
soffice.bin /config/.fontconfig//e13b20fdb08344e0e664864cc2ede53d-le64.cache-9
soffice.bin /usr/share/fonts/X11/Type1/.uuid
soffice.bin /usr/share/fonts/X11/encodings
soffice.bin /var/cache/fontconfig//707971e003b4ae6c8121c3a920e507f5-le64.cache-9
soffice.bin /config/.cache/fontconfig//707971e003b4ae6c8121c3a920e507f5-le64.cache-9
soffice.bin /usr/share/fonts/X11/encodings/.uuid
soffice.bin /config/.fontconfig//707971e003b4ae6c8121c3a920e507f5-le64.cache-9
soffice.bin /usr/share/fonts/X11/encodings/.uuid
soffice.bin /usr/share/fonts/X11/misc
soffice.bin /var/cache/fontconfig//cabbd14511b9e8a55e92af97fb3a0461-le64.cache-9
soffice.bin /config/.cache/fontconfig//cabbd14511b9e8a55e92af97fb3a0461-le64.cache-9
soffice.bin /usr/share/fonts/X11/misc/.uuid
soffice.bin /config/.fontconfig//cabbd14511b9e8a55e92af97fb3a0461-le64.cache-9
soffice.bin /usr/share/fonts/X11/misc/.uuid
soffice.bin /usr/share/fonts/X11/util
soffice.bin /var/cache/fontconfig//fe547fea3a41b43a38975d292a2b19c7-le64.cache-9
soffice.bin /config/.cache/fontconfig//fe547fea3a41b43a38975d292a2b19c7-le64.cache-9
soffice.bin /usr/share/fonts/X11/util/.uuid
soffice.bin /config/.fontconfig//fe547fea3a41b43a38975d292a2b19c7-le64.cache-9
soffice.bin /usr/share/fonts/X11/util/.uuid
soffice.bin /usr/share/fonts/cmap/adobe-cns1
soffice.bin /var/cache/fontconfig//f1f2465696798768e9653f19e17ccdc8-le64.cache-9
soffice.bin /config/.cache/fontconfig//f1f2465696798768e9653f19e17ccdc8-le64.cache-9
soffice.bin /usr/share/fonts/cmap/adobe-cns1/.uuid
soffice.bin /config/.fontconfig//f1f2465696798768e9653f19e17ccdc8-le64.cache-9
soffice.bin /usr/share/fonts/cmap/adobe-cns1/.uuid
soffice.bin /usr/share/fonts/cmap/adobe-gb1
soffice.bin /var/cache/fontconfig//95530828ff6c81d309f8258d8d02a23e-le64.cache-9
soffice.bin /config/.cache/fontconfig//95530828ff6c81d309f8258d8d02a23e-le64.cache-9
soffice.bin /usr/share/fonts/cmap/adobe-gb1/.uuid
soffice.bin /config/.fontconfig//95530828ff6c81d309f8258d8d02a23e-le64.cache-9
soffice.bin /usr/share/fonts/cmap/adobe-gb1/.uuid
soffice.bin /usr/share/fonts/cmap/adobe-japan1
soffice.bin /var/cache/fontconfig//d3e5c4ee2ceb1fc347f91d4cefc53bc0-le64.cache-9
soffice.bin /config/.cache/fontconfig//d3e5c4ee2ceb1fc347f91d4cefc53bc0-le64.cache-9
soffice.bin /usr/share/fonts/cmap/adobe-japan1/.uuid
soffice.bin /config/.fontconfig//d3e5c4ee2ceb1fc347f91d4cefc53bc0-le64.cache-9
soffice.bin /usr/share/fonts/cmap/adobe-japan1/.uuid
soffice.bin /usr/share/fonts/cmap/adobe-japan2
soffice.bin /var/cache/fontconfig//e52a45a1c8c8fe895fc0fc8c4e6999b8-le64.cache-9
soffice.bin /config/.cache/fontconfig//e52a45a1c8c8fe895fc0fc8c4e6999b8-le64.cache-9
soffice.bin /usr/share/fonts/cmap/adobe-japan2/.uuid
soffice.bin /config/.fontconfig//e52a45a1c8c8fe895fc0fc8c4e6999b8-le64.cache-9
soffice.bin /usr/share/fonts/cmap/adobe-japan2/.uuid
soffice.bin /usr/share/fonts/cmap/adobe-korea1
soffice.bin /var/cache/fontconfig//188ac73a183f12857f63bb60a4a6d603-le64.cache-9
soffice.bin /config/.cache/fontconfig//188ac73a183f12857f63bb60a4a6d603-le64.cache-9
soffice.bin /usr/share/fonts/cmap/adobe-korea1/.uuid
soffice.bin /config/.fontconfig//188ac73a183f12857f63bb60a4a6d603-le64.cache-9
soffice.bin /usr/share/fonts/cmap/adobe-korea1/.uuid
soffice.bin /usr/share/fonts/opentype/noto
soffice.bin /var/cache/fontconfig//9b89f8e3dae116d678bbf48e5f21f69b-le64.cache-9
soffice.bin /config/.cache/fontconfig//9b89f8e3dae116d678bbf48e5f21f69b-le64.cache-9
soffice.bin /usr/share/fonts/opentype/noto/.uuid
soffice.bin /config/.fontconfig//9b89f8e3dae116d678bbf48e5f21f69b-le64.cache-9
soffice.bin /usr/share/fonts/opentype/noto/.uuid
soffice.bin /usr/share/fonts/opentype/urw-base35
soffice.bin /var/cache/fontconfig//6cc790b63b123a6a96ee260fcdad32a9-le64.cache-9
soffice.bin /config/.cache/fontconfig//6cc790b63b123a6a96ee260fcdad32a9-le64.cache-9
soffice.bin /usr/share/fonts/opentype/urw-base35/.uuid
soffice.bin /config/.fontconfig//6cc790b63b123a6a96ee260fcdad32a9-le64.cache-9
soffice.bin /usr/share/fonts/opentype/urw-base35/.uuid
soffice.bin /usr/share/fonts/truetype/dm-mono
soffice.bin /var/cache/fontconfig//c7ddd67d65d940f1c07452067469d45b-le64.cache-9
soffice.bin /config/.cache/fontconfig//c7ddd67d65d940f1c07452067469d45b-le64.cache-9
soffice.bin /usr/share/fonts/truetype/dm-mono/.uuid
soffice.bin /config/.fontconfig//c7ddd67d65d940f1c07452067469d45b-le64.cache-9
soffice.bin /usr/share/fonts/truetype/dm-mono/.uuid
soffice.bin /usr/share/fonts/truetype/liberation
soffice.bin /var/cache/fontconfig//3047814df9a2f067bd2d96a2b9c36e5a-le64.cache-9
soffice.bin /config/.cache/fontconfig//3047814df9a2f067bd2d96a2b9c36e5a-le64.cache-9
soffice.bin /usr/share/fonts/truetype/liberation/.uuid
soffice.bin /config/.fontconfig//3047814df9a2f067bd2d96a2b9c36e5a-le64.cache-9
soffice.bin /usr/share/fonts/truetype/liberation/.uuid
soffice.bin /usr/share/fonts/truetype/libreoffice
soffice.bin /var/cache/fontconfig//da43223dd54fb3bb4243ae19d4b583b2-le64.cache-9
soffice.bin /config/.cache/fontconfig//da43223dd54fb3bb4243ae19d4b583b2-le64.cache-9
soffice.bin /usr/share/fonts/truetype/libreoffice/.uuid
soffice.bin /config/.fontconfig//da43223dd54fb3bb4243ae19d4b583b2-le64.cache-9
soffice.bin /usr/share/fonts/truetype/libreoffice/.uuid
soffice.bin /usr/share/fonts/truetype/noto
soffice.bin /var/cache/fontconfig//0bd3dc0958fa2205aaaa8ebb13e2872b-le64.cache-9
soffice.bin /config/.cache/fontconfig//0bd3dc0958fa2205aaaa8ebb13e2872b-le64.cache-9
soffice.bin /usr/share/fonts/truetype/noto/.uuid
soffice.bin /config/.fontconfig//0bd3dc0958fa2205aaaa8ebb13e2872b-le64.cache-9
soffice.bin /usr/share/fonts/truetype/noto/.uuid
soffice.bin /usr/share/fonts/truetype/space-grotesk
soffice.bin /var/cache/fontconfig//60495f9738a6f38c2f3f93e3ff28e478-le64.cache-9
soffice.bin /config/.cache/fontconfig//60495f9738a6f38c2f3f93e3ff28e478-le64.cache-9
soffice.bin /usr/share/fonts/truetype/space-grotesk/.uuid
soffice.bin /config/.fontconfig//60495f9738a6f38c2f3f93e3ff28e478-le64.cache-9
soffice.bin /usr/share/fonts/truetype/space-grotesk/.uuid
soffice.bin /usr/share/fonts/truetype/ubuntu
soffice.bin /var/cache/fontconfig//2300eef321c393bfd76478a5c0e95b23-le64.cache-9
soffice.bin /config/.cache/fontconfig//2300eef321c393bfd76478a5c0e95b23-le64.cache-9
soffice.bin /usr/share/fonts/truetype/ubuntu/.uuid
soffice.bin /config/.fontconfig//2300eef321c393bfd76478a5c0e95b23-le64.cache-9
soffice.bin /usr/share/fonts/truetype/ubuntu/.uuid
soffice.bin /usr/share/fonts/type1/urw-base35
soffice.bin /var/cache/fontconfig//a4e60e8d1e10d2fdff3fe3037a1845fb-le64.cache-9
soffice.bin /config/.cache/fontconfig//a4e60e8d1e10d2fdff3fe3037a1845fb-le64.cache-9
soffice.bin /usr/share/fonts/type1/urw-base35/.uuid
soffice.bin /config/.fontconfig//a4e60e8d1e10d2fdff3fe3037a1845fb-le64.cache-9
soffice.bin /usr/share/fonts/type1/urw-base35/.uuid
soffice.bin /usr/share/fonts/X11/encodings/large
soffice.bin /var/cache/fontconfig//6333f38776742d18e214673cd2c24e34-le64.cache-9
soffice.bin /config/.cache/fontconfig//6333f38776742d18e214673cd2c24e34-le64.cache-9
soffice.bin /usr/share/fonts/X11/encodings/large/.uuid
soffice.bin /config/.fontconfig//6333f38776742d18e214673cd2c24e34-le64.cache-9
soffice.bin /usr/share/fonts/X11/encodings/large/.uuid
soffice.bin /etc/passwd
soffice.bin /usr/lib/libreoffice/program/resource/common/fonts
soffice.bin /var/cache/fontconfig//807752c9e168308eb5108dacded5237a-le64.cache-9
soffice.bin /usr/lib/libreoffice/program/resource/common/fonts/.uuid
soffice.bin /config/.cache/fontconfig//807752c9e168308eb5108dacded5237a-le64.cache-9
soffice.bin /config/.fontconfig//807752c9e168308eb5108dacded5237a-le64.cache-9
soffice.bin /usr/lib/libreoffice/program/resource/common/fonts/.uuid
soffice.bin /usr/lib/libreoffice/program/resource/common/fonts/fc_local.conf
soffice.bin /usr/lib/libreoffice/share/fonts/truetype
soffice.bin /var/cache/fontconfig//158c65c810c0d352a587f5be66058e87-le64.cache-9
soffice.bin /usr/lib/libreoffice/share/fonts/truetype/.uuid
soffice.bin /config/.cache/fontconfig//158c65c810c0d352a587f5be66058e87-le64.cache-9
soffice.bin /config/.fontconfig//158c65c810c0d352a587f5be66058e87-le64.cache-9
soffice.bin /usr/lib/libreoffice/share/fonts/truetype/.uuid
soffice.bin /usr/lib/libreoffice/share/fonts/truetype/fc_local.conf
soffice.bin /config/.config/libreoffice/4/user/fonts/fc_local.conf
soffice.bin /usr/share/fonts/truetype/noto/NotoSans-Regular.ttf
soffice.bin /usr/share/fonts/truetype/noto/NotoSans-Regular.ttf
soffice.bin /etc/passwd
soffice.bin /etc/passwd
soffice.bin /usr/lib/libreoffice/program/libdesktop_detectorlo.so
soffice.bin /usr/lib/libreoffice/program/libkf5be1lo.so
soffice.bin /etc/passwd
soffice.bin /config/.config/user-dirs.dirs
soffice.bin /config/Documents
soffice.bin /config/Documents
soffice.bin /etc/passwd
soffice.bin /etc/passwd
soffice.bin /config/.config/user-dirs.dirs
soffice.bin /config/Templates
soffice.bin /config/Templates
soffice.bin /tmp
soffice.bin /config/.config/libreoffice/4/.lock
soffice.bin /config/.config/libreoffice/4/.lock
soffice.bin /etc/passwd
soffice.bin /config/.config/libreoffice/4/.lock
soffice.bin /config/.config/libreoffice/4/.lock
soffice.bin /usr/lib/libreoffice/program/resource//en_US/LC_MESSAGES/fwk.mo
soffice.bin /usr/lib/libreoffice/program/resource//en/LC_MESSAGES/fwk.mo
soffice.bin /usr/lib/libreoffice/program/resource//en_US/LC_MESSAGES/svt.mo
soffice.bin /usr/lib/libreoffice/program/resource//en/LC_MESSAGES/svt.mo
soffice.bin /usr/lib/libreoffice/program/resource//en_US/LC_MESSAGES/sb.mo
soffice.bin /usr/lib/libreoffice/program/resource//en/LC_MESSAGES/sb.mo
soffice.bin /usr/lib/libreoffice/program/resource//en_US/LC_MESSAGES/dkt.mo
soffice.bin /usr/lib/libreoffice/program/resource//en/LC_MESSAGES/dkt.mo
soffice.bin /usr/share/fonts/truetype/noto/NotoSans-Regular.ttf
soffice.bin /usr/lib/libreoffice/share/uno_packages/cache/stamp.sys
soffice.bin /etc/passwd
soffice.bin /etc/passwd
soffice.bin /etc/passwd
soffice.bin /dev/urandom
soffice.bin /dev/urandom
soffice.bin /etc/passwd
soffice.bin /etc/passwd
soffice.bin /etc/passwd
soffice.bin /config/.config/libreoffice/4/user/extensions/shared/registry/com.sun.star.comp.deployment.configuration.PackageRegistryBackend/backenddb.xml
soffice.bin /etc/passwd
soffice.bin /config/.config/libreoffice/4/user/extensions/shared/registry/com.sun.star.comp.deployment.configuration.PackageRegistryBackend
soffice.bin /etc/passwd
soffice.bin /etc/passwd
soffice.bin /etc/passwd
soffice.bin /etc/passwd
soffice.bin /etc/passwd
soffice.bin /etc/passwd
soffice.bin /config/.config/libreoffice/4/user/extensions/shared/registry/com.sun.star.comp.deployment.help.PackageRegistryBackend/backenddb.xml
soffice.bin /etc/passwd
soffice.bin /config/.config/libreoffice/4/user/extensions/shared/registry/com.sun.star.comp.deployment.help.PackageRegistryBackend
soffice.bin /etc/passwd
soffice.bin /etc/passwd
soffice.bin /etc/passwd
soffice.bin /etc/passwd
soffice.bin /etc/passwd
soffice.bin /etc/passwd
soffice.bin /config/.config/libreoffice/4/user/extensions/shared/extensions.pmap
soffice.bin /etc/passwd
soffice.bin /etc/passwd
soffice.bin /etc/passwd
soffice.bin /etc/passwd
soffice.bin /etc/passwd
soffice.bin /etc/passwd
soffice.bin /config/.config/libreoffice/4/user/extensions/bundled/registry/com.sun.star.comp.deployment.configuration.PackageRegistryBackend/backenddb.xml
soffice.bin /etc/passwd
soffice.bin /config/.config/libreoffice/4/user/extensions/bundled/registry/com.sun.star.comp.deployment.configuration.PackageRegistryBackend
soffice.bin /etc/passwd
soffice.bin /etc/passwd
soffice.bin /etc/passwd
soffice.bin /etc/passwd
soffice.bin /etc/passwd
soffice.bin /etc/passwd
soffice.bin /config/.config/libreoffice/4/user/extensions/bundled/registry/com.sun.star.comp.deployment.help.PackageRegistryBackend/backenddb.xml
soffice.bin /etc/passwd
soffice.bin /config/.config/libreoffice/4/user/extensions/bundled/registry/com.sun.star.comp.deployment.help.PackageRegistryBackend
soffice.bin /etc/passwd
soffice.bin /etc/passwd
soffice.bin /etc/passwd
soffice.bin /etc/passwd
soffice.bin /etc/passwd
soffice.bin /etc/passwd
soffice.bin /config/.config/libreoffice/4/user/extensions/bundled/extensions.pmap
soffice.bin /usr/lib/libreoffice/share/extensions
soffice.bin /etc/passwd
soffice.bin /config/.config/libreoffice/4/user/uno_packages/cache/stamp.sys
soffice.bin /etc/passwd
soffice.bin /usr/lib/libreoffice/program/libloglo.so
soffice.bin /etc/passwd
soffice.bin /etc/passwd
soffice.bin /etc/passwd
soffice.bin /etc/passwd
soffice.bin /etc/passwd
soffice.bin /etc/passwd
soffice.bin /config/.config/libreoffice/4/user/uno_packages/cache/registry/com.sun.star.comp.deployment.configuration.PackageRegistryBackend/backenddb.xml
soffice.bin /etc/passwd
soffice.bin /config/.config/libreoffice/4/user/uno_packages/cache/registry/com.sun.star.comp.deployment.configuration.PackageRegistryBackend
soffice.bin /etc/passwd
soffice.bin /etc/passwd
soffice.bin /etc/passwd
soffice.bin /etc/passwd
soffice.bin /etc/passwd
soffice.bin /etc/passwd
soffice.bin /config/.config/libreoffice/4/user/uno_packages/cache/registry/com.sun.star.comp.deployment.help.PackageRegistryBackend/backenddb.xml
soffice.bin /etc/passwd
soffice.bin /config/.config/libreoffice/4/user/uno_packages/cache/registry/com.sun.star.comp.deployment.help.PackageRegistryBackend
soffice.bin /etc/passwd
soffice.bin /etc/passwd
soffice.bin /etc/passwd
soffice.bin /etc/passwd
soffice.bin /etc/passwd
soffice.bin /etc/passwd
soffice.bin /etc/passwd
soffice.bin /config/.config/libreoffice/4/user/uno_packages/cache/uno_packages.pmap
soffice.bin /config/.config/libreoffice/4/user/uno_packages/cache/uno_packages
soffice.bin /etc/passwd
soffice.bin /config/.config/libreoffice/4/user/extensions/tmp/stamp.sys
soffice.bin /etc/passwd
soffice.bin /etc/passwd
soffice.bin /etc/passwd
soffice.bin /etc/passwd
soffice.bin /etc/passwd
soffice.bin /etc/passwd
soffice.bin /config/.config/libreoffice/4/user/extensions/tmp/registry/com.sun.star.comp.deployment.configuration.PackageRegistryBackend/backenddb.xml
soffice.bin /etc/passwd
soffice.bin /config/.config/libreoffice/4/user/extensions/tmp/registry/com.sun.star.comp.deployment.configuration.PackageRegistryBackend
soffice.bin /etc/passwd
soffice.bin /etc/passwd
soffice.bin /etc/passwd
soffice.bin /etc/passwd
soffice.bin /etc/passwd
soffice.bin /etc/passwd
soffice.bin /config/.config/libreoffice/4/user/extensions/tmp/registry/com.sun.star.comp.deployment.help.PackageRegistryBackend/backenddb.xml
soffice.bin /etc/passwd
soffice.bin /config/.config/libreoffice/4/user/extensions/tmp/registry/com.sun.star.comp.deployment.help.PackageRegistryBackend
soffice.bin /etc/passwd
soffice.bin /etc/passwd
soffice.bin /etc/passwd
soffice.bin /etc/passwd
soffice.bin /etc/passwd
soffice.bin /etc/passwd
soffice.bin /etc/passwd
soffice.bin /config/.config/libreoffice/4/user/extensions/tmp/extensions.pmap
soffice.bin /config/.config/libreoffice/4/user/extensions/tmp/extensions
soffice.bin /etc/passwd
soffice.bin /config/.config/libreoffice/4/user/extensions/bundled
soffice.bin /config/.config/libreoffice/4/user/extensions/bundled/lastsynchronized
soffice.bin /etc/passwd
soffice.bin /config/.config/libreoffice/4/user/extensions/shared
soffice.bin /config/.config/libreoffice/4/user/extensions/shared/lastsynchronized
soffice.bin /usr/share/fonts/truetype/noto/NotoSans-Regular.ttf
xclip /etc/ld.so.cache
xclip /lib/x86_64-linux-gnu/libXmu.so.6
xclip /lib/x86_64-linux-gnu/libX11.so.6
xclip /lib/x86_64-linux-gnu/libc.so.6
xclip /lib/x86_64-linux-gnu/libXt.so.6
xclip /lib/x86_64-linux-gnu/libXext.so.6
xclip /lib/x86_64-linux-gnu/libxcb.so.1
xclip /lib/x86_64-linux-gnu/libSM.so.6
xclip /lib/x86_64-linux-gnu/libICE.so.6
xclip /lib/x86_64-linux-gnu/libXau.so.6
xclip /lib/x86_64-linux-gnu/libXdmcp.so.6
xclip /lib/x86_64-linux-gnu/libuuid.so.1
xclip /lib/x86_64-linux-gnu/libbsd.so.0
xclip /lib/x86_64-linux-gnu/libmd.so.0
xclip /usr/share/X11/locale/locale.alias
xclip /usr/share/X11/locale/locale.dir
xclip /usr/share/X11/locale/C/XLC_LOCALE
xclip /usr/share/X11/locale/locale.alias
xclip /usr/share/X11/locale/locale.dir
xclip /usr/share/X11/locale/C/XLC_LOCALE
Xvfb /proc/1348/cmdline
selkies /proc/stat
selkies /proc/meminfo
soffice.bin /config/.config/libreoffice/4/user/GraphicsRenderTests.log
soffice.bin /usr/lib/libreoffice/program/libstocserviceslo.so
soffice.bin /usr/share/icons/breeze/apps/16/libreoffice-startcenter.svg
soffice.bin /usr/lib/x86_64-linux-gnu/qt5/plugins/imageformats
soffice.bin /usr/lib/x86_64-linux-gnu/qt5/plugins/imageformats/libqgif.so
soffice.bin /usr/lib/x86_64-linux-gnu/qt5/plugins/imageformats/libqico.so
soffice.bin /usr/lib/x86_64-linux-gnu/qt5/plugins/imageformats/libqjpeg.so
soffice.bin /usr/lib/x86_64-linux-gnu/qt5/plugins/imageformats/libqsvg.so
soffice.bin /usr/lib/x86_64-linux-gnu/qt5/plugins/imageformats/libqgif.so.avx2
soffice.bin /usr/lib/x86_64-linux-gnu/qt5/plugins/imageformats/libqgif.so
soffice.bin /usr/lib/x86_64-linux-gnu/qt5/plugins/imageformats/libqico.so.avx2
soffice.bin /usr/lib/x86_64-linux-gnu/qt5/plugins/imageformats/libqico.so
soffice.bin /usr/lib/x86_64-linux-gnu/qt5/plugins/imageformats/libqjpeg.so.avx2
soffice.bin /usr/lib/x86_64-linux-gnu/qt5/plugins/imageformats/libqjpeg.so
soffice.bin /usr/lib/x86_64-linux-gnu/qt5/plugins/imageformats/libqsvg.so.avx2
soffice.bin /usr/lib/x86_64-linux-gnu/qt5/plugins/imageformats/libqsvg.so
soffice.bin /sys/devices/system/cpu/online
soffice.bin /usr/share/icons/breeze/apps/48/libreoffice-startcenter.svg
soffice.bin /usr/share/icons/breeze/apps/48/libreoffice-startcenter.svg
soffice.bin /usr/share/icons/breeze/apps/48/libreoffice-startcenter.svg
soffice.bin /usr/share/icons/breeze/apps/48/libreoffice-startcenter.svg
soffice.bin /usr/share/icons/breeze/apps/48/libreoffice-startcenter.svg
soffice.bin /usr/share/icons/breeze/apps/48/libreoffice-startcenter.svg
soffice.bin /usr/lib/libreoffice/program/libsdlo.so
soffice.bin /usr/lib/libreoffice/program/libicglo.so
soffice.bin /usr/lib/libreoffice/program/libooxlo.so
soffice.bin /usr/lib/libreoffice/program/libxmlsecurity.so
soffice.bin /usr/lib/libreoffice/program/libxsec_xmlsec.so
soffice.bin /usr/lib/libreoffice/program/libxmlsec1-nss.so.1
soffice.bin /etc/ld.so.cache
soffice.bin /lib/x86_64-linux-gnu/libxmlsec1-nss.so.1
soffice.bin /usr/lib/libreoffice/program/libxmlsec1.so.1
soffice.bin /lib/x86_64-linux-gnu/libxmlsec1.so.1
soffice.bin /usr/lib/libreoffice/program/resource//en_US/LC_MESSAGES/svx.mo
soffice.bin /usr/lib/libreoffice/program/resource//en/LC_MESSAGES/svx.mo
soffice.bin /usr/lib/libreoffice/program/resource//en_US/LC_MESSAGES/sd.mo
soffice.bin /usr/lib/libreoffice/program/resource//en/LC_MESSAGES/sd.mo
soffice.bin /usr/share/fonts/truetype/noto/NotoSansArabic-Regular.ttf
soffice.bin /usr/share/fonts/truetype/liberation/LiberationSerif-Regular.ttf
soffice.bin /usr/share/fonts/truetype/liberation/LiberationSerif-Regular.ttf
soffice.bin /usr/lib/libreoffice/share/config/soffice.cfg/simpress/layoutlist.xml
soffice.bin /usr/lib/libreoffice/share/config/soffice.cfg/simpress/objectlist.xml
soffice.bin /usr/share/fonts/truetype/noto/NotoSansDevanagari-Regular.ttf
soffice.bin /dev/urandom
soffice.bin /tmp/lu12471dk0v.tmp/lu1247{EBF08AE4-8AA3-4AFB-B281-FA06DEF8B5DE}.tmp
soffice.bin /usr/lib/libreoffice/share/config/soffice.cfg/simpress/styles.xml
soffice.bin /usr/lib/libreoffice/program/resource//en_US/LC_MESSAGES/sfx.mo
soffice.bin /usr/lib/libreoffice/program/resource//en/LC_MESSAGES/sfx.mo
soffice.bin /dev/urandom
soffice.bin /dev/urandom
sh /etc/ld.so.cache
sh /lib/x86_64-linux-gnu/libc.so.6
sh /dev/null
soffice.bin /usr/share/fonts/truetype/liberation/LiberationSans-Regular.ttf
soffice.bin /usr/share/fonts/truetype/liberation/LiberationSans-Regular.ttf
soffice.bin /usr/lib/libreoffice/program/resource//en_US/LC_MESSAGES/editeng.mo
soffice.bin /usr/lib/libreoffice/program/resource//en/LC_MESSAGES/editeng.mo
soffice.bin /usr/share/fonts/truetype/libreoffice/opens___.ttf
soffice.bin /usr/share/fonts/truetype/libreoffice/opens___.ttf
soffice.bin /usr/lib/libreoffice/program/libacclo.so
soffice.bin /usr/lib/libreoffice/share/config/soffice.cfg/svt/ui/scrollbars.ui
soffice.bin /usr/lib/libreoffice/share/config/soffice.cfg/svt/ui/scrollbars.ui
soffice.bin /usr/lib/libreoffice/share/config/soffice.cfg/svt/ui/tabbuttons.ui
soffice.bin /usr/lib/libreoffice/program/libucpchelp1.so
kwin_x11 /usr/share/kubuntu-default-settings/kf5-settings/breezerc
soffice.bin /usr/share/libreoffice/help//swriter.cfg
soffice.bin /usr/share/fonts/truetype/noto/NotoSans-Bold.ttf
soffice.bin /usr/share/fonts/truetype/noto/NotoSans-Bold.ttf
soffice.bin /usr/lib/libreoffice/program/libscnlo.so
soffice.bin /usr/lib/libreoffice/share/config/soffice.cfg/modules/simpress/ui/tabviewbar.ui
soffice.bin /usr/share/icons/breeze/apps/16/libreoffice-impress.svg
plasmashell /config/.local/share/kservices5
plasmashell /config/.local/share/mime
plasmashell /etc/xdg/menus
plasmashell /usr/local/share/kservices5
plasmashell /usr/local/share/mime
plasmashell /usr/share/kservices5
soffice.bin /usr/share/icons/breeze/apps/48/libreoffice-impress.svg
plasmashell /usr/share/kservices5/ServiceMenus
plasmashell /usr/share/kservices5/qimageioplugins
plasmashell /usr/share/kservices5/searchproviders
plasmashell /usr/share/mime
plasmashell /usr/share/mime/application
soffice.bin /usr/share/icons/breeze/apps/48/libreoffice-impress.svg
plasmashell /usr/share/mime/audio
plasmashell /usr/share/mime/chemical
soffice.bin /usr/share/icons/breeze/apps/48/libreoffice-impress.svg
plasmashell /usr/share/mime/font
plasmashell /usr/share/mime/image
plasmashell /usr/share/mime/inode
soffice.bin /usr/share/icons/breeze/apps/48/libreoffice-impress.svg
plasmashell /usr/share/mime/message
plasmashell /usr/share/mime/model
plasmashell /usr/share/mime/multipart
plasmashell /usr/share/mime/packages
soffice.bin /usr/share/icons/breeze/apps/48/libreoffice-impress.svg
plasmashell /usr/share/mime/text
plasmashell /usr/share/mime/video
plasmashell /usr/share/mime/x-content
plasmashell /usr/share/mime/x-epoc
soffice.bin /usr/share/icons/breeze/apps/48/libreoffice-impress.svg
plasmashell /proc/1247/environ
plasmashell /proc/1247/stat
plasmashell /etc/passwd
plasmashell /proc/1247/cmdline
soffice.bin /config/.config/libreoffice/4/user/config/soffice.cfg/modules/simpress/toolbar
soffice.bin /usr/lib/libreoffice/share/config/soffice.cfg/modules/simpress/toolbar
QQmlThread /usr/share/plasma/plasmoids/org.kde.plasma.taskmanager/contents/ui/inlinec
QQmlThread /config/.cache/plasmashell/qmlcache/3807403dffe42867d027edf93e6c2cc872923bac.
QQmlThread /usr/share/plasma/plasmoids/org.kde.plasma.taskmanager/contents/ui/GroupExpanderOverlay.qmlc
QQmlThread /config/.cache/plasmashell/qmlcache/bca21c2168a2062ac135a69ba48bc3166ca1f865.qmlc
QQmlThread /usr/share/plasma/plasmoids/org.kde.plasma.taskmanager/contents/ui/GroupExpanderOverlay.qml
soffice.bin /usr/lib/libreoffice/share/config
QQmlThread /config/.cache/plasmashell/qmlcache
QQmlThread /usr/share/plasma/plasmoids/org.kde.plasma.taskmanager/contents/ui/GroupExpanderOverlay.qmlc
QQmlThread /config/.cache/plasmashell/qmlcache/bca21c2168a2062ac135a69ba48bc3166ca1f865.qmlc
soffice.bin /config/.config/libreoffice/4/user/config/soffice.cfg/modules/simpress/toolbar
soffice.bin /usr/lib/libreoffice/share/config/soffice.cfg/modules/simpress/toolbar/toolbar.xml
plasmashell /proc/1247/environ
plasmashell /proc/1247/stat
plasmashell /etc/passwd
plasmashell /proc/1247/cmdline
soffice.bin /usr/lib/libreoffice/share/config/images_breeze.zip
soffice.bin /usr/lib/libreoffice/share/config/images_breeze.zip
soffice.bin /etc/passwd
soffice.bin /config/.config/libreoffice/4/cache/breeze/150/cmd/lc_config.png
soffice.bin /config/.config/libreoffice/4/cache/breeze/150/cmd/lc_config.png
soffice.bin /config/.config/libreoffice/4/cache/breeze/150/cmd/lc_convertinto3dlathefast.png
soffice.bin /config/.config/libreoffice/4/cache/breeze/150/cmd/lc_convertinto3dlathefast.png
soffice.bin /config/.config/libreoffice/4/cache/breeze/150/cmd/lc_convertinto3d.png
soffice.bin /config/.config/libreoffice/4/cache/breeze/150/cmd/lc_convertinto3d.png
soffice.bin /config/.config/libreoffice/4/cache/breeze/150/cmd/lc_changepolygon.png
soffice.bin /config/.config/libreoffice/4/cache/breeze/150/cmd/lc_changepolygon.png
soffice.bin /config/.config/libreoffice/4/cache/breeze/150/cmd/lc_glueeditmode.png
soffice.bin /config/.config/libreoffice/4/cache/breeze/150/cmd/lc_glueeditmode.png
soffice.bin /config/.config/libreoffice/4/cache/breeze/150/cmd/lc_verticaltext.png
soffice.bin /config/.config/libreoffice/4/cache/breeze/150/cmd/lc_verticaltext.png
soffice.bin /config/.config/libreoffice/4/cache/breeze/150/cmd/lc_connectortoolbox.png
soffice.bin /config/.config/libreoffice/4/cache/breeze/150/cmd/lc_connectortoolbox.png
soffice.bin /config/.config/libreoffice/4/cache/breeze/150/cmd/lc_arrowstoolbox.png
soffice.bin /config/.config/libreoffice/4/cache/breeze/150/cmd/lc_arrowstoolbox.png
soffice.bin /config/.config/libreoffice/4/cache/breeze/150/cmd/lc_extrusiontoggle.png
soffice.bin /config/.config/libreoffice/4/cache/breeze/150/cmd/lc_extrusiontoggle.png
soffice.bin /config/.config/libreoffice/4/cache/breeze/150/cmd/lc_basicshapes.ellipse.png
soffice.bin /config/.config/libreoffice/4/cache/breeze/150/cmd/lc_basicshapes.ellipse.png
soffice.bin /config/.config/libreoffice/4/cache/breeze/150/cmd/lc_line.png
soffice.bin /config/.config/libreoffice/4/cache/breeze/150/cmd/lc_line.png
soffice.bin /config/.config/libreoffice/4/cache/breeze/150/cmd/lc_basicshapes.rectangle.png
soffice.bin /config/.config/libreoffice/4/cache/breeze/150/cmd/lc_basicshapes.rectangle.png
soffice.bin /config/.config/libreoffice/4/cache/breeze/150/cmd/lc_calloutshapes.png
soffice.bin /config/.config/libreoffice/4/cache/breeze/150/cmd/lc_calloutshapes.png
soffice.bin /config/.config/libreoffice/4/cache/breeze/150/cmd/lc_linearrowend.png
soffice.bin /config/.config/libreoffice/4/cache/breeze/150/cmd/lc_linearrowend.png
soffice.bin /config/.config/libreoffice/4/cache/breeze/150/cmd/lc_zoomtoolbox.png
soffice.bin /config/.config/libreoffice/4/cache/breeze/150/cmd/lc_zoomtoolbox.png
soffice.bin /config/.config/libreoffice/4/cache/breeze/150/cmd/lc_inserttoolbox.png
soffice.bin /config/.config/libreoffice/4/cache/breeze/150/cmd/lc_inserttoolbox.png
soffice.bin /config/.config/libreoffice/4/cache/breeze/150/cmd/lc_crop.png
soffice.bin /config/.config/libreoffice/4/cache/breeze/150/cmd/lc_crop.png
soffice.bin /config/.config/libreoffice/4/cache/breeze/150/cmd/lc_text.png
soffice.bin /config/.config/libreoffice/4/cache/breeze/150/cmd/lc_text.png
soffice.bin /config/.config/libreoffice/4/cache/breeze/150/cmd/lc_xlinecolor.png
soffice.bin /config/.config/libreoffice/4/cache/breeze/150/cmd/lc_xlinecolor.png
soffice.bin /config/.config/libreoffice/4/cache/breeze/150/cmd/lc_fillcolor.png
soffice.bin /config/.config/libreoffice/4/cache/breeze/150/cmd/lc_fillcolor.png
soffice.bin /config/.config/libreoffice/4/cache/breeze/150/cmd/lc_linetoolbox.png
soffice.bin /config/.config/libreoffice/4/cache/breeze/150/cmd/lc_linetoolbox.png
soffice.bin /config/.config/libreoffice/4/cache/breeze/150/cmd/lc_basicshapes.png
soffice.bin /config/.config/libreoffice/4/cache/breeze/150/cmd/lc_basicshapes.png
soffice.bin /config/.config/libreoffice/4/cache/breeze/150/cmd/lc_zoommode.png
soffice.bin /config/.config/libreoffice/4/cache/breeze/150/cmd/lc_zoommode.png
soffice.bin /config/.config/libreoffice/4/cache/breeze/150/cmd/lc_graphicfiltertoolbox.png
soffice.bin /config/.config/libreoffice/4/cache/breeze/150/cmd/lc_graphicfiltertoolbox.png
soffice.bin /config/.config/libreoffice/4/cache/breeze/150/cmd/lc_fontworkgalleryfloater.png
soffice.bin /config/.config/libreoffice/4/cache/breeze/150/cmd/lc_fontworkgalleryfloater.png
soffice.bin /config/.config/libreoffice/4/cache/breeze/150/cmd/lc_selectobject.png
soffice.bin /config/.config/libreoffice/4/cache/breeze/150/cmd/lc_selectobject.png
soffice.bin /config/.config/libreoffice/4/cache/breeze/150/cmd/lc_objects3dtoolbox.png
soffice.bin /config/.config/libreoffice/4/cache/breeze/150/cmd/lc_objects3dtoolbox.png
soffice.bin /config/.config/libreoffice/4/cache/breeze/150/cmd/lc_symbolshapes.png
soffice.bin /config/.config/libreoffice/4/cache/breeze/150/cmd/lc_symbolshapes.png
soffice.bin /config/.config/libreoffice/4/cache/breeze/150/cmd/lc_fillshadow.png
soffice.bin /config/.config/libreoffice/4/cache/breeze/150/cmd/lc_fillshadow.png
soffice.bin /config/.config/libreoffice/4/cache/breeze/150/cmd/lc_toggleobjectrotatemode.png
soffice.bin /config/.config/libreoffice/4/cache/breeze/150/cmd/lc_toggleobjectrotatemode.png
soffice.bin /config/.config/libreoffice/4/cache/breeze/150/cmd/lc_objectposition.png
soffice.bin /config/.config/libreoffice/4/cache/breeze/150/cmd/lc_objectposition.png
soffice.bin /config/.config/libreoffice/4/cache/breeze/150/cmd/lc_transformdialog.png
soffice.bin /config/.config/libreoffice/4/cache/breeze/150/cmd/lc_transformdialog.png
configmgrWriter /config/.config/libreoffice/4/user/dCmVa0
soffice.bin /config/.config/libreoffice/4/cache/breeze/150/cmd/lc_arrowshapes.png
soffice.bin /config/.config/libreoffice/4/cache/breeze/150/cmd/lc_arrowshapes.png
soffice.bin /config/.config/libreoffice/4/cache/breeze/150/cmd/lc_changebezier.png
soffice.bin /config/.config/libreoffice/4/cache/breeze/150/cmd/lc_changebezier.png
soffice.bin /config/.config/libreoffice/4/cache/breeze/150/cmd/lc_flowchartshapes.png
soffice.bin /config/.config/libreoffice/4/cache/breeze/150/cmd/lc_flowchartshapes.png
soffice.bin /config/.config/libreoffice/4/cache/breeze/150/cmd/lc_starshapes.png
soffice.bin /config/.config/libreoffice/4/cache/breeze/150/cmd/lc_starshapes.png
soffice.bin /config/.config/libreoffice/4/cache/breeze/150/cmd/lc_objectalign.png
soffice.bin /config/.config/libreoffice/4/cache/breeze/150/cmd/lc_objectalign.png
soffice.bin /config/.config/libreoffice/4/cache/breeze/150/cmd/lc_mirror.png
soffice.bin /config/.config/libreoffice/4/cache/breeze/150/cmd/lc_mirror.png
QSGRenderThread /config/.cache/mesa_shader_cache/e0/5250706703def1507c2b08bc094ccc6ce02270
soffice.bin /config/.config/libreoffice/4/cache/breeze/150/cmd/lc_toggleobjectbeziermode.png
soffice.bin /config/.config/libreoffice/4/cache/breeze/150/cmd/lc_toggleobjectbeziermode.png
soffice.bin /config/.config/libreoffice/4/cache/breeze/150/cmd/lc_distributeselection.png
soffice.bin /config/.config/libreoffice/4/cache/breeze/150/cmd/lc_distributeselection.png
soffice.bin /config/.config/libreoffice/4/cache/breeze/150/cmd/lc_zoomplus.png
soffice.bin /config/.config/libreoffice/4/cache/breeze/150/cmd/lc_zoomplus.png
soffice.bin /config/.config/libreoffice/4/cache/breeze/150/cmd/lc_zoomtoolbox.png
soffice.bin /config/.config/libreoffice/4/cache/breeze/150/cmd/lc_zoomtoolbox.png
soffice.bin /config/.config/libreoffice/4/cache/breeze/150/cmd/lc_fillcolor.png
soffice.bin /config/.config/libreoffice/4/cache/breeze/150/cmd/lc_fillcolor.png
soffice.bin /config/.config/libreoffice/4/cache/breeze/150/cmd/lc_fillcolor.png
soffice.bin /config/.config/libreoffice/4/cache/breeze/150/cmd/lc_fillcolor.png
soffice.bin /config/.config/libreoffice/4/cache/breeze/150/cmd/lc_freeline_unfilled.png
soffice.bin /config/.config/libreoffice/4/cache/breeze/150/cmd/lc_freeline_unfilled.png
soffice.bin /config/.config/libreoffice/4/cache/breeze/150/cmd/lc_connector.png
soffice.bin /config/.config/libreoffice/4/cache/breeze/150/cmd/lc_connector.png
soffice.bin /config/.config/libreoffice/4/cache/breeze/150/cmd/lc_basicshapes.diamond.png
soffice.bin /config/.config/libreoffice/4/cache/breeze/150/cmd/lc_basicshapes.diamond.png
soffice.bin /config/.config/libreoffice/4/cache/breeze/150/cmd/lc_basicshapes.png
soffice.bin /config/.config/libreoffice/4/cache/breeze/150/cmd/lc_basicshapes.png
soffice.bin /config/.config/libreoffice/4/cache/breeze/150/cmd/lc_flowchartshapes.flowchart-internal-storage.png
soffice.bin /config/.config/libreoffice/4/cache/breeze/150/cmd/lc_flowchartshapes.flowchart-internal-storage.png
soffice.bin /config/.config/libreoffice/4/cache/breeze/150/cmd/lc_flowchartshapes.png
soffice.bin /config/.config/libreoffice/4/cache/breeze/150/cmd/lc_flowchartshapes.png
soffice.bin /config/.config/libreoffice/4/cache/breeze/150/cmd/lc_starshapes.star5.png
soffice.bin /config/.config/libreoffice/4/cache/breeze/150/cmd/lc_starshapes.star5.png
soffice.bin /config/.config/libreoffice/4/cache/breeze/150/cmd/lc_cube.png
soffice.bin /config/.config/libreoffice/4/cache/breeze/150/cmd/lc_cube.png
soffice.bin /config/.config/libreoffice/4/cache/breeze/150/cmd/lc_objectalignleft.png
soffice.bin /config/.config/libreoffice/4/cache/breeze/150/cmd/lc_objectalignleft.png
soffice.bin /config/.config/libreoffice/4/cache/breeze/150/cmd/lc_bringtofront.png
soffice.bin /config/.config/libreoffice/4/cache/breeze/150/cmd/lc_bringtofront.png
soffice.bin /config/.config/libreoffice/4/cache/breeze/150/cmd/lc_insertobjectchart.png
soffice.bin /config/.config/libreoffice/4/cache/breeze/150/cmd/lc_insertobjectchart.png
soffice.bin /config/.config/libreoffice/4/cache/breeze/150/cmd/lc_inserttoolbox.png
soffice.bin /config/.config/libreoffice/4/cache/breeze/150/cmd/lc_inserttoolbox.png
soffice.bin /config/.config/libreoffice/4/cache/breeze/150/cmd/lc_zoommode.png
soffice.bin /config/.config/libreoffice/4/cache/breeze/150/cmd/lc_zoommode.png
soffice.bin /config/.config/libreoffice/4/cache/breeze/150/cmd/lc_zoomplus.png
soffice.bin /config/.config/libreoffice/4/cache/breeze/150/cmd/lc_zoomplus.png
soffice.bin /config/.config/libreoffice/4/cache/breeze/150/cmd/lc_basicshapes.rectangle.png
soffice.bin /config/.config/libreoffice/4/cache/breeze/150/cmd/lc_basicshapes.rectangle.png
soffice.bin /config/.config/libreoffice/4/cache/breeze/150/cmd/lc_basicshapes.ellipse.png
soffice.bin /config/.config/libreoffice/4/cache/breeze/150/cmd/lc_basicshapes.ellipse.png
soffice.bin /config/.config/libreoffice/4/cache/breeze/150/cmd/lc_graphicfiltertoolbox.png
soffice.bin /config/.config/libreoffice/4/cache/breeze/150/cmd/lc_graphicfiltertoolbox.png
soffice.bin /config/.config/libreoffice/4/cache/breeze/150/cmd/lc_convertinto3dlathefast.png
soffice.bin /config/.config/libreoffice/4/cache/breeze/150/cmd/lc_convertinto3dlathefast.png
soffice.bin /config/.config/libreoffice/4/cache/breeze/150/cmd/lc_insertobjectchart.png
soffice.bin /config/.config/libreoffice/4/cache/breeze/150/cmd/lc_insertobjectchart.png
soffice.bin /config/.config/libreoffice/4/user/config/soffice.cfg/modules/simpress/menubar
soffice.bin /usr/lib/libreoffice/share/config/soffice.cfg/modules/simpress/menubar
soffice.bin /usr/lib/libreoffice/share/config/soffice.cfg/modules/simpress/menubar/menubar.xml
plasmas:disk$0 /config/.cache/mesa_shader_cache/e0/5250706703def1507c2b08bc094ccc6ce02270.tmp
plasmas:disk$0 /config/.cache/mesa_shader_cache/e0/5250706703def1507c2b08bc094ccc6ce02270.tmp
QSGRenderThread /config/.cache/mesa_shader_cache/80/d3e9ca504a454f9a419ed0ad80fe8045218ede
plasmas:disk$0 /config/.cache/mesa_shader_cache/e0/5250706703def1507c2b08bc094ccc6ce02270
QSGRenderThread /config/.cache/mesa_shader_cache/4f/56a27cad663faae24d17aa6ca9ee29809ad158
soffice.bin /config/.config/libreoffice/4/cache/breeze/150/vcl/res/closedoc.png
soffice.bin /config/.config/libreoffice/4/cache/breeze/150/vcl/res/closedoc.png
soffice.bin /usr/lib/libreoffice/program/resource//en_US/LC_MESSAGES/vcl.mo
soffice.bin /usr/lib/libreoffice/program/resource//en/LC_MESSAGES/vcl.mo
soffice.bin /config/.config/libreoffice/4/cache/breeze/150/cmd/sc_adddirect.png
soffice.bin /config/.config/libreoffice/4/cache/breeze/150/cmd/sc_adddirect.png
soffice.bin /config/.config/libreoffice/4/cache/breeze/150/cmd/sc_open.png
soffice.bin /config/.config/libreoffice/4/cache/breeze/150/cmd/sc_open.png
soffice.bin /config/.config/libreoffice/4/cache/breeze/150/cmd/sc_recentfilelist.png
soffice.bin /config/.config/libreoffice/4/cache/breeze/150/cmd/sc_recentfilelist.png
soffice.bin /config/.config/libreoffice/4/cache/breeze/150/cmd/sc_closedoc.png
soffice.bin /config/.config/libreoffice/4/cache/breeze/150/cmd/sc_closedoc.png
soffice.bin /config/.config/libreoffice/4/cache/breeze/150/cmd/sc_templatemenu.png
soffice.bin /config/.config/libreoffice/4/cache/breeze/150/cmd/sc_templatemenu.png
soffice.bin /config/.config/libreoffice/4/cache/breeze/150/cmd/sc_templatemenu.png
soffice.bin /config/.config/libreoffice/4/cache/breeze/150/cmd/sc_templatemenu.png
soffice.bin /config/.config/libreoffice/4/cache/breeze/150/cmd/sc_save.png
soffice.bin /config/.config/libreoffice/4/cache/breeze/150/cmd/sc_save.png
soffice.bin /config/.config/libreoffice/4/cache/breeze/150/cmd/sc_saveas.png
soffice.bin /config/.config/libreoffice/4/cache/breeze/150/cmd/sc_saveas.png
soffice.bin /config/.config/libreoffice/4/cache/breeze/150/cmd/sc_exportto.png
soffice.bin /config/.config/libreoffice/4/cache/breeze/150/cmd/sc_exportto.png
soffice.bin /config/.config/libreoffice/4/cache/breeze/150/cmd/sc_sendtomenu.png
soffice.bin /usr/lib/libreoffice/share/config/images_colibre.zip
soffice.bin /usr/lib/libreoffice/share/config/images_colibre.zip
plasmas:disk$0 /config/.cache/mesa_shader_cache/4f/56a27cad663faae24d17aa6ca9ee29809ad158.tmp
QSGRenderThread /config/.cache/mesa_shader_cache/f7/a7b31ba35bed97603b63033fbe87f08a14666b
plasmas:disk$0 /config/.cache/mesa_shader_cache/4f/56a27cad663faae24d17aa6ca9ee29809ad158.tmp
plasmas:disk$0 /config/.cache/mesa_shader_cache/4f/56a27cad663faae24d17aa6ca9ee29809ad158
plasmas:disk$0 /config/.cache/mesa_shader_cache/f7/a7b31ba35bed97603b63033fbe87f08a14666b.tmp
plasmas:disk$0 /config/.cache/mesa_shader_cache/f7/a7b31ba35bed97603b63033fbe87f08a14666b.tmp
plasmas:disk$0 /config/.cache/mesa_shader_cache/f7/a7b31ba35bed97603b63033fbe87f08a14666b
soffice.bin /config/.config/libreoffice/4/cache/colibre/150/cmd/sc_sendtomenu.png
soffice.bin /config/.config/libreoffice/4/cache/breeze/150/cmd/sc_print.png
soffice.bin /config/.config/libreoffice/4/cache/breeze/150/cmd/sc_print.png
soffice.bin /config/.config/libreoffice/4/cache/breeze/150/cmd/sc_setdocumentproperties.png
soffice.bin /config/.config/libreoffice/4/cache/breeze/150/cmd/sc_setdocumentproperties.png
soffice.bin /config/.config/libreoffice/4/cache/breeze/150/cmd/sc_signaturesmenu.png
soffice.bin /config/.config/libreoffice/4/cache/colibre/150/cmd/sc_signaturesmenu.png
soffice.bin /config/.config/libreoffice/4/cache/breeze/150/cmd/sc_quit.png
soffice.bin /config/.config/libreoffice/4/cache/breeze/150/cmd/sc_quit.png
soffice.bin /config/.config/libreoffice/4/cache/breeze/150/res/sx03251.png
soffice.bin /config/.config/libreoffice/4/cache/breeze/150/res/sx03251.png
soffice.bin /config/.config/libreoffice/4/cache/breeze/150/res/sx03250.png
soffice.bin /config/.config/libreoffice/4/cache/breeze/150/res/sx03250.png
soffice.bin /config/.config/libreoffice/4/cache/breeze/150/res/sx03249.png
soffice.bin /config/.config/libreoffice/4/cache/breeze/150/res/sx03249.png
soffice.bin /config/.config/libreoffice/4/cache/breeze/150/res/sx03246.png
soffice.bin /config/.config/libreoffice/4/cache/breeze/150/res/sx03246.png
soffice.bin /config/.config/libreoffice/4/cache/breeze/150/res/sx03139.png
soffice.bin /config/.config/libreoffice/4/cache/breeze/150/res/sx03139.png
soffice.bin /config/.config/libreoffice/4/cache/breeze/150/res/sx03255.png
soffice.bin /config/.config/libreoffice/4/cache/breeze/150/res/sx03255.png
soffice.bin /config/.config/libreoffice/4/cache/breeze/150/res/sx03248.png
soffice.bin /config/.config/libreoffice/4/cache/breeze/150/res/sx03248.png
soffice.bin /config/.config/libreoffice/4/cache/breeze/150/cmd/sc_newdoc.png
soffice.bin /config/.config/libreoffice/4/cache/breeze/150/cmd/sc_newdoc.png
soffice.bin /config/.config/libreoffice/4/cache/breeze/150/cmd/sc_undo.png
soffice.bin /config/.config/libreoffice/4/cache/breeze/150/cmd/sc_undo.png
soffice.bin /config/.config/libreoffice/4/cache/breeze/150/cmd/sc_redo.png
soffice.bin /config/.config/libreoffice/4/cache/breeze/150/cmd/sc_redo.png
soffice.bin /config/.config/libreoffice/4/cache/breeze/150/cmd/sc_cut.png
soffice.bin /config/.config/libreoffice/4/cache/breeze/150/cmd/sc_cut.png
soffice.bin /config/.config/libreoffice/4/cache/breeze/150/cmd/sc_copy.png
soffice.bin /config/.config/libreoffice/4/cache/breeze/150/cmd/sc_copy.png
soffice.bin /config/.config/libreoffice/4/cache/breeze/150/cmd/sc_paste.png
soffice.bin /config/.config/libreoffice/4/cache/breeze/150/cmd/sc_paste.png
soffice.bin /config/.config/libreoffice/4/cache/breeze/150/cmd/sc_pastespecialmenu.png
soffice.bin /config/.config/libreoffice/4/cache/breeze/150/cmd/sc_pastespecialmenu.png
soffice.bin /config/.config/libreoffice/4/cache/breeze/150/cmd/sc_pastespecialmenu.png
soffice.bin /config/.config/libreoffice/4/cache/breeze/150/cmd/sc_pastespecialmenu.png
soffice.bin /config/.config/libreoffice/4/cache/breeze/150/cmd/sc_copyobjects.png
soffice.bin /config/.config/libreoffice/4/cache/breeze/150/cmd/sc_copyobjects.png
soffice.bin /config/.config/libreoffice/4/cache/breeze/150/cmd/sc_selectall.png
soffice.bin /config/.config/libreoffice/4/cache/breeze/150/cmd/sc_selectall.png
soffice.bin /config/.config/libreoffice/4/cache/breeze/150/cmd/sc_focustofindbar.png
soffice.bin /config/.config/libreoffice/4/cache/breeze/150/cmd/sc_focustofindbar.png
soffice.bin /config/.config/libreoffice/4/cache/breeze/150/cmd/sc_focustofindbar.png
soffice.bin /config/.config/libreoffice/4/cache/breeze/150/cmd/sc_focustofindbar.png
soffice.bin /config/.config/libreoffice/4/cache/breeze/150/cmd/sc_toggleobjectbeziermode.png
soffice.bin /config/.config/libreoffice/4/cache/breeze/150/cmd/sc_toggleobjectbeziermode.png
soffice.bin /config/.config/libreoffice/4/cache/breeze/150/cmd/sc_glueeditmode.png
soffice.bin /config/.config/libreoffice/4/cache/breeze/150/cmd/sc_glueeditmode.png
soffice.bin /config/.config/libreoffice/4/cache/breeze/150/cmd/sc_pasteunformatted.png
soffice.bin /config/.config/libreoffice/4/cache/breeze/150/cmd/sc_pasteunformatted.png
soffice.bin /config/.config/libreoffice/4/cache/breeze/150/cmd/sc_pastespecial.png
xclip /etc/ld.so.cache
xclip /lib/x86_64-linux-gnu/libXmu.so.6
soffice.bin /config/.config/libreoffice/4/cache/breeze/150/cmd/sc_pastespecial.png
xclip /lib/x86_64-linux-gnu/libX11.so.6
xclip /lib/x86_64-linux-gnu/libc.so.6
xclip /lib/x86_64-linux-gnu/libXt.so.6
xclip /lib/x86_64-linux-gnu/libXext.so.6
xclip /lib/x86_64-linux-gnu/libxcb.so.1
xclip /lib/x86_64-linux-gnu/libSM.so.6
xclip /lib/x86_64-linux-gnu/libICE.so.6
xclip /lib/x86_64-linux-gnu/libXau.so.6
xclip /lib/x86_64-linux-gnu/libXdmcp.so.6
xclip /lib/x86_64-linux-gnu/libuuid.so.1
xclip /lib/x86_64-linux-gnu/libbsd.so.0
xclip /lib/x86_64-linux-gnu/libmd.so.0
xclip /usr/share/X11/locale/locale.alias
xclip /usr/share/X11/locale/locale.dir
soffice.bin /config/.config/libreoffice/4/cache/breeze/150/cmd/sc_normalmultipanegui.png
xclip /usr/share/X11/locale/C/XLC_LOCALE
soffice.bin /config/.config/libreoffice/4/cache/breeze/150/cmd/sc_normalmultipanegui.png
xclip /usr/share/X11/locale/locale.alias
soffice.bin /config/.config/libreoffice/4/cache/breeze/150/cmd/sc_outlinemode.png
xclip /usr/share/X11/locale/locale.dir
soffice.bin /config/.config/libreoffice/4/cache/breeze/150/cmd/sc_outlinemode.png
xclip /usr/share/X11/locale/C/XLC_LOCALE
Xvfb /proc/1387/cmdline
soffice.bin /config/.config/libreoffice/4/cache/breeze/150/cmd/sc_notesmode.png
soffice.bin /config/.config/libreoffice/4/cache/breeze/150/cmd/sc_notesmode.png
soffice.bin /config/.config/libreoffice/4/cache/breeze/150/cmd/sc_diamode.png
soffice.bin /config/.config/libreoffice/4/cache/breeze/150/cmd/sc_diamode.png
soffice.bin /config/.config/libreoffice/4/cache/breeze/150/cmd/sc_slidemasterpage.png
soffice.bin /config/.config/libreoffice/4/cache/breeze/150/cmd/sc_slidemasterpage.png
soffice.bin /config/.config/libreoffice/4/cache/breeze/150/cmd/sc_notesmasterpage.png
soffice.bin /config/.config/libreoffice/4/cache/breeze/150/cmd/sc_notesmasterpage.png
soffice.bin /config/.config/libreoffice/4/cache/breeze/150/cmd/sc_handoutmode.png
soffice.bin /config/.config/libreoffice/4/cache/breeze/150/cmd/sc_handoutmode.png
soffice.bin /config/.config/libreoffice/4/cache/breeze/150/cmd/sc_toolbarmodeui.png
soffice.bin /config/.config/libreoffice/4/cache/colibre/150/cmd/sc_toolbarmodeui.png
soffice.bin /config/.config/libreoffice/4/cache/breeze/150/cmd/sc_showruler.png
soffice.bin /config/.config/libreoffice/4/cache/breeze/150/cmd/sc_showruler.png
soffice.bin /config/.config/libreoffice/4/cache/breeze/150/cmd/sc_showruler.png
soffice.bin /config/.config/libreoffice/4/cache/breeze/150/cmd/sc_showruler.png
soffice.bin /config/.config/libreoffice/4/cache/breeze/150/cmd/sc_gridmenu.png
soffice.bin /config/.config/libreoffice/4/cache/breeze/150/cmd/sc_gridmenu.png
soffice.bin /config/.config/libreoffice/4/cache/breeze/150/cmd/sc_gridmenu.png
soffice.bin /config/.config/libreoffice/4/cache/breeze/150/cmd/sc_gridmenu.png
soffice.bin /config/.config/libreoffice/4/cache/breeze/150/cmd/sc_snaplinesmenu.png
soffice.bin /config/.config/libreoffice/4/cache/colibre/150/cmd/sc_snaplinesmenu.png
soffice.bin /config/.config/libreoffice/4/cache/breeze/150/cmd/sc_showannotations.png
soffice.bin /config/.config/libreoffice/4/cache/breeze/150/cmd/sc_showannotations.png
soffice.bin /config/.config/libreoffice/4/cache/breeze/150/cmd/sc_showannotations.png
soffice.bin /config/.config/libreoffice/4/cache/breeze/150/cmd/sc_showannotations.png
soffice.bin /config/.config/libreoffice/4/cache/breeze/150/cmd/sc_displayqualitymenu.png
soffice.bin /config/.config/libreoffice/4/cache/colibre/150/cmd/sc_displayqualitymenu.png
soffice.bin /config/.config/libreoffice/4/cache/breeze/150/cmd/sc_sidebar.png
soffice.bin /config/.config/libreoffice/4/cache/breeze/150/cmd/sc_sidebar.png
soffice.bin /config/.config/libreoffice/4/cache/breeze/150/cmd/sc_modifypage.png
soffice.bin /config/.config/libreoffice/4/cache/breeze/150/cmd/sc_modifypage.png
soffice.bin /config/.config/libreoffice/4/cache/breeze/150/cmd/sc_modifypage.png
soffice.bin /config/.config/libreoffice/4/cache/breeze/150/cmd/sc_modifypage.png
soffice.bin /config/.config/libreoffice/4/cache/breeze/150/cmd/sc_slidechangewindow.png
soffice.bin /config/.config/libreoffice/4/cache/breeze/150/cmd/sc_slidechangewindow.png
soffice.bin /config/.config/libreoffice/4/cache/breeze/150/cmd/sc_customanimation.png
soffice.bin /config/.config/libreoffice/4/cache/breeze/150/cmd/sc_customanimation.png
soffice.bin /config/.config/libreoffice/4/cache/breeze/150/cmd/sc_customanimation.png
soffice.bin /config/.config/libreoffice/4/cache/breeze/150/cmd/sc_customanimation.png
soffice.bin /config/.config/libreoffice/4/cache/breeze/150/cmd/sc_viewsidebarstyles.png
soffice.bin /config/.config/libreoffice/4/cache/breeze/150/cmd/sc_viewsidebarstyles.png
soffice.bin /config/.config/libreoffice/4/cache/breeze/150/cmd/sc_viewsidebarstyles.png
soffice.bin /config/.config/libreoffice/4/cache/breeze/150/cmd/sc_viewsidebarstyles.png
soffice.bin /config/.config/libreoffice/4/cache/breeze/150/cmd/sc_gallery.png
plasmashell /usr/share/icons/breeze/apps/48/system-file-manager.svg
soffice.bin /config/.config/libreoffice/4/cache/breeze/150/cmd/sc_gallery.png
soffice.bin /config/.config/libreoffice/4/cache/breeze/150/cmd/sc_navigator.png
soffice.bin /config/.config/libreoffice/4/cache/breeze/150/cmd/sc_navigator.png
soffice.bin /config/.config/libreoffice/4/cache/breeze/150/cmd/sc_zoompanning.png
soffice.bin /config/.config/libreoffice/4/cache/breeze/150/cmd/sc_zoompanning.png
soffice.bin /config/.config/libreoffice/4/cache/breeze/150/cmd/sc_zoommenu.png
soffice.bin /config/.config/libreoffice/4/cache/breeze/150/cmd/sc_zoommenu.png
soffice.bin /config/.config/libreoffice/4/cache/breeze/150/cmd/sc_zoommenu.png
soffice.bin /config/.config/libreoffice/4/cache/breeze/150/cmd/sc_zoommenu.png
soffice.bin /config/.config/libreoffice/4/user/config/soffice.cfg/modules/simpress/toolbar
plasmashell /usr/share/icons/breeze/apps/48/utilities-terminal.svg
soffice.bin /config/.config/libreoffice/4/cache/breeze/150/cmd/sc_configuredialog.png
soffice.bin /config/.config/libreoffice/4/cache/breeze/150/cmd/sc_configuredialog.png
soffice.bin /config/.config/libreoffice/4/cache/breeze/150/cmd/sc_toolbarlock.png
soffice.bin /config/.config/libreoffice/4/cache/colibre/150/cmd/sc_toolbarlock.png
soffice.bin /config/.config/libreoffice/4/user/config/soffice.cfg/modules/simpress/toolbar
soffice.bin /config/.config/libreoffice/4/cache/breeze/150/cmd/sc_toolbarlock.png
soffice.bin /config/.config/libreoffice/4/cache/colibre/150/cmd/sc_toolbarlock.png
soffice.bin /config/.config/libreoffice/4/cache/breeze/150/cmd/sc_gridvisible.png
soffice.bin /config/.config/libreoffice/4/cache/breeze/150/cmd/sc_gridvisible.png
soffice.bin /config/.config/libreoffice/4/cache/breeze/150/cmd/sc_gridfront.png
soffice.bin /config/.config/libreoffice/4/cache/colibre/150/cmd/sc_gridfront.png
soffice.bin /config/.config/libreoffice/4/cache/breeze/150/cmd/sc_helplinesmove.png
soffice.bin /config/.config/libreoffice/4/cache/breeze/150/cmd/sc_helplinesmove.png
soffice.bin /config/.config/libreoffice/4/cache/breeze/150/cmd/sc_helplinesvisible.png
soffice.bin /config/.config/libreoffice/4/cache/breeze/150/cmd/sc_helplinesvisible.png
soffice.bin /config/.config/libreoffice/4/cache/breeze/150/cmd/sc_helplinesfront.png
soffice.bin /config/.config/libreoffice/4/cache/colibre/150/cmd/sc_helplinesfront.png
soffice.bin /config/.config/libreoffice/4/cache/breeze/150/cmd/sc_griduse.png
soffice.bin /config/.config/libreoffice/4/cache/breeze/150/cmd/sc_griduse.png
soffice.bin /config/.config/libreoffice/4/cache/breeze/150/cmd/sc_helplinesuse.png
soffice.bin /config/.config/libreoffice/4/cache/breeze/150/cmd/sc_helplinesuse.png
soffice.bin /config/.config/libreoffice/4/cache/breeze/150/cmd/sc_snapframe.png
soffice.bin /config/.config/libreoffice/4/cache/breeze/150/cmd/sc_snapframe.png
soffice.bin /config/.config/libreoffice/4/cache/breeze/150/cmd/sc_snappoints.png
soffice.bin /config/.config/libreoffice/4/cache/breeze/150/cmd/sc_snappoints.png
soffice.bin /config/.config/libreoffice/4/cache/breeze/150/cmd/sc_snapborder.png
plasmashell /usr/share/icons/hicolor/32x32/apps/thunderbird.png
soffice.bin /config/.config/libreoffice/4/cache/breeze/150/cmd/sc_snapborder.png
soffice.bin /config/.config/libreoffice/4/cache/breeze/150/cmd/sc_outputqualitycolor.png
soffice.bin /config/.config/libreoffice/4/cache/breeze/150/cmd/sc_outputqualitycolor.png
soffice.bin /config/.config/libreoffice/4/cache/breeze/150/cmd/sc_outputqualitygrayscale.png
soffice.bin /config/.config/libreoffice/4/cache/breeze/150/cmd/sc_outputqualitygrayscale.png
soffice.bin /config/.config/libreoffice/4/cache/breeze/150/cmd/sc_outputqualitygrayscale.png
soffice.bin /config/.config/libreoffice/4/cache/breeze/150/cmd/sc_outputqualitygrayscale.png
soffice.bin /config/.config/libreoffice/4/cache/breeze/150/cmd/sc_outputqualityblackwhite.png
soffice.bin /config/.config/libreoffice/4/cache/breeze/150/cmd/sc_outputqualityblackwhite.png
soffice.bin /config/.config/libreoffice/4/cache/breeze/150/cmd/sc_zoompage.png
soffice.bin /config/.config/libreoffice/4/cache/breeze/150/cmd/sc_zoompage.png
soffice.bin /config/.config/libreoffice/4/cache/breeze/150/cmd/sc_zoompagewidth.png
soffice.bin /config/.config/libreoffice/4/cache/breeze/150/cmd/sc_zoompagewidth.png
soffice.bin /config/.config/libreoffice/4/cache/breeze/150/cmd/sc_zoomoptimal.png
soffice.bin /config/.config/libreoffice/4/cache/breeze/150/cmd/sc_zoomoptimal.png
soffice.bin /config/.config/libreoffice/4/cache/breeze/150/cmd/sc_zoom50percent.png
soffice.bin /config/.config/libreoffice/4/cache/colibre/150/cmd/sc_zoom50percent.png
soffice.bin /config/.config/libreoffice/4/cache/breeze/150/cmd/sc_zoom100percent.png
soffice.bin /config/.config/libreoffice/4/cache/breeze/150/cmd/sc_zoom100percent.png
soffice.bin /config/.config/libreoffice/4/cache/breeze/150/cmd/sc_zoom100percent.png
soffice.bin /config/.config/libreoffice/4/cache/breeze/150/cmd/sc_zoom100percent.png
soffice.bin /config/.config/libreoffice/4/cache/breeze/150/cmd/sc_zoom200percent.png
soffice.bin /config/.config/libreoffice/4/cache/colibre/150/cmd/sc_zoom200percent.png
soffice.bin /config/.config/libreoffice/4/cache/breeze/150/cmd/sc_zoomprevious.png
soffice.bin /config/.config/libreoffice/4/cache/breeze/150/cmd/sc_zoomprevious.png
soffice.bin /config/.config/libreoffice/4/cache/breeze/150/cmd/sc_zoomnext.png
soffice.bin /config/.config/libreoffice/4/cache/breeze/150/cmd/sc_zoomnext.png
soffice.bin /config/.config/libreoffice/4/cache/breeze/150/cmd/sc_zoomobjects.png
soffice.bin /config/.config/libreoffice/4/cache/breeze/150/cmd/sc_zoomobjects.png
soffice.bin /config/.config/libreoffice/4/user/config/soffice.cfg/modules/simpress/toolbar
soffice.bin /config/.config/libreoffice/4/cache/breeze/150/cmd/sc_toolbarlock.png
soffice.bin /config/.config/libreoffice/4/cache/colibre/150/cmd/sc_toolbarlock.png
soffice.bin /config/.config/libreoffice/4/cache/breeze/150/cmd/sc_insertgraphic.png
soffice.bin /config/.config/libreoffice/4/cache/breeze/150/cmd/sc_insertgraphic.png
soffice.bin /config/.config/libreoffice/4/cache/breeze/150/cmd/sc_insertavmedia.png
soffice.bin /config/.config/libreoffice/4/cache/breeze/150/cmd/sc_insertavmedia.png
soffice.bin /config/.config/libreoffice/4/cache/breeze/150/cmd/sc_insertavmedia.png
soffice.bin /config/.config/libreoffice/4/cache/breeze/150/cmd/sc_insertavmedia.png
soffice.bin /config/.config/libreoffice/4/cache/breeze/150/cmd/sc_insertobjectchart.png
soffice.bin /config/.config/libreoffice/4/cache/breeze/150/cmd/sc_insertobjectchart.png
soffice.bin /config/.config/libreoffice/4/cache/breeze/150/cmd/sc_insertobjectchart.png
soffice.bin /config/.config/libreoffice/4/cache/breeze/150/cmd/sc_insertobjectchart.png
soffice.bin /config/.config/libreoffice/4/cache/breeze/150/cmd/sc_inserttable.png
soffice.bin /config/.config/libreoffice/4/cache/breeze/150/cmd/sc_inserttable.png
soffice.bin /config/.config/libreoffice/4/cache/breeze/150/cmd/sc_graphicmenu.png
soffice.bin /config/.config/libreoffice/4/cache/breeze/150/cmd/sc_graphicmenu.png
soffice.bin /config/.config/libreoffice/4/cache/breeze/150/cmd/sc_graphicmenu.png
soffice.bin /config/.config/libreoffice/4/cache/breeze/150/cmd/sc_graphicmenu.png
soffice.bin /config/.config/libreoffice/4/cache/breeze/150/cmd/sc_shapesmenu.png
soffice.bin /config/.config/libreoffice/4/cache/breeze/150/cmd/sc_shapesmenu.png
soffice.bin /config/.config/libreoffice/4/cache/breeze/150/cmd/sc_shapesmenu.png
soffice.bin /config/.config/libreoffice/4/cache/breeze/150/cmd/sc_shapesmenu.png
soffice.bin /config/.config/libreoffice/4/cache/breeze/150/cmd/sc_text.png
soffice.bin /config/.config/libreoffice/4/cache/breeze/150/cmd/sc_text.png
soffice.bin /config/.config/libreoffice/4/cache/breeze/150/cmd/sc_insertannotation.png
soffice.bin /config/.config/libreoffice/4/cache/breeze/150/cmd/sc_insertannotation.png
soffice.bin /config/.config/libreoffice/4/cache/breeze/150/cmd/sc_fontworkgalleryfloater.png
soffice.bin /config/.config/libreoffice/4/cache/breeze/150/cmd/sc_fontworkgalleryfloater.png
soffice.bin /config/.config/libreoffice/4/cache/breeze/150/cmd/sc_hyperlinkdialog.png
soffice.bin /config/.config/libreoffice/4/cache/breeze/150/cmd/sc_hyperlinkdialog.png
soffice.bin /config/.config/libreoffice/4/cache/breeze/150/cmd/sc_hyperlinkdialog.png
soffice.bin /config/.config/libreoffice/4/cache/breeze/150/cmd/sc_hyperlinkdialog.png
soffice.bin /config/.config/libreoffice/4/cache/breeze/150/cmd/sc_insertsymbol.png
soffice.bin /config/.config/libreoffice/4/cache/breeze/150/cmd/sc_insertsymbol.png
soffice.bin /config/.config/libreoffice/4/cache/breeze/150/cmd/sc_formattingmarkmenu.png
soffice.bin /config/.config/libreoffice/4/cache/colibre/150/cmd/sc_formattingmarkmenu.png
soffice.bin /config/.config/libreoffice/4/cache/breeze/150/cmd/sc_insertslidefield.png
soffice.bin /config/.config/libreoffice/4/cache/breeze/150/cmd/sc_insertslidefield.png
soffice.bin /config/.config/libreoffice/4/cache/breeze/150/cmd/sc_insertslidefield.png
soffice.bin /config/.config/libreoffice/4/cache/breeze/150/cmd/sc_insertslidefield.png
soffice.bin /config/.config/libreoffice/4/cache/breeze/150/cmd/sc_fieldmenu.png
soffice.bin /config/.config/libreoffice/4/cache/breeze/150/cmd/sc_fieldmenu.png
soffice.bin /config/.config/libreoffice/4/cache/breeze/150/cmd/sc_fieldmenu.png
soffice.bin /config/.config/libreoffice/4/cache/breeze/150/cmd/sc_fieldmenu.png
soffice.bin /config/.config/libreoffice/4/cache/breeze/150/cmd/sc_insertformmenu.png
soffice.bin /config/.config/libreoffice/4/cache/breeze/150/cmd/sc_insertformmenu.png
soffice.bin /config/.config/libreoffice/4/cache/breeze/150/cmd/sc_insertformmenu.png
soffice.bin /config/.config/libreoffice/4/cache/breeze/150/cmd/sc_insertformmenu.png
soffice.bin /config/.config/libreoffice/4/cache/breeze/150/cmd/sc_photoalbumdialog.png
soffice.bin /config/.config/libreoffice/4/cache/breeze/150/cmd/sc_photoalbumdialog.png
soffice.bin /config/.config/libreoffice/4/cache/breeze/150/cmd/sc_scan.png
soffice.bin /config/.config/libreoffice/4/cache/colibre/150/cmd/sc_scan.png
soffice.bin /config/.config/libreoffice/4/cache/colibre/150/cmd/sc_scan.png
soffice.bin /config/.config/libreoffice/4/cache/breeze/150/cmd/sc_scan.png
soffice.bin /config/.config/libreoffice/4/cache/breeze/150/cmd/sc_animationobjects.png
soffice.bin /config/.config/libreoffice/4/cache/breeze/150/cmd/sc_animationobjects.png
soffice.bin /config/.config/libreoffice/4/cache/breeze/150/cmd/sc_twainselect.png
soffice.bin /config/.config/libreoffice/4/cache/colibre/150/cmd/sc_twainselect.png
soffice.bin /config/.config/libreoffice/4/cache/breeze/150/cmd/sc_insertmath.png
soffice.bin /config/.config/libreoffice/4/cache/breeze/150/cmd/sc_insertmath.png
soffice.bin /config/.config/libreoffice/4/cache/breeze/150/cmd/sc_insertqrcode.png
soffice.bin /config/.config/libreoffice/4/cache/breeze/150/cmd/sc_insertqrcode.png
soffice.bin /config/.config/libreoffice/4/cache/breeze/150/cmd/sc_insertobject.png
soffice.bin /config/.config/libreoffice/4/cache/breeze/150/cmd/sc_insertobject.png
soffice.bin /config/.config/libreoffice/4/cache/breeze/150/cmd/sc_shapeslinemenu.png
soffice.bin /config/.config/libreoffice/4/cache/breeze/150/cmd/sc_shapeslinemenu.png
soffice.bin /config/.config/libreoffice/4/cache/breeze/150/cmd/sc_shapeslinemenu.png
soffice.bin /config/.config/libreoffice/4/cache/breeze/150/cmd/sc_shapeslinemenu.png
soffice.bin /config/.config/libreoffice/4/cache/breeze/150/cmd/sc_basicshapes.png
soffice.bin /config/.config/libreoffice/4/cache/breeze/150/cmd/sc_basicshapes.png
soffice.bin /config/.config/libreoffice/4/cache/breeze/150/cmd/sc_basicshapes.png
soffice.bin /config/.config/libreoffice/4/cache/breeze/150/cmd/sc_basicshapes.png
soffice.bin /config/.config/libreoffice/4/cache/breeze/150/cmd/sc_symbolshapes.png
soffice.bin /config/.config/libreoffice/4/cache/breeze/150/cmd/sc_symbolshapes.png
soffice.bin /config/.config/libreoffice/4/cache/breeze/150/cmd/sc_arrowshapes.png
soffice.bin /config/.config/libreoffice/4/cache/breeze/150/cmd/sc_arrowshapes.png
soffice.bin /config/.config/libreoffice/4/cache/breeze/150/cmd/sc_flowchartshapes.png
soffice.bin /config/.config/libreoffice/4/cache/breeze/150/cmd/sc_flowchartshapes.png
soffice.bin /config/.config/libreoffice/4/cache/breeze/150/cmd/sc_flowchartshapes.png
soffice.bin /config/.config/libreoffice/4/cache/breeze/150/cmd/sc_flowchartshapes.png
soffice.bin /config/.config/libreoffice/4/cache/breeze/150/cmd/sc_calloutshapes.png
soffice.bin /config/.config/libreoffice/4/cache/breeze/150/cmd/sc_calloutshapes.png
soffice.bin /config/.config/libreoffice/4/cache/breeze/150/cmd/sc_starshapes.png
soffice.bin /config/.config/libreoffice/4/cache/breeze/150/cmd/sc_starshapes.png
soffice.bin /config/.config/libreoffice/4/cache/breeze/150/cmd/sc_line.png
soffice.bin /config/.config/libreoffice/4/cache/breeze/150/cmd/sc_line.png
soffice.bin /config/.config/libreoffice/4/cache/breeze/150/cmd/sc_freeline_unfilled.png
soffice.bin /config/.config/libreoffice/4/cache/breeze/150/cmd/sc_freeline_unfilled.png
soffice.bin /config/.config/libreoffice/4/cache/breeze/150/cmd/sc_freeline.png
soffice.bin /config/.config/libreoffice/4/cache/breeze/150/cmd/sc_freeline.png
soffice.bin /config/.config/libreoffice/4/cache/breeze/150/cmd/sc_bezier_unfilled.png
soffice.bin /config/.config/libreoffice/4/cache/breeze/150/cmd/sc_bezier_unfilled.png
soffice.bin /config/.config/libreoffice/4/cache/breeze/150/cmd/sc_bezierfill.png
soffice.bin /config/.config/libreoffice/4/cache/breeze/150/cmd/sc_bezierfill.png
soffice.bin /config/.config/libreoffice/4/cache/breeze/150/cmd/sc_polygon_unfilled.png
soffice.bin /config/.config/libreoffice/4/cache/breeze/150/cmd/sc_polygon_unfilled.png
soffice.bin /config/.config/libreoffice/4/cache/breeze/150/cmd/sc_polygon_diagonal_unfilled.png
soffice.bin /config/.config/libreoffice/4/cache/breeze/150/cmd/sc_polygon_diagonal_unfilled.png
soffice.bin /config/.config/libreoffice/4/cache/breeze/150/cmd/sc_polygon_diagonal.png
soffice.bin /config/.config/libreoffice/4/cache/breeze/150/cmd/sc_polygon_diagonal.png
soffice.bin /config/.config/libreoffice/4/user/config/soffice.cfg/modules/simpress/toolbar
soffice.bin /usr/lib/libreoffice/share/config/soffice.cfg/modules/simpress/toolbar/basicshapes.xml
soffice.bin /config/.config/libreoffice/4/cache/breeze/150/cmd/sc_basicshapes.rectangle.png
soffice.bin /config/.config/libreoffice/4/cache/breeze/150/cmd/sc_basicshapes.rectangle.png
soffice.bin /config/.config/libreoffice/4/cache/breeze/150/cmd/sc_basicshapes.rectangle.png
soffice.bin /config/.config/libreoffice/4/cache/breeze/150/cmd/sc_basicshapes.rectangle.png
soffice.bin /config/.config/libreoffice/4/cache/breeze/150/cmd/sc_basicshapes.round-rectangle.png
soffice.bin /config/.config/libreoffice/4/cache/breeze/150/cmd/sc_basicshapes.round-rectangle.png
soffice.bin /config/.config/libreoffice/4/cache/breeze/150/cmd/sc_basicshapes.round-rectangle.png
soffice.bin /config/.config/libreoffice/4/cache/breeze/150/cmd/sc_basicshapes.round-rectangle.png
soffice.bin /config/.config/libreoffice/4/cache/breeze/150/cmd/sc_basicshapes.quadrat.png
soffice.bin /config/.config/libreoffice/4/cache/breeze/150/cmd/sc_basicshapes.quadrat.png
soffice.bin /config/.config/libreoffice/4/cache/breeze/150/cmd/sc_basicshapes.quadrat.png
soffice.bin /config/.config/libreoffice/4/cache/breeze/150/cmd/sc_basicshapes.quadrat.png
soffice.bin /config/.config/libreoffice/4/cache/breeze/150/cmd/sc_basicshapes.round-quadrat.png
soffice.bin /config/.config/libreoffice/4/cache/breeze/150/cmd/sc_basicshapes.round-quadrat.png
soffice.bin /config/.config/libreoffice/4/cache/breeze/150/cmd/sc_basicshapes.parallelogram.png
soffice.bin /config/.config/libreoffice/4/cache/breeze/150/cmd/sc_basicshapes.parallelogram.png
soffice.bin /config/.config/libreoffice/4/cache/breeze/150/cmd/sc_basicshapes.parallelogram.png
soffice.bin /config/.config/libreoffice/4/cache/breeze/150/cmd/sc_basicshapes.parallelogram.png
soffice.bin /config/.config/libreoffice/4/cache/breeze/150/cmd/sc_basicshapes.trapezoid.png
soffice.bin /config/.config/libreoffice/4/cache/breeze/150/cmd/sc_basicshapes.trapezoid.png
soffice.bin /config/.config/libreoffice/4/cache/breeze/150/cmd/sc_basicshapes.ellipse.png
soffice.bin /config/.config/libreoffice/4/cache/breeze/150/cmd/sc_basicshapes.ellipse.png
soffice.bin /config/.config/libreoffice/4/cache/breeze/150/cmd/sc_basicshapes.ellipse.png
soffice.bin /config/.config/libreoffice/4/cache/breeze/150/cmd/sc_basicshapes.ellipse.png
soffice.bin /config/.config/libreoffice/4/cache/breeze/150/cmd/sc_basicshapes.circle.png
soffice.bin /config/.config/libreoffice/4/cache/breeze/150/cmd/sc_basicshapes.circle.png
soffice.bin /config/.config/libreoffice/4/cache/breeze/150/cmd/sc_basicshapes.circle.png
soffice.bin /config/.config/libreoffice/4/cache/breeze/150/cmd/sc_basicshapes.circle.png
soffice.bin /config/.config/libreoffice/4/cache/breeze/150/cmd/sc_basicshapes.circle-pie.png
soffice.bin /config/.config/libreoffice/4/cache/breeze/150/cmd/sc_basicshapes.circle-pie.png
soffice.bin /config/.config/libreoffice/4/cache/breeze/150/cmd/sc_basicshapes.circle-pie.png
soffice.bin /config/.config/libreoffice/4/cache/breeze/150/cmd/sc_basicshapes.circle-pie.png
soffice.bin /config/.config/libreoffice/4/cache/breeze/150/cmd/sc_circlecut.png
soffice.bin /config/.config/libreoffice/4/cache/breeze/150/cmd/sc_circlecut.png
soffice.bin /config/.config/libreoffice/4/cache/breeze/150/cmd/sc_arc.png
soffice.bin /config/.config/libreoffice/4/cache/breeze/150/cmd/sc_arc.png
soffice.bin /config/.config/libreoffice/4/cache/breeze/150/cmd/sc_basicshapes.block-arc.png
soffice.bin /config/.config/libreoffice/4/cache/breeze/150/cmd/sc_basicshapes.block-arc.png
soffice.bin /config/.config/libreoffice/4/cache/breeze/150/cmd/sc_basicshapes.isosceles-triangle.png
soffice.bin /config/.config/libreoffice/4/cache/breeze/150/cmd/sc_basicshapes.isosceles-triangle.png
soffice.bin /config/.config/libreoffice/4/cache/breeze/150/cmd/sc_basicshapes.right-triangle.png
soffice.bin /config/.config/libreoffice/4/cache/breeze/150/cmd/sc_basicshapes.right-triangle.png
soffice.bin /config/.config/libreoffice/4/cache/breeze/150/cmd/sc_basicshapes.diamond.png
soffice.bin /config/.config/libreoffice/4/cache/breeze/150/cmd/sc_basicshapes.diamond.png
soffice.bin /config/.config/libreoffice/4/cache/breeze/150/cmd/sc_basicshapes.pentagon.png
soffice.bin /config/.config/libreoffice/4/cache/breeze/150/cmd/sc_basicshapes.pentagon.png
soffice.bin /config/.config/libreoffice/4/cache/breeze/150/cmd/sc_basicshapes.hexagon.png
soffice.bin /config/.config/libreoffice/4/cache/breeze/150/cmd/sc_basicshapes.hexagon.png
soffice.bin /config/.config/libreoffice/4/cache/breeze/150/cmd/sc_basicshapes.octagon.png
soffice.bin /config/.config/libreoffice/4/cache/breeze/150/cmd/sc_basicshapes.octagon.png
soffice.bin /config/.config/libreoffice/4/cache/breeze/150/cmd/sc_basicshapes.can.png
soffice.bin /config/.config/libreoffice/4/cache/breeze/150/cmd/sc_basicshapes.can.png
soffice.bin /config/.config/libreoffice/4/cache/breeze/150/cmd/sc_basicshapes.cube.png
soffice.bin /config/.config/libreoffice/4/cache/breeze/150/cmd/sc_basicshapes.cube.png
soffice.bin /config/.config/libreoffice/4/cache/breeze/150/cmd/sc_basicshapes.paper.png
soffice.bin /config/.config/libreoffice/4/cache/breeze/150/cmd/sc_basicshapes.paper.png
soffice.bin /config/.config/libreoffice/4/cache/breeze/150/cmd/sc_basicshapes.cross.png
soffice.bin /config/.config/libreoffice/4/cache/breeze/150/cmd/sc_basicshapes.cross.png
soffice.bin /config/.config/libreoffice/4/cache/breeze/150/cmd/sc_basicshapes.frame.png
soffice.bin /config/.config/libreoffice/4/cache/breeze/150/cmd/sc_basicshapes.frame.png
soffice.bin /config/.config/libreoffice/4/cache/breeze/150/cmd/sc_basicshapes.frame.png
soffice.bin /config/.config/libreoffice/4/cache/breeze/150/cmd/sc_basicshapes.frame.png
soffice.bin /config/.config/libreoffice/4/cache/breeze/150/cmd/sc_basicshapes.ring.png
soffice.bin /config/.config/libreoffice/4/cache/breeze/150/cmd/sc_basicshapes.ring.png
soffice.bin /config/.config/libreoffice/4/user/config/soffice.cfg/modules/simpress/toolbar
soffice.bin /usr/lib/libreoffice/share/config/soffice.cfg/modules/simpress/toolbar/symbolshapes.xml
soffice.bin /config/.config/libreoffice/4/cache/breeze/150/cmd/sc_symbolshapes.heart.png
soffice.bin /config/.config/libreoffice/4/cache/breeze/150/cmd/sc_symbolshapes.heart.png
soffice.bin /config/.config/libreoffice/4/cache/breeze/150/cmd/sc_symbolshapes.sun.png
soffice.bin /config/.config/libreoffice/4/cache/breeze/150/cmd/sc_symbolshapes.sun.png
soffice.bin /config/.config/libreoffice/4/cache/breeze/150/cmd/sc_symbolshapes.moon.png
soffice.bin /config/.config/libreoffice/4/cache/breeze/150/cmd/sc_symbolshapes.moon.png
soffice.bin /config/.config/libreoffice/4/cache/breeze/150/cmd/sc_symbolshapes.cloud.png
soffice.bin /config/.config/libreoffice/4/cache/breeze/150/cmd/sc_symbolshapes.cloud.png
soffice.bin /config/.config/libreoffice/4/cache/breeze/150/cmd/sc_symbolshapes.lightning.png
soffice.bin /config/.config/libreoffice/4/cache/breeze/150/cmd/sc_symbolshapes.lightning.png
soffice.bin /config/.config/libreoffice/4/cache/breeze/150/cmd/sc_symbolshapes.flower.png
soffice.bin /config/.config/libreoffice/4/cache/breeze/150/cmd/sc_symbolshapes.flower.png
soffice.bin /config/.config/libreoffice/4/cache/breeze/150/cmd/sc_symbolshapes.forbidden.png
soffice.bin /config/.config/libreoffice/4/cache/breeze/150/cmd/sc_symbolshapes.forbidden.png
soffice.bin /config/.config/libreoffice/4/cache/breeze/150/cmd/sc_symbolshapes.puzzle.png
soffice.bin /config/.config/libreoffice/4/cache/breeze/150/cmd/sc_symbolshapes.puzzle.png
soffice.bin /config/.config/libreoffice/4/cache/breeze/150/cmd/sc_symbolshapes.quad-bevel.png
soffice.bin /config/.config/libreoffice/4/cache/breeze/150/cmd/sc_symbolshapes.quad-bevel.png
soffice.bin /config/.config/libreoffice/4/cache/breeze/150/cmd/sc_symbolshapes.octagon-bevel.png
soffice.bin /config/.config/libreoffice/4/cache/breeze/150/cmd/sc_symbolshapes.octagon-bevel.png
soffice.bin /config/.config/libreoffice/4/cache/breeze/150/cmd/sc_symbolshapes.diamond-bevel.png
soffice.bin /config/.config/libreoffice/4/cache/breeze/150/cmd/sc_symbolshapes.diamond-bevel.png
soffice.bin /config/.config/libreoffice/4/cache/breeze/150/cmd/sc_symbolshapes.bracket-pair.png
soffice.bin /config/.config/libreoffice/4/cache/breeze/150/cmd/sc_symbolshapes.bracket-pair.png
soffice.bin /config/.config/libreoffice/4/cache/breeze/150/cmd/sc_symbolshapes.left-bracket.png
soffice.bin /config/.config/libreoffice/4/cache/breeze/150/cmd/sc_symbolshapes.left-bracket.png
soffice.bin /config/.config/libreoffice/4/cache/breeze/150/cmd/sc_symbolshapes.right-bracket.png
soffice.bin /config/.config/libreoffice/4/cache/breeze/150/cmd/sc_symbolshapes.right-bracket.png
soffice.bin /config/.config/libreoffice/4/cache/breeze/150/cmd/sc_symbolshapes.brace-pair.png
soffice.bin /config/.config/libreoffice/4/cache/breeze/150/cmd/sc_symbolshapes.brace-pair.png
soffice.bin /config/.config/libreoffice/4/cache/breeze/150/cmd/sc_symbolshapes.left-brace.png
soffice.bin /config/.config/libreoffice/4/cache/breeze/150/cmd/sc_symbolshapes.left-brace.png
soffice.bin /config/.config/libreoffice/4/cache/breeze/150/cmd/sc_symbolshapes.right-brace.png
soffice.bin /config/.config/libreoffice/4/cache/breeze/150/cmd/sc_symbolshapes.right-brace.png
soffice.bin /config/.config/libreoffice/4/user/config/soffice.cfg/modules/simpress/toolbar
soffice.bin /usr/lib/libreoffice/share/config/soffice.cfg/modules/simpress/toolbar/arrowshapes.xml
soffice.bin /config/.config/libreoffice/4/cache/breeze/150/cmd/sc_arrowshapes.right-arrow.png
soffice.bin /config/.config/libreoffice/4/cache/breeze/150/cmd/sc_arrowshapes.right-arrow.png
soffice.bin /config/.config/libreoffice/4/cache/breeze/150/cmd/sc_arrowshapes.left-arrow.png
soffice.bin /config/.config/libreoffice/4/cache/breeze/150/cmd/sc_arrowshapes.left-arrow.png
soffice.bin /config/.config/libreoffice/4/cache/breeze/150/cmd/sc_arrowshapes.down-arrow.png
soffice.bin /config/.config/libreoffice/4/cache/breeze/150/cmd/sc_arrowshapes.down-arrow.png
soffice.bin /config/.config/libreoffice/4/cache/breeze/150/cmd/sc_arrowshapes.up-arrow.png
soffice.bin /config/.config/libreoffice/4/cache/breeze/150/cmd/sc_arrowshapes.up-arrow.png
soffice.bin /config/.config/libreoffice/4/cache/breeze/150/cmd/sc_arrowshapes.up-down-arrow.png
soffice.bin /config/.config/libreoffice/4/cache/breeze/150/cmd/sc_arrowshapes.up-down-arrow.png
soffice.bin /config/.config/libreoffice/4/cache/breeze/150/cmd/sc_arrowshapes.circular-arrow.png
soffice.bin /config/.config/libreoffice/4/cache/breeze/150/cmd/sc_arrowshapes.circular-arrow.png
soffice.bin /config/.config/libreoffice/4/cache/breeze/150/cmd/sc_arrowshapes.s-sharped-arrow.png
soffice.bin /config/.config/libreoffice/4/cache/breeze/150/cmd/sc_arrowshapes.s-sharped-arrow.png
soffice.bin /config/.config/libreoffice/4/cache/breeze/150/cmd/sc_arrowshapes.split-arrow.png
soffice.bin /config/.config/libreoffice/4/cache/breeze/150/cmd/sc_arrowshapes.split-arrow.png
soffice.bin /config/.config/libreoffice/4/cache/breeze/150/cmd/sc_arrowshapes.split-round-arrow.png
soffice.bin /config/.config/libreoffice/4/cache/breeze/150/cmd/sc_arrowshapes.split-round-arrow.png
soffice.bin /config/.config/libreoffice/4/cache/breeze/150/cmd/sc_arrowshapes.quad-arrow.png
soffice.bin /config/.config/libreoffice/4/cache/breeze/150/cmd/sc_arrowshapes.quad-arrow.png
soffice.bin /config/.config/libreoffice/4/cache/breeze/150/cmd/sc_arrowshapes.corner-right-arrow.png
soffice.bin /config/.config/libreoffice/4/cache/breeze/150/cmd/sc_arrowshapes.corner-right-arrow.png
soffice.bin /config/.config/libreoffice/4/cache/breeze/150/cmd/sc_arrowshapes.chevron.png
soffice.bin /config/.config/libreoffice/4/cache/breeze/150/cmd/sc_arrowshapes.chevron.png
soffice.bin /config/.config/libreoffice/4/cache/breeze/150/cmd/sc_arrowshapes.pentagon-right.png
soffice.bin /config/.config/libreoffice/4/cache/breeze/150/cmd/sc_arrowshapes.pentagon-right.png
soffice.bin /config/.config/libreoffice/4/cache/breeze/150/cmd/sc_arrowshapes.striped-right-arrow.png
soffice.bin /config/.config/libreoffice/4/cache/breeze/150/cmd/sc_arrowshapes.striped-right-arrow.png
soffice.bin /config/.config/libreoffice/4/cache/breeze/150/cmd/sc_arrowshapes.up-right-down-arrow.png
soffice.bin /config/.config/libreoffice/4/cache/breeze/150/cmd/sc_arrowshapes.up-right-down-arrow.png
soffice.bin /config/.config/libreoffice/4/cache/breeze/150/cmd/sc_arrowshapes.notched-right-arrow.png
soffice.bin /config/.config/libreoffice/4/cache/breeze/150/cmd/sc_arrowshapes.notched-right-arrow.png
soffice.bin /config/.config/libreoffice/4/cache/breeze/150/cmd/sc_arrowshapes.up-right-arrow.png
soffice.bin /config/.config/libreoffice/4/cache/breeze/150/cmd/sc_arrowshapes.up-right-arrow.png
soffice.bin /config/.config/libreoffice/4/cache/breeze/150/cmd/sc_arrowshapes.right-arrow-callout.png
soffice.bin /config/.config/libreoffice/4/cache/breeze/150/cmd/sc_arrowshapes.right-arrow-callout.png
soffice.bin /config/.config/libreoffice/4/cache/breeze/150/cmd/sc_arrowshapes.left-arrow-callout.png
soffice.bin /config/.config/libreoffice/4/cache/breeze/150/cmd/sc_arrowshapes.left-arrow-callout.png
soffice.bin /config/.config/libreoffice/4/cache/breeze/150/cmd/sc_arrowshapes.down-arrow-callout.png
soffice.bin /config/.config/libreoffice/4/cache/breeze/150/cmd/sc_arrowshapes.down-arrow-callout.png
soffice.bin /config/.config/libreoffice/4/cache/breeze/150/cmd/sc_arrowshapes.up-arrow-callout.png
soffice.bin /config/.config/libreoffice/4/cache/breeze/150/cmd/sc_arrowshapes.up-arrow-callout.png
soffice.bin /config/.config/libreoffice/4/cache/breeze/150/cmd/sc_arrowshapes.left-right-arrow-callout.png
soffice.bin /config/.config/libreoffice/4/cache/breeze/150/cmd/sc_arrowshapes.left-right-arrow-callout.png
soffice.bin /config/.config/libreoffice/4/cache/breeze/150/cmd/sc_arrowshapes.up-down-arrow-callout.png
soffice.bin /config/.config/libreoffice/4/cache/breeze/150/cmd/sc_arrowshapes.up-down-arrow-callout.png
soffice.bin /config/.config/libreoffice/4/cache/breeze/150/cmd/sc_arrowshapes.quad-arrow-callout.png
soffice.bin /config/.config/libreoffice/4/cache/breeze/150/cmd/sc_arrowshapes.quad-arrow-callout.png
soffice.bin /config/.config/libreoffice/4/cache/breeze/150/cmd/sc_arrowshapes.up-right-arrow-callout.png
soffice.bin /config/.config/libreoffice/4/cache/breeze/150/cmd/sc_arrowshapes.up-right-arrow-callout.png
soffice.bin /config/.config/libreoffice/4/user/config/soffice.cfg/modules/simpress/toolbar
soffice.bin /usr/lib/libreoffice/share/config/soffice.cfg/modules/simpress/toolbar/flowchartshapes.xml
soffice.bin /config/.config/libreoffice/4/cache/breeze/150/cmd/sc_flowchartshapes.flowchart-process.png
soffice.bin /config/.config/libreoffice/4/cache/breeze/150/cmd/sc_flowchartshapes.flowchart-process.png
soffice.bin /config/.config/libreoffice/4/cache/breeze/150/cmd/sc_flowchartshapes.flowchart-process.png
soffice.bin /config/.config/libreoffice/4/cache/breeze/150/cmd/sc_flowchartshapes.flowchart-process.png
soffice.bin /config/.config/libreoffice/4/cache/breeze/150/cmd/sc_flowchartshapes.flowchart-decision.png
soffice.bin /config/.config/libreoffice/4/cache/breeze/150/cmd/sc_flowchartshapes.flowchart-decision.png
soffice.bin /config/.config/libreoffice/4/cache/breeze/150/cmd/sc_flowchartshapes.flowchart-data.png
soffice.bin /config/.config/libreoffice/4/cache/breeze/150/cmd/sc_flowchartshapes.flowchart-data.png
soffice.bin /config/.config/libreoffice/4/cache/breeze/150/cmd/sc_flowchartshapes.flowchart-predefined-process.png
soffice.bin /config/.config/libreoffice/4/cache/breeze/150/cmd/sc_flowchartshapes.flowchart-predefined-process.png
soffice.bin /config/.config/libreoffice/4/cache/breeze/150/cmd/sc_flowchartshapes.flowchart-internal-storage.png
soffice.bin /config/.config/libreoffice/4/cache/breeze/150/cmd/sc_flowchartshapes.flowchart-internal-storage.png
soffice.bin /config/.config/libreoffice/4/cache/breeze/150/cmd/sc_flowchartshapes.flowchart-document.png
soffice.bin /config/.config/libreoffice/4/cache/breeze/150/cmd/sc_flowchartshapes.flowchart-document.png
soffice.bin /config/.config/libreoffice/4/cache/breeze/150/cmd/sc_flowchartshapes.flowchart-multidocument.png
soffice.bin /config/.config/libreoffice/4/cache/breeze/150/cmd/sc_flowchartshapes.flowchart-multidocument.png
soffice.bin /config/.config/libreoffice/4/cache/breeze/150/cmd/sc_flowchartshapes.flowchart-terminator.png
soffice.bin /config/.config/libreoffice/4/cache/breeze/150/cmd/sc_flowchartshapes.flowchart-terminator.png
soffice.bin /config/.config/libreoffice/4/cache/breeze/150/cmd/sc_flowchartshapes.flowchart-preparation.png
soffice.bin /config/.config/libreoffice/4/cache/breeze/150/cmd/sc_flowchartshapes.flowchart-preparation.png
soffice.bin /config/.config/libreoffice/4/cache/breeze/150/cmd/sc_flowchartshapes.flowchart-manual-input.png
soffice.bin /config/.config/libreoffice/4/cache/breeze/150/cmd/sc_flowchartshapes.flowchart-manual-input.png
soffice.bin /config/.config/libreoffice/4/cache/breeze/150/cmd/sc_flowchartshapes.flowchart-connector.png
soffice.bin /config/.config/libreoffice/4/cache/breeze/150/cmd/sc_flowchartshapes.flowchart-connector.png
soffice.bin /config/.config/libreoffice/4/cache/breeze/150/cmd/sc_flowchartshapes.flowchart-connector.png
soffice.bin /config/.config/libreoffice/4/cache/breeze/150/cmd/sc_flowchartshapes.flowchart-connector.png
soffice.bin /config/.config/libreoffice/4/cache/breeze/150/cmd/sc_flowchartshapes.flowchart-off-page-connector.png
soffice.bin /config/.config/libreoffice/4/cache/breeze/150/cmd/sc_flowchartshapes.flowchart-off-page-connector.png
soffice.bin /config/.config/libreoffice/4/cache/breeze/150/cmd/sc_flowchartshapes.flowchart-card.png
soffice.bin /config/.config/libreoffice/4/cache/breeze/150/cmd/sc_flowchartshapes.flowchart-card.png
soffice.bin /config/.config/libreoffice/4/cache/breeze/150/cmd/sc_flowchartshapes.flowchart-punched-tape.png
soffice.bin /config/.config/libreoffice/4/cache/breeze/150/cmd/sc_flowchartshapes.flowchart-punched-tape.png
soffice.bin /config/.config/libreoffice/4/cache/breeze/150/cmd/sc_flowchartshapes.flowchart-punched-tape.png
soffice.bin /config/.config/libreoffice/4/cache/breeze/150/cmd/sc_flowchartshapes.flowchart-punched-tape.png
soffice.bin /config/.config/libreoffice/4/cache/breeze/150/cmd/sc_flowchartshapes.flowchart-summing-junction.png
QSGRenderThread /config/.cache/mesa_shader_cache/80/d3e9ca504a454f9a419ed0ad80fe8045218ede
soffice.bin /config/.config/libreoffice/4/cache/breeze/150/cmd/sc_flowchartshapes.flowchart-summing-junction.png
soffice.bin /config/.config/libreoffice/4/cache/breeze/150/cmd/sc_flowchartshapes.flowchart-or.png
soffice.bin /config/.config/libreoffice/4/cache/breeze/150/cmd/sc_flowchartshapes.flowchart-or.png
soffice.bin /config/.config/libreoffice/4/cache/breeze/150/cmd/sc_flowchartshapes.flowchart-collate.png
soffice.bin /config/.config/libreoffice/4/cache/breeze/150/cmd/sc_flowchartshapes.flowchart-collate.png
soffice.bin /config/.config/libreoffice/4/cache/breeze/150/cmd/sc_flowchartshapes.flowchart-sort.png
soffice.bin /config/.config/libreoffice/4/cache/breeze/150/cmd/sc_flowchartshapes.flowchart-sort.png
soffice.bin /config/.config/libreoffice/4/cache/breeze/150/cmd/sc_flowchartshapes.flowchart-merge.png
soffice.bin /config/.config/libreoffice/4/cache/breeze/150/cmd/sc_flowchartshapes.flowchart-merge.png
soffice.bin /config/.config/libreoffice/4/cache/breeze/150/cmd/sc_flowchartshapes.flowchart-merge.png
soffice.bin /config/.config/libreoffice/4/cache/breeze/150/cmd/sc_flowchartshapes.flowchart-merge.png
soffice.bin /config/.config/libreoffice/4/cache/breeze/150/cmd/sc_flowchartshapes.flowchart-stored-data.png
soffice.bin /config/.config/libreoffice/4/cache/breeze/150/cmd/sc_flowchartshapes.flowchart-stored-data.png
soffice.bin /config/.config/libreoffice/4/cache/breeze/150/cmd/sc_flowchartshapes.flowchart-delay.png
soffice.bin /config/.config/libreoffice/4/cache/breeze/150/cmd/sc_flowchartshapes.flowchart-delay.png
soffice.bin /config/.config/libreoffice/4/cache/breeze/150/cmd/sc_flowchartshapes.flowchart-sequential-access.png
soffice.bin /config/.config/libreoffice/4/cache/breeze/150/cmd/sc_flowchartshapes.flowchart-sequential-access.png
soffice.bin /config/.config/libreoffice/4/cache/breeze/150/cmd/sc_flowchartshapes.flowchart-direct-access-storage.png
soffice.bin /config/.config/libreoffice/4/cache/breeze/150/cmd/sc_flowchartshapes.flowchart-direct-access-storage.png
soffice.bin /config/.config/libreoffice/4/cache/breeze/150/cmd/sc_flowchartshapes.flowchart-display.png
soffice.bin /config/.config/libreoffice/4/cache/breeze/150/cmd/sc_flowchartshapes.flowchart-display.png
soffice.bin /config/.config/libreoffice/4/user/config/soffice.cfg/modules/simpress/toolbar
soffice.bin /usr/lib/libreoffice/share/config/soffice.cfg/modules/simpress/toolbar/calloutshapes.xml
soffice.bin /config/.config/libreoffice/4/cache/breeze/150/cmd/sc_calloutshapes.rectangular-callout.png
soffice.bin /config/.config/libreoffice/4/cache/breeze/150/cmd/sc_calloutshapes.rectangular-callout.png
soffice.bin /config/.config/libreoffice/4/cache/breeze/150/cmd/sc_calloutshapes.round-callout.png
soffice.bin /config/.config/libreoffice/4/cache/breeze/150/cmd/sc_calloutshapes.round-callout.png
soffice.bin /config/.config/libreoffice/4/cache/breeze/150/cmd/sc_calloutshapes.cloud-callout.png
soffice.bin /config/.config/libreoffice/4/cache/breeze/150/cmd/sc_calloutshapes.cloud-callout.png
soffice.bin /config/.config/libreoffice/4/cache/breeze/150/cmd/sc_calloutshapes.line-callout-1.png
soffice.bin /config/.config/libreoffice/4/cache/breeze/150/cmd/sc_calloutshapes.line-callout-1.png
soffice.bin /config/.config/libreoffice/4/cache/breeze/150/cmd/sc_calloutshapes.line-callout-2.png
soffice.bin /config/.config/libreoffice/4/cache/breeze/150/cmd/sc_calloutshapes.line-callout-2.png
soffice.bin /config/.config/libreoffice/4/cache/breeze/150/cmd/sc_calloutshapes.line-callout-3.png
soffice.bin /config/.config/libreoffice/4/cache/breeze/150/cmd/sc_calloutshapes.line-callout-3.png
soffice.bin /config/.config/libreoffice/4/user/config/soffice.cfg/modules/simpress/toolbar
soffice.bin /usr/lib/libreoffice/share/config/soffice.cfg/modules/simpress/toolbar/starshapes.xml
soffice.bin /config/.config/libreoffice/4/cache/breeze/150/cmd/sc_starshapes.star4.png
soffice.bin /config/.config/libreoffice/4/cache/breeze/150/cmd/sc_starshapes.star4.png
soffice.bin /config/.config/libreoffice/4/cache/breeze/150/cmd/sc_starshapes.star5.png
soffice.bin /config/.config/libreoffice/4/cache/breeze/150/cmd/sc_starshapes.star5.png
soffice.bin /config/.config/libreoffice/4/cache/breeze/150/cmd/sc_starshapes.star6.png
soffice.bin /config/.config/libreoffice/4/cache/breeze/150/cmd/sc_starshapes.star6.png
soffice.bin /config/.config/libreoffice/4/cache/breeze/150/cmd/sc_starshapes.star8.png
soffice.bin /config/.config/libreoffice/4/cache/breeze/150/cmd/sc_starshapes.star8.png
soffice.bin /config/.config/libreoffice/4/cache/breeze/150/cmd/sc_starshapes.star12.png
soffice.bin /config/.config/libreoffice/4/cache/breeze/150/cmd/sc_starshapes.star12.png
soffice.bin /config/.config/libreoffice/4/cache/breeze/150/cmd/sc_starshapes.star24.png
soffice.bin /config/.config/libreoffice/4/cache/breeze/150/cmd/sc_starshapes.star24.png
soffice.bin /config/.config/libreoffice/4/cache/breeze/150/cmd/sc_starshapes.bang.png
soffice.bin /config/.config/libreoffice/4/cache/breeze/150/cmd/sc_starshapes.bang.png
soffice.bin /config/.config/libreoffice/4/cache/breeze/150/cmd/sc_starshapes.vertical-scroll.png
soffice.bin /config/.config/libreoffice/4/cache/breeze/150/cmd/sc_starshapes.vertical-scroll.png
soffice.bin /config/.config/libreoffice/4/cache/breeze/150/cmd/sc_starshapes.horizontal-scroll.png
soffice.bin /config/.config/libreoffice/4/cache/breeze/150/cmd/sc_starshapes.horizontal-scroll.png
soffice.bin /config/.config/libreoffice/4/cache/breeze/150/cmd/sc_starshapes.signet.png
soffice.bin /config/.config/libreoffice/4/cache/breeze/150/cmd/sc_starshapes.signet.png
soffice.bin /config/.config/libreoffice/4/cache/breeze/150/cmd/sc_starshapes.doorplate.png
soffice.bin /config/.config/libreoffice/4/cache/breeze/150/cmd/sc_starshapes.doorplate.png
soffice.bin /config/.config/libreoffice/4/cache/breeze/150/cmd/sc_starshapes.concave-star6.png
soffice.bin /config/.config/libreoffice/4/cache/breeze/150/cmd/sc_starshapes.concave-star6.png
soffice.bin /config/.config/libreoffice/4/cache/breeze/150/cmd/sc_insertnonbreakingspace.png
soffice.bin /config/.config/libreoffice/4/cache/colibre/150/cmd/sc_insertnonbreakingspace.png
soffice.bin /config/.config/libreoffice/4/cache/breeze/150/cmd/sc_inserthardhyphen.png
soffice.bin /config/.config/libreoffice/4/cache/colibre/150/cmd/sc_inserthardhyphen.png
soffice.bin /config/.config/libreoffice/4/cache/breeze/150/cmd/sc_insertsofthyphen.png
soffice.bin /config/.config/libreoffice/4/cache/colibre/150/cmd/sc_insertsofthyphen.png
soffice.bin /config/.config/libreoffice/4/cache/breeze/150/cmd/sc_insertnarrownobreakspace.png
soffice.bin /config/.config/libreoffice/4/cache/colibre/150/cmd/sc_insertnarrownobreakspace.png
soffice.bin /config/.config/libreoffice/4/cache/breeze/150/cmd/sc_insertzwsp.png
soffice.bin /config/.config/libreoffice/4/cache/colibre/150/cmd/sc_insertzwsp.png
soffice.bin /config/.config/libreoffice/4/cache/breeze/150/cmd/sc_insertwj.png
soffice.bin /config/.config/libreoffice/4/cache/colibre/150/cmd/sc_insertwj.png
soffice.bin /config/.config/libreoffice/4/cache/breeze/150/cmd/sc_insertlrm.png
soffice.bin /config/.config/libreoffice/4/cache/colibre/150/cmd/sc_insertlrm.png
soffice.bin /config/.config/libreoffice/4/cache/breeze/150/cmd/sc_insertrlm.png
soffice.bin /config/.config/libreoffice/4/cache/colibre/150/cmd/sc_insertrlm.png
soffice.bin /config/.config/libreoffice/4/cache/breeze/150/cmd/sc_insertdatefieldfix.png
soffice.bin /config/.config/libreoffice/4/cache/breeze/150/cmd/sc_insertdatefieldfix.png
soffice.bin /config/.config/libreoffice/4/cache/breeze/150/cmd/sc_insertdatefieldfix.png
soffice.bin /config/.config/libreoffice/4/cache/breeze/150/cmd/sc_insertdatefieldfix.png
soffice.bin /config/.config/libreoffice/4/cache/breeze/150/cmd/sc_insertdatefieldvar.png
soffice.bin /config/.config/libreoffice/4/cache/breeze/150/cmd/sc_insertdatefieldvar.png
soffice.bin /config/.config/libreoffice/4/cache/breeze/150/cmd/sc_insertdatefieldvar.png
soffice.bin /config/.config/libreoffice/4/cache/breeze/150/cmd/sc_insertdatefieldvar.png
soffice.bin /config/.config/libreoffice/4/cache/breeze/150/cmd/sc_inserttimefieldfix.png
soffice.bin /config/.config/libreoffice/4/cache/breeze/150/cmd/sc_inserttimefieldfix.png
soffice.bin /config/.config/libreoffice/4/cache/breeze/150/cmd/sc_inserttimefieldfix.png
soffice.bin /config/.config/libreoffice/4/cache/breeze/150/cmd/sc_inserttimefieldfix.png
soffice.bin /config/.config/libreoffice/4/cache/breeze/150/cmd/sc_inserttimefieldvar.png
soffice.bin /config/.config/libreoffice/4/cache/colibre/150/cmd/sc_inserttimefieldvar.png
soffice.bin /config/.config/libreoffice/4/cache/colibre/150/cmd/sc_inserttimefieldvar.png
soffice.bin /config/.config/libreoffice/4/cache/breeze/150/cmd/sc_inserttimefieldvar.png
soffice.bin /config/.config/libreoffice/4/cache/colibre/150/cmd/sc_inserttimefieldvar.png
soffice.bin /config/.config/libreoffice/4/cache/colibre/150/cmd/sc_inserttimefieldvar.png
soffice.bin /config/.config/libreoffice/4/cache/breeze/150/cmd/sc_insertauthorfield.png
soffice.bin /config/.config/libreoffice/4/cache/breeze/150/cmd/sc_insertauthorfield.png
soffice.bin /config/.config/libreoffice/4/cache/breeze/150/cmd/sc_insertauthorfield.png
soffice.bin /config/.config/libreoffice/4/cache/breeze/150/cmd/sc_insertauthorfield.png
soffice.bin /config/.config/libreoffice/4/cache/breeze/150/cmd/sc_insertslidefield.png
soffice.bin /config/.config/libreoffice/4/cache/breeze/150/cmd/sc_insertslidefield.png
soffice.bin /config/.config/libreoffice/4/cache/breeze/150/cmd/sc_insertslidetitlefield.png
soffice.bin /config/.config/libreoffice/4/cache/breeze/150/cmd/sc_insertslidetitlefield.png
soffice.bin /config/.config/libreoffice/4/cache/breeze/150/cmd/sc_insertslidetitlefield.png
soffice.bin /config/.config/libreoffice/4/cache/breeze/150/cmd/sc_insertslidetitlefield.png
soffice.bin /config/.config/libreoffice/4/cache/breeze/150/cmd/sc_insertslidesfield.png
soffice.bin /config/.config/libreoffice/4/cache/breeze/150/cmd/sc_insertslidesfield.png
soffice.bin /config/.config/libreoffice/4/cache/breeze/150/cmd/sc_insertslidesfield.png
soffice.bin /config/.config/libreoffice/4/cache/breeze/150/cmd/sc_insertslidesfield.png
soffice.bin /config/.config/libreoffice/4/cache/breeze/150/cmd/sc_label.png
soffice.bin /config/.config/libreoffice/4/cache/breeze/150/cmd/sc_label.png
soffice.bin /config/.config/libreoffice/4/cache/breeze/150/cmd/sc_edit.png
soffice.bin /config/.config/libreoffice/4/cache/breeze/150/cmd/sc_edit.png
soffice.bin /config/.config/libreoffice/4/cache/breeze/150/cmd/sc_checkbox.png
soffice.bin /config/.config/libreoffice/4/cache/breeze/150/cmd/sc_checkbox.png
soffice.bin /config/.config/libreoffice/4/cache/breeze/150/cmd/sc_radiobutton.png
soffice.bin /config/.config/libreoffice/4/cache/breeze/150/cmd/sc_radiobutton.png
soffice.bin /config/.config/libreoffice/4/cache/breeze/150/cmd/sc_listbox.png
soffice.bin /config/.config/libreoffice/4/cache/breeze/150/cmd/sc_listbox.png
soffice.bin /config/.config/libreoffice/4/cache/breeze/150/cmd/sc_combobox.png
soffice.bin /config/.config/libreoffice/4/cache/breeze/150/cmd/sc_combobox.png
soffice.bin /config/.config/libreoffice/4/cache/breeze/150/cmd/sc_pushbutton.png
soffice.bin /config/.config/libreoffice/4/cache/breeze/150/cmd/sc_pushbutton.png
soffice.bin /config/.config/libreoffice/4/cache/breeze/150/cmd/sc_imagebutton.png
soffice.bin /config/.config/libreoffice/4/cache/breeze/150/cmd/sc_imagebutton.png
soffice.bin /config/.config/libreoffice/4/cache/breeze/150/cmd/sc_formattedfield.png
soffice.bin /config/.config/libreoffice/4/cache/breeze/150/cmd/sc_formattedfield.png
soffice.bin /config/.config/libreoffice/4/cache/breeze/150/cmd/sc_datefield.png
soffice.bin /config/.config/libreoffice/4/cache/breeze/150/cmd/sc_datefield.png
soffice.bin /config/.config/libreoffice/4/cache/breeze/150/cmd/sc_timefield.png
soffice.bin /config/.config/libreoffice/4/cache/breeze/150/cmd/sc_timefield.png
soffice.bin /config/.config/libreoffice/4/cache/breeze/150/cmd/sc_numericfield.png
soffice.bin /config/.config/libreoffice/4/cache/breeze/150/cmd/sc_numericfield.png
soffice.bin /config/.config/libreoffice/4/cache/breeze/150/cmd/sc_numericfield.png
soffice.bin /config/.config/libreoffice/4/cache/breeze/150/cmd/sc_numericfield.png
soffice.bin /config/.config/libreoffice/4/cache/breeze/150/cmd/sc_currencyfield.png
soffice.bin /config/.config/libreoffice/4/cache/breeze/150/cmd/sc_currencyfield.png
soffice.bin /config/.config/libreoffice/4/cache/breeze/150/cmd/sc_patternfield.png
soffice.bin /config/.config/libreoffice/4/cache/breeze/150/cmd/sc_patternfield.png
soffice.bin /config/.config/libreoffice/4/cache/breeze/150/cmd/sc_groupbox.png
soffice.bin /config/.config/libreoffice/4/cache/breeze/150/cmd/sc_groupbox.png
soffice.bin /config/.config/libreoffice/4/cache/breeze/150/cmd/sc_imagecontrol.png
soffice.bin /config/.config/libreoffice/4/cache/breeze/150/cmd/sc_imagecontrol.png
soffice.bin /config/.config/libreoffice/4/cache/breeze/150/cmd/sc_filecontrol.png
soffice.bin /config/.config/libreoffice/4/cache/breeze/150/cmd/sc_filecontrol.png
soffice.bin /config/.config/libreoffice/4/cache/breeze/150/cmd/sc_grid.png
soffice.bin /config/.config/libreoffice/4/cache/breeze/150/cmd/sc_grid.png
soffice.bin /config/.config/libreoffice/4/cache/breeze/150/cmd/sc_formattextmenu.png
soffice.bin /config/.config/libreoffice/4/cache/breeze/150/cmd/sc_formattextmenu.png
soffice.bin /config/.config/libreoffice/4/cache/breeze/150/cmd/sc_formattextmenu.png
soffice.bin /config/.config/libreoffice/4/cache/breeze/150/cmd/sc_formattextmenu.png
soffice.bin /config/.config/libreoffice/4/cache/breeze/150/cmd/sc_formatspacingmenu.png
soffice.bin /config/.config/libreoffice/4/cache/breeze/150/cmd/sc_formatspacingmenu.png
soffice.bin /config/.config/libreoffice/4/cache/breeze/150/cmd/sc_formatspacingmenu.png
soffice.bin /config/.config/libreoffice/4/cache/breeze/150/cmd/sc_formatspacingmenu.png
soffice.bin /config/.config/libreoffice/4/cache/breeze/150/cmd/sc_textalign.png
soffice.bin /config/.config/libreoffice/4/cache/breeze/150/cmd/sc_textalign.png
soffice.bin /config/.config/libreoffice/4/cache/breeze/150/cmd/sc_textalign.png
soffice.bin /config/.config/libreoffice/4/cache/breeze/150/cmd/sc_textalign.png
soffice.bin /config/.config/libreoffice/4/cache/breeze/150/cmd/sc_formatbulletsmenu.png
soffice.bin /config/.config/libreoffice/4/cache/breeze/150/cmd/sc_formatbulletsmenu.png
soffice.bin /config/.config/libreoffice/4/cache/breeze/150/cmd/sc_formatbulletsmenu.png
soffice.bin /config/.config/libreoffice/4/cache/breeze/150/cmd/sc_formatbulletsmenu.png
soffice.bin /config/.config/libreoffice/4/cache/breeze/150/cmd/sc_formatstylesmenu.png
soffice.bin /config/.config/libreoffice/4/cache/colibre/150/cmd/sc_formatstylesmenu.png
soffice.bin /config/.config/libreoffice/4/cache/breeze/150/cmd/sc_fontdialog.png
soffice.bin /config/.config/libreoffice/4/cache/breeze/150/cmd/sc_fontdialog.png
soffice.bin /config/.config/libreoffice/4/cache/breeze/150/cmd/sc_paragraphdialog.png
soffice.bin /config/.config/libreoffice/4/cache/breeze/150/cmd/sc_paragraphdialog.png
soffice.bin /config/.config/libreoffice/4/cache/breeze/150/cmd/sc_outlinebullet.png
soffice.bin /config/.config/libreoffice/4/cache/breeze/150/cmd/sc_outlinebullet.png
soffice.bin /config/.config/libreoffice/4/cache/breeze/150/cmd/sc_themedialog.png
soffice.bin /config/.config/libreoffice/4/cache/colibre/150/cmd/sc_themedialog.png
soffice.bin /config/.config/libreoffice/4/cache/breeze/150/cmd/sc_tablemenu.png
soffice.bin /config/.config/libreoffice/4/cache/breeze/150/cmd/sc_tablemenu.png
soffice.bin /config/.config/libreoffice/4/cache/breeze/150/cmd/sc_tablemenu.png
soffice.bin /config/.config/libreoffice/4/cache/breeze/150/cmd/sc_tablemenu.png
soffice.bin /config/.config/libreoffice/4/cache/breeze/150/cmd/sc_formatimagemenu.png
soffice.bin /config/.config/libreoffice/4/cache/breeze/150/cmd/sc_formatimagemenu.png
soffice.bin /config/.config/libreoffice/4/cache/breeze/150/cmd/sc_formatimagemenu.png
soffice.bin /config/.config/libreoffice/4/cache/breeze/150/cmd/sc_formatimagemenu.png
soffice.bin /config/.config/libreoffice/4/cache/breeze/150/cmd/sc_fillshadow.png
soffice.bin /config/.config/libreoffice/4/cache/breeze/150/cmd/sc_fillshadow.png
soffice.bin /config/.config/libreoffice/4/cache/breeze/150/cmd/sc_animationeffects.png
soffice.bin /config/.config/libreoffice/4/cache/breeze/150/cmd/sc_animationeffects.png
soffice.bin /config/.config/libreoffice/4/cache/breeze/150/cmd/sc_distributeselection.png
soffice.bin /config/.config/libreoffice/4/cache/breeze/150/cmd/sc_distributeselection.png
soffice.bin /config/.config/libreoffice/4/cache/breeze/150/cmd/sc_toggleobjectrotatemode.png
soffice.bin /config/.config/libreoffice/4/cache/breeze/150/cmd/sc_toggleobjectrotatemode.png
soffice.bin /config/.config/libreoffice/4/cache/breeze/150/cmd/sc_mirrormenu.png
soffice.bin /config/.config/libreoffice/4/cache/breeze/150/cmd/sc_mirrormenu.png
soffice.bin /config/.config/libreoffice/4/cache/breeze/150/cmd/sc_mirrormenu.png
soffice.bin /config/.config/libreoffice/4/cache/breeze/150/cmd/sc_mirrormenu.png
soffice.bin /config/.config/libreoffice/4/cache/breeze/150/cmd/sc_convertmenu.png
soffice.bin /config/.config/libreoffice/4/cache/breeze/150/cmd/sc_convertmenu.png
soffice.bin /config/.config/libreoffice/4/cache/breeze/150/cmd/sc_convertmenu.png
soffice.bin /config/.config/libreoffice/4/cache/breeze/150/cmd/sc_convertmenu.png
soffice.bin /config/.config/libreoffice/4/cache/breeze/150/cmd/sc_objectalign.png
soffice.bin /config/.config/libreoffice/4/cache/breeze/150/cmd/sc_objectalign.png
soffice.bin /config/.config/libreoffice/4/cache/breeze/150/cmd/sc_objectalign.png
soffice.bin /config/.config/libreoffice/4/cache/breeze/150/cmd/sc_objectalign.png
soffice.bin /config/.config/libreoffice/4/cache/breeze/150/cmd/sc_arrangemenu.png
soffice.bin /config/.config/libreoffice/4/cache/breeze/150/cmd/sc_arrangemenu.png
soffice.bin /config/.config/libreoffice/4/cache/breeze/150/cmd/sc_arrangemenu.png
soffice.bin /config/.config/libreoffice/4/cache/breeze/150/cmd/sc_arrangemenu.png
soffice.bin /config/.config/libreoffice/4/cache/breeze/150/cmd/sc_groupmenu.png
soffice.bin /config/.config/libreoffice/4/cache/breeze/150/cmd/sc_groupmenu.png
soffice.bin /config/.config/libreoffice/4/cache/breeze/150/cmd/sc_groupmenu.png
soffice.bin /config/.config/libreoffice/4/cache/breeze/150/cmd/sc_groupmenu.png
soffice.bin /config/.config/libreoffice/4/cache/breeze/150/cmd/sc_bold.png
soffice.bin /config/.config/libreoffice/4/cache/breeze/150/cmd/sc_bold.png
soffice.bin /config/.config/libreoffice/4/cache/breeze/150/cmd/sc_italic.png
soffice.bin /config/.config/libreoffice/4/cache/breeze/150/cmd/sc_italic.png
soffice.bin /config/.config/libreoffice/4/cache/breeze/150/cmd/sc_underlinesingle.png
soffice.bin /config/.config/libreoffice/4/cache/breeze/150/cmd/sc_underlinesingle.png
soffice.bin /config/.config/libreoffice/4/cache/breeze/150/cmd/sc_underlinesingle.png
soffice.bin /config/.config/libreoffice/4/cache/breeze/150/cmd/sc_underlinesingle.png
soffice.bin /config/.config/libreoffice/4/cache/breeze/150/cmd/sc_underlinedouble.png
soffice.bin /config/.config/libreoffice/4/cache/breeze/150/cmd/sc_underlinedouble.png
soffice.bin /config/.config/libreoffice/4/cache/breeze/150/cmd/sc_strikeout.png
soffice.bin /config/.config/libreoffice/4/cache/breeze/150/cmd/sc_strikeout.png
soffice.bin /config/.config/libreoffice/4/cache/breeze/150/cmd/sc_overline.png
soffice.bin /config/.config/libreoffice/4/cache/breeze/150/cmd/sc_overline.png
soffice.bin /config/.config/libreoffice/4/cache/breeze/150/cmd/sc_superscript.png
soffice.bin /config/.config/libreoffice/4/cache/breeze/150/cmd/sc_superscript.png
soffice.bin /config/.config/libreoffice/4/cache/breeze/150/cmd/sc_subscript.png
soffice.bin /config/.config/libreoffice/4/cache/breeze/150/cmd/sc_subscript.png
soffice.bin /config/.config/libreoffice/4/cache/breeze/150/cmd/sc_shadowed.png
soffice.bin /config/.config/libreoffice/4/cache/breeze/150/cmd/sc_shadowed.png
soffice.bin /config/.config/libreoffice/4/cache/breeze/150/cmd/sc_outlinefont.png
soffice.bin /config/.config/libreoffice/4/cache/breeze/150/cmd/sc_outlinefont.png
soffice.bin /config/.config/libreoffice/4/cache/breeze/150/cmd/sc_grow.png
soffice.bin /config/.config/libreoffice/4/cache/breeze/150/cmd/sc_grow.png
soffice.bin /config/.config/libreoffice/4/cache/breeze/150/cmd/sc_shrink.png
soffice.bin /config/.config/libreoffice/4/cache/breeze/150/cmd/sc_shrink.png
soffice.bin /config/.config/libreoffice/4/cache/breeze/150/cmd/sc_changecasetoupper.png
soffice.bin /config/.config/libreoffice/4/cache/breeze/150/cmd/sc_changecasetoupper.png
soffice.bin /config/.config/libreoffice/4/cache/breeze/150/cmd/sc_changecasetolower.png
soffice.bin /config/.config/libreoffice/4/cache/breeze/150/cmd/sc_changecasetolower.png
soffice.bin /config/.config/libreoffice/4/cache/breeze/150/cmd/sc_smallcaps.png
soffice.bin /config/.config/libreoffice/4/cache/breeze/150/cmd/sc_smallcaps.png
soffice.bin /config/.config/libreoffice/4/cache/breeze/150/cmd/sc_spacepara1.png
soffice.bin /config/.config/libreoffice/4/cache/breeze/150/cmd/sc_spacepara1.png
soffice.bin /config/.config/libreoffice/4/cache/breeze/150/cmd/sc_spacepara15.png
soffice.bin /config/.config/libreoffice/4/cache/breeze/150/cmd/sc_spacepara15.png
soffice.bin /config/.config/libreoffice/4/cache/breeze/150/cmd/sc_spacepara2.png
soffice.bin /config/.config/libreoffice/4/cache/breeze/150/cmd/sc_spacepara2.png
soffice.bin /config/.config/libreoffice/4/cache/breeze/150/cmd/sc_paraspaceincrease.png
soffice.bin /config/.config/libreoffice/4/cache/breeze/150/cmd/sc_paraspaceincrease.png
soffice.bin /config/.config/libreoffice/4/cache/breeze/150/cmd/sc_paraspacedecrease.png
soffice.bin /config/.config/libreoffice/4/cache/breeze/150/cmd/sc_paraspacedecrease.png
soffice.bin /config/.config/libreoffice/4/cache/breeze/150/cmd/sc_incrementindent.png
soffice.bin /config/.config/libreoffice/4/cache/breeze/150/cmd/sc_incrementindent.png
soffice.bin /config/.config/libreoffice/4/cache/breeze/150/cmd/sc_decrementindent.png
soffice.bin /config/.config/libreoffice/4/cache/breeze/150/cmd/sc_decrementindent.png
soffice.bin /config/.config/libreoffice/4/cache/breeze/150/cmd/sc_leftpara.png
soffice.bin /config/.config/libreoffice/4/cache/breeze/150/cmd/sc_leftpara.png
soffice.bin /config/.config/libreoffice/4/cache/breeze/150/cmd/sc_leftpara.png
soffice.bin /config/.config/libreoffice/4/cache/breeze/150/cmd/sc_leftpara.png
soffice.bin /config/.config/libreoffice/4/cache/breeze/150/cmd/sc_centerpara.png
soffice.bin /config/.config/libreoffice/4/cache/breeze/150/cmd/sc_centerpara.png
soffice.bin /config/.config/libreoffice/4/cache/breeze/150/cmd/sc_centerpara.png
soffice.bin /config/.config/libreoffice/4/cache/breeze/150/cmd/sc_centerpara.png
soffice.bin /config/.config/libreoffice/4/cache/breeze/150/cmd/sc_rightpara.png
soffice.bin /config/.config/libreoffice/4/cache/breeze/150/cmd/sc_rightpara.png
soffice.bin /config/.config/libreoffice/4/cache/breeze/150/cmd/sc_rightpara.png
soffice.bin /config/.config/libreoffice/4/cache/breeze/150/cmd/sc_rightpara.png
soffice.bin /config/.config/libreoffice/4/cache/breeze/150/cmd/sc_justifypara.png
soffice.bin /config/.config/libreoffice/4/cache/breeze/150/cmd/sc_justifypara.png
soffice.bin /config/.config/libreoffice/4/cache/breeze/150/cmd/sc_justifypara.png
soffice.bin /config/.config/libreoffice/4/cache/breeze/150/cmd/sc_justifypara.png
soffice.bin /config/.config/libreoffice/4/cache/breeze/150/cmd/sc_cellverttop.png
soffice.bin /config/.config/libreoffice/4/cache/breeze/150/cmd/sc_cellverttop.png
soffice.bin /config/.config/libreoffice/4/cache/breeze/150/cmd/sc_cellverttop.png
soffice.bin /config/.config/libreoffice/4/cache/breeze/150/cmd/sc_cellverttop.png
soffice.bin /config/.config/libreoffice/4/cache/breeze/150/cmd/sc_cellvertcenter.png
soffice.bin /config/.config/libreoffice/4/cache/breeze/150/cmd/sc_cellvertcenter.png
soffice.bin /config/.config/libreoffice/4/cache/breeze/150/cmd/sc_cellvertcenter.png
soffice.bin /config/.config/libreoffice/4/cache/breeze/150/cmd/sc_cellvertcenter.png
soffice.bin /config/.config/libreoffice/4/cache/breeze/150/cmd/sc_cellvertbottom.png
soffice.bin /config/.config/libreoffice/4/cache/breeze/150/cmd/sc_cellvertbottom.png
soffice.bin /config/.config/libreoffice/4/cache/breeze/150/cmd/sc_cellvertbottom.png
soffice.bin /config/.config/libreoffice/4/cache/breeze/150/cmd/sc_cellvertbottom.png
soffice.bin /config/.config/libreoffice/4/cache/breeze/150/cmd/sc_defaultbullet.png
soffice.bin /config/.config/libreoffice/4/cache/breeze/150/cmd/sc_defaultbullet.png
soffice.bin /config/.config/libreoffice/4/cache/breeze/150/cmd/sc_defaultnumbering.png
soffice.bin /config/.config/libreoffice/4/cache/breeze/150/cmd/sc_defaultnumbering.png
soffice.bin /config/.config/libreoffice/4/cache/breeze/150/cmd/sc_outlineright.png
soffice.bin /config/.config/libreoffice/4/cache/breeze/150/cmd/sc_outlineright.png
soffice.bin /config/.config/libreoffice/4/cache/breeze/150/cmd/sc_outlineright.png
soffice.bin /config/.config/libreoffice/4/cache/breeze/150/cmd/sc_outlineright.png
soffice.bin /config/.config/libreoffice/4/cache/breeze/150/cmd/sc_outlineleft.png
soffice.bin /config/.config/libreoffice/4/cache/breeze/150/cmd/sc_outlineleft.png
soffice.bin /config/.config/libreoffice/4/cache/breeze/150/cmd/sc_outlineleft.png
soffice.bin /config/.config/libreoffice/4/cache/breeze/150/cmd/sc_outlineleft.png
soffice.bin /config/.config/libreoffice/4/cache/breeze/150/cmd/sc_outlinedown.png
soffice.bin /config/.config/libreoffice/4/cache/breeze/150/cmd/sc_outlinedown.png
soffice.bin /config/.config/libreoffice/4/cache/breeze/150/cmd/sc_outlinedown.png
soffice.bin /config/.config/libreoffice/4/cache/breeze/150/cmd/sc_outlinedown.png
soffice.bin /config/.config/libreoffice/4/cache/breeze/150/cmd/sc_outlineup.png
soffice.bin /config/.config/libreoffice/4/cache/breeze/150/cmd/sc_outlineup.png
soffice.bin /config/.config/libreoffice/4/cache/breeze/150/cmd/sc_outlineup.png
soffice.bin /config/.config/libreoffice/4/cache/breeze/150/cmd/sc_outlineup.png
soffice.bin /config/.config/libreoffice/4/cache/breeze/150/cmd/sc_editstyle.png
soffice.bin /config/.config/libreoffice/4/cache/breeze/150/cmd/sc_editstyle.png
soffice.bin /config/.config/libreoffice/4/cache/breeze/150/cmd/sc_styleupdatebyexample.png
soffice.bin /config/.config/libreoffice/4/cache/breeze/150/cmd/sc_styleupdatebyexample.png
soffice.bin /config/.config/libreoffice/4/cache/breeze/150/cmd/sc_stylenewbyexample.png
soffice.bin /config/.config/libreoffice/4/cache/breeze/150/cmd/sc_stylenewbyexample.png
soffice.bin /config/.config/libreoffice/4/cache/breeze/150/cmd/sc_designerdialog.png
soffice.bin /config/.config/libreoffice/4/cache/breeze/150/cmd/sc_designerdialog.png
soffice.bin /config/.config/libreoffice/4/cache/breeze/150/cmd/sc_setminimalrowheight.png
soffice.bin /config/.config/libreoffice/4/cache/breeze/150/cmd/sc_setminimalrowheight.png
soffice.bin /config/.config/libreoffice/4/cache/breeze/150/cmd/sc_setoptimalrowheight.png
soffice.bin /config/.config/libreoffice/4/cache/breeze/150/cmd/sc_setoptimalrowheight.png
soffice.bin /config/.config/libreoffice/4/cache/breeze/150/cmd/sc_distributerows.png
soffice.bin /config/.config/libreoffice/4/cache/breeze/150/cmd/sc_distributerows.png
soffice.bin /config/.config/libreoffice/4/cache/breeze/150/cmd/sc_entirerow.png
soffice.bin /config/.config/libreoffice/4/cache/breeze/150/cmd/sc_entirerow.png
soffice.bin /config/.config/libreoffice/4/cache/breeze/150/cmd/sc_insertrowdialog.png
soffice.bin /config/.config/libreoffice/4/cache/colibre/150/cmd/sc_insertrowdialog.png
soffice.bin /config/.config/libreoffice/4/cache/breeze/150/cmd/sc_deleterows.png
soffice.bin /config/.config/libreoffice/4/cache/breeze/150/cmd/sc_deleterows.png
soffice.bin /config/.config/libreoffice/4/cache/breeze/150/cmd/sc_setminimalcolumnwidth.png
soffice.bin /config/.config/libreoffice/4/cache/breeze/150/cmd/sc_setminimalcolumnwidth.png
soffice.bin /config/.config/libreoffice/4/cache/breeze/150/cmd/sc_setoptimalcolumnwidth.png
soffice.bin /config/.config/libreoffice/4/cache/breeze/150/cmd/sc_setoptimalcolumnwidth.png
soffice.bin /config/.config/libreoffice/4/cache/breeze/150/cmd/sc_distributecolumns.png
soffice.bin /config/.config/libreoffice/4/cache/breeze/150/cmd/sc_distributecolumns.png
soffice.bin /config/.config/libreoffice/4/cache/breeze/150/cmd/sc_entirecolumn.png
soffice.bin /config/.config/libreoffice/4/cache/breeze/150/cmd/sc_entirecolumn.png
soffice.bin /config/.config/libreoffice/4/cache/breeze/150/cmd/sc_insertcolumndialog.png
soffice.bin /config/.config/libreoffice/4/cache/colibre/150/cmd/sc_insertcolumndialog.png
soffice.bin /config/.config/libreoffice/4/cache/breeze/150/cmd/sc_deletecolumns.png
soffice.bin /config/.config/libreoffice/4/cache/breeze/150/cmd/sc_deletecolumns.png
soffice.bin /config/.config/libreoffice/4/cache/breeze/150/cmd/sc_mergecells.png
soffice.bin /config/.config/libreoffice/4/cache/breeze/150/cmd/sc_mergecells.png
soffice.bin /config/.config/libreoffice/4/cache/breeze/150/cmd/sc_splitcell.png
soffice.bin /config/.config/libreoffice/4/cache/breeze/150/cmd/sc_splitcell.png
soffice.bin /config/.config/libreoffice/4/cache/breeze/150/cmd/sc_deletetable.png
soffice.bin /config/.config/libreoffice/4/cache/breeze/150/cmd/sc_deletetable.png
soffice.bin /config/.config/libreoffice/4/cache/breeze/150/cmd/sc_selecttable.png
soffice.bin /config/.config/libreoffice/4/cache/breeze/150/cmd/sc_selecttable.png
soffice.bin /config/.config/libreoffice/4/cache/breeze/150/cmd/sc_tabledialog.png
soffice.bin /config/.config/libreoffice/4/cache/breeze/150/cmd/sc_tabledialog.png
soffice.bin /config/.config/libreoffice/4/cache/breeze/150/cmd/sc_crop.png
soffice.bin /config/.config/libreoffice/4/cache/breeze/150/cmd/sc_crop.png
soffice.bin /config/.config/libreoffice/4/cache/breeze/150/cmd/sc_externaledit.png
soffice.bin /config/.config/libreoffice/4/cache/colibre/150/cmd/sc_externaledit.png
soffice.bin /config/.config/libreoffice/4/cache/breeze/150/cmd/sc_changepicture.png
soffice.bin /config/.config/libreoffice/4/cache/breeze/150/cmd/sc_changepicture.png
soffice.bin /config/.config/libreoffice/4/cache/breeze/150/cmd/sc_compressgraphic.png
soffice.bin /config/.config/libreoffice/4/cache/breeze/150/cmd/sc_compressgraphic.png
soffice.bin /config/.config/libreoffice/4/cache/breeze/150/cmd/sc_colorsettings.png
soffice.bin /config/.config/libreoffice/4/cache/breeze/150/cmd/sc_colorsettings.png
soffice.bin /config/.config/libreoffice/4/cache/breeze/150/cmd/sc_grafattrcrop.png
soffice.bin /config/.config/libreoffice/4/cache/breeze/150/cmd/sc_grafattrcrop.png
soffice.bin /config/.config/libreoffice/4/cache/breeze/150/cmd/sc_graphicsizecheck.png
soffice.bin /config/.config/libreoffice/4/cache/colibre/150/cmd/sc_graphicsizecheck.png
soffice.bin /config/.config/libreoffice/4/cache/breeze/150/cmd/sc_graphicfiltersepia.png
soffice.bin /config/.config/libreoffice/4/cache/breeze/150/cmd/sc_graphicfiltersepia.png
soffice.bin /config/.config/libreoffice/4/cache/breeze/150/cmd/sc_graphicfiltersobel.png
soffice.bin /config/.config/libreoffice/4/cache/breeze/150/cmd/sc_graphicfiltersobel.png
soffice.bin /config/.config/libreoffice/4/cache/breeze/150/cmd/sc_graphicfilterinvert.png
soffice.bin /config/.config/libreoffice/4/cache/breeze/150/cmd/sc_graphicfilterinvert.png
soffice.bin /config/.config/libreoffice/4/cache/breeze/150/cmd/sc_graphicfiltermosaic.png
soffice.bin /config/.config/libreoffice/4/cache/breeze/150/cmd/sc_graphicfiltermosaic.png
soffice.bin /config/.config/libreoffice/4/cache/breeze/150/cmd/sc_graphicfilterpopart.png
soffice.bin /config/.config/libreoffice/4/cache/breeze/150/cmd/sc_graphicfilterpopart.png
soffice.bin /config/.config/libreoffice/4/cache/breeze/150/cmd/sc_graphicfilterposter.png
soffice.bin /config/.config/libreoffice/4/cache/breeze/150/cmd/sc_graphicfilterposter.png
soffice.bin /config/.config/libreoffice/4/cache/breeze/150/cmd/sc_graphicfilterposter.png
soffice.bin /config/.config/libreoffice/4/cache/breeze/150/cmd/sc_graphicfilterposter.png
soffice.bin /config/.config/libreoffice/4/cache/breeze/150/cmd/sc_graphicfilterrelief.png
soffice.bin /config/.config/libreoffice/4/cache/breeze/150/cmd/sc_graphicfilterrelief.png
soffice.bin /config/.config/libreoffice/4/cache/breeze/150/cmd/sc_graphicfilterremovenoise.png
soffice.bin /config/.config/libreoffice/4/cache/breeze/150/cmd/sc_graphicfilterremovenoise.png
soffice.bin /config/.config/libreoffice/4/cache/breeze/150/cmd/sc_graphicfiltersharpen.png
soffice.bin /config/.config/libreoffice/4/cache/breeze/150/cmd/sc_graphicfiltersharpen.png
soffice.bin /config/.config/libreoffice/4/cache/breeze/150/cmd/sc_graphicfiltersmooth.png
soffice.bin /config/.config/libreoffice/4/cache/breeze/150/cmd/sc_graphicfiltersmooth.png
soffice.bin /config/.config/libreoffice/4/cache/breeze/150/cmd/sc_graphicfiltersolarize.png
soffice.bin /config/.config/libreoffice/4/cache/breeze/150/cmd/sc_graphicfiltersolarize.png
soffice.bin /config/.config/libreoffice/4/cache/breeze/150/cmd/sc_transformdialog.png
soffice.bin /config/.config/libreoffice/4/cache/breeze/150/cmd/sc_transformdialog.png
soffice.bin /config/.config/libreoffice/4/cache/breeze/150/cmd/sc_textattributes.png
soffice.bin /config/.config/libreoffice/4/cache/breeze/150/cmd/sc_textattributes.png
soffice.bin /config/.config/libreoffice/4/cache/breeze/150/cmd/sc_formatline.png
soffice.bin /config/.config/libreoffice/4/cache/breeze/150/cmd/sc_formatline.png
soffice.bin /config/.config/libreoffice/4/cache/breeze/150/cmd/sc_formatarea.png
soffice.bin /config/.config/libreoffice/4/cache/breeze/150/cmd/sc_formatarea.png
soffice.bin /config/.config/libreoffice/4/user/config/soffice.cfg/modules/simpress/toolbar
soffice.bin /usr/lib/libreoffice/share/config/soffice.cfg/modules/simpress/toolbar/distributebar.xml
soffice.bin /config/.config/libreoffice/4/cache/breeze/150/cmd/sc_distributehorzleft.png
soffice.bin /config/.config/libreoffice/4/cache/breeze/150/cmd/sc_distributehorzleft.png
soffice.bin /config/.config/libreoffice/4/cache/breeze/150/cmd/sc_distributehorzcenter.png
soffice.bin /config/.config/libreoffice/4/cache/breeze/150/cmd/sc_distributehorzcenter.png
soffice.bin /config/.config/libreoffice/4/cache/breeze/150/cmd/sc_distributehorzdistance.png
soffice.bin /config/.config/libreoffice/4/cache/breeze/150/cmd/sc_distributehorzdistance.png
soffice.bin /config/.config/libreoffice/4/cache/breeze/150/cmd/sc_distributehorzright.png
soffice.bin /config/.config/libreoffice/4/cache/breeze/150/cmd/sc_distributehorzright.png
soffice.bin /config/.config/libreoffice/4/cache/breeze/150/cmd/sc_distributeverttop.png
soffice.bin /config/.config/libreoffice/4/cache/breeze/150/cmd/sc_distributeverttop.png
soffice.bin /config/.config/libreoffice/4/cache/breeze/150/cmd/sc_distributevertcenter.png
soffice.bin /config/.config/libreoffice/4/cache/breeze/150/cmd/sc_distributevertcenter.png
soffice.bin /config/.config/libreoffice/4/cache/breeze/150/cmd/sc_distributevertdistance.png
soffice.bin /config/.config/libreoffice/4/cache/breeze/150/cmd/sc_distributevertdistance.png
soffice.bin /config/.config/libreoffice/4/cache/breeze/150/cmd/sc_distributevertbottom.png
soffice.bin /config/.config/libreoffice/4/cache/breeze/150/cmd/sc_distributevertbottom.png
soffice.bin /config/.config/libreoffice/4/cache/breeze/150/cmd/sc_mirrorvert.png
soffice.bin /config/.config/libreoffice/4/cache/breeze/150/cmd/sc_mirrorvert.png
soffice.bin /config/.config/libreoffice/4/cache/breeze/150/cmd/sc_mirrorhorz.png
soffice.bin /config/.config/libreoffice/4/cache/breeze/150/cmd/sc_mirrorhorz.png
soffice.bin /config/.config/libreoffice/4/cache/breeze/150/cmd/sc_mirrorhorz.png
soffice.bin /config/.config/libreoffice/4/cache/breeze/150/cmd/sc_mirrorhorz.png
soffice.bin /config/.config/libreoffice/4/cache/breeze/150/cmd/sc_changebezier.png
soffice.bin /config/.config/libreoffice/4/cache/breeze/150/cmd/sc_changebezier.png
soffice.bin /config/.config/libreoffice/4/cache/breeze/150/cmd/sc_changepolygon.png
soffice.bin /config/.config/libreoffice/4/cache/breeze/150/cmd/sc_changepolygon.png
soffice.bin /config/.config/libreoffice/4/cache/breeze/150/cmd/sc_convert_to_contour.png
soffice.bin /config/.config/libreoffice/4/cache/colibre/150/cmd/sc_convert_to_contour.png
soffice.bin /config/.config/libreoffice/4/cache/breeze/150/cmd/sc_convertinto3d.png
soffice.bin /config/.config/libreoffice/4/cache/breeze/150/cmd/sc_convertinto3d.png
soffice.bin /config/.config/libreoffice/4/cache/breeze/150/cmd/sc_convertinto3dlathefast.png
soffice.bin /config/.config/libreoffice/4/cache/breeze/150/cmd/sc_convertinto3dlathefast.png
soffice.bin /config/.config/libreoffice/4/cache/breeze/150/cmd/sc_convertinto3dlathefast.png
soffice.bin /config/.config/libreoffice/4/cache/breeze/150/cmd/sc_convertinto3dlathefast.png
soffice.bin /config/.config/libreoffice/4/cache/breeze/150/cmd/sc_convertintobitmap.png
soffice.bin /config/.config/libreoffice/4/cache/colibre/150/cmd/sc_convertintobitmap.png
soffice.bin /config/.config/libreoffice/4/cache/breeze/150/cmd/sc_convertintometafile.png
soffice.bin /config/.config/libreoffice/4/cache/colibre/150/cmd/sc_convertintometafile.png
soffice.bin /config/.config/libreoffice/4/user/config/soffice.cfg/modules/simpress/popupmenu
soffice.bin /usr/lib/libreoffice/share/config/soffice.cfg/modules/simpress/popupmenu
soffice.bin /usr/lib/libreoffice/share/config/soffice.cfg/modules/simpress/popupmenu/objectalign.xml
soffice.bin /config/.config/libreoffice/4/cache/breeze/150/cmd/sc_objectalignleft.png
soffice.bin /config/.config/libreoffice/4/cache/breeze/150/cmd/sc_objectalignleft.png
soffice.bin /config/.config/libreoffice/4/cache/breeze/150/cmd/sc_aligncenter.png
soffice.bin /config/.config/libreoffice/4/cache/breeze/150/cmd/sc_aligncenter.png
soffice.bin /config/.config/libreoffice/4/cache/breeze/150/cmd/sc_objectalignright.png
soffice.bin /config/.config/libreoffice/4/cache/breeze/150/cmd/sc_objectalignright.png
soffice.bin /config/.config/libreoffice/4/cache/breeze/150/cmd/sc_alignup.png
soffice.bin /config/.config/libreoffice/4/cache/breeze/150/cmd/sc_alignup.png
soffice.bin /config/.config/libreoffice/4/cache/breeze/150/cmd/sc_alignmiddle.png
soffice.bin /config/.config/libreoffice/4/cache/breeze/150/cmd/sc_alignmiddle.png
soffice.bin /config/.config/libreoffice/4/cache/breeze/150/cmd/sc_aligndown.png
soffice.bin /config/.config/libreoffice/4/cache/breeze/150/cmd/sc_aligndown.png
soffice.bin /config/.config/libreoffice/4/cache/breeze/150/cmd/sc_bringtofront.png
soffice.bin /config/.config/libreoffice/4/cache/breeze/150/cmd/sc_bringtofront.png
soffice.bin /config/.config/libreoffice/4/cache/breeze/150/cmd/sc_forward.png
soffice.bin /config/.config/libreoffice/4/cache/breeze/150/cmd/sc_forward.png
soffice.bin /config/.config/libreoffice/4/cache/breeze/150/cmd/sc_backward.png
soffice.bin /config/.config/libreoffice/4/cache/breeze/150/cmd/sc_backward.png
soffice.bin /config/.config/libreoffice/4/cache/breeze/150/cmd/sc_sendtoback.png
soffice.bin /config/.config/libreoffice/4/cache/breeze/150/cmd/sc_sendtoback.png
soffice.bin /config/.config/libreoffice/4/cache/breeze/150/cmd/sc_beforeobject.png
soffice.bin /config/.config/libreoffice/4/cache/breeze/150/cmd/sc_beforeobject.png
soffice.bin /config/.config/libreoffice/4/cache/breeze/150/cmd/sc_behindobject.png
soffice.bin /config/.config/libreoffice/4/cache/breeze/150/cmd/sc_behindobject.png
soffice.bin /config/.config/libreoffice/4/cache/breeze/150/cmd/sc_reverseorder.png
soffice.bin /config/.config/libreoffice/4/cache/breeze/150/cmd/sc_reverseorder.png
soffice.bin /config/.config/libreoffice/4/cache/breeze/150/cmd/sc_formatgroup.png
soffice.bin /config/.config/libreoffice/4/cache/breeze/150/cmd/sc_formatgroup.png
soffice.bin /config/.config/libreoffice/4/cache/breeze/150/cmd/sc_formatungroup.png
soffice.bin /config/.config/libreoffice/4/cache/breeze/150/cmd/sc_formatungroup.png
soffice.bin /config/.config/libreoffice/4/cache/breeze/150/cmd/sc_entergroup.png
soffice.bin /config/.config/libreoffice/4/cache/breeze/150/cmd/sc_entergroup.png
soffice.bin /config/.config/libreoffice/4/cache/breeze/150/cmd/sc_leavegroup.png
soffice.bin /config/.config/libreoffice/4/cache/breeze/150/cmd/sc_leavegroup.png
soffice.bin /config/.config/libreoffice/4/cache/breeze/150/cmd/sc_insertslide.png
soffice.bin /config/.config/libreoffice/4/cache/breeze/150/cmd/sc_insertslide.png
soffice.bin /config/.config/libreoffice/4/cache/breeze/150/cmd/sc_insertslide.png
soffice.bin /config/.config/libreoffice/4/cache/breeze/150/cmd/sc_insertslide.png
soffice.bin /config/.config/libreoffice/4/cache/breeze/150/cmd/sc_duplicateslide.png
soffice.bin /config/.config/libreoffice/4/cache/breeze/150/cmd/sc_duplicateslide.png
soffice.bin /config/.config/libreoffice/4/cache/breeze/150/cmd/sc_duplicateslide.png
soffice.bin /config/.config/libreoffice/4/cache/breeze/150/cmd/sc_duplicateslide.png
soffice.bin /config/.config/libreoffice/4/cache/breeze/150/cmd/sc_deleteslide.png
soffice.bin /config/.config/libreoffice/4/cache/breeze/150/cmd/sc_deleteslide.png
soffice.bin /config/.config/libreoffice/4/cache/breeze/150/cmd/sc_deleteslide.png
soffice.bin /config/.config/libreoffice/4/cache/breeze/150/cmd/sc_deleteslide.png
soffice.bin /config/.config/libreoffice/4/cache/breeze/150/cmd/sc_savebackground.png
soffice.bin /config/.config/libreoffice/4/cache/breeze/150/cmd/sc_savebackground.png
soffice.bin /config/.config/libreoffice/4/cache/breeze/150/cmd/sc_selectbackground.png
soffice.bin /config/.config/libreoffice/4/cache/breeze/150/cmd/sc_selectbackground.png
soffice.bin /config/.config/libreoffice/4/cache/breeze/150/cmd/sc_slidesetup.png
soffice.bin /config/.config/libreoffice/4/cache/breeze/150/cmd/sc_slidesetup.png
soffice.bin /config/.config/libreoffice/4/cache/breeze/150/cmd/sc_slidesetup.png
soffice.bin /config/.config/libreoffice/4/cache/breeze/150/cmd/sc_slidesetup.png
soffice.bin /config/.config/libreoffice/4/cache/breeze/150/cmd/sc_presentationlayout.png
soffice.bin /config/.config/libreoffice/4/cache/breeze/150/cmd/sc_presentationlayout.png
soffice.bin /config/.config/libreoffice/4/cache/breeze/150/cmd/sc_insertmasterpage.png
soffice.bin /config/.config/libreoffice/4/cache/breeze/150/cmd/sc_insertmasterpage.png
soffice.bin /config/.config/libreoffice/4/cache/breeze/150/cmd/sc_deletemasterpage.png
soffice.bin /config/.config/libreoffice/4/cache/breeze/150/cmd/sc_deletemasterpage.png
soffice.bin /config/.config/libreoffice/4/cache/breeze/150/cmd/sc_displaymasterbackground.png
soffice.bin /config/.config/libreoffice/4/cache/breeze/150/cmd/sc_displaymasterbackground.png
soffice.bin /config/.config/libreoffice/4/cache/breeze/150/cmd/sc_displaymasterobjects.png
soffice.bin /config/.config/libreoffice/4/cache/breeze/150/cmd/sc_displaymasterobjects.png
soffice.bin /config/.config/libreoffice/4/cache/breeze/150/cmd/sc_masterlayouts.png
soffice.bin /config/.config/libreoffice/4/cache/breeze/150/cmd/sc_masterlayouts.png
soffice.bin /config/.config/libreoffice/4/cache/breeze/150/cmd/sc_showslide.png
soffice.bin /config/.config/libreoffice/4/cache/breeze/150/cmd/sc_showslide.png
soffice.bin /config/.config/libreoffice/4/cache/breeze/150/cmd/sc_hideslide.png
soffice.bin /config/.config/libreoffice/4/cache/breeze/150/cmd/sc_hideslide.png
soffice.bin /config/.config/libreoffice/4/cache/breeze/150/cmd/sc_renameslide.png
soffice.bin /config/.config/libreoffice/4/cache/breeze/150/cmd/sc_renameslide.png
soffice.bin /config/.config/libreoffice/4/cache/breeze/150/cmd/sc_slidemovemenu.png
soffice.bin /config/.config/libreoffice/4/cache/colibre/150/cmd/sc_slidemovemenu.png
soffice.bin /config/.config/libreoffice/4/cache/breeze/150/cmd/sc_moveslidefirst.png
soffice.bin /config/.config/libreoffice/4/cache/breeze/150/cmd/sc_moveslidefirst.png
soffice.bin /config/.config/libreoffice/4/cache/breeze/150/cmd/sc_moveslidefirst.png
soffice.bin /config/.config/libreoffice/4/cache/breeze/150/cmd/sc_moveslidefirst.png
soffice.bin /config/.config/libreoffice/4/cache/breeze/150/cmd/sc_moveslideup.png
soffice.bin /config/.config/libreoffice/4/cache/breeze/150/cmd/sc_moveslideup.png
soffice.bin /config/.config/libreoffice/4/cache/breeze/150/cmd/sc_moveslideup.png
soffice.bin /config/.config/libreoffice/4/cache/breeze/150/cmd/sc_moveslideup.png
soffice.bin /config/.config/libreoffice/4/cache/breeze/150/cmd/sc_moveslidedown.png
soffice.bin /config/.config/libreoffice/4/cache/breeze/150/cmd/sc_moveslidedown.png
soffice.bin /config/.config/libreoffice/4/cache/breeze/150/cmd/sc_moveslidedown.png
soffice.bin /config/.config/libreoffice/4/cache/breeze/150/cmd/sc_moveslidedown.png
soffice.bin /config/.config/libreoffice/4/cache/breeze/150/cmd/sc_moveslidelast.png
soffice.bin /config/.config/libreoffice/4/cache/breeze/150/cmd/sc_moveslidelast.png
soffice.bin /config/.config/libreoffice/4/cache/breeze/150/cmd/sc_moveslidelast.png
soffice.bin /config/.config/libreoffice/4/cache/breeze/150/cmd/sc_moveslidelast.png
soffice.bin /config/.config/libreoffice/4/cache/breeze/150/cmd/sc_firstslide.png
soffice.bin /config/.config/libreoffice/4/cache/breeze/150/cmd/sc_firstslide.png
soffice.bin /config/.config/libreoffice/4/cache/breeze/150/cmd/sc_firstslide.png
soffice.bin /config/.config/libreoffice/4/cache/breeze/150/cmd/sc_firstslide.png
soffice.bin /config/.config/libreoffice/4/cache/breeze/150/cmd/sc_previousslide.png
soffice.bin /config/.config/libreoffice/4/cache/breeze/150/cmd/sc_previousslide.png
soffice.bin /config/.config/libreoffice/4/cache/breeze/150/cmd/sc_previousslide.png
soffice.bin /config/.config/libreoffice/4/cache/breeze/150/cmd/sc_previousslide.png
soffice.bin /config/.config/libreoffice/4/cache/breeze/150/cmd/sc_nextslide.png
soffice.bin /config/.config/libreoffice/4/cache/breeze/150/cmd/sc_nextslide.png
soffice.bin /config/.config/libreoffice/4/cache/breeze/150/cmd/sc_nextslide.png
soffice.bin /config/.config/libreoffice/4/cache/breeze/150/cmd/sc_nextslide.png
soffice.bin /config/.config/libreoffice/4/cache/breeze/150/cmd/sc_lastslide.png
soffice.bin /config/.config/libreoffice/4/cache/breeze/150/cmd/sc_lastslide.png
soffice.bin /config/.config/libreoffice/4/cache/breeze/150/cmd/sc_lastslide.png
soffice.bin /config/.config/libreoffice/4/cache/breeze/150/cmd/sc_lastslide.png
soffice.bin /config/.config/libreoffice/4/cache/breeze/150/cmd/sc_presentation.png
soffice.bin /config/.config/libreoffice/4/cache/breeze/150/cmd/sc_presentation.png
soffice.bin /config/.config/libreoffice/4/cache/breeze/150/cmd/sc_presentation.png
soffice.bin /config/.config/libreoffice/4/cache/breeze/150/cmd/sc_presentation.png
soffice.bin /config/.config/libreoffice/4/cache/breeze/150/cmd/sc_presentationcurrentslide.png
soffice.bin /config/.config/libreoffice/4/cache/breeze/150/cmd/sc_presentationcurrentslide.png
soffice.bin /config/.config/libreoffice/4/cache/breeze/150/cmd/sc_customshowdialog.png
soffice.bin /config/.config/libreoffice/4/cache/breeze/150/cmd/sc_customshowdialog.png
soffice.bin /config/.config/libreoffice/4/cache/breeze/150/cmd/sc_remote.png
soffice.bin /config/.config/libreoffice/4/cache/colibre/150/cmd/sc_remote.png
soffice.bin /config/.config/libreoffice/4/cache/breeze/150/cmd/sc_presentationdialog.png
soffice.bin /config/.config/libreoffice/4/cache/breeze/150/cmd/sc_presentationdialog.png
soffice.bin /config/.config/libreoffice/4/cache/breeze/150/cmd/sc_spelldialog.png
soffice.bin /config/.config/libreoffice/4/cache/breeze/150/cmd/sc_spelldialog.png
soffice.bin /config/.config/libreoffice/4/cache/breeze/150/cmd/sc_spelldialog.png
soffice.bin /config/.config/libreoffice/4/cache/breeze/150/cmd/sc_spelldialog.png
soffice.bin /config/.config/libreoffice/4/cache/breeze/150/cmd/sc_spellonline.png
soffice.bin /config/.config/libreoffice/4/cache/breeze/150/cmd/sc_spellonline.png
soffice.bin /config/.config/libreoffice/4/cache/breeze/150/cmd/sc_languagemenu.png
soffice.bin /config/.config/libreoffice/4/cache/breeze/150/cmd/sc_languagemenu.png
soffice.bin /config/.config/libreoffice/4/cache/breeze/150/cmd/sc_languagemenu.png
soffice.bin /config/.config/libreoffice/4/cache/breeze/150/cmd/sc_languagemenu.png
soffice.bin /config/.config/libreoffice/4/cache/breeze/150/cmd/sc_autocorrectdlg.png
soffice.bin /config/.config/libreoffice/4/cache/breeze/150/cmd/sc_autocorrectdlg.png
soffice.bin /config/.config/libreoffice/4/cache/breeze/150/cmd/sc_presentationminimizer.png
soffice.bin /config/.config/libreoffice/4/cache/breeze/150/cmd/sc_presentationminimizer.png
soffice.bin /config/.config/libreoffice/4/cache/breeze/150/cmd/sc_imagemapdialog.png
soffice.bin /config/.config/libreoffice/4/cache/breeze/150/cmd/sc_imagemapdialog.png
soffice.bin /config/.config/libreoffice/4/cache/breeze/150/cmd/sc_bmpmask.png
soffice.bin /config/.config/libreoffice/4/cache/breeze/150/cmd/sc_bmpmask.png
soffice.bin /config/.config/libreoffice/4/cache/breeze/150/cmd/sc_avmediaplayer.png
soffice.bin /config/.config/libreoffice/4/cache/breeze/150/cmd/sc_avmediaplayer.png
soffice.bin /config/.config/libreoffice/4/cache/breeze/150/cmd/sc_toolsformsmenu.png
soffice.bin /config/.config/libreoffice/4/cache/breeze/150/cmd/sc_toolsformsmenu.png
soffice.bin /config/.config/libreoffice/4/cache/breeze/150/cmd/sc_toolsformsmenu.png
soffice.bin /config/.config/libreoffice/4/cache/breeze/150/cmd/sc_toolsformsmenu.png
soffice.bin /config/.config/libreoffice/4/cache/breeze/150/cmd/sc_macrosmenu.png
soffice.bin /config/.config/libreoffice/4/cache/breeze/150/cmd/sc_macrosmenu.png
soffice.bin /config/.config/libreoffice/4/cache/breeze/150/cmd/sc_macrosmenu.png
soffice.bin /config/.config/libreoffice/4/cache/breeze/150/cmd/sc_macrosmenu.png
soffice.bin /config/.config/libreoffice/4/cache/breeze/150/cmd/sc_developmenttoolsdockingwindow.png
soffice.bin /config/.config/libreoffice/4/cache/breeze/150/cmd/sc_developmenttoolsdockingwindow.png
soffice.bin /config/.config/libreoffice/4/cache/breeze/150/cmd/sc_openxmlfiltersettings.png
soffice.bin /config/.config/libreoffice/4/cache/breeze/150/cmd/sc_openxmlfiltersettings.png
soffice.bin /config/.config/libreoffice/4/cache/breeze/150/cmd/sc_openxmlfiltersettings.png
soffice.bin /config/.config/libreoffice/4/cache/breeze/150/cmd/sc_openxmlfiltersettings.png
soffice.bin /config/.config/libreoffice/4/cache/breeze/150/cmd/sc_optionstreedialog.png
soffice.bin /config/.config/libreoffice/4/cache/breeze/150/cmd/sc_optionstreedialog.png
soffice.bin /config/.config/libreoffice/4/cache/breeze/150/cmd/sc_optionstreedialog.png
soffice.bin /config/.config/libreoffice/4/cache/breeze/150/cmd/sc_optionstreedialog.png
soffice.bin /config/.config/libreoffice/4/cache/breeze/150/cmd/sc_switchcontroldesignmode.png
soffice.bin /config/.config/libreoffice/4/cache/breeze/150/cmd/sc_switchcontroldesignmode.png
soffice.bin /config/.config/libreoffice/4/cache/breeze/150/cmd/sc_switchcontroldesignmode.png
soffice.bin /config/.config/libreoffice/4/cache/breeze/150/cmd/sc_switchcontroldesignmode.png
soffice.bin /config/.config/libreoffice/4/cache/breeze/150/cmd/sc_usewizards.png
soffice.bin /config/.config/libreoffice/4/cache/breeze/150/cmd/sc_usewizards.png
soffice.bin /config/.config/libreoffice/4/cache/breeze/150/cmd/sc_usewizards.png
soffice.bin /config/.config/libreoffice/4/cache/breeze/150/cmd/sc_usewizards.png
soffice.bin /config/.config/libreoffice/4/cache/breeze/150/cmd/sc_controlproperties.png
soffice.bin /config/.config/libreoffice/4/cache/breeze/150/cmd/sc_controlproperties.png
soffice.bin /config/.config/libreoffice/4/cache/breeze/150/cmd/sc_formproperties.png
soffice.bin /config/.config/libreoffice/4/cache/breeze/150/cmd/sc_formproperties.png
soffice.bin /config/.config/libreoffice/4/cache/breeze/150/cmd/sc_showfmexplorer.png
soffice.bin /config/.config/libreoffice/4/cache/breeze/150/cmd/sc_showfmexplorer.png
soffice.bin /config/.config/libreoffice/4/cache/breeze/150/cmd/sc_tabdialog.png
soffice.bin /config/.config/libreoffice/4/cache/breeze/150/cmd/sc_tabdialog.png
soffice.bin /config/.config/libreoffice/4/cache/breeze/150/cmd/sc_addfield.png
soffice.bin /config/.config/libreoffice/4/cache/breeze/150/cmd/sc_addfield.png
soffice.bin /config/.config/libreoffice/4/cache/breeze/150/cmd/sc_openreadonly.png
soffice.bin /config/.config/libreoffice/4/cache/breeze/150/cmd/sc_openreadonly.png
soffice.bin /config/.config/libreoffice/4/cache/breeze/150/cmd/sc_autocontrolfocus.png
soffice.bin /config/.config/libreoffice/4/cache/breeze/150/cmd/sc_autocontrolfocus.png
soffice.bin /config/.config/libreoffice/4/cache/breeze/150/cmd/sc_macrorecorder.png
soffice.bin /config/.config/libreoffice/4/cache/breeze/150/cmd/sc_macrorecorder.png
soffice.bin /config/.config/libreoffice/4/cache/breeze/150/cmd/sc_runmacro.png
soffice.bin /config/.config/libreoffice/4/cache/breeze/150/cmd/sc_runmacro.png
soffice.bin /config/.config/libreoffice/4/cache/breeze/150/cmd/sc_basicideappear.png
soffice.bin /config/.config/libreoffice/4/cache/breeze/150/cmd/sc_basicideappear.png
soffice.bin /config/.config/libreoffice/4/cache/breeze/150/cmd/sc_scriptorganizer.png
soffice.bin /config/.config/libreoffice/4/cache/breeze/150/cmd/sc_scriptorganizer.png
soffice.bin /config/.config/libreoffice/4/cache/breeze/150/cmd/sc_macrosignature.png
soffice.bin /config/.config/libreoffice/4/cache/colibre/150/cmd/sc_macrosignature.png
soffice.bin /config/.config/libreoffice/4/cache/breeze/150/cmd/sc_newwindow.png
soffice.bin /config/.config/libreoffice/4/cache/breeze/150/cmd/sc_newwindow.png
soffice.bin /config/.config/libreoffice/4/cache/breeze/150/cmd/sc_closewin.png
soffice.bin /config/.config/libreoffice/4/cache/breeze/150/cmd/sc_closewin.png
soffice.bin /config/.config/libreoffice/4/cache/breeze/150/cmd/sc_closewin.png
soffice.bin /config/.config/libreoffice/4/cache/breeze/150/cmd/sc_closewin.png
soffice.bin /config/.config/libreoffice/4/cache/breeze/150/cmd/sc_helpindex.png
soffice.bin /config/.config/libreoffice/4/cache/breeze/150/cmd/sc_helpindex.png
soffice.bin /config/.config/libreoffice/4/cache/breeze/150/cmd/sc_extendedhelp.png
soffice.bin /config/.config/libreoffice/4/cache/breeze/150/cmd/sc_extendedhelp.png
soffice.bin /config/.config/libreoffice/4/cache/breeze/150/cmd/sc_documentation.png
soffice.bin /config/.config/libreoffice/4/cache/breeze/150/cmd/sc_documentation.png
soffice.bin /config/.config/libreoffice/4/cache/breeze/150/cmd/sc_tipoftheday.png
soffice.bin /config/.config/libreoffice/4/cache/colibre/150/cmd/sc_tipoftheday.png
soffice.bin /config/.config/libreoffice/4/cache/breeze/150/cmd/sc_commandpopup.png
soffice.bin /config/.config/libreoffice/4/cache/colibre/150/cmd/sc_commandpopup.png
soffice.bin /config/.config/libreoffice/4/cache/breeze/150/cmd/sc_questionanswers.png
soffice.bin /config/.config/libreoffice/4/cache/breeze/150/cmd/sc_questionanswers.png
soffice.bin /config/.config/libreoffice/4/cache/breeze/150/cmd/sc_sendfeedback.png
soffice.bin /config/.config/libreoffice/4/cache/breeze/150/cmd/sc_sendfeedback.png
soffice.bin /config/.config/libreoffice/4/cache/breeze/150/cmd/sc_safemode.png
soffice.bin /config/.config/libreoffice/4/cache/breeze/150/cmd/sc_safemode.png
soffice.bin /config/.config/libreoffice/4/cache/breeze/150/cmd/sc_getinvolved.png
soffice.bin /config/.config/libreoffice/4/cache/breeze/150/cmd/sc_getinvolved.png
soffice.bin /config/.config/libreoffice/4/cache/breeze/150/cmd/sc_showlicense.png
soffice.bin /config/.config/libreoffice/4/cache/breeze/150/cmd/sc_showlicense.png
soffice.bin /config/.config/libreoffice/4/cache/breeze/150/cmd/sc_about.png
soffice.bin /config/.config/libreoffice/4/cache/breeze/150/cmd/sc_about.png
soffice.bin /config/.config/libreoffice/4/cache/breeze/150/svx/res/pageshadow35x35.png
soffice.bin /config/.config/libreoffice/4/cache/colibre/150/svx/res/pageshadow35x35.png
soffice.bin /config/.config/libreoffice/4/cache/colibre/150/svx/res/pageshadow35x35.png
soffice.bin /dev/urandom
soffice.bin /dev/urandom
soffice.bin /dev/urandom
soffice.bin /usr/share/fonts/truetype/liberation/LiberationSerif-Regular.ttf
soffice.bin /usr/share/fonts/truetype/liberation/LiberationSans-Regular.ttf
soffice.bin /config/.config/libreoffice/4/user/config/soffice.cfg/modules/simpress/toolbar
soffice.bin /usr/lib/libreoffice/share/config/soffice.cfg/modules/simpress/toolbar/standardbar.xml
soffice.bin /config/.config/libreoffice/4/cache/breeze/150/cmd/lc_helpindex.png
soffice.bin /config/.config/libreoffice/4/cache/breeze/150/cmd/lc_helpindex.png
soffice.bin /config/.config/libreoffice/4/cache/breeze/150/cmd/lc_animationeffects.png
soffice.bin /config/.config/libreoffice/4/cache/breeze/150/cmd/lc_animationeffects.png
soffice.bin /config/.config/libreoffice/4/cache/breeze/150/cmd/lc_insertavmedia.png
soffice.bin /config/.config/libreoffice/4/cache/breeze/150/cmd/lc_insertavmedia.png
soffice.bin /config/.config/libreoffice/4/cache/breeze/150/cmd/lc_hyperlinkdialog.png
soffice.bin /config/.config/libreoffice/4/cache/breeze/150/cmd/lc_hyperlinkdialog.png
soffice.bin /config/.config/libreoffice/4/cache/breeze/150/cmd/lc_insertgraphic.png
soffice.bin /config/.config/libreoffice/4/cache/breeze/150/cmd/lc_insertgraphic.png
soffice.bin /config/.config/libreoffice/4/cache/breeze/150/cmd/lc_presentation.png
soffice.bin /config/.config/libreoffice/4/cache/breeze/150/cmd/lc_presentation.png
soffice.bin /config/.config/libreoffice/4/cache/breeze/150/cmd/lc_cut.png
soffice.bin /config/.config/libreoffice/4/cache/breeze/150/cmd/lc_cut.png
soffice.bin /config/.config/libreoffice/4/cache/breeze/150/cmd/lc_helplinesmove.png
soffice.bin /config/.config/libreoffice/4/cache/breeze/150/cmd/lc_helplinesmove.png
soffice.bin /config/.config/libreoffice/4/cache/breeze/150/cmd/lc_print.png
soffice.bin /config/.config/libreoffice/4/cache/breeze/150/cmd/lc_print.png
soffice.bin /config/.config/libreoffice/4/cache/breeze/150/cmd/lc_openremote.png
soffice.bin /config/.config/libreoffice/4/cache/breeze/150/cmd/lc_openremote.png
soffice.bin /config/.config/libreoffice/4/cache/breeze/150/cmd/lc_exportdirecttopdf.png
soffice.bin /config/.config/libreoffice/4/cache/breeze/150/cmd/lc_exportdirecttopdf.png
soffice.bin /config/.config/libreoffice/4/cache/breeze/150/cmd/lc_editdoc.png
soffice.bin /config/.config/libreoffice/4/cache/breeze/150/cmd/lc_editdoc.png
soffice.bin /config/.config/libreoffice/4/cache/breeze/150/cmd/lc_slidesetup.png
soffice.bin /config/.config/libreoffice/4/cache/breeze/150/cmd/lc_slidesetup.png
soffice.bin /config/.config/libreoffice/4/cache/breeze/150/cmd/lc_sendmail.png
soffice.bin /config/.config/libreoffice/4/cache/breeze/150/cmd/lc_sendmail.png
soffice.bin /config/.config/libreoffice/4/cache/breeze/150/cmd/lc_save.png
soffice.bin /config/.config/libreoffice/4/cache/breeze/150/cmd/lc_save.png
soffice.bin /config/.config/libreoffice/4/cache/breeze/150/cmd/lc_spellonline.png
soffice.bin /config/.config/libreoffice/4/cache/breeze/150/cmd/lc_spellonline.png
soffice.bin /config/.config/libreoffice/4/cache/breeze/150/cmd/lc_saveas.png
soffice.bin /config/.config/libreoffice/4/cache/breeze/150/cmd/lc_saveas.png
soffice.bin /config/.config/libreoffice/4/cache/breeze/150/cmd/lc_charmapcontrol.png
soffice.bin /config/.config/libreoffice/4/cache/breeze/150/cmd/lc_charmapcontrol.png
soffice.bin /config/.config/libreoffice/4/cache/breeze/150/cmd/lc_presentationcurrentslide.png
soffice.bin /config/.config/libreoffice/4/cache/breeze/150/cmd/lc_presentationcurrentslide.png
soffice.bin /config/.config/libreoffice/4/cache/breeze/150/cmd/lc_open.png
soffice.bin /config/.config/libreoffice/4/cache/breeze/150/cmd/lc_open.png
soffice.bin /config/.config/libreoffice/4/cache/breeze/150/cmd/lc_slidemasterpage.png
soffice.bin /config/.config/libreoffice/4/cache/breeze/150/cmd/lc_slidemasterpage.png
soffice.bin /config/.config/libreoffice/4/cache/breeze/150/cmd/lc_newdoc.png
soffice.bin /config/.config/libreoffice/4/cache/breeze/150/cmd/lc_newdoc.png
soffice.bin /config/.config/libreoffice/4/cache/breeze/150/cmd/lc_displaymode.png
soffice.bin /config/.config/libreoffice/4/cache/breeze/150/cmd/lc_displaymode.png
soffice.bin /config/.config/libreoffice/4/cache/breeze/150/cmd/lc_printdefault.png
soffice.bin /config/.config/libreoffice/4/cache/breeze/150/cmd/lc_printdefault.png
soffice.bin /config/.config/libreoffice/4/cache/breeze/150/cmd/lc_insertdraw.png
soffice.bin /config/.config/libreoffice/4/cache/breeze/150/cmd/lc_insertdraw.png
soffice.bin /config/.config/libreoffice/4/cache/breeze/150/cmd/lc_adddirect.png
soffice.bin /config/.config/libreoffice/4/cache/breeze/150/cmd/lc_adddirect.png
soffice.bin /config/.config/libreoffice/4/cache/breeze/150/cmd/lc_openurl.png
soffice.bin /config/.config/libreoffice/4/cache/breeze/150/cmd/lc_openurl.png
soffice.bin /config/.config/libreoffice/4/cache/breeze/150/cmd/lc_copy.png
soffice.bin /config/.config/libreoffice/4/cache/breeze/150/cmd/lc_copy.png
soffice.bin /config/.config/libreoffice/4/cache/breeze/150/cmd/lc_paste.png
soffice.bin /config/.config/libreoffice/4/cache/breeze/150/cmd/lc_paste.png
soffice.bin /config/.config/libreoffice/4/cache/breeze/150/cmd/lc_extendedhelp.png
soffice.bin /config/.config/libreoffice/4/cache/breeze/150/cmd/lc_extendedhelp.png
soffice.bin /config/.config/libreoffice/4/cache/breeze/150/cmd/lc_setdefault.png
soffice.bin /config/.config/libreoffice/4/cache/breeze/150/cmd/lc_setdefault.png
soffice.bin /config/.config/libreoffice/4/cache/breeze/150/cmd/lc_formatpaintbrush.png
soffice.bin /config/.config/libreoffice/4/cache/breeze/150/cmd/lc_formatpaintbrush.png
soffice.bin /config/.config/libreoffice/4/cache/breeze/150/cmd/lc_undo.png
soffice.bin /config/.config/libreoffice/4/cache/breeze/150/cmd/lc_undo.png
soffice.bin /config/.config/libreoffice/4/cache/breeze/150/cmd/lc_searchdialog.png
soffice.bin /config/.config/libreoffice/4/cache/breeze/150/cmd/lc_searchdialog.png
soffice.bin /config/.config/libreoffice/4/cache/breeze/150/cmd/lc_spelldialog.png
soffice.bin /config/.config/libreoffice/4/cache/breeze/150/cmd/lc_spelldialog.png
soffice.bin /config/.config/libreoffice/4/cache/breeze/150/cmd/lc_redo.png
soffice.bin /config/.config/libreoffice/4/cache/breeze/150/cmd/lc_redo.png
soffice.bin /config/.config/libreoffice/4/cache/breeze/150/cmd/lc_gridvisible.png
soffice.bin /config/.config/libreoffice/4/cache/breeze/150/cmd/lc_gridvisible.png
soffice.bin /config/.config/libreoffice/4/cache/breeze/150/cmd/lc_inserttable.png
soffice.bin /config/.config/libreoffice/4/cache/breeze/150/cmd/lc_inserttable.png
soffice.bin /config/.config/libreoffice/4/cache/breeze/150/cmd/lc_griduse.png
soffice.bin /config/.config/libreoffice/4/cache/breeze/150/cmd/lc_griduse.png
soffice.bin /config/.config/libreoffice/4/cache/breeze/150/cmd/lc_toggletabbarvisibility.png
soffice.bin /config/.config/libreoffice/4/cache/breeze/150/cmd/lc_toggletabbarvisibility.png
soffice.bin /config/.config/libreoffice/4/cache/breeze/150/res/sx03139.png
soffice.bin /config/.config/libreoffice/4/cache/breeze/150/res/sx03139.png
soffice.bin /config/.config/libreoffice/4/cache/breeze/150/cmd/lc_zoomtoolbox.png
soffice.bin /config/.config/libreoffice/4/cache/breeze/150/cmd/lc_zoomtoolbox.png
soffice.bin /config/.config/libreoffice/4/cache/breeze/150/sd/res/displaymode_slide.png
soffice.bin /config/.config/libreoffice/4/cache/breeze/150/sd/res/displaymode_slide.png
soffice.bin /config/.config/libreoffice/4/cache/breeze/150/cmd/lc_openurl.png
soffice.bin /config/.config/libreoffice/4/cache/breeze/150/cmd/lc_openurl.png
soffice.bin /config/.config/libreoffice/4/cache/breeze/150/cmd/lc_setdefault.png
soffice.bin /config/.config/libreoffice/4/cache/breeze/150/cmd/lc_setdefault.png
soffice.bin /config/.config/libreoffice/4/cache/breeze/150/cmd/lc_spelldialog.png
soffice.bin /config/.config/libreoffice/4/cache/breeze/150/cmd/lc_spelldialog.png
soffice.bin /config/.config/libreoffice/4/cache/breeze/150/cmd/lc_zoommode.png
soffice.bin /config/.config/libreoffice/4/cache/breeze/150/cmd/lc_zoommode.png
soffice.bin /config/.config/libreoffice/4/cache/breeze/150/cmd/lc_zoomplus.png
soffice.bin /config/.config/libreoffice/4/cache/breeze/150/cmd/lc_zoomplus.png
soffice.bin /config/.config/libreoffice/4/cache/breeze/150/cmd/lc_slidesetup.png
soffice.bin /config/.config/libreoffice/4/cache/breeze/150/cmd/lc_slidesetup.png
soffice.bin /config/.config/libreoffice/4/cache/breeze/150/cmd/lc_presentation.png
soffice.bin /config/.config/libreoffice/4/cache/breeze/150/cmd/lc_presentation.png
soffice.bin /config/.config/libreoffice/4/cache/breeze/150/cmd/lc_insertavmedia.png
soffice.bin /config/.config/libreoffice/4/cache/breeze/150/cmd/lc_insertavmedia.png
soffice.bin /config/.config/libreoffice/4/cache/breeze/150/cmd/lc_insertobjectchart.png
soffice.bin /config/.config/libreoffice/4/cache/breeze/150/cmd/lc_insertobjectchart.png
soffice.bin /config/.config/libreoffice/4/cache/breeze/150/cmd/lc_hyperlinkdialog.png
soffice.bin /config/.config/libreoffice/4/cache/breeze/150/cmd/lc_hyperlinkdialog.png
soffice.bin /config/.config/libreoffice/4/user/config/soffice.cfg/modules/simpress/statusbar
soffice.bin /usr/lib/libreoffice/share/config/soffice.cfg/modules/simpress/statusbar
soffice.bin /usr/lib/libreoffice/share/config/soffice.cfg/modules/simpress/statusbar/statusbar.xml
soffice.bin /usr/lib/libreoffice/share/config/soffice.cfg/sfx/ui/tabbar.ui
soffice.bin /usr/lib/libreoffice/share/config/soffice.cfg/sfx/ui/tabbarcontents.ui
soffice.bin /config/.config/libreoffice/4/cache/breeze/150/sfx2/res/menu.png
soffice.bin /config/.config/libreoffice/4/cache/breeze/150/sfx2/res/menu.png
soffice.bin /config/.config/libreoffice/4/cache/breeze/150/sfx2/res/symphony/sidebar-property-large.png
soffice.bin /config/.config/libreoffice/4/cache/breeze/150/sfx2/res/symphony/sidebar-property-large.png
soffice.bin /config/.config/libreoffice/4/user/basic/script.xlc
soffice.bin /config/.config/libreoffice/4/user/basic/Standard/script.xlb
soffice.bin /usr/lib/libreoffice/share/basic/script.xlc
soffice.bin /usr/lib/libreoffice/share/basic/FormWizard/script.xlb
soffice.bin /usr/lib/libreoffice/share/basic/Template/script.xlb
soffice.bin /usr/lib/libreoffice/share/basic/Tools/script.xlb
soffice.bin /usr/lib/libreoffice/share/basic/Gimmicks/script.xlb
soffice.bin /usr/lib/libreoffice/share/basic/ImportWizard/script.xlb
soffice.bin /usr/lib/libreoffice/share/basic/Euro/script.xlb
soffice.bin /usr/lib/libreoffice/share/basic/Depot/script.xlb
soffice.bin /usr/lib/libreoffice/share/basic/ScriptBindingLibrary/script.xlb
soffice.bin /usr/lib/libreoffice/share/basic/Access2Base/script.xlb
soffice.bin /usr/lib/libreoffice/share/basic/ScriptForge/script.xlb
soffice.bin /usr/lib/libreoffice/share/basic/SFDatabases/script.xlb
soffice.bin /usr/lib/libreoffice/share/basic/SFDialogs/script.xlb
soffice.bin /usr/lib/libreoffice/share/basic/SFDocuments/script.xlb
soffice.bin /usr/lib/libreoffice/share/basic/SFUnitTests/script.xlb
soffice.bin /usr/lib/libreoffice/share/basic/SFWidgets/script.xlb
soffice.bin /config/.config/libreoffice/4/user/basic/dialog.xlc
soffice.bin /config/.config/libreoffice/4/user/basic/Standard/dialog.xlb
soffice.bin /usr/lib/libreoffice/share/basic/dialog.xlc
soffice.bin /usr/lib/libreoffice/share/basic/FormWizard/dialog.xlb
soffice.bin /usr/lib/libreoffice/share/basic/Template/dialog.xlb
soffice.bin /usr/lib/libreoffice/share/basic/Tools/dialog.xlb
soffice.bin /usr/lib/libreoffice/share/basic/Gimmicks/dialog.xlb
soffice.bin /usr/lib/libreoffice/share/basic/ImportWizard/dialog.xlb
soffice.bin /usr/lib/libreoffice/share/basic/Euro/dialog.xlb
soffice.bin /usr/lib/libreoffice/share/basic/Depot/dialog.xlb
soffice.bin /usr/lib/libreoffice/share/basic/ScriptBindingLibrary/dialog.xlb
soffice.bin /usr/lib/libreoffice/share/basic/Access2Base/dialog.xlb
soffice.bin /usr/lib/libreoffice/share/basic/ScriptForge/dialog.xlb
soffice.bin /usr/lib/libreoffice/share/basic/SFDatabases/dialog.xlb
soffice.bin /usr/lib/libreoffice/share/basic/SFDialogs/dialog.xlb
soffice.bin /usr/lib/libreoffice/share/basic/SFDocuments/dialog.xlb
soffice.bin /usr/lib/libreoffice/share/basic/SFUnitTests/dialog.xlb
soffice.bin /usr/lib/libreoffice/share/basic/SFWidgets/dialog.xlb
soffice.bin /config/.config/libreoffice/4/user/basic/Standard/Module1.xba
soffice.bin /usr/lib/libreoffice/share/config/soffice.cfg/sfx/ui/tabbutton.ui
soffice.bin /usr/lib/libreoffice/share/config/soffice.cfg/sfx/ui/tabbutton.ui
soffice.bin /usr/lib/libreoffice/share/config/soffice.cfg/sfx/ui/tabbutton.ui
xclip /etc/ld.so.cache
soffice.bin /usr/lib/libreoffice/share/config/soffice.cfg/sfx/ui/tabbutton.ui
xclip /lib/x86_64-linux-gnu/libXmu.so.6
soffice.bin /usr/lib/libreoffice/share/config/soffice.cfg/sfx/ui/tabbutton.ui
xclip /lib/x86_64-linux-gnu/libX11.so.6
xclip /lib/x86_64-linux-gnu/libc.so.6
soffice.bin /usr/lib/libreoffice/share/config/soffice.cfg/sfx/ui/tabbutton.ui
xclip /lib/x86_64-linux-gnu/libXt.so.6
soffice.bin /usr/lib/libreoffice/share/config/soffice.cfg/sfx/ui/tabbutton.ui
xclip /lib/x86_64-linux-gnu/libXext.so.6
soffice.bin /usr/lib/libreoffice/share/config/soffice.cfg/sfx/ui/tabbutton.ui
xclip /lib/x86_64-linux-gnu/libxcb.so.1
soffice.bin /config/.config/libreoffice/4/cache/breeze/150/sfx2/res/symphony/sidebar-property-large.png
xclip /lib/x86_64-linux-gnu/libSM.so.6
soffice.bin /config/.config/libreoffice/4/cache/breeze/150/sfx2/res/symphony/sidebar-property-large.png
xclip /lib/x86_64-linux-gnu/libICE.so.6
xclip /lib/x86_64-linux-gnu/libXau.so.6
soffice.bin /config/.config/libreoffice/4/cache/breeze/150/sfx2/res/symphony/sidebar-style-large.png
xclip /lib/x86_64-linux-gnu/libXdmcp.so.6
soffice.bin /config/.config/libreoffice/4/cache/breeze/150/sfx2/res/symphony/sidebar-style-large.png
xclip /lib/x86_64-linux-gnu/libuuid.so.1
xclip /lib/x86_64-linux-gnu/libbsd.so.0
soffice.bin /config/.config/libreoffice/4/cache/breeze/150/sfx2/res/symphony/sidebar-gallery-large.png
xclip /lib/x86_64-linux-gnu/libmd.so.0
soffice.bin /config/.config/libreoffice/4/cache/breeze/150/sfx2/res/symphony/sidebar-gallery-large.png
soffice.bin /config/.config/libreoffice/4/cache/breeze/150/sfx2/res/symphony/sidebar-navigator-large.png
soffice.bin /config/.config/libreoffice/4/cache/breeze/150/sfx2/res/symphony/sidebar-navigator-large.png
xclip /usr/share/X11/locale/locale.alias
soffice.bin /config/.config/libreoffice/4/cache/breeze/150/cmd/lc_basicshapes.png
soffice.bin /config/.config/libreoffice/4/cache/breeze/150/cmd/lc_basicshapes.png
xclip /usr/share/X11/locale/locale.dir
soffice.bin /config/.config/libreoffice/4/cache/breeze/150/sfx2/res/symphony/sidebar-transition-large.png
xclip /usr/share/X11/locale/C/XLC_LOCALE
soffice.bin /config/.config/libreoffice/4/cache/breeze/150/sfx2/res/symphony/sidebar-transition-large.png
xclip /usr/share/X11/locale/locale.alias
soffice.bin /config/.config/libreoffice/4/cache/breeze/150/sfx2/res/symphony/sidebar-animation-large.png
soffice.bin /config/.config/libreoffice/4/cache/breeze/150/sfx2/res/symphony/sidebar-animation-large.png
xclip /usr/share/X11/locale/locale.dir
xclip /usr/share/X11/locale/C/XLC_LOCALE
soffice.bin /config/.config/libreoffice/4/cache/breeze/150/sfx2/res/symphony/sidebar-template-large.png
soffice.bin /config/.config/libreoffice/4/cache/breeze/150/sfx2/res/symphony/sidebar-template-large.png
Xvfb /proc/1423/cmdline
soffice.bin /usr/lib/libreoffice/share/config/soffice.cfg/sfx/ui/deck.ui
soffice.bin /config/.config/libreoffice/4/cache/breeze/150/sfx2/res/grip.png
soffice.bin /config/.config/libreoffice/4/cache/breeze/150/sfx2/res/grip.png
soffice.bin /usr/lib/libreoffice/share/config/soffice.cfg/sfx/ui/panel.ui
soffice.bin /config/.config/libreoffice/4/cache/breeze/150/sfx2/res/symphony/morebutton.png
soffice.bin /config/.config/libreoffice/4/cache/breeze/150/sfx2/res/symphony/morebutton.png
soffice.bin /usr/lib/libreoffice/share/config/soffice.cfg/modules/simpress/ui/sidebarslidebackground.ui
soffice.bin /usr/lib/libreoffice/share/palette/standard.soc
soffice.bin /usr/lib/libreoffice/share/palette/standard.soc
soffice.bin /usr/lib/libreoffice/share/palette/standard.soc
soffice.bin /usr/lib/libreoffice/share/config/soffice.cfg/sfx/ui/panel.ui
soffice.bin /usr/lib/libreoffice/share/config/soffice.cfg/modules/simpress/ui/layoutpanel.ui
soffice.bin /config/.config/libreoffice/4/cache/breeze/150/sd/res/layout_empty.png
soffice.bin /config/.config/libreoffice/4/cache/breeze/150/sd/res/layout_empty.png
soffice.bin /config/.config/libreoffice/4/cache/breeze/150/sfx2/res/symphony/sidebar-property-large.png
soffice.bin /config/.config/libreoffice/4/cache/breeze/150/sfx2/res/symphony/sidebar-property-large.png
soffice.bin /config/.config/libreoffice/4/cache/breeze/150/sfx2/res/symphony/sidebar-style-large.png
soffice.bin /config/.config/libreoffice/4/cache/breeze/150/sfx2/res/symphony/sidebar-style-large.png
soffice.bin /config/.config/libreoffice/4/cache/breeze/150/sfx2/res/symphony/sidebar-gallery-large.png
soffice.bin /config/.config/libreoffice/4/cache/breeze/150/sfx2/res/symphony/sidebar-gallery-large.png
soffice.bin /config/.config/libreoffice/4/cache/breeze/150/sfx2/res/symphony/sidebar-navigator-large.png
soffice.bin /config/.config/libreoffice/4/cache/breeze/150/sfx2/res/symphony/sidebar-navigator-large.png
soffice.bin /config/.config/libreoffice/4/cache/breeze/150/cmd/lc_basicshapes.png
soffice.bin /config/.config/libreoffice/4/cache/breeze/150/cmd/lc_basicshapes.png
soffice.bin /config/.config/libreoffice/4/cache/breeze/150/sfx2/res/symphony/sidebar-transition-large.png
soffice.bin /config/.config/libreoffice/4/cache/breeze/150/sfx2/res/symphony/sidebar-transition-large.png
soffice.bin /config/.config/libreoffice/4/cache/breeze/150/sfx2/res/symphony/sidebar-animation-large.png
soffice.bin /config/.config/libreoffice/4/cache/breeze/150/sfx2/res/symphony/sidebar-animation-large.png
soffice.bin /usr/lib/libreoffice/share/config/soffice.cfg/sfx/ui/templatedlg.ui
soffice.bin /config/.config/libreoffice/4/cache/breeze/150/vcl/res/check1.png
soffice.bin /config/.config/libreoffice/4/cache/breeze/150/vcl/res/check1.png
soffice.bin /config/.config/libreoffice/4/cache/breeze/150/vcl/res/check2.png
soffice.bin /config/.config/libreoffice/4/cache/breeze/150/vcl/res/check2.png
soffice.bin /config/.config/libreoffice/4/cache/breeze/150/vcl/res/check3.png
soffice.bin /config/.config/libreoffice/4/cache/breeze/150/vcl/res/check3.png
soffice.bin /config/.config/libreoffice/4/cache/breeze/150/vcl/res/check4.png
soffice.bin /config/.config/libreoffice/4/cache/breeze/150/vcl/res/check4.png
soffice.bin /config/.config/libreoffice/4/cache/breeze/150/vcl/res/check5.png
soffice.bin /config/.config/libreoffice/4/cache/breeze/150/vcl/res/check5.png
soffice.bin /config/.config/libreoffice/4/cache/breeze/150/vcl/res/check6.png
soffice.bin /config/.config/libreoffice/4/cache/breeze/150/vcl/res/check6.png
soffice.bin /config/.config/libreoffice/4/cache/breeze/150/vcl/res/check7.png
soffice.bin /config/.config/libreoffice/4/cache/breeze/150/vcl/res/check7.png
soffice.bin /config/.config/libreoffice/4/cache/breeze/150/vcl/res/check8.png
soffice.bin /config/.config/libreoffice/4/cache/breeze/150/vcl/res/check8.png
soffice.bin /config/.config/libreoffice/4/cache/breeze/150/vcl/res/check9.png
soffice.bin /config/.config/libreoffice/4/cache/breeze/150/vcl/res/check9.png
soffice.bin /config/.config/libreoffice/4/cache/breeze/150/vcl/res/radio1.png
soffice.bin /config/.config/libreoffice/4/cache/breeze/150/vcl/res/radio1.png
soffice.bin /config/.config/libreoffice/4/cache/breeze/150/vcl/res/radio2.png
soffice.bin /config/.config/libreoffice/4/cache/breeze/150/vcl/res/radio2.png
soffice.bin /config/.config/libreoffice/4/cache/breeze/150/vcl/res/radio3.png
soffice.bin /config/.config/libreoffice/4/cache/breeze/150/vcl/res/radio3.png
soffice.bin /config/.config/libreoffice/4/cache/breeze/150/vcl/res/radio4.png
soffice.bin /config/.config/libreoffice/4/cache/breeze/150/vcl/res/radio4.png
soffice.bin /config/.config/libreoffice/4/cache/breeze/150/vcl/res/radio5.png
soffice.bin /config/.config/libreoffice/4/cache/breeze/150/vcl/res/radio5.png
soffice.bin /config/.config/libreoffice/4/cache/breeze/150/vcl/res/radio6.png
soffice.bin /config/.config/libreoffice/4/cache/breeze/150/vcl/res/radio6.png
soffice.bin /config/.config/libreoffice/4/cache/breeze/150/res/minus.png
soffice.bin /config/.config/libreoffice/4/cache/breeze/150/res/minus.png
soffice.bin /config/.config/libreoffice/4/cache/breeze/150/res/plus.png
soffice.bin /config/.config/libreoffice/4/cache/breeze/150/res/plus.png
soffice.bin /config/.config/libreoffice/4/cache/breeze/150/cmd/sc_add.png
soffice.bin /config/.config/libreoffice/4/cache/breeze/150/cmd/sc_add.png
soffice.bin /config/.config/libreoffice/4/cache/breeze/150/cmd/sc_editdoc.png
soffice.bin /config/.config/libreoffice/4/cache/breeze/150/cmd/sc_editdoc.png
soffice.bin /config/.config/libreoffice/4/cache/breeze/150/cmd/sc_delete.png
soffice.bin /config/.config/libreoffice/4/cache/breeze/150/cmd/sc_delete.png
soffice.bin /config/.config/libreoffice/4/cache/breeze/150/res/odt_16_8.png
soffice.bin /config/.config/libreoffice/4/cache/breeze/150/res/odt_16_8.png
soffice.bin /config/.config/libreoffice/4/cache/breeze/150/res/ods_16_8.png
soffice.bin /config/.config/libreoffice/4/cache/breeze/150/res/ods_16_8.png
soffice.bin /config/.config/libreoffice/4/cache/breeze/150/res/odp_16_8.png
soffice.bin /config/.config/libreoffice/4/cache/breeze/150/res/odp_16_8.png
soffice.bin /config/.config/libreoffice/4/cache/breeze/150/res/odg_16_8.png
soffice.bin /config/.config/libreoffice/4/cache/breeze/150/res/odg_16_8.png
soffice.bin /config/.config/libreoffice/4/cache/breeze/150/cmd/sc_dataimport.png
soffice.bin /config/.config/libreoffice/4/cache/breeze/150/cmd/sc_dataimport.png
soffice.bin /config/.config/libreoffice/4/cache/breeze/150/cmd/sc_additionsdialog.png
soffice.bin /config/.config/libreoffice/4/cache/breeze/150/cmd/sc_additionsdialog.png
soffice.bin /etc/passwd
soffice.bin /config/Templates
soffice.bin /config/Templates
soffice.bin /config/.config/libreoffice/4/user/template
soffice.bin /config/.config/libreoffice/4/user/template
soffice.bin /usr/lib/libreoffice/share/template/en-US
soffice.bin /usr/lib/libreoffice/share/template/en-US
soffice.bin /usr/lib/libreoffice/share/template/en-US/forms
soffice.bin /usr/lib/libreoffice/share/template/en-US/officorr
soffice.bin /usr/lib/libreoffice/share/template/common
soffice.bin /usr/lib/libreoffice/share/template/common
soffice.bin /usr/lib/libreoffice/share/template/common/draw
soffice.bin /usr/lib/libreoffice/share/template/common/draw/bpmn.otg
soffice.bin /usr/lib/libreoffice/share/template/common/l10n
soffice.bin /usr/lib/libreoffice/share/template/common/l10n/ja_ott_normal.ott
soffice.bin /usr/lib/libreoffice/share/template/common/l10n/zh_CN_ott_normal.ott
soffice.bin /usr/lib/libreoffice/share/template/common/officorr
soffice.bin /usr/lib/libreoffice/share/template/common/officorr/Modern_business_letter_sans_serif.ott
soffice.bin /usr/lib/libreoffice/share/template/common/officorr/Modern_business_letter_serif.ott
soffice.bin /usr/lib/libreoffice/share/template/common/offimisc
soffice.bin /usr/lib/libreoffice/share/template/common/offimisc/Businesscard-with-logo.ott
soffice.bin /usr/lib/libreoffice/share/template/common/personal
soffice.bin /usr/lib/libreoffice/share/template/common/personal/CV.ott
soffice.bin /usr/lib/libreoffice/share/template/common/personal/Resume1page.ott
soffice.bin /usr/lib/libreoffice/share/template/common/presnt
soffice.bin /usr/lib/libreoffice/share/template/common/presnt/Beehive.otp
soffice.bin /usr/lib/libreoffice/share/template/common/presnt/Blue_Curve.otp
soffice.bin /usr/lib/libreoffice/share/template/common/presnt/Blueprint_Plans.otp
soffice.bin /usr/lib/libreoffice/share/template/common/presnt/Candy.otp
plasmashell /proc/1247/environ
plasmashell /proc/1247/stat
plasmashell /etc/passwd
plasmashell /proc/1247/cmdline
soffice.bin /usr/lib/libreoffice/share/template/common/presnt/DNA.otp
soffice.bin /usr/lib/libreoffice/share/template/common/presnt/Focus.otp
soffice.bin /usr/lib/libreoffice/share/template/common/presnt/Forestbird.otp
soffice.bin /usr/lib/libreoffice/share/template/common/presnt/Freshes.otp
soffice.bin /usr/lib/libreoffice/share/template/common/presnt/Grey_Elegant.otp
soffice.bin /usr/lib/libreoffice/share/template/common/presnt/Growing_Liberty.otp
selkies /proc/stat
selkies /proc/meminfo
soffice.bin /usr/lib/libreoffice/share/template/common/presnt/Inspiration.otp
soffice.bin /usr/lib/libreoffice/share/template/common/presnt/Lights.otp
soffice.bin /usr/lib/libreoffice/share/template/common/presnt/Metropolis.otp
soffice.bin /usr/lib/libreoffice/share/template/common/presnt/Midnightblue.otp
QQmlThread /usr/share/plasma/plasmoids/org.kde.plasma.taskmanager/contents/ui/inlinec
soffice.bin /usr/lib/libreoffice/share/template/common/presnt/Nature_Illustration.otp
QQmlThread /config/.cache/plasmashell/qmlcache/3807403dffe42867d027edf93e6c2cc872923bac.
soffice.bin /usr/lib/libreoffice/share/template/common/presnt/Pencil.otp
soffice.bin /usr/lib/libreoffice/share/template/common/presnt/Piano.otp
soffice.bin /usr/lib/libreoffice/share/template/common/presnt/Portfolio.otp
soffice.bin /usr/lib/libreoffice/share/template/common/presnt/Progress.otp
soffice.bin /usr/lib/libreoffice/share/template/common/presnt/Sunset.otp
soffice.bin /usr/lib/libreoffice/share/template/common/presnt/Vintage.otp
soffice.bin /usr/lib/libreoffice/share/template/common/presnt/Vivid.otp
soffice.bin /usr/lib/libreoffice/share/template/common/presnt/Yellow_Idea.otp
soffice.bin /usr/lib/libreoffice/share/template/common/styles
soffice.bin /usr/lib/libreoffice/share/template/common/styles/Default.ott
soffice.bin /usr/lib/libreoffice/share/template/common/styles/Modern.ott
soffice.bin /usr/lib/libreoffice/share/template/common/styles/Simple.ott
soffice.bin /usr/lib/libreoffice/share/template/common/officorr/Modern_business_letter_sans_serif.ott
soffice.bin /dev/urandom
soffice.bin /tmp/lu12471dk0v.tmp/lu1247{596A60CF-874A-4BC7-B905-CD331F83AF06}.tmp
soffice.bin /usr/lib/libreoffice/share/template/common/officorr/Modern_business_letter_serif.ott
soffice.bin /dev/urandom
soffice.bin /tmp/lu12471dk0v.tmp/lu1247{03E69FC3-0F0B-4FCD-9144-3285ACF3F897}.tmp
soffice.bin /usr/lib/libreoffice/share/template/common/draw/bpmn.otg
soffice.bin /dev/urandom
soffice.bin /tmp/lu12471dk0v.tmp/lu1247{2DEDE4FE-233A-4F11-9BA2-DE0A4B2EAD53}.tmp
soffice.bin /usr/lib/libreoffice/share/template/common/l10n/ja_ott_normal.ott
soffice.bin /dev/urandom
soffice.bin /tmp/lu12471dk0v.tmp/lu1247{D64E47DA-C2DB-4ECE-B380-BF27B521F5C7}.tmp
soffice.bin /usr/lib/libreoffice/share/template/common/l10n/zh_CN_ott_normal.ott
soffice.bin /dev/urandom
soffice.bin /tmp/lu12471dk0v.tmp/lu1247{5A6BF7D5-C9E6-4ED2-8741-D8E3893B9DC8}.tmp
soffice.bin /usr/lib/libreoffice/share/template/common/offimisc/Businesscard-with-logo.ott
soffice.bin /dev/urandom
soffice.bin /tmp/lu12471dk0v.tmp/lu1247{F21D6F86-F502-4C20-BD01-C88C8129A409}.tmp
soffice.bin /usr/lib/libreoffice/share/template/common/personal/CV.ott
soffice.bin /dev/urandom
soffice.bin /tmp/lu12471dk0v.tmp/lu1247{0D17B717-6CC4-4064-9474-036EA8007827}.tmp
soffice.bin /usr/lib/libreoffice/share/template/common/personal/Resume1page.ott
soffice.bin /dev/urandom
soffice.bin /tmp/lu12471dk0v.tmp/lu1247{FFF1CFAF-6A25-424A-BB65-01854BD3A601}.tmp
soffice.bin /usr/lib/libreoffice/share/template/common/presnt/Beehive.otp
soffice.bin /dev/urandom
soffice.bin /tmp/lu12471dk0v.tmp/lu1247{6F5A516E-7617-40C2-B20F-2FD6AEF8F575}.tmp
soffice.bin /usr/lib/libreoffice/share/template/common/presnt/Blue_Curve.otp
soffice.bin /dev/urandom
soffice.bin /tmp/lu12471dk0v.tmp/lu1247{35834A2D-F542-4F33-9A18-BDA0B806FC2C}.tmp
soffice.bin /usr/lib/libreoffice/share/template/common/presnt/Blueprint_Plans.otp
soffice.bin /dev/urandom
soffice.bin /tmp/lu12471dk0v.tmp/lu1247{64716263-1798-4088-A139-390BA2AEB830}.tmp
soffice.bin /usr/lib/libreoffice/share/template/common/presnt/Candy.otp
soffice.bin /dev/urandom
soffice.bin /tmp/lu12471dk0v.tmp/lu1247{F04B01E0-D824-4B02-AC3D-3675B0C16EBB}.tmp
soffice.bin /usr/lib/libreoffice/share/template/common/presnt/DNA.otp
soffice.bin /dev/urandom
soffice.bin /tmp/lu12471dk0v.tmp/lu1247{8CF81859-7687-4CB9-A3C9-592B76515AE8}.tmp
soffice.bin /usr/lib/libreoffice/share/template/common/presnt/Focus.otp
soffice.bin /dev/urandom
soffice.bin /tmp/lu12471dk0v.tmp/lu1247{48A7831F-DAAE-4E28-B1BB-AEFD02A75DCC}.tmp
soffice.bin /usr/lib/libreoffice/share/template/common/presnt/Forestbird.otp
soffice.bin /dev/urandom
soffice.bin /tmp/lu12471dk0v.tmp/lu1247{7D8CAC45-ECAB-4865-BF68-8ED33A9A7C10}.tmp
soffice.bin /usr/lib/libreoffice/share/template/common/presnt/Freshes.otp
soffice.bin /dev/urandom
soffice.bin /tmp/lu12471dk0v.tmp/lu1247{C9B07464-E227-4237-99D1-21BBD7D259B2}.tmp
soffice.bin /usr/lib/libreoffice/share/template/common/presnt/Grey_Elegant.otp
soffice.bin /dev/urandom
soffice.bin /tmp/lu12471dk0v.tmp/lu1247{EB341F72-392A-4A5E-81F4-29FC1F79ECF3}.tmp
soffice.bin /usr/lib/libreoffice/share/template/common/presnt/Growing_Liberty.otp
soffice.bin /dev/urandom
soffice.bin /tmp/lu12471dk0v.tmp/lu1247{E46B5FFB-5A51-4B3A-81D8-63BD28B470D7}.tmp
soffice.bin /usr/lib/libreoffice/share/template/common/presnt/Inspiration.otp
soffice.bin /dev/urandom
soffice.bin /tmp/lu12471dk0v.tmp/lu1247{6BB3E6DE-FD5F-4006-A956-E8C0C60070CF}.tmp
soffice.bin /usr/lib/libreoffice/share/template/common/presnt/Lights.otp
soffice.bin /dev/urandom
soffice.bin /tmp/lu12471dk0v.tmp/lu1247{4A2DE312-45E5-42FA-8230-A07B6053DDD9}.tmp
soffice.bin /usr/lib/libreoffice/share/template/common/presnt/Metropolis.otp
soffice.bin /dev/urandom
soffice.bin /tmp/lu12471dk0v.tmp/lu1247{D5FC90D6-90DF-49C4-8F77-9685ED0B5DAB}.tmp
soffice.bin /usr/lib/libreoffice/share/template/common/presnt/Midnightblue.otp
soffice.bin /dev/urandom
soffice.bin /tmp/lu12471dk0v.tmp/lu1247{3826C883-6A32-463D-8748-F97A6D7AB323}.tmp
soffice.bin /usr/lib/libreoffice/share/template/common/presnt/Nature_Illustration.otp
soffice.bin /dev/urandom
soffice.bin /tmp/lu12471dk0v.tmp/lu1247{62CF62BD-A1D7-4E82-8A63-8D8491A1A1CE}.tmp
soffice.bin /usr/lib/libreoffice/share/template/common/presnt/Pencil.otp
soffice.bin /dev/urandom
soffice.bin /tmp/lu12471dk0v.tmp/lu1247{F318DB86-6756-4CD3-AF11-E2AF3A767CC1}.tmp
soffice.bin /usr/lib/libreoffice/share/template/common/presnt/Piano.otp
soffice.bin /dev/urandom
soffice.bin /tmp/lu12471dk0v.tmp/lu1247{D397A19C-3B1E-41A0-AA31-256C0E88E273}.tmp
soffice.bin /usr/lib/libreoffice/share/template/common/presnt/Portfolio.otp
soffice.bin /dev/urandom
soffice.bin /tmp/lu12471dk0v.tmp/lu1247{AA78B68F-D2B1-4570-B219-9A9D015AADEC}.tmp
soffice.bin /usr/lib/libreoffice/share/template/common/presnt/Progress.otp
soffice.bin /dev/urandom
soffice.bin /tmp/lu12471dk0v.tmp/lu1247{7930F899-28D6-469E-ADFA-F4AA0CF8B0BF}.tmp
soffice.bin /usr/lib/libreoffice/share/template/common/presnt/Sunset.otp
soffice.bin /dev/urandom
soffice.bin /tmp/lu12471dk0v.tmp/lu1247{B1F68072-C8E3-4368-BC90-C3755C359D63}.tmp
soffice.bin /usr/lib/libreoffice/share/template/common/presnt/Vintage.otp
soffice.bin /dev/urandom
soffice.bin /tmp/lu12471dk0v.tmp/lu1247{4750DB0D-2CE9-466F-ABB7-9F80A84BFF0F}.tmp
soffice.bin /usr/lib/libreoffice/share/template/common/presnt/Vivid.otp
soffice.bin /dev/urandom
soffice.bin /tmp/lu12471dk0v.tmp/lu1247{BC4C724A-063A-457F-BDB1-23513158A084}.tmp
soffice.bin /usr/lib/libreoffice/share/template/common/presnt/Yellow_Idea.otp
soffice.bin /dev/urandom
soffice.bin /tmp/lu12471dk0v.tmp/lu1247{5EB237A1-6F1B-497F-993E-0D443274D11C}.tmp
soffice.bin /usr/lib/libreoffice/share/template/common/styles/Default.ott
soffice.bin /dev/urandom
soffice.bin /tmp/lu12471dk0v.tmp/lu1247{7BC314BC-4638-4F4C-8488-6C25609F75DC}.tmp
soffice.bin /usr/lib/libreoffice/share/template/common/styles/Modern.ott
soffice.bin /dev/urandom
soffice.bin /tmp/lu12471dk0v.tmp/lu1247{73B85B94-6244-49D6-9B5A-81FDDF137020}.tmp
soffice.bin /usr/lib/libreoffice/share/template/common/styles/Simple.ott
soffice.bin /dev/urandom
soffice.bin /tmp/lu12471dk0v.tmp/lu1247{BDCF99E6-FF9D-4C80-89FD-1D1F57564812}.tmp
soffice.bin /config/.config/libreoffice/4/cache/breeze/150/res/templatestar.png
soffice.bin /config/.config/libreoffice/4/cache/colibre/150/res/templatestar.png
soffice.bin /config/.config/libreoffice/4/cache/colibre/150/res/templatestar.png
soffice.bin /config/.config/libreoffice/4/cache/breeze/150/res/templatestar.png
soffice.bin /config/.config/libreoffice/4/cache/breeze/150/res/templatestar.png
soffice.bin /config/.config/libreoffice/4/cache/breeze/150/res/templatestar.png
soffice.bin /config/.config/libreoffice/4/cache/breeze/150/res/templatestar.png
soffice.bin /config/.config/libreoffice/4/cache/breeze/150/res/templatestar.png
soffice.bin /config/.config/libreoffice/4/cache/breeze/150/res/templatestar.png
soffice.bin /config/.config/libreoffice/4/cache/breeze/150/res/templatestar.png
soffice.bin /config/.config/libreoffice/4/cache/breeze/150/res/templatestar.png
soffice.bin /config/.config/libreoffice/4/cache/breeze/150/res/templatestar.png
soffice.bin /config/.config/libreoffice/4/cache/breeze/150/res/templatestar.png
soffice.bin /config/.config/libreoffice/4/cache/breeze/150/res/templatestar.png
soffice.bin /config/.config/libreoffice/4/cache/breeze/150/res/templatestar.png
soffice.bin /config/.config/libreoffice/4/cache/breeze/150/res/templatestar.png
soffice.bin /config/.config/libreoffice/4/cache/breeze/150/res/templatestar.png
soffice.bin /config/.config/libreoffice/4/cache/breeze/150/res/templatestar.png
soffice.bin /config/.config/libreoffice/4/cache/breeze/150/res/templatestar.png
soffice.bin /config/.config/libreoffice/4/cache/breeze/150/res/templatestar.png
soffice.bin /config/.config/libreoffice/4/cache/breeze/150/res/templatestar.png
soffice.bin /config/.config/libreoffice/4/cache/breeze/150/res/templatestar.png
soffice.bin /config/.config/libreoffice/4/cache/breeze/150/res/templatestar.png
soffice.bin /config/.config/libreoffice/4/cache/breeze/150/res/templatestar.png
soffice.bin /config/.config/libreoffice/4/cache/breeze/150/res/templatestar.png
soffice.bin /config/.config/libreoffice/4/cache/breeze/150/res/templatestar.png
soffice.bin /config/.config/libreoffice/4/cache/breeze/150/res/templatestar.png
soffice.bin /config/.config/libreoffice/4/cache/breeze/150/res/templatestar.png
soffice.bin /config/.config/libreoffice/4/cache/breeze/150/res/templatestar.png
soffice.bin /config/.config/libreoffice/4/cache/breeze/150/res/templatestar.png
soffice.bin /config/.config/libreoffice/4/cache/breeze/150/res/templatestar.png
soffice.bin /config/.config/libreoffice/4/cache/breeze/150/res/templatestar.png
soffice.bin /config/.config/libreoffice/4/cache/breeze/150/res/templatestar.png
soffice.bin /config/.config/libreoffice/4/cache/breeze/150/res/templatestar.png
soffice.bin /config/.config/libreoffice/4/cache/breeze/150/res/templatestar.png
soffice.bin /config/.config/libreoffice/4/cache/breeze/150/res/templatestar.png
soffice.bin /config/.config/libreoffice/4/cache/breeze/150/svx/res/galicon.png
soffice.bin /config/.config/libreoffice/4/cache/breeze/150/svx/res/galicon.png
soffice.bin /config/.config/libreoffice/4/cache/breeze/150/svx/res/listview.png
soffice.bin /config/.config/libreoffice/4/cache/breeze/150/svx/res/listview.png
soffice.bin /config/.config/libreoffice/4/user/config/soffice.cfg/modules/simpress/toolbar
soffice.bin /usr/lib/libreoffice/share/config/soffice.cfg/modules/simpress/toolbar/commontaskbar.xml
soffice.bin /config/.config/libreoffice/4/cache/breeze/150/cmd/lc_moveslidelast.png
soffice.bin /config/.config/libreoffice/4/cache/breeze/150/cmd/lc_moveslidelast.png
soffice.bin /config/.config/libreoffice/4/cache/breeze/150/cmd/lc_insertslide.png
soffice.bin /config/.config/libreoffice/4/cache/breeze/150/cmd/lc_insertslide.png
soffice.bin /config/.config/libreoffice/4/cache/breeze/150/cmd/lc_previousslide.png
soffice.bin /config/.config/libreoffice/4/cache/breeze/150/cmd/lc_previousslide.png
soffice.bin /config/.config/libreoffice/4/cache/breeze/150/cmd/lc_duplicateslide.png
soffice.bin /config/.config/libreoffice/4/cache/breeze/150/cmd/lc_duplicateslide.png
soffice.bin /config/.config/libreoffice/4/cache/breeze/150/cmd/lc_firstslide.png
soffice.bin /config/.config/libreoffice/4/cache/breeze/150/cmd/lc_firstslide.png
soffice.bin /config/.config/libreoffice/4/cache/breeze/150/cmd/lc_renameslide.png
soffice.bin /config/.config/libreoffice/4/cache/breeze/150/cmd/lc_renameslide.png
soffice.bin /config/.config/libreoffice/4/cache/breeze/150/cmd/lc_assignlayout.png
soffice.bin /config/.config/libreoffice/4/cache/breeze/150/cmd/lc_assignlayout.png
soffice.bin /config/.config/libreoffice/4/cache/breeze/150/cmd/lc_deleteslide.png
soffice.bin /config/.config/libreoffice/4/cache/breeze/150/cmd/lc_deleteslide.png
soffice.bin /config/.config/libreoffice/4/cache/breeze/150/cmd/lc_moveslidedown.png
soffice.bin /config/.config/libreoffice/4/cache/breeze/150/cmd/lc_moveslidedown.png
soffice.bin /config/.config/libreoffice/4/cache/breeze/150/cmd/lc_moveslidefirst.png
soffice.bin /config/.config/libreoffice/4/cache/breeze/150/cmd/lc_moveslidefirst.png
soffice.bin /config/.config/libreoffice/4/cache/breeze/150/cmd/lc_presentationlayout.png
soffice.bin /config/.config/libreoffice/4/cache/breeze/150/cmd/lc_presentationlayout.png
soffice.bin /config/.config/libreoffice/4/cache/breeze/150/cmd/lc_expandpage.png
soffice.bin /config/.config/libreoffice/4/cache/breeze/150/cmd/lc_expandpage.png
soffice.bin /config/.config/libreoffice/4/cache/breeze/150/cmd/lc_nextslide.png
soffice.bin /config/.config/libreoffice/4/cache/breeze/150/cmd/lc_nextslide.png
soffice.bin /config/.config/libreoffice/4/cache/breeze/150/cmd/lc_lastslide.png
soffice.bin /config/.config/libreoffice/4/cache/breeze/150/cmd/lc_lastslide.png
soffice.bin /config/.config/libreoffice/4/cache/breeze/150/cmd/lc_moveslideup.png
soffice.bin /config/.config/libreoffice/4/cache/breeze/150/cmd/lc_moveslideup.png
soffice.bin /config/.config/libreoffice/4/cache/breeze/150/cmd/lc_insertslide.png
soffice.bin /config/.config/libreoffice/4/cache/breeze/150/cmd/lc_insertslide.png
soffice.bin /config/.config/libreoffice/4/cache/breeze/150/cmd/lc_duplicateslide.png
soffice.bin /config/.config/libreoffice/4/cache/breeze/150/cmd/lc_duplicateslide.png
soffice.bin /config/.config/libreoffice/4/cache/breeze/150/cmd/lc_deleteslide.png
soffice.bin /config/.config/libreoffice/4/cache/breeze/150/cmd/lc_deleteslide.png
soffice.bin /config/.config/libreoffice/4/cache/breeze/150/cmd/lc_firstslide.png
soffice.bin /config/.config/libreoffice/4/cache/breeze/150/cmd/lc_firstslide.png
soffice.bin /config/.config/libreoffice/4/cache/breeze/150/cmd/lc_previousslide.png
soffice.bin /config/.config/libreoffice/4/cache/breeze/150/cmd/lc_previousslide.png
soffice.bin /config/.config/libreoffice/4/cache/breeze/150/cmd/lc_nextslide.png
soffice.bin /config/.config/libreoffice/4/cache/breeze/150/cmd/lc_nextslide.png
soffice.bin /config/.config/libreoffice/4/cache/breeze/150/cmd/lc_lastslide.png
soffice.bin /config/.config/libreoffice/4/cache/breeze/150/cmd/lc_lastslide.png
soffice.bin /config/.config/libreoffice/4/cache/breeze/150/cmd/lc_moveslidefirst.png
soffice.bin /config/.config/libreoffice/4/cache/breeze/150/cmd/lc_moveslidefirst.png
soffice.bin /config/.config/libreoffice/4/cache/breeze/150/cmd/lc_moveslideup.png
soffice.bin /config/.config/libreoffice/4/cache/breeze/150/cmd/lc_moveslideup.png
soffice.bin /config/.config/libreoffice/4/cache/breeze/150/cmd/lc_moveslidedown.png
soffice.bin /config/.config/libreoffice/4/cache/breeze/150/cmd/lc_moveslidedown.png
soffice.bin /config/.config/libreoffice/4/cache/breeze/150/cmd/lc_moveslidelast.png
soffice.bin /config/.config/libreoffice/4/cache/breeze/150/cmd/lc_moveslidelast.png
soffice.bin /usr/lib/libreoffice/share/config/soffice.cfg/svt/ui/scrollbars.ui
soffice.bin /usr/lib/libreoffice/share/config/soffice.cfg/svt/ui/scrollbars.ui
soffice.bin /config/.config/libreoffice/4/cache/breeze/150/sd/res/slide_sorter_shadow.png
soffice.bin /config/.config/libreoffice/4/cache/breeze/150/sd/res/slide_sorter_shadow.png
soffice.bin /config/.config/libreoffice/4/cache/breeze/150/sd/res/slide_sorter_insert_shadow.png
soffice.bin /config/.config/libreoffice/4/cache/breeze/150/sd/res/slide_sorter_insert_shadow.png
soffice.bin /config/.config/libreoffice/4/cache/breeze/150/sd/res/slide_sorter_hide_slide_overlay.png
soffice.bin /config/.config/libreoffice/4/cache/colibre/150/sd/res/slide_sorter_hide_slide_overlay.png
soffice.bin /config/.config/libreoffice/4/cache/colibre/150/sd/res/slide_sorter_hide_slide_overlay.png
soffice.bin /config/.config/libreoffice/4/cache/breeze/150/sd/res/slide_sorter_focus_border.png
soffice.bin /config/.config/libreoffice/4/cache/breeze/150/sd/res/slide_sorter_focus_border.png
soffice.bin /config/.config/libreoffice/4/cache/breeze/150/sd/res/fade_effect_indicator.png
soffice.bin /config/.config/libreoffice/4/cache/breeze/150/sd/res/fade_effect_indicator.png
soffice.bin /usr/share/icons/breeze/actions/symbolic/window-close-symbolic.svg
soffice.bin /config/.config/libreoffice/4/cache/breeze/150/res/sc10223.png
soffice.bin /config/.config/libreoffice/4/cache/breeze/150/res/sc10223.png
soffice.bin /config/.config/libreoffice/4/cache/breeze/150/res/sc10224.png
soffice.bin /config/.config/libreoffice/4/cache/breeze/150/res/sc10224.png
soffice.bin /config/.config/libreoffice/4/cache/breeze/150/svx/res/doc_modified_no.png
soffice.bin /config/.config/libreoffice/4/cache/breeze/150/svx/res/doc_modified_no.png
soffice.bin /config/.config/libreoffice/4/cache/breeze/150/svx/res/signet_11x16.png
soffice.bin /config/.config/libreoffice/4/cache/breeze/150/svx/res/signet_11x16.png
soffice.bin /config/.config/libreoffice/4/cache/breeze/150/svx/res/slidezoombutton_10.png
soffice.bin /config/.config/libreoffice/4/cache/breeze/150/svx/res/slidezoombutton_10.png
soffice.bin /config/.config/libreoffice/4/cache/breeze/150/svx/res/slidezoomout_10.png
soffice.bin /config/.config/libreoffice/4/cache/breeze/150/svx/res/slidezoomout_10.png
soffice.bin /config/.config/libreoffice/4/cache/breeze/150/svx/res/slidezoomin_10.png
soffice.bin /config/.config/libreoffice/4/cache/breeze/150/svx/res/slidezoomin_10.png
soffice.bin /config/.config/libreoffice/4/cache/breeze/150/sd/res/layout_head03.png
soffice.bin /config/.config/libreoffice/4/cache/breeze/150/sd/res/layout_head03.png
soffice.bin /config/.config/libreoffice/4/cache/breeze/150/sd/res/layout_head02.png
soffice.bin /config/.config/libreoffice/4/cache/breeze/150/sd/res/layout_head02.png
soffice.bin /config/.config/libreoffice/4/cache/breeze/150/sd/res/layout_head02a.png
soffice.bin /config/.config/libreoffice/4/cache/breeze/150/sd/res/layout_head02a.png
soffice.bin /config/.config/libreoffice/4/cache/breeze/150/sd/res/layout_head01.png
soffice.bin /config/.config/libreoffice/4/cache/breeze/150/sd/res/layout_head01.png
soffice.bin /config/.config/libreoffice/4/cache/breeze/150/sd/res/layout_textonly.png
soffice.bin /config/.config/libreoffice/4/cache/breeze/150/sd/res/layout_textonly.png
soffice.bin /config/.config/libreoffice/4/cache/breeze/150/sd/res/layout_head03b.png
soffice.bin /config/.config/libreoffice/4/cache/breeze/150/sd/res/layout_head03b.png
soffice.bin /config/.config/libreoffice/4/cache/breeze/150/sd/res/layout_head03c.png
soffice.bin /config/.config/libreoffice/4/cache/breeze/150/sd/res/layout_head03c.png
soffice.bin /config/.config/libreoffice/4/cache/breeze/150/sd/res/layout_head03a.png
soffice.bin /config/.config/libreoffice/4/cache/breeze/150/sd/res/layout_head03a.png
soffice.bin /config/.config/libreoffice/4/cache/breeze/150/sd/res/layout_head02b.png
soffice.bin /config/.config/libreoffice/4/cache/breeze/150/sd/res/layout_head02b.png
soffice.bin /config/.config/libreoffice/4/cache/breeze/150/sd/res/layout_head04.png
soffice.bin /config/.config/libreoffice/4/cache/breeze/150/sd/res/layout_head04.png
soffice.bin /config/.config/libreoffice/4/cache/breeze/150/sd/res/layout_head06.png
soffice.bin /config/.config/libreoffice/4/cache/breeze/150/sd/res/layout_head06.png
soffice.bin /usr/share/fonts/truetype/noto/NotoSans-Bold.ttf
soffice.bin /SGENPRT
soffice.bin /usr/lib/libreoffice/share/psprint/driver
CUPSManager cup /etc/cups/client.conf
CUPSManager cup /config/.cups/client.conf
CUPSManager cup /etc/passwd
soffice.bin /config/.config/libreoffice/4/user/psprint/driver
soffice.bin /usr/lib/libreoffice/share/psprint/driver/SGENPRT.PS
soffice.bin /usr/lib/libreoffice/share/psprint/driver/SGENPRT.PS
CUPSManager cup /usr/share/locale/en_US.UTF-8/LC_MESSAGES/libc.mo
CUPSManager cup /usr/share/locale/en_US.utf8/LC_MESSAGES/libc.mo
CUPSManager cup /usr/share/locale/en.UTF-8/LC_MESSAGES/libc.mo
CUPSManager cup /usr/share/locale/en.utf8/LC_MESSAGES/libc.mo
CUPSManager cup /usr/share/locale-langpack/en_US.UTF-8/LC_MESSAGES/libc.mo
CUPSManager cup /usr/share/locale-langpack/en_US.utf8/LC_MESSAGES/libc.mo
CUPSManager cup /usr/share/locale-langpack/en.UTF-8/LC_MESSAGES/libc.mo
CUPSManager cup /usr/share/locale-langpack/en.utf8/LC_MESSAGES/libc.mo
soffice.bin /usr/lib/libreoffice/share/psprint/psprint.conf
soffice.bin /config/.config/libreoffice/4/user/psprint/psprint.conf
soffice.bin /usr/lib/libreoffice/share/psprint
soffice.bin /usr/lib/libreoffice/share/psprint/psprint.conf
soffice.bin /SGENPRT
soffice.bin /usr/lib/libreoffice/share/psprint/driver/SGENPRT.PS
soffice.bin /config/.config/libreoffice/4/user/psprint
soffice.bin /config/.config/libreoffice/4/user/psprint/psprint.conf
soffice.bin /config/.config/libreoffice/4/cache/breeze/150/res/lx03249.png
soffice.bin /config/.config/libreoffice/4/cache/breeze/150/res/lx03249.png
soffice.bin /usr/lib/libreoffice/program/libsduilo.so
soffice.bin /usr/lib/libreoffice/program/libsdlo.so
soffice.bin /usr/lib/libreoffice/program/libcuilo.so
soffice.bin /usr/lib/libreoffice/program/liborcus-0.18.so.0
soffice.bin /etc/ld.so.cache
soffice.bin /lib/x86_64-linux-gnu/liborcus-0.18.so.0
soffice.bin /usr/lib/libreoffice/program/liborcus-parser-0.18.so.0
soffice.bin /lib/x86_64-linux-gnu/liborcus-parser-0.18.so.0
soffice.bin /lib/x86_64-linux-gnu/libboost_iostreams.so.1.83.0
soffice.bin /usr/lib/libreoffice/share/config/soffice.cfg/sfx/ui/infobar.ui
soffice.bin /config/.config/libreoffice/4/cache/breeze/150/vcl/res/infobox.png
soffice.bin /config/.config/libreoffice/4/cache/breeze/150/vcl/res/infobox.png
soffice.bin /usr/lib/libreoffice/share/config/soffice.cfg/sfx/ui/extrabutton.ui
soffice.bin /usr/share/hunspell
soffice.bin /usr/share/hunspell
soffice.bin /usr/lib/libreoffice/program/libLanguageToollo.so
soffice.bin /usr/share/hyphen
soffice.bin /usr/share/hyphen
soffice.bin /usr/share/mythes
soffice.bin /usr/share/mythes
xclip /etc/ld.so.cache
xclip /lib/x86_64-linux-gnu/libXmu.so.6
xclip /lib/x86_64-linux-gnu/libX11.so.6
xclip /lib/x86_64-linux-gnu/libc.so.6
xclip /lib/x86_64-linux-gnu/libXt.so.6
xclip /lib/x86_64-linux-gnu/libXext.so.6
xclip /lib/x86_64-linux-gnu/libxcb.so.1
xclip /lib/x86_64-linux-gnu/libSM.so.6
xclip /lib/x86_64-linux-gnu/libICE.so.6
xclip /lib/x86_64-linux-gnu/libXau.so.6
xclip /lib/x86_64-linux-gnu/libXdmcp.so.6
xclip /lib/x86_64-linux-gnu/libuuid.so.1
xclip /lib/x86_64-linux-gnu/libbsd.so.0
xclip /lib/x86_64-linux-gnu/libmd.so.0
xclip /usr/share/X11/locale/locale.alias
xclip /usr/share/X11/locale/locale.dir
xclip /usr/share/X11/locale/C/XLC_LOCALE
xclip /usr/share/X11/locale/locale.alias
xclip /usr/share/X11/locale/locale.dir
xclip /usr/share/X11/locale/C/XLC_LOCALE
Xvfb /proc/1463/cmdline
configmgrWriter /config/.config/libreoffice/4/user/qSXnhG
xclip /etc/ld.so.cache
xclip /lib/x86_64-linux-gnu/libXmu.so.6
xclip /lib/x86_64-linux-gnu/libX11.so.6
xclip /lib/x86_64-linux-gnu/libc.so.6
xclip /lib/x86_64-linux-gnu/libXt.so.6
xclip /lib/x86_64-linux-gnu/libXext.so.6
xclip /lib/x86_64-linux-gnu/libxcb.so.1
xclip /lib/x86_64-linux-gnu/libSM.so.6
xclip /lib/x86_64-linux-gnu/libICE.so.6
xclip /lib/x86_64-linux-gnu/libXau.so.6
xclip /lib/x86_64-linux-gnu/libXdmcp.so.6
xclip /lib/x86_64-linux-gnu/libuuid.so.1
xclip /lib/x86_64-linux-gnu/libbsd.so.0
xclip /lib/x86_64-linux-gnu/libmd.so.0
xclip /usr/share/X11/locale/locale.alias
xclip /usr/share/X11/locale/locale.dir
xclip /usr/share/X11/locale/C/XLC_LOCALE
xclip /usr/share/X11/locale/locale.alias
xclip /usr/share/X11/locale/locale.dir
xclip /usr/share/X11/locale/C/XLC_LOCALE
Xvfb /proc/1492/cmdline
selkies /proc/stat
selkies /proc/meminfo
xclip /etc/ld.so.cache
xclip /lib/x86_64-linux-gnu/libXmu.so.6
xclip /lib/x86_64-linux-gnu/libX11.so.6
xclip /lib/x86_64-linux-gnu/libc.so.6
xclip /lib/x86_64-linux-gnu/libXt.so.6
xclip /lib/x86_64-linux-gnu/libXext.so.6
xclip /lib/x86_64-linux-gnu/libxcb.so.1
xclip /lib/x86_64-linux-gnu/libSM.so.6
xclip /lib/x86_64-linux-gnu/libICE.so.6
xclip /lib/x86_64-linux-gnu/libXau.so.6
xclip /lib/x86_64-linux-gnu/libXdmcp.so.6
xclip /lib/x86_64-linux-gnu/libuuid.so.1
xclip /lib/x86_64-linux-gnu/libbsd.so.0
xclip /lib/x86_64-linux-gnu/libmd.so.0
xclip /usr/share/X11/locale/locale.alias
xclip /usr/share/X11/locale/locale.dir
xclip /usr/share/X11/locale/C/XLC_LOCALE
xclip /usr/share/X11/locale/locale.alias
xclip /usr/share/X11/locale/locale.dir
xclip /usr/share/X11/locale/C/XLC_LOCALE
Xvfb /proc/1498/cmdline
xclip /etc/ld.so.cache
xclip /lib/x86_64-linux-gnu/libXmu.so.6
xclip /lib/x86_64-linux-gnu/libX11.so.6
xclip /lib/x86_64-linux-gnu/libc.so.6
xclip /lib/x86_64-linux-gnu/libXt.so.6
xclip /lib/x86_64-linux-gnu/libXext.so.6
xclip /lib/x86_64-linux-gnu/libxcb.so.1
xclip /lib/x86_64-linux-gnu/libSM.so.6
xclip /lib/x86_64-linux-gnu/libICE.so.6
xclip /lib/x86_64-linux-gnu/libXau.so.6
xclip /lib/x86_64-linux-gnu/libXdmcp.so.6
xclip /lib/x86_64-linux-gnu/libuuid.so.1
xclip /lib/x86_64-linux-gnu/libbsd.so.0
xclip /lib/x86_64-linux-gnu/libmd.so.0
xclip /usr/share/X11/locale/locale.alias
xclip /usr/share/X11/locale/locale.dir
xclip /usr/share/X11/locale/C/XLC_LOCALE
xclip /usr/share/X11/locale/locale.alias
xclip /usr/share/X11/locale/locale.dir
xclip /usr/share/X11/locale/C/XLC_LOCALE
Xvfb /proc/1506/cmdline
selkies /proc/stat
selkies /proc/meminfo
xclip /etc/ld.so.cache
xclip /lib/x86_64-linux-gnu/libXmu.so.6
xclip /lib/x86_64-linux-gnu/libX11.so.6
xclip /lib/x86_64-linux-gnu/libc.so.6
xclip /lib/x86_64-linux-gnu/libXt.so.6
xclip /lib/x86_64-linux-gnu/libXext.so.6
xclip /lib/x86_64-linux-gnu/libxcb.so.1
xclip /lib/x86_64-linux-gnu/libSM.so.6
xclip /lib/x86_64-linux-gnu/libICE.so.6
xclip /lib/x86_64-linux-gnu/libXau.so.6
xclip /lib/x86_64-linux-gnu/libXdmcp.so.6
xclip /lib/x86_64-linux-gnu/libuuid.so.1
xclip /lib/x86_64-linux-gnu/libbsd.so.0
xclip /lib/x86_64-linux-gnu/libmd.so.0
xclip /usr/share/X11/locale/locale.alias
xclip /usr/share/X11/locale/locale.dir
xclip /usr/share/X11/locale/C/XLC_LOCALE
xclip /usr/share/X11/locale/locale.alias
xclip /usr/share/X11/locale/locale.dir
xclip /usr/share/X11/locale/C/XLC_LOCALE
Xvfb /proc/1512/cmdline
selkies /proc/stat
selkies /proc/meminfo
xclip /etc/ld.so.cache
xclip /lib/x86_64-linux-gnu/libXmu.so.6
xclip /lib/x86_64-linux-gnu/libX11.so.6
xclip /lib/x86_64-linux-gnu/libc.so.6
xclip /lib/x86_64-linux-gnu/libXt.so.6
xclip /lib/x86_64-linux-gnu/libXext.so.6
xclip /lib/x86_64-linux-gnu/libxcb.so.1
xclip /lib/x86_64-linux-gnu/libSM.so.6
xclip /lib/x86_64-linux-gnu/libICE.so.6
xclip /lib/x86_64-linux-gnu/libXau.so.6
xclip /lib/x86_64-linux-gnu/libXdmcp.so.6
xclip /lib/x86_64-linux-gnu/libuuid.so.1
xclip /lib/x86_64-linux-gnu/libbsd.so.0
xclip /lib/x86_64-linux-gnu/libmd.so.0
xclip /usr/share/X11/locale/locale.alias
xclip /usr/share/X11/locale/locale.dir
xclip /usr/share/X11/locale/C/XLC_LOCALE
xclip /usr/share/X11/locale/locale.alias
xclip /usr/share/X11/locale/locale.dir
xclip /usr/share/X11/locale/C/XLC_LOCALE
Xvfb /proc/1522/cmdline
xclip /etc/ld.so.cache
xclip /lib/x86_64-linux-gnu/libXmu.so.6
xclip /lib/x86_64-linux-gnu/libX11.so.6
xclip /lib/x86_64-linux-gnu/libc.so.6
xclip /lib/x86_64-linux-gnu/libXt.so.6
xclip /lib/x86_64-linux-gnu/libXext.so.6
xclip /lib/x86_64-linux-gnu/libxcb.so.1
xclip /lib/x86_64-linux-gnu/libSM.so.6
xclip /lib/x86_64-linux-gnu/libICE.so.6
xclip /lib/x86_64-linux-gnu/libXau.so.6
xclip /lib/x86_64-linux-gnu/libXdmcp.so.6
xclip /lib/x86_64-linux-gnu/libuuid.so.1
xclip /lib/x86_64-linux-gnu/libbsd.so.0
xclip /lib/x86_64-linux-gnu/libmd.so.0
xclip /usr/share/X11/locale/locale.alias
xclip /usr/share/X11/locale/locale.dir
xclip /usr/share/X11/locale/C/XLC_LOCALE
xclip /usr/share/X11/locale/locale.alias
xclip /usr/share/X11/locale/locale.dir
xclip /usr/share/X11/locale/C/XLC_LOCALE
Xvfb /proc/1529/cmdline
selkies /proc/stat
selkies /proc/meminfo
xclip /etc/ld.so.cache
xclip /lib/x86_64-linux-gnu/libXmu.so.6
xclip /lib/x86_64-linux-gnu/libX11.so.6
xclip /lib/x86_64-linux-gnu/libc.so.6
xclip /lib/x86_64-linux-gnu/libXt.so.6
xclip /lib/x86_64-linux-gnu/libXext.so.6
xclip /lib/x86_64-linux-gnu/libxcb.so.1
xclip /lib/x86_64-linux-gnu/libSM.so.6
xclip /lib/x86_64-linux-gnu/libICE.so.6
xclip /lib/x86_64-linux-gnu/libXau.so.6
xclip /lib/x86_64-linux-gnu/libXdmcp.so.6
xclip /lib/x86_64-linux-gnu/libuuid.so.1
xclip /lib/x86_64-linux-gnu/libbsd.so.0
xclip /lib/x86_64-linux-gnu/libmd.so.0
xclip /usr/share/X11/locale/locale.alias
xclip /usr/share/X11/locale/locale.dir
xclip /usr/share/X11/locale/C/XLC_LOCALE
xclip /usr/share/X11/locale/locale.alias
xclip /usr/share/X11/locale/locale.dir
xclip /usr/share/X11/locale/C/XLC_LOCALE
Xvfb /proc/1538/cmdline
soffice.bin /usr/lib/libreoffice/share/config/soffice.cfg/cui/ui/tipofthedaydialog.ui
soffice.bin /usr/lib/libreoffice/program/resource//en_US/LC_MESSAGES/cui.mo
soffice.bin /usr/lib/libreoffice/program/resource//en/LC_MESSAGES/cui.mo
soffice.bin /usr/lib/libreoffice/share/tipoftheday/toolbarmode.png
soffice.bin /usr/lib/libreoffice/share/tipoftheday/toolbarmode.png
plasmashell /config/.local/share/kservices5
plasmashell /config/.local/share/mime
plasmashell /etc/xdg/menus
plasmashell /usr/local/share/kservices5
plasmashell /usr/local/share/mime
plasmashell /usr/share/kservices5
plasmashell /usr/share/kservices5/ServiceMenus
plasmashell /usr/share/kservices5/qimageioplugins
plasmashell /usr/share/kservices5/searchproviders
plasmashell /usr/share/mime
plasmashell /usr/share/mime/application
plasmashell /usr/share/mime/audio
plasmashell /usr/share/mime/chemical
plasmashell /usr/share/mime/font
plasmashell /usr/share/mime/image
plasmashell /usr/share/mime/inode
plasmashell /usr/share/mime/message
plasmashell /usr/share/mime/model
plasmashell /usr/share/mime/multipart
plasmashell /usr/share/mime/packages
plasmashell /usr/share/mime/text
plasmashell /usr/share/mime/video
plasmashell /usr/share/mime/x-content
plasmashell /usr/share/mime/x-epoc
plasmashell /config/.cache/plasma-svgelements.lock
plasmashell /proc/sys/kernel/random/boot_id
plasmashell /var/lib/dbus/machine-id
plasmashell /config/.cache/plasma-svgelements
plasmashell /config/.cache
soffice.bin /config/.icons/breeze_cursors/cursors/size_all
soffice.bin /config/.icons/breeze_cursors/index.theme
soffice.bin /usr/share/icons/breeze_cursors/cursors/size_all
xclip /etc/ld.so.cache
xclip /lib/x86_64-linux-gnu/libXmu.so.6
xclip /lib/x86_64-linux-gnu/libX11.so.6
xclip /lib/x86_64-linux-gnu/libc.so.6
xclip /lib/x86_64-linux-gnu/libXt.so.6
xclip /lib/x86_64-linux-gnu/libXext.so.6
xclip /lib/x86_64-linux-gnu/libxcb.so.1
xclip /lib/x86_64-linux-gnu/libSM.so.6
xclip /lib/x86_64-linux-gnu/libICE.so.6
xclip /lib/x86_64-linux-gnu/libXau.so.6
xclip /lib/x86_64-linux-gnu/libXdmcp.so.6
xclip /lib/x86_64-linux-gnu/libuuid.so.1
xclip /lib/x86_64-linux-gnu/libbsd.so.0
xclip /lib/x86_64-linux-gnu/libmd.so.0
xclip /usr/share/X11/locale/locale.alias
xclip /usr/share/X11/locale/locale.dir
xclip /usr/share/X11/locale/C/XLC_LOCALE
xclip /usr/share/X11/locale/locale.alias
xclip /usr/share/X11/locale/locale.dir
xclip /usr/share/X11/locale/C/XLC_LOCALE
Xvfb /proc/1548/cmdline
soffice.bin /config/.icons/breeze_cursors/cursors/pointing_hand
soffice.bin /config/.icons/breeze_cursors/index.theme
soffice.bin /usr/share/icons/breeze_cursors/cursors/pointing_hand
selkies /proc/stat
selkies /proc/meminfo
xclip /etc/ld.so.cache
xclip /lib/x86_64-linux-gnu/libXmu.so.6
xclip /lib/x86_64-linux-gnu/libX11.so.6
xclip /lib/x86_64-linux-gnu/libc.so.6
xclip /lib/x86_64-linux-gnu/libXt.so.6
xclip /lib/x86_64-linux-gnu/libXext.so.6
xclip /lib/x86_64-linux-gnu/libxcb.so.1
xclip /lib/x86_64-linux-gnu/libSM.so.6
xclip /lib/x86_64-linux-gnu/libICE.so.6
xclip /lib/x86_64-linux-gnu/libXau.so.6
xclip /lib/x86_64-linux-gnu/libXdmcp.so.6
xclip /lib/x86_64-linux-gnu/libuuid.so.1
xclip /lib/x86_64-linux-gnu/libbsd.so.0
xclip /lib/x86_64-linux-gnu/libmd.so.0
xclip /usr/share/X11/locale/locale.alias
xclip /usr/share/X11/locale/locale.dir
xclip /usr/share/X11/locale/C/XLC_LOCALE
xclip /usr/share/X11/locale/locale.alias
xclip /usr/share/X11/locale/locale.dir
xclip /usr/share/X11/locale/C/XLC_LOCALE
Xvfb /proc/1559/cmdline
configmgrWriter /config/.config/libreoffice/4/user/pvxuyC
xclip /etc/ld.so.cache
xclip /lib/x86_64-linux-gnu/libXmu.so.6
xclip /lib/x86_64-linux-gnu/libX11.so.6
xclip /lib/x86_64-linux-gnu/libc.so.6
xclip /lib/x86_64-linux-gnu/libXt.so.6
xclip /lib/x86_64-linux-gnu/libXext.so.6
xclip /lib/x86_64-linux-gnu/libxcb.so.1
xclip /lib/x86_64-linux-gnu/libSM.so.6
xclip /lib/x86_64-linux-gnu/libICE.so.6
xclip /lib/x86_64-linux-gnu/libXau.so.6
xclip /lib/x86_64-linux-gnu/libXdmcp.so.6
xclip /lib/x86_64-linux-gnu/libuuid.so.1
xclip /lib/x86_64-linux-gnu/libbsd.so.0
xclip /lib/x86_64-linux-gnu/libmd.so.0
xclip /usr/share/X11/locale/locale.alias
xclip /usr/share/X11/locale/locale.dir
xclip /usr/share/X11/locale/C/XLC_LOCALE
xclip /usr/share/X11/locale/locale.alias
xclip /usr/share/X11/locale/locale.dir
xclip /usr/share/X11/locale/C/XLC_LOCALE
Xvfb /proc/1569/cmdline
selkies /proc/stat
selkies /proc/meminfo
xclip /etc/ld.so.cache
xclip /lib/x86_64-linux-gnu/libXmu.so.6
xclip /lib/x86_64-linux-gnu/libX11.so.6
xclip /lib/x86_64-linux-gnu/libc.so.6
xclip /lib/x86_64-linux-gnu/libXt.so.6
xclip /lib/x86_64-linux-gnu/libXext.so.6
xclip /lib/x86_64-linux-gnu/libxcb.so.1
xclip /lib/x86_64-linux-gnu/libSM.so.6
xclip /lib/x86_64-linux-gnu/libICE.so.6
xclip /lib/x86_64-linux-gnu/libXau.so.6
xclip /lib/x86_64-linux-gnu/libXdmcp.so.6
xclip /lib/x86_64-linux-gnu/libuuid.so.1
xclip /lib/x86_64-linux-gnu/libbsd.so.0
xclip /lib/x86_64-linux-gnu/libmd.so.0
xclip /usr/share/X11/locale/locale.alias
xclip /usr/share/X11/locale/locale.dir
xclip /usr/share/X11/locale/C/XLC_LOCALE
xclip /usr/share/X11/locale/locale.alias
xclip /usr/share/X11/locale/locale.dir
xclip /usr/share/X11/locale/C/XLC_LOCALE
Xvfb /proc/1586/cmdline
configmgrWriter /config/.config/libreoffice/4/user/GEsEmO
xclip /etc/ld.so.cache
xclip /lib/x86_64-linux-gnu/libXmu.so.6
xclip /lib/x86_64-linux-gnu/libX11.so.6
xclip /lib/x86_64-linux-gnu/libc.so.6
xclip /lib/x86_64-linux-gnu/libXt.so.6
xclip /lib/x86_64-linux-gnu/libXext.so.6
xclip /lib/x86_64-linux-gnu/libxcb.so.1
xclip /lib/x86_64-linux-gnu/libSM.so.6
xclip /lib/x86_64-linux-gnu/libICE.so.6
xclip /lib/x86_64-linux-gnu/libXau.so.6
xclip /lib/x86_64-linux-gnu/libXdmcp.so.6
xclip /lib/x86_64-linux-gnu/libuuid.so.1
xclip /lib/x86_64-linux-gnu/libbsd.so.0
xclip /lib/x86_64-linux-gnu/libmd.so.0
xclip /usr/share/X11/locale/locale.alias
xclip /usr/share/X11/locale/locale.dir
xclip /usr/share/X11/locale/C/XLC_LOCALE
xclip /usr/share/X11/locale/locale.alias
xclip /usr/share/X11/locale/locale.dir
xclip /usr/share/X11/locale/C/XLC_LOCALE
Xvfb /proc/1595/cmdline
soffice.bin /usr/lib/x86_64-linux-gnu/qt5/plugins/kf5/kwindowsystem
soffice.bin /usr/lib/x86_64-linux-gnu/qt5/plugins/kf5/kwindowsystem/KF5WindowSystemX11Plugin.so
soffice.bin /usr/lib/x86_64-linux-gnu/qt5/plugins/kf5/kwindowsystem/KF5WindowSystemX11Plugin.so.avx2
soffice.bin /usr/lib/x86_64-linux-gnu/qt5/plugins/kf5/kwindowsystem/KF5WindowSystemX11Plugin.so
soffice.bin /etc/ld.so.cache
soffice.bin /lib/x86_64-linux-gnu/libxcb-res.so.0
selkies /proc/stat
selkies /proc/meminfo
xclip /etc/ld.so.cache
xclip /lib/x86_64-linux-gnu/libXmu.so.6
xclip /lib/x86_64-linux-gnu/libX11.so.6
xclip /lib/x86_64-linux-gnu/libc.so.6
xclip /lib/x86_64-linux-gnu/libXt.so.6
xclip /lib/x86_64-linux-gnu/libXext.so.6
xclip /lib/x86_64-linux-gnu/libxcb.so.1
xclip /lib/x86_64-linux-gnu/libSM.so.6
xclip /lib/x86_64-linux-gnu/libICE.so.6
xclip /lib/x86_64-linux-gnu/libXau.so.6
xclip /lib/x86_64-linux-gnu/libXdmcp.so.6
xclip /lib/x86_64-linux-gnu/libuuid.so.1
xclip /lib/x86_64-linux-gnu/libbsd.so.0
xclip /lib/x86_64-linux-gnu/libmd.so.0
xclip /usr/share/X11/locale/locale.alias
xclip /usr/share/X11/locale/locale.dir
xclip /usr/share/X11/locale/C/XLC_LOCALE
xclip /usr/share/X11/locale/locale.alias
xclip /usr/share/X11/locale/locale.dir
xclip /usr/share/X11/locale/C/XLC_LOCALE
Xvfb /proc/1604/cmdline
soffice.bin /config/.config/libreoffice/4/user/config/soffice.cfg/modules/simpress/popupmenu
soffice.bin /usr/lib/libreoffice/share/config/soffice.cfg/modules/simpress/popupmenu/pagepane.xml
soffice.bin /config/.config/libreoffice/4/cache/breeze/150/cmd/sc_insertslide.png
soffice.bin /config/.config/libreoffice/4/cache/breeze/150/cmd/sc_insertslide.png
soffice.bin /config/.config/libreoffice/4/cache/breeze/150/cmd/sc_duplicateslide.png
soffice.bin /config/.config/libreoffice/4/cache/breeze/150/cmd/sc_duplicateslide.png
soffice.bin /config/.config/libreoffice/4/cache/breeze/150/cmd/sc_deleteslide.png
soffice.bin /config/.config/libreoffice/4/cache/breeze/150/cmd/sc_deleteslide.png
soffice.bin /config/.config/libreoffice/4/cache/breeze/150/cmd/sc_slidemovemenu.png
soffice.bin /config/.config/libreoffice/4/cache/colibre/150/cmd/sc_slidemovemenu.png
soffice.bin /config/.config/libreoffice/4/cache/breeze/150/cmd/sc_slidesetup.png
soffice.bin /config/.config/libreoffice/4/cache/breeze/150/cmd/sc_slidesetup.png
soffice.bin /config/.config/libreoffice/4/cache/breeze/150/cmd/sc_firstslide.png
soffice.bin /config/.config/libreoffice/4/cache/breeze/150/cmd/sc_firstslide.png
soffice.bin /config/.config/libreoffice/4/cache/breeze/150/cmd/sc_previousslide.png
soffice.bin /config/.config/libreoffice/4/cache/breeze/150/cmd/sc_previousslide.png
soffice.bin /config/.config/libreoffice/4/cache/breeze/150/cmd/sc_nextslide.png
soffice.bin /config/.config/libreoffice/4/cache/breeze/150/cmd/sc_nextslide.png
soffice.bin /config/.config/libreoffice/4/cache/breeze/150/cmd/sc_lastslide.png
soffice.bin /config/.config/libreoffice/4/cache/breeze/150/cmd/sc_lastslide.png
soffice.bin /config/.config/libreoffice/4/cache/breeze/150/cmd/sc_moveslidefirst.png
soffice.bin /config/.config/libreoffice/4/cache/breeze/150/cmd/sc_moveslidefirst.png
soffice.bin /config/.config/libreoffice/4/cache/breeze/150/cmd/sc_moveslideup.png
soffice.bin /config/.config/libreoffice/4/cache/breeze/150/cmd/sc_moveslideup.png
soffice.bin /config/.config/libreoffice/4/cache/breeze/150/cmd/sc_moveslidedown.png
soffice.bin /config/.config/libreoffice/4/cache/breeze/150/cmd/sc_moveslidedown.png
soffice.bin /config/.config/libreoffice/4/cache/breeze/150/cmd/sc_moveslidelast.png
soffice.bin /config/.config/libreoffice/4/cache/breeze/150/cmd/sc_moveslidelast.png
xclip /etc/ld.so.cache
xclip /lib/x86_64-linux-gnu/libXmu.so.6
xclip /lib/x86_64-linux-gnu/libX11.so.6
xclip /lib/x86_64-linux-gnu/libc.so.6
xclip /lib/x86_64-linux-gnu/libXt.so.6
xclip /lib/x86_64-linux-gnu/libXext.so.6
xclip /lib/x86_64-linux-gnu/libxcb.so.1
xclip /lib/x86_64-linux-gnu/libSM.so.6
xclip /lib/x86_64-linux-gnu/libICE.so.6
xclip /lib/x86_64-linux-gnu/libXau.so.6
xclip /lib/x86_64-linux-gnu/libXdmcp.so.6
xclip /lib/x86_64-linux-gnu/libuuid.so.1
xclip /lib/x86_64-linux-gnu/libbsd.so.0
xclip /lib/x86_64-linux-gnu/libmd.so.0
xclip /usr/share/X11/locale/locale.alias
xclip /usr/share/X11/locale/locale.dir
xclip /usr/share/X11/locale/C/XLC_LOCALE
xclip /usr/share/X11/locale/locale.alias
xclip /usr/share/X11/locale/locale.dir
xclip /usr/share/X11/locale/C/XLC_LOCALE
Xvfb /proc/1611/cmdline
selkies /proc/stat
selkies /proc/meminfo
configmgrWriter /config/.config/libreoffice/4/user/ul9vTG
xclip /etc/ld.so.cache
xclip /lib/x86_64-linux-gnu/libXmu.so.6
xclip /lib/x86_64-linux-gnu/libX11.so.6
xclip /lib/x86_64-linux-gnu/libc.so.6
xclip /lib/x86_64-linux-gnu/libXt.so.6
xclip /lib/x86_64-linux-gnu/libXext.so.6
xclip /lib/x86_64-linux-gnu/libxcb.so.1
xclip /lib/x86_64-linux-gnu/libSM.so.6
xclip /lib/x86_64-linux-gnu/libICE.so.6
xclip /lib/x86_64-linux-gnu/libXau.so.6
xclip /lib/x86_64-linux-gnu/libXdmcp.so.6
xclip /lib/x86_64-linux-gnu/libuuid.so.1
xclip /lib/x86_64-linux-gnu/libbsd.so.0
xclip /lib/x86_64-linux-gnu/libmd.so.0
xclip /usr/share/X11/locale/locale.alias
xclip /usr/share/X11/locale/locale.dir
xclip /usr/share/X11/locale/C/XLC_LOCALE
xclip /usr/share/X11/locale/locale.alias
xclip /usr/share/X11/locale/locale.dir
xclip /usr/share/X11/locale/C/XLC_LOCALE
Xvfb /proc/1621/cmdline
xclip /etc/ld.so.cache
xclip /lib/x86_64-linux-gnu/libXmu.so.6
xclip /lib/x86_64-linux-gnu/libX11.so.6
xclip /lib/x86_64-linux-gnu/libc.so.6
xclip /lib/x86_64-linux-gnu/libXt.so.6
xclip /lib/x86_64-linux-gnu/libXext.so.6
xclip /lib/x86_64-linux-gnu/libxcb.so.1
xclip /lib/x86_64-linux-gnu/libSM.so.6
xclip /lib/x86_64-linux-gnu/libICE.so.6
xclip /lib/x86_64-linux-gnu/libXau.so.6
xclip /lib/x86_64-linux-gnu/libXdmcp.so.6
xclip /lib/x86_64-linux-gnu/libuuid.so.1
xclip /lib/x86_64-linux-gnu/libbsd.so.0
xclip /lib/x86_64-linux-gnu/libmd.so.0
xclip /usr/share/X11/locale/locale.alias
xclip /usr/share/X11/locale/locale.dir
xclip /usr/share/X11/locale/C/XLC_LOCALE
xclip /usr/share/X11/locale/locale.alias
xclip /usr/share/X11/locale/locale.dir
xclip /usr/share/X11/locale/C/XLC_LOCALE
Xvfb /proc/1630/cmdline
selkies /proc/stat
selkies /proc/meminfo
soffice.bin /config/.config/libreoffice/4/cache/breeze/150/res/savemodified_large.png
soffice.bin /config/.config/libreoffice/4/cache/breeze/150/res/savemodified_large.png
soffice.bin /dev/urandom
soffice.bin /dev/urandom
soffice.bin /config/.config/libreoffice/4/cache/breeze/150/sd/res/placeholder_table_small.png
soffice.bin /config/.config/libreoffice/4/cache/colibre/150/sd/res/placeholder_table_small.png
soffice.bin /config/.config/libreoffice/4/cache/colibre/150/sd/res/placeholder_table_small.png
soffice.bin /config/.config/libreoffice/4/cache/breeze/150/sd/res/placeholder_table_large.png
soffice.bin /config/.config/libreoffice/4/cache/colibre/150/sd/res/placeholder_table_large.png
soffice.bin /config/.config/libreoffice/4/cache/colibre/150/sd/res/placeholder_table_large.png
soffice.bin /config/.config/libreoffice/4/cache/breeze/150/sd/res/placeholder_chart_small.png
soffice.bin /config/.config/libreoffice/4/cache/colibre/150/sd/res/placeholder_chart_small.png
soffice.bin /config/.config/libreoffice/4/cache/colibre/150/sd/res/placeholder_chart_small.png
soffice.bin /config/.config/libreoffice/4/cache/breeze/150/sd/res/placeholder_chart_large.png
soffice.bin /config/.config/libreoffice/4/cache/colibre/150/sd/res/placeholder_chart_large.png
soffice.bin /config/.config/libreoffice/4/cache/colibre/150/sd/res/placeholder_chart_large.png
soffice.bin /config/.config/libreoffice/4/cache/breeze/150/sd/res/placeholder_image_small.png
soffice.bin /config/.config/libreoffice/4/cache/colibre/150/sd/res/placeholder_image_small.png
soffice.bin /config/.config/libreoffice/4/cache/colibre/150/sd/res/placeholder_image_small.png
soffice.bin /config/.config/libreoffice/4/cache/breeze/150/sd/res/placeholder_image_large.png
soffice.bin /config/.config/libreoffice/4/cache/colibre/150/sd/res/placeholder_image_large.png
soffice.bin /config/.config/libreoffice/4/cache/colibre/150/sd/res/placeholder_image_large.png
soffice.bin /config/.config/libreoffice/4/cache/breeze/150/sd/res/placeholder_movie_small.png
soffice.bin /config/.config/libreoffice/4/cache/colibre/150/sd/res/placeholder_movie_small.png
soffice.bin /config/.config/libreoffice/4/cache/colibre/150/sd/res/placeholder_movie_small.png
soffice.bin /config/.config/libreoffice/4/cache/breeze/150/sd/res/placeholder_movie_large.png
soffice.bin /config/.config/libreoffice/4/cache/colibre/150/sd/res/placeholder_movie_large.png
soffice.bin /config/.config/libreoffice/4/cache/colibre/150/sd/res/placeholder_movie_large.png
soffice.bin /config/.config/libreoffice/4/cache/breeze/150/sd/res/placeholder_table_small_hover.png
soffice.bin /config/.config/libreoffice/4/cache/colibre/150/sd/res/placeholder_table_small_hover.png
soffice.bin /config/.config/libreoffice/4/cache/colibre/150/sd/res/placeholder_table_small_hover.png
soffice.bin /config/.config/libreoffice/4/cache/breeze/150/sd/res/placeholder_table_large_hover.png
soffice.bin /config/.config/libreoffice/4/cache/colibre/150/sd/res/placeholder_table_large_hover.png
soffice.bin /config/.config/libreoffice/4/cache/colibre/150/sd/res/placeholder_table_large_hover.png
soffice.bin /config/.config/libreoffice/4/cache/breeze/150/sd/res/placeholder_chart_small_hover.png
soffice.bin /config/.config/libreoffice/4/cache/colibre/150/sd/res/placeholder_chart_small_hover.png
soffice.bin /config/.config/libreoffice/4/cache/colibre/150/sd/res/placeholder_chart_small_hover.png
soffice.bin /config/.config/libreoffice/4/cache/breeze/150/sd/res/placeholder_chart_large_hover.png
soffice.bin /config/.config/libreoffice/4/cache/colibre/150/sd/res/placeholder_chart_large_hover.png
soffice.bin /config/.config/libreoffice/4/cache/colibre/150/sd/res/placeholder_chart_large_hover.png
soffice.bin /config/.config/libreoffice/4/cache/breeze/150/sd/res/placeholder_image_small_hover.png
soffice.bin /config/.config/libreoffice/4/cache/colibre/150/sd/res/placeholder_image_small_hover.png
soffice.bin /config/.config/libreoffice/4/cache/colibre/150/sd/res/placeholder_image_small_hover.png
soffice.bin /config/.config/libreoffice/4/cache/breeze/150/sd/res/placeholder_image_large_hover.png
soffice.bin /config/.config/libreoffice/4/cache/colibre/150/sd/res/placeholder_image_large_hover.png
soffice.bin /config/.config/libreoffice/4/cache/colibre/150/sd/res/placeholder_image_large_hover.png
soffice.bin /config/.config/libreoffice/4/cache/breeze/150/sd/res/placeholder_movie_small_hover.png
soffice.bin /config/.config/libreoffice/4/cache/colibre/150/sd/res/placeholder_movie_small_hover.png
soffice.bin /config/.config/libreoffice/4/cache/colibre/150/sd/res/placeholder_movie_small_hover.png
soffice.bin /config/.config/libreoffice/4/cache/breeze/150/sd/res/placeholder_movie_large_hover.png
soffice.bin /config/.config/libreoffice/4/cache/colibre/150/sd/res/placeholder_movie_large_hover.png
soffice.bin /config/.config/libreoffice/4/cache/colibre/150/sd/res/placeholder_movie_large_hover.png
soffice.bin /usr/share/fonts/truetype/libreoffice/opens___.ttf
xclip /etc/ld.so.cache
xclip /lib/x86_64-linux-gnu/libXmu.so.6
xclip /lib/x86_64-linux-gnu/libX11.so.6
xclip /lib/x86_64-linux-gnu/libc.so.6
xclip /lib/x86_64-linux-gnu/libXt.so.6
xclip /lib/x86_64-linux-gnu/libXext.so.6
xclip /lib/x86_64-linux-gnu/libxcb.so.1
xclip /lib/x86_64-linux-gnu/libSM.so.6
xclip /lib/x86_64-linux-gnu/libICE.so.6
xclip /lib/x86_64-linux-gnu/libXau.so.6
xclip /lib/x86_64-linux-gnu/libXdmcp.so.6
xclip /lib/x86_64-linux-gnu/libuuid.so.1
xclip /lib/x86_64-linux-gnu/libbsd.so.0
xclip /lib/x86_64-linux-gnu/libmd.so.0
xclip /usr/share/X11/locale/locale.alias
xclip /usr/share/X11/locale/locale.dir
xclip /usr/share/X11/locale/C/XLC_LOCALE
xclip /usr/share/X11/locale/locale.alias
xclip /usr/share/X11/locale/locale.dir
xclip /usr/share/X11/locale/C/XLC_LOCALE
Xvfb /proc/1639/cmdline
soffice.bin /config/.config/libreoffice/4/cache/breeze/150/svx/res/doc_modified_yes.png
soffice.bin /config/.config/libreoffice/4/cache/breeze/150/svx/res/doc_modified_yes.png
xclip /etc/ld.so.cache
xclip /lib/x86_64-linux-gnu/libXmu.so.6
xclip /lib/x86_64-linux-gnu/libX11.so.6
xclip /lib/x86_64-linux-gnu/libc.so.6
xclip /lib/x86_64-linux-gnu/libXt.so.6
xclip /lib/x86_64-linux-gnu/libXext.so.6
xclip /lib/x86_64-linux-gnu/libxcb.so.1
xclip /lib/x86_64-linux-gnu/libSM.so.6
xclip /lib/x86_64-linux-gnu/libICE.so.6
xclip /lib/x86_64-linux-gnu/libXau.so.6
xclip /lib/x86_64-linux-gnu/libXdmcp.so.6
xclip /lib/x86_64-linux-gnu/libuuid.so.1
xclip /lib/x86_64-linux-gnu/libbsd.so.0
xclip /lib/x86_64-linux-gnu/libmd.so.0
xclip /usr/share/X11/locale/locale.alias
xclip /usr/share/X11/locale/locale.dir
xclip /usr/share/X11/locale/C/XLC_LOCALE
xclip /usr/share/X11/locale/locale.alias
xclip /usr/share/X11/locale/locale.dir
xclip /usr/share/X11/locale/C/XLC_LOCALE
Xvfb /proc/1655/cmdline
selkies /proc/stat
selkies /proc/meminfo
soffice.bin /config/.icons/breeze_cursors/cursors/ibeam
soffice.bin /config/.icons/breeze_cursors/index.theme
soffice.bin /usr/share/icons/breeze_cursors/cursors/ibeam
xclip /etc/ld.so.cache
xclip /lib/x86_64-linux-gnu/libXmu.so.6
xclip /lib/x86_64-linux-gnu/libX11.so.6
xclip /lib/x86_64-linux-gnu/libc.so.6
xclip /lib/x86_64-linux-gnu/libXt.so.6
xclip /lib/x86_64-linux-gnu/libXext.so.6
xclip /lib/x86_64-linux-gnu/libxcb.so.1
xclip /lib/x86_64-linux-gnu/libSM.so.6
xclip /lib/x86_64-linux-gnu/libICE.so.6
xclip /lib/x86_64-linux-gnu/libXau.so.6
xclip /lib/x86_64-linux-gnu/libXdmcp.so.6
xclip /lib/x86_64-linux-gnu/libuuid.so.1
xclip /lib/x86_64-linux-gnu/libbsd.so.0
xclip /lib/x86_64-linux-gnu/libmd.so.0
xclip /usr/share/X11/locale/locale.alias
xclip /usr/share/X11/locale/locale.dir
xclip /usr/share/X11/locale/C/XLC_LOCALE
xclip /usr/share/X11/locale/locale.alias
xclip /usr/share/X11/locale/locale.dir
xclip /usr/share/X11/locale/C/XLC_LOCALE
Xvfb /proc/1685/cmdline
soffice.bin /usr/lib/libreoffice/share/config/soffice.cfg/sfx/ui/tabbutton.ui
soffice.bin /usr/lib/libreoffice/share/config/soffice.cfg/sfx/ui/tabbutton.ui
soffice.bin /usr/lib/libreoffice/share/config/soffice.cfg/sfx/ui/tabbutton.ui
soffice.bin /usr/lib/libreoffice/share/config/soffice.cfg/sfx/ui/tabbutton.ui
soffice.bin /usr/lib/libreoffice/share/config/soffice.cfg/sfx/ui/tabbutton.ui
soffice.bin /usr/lib/libreoffice/share/config/soffice.cfg/sfx/ui/tabbutton.ui
soffice.bin /usr/lib/libreoffice/share/config/soffice.cfg/sfx/ui/tabbutton.ui
soffice.bin /usr/lib/libreoffice/share/config/soffice.cfg/sfx/ui/tabbutton.ui
soffice.bin /config/.config/libreoffice/4/cache/breeze/150/sfx2/res/symphony/sidebar-property-large.png
soffice.bin /config/.config/libreoffice/4/cache/breeze/150/sfx2/res/symphony/sidebar-property-large.png
soffice.bin /config/.config/libreoffice/4/cache/breeze/150/sfx2/res/symphony/sidebar-style-large.png
soffice.bin /config/.config/libreoffice/4/cache/breeze/150/sfx2/res/symphony/sidebar-style-large.png
soffice.bin /config/.config/libreoffice/4/cache/breeze/150/sfx2/res/symphony/sidebar-gallery-large.png
soffice.bin /config/.config/libreoffice/4/cache/breeze/150/sfx2/res/symphony/sidebar-gallery-large.png
soffice.bin /config/.config/libreoffice/4/cache/breeze/150/sfx2/res/symphony/sidebar-navigator-large.png
soffice.bin /config/.config/libreoffice/4/cache/breeze/150/sfx2/res/symphony/sidebar-navigator-large.png
soffice.bin /config/.config/libreoffice/4/cache/breeze/150/cmd/lc_basicshapes.png
soffice.bin /config/.config/libreoffice/4/cache/breeze/150/cmd/lc_basicshapes.png
soffice.bin /config/.config/libreoffice/4/cache/breeze/150/sfx2/res/symphony/sidebar-transition-large.png
soffice.bin /config/.config/libreoffice/4/cache/breeze/150/sfx2/res/symphony/sidebar-transition-large.png
soffice.bin /config/.config/libreoffice/4/cache/breeze/150/sfx2/res/symphony/sidebar-animation-large.png
soffice.bin /config/.config/libreoffice/4/cache/breeze/150/sfx2/res/symphony/sidebar-animation-large.png
soffice.bin /config/.config/libreoffice/4/cache/breeze/150/sfx2/res/symphony/sidebar-template-large.png
soffice.bin /config/.config/libreoffice/4/cache/breeze/150/sfx2/res/symphony/sidebar-template-large.png
soffice.bin /usr/lib/libreoffice/share/config/soffice.cfg/sfx/ui/panel.ui
soffice.bin /usr/lib/libreoffice/share/config/soffice.cfg/svx/ui/sidebartextpanel.ui
soffice.bin /config/.config/libreoffice/4/cache/breeze/150/cmd/sc_charfontname.png
soffice.bin /config/.config/libreoffice/4/cache/breeze/150/cmd/sc_charfontname.png
soffice.bin /etc/passwd
soffice.bin /config/.config/libreoffice/4/user/config/fontnameboxmruentries
soffice.bin /config/.config/libreoffice/4/cache/breeze/150/cmd/sc_fontheight.png
soffice.bin /config/.config/libreoffice/4/cache/breeze/150/cmd/sc_fontheight.png
soffice.bin /config/.config/libreoffice/4/cache/breeze/150/cmd/sc_underline.png
soffice.bin /config/.config/libreoffice/4/cache/breeze/150/cmd/sc_underline.png
soffice.bin /usr/lib/libreoffice/share/config/soffice.cfg/svx/ui/toolbarpopover.ui
soffice.bin /config/.config/libreoffice/4/cache/breeze/150/cmd/sc_color.png
soffice.bin /config/.config/libreoffice/4/cache/breeze/150/cmd/sc_color.png
soffice.bin /usr/lib/libreoffice/share/config/soffice.cfg/svx/ui/toolbarpopover.ui
soffice.bin /config/.config/libreoffice/4/cache/breeze/150/cmd/sc_charbackcolor.png
soffice.bin /config/.config/libreoffice/4/cache/breeze/150/cmd/sc_charbackcolor.png
soffice.bin /usr/lib/libreoffice/share/config/soffice.cfg/svx/ui/toolbarpopover.ui
soffice.bin /config/.config/libreoffice/4/cache/breeze/150/cmd/sc_charbackcolor.png
soffice.bin /config/.config/libreoffice/4/cache/breeze/150/cmd/sc_charbackcolor.png
soffice.bin /config/.config/libreoffice/4/cache/breeze/150/cmd/sc_charbackcolor.png
soffice.bin /config/.config/libreoffice/4/cache/breeze/150/cmd/sc_charbackcolor.png
soffice.bin /config/.config/libreoffice/4/cache/breeze/150/cmd/sc_setdefault.png
soffice.bin /config/.config/libreoffice/4/cache/breeze/150/cmd/sc_setdefault.png
soffice.bin /config/.config/libreoffice/4/cache/breeze/150/cmd/sc_spacing.png
soffice.bin /config/.config/libreoffice/4/cache/breeze/150/cmd/sc_spacing.png
soffice.bin /usr/lib/libreoffice/share/config/soffice.cfg/svx/ui/toolbarpopover.ui
soffice.bin /usr/lib/libreoffice/share/config/soffice.cfg/sfx/ui/panel.ui
soffice.bin /usr/lib/libreoffice/share/config/soffice.cfg/svx/ui/sidebarlists.ui
soffice.bin /usr/lib/libreoffice/share/config/soffice.cfg/svx/ui/toolbarpopover.ui
soffice.bin /usr/lib/libreoffice/share/config/soffice.cfg/svx/ui/toolbarpopover.ui
soffice.bin /usr/lib/libreoffice/share/config/soffice.cfg/sfx/ui/panel.ui
soffice.bin /usr/lib/libreoffice/share/config/soffice.cfg/svx/ui/sidebarparagraph.ui
soffice.bin /usr/lib/libreoffice/share/config/soffice.cfg/svx/ui/toolbarpopover.ui
soffice.bin /usr/lib/libreoffice/share/config/soffice.cfg/svx/ui/toolbarpopover.ui
soffice.bin /config/.config/libreoffice/4/cache/breeze/150/cmd/sc_setoutline.png
soffice.bin /config/.config/libreoffice/4/cache/breeze/150/cmd/sc_setoutline.png
soffice.bin /usr/lib/libreoffice/share/config/soffice.cfg/svx/ui/toolbarpopover.ui
soffice.bin /config/.config/libreoffice/4/cache/breeze/150/cmd/sc_backgroundcolor.png
soffice.bin /config/.config/libreoffice/4/cache/breeze/150/cmd/sc_backgroundcolor.png
soffice.bin /usr/lib/libreoffice/share/config/soffice.cfg/svx/ui/toolbarpopover.ui
soffice.bin /config/.config/libreoffice/4/cache/breeze/150/cmd/sc_paralefttoright.png
soffice.bin /config/.config/libreoffice/4/cache/breeze/150/cmd/sc_paralefttoright.png
soffice.bin /config/.config/libreoffice/4/cache/breeze/150/cmd/sc_pararighttoleft.png
soffice.bin /config/.config/libreoffice/4/cache/breeze/150/cmd/sc_pararighttoleft.png
soffice.bin /usr/lib/libreoffice/share/config/soffice.cfg/svx/ui/toolbarpopover.ui
soffice.bin /config/.config/libreoffice/4/cache/breeze/150/cmd/sc_hangingindent.png
soffice.bin /config/.config/libreoffice/4/cache/breeze/150/cmd/sc_hangingindent.png
soffice.bin /usr/lib/libreoffice/share/config/soffice.cfg/svx/ui/measurewidthbar.ui
soffice.bin /usr/lib/libreoffice/share/config/soffice.cfg/svx/ui/toolbarpopover.ui
soffice.bin /config/.config/libreoffice/4/cache/breeze/150/cmd/sc_setborderstyle.png
soffice.bin /config/.config/libreoffice/4/cache/breeze/150/cmd/sc_setborderstyle.png
soffice.bin /usr/lib/libreoffice/share/config/soffice.cfg/svx/ui/toolbarpopover.ui
soffice.bin /config/.config/libreoffice/4/cache/breeze/150/cmd/sc_insertrowsbefore.png
soffice.bin /config/.config/libreoffice/4/cache/breeze/150/cmd/sc_insertrowsbefore.png
soffice.bin /config/.config/libreoffice/4/cache/breeze/150/cmd/sc_insertrowsafter.png
soffice.bin /config/.config/libreoffice/4/cache/breeze/150/cmd/sc_insertrowsafter.png
soffice.bin /config/.config/libreoffice/4/cache/breeze/150/cmd/sc_insertcolumnsbefore.png
soffice.bin /config/.config/libreoffice/4/cache/breeze/150/cmd/sc_insertcolumnsbefore.png
soffice.bin /config/.config/libreoffice/4/cache/breeze/150/cmd/sc_insertcolumnsafter.png
soffice.bin /config/.config/libreoffice/4/cache/breeze/150/cmd/sc_insertcolumnsafter.png
soffice.bin /config/.config/libreoffice/4/cache/breeze/150/cmd/sc_insertrowsbefore.png
soffice.bin /config/.config/libreoffice/4/cache/breeze/150/cmd/sc_insertrowsbefore.png
soffice.bin /config/.config/libreoffice/4/cache/breeze/150/cmd/sc_insertcolumnsbefore.png
soffice.bin /config/.config/libreoffice/4/cache/breeze/150/cmd/sc_insertcolumnsbefore.png
soffice.bin /config/.config/libreoffice/4/cache/breeze/150/cmd/sc_setborderstyle.png
soffice.bin /config/.config/libreoffice/4/cache/breeze/150/cmd/sc_setborderstyle.png
soffice.bin /usr/lib/libreoffice/share/config/soffice.cfg/sfx/ui/panel.ui
soffice.bin /usr/lib/libreoffice/share/config/soffice.cfg/svx/ui/sidebararea.ui
soffice.bin /usr/lib/libreoffice/share/palette/standard.soc
soffice.bin /usr/lib/libreoffice/share/palette/standard.soc
soffice.bin /usr/lib/libreoffice/share/config/soffice.cfg/svx/ui/toolbarpopover.ui
soffice.bin /usr/lib/libreoffice/share/config/soffice.cfg/svx/ui/floatingareastyle.ui
soffice.bin /usr/lib/libreoffice/share/config/soffice.cfg/sfx/ui/panel.ui
soffice.bin /usr/lib/libreoffice/share/config/soffice.cfg/svx/ui/sidebarline.ui
soffice.bin /config/.config/libreoffice/4/cache/breeze/150/cmd/sc_xlinecolor.png
soffice.bin /config/.config/libreoffice/4/cache/breeze/150/cmd/sc_xlinecolor.png
soffice.bin /usr/lib/libreoffice/share/config/soffice.cfg/svx/ui/toolbarpopover.ui
soffice.bin /config/.config/libreoffice/4/cache/breeze/150/cmd/sc_lineendstyle.png
soffice.bin /config/.config/libreoffice/4/cache/breeze/150/cmd/sc_lineendstyle.png
soffice.bin /usr/lib/libreoffice/share/config/soffice.cfg/svx/ui/toolbarpopover.ui
soffice.bin /config/.config/libreoffice/4/cache/breeze/150/cmd/sc_xlinestyle.png
soffice.bin /config/.config/libreoffice/4/cache/breeze/150/cmd/sc_xlinestyle.png
soffice.bin /usr/lib/libreoffice/share/config/soffice.cfg/svx/ui/toolbarpopover.ui
soffice.bin /config/.config/libreoffice/4/cache/breeze/150/cmd/sc_xlinestyle.png
soffice.bin /config/.config/libreoffice/4/cache/breeze/150/cmd/sc_xlinestyle.png
soffice.bin /usr/lib/libreoffice/share/palette/standard.sod
soffice.bin /usr/lib/libreoffice/share/config/soffice.cfg/svx/ui/floatinglineproperty.ui
soffice.bin /config/.config/libreoffice/4/cache/breeze/150/svx/res/symphony/last_custom_common_grey.png
soffice.bin /config/.config/libreoffice/4/cache/breeze/150/svx/res/symphony/last_custom_common_grey.png
soffice.bin /usr/lib/libreoffice/share/config/soffice.cfg/sfx/ui/panel.ui
soffice.bin /usr/lib/libreoffice/share/config/soffice.cfg/svx/ui/sidebarshadow.ui
soffice.bin /usr/lib/libreoffice/share/palette/standard.soc
soffice.bin /usr/lib/libreoffice/share/config/soffice.cfg/sfx/ui/panel.ui
soffice.bin /usr/lib/libreoffice/share/config/soffice.cfg/svx/ui/sidebarpossize.ui
soffice.bin /config/.config/libreoffice/4/cache/breeze/150/cmd/sc_fliphorizontal.png
soffice.bin /config/.config/libreoffice/4/cache/breeze/150/cmd/sc_fliphorizontal.png
soffice.bin /config/.config/libreoffice/4/cache/breeze/150/cmd/sc_objectforwardone.png
soffice.bin /config/.config/libreoffice/4/cache/breeze/150/cmd/sc_objectforwardone.png
soffice.bin /config/.config/libreoffice/4/cache/breeze/150/cmd/sc_objectbackone.png
soffice.bin /config/.config/libreoffice/4/cache/breeze/150/cmd/sc_objectbackone.png
soffice.bin /config/.config/libreoffice/4/cache/breeze/150/cmd/sc_setobjecttobackground.png
soffice.bin /config/.config/libreoffice/4/cache/breeze/150/cmd/sc_setobjecttobackground.png
soffice.bin /config/.config/libreoffice/4/cache/breeze/150/cmd/sc_setobjecttoforeground.png
soffice.bin /config/.config/libreoffice/4/cache/breeze/150/cmd/sc_setobjecttoforeground.png
soffice.bin /usr/lib/libreoffice/share/config/soffice.cfg/sfx/ui/panel.ui
soffice.bin /usr/lib/libreoffice/share/config/soffice.cfg/svx/ui/sidebartextcolumnspanel.ui
soffice.bin /config/.config/libreoffice/4/cache/breeze/150/cmd/sc_fontheight.png
soffice.bin /config/.config/libreoffice/4/cache/breeze/150/cmd/sc_fontheight.png
soffice.bin /config/.config/libreoffice/4/cache/breeze/150/cmd/sc_setdefault.png
soffice.bin /config/.config/libreoffice/4/cache/breeze/150/cmd/sc_setdefault.png
soffice.bin /config/.config/libreoffice/4/cache/breeze/150/cmd/sc_leftpara.png
soffice.bin /config/.config/libreoffice/4/cache/breeze/150/cmd/sc_leftpara.png
soffice.bin /config/.config/libreoffice/4/cache/breeze/150/cmd/sc_centerpara.png
soffice.bin /config/.config/libreoffice/4/cache/breeze/150/cmd/sc_centerpara.png
soffice.bin /config/.config/libreoffice/4/cache/breeze/150/cmd/sc_rightpara.png
soffice.bin /config/.config/libreoffice/4/cache/breeze/150/cmd/sc_rightpara.png
soffice.bin /config/.config/libreoffice/4/cache/breeze/150/cmd/sc_justifypara.png
soffice.bin /config/.config/libreoffice/4/cache/breeze/150/cmd/sc_justifypara.png
soffice.bin /config/.config/libreoffice/4/cache/breeze/150/cmd/sc_cellverttop.png
soffice.bin /config/.config/libreoffice/4/cache/breeze/150/cmd/sc_cellverttop.png
soffice.bin /config/.config/libreoffice/4/cache/breeze/150/cmd/sc_cellvertcenter.png
soffice.bin /config/.config/libreoffice/4/cache/breeze/150/cmd/sc_cellvertcenter.png
soffice.bin /config/.config/libreoffice/4/cache/breeze/150/cmd/sc_cellvertbottom.png
soffice.bin /config/.config/libreoffice/4/cache/breeze/150/cmd/sc_cellvertbottom.png
soffice.bin /config/.config/libreoffice/4/cache/breeze/150/svx/res/symphony/spacing1.png
soffice.bin /config/.config/libreoffice/4/cache/breeze/150/svx/res/symphony/spacing1.png
soffice.bin /config/.config/libreoffice/4/cache/breeze/150/svx/res/symphony/spacing2.png
soffice.bin /config/.config/libreoffice/4/cache/breeze/150/svx/res/symphony/spacing2.png
soffice.bin /config/.config/libreoffice/4/cache/breeze/150/svx/res/symphony/Indent4.png
soffice.bin /config/.config/libreoffice/4/cache/breeze/150/svx/res/symphony/Indent4.png
soffice.bin /config/.config/libreoffice/4/cache/breeze/150/svx/res/symphony/Indent3.png
soffice.bin /config/.config/libreoffice/4/cache/breeze/150/svx/res/symphony/Indent3.png
soffice.bin /config/.config/libreoffice/4/cache/breeze/150/svx/res/symphony/Indent2.png
soffice.bin /config/.config/libreoffice/4/cache/breeze/150/svx/res/symphony/Indent2.png
soffice.bin /config/.config/libreoffice/4/cache/breeze/150/svx/res/marker-rect13-3.png
soffice.bin /config/.config/libreoffice/4/cache/breeze/150/svx/res/marker-rect13-3.png
soffice.bin /config/.config/libreoffice/4/cache/breeze/150/svx/res/marker-rect9-3.png
soffice.bin /config/.config/libreoffice/4/cache/breeze/150/svx/res/marker-rect9-3.png
soffice.bin /usr/lib/libreoffice/share/config/soffice.cfg/sfx/ui/tabbutton.ui
soffice.bin /usr/lib/libreoffice/share/config/soffice.cfg/sfx/ui/tabbutton.ui
soffice.bin /usr/lib/libreoffice/share/config/soffice.cfg/sfx/ui/tabbutton.ui
soffice.bin /usr/lib/libreoffice/share/config/soffice.cfg/sfx/ui/tabbutton.ui
soffice.bin /usr/lib/libreoffice/share/config/soffice.cfg/sfx/ui/tabbutton.ui
soffice.bin /usr/lib/libreoffice/share/config/soffice.cfg/sfx/ui/tabbutton.ui
soffice.bin /usr/lib/libreoffice/share/config/soffice.cfg/sfx/ui/tabbutton.ui
soffice.bin /usr/lib/libreoffice/share/config/soffice.cfg/sfx/ui/tabbutton.ui
soffice.bin /config/.config/libreoffice/4/cache/breeze/150/sfx2/res/symphony/sidebar-property-large.png
soffice.bin /config/.config/libreoffice/4/cache/breeze/150/sfx2/res/symphony/sidebar-property-large.png
soffice.bin /config/.config/libreoffice/4/cache/breeze/150/sfx2/res/symphony/sidebar-style-large.png
soffice.bin /config/.config/libreoffice/4/cache/breeze/150/sfx2/res/symphony/sidebar-style-large.png
soffice.bin /config/.config/libreoffice/4/cache/breeze/150/sfx2/res/symphony/sidebar-gallery-large.png
soffice.bin /config/.config/libreoffice/4/cache/breeze/150/sfx2/res/symphony/sidebar-gallery-large.png
soffice.bin /config/.config/libreoffice/4/cache/breeze/150/sfx2/res/symphony/sidebar-navigator-large.png
soffice.bin /config/.config/libreoffice/4/cache/breeze/150/sfx2/res/symphony/sidebar-navigator-large.png
soffice.bin /config/.config/libreoffice/4/cache/breeze/150/cmd/lc_basicshapes.png
soffice.bin /config/.config/libreoffice/4/cache/breeze/150/cmd/lc_basicshapes.png
soffice.bin /config/.config/libreoffice/4/cache/breeze/150/sfx2/res/symphony/sidebar-transition-large.png
soffice.bin /config/.config/libreoffice/4/cache/breeze/150/sfx2/res/symphony/sidebar-transition-large.png
soffice.bin /config/.config/libreoffice/4/cache/breeze/150/sfx2/res/symphony/sidebar-animation-large.png
soffice.bin /config/.config/libreoffice/4/cache/breeze/150/sfx2/res/symphony/sidebar-animation-large.png
soffice.bin /config/.config/libreoffice/4/cache/breeze/150/sfx2/res/symphony/sidebar-template-large.png
soffice.bin /config/.config/libreoffice/4/cache/breeze/150/sfx2/res/symphony/sidebar-template-large.png
soffice.bin /config/.config/libreoffice/4/cache/breeze/150/cmd/sc_outlineright.png
soffice.bin /config/.config/libreoffice/4/cache/breeze/150/cmd/sc_outlineright.png
soffice.bin /config/.config/libreoffice/4/cache/breeze/150/cmd/sc_outlineleft.png
soffice.bin /config/.config/libreoffice/4/cache/breeze/150/cmd/sc_outlineleft.png
soffice.bin /config/.config/libreoffice/4/cache/breeze/150/cmd/sc_outlinedown.png
soffice.bin /config/.config/libreoffice/4/cache/breeze/150/cmd/sc_outlinedown.png
soffice.bin /config/.config/libreoffice/4/cache/breeze/150/cmd/sc_outlineup.png
soffice.bin /config/.config/libreoffice/4/cache/breeze/150/cmd/sc_outlineup.png
soffice.bin /config/.config/libreoffice/4/cache/breeze/150/sfx2/res/symphony/sidebar-property-large.png
soffice.bin /config/.config/libreoffice/4/cache/breeze/150/sfx2/res/symphony/sidebar-property-large.png
soffice.bin /config/.config/libreoffice/4/cache/breeze/150/sfx2/res/symphony/sidebar-style-large.png
soffice.bin /config/.config/libreoffice/4/cache/breeze/150/sfx2/res/symphony/sidebar-style-large.png
soffice.bin /config/.config/libreoffice/4/cache/breeze/150/sfx2/res/symphony/sidebar-gallery-large.png
soffice.bin /config/.config/libreoffice/4/cache/breeze/150/sfx2/res/symphony/sidebar-gallery-large.png
soffice.bin /config/.config/libreoffice/4/cache/breeze/150/sfx2/res/symphony/sidebar-navigator-large.png
soffice.bin /config/.config/libreoffice/4/cache/breeze/150/sfx2/res/symphony/sidebar-navigator-large.png
soffice.bin /config/.config/libreoffice/4/cache/breeze/150/cmd/lc_basicshapes.png
soffice.bin /config/.config/libreoffice/4/cache/breeze/150/cmd/lc_basicshapes.png
soffice.bin /config/.config/libreoffice/4/cache/breeze/150/sfx2/res/symphony/sidebar-transition-large.png
soffice.bin /config/.config/libreoffice/4/cache/breeze/150/sfx2/res/symphony/sidebar-transition-large.png
soffice.bin /config/.config/libreoffice/4/cache/breeze/150/sfx2/res/symphony/sidebar-animation-large.png
soffice.bin /config/.config/libreoffice/4/cache/breeze/150/sfx2/res/symphony/sidebar-animation-large.png
soffice.bin /usr/share/fonts/opentype/urw-base35/C059-Roman.otf
soffice.bin /usr/share/fonts/opentype/urw-base35/C059-Roman.otf
soffice.bin /usr/share/fonts/opentype/urw-base35/C059-Roman.otf
soffice.bin /usr/share/fonts/opentype/urw-base35/D050000L.otf
soffice.bin /usr/share/fonts/opentype/urw-base35/D050000L.otf
soffice.bin /usr/share/fonts/opentype/urw-base35/D050000L.otf
soffice.bin /usr/share/fonts/truetype/dm-mono/DMMono-Regular.ttf
soffice.bin /usr/share/fonts/truetype/dm-mono/DMMono-Regular.ttf
soffice.bin /usr/share/fonts/truetype/dm-mono/DMMono-Regular.ttf
soffice.bin /usr/share/fonts/truetype/dm-mono/DMMono-Light.ttf
soffice.bin /usr/share/fonts/truetype/dm-mono/DMMono-Light.ttf
soffice.bin /usr/share/fonts/truetype/dm-mono/DMMono-Light.ttf
soffice.bin /usr/share/fonts/truetype/dm-mono/DMMono-Medium.ttf
soffice.bin /usr/share/fonts/truetype/dm-mono/DMMono-Medium.ttf
soffice.bin /usr/share/fonts/truetype/dm-mono/DMMono-Medium.ttf
soffice.bin /usr/share/fonts/truetype/liberation/LiberationMono-Regular.ttf
soffice.bin /usr/share/fonts/truetype/liberation/LiberationMono-Regular.ttf
soffice.bin /usr/share/fonts/truetype/liberation/LiberationMono-Regular.ttf
soffice.bin /usr/share/fonts/opentype/urw-base35/NimbusMonoPS-Regular.otf
soffice.bin /usr/share/fonts/opentype/urw-base35/NimbusMonoPS-Regular.otf
soffice.bin /usr/share/fonts/opentype/urw-base35/NimbusMonoPS-Regular.otf
soffice.bin /usr/share/fonts/opentype/urw-base35/NimbusRoman-Regular.otf
soffice.bin /usr/share/fonts/opentype/urw-base35/NimbusRoman-Regular.otf
soffice.bin /usr/share/fonts/opentype/urw-base35/NimbusRoman-Regular.otf
soffice.bin /usr/share/fonts/opentype/urw-base35/NimbusSans-Regular.otf
soffice.bin /usr/share/fonts/opentype/urw-base35/NimbusSans-Regular.otf
soffice.bin /usr/share/fonts/opentype/urw-base35/NimbusSans-Regular.otf
soffice.bin /usr/share/fonts/opentype/urw-base35/NimbusSansNarrow-Regular.otf
soffice.bin /usr/share/fonts/opentype/urw-base35/NimbusSansNarrow-Regular.otf
soffice.bin /usr/share/fonts/opentype/urw-base35/NimbusSansNarrow-Regular.otf
soffice.bin /usr/share/fonts/truetype/noto/NotoColorEmoji.ttf
soffice.bin /usr/share/fonts/truetype/noto/NotoColorEmoji.ttf
soffice.bin /usr/share/fonts/truetype/noto/NotoColorEmoji.ttf
soffice.bin /usr/share/fonts/truetype/noto/NotoKufiArabic-Regular.ttf
soffice.bin /usr/share/fonts/truetype/noto/NotoKufiArabic-Regular.ttf
soffice.bin /usr/share/fonts/truetype/noto/NotoKufiArabic-Regular.ttf
soffice.bin /usr/share/fonts/truetype/noto/NotoLoopedLao-Bold.ttf
soffice.bin /usr/share/fonts/truetype/noto/NotoLoopedLao-Bold.ttf
soffice.bin /usr/share/fonts/truetype/noto/NotoLoopedLao-Bold.ttf
soffice.bin /usr/share/fonts/truetype/noto/NotoLoopedLao-Regular.ttf
soffice.bin /usr/share/fonts/truetype/noto/NotoLoopedLao-Regular.ttf
soffice.bin /usr/share/fonts/truetype/noto/NotoLoopedLao-Regular.ttf
soffice.bin /usr/share/fonts/truetype/noto/NotoLoopedThai-Bold.ttf
soffice.bin /usr/share/fonts/truetype/noto/NotoLoopedThai-Bold.ttf
soffice.bin /usr/share/fonts/truetype/noto/NotoLoopedThai-Bold.ttf
soffice.bin /usr/share/fonts/truetype/noto/NotoLoopedThai-Regular.ttf
soffice.bin /usr/share/fonts/truetype/noto/NotoLoopedThai-Regular.ttf
soffice.bin /usr/share/fonts/truetype/noto/NotoLoopedThai-Regular.ttf
soffice.bin /usr/share/fonts/truetype/noto/NotoMono-Regular.ttf
soffice.bin /usr/share/fonts/truetype/noto/NotoMono-Regular.ttf
soffice.bin /usr/share/fonts/truetype/noto/NotoMono-Regular.ttf
soffice.bin /usr/share/fonts/truetype/noto/NotoMusic-Regular.ttf
soffice.bin /usr/share/fonts/truetype/noto/NotoMusic-Regular.ttf
soffice.bin /usr/share/fonts/truetype/noto/NotoMusic-Regular.ttf
soffice.bin /usr/share/fonts/truetype/noto/NotoNaskhArabic-Regular.ttf
soffice.bin /usr/share/fonts/truetype/noto/NotoNaskhArabic-Regular.ttf
soffice.bin /usr/share/fonts/truetype/noto/NotoNaskhArabic-Regular.ttf
soffice.bin /usr/share/fonts/truetype/noto/NotoNastaliqUrdu-Regular.ttf
soffice.bin /usr/share/fonts/truetype/noto/NotoNastaliqUrdu-Regular.ttf
soffice.bin /usr/share/fonts/truetype/noto/NotoSans-Regular.ttf
soffice.bin /usr/share/fonts/truetype/noto/NotoNastaliqUrdu-Regular.ttf
soffice.bin /usr/share/fonts/truetype/noto/NotoRashiHebrew-Regular.ttf
soffice.bin /usr/share/fonts/truetype/noto/NotoRashiHebrew-Regular.ttf
soffice.bin /usr/share/fonts/truetype/noto/NotoRashiHebrew-Regular.ttf
soffice.bin /usr/share/fonts/truetype/noto/NotoSans-Regular.ttf
soffice.bin /usr/share/fonts/truetype/noto/NotoSansAdlam-Regular.ttf
soffice.bin /usr/share/fonts/truetype/noto/NotoSansAdlam-Regular.ttf
soffice.bin /usr/share/fonts/truetype/noto/NotoSansAdlam-Regular.ttf
xclip /etc/ld.so.cache
xclip /lib/x86_64-linux-gnu/libXmu.so.6
xclip /lib/x86_64-linux-gnu/libX11.so.6
xclip /lib/x86_64-linux-gnu/libc.so.6
xclip /lib/x86_64-linux-gnu/libXt.so.6
xclip /lib/x86_64-linux-gnu/libXext.so.6
xclip /lib/x86_64-linux-gnu/libxcb.so.1
xclip /lib/x86_64-linux-gnu/libSM.so.6
xclip /lib/x86_64-linux-gnu/libICE.so.6
xclip /lib/x86_64-linux-gnu/libXau.so.6
xclip /lib/x86_64-linux-gnu/libXdmcp.so.6
xclip /lib/x86_64-linux-gnu/libuuid.so.1
xclip /lib/x86_64-linux-gnu/libbsd.so.0
xclip /lib/x86_64-linux-gnu/libmd.so.0
xclip /usr/share/X11/locale/locale.alias
xclip /usr/share/X11/locale/locale.dir
xclip /usr/share/X11/locale/C/XLC_LOCALE
xclip /usr/share/X11/locale/locale.alias
xclip /usr/share/X11/locale/locale.dir
xclip /usr/share/X11/locale/C/XLC_LOCALE
Xvfb /proc/1717/cmdline
selkies /proc/stat
selkies /proc/meminfo
soffice.bin /config/.config/libreoffice/4/user/config
soffice.bin /usr/lib/libreoffice/share/palette
soffice.bin /usr/lib/libreoffice/share/config/soffice.cfg/svx/ui/colorwindow.ui
soffice.bin /usr/lib/libreoffice/share/palette/standard.soc
soffice.bin /usr/lib/libreoffice/share/palette/standard.soc
xclip /etc/ld.so.cache
xclip /lib/x86_64-linux-gnu/libXmu.so.6
xclip /lib/x86_64-linux-gnu/libX11.so.6
xclip /lib/x86_64-linux-gnu/libc.so.6
xclip /lib/x86_64-linux-gnu/libXt.so.6
xclip /lib/x86_64-linux-gnu/libXext.so.6
xclip /lib/x86_64-linux-gnu/libxcb.so.1
xclip /lib/x86_64-linux-gnu/libSM.so.6
xclip /lib/x86_64-linux-gnu/libICE.so.6
xclip /lib/x86_64-linux-gnu/libXau.so.6
xclip /lib/x86_64-linux-gnu/libXdmcp.so.6
xclip /lib/x86_64-linux-gnu/libuuid.so.1
xclip /lib/x86_64-linux-gnu/libbsd.so.0
xclip /lib/x86_64-linux-gnu/libmd.so.0
xclip /usr/share/X11/locale/locale.alias
xclip /usr/share/X11/locale/locale.dir
xclip /usr/share/X11/locale/C/XLC_LOCALE
xclip /usr/share/X11/locale/locale.alias
xclip /usr/share/X11/locale/locale.dir
xclip /usr/share/X11/locale/C/XLC_LOCALE
Xvfb /proc/1734/cmdline
configmgrWriter /config/.config/libreoffice/4/user/OuRUxQ
xclip /etc/ld.so.cache
xclip /lib/x86_64-linux-gnu/libXmu.so.6
xclip /lib/x86_64-linux-gnu/libX11.so.6
xclip /lib/x86_64-linux-gnu/libc.so.6
xclip /lib/x86_64-linux-gnu/libXt.so.6
xclip /lib/x86_64-linux-gnu/libXext.so.6
xclip /lib/x86_64-linux-gnu/libxcb.so.1
xclip /lib/x86_64-linux-gnu/libSM.so.6
xclip /lib/x86_64-linux-gnu/libICE.so.6
xclip /lib/x86_64-linux-gnu/libXau.so.6
xclip /lib/x86_64-linux-gnu/libXdmcp.so.6
xclip /lib/x86_64-linux-gnu/libuuid.so.1
xclip /lib/x86_64-linux-gnu/libbsd.so.0
xclip /lib/x86_64-linux-gnu/libmd.so.0
xclip /usr/share/X11/locale/locale.alias
xclip /usr/share/X11/locale/locale.dir
xclip /usr/share/X11/locale/C/XLC_LOCALE
xclip /usr/share/X11/locale/locale.alias
xclip /usr/share/X11/locale/locale.dir
xclip /usr/share/X11/locale/C/XLC_LOCALE
Xvfb /proc/1743/cmdline
selkies /proc/stat
selkies /proc/meminfo
xclip /etc/ld.so.cache
xclip /lib/x86_64-linux-gnu/libXmu.so.6
xclip /lib/x86_64-linux-gnu/libX11.so.6
xclip /lib/x86_64-linux-gnu/libc.so.6
xclip /lib/x86_64-linux-gnu/libXt.so.6
xclip /lib/x86_64-linux-gnu/libXext.so.6
xclip /lib/x86_64-linux-gnu/libxcb.so.1
xclip /lib/x86_64-linux-gnu/libSM.so.6
xclip /lib/x86_64-linux-gnu/libICE.so.6
xclip /lib/x86_64-linux-gnu/libXau.so.6
xclip /lib/x86_64-linux-gnu/libXdmcp.so.6
xclip /lib/x86_64-linux-gnu/libuuid.so.1
xclip /lib/x86_64-linux-gnu/libbsd.so.0
xclip /lib/x86_64-linux-gnu/libmd.so.0
xclip /usr/share/X11/locale/locale.alias
xclip /usr/share/X11/locale/locale.dir
xclip /usr/share/X11/locale/C/XLC_LOCALE
xclip /usr/share/X11/locale/locale.alias
xclip /usr/share/X11/locale/locale.dir
xclip /usr/share/X11/locale/C/XLC_LOCALE
Xvfb /proc/1751/cmdline
xdotool /etc/ld.so.cache
xdotool /lib/x86_64-linux-gnu/libxdo.so.3
xdotool /lib/x86_64-linux-gnu/libm.so.6
xdotool /lib/x86_64-linux-gnu/libX11.so.6
xdotool /lib/x86_64-linux-gnu/libc.so.6
xdotool /lib/x86_64-linux-gnu/libXtst.so.6
xdotool /lib/x86_64-linux-gnu/libXinerama.so.1
xdotool /lib/x86_64-linux-gnu/libxkbcommon.so.0
xdotool /lib/x86_64-linux-gnu/libxcb.so.1
xdotool /lib/x86_64-linux-gnu/libXext.so.6
xdotool /lib/x86_64-linux-gnu/libXau.so.6
xdotool /lib/x86_64-linux-gnu/libXdmcp.so.6
xdotool /lib/x86_64-linux-gnu/libbsd.so.0
xdotool /lib/x86_64-linux-gnu/libmd.so.0
Xvfb /proc/1753/cmdline
soffice.bin /usr/share/X11/locale/locale.alias
soffice.bin /config/.config/XCompose
soffice.bin /config/.XCompose
soffice.bin /usr/share/X11/locale/compose.dir
soffice.bin /usr/share/X11/locale/en_US.UTF-8/Compose
selkies /proc/stat
selkies /proc/meminfo
xclip /etc/ld.so.cache
xclip /lib/x86_64-linux-gnu/libXmu.so.6
xclip /lib/x86_64-linux-gnu/libX11.so.6
xclip /lib/x86_64-linux-gnu/libc.so.6
xclip /lib/x86_64-linux-gnu/libXt.so.6
xclip /lib/x86_64-linux-gnu/libXext.so.6
xclip /lib/x86_64-linux-gnu/libxcb.so.1
xclip /lib/x86_64-linux-gnu/libSM.so.6
xclip /lib/x86_64-linux-gnu/libICE.so.6
xclip /lib/x86_64-linux-gnu/libXau.so.6
xclip /lib/x86_64-linux-gnu/libXdmcp.so.6
xclip /lib/x86_64-linux-gnu/libuuid.so.1
xclip /lib/x86_64-linux-gnu/libbsd.so.0
xclip /lib/x86_64-linux-gnu/libmd.so.0
xclip /usr/share/X11/locale/locale.alias
xclip /usr/share/X11/locale/locale.dir
xclip /usr/share/X11/locale/C/XLC_LOCALE
xclip /usr/share/X11/locale/locale.alias
xclip /usr/share/X11/locale/locale.dir
xclip /usr/share/X11/locale/C/XLC_LOCALE
Xvfb /proc/1759/cmdline
soffice.bin /usr/share/fonts/truetype/liberation/LiberationSans-Regular.ttf
xdotool /etc/ld.so.cache
xdotool /lib/x86_64-linux-gnu/libxdo.so.3
xdotool /lib/x86_64-linux-gnu/libm.so.6
xdotool /lib/x86_64-linux-gnu/libX11.so.6
xdotool /lib/x86_64-linux-gnu/libc.so.6
xdotool /lib/x86_64-linux-gnu/libXtst.so.6
xdotool /lib/x86_64-linux-gnu/libXinerama.so.1
xdotool /lib/x86_64-linux-gnu/libxkbcommon.so.0
xdotool /lib/x86_64-linux-gnu/libxcb.so.1
xdotool /lib/x86_64-linux-gnu/libXext.so.6
xdotool /lib/x86_64-linux-gnu/libXau.so.6
xdotool /lib/x86_64-linux-gnu/libXdmcp.so.6
xdotool /lib/x86_64-linux-gnu/libbsd.so.0
xdotool /lib/x86_64-linux-gnu/libmd.so.0
Xvfb /proc/1762/cmdline
xclip /etc/ld.so.cache
xclip /lib/x86_64-linux-gnu/libXmu.so.6
xclip /lib/x86_64-linux-gnu/libX11.so.6
xclip /lib/x86_64-linux-gnu/libc.so.6
xclip /lib/x86_64-linux-gnu/libXt.so.6
xclip /lib/x86_64-linux-gnu/libXext.so.6
xclip /lib/x86_64-linux-gnu/libxcb.so.1
xclip /lib/x86_64-linux-gnu/libSM.so.6
xclip /lib/x86_64-linux-gnu/libICE.so.6
xclip /lib/x86_64-linux-gnu/libXau.so.6
xclip /lib/x86_64-linux-gnu/libXdmcp.so.6
xclip /lib/x86_64-linux-gnu/libuuid.so.1
xclip /lib/x86_64-linux-gnu/libbsd.so.0
xclip /lib/x86_64-linux-gnu/libmd.so.0
xclip /usr/share/X11/locale/locale.alias
xclip /usr/share/X11/locale/locale.dir
xclip /usr/share/X11/locale/C/XLC_LOCALE
xclip /usr/share/X11/locale/locale.alias
xclip /usr/share/X11/locale/locale.dir
xclip /usr/share/X11/locale/C/XLC_LOCALE
Xvfb /proc/1765/cmdline
selkies /proc/stat
selkies /proc/meminfo
xclip /etc/ld.so.cache
xclip /lib/x86_64-linux-gnu/libXmu.so.6
xclip /lib/x86_64-linux-gnu/libX11.so.6
xclip /lib/x86_64-linux-gnu/libc.so.6
xclip /lib/x86_64-linux-gnu/libXt.so.6
xclip /lib/x86_64-linux-gnu/libXext.so.6
xclip /lib/x86_64-linux-gnu/libxcb.so.1
xclip /lib/x86_64-linux-gnu/libSM.so.6
xclip /lib/x86_64-linux-gnu/libICE.so.6
xclip /lib/x86_64-linux-gnu/libXau.so.6
xclip /lib/x86_64-linux-gnu/libXdmcp.so.6
xclip /lib/x86_64-linux-gnu/libuuid.so.1
xclip /lib/x86_64-linux-gnu/libbsd.so.0
xclip /lib/x86_64-linux-gnu/libmd.so.0
xclip /usr/share/X11/locale/locale.alias
xclip /usr/share/X11/locale/locale.dir
xclip /usr/share/X11/locale/C/XLC_LOCALE
xclip /usr/share/X11/locale/locale.alias
xclip /usr/share/X11/locale/locale.dir
xclip /usr/share/X11/locale/C/XLC_LOCALE
Xvfb /proc/1775/cmdline
xclip /etc/ld.so.cache
xclip /lib/x86_64-linux-gnu/libXmu.so.6
xclip /lib/x86_64-linux-gnu/libX11.so.6
xclip /lib/x86_64-linux-gnu/libc.so.6
xclip /lib/x86_64-linux-gnu/libXt.so.6
xclip /lib/x86_64-linux-gnu/libXext.so.6
xclip /lib/x86_64-linux-gnu/libxcb.so.1
xclip /lib/x86_64-linux-gnu/libSM.so.6
xclip /lib/x86_64-linux-gnu/libICE.so.6
xclip /lib/x86_64-linux-gnu/libXau.so.6
xclip /lib/x86_64-linux-gnu/libXdmcp.so.6
xclip /lib/x86_64-linux-gnu/libuuid.so.1
xclip /lib/x86_64-linux-gnu/libbsd.so.0
xclip /lib/x86_64-linux-gnu/libmd.so.0
xclip /usr/share/X11/locale/locale.alias
xclip /usr/share/X11/locale/locale.dir
xclip /usr/share/X11/locale/C/XLC_LOCALE
xclip /usr/share/X11/locale/locale.alias
xclip /usr/share/X11/locale/locale.dir
xclip /usr/share/X11/locale/C/XLC_LOCALE
Xvfb /proc/1784/cmdline
selkies /proc/stat
selkies /proc/meminfo
xclip /etc/ld.so.cache
xclip /lib/x86_64-linux-gnu/libXmu.so.6
xclip /lib/x86_64-linux-gnu/libX11.so.6
xclip /lib/x86_64-linux-gnu/libc.so.6
xclip /lib/x86_64-linux-gnu/libXt.so.6
xclip /lib/x86_64-linux-gnu/libXext.so.6
xclip /lib/x86_64-linux-gnu/libxcb.so.1
xclip /lib/x86_64-linux-gnu/libSM.so.6
xclip /lib/x86_64-linux-gnu/libICE.so.6
xclip /lib/x86_64-linux-gnu/libXau.so.6
xclip /lib/x86_64-linux-gnu/libXdmcp.so.6
xclip /lib/x86_64-linux-gnu/libuuid.so.1
xclip /lib/x86_64-linux-gnu/libbsd.so.0
xclip /lib/x86_64-linux-gnu/libmd.so.0
xclip /usr/share/X11/locale/locale.alias
xclip /usr/share/X11/locale/locale.dir
xclip /usr/share/X11/locale/C/XLC_LOCALE
xclip /usr/share/X11/locale/locale.alias
xclip /usr/share/X11/locale/locale.dir
xclip /usr/share/X11/locale/C/XLC_LOCALE
Xvfb /proc/1792/cmdline
xclip /etc/ld.so.cache
xclip /lib/x86_64-linux-gnu/libXmu.so.6
xclip /lib/x86_64-linux-gnu/libX11.so.6
xclip /lib/x86_64-linux-gnu/libc.so.6
xclip /lib/x86_64-linux-gnu/libXt.so.6
xclip /lib/x86_64-linux-gnu/libXext.so.6
xclip /lib/x86_64-linux-gnu/libxcb.so.1
xclip /lib/x86_64-linux-gnu/libSM.so.6
xclip /lib/x86_64-linux-gnu/libICE.so.6
xclip /lib/x86_64-linux-gnu/libXau.so.6
xclip /lib/x86_64-linux-gnu/libXdmcp.so.6
xclip /lib/x86_64-linux-gnu/libuuid.so.1
xclip /lib/x86_64-linux-gnu/libbsd.so.0
xclip /lib/x86_64-linux-gnu/libmd.so.0
xclip /usr/share/X11/locale/locale.alias
xclip /usr/share/X11/locale/locale.dir
xclip /usr/share/X11/locale/C/XLC_LOCALE
xclip /usr/share/X11/locale/locale.alias
xclip /usr/share/X11/locale/locale.dir
xclip /usr/share/X11/locale/C/XLC_LOCALE
Xvfb /proc/1808/cmdline
selkies /proc/stat
selkies /proc/meminfo
xclip /etc/ld.so.cache
xclip /lib/x86_64-linux-gnu/libXmu.so.6
xclip /lib/x86_64-linux-gnu/libX11.so.6
xclip /lib/x86_64-linux-gnu/libc.so.6
xclip /lib/x86_64-linux-gnu/libXt.so.6
xclip /lib/x86_64-linux-gnu/libXext.so.6
xclip /lib/x86_64-linux-gnu/libxcb.so.1
xclip /lib/x86_64-linux-gnu/libSM.so.6
xclip /lib/x86_64-linux-gnu/libICE.so.6
xclip /lib/x86_64-linux-gnu/libXau.so.6
xclip /lib/x86_64-linux-gnu/libXdmcp.so.6
xclip /lib/x86_64-linux-gnu/libuuid.so.1
xclip /lib/x86_64-linux-gnu/libbsd.so.0
xclip /lib/x86_64-linux-gnu/libmd.so.0
xclip /usr/share/X11/locale/locale.alias
xclip /usr/share/X11/locale/locale.dir
xclip /usr/share/X11/locale/C/XLC_LOCALE
xclip /usr/share/X11/locale/locale.alias
xclip /usr/share/X11/locale/locale.dir
xclip /usr/share/X11/locale/C/XLC_LOCALE
Xvfb /proc/1817/cmdline
xclip /etc/ld.so.cache
xclip /lib/x86_64-linux-gnu/libXmu.so.6
xclip /lib/x86_64-linux-gnu/libX11.so.6
xclip /lib/x86_64-linux-gnu/libc.so.6
xclip /lib/x86_64-linux-gnu/libXt.so.6
xclip /lib/x86_64-linux-gnu/libXext.so.6
xclip /lib/x86_64-linux-gnu/libxcb.so.1
xclip /lib/x86_64-linux-gnu/libSM.so.6
xclip /lib/x86_64-linux-gnu/libICE.so.6
xclip /lib/x86_64-linux-gnu/libXau.so.6
xclip /lib/x86_64-linux-gnu/libXdmcp.so.6
xclip /lib/x86_64-linux-gnu/libuuid.so.1
xclip /lib/x86_64-linux-gnu/libbsd.so.0
xclip /lib/x86_64-linux-gnu/libmd.so.0
xclip /usr/share/X11/locale/locale.alias
xclip /usr/share/X11/locale/locale.dir
xclip /usr/share/X11/locale/C/XLC_LOCALE
xclip /usr/share/X11/locale/locale.alias
xclip /usr/share/X11/locale/locale.dir
xclip /usr/share/X11/locale/C/XLC_LOCALE
Xvfb /proc/1827/cmdline
selkies /proc/stat
selkies /proc/meminfo
xclip /etc/ld.so.cache
xclip /lib/x86_64-linux-gnu/libXmu.so.6
xclip /lib/x86_64-linux-gnu/libX11.so.6
xclip /lib/x86_64-linux-gnu/libc.so.6
xclip /lib/x86_64-linux-gnu/libXt.so.6
xclip /lib/x86_64-linux-gnu/libXext.so.6
xclip /lib/x86_64-linux-gnu/libxcb.so.1
xclip /lib/x86_64-linux-gnu/libSM.so.6
xclip /lib/x86_64-linux-gnu/libICE.so.6
xclip /lib/x86_64-linux-gnu/libXau.so.6
xclip /lib/x86_64-linux-gnu/libXdmcp.so.6
xclip /lib/x86_64-linux-gnu/libuuid.so.1
xclip /lib/x86_64-linux-gnu/libbsd.so.0
xclip /lib/x86_64-linux-gnu/libmd.so.0
xclip /usr/share/X11/locale/locale.alias
xclip /usr/share/X11/locale/locale.dir
xclip /usr/share/X11/locale/C/XLC_LOCALE
xclip /usr/share/X11/locale/locale.alias
xclip /usr/share/X11/locale/locale.dir
xclip /usr/share/X11/locale/C/XLC_LOCALE
Xvfb /proc/1835/cmdline


