xclip /etc/ld.so.cache
xclip /lib/x86_64-linux-gnu/libXmu.so.6
xclip /lib/x86_64-linux-gnu/libX11.so.6
xclip /lib/x86_64-linux-gnu/libc.so.6
xclip /lib/x86_64-linux-gnu/libXt.so.6
xclip /lib/x86_64-linux-gnu/libXext.so.6
xclip /lib/x86_64-linux-gnu/libxcb.so.1
xclip /lib/x86_64-linux-gnu/libSM.so.6
xclip /lib/x86_64-linux-gnu/libICE.so.6
xclip /lib/x86_64-linux-gnu/libXau.so.6
xclip /lib/x86_64-linux-gnu/libXdmcp.so.6
xclip /lib/x86_64-linux-gnu/libuuid.so.1
xclip /lib/x86_64-linux-gnu/libbsd.so.0
xclip /lib/x86_64-linux-gnu/libmd.so.0
xclip /usr/share/X11/locale/locale.alias
xclip /usr/share/X11/locale/locale.dir
xclip /usr/share/X11/locale/C/XLC_LOCALE
xclip /usr/share/X11/locale/locale.alias
xclip /usr/share/X11/locale/locale.dir
xclip /usr/share/X11/locale/C/XLC_LOCALE
Xvfb /proc/973/cmdline
plasmashell /config/.config/plasma-org.kde.plasma.desktop-appletsrc
xclip /etc/ld.so.cache
xclip /lib/x86_64-linux-gnu/libXmu.so.6
xclip /lib/x86_64-linux-gnu/libX11.so.6
xclip /lib/x86_64-linux-gnu/libc.so.6
xclip /lib/x86_64-linux-gnu/libXt.so.6
xclip /lib/x86_64-linux-gnu/libXext.so.6
xclip /lib/x86_64-linux-gnu/libxcb.so.1
xclip /lib/x86_64-linux-gnu/libSM.so.6
xclip /lib/x86_64-linux-gnu/libICE.so.6
xclip /lib/x86_64-linux-gnu/libXau.so.6
xclip /lib/x86_64-linux-gnu/libXdmcp.so.6
xclip /lib/x86_64-linux-gnu/libuuid.so.1
xclip /lib/x86_64-linux-gnu/libbsd.so.0
xclip /lib/x86_64-linux-gnu/libmd.so.0
xclip /usr/share/X11/locale/locale.alias
xclip /usr/share/X11/locale/locale.dir
xclip /usr/share/X11/locale/C/XLC_LOCALE
xclip /usr/share/X11/locale/locale.alias
xclip /usr/share/X11/locale/locale.dir
xclip /usr/share/X11/locale/C/XLC_LOCALE
Xvfb /proc/974/cmdline
pulseaudio /config/.config/pulse/719bfa8fe76f46648671425727a46825-default-sink
pulseaudio /config/.config/pulse/719bfa8fe76f46648671425727a46825-default-source
xclip /etc/ld.so.cache
xclip /lib/x86_64-linux-gnu/libXmu.so.6
xclip /lib/x86_64-linux-gnu/libX11.so.6
xclip /lib/x86_64-linux-gnu/libc.so.6
xclip /lib/x86_64-linux-gnu/libXt.so.6
xclip /lib/x86_64-linux-gnu/libXext.so.6
xclip /lib/x86_64-linux-gnu/libxcb.so.1
xclip /lib/x86_64-linux-gnu/libSM.so.6
xclip /lib/x86_64-linux-gnu/libICE.so.6
xclip /lib/x86_64-linux-gnu/libXau.so.6
xclip /lib/x86_64-linux-gnu/libXdmcp.so.6
xclip /lib/x86_64-linux-gnu/libuuid.so.1
xclip /lib/x86_64-linux-gnu/libbsd.so.0
xclip /lib/x86_64-linux-gnu/libmd.so.0
xclip /usr/share/X11/locale/locale.alias
xclip /usr/share/X11/locale/locale.dir
xclip /usr/share/X11/locale/C/XLC_LOCALE
xclip /usr/share/X11/locale/locale.alias
xclip /usr/share/X11/locale/locale.dir
xclip /usr/share/X11/locale/C/XLC_LOCALE
Xvfb /proc/975/cmdline
plasmashell /usr/share/plasma/desktoptheme/default/widgets/checkmarks.svgz
plasmashell /usr/share/icons/breeze/actions/22/checkmark.svg
plasmashell /usr/share/plasma/desktoptheme/default/icons/edit.svgz
plasmashell /usr/share/icons/breeze/actions/22/edit-clear-history.svg
plasmashell /usr/share/icons/breeze/actions/22/edit-clear-history.svg
plasmashell /usr/share/icons/breeze/actions/22/notifications-disabled.svg
QSGRenderThread /usr/share/fonts/truetype/noto/NotoSans-Bold.ttf
xclip /etc/ld.so.cache
xclip /lib/x86_64-linux-gnu/libXmu.so.6
xclip /lib/x86_64-linux-gnu/libX11.so.6
xclip /lib/x86_64-linux-gnu/libc.so.6
xclip /lib/x86_64-linux-gnu/libXt.so.6
xclip /lib/x86_64-linux-gnu/libXext.so.6
xclip /lib/x86_64-linux-gnu/libxcb.so.1
xclip /lib/x86_64-linux-gnu/libSM.so.6
xclip /lib/x86_64-linux-gnu/libICE.so.6
xclip /lib/x86_64-linux-gnu/libXau.so.6
xclip /lib/x86_64-linux-gnu/libXdmcp.so.6
xclip /lib/x86_64-linux-gnu/libuuid.so.1
xclip /lib/x86_64-linux-gnu/libbsd.so.0
xclip /lib/x86_64-linux-gnu/libmd.so.0
xclip /usr/share/X11/locale/locale.alias
xclip /usr/share/X11/locale/locale.dir
xclip /usr/share/X11/locale/C/XLC_LOCALE
xclip /usr/share/X11/locale/locale.alias
xclip /usr/share/X11/locale/locale.dir
xclip /usr/share/X11/locale/C/XLC_LOCALE
Xvfb /proc/976/cmdline
plasmashell /usr/bin/plasmacalendarplugins
plasmashell /usr/lib/x86_64-linux-gnu/qt5/plugins/plasmacalendarplugins
plasmashell /usr/lib/x86_64-linux-gnu/qt5/plugins/plasmacalendarplugins/holidaysevents.so
plasmashell /usr/lib/x86_64-linux-gnu/qt5/plugins/plasmacalendarplugins
plasmashell /usr/share/plasma/desktoptheme/default/widgets/calendar.svgz
xclip /etc/ld.so.cache
xclip /lib/x86_64-linux-gnu/libXmu.so.6
xclip /lib/x86_64-linux-gnu/libX11.so.6
xclip /lib/x86_64-linux-gnu/libc.so.6
xclip /lib/x86_64-linux-gnu/libXt.so.6
xclip /lib/x86_64-linux-gnu/libXext.so.6
xclip /lib/x86_64-linux-gnu/libxcb.so.1
xclip /lib/x86_64-linux-gnu/libSM.so.6
xclip /lib/x86_64-linux-gnu/libICE.so.6
xclip /lib/x86_64-linux-gnu/libXau.so.6
xclip /lib/x86_64-linux-gnu/libXdmcp.so.6
xclip /lib/x86_64-linux-gnu/libuuid.so.1
xclip /lib/x86_64-linux-gnu/libbsd.so.0
xclip /lib/x86_64-linux-gnu/libmd.so.0
xclip /usr/share/X11/locale/locale.alias
xclip /usr/share/X11/locale/locale.dir
xclip /usr/share/X11/locale/C/XLC_LOCALE
xclip /usr/share/X11/locale/locale.alias
xclip /usr/share/X11/locale/locale.dir
xclip /usr/share/X11/locale/C/XLC_LOCALE
Xvfb /proc/977/cmdline
plasmashell /usr/share/plasma/desktoptheme/default/icons/go.svgz
plasmashell /usr/share/plasma/desktoptheme/default/icons/preferences.svgz
plasmashell /usr/share/icons/breeze/preferences/32/preferences-system-time.svg
plasmashell /usr/share/plasma/desktoptheme/default/icons/list.svgz
plasmashell /usr/share/plasma/desktoptheme/default/icons/drive.svgz
plasmashell /usr/share/icons/breeze/devices/symbolic/drive-removable-media-symbolic.svg
plasmashell /usr/lib/x86_64-linux-gnu/qt5/plugins/kf5/org.kde.kidletime.platforms
xclip /etc/ld.so.cache
xclip /lib/x86_64-linux-gnu/libXmu.so.6
xclip /lib/x86_64-linux-gnu/libX11.so.6
plasmashell /usr/lib/x86_64-linux-gnu/qt5/plugins/kf5/org.kde.kidletime.platforms/KF5IdleTimeWaylandPlugin.so
xclip /lib/x86_64-linux-gnu/libc.so.6
xclip /lib/x86_64-linux-gnu/libXt.so.6
plasmashell /usr/lib/x86_64-linux-gnu/qt5/plugins/kf5/org.kde.kidletime.platforms/KF5IdleTimeXcbPlugin0.so
xclip /lib/x86_64-linux-gnu/libXext.so.6
xclip /lib/x86_64-linux-gnu/libxcb.so.1
plasmashell /usr/lib/x86_64-linux-gnu/qt5/plugins/kf5/org.kde.kidletime.platforms/KF5IdleTimeXcbPlugin0.so.avx2
plasmashell /usr/lib/x86_64-linux-gnu/qt5/plugins/kf5/org.kde.kidletime.platforms/KF5IdleTimeXcbPlugin0.so
xclip /lib/x86_64-linux-gnu/libSM.so.6
xclip /lib/x86_64-linux-gnu/libICE.so.6
xclip /lib/x86_64-linux-gnu/libXau.so.6
xclip /lib/x86_64-linux-gnu/libXdmcp.so.6
xclip /lib/x86_64-linux-gnu/libuuid.so.1
xclip /lib/x86_64-linux-gnu/libbsd.so.0
xclip /lib/x86_64-linux-gnu/libmd.so.0
xclip /usr/share/X11/locale/locale.alias
xclip /usr/share/X11/locale/locale.dir
xclip /usr/share/X11/locale/C/XLC_LOCALE
xclip /usr/share/X11/locale/locale.alias
xclip /usr/share/X11/locale/locale.dir
xclip /usr/share/X11/locale/C/XLC_LOCALE
Xvfb /proc/978/cmdline
plasmashell /usr/share/plasma/desktoptheme/default/icons/media.svgz
plasmashell /usr/share/icons/breeze/actions/32/media-eject.svg
plasmashell /usr/share/plasma/desktoptheme/default/icons/device.svgz
xclip /etc/ld.so.cache
xclip /lib/x86_64-linux-gnu/libXmu.so.6
xclip /lib/x86_64-linux-gnu/libX11.so.6
xclip /lib/x86_64-linux-gnu/libc.so.6
xclip /lib/x86_64-linux-gnu/libXt.so.6
xclip /lib/x86_64-linux-gnu/libXext.so.6
xclip /lib/x86_64-linux-gnu/libxcb.so.1
xclip /lib/x86_64-linux-gnu/libSM.so.6
xclip /lib/x86_64-linux-gnu/libICE.so.6
xclip /lib/x86_64-linux-gnu/libXau.so.6
xclip /lib/x86_64-linux-gnu/libXdmcp.so.6
xclip /lib/x86_64-linux-gnu/libuuid.so.1
xclip /lib/x86_64-linux-gnu/libbsd.so.0
xclip /lib/x86_64-linux-gnu/libmd.so.0
xclip /usr/share/X11/locale/locale.alias
xclip /usr/share/X11/locale/locale.dir
xclip /usr/share/X11/locale/C/XLC_LOCALE
xclip /usr/share/X11/locale/locale.alias
xclip /usr/share/X11/locale/locale.dir
xclip /usr/share/X11/locale/C/XLC_LOCALE
Xvfb /proc/979/cmdline
xclip /etc/ld.so.cache
xclip /lib/x86_64-linux-gnu/libXmu.so.6
xclip /lib/x86_64-linux-gnu/libX11.so.6
xclip /lib/x86_64-linux-gnu/libc.so.6
xclip /lib/x86_64-linux-gnu/libXt.so.6
xclip /lib/x86_64-linux-gnu/libXext.so.6
xclip /lib/x86_64-linux-gnu/libxcb.so.1
xclip /lib/x86_64-linux-gnu/libSM.so.6
xclip /lib/x86_64-linux-gnu/libICE.so.6
xclip /lib/x86_64-linux-gnu/libXau.so.6
xclip /lib/x86_64-linux-gnu/libXdmcp.so.6
xclip /lib/x86_64-linux-gnu/libuuid.so.1
xclip /lib/x86_64-linux-gnu/libbsd.so.0
xclip /lib/x86_64-linux-gnu/libmd.so.0
xclip /usr/share/X11/locale/locale.alias
xclip /usr/share/X11/locale/locale.dir
xclip /usr/share/X11/locale/C/XLC_LOCALE
xclip /usr/share/X11/locale/locale.alias
xclip /usr/share/X11/locale/locale.dir
xclip /usr/share/X11/locale/C/XLC_LOCALE
Xvfb /proc/980/cmdline
QQmlThread /usr/share/plasma/plasmoids/org.kde.plasma.clipboard/contents/ui/inlinec
QQmlThread /config/.cache/plasmashell/qmlcache/2a8c43d11e4b39f247caffaec1ab74de22211196.
QQmlThread /usr/lib/x86_64-linux-gnu/qt5/qml/org/kde/prison/qmldir
QQmlThread /usr/lib/x86_64-linux-gnu/qt5/qml/org/kde/prison/libprisonquickplugin.so
QQmlThread /usr/lib/x86_64-linux-gnu/qt5/qml/org/kde/prison/libprisonquickplugin.so.avx2
QQmlThread /usr/lib/x86_64-linux-gnu/qt5/qml/org/kde/prison/libprisonquickplugin.so
plasmashell /usr/share/plasma/desktoptheme/default/icons/edit.svgz
plasmashell /usr/share/icons/breeze/actions/22/edit-paste.svg
plasmashell /usr/share/plasma/desktoptheme/default/icons/klipper.svgz
xclip /etc/ld.so.cache
xclip /lib/x86_64-linux-gnu/libXmu.so.6
xclip /lib/x86_64-linux-gnu/libX11.so.6
xclip /lib/x86_64-linux-gnu/libc.so.6
xclip /lib/x86_64-linux-gnu/libXt.so.6
xclip /lib/x86_64-linux-gnu/libXext.so.6
xclip /lib/x86_64-linux-gnu/libxcb.so.1
xclip /lib/x86_64-linux-gnu/libSM.so.6
xclip /lib/x86_64-linux-gnu/libICE.so.6
xclip /lib/x86_64-linux-gnu/libXau.so.6
xclip /lib/x86_64-linux-gnu/libXdmcp.so.6
xclip /lib/x86_64-linux-gnu/libuuid.so.1
xclip /lib/x86_64-linux-gnu/libbsd.so.0
xclip /lib/x86_64-linux-gnu/libmd.so.0
xclip /usr/share/X11/locale/locale.alias
xclip /usr/share/X11/locale/locale.dir
xclip /usr/share/X11/locale/C/XLC_LOCALE
xclip /usr/share/X11/locale/locale.alias
xclip /usr/share/X11/locale/locale.dir
xclip /usr/share/X11/locale/C/XLC_LOCALE
Xvfb /proc/981/cmdline
xclip /etc/ld.so.cache
xclip /lib/x86_64-linux-gnu/libXmu.so.6
xclip /lib/x86_64-linux-gnu/libX11.so.6
xclip /lib/x86_64-linux-gnu/libc.so.6
xclip /lib/x86_64-linux-gnu/libXt.so.6
xclip /lib/x86_64-linux-gnu/libXext.so.6
xclip /lib/x86_64-linux-gnu/libxcb.so.1
xclip /lib/x86_64-linux-gnu/libSM.so.6
xclip /lib/x86_64-linux-gnu/libICE.so.6
xclip /lib/x86_64-linux-gnu/libXau.so.6
xclip /lib/x86_64-linux-gnu/libXdmcp.so.6
xclip /lib/x86_64-linux-gnu/libuuid.so.1
xclip /lib/x86_64-linux-gnu/libbsd.so.0
xclip /lib/x86_64-linux-gnu/libmd.so.0
xclip /usr/share/X11/locale/locale.alias
xclip /usr/share/X11/locale/locale.dir
xclip /usr/share/X11/locale/C/XLC_LOCALE
xclip /usr/share/X11/locale/locale.alias
xclip /usr/share/X11/locale/locale.dir
xclip /usr/share/X11/locale/C/XLC_LOCALE
Xvfb /proc/982/cmdline
nginx /usr/share/selkies/web/index.html
nginx /usr/share/selkies/web/manifest.json
selkies /proc/self/status
selkies /proc/mounts
selkies /config/.pulse/client.conf
selkies /config/.config/pulse/client.conf
selkies /etc/pulse/client.conf
selkies /etc/pulse/client.conf.d
selkies /etc/pulse/client.conf.d/01-enable-autospawn.conf
selkies /dev/shm/
selkies /dev/urandom
selkies /defaults
selkies /config/.config/pulse/cookie
pulseaudio /dev/shm/
pulseaudio /dev/urandom
selkies /etc/nsswitch.conf
selkies /etc/passwd
selkies /etc/machine-id
pulseaudio /usr/share/applications/python3.12.desktop
selkies /proc/stat
selkies /proc/meminfo
selkies /config/.Xresources
xrdb /etc/ld.so.cache
xrdb /lib/x86_64-linux-gnu/libXmuu.so.1
xrdb /lib/x86_64-linux-gnu/libX11.so.6
xrdb /lib/x86_64-linux-gnu/libc.so.6
xrdb /lib/x86_64-linux-gnu/libxcb.so.1
xrdb /lib/x86_64-linux-gnu/libXau.so.6
xrdb /lib/x86_64-linux-gnu/libXdmcp.so.6
xrdb /lib/x86_64-linux-gnu/libbsd.so.0
xrdb /lib/x86_64-linux-gnu/libmd.so.0
xrdb /dev/null
Xvfb /proc/984/cmdline
xrdb /config/.Xresources
sh /etc/ld.so.cache
sh /lib/x86_64-linux-gnu/libc.so.6
cpp /etc/ld.so.cache
cpp /lib/x86_64-linux-gnu/libc.so.6
cpp /usr/lib/locale/locale-archive
cpp /usr/share/locale/locale.alias
cpp /usr/share/locale/en_US/LC_MESSAGES/gcc-13.mo
cpp /usr/share/locale/en/LC_MESSAGES/gcc-13.mo
cpp /usr/share/locale-langpack/en_US/LC_MESSAGES/gcc-13.mo
cpp /usr/share/locale-langpack/en/LC_MESSAGES/gcc-13.mo
cc1 /etc/ld.so.cache
cc1 /lib/x86_64-linux-gnu/libisl.so.23
cc1 /lib/x86_64-linux-gnu/libmpc.so.3
cc1 /lib/x86_64-linux-gnu/libmpfr.so.6
cc1 /lib/x86_64-linux-gnu/libgmp.so.10
cc1 /lib/x86_64-linux-gnu/libz.so.1
cc1 /lib/x86_64-linux-gnu/libzstd.so.1
cc1 /lib/x86_64-linux-gnu/libc.so.6
cc1 /lib/x86_64-linux-gnu/libm.so.6
cc1 /usr/lib/locale/locale-archive
cc1 /usr/share/locale/locale.alias
cc1 /usr/share/locale/en_US/LC_MESSAGES/gcc-13.mo
cc1 /usr/share/locale/en/LC_MESSAGES/gcc-13.mo
cc1 /usr/share/locale-langpack/en_US/LC_MESSAGES/gcc-13.mo
cc1 /usr/share/locale-langpack/en/LC_MESSAGES/gcc-13.mo
cc1 /config/.Xresources
cc1 /usr/lib/gcc/x86_64-linux-gnu/13/include/stdc-predef.h
cc1 /usr/local/include/stdc-predef.h
cc1 /usr/include/x86_64-linux-gnu/stdc-predef.h
cc1 /usr/include/stdc-predef.h
selkies /config/.xsettingsd
pgrep /etc/ld.so.cache
pgrep /lib/x86_64-linux-gnu/libproc2.so.0
pgrep /lib/x86_64-linux-gnu/libc.so.6
pgrep /lib/x86_64-linux-gnu/libsystemd.so.0
pgrep /lib/x86_64-linux-gnu/libcap.so.2
pgrep /lib/x86_64-linux-gnu/libgcrypt.so.20
pgrep /lib/x86_64-linux-gnu/liblz4.so.1
pgrep /lib/x86_64-linux-gnu/liblzma.so.5
pgrep /lib/x86_64-linux-gnu/libzstd.so.1
pgrep /lib/x86_64-linux-gnu/libgpg-error.so.0
pgrep /usr/lib/locale/locale-archive
pgrep /usr/lib/x86_64-linux-gnu/gconv/gconv-modules.cache
pgrep /etc/ld.so.cache
pgrep /lib/x86_64-linux-gnu/glibc-hwcaps/x86-64-v3/libnuma.so
pgrep /lib/x86_64-linux-gnu/glibc-hwcaps/x86-64-v2/libnuma.so
pgrep /lib/x86_64-linux-gnu/libnuma.so
pgrep /usr/lib/x86_64-linux-gnu/glibc-hwcaps/x86-64-v3/libnuma.so
pgrep /usr/lib/x86_64-linux-gnu/glibc-hwcaps/x86-64-v2/libnuma.so
pgrep /usr/lib/x86_64-linux-gnu/libnuma.so
pgrep /lib/glibc-hwcaps/x86-64-v3/libnuma.so
pgrep /lib/glibc-hwcaps/x86-64-v2/libnuma.so
pgrep /lib/libnuma.so
pgrep /usr/lib/glibc-hwcaps/x86-64-v3/libnuma.so
pgrep /usr/lib/glibc-hwcaps/x86-64-v2/libnuma.so
pgrep /usr/lib/libnuma.so
pgrep /etc/ld.so.cache
pgrep /lib/x86_64-linux-gnu/libnuma.so.1
pgrep /proc/self/status
pgrep /sys/devices/system/node
pgrep /sys/devices/system/cpu/possible
pgrep /proc/self/status
pgrep /proc
pgrep /proc/uptime
pgrep /proc/1/stat
pgrep /proc/1/status
pgrep /proc/1/cmdline
pgrep /proc/1/cgroup
pgrep /proc/1/ctty
pgrep /proc/uptime
pgrep /proc/12/stat
pgrep /proc/12/status
pgrep /proc/12/cmdline
pgrep /proc/12/cgroup
pgrep /proc/12/ctty
pgrep /proc/uptime
pgrep /proc/15/stat
pgrep /proc/15/status
pgrep /proc/15/cmdline
pgrep /proc/15/cgroup
pgrep /proc/15/ctty
pgrep /proc/uptime
pgrep /proc/35/stat
pgrep /proc/35/status
pgrep /proc/35/cmdline
pgrep /proc/35/cgroup
pgrep /proc/35/ctty
pgrep /proc/uptime
pgrep /proc/36/stat
pgrep /proc/36/status
pgrep /proc/36/cmdline
pgrep /proc/36/cgroup
pgrep /proc/36/ctty
pgrep /proc/uptime
pgrep /proc/37/stat
pgrep /proc/37/status
pgrep /proc/37/cmdline
pgrep /proc/37/cgroup
pgrep /proc/37/ctty
pgrep /proc/uptime
pgrep /proc/38/stat
pgrep /proc/38/status
pgrep /proc/38/cmdline
pgrep /proc/38/cgroup
pgrep /proc/38/ctty
pgrep /proc/uptime
pgrep /proc/39/stat
pgrep /proc/39/status
pgrep /proc/39/cmdline
pgrep /proc/39/cgroup
pgrep /proc/39/ctty
pgrep /proc/uptime
pgrep /proc/40/stat
pgrep /proc/40/status
pgrep /proc/40/cmdline
pgrep /proc/40/cgroup
pgrep /proc/40/ctty
pgrep /proc/uptime
pgrep /proc/41/stat
pgrep /proc/41/status
pgrep /proc/41/cmdline
pgrep /proc/41/cgroup
pgrep /proc/41/ctty
pgrep /proc/uptime
pgrep /proc/42/stat
pgrep /proc/42/status
pgrep /proc/42/cmdline
pgrep /proc/42/cgroup
pgrep /proc/42/ctty
pgrep /proc/uptime
pgrep /proc/43/stat
pgrep /proc/43/status
pgrep /proc/43/cmdline
pgrep /proc/43/cgroup
pgrep /proc/43/ctty
pgrep /proc/uptime
pgrep /proc/44/stat
pgrep /proc/44/status
pgrep /proc/44/cmdline
pgrep /proc/44/cgroup
pgrep /proc/44/ctty
pgrep /proc/uptime
pgrep /proc/45/stat
pgrep /proc/45/status
pgrep /proc/45/cmdline
pgrep /proc/45/cgroup
pgrep /proc/45/ctty
pgrep /proc/uptime
pgrep /proc/46/stat
pgrep /proc/46/status
pgrep /proc/46/cmdline
pgrep /proc/46/cgroup
pgrep /proc/46/ctty
pgrep /proc/uptime
pgrep /proc/54/stat
pgrep /proc/54/status
pgrep /proc/54/cmdline
pgrep /proc/54/cgroup
pgrep /proc/54/ctty
pgrep /proc/uptime
pgrep /proc/306/stat
pgrep /proc/306/status
pgrep /proc/306/cmdline
pgrep /proc/306/cgroup
pgrep /proc/306/ctty
pgrep /proc/uptime
pgrep /proc/308/stat
pgrep /proc/308/status
pgrep /proc/308/cmdline
pgrep /proc/308/cgroup
pgrep /proc/308/ctty
pgrep /proc/uptime
pgrep /proc/310/stat
pgrep /proc/310/status
pgrep /proc/310/cmdline
pgrep /proc/310/cgroup
pgrep /proc/310/ctty
pgrep /proc/uptime
pgrep /proc/312/stat
pgrep /proc/312/status
pgrep /proc/312/cmdline
pgrep /proc/312/cgroup
pgrep /proc/312/ctty
pgrep /proc/uptime
pgrep /proc/313/stat
pgrep /proc/313/status
pgrep /proc/313/cmdline
pgrep /proc/313/cgroup
pgrep /proc/313/ctty
pgrep /proc/uptime
pgrep /proc/314/stat
pgrep /proc/314/status
pgrep /proc/314/cmdline
pgrep /proc/314/cgroup
pgrep /proc/314/ctty
pgrep /proc/uptime
pgrep /proc/323/stat
pgrep /proc/323/status
pgrep /proc/323/cmdline
pgrep /proc/323/cgroup
pgrep /proc/323/ctty
pgrep /proc/uptime
pgrep /proc/332/stat
pgrep /proc/332/status
pgrep /proc/332/cmdline
pgrep /proc/332/cgroup
pgrep /proc/332/ctty
pgrep /proc/uptime
pgrep /proc/339/stat
pgrep /proc/339/status
pgrep /proc/339/cmdline
pgrep /proc/339/cgroup
pgrep /proc/339/ctty
pgrep /proc/uptime
pgrep /proc/345/stat
pgrep /proc/345/status
pgrep /proc/345/cmdline
pgrep /proc/345/cgroup
pgrep /proc/345/ctty
pgrep /proc/uptime
pgrep /proc/359/stat
pgrep /proc/359/status
pgrep /proc/359/cmdline
pgrep /proc/359/cgroup
pgrep /proc/359/ctty
pgrep /proc/uptime
pgrep /proc/377/stat
pgrep /proc/377/status
pgrep /proc/377/cmdline
pgrep /proc/377/cgroup
pgrep /proc/377/ctty
pgrep /proc/uptime
pgrep /proc/378/stat
pgrep /proc/378/status
pgrep /proc/378/cmdline
pgrep /proc/378/cgroup
pgrep /proc/378/ctty
pgrep /proc/uptime
pgrep /proc/379/stat
pgrep /proc/379/status
pgrep /proc/379/cmdline
pgrep /proc/379/cgroup
pgrep /proc/379/ctty
pgrep /proc/uptime
pgrep /proc/380/stat
pgrep /proc/380/status
pgrep /proc/380/cmdline
pgrep /proc/380/cgroup
pgrep /proc/380/ctty
pgrep /proc/uptime
pgrep /proc/381/stat
pgrep /proc/381/status
pgrep /proc/381/cmdline
pgrep /proc/381/cgroup
pgrep /proc/381/ctty
pgrep /proc/uptime
pgrep /proc/382/stat
pgrep /proc/382/status
pgrep /proc/382/cmdline
pgrep /proc/382/cgroup
pgrep /proc/382/ctty
pgrep /proc/uptime
pgrep /proc/383/stat
pgrep /proc/383/status
pgrep /proc/383/cmdline
pgrep /proc/383/cgroup
pgrep /proc/383/ctty
pgrep /proc/uptime
pgrep /proc/384/stat
pgrep /proc/384/status
pgrep /proc/384/cmdline
pgrep /proc/384/cgroup
pgrep /proc/384/ctty
pgrep /proc/uptime
pgrep /proc/385/stat
pgrep /proc/385/status
pgrep /proc/385/cmdline
pgrep /proc/385/cgroup
pgrep /proc/385/ctty
pgrep /proc/uptime
xclip /etc/ld.so.cache
pgrep /proc/386/stat
xclip /lib/x86_64-linux-gnu/libXmu.so.6
pgrep /proc/386/status
pgrep /proc/386/cmdline
xclip /lib/x86_64-linux-gnu/libX11.so.6
pgrep /proc/386/cgroup
pgrep /proc/386/ctty
pgrep /proc/uptime
xclip /lib/x86_64-linux-gnu/libc.so.6
pgrep /proc/387/stat
pgrep /proc/387/status
pgrep /proc/387/cmdline
xclip /lib/x86_64-linux-gnu/libXt.so.6
pgrep /proc/387/cgroup
pgrep /proc/387/ctty
pgrep /proc/uptime
xclip /lib/x86_64-linux-gnu/libXext.so.6
pgrep /proc/388/stat
xclip /lib/x86_64-linux-gnu/libxcb.so.1
pgrep /proc/388/status
pgrep /proc/388/cmdline
pgrep /proc/388/cgroup
xclip /lib/x86_64-linux-gnu/libSM.so.6
pgrep /proc/388/ctty
pgrep /proc/uptime
xclip /lib/x86_64-linux-gnu/libICE.so.6
pgrep /proc/389/stat
pgrep /proc/389/status
pgrep /proc/389/cmdline
xclip /lib/x86_64-linux-gnu/libXau.so.6
pgrep /proc/389/cgroup
pgrep /proc/389/ctty
pgrep /proc/uptime
xclip /lib/x86_64-linux-gnu/libXdmcp.so.6
pgrep /proc/390/stat
pgrep /proc/390/status
xclip /lib/x86_64-linux-gnu/libuuid.so.1
pgrep /proc/390/cmdline
pgrep /proc/390/cgroup
xclip /lib/x86_64-linux-gnu/libbsd.so.0
pgrep /proc/390/ctty
pgrep /proc/uptime
pgrep /proc/391/stat
xclip /lib/x86_64-linux-gnu/libmd.so.0
pgrep /proc/391/status
pgrep /proc/391/cmdline
pgrep /proc/391/cgroup
pgrep /proc/391/ctty
pgrep /proc/uptime
pgrep /proc/392/stat
pgrep /proc/392/status
pgrep /proc/392/cmdline
pgrep /proc/392/cgroup
pgrep /proc/392/ctty
pgrep /proc/uptime
pgrep /proc/400/stat
pgrep /proc/400/status
pgrep /proc/400/cmdline
xclip /usr/share/X11/locale/locale.alias
pgrep /proc/400/cgroup
pgrep /proc/400/ctty
pgrep /proc/uptime
pgrep /proc/401/stat
pgrep /proc/401/status
pgrep /proc/401/cmdline
pgrep /proc/401/cgroup
xclip /usr/share/X11/locale/locale.dir
pgrep /proc/401/ctty
pgrep /proc/uptime
pgrep /proc/431/stat
xclip /usr/share/X11/locale/C/XLC_LOCALE
pgrep /proc/431/status
xclip /usr/share/X11/locale/locale.alias
pgrep /proc/431/cmdline
pgrep /proc/431/cgroup
pgrep /proc/431/ctty
pgrep /proc/uptime
pgrep /proc/446/stat
pgrep /proc/446/status
pgrep /proc/446/cmdline
pgrep /proc/446/cgroup
xclip /usr/share/X11/locale/locale.dir
pgrep /proc/446/ctty
pgrep /proc/uptime
pgrep /proc/447/stat
xclip /usr/share/X11/locale/C/XLC_LOCALE
pgrep /proc/447/status
pgrep /proc/447/cmdline
pgrep /proc/447/cgroup
pgrep /proc/447/ctty
pgrep /proc/uptime
Xvfb /proc/989/cmdline
pgrep /proc/514/stat
pgrep /proc/514/status
pgrep /proc/514/cmdline
pgrep /proc/514/cgroup
pgrep /proc/514/ctty
pgrep /proc/uptime
pgrep /proc/515/stat
pgrep /proc/515/status
pgrep /proc/515/cmdline
pgrep /proc/515/cgroup
pgrep /proc/515/ctty
pgrep /proc/uptime
pgrep /proc/540/stat
pgrep /proc/540/status
pgrep /proc/540/cmdline
pgrep /proc/540/cgroup
pgrep /proc/540/ctty
pgrep /proc/uptime
pgrep /proc/582/stat
pgrep /proc/582/status
pgrep /proc/582/cmdline
pgrep /proc/582/cgroup
pgrep /proc/582/ctty
pgrep /proc/uptime
pgrep /proc/588/stat
pgrep /proc/588/status
pgrep /proc/588/cmdline
pgrep /proc/588/cgroup
pgrep /proc/588/ctty
pgrep /proc/uptime
pgrep /proc/647/stat
pgrep /proc/647/status
pgrep /proc/647/cmdline
pgrep /proc/647/cgroup
pgrep /proc/647/ctty
pgrep /proc/uptime
pgrep /proc/649/stat
pgrep /proc/649/status
pgrep /proc/649/cmdline
pgrep /proc/649/cgroup
pgrep /proc/649/ctty
pgrep /proc/uptime
pgrep /proc/698/stat
pgrep /proc/698/status
pgrep /proc/698/cmdline
pgrep /proc/698/cgroup
pgrep /proc/698/ctty
pgrep /proc/uptime
pgrep /proc/699/stat
pgrep /proc/699/status
pgrep /proc/699/cmdline
pgrep /proc/699/cgroup
pgrep /proc/699/ctty
pgrep /proc/uptime
pgrep /proc/700/stat
pgrep /proc/700/status
pgrep /proc/700/cmdline
pgrep /proc/700/cgroup
pgrep /proc/700/ctty
pgrep /proc/uptime
pgrep /proc/780/stat
pgrep /proc/780/status
pgrep /proc/780/cmdline
pgrep /proc/780/cgroup
pgrep /proc/780/ctty
pgrep /proc/uptime
pgrep /proc/839/stat
pgrep /proc/839/status
pgrep /proc/839/cmdline
pgrep /proc/839/cgroup
pgrep /proc/839/ctty
pgrep /proc/uptime
pgrep /proc/937/stat
pgrep /proc/937/status
pgrep /proc/937/cmdline
pgrep /proc/937/cgroup
pgrep /proc/937/ctty
pgrep /proc/uptime
pgrep /proc/965/stat
pgrep /proc/965/status
pgrep /proc/965/cmdline
pgrep /proc/965/cgroup
pgrep /proc/965/ctty
pgrep /proc/uptime
pgrep /proc/967/stat
pgrep /proc/967/status
pgrep /proc/967/cmdline
pgrep /proc/967/cgroup
pgrep /proc/967/ctty
pgrep /proc/uptime
pgrep /proc/988/stat
pgrep /proc/988/status
pgrep /proc/988/cmdline
pgrep /proc/988/cgroup
pgrep /proc/988/ctty
pgrep /proc/uptime
kill /etc/ld.so.cache
kill /lib/x86_64-linux-gnu/libc.so.6
kill /usr/lib/locale/locale-archive
kill /usr/share/locale/locale.alias
kill /usr/share/locale/en_US/LC_MESSAGES/procps-ng.mo
kill /usr/share/locale/en/LC_MESSAGES/procps-ng.mo
kill /usr/share/locale-langpack/en_US/LC_MESSAGES/procps-ng.mo
kill /usr/share/locale-langpack/en/LC_MESSAGES/procps-ng.mo
xsettingsd /config/.xsettingsd
xfconf-query /etc/ld.so.cache
xfconf-query /lib/x86_64-linux-gnu/libxfconf-0.so.3
xfconf-query /lib/x86_64-linux-gnu/libxfce4util.so.7
xfconf-query /lib/x86_64-linux-gnu/libgobject-2.0.so.0
xfconf-query /lib/x86_64-linux-gnu/libglib-2.0.so.0
xfconf-query /lib/x86_64-linux-gnu/libc.so.6
xfconf-query /lib/x86_64-linux-gnu/libgio-2.0.so.0
xfconf-query /lib/x86_64-linux-gnu/libffi.so.8
xfconf-query /lib/x86_64-linux-gnu/libm.so.6
xfconf-query /lib/x86_64-linux-gnu/libpcre2-8.so.0
xfconf-query /lib/x86_64-linux-gnu/libgmodule-2.0.so.0
xfconf-query /lib/x86_64-linux-gnu/libz.so.1
xfconf-query /lib/x86_64-linux-gnu/libmount.so.1
xfconf-query /lib/x86_64-linux-gnu/libselinux.so.1
xfconf-query /lib/x86_64-linux-gnu/libblkid.so.1
xfconf-query /proc/filesystems
xfconf-query /usr/lib/locale/locale-archive
xfconf-query /usr/share/locale/locale.alias
xfconf-query /usr/share/locale/en_US/LC_MESSAGES/xfconf.mo
xfconf-query /usr/share/locale/en/LC_MESSAGES/xfconf.mo
xfconf-query /usr/share/locale-langpack/en_US/LC_MESSAGES/xfconf.mo
xfconf-query /usr/share/locale-langpack/en/LC_MESSAGES/xfconf.mo
xfconf-query /usr/lib/x86_64-linux-gnu/charset.alias
xfconf-query /var/lib/dbus/machine-id
xfconf-query /dev/null
dbus-launch /etc/ld.so.cache
dbus-launch /lib/x86_64-linux-gnu/libdbus-1.so.3
dbus-launch /lib/x86_64-linux-gnu/libX11.so.6
dbus-launch /lib/x86_64-linux-gnu/libc.so.6
dbus-launch /lib/x86_64-linux-gnu/libsystemd.so.0
dbus-launch /lib/x86_64-linux-gnu/libxcb.so.1
dbus-launch /lib/x86_64-linux-gnu/libcap.so.2
dbus-launch /lib/x86_64-linux-gnu/libgcrypt.so.20
dbus-launch /lib/x86_64-linux-gnu/liblz4.so.1
dbus-launch /lib/x86_64-linux-gnu/liblzma.so.5
dbus-launch /lib/x86_64-linux-gnu/libzstd.so.1
dbus-launch /lib/x86_64-linux-gnu/libXau.so.6
dbus-launch /lib/x86_64-linux-gnu/libXdmcp.so.6
dbus-launch /lib/x86_64-linux-gnu/libgpg-error.so.0
dbus-launch /lib/x86_64-linux-gnu/libbsd.so.0
dbus-launch /lib/x86_64-linux-gnu/libmd.so.0
dbus-launch /dev/null
Xvfb /proc/994/cmdline
dbus-launch /etc/nsswitch.conf
dbus-launch /etc/passwd
xfconf-query /usr/share/locale/en_US/LC_MESSAGES/libc.mo
xfconf-query /usr/share/locale/en/LC_MESSAGES/libc.mo
xfconf-query /usr/share/locale-langpack/en_US/LC_MESSAGES/libc.mo
xfconf-query /usr/share/locale-langpack/en/LC_MESSAGES/libc.mo
dbus-daemon /run/systemd/users/911
dbus-daemon /proc/991/cmdline
dbus-daemon /etc/localtime
dbus-daemon /proc/self/oom_score_adj
xfconfd /etc/ld.so.cache
xfconfd /lib/x86_64-linux-gnu/libgio-2.0.so.0
xfconfd /lib/x86_64-linux-gnu/libgobject-2.0.so.0
xfconfd /lib/x86_64-linux-gnu/libxfce4util.so.7
xfconfd /lib/x86_64-linux-gnu/libglib-2.0.so.0
xfconfd /lib/x86_64-linux-gnu/libc.so.6
xfconfd /lib/x86_64-linux-gnu/libgmodule-2.0.so.0
xfconfd /lib/x86_64-linux-gnu/libz.so.1
xfconfd /lib/x86_64-linux-gnu/libmount.so.1
xfconfd /lib/x86_64-linux-gnu/libselinux.so.1
xfconfd /lib/x86_64-linux-gnu/libffi.so.8
xfconfd /lib/x86_64-linux-gnu/libm.so.6
xfconfd /lib/x86_64-linux-gnu/libpcre2-8.so.0
xfconfd /lib/x86_64-linux-gnu/libblkid.so.1
xfconfd /proc/filesystems
xfconfd /usr/lib/locale/locale-archive
xfconfd /usr/share/locale/locale.alias
xfconfd /usr/share/locale/en_US/LC_MESSAGES/xfconf.mo
xfconfd /usr/share/locale/en/LC_MESSAGES/xfconf.mo
xfconfd /usr/share/locale-langpack/en_US/LC_MESSAGES/xfconf.mo
xfconfd /usr/share/locale-langpack/en/LC_MESSAGES/xfconf.mo
xfconfd /usr/share/locale/en_US/LC_MESSAGES/libc.mo
xfconfd /usr/share/locale/en/LC_MESSAGES/libc.mo
xfconfd /usr/share/locale-langpack/en_US/LC_MESSAGES/libc.mo
xfconfd /usr/share/locale-langpack/en/LC_MESSAGES/libc.mo
xfconfd /usr/lib/x86_64-linux-gnu/charset.alias
dbus-daemon /run/systemd/users/911
dbus-daemon /proc/997/cmdline
xfconfd /config/.config/xfce4/xfconf/xfce-perchannel-xml/xsettings.xml
xfconfd /usr/share/locale/en_US/LC_MESSAGES/glib20.mo
xfconfd /usr/share/locale/en/LC_MESSAGES/glib20.mo
xfconfd /usr/share/locale-langpack/en_US/LC_MESSAGES/glib20.mo
xfconfd /usr/share/locale-langpack/en/LC_MESSAGES/glib20.mo
xfconfd /config/.config/xfce4/xfconf/xfce-perchannel-xml/xsettings.xml
xrandr /etc/ld.so.cache
xrandr /lib/x86_64-linux-gnu/libXrandr.so.2
xrandr /lib/x86_64-linux-gnu/libX11.so.6
xrandr /lib/x86_64-linux-gnu/libm.so.6
xrandr /lib/x86_64-linux-gnu/libc.so.6
xrandr /lib/x86_64-linux-gnu/libXext.so.6
xrandr /lib/x86_64-linux-gnu/libXrender.so.1
xrandr /lib/x86_64-linux-gnu/libxcb.so.1
xrandr /lib/x86_64-linux-gnu/libXau.so.6
xrandr /lib/x86_64-linux-gnu/libXdmcp.so.6
xrandr /lib/x86_64-linux-gnu/libbsd.so.0
xrandr /lib/x86_64-linux-gnu/libmd.so.0
Xvfb /proc/1003/cmdline
xrandr /etc/ld.so.cache
xrandr /lib/x86_64-linux-gnu/libXrandr.so.2
xrandr /lib/x86_64-linux-gnu/libX11.so.6
xrandr /lib/x86_64-linux-gnu/libm.so.6
xrandr /lib/x86_64-linux-gnu/libc.so.6
xrandr /lib/x86_64-linux-gnu/libXext.so.6
xrandr /lib/x86_64-linux-gnu/libXrender.so.1
xrandr /lib/x86_64-linux-gnu/libxcb.so.1
xrandr /lib/x86_64-linux-gnu/libXau.so.6
xrandr /lib/x86_64-linux-gnu/libXdmcp.so.6
xrandr /lib/x86_64-linux-gnu/libbsd.so.0
xrandr /lib/x86_64-linux-gnu/libmd.so.0
Xvfb /proc/1004/cmdline
xrandr /etc/ld.so.cache
xrandr /lib/x86_64-linux-gnu/libXrandr.so.2
xrandr /lib/x86_64-linux-gnu/libX11.so.6
xrandr /lib/x86_64-linux-gnu/libm.so.6
xrandr /lib/x86_64-linux-gnu/libc.so.6
xrandr /lib/x86_64-linux-gnu/libXext.so.6
xrandr /lib/x86_64-linux-gnu/libXrender.so.1
xrandr /lib/x86_64-linux-gnu/libxcb.so.1
xrandr /lib/x86_64-linux-gnu/libXau.so.6
xrandr /lib/x86_64-linux-gnu/libXdmcp.so.6
xrandr /lib/x86_64-linux-gnu/libbsd.so.0
xrandr /lib/x86_64-linux-gnu/libmd.so.0
Xvfb /proc/1005/cmdline
cvt /etc/ld.so.cache
cvt /lib/x86_64-linux-gnu/libxcvt.so.0
cvt /lib/x86_64-linux-gnu/libm.so.6
cvt /lib/x86_64-linux-gnu/libc.so.6
xrandr /etc/ld.so.cache
xrandr /lib/x86_64-linux-gnu/libXrandr.so.2
xrandr /lib/x86_64-linux-gnu/libX11.so.6
xrandr /lib/x86_64-linux-gnu/libm.so.6
xrandr /lib/x86_64-linux-gnu/libc.so.6
xrandr /lib/x86_64-linux-gnu/libXext.so.6
xrandr /lib/x86_64-linux-gnu/libXrender.so.1
xrandr /lib/x86_64-linux-gnu/libxcb.so.1
xrandr /lib/x86_64-linux-gnu/libXau.so.6
xrandr /lib/x86_64-linux-gnu/libXdmcp.so.6
xrandr /lib/x86_64-linux-gnu/libbsd.so.0
xrandr /lib/x86_64-linux-gnu/libmd.so.0
Xvfb /proc/1007/cmdline
xrandr /etc/ld.so.cache
xrandr /lib/x86_64-linux-gnu/libXrandr.so.2
xrandr /lib/x86_64-linux-gnu/libX11.so.6
xrandr /lib/x86_64-linux-gnu/libm.so.6
xrandr /lib/x86_64-linux-gnu/libc.so.6
xrandr /lib/x86_64-linux-gnu/libXext.so.6
xrandr /lib/x86_64-linux-gnu/libXrender.so.1
xrandr /lib/x86_64-linux-gnu/libxcb.so.1
xrandr /lib/x86_64-linux-gnu/libXau.so.6
xrandr /lib/x86_64-linux-gnu/libXdmcp.so.6
xrandr /lib/x86_64-linux-gnu/libbsd.so.0
xrandr /lib/x86_64-linux-gnu/libmd.so.0
Xvfb /proc/1008/cmdline
xrandr /etc/ld.so.cache
xrandr /lib/x86_64-linux-gnu/libXrandr.so.2
xrandr /lib/x86_64-linux-gnu/libX11.so.6
xrandr /lib/x86_64-linux-gnu/libm.so.6
xrandr /lib/x86_64-linux-gnu/libc.so.6
xrandr /lib/x86_64-linux-gnu/libXext.so.6
xrandr /lib/x86_64-linux-gnu/libXrender.so.1
xrandr /lib/x86_64-linux-gnu/libxcb.so.1
xrandr /lib/x86_64-linux-gnu/libXau.so.6
xrandr /lib/x86_64-linux-gnu/libXdmcp.so.6
xrandr /lib/x86_64-linux-gnu/libbsd.so.0
xrandr /lib/x86_64-linux-gnu/libmd.so.0
Xvfb /proc/1009/cmdline
xrandr /etc/ld.so.cache
xrandr /lib/x86_64-linux-gnu/libXrandr.so.2
xrandr /lib/x86_64-linux-gnu/libX11.so.6
xrandr /lib/x86_64-linux-gnu/libm.so.6
xrandr /lib/x86_64-linux-gnu/libc.so.6
xrandr /lib/x86_64-linux-gnu/libXext.so.6
xrandr /lib/x86_64-linux-gnu/libXrender.so.1
xrandr /lib/x86_64-linux-gnu/libxcb.so.1
xrandr /lib/x86_64-linux-gnu/libXau.so.6
xrandr /lib/x86_64-linux-gnu/libXdmcp.so.6
xrandr /lib/x86_64-linux-gnu/libbsd.so.0
xrandr /lib/x86_64-linux-gnu/libmd.so.0
Xvfb /proc/1010/cmdline
xrandr /etc/ld.so.cache
xrandr /lib/x86_64-linux-gnu/libXrandr.so.2
xrandr /lib/x86_64-linux-gnu/libX11.so.6
xrandr /lib/x86_64-linux-gnu/libm.so.6
xrandr /lib/x86_64-linux-gnu/libc.so.6
xrandr /lib/x86_64-linux-gnu/libXext.so.6
xrandr /lib/x86_64-linux-gnu/libXrender.so.1
xrandr /lib/x86_64-linux-gnu/libxcb.so.1
xrandr /lib/x86_64-linux-gnu/libXau.so.6
xrandr /lib/x86_64-linux-gnu/libXdmcp.so.6
xrandr /lib/x86_64-linux-gnu/libbsd.so.0
xrandr /lib/x86_64-linux-gnu/libmd.so.0
Xvfb /proc/1011/cmdline
selkies /usr/lib/python3.12/concurrent/futures/__pycache__/thread.cpython-312.pyc
selkies /sys/devices/system/cpu/online
selkies /lsiopy/lib/python3.12/site-packages/pixelflux/../pixelflux.libs/libnvidia-encode.so.1
selkies /etc/ld.so.cache
selkies /lib/x86_64-linux-gnu/libnvidia-encode.so.1
selkies /usr/lib/x86_64-linux-gnu/libnvidia-encode.so.1
selkies /lib/libnvidia-encode.so.1
selkies /usr/lib/libnvidia-encode.so.1
selkies /lsiopy/lib/python3.12/site-packages/pixelflux/../pixelflux.libs/libnvidia-encode.so
selkies /etc/ld.so.cache
selkies /lib/x86_64-linux-gnu/libnvidia-encode.so
selkies /usr/lib/x86_64-linux-gnu/libnvidia-encode.so
selkies /lib/libnvidia-encode.so
selkies /usr/lib/libnvidia-encode.so
Xvfb /proc/332/cmdline
selkies /config/.pulse/client.conf
selkies /config/.config/pulse/client.conf
selkies /etc/pulse/client.conf
selkies /etc/pulse/client.conf.d
selkies /etc/pulse/client.conf.d/01-enable-autospawn.conf
selkies /dev/shm/
selkies /dev/urandom
selkies /defaults
threaded-ml /config/.config/pulse/cookie
xclip /etc/ld.so.cache
xclip /lib/x86_64-linux-gnu/libXmu.so.6
xclip /lib/x86_64-linux-gnu/libX11.so.6
pulseaudio /dev/shm/
pulseaudio /dev/urandom
xclip /lib/x86_64-linux-gnu/libc.so.6
xclip /lib/x86_64-linux-gnu/libXt.so.6
xclip /lib/x86_64-linux-gnu/libXext.so.6
xclip /lib/x86_64-linux-gnu/libxcb.so.1
threaded-ml /etc/passwd
xclip /lib/x86_64-linux-gnu/libSM.so.6
threaded-ml /etc/machine-id
xclip /lib/x86_64-linux-gnu/libICE.so.6
xclip /lib/x86_64-linux-gnu/libXau.so.6
xclip /lib/x86_64-linux-gnu/libXdmcp.so.6
xclip /lib/x86_64-linux-gnu/libuuid.so.1
xclip /lib/x86_64-linux-gnu/libbsd.so.0
xclip /lib/x86_64-linux-gnu/libmd.so.0
xclip /usr/share/X11/locale/locale.alias
xclip /usr/share/X11/locale/locale.dir
xclip /usr/share/X11/locale/C/XLC_LOCALE
xclip /usr/share/X11/locale/locale.alias
xclip /usr/share/X11/locale/locale.dir
xclip /usr/share/X11/locale/C/XLC_LOCALE
Xvfb /proc/1015/cmdline
selkies /sys/devices/system/cpu/online
QQuickPixmapRea /usr/share/backgrounds/Jammy-Jellyfish-Purple.jpg
xrandr /etc/ld.so.cache
xrandr /lib/x86_64-linux-gnu/libXrandr.so.2
xrandr /lib/x86_64-linux-gnu/libX11.so.6
xrandr /lib/x86_64-linux-gnu/libm.so.6
xrandr /lib/x86_64-linux-gnu/libc.so.6
xrandr /lib/x86_64-linux-gnu/libXext.so.6
xrandr /lib/x86_64-linux-gnu/libXrender.so.1
xrandr /lib/x86_64-linux-gnu/libxcb.so.1
xrandr /lib/x86_64-linux-gnu/libXau.so.6
xrandr /lib/x86_64-linux-gnu/libXdmcp.so.6
xrandr /lib/x86_64-linux-gnu/libbsd.so.0
xrandr /lib/x86_64-linux-gnu/libmd.so.0
plasmashell /usr/share/icons/hicolor/48x48/apps/thunderbird.png
Xvfb /proc/1018/cmdline
xrandr /etc/ld.so.cache
xrandr /lib/x86_64-linux-gnu/libXrandr.so.2
xrandr /lib/x86_64-linux-gnu/libX11.so.6
xrandr /lib/x86_64-linux-gnu/libm.so.6
xrandr /lib/x86_64-linux-gnu/libc.so.6
QQuickPixmapRea /proc/sys/vm/overcommit_memory
xrandr /lib/x86_64-linux-gnu/libXext.so.6
xrandr /lib/x86_64-linux-gnu/libXrender.so.1
xrandr /lib/x86_64-linux-gnu/libxcb.so.1
xrandr /lib/x86_64-linux-gnu/libXau.so.6
xrandr /lib/x86_64-linux-gnu/libXdmcp.so.6
xrandr /lib/x86_64-linux-gnu/libbsd.so.0
xrandr /lib/x86_64-linux-gnu/libmd.so.0
Xvfb /proc/1019/cmdline
xrandr /etc/ld.so.cache
xrandr /lib/x86_64-linux-gnu/libXrandr.so.2
xrandr /lib/x86_64-linux-gnu/libX11.so.6
xrandr /lib/x86_64-linux-gnu/libm.so.6
xrandr /lib/x86_64-linux-gnu/libc.so.6
xrandr /lib/x86_64-linux-gnu/libXext.so.6
xrandr /lib/x86_64-linux-gnu/libXrender.so.1
xrandr /lib/x86_64-linux-gnu/libxcb.so.1
xrandr /lib/x86_64-linux-gnu/libXau.so.6
xrandr /lib/x86_64-linux-gnu/libXdmcp.so.6
xrandr /lib/x86_64-linux-gnu/libbsd.so.0
xrandr /lib/x86_64-linux-gnu/libmd.so.0
Xvfb /proc/1020/cmdline
plasmashell /usr/share/pixmaps/vscode.png
cvt /etc/ld.so.cache
cvt /lib/x86_64-linux-gnu/libxcvt.so.0
cvt /lib/x86_64-linux-gnu/libm.so.6
cvt /lib/x86_64-linux-gnu/libc.so.6
xrandr /etc/ld.so.cache
xrandr /lib/x86_64-linux-gnu/libXrandr.so.2
xrandr /lib/x86_64-linux-gnu/libX11.so.6
xrandr /lib/x86_64-linux-gnu/libm.so.6
xrandr /lib/x86_64-linux-gnu/libc.so.6
xrandr /lib/x86_64-linux-gnu/libXext.so.6
xrandr /lib/x86_64-linux-gnu/libXrender.so.1
xrandr /lib/x86_64-linux-gnu/libxcb.so.1
xrandr /lib/x86_64-linux-gnu/libXau.so.6
xrandr /lib/x86_64-linux-gnu/libXdmcp.so.6
xrandr /lib/x86_64-linux-gnu/libbsd.so.0
xrandr /lib/x86_64-linux-gnu/libmd.so.0
Xvfb /proc/1022/cmdline
plasmashell /usr/share/icons/hicolor/48x48/apps/chromium.png
QSGRenderThread /config/.cache/qtshadercache-x86_64-little_endian-lp64/3c597a80b51a24c02510e986e8c27bdb62e99ba6
QSGRenderThread /config/.cache/mesa_shader_cache/86/02e47704e478d2b9121f0ef7176da4a435f7f5
xrandr /etc/ld.so.cache
xrandr /lib/x86_64-linux-gnu/libXrandr.so.2
xrandr /lib/x86_64-linux-gnu/libX11.so.6
xrandr /lib/x86_64-linux-gnu/libm.so.6
plasmas:disk$0 /config/.cache/mesa_shader_cache/86/02e47704e478d2b9121f0ef7176da4a435f7f5.tmp
QSGRenderThread /config/.cache/qtshadercache-x86_64-little_endian-lp64
xrandr /lib/x86_64-linux-gnu/libc.so.6
plasmas:disk$0 /config/.cache/mesa_shader_cache/86/02e47704e478d2b9121f0ef7176da4a435f7f5.tmp
plasmas:disk$0 /config/.cache/mesa_shader_cache/86/02e47704e478d2b9121f0ef7176da4a435f7f5
xrandr /lib/x86_64-linux-gnu/libXext.so.6
xrandr /lib/x86_64-linux-gnu/libXrender.so.1
xrandr /lib/x86_64-linux-gnu/libxcb.so.1
xrandr /lib/x86_64-linux-gnu/libXau.so.6
xrandr /lib/x86_64-linux-gnu/libXdmcp.so.6
xrandr /lib/x86_64-linux-gnu/libbsd.so.0
xrandr /lib/x86_64-linux-gnu/libmd.so.0
Xvfb /proc/1023/cmdline
QSGRenderThread /config/.cache/mesa_shader_cache/40/896ab61d9771b6600804f68da67fb0b42261af
xrandr /etc/ld.so.cache
xrandr /lib/x86_64-linux-gnu/libXrandr.so.2
xrandr /lib/x86_64-linux-gnu/libX11.so.6
xrandr /lib/x86_64-linux-gnu/libm.so.6
xrandr /lib/x86_64-linux-gnu/libc.so.6
xrandr /lib/x86_64-linux-gnu/libXext.so.6
xrandr /lib/x86_64-linux-gnu/libXrender.so.1
xrandr /lib/x86_64-linux-gnu/libxcb.so.1
xrandr /lib/x86_64-linux-gnu/libXau.so.6
xrandr /lib/x86_64-linux-gnu/libXdmcp.so.6
xrandr /lib/x86_64-linux-gnu/libbsd.so.0
xrandr /lib/x86_64-linux-gnu/libmd.so.0
Xvfb /proc/1024/cmdline
plasmas:disk$0 /config/.cache/mesa_shader_cache/40/896ab61d9771b6600804f68da67fb0b42261af.tmp
QSGRenderThread /config/.cache/mesa_shader_cache/ed/c89a0ade0bf78cb04a9f864973a229448c45f7
plasmas:disk$0 /config/.cache/mesa_shader_cache/40/896ab61d9771b6600804f68da67fb0b42261af.tmp
plasmas:disk$0 /config/.cache/mesa_shader_cache/40/896ab61d9771b6600804f68da67fb0b42261af
xrandr /etc/ld.so.cache
xrandr /lib/x86_64-linux-gnu/libXrandr.so.2
xrandr /lib/x86_64-linux-gnu/libX11.so.6
xrandr /lib/x86_64-linux-gnu/libm.so.6
xrandr /lib/x86_64-linux-gnu/libc.so.6
xrandr /lib/x86_64-linux-gnu/libXext.so.6
xrandr /lib/x86_64-linux-gnu/libXrender.so.1
xrandr /lib/x86_64-linux-gnu/libxcb.so.1
xrandr /lib/x86_64-linux-gnu/libXau.so.6
xrandr /lib/x86_64-linux-gnu/libXdmcp.so.6
xrandr /lib/x86_64-linux-gnu/libbsd.so.0
xrandr /lib/x86_64-linux-gnu/libmd.so.0
Xvfb /proc/1025/cmdline
plasmas:disk$0 /config/.cache/mesa_shader_cache/ed/c89a0ade0bf78cb04a9f864973a229448c45f7.tmp
plasmas:disk$0 /config/.cache/mesa_shader_cache/ed/c89a0ade0bf78cb04a9f864973a229448c45f7.tmp
plasmas:disk$0 /config/.cache/mesa_shader_cache/ed/c89a0ade0bf78cb04a9f864973a229448c45f7
xrandr /etc/ld.so.cache
xrandr /lib/x86_64-linux-gnu/libXrandr.so.2
xrandr /lib/x86_64-linux-gnu/libX11.so.6
xrandr /lib/x86_64-linux-gnu/libm.so.6
xrandr /lib/x86_64-linux-gnu/libc.so.6
xrandr /lib/x86_64-linux-gnu/libXext.so.6
xrandr /lib/x86_64-linux-gnu/libXrender.so.1
xrandr /lib/x86_64-linux-gnu/libxcb.so.1
xrandr /lib/x86_64-linux-gnu/libXau.so.6
xrandr /lib/x86_64-linux-gnu/libXdmcp.so.6
xrandr /lib/x86_64-linux-gnu/libbsd.so.0
xrandr /lib/x86_64-linux-gnu/libmd.so.0
QSGRenderThread /config/.cache/mesa_shader_cache/58/02bd9728eb2f1c00ba72e56f87158c6f2ac6b1
Xvfb /proc/1026/cmdline
selkies /lsiopy/lib/python3.12/site-packages/pixelflux/../pixelflux.libs/libnvidia-encode.so.1
selkies /etc/ld.so.cache
selkies /lib/x86_64-linux-gnu/libnvidia-encode.so.1
selkies /usr/lib/x86_64-linux-gnu/libnvidia-encode.so.1
selkies /lib/libnvidia-encode.so.1
selkies /usr/lib/libnvidia-encode.so.1
selkies /lsiopy/lib/python3.12/site-packages/pixelflux/../pixelflux.libs/libnvidia-encode.so
selkies /etc/ld.so.cache
selkies /lib/x86_64-linux-gnu/libnvidia-encode.so
selkies /usr/lib/x86_64-linux-gnu/libnvidia-encode.so
selkies /lib/libnvidia-encode.so
selkies /usr/lib/libnvidia-encode.so
Xvfb /proc/332/cmdline
selkies /sys/devices/system/cpu/online
plasmas:disk$0 /config/.cache/mesa_shader_cache/58/02bd9728eb2f1c00ba72e56f87158c6f2ac6b1.tmp
plasmas:disk$0 /config/.cache/mesa_shader_cache/58/02bd9728eb2f1c00ba72e56f87158c6f2ac6b1.tmp
plasmas:disk$0 /config/.cache/mesa_shader_cache/58/02bd9728eb2f1c00ba72e56f87158c6f2ac6b1
QSGRenderThread /config/.cache/mesa_shader_cache/56/2dcc7635acb601d066d805614fb0c566f7a690
QQuickPixmapRea /usr/share/backgrounds/Jammy-Jellyfish-Purple.jpg
QSGRenderThread /config/.cache/qtshadercache-x86_64-little_endian-lp64/d524b60ebe14b3342c6956c081215082a7ec73c0
QSGRenderThread /config/.cache/mesa_shader_cache/33/0d05b9eb33e85a79f8aac35efefedbb1eb0b6f
QSGRenderThread /config/.cache/mesa_shader_cache/33/00b052fe14b1af317cbf469f440a0008884e80
plasmas:disk$0 /config/.cache/mesa_shader_cache/33/0d05b9eb33e85a79f8aac35efefedbb1eb0b6f.tmp
plasmas:disk$0 /config/.cache/mesa_shader_cache/33/0d05b9eb33e85a79f8aac35efefedbb1eb0b6f
xclip /etc/ld.so.cache
xclip /lib/x86_64-linux-gnu/libXmu.so.6
xclip /lib/x86_64-linux-gnu/libX11.so.6
xclip /lib/x86_64-linux-gnu/libc.so.6
xclip /lib/x86_64-linux-gnu/libXt.so.6
xclip /lib/x86_64-linux-gnu/libXext.so.6
xclip /lib/x86_64-linux-gnu/libxcb.so.1
xclip /lib/x86_64-linux-gnu/libSM.so.6
xclip /lib/x86_64-linux-gnu/libICE.so.6
xclip /lib/x86_64-linux-gnu/libXau.so.6
xclip /lib/x86_64-linux-gnu/libXdmcp.so.6
xclip /lib/x86_64-linux-gnu/libuuid.so.1
xclip /lib/x86_64-linux-gnu/libbsd.so.0
xclip /lib/x86_64-linux-gnu/libmd.so.0
xclip /usr/share/X11/locale/locale.alias
xclip /usr/share/X11/locale/locale.dir
xclip /usr/share/X11/locale/C/XLC_LOCALE
xclip /usr/share/X11/locale/locale.alias
xclip /usr/share/X11/locale/locale.dir
xclip /usr/share/X11/locale/C/XLC_LOCALE
Xvfb /proc/1032/cmdline
plasmashell /config/.Xdefaults-4276872afea4
plasmashell /config/.icons/breeze_cursors/cursors/left_ptr
plasmashell /config/.icons/breeze_cursors/index.theme
plasmashell /usr/share/icons/breeze_cursors/cursors/left_ptr
plasmashell /config/Desktop/libreoffice-impress.desktop
QSGRenderThread /config/.cache/mesa_shader_cache/05/821511f11136f0cb2e5902dff62f195b5fd4ae
plasmas:disk$0 /config/.cache/mesa_shader_cache/05/821511f11136f0cb2e5902dff62f195b5fd4ae.tmp
plasmas:disk$0 /config/.cache/mesa_shader_cache/05/821511f11136f0cb2e5902dff62f195b5fd4ae.tmp
plasmas:disk$0 /config/.cache/mesa_shader_cache/05/821511f11136f0cb2e5902dff62f195b5fd4ae
QSGRenderThread /config/.cache/mesa_shader_cache/b5/649c319061cf5f5c432f0c3cd0278da5db382e
plasmas:disk$0 /config/.cache/mesa_shader_cache/b5/649c319061cf5f5c432f0c3cd0278da5db382e.tmp
plasmas:disk$0 /config/.cache/mesa_shader_cache/b5/649c319061cf5f5c432f0c3cd0278da5db382e
QSGRenderThread /config/.cache/mesa_shader_cache/03/85404440a27386f79d70b87e5141a561359e3b
plasmas:disk$0 /config/.cache/mesa_shader_cache/03/85404440a27386f79d70b87e5141a561359e3b.tmp
plasmas:disk$0 /config/.cache/mesa_shader_cache/03/85404440a27386f79d70b87e5141a561359e3b.tmp
plasmas:disk$0 /config/.cache/mesa_shader_cache/03/85404440a27386f79d70b87e5141a561359e3b
plasmashell /config/Desktop/code.desktop
plasmashell /config/Desktop/chromium.desktop
selkies /proc/stat
selkies /proc/meminfo
xclip /etc/ld.so.cache
xclip /lib/x86_64-linux-gnu/libXmu.so.6
xclip /lib/x86_64-linux-gnu/libX11.so.6
xclip /lib/x86_64-linux-gnu/libc.so.6
xclip /lib/x86_64-linux-gnu/libXt.so.6
xclip /lib/x86_64-linux-gnu/libXext.so.6
xclip /lib/x86_64-linux-gnu/libxcb.so.1
xclip /lib/x86_64-linux-gnu/libSM.so.6
xclip /lib/x86_64-linux-gnu/libICE.so.6
xclip /lib/x86_64-linux-gnu/libXau.so.6
xclip /lib/x86_64-linux-gnu/libXdmcp.so.6
xclip /lib/x86_64-linux-gnu/libuuid.so.1
xclip /lib/x86_64-linux-gnu/libbsd.so.0
xclip /lib/x86_64-linux-gnu/libmd.so.0
xclip /usr/share/X11/locale/locale.alias
xclip /usr/share/X11/locale/locale.dir
xclip /usr/share/X11/locale/C/XLC_LOCALE
xclip /usr/share/X11/locale/locale.alias
xclip /usr/share/X11/locale/locale.dir
xclip /usr/share/X11/locale/C/XLC_LOCALE
Xvfb /proc/1050/cmdline
plasmashell /config/Desktop/chromium.desktop
xclip /etc/ld.so.cache
xclip /lib/x86_64-linux-gnu/libXmu.so.6
xclip /lib/x86_64-linux-gnu/libX11.so.6
xclip /lib/x86_64-linux-gnu/libc.so.6
xclip /lib/x86_64-linux-gnu/libXt.so.6
xclip /lib/x86_64-linux-gnu/libXext.so.6
xclip /lib/x86_64-linux-gnu/libxcb.so.1
xclip /lib/x86_64-linux-gnu/libSM.so.6
xclip /lib/x86_64-linux-gnu/libICE.so.6
xclip /lib/x86_64-linux-gnu/libXau.so.6
xclip /lib/x86_64-linux-gnu/libXdmcp.so.6
xclip /lib/x86_64-linux-gnu/libuuid.so.1
xclip /lib/x86_64-linux-gnu/libbsd.so.0
xclip /lib/x86_64-linux-gnu/libmd.so.0
xclip /usr/share/X11/locale/locale.alias
xclip /usr/share/X11/locale/locale.dir
xclip /usr/share/X11/locale/C/XLC_LOCALE
xclip /usr/share/X11/locale/locale.alias
xclip /usr/share/X11/locale/locale.dir
xclip /usr/share/X11/locale/C/XLC_LOCALE
Xvfb /proc/1072/cmdline
plasmashell /config/Desktop/chromium.desktop
plasmashell /config/.config/user-dirs.dirs
plasmashell /config/Templates
QSGRenderThread /config/.cache/mesa_shader_cache/9d/606aba494dc71333136762dd7212597db24bd0
plasmas:disk$0 /config/.cache/mesa_shader_cache/9d/606aba494dc71333136762dd7212597db24bd0.tmp
plasmas:disk$0 /config/.cache/mesa_shader_cache/9d/606aba494dc71333136762dd7212597db24bd0.tmp
plasmas:disk$0 /config/.cache/mesa_shader_cache/9d/606aba494dc71333136762dd7212597db24bd0
QSGRenderThread /config/.cache/mesa_shader_cache/67/300b64f992db8cd870aba10d19426628db8e5e
plasmas:disk$0 /config/.cache/mesa_shader_cache/67/300b64f992db8cd870aba10d19426628db8e5e.tmp
QSGRenderThread /config/.cache/mesa_shader_cache/7d/f5f5a56c9b9eb1ebef6cf2871fc3d755fd61bb
plasmas:disk$0 /config/.cache/mesa_shader_cache/67/300b64f992db8cd870aba10d19426628db8e5e.tmp
plasmas:disk$0 /config/.cache/mesa_shader_cache/67/300b64f992db8cd870aba10d19426628db8e5e
plasmas:disk$0 /config/.cache/mesa_shader_cache/7d/f5f5a56c9b9eb1ebef6cf2871fc3d755fd61bb.tmp
QSGRenderThread /config/.cache/mesa_shader_cache/11/8012095cfa7caf074a257fc05759d0899fb001
plasmas:disk$0 /config/.cache/mesa_shader_cache/7d/f5f5a56c9b9eb1ebef6cf2871fc3d755fd61bb.tmp
plasmas:disk$0 /config/.cache/mesa_shader_cache/7d/f5f5a56c9b9eb1ebef6cf2871fc3d755fd61bb
plasmas:disk$0 /config/.cache/mesa_shader_cache/11/8012095cfa7caf074a257fc05759d0899fb001.tmp
QSGRenderThread /config/.cache/mesa_shader_cache/13/9ac72d90e7d989d698c0e906cd0cc34b28d297
plasmas:disk$0 /config/.cache/mesa_shader_cache/11/8012095cfa7caf074a257fc05759d0899fb001.tmp
plasmas:disk$0 /config/.cache/mesa_shader_cache/11/8012095cfa7caf074a257fc05759d0899fb001
plasmas:disk$0 /config/.cache/mesa_shader_cache/13/9ac72d90e7d989d698c0e906cd0cc34b28d297.tmp
QSGRenderThread /config/.cache/mesa_shader_cache/b6/1d291756e0b7fe773aea85bace069382471e7d
plasmas:disk$0 /config/.cache/mesa_shader_cache/13/9ac72d90e7d989d698c0e906cd0cc34b28d297.tmp
plasmas:disk$0 /config/.cache/mesa_shader_cache/13/9ac72d90e7d989d698c0e906cd0cc34b28d297
plasmas:disk$0 /config/.cache/mesa_shader_cache/b6/1d291756e0b7fe773aea85bace069382471e7d.tmp
QSGRenderThread /config/.cache/mesa_shader_cache/6a/bc1a28bb73ad21ed08c4d0ec9b2aa109586640
plasmas:disk$0 /config/.cache/mesa_shader_cache/b6/1d291756e0b7fe773aea85bace069382471e7d.tmp
plasmas:disk$0 /config/.cache/mesa_shader_cache/b6/1d291756e0b7fe773aea85bace069382471e7d
plasmas:disk$0 /config/.cache/mesa_shader_cache/6a/bc1a28bb73ad21ed08c4d0ec9b2aa109586640.tmp
plasmas:disk$0 /config/.cache/mesa_shader_cache/6a/bc1a28bb73ad21ed08c4d0ec9b2aa109586640
QSGRenderThread /config/.cache/mesa_shader_cache/4e/eded535a438cc683e09bec52abea21a6de87bb
selkies /proc/stat
selkies /proc/meminfo
plasmas:disk$0 /config/.cache/mesa_shader_cache/4e/eded535a438cc683e09bec52abea21a6de87bb.tmp
plasmas:disk$0 /config/.cache/mesa_shader_cache/4e/eded535a438cc683e09bec52abea21a6de87bb.tmp
plasmas:disk$0 /config/.cache/mesa_shader_cache/4e/eded535a438cc683e09bec52abea21a6de87bb
plasmashell /config/Desktop/chromium.desktop
xclip /etc/ld.so.cache
xclip /lib/x86_64-linux-gnu/libXmu.so.6
xclip /lib/x86_64-linux-gnu/libX11.so.6
xclip /lib/x86_64-linux-gnu/libc.so.6
xclip /lib/x86_64-linux-gnu/libXt.so.6
xclip /lib/x86_64-linux-gnu/libXext.so.6
xclip /lib/x86_64-linux-gnu/libxcb.so.1
xclip /lib/x86_64-linux-gnu/libSM.so.6
xclip /lib/x86_64-linux-gnu/libICE.so.6
xclip /lib/x86_64-linux-gnu/libXau.so.6
xclip /lib/x86_64-linux-gnu/libXdmcp.so.6
xclip /lib/x86_64-linux-gnu/libuuid.so.1
xclip /lib/x86_64-linux-gnu/libbsd.so.0
xclip /lib/x86_64-linux-gnu/libmd.so.0
xclip /usr/share/X11/locale/locale.alias
xclip /usr/share/X11/locale/locale.dir
xclip /usr/share/X11/locale/C/XLC_LOCALE
xclip /usr/share/X11/locale/locale.alias
xclip /usr/share/X11/locale/locale.dir
xclip /usr/share/X11/locale/C/XLC_LOCALE
Xvfb /proc/1101/cmdline
xclip /etc/ld.so.cache
xclip /lib/x86_64-linux-gnu/libXmu.so.6
xclip /lib/x86_64-linux-gnu/libX11.so.6
xclip /lib/x86_64-linux-gnu/libc.so.6
xclip /lib/x86_64-linux-gnu/libXt.so.6
xclip /lib/x86_64-linux-gnu/libXext.so.6
xclip /lib/x86_64-linux-gnu/libxcb.so.1
xclip /lib/x86_64-linux-gnu/libSM.so.6
xclip /lib/x86_64-linux-gnu/libICE.so.6
xclip /lib/x86_64-linux-gnu/libXau.so.6
xclip /lib/x86_64-linux-gnu/libXdmcp.so.6
xclip /lib/x86_64-linux-gnu/libuuid.so.1
xclip /lib/x86_64-linux-gnu/libbsd.so.0
xclip /lib/x86_64-linux-gnu/libmd.so.0
xclip /usr/share/X11/locale/locale.alias
xclip /usr/share/X11/locale/locale.dir
xclip /usr/share/X11/locale/C/XLC_LOCALE
xclip /usr/share/X11/locale/locale.alias
xclip /usr/share/X11/locale/locale.dir
xclip /usr/share/X11/locale/C/XLC_LOCALE
Xvfb /proc/1135/cmdline
selkies /proc/stat
selkies /proc/meminfo
xclip /etc/ld.so.cache
xclip /lib/x86_64-linux-gnu/libXmu.so.6
xclip /lib/x86_64-linux-gnu/libX11.so.6
xclip /lib/x86_64-linux-gnu/libc.so.6
xclip /lib/x86_64-linux-gnu/libXt.so.6
xclip /lib/x86_64-linux-gnu/libXext.so.6
xclip /lib/x86_64-linux-gnu/libxcb.so.1
xclip /lib/x86_64-linux-gnu/libSM.so.6
xclip /lib/x86_64-linux-gnu/libICE.so.6
xclip /lib/x86_64-linux-gnu/libXau.so.6
xclip /lib/x86_64-linux-gnu/libXdmcp.so.6
xclip /lib/x86_64-linux-gnu/libuuid.so.1
xclip /lib/x86_64-linux-gnu/libbsd.so.0
xclip /lib/x86_64-linux-gnu/libmd.so.0
xclip /usr/share/X11/locale/locale.alias
xclip /usr/share/X11/locale/locale.dir
xclip /usr/share/X11/locale/C/XLC_LOCALE
xclip /usr/share/X11/locale/locale.alias
xclip /usr/share/X11/locale/locale.dir
xclip /usr/share/X11/locale/C/XLC_LOCALE
Xvfb /proc/1140/cmdline
xclip /etc/ld.so.cache
xclip /lib/x86_64-linux-gnu/libXmu.so.6
xclip /lib/x86_64-linux-gnu/libX11.so.6
xclip /lib/x86_64-linux-gnu/libc.so.6
xclip /lib/x86_64-linux-gnu/libXt.so.6
xclip /lib/x86_64-linux-gnu/libXext.so.6
xclip /lib/x86_64-linux-gnu/libxcb.so.1
xclip /lib/x86_64-linux-gnu/libSM.so.6
xclip /lib/x86_64-linux-gnu/libICE.so.6
xclip /lib/x86_64-linux-gnu/libXau.so.6
xclip /lib/x86_64-linux-gnu/libXdmcp.so.6
xclip /lib/x86_64-linux-gnu/libuuid.so.1
xclip /lib/x86_64-linux-gnu/libbsd.so.0
xclip /lib/x86_64-linux-gnu/libmd.so.0
xclip /usr/share/X11/locale/locale.alias
xclip /usr/share/X11/locale/locale.dir
xclip /usr/share/X11/locale/C/XLC_LOCALE
xclip /usr/share/X11/locale/locale.alias
xclip /usr/share/X11/locale/locale.dir
xclip /usr/share/X11/locale/C/XLC_LOCALE
Xvfb /proc/1141/cmdline
selkies /proc/stat
selkies /proc/meminfo
xclip /etc/ld.so.cache
xclip /lib/x86_64-linux-gnu/libXmu.so.6
xclip /lib/x86_64-linux-gnu/libX11.so.6
xclip /lib/x86_64-linux-gnu/libc.so.6
xclip /lib/x86_64-linux-gnu/libXt.so.6
xclip /lib/x86_64-linux-gnu/libXext.so.6
xclip /lib/x86_64-linux-gnu/libxcb.so.1
xclip /lib/x86_64-linux-gnu/libSM.so.6
xclip /lib/x86_64-linux-gnu/libICE.so.6
xclip /lib/x86_64-linux-gnu/libXau.so.6
xclip /lib/x86_64-linux-gnu/libXdmcp.so.6
xclip /lib/x86_64-linux-gnu/libuuid.so.1
xclip /lib/x86_64-linux-gnu/libbsd.so.0
xclip /lib/x86_64-linux-gnu/libmd.so.0
xclip /usr/share/X11/locale/locale.alias
xclip /usr/share/X11/locale/locale.dir
xclip /usr/share/X11/locale/C/XLC_LOCALE
xclip /usr/share/X11/locale/locale.alias
xclip /usr/share/X11/locale/locale.dir
xclip /usr/share/X11/locale/C/XLC_LOCALE
Xvfb /proc/1142/cmdline
xclip /etc/ld.so.cache
xclip /lib/x86_64-linux-gnu/libXmu.so.6
xclip /lib/x86_64-linux-gnu/libX11.so.6
xclip /lib/x86_64-linux-gnu/libc.so.6
xclip /lib/x86_64-linux-gnu/libXt.so.6
xclip /lib/x86_64-linux-gnu/libXext.so.6
xclip /lib/x86_64-linux-gnu/libxcb.so.1
xclip /lib/x86_64-linux-gnu/libSM.so.6
xclip /lib/x86_64-linux-gnu/libICE.so.6
xclip /lib/x86_64-linux-gnu/libXau.so.6
xclip /lib/x86_64-linux-gnu/libXdmcp.so.6
xclip /lib/x86_64-linux-gnu/libuuid.so.1
xclip /lib/x86_64-linux-gnu/libbsd.so.0
xclip /lib/x86_64-linux-gnu/libmd.so.0
xclip /usr/share/X11/locale/locale.alias
xclip /usr/share/X11/locale/locale.dir
xclip /usr/share/X11/locale/C/XLC_LOCALE
xclip /usr/share/X11/locale/locale.alias
xclip /usr/share/X11/locale/locale.dir
xclip /usr/share/X11/locale/C/XLC_LOCALE
Xvfb /proc/1143/cmdline
plasmashell /config/Desktop/chromium.desktop
xfconfd /config/.config/xfce4/xfconf/xfce-perchannel-xml//xsettings.xml.new
selkies /proc/stat
selkies /proc/meminfo
plasmashell /config/Desktop/chromium.desktop
xclip /etc/ld.so.cache
xclip /lib/x86_64-linux-gnu/libXmu.so.6
xclip /lib/x86_64-linux-gnu/libX11.so.6
xclip /lib/x86_64-linux-gnu/libc.so.6
xclip /lib/x86_64-linux-gnu/libXt.so.6
xclip /lib/x86_64-linux-gnu/libXext.so.6
xclip /lib/x86_64-linux-gnu/libxcb.so.1
xclip /lib/x86_64-linux-gnu/libSM.so.6
xclip /lib/x86_64-linux-gnu/libICE.so.6
xclip /lib/x86_64-linux-gnu/libXau.so.6
xclip /lib/x86_64-linux-gnu/libXdmcp.so.6
xclip /lib/x86_64-linux-gnu/libuuid.so.1
xclip /lib/x86_64-linux-gnu/libbsd.so.0
xclip /lib/x86_64-linux-gnu/libmd.so.0
xclip /usr/share/X11/locale/locale.alias
xclip /usr/share/X11/locale/locale.dir
xclip /usr/share/X11/locale/C/XLC_LOCALE
xclip /usr/share/X11/locale/locale.alias
xclip /usr/share/X11/locale/locale.dir
xclip /usr/share/X11/locale/C/XLC_LOCALE
Xvfb /proc/1144/cmdline
plasmashell /config/Desktop/chromium.desktop
plasmashell /config/.local/share/kservices5
plasmashell /config/.local/share/mime
plasmashell /etc/xdg/menus
plasmashell /usr/local/share/kservices5
plasmashell /usr/local/share/mime
plasmashell /usr/share/kservices5
plasmashell /usr/share/kservices5/ServiceMenus
plasmashell /usr/share/kservices5/qimageioplugins
plasmashell /usr/share/kservices5/searchproviders
plasmashell /usr/share/mime
plasmashell /usr/share/mime/application
plasmashell /usr/share/mime/audio
plasmashell /usr/share/mime/chemical
plasmashell /usr/share/mime/font
plasmashell /usr/share/mime/image
plasmashell /usr/share/mime/inode
plasmashell /usr/share/mime/message
plasmashell /usr/share/mime/model
plasmashell /usr/share/mime/multipart
plasmashell /usr/share/mime/packages
plasmashell /usr/share/mime/text
plasmashell /usr/share/mime/video
plasmashell /usr/share/mime/x-content
plasmashell /usr/share/mime/x-epoc
plasmashell /usr/lib/x86_64-linux-gnu/qt5/plugins/kf5/kio/kio_file.so
plasmashell /config/.XDG
plasmashell /usr/lib/x86_64-linux-gnu/qt5/plugins/kf5/kio/kio_file.so.avx2
plasmashell /usr/lib/x86_64-linux-gnu/qt5/plugins/kf5/kio/kio_file.so
KIO::WorkerThre /config/Desktop/chromium.desktop
plasmashell /config/Desktop/chromium.desktop
plasmashell /config/Desktop/chromium.desktop
plasmashell /config/Desktop/chromium.desktop
plasmashell /config/Desktop/chromium.desktop
plasmashell /config/Desktop/chromium.desktop
plasmashell /config/Desktop/chromium.desktop
plasmashell /config/Desktop/chromium.desktop
plasmashell /config/Desktop/chromium.desktop
plasmashell /config/Desktop/chromium.desktop
plasmashell /config/Desktop/chromium.desktop
wrapped-chromiu /etc/ld.so.cache
wrapped-chromiu /lib/x86_64-linux-gnu/libtinfo.so.6
plasmashell /config/Desktop/chromium.desktop
wrapped-chromiu /lib/x86_64-linux-gnu/libc.so.6
plasmashell /config/Desktop/chromium.desktop
wrapped-chromiu /dev/tty
wrapped-chromiu /usr/lib/locale/locale-archive
wrapped-chromiu /usr/lib/x86_64-linux-gnu/gconv/gconv-modules.cache
plasmashell /config/Desktop/chromium.desktop
plasmashell /config/Desktop/chromium.desktop
wrapped-chromiu /etc/nsswitch.conf
plasmashell /config/Desktop/chromium.desktop
wrapped-chromiu /etc/passwd
wrapped-chromiu /usr/local/bin/wrapped-chromium
plasmashell /config/Desktop/chromium.desktop
plasmashell /config/Desktop/chromium.desktop
plasmashell /config/Desktop/chromium.desktop
wrapped-chromiu /dev/null
pgrep /etc/ld.so.cache
plasmashell /config/Desktop/chromium.desktop
pgrep /lib/x86_64-linux-gnu/libproc2.so.0
pgrep /lib/x86_64-linux-gnu/libc.so.6
pgrep /lib/x86_64-linux-gnu/libsystemd.so.0
plasmashell /config/Desktop/chromium.desktop
pgrep /lib/x86_64-linux-gnu/libcap.so.2
pgrep /lib/x86_64-linux-gnu/libgcrypt.so.20
plasmashell /config/Desktop/chromium.desktop
pgrep /lib/x86_64-linux-gnu/liblz4.so.1
pgrep /lib/x86_64-linux-gnu/liblzma.so.5
plasmashell /config/Desktop/chromium.desktop
pgrep /lib/x86_64-linux-gnu/libzstd.so.1
pgrep /lib/x86_64-linux-gnu/libgpg-error.so.0
plasmashell /config/Desktop/chromium.desktop
plasmashell /config/Desktop/chromium.desktop
pgrep /usr/lib/locale/locale-archive
plasmashell /config/Desktop/chromium.desktop
pgrep /usr/lib/x86_64-linux-gnu/gconv/gconv-modules.cache
pgrep /etc/ld.so.cache
pgrep /lib/x86_64-linux-gnu/glibc-hwcaps/x86-64-v3/libnuma.so
pgrep /lib/x86_64-linux-gnu/glibc-hwcaps/x86-64-v2/libnuma.so
pgrep /lib/x86_64-linux-gnu/libnuma.so
pgrep /usr/lib/x86_64-linux-gnu/glibc-hwcaps/x86-64-v3/libnuma.so
plasmashell /config/Desktop/chromium.desktop
pgrep /usr/lib/x86_64-linux-gnu/glibc-hwcaps/x86-64-v2/libnuma.so
pgrep /usr/lib/x86_64-linux-gnu/libnuma.so
pgrep /lib/glibc-hwcaps/x86-64-v3/libnuma.so
pgrep /lib/glibc-hwcaps/x86-64-v2/libnuma.so
pgrep /lib/libnuma.so
pgrep /usr/lib/glibc-hwcaps/x86-64-v3/libnuma.so
pgrep /usr/lib/glibc-hwcaps/x86-64-v2/libnuma.so
pgrep /usr/lib/libnuma.so
pgrep /etc/ld.so.cache
pgrep /lib/x86_64-linux-gnu/libnuma.so.1
plasmashell /config/Desktop/chromium.desktop
pgrep /proc/self/status
pgrep /sys/devices/system/node
plasmashell /config/Desktop/chromium.desktop
pgrep /sys/devices/system/cpu/possible
pgrep /proc/self/status
pgrep /proc
pgrep /proc/uptime
plasmashell /config/Desktop/chromium.desktop
pgrep /proc/1/stat
pgrep /proc/1/status
pgrep /proc/1/cmdline
pgrep /proc/1/cgroup
pgrep /proc/1/ctty
plasmashell /config/Desktop/chromium.desktop
pgrep /proc/uptime
pgrep /proc/12/stat
pgrep /proc/12/status
pgrep /proc/12/cmdline
pgrep /proc/12/cgroup
pgrep /proc/12/ctty
pgrep /proc/uptime
plasmashell /config/Desktop/chromium.desktop
pgrep /proc/15/stat
pgrep /proc/15/status
pgrep /proc/15/cmdline
pgrep /proc/15/cgroup
pgrep /proc/15/ctty
pgrep /proc/uptime
plasmashell /config/Desktop/chromium.desktop
pgrep /proc/35/stat
pgrep /proc/35/status
pgrep /proc/35/cmdline
pgrep /proc/35/cgroup
pgrep /proc/35/ctty
pgrep /proc/uptime
pgrep /proc/36/stat
plasmashell /config/Desktop/chromium.desktop
pgrep /proc/36/status
pgrep /proc/36/cmdline
pgrep /proc/36/cgroup
pgrep /proc/36/ctty
pgrep /proc/uptime
pgrep /proc/37/stat
pgrep /proc/37/status
plasmashell /config/Desktop/chromium.desktop
pgrep /proc/37/cmdline
pgrep /proc/37/cgroup
pgrep /proc/37/ctty
pgrep /proc/uptime
pgrep /proc/38/stat
pgrep /proc/38/status
pgrep /proc/38/cmdline
plasmashell /config/Desktop/chromium.desktop
pgrep /proc/38/cgroup
pgrep /proc/38/ctty
pgrep /proc/uptime
pgrep /proc/39/stat
pgrep /proc/39/status
pgrep /proc/39/cmdline
pgrep /proc/39/cgroup
plasmashell /config/Desktop/chromium.desktop
pgrep /proc/39/ctty
pgrep /proc/uptime
pgrep /proc/40/stat
pgrep /proc/40/status
pgrep /proc/40/cmdline
pgrep /proc/40/cgroup
pgrep /proc/40/ctty
pgrep /proc/uptime
plasmashell /config/Desktop/chromium.desktop
pgrep /proc/41/stat
pgrep /proc/41/status
pgrep /proc/41/cmdline
pgrep /proc/41/cgroup
pgrep /proc/41/ctty
pgrep /proc/uptime
pgrep /proc/42/stat
plasmashell /config/Desktop/chromium.desktop
pgrep /proc/42/status
pgrep /proc/42/cmdline
pgrep /proc/42/cgroup
pgrep /proc/42/ctty
pgrep /proc/uptime
pgrep /proc/43/stat
pgrep /proc/43/status
plasmashell /config/Desktop/chromium.desktop
pgrep /proc/43/cmdline
pgrep /proc/43/cgroup
pgrep /proc/43/ctty
pgrep /proc/uptime
pgrep /proc/44/stat
pgrep /proc/44/status
pgrep /proc/44/cmdline
plasmashell /config/Desktop/chromium.desktop
pgrep /proc/44/cgroup
pgrep /proc/44/ctty
pgrep /proc/uptime
pgrep /proc/45/stat
pgrep /proc/45/status
pgrep /proc/45/cmdline
pgrep /proc/45/cgroup
plasmashell /config/Desktop/chromium.desktop
pgrep /proc/45/ctty
pgrep /proc/uptime
pgrep /proc/46/stat
pgrep /proc/46/status
pgrep /proc/46/cmdline
pgrep /proc/46/cgroup
pgrep /proc/46/ctty
pgrep /proc/uptime
pgrep /proc/54/stat
pgrep /proc/54/status
pgrep /proc/54/cmdline
plasmashell /config/Desktop/chromium.desktop
pgrep /proc/54/cgroup
pgrep /proc/54/ctty
pgrep /proc/uptime
pgrep /proc/306/stat
pgrep /proc/306/status
pgrep /proc/306/cmdline
plasmashell /config/Desktop/chromium.desktop
pgrep /proc/306/cgroup
pgrep /proc/306/ctty
pgrep /proc/uptime
pgrep /proc/308/stat
pgrep /proc/308/status
pgrep /proc/308/cmdline
pgrep /proc/308/cgroup
pgrep /proc/308/ctty
plasmashell /config/Desktop/chromium.desktop
pgrep /proc/uptime
pgrep /proc/310/stat
pgrep /proc/310/status
pgrep /proc/310/cmdline
pgrep /proc/310/cgroup
pgrep /proc/310/ctty
pgrep /proc/uptime
plasmashell /config/Desktop/chromium.desktop
pgrep /proc/312/stat
pgrep /proc/312/status
pgrep /proc/312/cmdline
pgrep /proc/312/cgroup
pgrep /proc/312/ctty
pgrep /proc/uptime
pgrep /proc/313/stat
plasmashell /config/Desktop/chromium.desktop
pgrep /proc/313/status
pgrep /proc/313/cmdline
pgrep /proc/313/cgroup
pgrep /proc/313/ctty
pgrep /proc/uptime
pgrep /proc/314/stat
pgrep /proc/314/status
plasmashell /config/Desktop/chromium.desktop
pgrep /proc/314/cmdline
pgrep /proc/314/cgroup
pgrep /proc/314/ctty
pgrep /proc/uptime
pgrep /proc/323/stat
pgrep /proc/323/status
pgrep /proc/323/cmdline
plasmashell /config/Desktop/chromium.desktop
pgrep /proc/323/cgroup
pgrep /proc/323/ctty
pgrep /proc/uptime
pgrep /proc/332/stat
pgrep /proc/332/status
pgrep /proc/332/cmdline
plasmashell /config/Desktop/chromium.desktop
pgrep /proc/332/cgroup
pgrep /proc/332/ctty
pgrep /proc/uptime
pgrep /proc/339/stat
pgrep /proc/339/status
pgrep /proc/339/cmdline
pgrep /proc/339/cgroup
plasmashell /config/Desktop/chromium.desktop
pgrep /proc/339/ctty
pgrep /proc/uptime
pgrep /proc/345/stat
pgrep /proc/345/status
pgrep /proc/345/cmdline
pgrep /proc/345/cgroup
pgrep /proc/345/ctty
pgrep /proc/uptime
plasmashell /config/Desktop/chromium.desktop
pgrep /proc/359/stat
pgrep /proc/359/status
pgrep /proc/359/cmdline
pgrep /proc/359/cgroup
pgrep /proc/359/ctty
pgrep /proc/uptime
plasmashell /config/Desktop/chromium.desktop
pgrep /proc/377/stat
pgrep /proc/377/status
pgrep /proc/377/cmdline
pgrep /proc/377/cgroup
pgrep /proc/377/ctty
pgrep /proc/uptime
pgrep /proc/378/stat
plasmashell /config/Desktop/chromium.desktop
pgrep /proc/378/status
pgrep /proc/378/cmdline
pgrep /proc/378/cgroup
pgrep /proc/378/ctty
pgrep /proc/uptime
pgrep /proc/379/stat
pgrep /proc/379/status
pgrep /proc/379/cmdline
plasmashell /config/Desktop/chromium.desktop
pgrep /proc/379/cgroup
pgrep /proc/379/ctty
pgrep /proc/uptime
pgrep /proc/380/stat
pgrep /proc/380/status
pgrep /proc/380/cmdline
pgrep /proc/380/cgroup
plasmashell /config/Desktop/chromium.desktop
pgrep /proc/380/ctty
pgrep /proc/uptime
pgrep /proc/381/stat
pgrep /proc/381/status
pgrep /proc/381/cmdline
pgrep /proc/381/cgroup
pgrep /proc/381/ctty
pgrep /proc/uptime
plasmashell /config/Desktop/chromium.desktop
pgrep /proc/382/stat
pgrep /proc/382/status
pgrep /proc/382/cmdline
pgrep /proc/382/cgroup
pgrep /proc/382/ctty
pgrep /proc/uptime
pgrep /proc/383/stat
plasmashell /config/Desktop/chromium.desktop
pgrep /proc/383/status
pgrep /proc/383/cmdline
pgrep /proc/383/cgroup
pgrep /proc/383/ctty
pgrep /proc/uptime
pgrep /proc/384/stat
pgrep /proc/384/status
plasmashell /config/Desktop/chromium.desktop
pgrep /proc/384/cmdline
pgrep /proc/384/cgroup
pgrep /proc/384/ctty
pgrep /proc/uptime
pgrep /proc/385/stat
pgrep /proc/385/status
pgrep /proc/385/cmdline
plasmashell /config/Desktop/chromium.desktop
pgrep /proc/385/cgroup
pgrep /proc/385/ctty
pgrep /proc/uptime
pgrep /proc/386/stat
pgrep /proc/386/status
pgrep /proc/386/cmdline
pgrep /proc/386/cgroup
plasmashell /config/Desktop/chromium.desktop
pgrep /proc/386/ctty
pgrep /proc/uptime
pgrep /proc/387/stat
pgrep /proc/387/status
pgrep /proc/387/cmdline
pgrep /proc/387/cgroup
pgrep /proc/387/ctty
pgrep /proc/uptime
plasmashell /config/Desktop/chromium.desktop
pgrep /proc/388/stat
pgrep /proc/388/status
pgrep /proc/388/cmdline
pgrep /proc/388/cgroup
pgrep /proc/388/ctty
pgrep /proc/uptime
pgrep /proc/389/stat
plasmashell /config/Desktop/chromium.desktop
pgrep /proc/389/status
pgrep /proc/389/cmdline
pgrep /proc/389/cgroup
pgrep /proc/389/ctty
pgrep /proc/uptime
pgrep /proc/390/stat
pgrep /proc/390/status
plasmashell /config/Desktop/chromium.desktop
pgrep /proc/390/cmdline
pgrep /proc/390/cgroup
pgrep /proc/390/ctty
pgrep /proc/uptime
pgrep /proc/391/stat
pgrep /proc/391/status
pgrep /proc/391/cmdline
plasmashell /config/Desktop/chromium.desktop
pgrep /proc/391/cgroup
pgrep /proc/391/ctty
pgrep /proc/uptime
pgrep /proc/392/stat
pgrep /proc/392/status
pgrep /proc/392/cmdline
pgrep /proc/392/cgroup
plasmashell /config/Desktop/chromium.desktop
pgrep /proc/392/ctty
pgrep /proc/uptime
pgrep /proc/400/stat
pgrep /proc/400/status
pgrep /proc/400/cmdline
pgrep /proc/400/cgroup
pgrep /proc/400/ctty
pgrep /proc/uptime
plasmashell /config/Desktop/chromium.desktop
pgrep /proc/401/stat
pgrep /proc/401/status
pgrep /proc/401/cmdline
pgrep /proc/401/cgroup
pgrep /proc/401/ctty
pgrep /proc/uptime
pgrep /proc/431/stat
plasmashell /config/Desktop/chromium.desktop
pgrep /proc/431/status
pgrep /proc/431/cmdline
pgrep /proc/431/cgroup
pgrep /proc/431/ctty
pgrep /proc/uptime
pgrep /proc/446/stat
pgrep /proc/446/status
plasmashell /config/Desktop/chromium.desktop
pgrep /proc/446/cmdline
pgrep /proc/446/cgroup
pgrep /proc/446/ctty
pgrep /proc/uptime
pgrep /proc/447/stat
pgrep /proc/447/status
pgrep /proc/447/cmdline
plasmashell /config/Desktop/chromium.desktop
pgrep /proc/447/cgroup
pgrep /proc/447/ctty
pgrep /proc/uptime
pgrep /proc/514/stat
pgrep /proc/514/status
pgrep /proc/514/cmdline
pgrep /proc/514/cgroup
plasmashell /config/Desktop/chromium.desktop
pgrep /proc/514/ctty
pgrep /proc/uptime
pgrep /proc/515/stat
pgrep /proc/515/status
pgrep /proc/515/cmdline
pgrep /proc/515/cgroup
pgrep /proc/515/ctty
pgrep /proc/uptime
plasmashell /config/Desktop/chromium.desktop
pgrep /proc/540/stat
pgrep /proc/540/status
pgrep /proc/540/cmdline
pgrep /proc/540/cgroup
pgrep /proc/540/ctty
pgrep /proc/uptime
plasmashell /config/Desktop/chromium.desktop
pgrep /proc/582/stat
pgrep /proc/582/status
pgrep /proc/582/cmdline
pgrep /proc/582/cgroup
pgrep /proc/582/ctty
pgrep /proc/uptime
pgrep /proc/588/stat
pgrep /proc/588/status
pgrep /proc/588/cmdline
plasmashell /config/Desktop/chromium.desktop
pgrep /proc/588/cgroup
pgrep /proc/588/ctty
pgrep /proc/uptime
pgrep /proc/647/stat
pgrep /proc/647/status
pgrep /proc/647/cmdline
plasmashell /config/Desktop/chromium.desktop
pgrep /proc/647/cgroup
pgrep /proc/647/ctty
pgrep /proc/uptime
pgrep /proc/649/stat
pgrep /proc/649/status
pgrep /proc/649/cmdline
pgrep /proc/649/cgroup
pgrep /proc/649/ctty
pgrep /proc/uptime
pgrep /proc/698/stat
pgrep /proc/698/status
pgrep /proc/698/cmdline
pgrep /proc/698/cgroup
pgrep /proc/698/ctty
pgrep /proc/uptime
pgrep /proc/699/stat
pgrep /proc/699/status
pgrep /proc/699/cmdline
pgrep /proc/699/cgroup
pgrep /proc/699/ctty
pgrep /proc/uptime
pgrep /proc/700/stat
pgrep /proc/700/status
pgrep /proc/700/cmdline
pgrep /proc/700/cgroup
pgrep /proc/700/ctty
pgrep /proc/uptime
pgrep /proc/780/stat
pgrep /proc/780/status
pgrep /proc/780/cmdline
pgrep /proc/780/cgroup
pgrep /proc/780/ctty
pgrep /proc/uptime
pgrep /proc/839/stat
pgrep /proc/839/status
pgrep /proc/839/cmdline
pgrep /proc/839/cgroup
pgrep /proc/839/ctty
pgrep /proc/uptime
pgrep /proc/937/stat
pgrep /proc/937/status
pgrep /proc/937/cmdline
pgrep /proc/937/cgroup
pgrep /proc/937/ctty
pgrep /proc/uptime
pgrep /proc/965/stat
pgrep /proc/965/status
pgrep /proc/965/cmdline
pgrep /proc/965/cgroup
pgrep /proc/965/ctty
pgrep /proc/uptime
pgrep /proc/967/stat
pgrep /proc/967/status
pgrep /proc/967/cmdline
pgrep /proc/967/cgroup
pgrep /proc/967/ctty
pgrep /proc/uptime
pgrep /proc/997/stat
pgrep /proc/997/status
pgrep /proc/997/cmdline
pgrep /proc/997/cgroup
pgrep /proc/997/ctty
pgrep /proc/uptime
pgrep /proc/1146/stat
pgrep /proc/1146/status
pgrep /proc/1146/cmdline
pgrep /proc/1146/cgroup
pgrep /proc/1146/ctty
pgrep /proc/uptime
pgrep /proc/1147/stat
pgrep /proc/1147/status
pgrep /proc/1147/cmdline
pgrep /proc/1147/cgroup
pgrep /proc/1147/ctty
pgrep /proc/uptime
wrapped-chromiu /config/.config/chromium/
rm /etc/ld.so.cache
rm /lib/x86_64-linux-gnu/libc.so.6
rm /usr/lib/locale/locale-archive
chromium /etc/ld.so.cache
chromium /lib/x86_64-linux-gnu/libc.so.6
plasmashell /usr/share/icons/hicolor/32x32/apps/chromium.png
chromium /usr/bin/chromium
uname /etc/ld.so.cache
uname /lib/x86_64-linux-gnu/libc.so.6
uname /usr/lib/locale/locale-archive
grep /etc/ld.so.cache
grep /lib/x86_64-linux-gnu/libpcre2-8.so.0
grep /lib/x86_64-linux-gnu/libc.so.6
grep /usr/lib/locale/locale-archive
grep /usr/lib/x86_64-linux-gnu/gconv/gconv-modules.cache
grep /usr/share/locale/locale.alias
grep /usr/share/locale/en_US/LC_MESSAGES/grep.mo
grep /usr/share/locale/en/LC_MESSAGES/grep.mo
grep /usr/share/locale-langpack/en_US/LC_MESSAGES/grep.mo
grep /usr/share/locale-langpack/en/LC_MESSAGES/grep.mo
grep /proc/self/maps
QSGRenderThread /config/.cache/mesa_shader_cache/ba/f1ba0189afe9f9b21e697f039ac74c9fe4604b
grep /proc/cpuinfo
chromium /etc/chromium.d/
chromium .
chromium /dev/null
expr /usr/lib/x86_64-linux-gnu/glibc-hwcaps/x86-64-v3/libgmp.so.10
expr /usr/lib/x86_64-linux-gnu/glibc-hwcaps/x86-64-v2/libgmp.so.10
expr /usr/lib/x86_64-linux-gnu/libgmp.so.10
expr /usr/lib/x86_64-linux-gnu/libc.so.6
expr /usr/lib/locale/locale-archive
expr /usr/share/locale/locale.alias
expr /usr/share/locale/en_US/LC_MESSAGES/coreutils.mo
expr /usr/share/locale/en/LC_MESSAGES/coreutils.mo
expr /usr/share/locale-langpack/en_US/LC_MESSAGES/coreutils.mo
expr /usr/share/locale-langpack/en/LC_MESSAGES/coreutils.mo
expr /usr/lib/x86_64-linux-gnu/gconv/gconv-modules.cache
chromium /etc/chromium.d/apikeys
chromium .
chromium /dev/null
expr /usr/lib/x86_64-linux-gnu/glibc-hwcaps/x86-64-v3/libgmp.so.10
expr /usr/lib/x86_64-linux-gnu/glibc-hwcaps/x86-64-v2/libgmp.so.10
expr /usr/lib/x86_64-linux-gnu/libgmp.so.10
expr /usr/lib/x86_64-linux-gnu/libc.so.6
expr /usr/lib/locale/locale-archive
expr /usr/share/locale/locale.alias
expr /usr/share/locale/en_US/LC_MESSAGES/coreutils.mo
expr /usr/share/locale/en/LC_MESSAGES/coreutils.mo
expr /usr/share/locale-langpack/en_US/LC_MESSAGES/coreutils.mo
expr /usr/share/locale-langpack/en/LC_MESSAGES/coreutils.mo
expr /usr/lib/x86_64-linux-gnu/gconv/gconv-modules.cache
chromium /etc/chromium.d/default-flags
chromium .
chromium /dev/null
expr /usr/lib/x86_64-linux-gnu/glibc-hwcaps/x86-64-v3/libgmp.so.10
expr /usr/lib/x86_64-linux-gnu/glibc-hwcaps/x86-64-v2/libgmp.so.10
expr /usr/lib/x86_64-linux-gnu/libgmp.so.10
expr /usr/lib/x86_64-linux-gnu/libc.so.6
expr /usr/lib/locale/locale-archive
expr /usr/share/locale/locale.alias
expr /usr/share/locale/en_US/LC_MESSAGES/coreutils.mo
expr /usr/share/locale/en/LC_MESSAGES/coreutils.mo
expr /usr/share/locale-langpack/en_US/LC_MESSAGES/coreutils.mo
expr /usr/share/locale-langpack/en/LC_MESSAGES/coreutils.mo
expr /usr/lib/x86_64-linux-gnu/gconv/gconv-modules.cache
chromium /etc/chromium.d/dev-shm
findmnt /etc/ld.so.cache
findmnt /lib/x86_64-linux-gnu/libmount.so.1
findmnt /lib/x86_64-linux-gnu/libblkid.so.1
findmnt /lib/x86_64-linux-gnu/libsmartcols.so.1
findmnt /lib/x86_64-linux-gnu/libudev.so.1
findmnt /lib/x86_64-linux-gnu/libc.so.6
findmnt /lib/x86_64-linux-gnu/libselinux.so.1
findmnt /lib/x86_64-linux-gnu/libcap.so.2
findmnt /lib/x86_64-linux-gnu/libpcre2-8.so.0
findmnt /proc/filesystems
findmnt /usr/lib/locale/locale-archive
findmnt /proc/self/mountinfo
chromium .
chromium /dev/null
expr /usr/lib/x86_64-linux-gnu/glibc-hwcaps/x86-64-v3/libgmp.so.10
expr /usr/lib/x86_64-linux-gnu/glibc-hwcaps/x86-64-v2/libgmp.so.10
expr /usr/lib/x86_64-linux-gnu/libgmp.so.10
expr /usr/lib/x86_64-linux-gnu/libc.so.6
expr /usr/lib/locale/locale-archive
expr /usr/share/locale/locale.alias
expr /usr/share/locale/en_US/LC_MESSAGES/coreutils.mo
expr /usr/share/locale/en/LC_MESSAGES/coreutils.mo
expr /usr/share/locale-langpack/en_US/LC_MESSAGES/coreutils.mo
expr /usr/share/locale-langpack/en/LC_MESSAGES/coreutils.mo
expr /usr/lib/x86_64-linux-gnu/gconv/gconv-modules.cache
chromium /etc/chromium.d/extensions
chromium /usr/share/chromium/extensions/
chromium /dev/null
ls /etc/ld.so.cache
tr /etc/ld.so.cache
ls /lib/x86_64-linux-gnu/libselinux.so.1
tr /lib/x86_64-linux-gnu/libc.so.6
ls /lib/x86_64-linux-gnu/libc.so.6
ls /lib/x86_64-linux-gnu/libpcre2-8.so.0
tr /usr/lib/locale/locale-archive
ls /proc/filesystems
ls /usr/lib/locale/locale-archive
ls /usr/share/locale/locale.alias
ls /usr/share/locale/en_US/LC_MESSAGES/coreutils.mo
ls /usr/share/locale/en/LC_MESSAGES/coreutils.mo
ls /usr/share/locale-langpack/en_US/LC_MESSAGES/coreutils.mo
ls /usr/share/locale-langpack/en/LC_MESSAGES/coreutils.mo
ls /usr/share/locale/en_US/LC_MESSAGES/libc.mo
ls /usr/share/locale/en/LC_MESSAGES/libc.mo
ls /usr/share/locale-langpack/en_US/LC_MESSAGES/libc.mo
ls /usr/share/locale-langpack/en/LC_MESSAGES/libc.mo
grep /etc/ld.so.cache
grep /lib/x86_64-linux-gnu/libpcre2-8.so.0
grep /lib/x86_64-linux-gnu/libc.so.6
grep /usr/lib/locale/locale-archive
grep /usr/lib/x86_64-linux-gnu/gconv/gconv-modules.cache
grep /usr/share/locale/locale.alias
grep /usr/share/locale/en_US/LC_MESSAGES/grep.mo
grep /usr/share/locale/en/LC_MESSAGES/grep.mo
grep /usr/share/locale-langpack/en_US/LC_MESSAGES/grep.mo
grep /usr/share/locale-langpack/en/LC_MESSAGES/grep.mo
grep /proc/self/maps
plasmas:disk$0 /config/.cache/mesa_shader_cache/ba/f1ba0189afe9f9b21e697f039ac74c9fe4604b.tmp
QSGRenderThread /config/.cache/mesa_shader_cache/03/85404440a27386f79d70b87e5141a561359e3b
plasmas:disk$0 /config/.cache/mesa_shader_cache/ba/f1ba0189afe9f9b21e697f039ac74c9fe4604b.tmp
plasmas:disk$0 /config/.cache/mesa_shader_cache/ba/f1ba0189afe9f9b21e697f039ac74c9fe4604b
chromium /etc/ld.so.cache
chromium /lib/x86_64-linux-gnu/libglib-2.0.so.0
chromium /lib/x86_64-linux-gnu/libgobject-2.0.so.0
chromium /lib/x86_64-linux-gnu/libnspr4.so
chromium /lib/x86_64-linux-gnu/libnss3.so
chromium /lib/x86_64-linux-gnu/libnssutil3.so
chromium /lib/x86_64-linux-gnu/libsmime3.so
chromium /lib/x86_64-linux-gnu/libopenh264.so.7
chromium /lib/x86_64-linux-gnu/libgio-2.0.so.0
chromium /lib/x86_64-linux-gnu/libatk-1.0.so.0
chromium /lib/x86_64-linux-gnu/libatk-bridge-2.0.so.0
chromium /lib/x86_64-linux-gnu/libdbus-1.so.3
chromium /lib/x86_64-linux-gnu/libcups.so.2
chromium /lib/x86_64-linux-gnu/libfontconfig.so.1
chromium /lib/x86_64-linux-gnu/libz.so.1
chromium /lib/x86_64-linux-gnu/libdouble-conversion.so.3
chromium /lib/x86_64-linux-gnu/libzstd.so.1
chromium /lib/x86_64-linux-gnu/libexpat.so.1
chromium /lib/x86_64-linux-gnu/libjpeg.so.8
chromium /lib/x86_64-linux-gnu/libfreetype.so.6
chromium /lib/x86_64-linux-gnu/libharfbuzz.so.0
chromium /lib/x86_64-linux-gnu/libharfbuzz-subset.so.0
chromium /lib/x86_64-linux-gnu/libxcb.so.1
chromium /lib/x86_64-linux-gnu/libxkbcommon.so.0
chromium /lib/x86_64-linux-gnu/libasound.so.2
chromium /lib/x86_64-linux-gnu/libpulse.so.0
chromium /lib/x86_64-linux-gnu/libFLAC.so.12
chromium /lib/x86_64-linux-gnu/libopus.so.0
chromium /lib/x86_64-linux-gnu/libgbm.so.1
chromium /lib/x86_64-linux-gnu/libX11.so.6
chromium /lib/x86_64-linux-gnu/libXext.so.6
chromium /lib/x86_64-linux-gnu/libXNVCtrl.so.0
chromium /lib/x86_64-linux-gnu/libcairo.so.2
chromium /lib/x86_64-linux-gnu/libpango-1.0.so.0
chromium /lib/x86_64-linux-gnu/libudev.so.1
chromium /lib/x86_64-linux-gnu/libm.so.6
chromium /lib/x86_64-linux-gnu/libdav1d.so.7
chromium /lib/x86_64-linux-gnu/libXcomposite.so.1
chromium /lib/x86_64-linux-gnu/libXdamage.so.1
chromium /lib/x86_64-linux-gnu/libXfixes.so.3
chromium /lib/x86_64-linux-gnu/libXrandr.so.2
chromium /lib/x86_64-linux-gnu/libatspi.so.0
chromium /lib/x86_64-linux-gnu/libminizip.so.1
chromium /lib/x86_64-linux-gnu/libopenjp2.so.7
chromium /lib/x86_64-linux-gnu/liblcms2.so.2
chromium /lib/x86_64-linux-gnu/libgcc_s.so.1
chromium /lib/x86_64-linux-gnu/libc.so.6
chromium /lib/x86_64-linux-gnu/libpcre2-8.so.0
chromium /lib/x86_64-linux-gnu/libffi.so.8
chromium /lib/x86_64-linux-gnu/libplc4.so
chromium /lib/x86_64-linux-gnu/libplds4.so
chromium /lib/x86_64-linux-gnu/libstdc++.so.6
chromium /lib/x86_64-linux-gnu/libgmodule-2.0.so.0
chromium /lib/x86_64-linux-gnu/libmount.so.1
chromium /lib/x86_64-linux-gnu/libselinux.so.1
chromium /lib/x86_64-linux-gnu/libsystemd.so.0
chromium /lib/x86_64-linux-gnu/libgssapi_krb5.so.2
chromium /lib/x86_64-linux-gnu/libavahi-common.so.3
chromium /lib/x86_64-linux-gnu/libavahi-client.so.3
chromium /lib/x86_64-linux-gnu/libgnutls.so.30
chromium /lib/x86_64-linux-gnu/libbz2.so.1.0
chromium /lib/x86_64-linux-gnu/libpng16.so.16
chromium /lib/x86_64-linux-gnu/libbrotlidec.so.1
chromium /lib/x86_64-linux-gnu/libgraphite2.so.3
chromium /lib/x86_64-linux-gnu/libXau.so.6
chromium /lib/x86_64-linux-gnu/libXdmcp.so.6
chromium /usr/lib/x86_64-linux-gnu/pulseaudio/glibc-hwcaps/x86-64-v3/libpulsecommon-16.1.so
chromium /usr/lib/x86_64-linux-gnu/pulseaudio/glibc-hwcaps/x86-64-v2/libpulsecommon-16.1.so
chromium /usr/lib/x86_64-linux-gnu/pulseaudio/libpulsecommon-16.1.so
chromium /lib/x86_64-linux-gnu/libogg.so.0
chromium /lib/x86_64-linux-gnu/libdrm.so.2
chromium /lib/x86_64-linux-gnu/libXrender.so.1
chromium /lib/x86_64-linux-gnu/libxcb-render.so.0
chromium /lib/x86_64-linux-gnu/libxcb-shm.so.0
chromium /lib/x86_64-linux-gnu/libpixman-1.so.0
chromium /lib/x86_64-linux-gnu/libfribidi.so.0
chromium /lib/x86_64-linux-gnu/libthai.so.0
chromium /lib/x86_64-linux-gnu/libcap.so.2
chromium /lib/x86_64-linux-gnu/libXi.so.6
chromium /lib/x86_64-linux-gnu/libblkid.so.1
chromium /lib/x86_64-linux-gnu/libgcrypt.so.20
chromium /lib/x86_64-linux-gnu/liblz4.so.1
chromium /lib/x86_64-linux-gnu/liblzma.so.5
chromium /lib/x86_64-linux-gnu/libkrb5.so.3
chromium /lib/x86_64-linux-gnu/libk5crypto.so.3
chromium /lib/x86_64-linux-gnu/libcom_err.so.2
chromium /lib/x86_64-linux-gnu/libkrb5support.so.0
chromium /lib/x86_64-linux-gnu/libp11-kit.so.0
chromium /lib/x86_64-linux-gnu/libidn2.so.0
chromium /lib/x86_64-linux-gnu/libunistring.so.5
chromium /lib/x86_64-linux-gnu/libtasn1.so.6
chromium /lib/x86_64-linux-gnu/libnettle.so.8
chromium /lib/x86_64-linux-gnu/libhogweed.so.6
chromium /lib/x86_64-linux-gnu/libgmp.so.10
chromium /lib/x86_64-linux-gnu/libbrotlicommon.so.1
chromium /lib/x86_64-linux-gnu/libbsd.so.0
chromium /lib/x86_64-linux-gnu/libsndfile.so.1
chromium /lib/x86_64-linux-gnu/libX11-xcb.so.1
chromium /lib/x86_64-linux-gnu/libasyncns.so.0
chromium /lib/x86_64-linux-gnu/libapparmor.so.1
chromium /lib/x86_64-linux-gnu/libdatrie.so.1
chromium /lib/x86_64-linux-gnu/libgpg-error.so.0
chromium /lib/x86_64-linux-gnu/libkeyutils.so.1
chromium /lib/x86_64-linux-gnu/libresolv.so.2
chromium /lib/x86_64-linux-gnu/libmd.so.0
chromium /lib/x86_64-linux-gnu/libvorbis.so.0
chromium /lib/x86_64-linux-gnu/libvorbisenc.so.2
chromium /lib/x86_64-linux-gnu/libmpg123.so.0
chromium /lib/x86_64-linux-gnu/libmp3lame.so.0
chromium /etc/gnutls/config
chromium /proc/filesystems
chromium /proc/self/stat
chromium /proc/stat
chromium /proc/self/cmdline
chromium /usr/lib/locale/locale-archive
chromium /usr/lib/chromium/icudtl.dat
chromium /etc/localtime
chromium /etc/os-release
chromium /proc/self/fd
chrome_crashpad /etc/ld.so.cache
chrome_crashpad /lib/x86_64-linux-gnu/libz.so.1
chrome_crashpad /lib/x86_64-linux-gnu/libm.so.6
chrome_crashpad /lib/x86_64-linux-gnu/libgcc_s.so.1
chrome_crashpad /lib/x86_64-linux-gnu/libc.so.6
chrome_crashpad /proc/self/fd
chrome_crashpad /etc/ld.so.cache
chrome_crashpad /lib/x86_64-linux-gnu/libz.so.1
chrome_crashpad /lib/x86_64-linux-gnu/libm.so.6
chrome_crashpad /lib/x86_64-linux-gnu/libgcc_s.so.1
chrome_crashpad /lib/x86_64-linux-gnu/libc.so.6
chromium /config/.config/chromium/Crash Reports/settings.dat
chromium /config/.config/chromium/Crash Reports/settings.dat
chromium /config/.config/chromium/Crash Reports/settings.dat
chromium /config/.config/chromium/BrowserMetrics/BrowserMetrics-6A0665F9-47D.pma
chromium /config/.config/chromium/BrowserMetrics/BrowserMetrics-6A0665F9-47D.pma
chromium /dev/null
chromium /dev/null
chromium /proc/self/fd
chromium /proc/self/fd
chromium /etc/ld.so.cache
chromium /etc/ld.so.cache
chromium /lib/x86_64-linux-gnu/libglib-2.0.so.0
chromium /lib/x86_64-linux-gnu/libglib-2.0.so.0
chromium /lib/x86_64-linux-gnu/libgobject-2.0.so.0
chromium /lib/x86_64-linux-gnu/libgobject-2.0.so.0
chromium /lib/x86_64-linux-gnu/libnspr4.so
chromium /lib/x86_64-linux-gnu/libnspr4.so
chromium /lib/x86_64-linux-gnu/libnss3.so
chromium /lib/x86_64-linux-gnu/libnss3.so
chromium /lib/x86_64-linux-gnu/libnssutil3.so
chromium /lib/x86_64-linux-gnu/libnssutil3.so
chromium /lib/x86_64-linux-gnu/libsmime3.so
chromium /lib/x86_64-linux-gnu/libsmime3.so
chromium /lib/x86_64-linux-gnu/libopenh264.so.7
chromium /lib/x86_64-linux-gnu/libopenh264.so.7
chromium /lib/x86_64-linux-gnu/libgio-2.0.so.0
chromium /lib/x86_64-linux-gnu/libgio-2.0.so.0
chromium /lib/x86_64-linux-gnu/libatk-1.0.so.0
chromium /lib/x86_64-linux-gnu/libatk-1.0.so.0
chromium /lib/x86_64-linux-gnu/libatk-bridge-2.0.so.0
chromium /lib/x86_64-linux-gnu/libatk-bridge-2.0.so.0
chromium /lib/x86_64-linux-gnu/libdbus-1.so.3
chromium /lib/x86_64-linux-gnu/libdbus-1.so.3
chromium /lib/x86_64-linux-gnu/libcups.so.2
chromium /lib/x86_64-linux-gnu/libcups.so.2
chromium /lib/x86_64-linux-gnu/libfontconfig.so.1
chromium /lib/x86_64-linux-gnu/libfontconfig.so.1
chromium /lib/x86_64-linux-gnu/libz.so.1
chromium /lib/x86_64-linux-gnu/libz.so.1
chromium /lib/x86_64-linux-gnu/libdouble-conversion.so.3
chromium /lib/x86_64-linux-gnu/libdouble-conversion.so.3
chromium /lib/x86_64-linux-gnu/libzstd.so.1
chromium /lib/x86_64-linux-gnu/libzstd.so.1
chromium /lib/x86_64-linux-gnu/libexpat.so.1
chromium /lib/x86_64-linux-gnu/libexpat.so.1
chromium /lib/x86_64-linux-gnu/libjpeg.so.8
chromium /lib/x86_64-linux-gnu/libjpeg.so.8
chromium /lib/x86_64-linux-gnu/libfreetype.so.6
chromium /lib/x86_64-linux-gnu/libfreetype.so.6
chromium /lib/x86_64-linux-gnu/libharfbuzz.so.0
chromium /lib/x86_64-linux-gnu/libharfbuzz.so.0
chromium /lib/x86_64-linux-gnu/libharfbuzz-subset.so.0
chromium /lib/x86_64-linux-gnu/libharfbuzz-subset.so.0
chromium /lib/x86_64-linux-gnu/libxcb.so.1
chromium /lib/x86_64-linux-gnu/libxcb.so.1
chromium /lib/x86_64-linux-gnu/libxkbcommon.so.0
chromium /lib/x86_64-linux-gnu/libxkbcommon.so.0
chromium /lib/x86_64-linux-gnu/libasound.so.2
chromium /lib/x86_64-linux-gnu/libasound.so.2
chromium /lib/x86_64-linux-gnu/libpulse.so.0
chromium /lib/x86_64-linux-gnu/libpulse.so.0
chromium /lib/x86_64-linux-gnu/libFLAC.so.12
chromium /lib/x86_64-linux-gnu/libFLAC.so.12
chromium /lib/x86_64-linux-gnu/libopus.so.0
chromium /lib/x86_64-linux-gnu/libopus.so.0
chromium /lib/x86_64-linux-gnu/libgbm.so.1
chromium /lib/x86_64-linux-gnu/libgbm.so.1
chromium /lib/x86_64-linux-gnu/libX11.so.6
chromium /lib/x86_64-linux-gnu/libX11.so.6
chromium /lib/x86_64-linux-gnu/libXext.so.6
chromium /lib/x86_64-linux-gnu/libXext.so.6
chromium /lib/x86_64-linux-gnu/libXNVCtrl.so.0
chromium /lib/x86_64-linux-gnu/libXNVCtrl.so.0
chromium /lib/x86_64-linux-gnu/libcairo.so.2
chromium /lib/x86_64-linux-gnu/libcairo.so.2
chromium /lib/x86_64-linux-gnu/libpango-1.0.so.0
chromium /lib/x86_64-linux-gnu/libudev.so.1
chromium /lib/x86_64-linux-gnu/libpango-1.0.so.0
chromium /lib/x86_64-linux-gnu/libm.so.6
chromium /lib/x86_64-linux-gnu/libudev.so.1
chromium /lib/x86_64-linux-gnu/libdav1d.so.7
chromium /lib/x86_64-linux-gnu/libm.so.6
chromium /lib/x86_64-linux-gnu/libdav1d.so.7
chromium /lib/x86_64-linux-gnu/libXcomposite.so.1
chromium /lib/x86_64-linux-gnu/libXdamage.so.1
chromium /lib/x86_64-linux-gnu/libXcomposite.so.1
chromium /lib/x86_64-linux-gnu/libXfixes.so.3
chromium /lib/x86_64-linux-gnu/libXdamage.so.1
chromium /lib/x86_64-linux-gnu/libXrandr.so.2
chromium /lib/x86_64-linux-gnu/libXfixes.so.3
chromium /lib/x86_64-linux-gnu/libatspi.so.0
chromium /lib/x86_64-linux-gnu/libXrandr.so.2
chromium /lib/x86_64-linux-gnu/libminizip.so.1
chromium /lib/x86_64-linux-gnu/libatspi.so.0
chromium /lib/x86_64-linux-gnu/libopenjp2.so.7
chromium /lib/x86_64-linux-gnu/libminizip.so.1
chromium /lib/x86_64-linux-gnu/liblcms2.so.2
chromium /lib/x86_64-linux-gnu/libopenjp2.so.7
chromium /lib/x86_64-linux-gnu/libgcc_s.so.1
chromium /lib/x86_64-linux-gnu/liblcms2.so.2
chromium /lib/x86_64-linux-gnu/libc.so.6
chromium /lib/x86_64-linux-gnu/libgcc_s.so.1
chromium /lib/x86_64-linux-gnu/libpcre2-8.so.0
chromium /lib/x86_64-linux-gnu/libc.so.6
chromium /lib/x86_64-linux-gnu/libffi.so.8
chromium /lib/x86_64-linux-gnu/libpcre2-8.so.0
chromium /lib/x86_64-linux-gnu/libplc4.so
chromium /lib/x86_64-linux-gnu/libplds4.so
chromium /lib/x86_64-linux-gnu/libffi.so.8
chromium /lib/x86_64-linux-gnu/libstdc++.so.6
chromium /lib/x86_64-linux-gnu/libplc4.so
chromium /lib/x86_64-linux-gnu/libgmodule-2.0.so.0
chromium /lib/x86_64-linux-gnu/libplds4.so
chromium /lib/x86_64-linux-gnu/libmount.so.1
chromium /lib/x86_64-linux-gnu/libstdc++.so.6
chromium /lib/x86_64-linux-gnu/libselinux.so.1
chromium /lib/x86_64-linux-gnu/libgmodule-2.0.so.0
chromium /lib/x86_64-linux-gnu/libsystemd.so.0
chromium /lib/x86_64-linux-gnu/libmount.so.1
chromium /lib/x86_64-linux-gnu/libgssapi_krb5.so.2
chromium /lib/x86_64-linux-gnu/libselinux.so.1
chromium /lib/x86_64-linux-gnu/libavahi-common.so.3
chromium /lib/x86_64-linux-gnu/libsystemd.so.0
chromium /lib/x86_64-linux-gnu/libavahi-client.so.3
chromium /lib/x86_64-linux-gnu/libgssapi_krb5.so.2
chromium /lib/x86_64-linux-gnu/libgnutls.so.30
chromium /lib/x86_64-linux-gnu/libavahi-common.so.3
chromium /lib/x86_64-linux-gnu/libbz2.so.1.0
chromium /lib/x86_64-linux-gnu/libavahi-client.so.3
chromium /lib/x86_64-linux-gnu/libpng16.so.16
chromium /lib/x86_64-linux-gnu/libgnutls.so.30
chromium /lib/x86_64-linux-gnu/libbrotlidec.so.1
chromium /lib/x86_64-linux-gnu/libgraphite2.so.3
chromium /lib/x86_64-linux-gnu/libbz2.so.1.0
chromium /lib/x86_64-linux-gnu/libXau.so.6
chromium /lib/x86_64-linux-gnu/libpng16.so.16
chromium /lib/x86_64-linux-gnu/libXdmcp.so.6
chromium /lib/x86_64-linux-gnu/libbrotlidec.so.1
chromium /usr/lib/x86_64-linux-gnu/pulseaudio/glibc-hwcaps/x86-64-v3/libpulsecommon-16.1.so
chromium /usr/lib/x86_64-linux-gnu/pulseaudio/glibc-hwcaps/x86-64-v2/libpulsecommon-16.1.so
chromium /usr/lib/x86_64-linux-gnu/pulseaudio/libpulsecommon-16.1.so
chromium /lib/x86_64-linux-gnu/libgraphite2.so.3
chromium /lib/x86_64-linux-gnu/libogg.so.0
chromium /lib/x86_64-linux-gnu/libXau.so.6
chromium /lib/x86_64-linux-gnu/libdrm.so.2
chromium /lib/x86_64-linux-gnu/libXdmcp.so.6
chromium /lib/x86_64-linux-gnu/libXrender.so.1
chromium /usr/lib/x86_64-linux-gnu/pulseaudio/glibc-hwcaps/x86-64-v3/libpulsecommon-16.1.so
chromium /usr/lib/x86_64-linux-gnu/pulseaudio/glibc-hwcaps/x86-64-v2/libpulsecommon-16.1.so
chromium /lib/x86_64-linux-gnu/libxcb-render.so.0
chromium /usr/lib/x86_64-linux-gnu/pulseaudio/libpulsecommon-16.1.so
chromium /lib/x86_64-linux-gnu/libxcb-shm.so.0
chromium /lib/x86_64-linux-gnu/libogg.so.0
chromium /lib/x86_64-linux-gnu/libpixman-1.so.0
chromium /lib/x86_64-linux-gnu/libdrm.so.2
chromium /lib/x86_64-linux-gnu/libfribidi.so.0
chromium /lib/x86_64-linux-gnu/libXrender.so.1
chromium /lib/x86_64-linux-gnu/libthai.so.0
chromium /lib/x86_64-linux-gnu/libxcb-render.so.0
chromium /lib/x86_64-linux-gnu/libcap.so.2
chromium /lib/x86_64-linux-gnu/libxcb-shm.so.0
chromium /lib/x86_64-linux-gnu/libXi.so.6
chromium /lib/x86_64-linux-gnu/libpixman-1.so.0
chromium /lib/x86_64-linux-gnu/libblkid.so.1
chromium /lib/x86_64-linux-gnu/libfribidi.so.0
chromium /lib/x86_64-linux-gnu/libgcrypt.so.20
chromium /lib/x86_64-linux-gnu/libthai.so.0
chromium /lib/x86_64-linux-gnu/liblz4.so.1
chromium /lib/x86_64-linux-gnu/libcap.so.2
chromium /lib/x86_64-linux-gnu/liblzma.so.5
chromium /lib/x86_64-linux-gnu/libXi.so.6
chromium /lib/x86_64-linux-gnu/libkrb5.so.3
chromium /lib/x86_64-linux-gnu/libblkid.so.1
chromium /lib/x86_64-linux-gnu/libk5crypto.so.3
chromium /lib/x86_64-linux-gnu/libcom_err.so.2
chromium /lib/x86_64-linux-gnu/libgcrypt.so.20
chromium /lib/x86_64-linux-gnu/libkrb5support.so.0
chromium /lib/x86_64-linux-gnu/liblz4.so.1
chromium /lib/x86_64-linux-gnu/libp11-kit.so.0
chromium /lib/x86_64-linux-gnu/liblzma.so.5
chromium /lib/x86_64-linux-gnu/libidn2.so.0
chromium /lib/x86_64-linux-gnu/libkrb5.so.3
chromium /lib/x86_64-linux-gnu/libunistring.so.5
chromium /lib/x86_64-linux-gnu/libk5crypto.so.3
chromium /lib/x86_64-linux-gnu/libtasn1.so.6
chromium /lib/x86_64-linux-gnu/libcom_err.so.2
chromium /lib/x86_64-linux-gnu/libnettle.so.8
chromium /lib/x86_64-linux-gnu/libkrb5support.so.0
chromium /lib/x86_64-linux-gnu/libhogweed.so.6
chromium /lib/x86_64-linux-gnu/libp11-kit.so.0
chromium /lib/x86_64-linux-gnu/libgmp.so.10
chromium /lib/x86_64-linux-gnu/libidn2.so.0
chromium /lib/x86_64-linux-gnu/libbrotlicommon.so.1
chromium /lib/x86_64-linux-gnu/libunistring.so.5
chromium /lib/x86_64-linux-gnu/libbsd.so.0
chromium /lib/x86_64-linux-gnu/libtasn1.so.6
chromium /lib/x86_64-linux-gnu/libsndfile.so.1
chromium /lib/x86_64-linux-gnu/libnettle.so.8
chromium /lib/x86_64-linux-gnu/libX11-xcb.so.1
chromium /lib/x86_64-linux-gnu/libhogweed.so.6
chromium /lib/x86_64-linux-gnu/libasyncns.so.0
chromium /lib/x86_64-linux-gnu/libapparmor.so.1
chromium /lib/x86_64-linux-gnu/libgmp.so.10
chromium /lib/x86_64-linux-gnu/libdatrie.so.1
chromium /lib/x86_64-linux-gnu/libbrotlicommon.so.1
chromium /lib/x86_64-linux-gnu/libgpg-error.so.0
chromium /lib/x86_64-linux-gnu/libbsd.so.0
chromium /lib/x86_64-linux-gnu/libkeyutils.so.1
chromium /lib/x86_64-linux-gnu/libsndfile.so.1
chromium /lib/x86_64-linux-gnu/libresolv.so.2
chromium /lib/x86_64-linux-gnu/libX11-xcb.so.1
chromium /lib/x86_64-linux-gnu/libmd.so.0
chromium /lib/x86_64-linux-gnu/libasyncns.so.0
chromium /lib/x86_64-linux-gnu/libvorbis.so.0
chromium /lib/x86_64-linux-gnu/libapparmor.so.1
chromium /lib/x86_64-linux-gnu/libvorbisenc.so.2
chromium /lib/x86_64-linux-gnu/libdatrie.so.1
chromium /lib/x86_64-linux-gnu/libmpg123.so.0
chromium /lib/x86_64-linux-gnu/libgpg-error.so.0
chromium /lib/x86_64-linux-gnu/libmp3lame.so.0
chromium /lib/x86_64-linux-gnu/libkeyutils.so.1
chromium /lib/x86_64-linux-gnu/libresolv.so.2
chromium /lib/x86_64-linux-gnu/libmd.so.0
chromium /lib/x86_64-linux-gnu/libvorbis.so.0
chromium /lib/x86_64-linux-gnu/libvorbisenc.so.2
chromium /lib/x86_64-linux-gnu/libmpg123.so.0
chromium /lib/x86_64-linux-gnu/libmp3lame.so.0
chromium /etc/gnutls/config
chromium /proc/filesystems
chromium /etc/gnutls/config
chromium /proc/self/stat
chromium /proc/filesystems
chromium /proc/stat
chromium /proc/self/cmdline
chromium /usr/lib/locale/locale-archive
chromium /proc/self/stat
chromium /proc/stat
chromium /proc/self/status
chromium /usr/lib/chromium/icudtl.dat
chromium /etc/localtime
chromium /proc/self/cmdline
chromium /usr/lib/locale/locale-archive
chromium /usr/lib/chromium/v8_context_snapshot.bin
chromium /usr/lib/chromium/chrome_100_percent.pak
chromium /proc/self/status
chromium /usr/lib/chromium/icudtl.dat
chromium /etc/localtime
chromium /usr/lib/chromium/v8_context_snapshot.bin
chromium /usr/lib/chromium/chrome_100_percent.pak
chromium /usr/lib/chromium/chrome_200_percent.pak
chromium /usr/lib/chromium/chrome_200_percent.pak
chromium /usr/share/locale/locale.alias
chromium /usr/share/locale/locale.alias
chromium /usr/lib/x86_64-linux-gnu/gconv/gconv-modules.cache
chromium /usr/lib/x86_64-linux-gnu/gconv/gconv-modules.cache
chromium /usr/lib/chromium/locales/en-US.pak
chromium /usr/lib/chromium/locales/en-US.pak
chromium /usr/lib/chromium/resources.pak
chromium /usr/lib/chromium/resources.pak
chromium /dev/urandom
chromium /dev/urandom
chromium /sys/devices/system/cpu/possible
chromium /sys/devices/system/cpu/possible
chromium /sys/devices/system/cpu/cpu0/cpufreq/cpuinfo_max_freq
chromium /sys/devices/system/cpu/cpu0/cpufreq/cpuinfo_max_freq
chromium /sys/devices/system/cpu/cpu1/cpufreq/cpuinfo_max_freq
chromium /sys/devices/system/cpu/cpu1/cpufreq/cpuinfo_max_freq
chromium /sys/devices/system/cpu/cpu2/cpufreq/cpuinfo_max_freq
chromium /sys/devices/system/cpu/cpu2/cpufreq/cpuinfo_max_freq
chromium /sys/devices/system/cpu/cpu3/cpufreq/cpuinfo_max_freq
chromium /sys/devices/system/cpu/cpu3/cpufreq/cpuinfo_max_freq
chromium /sys/devices/system/cpu/cpu4/cpufreq/cpuinfo_max_freq
chromium /sys/devices/system/cpu/cpu4/cpufreq/cpuinfo_max_freq
chromium /sys/devices/system/cpu/cpu5/cpufreq/cpuinfo_max_freq
chromium /sys/devices/system/cpu/cpu5/cpufreq/cpuinfo_max_freq
chromium /sys/devices/system/cpu/cpu6/cpufreq/cpuinfo_max_freq
chromium /sys/devices/system/cpu/cpu6/cpufreq/cpuinfo_max_freq
chromium /sys/devices/system/cpu/cpu7/cpufreq/cpuinfo_max_freq
chromium /sys/devices/system/cpu/cpu7/cpufreq/cpuinfo_max_freq
chromium /sys/devices/system/cpu/cpu8/cpufreq/cpuinfo_max_freq
chromium /sys/devices/system/cpu/cpu8/cpufreq/cpuinfo_max_freq
chromium /sys/devices/system/cpu/cpu9/cpufreq/cpuinfo_max_freq
chromium /sys/devices/system/cpu/cpu9/cpufreq/cpuinfo_max_freq
chromium /sys/devices/system/cpu/cpu10/cpufreq/cpuinfo_max_freq
chromium /sys/devices/system/cpu/cpu10/cpufreq/cpuinfo_max_freq
chromium /sys/devices/system/cpu/cpu11/cpufreq/cpuinfo_max_freq
chromium /sys/devices/system/cpu/cpu11/cpufreq/cpuinfo_max_freq
chromium /sys/devices/system/cpu/cpu12/cpufreq/cpuinfo_max_freq
chromium /sys/devices/system/cpu/cpu12/cpufreq/cpuinfo_max_freq
chromium /sys/devices/system/cpu/cpu13/cpufreq/cpuinfo_max_freq
chromium /sys/devices/system/cpu/cpu13/cpufreq/cpuinfo_max_freq
chromium /sys/devices/system/cpu/cpu14/cpufreq/cpuinfo_max_freq
chromium /sys/devices/system/cpu/cpu14/cpufreq/cpuinfo_max_freq
chromium /sys/devices/system/cpu/cpu15/cpufreq/cpuinfo_max_freq
chromium /sys/devices/system/cpu/cpu15/cpufreq/cpuinfo_max_freq
chromium /proc/sys/fs/inotify/max_user_watches
chromium /proc/sys/fs/inotify/max_user_watches
chromium /sys/devices/system/cpu/online
chromium /sys/devices/system/cpu/online
chromium /sys/devices/system/cpu/kernel_max
chromium /sys/devices/system/cpu/kernel_max
chromium /sys/devices/system/cpu/possible
chromium /sys/devices/system/cpu/possible
chromium /sys/devices/system/cpu/present
chromium /sys/devices/system/cpu/present
chromium /sys/devices/system/cpu/possible
chromium /sys/devices/system/cpu/possible
chromium /sys/devices/system/cpu/present
chromium /sys/devices/system/cpu/present
chromium /proc/cpuinfo
chromium /proc/cpuinfo
chromium /proc/
chromium /proc/
chromium /config/.config/chromium/Consent To Send Stats
xclip /etc/ld.so.cache
xclip /lib/x86_64-linux-gnu/libXmu.so.6
xclip /lib/x86_64-linux-gnu/libX11.so.6
chromium /proc/self/stat
xclip /lib/x86_64-linux-gnu/libc.so.6
chromium /proc/stat
xclip /lib/x86_64-linux-gnu/libXt.so.6
chromium /config/.config/chromium/Local State
xclip /lib/x86_64-linux-gnu/libXext.so.6
chromium /etc/chromium/policies/managed
xclip /lib/x86_64-linux-gnu/libxcb.so.1
chromium /etc/chromium/policies/recommended
xclip /lib/x86_64-linux-gnu/libSM.so.6
xclip /lib/x86_64-linux-gnu/libICE.so.6
xclip /lib/x86_64-linux-gnu/libXau.so.6
xclip /lib/x86_64-linux-gnu/libXdmcp.so.6
xclip /lib/x86_64-linux-gnu/libuuid.so.1
xclip /lib/x86_64-linux-gnu/libbsd.so.0
chromium /etc/chromium/master_preferences
xclip /lib/x86_64-linux-gnu/libmd.so.0
chromium /config/.config/chromium/Variations
chromium /usr/share/locale/locale.alias
xclip /usr/share/X11/locale/locale.alias
xclip /usr/share/X11/locale/locale.dir
xclip /usr/share/X11/locale/C/XLC_LOCALE
xclip /usr/share/X11/locale/locale.alias
chromium /usr/lib/x86_64-linux-gnu/gconv/gconv-modules.cache
xclip /usr/share/X11/locale/locale.dir
xclip /usr/share/X11/locale/C/XLC_LOCALE
Xvfb /proc/1190/cmdline
chromium /usr/lib/chromium/chrome_100_percent.pak
chromium /usr/lib/chromium/chrome_200_percent.pak
chromium /usr/lib/chromium/locales/en-US.pak
chromium /usr/lib/chromium/resources.pak
chromium /proc/self/stat
chromium /sys/devices/system/cpu/possible
chromium /sys/devices/system/cpu/cpu0/cpufreq/cpuinfo_max_freq
chromium /sys/devices/system/cpu/cpu1/cpufreq/cpuinfo_max_freq
chromium /sys/devices/system/cpu/cpu2/cpufreq/cpuinfo_max_freq
chromium /sys/devices/system/cpu/cpu3/cpufreq/cpuinfo_max_freq
chromium /sys/devices/system/cpu/cpu4/cpufreq/cpuinfo_max_freq
chromium /sys/devices/system/cpu/cpu5/cpufreq/cpuinfo_max_freq
chromium /sys/devices/system/cpu/cpu6/cpufreq/cpuinfo_max_freq
chromium /sys/devices/system/cpu/cpu7/cpufreq/cpuinfo_max_freq
chromium /sys/devices/system/cpu/cpu8/cpufreq/cpuinfo_max_freq
chromium /sys/devices/system/cpu/cpu9/cpufreq/cpuinfo_max_freq
chromium /sys/devices/system/cpu/cpu10/cpufreq/cpuinfo_max_freq
chromium /sys/devices/system/cpu/cpu11/cpufreq/cpuinfo_max_freq
chromium /sys/devices/system/cpu/cpu12/cpufreq/cpuinfo_max_freq
chromium /sys/devices/system/cpu/cpu13/cpufreq/cpuinfo_max_freq
chromium /sys/devices/system/cpu/cpu14/cpufreq/cpuinfo_max_freq
chromium /sys/devices/system/cpu/cpu15/cpufreq/cpuinfo_max_freq
ThreadPoolForeg /proc/sys/fs/inotify/max_user_watches
chromium /proc/self/maps
dbus-daemon /run/systemd/users/911
dbus-daemon /proc/1149/cmdline
chromium /proc/self/cmdline
chromium /tmp/.org.chromium.Chromium.6wBVQc
chromium /tmp/.org.chromium.Chromium.6wBVQc
Xvfb /proc/1149/cmdline
chromium /etc/ld.so.cache
chromium /lib/x86_64-linux-gnu/libgtk-3.so.0
chromium /etc/ld.so.cache
chromium /lib/x86_64-linux-gnu/glibc-hwcaps/x86-64-v3/libgtk-4.so.1
chromium /lib/x86_64-linux-gnu/glibc-hwcaps/x86-64-v2/libgtk-4.so.1
chromium /lib/x86_64-linux-gnu/libgtk-4.so.1
chromium /usr/lib/x86_64-linux-gnu/glibc-hwcaps/x86-64-v3/libgtk-4.so.1
chromium /usr/lib/x86_64-linux-gnu/glibc-hwcaps/x86-64-v2/libgtk-4.so.1
chromium /usr/lib/x86_64-linux-gnu/libgtk-4.so.1
chromium /lib/glibc-hwcaps/x86-64-v3/libgtk-4.so.1
chromium /lib/glibc-hwcaps/x86-64-v2/libgtk-4.so.1
chromium /lib/libgtk-4.so.1
chromium /usr/lib/glibc-hwcaps/x86-64-v3/libgtk-4.so.1
chromium /usr/lib/glibc-hwcaps/x86-64-v2/libgtk-4.so.1
chromium /usr/lib/libgtk-4.so.1
chromium /etc/ld.so.cache
chromium /lib/x86_64-linux-gnu/libgtk-3.so.0
chromium /lib/x86_64-linux-gnu/libgdk-3.so.0
chromium /lib/x86_64-linux-gnu/libpangocairo-1.0.so.0
chromium /lib/x86_64-linux-gnu/libpangoft2-1.0.so.0
chromium /lib/x86_64-linux-gnu/libcairo-gobject.so.2
chromium /lib/x86_64-linux-gnu/libgdk_pixbuf-2.0.so.0
chromium /lib/x86_64-linux-gnu/libepoxy.so.0
chromium /lib/x86_64-linux-gnu/libwayland-client.so.0
chromium /lib/x86_64-linux-gnu/libwayland-cursor.so.0
chromium /lib/x86_64-linux-gnu/libwayland-egl.so.1
chromium /lib/x86_64-linux-gnu/libXcursor.so.1
chromium /lib/x86_64-linux-gnu/libXinerama.so.1
chromium /usr/share/locale/locale.alias
chromium /usr/share/locale/en_US/LC_MESSAGES/libc.mo
chromium /usr/share/locale/en/LC_MESSAGES/libc.mo
chromium /usr/share/locale-langpack/en_US/LC_MESSAGES/libc.mo
chromium /usr/share/locale-langpack/en/LC_MESSAGES/libc.mo
chromium /etc/fonts/fonts.conf
chromium /etc/fonts/conf.d
chromium /usr/share/fontconfig/conf.avail/10-hinting-slight.conf
chromium /usr/share/fontconfig/conf.avail/10-scale-bitmap-fonts.conf
chromium /usr/share/fontconfig/conf.avail/10-sub-pixel-rgb.conf
chromium /usr/share/fontconfig/conf.avail/10-yes-antialias.conf
chromium /usr/share/fontconfig/conf.avail/11-lcdfilter-default.conf
chromium /usr/share/fontconfig/conf.avail/20-unhint-small-vera.conf
chromium /usr/share/fontconfig/conf.avail/30-metric-aliases.conf
chromium /usr/share/fontconfig/conf.avail/30-opensymbol.conf
chromium /usr/share/fontconfig/conf.avail/40-nonlatin.conf
chromium /usr/share/fontconfig/conf.avail/45-generic.conf
chromium /usr/share/fontconfig/conf.avail/45-latin.conf
chromium /usr/share/fontconfig/conf.avail/48-spacing.conf
chromium /usr/share/fontconfig/conf.avail/49-sansserif.conf
chromium /usr/share/fontconfig/conf.avail/50-user.conf
chromium /usr/share/fontconfig/conf.avail/51-local.conf
chromium /etc/fonts/conf.avail/56-kubuntu-noto.conf
chromium /usr/share/fontconfig/conf.avail/60-generic.conf
chromium /usr/share/fontconfig/conf.avail/60-latin.conf
chromium /usr/share/fontconfig/conf.avail/urw-bookman.conf
chromium /usr/share/fontconfig/conf.avail/urw-c059.conf
chromium /usr/share/fontconfig/conf.avail/urw-d050000l.conf
chromium /usr/share/fontconfig/conf.avail/urw-fallback-backwards.conf
chromium /usr/share/fontconfig/conf.avail/urw-fallback-generics.conf
chromium /usr/share/fontconfig/conf.avail/urw-gothic.conf
chromium /usr/share/fontconfig/conf.avail/urw-nimbus-mono-ps.conf
chromium /usr/share/fontconfig/conf.avail/urw-nimbus-roman.conf
chromium /usr/share/fontconfig/conf.avail/urw-nimbus-sans.conf
chromium /usr/share/fontconfig/conf.avail/urw-p052.conf
chromium /usr/share/fontconfig/conf.avail/urw-standard-symbols-ps.conf
chromium /usr/share/fontconfig/conf.avail/urw-z003.conf
chromium /usr/share/fontconfig/conf.avail/65-fonts-persian.conf
chromium /usr/share/fontconfig/conf.avail/65-nonlatin.conf
chromium /usr/share/fontconfig/conf.avail/69-unifont.conf
chromium /usr/share/fontconfig/conf.avail/70-fonts-noto-cjk.conf
chromium /usr/share/fontconfig/conf.avail/70-no-bitmaps-except-emoji.conf
chromium /usr/share/fontconfig/conf.avail/71-ubuntulegacy.conf
chromium /usr/share/fontconfig/conf.avail/80-delicious.conf
chromium /usr/share/fontconfig/conf.avail/90-synthetic.conf
chromium /usr/share/fontconfig/conf.avail
chromium /usr/share/fontconfig/conf.avail/05-reset-dirs-sample.conf
chromium /usr/share/fontconfig/conf.avail/09-autohint-if-no-hinting.conf
chromium /usr/share/fontconfig/conf.avail/10-autohint.conf
chromium /usr/share/fontconfig/conf.avail/10-hinting-full.conf
chromium /usr/share/fontconfig/conf.avail/10-hinting-medium.conf
chromium /usr/share/fontconfig/conf.avail/10-hinting-none.conf
chromium /usr/share/fontconfig/conf.avail/10-no-antialias.conf
chromium /usr/share/fontconfig/conf.avail/10-sub-pixel-bgr.conf
chromium /usr/share/fontconfig/conf.avail/10-sub-pixel-none.conf
chromium /usr/share/fontconfig/conf.avail/10-sub-pixel-vbgr.conf
chromium /usr/share/fontconfig/conf.avail/10-sub-pixel-vrgb.conf
chromium /usr/share/fontconfig/conf.avail/10-unhinted.conf
chromium /usr/share/fontconfig/conf.avail/11-lcdfilter-legacy.conf
chromium /usr/share/fontconfig/conf.avail/11-lcdfilter-light.conf
chromium /usr/share/fontconfig/conf.avail/11-lcdfilter-none.conf
chromium /usr/share/fontconfig/conf.avail/25-unhint-nonlatin.conf
chromium /usr/share/fontconfig/conf.avail/35-lang-normalize.conf
chromium /usr/share/fontconfig/conf.avail/53-monospace-lcd-filter.conf
chromium /usr/share/fontconfig/conf.avail/65-khmer.conf
chromium /usr/share/fontconfig/conf.avail/70-force-bitmaps.conf
chromium /usr/share/fontconfig/conf.avail/70-no-bitmaps-and-emoji.conf
chromium /usr/share/fontconfig/conf.avail/70-no-bitmaps.conf
chromium /usr/share/fontconfig/conf.avail/70-yes-bitmaps.conf
chromium /usr/local/share/fonts
chromium /var/cache/fontconfig//4c599c202bc5c08e2d34565a40eac3b2-le64.cache-9
chromium /config/.cache/fontconfig//4c599c202bc5c08e2d34565a40eac3b2-le64.cache-9
chromium /usr/local/share/fonts/.uuid
chromium /config/.fontconfig//4c599c202bc5c08e2d34565a40eac3b2-le64.cache-9
chromium /usr/local/share/fonts/.uuid
chromium /usr/share/fonts
chromium /var/cache/fontconfig//3830d5c3ddfd5cd38a049b759396e72e-le64.cache-9
chromium /config/.cache/fontconfig//3830d5c3ddfd5cd38a049b759396e72e-le64.cache-9
chromium /usr/share/fonts/.uuid
chromium /config/.fontconfig//3830d5c3ddfd5cd38a049b759396e72e-le64.cache-9
chromium /usr/share/fonts/.uuid
chromium /usr/share/fonts/X11
chromium /var/cache/fontconfig//c855463f699352c367813e37f3f70ea7-le64.cache-9
chromium /config/.cache/fontconfig//c855463f699352c367813e37f3f70ea7-le64.cache-9
chromium /usr/share/fonts/X11/.uuid
chromium /config/.fontconfig//c855463f699352c367813e37f3f70ea7-le64.cache-9
chromium /usr/share/fonts/X11/.uuid
chromium /usr/share/fonts/cMap
chromium /var/cache/fontconfig//32b6488e5b8292a2e95c79d947e009e8-le64.cache-9
chromium /config/.cache/fontconfig//32b6488e5b8292a2e95c79d947e009e8-le64.cache-9
chromium /usr/share/fonts/cMap/.uuid
chromium /config/.fontconfig//32b6488e5b8292a2e95c79d947e009e8-le64.cache-9
chromium /usr/share/fonts/cMap/.uuid
chromium /usr/share/fonts/cmap
chromium /var/cache/fontconfig//57e423e26b20ab21d0f2f29c145174c3-le64.cache-9
chromium /config/.cache/fontconfig//57e423e26b20ab21d0f2f29c145174c3-le64.cache-9
chromium /usr/share/fonts/cmap/.uuid
chromium /config/.fontconfig//57e423e26b20ab21d0f2f29c145174c3-le64.cache-9
chromium /usr/share/fonts/cmap/.uuid
chromium /usr/share/fonts/opentype
chromium /var/cache/fontconfig//573ec803664ed168555e0e8b6d0f0c7f-le64.cache-9
chromium /config/.cache/fontconfig//573ec803664ed168555e0e8b6d0f0c7f-le64.cache-9
chromium /usr/share/fonts/opentype/.uuid
chromium /config/.fontconfig//573ec803664ed168555e0e8b6d0f0c7f-le64.cache-9
chromium /usr/share/fonts/opentype/.uuid
chromium /usr/share/fonts/truetype
chromium /var/cache/fontconfig//7ef2298fde41cc6eeb7af42e48b7d293-le64.cache-9
chromium /config/.cache/fontconfig//7ef2298fde41cc6eeb7af42e48b7d293-le64.cache-9
chromium /usr/share/fonts/truetype/.uuid
chromium /config/.fontconfig//7ef2298fde41cc6eeb7af42e48b7d293-le64.cache-9
chromium /usr/share/fonts/truetype/.uuid
chromium /usr/share/fonts/type1
chromium /var/cache/fontconfig//d82eb4fd963d448e2fcb7d7b793b5df3-le64.cache-9
chromium /config/.cache/fontconfig//d82eb4fd963d448e2fcb7d7b793b5df3-le64.cache-9
chromium /usr/share/fonts/type1/.uuid
chromium /config/.fontconfig//d82eb4fd963d448e2fcb7d7b793b5df3-le64.cache-9
chromium /usr/share/fonts/type1/.uuid
chromium /usr/share/fonts/X11/Type1
chromium /var/cache/fontconfig//e13b20fdb08344e0e664864cc2ede53d-le64.cache-9
chromium /config/.cache/fontconfig//e13b20fdb08344e0e664864cc2ede53d-le64.cache-9
chromium /usr/share/fonts/X11/Type1/.uuid
chromium /config/.fontconfig//e13b20fdb08344e0e664864cc2ede53d-le64.cache-9
chromium /usr/share/fonts/X11/Type1/.uuid
chromium /usr/share/fonts/X11/encodings
chromium /var/cache/fontconfig//707971e003b4ae6c8121c3a920e507f5-le64.cache-9
chromium /config/.cache/fontconfig//707971e003b4ae6c8121c3a920e507f5-le64.cache-9
chromium /usr/share/fonts/X11/encodings/.uuid
chromium /config/.fontconfig//707971e003b4ae6c8121c3a920e507f5-le64.cache-9
chromium /usr/share/fonts/X11/encodings/.uuid
chromium /usr/share/fonts/X11/misc
chromium /var/cache/fontconfig//cabbd14511b9e8a55e92af97fb3a0461-le64.cache-9
chromium /config/.cache/fontconfig//cabbd14511b9e8a55e92af97fb3a0461-le64.cache-9
chromium /usr/share/fonts/X11/misc/.uuid
chromium /config/.fontconfig//cabbd14511b9e8a55e92af97fb3a0461-le64.cache-9
chromium /usr/share/fonts/X11/misc/.uuid
chromium /usr/share/fonts/X11/util
chromium /var/cache/fontconfig//fe547fea3a41b43a38975d292a2b19c7-le64.cache-9
chromium /config/.cache/fontconfig//fe547fea3a41b43a38975d292a2b19c7-le64.cache-9
chromium /usr/share/fonts/X11/util/.uuid
chromium /config/.fontconfig//fe547fea3a41b43a38975d292a2b19c7-le64.cache-9
chromium /usr/share/fonts/X11/util/.uuid
chromium /usr/share/fonts/cmap/adobe-cns1
chromium /var/cache/fontconfig//f1f2465696798768e9653f19e17ccdc8-le64.cache-9
chromium /config/.cache/fontconfig//f1f2465696798768e9653f19e17ccdc8-le64.cache-9
chromium /usr/share/fonts/cmap/adobe-cns1/.uuid
chromium /config/.fontconfig//f1f2465696798768e9653f19e17ccdc8-le64.cache-9
chromium /usr/share/fonts/cmap/adobe-cns1/.uuid
chromium /usr/share/fonts/cmap/adobe-gb1
chromium /var/cache/fontconfig//95530828ff6c81d309f8258d8d02a23e-le64.cache-9
chromium /config/.cache/fontconfig//95530828ff6c81d309f8258d8d02a23e-le64.cache-9
chromium /usr/share/fonts/cmap/adobe-gb1/.uuid
chromium /config/.fontconfig//95530828ff6c81d309f8258d8d02a23e-le64.cache-9
chromium /usr/share/fonts/cmap/adobe-gb1/.uuid
chromium /usr/share/fonts/cmap/adobe-japan1
chromium /var/cache/fontconfig//d3e5c4ee2ceb1fc347f91d4cefc53bc0-le64.cache-9
chromium /config/.cache/fontconfig//d3e5c4ee2ceb1fc347f91d4cefc53bc0-le64.cache-9
chromium /usr/share/fonts/cmap/adobe-japan1/.uuid
chromium /config/.fontconfig//d3e5c4ee2ceb1fc347f91d4cefc53bc0-le64.cache-9
chromium /usr/share/fonts/cmap/adobe-japan1/.uuid
chromium /usr/share/fonts/cmap/adobe-japan2
chromium /var/cache/fontconfig//e52a45a1c8c8fe895fc0fc8c4e6999b8-le64.cache-9
chromium /config/.cache/fontconfig//e52a45a1c8c8fe895fc0fc8c4e6999b8-le64.cache-9
chromium /usr/share/fonts/cmap/adobe-japan2/.uuid
chromium /config/.fontconfig//e52a45a1c8c8fe895fc0fc8c4e6999b8-le64.cache-9
chromium /usr/share/fonts/cmap/adobe-japan2/.uuid
chromium /usr/share/fonts/cmap/adobe-korea1
chromium /var/cache/fontconfig//188ac73a183f12857f63bb60a4a6d603-le64.cache-9
chromium /config/.cache/fontconfig//188ac73a183f12857f63bb60a4a6d603-le64.cache-9
chromium /usr/share/fonts/cmap/adobe-korea1/.uuid
chromium /config/.fontconfig//188ac73a183f12857f63bb60a4a6d603-le64.cache-9
chromium /usr/share/fonts/cmap/adobe-korea1/.uuid
chromium /usr/share/fonts/opentype/noto
chromium /var/cache/fontconfig//9b89f8e3dae116d678bbf48e5f21f69b-le64.cache-9
chromium /config/.cache/fontconfig//9b89f8e3dae116d678bbf48e5f21f69b-le64.cache-9
chromium /usr/share/fonts/opentype/noto/.uuid
chromium /config/.fontconfig//9b89f8e3dae116d678bbf48e5f21f69b-le64.cache-9
chromium /usr/share/fonts/opentype/noto/.uuid
chromium /usr/share/fonts/opentype/urw-base35
chromium /var/cache/fontconfig//6cc790b63b123a6a96ee260fcdad32a9-le64.cache-9
chromium /config/.cache/fontconfig//6cc790b63b123a6a96ee260fcdad32a9-le64.cache-9
chromium /usr/share/fonts/opentype/urw-base35/.uuid
chromium /config/.fontconfig//6cc790b63b123a6a96ee260fcdad32a9-le64.cache-9
chromium /usr/share/fonts/opentype/urw-base35/.uuid
chromium /usr/share/fonts/truetype/dm-mono
chromium /var/cache/fontconfig//c7ddd67d65d940f1c07452067469d45b-le64.cache-9
chromium /config/.cache/fontconfig//c7ddd67d65d940f1c07452067469d45b-le64.cache-9
chromium /usr/share/fonts/truetype/dm-mono/.uuid
chromium /config/.fontconfig//c7ddd67d65d940f1c07452067469d45b-le64.cache-9
chromium /usr/share/fonts/truetype/dm-mono/.uuid
chromium /usr/share/fonts/truetype/liberation
chromium /var/cache/fontconfig//3047814df9a2f067bd2d96a2b9c36e5a-le64.cache-9
chromium /config/.cache/fontconfig//3047814df9a2f067bd2d96a2b9c36e5a-le64.cache-9
chromium /usr/share/fonts/truetype/liberation/.uuid
chromium /config/.fontconfig//3047814df9a2f067bd2d96a2b9c36e5a-le64.cache-9
chromium /usr/share/fonts/truetype/liberation/.uuid
chromium /usr/share/fonts/truetype/libreoffice
chromium /var/cache/fontconfig//da43223dd54fb3bb4243ae19d4b583b2-le64.cache-9
chromium /config/.cache/fontconfig//da43223dd54fb3bb4243ae19d4b583b2-le64.cache-9
chromium /usr/share/fonts/truetype/libreoffice/.uuid
chromium /config/.fontconfig//da43223dd54fb3bb4243ae19d4b583b2-le64.cache-9
chromium /usr/share/fonts/truetype/libreoffice/.uuid
chromium /usr/share/fonts/truetype/noto
chromium /var/cache/fontconfig//0bd3dc0958fa2205aaaa8ebb13e2872b-le64.cache-9
selkies /proc/stat
selkies /proc/meminfo
chromium /config/.cache/fontconfig//0bd3dc0958fa2205aaaa8ebb13e2872b-le64.cache-9
chromium /usr/share/fonts/truetype/noto/.uuid
chromium /config/.fontconfig//0bd3dc0958fa2205aaaa8ebb13e2872b-le64.cache-9
chromium /usr/share/fonts/truetype/noto/.uuid
chromium /usr/share/fonts/truetype/space-grotesk
chromium /var/cache/fontconfig//60495f9738a6f38c2f3f93e3ff28e478-le64.cache-9
chromium /config/.cache/fontconfig//60495f9738a6f38c2f3f93e3ff28e478-le64.cache-9
chromium /usr/share/fonts/truetype/space-grotesk/.uuid
chromium /config/.fontconfig//60495f9738a6f38c2f3f93e3ff28e478-le64.cache-9
chromium /usr/share/fonts/truetype/space-grotesk/.uuid
chromium /usr/share/fonts/truetype/ubuntu
chromium /var/cache/fontconfig//2300eef321c393bfd76478a5c0e95b23-le64.cache-9
chromium /config/.cache/fontconfig//2300eef321c393bfd76478a5c0e95b23-le64.cache-9
chromium /usr/share/fonts/truetype/ubuntu/.uuid
chromium /config/.fontconfig//2300eef321c393bfd76478a5c0e95b23-le64.cache-9
chromium /usr/share/fonts/truetype/ubuntu/.uuid
chromium /usr/share/fonts/type1/urw-base35
chromium /var/cache/fontconfig//a4e60e8d1e10d2fdff3fe3037a1845fb-le64.cache-9
chromium /config/.cache/fontconfig//a4e60e8d1e10d2fdff3fe3037a1845fb-le64.cache-9
chromium /usr/share/fonts/type1/urw-base35/.uuid
chromium /config/.fontconfig//a4e60e8d1e10d2fdff3fe3037a1845fb-le64.cache-9
chromium /usr/share/fonts/type1/urw-base35/.uuid
chromium /usr/share/fonts/X11/encodings/large
chromium /var/cache/fontconfig//6333f38776742d18e214673cd2c24e34-le64.cache-9
chromium /config/.cache/fontconfig//6333f38776742d18e214673cd2c24e34-le64.cache-9
chromium /usr/share/fonts/X11/encodings/large/.uuid
chromium /config/.fontconfig//6333f38776742d18e214673cd2c24e34-le64.cache-9
chromium /usr/share/fonts/X11/encodings/large/.uuid
chromium /usr/share/locale/en_US/LC_MESSAGES/messages.mo
chromium /usr/share/locale/en/LC_MESSAGES/messages.mo
chromium /usr/share/locale-langpack/en_US/LC_MESSAGES/messages.mo
chromium /usr/share/locale-langpack/en/LC_MESSAGES/messages.mo
chromium /usr/share/locale/en_US/LC_MESSAGES/gtk30.mo
chromium /usr/share/locale/en/LC_MESSAGES/gtk30.mo
chromium /usr/share/locale-langpack/en_US/LC_MESSAGES/gtk30.mo
chromium /usr/share/locale-langpack/en/LC_MESSAGES/gtk30.mo
chromium /usr/share/locale/en_US/LC_MESSAGES/gtk30-properties.mo
chromium /usr/share/locale/en/LC_MESSAGES/gtk30-properties.mo
chromium /usr/share/locale-langpack/en_US/LC_MESSAGES/gtk30-properties.mo
chromium /usr/share/locale-langpack/en/LC_MESSAGES/gtk30-properties.mo
Xvfb /proc/1149/cmdline
chromium /etc/ld.so.cache
chromium /lib/x86_64-linux-gnu/libGLX.so.1
chromium /usr/lib/x86_64-linux-gnu/libGLX.so.1
chromium /lib/libGLX.so.1
chromium /usr/lib/libGLX.so.1
chromium /etc/ld.so.cache
chromium /lib/x86_64-linux-gnu/libGL.so.1
chromium /lib/x86_64-linux-gnu/libGLdispatch.so.0
chromium /lib/x86_64-linux-gnu/libGLX.so.0
chromium /etc/ld.so.cache
chromium /lib/x86_64-linux-gnu/libGLX_mesa.so.0
chromium /lib/x86_64-linux-gnu/libgallium-25.2.8-0ubuntu0.24.04.1.so
chromium /lib/x86_64-linux-gnu/libxcb-glx.so.0
chromium /lib/x86_64-linux-gnu/libXxf86vm.so.1
chromium /lib/x86_64-linux-gnu/libxcb-dri3.so.0
chromium /lib/x86_64-linux-gnu/libxcb-present.so.0
chromium /lib/x86_64-linux-gnu/libxcb-xfixes.so.0
chromium /lib/x86_64-linux-gnu/libLLVM.so.20.1
chromium /lib/x86_64-linux-gnu/libsensors.so.5
chromium /lib/x86_64-linux-gnu/libxcb-randr.so.0
chromium /lib/x86_64-linux-gnu/libxcb-sync.so.1
chromium /lib/x86_64-linux-gnu/libxshmfence.so.1
chromium /lib/x86_64-linux-gnu/libdrm_amdgpu.so.1
chromium /lib/x86_64-linux-gnu/libelf.so.1
chromium /lib/x86_64-linux-gnu/libdrm_intel.so.1
chromium /lib/x86_64-linux-gnu/../lib/glibc-hwcaps/x86-64-v3/libedit.so.2
chromium /lib/x86_64-linux-gnu/../lib/glibc-hwcaps/x86-64-v2/libedit.so.2
chromium /lib/x86_64-linux-gnu/../lib/libedit.so.2
chromium /lib/x86_64-linux-gnu/libedit.so.2
chromium /lib/x86_64-linux-gnu/libxml2.so.2
chromium /lib/x86_64-linux-gnu/libpciaccess.so.0
chromium /lib/x86_64-linux-gnu/libtinfo.so.6
chromium /lib/x86_64-linux-gnu/libicuuc.so.74
chromium /lib/x86_64-linux-gnu/libicudata.so.74
chromium /usr/share/drirc.d
chromium /usr/share/drirc.d/00-mesa-defaults.conf
chromium /usr/share/drirc.d/00-radv-defaults.conf
chromium /etc/drirc
chromium /config/.drirc
chromium /sys/devices/system/cpu/possible
chromium /sys/devices/system/cpu/cpu0/cpu_capacity
chromium /sys/devices/system/cpu/cpu1/cpu_capacity
chromium /sys/devices/system/cpu/cpu2/cpu_capacity
chromium /sys/devices/system/cpu/cpu3/cpu_capacity
chromium /sys/devices/system/cpu/cpu4/cpu_capacity
chromium /sys/devices/system/cpu/cpu5/cpu_capacity
chromium /sys/devices/system/cpu/cpu6/cpu_capacity
chromium /sys/devices/system/cpu/cpu7/cpu_capacity
chromium /sys/devices/system/cpu/cpu8/cpu_capacity
chromium /sys/devices/system/cpu/cpu9/cpu_capacity
chromium /sys/devices/system/cpu/cpu10/cpu_capacity
chromium /sys/devices/system/cpu/cpu11/cpu_capacity
chromium /sys/devices/system/cpu/cpu12/cpu_capacity
chromium /sys/devices/system/cpu/cpu13/cpu_capacity
chromium /sys/devices/system/cpu/cpu14/cpu_capacity
chromium /sys/devices/system/cpu/cpu15/cpu_capacity
chromium /dev/udmabuf
chromium /usr/share/drirc.d
chromium /usr/share/drirc.d/00-mesa-defaults.conf
chromium /usr/share/drirc.d/00-radv-defaults.conf
chromium /etc/drirc
chromium /config/.drirc
chromium /usr/share/locale/en_US/LC_MESSAGES/at-spi2-core.mo
chromium /usr/share/locale/en/LC_MESSAGES/at-spi2-core.mo
chromium /usr/share/locale-langpack/en_US/LC_MESSAGES/at-spi2-core.mo
chromium /usr/share/locale-langpack/en/LC_MESSAGES/at-spi2-core.mo
chromium /etc/gtk-3.0/settings.ini
chromium /usr/share/locale/en_US/LC_MESSAGES/glib20.mo
chromium /usr/share/locale/en/LC_MESSAGES/glib20.mo
chromium /usr/share/locale-langpack/en_US/LC_MESSAGES/glib20.mo
chromium /usr/share/locale-langpack/en/LC_MESSAGES/glib20.mo
chromium /config/.config/gtk-3.0/settings.ini
chromium /usr/lib/x86_64-linux-gnu/gio/modules
chromium /usr/lib/x86_64-linux-gnu/gio/modules/giomodule.cache
chromium /config/.config/gtk-3.0/gtk.css
chromium /config/.config/gtk-3.0/colors.css
chromium /usr/lib/x86_64-linux-gnu/gdk-pixbuf-2.0/2.10.0/loaders.cache
chromium /usr/lib/x86_64-linux-gnu/gtk-3.0/modules/libcolorreload-gtk-module.so
chromium /usr/share/X11/locale/locale.alias
chromium /usr/share/X11/locale/locale.alias
chromium /usr/share/X11/locale/locale.dir
chromium /usr/share/X11/locale/en_US.UTF-8/XLC_LOCALE
chromium /config/.Xdefaults-4276872afea4
chromium /proc/1149/stat
chromium /proc/1149/status
chromium /usr/share/kubuntu-default-settings/kf5-settings/kioslaverc
chromium /etc/xdg/kioslaverc
chromium /config/.config/kdedefaults/kioslaverc
chromium /config/.config/kioslaverc
ThreadPoolForeg /config/.config/chromium/component_crx_cache/metadata.json
ThreadPoolForeg /tmp
ThreadPoolForeg /etc/host.conf
ThreadPoolForeg /config/.config/chromium/component_crx_cache
dbus-daemon /run/systemd/users/911
dbus-daemon /proc/1149/cmdline
ThreadPoolForeg /config/.config/chromium/.org.chromium.Chromium.9IBqrO
ThreadPoolForeg /etc/hosts
ThreadPoolForeg /etc/resolv.conf
ThreadPoolForeg /etc/nsswitch.conf
dbus-daemon /usr/local/share/dbus-1/system-services
dbus-daemon /usr/share/dbus-1/system-services
dbus-daemon /lib/dbus-1/system-services
chromium /proc/1149/stat
chromium /tmp/.org.chromium.Chromium.bOB1mS
MemoryInfra /proc/1149/status
MemoryInfra /proc/1149/status
MemoryInfra /proc/1149/clear_refs
chromium /tmp/.org.chromium.Chromium.ex4vEb
ThreadPoolSingl /tmp/.org.chromium.Chromium.GrpjYJ
ThreadPoolSingl /tmp/.org.chromium.Chromium.GrpjYJ
ThreadPoolSingl /tmp/.org.chromium.Chromium.1tnzJ4
ThreadPoolSingl /tmp/.org.chromium.Chromium.1tnzJ4
ThreadPoolForeg /proc/self/mountinfo
CacheThread_Blo /config/.config/chromium/ShaderCache/index
chromium /config/.config/user-dirs.dirs
CacheThread_Blo /config/.config/chromium/ShaderCache/index
chromium /config/.config/user-dirs.dirs
ThreadPoolForeg /proc/cpuinfo
ThreadPoolSingl /selinux
ThreadPoolSingl /tmp/.org.chromium.Chromium.N38yWf
chromium /tmp/.org.chromium.Chromium.0SFc8X
ThreadPoolForeg /config/.config/chromium/Crash Reports/settings.dat
ThreadPoolSingl /usr/lib/chromium/v8_context_snapshot.bin
ThreadPoolSingl /dev/null
ThreadPoolSingl /tmp/.org.chromium.Chromium.XebQ1i
CacheThread_Blo /config/.config/chromium/ShaderCache/index
CacheThread_Blo /config/.config/chromium/ShaderCache/data_0
chromium /proc/self/maps
CacheThread_Blo /config/.config/chromium/ShaderCache/data_0
chromium /config/.config/chromium/Last Version
CacheThread_Blo /config/.config/chromium/ShaderCache/data_1
CacheThread_Blo /config/.config/chromium/ShaderCache/data_1
CacheThread_Blo /config/.config/chromium/ShaderCache/data_2
CacheThread_Blo /config/.config/chromium/ShaderCache/data_2
CacheThread_Blo /config/.config/chromium/ShaderCache/data_3
CacheThread_Blo /config/.config/chromium/ShaderCache/data_3
ThreadPoolSingl /proc/self/fd
exe /etc/ld.so.cache
exe /lib/x86_64-linux-gnu/libglib-2.0.so.0
exe /lib/x86_64-linux-gnu/libgobject-2.0.so.0
exe /lib/x86_64-linux-gnu/libnspr4.so
exe /lib/x86_64-linux-gnu/libnss3.so
exe /lib/x86_64-linux-gnu/libnssutil3.so
exe /lib/x86_64-linux-gnu/libsmime3.so
exe /lib/x86_64-linux-gnu/libopenh264.so.7
exe /lib/x86_64-linux-gnu/libgio-2.0.so.0
chromium /proc/self/cmdline
exe /lib/x86_64-linux-gnu/libatk-1.0.so.0
exe /lib/x86_64-linux-gnu/libatk-bridge-2.0.so.0
exe /lib/x86_64-linux-gnu/libdbus-1.so.3
exe /lib/x86_64-linux-gnu/libcups.so.2
exe /lib/x86_64-linux-gnu/libfontconfig.so.1
exe /lib/x86_64-linux-gnu/libz.so.1
exe /lib/x86_64-linux-gnu/libdouble-conversion.so.3
exe /lib/x86_64-linux-gnu/libzstd.so.1
exe /lib/x86_64-linux-gnu/libexpat.so.1
exe /lib/x86_64-linux-gnu/libjpeg.so.8
exe /lib/x86_64-linux-gnu/libfreetype.so.6
exe /lib/x86_64-linux-gnu/libharfbuzz.so.0
chromium /etc/ld.so.cache
chromium /lib/x86_64-linux-gnu/libpci.so.3
exe /lib/x86_64-linux-gnu/libharfbuzz-subset.so.0
exe /lib/x86_64-linux-gnu/libxcb.so.1
exe /lib/x86_64-linux-gnu/libxkbcommon.so.0
exe /lib/x86_64-linux-gnu/libasound.so.2
chromium /sys/bus/pci/devices
exe /lib/x86_64-linux-gnu/libpulse.so.0
chromium /sys/bus/pci/devices/0000:00:1f.4/vendor
chromium /sys/bus/pci/devices/0000:00:1f.4/device
exe /lib/x86_64-linux-gnu/libFLAC.so.12
chromium /sys/bus/pci/devices/0000:00:1f.4/class
chromium /sys/bus/pci/devices/0000:00:1f.4/revision
chromium /sys/bus/pci/devices/0000:00:14.0/vendor
exe /lib/x86_64-linux-gnu/libopus.so.0
chromium /sys/bus/pci/devices/0000:00:14.0/device
chromium /sys/bus/pci/devices/0000:00:14.0/class
exe /lib/x86_64-linux-gnu/libgbm.so.1
chromium /sys/bus/pci/devices/0000:00:14.0/revision
chromium /sys/bus/pci/devices/0000:00:02.0/vendor
chromium /sys/bus/pci/devices/0000:00:02.0/device
exe /lib/x86_64-linux-gnu/libX11.so.6
chromium /sys/bus/pci/devices/0000:00:02.0/class
chromium /sys/bus/pci/devices/0000:00:02.0/revision
exe /lib/x86_64-linux-gnu/libXext.so.6
chromium /sys/bus/pci/devices/0000:00:1c.4/vendor
chromium /sys/bus/pci/devices/0000:00:1c.4/device
chromium /sys/bus/pci/devices/0000:00:1c.4/class
exe /lib/x86_64-linux-gnu/libXNVCtrl.so.0
chromium /sys/bus/pci/devices/0000:00:1c.4/revision
chromium /sys/bus/pci/devices/0000:00:1f.6/vendor
chromium /sys/bus/pci/devices/0000:00:1f.6/device
exe /lib/x86_64-linux-gnu/libcairo.so.2
chromium /sys/bus/pci/devices/0000:00:1f.6/class
chromium /sys/bus/pci/devices/0000:00:1f.6/revision
chromium /sys/bus/pci/devices/0000:00:14.2/vendor
exe /lib/x86_64-linux-gnu/libpango-1.0.so.0
chromium /sys/bus/pci/devices/0000:00:14.2/device
chromium /sys/bus/pci/devices/0000:00:14.2/class
chromium /sys/bus/pci/devices/0000:00:14.2/revision
exe /lib/x86_64-linux-gnu/libudev.so.1
chromium /sys/bus/pci/devices/0000:00:1d.0/vendor
chromium /sys/bus/pci/devices/0000:00:1d.0/device
exe /lib/x86_64-linux-gnu/libm.so.6
chromium /sys/bus/pci/devices/0000:00:1d.0/class
chromium /sys/bus/pci/devices/0000:00:1d.0/revision
exe /lib/x86_64-linux-gnu/libdav1d.so.7
chromium /sys/bus/pci/devices/0000:05:00.0/vendor
chromium /sys/bus/pci/devices/0000:05:00.0/device
chromium /sys/bus/pci/devices/0000:05:00.0/class
exe /lib/x86_64-linux-gnu/libXcomposite.so.1
chromium /sys/bus/pci/devices/0000:05:00.0/revision
chromium /sys/bus/pci/devices/0000:00:1d.2/vendor
chromium /sys/bus/pci/devices/0000:00:1d.2/device
exe /lib/x86_64-linux-gnu/libXdamage.so.1
chromium /sys/bus/pci/devices/0000:00:1d.2/class
chromium /sys/bus/pci/devices/0000:00:1d.2/revision
chromium /sys/bus/pci/devices/0000:00:15.0/vendor
exe /lib/x86_64-linux-gnu/libXfixes.so.3
chromium /sys/bus/pci/devices/0000:00:15.0/device
chromium /sys/bus/pci/devices/0000:00:15.0/class
exe /lib/x86_64-linux-gnu/libXrandr.so.2
chromium /sys/bus/pci/devices/0000:00:15.0/revision
chromium /sys/bus/pci/devices/0000:00:12.0/vendor
chromium /sys/bus/pci/devices/0000:00:12.0/device
exe /lib/x86_64-linux-gnu/libatspi.so.0
chromium /sys/bus/pci/devices/0000:00:12.0/class
chromium /sys/bus/pci/devices/0000:00:12.0/revision
exe /lib/x86_64-linux-gnu/libminizip.so.1
chromium /sys/bus/pci/devices/0000:00:00.0/vendor
chromium /sys/bus/pci/devices/0000:00:00.0/device
chromium /sys/bus/pci/devices/0000:00:00.0/class
exe /lib/x86_64-linux-gnu/libopenjp2.so.7
chromium /sys/bus/pci/devices/0000:00:00.0/revision
chromium /sys/bus/pci/devices/0000:00:1f.3/vendor
chromium /sys/bus/pci/devices/0000:00:1f.3/device
exe /lib/x86_64-linux-gnu/liblcms2.so.2
chromium /sys/bus/pci/devices/0000:00:1f.3/class
chromium /sys/bus/pci/devices/0000:00:1f.3/revision
exe /lib/x86_64-linux-gnu/libgcc_s.so.1
chromium /sys/bus/pci/devices/0000:00:1f.5/vendor
chromium /sys/bus/pci/devices/0000:00:1f.5/device
chromium /sys/bus/pci/devices/0000:00:1f.5/class
exe /lib/x86_64-linux-gnu/libc.so.6
chromium /sys/bus/pci/devices/0000:00:1f.5/revision
chromium /sys/bus/pci/devices/0000:00:1b.0/vendor
chromium /sys/bus/pci/devices/0000:00:1b.0/device
chromium /sys/bus/pci/devices/0000:00:1b.0/class
exe /lib/x86_64-linux-gnu/libpcre2-8.so.0
chromium /sys/bus/pci/devices/0000:00:1b.0/revision
chromium /sys/bus/pci/devices/0000:01:00.0/vendor
exe /lib/x86_64-linux-gnu/libffi.so.8
chromium /sys/bus/pci/devices/0000:01:00.0/device
chromium /sys/bus/pci/devices/0000:01:00.0/class
ThreadPoolForeg /config/.config/chromium/segmentation_platform/ukm_db
chromium /sys/bus/pci/devices/0000:01:00.0/revision
exe /lib/x86_64-linux-gnu/libplc4.so
chromium /sys/bus/pci/devices/0000:00:16.0/vendor
chromium /sys/bus/pci/devices/0000:00:16.0/device
chromium /sys/bus/pci/devices/0000:00:16.0/class
exe /lib/x86_64-linux-gnu/libplds4.so
chromium /sys/bus/pci/devices/0000:00:16.0/revision
chromium /sys/bus/pci/devices/0000:00:1f.0/vendor
chromium /sys/bus/pci/devices/0000:00:1f.0/device
exe /lib/x86_64-linux-gnu/libstdc++.so.6
chromium /sys/bus/pci/devices/0000:00:1f.0/class
ThreadPoolForeg /config/.config/chromium/segmentation_platform/ukm_db-journal
chromium /sys/bus/pci/devices/0000:00:1f.0/revision
chromium /sys/bus/pci/devices/0000:00:08.0/vendor
ThreadPoolForeg /dev/urandom
exe /lib/x86_64-linux-gnu/libgmodule-2.0.so.0
chromium /sys/bus/pci/devices/0000:00:08.0/device
chromium /sys/bus/pci/devices/0000:00:08.0/class
exe /lib/x86_64-linux-gnu/libmount.so.1
chromium /sys/bus/pci/devices/0000:00:08.0/revision
chromium /sys/bus/pci/devices/0000:00:1c.0/vendor
chromium /sys/bus/pci/devices/0000:00:1c.0/device
exe /lib/x86_64-linux-gnu/libselinux.so.1
chromium /sys/bus/pci/devices/0000:00:1c.0/class
chromium /sys/bus/pci/devices/0000:00:1c.0/revision
chromium /sys/bus/pci/devices/0000:00:17.0/vendor
exe /lib/x86_64-linux-gnu/libsystemd.so.0
chromium /sys/bus/pci/devices/0000:00:17.0/device
chromium /sys/bus/pci/devices/0000:00:17.0/class
exe /lib/x86_64-linux-gnu/libgssapi_krb5.so.2
chromium /sys/bus/pci/devices/0000:00:17.0/revision
chromium /sys/bus/pci/devices/0000:03:00.0/vendor
chromium /sys/bus/pci/devices/0000:03:00.0/device
exe /lib/x86_64-linux-gnu/libavahi-common.so.3
chromium /sys/bus/pci/devices/0000:03:00.0/class
chromium /sys/bus/pci/devices/0000:03:00.0/revision
exe /lib/x86_64-linux-gnu/libavahi-client.so.3
exe /lib/x86_64-linux-gnu/libgnutls.so.30
exe /lib/x86_64-linux-gnu/libbz2.so.1.0
exe /lib/x86_64-linux-gnu/libpng16.so.16
Xvfb /proc/1231/cmdline
exe /lib/x86_64-linux-gnu/libbrotlidec.so.1
exe /lib/x86_64-linux-gnu/libgraphite2.so.3
exe /lib/x86_64-linux-gnu/libXau.so.6
ThreadPoolForeg /config/.config/chromium/segmentation_platform
exe /lib/x86_64-linux-gnu/libXdmcp.so.6
exe /usr/lib/x86_64-linux-gnu/pulseaudio/glibc-hwcaps/x86-64-v3/libpulsecommon-16.1.so
exe /usr/lib/x86_64-linux-gnu/pulseaudio/glibc-hwcaps/x86-64-v2/libpulsecommon-16.1.so
exe /usr/lib/x86_64-linux-gnu/pulseaudio/libpulsecommon-16.1.so
exe /lib/x86_64-linux-gnu/libogg.so.0
exe /lib/x86_64-linux-gnu/libdrm.so.2
exe /lib/x86_64-linux-gnu/libXrender.so.1
exe /lib/x86_64-linux-gnu/libxcb-render.so.0
exe /lib/x86_64-linux-gnu/libxcb-shm.so.0
exe /lib/x86_64-linux-gnu/libpixman-1.so.0
exe /lib/x86_64-linux-gnu/libfribidi.so.0
exe /lib/x86_64-linux-gnu/libthai.so.0
chromium /sys/class/tty/tty0/active
exe /lib/x86_64-linux-gnu/libcap.so.2
exe /lib/x86_64-linux-gnu/libXi.so.6
exe /lib/x86_64-linux-gnu/libblkid.so.1
Xvfb /proc/1231/cmdline
exe /lib/x86_64-linux-gnu/libgcrypt.so.20
exe /lib/x86_64-linux-gnu/liblz4.so.1
exe /lib/x86_64-linux-gnu/liblzma.so.5
exe /lib/x86_64-linux-gnu/libkrb5.so.3
ThreadPoolForeg /config/.config/chromium/segmentation_platform/ukm_db-wal
exe /lib/x86_64-linux-gnu/libk5crypto.so.3
exe /lib/x86_64-linux-gnu/libcom_err.so.2
exe /lib/x86_64-linux-gnu/libkrb5support.so.0
exe /lib/x86_64-linux-gnu/libp11-kit.so.0
exe /lib/x86_64-linux-gnu/libidn2.so.0
exe /lib/x86_64-linux-gnu/libunistring.so.5
exe /lib/x86_64-linux-gnu/libtasn1.so.6
exe /lib/x86_64-linux-gnu/libnettle.so.8
exe /lib/x86_64-linux-gnu/libhogweed.so.6
exe /lib/x86_64-linux-gnu/libgmp.so.10
exe /lib/x86_64-linux-gnu/libbrotlicommon.so.1
ThreadPoolForeg /config/.config/chromium/segmentation_platform
exe /lib/x86_64-linux-gnu/libbsd.so.0
Xvfb /proc/1231/cmdline
exe /lib/x86_64-linux-gnu/libsndfile.so.1
exe /lib/x86_64-linux-gnu/libX11-xcb.so.1
exe /lib/x86_64-linux-gnu/libasyncns.so.0
exe /lib/x86_64-linux-gnu/libapparmor.so.1
exe /lib/x86_64-linux-gnu/libdatrie.so.1
exe /lib/x86_64-linux-gnu/libgpg-error.so.0
exe /lib/x86_64-linux-gnu/libkeyutils.so.1
exe /lib/x86_64-linux-gnu/libresolv.so.2
exe /lib/x86_64-linux-gnu/libmd.so.0
exe /lib/x86_64-linux-gnu/libvorbis.so.0
exe /lib/x86_64-linux-gnu/libvorbisenc.so.2
exe /lib/x86_64-linux-gnu/libmpg123.so.0
exe /lib/x86_64-linux-gnu/libmp3lame.so.0
chromium /usr/share/fonts/opentype/noto/NotoSansCJK-Regular.ttc
chromium /usr/share/fonts/opentype/noto/NotoSerifCJK-Regular.ttc
chromium /usr/lib/chromium/libGLESv2.so
chromium /usr/share/fonts/opentype/noto/NotoSansCJK-Regular.ttc
chromium /usr/share/fonts/opentype/noto/NotoSerifCJK-Regular.ttc
chromium /usr/share/fonts/opentype/noto/NotoSansCJK-Regular.ttc
chromium /usr/lib/chromium/libEGL.so
chromium /usr/share/fonts/opentype/noto/NotoSerifCJK-Regular.ttc
chromium /usr/lib/chromium/libvulkan.so
chromium /usr/lib/chromium/libvulkan.so.1
chromium /usr/share/fonts/opentype/noto/NotoSansCJK-Regular.ttc
chromium /config/.config/vulkan/implicit_layer.d
chromium /config/.config/kdedefaults/vulkan/implicit_layer.d
chromium /etc/xdg/vulkan/implicit_layer.d
chromium /usr/share/kubuntu-default-settings/kf5-settings/vulkan/implicit_layer.d
chromium /etc/vulkan/implicit_layer.d
chromium /config/.local/share/vulkan/implicit_layer.d
chromium /usr/local/share/vulkan/implicit_layer.d
chromium /usr/share/vulkan/implicit_layer.d
chromium /usr/share/vulkan/implicit_layer.d/VkLayer_MESA_device_select.json
chromium /config/.config/vulkan/implicit_layer.d
chromium /config/.config/kdedefaults/vulkan/implicit_layer.d
chromium /etc/xdg/vulkan/implicit_layer.d
chromium /usr/share/kubuntu-default-settings/kf5-settings/vulkan/implicit_layer.d
chromium /etc/vulkan/implicit_layer.d
chromium /config/.local/share/vulkan/implicit_layer.d
chromium /usr/local/share/vulkan/implicit_layer.d
chromium /usr/share/vulkan/implicit_layer.d
chromium /usr/share/vulkan/implicit_layer.d/VkLayer_MESA_device_select.json
chromium /config/.config/vulkan/icd.d
chromium /config/.config/kdedefaults/vulkan/icd.d
chromium /etc/xdg/vulkan/icd.d
chromium /usr/share/kubuntu-default-settings/kf5-settings/vulkan/icd.d
chromium /usr/share/fonts/opentype/noto/NotoSerifCJK-Regular.ttc
chromium /etc/vulkan/icd.d
chromium /config/.local/share/vulkan/icd.d
chromium /usr/local/share/vulkan/icd.d
chromium /usr/share/vulkan/icd.d
chromium /usr/share/vulkan/icd.d/asahi_icd.json
chromium /etc/ld.so.cache
chromium /lib/x86_64-linux-gnu/libvulkan_asahi.so
exe /etc/gnutls/config
exe /proc/filesystems
exe /proc/self/stat
exe /proc/stat
chromium /proc/self/cmdline
chromium /usr/lib/locale/locale-archive
chromium /config/.config/chromium/Default/Managed Mode Settings
chromium /lib/x86_64-linux-gnu/libxcb-dri3.so.0
chromium /config/.config/chromium/Default/Preferences
chromium /lib/x86_64-linux-gnu/libxcb-present.so.0
chromium /proc/self/status
chromium /lib/x86_64-linux-gnu/libxcb-xfixes.so.0
chromium /config/.config/chromium/Default/Secure Preferences
chromium /usr/lib/chromium/icudtl.dat
chromium /lib/x86_64-linux-gnu/libxcb-sync.so.1
chromium /etc/localtime
chromium /lib/x86_64-linux-gnu/libxcb-randr.so.0
chromium /lib/x86_64-linux-gnu/libxshmfence.so.1
chromium /lib/x86_64-linux-gnu/libwayland-client.so.0
chromium /usr/lib/chromium/chrome_100_percent.pak
chromium /usr/lib/chromium/chrome_200_percent.pak
chromium /usr/share/locale/locale.alias
chromium /usr/lib/x86_64-linux-gnu/gconv/gconv-modules.cache
chromium /usr/lib/chromium/locales/en-US.pak
chromium /usr/lib/chromium/resources.pak
chromium /proc/self/maps
chromium /usr/share/vulkan/icd.d/gfxstream_vk_icd.json
chromium /etc/ld.so.cache
chromium /lib/x86_64-linux-gnu/libvulkan_gfxstream.so
chromium /tmp/.org.chromium.Chromium.hxqHT0
ThreadPoolForeg /config/.config/chromium/Default/Local Storage/leveldb
chromium /usr/share/vulkan/icd.d/intel_hasvk_icd.json
chromium /etc/ld.so.cache
chromium /lib/x86_64-linux-gnu/libvulkan_intel_hasvk.so
ThreadPoolForeg /config/.config/chromium/Default/Sync Data/LevelDB/LOG
ThreadPoolForeg /config/.config/chromium/Default/Sync Data/LevelDB/LOCK
ThreadPoolForeg /config/.config/chromium/Default/Sync Data/LevelDB/LOCK
ThreadPoolSingl /tmp/.org.chromium.Chromium.pdmLGc
chromium /sys/devices/system/cpu/possible
chromium /tmp/.org.chromium.Chromium.uKisRq
ThreadPoolForeg /config/.config/chromium/Default/Sync Data/LevelDB/MANIFEST-000001
ThreadPoolForeg /config/.config/chromium/Default/History
chromium /tmp/.org.chromium.Chromium.uKisRq
ThreadPoolForeg /config/.config/chromium/Default/Sync Data/LevelDB
chromium /sys/devices/system/cpu/cpu0/cpufreq/cpuinfo_max_freq
ThreadPoolForeg /config/.config/chromium/Default/History
chromium /sys/devices/system/cpu/cpu1/cpufreq/cpuinfo_max_freq
chromium /sys/devices/system/cpu/cpu2/cpufreq/cpuinfo_max_freq
chromium /sys/devices/system/cpu/cpu3/cpufreq/cpuinfo_max_freq
chromium /usr/share/kubuntu-default-settings/kf5-settings/kioslaverc
chromium /sys/devices/system/cpu/cpu4/cpufreq/cpuinfo_max_freq
chromium /etc/xdg/kioslaverc
chromium /config/.config/kdedefaults/kioslaverc
chromium /config/.config/kioslaverc
chromium /sys/devices/system/cpu/cpu5/cpufreq/cpuinfo_max_freq
chromium /sys/devices/system/cpu/cpu6/cpufreq/cpuinfo_max_freq
chromium /sys/devices/system/cpu/cpu7/cpufreq/cpuinfo_max_freq
ThreadPoolForeg /config/.config/chromium/Default/History-journal
ThreadPoolForeg /config/.config/chromium/Default/ServerCertificate
chromium /sys/devices/system/cpu/cpu8/cpufreq/cpuinfo_max_freq
chromium /sys/devices/system/cpu/cpu9/cpufreq/cpuinfo_max_freq
ThreadPoolForeg /config/.config/chromium/Default/Web Data
chromium /sys/devices/system/cpu/cpu10/cpufreq/cpuinfo_max_freq
chromium /sys/devices/system/cpu/cpu11/cpufreq/cpuinfo_max_freq
chromium /sys/devices/system/cpu/cpu12/cpufreq/cpuinfo_max_freq
chromium /sys/devices/system/cpu/cpu13/cpufreq/cpuinfo_max_freq
chromium /sys/devices/system/cpu/cpu14/cpufreq/cpuinfo_max_freq
chromium /sys/devices/system/cpu/cpu15/cpufreq/cpuinfo_max_freq
chromium /proc/self/maps
ThreadPoolForeg /config/.config/chromium/Default/Sync Data/LevelDB/000001.dbtmp
ThreadPoolForeg /config/.config/chromium/Default/Web Data-journal
ThreadPoolForeg /config/.config/chromium/Default/ServerCertificate-journal
chromium /usr/share/vulkan/icd.d/intel_icd.json
ThreadPoolForeg /config/.cache/chromium/Default/Code Cache/js/index
ThreadPoolForeg /config/.cache/chromium/Default/Code Cache/wasm/index
ThreadPoolForeg /config/.cache/chromium/Default/Code Cache/js/index
ThreadPoolForeg /config/.config/chromium/Default/Sync Data/LevelDB/CURRENT
ThreadPoolForeg /config/.cache/chromium/Default/Code Cache/wasm/index
chromium /etc/ld.so.cache
chromium /lib/x86_64-linux-gnu/libvulkan_intel.so
ThreadPoolForeg /config/.config/chromium/Default/Sync Data/LevelDB/MANIFEST-000001
ThreadPoolForeg /config/.cache/chromium/Default/Code Cache/js/index-dir/the-real-index
ThreadPoolForeg /config/.cache/chromium/Default/Code Cache/wasm/index-dir/the-real-index
ThreadPoolForeg /config/.config/chromium/Default/Sync Data/LevelDB/MANIFEST-000001
ThreadPoolForeg /config/.cache/chromium/Default/Code Cache/js
chromium /usr/share/kubuntu-default-settings/kf5-settings/kioslaverc
chromium /etc/xdg/kioslaverc
ThreadPoolForeg /config/.cache/chromium/Default/Code Cache/wasm
chromium /config/.config/kdedefaults/kioslaverc
chromium /config/.config/kioslaverc
ThreadPoolForeg /config/.config/chromium/Default/Sync Data/LevelDB
ThreadPoolForeg /config/.config/chromium/Default
ThreadPoolForeg /config/.cache/chromium/Default/Code Cache/wasm/index-dir/temp-index
ThreadPoolForeg /config/.config/chromium/Default/Sync Data/LevelDB
ThreadPoolForeg /config/.cache/chromium/Default/Code Cache/js/index-dir/temp-index
ThreadPoolForeg /config/.config/chromium/Default/ClientCertificates/LOG
ThreadPoolForeg /config/.config/chromium/Default
ThreadPoolForeg /config/.config/chromium/Default/ClientCertificates/LOCK
ThreadPoolForeg /config/.config/chromium/Default/ClientCertificates/LOCK
ThreadPoolForeg /config/.config/chromium/Default/Sync Data/LevelDB/000003.log
ThreadPoolForeg /config/.config/chromium/Default/Sync Data/LevelDB
ThreadPoolForeg /config/.config/chromium/Default/Affiliation Database
Chrome_ChildIOT /proc/self/cmdline
ThreadPoolForeg /config/.config/chromium/Default/Sync Data/LevelDB
ThreadPoolForeg /config/.config/chromium/Default/Site Characteristics Database/LOG
ThreadPoolForeg /config/.config/chromium/Default/Login Data
ThreadPoolForeg /config/.config/chromium/Default/Site Characteristics Database/LOCK
ThreadPoolForeg /config/.config/chromium/Default/Site Characteristics Database/LOCK
ThreadPoolForeg /config/.config/chromium/Default/Login Data For Account
ThreadPoolForeg /config/.config/chromium/Default/Site Characteristics Database/MANIFEST-000001
ThreadPoolForeg /config/.config/chromium/Default/Site Characteristics Database
ThreadPoolForeg /proc/sys/fs/inotify/max_user_watches
ThreadPoolForeg /etc/hosts
ThreadPoolForeg /etc/host.conf
ThreadPoolForeg /config/.config/chromium/Default/Affiliation Database-journal
ThreadPoolForeg /etc/resolv.conf
ThreadPoolForeg /etc/nsswitch.conf
chromium /usr/share/vulkan/icd.d/lvp_icd.json
ThreadPoolForeg /config/.config/chromium/Default/Custom Dictionary.txt
chromium /etc/ld.so.cache
ThreadPoolForeg /config/.config/chromium/Default/Login Data-journal
chromium /lib/x86_64-linux-gnu/libvulkan_lvp.so
ThreadPoolForeg /config/.config/chromium/Dictionaries/en-US-10-1.bdic
ThreadPoolForeg /config/.config/chromium/Default/Login Data For Account-journal
ThreadPoolForeg /config/.config/chromium/Default/Site Characteristics Database/000001.dbtmp
Chrome_ChildIOT /proc/self/cmdline
ThreadPoolForeg /config/.config/chromium/Default
ThreadPoolForeg /config/.config/chromium/Default/Site Characteristics Database/CURRENT
ThreadPoolForeg /config/.config/chromium/Default/Site Characteristics Database/MANIFEST-000001
ThreadPoolForeg /config/.config/chromium/Default/Site Characteristics Database/MANIFEST-000001
ThreadPoolForeg /config/.config/chromium/Default/Site Characteristics Database
ThreadPoolForeg /config/.config/chromium/Default/chrome_cart_db/LOG
ThreadPoolForeg /config/.config/chromium/Default/discounts_db/LOG
ThreadPoolForeg /config/.config/chromium/Default/commerce_subscription_db/LOG
ThreadPoolForeg /config/.config/chromium/Default/chrome_cart_db/LOCK
ThreadPoolForeg /config/.config/chromium/Default/discounts_db/LOCK
ThreadPoolForeg /config/.config/chromium/Default/Site Characteristics Database
ThreadPoolForeg /config/.config/chromium/Default/chrome_cart_db/LOCK
ThreadPoolForeg /config/.config/chromium/Default/discounts_db/LOCK
ThreadPoolForeg /config/.config/chromium/Default/parcel_tracking_db/LOG
chromium /lib/x86_64-linux-gnu/libLLVM.so.20.1
ThreadPoolForeg /config/.config/chromium/Default/commerce_subscription_db/LOCK
ThreadPoolForeg /config/.config/chromium/Default/commerce_subscription_db/LOCK
chromium /lib/x86_64-linux-gnu/../lib/glibc-hwcaps/x86-64-v3/libedit.so.2
chromium /lib/x86_64-linux-gnu/../lib/glibc-hwcaps/x86-64-v2/libedit.so.2
chromium /lib/x86_64-linux-gnu/../lib/libedit.so.2
chromium /lib/x86_64-linux-gnu/libedit.so.2
ThreadPoolForeg /config/.config/chromium/Default/Site Characteristics Database/000003.log
ThreadPoolForeg /config/.config/chromium/Default/Site Characteristics Database
ThreadPoolForeg /config/.config/chromium/Default/discount_infos_db/LOG
ThreadPoolForeg /config/.config/chromium/Default/parcel_tracking_db/LOCK
ThreadPoolForeg /config/.config/chromium/Default/discount_infos_db/LOCK
ThreadPoolForeg /config/.config/chromium/Default/parcel_tracking_db/LOCK
chromium /lib/x86_64-linux-gnu/libxml2.so.2
ThreadPoolForeg /config/.config/chromium/Default/discount_infos_db/LOCK
ThreadPoolForeg /config/.config/chromium/Default/Site Characteristics Database
ThreadPoolForeg /config/.config/chromium/Default/Segmentation Platform/SegmentInfoDB/LOG
chromium /lib/x86_64-linux-gnu/libtinfo.so.6
ThreadPoolForeg /config/.config/chromium/Default/Segmentation Platform/SegmentInfoDB/LOCK
ThreadPoolForeg /config/.config/chromium/Default/Segmentation Platform/SegmentInfoDB/LOCK
chromium /lib/x86_64-linux-gnu/libicuuc.so.74
ThreadPoolForeg /config/.config/chromium/Default/Segmentation Platform/SignalDB/LOG
ThreadPoolForeg /config/.config/chromium/Default/Segmentation Platform/SignalDB/LOCK
ThreadPoolForeg /config/.config/chromium/Default/Segmentation Platform/SignalDB/LOCK
chromium /lib/x86_64-linux-gnu/libicudata.so.74
ThreadPoolForeg /config/.config/chromium/Default/Local Storage/leveldb/LOG
ThreadPoolForeg /config/.config/chromium/Default/Segmentation Platform/SignalStorageConfigDB/LOG
ThreadPoolForeg /config/.config/chromium/Default/Segmentation Platform/SignalStorageConfigDB/LOCK
ThreadPoolForeg /config/.config/chromium/Default/Segmentation Platform/SignalStorageConfigDB/LOCK
ThreadPoolForeg /config/.config/chromium/Default/Local Storage/leveldb/LOCK
ThreadPoolForeg /config/.config/chromium/Default/Local Storage/leveldb/LOCK
ThreadPoolForeg /config/.config/chromium/Default/LOG
ThreadPoolForeg /config/.config/chromium/Default/LOCK
ThreadPoolForeg /config/.config/chromium/Default/LOCK
ThreadPoolForeg /config/.config/chromium/Default/SharedStorage
ThreadPoolForeg /config/.config/chromium/Default/SharedStorage
ThreadPoolForeg /config/.config/chromium/Default/PersistentOriginTrials/LOG
ThreadPoolForeg /config/.config/chromium/Default/PersistentOriginTrials/LOCK
ThreadPoolForeg /config/.config/chromium/Default/PersistentOriginTrials/LOCK
ThreadPoolForeg /config/.config/chromium/Default/Extension Rules/LOG
ThreadPoolForeg /config/.config/chromium/Default
ThreadPoolForeg /config/.config/chromium/Default/SharedStorage-journal
ThreadPoolForeg /config/.config/chromium/Default/Extension Rules/LOCK
ThreadPoolForeg /config/.config/chromium/Default/Extension Rules/LOCK
ThreadPoolForeg /config/.config/chromium/Default/Extension Rules/MANIFEST-000001
ThreadPoolForeg /config/.config/chromium/Default/Extension Rules
ThreadPoolForeg /config/.config/chromium/Default
ThreadPoolForeg /config/.config/chromium/Default/Local Storage/leveldb/MANIFEST-000001
ThreadPoolForeg /config/.config/chromium/Default/SharedStorage-wal
ThreadPoolForeg /config/.config/chromium/Default/Extension Rules/000001.dbtmp
ThreadPoolForeg /config/.config/chromium/WidevineCdm
ThreadPoolForeg /config/.config/chromium/WidevineCdm
ThreadPoolForeg /config/.config/chromium/OnDeviceHeadSuggestModel
ThreadPoolForeg /config/.config/chromium/Subresource Filter/Unindexed Rules
ThreadPoolForeg /config/.config/chromium/OptimizationHints
ThreadPoolForeg /config/.config/chromium/TrustTokenKeyCommitments
ThreadPoolForeg /config/.config/chromium/SSLErrorAssistant
ThreadPoolForeg /config/.config/chromium/FileTypePolicies
ThreadPoolForeg /config/.config/chromium/OnDeviceHeadSuggestModel
ThreadPoolForeg /config/.config/chromium/OptimizationHints
ThreadPoolForeg /config/.config/chromium/Subresource Filter/Unindexed Rules
ThreadPoolForeg /config/.config/chromium/TrustTokenKeyCommitments
ThreadPoolForeg /config/.config/chromium/FileTypePolicies
ThreadPoolForeg /config/.config/chromium/Default/Local Storage/leveldb
ThreadPoolForeg /config/.config/chromium/SSLErrorAssistant
ThreadPoolForeg /config/.config/chromium/Default
ThreadPoolForeg /config/.config/chromium/PrivacySandboxAttestationsPreloaded
ThreadPoolForeg /config/.config/chromium/CertificateRevocation
ThreadPoolForeg /config/.config/chromium/OriginTrials
ThreadPoolForeg /config/.config/chromium/PrivacySandboxAttestationsPreloaded
ThreadPoolForeg /config/.config/chromium/CertificateRevocation
ThreadPoolForeg /config/.config/chromium/MEIPreload
ThreadPoolForeg /config/.config/chromium/PKIMetadata
ThreadPoolForeg /config/.config/chromium/SafetyTips
ThreadPoolForeg /config/.config/chromium/Crowd Deny
ThreadPoolForeg /config/.config/chromium/OriginTrials
ThreadPoolForeg /config/.config/chromium/hyphen-data
ThreadPoolForeg /config/.config/chromium/MEIPreload
ThreadPoolForeg /config/.config/chromium/ZxcvbnData
ThreadPoolForeg /config/.config/chromium/SafetyTips
ThreadPoolForeg /config/.config/chromium/ActorSafetyLists
ThreadPoolForeg /config/.config/chromium/AmountExtractionHeuristicRegexes
ThreadPoolForeg /config/.config/chromium/WasmTtsEngine
ThreadPoolForeg /config/.config/chromium/ZxcvbnData
ThreadPoolForeg /config/.config/chromium/Crowd Deny
ThreadPoolForeg /config/.config/chromium/hyphen-data
ThreadPoolForeg /config/.config/chromium/Default/BookmarkMergedSurfaceOrdering
ThreadPoolForeg /config/.config/chromium/AmountExtractionHeuristicRegexes
ThreadPoolForeg /config/.config/chromium/WasmTtsEngine
ThreadPoolForeg /config/.config/chromium/PKIMetadata
ThreadPoolForeg /config/.config/chromium/Default/Extension Rules/CURRENT
ThreadPoolForeg /config/.config/chromium/CaptchaProviders
ThreadPoolForeg /config/.config/chromium/ActorSafetyLists
ThreadPoolForeg /config/.config/chromium/Default/Extension Rules/MANIFEST-000001
ThreadPoolForeg /config/.config/chromium/CaptchaProviders
ThreadPoolForeg /config/.config/chromium/Default/Extension Rules/MANIFEST-000001
ThreadPoolForeg /config/.config/chromium/Default/Extension Rules
ThreadPoolForeg /config/.config/chromium/Default/Extension Rules
ThreadPoolForeg /config/.config/chromium/Default/Extension Rules/000003.log
ThreadPoolForeg /config/.config/chromium/Default/Extension Rules
ThreadPoolForeg /config/.config/chromium/Default/Extension Rules
ThreadPoolForeg /config/.config/chromium/Default/Extension Scripts/LOG
ThreadPoolForeg /config/.config/chromium/Default/Extension Scripts/LOCK
ThreadPoolForeg /config/.config/chromium/Default/Extension Scripts/LOCK
ThreadPoolForeg /config/.config/chromium/Default/Extension Scripts/MANIFEST-000001
ThreadPoolForeg /config/.config/chromium/Default/Extension Scripts
ThreadPoolForeg /config/.config/chromium/Default
ThreadPoolForeg /config/.config/chromium/Default/Local Storage/leveldb/000001.dbtmp
ThreadPoolForeg /config/.config/chromium/Default/History
ThreadPoolForeg /config/.config/chromium/Default/Favicons
ThreadPoolForeg /config/.config/chromium/Default/Favicons
ThreadPoolForeg /config/.config/chromium/Default/Extension Scripts/000001.dbtmp
chromium /proc/1233/stat
chromium /proc/1233/status
ThreadPoolForeg /config/.config/chromium/Default/Local Storage/leveldb/CURRENT
ThreadPoolForeg /config/.config/chromium/Default/Favicons-journal
chromium /proc/1233/stat
ThreadPoolForeg /config/.config/chromium/Default/Local Storage/leveldb/MANIFEST-000001
chromium /usr/share/vulkan/icd.d/nouveau_icd.json
ThreadPoolForeg /config/.config/chromium/Default/Extension Scripts/CURRENT
chromium /etc/ld.so.cache
ThreadPoolForeg /config/.config/chromium/Default/Extension Scripts/MANIFEST-000001
chromium /lib/x86_64-linux-gnu/libvulkan_nouveau.so
ThreadPoolForeg /config/.config/chromium/Default/Local Storage/leveldb/MANIFEST-000001
ThreadPoolForeg /config/.config/chromium/Default/Extension Scripts/MANIFEST-000001
ThreadPoolForeg /config/.config/chromium/Default/Extension Scripts
ThreadPoolForeg /config/.config/chromium/Default/Local Storage/leveldb
ThreadPoolForeg /config/.config/chromium/Default/Extension Scripts
ThreadPoolForeg /config/.config/chromium/Default/Extension Scripts/000003.log
ThreadPoolForeg /config/.config/chromium/Default/Extension Scripts
ThreadPoolForeg /config/.config/chromium/Default/Local Storage/leveldb
ThreadPoolForeg /config/.config/chromium/Default/Extension Scripts
ThreadPoolForeg /config/.config/chromium/Default/Local Storage/leveldb/000003.log
ThreadPoolForeg /config/.config/chromium/Default
chromium /proc/1244/stat
ThreadPoolForeg /config/.config/chromium/Default/Local Storage/leveldb
chromium /proc/1244/status
ThreadPoolForeg /config/.config/chromium/Default/Local Storage/leveldb
chromium /proc/1244/stat
ThreadPoolForeg /config/.config/chromium/Default/Shared Dictionary/db
ThreadPoolForeg /config/.config/chromium/Default/Shared Dictionary/cache/index
ThreadPoolForeg /config/.config/chromium/Default/Trust Tokens
ThreadPoolForeg /config/.config/chromium/Default/Shared Dictionary/cache/index
Chrome_ChildIOT /proc/self/stat
ThreadPoolForeg /config/.config/chromium/Default/Shared Dictionary/db
Chrome_ChildIOT /proc/stat
ThreadPoolForeg /config/.config/chromium/Default/Trust Tokens
ThreadPoolForeg /config/.config/chromium/Default/Network Persistent State
ThreadPoolForeg /config/.config/chromium/Default/TransportSecurity
ThreadPoolForeg /config/.config/chromium/Default/.org.chromium.Chromium.OBl9u8
ThreadPoolForeg /config/.config/chromium/Default/shared_proto_db/metadata/LOG
ThreadPoolForeg /config/.config/chromium/Default/Trust Tokens-journal
ThreadPoolForeg /config/.config/chromium/Default/shared_proto_db/metadata/LOCK
ThreadPoolForeg /config/.config/chromium/Default/shared_proto_db/metadata/LOCK
ThreadPoolForeg /dev/urandom
ThreadPoolForeg /config/.config/chromium/Default/Shared Dictionary/db-journal
chromium /usr/share/vulkan/icd.d/radeon_icd.json
ThreadPoolForeg /config/.config/chromium/Default/shared_proto_db/metadata/MANIFEST-000001
ThreadPoolForeg /config/.config/chromium/Default/Shared Dictionary/cache/index-dir/the-real-index
ThreadPoolForeg /config/.config/chromium/Default/shared_proto_db/metadata
ThreadPoolForeg /config/.config/chromium/Default/Shared Dictionary/cache
chromium /etc/ld.so.cache
chromium /lib/x86_64-linux-gnu/libvulkan_radeon.so
ThreadPoolForeg /sys/devices/virtual/dmi/id/sys_vendor
ThreadPoolForeg /sys/devices/virtual/dmi/id/product_name
ThreadPoolForeg /config/.config/chromium/Default/Shared Dictionary/cache/index-dir/temp-index
ThreadPoolForeg /config/.config/chromium/Default
ThreadPoolForeg /config/.config/chromium/Default/Shared Dictionary
ThreadPoolForeg /config/.config/chromium/Default/.org.chromium.Chromium.vlYSEw
chromium /lib/x86_64-linux-gnu/libelf.so.1
ThreadPoolForeg /config/.cache/chromium/Default/Cache/Cache_Data/index
ThreadPoolForeg /config/.cache/chromium/Default/Cache/Cache_Data/index
chromium /lib/x86_64-linux-gnu/libdrm_amdgpu.so.1
ThreadPoolForeg /config/.config/chromium/Default/shared_proto_db/metadata/000001.dbtmp
ThreadPoolForeg /config/.cache/chromium/Default/Cache/Cache_Data/index-dir/the-real-index
ThreadPoolForeg /config/.cache/chromium/Default/Cache/No_Vary_Search/snapshot.baf
ThreadPoolForeg /config/.cache/chromium/Default/Cache/Cache_Data
ThreadPoolForeg /config/.cache/chromium/Default/Cache/No_Vary_Search/snapshot-new.baf
ThreadPoolForeg /config/.cache/chromium/Default/Cache/Cache_Data/ed5152d08612b2ae_0
ThreadPoolForeg /config/.cache/chromium/Default/Cache/No_Vary_Search/journal.baj
ThreadPoolForeg /config/.cache/chromium/Default/Cache/Cache_Data/ed5152d08612b2ae_0
ThreadPoolForeg /config/.config/chromium/Default/SCT Auditing Pending Reports
ThreadPoolForeg /config/.cache/chromium/Default/Cache/Cache_Data/index-dir/temp-index
chromium /usr/share/vulkan/icd.d/virtio_icd.json
chromium /etc/ld.so.cache
ThreadPoolForeg /config/.config/chromium/Default/shared_proto_db/metadata/CURRENT
chromium /lib/x86_64-linux-gnu/libvulkan_virtio.so
ThreadPoolForeg /config/.config/chromium/Default/shared_proto_db/metadata/MANIFEST-000001
ThreadPoolForeg /config/.config/chromium/Default/shared_proto_db/metadata/MANIFEST-000001
ThreadPoolForeg /config/.config/chromium/Default/shared_proto_db/metadata
xclip /etc/ld.so.cache
ThreadPoolForeg /config/.config/chromium/Default/shared_proto_db/metadata
xclip /lib/x86_64-linux-gnu/libXmu.so.6
xclip /lib/x86_64-linux-gnu/libX11.so.6
ThreadPoolForeg /config/.config/chromium/Default/shared_proto_db/metadata/000003.log
ThreadPoolForeg /config/.config/chromium/Default/shared_proto_db/metadata
xclip /lib/x86_64-linux-gnu/libc.so.6
ThreadPoolForeg /config/.config/chromium/Default/shared_proto_db/metadata
xclip /lib/x86_64-linux-gnu/libXt.so.6
xclip /lib/x86_64-linux-gnu/libXext.so.6
xclip /lib/x86_64-linux-gnu/libxcb.so.1
ThreadPoolForeg /config/.config/chromium/Default/shared_proto_db/LOG
ThreadPoolForeg /config/.config/chromium/Default/shared_proto_db/LOCK
xclip /lib/x86_64-linux-gnu/libSM.so.6
ThreadPoolForeg /config/.config/chromium/Default/shared_proto_db/LOCK
xclip /lib/x86_64-linux-gnu/libICE.so.6
xclip /lib/x86_64-linux-gnu/libXau.so.6
ThreadPoolForeg /config/.config/chromium/Default/shared_proto_db/MANIFEST-000001
xclip /lib/x86_64-linux-gnu/libXdmcp.so.6
chromium /config/.config/vulkan/icd.d
ThreadPoolForeg /config/.config/chromium/Default/shared_proto_db
xclip /lib/x86_64-linux-gnu/libuuid.so.1
chromium /config/.config/kdedefaults/vulkan/icd.d
chromium /etc/xdg/vulkan/icd.d
chromium /usr/share/kubuntu-default-settings/kf5-settings/vulkan/icd.d
xclip /lib/x86_64-linux-gnu/libbsd.so.0
chromium /etc/vulkan/icd.d
xclip /lib/x86_64-linux-gnu/libmd.so.0
chromium /config/.local/share/vulkan/icd.d
chromium /usr/local/share/vulkan/icd.d
chromium /usr/share/vulkan/icd.d
chromium /usr/share/vulkan/icd.d/asahi_icd.json
xclip /usr/share/X11/locale/locale.alias
ThreadPoolForeg /config/.config/chromium/Default/Safe Browsing Cookies
chromium /usr/share/vulkan/icd.d/gfxstream_vk_icd.json
ThreadPoolForeg /config/.config/chromium/Default/Safe Browsing Cookies
chromium /usr/share/vulkan/icd.d/intel_hasvk_icd.json
xclip /usr/share/X11/locale/locale.dir
chromium /usr/share/vulkan/icd.d/intel_icd.json
xclip /usr/share/X11/locale/C/XLC_LOCALE
ThreadPoolForeg /config/.config/chromium/Default/Account Web Data
xclip /usr/share/X11/locale/locale.alias
chromium /usr/share/vulkan/icd.d/lvp_icd.json
chromium /usr/share/vulkan/icd.d/nouveau_icd.json
xclip /usr/share/X11/locale/locale.dir
chromium /usr/share/vulkan/icd.d/radeon_icd.json
xclip /usr/share/X11/locale/C/XLC_LOCALE
ThreadPoolForeg /config/.config/chromium/Default/Safe Browsing Cookies-journal
chromium /usr/share/vulkan/icd.d/virtio_icd.json
ThreadPoolForeg /config/.config/chromium/Default/Account Web Data-journal
Xvfb /proc/1275/cmdline
chromium /dev/dri
ThreadPoolForeg /config/.config/chromium/Default/Shared Dictionary/db-journal
ThreadPoolForeg /config/.config/chromium/Default/shared_proto_db/000001.dbtmp
ThreadPoolForeg /config/.config/chromium/Default
ThreadPoolForeg /config/.config/chromium/Default
dbus-daemon /usr/local/share/dbus-1/system-services
dbus-daemon /usr/share/dbus-1/system-services
dbus-daemon /lib/dbus-1/system-services
chromium /config/.config/vulkan/implicit_layer.d
chromium /config/.config/kdedefaults/vulkan/implicit_layer.d
chromium /etc/xdg/vulkan/implicit_layer.d
chromium /usr/share/kubuntu-default-settings/kf5-settings/vulkan/implicit_layer.d
chromium /etc/vulkan/implicit_layer.d
chromium /config/.local/share/vulkan/implicit_layer.d
chromium /usr/local/share/vulkan/implicit_layer.d
chromium /usr/share/vulkan/implicit_layer.d
chromium /usr/share/vulkan/implicit_layer.d/VkLayer_MESA_device_select.json
chromium /config/.config/vulkan/implicit_layer.d
chromium /config/.config/kdedefaults/vulkan/implicit_layer.d
chromium /etc/xdg/vulkan/implicit_layer.d
chromium /usr/share/kubuntu-default-settings/kf5-settings/vulkan/implicit_layer.d
chromium /etc/vulkan/implicit_layer.d
chromium /config/.local/share/vulkan/implicit_layer.d
chromium /usr/local/share/vulkan/implicit_layer.d
chromium /usr/share/vulkan/implicit_layer.d
ThreadPoolForeg /config/.config/chromium/Default/Shared Dictionary
chromium /usr/share/vulkan/implicit_layer.d/VkLayer_MESA_device_select.json
ThreadPoolForeg /config/.config/chromium/Default/shared_proto_db/CURRENT
chromium /config/.config/vulkan/icd.d
chromium /config/.config/kdedefaults/vulkan/icd.d
ThreadPoolForeg /config/.config/chromium/Default/shared_proto_db/MANIFEST-000001
chromium /etc/xdg/vulkan/icd.d
chromium /usr/share/kubuntu-default-settings/kf5-settings/vulkan/icd.d
chromium /etc/vulkan/icd.d
ThreadPoolForeg /config/.config/chromium/Default/shared_proto_db/MANIFEST-000001
ThreadPoolForeg /config/.config/chromium/Default/shared_proto_db
chromium /config/.local/share/vulkan/icd.d
chromium /usr/local/share/vulkan/icd.d
chromium /usr/share/vulkan/icd.d
ThreadPoolForeg /config/.config/chromium/Default/shared_proto_db
chromium /usr/share/vulkan/icd.d/asahi_icd.json
ThreadPoolForeg /config/.config/chromium/Default/shared_proto_db/000003.log
ThreadPoolForeg /config/.config/chromium/Default/shared_proto_db
chromium /usr/share/vulkan/icd.d/gfxstream_vk_icd.json
chromium /usr/share/vulkan/icd.d/intel_hasvk_icd.json
ThreadPoolForeg /config/.config/chromium/Default/shared_proto_db
chromium /usr/share/vulkan/icd.d/intel_icd.json
chromium /usr/share/vulkan/icd.d/lvp_icd.json
chromium /usr/share/vulkan/icd.d/nouveau_icd.json
chromium /usr/share/vulkan/icd.d/radeon_icd.json
chromium /usr/share/vulkan/icd.d/virtio_icd.json
chromium /dev/dri
chromium /config/.config/vulkan/implicit_layer.d
chromium /config/.config/kdedefaults/vulkan/implicit_layer.d
chromium /etc/xdg/vulkan/implicit_layer.d
chromium /usr/share/kubuntu-default-settings/kf5-settings/vulkan/implicit_layer.d
chromium /etc/vulkan/implicit_layer.d
chromium /config/.local/share/vulkan/implicit_layer.d
chromium /usr/local/share/vulkan/implicit_layer.d
chromium /usr/share/vulkan/implicit_layer.d
chromium /usr/share/vulkan/implicit_layer.d/VkLayer_MESA_device_select.json
chromium /config/.config/vulkan/implicit_layer.d
chromium /config/.config/kdedefaults/vulkan/implicit_layer.d
chromium /etc/xdg/vulkan/implicit_layer.d
chromium /usr/share/kubuntu-default-settings/kf5-settings/vulkan/implicit_layer.d
chromium /etc/vulkan/implicit_layer.d
chromium /config/.local/share/vulkan/implicit_layer.d
chromium /usr/local/share/vulkan/implicit_layer.d
chromium /usr/share/vulkan/implicit_layer.d
chromium /usr/share/vulkan/implicit_layer.d/VkLayer_MESA_device_select.json
chromium /config/.config/vulkan/explicit_layer.d
chromium /config/.config/kdedefaults/vulkan/explicit_layer.d
chromium /etc/xdg/vulkan/explicit_layer.d
chromium /usr/share/kubuntu-default-settings/kf5-settings/vulkan/explicit_layer.d
chromium /etc/vulkan/explicit_layer.d
chromium /config/.local/share/vulkan/explicit_layer.d
chromium /usr/local/share/vulkan/explicit_layer.d
chromium /usr/share/vulkan/explicit_layer.d
chromium /usr/share/vulkan/explicit_layer.d/VkLayer_INTEL_nullhw.json
chromium /usr/share/vulkan/explicit_layer.d/VkLayer_MESA_overlay.json
chromium /tmp/.org.chromium.Chromium.1bBOMS
chromium /config/.config/vulkan/icd.d
chromium /config/.config/kdedefaults/vulkan/icd.d
chromium /etc/xdg/vulkan/icd.d
chromium /usr/share/kubuntu-default-settings/kf5-settings/vulkan/icd.d
chromium /etc/vulkan/icd.d
chromium /config/.local/share/vulkan/icd.d
chromium /usr/local/share/vulkan/icd.d
chromium /usr/share/vulkan/icd.d
ThreadPoolForeg /config/.config/chromium/Default/Cookies
chromium /usr/share/vulkan/icd.d/asahi_icd.json
ThreadPoolForeg /config/.config/chromium/Default/Cookies
chromium /usr/share/vulkan/icd.d/gfxstream_vk_icd.json
chromium /usr/share/vulkan/icd.d/intel_hasvk_icd.json
chromium /usr/share/vulkan/icd.d/intel_icd.json
chromium /usr/share/vulkan/icd.d/lvp_icd.json
chromium /usr/share/vulkan/icd.d/nouveau_icd.json
ThreadPoolForeg /config/.config/chromium/Default/Cookies-journal
chromium /usr/share/vulkan/icd.d/radeon_icd.json
chromium /usr/share/vulkan/icd.d/virtio_icd.json
chromium /dev/dri
chromium /etc/ld.so.cache
chromium /lib/x86_64-linux-gnu/libVkLayer_MESA_device_select.so
ThreadPoolForeg /config/.config/chromium/Default/Safe Browsing Cookies-journal
chromium /usr/share/drirc.d
chromium /usr/share/drirc.d/00-mesa-defaults.conf
ThreadPoolForeg /config/.config/chromium/Default
chromium /usr/share/drirc.d/00-radv-defaults.conf
chromium /etc/drirc
chromium /usr/share/locale/locale.alias
chromium /usr/share/locale/en_US/LC_MESSAGES/libc.mo
chromium /usr/share/locale/en/LC_MESSAGES/libc.mo
chromium /usr/share/locale-langpack/en_US/LC_MESSAGES/libc.mo
chromium /usr/share/locale-langpack/en/LC_MESSAGES/libc.mo
chromium /config/.drirc
chromium /dev/dri
chromium /dev/dri
chromium /dev/dri
chromium /dev/dri
chromium /tmp/.org.chromium.Chromium.BMJuSy
ThreadPoolForeg /config/.config/chromium/Default
chromium /tmp/.org.chromium.Chromium.BMJuSy
chromium /usr/share/drirc.d
chromium /usr/share/drirc.d/00-mesa-defaults.conf
chromium /usr/share/drirc.d/00-radv-defaults.conf
chromium /etc/drirc
chromium /config/.drirc
Chrome_ChildIOT /tmp/.org.chromium.Chromium.4r3h7D
chromium /usr/share/drirc.d
chromium /usr/share/drirc.d/00-mesa-defaults.conf
chromium /usr/share/drirc.d/00-radv-defaults.conf
chromium /etc/drirc
chromium /config/.drirc
chromium /usr/share/drirc.d
chromium /usr/share/drirc.d/00-mesa-defaults.conf
chromium /usr/share/drirc.d/00-radv-defaults.conf
chromium /etc/drirc
chromium /config/.drirc
chromium /usr/share/drirc.d
chromium /usr/share/drirc.d/00-mesa-defaults.conf
chromium /usr/share/drirc.d/00-radv-defaults.conf
ThreadPoolForeg /config/.config/chromium/Default/Safe Browsing Cookies-journal
chromium /tmp/.org.chromium.Chromium.UTpSyh
chromium /tmp/.org.chromium.Chromium.UTpSyh
chromium /etc/drirc
chromium /config/.drirc
chromium /dev/dri
chromium /dev/dri
chromium /dev/dri
chromium /sys/devices/system/cpu/possible
chromium /sys/devices/system/cpu/cpu0/cpu_capacity
ThreadPoolSingl /proc/1233/task
chromium /sys/devices/system/cpu/cpu1/cpu_capacity
chromium /sys/devices/system/cpu/cpu2/cpu_capacity
chromium /sys/devices/system/cpu/cpu3/cpu_capacity
ThreadPoolSingl /proc/1233/task/1233/status
chromium /sys/devices/system/cpu/cpu4/cpu_capacity
ThreadPoolSingl /proc/1233/task/1242/status
chromium /sys/devices/system/cpu/cpu5/cpu_capacity
ThreadPoolForeg /config/.config/chromium/Default
chromium /sys/devices/system/cpu/cpu6/cpu_capacity
ThreadPoolSingl /proc/1233/task/1243/status
chromium /sys/devices/system/cpu/cpu7/cpu_capacity
chromium /sys/devices/system/cpu/cpu8/cpu_capacity
chromium /sys/devices/system/cpu/cpu9/cpu_capacity
chromium /sys/devices/system/cpu/cpu10/cpu_capacity
ThreadPoolForeg /config/.config/chromium/Default/Cookies-journal
chromium /sys/devices/system/cpu/cpu11/cpu_capacity
chromium /sys/devices/system/cpu/cpu12/cpu_capacity
chromium /sys/devices/system/cpu/cpu13/cpu_capacity
chromium /sys/devices/system/cpu/cpu14/cpu_capacity
chromium /sys/devices/system/cpu/cpu15/cpu_capacity
chromium /dev/udmabuf
chromium /dev/dri
chromium /dev/dri
chromium /dev/dri
chromium /sys/class/drm/card0/device/boot_vga
chromium /sys/class/drm/card0/device/boot_vga
Xvfb /proc/1231/cmdline
ThreadPoolForeg /config/.config/chromium/Default
chromium /tmp/.org.chromium.Chromium.4CN1q7
chromium /tmp/.org.chromium.Chromium.4CN1q7
ThreadPoolSingl /proc/1244/task
ThreadPoolSingl /proc/1244/task/1244/status
ThreadPoolSingl /proc/1244/task/1252/status
ThreadPoolSingl /proc/1244/task/1253/status
ThreadPoolForeg /proc/sys/crypto/fips_enabled
ThreadPoolForeg /lib/x86_64-linux-gnu/libsoftokn3.so
chromium /etc/ld.so.cache
chromium /lib/x86_64-linux-gnu/libGL.so.1
chromium /lib/x86_64-linux-gnu/libGLdispatch.so.0
ThreadPoolForeg /etc/ld.so.cache
chromium /lib/x86_64-linux-gnu/libGLX.so.0
ThreadPoolForeg /lib/x86_64-linux-gnu/libsqlite3.so.0
ThreadPoolForeg /config/.config/chromium/Default/Cookies-journal
ThreadPoolForeg /config/.local/share/pki/nssdb/pkcs11.txt
ThreadPoolForeg /config/.local/share/pki/nssdb/pkcs11.txt
ThreadPoolForeg /config/.local/share/pki/nssdb/pkcs11.txt
ThreadPoolForeg /proc/sys/crypto/fips_enabled
ThreadPoolForeg /lib/x86_64-linux-gnu/libfreeblpriv3.so
ThreadPoolForeg /config/.config/chromium/Default
chromium /etc/ld.so.cache
ThreadPoolForeg /dev/urandom
chromium /lib/x86_64-linux-gnu/libGLX_mesa.so.0
ThreadPoolForeg /dev/urandom
ThreadPoolForeg /dev/urandom
ThreadPoolForeg /dev/urandom
chromium /lib/x86_64-linux-gnu/libgallium-25.2.8-0ubuntu0.24.04.1.so
ThreadPoolForeg /dev/urandom
ThreadPoolSingl /proc/1233/task
ThreadPoolForeg /dev/urandom
chromium /lib/x86_64-linux-gnu/libxcb-glx.so.0
ThreadPoolSingl /proc/1233/task/1233/status
ThreadPoolForeg /etc/passwd
chromium /lib/x86_64-linux-gnu/libXxf86vm.so.1
ThreadPoolForeg /tmp
ThreadPoolSingl /proc/1233/task/1242/status
ThreadPoolForeg /var/tmp
chromium /lib/x86_64-linux-gnu/libsensors.so.5
ThreadPoolSingl /proc/1233/task/1243/status
ThreadPoolSingl /proc/1233/task/1245/status
chromium /lib/x86_64-linux-gnu/libdrm_amdgpu.so.1
ThreadPoolForeg /config/.local/share/pki/nssdb/cert9.db
chromium /lib/x86_64-linux-gnu/libelf.so.1
ThreadPoolSingl /proc/1233/task
ThreadPoolSingl /proc/1233/task/1233/status
chromium /lib/x86_64-linux-gnu/libdrm_intel.so.1
ThreadPoolSingl /proc/1233/task/1242/status
ThreadPoolForeg /config/.local/share/pki/nssdb/cert9.db-journal
chromium /lib/x86_64-linux-gnu/libpciaccess.so.0
ThreadPoolForeg /dev/urandom
ThreadPoolSingl /proc/1233/task/1243/status
ThreadPoolSingl /proc/1233/task/1245/status
ThreadPoolSingl /proc/1233/task/1247/status
ThreadPoolSingl /proc/1233/task
ThreadPoolSingl /proc/1233/task/1233/status
ThreadPoolSingl /proc/1233/task/1242/status
ThreadPoolSingl /proc/1233/task/1243/status
ThreadPoolSingl /proc/1233/task/1245/status
ThreadPoolSingl /proc/1233/task/1247/status
ThreadPoolSingl /proc/1233/task/1248/status
ThreadPoolSingl /proc/1233/task
ThreadPoolSingl /proc/1233/task/1233/status
ThreadPoolSingl /proc/1233/task/1242/status
ThreadPoolSingl /proc/1233/task/1243/status
ThreadPoolForeg /config/.local/share/pki/nssdb
ThreadPoolSingl /proc/1233/task/1245/status
ThreadPoolSingl /proc/1233/task/1247/status
ThreadPoolSingl /proc/1233/task/1248/status
ThreadPoolSingl /proc/1233/task/1254/status
ThreadPoolSingl /proc/1233/task
ThreadPoolSingl /proc/1233/task/1233/status
ThreadPoolSingl /proc/1233/task/1242/status
ThreadPoolSingl /proc/1233/task/1243/status
chromium /tmp/.org.chromium.Chromium.XEmh2h
ThreadPoolSingl /proc/1233/task/1245/status
ThreadPoolSingl /proc/1233/task/1247/status
ThreadPoolSingl /proc/1233/task/1248/status
ThreadPoolSingl /proc/1233/task/1254/status
ThreadPoolSingl /proc/1233/task/1256/status
ThreadPoolSingl /proc/1233/task
ThreadPoolSingl /proc/1233/task/1233/status
ThreadPoolSingl /proc/1233/task/1242/status
ThreadPoolSingl /proc/1233/task/1243/status
ThreadPoolSingl /proc/1233/task/1245/status
ThreadPoolSingl /proc/1233/task/1247/status
ThreadPoolSingl /proc/1233/task/1248/status
ThreadPoolSingl /proc/1233/task/1254/status
ThreadPoolSingl /proc/1233/task/1256/status
ThreadPoolSingl /proc/1233/task/1259/status
ThreadPoolSingl /proc/1233/task
ThreadPoolSingl /proc/1233/task/1233/status
ThreadPoolSingl /proc/1233/task/1242/status
ThreadPoolSingl /proc/1233/task/1243/status
ThreadPoolSingl /proc/1233/task/1245/status
ThreadPoolSingl /proc/1233/task/1247/status
ThreadPoolSingl /proc/1233/task/1248/status
ThreadPoolSingl /proc/1233/task/1254/status
ThreadPoolSingl /proc/1233/task/1256/status
ThreadPoolSingl /proc/1233/task/1259/status
ThreadPoolSingl /proc/1233/task/1260/status
ThreadPoolForeg /config/.local/share/pki/nssdb/key4.db
ThreadPoolSingl /proc/1233/task
ThreadPoolSingl /proc/1233/task/1233/status
ThreadPoolSingl /proc/1233/task/1242/status
ThreadPoolForeg /config/.local/share/pki/nssdb/key4.db-journal
ThreadPoolSingl /proc/1233/task/1243/status
ThreadPoolSingl /proc/1233/task/1245/status
ThreadPoolSingl /proc/1233/task/1247/status
ThreadPoolSingl /proc/1233/task/1248/status
ThreadPoolSingl /proc/1233/task/1254/status
ThreadPoolSingl /proc/1233/task/1256/status
chromium /usr/share/drirc.d
ThreadPoolForeg /config/.local/share/pki/nssdb
ThreadPoolSingl /proc/1233/task/1259/status
chromium /usr/share/drirc.d/00-mesa-defaults.conf
ThreadPoolSingl /proc/1233/task/1260/status
ThreadPoolSingl /proc/1233/task/1272/status
ThreadPoolSingl /proc/1233/task
ThreadPoolSingl /proc/1233/task/1233/status
ThreadPoolForeg /config/.config/chromium/Default/Extension State/LOG
ThreadPoolForeg /config/.config/chromium/Default/Extension State/LOCK
ThreadPoolForeg /config/.config/chromium/Default/Extension State/LOCK
ThreadPoolSingl /proc/1233/task/1242/status
chromium /usr/share/drirc.d/00-radv-defaults.conf
ThreadPoolSingl /proc/1233/task/1243/status
chromium /etc/drirc
ThreadPoolForeg /config/.config/chromium/Default/Extension State/MANIFEST-000001
chromium /config/.drirc
ThreadPoolSingl /proc/1233/task/1245/status
ThreadPoolForeg /config/.config/chromium/Default/Extension State
chromium /sys/devices/system/cpu/possible
chromium /sys/devices/system/cpu/cpu0/cpu_capacity
ThreadPoolSingl /proc/1233/task/1247/status
chromium /sys/devices/system/cpu/cpu1/cpu_capacity
chromium /sys/devices/system/cpu/cpu2/cpu_capacity
ThreadPoolSingl /proc/1233/task/1248/status
chromium /sys/devices/system/cpu/cpu3/cpu_capacity
ThreadPoolSingl /proc/1233/task/1254/status
chromium /sys/devices/system/cpu/cpu4/cpu_capacity
ThreadPoolSingl /proc/1233/task/1256/status
chromium /sys/devices/system/cpu/cpu5/cpu_capacity
chromium /sys/devices/system/cpu/cpu6/cpu_capacity
ThreadPoolSingl /proc/1233/task/1259/status
chromium /sys/devices/system/cpu/cpu7/cpu_capacity
ThreadPoolSingl /proc/1233/task/1260/status
chromium /sys/devices/system/cpu/cpu8/cpu_capacity
chromium /sys/devices/system/cpu/cpu9/cpu_capacity
ThreadPoolSingl /proc/1233/task/1272/status
chromium /sys/devices/system/cpu/cpu10/cpu_capacity
ThreadPoolSingl /proc/1233/task/1274/status
chromium /sys/devices/system/cpu/cpu11/cpu_capacity
chromium /sys/devices/system/cpu/cpu12/cpu_capacity
chromium /sys/devices/system/cpu/cpu13/cpu_capacity
chromium /sys/devices/system/cpu/cpu14/cpu_capacity
chromium /sys/devices/system/cpu/cpu15/cpu_capacity
chromium /dev/udmabuf
chromium /usr/share/drirc.d
chromium /usr/share/drirc.d/00-mesa-defaults.conf
ThreadPoolSingl /dev/null
ThreadPoolSingl /tmp/.org.chromium.Chromium.3LrW4D
chromium /usr/share/drirc.d/00-radv-defaults.conf
ThreadPoolSingl /proc/1244/task
ThreadPoolSingl /proc/1244/task/1244/status
chromium /etc/drirc
ThreadPoolForeg /config/.config/chromium/Default/Extension State/000001.dbtmp
chromium /config/.drirc
chromium /proc/1282/stat
ThreadPoolSingl /proc/1244/task/1252/status
chromium /proc/1282/status
ThreadPoolSingl /proc/1244/task/1253/status
chromium /proc/1282/stat
ThreadPoolSingl /proc/1244/task/1255/status
ThreadPoolSingl /proc/1244/task
ThreadPoolSingl /proc/1244/task/1244/status
ThreadPoolSingl /proc/1244/task/1252/status
ThreadPoolSingl /proc/1244/task/1253/status
ThreadPoolSingl /proc/1244/task/1255/status
ThreadPoolSingl /proc/1244/task/1257/status
ThreadPoolSingl /proc/1244/task
ThreadPoolSingl /proc/1244/task/1244/status
ThreadPoolSingl /proc/self/fd
ThreadPoolSingl /proc/1244/task/1252/status
ThreadPoolForeg /config/.config/chromium/Default/Extension State/CURRENT
ThreadPoolSingl /proc/1244/task/1253/status
ThreadPoolForeg /config/.config/chromium/Default/Extension State/MANIFEST-000001
ThreadPoolSingl /proc/1244/task/1255/status
ThreadPoolForeg /config/.config/chromium/Default/Extension State/MANIFEST-000001
ThreadPoolForeg /config/.config/chromium/Default/Extension State
ThreadPoolSingl /proc/1244/task/1257/status
ThreadPoolSingl /proc/1244/task/1258/status
ThreadPoolForeg /proc/sys/crypto/fips_enabled
ThreadPoolForeg /config/.config/chromium/Default/Extension State
ThreadPoolForeg /config/.local/share/pki/nssdb/libnssckbi.so
ThreadPoolSingl /proc/1244/task
ThreadPoolSingl /proc/1244/task/1244/status
ThreadPoolForeg /config/.config/chromium/Default/Extension State/000003.log
ThreadPoolForeg /config/.config/chromium/Default/Extension State
ThreadPoolSingl /proc/1244/task/1252/status
ThreadPoolForeg /config/.config/chromium/Default/Extension State
ThreadPoolSingl /proc/1244/task/1253/status
ThreadPoolSingl /proc/1244/task/1255/status
ThreadPoolSingl /proc/1244/task/1257/status
ThreadPoolForeg /config/.local/share/pki/nssdb/key4.db
ThreadPoolSingl /proc/1244/task/1258/status
ThreadPoolSingl /proc/1244/task/1263/status
ThreadPoolForeg /config/.local/share/pki/nssdb/key4.db-journal
exe /etc/ld.so.cache
exe /lib/x86_64-linux-gnu/libglib-2.0.so.0
exe /lib/x86_64-linux-gnu/libgobject-2.0.so.0
ThreadPoolForeg /config/.local/share/pki/nssdb
exe /lib/x86_64-linux-gnu/libnspr4.so
exe /lib/x86_64-linux-gnu/libnss3.so
exe /lib/x86_64-linux-gnu/libnssutil3.so
exe /lib/x86_64-linux-gnu/libsmime3.so
exe /lib/x86_64-linux-gnu/libopenh264.so.7
exe /lib/x86_64-linux-gnu/libgio-2.0.so.0
exe /lib/x86_64-linux-gnu/libatk-1.0.so.0
exe /lib/x86_64-linux-gnu/libatk-bridge-2.0.so.0
exe /lib/x86_64-linux-gnu/libdbus-1.so.3
exe /lib/x86_64-linux-gnu/libcups.so.2
exe /lib/x86_64-linux-gnu/libfontconfig.so.1
exe /lib/x86_64-linux-gnu/libz.so.1
exe /lib/x86_64-linux-gnu/libdouble-conversion.so.3
exe /lib/x86_64-linux-gnu/libzstd.so.1
exe /lib/x86_64-linux-gnu/libexpat.so.1
exe /lib/x86_64-linux-gnu/libjpeg.so.8
exe /lib/x86_64-linux-gnu/libfreetype.so.6
exe /lib/x86_64-linux-gnu/libharfbuzz.so.0
exe /lib/x86_64-linux-gnu/libharfbuzz-subset.so.0
exe /lib/x86_64-linux-gnu/libxcb.so.1
exe /lib/x86_64-linux-gnu/libxkbcommon.so.0
exe /lib/x86_64-linux-gnu/libasound.so.2
exe /lib/x86_64-linux-gnu/libpulse.so.0
exe /lib/x86_64-linux-gnu/libFLAC.so.12
exe /lib/x86_64-linux-gnu/libopus.so.0
exe /lib/x86_64-linux-gnu/libgbm.so.1
exe /lib/x86_64-linux-gnu/libX11.so.6
exe /lib/x86_64-linux-gnu/libXext.so.6
exe /lib/x86_64-linux-gnu/libXNVCtrl.so.0
exe /lib/x86_64-linux-gnu/libcairo.so.2
exe /lib/x86_64-linux-gnu/libpango-1.0.so.0
exe /lib/x86_64-linux-gnu/libudev.so.1
exe /lib/x86_64-linux-gnu/libm.so.6
ThreadPoolForeg /proc/sys/crypto/fips_enabled
ThreadPoolForeg /etc/ld.so.cache
chromium /config/.cache/mesa_shader_cache/index
exe /lib/x86_64-linux-gnu/libdav1d.so.7
ThreadPoolForeg /lib/x86_64-linux-gnu/libnssckbi.so
exe /lib/x86_64-linux-gnu/libXcomposite.so.1
chromium /config/.cache/mesa_shader_cache/db/1eda42f2a767a2d7820a869487f528f852a0c3
exe /lib/x86_64-linux-gnu/libXdamage.so.1
exe /lib/x86_64-linux-gnu/libXfixes.so.3
chromium /config/.cache/mesa_shader_cache/0c/2078390c4088c952a5aaf00c2698fc4cb3c2ae
exe /lib/x86_64-linux-gnu/libXrandr.so.2
exe /lib/x86_64-linux-gnu/libatspi.so.0
exe /lib/x86_64-linux-gnu/libminizip.so.1
exe /lib/x86_64-linux-gnu/libopenjp2.so.7
chromium /config/.cache/mesa_shader_cache/5e/44b0234ba7fee5aad30999f5c85fa1ab7d1e2b
exe /lib/x86_64-linux-gnu/liblcms2.so.2
exe /lib/x86_64-linux-gnu/libgcc_s.so.1
exe /lib/x86_64-linux-gnu/libc.so.6
exe /lib/x86_64-linux-gnu/libpcre2-8.so.0
exe /lib/x86_64-linux-gnu/libffi.so.8
exe /lib/x86_64-linux-gnu/libplc4.so
exe /lib/x86_64-linux-gnu/libplds4.so
exe /lib/x86_64-linux-gnu/libstdc++.so.6
exe /lib/x86_64-linux-gnu/libgmodule-2.0.so.0
exe /lib/x86_64-linux-gnu/libmount.so.1
exe /lib/x86_64-linux-gnu/libselinux.so.1
chromium /config/.cache/mesa_shader_cache/8a/05f419308844007d1e201ba19cfb5f3cd8ab27
exe /lib/x86_64-linux-gnu/libsystemd.so.0
exe /lib/x86_64-linux-gnu/libgssapi_krb5.so.2
exe /lib/x86_64-linux-gnu/libavahi-common.so.3
exe /lib/x86_64-linux-gnu/libavahi-client.so.3
exe /lib/x86_64-linux-gnu/libgnutls.so.30
exe /lib/x86_64-linux-gnu/libbz2.so.1.0
exe /lib/x86_64-linux-gnu/libpng16.so.16
exe /lib/x86_64-linux-gnu/libbrotlidec.so.1
exe /lib/x86_64-linux-gnu/libgraphite2.so.3
exe /lib/x86_64-linux-gnu/libXau.so.6
exe /lib/x86_64-linux-gnu/libXdmcp.so.6
exe /usr/lib/x86_64-linux-gnu/pulseaudio/glibc-hwcaps/x86-64-v3/libpulsecommon-16.1.so
exe /usr/lib/x86_64-linux-gnu/pulseaudio/glibc-hwcaps/x86-64-v2/libpulsecommon-16.1.so
exe /usr/lib/x86_64-linux-gnu/pulseaudio/libpulsecommon-16.1.so
exe /lib/x86_64-linux-gnu/libogg.so.0
exe /lib/x86_64-linux-gnu/libdrm.so.2
exe /lib/x86_64-linux-gnu/libXrender.so.1
exe /lib/x86_64-linux-gnu/libxcb-render.so.0
exe /lib/x86_64-linux-gnu/libxcb-shm.so.0
exe /lib/x86_64-linux-gnu/libpixman-1.so.0
exe /lib/x86_64-linux-gnu/libfribidi.so.0
exe /lib/x86_64-linux-gnu/libthai.so.0
exe /lib/x86_64-linux-gnu/libcap.so.2
exe /lib/x86_64-linux-gnu/libXi.so.6
exe /lib/x86_64-linux-gnu/libblkid.so.1
exe /lib/x86_64-linux-gnu/libgcrypt.so.20
exe /lib/x86_64-linux-gnu/liblz4.so.1
exe /lib/x86_64-linux-gnu/liblzma.so.5
exe /lib/x86_64-linux-gnu/libkrb5.so.3
exe /lib/x86_64-linux-gnu/libk5crypto.so.3
exe /lib/x86_64-linux-gnu/libcom_err.so.2
exe /lib/x86_64-linux-gnu/libkrb5support.so.0
exe /lib/x86_64-linux-gnu/libp11-kit.so.0
exe /lib/x86_64-linux-gnu/libidn2.so.0
exe /lib/x86_64-linux-gnu/libunistring.so.5
exe /lib/x86_64-linux-gnu/libtasn1.so.6
exe /lib/x86_64-linux-gnu/libnettle.so.8
exe /lib/x86_64-linux-gnu/libhogweed.so.6
exe /lib/x86_64-linux-gnu/libgmp.so.10
exe /lib/x86_64-linux-gnu/libbrotlicommon.so.1
exe /lib/x86_64-linux-gnu/libbsd.so.0
exe /lib/x86_64-linux-gnu/libsndfile.so.1
exe /lib/x86_64-linux-gnu/libX11-xcb.so.1
exe /lib/x86_64-linux-gnu/libasyncns.so.0
exe /lib/x86_64-linux-gnu/libapparmor.so.1
exe /lib/x86_64-linux-gnu/libdatrie.so.1
exe /lib/x86_64-linux-gnu/libgpg-error.so.0
exe /lib/x86_64-linux-gnu/libkeyutils.so.1
exe /lib/x86_64-linux-gnu/libresolv.so.2
exe /lib/x86_64-linux-gnu/libmd.so.0
exe /lib/x86_64-linux-gnu/libvorbis.so.0
exe /lib/x86_64-linux-gnu/libvorbisenc.so.2
exe /lib/x86_64-linux-gnu/libmpg123.so.0
exe /lib/x86_64-linux-gnu/libmp3lame.so.0
chromium /config/.cache/mesa_shader_cache/59/ec931cfacda6fd80434ecf9e3f29a17ea5760a
ThreadPoolForeg /config/.config/chromium/Default/Reporting and NEL
ThreadPoolForeg /config/.config/chromium/Default/Reporting and NEL
ThreadPoolForeg /config/.cache/chromium/Default/Cache/Cache_Data/a30879e1ceb1a6ee_0
ThreadPoolForeg /config/.config/chromium/Default/Reporting and NEL-journal
ThreadPoolForeg /config/.config/chromium/Default
exe /etc/gnutls/config
exe /proc/filesystems
exe /proc/self/stat
ThreadPoolForeg /config/.config/chromium/Default/Reporting and NEL-journal
exe /proc/stat
chromium /proc/self/cmdline
chromium /usr/lib/locale/locale-archive
Chrome_ChildIOT /tmp/.org.chromium.Chromium.iiBYKo
ThreadPoolForeg /config/.config/chromium/Default
chromium /proc/self/status
chromium /usr/lib/chromium/icudtl.dat
chromium /etc/localtime
ThreadPoolForeg /config/.config/chromium/Default/.org.chromium.Chromium.CKfa1B
chromium /usr/lib/chromium/chrome_100_percent.pak
chromium /usr/lib/chromium/chrome_200_percent.pak
chromium /usr/share/locale/locale.alias
chromium /usr/lib/x86_64-linux-gnu/gconv/gconv-modules.cache
chromium /usr/lib/chromium/locales/en-US.pak
chromium /usr/lib/chromium/resources.pak
chromium /proc/self/maps
ThreadPoolForeg /config/.config/chromium/Default/Reporting and NEL-journal
ThreadPoolForeg /config/.config/chromium/Default
Chrome_ChildIOT /tmp/.org.chromium.Chromium.TuzcIN
chromium /sys/devices/system/cpu/possible
chromium /sys/devices/system/cpu/cpu0/cpufreq/cpuinfo_max_freq
chromium /sys/devices/system/cpu/cpu1/cpufreq/cpuinfo_max_freq
chromium /sys/devices/system/cpu/cpu2/cpufreq/cpuinfo_max_freq
chromium /sys/devices/system/cpu/cpu3/cpufreq/cpuinfo_max_freq
chromium /sys/devices/system/cpu/cpu4/cpufreq/cpuinfo_max_freq
chromium /sys/devices/system/cpu/cpu5/cpufreq/cpuinfo_max_freq
chromium /sys/devices/system/cpu/cpu6/cpufreq/cpuinfo_max_freq
chromium /sys/devices/system/cpu/cpu7/cpufreq/cpuinfo_max_freq
chromium /sys/devices/system/cpu/cpu8/cpufreq/cpuinfo_max_freq
chromium /sys/devices/system/cpu/cpu9/cpufreq/cpuinfo_max_freq
chromium /sys/devices/system/cpu/cpu10/cpufreq/cpuinfo_max_freq
chromium /sys/devices/system/cpu/cpu11/cpufreq/cpuinfo_max_freq
chromium /sys/devices/system/cpu/cpu12/cpufreq/cpuinfo_max_freq
chromium /sys/devices/system/cpu/cpu13/cpufreq/cpuinfo_max_freq
chromium /sys/devices/system/cpu/cpu14/cpufreq/cpuinfo_max_freq
chromium /sys/devices/system/cpu/cpu15/cpufreq/cpuinfo_max_freq
ThreadPoolForeg /config/.config/chromium/Default/Reporting and NEL-journal
ThreadPoolForeg /config/.config/chromium/Default
chromium /tmp/.org.chromium.Chromium.w8WoGq
chromium /tmp/.org.chromium.Chromium.w8WoGq
Chrome_ChildIOT /proc/self/cmdline
ThreadPoolSingl /proc/1282/task
ThreadPoolSingl /proc/1282/task/1282/status
ThreadPoolSingl /proc/1282/task/1322/status
ThreadPoolSingl /proc/1282/task/1324/status
ThreadPoolSingl /proc/1282/task
ThreadPoolSingl /proc/1282/task/1282/status
ThreadPoolSingl /proc/1282/task/1322/status
ThreadPoolSingl /proc/1282/task/1324/status
chromium /proc/self/maps
ThreadPoolSingl /proc/1282/task/1325/status
ThreadPoolSingl /proc/1282/task
ThreadPoolSingl /proc/1282/task/1282/status
ThreadPoolSingl /proc/1282/task/1322/status
ThreadPoolSingl /proc/1282/task/1324/status
ThreadPoolSingl /proc/1282/task/1325/status
ThreadPoolSingl /proc/1282/task/1326/status
ThreadPoolSingl /proc/1282/task
ThreadPoolSingl /proc/1282/task/1282/status
ThreadPoolSingl /proc/1282/task/1322/status
chromium /proc/self/maps
ThreadPoolSingl /proc/1282/task/1324/status
ThreadPoolSingl /proc/1282/task/1325/status
ThreadPoolSingl /proc/1282/task/1326/status
ThreadPoolSingl /proc/1282/task/1327/status
chromium /proc/self/maps
import_thread /usr/share/chromium/initial_bookmarks.html
ThreadPoolSingl /proc/1282/task
ThreadPoolSingl /proc/1282/task/1282/status
ThreadPoolSingl /proc/1282/task/1322/status
ThreadPoolSingl /proc/1282/task/1324/status
ThreadPoolSingl /proc/1282/task/1325/status
ThreadPoolSingl /proc/1282/task/1326/status
ThreadPoolSingl /proc/1282/task/1327/status
ThreadPoolSingl /proc/1282/task/1330/status
chromium /etc/ld.so.cache
chromium /lib/x86_64-linux-gnu/libpci.so.3
chromium /sys/bus/pci/devices
ThreadPoolForeg /config/.config/chromium/Default/History-journal
chromium /sys/bus/pci/devices/0000:00:1f.4/vendor
chromium /sys/bus/pci/devices/0000:00:1f.4/device
chromium /sys/bus/pci/devices/0000:00:1f.4/class
chromium /sys/bus/pci/devices/0000:00:1f.4/revision
ThreadPoolForeg /config/.config/chromium/Default/engine_allowlist.bf
ThreadPoolForeg /usr/lib/chromium/resources/third_party/search_engines_data/resources/definitions/prepopulated_engines.json
chromium /sys/bus/pci/devices/0000:00:14.0/vendor
chromium /sys/bus/pci/devices/0000:00:14.0/device
chromium /sys/bus/pci/devices/0000:00:14.0/class
chromium /sys/bus/pci/devices/0000:00:14.0/revision
chromium /sys/bus/pci/devices/0000:00:02.0/vendor
chromium /sys/bus/pci/devices/0000:00:02.0/device
chromium /sys/bus/pci/devices/0000:00:02.0/class
chromium /sys/bus/pci/devices/0000:00:02.0/revision
chromium /sys/bus/pci/devices/0000:00:1c.4/vendor
chromium /sys/bus/pci/devices/0000:00:1c.4/device
chromium /sys/bus/pci/devices/0000:00:1c.4/class
chromium /sys/bus/pci/devices/0000:00:1c.4/revision
chromium /sys/bus/pci/devices/0000:00:1f.6/vendor
chromium /sys/bus/pci/devices/0000:00:1f.6/device
chromium /sys/bus/pci/devices/0000:00:1f.6/class
chromium /sys/bus/pci/devices/0000:00:1f.6/revision
chromium /sys/bus/pci/devices/0000:00:14.2/vendor
chromium /sys/bus/pci/devices/0000:00:14.2/device
chromium /sys/bus/pci/devices/0000:00:14.2/class
chromium /sys/bus/pci/devices/0000:00:14.2/revision
chromium /sys/bus/pci/devices/0000:00:1d.0/vendor
chromium /sys/bus/pci/devices/0000:00:1d.0/device
chromium /sys/bus/pci/devices/0000:00:1d.0/class
ThreadPoolForeg /config/.config/chromium/Default/Sessions
chromium /sys/bus/pci/devices/0000:00:1d.0/revision
chromium /sys/bus/pci/devices/0000:05:00.0/vendor
ThreadPoolForeg /config/.config/chromium/Default/Sessions
chromium /sys/bus/pci/devices/0000:05:00.0/device
chromium /sys/bus/pci/devices/0000:05:00.0/class
chromium /sys/bus/pci/devices/0000:05:00.0/revision
chromium /sys/bus/pci/devices/0000:00:1d.2/vendor
chromium /sys/bus/pci/devices/0000:00:1d.2/device
chromium /sys/bus/pci/devices/0000:00:1d.2/class
chromium /sys/bus/pci/devices/0000:00:1d.2/revision
chromium /sys/bus/pci/devices/0000:00:15.0/vendor
chromium /sys/bus/pci/devices/0000:00:15.0/device
chromium /sys/bus/pci/devices/0000:00:15.0/class
chromium /sys/bus/pci/devices/0000:00:15.0/revision
chromium /sys/bus/pci/devices/0000:00:12.0/vendor
chromium /sys/bus/pci/devices/0000:00:12.0/device
chromium /sys/bus/pci/devices/0000:00:12.0/class
chromium /sys/bus/pci/devices/0000:00:12.0/revision
chromium /sys/bus/pci/devices/0000:00:00.0/vendor
chromium /sys/bus/pci/devices/0000:00:00.0/device
chromium /sys/bus/pci/devices/0000:00:00.0/class
chromium /sys/bus/pci/devices/0000:00:00.0/revision
chromium /sys/bus/pci/devices/0000:00:1f.3/vendor
chromium /sys/bus/pci/devices/0000:00:1f.3/device
chromium /sys/bus/pci/devices/0000:00:1f.3/class
chromium /sys/bus/pci/devices/0000:00:1f.3/revision
chromium /sys/bus/pci/devices/0000:00:1f.5/vendor
chromium /sys/bus/pci/devices/0000:00:1f.5/device
chromium /sys/bus/pci/devices/0000:00:1f.5/class
chromium /sys/bus/pci/devices/0000:00:1f.5/revision
chromium /sys/bus/pci/devices/0000:00:1b.0/vendor
chromium /sys/bus/pci/devices/0000:00:1b.0/device
chromium /sys/bus/pci/devices/0000:00:1b.0/class
chromium /sys/bus/pci/devices/0000:00:1b.0/revision
chromium /sys/bus/pci/devices/0000:01:00.0/vendor
chromium /sys/bus/pci/devices/0000:01:00.0/device
chromium /sys/bus/pci/devices/0000:01:00.0/class
chromium /sys/bus/pci/devices/0000:01:00.0/revision
chromium /sys/bus/pci/devices/0000:00:16.0/vendor
chromium /usr/lib/x86_64-linux-gnu/charset.alias
chromium /sys/bus/pci/devices/0000:00:16.0/device
chromium /sys/bus/pci/devices/0000:00:16.0/class
chromium /sys/bus/pci/devices/0000:00:16.0/revision
chromium /sys/bus/pci/devices/0000:00:1f.0/vendor
chromium /sys/bus/pci/devices/0000:00:1f.0/device
chromium /sys/bus/pci/devices/0000:00:1f.0/class
chromium /sys/bus/pci/devices/0000:00:1f.0/revision
chromium /sys/bus/pci/devices/0000:00:08.0/vendor
chromium /sys/bus/pci/devices/0000:00:08.0/device
chromium /sys/bus/pci/devices/0000:00:08.0/class
chromium /sys/bus/pci/devices/0000:00:08.0/revision
chromium /sys/bus/pci/devices/0000:00:1c.0/vendor
chromium /sys/bus/pci/devices/0000:00:1c.0/device
chromium /sys/bus/pci/devices/0000:00:1c.0/class
chromium /sys/bus/pci/devices/0000:00:1c.0/revision
chromium /sys/bus/pci/devices/0000:00:17.0/vendor
chromium /sys/bus/pci/devices/0000:00:17.0/device
chromium /sys/bus/pci/devices/0000:00:17.0/class
chromium /sys/bus/pci/devices/0000:00:17.0/revision
chromium /sys/bus/pci/devices/0000:03:00.0/vendor
chromium /sys/bus/pci/devices/0000:03:00.0/device
chromium /sys/bus/pci/devices/0000:03:00.0/class
chromium /sys/bus/pci/devices/0000:03:00.0/revision
Xvfb /proc/1231/cmdline
dbus-daemon /run/systemd/users/911
dbus-daemon /proc/1149/cmdline
dbus-daemon /config/.XDG/dbus-1/services
dbus-daemon /config/.local/share/dbus-1/services
dbus-daemon /usr/local/share/dbus-1/services
dbus-daemon /usr/share/dbus-1/services
dbus-daemon /usr/share/dbus-1/services/org.kde.plasma.Notifications.service
chromium /usr/share/glib-2.0/schemas/gschemas.compiled
chromium /usr/local/share/glib-2.0/schemas/gschemas.compiled
chromium /config/.local/share/glib-2.0/schemas/gschemas.compiled
chromium /usr/lib/x86_64-linux-gnu/gio/modules/libdconfsettings.so
chromium /run/dconf/user/911
chromium /config/.XDG/dconf/profile
chromium /etc/dconf/profile/user
chromium /usr/local/share/dconf/profile/user
chromium /usr/share/dconf/profile/user
chromium /config/.XDG/dconf/user
chromium /config/.config/dconf/user
dbus-daemon /run/systemd/users/911
dbus-daemon /proc/1149/cmdline
chromium /usr/share/fonts/truetype/noto/NotoSans-Regular.ttf
chromium /dev/dri/renderD128
chromium /etc/ld.so.cache
chromium /lib/x86_64-linux-gnu/libva.so.2
chromium /etc/ld.so.cache
chromium /lib/x86_64-linux-gnu/libva-drm.so.2
chromium /proc/
chromium /proc/
chromium /proc/
chromium /tmp/.org.chromium.Chromium.nCOezi
chromium /tmp/.org.chromium.Chromium.nCOezi
ThreadPoolForeg /config/.icons/breeze_cursors/cursors/left_ptr
ThreadPoolForeg /config/.icons/breeze_cursors/index.theme
ThreadPoolForeg /usr/share/icons/breeze_cursors/cursors/left_ptr
chromium /tmp/.org.chromium.Chromium.nJ4LDb
chromium /tmp/.org.chromium.Chromium.nJ4LDb
ThreadPoolForeg /config/.config/chromium/Default/Top Sites
ThreadPoolForeg /config/.config/chromium/Default/Top Sites-journal
ThreadPoolForeg /config/.config/chromium/Default
chromium /tmp/.org.chromium.Chromium.pHy7J5
chromium /tmp/.org.chromium.Chromium.pHy7J5
chromium /tmp/.org.chromium.Chromium.QF1Gdf
CacheThread_Blo /config/.config/chromium/Default/GPUCache/index
chromium /tmp/.org.chromium.Chromium.QF1Gdf
CacheThread_Blo /config/.config/chromium/Default/GPUCache/index
chromium /tmp/.org.chromium.Chromium.aG58bA
chromium /tmp/.org.chromium.Chromium.HT1s7b
chromium /tmp/.org.chromium.Chromium.HT1s7b
chromium /tmp/.org.chromium.Chromium.TK22Yj
ThreadPoolSingl /tmp/.org.chromium.Chromium.dNDqHl
CacheThread_Blo /config/.config/chromium/Default/GPUCache/index
CacheThread_Blo /config/.config/chromium/Default/GPUCache/data_0
CacheThread_Blo /config/.config/chromium/Default/GPUCache/data_0
CacheThread_Blo /config/.config/chromium/Default/GPUCache/data_1
CacheThread_Blo /config/.config/chromium/Default/GPUCache/data_1
CacheThread_Blo /config/.config/chromium/Default/GPUCache/data_2
CacheThread_Blo /config/.config/chromium/Default/GPUCache/data_2
CacheThread_Blo /config/.config/chromium/Default/GPUCache/data_3
CacheThread_Blo /config/.config/chromium/Default/GPUCache/data_3
CacheThread_Blo /config/.config/chromium/Default/DawnWebGPUCache/index
CacheThread_Blo /config/.config/chromium/Default/DawnWebGPUCache/index
ThreadPoolSingl /tmp/.org.chromium.Chromium.xrqmw4
chromium /proc/self/maps
chromium /tmp/.org.chromium.Chromium.ALsMLb
chromium /tmp/.org.chromium.Chromium.ALsMLb
chromium /proc/self/maps
CacheThread_Blo /config/.config/chromium/Default/DawnWebGPUCache/index
CacheThread_Blo /config/.config/chromium/Default/DawnWebGPUCache/data_0
CacheThread_Blo /config/.config/chromium/Default/DawnWebGPUCache/data_0
CacheThread_Blo /config/.config/chromium/Default/DawnWebGPUCache/data_1
CacheThread_Blo /config/.config/chromium/Default/DawnWebGPUCache/data_1
CacheThread_Blo /config/.config/chromium/Default/DawnWebGPUCache/data_2
CacheThread_Blo /config/.config/chromium/Default/DawnWebGPUCache/data_2
CacheThread_Blo /config/.config/chromium/Default/DawnWebGPUCache/data_3
CacheThread_Blo /config/.config/chromium/Default/DawnWebGPUCache/data_3
chromium /proc/self/maps
CacheThread_Blo /config/.config/chromium/Default/DawnGraphiteCache/index
CacheThread_Blo /config/.config/chromium/Default/DawnGraphiteCache/index
ThreadPoolForeg /config/.cache/chromium/Default/Cache/Cache_Data/b2406f1e04e715ae_0
chromium /proc/self/maps
chromium /proc/self/maps
CacheThread_Blo /config/.config/chromium/Default/DawnGraphiteCache/index
CacheThread_Blo /config/.config/chromium/Default/DawnGraphiteCache/data_0
CacheThread_Blo /config/.config/chromium/Default/DawnGraphiteCache/data_0
chromium /proc/self/maps
CacheThread_Blo /config/.config/chromium/Default/DawnGraphiteCache/data_1
CacheThread_Blo /config/.config/chromium/Default/DawnGraphiteCache/data_1
CacheThread_Blo /config/.config/chromium/Default/DawnGraphiteCache/data_2
CacheThread_Blo /config/.config/chromium/Default/DawnGraphiteCache/data_2
CacheThread_Blo /config/.config/chromium/Default/DawnGraphiteCache/data_3
CacheThread_Blo /config/.config/chromium/Default/DawnGraphiteCache/data_3
Chrome_IOThread /tmp/.org.chromium.Chromium.NyoVNL
chromium /proc/1282/stat
chromium /proc/1282/stat
ThreadPoolForeg /config/.config/chromium/Default/Session Storage/LOG
ThreadPoolForeg /config/.config/chromium/Default/Session Storage/LOCK
ThreadPoolForeg /config/.config/chromium/Default/Session Storage/LOCK
chromium /proc/1231/stat
chromium /proc/1231/status
chromium /proc/1231/stat
ThreadPoolForeg /config/.config/chromium/Default/Session Storage/MANIFEST-000001
ThreadPoolForeg /config/.config/chromium/Default/Session Storage
CacheThread_Blo /config/.config/chromium/GrShaderCache/index
CacheThread_Blo /config/.config/chromium/GrShaderCache/index
ThreadPoolForeg /config/.config/chromium/Default/Session Storage/000001.dbtmp
plasmashell /config/Desktop/chromium.desktop
chromium /proc/1350/stat
plasmashell /config/Desktop/chromium.desktop
ThreadPoolForeg /config/.config/chromium/Default/Session Storage/CURRENT
CacheThread_Blo /config/.config/chromium/GrShaderCache/index
ThreadPoolForeg /config/.config/chromium/Default/Session Storage/MANIFEST-000001
CacheThread_Blo /config/.config/chromium/GrShaderCache/data_0
plasmashell /config/Desktop/chromium.desktop
CacheThread_Blo /config/.config/chromium/GrShaderCache/data_0
chromium /proc/1352/stat
CacheThread_Blo /config/.config/chromium/GrShaderCache/data_1
CacheThread_Blo /config/.config/chromium/GrShaderCache/data_1
CacheThread_Blo /config/.config/chromium/GrShaderCache/data_2
CacheThread_Blo /config/.config/chromium/GrShaderCache/data_2
plasmashell /config/Desktop/chromium.desktop
ThreadPoolForeg /config/.config/chromium/Default/Session Storage/MANIFEST-000001
CacheThread_Blo /config/.config/chromium/GrShaderCache/data_3
CacheThread_Blo /config/.config/chromium/GrShaderCache/data_3
ThreadPoolForeg /config/.config/chromium/Default/Session Storage
CacheThread_Blo /config/.config/chromium/GraphiteDawnCache/index
CacheThread_Blo /config/.config/chromium/GraphiteDawnCache/index
plasmashell /config/Desktop/chromium.desktop
ThreadPoolForeg /config/.config/chromium/Default/Session Storage
plasmashell /config/Desktop/chromium.desktop
ThreadPoolForeg /config/.config/chromium/Default/Session Storage/000003.log
plasmashell /config/Desktop/chromium.desktop
chromium /proc/self/maps
chromium /proc/self/maps
ThreadPoolForeg /config/.config/chromium/Default/Session Storage
plasmashell /config/Desktop/chromium.desktop
ThreadPoolForeg /config/.config/chromium/Default/Session Storage
plasmashell /config/Desktop/chromium.desktop
plasmashell /config/Desktop/chromium.desktop
plasmashell /config/Desktop/chromium.desktop
CacheThread_Blo /config/.config/chromium/GraphiteDawnCache/index
CacheThread_Blo /config/.config/chromium/GraphiteDawnCache/data_0
CacheThread_Blo /config/.config/chromium/GraphiteDawnCache/data_0
plasmashell /config/Desktop/chromium.desktop
CacheThread_Blo /config/.config/chromium/GraphiteDawnCache/data_1
CacheThread_Blo /config/.config/chromium/GraphiteDawnCache/data_1
CacheThread_Blo /config/.config/chromium/GraphiteDawnCache/data_2
CacheThread_Blo /config/.config/chromium/GraphiteDawnCache/data_2
CacheThread_Blo /config/.config/chromium/GraphiteDawnCache/data_3
plasmashell /config/Desktop/chromium.desktop
CacheThread_Blo /config/.config/chromium/GraphiteDawnCache/data_3
plasmashell /config/Desktop/chromium.desktop
chromium /proc/1352/stat
plasmashell /config/Desktop/chromium.desktop
chromium /usr/lib/x86_64-linux-gnu/gtk-3.0/3.0.0/immodules.cache
plasmashell /config/Desktop/chromium.desktop
chromium /proc/1352/stat
plasmashell /config/Desktop/chromium.desktop
plasmashell /config/Desktop/chromium.desktop
plasmashell /config/Desktop/chromium.desktop
plasmashell /config/Desktop/chromium.desktop
plasmashell /config/Desktop/chromium.desktop
ThreadPoolSingl /proc/1352/task
ThreadPoolSingl /proc/1352/task/1352/status
ThreadPoolSingl /proc/1352/task/1355/status
ThreadPoolSingl /proc/1352/task/1361/status
plasmashell /config/Desktop/chromium.desktop
ThreadPoolSingl /proc/1352/task
chromium /proc/1350/stat
ThreadPoolSingl /proc/1352/task/1352/status
chromium /proc/1350/status
plasmashell /config/Desktop/chromium.desktop
ThreadPoolSingl /proc/1352/task/1355/status
ThreadPoolSingl /proc/1352/task/1361/status
chromium /proc/1350/status
chromium /proc/1350/statm
ThreadPoolSingl /proc/1352/task/1363/status
plasmashell /config/Desktop/chromium.desktop
ThreadPoolSingl /proc/1352/task
ThreadPoolForeg /tmp/.org.chromium.Chromium.rZ0Lux
ThreadPoolForeg /tmp/.org.chromium.Chromium.rZ0Lux
ThreadPoolSingl /proc/1352/task/1352/status
ThreadPoolSingl /proc/1352/task/1355/status
ThreadPoolForeg /config/.config/chromium/Dictionaries/en-US-10-1.bdic
plasmashell /config/Desktop/chromium.desktop
ThreadPoolSingl /proc/1352/task/1361/status
ThreadPoolSingl /proc/1352/task/1363/status
ThreadPoolSingl /proc/1352/task/1364/status
plasmashell /config/Desktop/chromium.desktop
ThreadPoolSingl /proc/1350/task
ThreadPoolSingl /proc/1350/task/1350/status
ThreadPoolSingl /proc/1350/task/1353/status
plasmashell /config/Desktop/chromium.desktop
ThreadPoolSingl /proc/1350/task/1356/status
ThreadPoolSingl /proc/1352/task
ThreadPoolSingl /proc/1352/task/1352/status
plasmashell /config/Desktop/chromium.desktop
ThreadPoolSingl /proc/1352/task/1355/status
chromium /proc/1352/stat
ThreadPoolSingl /proc/1352/task/1361/status
chromium /proc/1352/status
ThreadPoolSingl /proc/1352/task/1363/status
ThreadPoolSingl /proc/1352/task/1364/status
chromium /proc/1352/status
chromium /proc/1352/statm
plasmashell /config/Desktop/chromium.desktop
ThreadPoolSingl /proc/1352/task/1365/status
Chrome_IOThread /sys/devices/system/cpu/online
ThreadPoolSingl /proc/1352/task
ThreadPoolForeg /tmp/.org.chromium.Chromium.JkP5EO
ThreadPoolForeg /tmp/.org.chromium.Chromium.JkP5EO
ThreadPoolSingl /proc/1352/task/1352/status
plasmashell /config/Desktop/chromium.desktop
ThreadPoolSingl /proc/1352/task/1355/status
ThreadPoolSingl /proc/1352/task/1361/status
ThreadPoolSingl /proc/1352/task/1363/status
plasmashell /config/Desktop/chromium.desktop
ThreadPoolSingl /proc/1352/task/1364/status
ThreadPoolSingl /proc/1352/task/1365/status
ThreadPoolSingl /proc/1352/task/1366/status
plasmashell /config/Desktop/chromium.desktop
ThreadPoolSingl /proc/1350/task
ThreadPoolSingl /proc/1350/task/1350/status
ThreadPoolSingl /proc/1350/task/1353/status
plasmashell /config/Desktop/chromium.desktop
ThreadPoolSingl /proc/1350/task/1356/status
ThreadPoolSingl /proc/1350/task/1357/status
plasmashell /config/Desktop/chromium.desktop
ThreadPoolSingl /proc/1350/task
ThreadPoolSingl /proc/1350/task/1350/status
ThreadPoolSingl /proc/1350/task/1353/status
ThreadPoolSingl /proc/1350/task/1356/status
plasmashell /config/Desktop/chromium.desktop
ThreadPoolSingl /proc/1350/task/1357/status
xclip /etc/ld.so.cache
ThreadPoolSingl /proc/1350/task/1358/status
xclip /lib/x86_64-linux-gnu/libXmu.so.6
xclip /lib/x86_64-linux-gnu/libX11.so.6
xclip /lib/x86_64-linux-gnu/libc.so.6
plasmashell /config/Desktop/chromium.desktop
ThreadPoolSingl /proc/1350/task
xclip /lib/x86_64-linux-gnu/libXt.so.6
xclip /lib/x86_64-linux-gnu/libXext.so.6
xclip /lib/x86_64-linux-gnu/libxcb.so.1
xclip /lib/x86_64-linux-gnu/libSM.so.6
xclip /lib/x86_64-linux-gnu/libICE.so.6
xclip /lib/x86_64-linux-gnu/libXau.so.6
ThreadPoolSingl /proc/1350/task/1350/status
xclip /lib/x86_64-linux-gnu/libXdmcp.so.6
xclip /lib/x86_64-linux-gnu/libuuid.so.1
xclip /lib/x86_64-linux-gnu/libbsd.so.0
ThreadPoolSingl /proc/1350/task/1353/status
xclip /lib/x86_64-linux-gnu/libmd.so.0
ThreadPoolSingl /proc/1350/task/1356/status
chromium /tmp/.org.chromium.Chromium.UUKIel
chromium /tmp/.org.chromium.Chromium.UUKIel
plasmashell /config/Desktop/chromium.desktop
ThreadPoolSingl /proc/1350/task/1357/status
xclip /usr/share/X11/locale/locale.alias
ThreadPoolSingl /proc/1350/task/1358/status
xclip /usr/share/X11/locale/locale.dir
xclip /usr/share/X11/locale/C/XLC_LOCALE
xclip /usr/share/X11/locale/locale.alias
plasmashell /config/.local/share/kservices5
ThreadPoolSingl /proc/1350/task/1359/status
xclip /usr/share/X11/locale/locale.dir
plasmashell /config/.local/share/mime
xclip /usr/share/X11/locale/C/XLC_LOCALE
Xvfb /proc/1376/cmdline
plasmashell /etc/xdg/menus
ThreadPoolSingl /proc/1350/task
ThreadPoolSingl /proc/1350/task/1350/status
plasmashell /usr/local/share/kservices5
Chrome_IOThread /tmp/.org.chromium.Chromium.NJGN2O
ThreadPoolSingl /proc/1350/task/1353/status
plasmashell /usr/local/share/mime
ThreadPoolSingl /proc/1350/task/1356/status
plasmashell /usr/share/kservices5
ThreadPoolSingl /proc/1350/task/1357/status
ThreadPoolSingl /proc/1350/task/1358/status
plasmashell /usr/share/kservices5/ServiceMenus
ThreadPoolSingl /proc/1350/task/1359/status
plasmashell /usr/share/kservices5/qimageioplugins
ThreadPoolSingl /proc/1350/task/1360/status
plasmashell /usr/share/kservices5/searchproviders
ThreadPoolSingl /proc/1350/task
Chrome_IOThread /tmp/.org.chromium.Chromium.k5kQUl
ThreadPoolSingl /proc/1350/task/1350/status
ThreadPoolSingl /proc/1350/task/1353/status
plasmashell /usr/share/mime
chromium /tmp/.org.chromium.Chromium.sdh6GI
chromium /tmp/.org.chromium.Chromium.sdh6GI
ThreadPoolSingl /proc/1350/task/1356/status
plasmashell /usr/share/mime/application
ThreadPoolSingl /proc/1350/task/1357/status
ThreadPoolSingl /proc/1350/task/1358/status
ThreadPoolSingl /proc/1350/task/1359/status
plasmashell /usr/share/mime/audio
ThreadPoolSingl /proc/1350/task/1360/status
plasmashell /usr/share/mime/chemical
ThreadPoolSingl /proc/1350/task/1370/status
plasmashell /usr/share/mime/font
chromium /tmp/.org.chromium.Chromium.gcGCkW
ThreadPoolSingl /proc/1350/task
Chrome_IOThread /tmp/.org.chromium.Chromium.jbxs70
ThreadPoolSingl /proc/1350/task/1350/status
plasmashell /usr/share/mime/image
ThreadPoolSingl /proc/1350/task/1353/status
Chrome_IOThread /tmp/.org.chromium.Chromium.QyiJ1Y
ThreadPoolSingl /proc/1350/task/1356/status
plasmashell /usr/share/mime/inode
ThreadPoolSingl /proc/1350/task/1357/status
ThreadPoolSingl /proc/1350/task/1358/status
plasmashell /usr/share/mime/message
ThreadPoolSingl /proc/1350/task/1359/status
plasmashell /usr/share/mime/model
chromium /tmp/.org.chromium.Chromium.ePuugv
ThreadPoolSingl /proc/1350/task
plasmashell /usr/share/mime/multipart
ThreadPoolSingl /proc/1350/task/1350/status
chromium /tmp/.org.chromium.Chromium.IBSZas
ThreadPoolSingl /proc/1350/task/1353/status
plasmashell /usr/share/mime/packages
ThreadPoolSingl /proc/1350/task/1356/status
Compositor /tmp/.org.chromium.Chromium.pjqtcR
plasmashell /usr/share/mime/text
ThreadPoolSingl /proc/1350/task/1357/status
plasmashell /usr/share/mime/video
ThreadPoolSingl /proc/1350/task/1358/status
ThreadPoolSingl /proc/1350/task/1359/status
plasmashell /usr/share/mime/x-content
ThreadPoolSingl /proc/1350/task/1360/status
ThreadPoolSingl /proc/1350/task/1370/status
Compositor /tmp/.org.chromium.Chromium.FUoK4O
plasmashell /usr/share/mime/x-epoc
ThreadPoolSingl /proc/1350/task/1373/status
Compositor /tmp/.org.chromium.Chromium.nF63Ie
ThreadPoolSingl /proc/1350/task
ThreadPoolSingl /proc/1350/task/1350/status
ThreadPoolSingl /proc/1350/task/1353/status
ThreadPoolSingl /proc/1350/task/1356/status
ThreadPoolSingl /proc/1350/task/1357/status
ThreadPoolSingl /proc/1350/task/1358/status
plasmashell /config/Desktop/chromium.desktop
ThreadPoolSingl /proc/1350/task/1359/status
ThreadPoolSingl /proc/1350/task/1360/status
ThreadPoolSingl /proc/1350/task/1370/status
plasmashell /config/Desktop/chromium.desktop
ThreadPoolSingl /proc/1352/task
ThreadPoolSingl /proc/1352/task/1352/status
ThreadPoolSingl /proc/1352/task/1355/status
plasmashell /config/Desktop/chromium.desktop
ThreadPoolSingl /proc/1352/task/1361/status
ThreadPoolSingl /proc/1352/task/1363/status
ThreadPoolSingl /proc/1352/task/1364/status
plasmashell /config/Desktop/chromium.desktop
ThreadPoolSingl /proc/1352/task/1365/status
ThreadPoolSingl /proc/1352/task/1366/status
plasmashell /config/Desktop/chromium.desktop
chromium /tmp/.org.chromium.Chromium.jei0rp
ThreadPoolSingl /proc/1352/task/1371/status
ThreadPoolSingl /proc/1231/task
chromium /tmp/.org.chromium.Chromium.7e4Crt
plasmashell /config/Desktop/chromium.desktop
ThreadPoolSingl /proc/1231/task/1231/status
chromium /tmp/.org.chromium.Chromium.MmZNSV
ThreadPoolSingl /proc/1352/task
ThreadPoolSingl /proc/1352/task/1352/status
chromium /tmp/.org.chromium.Chromium.UCcIqa
plasmashell /config/Desktop/chromium.desktop
ThreadPoolSingl /proc/1352/task/1355/status
chromium /tmp/.org.chromium.Chromium.y3xMlP
ThreadPoolSingl /proc/1352/task/1361/status
ThreadPoolSingl /proc/1352/task/1363/status
chromium /tmp/.org.chromium.Chromium.YbO63z
ThreadPoolSingl /proc/1352/task/1364/status
plasmashell /config/Desktop/chromium.desktop
ThreadPoolSingl /proc/1352/task/1365/status
chromium /tmp/.org.chromium.Chromium.q2UWbZ
ThreadPoolSingl /proc/1352/task
chromium /tmp/.org.chromium.Chromium.JCe9pu
ThreadPoolSingl /proc/1352/task/1352/status
plasmashell /config/Desktop/chromium.desktop
ThreadPoolSingl /proc/1352/task/1355/status
chromium /tmp/.org.chromium.Chromium.uscfe9
ThreadPoolSingl /proc/1352/task/1361/status
chromium /tmp/.org.chromium.Chromium.DJ0tY4
ThreadPoolSingl /proc/1352/task/1363/status
plasmashell /config/Desktop/chromium.desktop
ThreadPoolSingl /proc/1352/task/1364/status
chromium /tmp/.org.chromium.Chromium.5xmRQP
ThreadPoolSingl /proc/1352/task/1365/status
ThreadPoolSingl /proc/1352/task/1366/status
chromium /tmp/.org.chromium.Chromium.a6hoWJ
plasmashell /config/Desktop/chromium.desktop
ThreadPoolSingl /proc/1352/task/1371/status
chromium /tmp/.org.chromium.Chromium.ztvVSy
ThreadPoolSingl /proc/1352/task/1372/status
ThreadPoolSingl /proc/1352/task
chromium /tmp/.org.chromium.Chromium.FYrD3W
ThreadPoolSingl /proc/1352/task/1352/status
ThreadPoolSingl /proc/1352/task/1355/status
chromium /tmp/.org.chromium.Chromium.LiGPjv
ThreadPoolSingl /proc/1352/task/1361/status
chromium /tmp/.org.chromium.Chromium.8AdJaN
ThreadPoolSingl /proc/1352/task/1363/status
ThreadPoolSingl /proc/1352/task/1364/status
chromium /tmp/.org.chromium.Chromium.XwrQev
ThreadPoolSingl /proc/1352/task/1365/status
ThreadPoolSingl /proc/1352/task/1366/status
chromium /tmp/.org.chromium.Chromium.maZK1F
ThreadPoolSingl /proc/1352/task/1371/status
chromium /tmp/.org.chromium.Chromium.cRhJ9e
ThreadPoolSingl /proc/1231/task
chromium /tmp/.org.chromium.Chromium.GktMn4
ThreadPoolSingl /proc/1231/task/1231/status
ThreadPoolSingl /proc/1231/task/1235/status
chromium /tmp/.org.chromium.Chromium.F6xxDB
ThreadPoolSingl /proc/1231/task/1284/status
ThreadPoolSingl /proc/1231/task/1285/status
chromium /tmp/.org.chromium.Chromium.K7XDVu
ThreadPoolSingl /proc/1231/task/1286/status
chromium /tmp/.org.chromium.Chromium.HB9Qyi
selkies /proc/stat
ThreadPoolSingl /proc/1231/task/1287/status
selkies /proc/meminfo
Chrome_ChildIOT /tmp/.org.chromium.Chromium.veXPuL
ThreadPoolSingl /proc/1231/task/1288/status
chromium /tmp/.org.chromium.Chromium.n6rTrd
ThreadPoolSingl /proc/1231/task/1289/status
ThreadPoolSingl /proc/1231/task/1290/status
chromium /tmp/.org.chromium.Chromium.YqEklN
ThreadPoolSingl /proc/1231/task/1291/status
ThreadPoolSingl /proc/1231/task/1292/status
chromium /tmp/.org.chromium.Chromium.Qd3fJ4
ThreadPoolSingl /proc/1231/task/1293/status
chromium /tmp/.org.chromium.Chromium.3voQN3
ThreadPoolSingl /proc/1231/task/1294/status
ThreadPoolSingl /proc/1231/task/1295/status
chromium /tmp/.org.chromium.Chromium.XemGTQ
ThreadPoolSingl /proc/1231/task/1296/status
chromium /tmp/.org.chromium.Chromium.7tO3Lz
ThreadPoolSingl /proc/1231/task/1297/status
ThreadPoolSingl /proc/1231/task/1298/status
chromium /tmp/.org.chromium.Chromium.ldQ3nk
ThreadPoolSingl /proc/1231/task/1299/status
ThreadPoolSingl /proc/1231/task/1300/status
chromium /tmp/.org.chromium.Chromium.JJhPfZ
ThreadPoolSingl /proc/1231/task/1301/status
chromium /tmp/.org.chromium.Chromium.0KUq2E
ThreadPoolSingl /proc/1231/task/1302/status
ThreadPoolSingl /proc/1231/task/1303/status
QQmlThread /usr/share/plasma/plasmoids/org.kde.plasma.taskmanager/contents/ui/inlinec
QQmlThread /config/.cache/plasmashell/qmlcache/3807403dffe42867d027edf93e6c2cc872923bac.
ThreadPoolSingl /proc/1231/task/1304/status
ThreadPoolSingl /proc/1231/task/1305/status
ThreadPoolSingl /proc/1231/task/1306/status
ThreadPoolSingl /proc/1231/task/1307/status
ThreadPoolSingl /proc/1231/task/1308/status
ThreadPoolSingl /proc/1231/task/1309/status
QQmlThread /usr/share/plasma/plasmoids/org.kde.plasma.taskmanager/contents/ui/GroupExpanderOverlay.qmlc
QQmlThread /config/.cache/plasmashell/qmlcache/bca21c2168a2062ac135a69ba48bc3166ca1f865.qmlc
QQmlThread /usr/share/plasma/plasmoids/org.kde.plasma.taskmanager/contents/ui/GroupExpanderOverlay.qml
ThreadPoolSingl /proc/1231/task/1311/status
ThreadPoolSingl /proc/1231/task/1312/status
QQmlThread /config/.cache/plasmashell/qmlcache
ThreadPoolSingl /proc/1231/task/1313/status
ThreadPoolSingl /proc/1231/task/1314/status
ThreadPoolSingl /proc/1231/task/1315/status
ThreadPoolSingl /proc/1231/task/1316/status
Chrome_ChildIOT /tmp/.org.chromium.Chromium.PHyWhI
Chrome_ChildIOT /tmp/.org.chromium.Chromium.PHyWhI
ThreadPoolSingl /proc/1231/task/1317/status
ThreadPoolSingl /proc/1231/task/1339/status
ThreadPoolSingl /proc/1231/task/1340/status
ThreadPoolSingl /proc/1231/task/1341/status
QQmlThread /usr/share/plasma/plasmoids/org.kde.plasma.taskmanager/contents/ui/GroupExpanderOverlay.qmlc
QQmlThread /config/.cache/plasmashell/qmlcache/bca21c2168a2062ac135a69ba48bc3166ca1f865.qmlc
ThreadPoolSingl /proc/1231/task/1342/status
Chrome_IOThread /tmp/.org.chromium.Chromium.j64zLL
ThreadPoolSingl /proc/1231/task/1343/status
ThreadPoolSingl /proc/1231/task/1344/status
ThreadPoolSingl /proc/1231/task/1379/status
ThreadPoolSingl /proc/1231/task
ThreadPoolSingl /proc/1231/task/1231/status
ThreadPoolSingl /proc/1231/task/1235/status
Chrome_IOThread /tmp/.org.chromium.Chromium.9qENNv
ThreadPoolSingl /proc/1231/task/1284/status
ThreadPoolSingl /proc/1231/task/1285/status
ThreadPoolSingl /proc/1231/task/1286/status
ThreadPoolSingl /proc/1231/task/1287/status
ThreadPoolSingl /proc/1231/task/1288/status
chromium /tmp/.org.chromium.Chromium.Vw2n8f
chromium /tmp/.org.chromium.Chromium.Vw2n8f
ThreadPoolSingl /proc/1231/task/1289/status
ThreadPoolSingl /proc/1231/task/1290/status
ThreadPoolSingl /proc/1231/task/1291/status
ThreadPoolSingl /proc/1231/task/1292/status
ThreadPoolSingl /proc/1231/task/1293/status
ThreadPoolSingl /proc/1231/task/1294/status
ThreadPoolSingl /proc/1231/task/1295/status
ThreadPoolSingl /proc/1231/task/1296/status
ThreadPoolSingl /proc/1231/task/1297/status
ThreadPoolSingl /proc/1231/task/1298/status
ThreadPoolSingl /proc/1231/task/1299/status
ThreadPoolSingl /proc/1231/task/1300/status
ThreadPoolSingl /proc/1231/task/1301/status
ThreadPoolSingl /proc/1231/task/1302/status
ThreadPoolSingl /proc/1231/task/1303/status
ThreadPoolSingl /proc/1231/task/1304/status
ThreadPoolSingl /proc/1231/task/1305/status
ThreadPoolForeg /config/.cache/chromium/Default/Cache/Cache_Data/03195e87621ef23d_0
ThreadPoolSingl /proc/1231/task/1306/status
ThreadPoolForeg /config/.cache/chromium/Default/Cache/Cache_Data/075ad7c5b768cd99_0
ThreadPoolSingl /proc/1231/task/1307/status
ThreadPoolSingl /proc/1231/task/1308/status
ThreadPoolForeg /config/.cache/chromium/Default/Cache/Cache_Data/8b98b131e4a3463f_0
ThreadPoolSingl /proc/1231/task/1309/status
ThreadPoolForeg /config/.cache/chromium/Default/Cache/Cache_Data/332636a61a1a4cd0_0
ThreadPoolSingl /proc/1231/task/1311/status
ThreadPoolSingl /proc/1231/task/1312/status
ThreadPoolForeg /config/.cache/chromium/Default/Cache/Cache_Data/fc8ed6a10b259a5a_0
ThreadPoolSingl /proc/1231/task/1313/status
ThreadPoolForeg /config/.cache/chromium/Default/Cache/Cache_Data/8fd4e3866272accf_0
ThreadPoolSingl /proc/1231/task/1314/status
ThreadPoolForeg /config/.cache/chromium/Default/Cache/Cache_Data/990f0027deee7be0_0
ThreadPoolForeg /config/.cache/chromium/Default/Cache/Cache_Data/d3e6e89385fa1013_0
ThreadPoolSingl /proc/1231/task/1315/status
ThreadPoolSingl /proc/1231/task/1316/status
ThreadPoolForeg /config/.cache/chromium/Default/Cache/Cache_Data/2fc09e166e99d462_0
ThreadPoolSingl /proc/1231/task/1317/status
ThreadPoolForeg /config/.cache/chromium/Default/Cache/Cache_Data/2af81ecc80645422_0
ThreadPoolSingl /proc/1231/task/1339/status
ThreadPoolForeg /config/.cache/chromium/Default/Cache/Cache_Data/3291de002098616d_0
ThreadPoolSingl /proc/1231/task
ThreadPoolForeg /config/.cache/chromium/Default/Cache/Cache_Data/20536dc19bcb6517_0
ThreadPoolForeg /config/.cache/chromium/Default/Cache/Cache_Data/9a45db87663ecae8_0
ThreadPoolSingl /proc/1231/task/1231/status
ThreadPoolSingl /proc/1231/task/1235/status
ThreadPoolForeg /config/.cache/chromium/Default/Cache/Cache_Data/10a8dac3bce38b5e_0
ThreadPoolSingl /proc/1231/task/1284/status
ThreadPoolForeg /config/.cache/chromium/Default/Cache/Cache_Data/598a88496a90d44d_0
ThreadPoolForeg /config/.cache/chromium/Default/Cache/Cache_Data/af6d0eb815494b28_0
ThreadPoolSingl /proc/1231/task/1285/status
ThreadPoolSingl /proc/1231/task/1286/status
ThreadPoolForeg /config/.cache/chromium/Default/Cache/Cache_Data/2fe36a903736ad25_0
ThreadPoolSingl /proc/1231/task/1287/status
ThreadPoolSingl /proc/1231/task/1288/status
ThreadPoolForeg /config/.cache/chromium/Default/Cache/Cache_Data/b23c76e1d691e505_0
ThreadPoolSingl /proc/1231/task/1289/status
ThreadPoolForeg /config/.cache/chromium/Default/Cache/Cache_Data/df4994cdc340cc1f_0
QSGRenderThread /config/.cache/mesa_shader_cache/e0/5250706703def1507c2b08bc094ccc6ce02270
ThreadPoolSingl /proc/1231/task/1290/status
ThreadPoolSingl /proc/1231/task/1291/status
ThreadPoolSingl /proc/1231/task/1292/status
ThreadPoolSingl /proc/1231/task/1293/status
ThreadPoolSingl /proc/1231/task/1294/status
chromium /proc/1352/stat
ThreadPoolSingl /proc/1231/task/1295/status
ThreadPoolSingl /proc/1231/task/1296/status
ThreadPoolSingl /proc/1231/task/1297/status
ThreadPoolSingl /proc/1231/task/1298/status
ThreadPoolSingl /proc/1231/task/1299/status
ThreadPoolSingl /proc/1231/task/1300/status
ThreadPoolSingl /proc/1231/task/1301/status
ThreadPoolSingl /proc/1231/task/1302/status
ThreadPoolSingl /proc/1231/task/1303/status
ThreadPoolSingl /proc/1231/task/1304/status
ThreadPoolSingl /proc/1231/task/1305/status
ThreadPoolSingl /proc/1231/task/1306/status
ThreadPoolSingl /proc/1231/task/1307/status
ThreadPoolSingl /proc/1231/task/1308/status
ThreadPoolSingl /proc/1231/task/1309/status
ThreadPoolSingl /proc/1231/task/1311/status
ThreadPoolSingl /proc/1231/task/1312/status
ThreadPoolSingl /proc/1231/task/1313/status
ThreadPoolSingl /proc/1231/task/1314/status
ThreadPoolSingl /proc/1231/task/1315/status
ThreadPoolSingl /proc/1231/task/1316/status
ThreadPoolSingl /proc/1231/task/1317/status
ThreadPoolSingl /proc/1231/task/1339/status
ThreadPoolSingl /proc/1231/task/1340/status
ThreadPoolSingl /proc/1231/task
ThreadPoolSingl /proc/1231/task/1231/status
ThreadPoolSingl /proc/1231/task/1235/status
ThreadPoolSingl /proc/1231/task/1284/status
ThreadPoolSingl /proc/1231/task/1285/status
ThreadPoolSingl /proc/1231/task/1286/status
ThreadPoolSingl /proc/1231/task/1287/status
ThreadPoolSingl /proc/1231/task/1288/status
ThreadPoolSingl /proc/1231/task/1289/status
ThreadPoolSingl /proc/1231/task/1290/status
ThreadPoolSingl /proc/1231/task/1291/status
ThreadPoolSingl /proc/1231/task/1292/status
ThreadPoolSingl /proc/1231/task/1293/status
ThreadPoolSingl /proc/1231/task/1294/status
ThreadPoolSingl /proc/1231/task/1295/status
ThreadPoolSingl /proc/1231/task/1296/status
ThreadPoolSingl /proc/1231/task/1297/status
ThreadPoolSingl /proc/1231/task/1298/status
ThreadPoolSingl /proc/1231/task/1299/status
ThreadPoolSingl /proc/1231/task/1300/status
ThreadPoolSingl /proc/1231/task/1301/status
ThreadPoolSingl /proc/1231/task/1302/status
ThreadPoolSingl /proc/1231/task/1303/status
ThreadPoolSingl /proc/1231/task/1304/status
ThreadPoolSingl /proc/1231/task/1305/status
ThreadPoolSingl /proc/1231/task/1306/status
ThreadPoolSingl /proc/1231/task/1307/status
ThreadPoolSingl /proc/1231/task/1308/status
ThreadPoolSingl /proc/1231/task/1309/status
ThreadPoolSingl /proc/1231/task/1311/status
ThreadPoolSingl /proc/1231/task/1312/status
ThreadPoolSingl /proc/1231/task/1313/status
ThreadPoolSingl /proc/1231/task/1314/status
ThreadPoolSingl /proc/1231/task/1315/status
ThreadPoolSingl /proc/1231/task/1316/status
ThreadPoolSingl /proc/1231/task/1317/status
ThreadPoolSingl /proc/1231/task/1339/status
ThreadPoolSingl /proc/1231/task/1340/status
ThreadPoolSingl /proc/1231/task/1341/status
ThreadPoolSingl /proc/1231/task
ThreadPoolSingl /proc/1231/task/1231/status
ThreadPoolSingl /proc/1231/task/1235/status
ThreadPoolSingl /proc/1231/task/1284/status
ThreadPoolSingl /proc/1231/task/1285/status
ThreadPoolSingl /proc/1231/task/1286/status
ThreadPoolSingl /proc/1231/task/1287/status
ThreadPoolSingl /proc/1231/task/1288/status
ThreadPoolSingl /proc/1231/task/1289/status
chromium /tmp/.org.chromium.Chromium.vn6E2v
ThreadPoolSingl /proc/1231/task/1290/status
ThreadPoolSingl /proc/1231/task/1291/status
chromium /tmp/.org.chromium.Chromium.WSjQcZ
plasmas:disk$0 /config/.cache/mesa_shader_cache/e0/5250706703def1507c2b08bc094ccc6ce02270.tmp
ThreadPoolSingl /proc/1231/task/1292/status
QSGRenderThread /config/.cache/mesa_shader_cache/80/d3e9ca504a454f9a419ed0ad80fe8045218ede
plasmas:disk$0 /config/.cache/mesa_shader_cache/e0/5250706703def1507c2b08bc094ccc6ce02270.tmp
chromium /tmp/.org.chromium.Chromium.VwEnAf
ThreadPoolSingl /proc/1231/task/1293/status
plasmas:disk$0 /config/.cache/mesa_shader_cache/e0/5250706703def1507c2b08bc094ccc6ce02270
ThreadPoolSingl /proc/1231/task/1294/status
QSGRenderThread /config/.cache/mesa_shader_cache/4f/56a27cad663faae24d17aa6ca9ee29809ad158
chromium /tmp/.org.chromium.Chromium.xCE2Qv
ThreadPoolSingl /proc/1231/task/1295/status
ThreadPoolSingl /proc/1231/task/1296/status
chromium /tmp/.org.chromium.Chromium.596zGr
ThreadPoolSingl /proc/1231/task/1297/status
ThreadPoolSingl /proc/1231/task/1298/status
chromium /tmp/.org.chromium.Chromium.9tuX6O
ThreadPoolSingl /proc/1231/task/1299/status
chromium /tmp/.org.chromium.Chromium.QgH8fc
ThreadPoolSingl /proc/1231/task/1300/status
ThreadPoolSingl /proc/1231/task/1301/status
chromium /tmp/.org.chromium.Chromium.S6ERYH
ThreadPoolSingl /proc/1231/task/1302/status
ThreadPoolSingl /proc/1231/task/1303/status
chromium /tmp/.org.chromium.Chromium.td3ezH
ThreadPoolSingl /proc/1231/task/1304/status
ThreadPoolSingl /proc/1231/task/1305/status
chromium /tmp/.org.chromium.Chromium.WuWCeA
ThreadPoolSingl /proc/1231/task/1306/status
ThreadPoolSingl /proc/1231/task/1307/status
chromium /tmp/.org.chromium.Chromium.3EpOLg
ThreadPoolSingl /proc/1231/task/1308/status
ThreadPoolSingl /proc/1231/task/1309/status
ThreadPoolSingl /proc/1231/task/1311/status
ThreadPoolSingl /proc/1231/task/1312/status
ThreadPoolSingl /proc/1231/task/1313/status
ThreadPoolSingl /proc/1231/task/1314/status
ThreadPoolSingl /proc/1231/task/1315/status
ThreadPoolSingl /proc/1231/task/1316/status
ThreadPoolSingl /proc/1231/task/1317/status
ThreadPoolSingl /proc/1231/task/1339/status
ThreadPoolSingl /proc/1231/task/1340/status
ThreadPoolSingl /proc/1231/task/1341/status
ThreadPoolSingl /proc/1231/task/1342/status
ThreadPoolSingl /proc/1231/task
Chrome_ChildIOT /tmp/.org.chromium.Chromium.rytoTo
ThreadPoolSingl /proc/1231/task/1231/status
ThreadPoolSingl /proc/1231/task/1235/status
ThreadPoolSingl /proc/1231/task/1284/status
ThreadPoolSingl /proc/1231/task/1285/status
ThreadPoolSingl /proc/1231/task/1286/status
ThreadPoolSingl /proc/1231/task/1287/status
ThreadPoolSingl /proc/1231/task/1288/status
ThreadPoolSingl /proc/1231/task/1289/status
ThreadPoolSingl /proc/1231/task/1290/status
ThreadPoolSingl /proc/1231/task/1291/status
ThreadPoolSingl /proc/1231/task/1292/status
ThreadPoolSingl /proc/1231/task/1293/status
ThreadPoolSingl /proc/1231/task/1294/status
ThreadPoolSingl /proc/1231/task/1295/status
ThreadPoolSingl /proc/1231/task/1296/status
ThreadPoolSingl /proc/1231/task/1297/status
ThreadPoolSingl /proc/1231/task/1298/status
ThreadPoolSingl /proc/1231/task/1299/status
ThreadPoolSingl /proc/1231/task/1300/status
ThreadPoolSingl /proc/1231/task/1301/status
ThreadPoolSingl /proc/1231/task/1302/status
ThreadPoolSingl /proc/1231/task/1303/status
ThreadPoolSingl /proc/1231/task/1304/status
ThreadPoolSingl /proc/1231/task/1305/status
ThreadPoolSingl /proc/1231/task/1306/status
ThreadPoolSingl /proc/1231/task/1307/status
ThreadPoolSingl /proc/1231/task/1308/status
ThreadPoolSingl /proc/1231/task/1309/status
ThreadPoolSingl /proc/1231/task/1311/status
ThreadPoolSingl /proc/1231/task/1312/status
ThreadPoolSingl /proc/1231/task/1313/status
ThreadPoolSingl /proc/1231/task/1314/status
ThreadPoolSingl /proc/1231/task/1315/status
ThreadPoolSingl /proc/1231/task/1316/status
ThreadPoolSingl /proc/1231/task/1317/status
ThreadPoolSingl /proc/1231/task/1339/status
ThreadPoolSingl /proc/1231/task/1340/status
ThreadPoolSingl /proc/1231/task/1341/status
ThreadPoolSingl /proc/1231/task/1342/status
ThreadPoolSingl /proc/1231/task/1343/status
ThreadPoolSingl /proc/1231/task
ThreadPoolSingl /proc/1231/task/1231/status
ThreadPoolSingl /proc/1231/task/1235/status
ThreadPoolSingl /proc/1231/task/1284/status
ThreadPoolSingl /proc/1231/task/1285/status
ThreadPoolSingl /proc/1231/task/1286/status
ThreadPoolSingl /proc/1231/task/1287/status
ThreadPoolSingl /proc/1231/task/1288/status
ThreadPoolSingl /proc/1231/task/1289/status
ThreadPoolSingl /proc/1231/task/1290/status
ThreadPoolSingl /proc/1231/task/1291/status
ThreadPoolSingl /proc/1231/task/1292/status
ThreadPoolSingl /proc/1231/task/1293/status
ThreadPoolSingl /proc/1231/task/1294/status
ThreadPoolSingl /proc/1231/task/1295/status
ThreadPoolSingl /proc/1231/task/1296/status
ThreadPoolSingl /proc/1231/task/1297/status
ThreadPoolSingl /proc/1231/task/1298/status
ThreadPoolSingl /proc/1231/task/1299/status
ThreadPoolSingl /proc/1231/task/1300/status
ThreadPoolSingl /proc/1231/task/1301/status
ThreadPoolSingl /proc/1231/task/1302/status
ThreadPoolSingl /proc/1231/task/1303/status
ThreadPoolSingl /proc/1231/task/1304/status
ThreadPoolSingl /proc/1231/task/1305/status
ThreadPoolSingl /proc/1231/task/1306/status
ThreadPoolSingl /proc/1231/task/1307/status
ThreadPoolSingl /proc/1231/task/1308/status
ThreadPoolSingl /proc/1231/task/1309/status
ThreadPoolSingl /proc/1231/task/1311/status
ThreadPoolSingl /proc/1231/task/1312/status
ThreadPoolSingl /proc/1231/task/1313/status
ThreadPoolSingl /proc/1231/task/1314/status
ThreadPoolSingl /proc/1231/task/1315/status
ThreadPoolSingl /proc/1231/task/1316/status
ThreadPoolSingl /proc/1231/task/1317/status
ThreadPoolSingl /proc/1231/task/1339/status
ThreadPoolSingl /proc/1231/task/1340/status
ThreadPoolSingl /proc/1231/task/1341/status
ThreadPoolSingl /proc/1231/task/1342/status
ThreadPoolSingl /proc/1231/task/1343/status
ThreadPoolSingl /proc/1231/task/1344/status
ThreadPoolSingl /proc/1231/task
ThreadPoolSingl /proc/1231/task/1231/status
ThreadPoolSingl /proc/1231/task/1235/status
ThreadPoolSingl /proc/1231/task/1284/status
ThreadPoolSingl /proc/1231/task/1285/status
ThreadPoolSingl /proc/1231/task/1286/status
ThreadPoolSingl /proc/1231/task/1287/status
ThreadPoolSingl /proc/1231/task/1288/status
ThreadPoolSingl /proc/1231/task/1289/status
ThreadPoolSingl /proc/1231/task/1290/status
ThreadPoolSingl /proc/1231/task/1291/status
plasmas:disk$0 /config/.cache/mesa_shader_cache/4f/56a27cad663faae24d17aa6ca9ee29809ad158.tmp
ThreadPoolSingl /proc/1231/task/1292/status
QSGRenderThread /config/.cache/mesa_shader_cache/f7/a7b31ba35bed97603b63033fbe87f08a14666b
ThreadPoolSingl /proc/1231/task/1293/status
plasmas:disk$0 /config/.cache/mesa_shader_cache/4f/56a27cad663faae24d17aa6ca9ee29809ad158.tmp
plasmas:disk$0 /config/.cache/mesa_shader_cache/4f/56a27cad663faae24d17aa6ca9ee29809ad158
ThreadPoolSingl /proc/1231/task/1294/status
ThreadPoolSingl /proc/1231/task/1295/status
ThreadPoolSingl /proc/1231/task/1296/status
ThreadPoolSingl /proc/1231/task/1297/status
ThreadPoolSingl /proc/1231/task/1298/status
ThreadPoolSingl /proc/1231/task/1299/status
ThreadPoolSingl /proc/1231/task/1300/status
ThreadPoolSingl /proc/1231/task/1301/status
ThreadPoolSingl /proc/1231/task/1302/status
ThreadPoolSingl /proc/1231/task/1303/status
ThreadPoolSingl /proc/1231/task/1304/status
ThreadPoolSingl /proc/1231/task/1305/status
ThreadPoolSingl /proc/1231/task/1306/status
ThreadPoolSingl /proc/1231/task/1307/status
ThreadPoolSingl /proc/1231/task/1308/status
ThreadPoolSingl /proc/1231/task/1309/status
ThreadPoolSingl /proc/1231/task/1311/status
ThreadPoolSingl /proc/1231/task/1312/status
ThreadPoolSingl /proc/1231/task/1313/status
ThreadPoolSingl /proc/1231/task/1314/status
ThreadPoolSingl /proc/1231/task/1315/status
ThreadPoolSingl /proc/1231/task/1316/status
ThreadPoolSingl /proc/1231/task/1317/status
ThreadPoolSingl /proc/1231/task/1339/status
ThreadPoolSingl /proc/1231/task/1340/status
ThreadPoolSingl /proc/1231/task/1341/status
ThreadPoolSingl /proc/1231/task/1342/status
ThreadPoolSingl /proc/1231/task/1343/status
ThreadPoolSingl /proc/1231/task/1344/status
ThreadPoolSingl /proc/1231/task/1379/status
Chrome_ChildIOT /tmp/.org.chromium.Chromium.fNpLxj
Chrome_ChildIOT /tmp/.org.chromium.Chromium.a4JQho
plasmas:disk$0 /config/.cache/mesa_shader_cache/f7/a7b31ba35bed97603b63033fbe87f08a14666b.tmp
plasmas:disk$0 /config/.cache/mesa_shader_cache/f7/a7b31ba35bed97603b63033fbe87f08a14666b.tmp
plasmas:disk$0 /config/.cache/mesa_shader_cache/f7/a7b31ba35bed97603b63033fbe87f08a14666b
chromium /proc/self/cmdline
chromium /tmp/.org.chromium.Chromium.yCxioq
Chrome_ChildIOT /tmp/.org.chromium.Chromium.pj2TU5
Chrome_ChildIOT /tmp/.org.chromium.Chromium.ufLPyW
Chrome_ChildIOT /tmp/.org.chromium.Chromium.VfItd4
ThreadPoolSingl /proc/1352/task
ThreadPoolSingl /proc/1352/task/1352/status
Chrome_ChildIOT /tmp/.org.chromium.Chromium.YIvPVG
ThreadPoolSingl /proc/1352/task/1355/status
ThreadPoolSingl /proc/1352/task/1361/status
ThreadPoolSingl /proc/1352/task/1363/status
ThreadPoolSingl /proc/1352/task/1364/status
Chrome_ChildIOT /tmp/.org.chromium.Chromium.NukVvz
ThreadPoolSingl /proc/1352/task/1365/status
ThreadPoolSingl /proc/1352/task/1366/status
ThreadPoolSingl /proc/1352/task/1371/status
Chrome_ChildIOT /tmp/.org.chromium.Chromium.KIQYea
ThreadPoolSingl /proc/1352/task/1372/status
ThreadPoolSingl /proc/1352/task/1391/status
Chrome_ChildIOT /tmp/.org.chromium.Chromium.mn03dM
Chrome_ChildIOT /tmp/.org.chromium.Chromium.TwVnDD
Chrome_ChildIOT /tmp/.org.chromium.Chromium.kY2YLd
Chrome_ChildIOT /tmp/.org.chromium.Chromium.bFCiaL
Chrome_ChildIOT /tmp/.org.chromium.Chromium.lQdM0M
Chrome_ChildIOT /tmp/.org.chromium.Chromium.kZA2CK
Chrome_ChildIOT /tmp/.org.chromium.Chromium.73ZHT1
Chrome_ChildIOT /tmp/.org.chromium.Chromium.xWTJ3r
Chrome_ChildIOT /tmp/.org.chromium.Chromium.dVViJR
Chrome_ChildIOT /tmp/.org.chromium.Chromium.5fVM0d
ThreadPoolSingl /proc/1352/task
ThreadPoolSingl /proc/1352/task/1352/status
ThreadPoolSingl /proc/1352/task/1355/status
ThreadPoolSingl /proc/1352/task/1361/status
ThreadPoolSingl /proc/1352/task/1363/status
ThreadPoolSingl /proc/1352/task/1364/status
ThreadPoolSingl /proc/1352/task/1365/status
ThreadPoolSingl /proc/1352/task/1366/status
ThreadPoolForeg /sys/devices/system/cpu/online
ThreadPoolSingl /proc/1352/task/1371/status
ThreadPoolSingl /proc/1352/task/1372/status
ThreadPoolSingl /proc/1352/task/1391/status
ThreadPoolSingl /proc/1352/task/1396/status
ThreadPoolSingl /proc/1352/task
ThreadPoolSingl /proc/1352/task/1352/status
ThreadPoolSingl /proc/1352/task/1355/status
ThreadPoolSingl /proc/1352/task/1361/status
ThreadPoolSingl /proc/1352/task/1363/status
ThreadPoolSingl /proc/1352/task/1364/status
ThreadPoolSingl /proc/1352/task/1365/status
ThreadPoolSingl /proc/1352/task/1366/status
ThreadPoolSingl /proc/1352/task/1371/status
ThreadPoolSingl /proc/1352/task/1372/status
ThreadPoolSingl /proc/1352/task/1391/status
ThreadPoolSingl /proc/1352/task/1396/status
ThreadPoolForeg /config/.cache/chromium/Default/Code Cache/js/e56734368ee5b7be_0
ThreadPoolSingl /proc/1352/task/1397/status
ThreadPoolSingl /proc/1352/task
ThreadPoolSingl /proc/1352/task/1352/status
ThreadPoolSingl /proc/1352/task/1355/status
ThreadPoolSingl /proc/1352/task/1361/status
ThreadPoolSingl /proc/1352/task/1363/status
ThreadPoolSingl /proc/1352/task/1364/status
ThreadPoolSingl /proc/1352/task/1365/status
ThreadPoolSingl /proc/1352/task/1366/status
ThreadPoolSingl /proc/1352/task/1371/status
ThreadPoolSingl /proc/1352/task/1372/status
ThreadPoolSingl /proc/1352/task/1391/status
ThreadPoolSingl /proc/1352/task/1396/status
ThreadPoolSingl /proc/1352/task/1397/status
ThreadPoolSingl /proc/1352/task/1398/status
ThreadPoolSingl /proc/1352/task
ThreadPoolSingl /proc/1352/task/1352/status
ThreadPoolSingl /proc/1352/task/1355/status
ThreadPoolSingl /proc/1352/task/1361/status
ThreadPoolSingl /proc/1352/task/1363/status
ThreadPoolSingl /proc/1352/task/1364/status
ThreadPoolSingl /proc/1352/task/1365/status
ThreadPoolSingl /proc/1352/task/1366/status
ThreadPoolSingl /proc/1352/task/1371/status
ThreadPoolSingl /proc/1352/task/1372/status
ThreadPoolSingl /proc/1352/task/1391/status
ThreadPoolSingl /proc/1352/task/1396/status
ThreadPoolSingl /proc/1352/task/1397/status
ThreadPoolSingl /proc/1352/task/1398/status
ThreadPoolSingl /proc/1352/task/1400/status
ThreadPoolSingl /proc/1352/task
ThreadPoolForeg /config/.cache/chromium/Default/Code Cache/js/80255d1b8506eac8_0
ThreadPoolSingl /proc/1352/task/1352/status
ThreadPoolSingl /proc/1352/task/1355/status
ThreadPoolSingl /proc/1352/task/1361/status
ThreadPoolSingl /proc/1352/task/1363/status
ThreadPoolSingl /proc/1352/task/1364/status
ThreadPoolSingl /proc/1352/task/1365/status
ThreadPoolSingl /proc/1352/task/1366/status
ThreadPoolSingl /proc/1352/task/1371/status
ThreadPoolSingl /proc/1352/task/1372/status
ThreadPoolSingl /proc/1352/task/1391/status
ThreadPoolSingl /proc/1352/task/1396/status
ThreadPoolSingl /proc/1352/task/1397/status
ThreadPoolSingl /proc/1352/task/1398/status
ThreadPoolSingl /proc/1352/task/1400/status
ThreadPoolSingl /proc/1352/task/1401/status
ThreadPoolForeg /config/.cache/chromium/Default/Code Cache/js/a5d8763607f9f7d6_0
ThreadPoolForeg /sys/devices/system/cpu/cpu0/tsc_freq_khz
ThreadPoolForeg /config/.cache/chromium/Default/Code Cache/js/28005b6ffaa64275_0
ThreadPoolForeg /config/.cache/chromium/Default/Code Cache/js/6adb0e042452a5a2_0
ThreadPoolForeg /config/.cache/chromium/Default/Code Cache/js/65daf874a6ffd95b_0
ThreadPoolForeg /config/.cache/chromium/Default/Cache/Cache_Data/2abb8de5d1676d84_0
ThreadPoolForeg /usr/share/fonts/truetype/noto/NotoSans-Regular.ttf
ThreadPoolForeg /tmp/.org.chromium.Chromium.Wofktl
ThreadPoolForeg /tmp/.org.chromium.Chromium.Wofktl
ThreadPoolForeg /usr/share/fonts/truetype/liberation/LiberationSerif-Regular.ttf
ThreadPoolForeg /usr/share/fonts/truetype/liberation/LiberationSerif-Regular.ttf
ThreadPoolForeg /tmp/.org.chromium.Chromium.OsJQYi
ThreadPoolForeg /tmp/.org.chromium.Chromium.OsJQYi
Compositor /tmp/.org.chromium.Chromium.64YHqY
Compositor /tmp/.org.chromium.Chromium.h58u0T
Compositor /tmp/.org.chromium.Chromium.6DJcSX
Compositor /tmp/.org.chromium.Chromium.8t3V1I
Compositor /tmp/.org.chromium.Chromium.rB74qP
Compositor /tmp/.org.chromium.Chromium.P7AlZq
Chrome_IOThread /tmp/.org.chromium.Chromium.j1iKjG
Compositor /tmp/.org.chromium.Chromium.5fT8Xa
Chrome_ChildIOT /tmp/.org.chromium.Chromium.MmEXg4
chromium /proc/1352/stat
ThreadPoolForeg /config/.cache/chromium/Default/Cache/Cache_Data/4d5e10c2441b2a20_0
ThreadPoolForeg /config/.icons/breeze_cursors/cursors/left_ptr
ThreadPoolForeg /config/.icons/breeze_cursors/index.theme
ThreadPoolForeg /usr/share/icons/breeze_cursors/cursors/left_ptr
Compositor /tmp/.org.chromium.Chromium.GRzi6l
ThreadPoolForeg /config/.cache/chromium/Default/Code Cache/js/443015bfcb552fbd_0
Compositor /tmp/.org.chromium.Chromium.iQplQT
ThreadPoolForeg /config/.cache/chromium/Default/Code Cache/js/e56734368ee5b7be_0
ThreadPoolForeg /config/.cache/chromium/Default/Code Cache/js/e56734368ee5b7be_1
Compositor /tmp/.org.chromium.Chromium.RuUVNE
ThreadPoolForeg /config/.cache/chromium/Default/Code Cache/js/e56734368ee5b7be_s
ThreadPoolForeg /config/.cache/chromium/Default/Code Cache/js/80255d1b8506eac8_0
ThreadPoolForeg /config/.cache/chromium/Default/Code Cache/js/a5d8763607f9f7d6_0
ThreadPoolForeg /config/.cache/chromium/Default/Code Cache/js/80255d1b8506eac8_1
ThreadPoolForeg /config/.cache/chromium/Default/Code Cache/js/a5d8763607f9f7d6_1
ThreadPoolForeg /config/.cache/chromium/Default/Code Cache/js/28005b6ffaa64275_0
ThreadPoolForeg /config/.cache/chromium/Default/Code Cache/js/28005b6ffaa64275_1
ThreadPoolForeg /config/.cache/chromium/Default/Code Cache/js/6adb0e042452a5a2_0
ThreadPoolForeg /config/.cache/chromium/Default/Code Cache/js/6adb0e042452a5a2_1
ThreadPoolForeg /config/.cache/chromium/Default/Code Cache/js/80255d1b8506eac8_s
ThreadPoolForeg /config/.cache/chromium/Default/Code Cache/js/65daf874a6ffd95b_0
ThreadPoolForeg /config/.cache/chromium/Default/Code Cache/js/a5d8763607f9f7d6_s
ThreadPoolForeg /config/.cache/chromium/Default/Code Cache/js/dd41a60c1915ba8a_0
ThreadPoolForeg /config/.cache/chromium/Default/Code Cache/js/65daf874a6ffd95b_1
Compositor /tmp/.org.chromium.Chromium.GO25Ld
ThreadPoolForeg /config/.cache/chromium/Default/Code Cache/js/28005b6ffaa64275_s
ThreadPoolForeg /config/.cache/chromium/Default/Code Cache/js/6adb0e042452a5a2_s
ThreadPoolForeg /config/.cache/chromium/Default/Code Cache/js/65daf874a6ffd95b_s
Compositor /tmp/.org.chromium.Chromium.75ulSF
Compositor /tmp/.org.chromium.Chromium.Fp5Xow
Compositor /tmp/.org.chromium.Chromium.6qLdXf
Compositor /tmp/.org.chromium.Chromium.Dp9uOX
Chrome_ChildIOT /tmp/.org.chromium.Chromium.DbZpUl
Chrome_ChildIOT /tmp/.org.chromium.Chromium.u7PwiE
Chrome_ChildIOT /tmp/.org.chromium.Chromium.u7PwiE
chromium /proc/1352/stat
ThreadPoolForeg /config/.cache/chromium/Default/Cache/Cache_Data/f7c5dc7586ed0b98_0
Compositor /tmp/.org.chromium.Chromium.NqgEUy
Compositor /tmp/.org.chromium.Chromium.GzsBDV
Compositor /tmp/.org.chromium.Chromium.doCaHi
xclip /etc/ld.so.cache
xclip /lib/x86_64-linux-gnu/libXmu.so.6
xclip /lib/x86_64-linux-gnu/libX11.so.6
xclip /lib/x86_64-linux-gnu/libc.so.6
xclip /lib/x86_64-linux-gnu/libXt.so.6
chromium /proc/1352/stat
xclip /lib/x86_64-linux-gnu/libXext.so.6
xclip /lib/x86_64-linux-gnu/libxcb.so.1
xclip /lib/x86_64-linux-gnu/libSM.so.6
xclip /lib/x86_64-linux-gnu/libICE.so.6
xclip /lib/x86_64-linux-gnu/libXau.so.6
xclip /lib/x86_64-linux-gnu/libXdmcp.so.6
xclip /lib/x86_64-linux-gnu/libuuid.so.1
ThreadPoolForeg /config/.cache/chromium/Default/Cache/Cache_Data/a57a843ad21df102_0
xclip /lib/x86_64-linux-gnu/libbsd.so.0
xclip /lib/x86_64-linux-gnu/libmd.so.0
xclip /usr/share/X11/locale/locale.alias
xclip /usr/share/X11/locale/locale.dir
xclip /usr/share/X11/locale/C/XLC_LOCALE
xclip /usr/share/X11/locale/locale.alias
xclip /usr/share/X11/locale/locale.dir
xclip /usr/share/X11/locale/C/XLC_LOCALE
Xvfb /proc/1415/cmdline
Chrome_ChildIOT /tmp/.org.chromium.Chromium.xvWi0p
Chrome_ChildIOT /tmp/.org.chromium.Chromium.kK3B7W
Chrome_ChildIOT /tmp/.org.chromium.Chromium.kK3B7W
chromium /proc/self/cmdline
chromium /proc/1352/stat
ThreadPoolForeg /config/.config/chromium/Default/WebStorage/QuotaManager
ThreadPoolForeg /config/.config/chromium/Default/WebStorage/QuotaManager
ThreadPoolForeg /config/.config/chromium/Default/WebStorage/QuotaManager-journal
ThreadPoolForeg /config/.config/chromium/Default/WebStorage
Chrome_ChildIOT /tmp/.org.chromium.Chromium.1QGZjN
chromium /proc/self/cmdline
ThreadPoolForeg /config/.config/chromium/Default/Service Worker/CacheStorage
ThreadPoolForeg /config/.config/chromium/Default/WebStorage
ThreadPoolForeg /config/.config/chromium/Default/Service Worker/CacheStorage
ThreadPoolForeg /config/.config/chromium/Default/WebStorage
ThreadPoolForeg /config/.cache/chromium/Default/Cache/Cache_Data/f713894f2e69c4a8_0
Chrome_ChildIOT /tmp/.org.chromium.Chromium.CfnkEW
xclip /etc/ld.so.cache
xclip /lib/x86_64-linux-gnu/libXmu.so.6
xclip /lib/x86_64-linux-gnu/libX11.so.6
xclip /lib/x86_64-linux-gnu/libc.so.6
xclip /lib/x86_64-linux-gnu/libXt.so.6
xclip /lib/x86_64-linux-gnu/libXext.so.6
xclip /lib/x86_64-linux-gnu/libxcb.so.1
xclip /lib/x86_64-linux-gnu/libSM.so.6
xclip /lib/x86_64-linux-gnu/libICE.so.6
xclip /lib/x86_64-linux-gnu/libXau.so.6
xclip /lib/x86_64-linux-gnu/libXdmcp.so.6
xclip /lib/x86_64-linux-gnu/libuuid.so.1
xclip /lib/x86_64-linux-gnu/libbsd.so.0
xclip /lib/x86_64-linux-gnu/libmd.so.0
xclip /usr/share/X11/locale/locale.alias
xclip /usr/share/X11/locale/locale.dir
xclip /usr/share/X11/locale/C/XLC_LOCALE
xclip /usr/share/X11/locale/locale.alias
xclip /usr/share/X11/locale/locale.dir
xclip /usr/share/X11/locale/C/XLC_LOCALE
Xvfb /proc/1447/cmdline
chromium /proc/1352/stat
chromium /proc/1352/stat
ThreadPoolForeg /config/.cache/chromium/Default/Cache/Cache_Data/f7c5dc7586ed0b98_0
ThreadPoolForeg /config/.cache/chromium/Default/Cache/Cache_Data/f7c5dc7586ed0b98_1
ThreadPoolForeg /config/.cache/chromium/Default/Cache/Cache_Data/f7c5dc7586ed0b98_s
Chrome_ChildIOT /tmp/.org.chromium.Chromium.zdmUUV
Chrome_ChildIOT /tmp/.org.chromium.Chromium.iUDbqc
Chrome_ChildIOT /tmp/.org.chromium.Chromium.iUDbqc
selkies /proc/stat
selkies /proc/meminfo
chromium /proc/self/cmdline
chromium /proc/1352/stat
chromium /usr/share/fonts/truetype/noto/NotoSans-Bold.ttf
chromium /usr/share/fonts/truetype/noto/NotoSans-Italic.ttf
chromium /tmp/.org.chromium.Chromium.MZVYn5
chromium /tmp/.org.chromium.Chromium.hZPtUm
chromium /tmp/.org.chromium.Chromium.GyhUCP
chromium /tmp/.org.chromium.Chromium.Yry9d7
chromium /tmp/.org.chromium.Chromium.keqq2X
chromium /tmp/.org.chromium.Chromium.M55jg6
CompositorTileW /tmp/.org.chromium.Chromium.1hCjNw
chromium /tmp/.org.chromium.Chromium.WrxBhO
chromium /tmp/.org.chromium.Chromium.9QBkmn
chromium /tmp/.org.chromium.Chromium.bbYpUH
xclip /etc/ld.so.cache
xclip /lib/x86_64-linux-gnu/libXmu.so.6
xclip /lib/x86_64-linux-gnu/libX11.so.6
xclip /lib/x86_64-linux-gnu/libc.so.6
xclip /lib/x86_64-linux-gnu/libXt.so.6
xclip /lib/x86_64-linux-gnu/libXext.so.6
xclip /lib/x86_64-linux-gnu/libxcb.so.1
xclip /lib/x86_64-linux-gnu/libSM.so.6
xclip /lib/x86_64-linux-gnu/libICE.so.6
xclip /lib/x86_64-linux-gnu/libXau.so.6
xclip /lib/x86_64-linux-gnu/libXdmcp.so.6
xclip /lib/x86_64-linux-gnu/libuuid.so.1
xclip /lib/x86_64-linux-gnu/libbsd.so.0
xclip /lib/x86_64-linux-gnu/libmd.so.0
xclip /usr/share/X11/locale/locale.alias
xclip /usr/share/X11/locale/locale.dir
xclip /usr/share/X11/locale/C/XLC_LOCALE
xclip /usr/share/X11/locale/locale.alias
xclip /usr/share/X11/locale/locale.dir
xclip /usr/share/X11/locale/C/XLC_LOCALE
Xvfb /proc/1479/cmdline
chromium /proc/1352/stat
chromium /proc/1352/stat
ThreadPoolForeg /config/.cache/chromium/Default/Cache/Cache_Data/f7c5dc7586ed0b98_0
ThreadPoolForeg /config/.cache/chromium/Default/Cache/Cache_Data/f7c5dc7586ed0b98_1
ThreadPoolForeg /config/.cache/chromium/Default/Cache/Cache_Data/f7c5dc7586ed0b98_s
Chrome_ChildIOT /tmp/.org.chromium.Chromium.tKgV5x
Chrome_ChildIOT /tmp/.org.chromium.Chromium.DOy0ZG
Chrome_ChildIOT /tmp/.org.chromium.Chromium.DOy0ZG
chromium /proc/self/cmdline
chromium /proc/1352/stat
xdotool /etc/ld.so.cache
xdotool /lib/x86_64-linux-gnu/libxdo.so.3
xdotool /lib/x86_64-linux-gnu/libm.so.6
xdotool /lib/x86_64-linux-gnu/libX11.so.6
xdotool /lib/x86_64-linux-gnu/libc.so.6
xdotool /lib/x86_64-linux-gnu/libXtst.so.6
xdotool /lib/x86_64-linux-gnu/libXinerama.so.1
xdotool /lib/x86_64-linux-gnu/libxkbcommon.so.0
xdotool /lib/x86_64-linux-gnu/libxcb.so.1
xdotool /lib/x86_64-linux-gnu/libXext.so.6
xdotool /lib/x86_64-linux-gnu/libXau.so.6
xdotool /lib/x86_64-linux-gnu/libXdmcp.so.6
xdotool /lib/x86_64-linux-gnu/libbsd.so.0
xdotool /lib/x86_64-linux-gnu/libmd.so.0
Xvfb /proc/1489/cmdline
xdotool /usr/share/X11/XKeysymDB
xdotool /etc/ld.so.cache
xdotool /lib/x86_64-linux-gnu/libxdo.so.3
xdotool /lib/x86_64-linux-gnu/libm.so.6
xdotool /lib/x86_64-linux-gnu/libX11.so.6
xdotool /lib/x86_64-linux-gnu/libc.so.6
xdotool /lib/x86_64-linux-gnu/libXtst.so.6
xdotool /lib/x86_64-linux-gnu/libXinerama.so.1
xdotool /lib/x86_64-linux-gnu/libxkbcommon.so.0
xdotool /lib/x86_64-linux-gnu/libxcb.so.1
xdotool /lib/x86_64-linux-gnu/libXext.so.6
xdotool /lib/x86_64-linux-gnu/libXau.so.6
xdotool /lib/x86_64-linux-gnu/libXdmcp.so.6
xdotool /lib/x86_64-linux-gnu/libbsd.so.0
xdotool /lib/x86_64-linux-gnu/libmd.so.0
Xvfb /proc/1494/cmdline
xdotool /usr/share/X11/XKeysymDB
ThreadPoolForeg /config/.config/chromium/Default/Sessions
ThreadPoolForeg /config/.config/chromium/Default/Sessions
ThreadPoolForeg /config/.config/chromium/Default/Sessions/Session_13423277820772297
xclip /etc/ld.so.cache
xclip /lib/x86_64-linux-gnu/libXmu.so.6
xclip /lib/x86_64-linux-gnu/libX11.so.6
xclip /lib/x86_64-linux-gnu/libc.so.6
xclip /lib/x86_64-linux-gnu/libXt.so.6
xclip /lib/x86_64-linux-gnu/libXext.so.6
xclip /lib/x86_64-linux-gnu/libxcb.so.1
xclip /lib/x86_64-linux-gnu/libSM.so.6
xclip /lib/x86_64-linux-gnu/libICE.so.6
xclip /lib/x86_64-linux-gnu/libXau.so.6
xclip /lib/x86_64-linux-gnu/libXdmcp.so.6
xclip /lib/x86_64-linux-gnu/libuuid.so.1
xclip /lib/x86_64-linux-gnu/libbsd.so.0
xclip /lib/x86_64-linux-gnu/libmd.so.0
xclip /usr/share/X11/locale/locale.alias
xclip /usr/share/X11/locale/locale.dir
xclip /usr/share/X11/locale/C/XLC_LOCALE
xclip /usr/share/X11/locale/locale.alias
xclip /usr/share/X11/locale/locale.dir
xclip /usr/share/X11/locale/C/XLC_LOCALE
Xvfb /proc/1513/cmdline
selkies /proc/stat
selkies /proc/meminfo
chromium /proc/1352/stat
chromium /proc/1352/stat
ThreadPoolForeg /config/.cache/chromium/Default/Cache/Cache_Data/f7c5dc7586ed0b98_0
ThreadPoolForeg /config/.cache/chromium/Default/Cache/Cache_Data/f7c5dc7586ed0b98_1
ThreadPoolForeg /config/.cache/chromium/Default/Cache/Cache_Data/f7c5dc7586ed0b98_s
Chrome_ChildIOT /tmp/.org.chromium.Chromium.EE3EQa
Chrome_ChildIOT /tmp/.org.chromium.Chromium.Nntg3u
Chrome_ChildIOT /tmp/.org.chromium.Chromium.Nntg3u
chromium /proc/self/cmdline
chromium /proc/1352/stat
xdotool /etc/ld.so.cache
xdotool /lib/x86_64-linux-gnu/libxdo.so.3
xdotool /lib/x86_64-linux-gnu/libm.so.6
xdotool /lib/x86_64-linux-gnu/libX11.so.6
xdotool /lib/x86_64-linux-gnu/libc.so.6
xdotool /lib/x86_64-linux-gnu/libXtst.so.6
xdotool /lib/x86_64-linux-gnu/libXinerama.so.1
xdotool /lib/x86_64-linux-gnu/libxkbcommon.so.0
xdotool /lib/x86_64-linux-gnu/libxcb.so.1
xdotool /lib/x86_64-linux-gnu/libXext.so.6
xdotool /lib/x86_64-linux-gnu/libXau.so.6
xdotool /lib/x86_64-linux-gnu/libXdmcp.so.6
xdotool /lib/x86_64-linux-gnu/libbsd.so.0
xdotool /lib/x86_64-linux-gnu/libmd.so.0
Xvfb /proc/1543/cmdline
xdotool /usr/share/X11/XKeysymDB
xclip /etc/ld.so.cache
xclip /lib/x86_64-linux-gnu/libXmu.so.6
xclip /lib/x86_64-linux-gnu/libX11.so.6
xclip /lib/x86_64-linux-gnu/libc.so.6
xclip /lib/x86_64-linux-gnu/libXt.so.6
xclip /lib/x86_64-linux-gnu/libXext.so.6
xclip /lib/x86_64-linux-gnu/libxcb.so.1
xclip /lib/x86_64-linux-gnu/libSM.so.6
xclip /lib/x86_64-linux-gnu/libICE.so.6
xclip /lib/x86_64-linux-gnu/libXau.so.6
xclip /lib/x86_64-linux-gnu/libXdmcp.so.6
xclip /lib/x86_64-linux-gnu/libuuid.so.1
xclip /lib/x86_64-linux-gnu/libbsd.so.0
xclip /lib/x86_64-linux-gnu/libmd.so.0
xclip /usr/share/X11/locale/locale.alias
xclip /usr/share/X11/locale/locale.dir
xclip /usr/share/X11/locale/C/XLC_LOCALE
xclip /usr/share/X11/locale/locale.alias
xclip /usr/share/X11/locale/locale.dir
xclip /usr/share/X11/locale/C/XLC_LOCALE
Xvfb /proc/1546/cmdline
chromium /proc/1352/stat
chromium /proc/1352/stat
ThreadPoolForeg /config/.cache/chromium/Default/Cache/Cache_Data/f7c5dc7586ed0b98_0
ThreadPoolForeg /config/.cache/chromium/Default/Cache/Cache_Data/f7c5dc7586ed0b98_1
ThreadPoolForeg /config/.cache/chromium/Default/Cache/Cache_Data/f7c5dc7586ed0b98_s
Chrome_ChildIOT /tmp/.org.chromium.Chromium.yK1cfE
Chrome_ChildIOT /tmp/.org.chromium.Chromium.l03G6I
Chrome_ChildIOT /tmp/.org.chromium.Chromium.l03G6I
chromium /proc/1352/stat
chromium /proc/self/cmdline
xdotool /etc/ld.so.cache
xdotool /lib/x86_64-linux-gnu/libxdo.so.3
xdotool /lib/x86_64-linux-gnu/libm.so.6
xdotool /lib/x86_64-linux-gnu/libX11.so.6
xdotool /lib/x86_64-linux-gnu/libc.so.6
xdotool /lib/x86_64-linux-gnu/libXtst.so.6
xdotool /lib/x86_64-linux-gnu/libXinerama.so.1
xdotool /lib/x86_64-linux-gnu/libxkbcommon.so.0
xdotool /lib/x86_64-linux-gnu/libxcb.so.1
xdotool /lib/x86_64-linux-gnu/libXext.so.6
xdotool /lib/x86_64-linux-gnu/libXau.so.6
xdotool /lib/x86_64-linux-gnu/libXdmcp.so.6
xdotool /lib/x86_64-linux-gnu/libbsd.so.0
xdotool /lib/x86_64-linux-gnu/libmd.so.0
Xvfb /proc/1553/cmdline
xdotool /usr/share/X11/XKeysymDB
xdotool /etc/ld.so.cache
xdotool /lib/x86_64-linux-gnu/libxdo.so.3
xdotool /lib/x86_64-linux-gnu/libm.so.6
xdotool /lib/x86_64-linux-gnu/libX11.so.6
xdotool /lib/x86_64-linux-gnu/libc.so.6
xdotool /lib/x86_64-linux-gnu/libXtst.so.6
xdotool /lib/x86_64-linux-gnu/libXinerama.so.1
xdotool /lib/x86_64-linux-gnu/libxkbcommon.so.0
xdotool /lib/x86_64-linux-gnu/libxcb.so.1
xdotool /lib/x86_64-linux-gnu/libXext.so.6
xdotool /lib/x86_64-linux-gnu/libXau.so.6
xdotool /lib/x86_64-linux-gnu/libXdmcp.so.6
xdotool /lib/x86_64-linux-gnu/libbsd.so.0
xdotool /lib/x86_64-linux-gnu/libmd.so.0
Xvfb /proc/1564/cmdline
xdotool /usr/share/X11/XKeysymDB
xdotool /etc/ld.so.cache
xdotool /lib/x86_64-linux-gnu/libxdo.so.3
xdotool /lib/x86_64-linux-gnu/libm.so.6
xdotool /lib/x86_64-linux-gnu/libX11.so.6
xdotool /lib/x86_64-linux-gnu/libc.so.6
xdotool /lib/x86_64-linux-gnu/libXtst.so.6
xdotool /lib/x86_64-linux-gnu/libXinerama.so.1
xdotool /lib/x86_64-linux-gnu/libxkbcommon.so.0
xdotool /lib/x86_64-linux-gnu/libxcb.so.1
xdotool /lib/x86_64-linux-gnu/libXext.so.6
xdotool /lib/x86_64-linux-gnu/libXau.so.6
xdotool /lib/x86_64-linux-gnu/libXdmcp.so.6
xdotool /lib/x86_64-linux-gnu/libbsd.so.0
xdotool /lib/x86_64-linux-gnu/libmd.so.0
Xvfb /proc/1571/cmdline
xdotool /usr/share/X11/XKeysymDB
chromium /proc/self/stat
chromium /proc/stat
ThreadPoolForeg /config/.config/chromium/BrowserMetrics
MemoryInfra /proc/1149/status
ThreadPoolSingl /config/.config/chromium/Default/Feedback Reports
ThreadPoolForeg /proc/stat
MemoryInfra /proc/1149/status
ThreadPoolForeg /proc/stat
MemoryInfra /proc/1149/clear_refs
MemoryInfra /proc/1231/status
ThreadPoolForeg /config/.config/chromium/optimization_guide_model_store
ThreadPoolForeg /config/.config/chromium/optimization_guide_model_store
ThreadPoolForeg /config/.config/chromium/Default/PreferredApps
ThreadPoolForeg /config/.config/chromium/Default/DownloadMetadata
MemoryInfra /proc/1231/status
ThreadPoolForeg /config/.config/chromium/Default/Translate Ranker Model
ThreadPoolForeg /config/.config/chromium/Default/heavy_ad_intervention_opt_out.db
MemoryInfra /proc/1231/clear_refs
ThreadPoolForeg /config/.config/chromium/FirstPartySetsPreloaded
MemoryInfra /proc/1233/status
ThreadPoolForeg /config/.config/chromium/FirstPartySetsPreloaded
MemoryInfra /proc/1233/status
ThreadPoolForeg /config/.config/chromium/Default/heavy_ad_intervention_opt_out.db-journal
MemoryInfra /proc/1233/clear_refs
MemoryInfra /proc/1244/status
ThreadPoolForeg /config/.config/chromium/Default/Bookmarks
MemoryInfra /proc/1244/status
ThreadPoolForeg /config/.config/chromium/Default/Shortcuts
MemoryInfra /proc/1244/clear_refs
MemoryInfra /proc/1350/status
MemoryInfra /proc/1350/status
MemoryInfra /proc/1350/clear_refs
ThreadPoolForeg /config/.config/chromium/extensions_crx_cache/metadata.json
ThreadPoolForeg /config/.config/chromium/Default/Shortcuts-journal
ThreadPoolForeg /config/.config/chromium/extensions_crx_cache
MemoryInfra /proc/1352/status
MemoryInfra /proc/1352/status
ThreadPoolForeg /config/.config/chromium/Default
MemoryInfra /proc/1352/clear_refs
ThreadPoolForeg /proc/self/mountinfo
ThreadPoolForeg /config/.config/chromium/Default
ThreadPoolForeg /sys/bus
ThreadPoolForeg /sys/bus/usb/devices/
ThreadPoolForeg /
ThreadPoolForeg /
ThreadPoolForeg /
ThreadPoolForeg sys
ThreadPoolForeg bus
ThreadPoolForeg usb
ThreadPoolForeg devices
ThreadPoolForeg 1-9:1.0
ThreadPoolForeg ..
ThreadPoolForeg ..
ThreadPoolForeg ..
ThreadPoolForeg devices
ThreadPoolForeg pci0000:00
ThreadPoolForeg 0000:00:14.0
ThreadPoolForeg usb1
ThreadPoolForeg 1-9
ThreadPoolForeg 1-9:1.0
ThreadPoolForeg /proc/self/fd/162
ThreadPoolForeg /
ThreadPoolForeg /
ThreadPoolForeg /
ThreadPoolForeg sys
ThreadPoolForeg devices
ThreadPoolForeg pci0000:00
ThreadPoolForeg 0000:00:14.0
ThreadPoolForeg usb1
ThreadPoolForeg 1-9
ThreadPoolForeg /proc/self/fd/147
ThreadPoolForeg /
ThreadPoolForeg /
ThreadPoolForeg /
ThreadPoolForeg sys
ThreadPoolForeg devices
ThreadPoolForeg pci0000:00
ThreadPoolForeg 0000:00:14.0
ThreadPoolForeg usb1
ThreadPoolForeg /proc/self/fd/158
ThreadPoolForeg /
ThreadPoolForeg /
ThreadPoolForeg /
ThreadPoolForeg sys
ThreadPoolForeg devices
ThreadPoolForeg pci0000:00
ThreadPoolForeg 0000:00:14.0
ThreadPoolForeg /proc/self/fd/150
ThreadPoolForeg /
ThreadPoolForeg /
ThreadPoolForeg /
ThreadPoolForeg sys
ThreadPoolForeg devices
ThreadPoolForeg pci0000:00
ThreadPoolForeg /proc/self/fd/158
ThreadPoolForeg /
ThreadPoolForeg /
ThreadPoolForeg /
ThreadPoolForeg sys
ThreadPoolForeg devices
ThreadPoolForeg /
ThreadPoolForeg /
ThreadPoolForeg /
ThreadPoolForeg sys
ThreadPoolForeg bus
ThreadPoolForeg usb
ThreadPoolForeg devices
ThreadPoolForeg 2-8:1.0
ThreadPoolForeg ..
ThreadPoolForeg ..
ThreadPoolForeg ..
ThreadPoolForeg devices
ThreadPoolForeg pci0000:00
ThreadPoolForeg 0000:00:14.0
ThreadPoolForeg usb2
ThreadPoolForeg 2-8
ThreadPoolForeg 2-8:1.0
ThreadPoolForeg /proc/self/fd/158
ThreadPoolForeg /
ThreadPoolForeg /
ThreadPoolForeg /
ThreadPoolForeg sys
ThreadPoolForeg devices
ThreadPoolForeg pci0000:00
ThreadPoolForeg 0000:00:14.0
ThreadPoolForeg usb2
ThreadPoolForeg 2-8
ThreadPoolForeg /proc/self/fd/150
ThreadPoolForeg /
ThreadPoolForeg /
ThreadPoolForeg /
ThreadPoolForeg sys
ThreadPoolForeg devices
ThreadPoolForeg pci0000:00
ThreadPoolForeg 0000:00:14.0
ThreadPoolForeg usb2
ThreadPoolForeg /proc/self/fd/158
ThreadPoolForeg /
ThreadPoolForeg /
ThreadPoolForeg /
ThreadPoolForeg sys
ThreadPoolForeg devices
ThreadPoolForeg pci0000:00
ThreadPoolForeg 0000:00:14.0
ThreadPoolForeg /proc/self/fd/150
ThreadPoolForeg /
ThreadPoolForeg /
ThreadPoolForeg /
ThreadPoolForeg sys
ThreadPoolForeg devices
ThreadPoolForeg pci0000:00
ThreadPoolForeg /proc/self/fd/158
ThreadPoolForeg /
ThreadPoolForeg /
ThreadPoolForeg /
ThreadPoolForeg sys
ThreadPoolForeg devices
ThreadPoolForeg /
ThreadPoolForeg /
ThreadPoolForeg /
ThreadPoolForeg sys
ThreadPoolForeg bus
ThreadPoolForeg usb
ThreadPoolForeg devices
ThreadPoolForeg 1-4:1.3
ThreadPoolForeg ..
ThreadPoolForeg ..
ThreadPoolForeg ..
ThreadPoolForeg devices
ThreadPoolForeg pci0000:00
ThreadPoolForeg 0000:00:14.0
ThreadPoolForeg usb1
ThreadPoolForeg 1-4
ThreadPoolForeg 1-4:1.3
ThreadPoolForeg /proc/self/fd/158
ThreadPoolForeg /
ThreadPoolForeg /
ThreadPoolForeg /
ThreadPoolForeg /config/.config/chromium/Default/Network Action Predictor
ThreadPoolForeg sys
ThreadPoolForeg devices
ThreadPoolForeg pci0000:00
ThreadPoolForeg /config/.config/chromium/Default/Network Action Predictor
ThreadPoolForeg 0000:00:14.0
ThreadPoolForeg usb1
ThreadPoolForeg 1-4
ThreadPoolForeg /proc/self/fd/150
ThreadPoolForeg /
ThreadPoolForeg /
ThreadPoolForeg /
ThreadPoolForeg sys
ThreadPoolForeg /config/.config/chromium/Default/Network Action Predictor-journal
ThreadPoolForeg devices
ThreadPoolForeg pci0000:00
ThreadPoolForeg 0000:00:14.0
ThreadPoolForeg usb1
ThreadPoolForeg /proc/self/fd/158
ThreadPoolForeg /
ThreadPoolForeg /
ThreadPoolForeg /
ThreadPoolForeg sys
ThreadPoolForeg bus
ThreadPoolForeg usb
ThreadPoolForeg devices
ThreadPoolForeg 1-9
ThreadPoolForeg ..
ThreadPoolForeg ..
ThreadPoolForeg ..
ThreadPoolForeg devices
ThreadPoolForeg pci0000:00
ThreadPoolForeg 0000:00:14.0
ThreadPoolForeg usb1
ThreadPoolForeg 1-9
ThreadPoolForeg /proc/self/fd/150
ThreadPoolForeg /
ThreadPoolForeg /
ThreadPoolForeg /
ThreadPoolForeg sys
ThreadPoolForeg devices
ThreadPoolForeg pci0000:00
ThreadPoolForeg 0000:00:14.0
ThreadPoolForeg usb1
ThreadPoolForeg /proc/self/fd/158
ThreadPoolForeg /
ThreadPoolForeg /
ThreadPoolForeg /
ThreadPoolForeg sys
ThreadPoolForeg bus
ThreadPoolForeg usb
ThreadPoolForeg devices
ThreadPoolForeg /config/.config/chromium/Default
ThreadPoolForeg 1-14
ThreadPoolForeg ..
ThreadPoolForeg ..
ThreadPoolForeg ..
ThreadPoolForeg devices
ThreadPoolForeg pci0000:00
ThreadPoolForeg 0000:00:14.0
ThreadPoolForeg usb1
ThreadPoolForeg 1-14
ThreadPoolForeg /proc/self/fd/150
ThreadPoolForeg /
ThreadPoolForeg /
ThreadPoolForeg /
ThreadPoolForeg sys
ThreadPoolForeg devices
ThreadPoolForeg pci0000:00
ThreadPoolForeg 0000:00:14.0
ThreadPoolForeg usb1
ThreadPoolForeg /proc/self/fd/158
ThreadPoolForeg /
ThreadPoolForeg /
ThreadPoolForeg /
ThreadPoolForeg sys
ThreadPoolForeg bus
ThreadPoolForeg usb
ThreadPoolForeg devices
ThreadPoolForeg 1-4:1.1
ThreadPoolForeg ..
ThreadPoolForeg ..
ThreadPoolForeg ..
ThreadPoolForeg devices
ThreadPoolForeg pci0000:00
ThreadPoolForeg 0000:00:14.0
ThreadPoolForeg usb1
ThreadPoolForeg 1-4
ThreadPoolForeg 1-4:1.1
ThreadPoolForeg /proc/self/fd/158
ThreadPoolForeg /
ThreadPoolForeg /
ThreadPoolForeg /
ThreadPoolForeg sys
ThreadPoolForeg devices
ThreadPoolForeg pci0000:00
ThreadPoolForeg 0000:00:14.0
ThreadPoolForeg usb1
ThreadPoolForeg 1-4
ThreadPoolForeg /proc/self/fd/150
ThreadPoolForeg /
ThreadPoolForeg /
ThreadPoolForeg /
ThreadPoolForeg sys
ThreadPoolForeg bus
ThreadPoolForeg usb
ThreadPoolForeg devices
ThreadPoolForeg usb1
ThreadPoolForeg ..
ThreadPoolForeg ..
ThreadPoolForeg ..
ThreadPoolForeg devices
ThreadPoolForeg pci0000:00
ThreadPoolForeg 0000:00:14.0
ThreadPoolForeg usb1
ThreadPoolForeg /proc/self/fd/158
ThreadPoolForeg /
ThreadPoolForeg /
ThreadPoolForeg /
ThreadPoolForeg sys
ThreadPoolForeg devices
ThreadPoolForeg pci0000:00
ThreadPoolForeg 0000:00:14.0
ThreadPoolForeg /proc/self/fd/150
ThreadPoolForeg /
ThreadPoolForeg /
ThreadPoolForeg /
ThreadPoolForeg sys
ThreadPoolForeg devices
ThreadPoolForeg pci0000:00
ThreadPoolForeg /proc/self/fd/158
ThreadPoolForeg /
selkies /proc/stat
ThreadPoolForeg /
ThreadPoolForeg /
ThreadPoolForeg sys
ThreadPoolForeg devices
selkies /proc/meminfo
ThreadPoolForeg /
ThreadPoolForeg /
ThreadPoolForeg /
ThreadPoolForeg sys
ThreadPoolForeg bus
ThreadPoolForeg usb
ThreadPoolForeg devices
ThreadPoolForeg 1-14:1.0
ThreadPoolForeg ..
ThreadPoolForeg ..
ThreadPoolForeg ..
ThreadPoolForeg devices
ThreadPoolForeg pci0000:00
ThreadPoolForeg 0000:00:14.0
ThreadPoolForeg usb1
ThreadPoolForeg 1-14
ThreadPoolForeg 1-14:1.0
ThreadPoolForeg /proc/self/fd/158
ThreadPoolForeg /
ThreadPoolForeg /
ThreadPoolForeg /
ThreadPoolForeg sys
ThreadPoolForeg devices
ThreadPoolForeg pci0000:00
ThreadPoolForeg 0000:00:14.0
ThreadPoolForeg usb1
ThreadPoolForeg 1-14
ThreadPoolForeg /proc/self/fd/150
ThreadPoolForeg /
ThreadPoolForeg /
ThreadPoolForeg /
ThreadPoolForeg sys
ThreadPoolForeg bus
ThreadPoolForeg usb
ThreadPoolForeg devices
ThreadPoolForeg 2-8
ThreadPoolForeg ..
ThreadPoolForeg ..
ThreadPoolForeg ..
ThreadPoolForeg devices
ThreadPoolForeg pci0000:00
ThreadPoolForeg 0000:00:14.0
ThreadPoolForeg usb2
ThreadPoolForeg 2-8
ThreadPoolForeg /proc/self/fd/150
ThreadPoolForeg /
ThreadPoolForeg /
ThreadPoolForeg /
ThreadPoolForeg sys
ThreadPoolForeg devices
ThreadPoolForeg pci0000:00
ThreadPoolForeg 0000:00:14.0
ThreadPoolForeg usb2
ThreadPoolForeg /proc/self/fd/158
ThreadPoolForeg /
ThreadPoolForeg /
ThreadPoolForeg /
ThreadPoolForeg sys
ThreadPoolForeg bus
ThreadPoolForeg usb
ThreadPoolForeg devices
ThreadPoolForeg 1-9:1.3
ThreadPoolForeg ..
ThreadPoolForeg ..
ThreadPoolForeg ..
ThreadPoolForeg devices
ThreadPoolForeg pci0000:00
ThreadPoolForeg 0000:00:14.0
ThreadPoolForeg usb1
ThreadPoolForeg 1-9
ThreadPoolForeg 1-9:1.3
ThreadPoolForeg /proc/self/fd/158
ThreadPoolForeg /
ThreadPoolForeg /
ThreadPoolForeg /
ThreadPoolForeg sys
ThreadPoolForeg devices
ThreadPoolForeg pci0000:00
ThreadPoolForeg 0000:00:14.0
ThreadPoolForeg usb1
ThreadPoolForeg 1-9
ThreadPoolForeg /proc/self/fd/150
ThreadPoolForeg /
ThreadPoolForeg /
ThreadPoolForeg /
ThreadPoolForeg sys
ThreadPoolForeg bus
ThreadPoolForeg usb
ThreadPoolForeg devices
ThreadPoolForeg 1-9:1.1
ThreadPoolForeg ..
ThreadPoolForeg ..
ThreadPoolForeg ..
ThreadPoolForeg devices
ThreadPoolForeg pci0000:00
ThreadPoolForeg 0000:00:14.0
ThreadPoolForeg usb1
ThreadPoolForeg 1-9
ThreadPoolForeg 1-9:1.1
ThreadPoolForeg /proc/self/fd/158
ThreadPoolForeg /
ThreadPoolForeg /
ThreadPoolForeg /
ThreadPoolForeg sys
ThreadPoolForeg devices
ThreadPoolForeg pci0000:00
ThreadPoolForeg 0000:00:14.0
ThreadPoolForeg usb1
ThreadPoolForeg 1-9
ThreadPoolForeg /proc/self/fd/150
ThreadPoolForeg /
ThreadPoolForeg /
ThreadPoolForeg /
ThreadPoolForeg sys
ThreadPoolForeg bus
ThreadPoolForeg usb
ThreadPoolForeg devices
ThreadPoolForeg 1-1
ThreadPoolForeg ..
ThreadPoolForeg ..
ThreadPoolForeg ..
ThreadPoolForeg devices
ThreadPoolForeg pci0000:00
ThreadPoolForeg 0000:00:14.0
ThreadPoolForeg usb1
ThreadPoolForeg 1-1
ThreadPoolForeg /proc/self/fd/150
ThreadPoolForeg /
ThreadPoolForeg /
ThreadPoolForeg /
ThreadPoolForeg sys
ThreadPoolForeg devices
ThreadPoolForeg pci0000:00
ThreadPoolForeg 0000:00:14.0
ThreadPoolForeg usb1
ThreadPoolForeg /proc/self/fd/158
ThreadPoolForeg /
ThreadPoolForeg /
ThreadPoolForeg /
ThreadPoolForeg sys
ThreadPoolForeg bus
ThreadPoolForeg usb
ThreadPoolForeg devices
ThreadPoolForeg 1-4:1.2
ThreadPoolForeg ..
ThreadPoolForeg ..
ThreadPoolForeg ..
ThreadPoolForeg devices
ThreadPoolForeg pci0000:00
ThreadPoolForeg 0000:00:14.0
ThreadPoolForeg usb1
ThreadPoolForeg 1-4
ThreadPoolForeg 1-4:1.2
ThreadPoolForeg /proc/self/fd/158
ThreadPoolForeg /
ThreadPoolForeg /
ThreadPoolForeg /
ThreadPoolForeg sys
ThreadPoolForeg devices
ThreadPoolForeg pci0000:00
ThreadPoolForeg 0000:00:14.0
ThreadPoolForeg usb1
ThreadPoolForeg 1-4
ThreadPoolForeg /proc/self/fd/150
ThreadPoolForeg /
ThreadPoolForeg /
ThreadPoolForeg /
ThreadPoolForeg sys
ThreadPoolForeg bus
ThreadPoolForeg usb
ThreadPoolForeg devices
ThreadPoolForeg usb2
ThreadPoolForeg ..
ThreadPoolForeg ..
ThreadPoolForeg ..
ThreadPoolForeg devices
ThreadPoolForeg pci0000:00
ThreadPoolForeg 0000:00:14.0
ThreadPoolForeg usb2
ThreadPoolForeg /proc/self/fd/158
ThreadPoolForeg /
ThreadPoolForeg /
ThreadPoolForeg /
ThreadPoolForeg sys
ThreadPoolForeg devices
ThreadPoolForeg pci0000:00
ThreadPoolForeg 0000:00:14.0
ThreadPoolForeg /proc/self/fd/150
ThreadPoolForeg /
ThreadPoolForeg /
ThreadPoolForeg /
ThreadPoolForeg sys
ThreadPoolForeg devices
ThreadPoolForeg pci0000:00
ThreadPoolForeg /proc/self/fd/158
ThreadPoolForeg /
ThreadPoolForeg /
ThreadPoolForeg /
ThreadPoolForeg sys
ThreadPoolForeg devices
ThreadPoolForeg /
ThreadPoolForeg /
ThreadPoolForeg /
ThreadPoolForeg sys
ThreadPoolForeg bus
ThreadPoolForeg usb
ThreadPoolForeg devices
ThreadPoolForeg 1-0:1.0
ThreadPoolForeg ..
ThreadPoolForeg ..
ThreadPoolForeg ..
ThreadPoolForeg devices
ThreadPoolForeg pci0000:00
ThreadPoolForeg 0000:00:14.0
ThreadPoolForeg usb1
ThreadPoolForeg 1-0:1.0
ThreadPoolForeg /proc/self/fd/150
ThreadPoolForeg /
ThreadPoolForeg /
ThreadPoolForeg /
ThreadPoolForeg sys
ThreadPoolForeg devices
ThreadPoolForeg pci0000:00
ThreadPoolForeg 0000:00:14.0
ThreadPoolForeg usb1
ThreadPoolForeg /proc/self/fd/158
ThreadPoolForeg /
ThreadPoolForeg /
ThreadPoolForeg /
ThreadPoolForeg sys
ThreadPoolForeg bus
ThreadPoolForeg usb
ThreadPoolForeg devices
ThreadPoolForeg 1-14:1.1
ThreadPoolForeg ..
ThreadPoolForeg ..
ThreadPoolForeg ..
ThreadPoolForeg devices
ThreadPoolForeg pci0000:00
ThreadPoolForeg 0000:00:14.0
ThreadPoolForeg usb1
xclip /etc/ld.so.cache
ThreadPoolForeg 1-14
xclip /lib/x86_64-linux-gnu/libXmu.so.6
ThreadPoolForeg 1-14:1.1
ThreadPoolForeg /proc/self/fd/158
xclip /lib/x86_64-linux-gnu/libX11.so.6
ThreadPoolForeg /
xclip /lib/x86_64-linux-gnu/libc.so.6
ThreadPoolForeg /
ThreadPoolForeg /
ThreadPoolForeg sys
ThreadPoolForeg devices
xclip /lib/x86_64-linux-gnu/libXt.so.6
ThreadPoolForeg pci0000:00
ThreadPoolForeg 0000:00:14.0
xclip /lib/x86_64-linux-gnu/libXext.so.6
ThreadPoolForeg usb1
ThreadPoolForeg 1-14
xclip /lib/x86_64-linux-gnu/libxcb.so.1
ThreadPoolForeg /proc/self/fd/150
xclip /lib/x86_64-linux-gnu/libSM.so.6
ThreadPoolForeg /
ThreadPoolForeg /
ThreadPoolForeg /
xclip /lib/x86_64-linux-gnu/libICE.so.6
ThreadPoolForeg sys
ThreadPoolForeg bus
ThreadPoolForeg usb
ThreadPoolForeg devices
xclip /lib/x86_64-linux-gnu/libXau.so.6
ThreadPoolForeg 1-4:1.0
ThreadPoolForeg ..
xclip /lib/x86_64-linux-gnu/libXdmcp.so.6
ThreadPoolForeg ..
ThreadPoolForeg ..
ThreadPoolForeg devices
xclip /lib/x86_64-linux-gnu/libuuid.so.1
ThreadPoolForeg pci0000:00
ThreadPoolForeg 0000:00:14.0
ThreadPoolForeg usb1
xclip /lib/x86_64-linux-gnu/libbsd.so.0
ThreadPoolForeg 1-4
ThreadPoolForeg 1-4:1.0
ThreadPoolForeg /config/.config/chromium/Default/DIPS
ThreadPoolForeg /proc/self/fd/158
xclip /lib/x86_64-linux-gnu/libmd.so.0
ThreadPoolForeg /
ThreadPoolForeg /
ThreadPoolForeg /
ThreadPoolForeg sys
ThreadPoolForeg devices
ThreadPoolForeg pci0000:00
ThreadPoolForeg 0000:00:14.0
ThreadPoolForeg /config/.config/chromium/Default/DIPS-journal
ThreadPoolForeg usb1
ThreadPoolForeg 1-4
ThreadPoolForeg /proc/self/fd/150
ThreadPoolForeg /
ThreadPoolForeg /
ThreadPoolForeg /
ThreadPoolForeg sys
ThreadPoolForeg bus
ThreadPoolForeg usb
ThreadPoolForeg devices
ThreadPoolForeg 1-4
ThreadPoolForeg ..
ThreadPoolForeg ..
ThreadPoolForeg ..
ThreadPoolForeg devices
ThreadPoolForeg pci0000:00
xclip /usr/share/X11/locale/locale.alias
ThreadPoolForeg 0000:00:14.0
ThreadPoolForeg usb1
ThreadPoolForeg 1-4
ThreadPoolForeg /proc/self/fd/150
ThreadPoolForeg /
ThreadPoolForeg /
ThreadPoolForeg /
ThreadPoolForeg /usr/lib/chromium/liboptimization_guide_internal.so
ThreadPoolForeg sys
ThreadPoolForeg devices
ThreadPoolForeg /sys/bus/cpu/devices/cpu0/microcode/version
xclip /usr/share/X11/locale/locale.dir
ThreadPoolForeg pci0000:00
ThreadPoolForeg 0000:00:14.0
xclip /usr/share/X11/locale/C/XLC_LOCALE
ThreadPoolForeg usb1
xclip /usr/share/X11/locale/locale.alias
ThreadPoolForeg /proc/self/fd/158
ThreadPoolForeg /config/.config/chromium/Default/.org.chromium.Chromium.4ZTXY9
ThreadPoolForeg /
ThreadPoolForeg /
xclip /usr/share/X11/locale/locale.dir
ThreadPoolForeg /
ThreadPoolForeg sys
ThreadPoolForeg bus
xclip /usr/share/X11/locale/C/XLC_LOCALE
ThreadPoolForeg usb
ThreadPoolForeg /config/.config/chromium/Default
ThreadPoolForeg devices
ThreadPoolForeg 1-9:1.2
ThreadPoolForeg ..
Xvfb /proc/1581/cmdline
ThreadPoolForeg ..
ThreadPoolForeg ..
ThreadPoolForeg devices
ThreadPoolForeg pci0000:00
ThreadPoolForeg 0000:00:14.0
ThreadPoolForeg usb1
ThreadPoolForeg 1-9
ThreadPoolForeg 1-9:1.2
ThreadPoolForeg /proc/self/fd/167
ThreadPoolForeg /
ThreadPoolForeg /
ThreadPoolForeg /
ThreadPoolForeg sys
ThreadPoolForeg devices
ThreadPoolForeg pci0000:00
ThreadPoolForeg 0000:00:14.0
ThreadPoolForeg usb1
ThreadPoolForeg 1-9
ThreadPoolForeg /config/.config/chromium/Default/.org.chromium.Chromium.XnrwYF
ThreadPoolForeg /proc/self/fd/151
ThreadPoolForeg /
ThreadPoolForeg /
ThreadPoolForeg /
ThreadPoolForeg sys
ThreadPoolForeg bus
ThreadPoolForeg usb
ThreadPoolForeg devices
ThreadPoolForeg 1-1:1.0
ThreadPoolForeg ..
ThreadPoolForeg ..
ThreadPoolForeg ..
ThreadPoolForeg devices
ThreadPoolForeg pci0000:00
ThreadPoolForeg 0000:00:14.0
ThreadPoolForeg usb1
ThreadPoolForeg 1-1
ThreadPoolForeg 1-1:1.0
ThreadPoolForeg /proc/self/fd/158
ThreadPoolForeg /
ThreadPoolForeg /
ThreadPoolForeg /
ThreadPoolForeg sys
ThreadPoolForeg devices
ThreadPoolForeg pci0000:00
ThreadPoolForeg 0000:00:14.0
ThreadPoolForeg usb1
ThreadPoolForeg 1-1
ThreadPoolForeg /proc/self/fd/150
ThreadPoolForeg /
ThreadPoolForeg /
ThreadPoolForeg /
ThreadPoolForeg sys
ThreadPoolForeg bus
ThreadPoolForeg usb
ThreadPoolForeg devices
ThreadPoolForeg 2-0:1.0
ThreadPoolForeg ..
ThreadPoolForeg ..
ThreadPoolForeg ..
ThreadPoolForeg devices
ThreadPoolForeg pci0000:00
ThreadPoolForeg 0000:00:14.0
ThreadPoolForeg usb2
ThreadPoolForeg 2-0:1.0
ThreadPoolForeg /proc/self/fd/150
ThreadPoolForeg /
ThreadPoolForeg /
ThreadPoolForeg /
ThreadPoolForeg sys
ThreadPoolForeg devices
ThreadPoolForeg pci0000:00
ThreadPoolForeg 0000:00:14.0
ThreadPoolForeg /config/.config/chromium
ThreadPoolForeg usb2
ThreadPoolForeg /proc/self/fd/167
ThreadPoolForeg /config/.config/chromium
ThreadPoolForeg /config/.config
ThreadPoolForeg /sys/class
ThreadPoolForeg /
ThreadPoolForeg /
ThreadPoolForeg /config/.config/chromium/Default/optimization_guide_hint_cache_store/LOG
ThreadPoolForeg /
ThreadPoolForeg sys
ThreadPoolForeg /config/.config/chromium/Default/optimization_guide_hint_cache_store/LOCK
ThreadPoolForeg /config/.config/chromium/Default/optimization_guide_hint_cache_store/LOCK
ThreadPoolForeg devices
ThreadPoolForeg pci0000:00
ThreadPoolForeg 0000:00:14.0
ThreadPoolForeg usb1
ThreadPoolForeg /proc/self/fd/149
ThreadPoolForeg /config/.config/chromium/Default/AutofillAiModelCache/LOG
ThreadPoolForeg /config/.config/chromium/Default/AutofillAiModelCache/LOCK
ThreadPoolForeg /config/.config/chromium/Default/AutofillAiModelCache/LOCK
ThreadPoolForeg /sys/devices/pci0000:00/0000:00:14.0/usb1/uevent
ThreadPoolForeg /config/.config/chromium/Default/DIPS-wal
ThreadPoolForeg /sys/devices/pci0000:00/0000:00:14.0/usb1/descriptors
ThreadPoolForeg /
ThreadPoolForeg /config/.config/chromium/Default/AutofillStrikeDatabase/LOG
ThreadPoolForeg /
ThreadPoolForeg /config/.config/chromium/Default/AutofillStrikeDatabase/LOCK
ThreadPoolForeg /
ThreadPoolForeg /config/.config/chromium/Default/AutofillStrikeDatabase/LOCK
ThreadPoolForeg sys
ThreadPoolForeg devices
ThreadPoolForeg pci0000:00
ThreadPoolForeg 0000:00:14.0
ThreadPoolForeg usb1
ThreadPoolForeg /config/.config/chromium/Default/BudgetDatabase/LOG
ThreadPoolForeg 1-0:1.0
ThreadPoolForeg /config/.config/chromium/Default/BudgetDatabase/LOCK
ThreadPoolForeg /config/.config/chromium/Default/BudgetDatabase/LOCK
ThreadPoolForeg /proc/self/fd/158
ThreadPoolForeg /sys/devices/pci0000:00/0000:00:14.0/usb1/1-0:1.0/uevent
ThreadPoolForeg /
ThreadPoolForeg /
ThreadPoolForeg /
ThreadPoolForeg /config/.config/chromium/Default/GCM Store/Encryption/LOG
ThreadPoolForeg sys
ThreadPoolForeg /config/.config/chromium/Default/GCM Store/Encryption/LOCK
ThreadPoolForeg devices
ThreadPoolForeg /config/.config/chromium/Default/GCM Store/Encryption/LOCK
ThreadPoolForeg pci0000:00
ThreadPoolForeg 0000:00:14.0
ThreadPoolForeg usb1
ThreadPoolForeg /config/.config/chromium/Default/GCM Store/Encryption/MANIFEST-000001
ThreadPoolForeg 1-1
ThreadPoolForeg /config/.config/chromium/Default/GCM Store/Encryption
ThreadPoolForeg /proc/self/fd/149
ThreadPoolForeg /sys/devices/pci0000:00/0000:00:14.0/usb1/1-1/uevent
ThreadPoolForeg /config/.config/chromium/Default
ThreadPoolForeg /sys/devices/pci0000:00/0000:00:14.0/usb1/1-1/descriptors
ThreadPoolForeg /sys/devices/pci0000:00/0000:00:14.0/usb1/1-1/manufacturer
ThreadPoolForeg /sys/devices/pci0000:00/0000:00:14.0/usb1/1-1/product
ThreadPoolForeg /sys/devices/pci0000:00/0000:00:14.0/usb1/1-1/bConfigurationValue
ThreadPoolForeg /sys/devices/pci0000:00/0000:00:14.0/usb1/1-1/busnum
ThreadPoolForeg /sys/devices/pci0000:00/0000:00:14.0/usb1/1-1/devnum
ThreadPoolForeg /
ThreadPoolForeg /
ThreadPoolForeg /
ThreadPoolForeg sys
ThreadPoolForeg devices
ThreadPoolForeg pci0000:00
ThreadPoolForeg 0000:00:14.0
ThreadPoolForeg usb1
ThreadPoolForeg 1-1
ThreadPoolForeg 1-1:1.0
ThreadPoolForeg /proc/self/fd/168
ThreadPoolForeg /sys/devices/pci0000:00/0000:00:14.0/usb1/1-1/1-1:1.0/uevent
ThreadPoolForeg /
ThreadPoolForeg /
ThreadPoolForeg /
ThreadPoolForeg sys
ThreadPoolForeg devices
ThreadPoolForeg pci0000:00
ThreadPoolForeg 0000:00:14.0
ThreadPoolForeg usb1
ThreadPoolForeg 1-14
ThreadPoolForeg /proc/self/fd/150
ThreadPoolForeg /sys/devices/pci0000:00/0000:00:14.0/usb1/1-14/uevent
ThreadPoolForeg /sys/devices/pci0000:00/0000:00:14.0/usb1/1-14/descriptors
ThreadPoolForeg /sys/devices/pci0000:00/0000:00:14.0/usb1/1-14/bConfigurationValue
ThreadPoolForeg /sys/devices/pci0000:00/0000:00:14.0/usb1/1-14/busnum
ThreadPoolForeg /sys/devices/pci0000:00/0000:00:14.0/usb1/1-14/devnum
ThreadPoolForeg /
ThreadPoolForeg /
ThreadPoolForeg /
ThreadPoolForeg sys
ThreadPoolForeg devices
ThreadPoolForeg pci0000:00
ThreadPoolForeg /config/.config/chromium/Default/GCM Store/Encryption/000001.dbtmp
ThreadPoolForeg 0000:00:14.0
ThreadPoolForeg usb1
ThreadPoolForeg 1-14
ThreadPoolForeg /config/.config/chromium/Default/Feature Engagement Tracker/AvailabilityDB/LOG
ThreadPoolForeg 1-14:1.0
ThreadPoolForeg /config/.config/chromium/Default/Feature Engagement Tracker/AvailabilityDB/LOCK
ThreadPoolForeg /config/.config/chromium/Default/Feature Engagement Tracker/AvailabilityDB/LOCK
ThreadPoolForeg /proc/self/fd/168
ThreadPoolForeg /sys/devices/pci0000:00/0000:00:14.0/usb1/1-14/1-14:1.0/uevent
ThreadPoolForeg /
ThreadPoolForeg /
ThreadPoolForeg /
ThreadPoolForeg sys
ThreadPoolForeg /config/.config/chromium/Default/Feature Engagement Tracker/EventDB/LOG
ThreadPoolForeg devices
ThreadPoolForeg pci0000:00
ThreadPoolForeg /config/.config/chromium/Default/Feature Engagement Tracker/EventDB/LOCK
ThreadPoolForeg /config/.config/chromium/Default/Feature Engagement Tracker/EventDB/LOCK
ThreadPoolForeg 0000:00:14.0
ThreadPoolForeg usb1
ThreadPoolForeg 1-14
ThreadPoolForeg 1-14:1.1
ThreadPoolForeg /config/.config/chromium/first_party_sets.db
ThreadPoolForeg /proc/self/fd/158
ThreadPoolForeg /sys/devices/pci0000:00/0000:00:14.0/usb1/1-14/1-14:1.1/uevent
ThreadPoolForeg /config/.config/chromium/first_party_sets.db
ThreadPoolForeg /
ThreadPoolForeg /
ThreadPoolForeg /
ThreadPoolForeg sys
ThreadPoolForeg devices
ThreadPoolForeg pci0000:00
ThreadPoolForeg 0000:00:14.0
ThreadPoolForeg usb1
ThreadPoolForeg 1-4
ThreadPoolForeg /config/.config/chromium/Default/GCM Store/Encryption/CURRENT
ThreadPoolForeg /proc/self/fd/150
ThreadPoolForeg /config/.config/chromium/Default/GCM Store/Encryption/MANIFEST-000001
ThreadPoolForeg /sys/devices/pci0000:00/0000:00:14.0/usb1/1-4/uevent
ThreadPoolForeg /config/.config/chromium/first_party_sets.db-journal
ThreadPoolForeg /config/.config/chromium/Default/GCM Store/Encryption/MANIFEST-000001
ThreadPoolForeg /sys/devices/pci0000:00/0000:00:14.0/usb1/1-4/descriptors
ThreadPoolForeg /config/.config/chromium/Default/GCM Store/Encryption
ThreadPoolForeg /sys/devices/pci0000:00/0000:00:14.0/usb1/1-4/manufacturer
ThreadPoolForeg /sys/devices/pci0000:00/0000:00:14.0/usb1/1-4/product
ThreadPoolForeg /config/.config/chromium/Default/GCM Store/Encryption
ThreadPoolForeg /sys/devices/pci0000:00/0000:00:14.0/usb1/1-4/serial
ThreadPoolForeg /sys/devices/pci0000:00/0000:00:14.0/usb1/1-4/bConfigurationValue
ThreadPoolForeg /config/.config/chromium/Default/GCM Store/Encryption/000003.log
ThreadPoolForeg /sys/devices/pci0000:00/0000:00:14.0/usb1/1-4/busnum
ThreadPoolForeg /config/.config/chromium/Default/GCM Store/Encryption
ThreadPoolForeg /sys/devices/pci0000:00/0000:00:14.0/usb1/1-4/devnum
ThreadPoolForeg /
ThreadPoolForeg /
ThreadPoolForeg /config/.config/chromium/Default/GCM Store/Encryption
ThreadPoolForeg /
ThreadPoolForeg sys
ThreadPoolForeg devices
ThreadPoolForeg pci0000:00
ThreadPoolForeg 0000:00:14.0
ThreadPoolForeg usb1
ThreadPoolForeg 1-4
ThreadPoolForeg /config/.config/chromium/Default/GCM Store/LOG
ThreadPoolForeg 1-4:1.0
ThreadPoolForeg /config/.config/chromium/Default/GCM Store/LOCK
ThreadPoolForeg /config/.config/chromium/Default/GCM Store/LOCK
ThreadPoolForeg /proc/self/fd/169
ThreadPoolForeg /config/.config/chromium/Default/GCM Store/MANIFEST-000001
ThreadPoolForeg /sys/devices/pci0000:00/0000:00:14.0/usb1/1-4/1-4:1.0/uevent
ThreadPoolForeg /config/.config/chromium/Default/GCM Store
ThreadPoolForeg /
ThreadPoolForeg /
ThreadPoolForeg /
ThreadPoolForeg sys
ThreadPoolForeg devices
ThreadPoolForeg pci0000:00
ThreadPoolForeg /config/.config/chromium
ThreadPoolForeg 0000:00:14.0
ThreadPoolForeg usb1
ThreadPoolForeg 1-4
ThreadPoolForeg 1-4:1.1
ThreadPoolForeg /proc/self/fd/174
ThreadPoolForeg /sys/devices/pci0000:00/0000:00:14.0/usb1/1-4/1-4:1.1/uevent
ThreadPoolForeg /
ThreadPoolForeg /
ThreadPoolForeg /
ThreadPoolForeg sys
ThreadPoolForeg devices
ThreadPoolForeg pci0000:00
ThreadPoolForeg 0000:00:14.0
ThreadPoolForeg usb1
ThreadPoolForeg 1-4
ThreadPoolForeg 1-4:1.2
ThreadPoolForeg /proc/self/fd/169
ThreadPoolForeg /sys/devices/pci0000:00/0000:00:14.0/usb1/1-4/1-4:1.2/uevent
ThreadPoolForeg /
ThreadPoolForeg /
ThreadPoolForeg /
ThreadPoolForeg sys
ThreadPoolForeg devices
ThreadPoolForeg pci0000:00
ThreadPoolForeg 0000:00:14.0
ThreadPoolForeg usb1
ThreadPoolForeg 1-4
ThreadPoolForeg 1-4:1.3
ThreadPoolForeg /proc/self/fd/173
ThreadPoolForeg /sys/devices/pci0000:00/0000:00:14.0/usb1/1-4/1-4:1.3/uevent
ThreadPoolForeg /
ThreadPoolForeg /
ThreadPoolForeg /
ThreadPoolForeg sys
ThreadPoolForeg devices
ThreadPoolForeg pci0000:00
ThreadPoolForeg 0000:00:14.0
ThreadPoolForeg usb1
ThreadPoolForeg 1-9
ThreadPoolForeg /proc/self/fd/170
ThreadPoolForeg /sys/devices/pci0000:00/0000:00:14.0/usb1/1-9/uevent
ThreadPoolForeg /sys/devices/pci0000:00/0000:00:14.0/usb1/1-9/descriptors
ThreadPoolForeg /sys/devices/pci0000:00/0000:00:14.0/usb1/1-9/manufacturer
ThreadPoolForeg /sys/devices/pci0000:00/0000:00:14.0/usb1/1-9/product
ThreadPoolForeg /sys/devices/pci0000:00/0000:00:14.0/usb1/1-9/serial
ThreadPoolForeg /sys/devices/pci0000:00/0000:00:14.0/usb1/1-9/bConfigurationValue
ThreadPoolForeg /sys/devices/pci0000:00/0000:00:14.0/usb1/1-9/busnum
ThreadPoolForeg /sys/devices/pci0000:00/0000:00:14.0/usb1/1-9/devnum
ThreadPoolForeg /
ThreadPoolForeg /
ThreadPoolForeg /
ThreadPoolForeg sys
ThreadPoolForeg devices
ThreadPoolForeg pci0000:00
ThreadPoolForeg 0000:00:14.0
ThreadPoolForeg usb1
ThreadPoolForeg /config/.config/chromium/Default/GCM Store/000001.dbtmp
ThreadPoolForeg 1-9
ThreadPoolForeg 1-9:1.0
ThreadPoolForeg /proc/self/fd/173
ThreadPoolForeg /sys/devices/pci0000:00/0000:00:14.0/usb1/1-9/1-9:1.0/uevent
ThreadPoolForeg /
ThreadPoolForeg /
ThreadPoolForeg /
ThreadPoolForeg sys
ThreadPoolForeg devices
ThreadPoolForeg pci0000:00
ThreadPoolForeg 0000:00:14.0
ThreadPoolForeg usb1
ThreadPoolForeg 1-9
ThreadPoolForeg 1-9:1.1
ThreadPoolForeg /proc/self/fd/173
ThreadPoolForeg /sys/devices/pci0000:00/0000:00:14.0/usb1/1-9/1-9:1.1/uevent
ThreadPoolForeg /
ThreadPoolForeg /
ThreadPoolForeg /
ThreadPoolForeg sys
ThreadPoolForeg devices
ThreadPoolForeg pci0000:00
ThreadPoolForeg 0000:00:14.0
ThreadPoolForeg usb1
ThreadPoolForeg 1-9
ThreadPoolForeg 1-9:1.2
ThreadPoolForeg /proc/self/fd/173
ThreadPoolForeg /sys/devices/pci0000:00/0000:00:14.0/usb1/1-9/1-9:1.2/uevent
ThreadPoolForeg /
ThreadPoolForeg /
ThreadPoolForeg /
ThreadPoolForeg sys
ThreadPoolForeg devices
ThreadPoolForeg pci0000:00
ThreadPoolForeg 0000:00:14.0
ThreadPoolForeg usb1
ThreadPoolForeg 1-9
ThreadPoolForeg 1-9:1.3
ThreadPoolForeg /proc/self/fd/173
ThreadPoolForeg /sys/devices/pci0000:00/0000:00:14.0/usb1/1-9/1-9:1.3/uevent
ThreadPoolForeg /
ThreadPoolForeg /
ThreadPoolForeg /
ThreadPoolForeg sys
ThreadPoolForeg devices
ThreadPoolForeg pci0000:00
ThreadPoolForeg 0000:00:14.0
ThreadPoolForeg usb2
ThreadPoolForeg /config/.config/chromium/Default/GCM Store/CURRENT
ThreadPoolForeg /proc/self/fd/167
ThreadPoolForeg /config/.config/chromium/Default/GCM Store/MANIFEST-000001
ThreadPoolForeg /sys/devices/pci0000:00/0000:00:14.0/usb2/uevent
ThreadPoolForeg /config/.config/chromium/Default/GCM Store/MANIFEST-000001
ThreadPoolForeg /sys/devices/pci0000:00/0000:00:14.0/usb2/descriptors
ThreadPoolForeg /config/.config/chromium/Default/GCM Store
ThreadPoolForeg /
ThreadPoolForeg /
ThreadPoolForeg /config/.config/chromium/Default/GCM Store
ThreadPoolForeg /
ThreadPoolForeg sys
ThreadPoolForeg devices
ThreadPoolForeg pci0000:00
ThreadPoolForeg /config/.config/chromium/Default/GCM Store/000003.log
ThreadPoolForeg 0000:00:14.0
ThreadPoolForeg /config/.config/chromium/Default/GCM Store
ThreadPoolForeg usb2
ThreadPoolForeg 2-0:1.0
ThreadPoolForeg /proc/self/fd/170
ThreadPoolForeg /config/.config/chromium/Default/GCM Store
ThreadPoolForeg /sys/devices/pci0000:00/0000:00:14.0/usb2/2-0:1.0/uevent
ThreadPoolForeg /
ThreadPoolForeg /
ThreadPoolForeg /
ThreadPoolForeg sys
ThreadPoolForeg devices
ThreadPoolForeg /config/.config/chromium/Subresource Filter/Indexed Rules
ThreadPoolForeg pci0000:00
ThreadPoolForeg /config/.config/chromium/Subresource Filter/Indexed Rules/37
ThreadPoolForeg 0000:00:14.0
ThreadPoolForeg usb2
ThreadPoolForeg 2-8
ThreadPoolForeg /proc/self/fd/170
ThreadPoolForeg /sys/devices/pci0000:00/0000:00:14.0/usb2/2-8/uevent
ThreadPoolForeg /sys/devices/pci0000:00/0000:00:14.0/usb2/2-8/descriptors
ThreadPoolForeg /sys/devices/pci0000:00/0000:00:14.0/usb2/2-8/manufacturer
ThreadPoolForeg /sys/devices/pci0000:00/0000:00:14.0/usb2/2-8/product
ThreadPoolForeg /sys/devices/pci0000:00/0000:00:14.0/usb2/2-8/serial
ThreadPoolForeg /sys/devices/pci0000:00/0000:00:14.0/usb2/2-8/bConfigurationValue
ThreadPoolForeg /sys/devices/pci0000:00/0000:00:14.0/usb2/2-8/busnum
ThreadPoolForeg /sys/devices/pci0000:00/0000:00:14.0/usb2/2-8/devnum
ThreadPoolForeg /
ThreadPoolForeg /
ThreadPoolForeg /
ThreadPoolForeg sys
ThreadPoolForeg devices
ThreadPoolForeg pci0000:00
ThreadPoolForeg 0000:00:14.0
ThreadPoolForeg usb2
ThreadPoolForeg 2-8
ThreadPoolForeg 2-8:1.0
ThreadPoolForeg /proc/self/fd/174
ThreadPoolForeg /sys/devices/pci0000:00/0000:00:14.0/usb2/2-8/2-8:1.0/uevent
chromium /proc/1352/stat
chromium /proc/1352/stat
ThreadPoolForeg /config/.cache/chromium/Default/Cache/Cache_Data/f7c5dc7586ed0b98_0
ThreadPoolForeg /config/.cache/chromium/Default/Cache/Cache_Data/f7c5dc7586ed0b98_1
ThreadPoolForeg /config/.cache/chromium/Default/Cache/Cache_Data/f7c5dc7586ed0b98_s
Chrome_ChildIOT /tmp/.org.chromium.Chromium.hfAA8w
Chrome_ChildIOT /tmp/.org.chromium.Chromium.xntTSd
Chrome_ChildIOT /tmp/.org.chromium.Chromium.xntTSd
chromium /proc/self/cmdline
chromium /proc/1352/stat
Chrome_ChildIOT /tmp/.org.chromium.Chromium.Cg6qiV
Chrome_ChildIOT /tmp/.org.chromium.Chromium.x2ojQF
Chrome_ChildIOT /tmp/.org.chromium.Chromium.Sq8uQZ
Chrome_ChildIOT /tmp/.org.chromium.Chromium.HSQnym
chromium /tmp/.org.chromium.Chromium.MJqYoR
chromium /tmp/.org.chromium.Chromium.MJqYoR
CacheThread_Blo /config/.config/chromium/Default/GPUCache/index
CacheThread_Blo /config/.config/chromium/Default/GPUCache/index
chromium /tmp/.org.chromium.Chromium.6JeOe8
chromium /tmp/.org.chromium.Chromium.6JeOe8
chromium /tmp/.org.chromium.Chromium.6OcCO7
CacheThread_Blo /config/.config/chromium/Default/GPUCache/data_0
CacheThread_Blo /config/.config/chromium/Default/GPUCache/data_1
CacheThread_Blo /config/.config/chromium/Default/GPUCache/data_2
CacheThread_Blo /config/.config/chromium/Default/GPUCache/data_3
CacheThread_Blo /config/.config/chromium/Default/DawnWebGPUCache/index
CacheThread_Blo /config/.config/chromium/Default/DawnWebGPUCache/index
CacheThread_Blo /config/.config/chromium/Default/DawnWebGPUCache/data_0
CacheThread_Blo /config/.config/chromium/Default/DawnWebGPUCache/data_1
CacheThread_Blo /config/.config/chromium/Default/DawnWebGPUCache/data_2
CacheThread_Blo /config/.config/chromium/Default/DawnWebGPUCache/data_3
CacheThread_Blo /config/.config/chromium/Default/DawnGraphiteCache/index
CacheThread_Blo /config/.config/chromium/Default/DawnGraphiteCache/index
CacheThread_Blo /config/.config/chromium/Default/DawnGraphiteCache/data_0
CacheThread_Blo /config/.config/chromium/Default/DawnGraphiteCache/data_1
chromium /proc/1350/stat
CacheThread_Blo /config/.config/chromium/Default/DawnGraphiteCache/data_2
CacheThread_Blo /config/.config/chromium/Default/DawnGraphiteCache/data_3
ThreadPoolSingl /tmp/.org.chromium.Chromium.1Zi5J1
chromium /proc/self/maps
ThreadPoolForeg /config/.cache/chromium/Default/Cache/Cache_Data/4a19c15042ce329d_0
Chrome_IOThread /tmp/.org.chromium.Chromium.HQOpZT
chromium /proc/self/maps
Chrome_IOThread /tmp/.org.chromium.Chromium.ywszmi
chromium /proc/self/maps
chromium /proc/1601/stat
chromium /proc/1601/stat
chromium /proc/1601/status
chromium /proc/1601/status
chromium /proc/1601/statm
ThreadPoolForeg /tmp/.org.chromium.Chromium.d36q85
ThreadPoolForeg /tmp/.org.chromium.Chromium.d36q85
chromium /tmp/.org.chromium.Chromium.44aeGG
chromium /tmp/.org.chromium.Chromium.44aeGG
Chrome_IOThread /tmp/.org.chromium.Chromium.FoVGAS
chromium /proc/self/maps
ThreadPoolSingl /proc/1601/task
ThreadPoolSingl /proc/1601/task/1601/status
ThreadPoolSingl /proc/1601/task/1603/status
ThreadPoolSingl /proc/1601/task/1605/status
ThreadPoolSingl /proc/1601/task
ThreadPoolSingl /proc/1601/task/1601/status
ThreadPoolSingl /proc/1601/task/1603/status
ThreadPoolSingl /proc/1601/task/1605/status
ThreadPoolSingl /proc/1601/task/1606/status
ThreadPoolSingl /proc/1601/task
ThreadPoolSingl /proc/1601/task/1601/status
ThreadPoolSingl /proc/1601/task/1603/status
ThreadPoolSingl /proc/1601/task/1605/status
ThreadPoolSingl /proc/1601/task/1606/status
ThreadPoolSingl /proc/1601/task/1607/status
ThreadPoolSingl /proc/1601/task
ThreadPoolSingl /proc/1601/task/1601/status
ThreadPoolSingl /proc/1601/task/1603/status
ThreadPoolSingl /proc/1601/task/1605/status
ThreadPoolSingl /proc/1601/task/1606/status
ThreadPoolSingl /proc/1601/task/1607/status
ThreadPoolSingl /proc/1601/task/1608/status
ThreadPoolSingl /proc/1601/task
ThreadPoolSingl /proc/1601/task/1601/status
ThreadPoolSingl /proc/1601/task/1603/status
ThreadPoolSingl /proc/1601/task/1605/status
ThreadPoolSingl /proc/1601/task/1606/status
ThreadPoolSingl /proc/1601/task/1607/status
ThreadPoolSingl /proc/1601/task/1608/status
ThreadPoolSingl /proc/1601/task/1609/status
ThreadPoolSingl /proc/1601/task
ThreadPoolSingl /proc/1601/task/1601/status
ThreadPoolSingl /proc/1601/task/1603/status
ThreadPoolSingl /proc/1601/task/1605/status
ThreadPoolSingl /proc/1601/task/1606/status
ThreadPoolSingl /proc/1601/task/1607/status
ThreadPoolSingl /proc/1601/task/1608/status
ThreadPoolSingl /proc/1601/task/1609/status
ThreadPoolSingl /proc/1601/task/1612/status
ThreadPoolSingl /proc/1601/task
ThreadPoolSingl /proc/1601/task/1601/status
ThreadPoolSingl /proc/1601/task/1603/status
ThreadPoolSingl /proc/1601/task/1605/status
ThreadPoolSingl /proc/1601/task/1606/status
ThreadPoolSingl /proc/1601/task/1607/status
ThreadPoolSingl /proc/1601/task/1608/status
ThreadPoolSingl /proc/1601/task
ThreadPoolSingl /proc/1601/task/1601/status
ThreadPoolSingl /proc/1601/task/1603/status
ThreadPoolSingl /proc/1601/task/1605/status
ThreadPoolSingl /proc/1601/task/1606/status
ThreadPoolSingl /proc/1601/task/1607/status
ThreadPoolSingl /proc/1601/task/1608/status
ThreadPoolSingl /proc/1601/task/1609/status
ThreadPoolSingl /proc/1601/task/1612/status
ThreadPoolSingl /proc/1601/task/1613/status
ThreadPoolSingl /proc/1601/task
ThreadPoolSingl /proc/1601/task/1601/status
ThreadPoolSingl /proc/1601/task/1603/status
ThreadPoolSingl /proc/1601/task/1605/status
ThreadPoolSingl /proc/1601/task/1606/status
ThreadPoolSingl /proc/1601/task/1607/status
ThreadPoolSingl /proc/1601/task/1608/status
ThreadPoolSingl /proc/1601/task/1609/status
ThreadPoolSingl /proc/1601/task/1612/status
Chrome_ChildIOT /tmp/.org.chromium.Chromium.SX0Fpn
Chrome_ChildIOT /tmp/.org.chromium.Chromium.7vsJes
Chrome_ChildIOT /tmp/.org.chromium.Chromium.7vsJes
Chrome_IOThread /tmp/.org.chromium.Chromium.uhpNeC
Chrome_IOThread /tmp/.org.chromium.Chromium.E2H0TW
chromium /proc/1350/stat
chromium /proc/1352/stat
ThreadPoolForeg /config/.cache/chromium/Default/Cache/Cache_Data/03195e87621ef23d_0
ThreadPoolForeg /config/.cache/chromium/Default/Cache/Cache_Data/03195e87621ef23d_1
ThreadPoolForeg /config/.cache/chromium/Default/Cache/Cache_Data/03195e87621ef23d_s
ThreadPoolForeg /config/.cache/chromium/Default/Cache/Cache_Data/9c5a34e61e68b86c_0
ThreadPoolForeg /config/.cache/chromium/Default/Cache/Cache_Data/2c0dd984e0020571_0
ThreadPoolForeg /config/.cache/chromium/Default/Cache/Cache_Data/990f0027deee7be0_0
ThreadPoolForeg /config/.cache/chromium/Default/Cache/Cache_Data/990f0027deee7be0_1
ThreadPoolForeg /config/.cache/chromium/Default/Cache/Cache_Data/d3e6e89385fa1013_0
ThreadPoolForeg /config/.cache/chromium/Default/Code Cache/js/e56734368ee5b7be_0
ThreadPoolForeg /config/.cache/chromium/Default/Cache/Cache_Data/d3e6e89385fa1013_1
ThreadPoolForeg /config/.cache/chromium/Default/Code Cache/js/e56734368ee5b7be_1
ThreadPoolForeg /config/.cache/chromium/Default/Cache/Cache_Data/990f0027deee7be0_s
ThreadPoolForeg /config/.cache/chromium/Default/Cache/Cache_Data/2fc09e166e99d462_0
ThreadPoolForeg /config/.cache/chromium/Default/Cache/Cache_Data/2fc09e166e99d462_1
ThreadPoolForeg /config/.cache/chromium/Default/Cache/Cache_Data/d3e6e89385fa1013_s
ThreadPoolForeg /config/.cache/chromium/Default/Code Cache/js/e56734368ee5b7be_s
ThreadPoolForeg /config/.cache/chromium/Default/Cache/Cache_Data/3291de002098616d_0
ThreadPoolForeg /config/.cache/chromium/Default/Cache/Cache_Data/3291de002098616d_1
ThreadPoolForeg /config/.cache/chromium/Default/Cache/Cache_Data/2fc09e166e99d462_s
ThreadPoolForeg /config/.cache/chromium/Default/Cache/Cache_Data/0c314ef9506ec039_0
ThreadPoolForeg /config/.cache/chromium/Default/Cache/Cache_Data/3291de002098616d_s
ThreadPoolForeg /config/.cache/chromium/Default/Code Cache/js/80255d1b8506eac8_0
ThreadPoolForeg /config/.cache/chromium/Default/Code Cache/js/80255d1b8506eac8_1
ThreadPoolForeg /config/.cache/chromium/Default/Code Cache/js/80255d1b8506eac8_s
ThreadPoolForeg /config/.cache/chromium/Default/Code Cache/js/a5d8763607f9f7d6_0
ThreadPoolForeg /config/.cache/chromium/Default/Code Cache/js/a5d8763607f9f7d6_1
chromium /proc/1350/stat
ThreadPoolForeg /config/.cache/chromium/Default/Code Cache/js/28005b6ffaa64275_0
ThreadPoolForeg /config/.cache/chromium/Default/Code Cache/js/28005b6ffaa64275_1
ThreadPoolForeg /config/.cache/chromium/Default/Code Cache/js/a5d8763607f9f7d6_s
ThreadPoolForeg /config/.cache/chromium/Default/Code Cache/js/28005b6ffaa64275_s
ThreadPoolForeg /config/.cache/chromium/Default/Code Cache/js/6adb0e042452a5a2_0
ThreadPoolForeg /config/.cache/chromium/Default/Code Cache/js/6adb0e042452a5a2_1
ThreadPoolForeg /config/.cache/chromium/Default/Code Cache/js/6adb0e042452a5a2_s
ThreadPoolForeg /config/.cache/chromium/Default/Cache/Cache_Data/20536dc19bcb6517_0
ThreadPoolForeg /config/.cache/chromium/Default/Cache/Cache_Data/20536dc19bcb6517_1
ThreadPoolForeg /config/.cache/chromium/Default/Cache/Cache_Data/9a45db87663ecae8_0
ThreadPoolForeg /config/.cache/chromium/Default/Cache/Cache_Data/9a45db87663ecae8_1
ThreadPoolForeg /config/.cache/chromium/Default/Cache/Cache_Data/20536dc19bcb6517_s
ThreadPoolForeg /config/.cache/chromium/Default/Cache/Cache_Data/10a8dac3bce38b5e_0
ThreadPoolForeg /config/.cache/chromium/Default/Cache/Cache_Data/10a8dac3bce38b5e_1
ThreadPoolForeg /config/.cache/chromium/Default/Cache/Cache_Data/9a45db87663ecae8_s
ThreadPoolForeg /config/.cache/chromium/Default/Cache/Cache_Data/10a8dac3bce38b5e_s
ThreadPoolForeg /config/.cache/chromium/Default/Cache/Cache_Data/fc12b1a266d90769_0
ThreadPoolForeg /config/.cache/chromium/Default/Cache/Cache_Data/5e7f14d77f93b47e_0
ThreadPoolForeg /config/.cache/chromium/Default/Cache/Cache_Data/2fe36a903736ad25_0
ThreadPoolForeg /config/.cache/chromium/Default/Cache/Cache_Data/2fe36a903736ad25_1
ThreadPoolForeg /config/.cache/chromium/Default/Cache/Cache_Data/765dceca06115cc5_0
ThreadPoolForeg /config/.cache/chromium/Default/Cache/Cache_Data/2fe36a903736ad25_s
chromium /proc/self/cmdline
Chrome_ChildIOT /tmp/.org.chromium.Chromium.EnJ6pq
Chrome_ChildIOT /tmp/.org.chromium.Chromium.OpTbtC
Chrome_ChildIOT /tmp/.org.chromium.Chromium.GvmKm0
Chrome_ChildIOT /tmp/.org.chromium.Chromium.xumGEf
Chrome_ChildIOT /tmp/.org.chromium.Chromium.j8oP0H
Chrome_ChildIOT /tmp/.org.chromium.Chromium.Q3RK5Y
Chrome_ChildIOT /tmp/.org.chromium.Chromium.Je3cRb
Chrome_ChildIOT /tmp/.org.chromium.Chromium.BveHkt
Chrome_ChildIOT /tmp/.org.chromium.Chromium.fSTWX3
chromium /tmp/.org.chromium.Chromium.qTctM9
chromium /tmp/.org.chromium.Chromium.qTctM9
ThreadPoolForeg /config/.cache/chromium/Default/Cache/Cache_Data/10f00c3d654b862e_0
ThreadPoolSingl /proc/1350/task
ThreadPoolSingl /proc/1350/task/1350/status
ThreadPoolSingl /proc/1350/task/1353/status
ThreadPoolSingl /proc/1350/task/1356/status
ThreadPoolSingl /proc/1350/task/1357/status
ThreadPoolSingl /proc/1350/task/1358/status
ThreadPoolSingl /proc/1350/task/1359/status
ThreadPoolSingl /proc/1350/task/1360/status
ThreadPoolSingl /proc/1350/task/1370/status
ThreadPoolSingl /proc/1350/task/1373/status
ThreadPoolSingl /proc/1350/task/1619/status
ThreadPoolSingl /proc/1350/task
ThreadPoolSingl /proc/1350/task/1350/status
ThreadPoolSingl /proc/1350/task/1353/status
ThreadPoolSingl /proc/1350/task/1356/status
ThreadPoolSingl /proc/1350/task/1357/status
ThreadPoolSingl /proc/1350/task/1358/status
ThreadPoolSingl /proc/1350/task/1359/status
Chrome_ChildIOT /tmp/.org.chromium.Chromium.nLLwUP
ThreadPoolSingl /proc/1350/task/1360/status
ThreadPoolSingl /proc/1350/task/1370/status
ThreadPoolSingl /proc/1350/task/1373/status
ThreadPoolSingl /proc/1350/task/1619/status
ThreadPoolSingl /proc/1350/task/1620/status
ThreadPoolSingl /proc/1350/task
ThreadPoolSingl /proc/1350/task/1350/status
ThreadPoolSingl /proc/1350/task/1353/status
ThreadPoolSingl /proc/1350/task/1356/status
ThreadPoolSingl /proc/1350/task/1357/status
ThreadPoolSingl /proc/1350/task/1358/status
ThreadPoolSingl /proc/1350/task/1359/status
ThreadPoolSingl /proc/1350/task/1360/status
ThreadPoolSingl /proc/1350/task/1370/status
ThreadPoolSingl /proc/1350/task/1373/status
ThreadPoolSingl /proc/1350/task/1619/status
Chrome_IOThread /tmp/.org.chromium.Chromium.7cyNb5
ThreadPoolSingl /proc/1350/task/1620/status
ThreadPoolSingl /proc/1350/task/1621/status
ThreadPoolSingl /proc/1350/task
ThreadPoolSingl /proc/1350/task/1350/status
ThreadPoolSingl /proc/1350/task/1353/status
ThreadPoolSingl /proc/1350/task/1356/status
ThreadPoolSingl /proc/1350/task/1357/status
ThreadPoolSingl /proc/1350/task/1358/status
ThreadPoolSingl /proc/1350/task/1359/status
ThreadPoolSingl /proc/1350/task/1360/status
ThreadPoolSingl /proc/1350/task/1370/status
ThreadPoolSingl /proc/1350/task/1373/status
ThreadPoolSingl /proc/1350/task/1619/status
ThreadPoolSingl /proc/1350/task/1620/status
ThreadPoolSingl /proc/1350/task/1621/status
ThreadPoolSingl /proc/1350/task/1622/status
ThreadPoolSingl /proc/1350/task
ThreadPoolSingl /proc/1350/task/1350/status
ThreadPoolSingl /proc/1350/task/1353/status
ThreadPoolSingl /proc/1350/task/1356/status
ThreadPoolSingl /proc/1350/task/1357/status
ThreadPoolSingl /proc/1350/task/1358/status
ThreadPoolSingl /proc/1350/task/1359/status
ThreadPoolSingl /proc/1350/task/1360/status
ThreadPoolSingl /proc/1350/task/1370/status
ThreadPoolSingl /proc/1350/task/1373/status
ThreadPoolSingl /proc/1350/task/1619/status
ThreadPoolSingl /proc/1350/task/1620/status
ThreadPoolForeg /sys/devices/system/cpu/online
ThreadPoolSingl /proc/1350/task/1621/status
ThreadPoolSingl /proc/1350/task/1622/status
ThreadPoolSingl /proc/1350/task/1623/status
ThreadPoolSingl /proc/1350/task/1624/status
ThreadPoolSingl /proc/1350/task
ThreadPoolSingl /proc/1350/task/1350/status
ThreadPoolSingl /proc/1350/task/1353/status
ThreadPoolSingl /proc/1350/task/1356/status
ThreadPoolSingl /proc/1350/task/1357/status
ThreadPoolSingl /proc/1350/task/1358/status
ThreadPoolSingl /proc/1350/task/1359/status
ThreadPoolSingl /proc/1350/task/1360/status
ThreadPoolSingl /proc/1350/task/1370/status
ThreadPoolSingl /proc/1350/task/1373/status
ThreadPoolSingl /proc/1350/task/1619/status
ThreadPoolSingl /proc/1350/task/1620/status
ThreadPoolSingl /proc/1350/task/1621/status
ThreadPoolSingl /proc/1350/task/1622/status
ThreadPoolSingl /proc/1350/task/1623/status
ThreadPoolSingl /proc/1350/task
ThreadPoolSingl /proc/1350/task/1350/status
ThreadPoolSingl /proc/1350/task/1353/status
ThreadPoolSingl /proc/1350/task/1356/status
ThreadPoolSingl /proc/1350/task/1357/status
ThreadPoolSingl /proc/1350/task/1358/status
Chrome_ChildIOT /tmp/.org.chromium.Chromium.kwYhQT
ThreadPoolSingl /proc/1350/task/1359/status
ThreadPoolSingl /proc/1350/task/1360/status
ThreadPoolSingl /proc/1350/task/1370/status
ThreadPoolSingl /proc/1350/task/1373/status
ThreadPoolSingl /proc/1350/task/1619/status
ThreadPoolSingl /proc/1350/task/1620/status
ThreadPoolSingl /proc/1350/task/1621/status
ThreadPoolSingl /proc/1350/task/1622/status
ThreadPoolSingl /proc/1350/task/1623/status
ThreadPoolSingl /proc/1350/task/1624/status
ThreadPoolSingl /proc/1350/task/1626/status
ThreadPoolSingl /proc/1350/task/1627/status
ThreadPoolSingl /proc/1350/task
ThreadPoolSingl /proc/1350/task/1350/status
ThreadPoolSingl /proc/1350/task/1353/status
ThreadPoolSingl /proc/1350/task/1356/status
ThreadPoolSingl /proc/1350/task/1357/status
ThreadPoolSingl /proc/1350/task/1358/status
ThreadPoolSingl /proc/1350/task/1359/status
ThreadPoolSingl /proc/1350/task/1360/status
xclip /etc/ld.so.cache
ThreadPoolSingl /proc/1350/task/1370/status
xclip /lib/x86_64-linux-gnu/libXmu.so.6
xclip /lib/x86_64-linux-gnu/libX11.so.6
ThreadPoolSingl /proc/1350/task/1373/status
xclip /lib/x86_64-linux-gnu/libc.so.6
ThreadPoolSingl /proc/1350/task/1619/status
xclip /lib/x86_64-linux-gnu/libXt.so.6
xclip /lib/x86_64-linux-gnu/libXext.so.6
ThreadPoolSingl /proc/1350/task/1620/status
xclip /lib/x86_64-linux-gnu/libxcb.so.1
ThreadPoolSingl /proc/1350/task/1621/status
xclip /lib/x86_64-linux-gnu/libSM.so.6
xclip /lib/x86_64-linux-gnu/libICE.so.6
ThreadPoolSingl /proc/1350/task/1622/status
xclip /lib/x86_64-linux-gnu/libXau.so.6
ThreadPoolSingl /proc/1350/task/1623/status
xclip /lib/x86_64-linux-gnu/libXdmcp.so.6
ThreadPoolSingl /proc/1350/task/1624/status
xclip /lib/x86_64-linux-gnu/libuuid.so.1
ThreadPoolSingl /proc/1350/task/1626/status
xclip /lib/x86_64-linux-gnu/libbsd.so.0
xclip /lib/x86_64-linux-gnu/libmd.so.0
xclip /usr/share/X11/locale/locale.alias
xclip /usr/share/X11/locale/locale.dir
xclip /usr/share/X11/locale/C/XLC_LOCALE
xclip /usr/share/X11/locale/locale.alias
xclip /usr/share/X11/locale/locale.dir
xclip /usr/share/X11/locale/C/XLC_LOCALE
Xvfb /proc/1630/cmdline
Chrome_ChildIOT /tmp/.org.chromium.Chromium.NkwBLQ
plasmashell /config/.local/share/kservices5
plasmashell /config/.local/share/mime
plasmashell /etc/xdg/menus
plasmashell /usr/local/share/kservices5
plasmashell /usr/local/share/mime
plasmashell /usr/share/kservices5
plasmashell /usr/share/kservices5/ServiceMenus
plasmashell /usr/share/kservices5/qimageioplugins
plasmashell /usr/share/kservices5/searchproviders
plasmashell /usr/share/mime
plasmashell /usr/share/mime/application
plasmashell /usr/share/mime/audio
plasmashell /usr/share/mime/chemical
plasmashell /usr/share/mime/font
plasmashell /usr/share/mime/image
plasmashell /usr/share/mime/inode
plasmashell /usr/share/mime/message
plasmashell /usr/share/mime/model
plasmashell /usr/share/mime/multipart
plasmashell /usr/share/mime/packages
plasmashell /usr/share/mime/text
plasmashell /usr/share/mime/video
plasmashell /usr/share/mime/x-content
plasmashell /usr/share/mime/x-epoc
ThreadPoolForeg /config/.cache/chromium/Default/Code Cache/js/a2754d3a8dd074b1_0
ThreadPoolForeg /config/.cache/chromium/Default/Code Cache/js/e56734368ee5b7be_0
ThreadPoolForeg /config/.cache/chromium/Default/Code Cache/js/e56734368ee5b7be_1
ThreadPoolForeg /config/.cache/chromium/Default/Code Cache/js/e56734368ee5b7be_s
Chrome_ChildIOT /tmp/.org.chromium.Chromium.n7154m
Chrome_ChildIOT /tmp/.org.chromium.Chromium.6BdX29
chromium /tmp/.org.chromium.Chromium.vIpkql
chromium /tmp/.org.chromium.Chromium.vIpkql
ThreadPoolSingl /tmp/.org.chromium.Chromium.JP0zUj
ThreadPoolSingl /tmp/.org.chromium.Chromium.JP0zUj
ThreadPoolForeg /config/.cache/chromium/Default/Code Cache/js/7a48426606d8d90b_0
ThreadPoolForeg /config/.cache/chromium/Default/Code Cache/js/80255d1b8506eac8_0
ThreadPoolForeg /config/.cache/chromium/Default/Code Cache/js/80255d1b8506eac8_1
ThreadPoolForeg /config/.cache/chromium/Default/Code Cache/js/80255d1b8506eac8_s
Chrome_ChildIOT /tmp/.org.chromium.Chromium.SgMpZR
chromium /tmp/.org.chromium.Chromium.g7uGsJ
chromium /tmp/.org.chromium.Chromium.g7uGsJ
ThreadPoolSingl /tmp/.org.chromium.Chromium.dXpreS
ThreadPoolSingl /tmp/.org.chromium.Chromium.dXpreS
ThreadPoolForeg /config/.cache/chromium/Default/Code Cache/js/3663ad1817741f3f_0
ThreadPoolForeg /config/.cache/chromium/Default/Code Cache/js/a5d8763607f9f7d6_0
ThreadPoolForeg /config/.cache/chromium/Default/Code Cache/js/a5d8763607f9f7d6_1
ThreadPoolForeg /config/.cache/chromium/Default/Code Cache/js/a5d8763607f9f7d6_s
ThreadPoolForeg /sys/devices/system/cpu/cpu0/tsc_freq_khz
chromium /tmp/.org.chromium.Chromium.Qd9cwd
chromium /tmp/.org.chromium.Chromium.Qd9cwd
ThreadPoolSingl /tmp/.org.chromium.Chromium.wziEgd
ThreadPoolSingl /tmp/.org.chromium.Chromium.wziEgd
ThreadPoolForeg /config/.cache/chromium/Default/Code Cache/js/45edf1e03e4e6ad1_0
ThreadPoolForeg /config/.cache/chromium/Default/Code Cache/js/28005b6ffaa64275_0
ThreadPoolForeg /config/.cache/chromium/Default/Code Cache/js/28005b6ffaa64275_1
ThreadPoolForeg /config/.cache/chromium/Default/Code Cache/js/28005b6ffaa64275_s
chromium /tmp/.org.chromium.Chromium.NMnuCd
chromium /tmp/.org.chromium.Chromium.NMnuCd
ThreadPoolSingl /tmp/.org.chromium.Chromium.X6Rzrk
ThreadPoolSingl /tmp/.org.chromium.Chromium.X6Rzrk
ThreadPoolForeg /config/.cache/chromium/Default/Code Cache/js/e106a1655f283617_0
ThreadPoolForeg /config/.cache/chromium/Default/Code Cache/js/6adb0e042452a5a2_0
ThreadPoolForeg /config/.cache/chromium/Default/Code Cache/js/6adb0e042452a5a2_1
ThreadPoolForeg /config/.cache/chromium/Default/Code Cache/js/6adb0e042452a5a2_s
ThreadPoolForeg /config/.cache/chromium/Default/Code Cache/js/5612d5afd1503340_0
ThreadPoolForeg /config/.cache/chromium/Default/Cache/Cache_Data/29497e1fed536235_0
Chrome_ChildIOT /tmp/.org.chromium.Chromium.moUnYV
ThreadPoolForeg /config/.cache/chromium/Default/Cache/Cache_Data/6ee8f251e2a38060_0
ThreadPoolForeg /config/.cache/chromium/Default/Cache/Cache_Data/c42adf2a931aeb75_0
ThreadPoolForeg /config/.cache/chromium/Default/Cache/Cache_Data/d5d464cd2e8eac2b_0
ThreadPoolForeg /config/.cache/chromium/Default/Cache/Cache_Data/01709116417080cc_0
ThreadPoolForeg /config/.cache/chromium/Default/Cache/Cache_Data/fc073b6f586ef14f_0
ThreadPoolForeg /config/.cache/chromium/Default/Cache/Cache_Data/2612e13ace9eaa26_0
ThreadPoolForeg /config/.cache/chromium/Default/Cache/Cache_Data/06ddb79961149eec_0
chromium /proc/1350/stat
ThreadPoolForeg /config/.cache/chromium/Default/Cache/Cache_Data/4d5e10c2441b2a20_0
ThreadPoolForeg /config/.cache/chromium/Default/Cache/Cache_Data/4d5e10c2441b2a20_1
ThreadPoolForeg /config/.cache/chromium/Default/Cache/Cache_Data/4d5e10c2441b2a20_s
Chrome_ChildIOT /tmp/.org.chromium.Chromium.0Cg210
chromium /tmp/.org.chromium.Chromium.VZ214n
Chrome_ChildIOT /tmp/.org.chromium.Chromium.v9jddL
chromium /tmp/.org.chromium.Chromium.RAoitm
Chrome_ChildIOT /tmp/.org.chromium.Chromium.mukEdN
chromium /tmp/.org.chromium.Chromium.5SxgK6
Chrome_ChildIOT /tmp/.org.chromium.Chromium.M5bm2s
chromium /tmp/.org.chromium.Chromium.MtnudB
Chrome_ChildIOT /tmp/.org.chromium.Chromium.fZV1ay
chromium /tmp/.org.chromium.Chromium.xHuPMM
Chrome_ChildIOT /tmp/.org.chromium.Chromium.HGIAoj
chromium /tmp/.org.chromium.Chromium.HRdlAU
Chrome_ChildIOT /tmp/.org.chromium.Chromium.Ybi5Wk
Compositor /tmp/.org.chromium.Chromium.hzLhrT
Chrome_ChildIOT /tmp/.org.chromium.Chromium.3KTM7Y
ThreadPoolForeg /config/.cache/chromium/Default/Code Cache/js/d845c84cc28f864f_0
Compositor /tmp/.org.chromium.Chromium.YlgSC4
ThreadPoolForeg /config/.cache/chromium/Default/Code Cache/js/30d41abb962c595e_0
Compositor /tmp/.org.chromium.Chromium.MjV4gG
Compositor /tmp/.org.chromium.Chromium.O8btEZ
Compositor /tmp/.org.chromium.Chromium.bBXcbU
Compositor /tmp/.org.chromium.Chromium.QzEWTr
Compositor /tmp/.org.chromium.Chromium.Cnba2a
Compositor /tmp/.org.chromium.Chromium.Pq8y51
Compositor /tmp/.org.chromium.Chromium.jnpfZS
Chrome_ChildIOT /tmp/.org.chromium.Chromium.Yc7H0z
Chrome_ChildIOT /tmp/.org.chromium.Chromium.Yc7H0z
Compositor /tmp/.org.chromium.Chromium.Ry4u9A
Compositor /tmp/.org.chromium.Chromium.2OTjYH
Compositor /tmp/.org.chromium.Chromium.isIu23
Compositor /tmp/.org.chromium.Chromium.SaJIi9
Compositor /tmp/.org.chromium.Chromium.POVATs
Compositor /tmp/.org.chromium.Chromium.F8JdNc
Compositor /tmp/.org.chromium.Chromium.qZSH5M
Compositor /tmp/.org.chromium.Chromium.jwNqOi
Compositor /tmp/.org.chromium.Chromium.X2W4ai
Compositor /tmp/.org.chromium.Chromium.BMyCdd
Compositor /tmp/.org.chromium.Chromium.qZliPo
Compositor /tmp/.org.chromium.Chromium.DLI0D9
Compositor /tmp/.org.chromium.Chromium.bfwZGa
Chrome_IOThread /tmp/.org.chromium.Chromium.pP8rfs
Compositor /tmp/.org.chromium.Chromium.MLZDau
Compositor /tmp/.org.chromium.Chromium.AflnZs
ThreadPoolForeg /config/.cache/chromium/Default/Cache/Cache_Data/a57a843ad21df102_0
ThreadPoolForeg /config/.cache/chromium/Default/Cache/Cache_Data/a57a843ad21df102_1
ThreadPoolForeg /config/.cache/chromium/Default/Cache/Cache_Data/a57a843ad21df102_s
Chrome_ChildIOT /tmp/.org.chromium.Chromium.SowUX5
chromium /proc/1350/stat
ThreadPoolForeg /config/.cache/chromium/Default/Cache/Cache_Data/32194dd0bb16af33_0
ThreadPoolForeg /config/.cache/chromium/Default/Cache/Cache_Data/0135ababe434d35d_0
ThreadPoolForeg /config/.cache/chromium/Default/Cache/Cache_Data/a10931a1a69c1edf_0
ThreadPoolForeg /config/.cache/chromium/Default/Cache/Cache_Data/0b20a6cfb0908604_0
Chrome_ChildIOT /tmp/.org.chromium.Chromium.M16F3l
Chrome_ChildIOT /tmp/.org.chromium.Chromium.IZ1DGR
Chrome_ChildIOT /tmp/.org.chromium.Chromium.VSmx4C
Chrome_ChildIOT /tmp/.org.chromium.Chromium.4ru7DG
ThreadPoolForeg /usr/share/fonts/truetype/noto/NotoSansSymbols2-Regular.ttf
selkies /proc/stat
selkies /proc/meminfo
Chrome_ChildIOT /tmp/.org.chromium.Chromium.F8zjbZ
Compositor /tmp/.org.chromium.Chromium.ndit4u
Compositor /tmp/.org.chromium.Chromium.jz0RGo
Compositor /tmp/.org.chromium.Chromium.RDhKFT
Compositor /tmp/.org.chromium.Chromium.8s6yNP
Compositor /tmp/.org.chromium.Chromium.RjD9uf
Compositor /tmp/.org.chromium.Chromium.RzCTpz
ThreadPoolForeg /config/.cache/chromium/Default/Code Cache/js/5612d5afd1503340_0
ThreadPoolForeg /config/.cache/chromium/Default/Code Cache/js/5612d5afd1503340_1
Compositor /tmp/.org.chromium.Chromium.Kodw0n
ThreadPoolForeg /config/.cache/chromium/Default/Code Cache/js/5612d5afd1503340_s
Compositor /tmp/.org.chromium.Chromium.lwbWYe
Compositor /tmp/.org.chromium.Chromium.39UqDS
Compositor /tmp/.org.chromium.Chromium.WhZQSR
Compositor /tmp/.org.chromium.Chromium.SYhTuw
Compositor /tmp/.org.chromium.Chromium.TRCaxl
Compositor /tmp/.org.chromium.Chromium.GPiIkd
Compositor /tmp/.org.chromium.Chromium.pmdm4V
Compositor /tmp/.org.chromium.Chromium.0lymZk
Compositor /tmp/.org.chromium.Chromium.XXdsXB
Compositor /tmp/.org.chromium.Chromium.yjTa8N
Compositor /tmp/.org.chromium.Chromium.xCNTmF
Compositor /tmp/.org.chromium.Chromium.gAP7C3
Compositor /tmp/.org.chromium.Chromium.fiw1RF
Compositor /tmp/.org.chromium.Chromium.wIOS6R
Compositor /tmp/.org.chromium.Chromium.2io8fC
Compositor /tmp/.org.chromium.Chromium.ptjz6y
Compositor /tmp/.org.chromium.Chromium.IECJjt
Compositor /tmp/.org.chromium.Chromium.ZpsUh7
Compositor /tmp/.org.chromium.Chromium.J8QvCI
Compositor /tmp/.org.chromium.Chromium.WoOcJR
ThreadPoolForeg /config/.cache/chromium/Default/Code Cache/js/389baddd4430a034_0
Compositor /tmp/.org.chromium.Chromium.PVRbYr
Compositor /tmp/.org.chromium.Chromium.USxbOB
Compositor /tmp/.org.chromium.Chromium.FyiOEO
Compositor /tmp/.org.chromium.Chromium.iVxI9q
Compositor /tmp/.org.chromium.Chromium.ecgVJP
chromium /proc/self/cmdline
Compositor /tmp/.org.chromium.Chromium.yju833
Compositor /tmp/.org.chromium.Chromium.0zWMCT
Compositor /tmp/.org.chromium.Chromium.QmySm8
Compositor /tmp/.org.chromium.Chromium.kUbkoZ
Compositor /tmp/.org.chromium.Chromium.GZpDg9
Compositor /tmp/.org.chromium.Chromium.DLD5Ll
Compositor /tmp/.org.chromium.Chromium.Xdb5Es
Compositor /tmp/.org.chromium.Chromium.e0FtDr
Compositor /tmp/.org.chromium.Chromium.ViNKJR
Compositor /tmp/.org.chromium.Chromium.vczWX5
Compositor /tmp/.org.chromium.Chromium.x1CoDJ
Compositor /tmp/.org.chromium.Chromium.1T6Si5
Compositor /tmp/.org.chromium.Chromium.6xnJRR
Compositor /tmp/.org.chromium.Chromium.C44rUU
Compositor /tmp/.org.chromium.Chromium.qWeTsi
Compositor /tmp/.org.chromium.Chromium.wb80Ht
xclip /etc/ld.so.cache
xclip /lib/x86_64-linux-gnu/libXmu.so.6
xclip /lib/x86_64-linux-gnu/libX11.so.6
xclip /lib/x86_64-linux-gnu/libc.so.6
xclip /lib/x86_64-linux-gnu/libXt.so.6
xclip /lib/x86_64-linux-gnu/libXext.so.6
xclip /lib/x86_64-linux-gnu/libxcb.so.1
Compositor /tmp/.org.chromium.Chromium.bq6aLz
xclip /lib/x86_64-linux-gnu/libSM.so.6
xclip /lib/x86_64-linux-gnu/libICE.so.6
xclip /lib/x86_64-linux-gnu/libXau.so.6
xclip /lib/x86_64-linux-gnu/libXdmcp.so.6
xclip /lib/x86_64-linux-gnu/libuuid.so.1
xclip /lib/x86_64-linux-gnu/libbsd.so.0
xclip /lib/x86_64-linux-gnu/libmd.so.0
xclip /usr/share/X11/locale/locale.alias
xclip /usr/share/X11/locale/locale.dir
xclip /usr/share/X11/locale/C/XLC_LOCALE
xclip /usr/share/X11/locale/locale.alias
xclip /usr/share/X11/locale/locale.dir
xclip /usr/share/X11/locale/C/XLC_LOCALE
Xvfb /proc/1662/cmdline
Compositor /tmp/.org.chromium.Chromium.S592gC
Chrome_ChildIOT /tmp/.org.chromium.Chromium.myP53B
ThreadPoolForeg /config/.cache/chromium/Default/Code Cache/js/a75e784ef317eb26_0
ThreadPoolForeg /config/.cache/chromium/Default/Cache/Cache_Data/fd1f116492be0c03_0
ThreadPoolForeg /config/.cache/chromium/Default/Cache/Cache_Data/06571dd986ea34d3_0
ThreadPoolForeg /config/.cache/chromium/Default/Cache/Cache_Data/6ee8f251e2a38060_0
ThreadPoolForeg /config/.cache/chromium/Default/Cache/Cache_Data/6ee8f251e2a38060_1
ThreadPoolForeg /config/.cache/chromium/Default/Cache/Cache_Data/6ee8f251e2a38060_s
ThreadPoolForeg /config/.cache/chromium/Default/Cache/Cache_Data/2fa3f00a5ef55dff_0
ThreadPoolForeg /config/.cache/chromium/Default/Cache/Cache_Data/c42adf2a931aeb75_0
ThreadPoolForeg /config/.cache/chromium/Default/Cache/Cache_Data/c42adf2a931aeb75_1
ThreadPoolForeg /config/.cache/chromium/Default/Cache/Cache_Data/c42adf2a931aeb75_s
Chrome_ChildIOT /tmp/.org.chromium.Chromium.93zTAA
Chrome_ChildIOT /tmp/.org.chromium.Chromium.IujU3y
Chrome_ChildIOT /tmp/.org.chromium.Chromium.ViHWUZ
Chrome_ChildIOT /tmp/.org.chromium.Chromium.77YOl9
Chrome_ChildIOT /tmp/.org.chromium.Chromium.icFg3W
ThreadPoolForeg /config/.cache/chromium/Default/Cache/Cache_Data/ee971ee482cc2469_0
Chrome_ChildIOT /tmp/.org.chromium.Chromium.T28acb
ThreadPoolForeg /usr/share/fonts/truetype/ubuntu/Ubuntu[wdth,wght].ttf
ThreadPoolForeg /usr/share/fonts/truetype/ubuntu/Ubuntu[wdth,wght].ttf
ThreadPoolForeg /tmp/.org.chromium.Chromium.mnkD0J
ThreadPoolForeg /tmp/.org.chromium.Chromium.mnkD0J
Chrome_ChildIOT /tmp/.org.chromium.Chromium.gYBjN5
ThreadPoolForeg /usr/share/fonts/truetype/liberation/LiberationSans-Regular.ttf
ThreadPoolForeg /usr/share/fonts/truetype/liberation/LiberationSans-Regular.ttf
ThreadPoolForeg /tmp/.org.chromium.Chromium.l7vtlU
ThreadPoolForeg /tmp/.org.chromium.Chromium.l7vtlU
ThreadPoolForeg /usr/share/fonts/opentype/noto/NotoSansCJK-Regular.ttc
ThreadPoolForeg /usr/share/fonts/truetype/noto/NotoSans-Bold.ttf
ThreadPoolForeg /tmp/.org.chromium.Chromium.hGDyAZ
ThreadPoolForeg /tmp/.org.chromium.Chromium.hGDyAZ
Chrome_ChildIOT /tmp/.org.chromium.Chromium.ISADae
Chrome_ChildIOT /tmp/.org.chromium.Chromium.6b1M8t
ThreadPoolForeg /usr/share/fonts/truetype/ubuntu/Ubuntu[wdth,wght].ttf
ThreadPoolForeg /usr/share/fonts/truetype/ubuntu/Ubuntu[wdth,wght].ttf
ThreadPoolForeg /tmp/.org.chromium.Chromium.P71Cbl
ThreadPoolForeg /tmp/.org.chromium.Chromium.P71Cbl
ThreadPoolForeg /config/.cache/chromium/Default/Cache/Cache_Data/2129f8b0cbdc9b66_0
ThreadPoolForeg /config/.cache/chromium/Default/Cache/Cache_Data/cfb9a655cfc6af3f_0
Compositor /tmp/.org.chromium.Chromium.guPwOJ
Compositor /tmp/.org.chromium.Chromium.yqUU7A
ThreadPoolForeg /config/.cache/chromium/Default/Cache/Cache_Data/ebe7a1cb90f5b858_0
Compositor /tmp/.org.chromium.Chromium.GlAmLB
Compositor /tmp/.org.chromium.Chromium.BeQF4h
ThreadPoolForeg /config/.cache/chromium/Default/Cache/Cache_Data/030c1cef8a1fd42f_0
ThreadPoolForeg /config/.cache/chromium/Default/Cache/Cache_Data/497c00f281c7d107_0
ThreadPoolForeg /config/.cache/chromium/Default/Cache/Cache_Data/12089d81c2d6d46c_0
ThreadPoolForeg /config/.cache/chromium/Default/Cache/Cache_Data/ebdb3c3508f1dcf2_0
ThreadPoolForeg /config/.cache/chromium/Default/Cache/Cache_Data/73aa7e3d61c148b6_0
Chrome_ChildIOT /tmp/.org.chromium.Chromium.IjZ5Sp
Chrome_ChildIOT /tmp/.org.chromium.Chromium.6udIKy
ThreadPoolForeg /config/.cache/chromium/Default/Code Cache/js/9b0365a4426928bd_0
ThreadPoolForeg /config/.cache/chromium/Default/Code Cache/js/2f3cae4e9cf40c6a_0
ThreadPoolForeg /config/.cache/chromium/Default/Code Cache/js/c04e7995f3eed222_0
ThreadPoolForeg /config/.cache/chromium/Default/Code Cache/js/ad10f2bf10ea8ea2_0
ThreadPoolForeg /config/.cache/chromium/Default/Cache/Cache_Data/db6c3c02fbec5f35_0
Chrome_ChildIOT /tmp/.org.chromium.Chromium.hYSL9g
Chrome_ChildIOT /tmp/.org.chromium.Chromium.AWZFe5
Chrome_ChildIOT /tmp/.org.chromium.Chromium.buKTU7
Chrome_ChildIOT /tmp/.org.chromium.Chromium.YUmKwm
Chrome_ChildIOT /tmp/.org.chromium.Chromium.kR4jrP
Chrome_ChildIOT /tmp/.org.chromium.Chromium.OkC1LU
Chrome_ChildIOT /tmp/.org.chromium.Chromium.0ltlFB
Chrome_ChildIOT /tmp/.org.chromium.Chromium.iYRYQe
Chrome_ChildIOT /tmp/.org.chromium.Chromium.G1a7O6
Chrome_ChildIOT /tmp/.org.chromium.Chromium.sadOs7
Chrome_ChildIOT /tmp/.org.chromium.Chromium.QboM5L
ThreadPoolForeg /config/.cache/chromium/Default/Cache/Cache_Data/3b08ee22e974fa76_0
chromium /tmp/.org.chromium.Chromium.Xsovh3
ThreadPoolForeg /config/.cache/chromium/Default/Cache/Cache_Data/db2657a3c6f4b077_0
Chrome_ChildIOT /tmp/.org.chromium.Chromium.r2YluV
Chrome_ChildIOT /tmp/.org.chromium.Chromium.ZweZKy
ThreadPoolSingl /tmp/.org.chromium.Chromium.IHtZlD
chromium /proc/1691/stat
chromium /proc/1691/status
chromium /proc/1691/stat
ThreadPoolForeg /config/.cache/chromium/Default/Cache/Cache_Data/d04016f8cc860b13_0
chromium /proc/self/maps
chromium /tmp/.org.chromium.Chromium.BvZ3wI
chromium /tmp/.org.chromium.Chromium.BvZ3wI
Chrome_ChildIOT /proc/self/cmdline
Compositor /tmp/.org.chromium.Chromium.2Jcmay
chromium /proc/self/maps
Compositor /tmp/.org.chromium.Chromium.AiOBFl
Compositor /tmp/.org.chromium.Chromium.6N1Kiw
Compositor /tmp/.org.chromium.Chromium.80rU3A
Compositor /tmp/.org.chromium.Chromium.fsyTO5
Compositor /tmp/.org.chromium.Chromium.LdioMz
Compositor /tmp/.org.chromium.Chromium.D0TVVo
chromium /proc/self/maps
ThreadPoolSingl /proc/1350/task
ThreadPoolSingl /proc/1350/task/1350/status
ThreadPoolSingl /proc/1350/task/1353/status
ThreadPoolSingl /proc/1350/task/1356/status
ThreadPoolSingl /proc/1350/task/1357/status
ThreadPoolSingl /proc/1350/task/1358/status
ThreadPoolSingl /proc/1350/task/1359/status
ThreadPoolSingl /proc/1350/task/1360/status
ThreadPoolSingl /proc/1350/task/1370/status
ThreadPoolSingl /proc/1350/task/1373/status
ThreadPoolSingl /proc/1350/task/1619/status
ThreadPoolSingl /proc/1350/task/1620/status
chromium /proc/self/maps
ThreadPoolSingl /proc/1350/task/1621/status
ThreadPoolSingl /proc/1350/task/1622/status
ThreadPoolSingl /proc/1350/task/1623/status
ThreadPoolSingl /proc/1350/task/1624/status
Compositor /tmp/.org.chromium.Chromium.Jeyppm
ThreadPoolSingl /proc/1350/task/1626/status
ThreadPoolSingl /proc/1350/task/1627/status
Compositor /tmp/.org.chromium.Chromium.pkkrGk
ThreadPoolSingl /proc/1350/task/1687/status
ThreadPoolSingl /proc/1350/task
ThreadPoolSingl /proc/1350/task/1350/status
ThreadPoolSingl /proc/1350/task/1353/status
ThreadPoolSingl /proc/1350/task/1356/status
ThreadPoolSingl /proc/1350/task/1357/status
ThreadPoolSingl /proc/1350/task/1358/status
ThreadPoolSingl /proc/1350/task/1359/status
ThreadPoolSingl /proc/1350/task/1360/status
ThreadPoolSingl /proc/1350/task/1370/status
ThreadPoolSingl /proc/1350/task/1373/status
ThreadPoolSingl /proc/1350/task/1619/status
ThreadPoolSingl /proc/1350/task/1620/status
ThreadPoolSingl /proc/1350/task/1621/status
ThreadPoolSingl /proc/1350/task/1622/status
ThreadPoolSingl /proc/1350/task/1623/status
ThreadPoolSingl /proc/1350/task/1624/status
Chrome_ChildIOT /tmp/.org.chromium.Chromium.oRmvNP
ThreadPoolSingl /proc/1350/task/1626/status
ThreadPoolSingl /proc/1350/task/1627/status
ThreadPoolSingl /proc/1350/task/1687/status
ThreadPoolSingl /proc/1350/task/1688/status
ThreadPoolSingl /proc/1350/task
ThreadPoolSingl /proc/1350/task/1350/status
ThreadPoolSingl /proc/1350/task/1353/status
ThreadPoolSingl /proc/1350/task/1356/status
ThreadPoolSingl /proc/1350/task/1357/status
ThreadPoolSingl /proc/1350/task/1358/status
ThreadPoolSingl /proc/1350/task/1359/status
ThreadPoolSingl /proc/1350/task/1360/status
ThreadPoolSingl /proc/1350/task/1370/status
Chrome_ChildIOT /tmp/.org.chromium.Chromium.LnyDR5
ThreadPoolSingl /proc/1350/task/1373/status
ThreadPoolSingl /proc/1350/task/1619/status
ThreadPoolSingl /proc/1350/task/1620/status
ThreadPoolSingl /proc/1350/task/1621/status
ThreadPoolSingl /proc/1350/task/1622/status
ThreadPoolSingl /proc/1350/task/1623/status
ThreadPoolSingl /proc/1350/task/1624/status
ThreadPoolSingl /proc/1350/task/1626/status
chromium /proc/1691/stat
ThreadPoolSingl /proc/1350/task/1627/status
ThreadPoolSingl /proc/1350/task/1687/status
chromium /proc/1691/stat
ThreadPoolSingl /proc/1350/task/1688/status
Chrome_ChildIOT /tmp/.org.chromium.Chromium.F24jx0
ThreadPoolSingl /proc/1350/task/1689/status
ThreadPoolSingl /proc/1350/task
ThreadPoolSingl /proc/1350/task/1350/status
ThreadPoolSingl /proc/1350/task/1353/status
ThreadPoolSingl /proc/1350/task/1356/status
ThreadPoolSingl /proc/1350/task/1357/status
ThreadPoolSingl /proc/1350/task/1358/status
ThreadPoolSingl /proc/1350/task/1359/status
Chrome_ChildIOT /tmp/.org.chromium.Chromium.vbSseM
ThreadPoolSingl /proc/1350/task/1360/status
ThreadPoolSingl /proc/1350/task/1370/status
ThreadPoolSingl /proc/1350/task/1373/status
ThreadPoolSingl /proc/1350/task/1619/status
ThreadPoolSingl /proc/1350/task/1620/status
ThreadPoolSingl /proc/1350/task/1621/status
ThreadPoolSingl /proc/1350/task/1622/status
ThreadPoolSingl /proc/1350/task/1623/status
ThreadPoolSingl /proc/1350/task/1624/status
Chrome_ChildIOT /tmp/.org.chromium.Chromium.MXXeWl
ThreadPoolSingl /proc/1350/task/1626/status
ThreadPoolSingl /proc/1350/task/1627/status
ThreadPoolSingl /proc/1350/task/1687/status
ThreadPoolSingl /proc/1350/task/1688/status
ThreadPoolSingl /proc/1350/task/1689/status
ThreadPoolSingl /proc/1350/task/1690/status
ThreadPoolSingl /proc/1691/task
ThreadPoolSingl /proc/1691/task
ThreadPoolSingl /proc/1691/task
ThreadPoolSingl /proc/1691/task
Chrome_ChildIOT /tmp/.org.chromium.Chromium.8cjpYW
Chrome_ChildIOT /tmp/.org.chromium.Chromium.OvoRlT
Chrome_ChildIOT /tmp/.org.chromium.Chromium.LzvKxg
Chrome_ChildIOT /tmp/.org.chromium.Chromium.uJJ2Zm
chromium /tmp/.org.chromium.Chromium.7KcXuI
chromium /tmp/.org.chromium.Chromium.7KcXuI
ThreadPoolSingl /proc/1350/task
ThreadPoolSingl /proc/1350/task/1350/status
ThreadPoolSingl /proc/1350/task/1353/status
ThreadPoolSingl /proc/1350/task/1356/status
ThreadPoolSingl /proc/1350/task/1357/status
ThreadPoolSingl /proc/1350/task/1358/status
ThreadPoolSingl /proc/1350/task/1359/status
ThreadPoolSingl /proc/1350/task/1360/status
ThreadPoolSingl /proc/1350/task/1370/status
ThreadPoolSingl /proc/1350/task/1373/status
ThreadPoolSingl /proc/1350/task/1619/status
ThreadPoolSingl /proc/1350/task/1620/status
ThreadPoolSingl /proc/1350/task/1621/status
ThreadPoolSingl /proc/1350/task/1622/status
ThreadPoolSingl /proc/1350/task/1623/status
ThreadPoolSingl /proc/1350/task/1624/status
ThreadPoolSingl /proc/1350/task/1626/status
ThreadPoolSingl /proc/1350/task/1627/status
ThreadPoolSingl /proc/1350/task/1687/status
ThreadPoolSingl /proc/1350/task/1688/status
ThreadPoolSingl /proc/1350/task/1689/status
ThreadPoolSingl /proc/1350/task/1690/status
ThreadPoolSingl /proc/1350/task/1692/status
Compositor /tmp/.org.chromium.Chromium.gHLYCq
Compositor /tmp/.org.chromium.Chromium.NCv4eY
Compositor /tmp/.org.chromium.Chromium.QwsR5h
Compositor /tmp/.org.chromium.Chromium.ZPesbP
Compositor /tmp/.org.chromium.Chromium.z6DGym
Compositor /tmp/.org.chromium.Chromium.fEJYQk
Compositor /tmp/.org.chromium.Chromium.3latJT
Compositor /tmp/.org.chromium.Chromium.sMsPuw
Compositor /tmp/.org.chromium.Chromium.IE4b3a
Chrome_ChildIOT /tmp/.org.chromium.Chromium.9sKoAt
Compositor /tmp/.org.chromium.Chromium.HBecNP
Compositor /tmp/.org.chromium.Chromium.5MYhCA
Compositor /tmp/.org.chromium.Chromium.1ymy44
Chrome_ChildIOT /tmp/.org.chromium.Chromium.FfuSzn
Compositor /tmp/.org.chromium.Chromium.8eLmro
Compositor /tmp/.org.chromium.Chromium.7XtUUZ
Compositor /tmp/.org.chromium.Chromium.MAPVmg
xclip /etc/ld.so.cache
xclip /lib/x86_64-linux-gnu/libXmu.so.6
Compositor /tmp/.org.chromium.Chromium.Ua3a9z
xclip /lib/x86_64-linux-gnu/libX11.so.6
Chrome_ChildIOT /tmp/.org.chromium.Chromium.0NCIEO
xclip /lib/x86_64-linux-gnu/libc.so.6
Compositor /tmp/.org.chromium.Chromium.tqHeed
xclip /lib/x86_64-linux-gnu/libXt.so.6
xclip /lib/x86_64-linux-gnu/libXext.so.6
xclip /lib/x86_64-linux-gnu/libxcb.so.1
Compositor /tmp/.org.chromium.Chromium.7DdRqL
xclip /lib/x86_64-linux-gnu/libSM.so.6
xclip /lib/x86_64-linux-gnu/libICE.so.6
xclip /lib/x86_64-linux-gnu/libXau.so.6
Compositor /tmp/.org.chromium.Chromium.UczRNC
xclip /lib/x86_64-linux-gnu/libXdmcp.so.6
xclip /lib/x86_64-linux-gnu/libuuid.so.1
xclip /lib/x86_64-linux-gnu/libbsd.so.0
xclip /lib/x86_64-linux-gnu/libmd.so.0
Chrome_ChildIOT /tmp/.org.chromium.Chromium.3taD6X
xclip /usr/share/X11/locale/locale.alias
xclip /usr/share/X11/locale/locale.dir
xclip /usr/share/X11/locale/C/XLC_LOCALE
xclip /usr/share/X11/locale/locale.alias
Chrome_ChildIOT /tmp/.org.chromium.Chromium.Xnf6Dp
xclip /usr/share/X11/locale/locale.dir
xclip /usr/share/X11/locale/C/XLC_LOCALE
Xvfb /proc/1704/cmdline
Chrome_ChildIOT /tmp/.org.chromium.Chromium.T7i2pE
Compositor /tmp/.org.chromium.Chromium.bCS1qy
Compositor /tmp/.org.chromium.Chromium.25Bhw5
Compositor /tmp/.org.chromium.Chromium.MNjxCv
Compositor /tmp/.org.chromium.Chromium.Bfj9Wd
Compositor /tmp/.org.chromium.Chromium.GrR5Qs
Compositor /tmp/.org.chromium.Chromium.ExSTRX
Compositor /tmp/.org.chromium.Chromium.52kJOa
Compositor /tmp/.org.chromium.Chromium.1SSX1g
Compositor /tmp/.org.chromium.Chromium.Z4pCJp
Compositor /tmp/.org.chromium.Chromium.1DouHE
Compositor /tmp/.org.chromium.Chromium.GYCHBj
Compositor /tmp/.org.chromium.Chromium.0CoKYd
Compositor /tmp/.org.chromium.Chromium.Je3nfV
Compositor /tmp/.org.chromium.Chromium.FsSu1I
Compositor /tmp/.org.chromium.Chromium.oNKqLF
Chrome_ChildIOT /tmp/.org.chromium.Chromium.Ow8JiV
Compositor /tmp/.org.chromium.Chromium.LEM2et
Compositor /tmp/.org.chromium.Chromium.m1aAFz
Chrome_ChildIOT /tmp/.org.chromium.Chromium.X7A6re
Compositor /tmp/.org.chromium.Chromium.DIVKlS
Compositor /tmp/.org.chromium.Chromium.5o3hep
Compositor /tmp/.org.chromium.Chromium.zDxInA
Chrome_ChildIOT /tmp/.org.chromium.Chromium.X9Xchj
Chrome_ChildIOT /tmp/.org.chromium.Chromium.56TH2o
Compositor /tmp/.org.chromium.Chromium.VxnCXM
Compositor /tmp/.org.chromium.Chromium.bZpl0l
Compositor /tmp/.org.chromium.Chromium.JZc4pc
Chrome_ChildIOT /tmp/.org.chromium.Chromium.VwMMVR
Compositor /tmp/.org.chromium.Chromium.xfBHP7
Chrome_ChildIOT /tmp/.org.chromium.Chromium.5V2nxy
Chrome_ChildIOT /tmp/.org.chromium.Chromium.qgxoo0
Chrome_ChildIOT /tmp/.org.chromium.Chromium.DSIKlV
ThreadPoolForeg /config/.icons/breeze_cursors/cursors/text
ThreadPoolForeg /config/.icons/breeze_cursors/index.theme
ThreadPoolForeg /usr/share/icons/breeze_cursors/cursors/text
ThreadPoolForeg /config/.icons/breeze_cursors/cursors/pointer
ThreadPoolForeg /config/.icons/breeze_cursors/index.theme
ThreadPoolForeg /usr/share/icons/breeze_cursors/cursors/pointer
plasmashell /config/.cache/plasma-svgelements.lock
plasmashell /proc/sys/kernel/random/boot_id
plasmashell /var/lib/dbus/machine-id
plasmashell /config/.cache/plasma-svgelements
plasmashell /config/.cache
selkies /proc/stat
selkies /proc/meminfo
xclip /etc/ld.so.cache
xclip /lib/x86_64-linux-gnu/libXmu.so.6
xclip /lib/x86_64-linux-gnu/libX11.so.6
xclip /lib/x86_64-linux-gnu/libc.so.6
xclip /lib/x86_64-linux-gnu/libXt.so.6
xclip /lib/x86_64-linux-gnu/libXext.so.6
xclip /lib/x86_64-linux-gnu/libxcb.so.1
xclip /lib/x86_64-linux-gnu/libSM.so.6
xclip /lib/x86_64-linux-gnu/libICE.so.6
xclip /lib/x86_64-linux-gnu/libXau.so.6
xclip /lib/x86_64-linux-gnu/libXdmcp.so.6
xclip /lib/x86_64-linux-gnu/libuuid.so.1
xclip /lib/x86_64-linux-gnu/libbsd.so.0
xclip /lib/x86_64-linux-gnu/libmd.so.0
xclip /usr/share/X11/locale/locale.alias
xclip /usr/share/X11/locale/locale.dir
xclip /usr/share/X11/locale/C/XLC_LOCALE
xclip /usr/share/X11/locale/locale.alias
xclip /usr/share/X11/locale/locale.dir
xclip /usr/share/X11/locale/C/XLC_LOCALE
Xvfb /proc/1737/cmdline
xclip /etc/ld.so.cache
xclip /lib/x86_64-linux-gnu/libXmu.so.6
xclip /lib/x86_64-linux-gnu/libX11.so.6
xclip /lib/x86_64-linux-gnu/libc.so.6
xclip /lib/x86_64-linux-gnu/libXt.so.6
xclip /lib/x86_64-linux-gnu/libXext.so.6
xclip /lib/x86_64-linux-gnu/libxcb.so.1
xclip /lib/x86_64-linux-gnu/libSM.so.6
xclip /lib/x86_64-linux-gnu/libICE.so.6
xclip /lib/x86_64-linux-gnu/libXau.so.6
xclip /lib/x86_64-linux-gnu/libXdmcp.so.6
xclip /lib/x86_64-linux-gnu/libuuid.so.1
xclip /lib/x86_64-linux-gnu/libbsd.so.0
xclip /lib/x86_64-linux-gnu/libmd.so.0
xclip /usr/share/X11/locale/locale.alias
xclip /usr/share/X11/locale/locale.dir
xclip /usr/share/X11/locale/C/XLC_LOCALE
xclip /usr/share/X11/locale/locale.alias
xclip /usr/share/X11/locale/locale.dir
xclip /usr/share/X11/locale/C/XLC_LOCALE
Xvfb /proc/1767/cmdline
selkies /proc/stat
selkies /proc/meminfo
xclip /etc/ld.so.cache
xclip /lib/x86_64-linux-gnu/libXmu.so.6
xclip /lib/x86_64-linux-gnu/libX11.so.6
xclip /lib/x86_64-linux-gnu/libc.so.6
xclip /lib/x86_64-linux-gnu/libXt.so.6
xclip /lib/x86_64-linux-gnu/libXext.so.6
xclip /lib/x86_64-linux-gnu/libxcb.so.1
xclip /lib/x86_64-linux-gnu/libSM.so.6
xclip /lib/x86_64-linux-gnu/libICE.so.6
xclip /lib/x86_64-linux-gnu/libXau.so.6
xclip /lib/x86_64-linux-gnu/libXdmcp.so.6
xclip /lib/x86_64-linux-gnu/libuuid.so.1
xclip /lib/x86_64-linux-gnu/libbsd.so.0
xclip /lib/x86_64-linux-gnu/libmd.so.0
xclip /usr/share/X11/locale/locale.alias
xclip /usr/share/X11/locale/locale.dir
xclip /usr/share/X11/locale/C/XLC_LOCALE
xclip /usr/share/X11/locale/locale.alias
xclip /usr/share/X11/locale/locale.dir
xclip /usr/share/X11/locale/C/XLC_LOCALE
Xvfb /proc/1799/cmdline
Compositor /tmp/.org.chromium.Chromium.23tGxd
xclip /etc/ld.so.cache
xclip /lib/x86_64-linux-gnu/libXmu.so.6
xclip /lib/x86_64-linux-gnu/libX11.so.6
xclip /lib/x86_64-linux-gnu/libc.so.6
xclip /lib/x86_64-linux-gnu/libXt.so.6
xclip /lib/x86_64-linux-gnu/libXext.so.6
xclip /lib/x86_64-linux-gnu/libxcb.so.1
xclip /lib/x86_64-linux-gnu/libSM.so.6
xclip /lib/x86_64-linux-gnu/libICE.so.6
xclip /lib/x86_64-linux-gnu/libXau.so.6
xclip /lib/x86_64-linux-gnu/libXdmcp.so.6
xclip /lib/x86_64-linux-gnu/libuuid.so.1
xclip /lib/x86_64-linux-gnu/libbsd.so.0
xclip /lib/x86_64-linux-gnu/libmd.so.0
xclip /usr/share/X11/locale/locale.alias
xclip /usr/share/X11/locale/locale.dir
xclip /usr/share/X11/locale/C/XLC_LOCALE
Compositor /tmp/.org.chromium.Chromium.HV6FEJ
xclip /usr/share/X11/locale/locale.alias
xclip /usr/share/X11/locale/locale.dir
xclip /usr/share/X11/locale/C/XLC_LOCALE
Xvfb /proc/1831/cmdline
MemoryInfra /proc/1149/status
MemoryInfra /proc/1149/status
MemoryInfra /proc/1149/clear_refs
MemoryInfra /proc/1231/status
MemoryInfra /proc/1231/status
MemoryInfra /proc/1231/clear_refs
MemoryInfra /proc/1233/status
MemoryInfra /proc/1233/status
MemoryInfra /proc/1233/clear_refs
MemoryInfra /proc/1244/status
MemoryInfra /proc/1244/status
MemoryInfra /proc/1244/clear_refs
MemoryInfra /proc/1350/status
MemoryInfra /proc/1350/status
MemoryInfra /proc/1350/clear_refs
MemoryInfra /proc/1352/status
MemoryInfra /proc/1352/status
MemoryInfra /proc/1352/clear_refs
MemoryInfra /proc/1601/status
MemoryInfra /proc/1601/status
MemoryInfra /proc/1601/clear_refs
selkies /proc/stat
selkies /proc/meminfo
xclip /etc/ld.so.cache
xclip /lib/x86_64-linux-gnu/libXmu.so.6
xclip /lib/x86_64-linux-gnu/libX11.so.6
xclip /lib/x86_64-linux-gnu/libc.so.6
xclip /lib/x86_64-linux-gnu/libXt.so.6
xclip /lib/x86_64-linux-gnu/libXext.so.6
xclip /lib/x86_64-linux-gnu/libxcb.so.1
xclip /lib/x86_64-linux-gnu/libSM.so.6
xclip /lib/x86_64-linux-gnu/libICE.so.6
xclip /lib/x86_64-linux-gnu/libXau.so.6
xclip /lib/x86_64-linux-gnu/libXdmcp.so.6
xclip /lib/x86_64-linux-gnu/libuuid.so.1
xclip /lib/x86_64-linux-gnu/libbsd.so.0
xclip /lib/x86_64-linux-gnu/libmd.so.0
xclip /usr/share/X11/locale/locale.alias
xclip /usr/share/X11/locale/locale.dir
xclip /usr/share/X11/locale/C/XLC_LOCALE
xclip /usr/share/X11/locale/locale.alias
xclip /usr/share/X11/locale/locale.dir
xclip /usr/share/X11/locale/C/XLC_LOCALE
Xvfb /proc/1863/cmdline
Compositor /tmp/.org.chromium.Chromium.WHnzEg
Compositor /tmp/.org.chromium.Chromium.uk6ViM
xclip /etc/ld.so.cache
xclip /lib/x86_64-linux-gnu/libXmu.so.6
xclip /lib/x86_64-linux-gnu/libX11.so.6
xclip /lib/x86_64-linux-gnu/libc.so.6
xclip /lib/x86_64-linux-gnu/libXt.so.6
xclip /lib/x86_64-linux-gnu/libXext.so.6
xclip /lib/x86_64-linux-gnu/libxcb.so.1
xclip /lib/x86_64-linux-gnu/libSM.so.6
xclip /lib/x86_64-linux-gnu/libICE.so.6
xclip /lib/x86_64-linux-gnu/libXau.so.6
xclip /lib/x86_64-linux-gnu/libXdmcp.so.6
xclip /lib/x86_64-linux-gnu/libuuid.so.1
xclip /lib/x86_64-linux-gnu/libbsd.so.0
xclip /lib/x86_64-linux-gnu/libmd.so.0
xclip /usr/share/X11/locale/locale.alias
xclip /usr/share/X11/locale/locale.dir
xclip /usr/share/X11/locale/C/XLC_LOCALE
xclip /usr/share/X11/locale/locale.alias
xclip /usr/share/X11/locale/locale.dir
xclip /usr/share/X11/locale/C/XLC_LOCALE
Xvfb /proc/1895/cmdline
selkies /proc/stat
selkies /proc/meminfo
xclip /etc/ld.so.cache
xclip /lib/x86_64-linux-gnu/libXmu.so.6
xclip /lib/x86_64-linux-gnu/libX11.so.6
xclip /lib/x86_64-linux-gnu/libc.so.6
xclip /lib/x86_64-linux-gnu/libXt.so.6
xclip /lib/x86_64-linux-gnu/libXext.so.6
xclip /lib/x86_64-linux-gnu/libxcb.so.1
xclip /lib/x86_64-linux-gnu/libSM.so.6
xclip /lib/x86_64-linux-gnu/libICE.so.6
xclip /lib/x86_64-linux-gnu/libXau.so.6
xclip /lib/x86_64-linux-gnu/libXdmcp.so.6
xclip /lib/x86_64-linux-gnu/libuuid.so.1
xclip /lib/x86_64-linux-gnu/libbsd.so.0
xclip /lib/x86_64-linux-gnu/libmd.so.0
xclip /usr/share/X11/locale/locale.alias
xclip /usr/share/X11/locale/locale.dir
xclip /usr/share/X11/locale/C/XLC_LOCALE
xclip /usr/share/X11/locale/locale.alias
xclip /usr/share/X11/locale/locale.dir
xclip /usr/share/X11/locale/C/XLC_LOCALE
Xvfb /proc/1926/cmdline
xclip /etc/ld.so.cache
xclip /lib/x86_64-linux-gnu/libXmu.so.6
xclip /lib/x86_64-linux-gnu/libX11.so.6
xclip /lib/x86_64-linux-gnu/libc.so.6
xclip /lib/x86_64-linux-gnu/libXt.so.6
xclip /lib/x86_64-linux-gnu/libXext.so.6
xclip /lib/x86_64-linux-gnu/libxcb.so.1
xclip /lib/x86_64-linux-gnu/libSM.so.6
xclip /lib/x86_64-linux-gnu/libICE.so.6
xclip /lib/x86_64-linux-gnu/libXau.so.6
xclip /lib/x86_64-linux-gnu/libXdmcp.so.6
xclip /lib/x86_64-linux-gnu/libuuid.so.1
xclip /lib/x86_64-linux-gnu/libbsd.so.0
xclip /lib/x86_64-linux-gnu/libmd.so.0
xclip /usr/share/X11/locale/locale.alias
xclip /usr/share/X11/locale/locale.dir
xclip /usr/share/X11/locale/C/XLC_LOCALE
xclip /usr/share/X11/locale/locale.alias
xclip /usr/share/X11/locale/locale.dir
xclip /usr/share/X11/locale/C/XLC_LOCALE
Xvfb /proc/1958/cmdline
selkies /proc/stat
selkies /proc/meminfo
ThreadPoolForeg /config/.config/chromium/.org.chromium.Chromium.cMrcPC
ThreadPoolForeg /config/.config/chromium/component_crx_cache/.org.chromium.Chromium.Op26uW
xclip /etc/ld.so.cache
xclip /lib/x86_64-linux-gnu/libXmu.so.6
xclip /lib/x86_64-linux-gnu/libX11.so.6
xclip /lib/x86_64-linux-gnu/libc.so.6
xclip /lib/x86_64-linux-gnu/libXt.so.6
xclip /lib/x86_64-linux-gnu/libXext.so.6
xclip /lib/x86_64-linux-gnu/libxcb.so.1
xclip /lib/x86_64-linux-gnu/libSM.so.6
xclip /lib/x86_64-linux-gnu/libICE.so.6
xclip /lib/x86_64-linux-gnu/libXau.so.6
xclip /lib/x86_64-linux-gnu/libXdmcp.so.6
xclip /lib/x86_64-linux-gnu/libuuid.so.1
xclip /lib/x86_64-linux-gnu/libbsd.so.0
xclip /lib/x86_64-linux-gnu/libmd.so.0
xclip /usr/share/X11/locale/locale.alias
xclip /usr/share/X11/locale/locale.dir
xclip /usr/share/X11/locale/C/XLC_LOCALE
xclip /usr/share/X11/locale/locale.alias
xclip /usr/share/X11/locale/locale.dir
xclip /usr/share/X11/locale/C/XLC_LOCALE
Xvfb /proc/1975/cmdline
ThreadPoolForeg /config/.config/chromium/Default/.org.chromium.Chromium.Yv8deu
ThreadPoolForeg /config/.config/chromium/Default/.org.chromium.Chromium.JgN7ib
ThreadPoolForeg /config/.config/chromium/Default/Download Service/EntryDB/LOG
ThreadPoolForeg /config/.config/chromium/Default/Download Service/EntryDB/LOCK
ThreadPoolForeg /config/.config/chromium/Default/Download Service/EntryDB/LOCK
ThreadPoolForeg /config/.config/chromium/Default/Download Service/Files
Chrome_ChildIOT /tmp/.org.chromium.Chromium.pzHOmK
ThreadPoolForeg /config/.config/chromium/Default/.org.chromium.Chromium.mE3Vuw
ThreadPoolForeg /config/.cache/chromium/Default/Code Cache/js/5612d5afd1503340_0
ThreadPoolForeg /config/.cache/chromium/Default/Code Cache/js/389baddd4430a034_0
ThreadPoolForeg /config/.cache/chromium/Default/Code Cache/js/5612d5afd1503340_1
ThreadPoolForeg /config/.cache/chromium/Default/Code Cache/js/a75e784ef317eb26_0
ThreadPoolForeg /config/.cache/chromium/Default/Code Cache/js/389baddd4430a034_1
ThreadPoolForeg /config/.cache/chromium/Default/Code Cache/js/9b0365a4426928bd_0
ThreadPoolForeg /config/.cache/chromium/Default/Code Cache/js/a75e784ef317eb26_1
ThreadPoolForeg /config/.cache/chromium/Default/Code Cache/js/9b0365a4426928bd_1
ThreadPoolForeg /config/.cache/chromium/Default/Code Cache/js/2f3cae4e9cf40c6a_0
ThreadPoolForeg /config/.cache/chromium/Default/Code Cache/js/2f3cae4e9cf40c6a_1
ThreadPoolForeg /config/.cache/chromium/Default/Code Cache/js/c04e7995f3eed222_0
ThreadPoolForeg /config/.cache/chromium/Default/Code Cache/js/c04e7995f3eed222_1
ThreadPoolForeg /config/.cache/chromium/Default/Code Cache/js/a75e784ef317eb26_s
ThreadPoolForeg /config/.cache/chromium/Default/Code Cache/js/389baddd4430a034_s
ThreadPoolForeg /config/.cache/chromium/Default/Code Cache/js/9b0365a4426928bd_s
ThreadPoolForeg /config/.cache/chromium/Default/Code Cache/js/ad10f2bf10ea8ea2_0
ThreadPoolForeg /config/.cache/chromium/Default/Code Cache/js/5612d5afd1503340_s
ThreadPoolForeg /config/.cache/chromium/Default/Code Cache/js/2f3cae4e9cf40c6a_s
ThreadPoolForeg /config/.cache/chromium/Default/Code Cache/js/ad10f2bf10ea8ea2_1
ThreadPoolForeg /config/.cache/chromium/Default/Code Cache/js/c04e7995f3eed222_s
ThreadPoolForeg /config/.cache/chromium/Default/Code Cache/js/ad10f2bf10ea8ea2_s
xclip /etc/ld.so.cache
xclip /lib/x86_64-linux-gnu/libXmu.so.6
xclip /lib/x86_64-linux-gnu/libX11.so.6
xclip /lib/x86_64-linux-gnu/libc.so.6
xclip /lib/x86_64-linux-gnu/libXt.so.6
xclip /lib/x86_64-linux-gnu/libXext.so.6
xclip /lib/x86_64-linux-gnu/libxcb.so.1
xclip /lib/x86_64-linux-gnu/libSM.so.6
xclip /lib/x86_64-linux-gnu/libICE.so.6
xclip /lib/x86_64-linux-gnu/libXau.so.6
xclip /lib/x86_64-linux-gnu/libXdmcp.so.6
xclip /lib/x86_64-linux-gnu/libuuid.so.1
xclip /lib/x86_64-linux-gnu/libbsd.so.0
xclip /lib/x86_64-linux-gnu/libmd.so.0
xclip /usr/share/X11/locale/locale.alias
xclip /usr/share/X11/locale/locale.dir
xclip /usr/share/X11/locale/C/XLC_LOCALE
xclip /usr/share/X11/locale/locale.alias
xclip /usr/share/X11/locale/locale.dir
xclip /usr/share/X11/locale/C/XLC_LOCALE
Xvfb /proc/1980/cmdline
selkies /proc/stat
selkies /proc/meminfo
xclip /etc/ld.so.cache
xclip /lib/x86_64-linux-gnu/libXmu.so.6
xclip /lib/x86_64-linux-gnu/libX11.so.6
xclip /lib/x86_64-linux-gnu/libc.so.6
xclip /lib/x86_64-linux-gnu/libXt.so.6
xclip /lib/x86_64-linux-gnu/libXext.so.6
xclip /lib/x86_64-linux-gnu/libxcb.so.1
xclip /lib/x86_64-linux-gnu/libSM.so.6
xclip /lib/x86_64-linux-gnu/libICE.so.6
xclip /lib/x86_64-linux-gnu/libXau.so.6
xclip /lib/x86_64-linux-gnu/libXdmcp.so.6
xclip /lib/x86_64-linux-gnu/libuuid.so.1
xclip /lib/x86_64-linux-gnu/libbsd.so.0
xclip /lib/x86_64-linux-gnu/libmd.so.0
xclip /usr/share/X11/locale/locale.alias
xclip /usr/share/X11/locale/locale.dir
xclip /usr/share/X11/locale/C/XLC_LOCALE
xclip /usr/share/X11/locale/locale.alias
xclip /usr/share/X11/locale/locale.dir
xclip /usr/share/X11/locale/C/XLC_LOCALE
Xvfb /proc/1981/cmdline
ThreadPoolForeg /config/.config/chromium/Default
xclip /etc/ld.so.cache
xclip /lib/x86_64-linux-gnu/libXmu.so.6
xclip /lib/x86_64-linux-gnu/libX11.so.6
xclip /lib/x86_64-linux-gnu/libc.so.6
xclip /lib/x86_64-linux-gnu/libXt.so.6
xclip /lib/x86_64-linux-gnu/libXext.so.6
xclip /lib/x86_64-linux-gnu/libxcb.so.1
xclip /lib/x86_64-linux-gnu/libSM.so.6
xclip /lib/x86_64-linux-gnu/libICE.so.6
xclip /lib/x86_64-linux-gnu/libXau.so.6
xclip /lib/x86_64-linux-gnu/libXdmcp.so.6
xclip /lib/x86_64-linux-gnu/libuuid.so.1
xclip /lib/x86_64-linux-gnu/libbsd.so.0
xclip /lib/x86_64-linux-gnu/libmd.so.0
xclip /usr/share/X11/locale/locale.alias
xclip /usr/share/X11/locale/locale.dir
xclip /usr/share/X11/locale/C/XLC_LOCALE
xclip /usr/share/X11/locale/locale.alias
xclip /usr/share/X11/locale/locale.dir
xclip /usr/share/X11/locale/C/XLC_LOCALE
Xvfb /proc/1982/cmdline
selkies /proc/stat
selkies /proc/meminfo


