plasmashell /config/.config/plasma-org.kde.plasma.desktop-appletsrc.lock
plasmashell /proc/sys/kernel/random/boot_id
plasmashell /var/lib/dbus/machine-id
plasmashell /config/.config/plasma-org.kde.plasma.desktop-appletsrc
plasmashell /config/.config
xclip /etc/ld.so.cache
xclip /lib/x86_64-linux-gnu/libXmu.so.6
xclip /lib/x86_64-linux-gnu/libX11.so.6
xclip /lib/x86_64-linux-gnu/libc.so.6
xclip /lib/x86_64-linux-gnu/libXt.so.6
xclip /lib/x86_64-linux-gnu/libXext.so.6
xclip /lib/x86_64-linux-gnu/libxcb.so.1
xclip /lib/x86_64-linux-gnu/libSM.so.6
xclip /lib/x86_64-linux-gnu/libICE.so.6
xclip /lib/x86_64-linux-gnu/libXau.so.6
xclip /lib/x86_64-linux-gnu/libXdmcp.so.6
xclip /lib/x86_64-linux-gnu/libuuid.so.1
xclip /lib/x86_64-linux-gnu/libbsd.so.0
xclip /lib/x86_64-linux-gnu/libmd.so.0
xclip /usr/share/X11/locale/locale.alias
xclip /usr/share/X11/locale/locale.dir
xclip /usr/share/X11/locale/C/XLC_LOCALE
xclip /usr/share/X11/locale/locale.alias
xclip /usr/share/X11/locale/locale.dir
xclip /usr/share/X11/locale/C/XLC_LOCALE
Xvfb /proc/971/cmdline
plasmashell /config/.config/plasma-org.kde.plasma.desktop-appletsrc
xclip /etc/ld.so.cache
xclip /lib/x86_64-linux-gnu/libXmu.so.6
xclip /lib/x86_64-linux-gnu/libX11.so.6
xclip /lib/x86_64-linux-gnu/libc.so.6
xclip /lib/x86_64-linux-gnu/libXt.so.6
xclip /lib/x86_64-linux-gnu/libXext.so.6
xclip /lib/x86_64-linux-gnu/libxcb.so.1
xclip /lib/x86_64-linux-gnu/libSM.so.6
xclip /lib/x86_64-linux-gnu/libICE.so.6
xclip /lib/x86_64-linux-gnu/libXau.so.6
xclip /lib/x86_64-linux-gnu/libXdmcp.so.6
xclip /lib/x86_64-linux-gnu/libuuid.so.1
xclip /lib/x86_64-linux-gnu/libbsd.so.0
xclip /lib/x86_64-linux-gnu/libmd.so.0
xclip /usr/share/X11/locale/locale.alias
xclip /usr/share/X11/locale/locale.dir
xclip /usr/share/X11/locale/C/XLC_LOCALE
xclip /usr/share/X11/locale/locale.alias
xclip /usr/share/X11/locale/locale.dir
xclip /usr/share/X11/locale/C/XLC_LOCALE
Xvfb /proc/972/cmdline
QQmlThread /usr/share/plasma/plasmoids/org.kde.plasma.clipboard/contents/ui/inlinec
QQmlThread /config/.cache/plasmashell/qmlcache/2a8c43d11e4b39f247caffaec1ab74de22211196.
QQmlThread /usr/lib/x86_64-linux-gnu/qt5/qml/org/kde/prison/qmldir
QQmlThread /usr/lib/x86_64-linux-gnu/qt5/qml/org/kde/prison/libprisonquickplugin.so
QQmlThread /usr/lib/x86_64-linux-gnu/qt5/qml/org/kde/prison/libprisonquickplugin.so.avx2
QQmlThread /usr/lib/x86_64-linux-gnu/qt5/qml/org/kde/prison/libprisonquickplugin.so
plasmashell /usr/share/plasma/desktoptheme/default/icons/edit.svgz
plasmashell /usr/share/icons/breeze/actions/22/edit-clear-history.svg
plasmashell /usr/share/plasma/desktoptheme/default/icons/edit.svgz
pulseaudio /config/.config/pulse/719bfa8fe76f46648671425727a46825-default-sink
plasmashell /usr/share/icons/breeze/actions/22/edit-paste.svg
pulseaudio /config/.config/pulse/719bfa8fe76f46648671425727a46825-default-source
plasmashell /usr/share/plasma/desktoptheme/default/icons/klipper.svgz
xclip /etc/ld.so.cache
xclip /lib/x86_64-linux-gnu/libXmu.so.6
xclip /lib/x86_64-linux-gnu/libX11.so.6
xclip /lib/x86_64-linux-gnu/libc.so.6
xclip /lib/x86_64-linux-gnu/libXt.so.6
xclip /lib/x86_64-linux-gnu/libXext.so.6
xclip /lib/x86_64-linux-gnu/libxcb.so.1
xclip /lib/x86_64-linux-gnu/libSM.so.6
xclip /lib/x86_64-linux-gnu/libICE.so.6
xclip /lib/x86_64-linux-gnu/libXau.so.6
xclip /lib/x86_64-linux-gnu/libXdmcp.so.6
xclip /lib/x86_64-linux-gnu/libuuid.so.1
xclip /lib/x86_64-linux-gnu/libbsd.so.0
xclip /lib/x86_64-linux-gnu/libmd.so.0
xclip /usr/share/X11/locale/locale.alias
xclip /usr/share/X11/locale/locale.dir
xclip /usr/share/X11/locale/C/XLC_LOCALE
xclip /usr/share/X11/locale/locale.alias
xclip /usr/share/X11/locale/locale.dir
xclip /usr/share/X11/locale/C/XLC_LOCALE
Xvfb /proc/973/cmdline
xclip /etc/ld.so.cache
xclip /lib/x86_64-linux-gnu/libXmu.so.6
xclip /lib/x86_64-linux-gnu/libX11.so.6
xclip /lib/x86_64-linux-gnu/libc.so.6
xclip /lib/x86_64-linux-gnu/libXt.so.6
xclip /lib/x86_64-linux-gnu/libXext.so.6
xclip /lib/x86_64-linux-gnu/libxcb.so.1
xclip /lib/x86_64-linux-gnu/libSM.so.6
xclip /lib/x86_64-linux-gnu/libICE.so.6
xclip /lib/x86_64-linux-gnu/libXau.so.6
xclip /lib/x86_64-linux-gnu/libXdmcp.so.6
xclip /lib/x86_64-linux-gnu/libuuid.so.1
xclip /lib/x86_64-linux-gnu/libbsd.so.0
xclip /lib/x86_64-linux-gnu/libmd.so.0
xclip /usr/share/X11/locale/locale.alias
xclip /usr/share/X11/locale/locale.dir
xclip /usr/share/X11/locale/C/XLC_LOCALE
xclip /usr/share/X11/locale/locale.alias
xclip /usr/share/X11/locale/locale.dir
xclip /usr/share/X11/locale/C/XLC_LOCALE
Xvfb /proc/974/cmdline
plasmashell /usr/bin/plasmacalendarplugins
plasmashell /usr/lib/x86_64-linux-gnu/qt5/plugins/plasmacalendarplugins
plasmashell /usr/lib/x86_64-linux-gnu/qt5/plugins/plasmacalendarplugins/holidaysevents.so
plasmashell /usr/lib/x86_64-linux-gnu/qt5/plugins/plasmacalendarplugins
plasmashell /usr/share/icons/breeze/actions/22/checkmark.svg
plasmashell /usr/share/plasma/desktoptheme/default/widgets/calendar.svgz
xclip /etc/ld.so.cache
xclip /lib/x86_64-linux-gnu/libXmu.so.6
xclip /lib/x86_64-linux-gnu/libX11.so.6
xclip /lib/x86_64-linux-gnu/libc.so.6
xclip /lib/x86_64-linux-gnu/libXt.so.6
xclip /lib/x86_64-linux-gnu/libXext.so.6
xclip /lib/x86_64-linux-gnu/libxcb.so.1
xclip /lib/x86_64-linux-gnu/libSM.so.6
xclip /lib/x86_64-linux-gnu/libICE.so.6
xclip /lib/x86_64-linux-gnu/libXau.so.6
xclip /lib/x86_64-linux-gnu/libXdmcp.so.6
xclip /lib/x86_64-linux-gnu/libuuid.so.1
xclip /lib/x86_64-linux-gnu/libbsd.so.0
xclip /lib/x86_64-linux-gnu/libmd.so.0
plasmashell /usr/share/plasma/desktoptheme/default/icons/go.svgz
xclip /usr/share/X11/locale/locale.alias
xclip /usr/share/X11/locale/locale.dir
xclip /usr/share/X11/locale/C/XLC_LOCALE
xclip /usr/share/X11/locale/locale.alias
xclip /usr/share/X11/locale/locale.dir
xclip /usr/share/X11/locale/C/XLC_LOCALE
Xvfb /proc/975/cmdline
plasmashell /usr/share/plasma/desktoptheme/default/icons/preferences.svgz
plasmashell /usr/share/icons/breeze/preferences/32/preferences-system-time.svg
plasmashell /usr/share/plasma/desktoptheme/default/icons/list.svgz
xclip /etc/ld.so.cache
xclip /lib/x86_64-linux-gnu/libXmu.so.6
xclip /lib/x86_64-linux-gnu/libX11.so.6
xclip /lib/x86_64-linux-gnu/libc.so.6
xclip /lib/x86_64-linux-gnu/libXt.so.6
xclip /lib/x86_64-linux-gnu/libXext.so.6
xclip /lib/x86_64-linux-gnu/libxcb.so.1
xclip /lib/x86_64-linux-gnu/libSM.so.6
xclip /lib/x86_64-linux-gnu/libICE.so.6
xclip /lib/x86_64-linux-gnu/libXau.so.6
xclip /lib/x86_64-linux-gnu/libXdmcp.so.6
xclip /lib/x86_64-linux-gnu/libuuid.so.1
xclip /lib/x86_64-linux-gnu/libbsd.so.0
xclip /lib/x86_64-linux-gnu/libmd.so.0
xclip /usr/share/X11/locale/locale.alias
xclip /usr/share/X11/locale/locale.dir
xclip /usr/share/X11/locale/C/XLC_LOCALE
xclip /usr/share/X11/locale/locale.alias
xclip /usr/share/X11/locale/locale.dir
xclip /usr/share/X11/locale/C/XLC_LOCALE
Xvfb /proc/976/cmdline
xclip /etc/ld.so.cache
xclip /lib/x86_64-linux-gnu/libXmu.so.6
xclip /lib/x86_64-linux-gnu/libX11.so.6
xclip /lib/x86_64-linux-gnu/libc.so.6
xclip /lib/x86_64-linux-gnu/libXt.so.6
xclip /lib/x86_64-linux-gnu/libXext.so.6
xclip /lib/x86_64-linux-gnu/libxcb.so.1
xclip /lib/x86_64-linux-gnu/libSM.so.6
xclip /lib/x86_64-linux-gnu/libICE.so.6
xclip /lib/x86_64-linux-gnu/libXau.so.6
xclip /lib/x86_64-linux-gnu/libXdmcp.so.6
xclip /lib/x86_64-linux-gnu/libuuid.so.1
xclip /lib/x86_64-linux-gnu/libbsd.so.0
xclip /lib/x86_64-linux-gnu/libmd.so.0
xclip /usr/share/X11/locale/locale.alias
xclip /usr/share/X11/locale/locale.dir
xclip /usr/share/X11/locale/C/XLC_LOCALE
xclip /usr/share/X11/locale/locale.alias
xclip /usr/share/X11/locale/locale.dir
xclip /usr/share/X11/locale/C/XLC_LOCALE
Xvfb /proc/977/cmdline
nginx /usr/share/selkies/web/index.html
nginx /usr/share/selkies/web/manifest.json
selkies /proc/self/status
selkies /proc/mounts
selkies /config/.pulse/client.conf
selkies /config/.config/pulse/client.conf
selkies /etc/pulse/client.conf
selkies /etc/pulse/client.conf.d
selkies /etc/pulse/client.conf.d/01-enable-autospawn.conf
selkies /dev/shm/
selkies /dev/urandom
selkies /defaults
selkies /config/.config/pulse/cookie
pulseaudio /dev/shm/
pulseaudio /dev/urandom
selkies /etc/nsswitch.conf
selkies /etc/passwd
selkies /etc/machine-id
pulseaudio /usr/share/applications/python3.12.desktop
selkies /proc/stat
selkies /proc/meminfo
selkies /config/.Xresources
xrdb /etc/ld.so.cache
xrdb /lib/x86_64-linux-gnu/libXmuu.so.1
xrdb /lib/x86_64-linux-gnu/libX11.so.6
xrdb /lib/x86_64-linux-gnu/libc.so.6
xrdb /lib/x86_64-linux-gnu/libxcb.so.1
xrdb /lib/x86_64-linux-gnu/libXau.so.6
xrdb /lib/x86_64-linux-gnu/libXdmcp.so.6
xrdb /lib/x86_64-linux-gnu/libbsd.so.0
xrdb /lib/x86_64-linux-gnu/libmd.so.0
xrdb /dev/null
Xvfb /proc/979/cmdline
xrdb /config/.Xresources
sh /etc/ld.so.cache
sh /lib/x86_64-linux-gnu/libc.so.6
cpp /etc/ld.so.cache
cpp /lib/x86_64-linux-gnu/libc.so.6
cpp /usr/lib/locale/locale-archive
cpp /usr/share/locale/locale.alias
cpp /usr/share/locale/en_US/LC_MESSAGES/gcc-13.mo
cpp /usr/share/locale/en/LC_MESSAGES/gcc-13.mo
cpp /usr/share/locale-langpack/en_US/LC_MESSAGES/gcc-13.mo
cpp /usr/share/locale-langpack/en/LC_MESSAGES/gcc-13.mo
cc1 /etc/ld.so.cache
cc1 /lib/x86_64-linux-gnu/libisl.so.23
cc1 /lib/x86_64-linux-gnu/libmpc.so.3
cc1 /lib/x86_64-linux-gnu/libmpfr.so.6
cc1 /lib/x86_64-linux-gnu/libgmp.so.10
cc1 /lib/x86_64-linux-gnu/libz.so.1
cc1 /lib/x86_64-linux-gnu/libzstd.so.1
cc1 /lib/x86_64-linux-gnu/libc.so.6
cc1 /lib/x86_64-linux-gnu/libm.so.6
cc1 /usr/lib/locale/locale-archive
cc1 /usr/share/locale/locale.alias
cc1 /usr/share/locale/en_US/LC_MESSAGES/gcc-13.mo
cc1 /usr/share/locale/en/LC_MESSAGES/gcc-13.mo
cc1 /usr/share/locale-langpack/en_US/LC_MESSAGES/gcc-13.mo
cc1 /usr/share/locale-langpack/en/LC_MESSAGES/gcc-13.mo
cc1 /config/.Xresources
cc1 /usr/lib/gcc/x86_64-linux-gnu/13/include/stdc-predef.h
cc1 /usr/local/include/stdc-predef.h
cc1 /usr/include/x86_64-linux-gnu/stdc-predef.h
cc1 /usr/include/stdc-predef.h
selkies /config/.xsettingsd
pgrep /etc/ld.so.cache
pgrep /lib/x86_64-linux-gnu/libproc2.so.0
pgrep /lib/x86_64-linux-gnu/libc.so.6
pgrep /lib/x86_64-linux-gnu/libsystemd.so.0
pgrep /lib/x86_64-linux-gnu/libcap.so.2
pgrep /lib/x86_64-linux-gnu/libgcrypt.so.20
pgrep /lib/x86_64-linux-gnu/liblz4.so.1
pgrep /lib/x86_64-linux-gnu/liblzma.so.5
pgrep /lib/x86_64-linux-gnu/libzstd.so.1
pgrep /lib/x86_64-linux-gnu/libgpg-error.so.0
pgrep /usr/lib/locale/locale-archive
pgrep /usr/lib/x86_64-linux-gnu/gconv/gconv-modules.cache
pgrep /etc/ld.so.cache
pgrep /lib/x86_64-linux-gnu/glibc-hwcaps/x86-64-v3/libnuma.so
pgrep /lib/x86_64-linux-gnu/glibc-hwcaps/x86-64-v2/libnuma.so
pgrep /lib/x86_64-linux-gnu/libnuma.so
pgrep /usr/lib/x86_64-linux-gnu/glibc-hwcaps/x86-64-v3/libnuma.so
pgrep /usr/lib/x86_64-linux-gnu/glibc-hwcaps/x86-64-v2/libnuma.so
pgrep /usr/lib/x86_64-linux-gnu/libnuma.so
pgrep /lib/glibc-hwcaps/x86-64-v3/libnuma.so
pgrep /lib/glibc-hwcaps/x86-64-v2/libnuma.so
pgrep /lib/libnuma.so
pgrep /usr/lib/glibc-hwcaps/x86-64-v3/libnuma.so
pgrep /usr/lib/glibc-hwcaps/x86-64-v2/libnuma.so
pgrep /usr/lib/libnuma.so
pgrep /etc/ld.so.cache
pgrep /lib/x86_64-linux-gnu/libnuma.so.1
pgrep /proc/self/status
pgrep /sys/devices/system/node
pgrep /sys/devices/system/cpu/possible
pgrep /proc/self/status
pgrep /proc
pgrep /proc/uptime
pgrep /proc/1/stat
pgrep /proc/1/status
pgrep /proc/1/cmdline
pgrep /proc/1/cgroup
pgrep /proc/1/ctty
pgrep /proc/uptime
pgrep /proc/12/stat
pgrep /proc/12/status
pgrep /proc/12/cmdline
pgrep /proc/12/cgroup
pgrep /proc/12/ctty
pgrep /proc/uptime
pgrep /proc/14/stat
pgrep /proc/14/status
pgrep /proc/14/cmdline
pgrep /proc/14/cgroup
pgrep /proc/14/ctty
pgrep /proc/uptime
pgrep /proc/35/stat
pgrep /proc/35/status
pgrep /proc/35/cmdline
pgrep /proc/35/cgroup
pgrep /proc/35/ctty
pgrep /proc/uptime
pgrep /proc/36/stat
pgrep /proc/36/status
pgrep /proc/36/cmdline
pgrep /proc/36/cgroup
pgrep /proc/36/ctty
pgrep /proc/uptime
pgrep /proc/37/stat
pgrep /proc/37/status
pgrep /proc/37/cmdline
pgrep /proc/37/cgroup
pgrep /proc/37/ctty
pgrep /proc/uptime
pgrep /proc/38/stat
pgrep /proc/38/status
pgrep /proc/38/cmdline
pgrep /proc/38/cgroup
pgrep /proc/38/ctty
pgrep /proc/uptime
pgrep /proc/39/stat
pgrep /proc/39/status
pgrep /proc/39/cmdline
pgrep /proc/39/cgroup
pgrep /proc/39/ctty
pgrep /proc/uptime
pgrep /proc/40/stat
pgrep /proc/40/status
pgrep /proc/40/cmdline
pgrep /proc/40/cgroup
pgrep /proc/40/ctty
pgrep /proc/uptime
pgrep /proc/41/stat
pgrep /proc/41/status
pgrep /proc/41/cmdline
pgrep /proc/41/cgroup
pgrep /proc/41/ctty
pgrep /proc/uptime
pgrep /proc/42/stat
pgrep /proc/42/status
pgrep /proc/42/cmdline
pgrep /proc/42/cgroup
pgrep /proc/42/ctty
pgrep /proc/uptime
pgrep /proc/43/stat
pgrep /proc/43/status
pgrep /proc/43/cmdline
pgrep /proc/43/cgroup
pgrep /proc/43/ctty
pgrep /proc/uptime
pgrep /proc/44/stat
pgrep /proc/44/status
pgrep /proc/44/cmdline
pgrep /proc/44/cgroup
pgrep /proc/44/ctty
pgrep /proc/uptime
pgrep /proc/45/stat
pgrep /proc/45/status
pgrep /proc/45/cmdline
pgrep /proc/45/cgroup
pgrep /proc/45/ctty
pgrep /proc/uptime
pgrep /proc/46/stat
pgrep /proc/46/status
pgrep /proc/46/cmdline
pgrep /proc/46/cgroup
pgrep /proc/46/ctty
pgrep /proc/uptime
pgrep /proc/54/stat
pgrep /proc/54/status
pgrep /proc/54/cmdline
pgrep /proc/54/cgroup
pgrep /proc/54/ctty
pgrep /proc/uptime
pgrep /proc/306/stat
pgrep /proc/306/status
pgrep /proc/306/cmdline
pgrep /proc/306/cgroup
pgrep /proc/306/ctty
pgrep /proc/uptime
pgrep /proc/309/stat
pgrep /proc/309/status
pgrep /proc/309/cmdline
pgrep /proc/309/cgroup
pgrep /proc/309/ctty
pgrep /proc/uptime
pgrep /proc/311/stat
pgrep /proc/311/status
pgrep /proc/311/cmdline
pgrep /proc/311/cgroup
pgrep /proc/311/ctty
pgrep /proc/uptime
pgrep /proc/312/stat
pgrep /proc/312/status
pgrep /proc/312/cmdline
pgrep /proc/312/cgroup
pgrep /proc/312/ctty
pgrep /proc/uptime
pgrep /proc/313/stat
pgrep /proc/313/status
pgrep /proc/313/cmdline
pgrep /proc/313/cgroup
pgrep /proc/313/ctty
pgrep /proc/uptime
pgrep /proc/314/stat
pgrep /proc/314/status
pgrep /proc/314/cmdline
pgrep /proc/314/cgroup
pgrep /proc/314/ctty
pgrep /proc/uptime
pgrep /proc/323/stat
pgrep /proc/323/status
pgrep /proc/323/cmdline
pgrep /proc/323/cgroup
pgrep /proc/323/ctty
pgrep /proc/uptime
pgrep /proc/332/stat
pgrep /proc/332/status
pgrep /proc/332/cmdline
pgrep /proc/332/cgroup
pgrep /proc/332/ctty
pgrep /proc/uptime
pgrep /proc/336/stat
pgrep /proc/336/status
pgrep /proc/336/cmdline
pgrep /proc/336/cgroup
pgrep /proc/336/ctty
pgrep /proc/uptime
pgrep /proc/343/stat
pgrep /proc/343/status
pgrep /proc/343/cmdline
pgrep /proc/343/cgroup
pgrep /proc/343/ctty
pgrep /proc/uptime
pgrep /proc/364/stat
pgrep /proc/364/status
pgrep /proc/364/cmdline
pgrep /proc/364/cgroup
pgrep /proc/364/ctty
pgrep /proc/uptime
pgrep /proc/377/stat
pgrep /proc/377/status
pgrep /proc/377/cmdline
pgrep /proc/377/cgroup
pgrep /proc/377/ctty
pgrep /proc/uptime
pgrep /proc/378/stat
pgrep /proc/378/status
pgrep /proc/378/cmdline
pgrep /proc/378/cgroup
pgrep /proc/378/ctty
pgrep /proc/uptime
pgrep /proc/379/stat
pgrep /proc/379/status
pgrep /proc/379/cmdline
pgrep /proc/379/cgroup
pgrep /proc/379/ctty
pgrep /proc/uptime
pgrep /proc/380/stat
pgrep /proc/380/status
pgrep /proc/380/cmdline
pgrep /proc/380/cgroup
pgrep /proc/380/ctty
pgrep /proc/uptime
pgrep /proc/381/stat
pgrep /proc/381/status
pgrep /proc/381/cmdline
pgrep /proc/381/cgroup
pgrep /proc/381/ctty
pgrep /proc/uptime
pgrep /proc/382/stat
pgrep /proc/382/status
pgrep /proc/382/cmdline
pgrep /proc/382/cgroup
pgrep /proc/382/ctty
pgrep /proc/uptime
pgrep /proc/383/stat
pgrep /proc/383/status
pgrep /proc/383/cmdline
pgrep /proc/383/cgroup
pgrep /proc/383/ctty
pgrep /proc/uptime
pgrep /proc/384/stat
pgrep /proc/384/status
pgrep /proc/384/cmdline
pgrep /proc/384/cgroup
pgrep /proc/384/ctty
pgrep /proc/uptime
pgrep /proc/385/stat
pgrep /proc/385/status
pgrep /proc/385/cmdline
pgrep /proc/385/cgroup
pgrep /proc/385/ctty
pgrep /proc/uptime
pgrep /proc/386/stat
pgrep /proc/386/status
pgrep /proc/386/cmdline
pgrep /proc/386/cgroup
pgrep /proc/386/ctty
pgrep /proc/uptime
pgrep /proc/387/stat
pgrep /proc/387/status
pgrep /proc/387/cmdline
pgrep /proc/387/cgroup
pgrep /proc/387/ctty
pgrep /proc/uptime
pgrep /proc/388/stat
pgrep /proc/388/status
pgrep /proc/388/cmdline
pgrep /proc/388/cgroup
pgrep /proc/388/ctty
pgrep /proc/uptime
pgrep /proc/389/stat
pgrep /proc/389/status
pgrep /proc/389/cmdline
pgrep /proc/389/cgroup
pgrep /proc/389/ctty
pgrep /proc/uptime
pgrep /proc/390/stat
pgrep /proc/390/status
pgrep /proc/390/cmdline
pgrep /proc/390/cgroup
pgrep /proc/390/ctty
pgrep /proc/uptime
pgrep /proc/391/stat
pgrep /proc/391/status
pgrep /proc/391/cmdline
pgrep /proc/391/cgroup
pgrep /proc/391/ctty
pgrep /proc/uptime
pgrep /proc/392/stat
pgrep /proc/392/status
pgrep /proc/392/cmdline
pgrep /proc/392/cgroup
pgrep /proc/392/ctty
pgrep /proc/uptime
pgrep /proc/400/stat
pgrep /proc/400/status
pgrep /proc/400/cmdline
pgrep /proc/400/cgroup
pgrep /proc/400/ctty
pgrep /proc/uptime
pgrep /proc/401/stat
pgrep /proc/401/status
pgrep /proc/401/cmdline
pgrep /proc/401/cgroup
pgrep /proc/401/ctty
pgrep /proc/uptime
pgrep /proc/431/stat
pgrep /proc/431/status
pgrep /proc/431/cmdline
pgrep /proc/431/cgroup
pgrep /proc/431/ctty
pgrep /proc/uptime
pgrep /proc/446/stat
pgrep /proc/446/status
pgrep /proc/446/cmdline
pgrep /proc/446/cgroup
pgrep /proc/446/ctty
pgrep /proc/uptime
pgrep /proc/447/stat
pgrep /proc/447/status
pgrep /proc/447/cmdline
pgrep /proc/447/cgroup
pgrep /proc/447/ctty
pgrep /proc/uptime
pgrep /proc/504/stat
pgrep /proc/504/status
pgrep /proc/504/cmdline
pgrep /proc/504/cgroup
pgrep /proc/504/ctty
pgrep /proc/uptime
pgrep /proc/518/stat
pgrep /proc/518/status
pgrep /proc/518/cmdline
pgrep /proc/518/cgroup
pgrep /proc/518/ctty
pgrep /proc/uptime
pgrep /proc/540/stat
pgrep /proc/540/status
pgrep /proc/540/cmdline
pgrep /proc/540/cgroup
pgrep /proc/540/ctty
pgrep /proc/uptime
pgrep /proc/582/stat
pgrep /proc/582/status
pgrep /proc/582/cmdline
pgrep /proc/582/cgroup
pgrep /proc/582/ctty
pgrep /proc/uptime
pgrep /proc/588/stat
pgrep /proc/588/status
pgrep /proc/588/cmdline
pgrep /proc/588/cgroup
pgrep /proc/588/ctty
pgrep /proc/uptime
pgrep /proc/645/stat
pgrep /proc/645/status
pgrep /proc/645/cmdline
pgrep /proc/645/cgroup
pgrep /proc/645/ctty
pgrep /proc/uptime
pgrep /proc/646/stat
pgrep /proc/646/status
pgrep /proc/646/cmdline
pgrep /proc/646/cgroup
pgrep /proc/646/ctty
pgrep /proc/uptime
pgrep /proc/697/stat
pgrep /proc/697/status
pgrep /proc/697/cmdline
pgrep /proc/697/cgroup
pgrep /proc/697/ctty
pgrep /proc/uptime
pgrep /proc/698/stat
pgrep /proc/698/status
pgrep /proc/698/cmdline
pgrep /proc/698/cgroup
pgrep /proc/698/ctty
pgrep /proc/uptime
pgrep /proc/700/stat
pgrep /proc/700/status
pgrep /proc/700/cmdline
pgrep /proc/700/cgroup
pgrep /proc/700/ctty
pgrep /proc/uptime
pgrep /proc/746/stat
pgrep /proc/746/status
pgrep /proc/746/cmdline
pgrep /proc/746/cgroup
pgrep /proc/746/ctty
pgrep /proc/uptime
pgrep /proc/838/stat
pgrep /proc/838/status
pgrep /proc/838/cmdline
pgrep /proc/838/cgroup
pgrep /proc/838/ctty
pgrep /proc/uptime
pgrep /proc/935/stat
pgrep /proc/935/status
pgrep /proc/935/cmdline
pgrep /proc/935/cgroup
pgrep /proc/935/ctty
pgrep /proc/uptime
pgrep /proc/963/stat
pgrep /proc/963/status
pgrep /proc/963/cmdline
pgrep /proc/963/cgroup
pgrep /proc/963/ctty
pgrep /proc/uptime
pgrep /proc/965/stat
pgrep /proc/965/status
pgrep /proc/965/cmdline
pgrep /proc/965/cgroup
pgrep /proc/965/ctty
pgrep /proc/uptime
pgrep /proc/983/stat
pgrep /proc/983/status
pgrep /proc/983/cmdline
pgrep /proc/983/cgroup
pgrep /proc/983/ctty
pgrep /proc/uptime
kill /etc/ld.so.cache
kill /lib/x86_64-linux-gnu/libc.so.6
kill /usr/lib/locale/locale-archive
kill /usr/share/locale/locale.alias
kill /usr/share/locale/en_US/LC_MESSAGES/procps-ng.mo
kill /usr/share/locale/en/LC_MESSAGES/procps-ng.mo
kill /usr/share/locale-langpack/en_US/LC_MESSAGES/procps-ng.mo
kill /usr/share/locale-langpack/en/LC_MESSAGES/procps-ng.mo
xsettingsd /config/.xsettingsd
xfconf-query /etc/ld.so.cache
xfconf-query /lib/x86_64-linux-gnu/libxfconf-0.so.3
xfconf-query /lib/x86_64-linux-gnu/libxfce4util.so.7
xfconf-query /lib/x86_64-linux-gnu/libgobject-2.0.so.0
xfconf-query /lib/x86_64-linux-gnu/libglib-2.0.so.0
xfconf-query /lib/x86_64-linux-gnu/libc.so.6
xfconf-query /lib/x86_64-linux-gnu/libgio-2.0.so.0
xfconf-query /lib/x86_64-linux-gnu/libffi.so.8
xfconf-query /lib/x86_64-linux-gnu/libm.so.6
xfconf-query /lib/x86_64-linux-gnu/libpcre2-8.so.0
xfconf-query /lib/x86_64-linux-gnu/libgmodule-2.0.so.0
xfconf-query /lib/x86_64-linux-gnu/libz.so.1
xfconf-query /lib/x86_64-linux-gnu/libmount.so.1
xfconf-query /lib/x86_64-linux-gnu/libselinux.so.1
xfconf-query /lib/x86_64-linux-gnu/libblkid.so.1
xfconf-query /proc/filesystems
xfconf-query /usr/lib/locale/locale-archive
xfconf-query /usr/share/locale/locale.alias
xfconf-query /usr/share/locale/en_US/LC_MESSAGES/xfconf.mo
xfconf-query /usr/share/locale/en/LC_MESSAGES/xfconf.mo
xfconf-query /usr/share/locale-langpack/en_US/LC_MESSAGES/xfconf.mo
xfconf-query /usr/share/locale-langpack/en/LC_MESSAGES/xfconf.mo
xfconf-query /usr/lib/x86_64-linux-gnu/charset.alias
xfconf-query /var/lib/dbus/machine-id
xfconf-query /dev/null
dbus-launch /etc/ld.so.cache
dbus-launch /lib/x86_64-linux-gnu/libdbus-1.so.3
dbus-launch /lib/x86_64-linux-gnu/libX11.so.6
dbus-launch /lib/x86_64-linux-gnu/libc.so.6
dbus-launch /lib/x86_64-linux-gnu/libsystemd.so.0
dbus-launch /lib/x86_64-linux-gnu/libxcb.so.1
dbus-launch /lib/x86_64-linux-gnu/libcap.so.2
dbus-launch /lib/x86_64-linux-gnu/libgcrypt.so.20
dbus-launch /lib/x86_64-linux-gnu/liblz4.so.1
dbus-launch /lib/x86_64-linux-gnu/liblzma.so.5
dbus-launch /lib/x86_64-linux-gnu/libzstd.so.1
dbus-launch /lib/x86_64-linux-gnu/libXau.so.6
dbus-launch /lib/x86_64-linux-gnu/libXdmcp.so.6
dbus-launch /lib/x86_64-linux-gnu/libgpg-error.so.0
dbus-launch /lib/x86_64-linux-gnu/libbsd.so.0
dbus-launch /lib/x86_64-linux-gnu/libmd.so.0
dbus-launch /dev/null
Xvfb /proc/988/cmdline
dbus-launch /etc/nsswitch.conf
dbus-launch /etc/passwd
xfconf-query /usr/share/locale/en_US/LC_MESSAGES/libc.mo
xfconf-query /usr/share/locale/en/LC_MESSAGES/libc.mo
xfconf-query /usr/share/locale-langpack/en_US/LC_MESSAGES/libc.mo
xfconf-query /usr/share/locale-langpack/en/LC_MESSAGES/libc.mo
dbus-daemon /run/systemd/users/911
dbus-daemon /proc/985/cmdline
dbus-daemon /etc/localtime
dbus-daemon /proc/self/oom_score_adj
xfconfd /etc/ld.so.cache
xfconfd /lib/x86_64-linux-gnu/libgio-2.0.so.0
xfconfd /lib/x86_64-linux-gnu/libgobject-2.0.so.0
xfconfd /lib/x86_64-linux-gnu/libxfce4util.so.7
xfconfd /lib/x86_64-linux-gnu/libglib-2.0.so.0
xfconfd /lib/x86_64-linux-gnu/libc.so.6
xfconfd /lib/x86_64-linux-gnu/libgmodule-2.0.so.0
xfconfd /lib/x86_64-linux-gnu/libz.so.1
xfconfd /lib/x86_64-linux-gnu/libmount.so.1
xfconfd /lib/x86_64-linux-gnu/libselinux.so.1
xfconfd /lib/x86_64-linux-gnu/libffi.so.8
xfconfd /lib/x86_64-linux-gnu/libm.so.6
xfconfd /lib/x86_64-linux-gnu/libpcre2-8.so.0
xfconfd /lib/x86_64-linux-gnu/libblkid.so.1
xfconfd /proc/filesystems
xfconfd /usr/lib/locale/locale-archive
xfconfd /usr/share/locale/locale.alias
xfconfd /usr/share/locale/en_US/LC_MESSAGES/xfconf.mo
xfconfd /usr/share/locale/en/LC_MESSAGES/xfconf.mo
xfconfd /usr/share/locale-langpack/en_US/LC_MESSAGES/xfconf.mo
xfconfd /usr/share/locale-langpack/en/LC_MESSAGES/xfconf.mo
xfconfd /usr/share/locale/en_US/LC_MESSAGES/libc.mo
xfconfd /usr/share/locale/en/LC_MESSAGES/libc.mo
xfconfd /usr/share/locale-langpack/en_US/LC_MESSAGES/libc.mo
xfconfd /usr/share/locale-langpack/en/LC_MESSAGES/libc.mo
xfconfd /usr/lib/x86_64-linux-gnu/charset.alias
dbus-daemon /run/systemd/users/911
dbus-daemon /proc/991/cmdline
xfconfd /config/.config/xfce4/xfconf/xfce-perchannel-xml/xsettings.xml
xfconfd /usr/share/locale/en_US/LC_MESSAGES/glib20.mo
xfconfd /usr/share/locale/en/LC_MESSAGES/glib20.mo
xfconfd /usr/share/locale-langpack/en_US/LC_MESSAGES/glib20.mo
xfconfd /usr/share/locale-langpack/en/LC_MESSAGES/glib20.mo
xfconfd /config/.config/xfce4/xfconf/xfce-perchannel-xml/xsettings.xml
xrandr /etc/ld.so.cache
xrandr /lib/x86_64-linux-gnu/libXrandr.so.2
xrandr /lib/x86_64-linux-gnu/libX11.so.6
xrandr /lib/x86_64-linux-gnu/libm.so.6
xrandr /lib/x86_64-linux-gnu/libc.so.6
xrandr /lib/x86_64-linux-gnu/libXext.so.6
xrandr /lib/x86_64-linux-gnu/libXrender.so.1
xrandr /lib/x86_64-linux-gnu/libxcb.so.1
xrandr /lib/x86_64-linux-gnu/libXau.so.6
xrandr /lib/x86_64-linux-gnu/libXdmcp.so.6
xrandr /lib/x86_64-linux-gnu/libbsd.so.0
xrandr /lib/x86_64-linux-gnu/libmd.so.0
Xvfb /proc/997/cmdline
xrandr /etc/ld.so.cache
xrandr /lib/x86_64-linux-gnu/libXrandr.so.2
xrandr /lib/x86_64-linux-gnu/libX11.so.6
xrandr /lib/x86_64-linux-gnu/libm.so.6
xrandr /lib/x86_64-linux-gnu/libc.so.6
xrandr /lib/x86_64-linux-gnu/libXext.so.6
xrandr /lib/x86_64-linux-gnu/libXrender.so.1
xrandr /lib/x86_64-linux-gnu/libxcb.so.1
xrandr /lib/x86_64-linux-gnu/libXau.so.6
xrandr /lib/x86_64-linux-gnu/libXdmcp.so.6
xrandr /lib/x86_64-linux-gnu/libbsd.so.0
xrandr /lib/x86_64-linux-gnu/libmd.so.0
Xvfb /proc/998/cmdline
xrandr /etc/ld.so.cache
xrandr /lib/x86_64-linux-gnu/libXrandr.so.2
xrandr /lib/x86_64-linux-gnu/libX11.so.6
xrandr /lib/x86_64-linux-gnu/libm.so.6
xrandr /lib/x86_64-linux-gnu/libc.so.6
xrandr /lib/x86_64-linux-gnu/libXext.so.6
xrandr /lib/x86_64-linux-gnu/libXrender.so.1
xrandr /lib/x86_64-linux-gnu/libxcb.so.1
xrandr /lib/x86_64-linux-gnu/libXau.so.6
xrandr /lib/x86_64-linux-gnu/libXdmcp.so.6
xrandr /lib/x86_64-linux-gnu/libbsd.so.0
xrandr /lib/x86_64-linux-gnu/libmd.so.0
Xvfb /proc/999/cmdline
cvt /etc/ld.so.cache
cvt /lib/x86_64-linux-gnu/libxcvt.so.0
cvt /lib/x86_64-linux-gnu/libm.so.6
cvt /lib/x86_64-linux-gnu/libc.so.6
xrandr /etc/ld.so.cache
xrandr /lib/x86_64-linux-gnu/libXrandr.so.2
xrandr /lib/x86_64-linux-gnu/libX11.so.6
xrandr /lib/x86_64-linux-gnu/libm.so.6
xrandr /lib/x86_64-linux-gnu/libc.so.6
xrandr /lib/x86_64-linux-gnu/libXext.so.6
xrandr /lib/x86_64-linux-gnu/libXrender.so.1
xrandr /lib/x86_64-linux-gnu/libxcb.so.1
xrandr /lib/x86_64-linux-gnu/libXau.so.6
xrandr /lib/x86_64-linux-gnu/libXdmcp.so.6
xrandr /lib/x86_64-linux-gnu/libbsd.so.0
xrandr /lib/x86_64-linux-gnu/libmd.so.0
Xvfb /proc/1001/cmdline
xrandr /etc/ld.so.cache
xrandr /lib/x86_64-linux-gnu/libXrandr.so.2
xrandr /lib/x86_64-linux-gnu/libX11.so.6
xrandr /lib/x86_64-linux-gnu/libm.so.6
xrandr /lib/x86_64-linux-gnu/libc.so.6
xrandr /lib/x86_64-linux-gnu/libXext.so.6
xrandr /lib/x86_64-linux-gnu/libXrender.so.1
xrandr /lib/x86_64-linux-gnu/libxcb.so.1
xrandr /lib/x86_64-linux-gnu/libXau.so.6
xrandr /lib/x86_64-linux-gnu/libXdmcp.so.6
xrandr /lib/x86_64-linux-gnu/libbsd.so.0
xrandr /lib/x86_64-linux-gnu/libmd.so.0
Xvfb /proc/1002/cmdline
xrandr /etc/ld.so.cache
xrandr /lib/x86_64-linux-gnu/libXrandr.so.2
xrandr /lib/x86_64-linux-gnu/libX11.so.6
xrandr /lib/x86_64-linux-gnu/libm.so.6
xrandr /lib/x86_64-linux-gnu/libc.so.6
xrandr /lib/x86_64-linux-gnu/libXext.so.6
xrandr /lib/x86_64-linux-gnu/libXrender.so.1
xrandr /lib/x86_64-linux-gnu/libxcb.so.1
xrandr /lib/x86_64-linux-gnu/libXau.so.6
xrandr /lib/x86_64-linux-gnu/libXdmcp.so.6
xrandr /lib/x86_64-linux-gnu/libbsd.so.0
xrandr /lib/x86_64-linux-gnu/libmd.so.0
Xvfb /proc/1003/cmdline
plasmashell /usr/share/plasma/desktoptheme/default/widgets/checkmarks.svgz
xrandr /etc/ld.so.cache
xrandr /lib/x86_64-linux-gnu/libXrandr.so.2
xrandr /lib/x86_64-linux-gnu/libX11.so.6
xrandr /lib/x86_64-linux-gnu/libm.so.6
xrandr /lib/x86_64-linux-gnu/libc.so.6
xrandr /lib/x86_64-linux-gnu/libXext.so.6
xrandr /lib/x86_64-linux-gnu/libXrender.so.1
xrandr /lib/x86_64-linux-gnu/libxcb.so.1
xrandr /lib/x86_64-linux-gnu/libXau.so.6
xrandr /lib/x86_64-linux-gnu/libXdmcp.so.6
xrandr /lib/x86_64-linux-gnu/libbsd.so.0
xrandr /lib/x86_64-linux-gnu/libmd.so.0
Xvfb /proc/1004/cmdline
plasmashell /usr/share/icons/breeze/actions/22/edit-clear-history.svg
xrandr /etc/ld.so.cache
xrandr /lib/x86_64-linux-gnu/libXrandr.so.2
xrandr /lib/x86_64-linux-gnu/libX11.so.6
xrandr /lib/x86_64-linux-gnu/libm.so.6
xrandr /lib/x86_64-linux-gnu/libc.so.6
xrandr /lib/x86_64-linux-gnu/libXext.so.6
xrandr /lib/x86_64-linux-gnu/libXrender.so.1
xrandr /lib/x86_64-linux-gnu/libxcb.so.1
xrandr /lib/x86_64-linux-gnu/libXau.so.6
plasmashell /usr/share/icons/breeze/actions/22/notifications-disabled.svg
xrandr /lib/x86_64-linux-gnu/libXdmcp.so.6
xrandr /lib/x86_64-linux-gnu/libbsd.so.0
xrandr /lib/x86_64-linux-gnu/libmd.so.0
Xvfb /proc/1005/cmdline
selkies /usr/lib/python3.12/concurrent/futures/__pycache__/thread.cpython-312.pyc
selkies /sys/devices/system/cpu/online
selkies /lsiopy/lib/python3.12/site-packages/pixelflux/../pixelflux.libs/libnvidia-encode.so.1
selkies /etc/ld.so.cache
selkies /lib/x86_64-linux-gnu/libnvidia-encode.so.1
selkies /usr/lib/x86_64-linux-gnu/libnvidia-encode.so.1
selkies /lib/libnvidia-encode.so.1
selkies /usr/lib/libnvidia-encode.so.1
selkies /lsiopy/lib/python3.12/site-packages/pixelflux/../pixelflux.libs/libnvidia-encode.so
selkies /etc/ld.so.cache
selkies /lib/x86_64-linux-gnu/libnvidia-encode.so
selkies /usr/lib/x86_64-linux-gnu/libnvidia-encode.so
selkies /lib/libnvidia-encode.so
selkies /usr/lib/libnvidia-encode.so
Xvfb /proc/332/cmdline
selkies /config/.pulse/client.conf
selkies /config/.config/pulse/client.conf
selkies /etc/pulse/client.conf
QSGRenderThread /usr/share/fonts/truetype/noto/NotoSans-Bold.ttf
selkies /etc/pulse/client.conf.d
selkies /etc/pulse/client.conf.d/01-enable-autospawn.conf
selkies /dev/shm/
selkies /dev/urandom
selkies /defaults
threaded-ml /config/.config/pulse/cookie
xclip /etc/ld.so.cache
xclip /lib/x86_64-linux-gnu/libXmu.so.6
pulseaudio /dev/shm/
pulseaudio /dev/urandom
xclip /lib/x86_64-linux-gnu/libX11.so.6
xclip /lib/x86_64-linux-gnu/libc.so.6
selkies /sys/devices/system/cpu/online
xclip /lib/x86_64-linux-gnu/libXt.so.6
threaded-ml /etc/passwd
xclip /lib/x86_64-linux-gnu/libXext.so.6
threaded-ml /etc/machine-id
xclip /lib/x86_64-linux-gnu/libxcb.so.1
xclip /lib/x86_64-linux-gnu/libSM.so.6
xclip /lib/x86_64-linux-gnu/libICE.so.6
xclip /lib/x86_64-linux-gnu/libXau.so.6
xclip /lib/x86_64-linux-gnu/libXdmcp.so.6
xclip /lib/x86_64-linux-gnu/libuuid.so.1
xclip /lib/x86_64-linux-gnu/libbsd.so.0
xclip /lib/x86_64-linux-gnu/libmd.so.0
xclip /usr/share/X11/locale/locale.alias
xclip /usr/share/X11/locale/locale.dir
xclip /usr/share/X11/locale/C/XLC_LOCALE
xclip /usr/share/X11/locale/locale.alias
xclip /usr/share/X11/locale/locale.dir
xclip /usr/share/X11/locale/C/XLC_LOCALE
Xvfb /proc/1009/cmdline
xclip /etc/ld.so.cache
xclip /lib/x86_64-linux-gnu/libXmu.so.6
xclip /lib/x86_64-linux-gnu/libX11.so.6
xclip /lib/x86_64-linux-gnu/libc.so.6
xclip /lib/x86_64-linux-gnu/libXt.so.6
xclip /lib/x86_64-linux-gnu/libXext.so.6
xclip /lib/x86_64-linux-gnu/libxcb.so.1
xclip /lib/x86_64-linux-gnu/libSM.so.6
xclip /lib/x86_64-linux-gnu/libICE.so.6
xclip /lib/x86_64-linux-gnu/libXau.so.6
xclip /lib/x86_64-linux-gnu/libXdmcp.so.6
xclip /lib/x86_64-linux-gnu/libuuid.so.1
xclip /lib/x86_64-linux-gnu/libbsd.so.0
xclip /lib/x86_64-linux-gnu/libmd.so.0
xclip /usr/share/X11/locale/locale.alias
xclip /usr/share/X11/locale/locale.dir
xclip /usr/share/X11/locale/C/XLC_LOCALE
xclip /usr/share/X11/locale/locale.alias
xclip /usr/share/X11/locale/locale.dir
xclip /usr/share/X11/locale/C/XLC_LOCALE
Xvfb /proc/1012/cmdline
xrandr /etc/ld.so.cache
xrandr /lib/x86_64-linux-gnu/libXrandr.so.2
xrandr /lib/x86_64-linux-gnu/libX11.so.6
xrandr /lib/x86_64-linux-gnu/libm.so.6
QQuickPixmapRea /usr/share/backgrounds/Jammy-Jellyfish-Purple.jpg
xrandr /lib/x86_64-linux-gnu/libc.so.6
xrandr /lib/x86_64-linux-gnu/libXext.so.6
xrandr /lib/x86_64-linux-gnu/libXrender.so.1
xrandr /lib/x86_64-linux-gnu/libxcb.so.1
xrandr /lib/x86_64-linux-gnu/libXau.so.6
xrandr /lib/x86_64-linux-gnu/libXdmcp.so.6
xrandr /lib/x86_64-linux-gnu/libbsd.so.0
xrandr /lib/x86_64-linux-gnu/libmd.so.0
Xvfb /proc/1013/cmdline
plasmashell /usr/share/icons/hicolor/48x48/apps/thunderbird.png
xrandr /etc/ld.so.cache
xrandr /lib/x86_64-linux-gnu/libXrandr.so.2
xrandr /lib/x86_64-linux-gnu/libX11.so.6
xrandr /lib/x86_64-linux-gnu/libm.so.6
xrandr /lib/x86_64-linux-gnu/libc.so.6
xrandr /lib/x86_64-linux-gnu/libXext.so.6
xrandr /lib/x86_64-linux-gnu/libXrender.so.1
xrandr /lib/x86_64-linux-gnu/libxcb.so.1
xrandr /lib/x86_64-linux-gnu/libXau.so.6
xrandr /lib/x86_64-linux-gnu/libXdmcp.so.6
xrandr /lib/x86_64-linux-gnu/libbsd.so.0
xrandr /lib/x86_64-linux-gnu/libmd.so.0
Xvfb /proc/1014/cmdline
QQuickPixmapRea /proc/sys/vm/overcommit_memory
xrandr /etc/ld.so.cache
xrandr /lib/x86_64-linux-gnu/libXrandr.so.2
xrandr /lib/x86_64-linux-gnu/libX11.so.6
xrandr /lib/x86_64-linux-gnu/libm.so.6
xrandr /lib/x86_64-linux-gnu/libc.so.6
xrandr /lib/x86_64-linux-gnu/libXext.so.6
xrandr /lib/x86_64-linux-gnu/libXrender.so.1
xrandr /lib/x86_64-linux-gnu/libxcb.so.1
xrandr /lib/x86_64-linux-gnu/libXau.so.6
xrandr /lib/x86_64-linux-gnu/libXdmcp.so.6
xrandr /lib/x86_64-linux-gnu/libbsd.so.0
xrandr /lib/x86_64-linux-gnu/libmd.so.0
Xvfb /proc/1015/cmdline
plasmashell /usr/share/pixmaps/vscode.png
cvt /etc/ld.so.cache
cvt /lib/x86_64-linux-gnu/libxcvt.so.0
cvt /lib/x86_64-linux-gnu/libm.so.6
cvt /lib/x86_64-linux-gnu/libc.so.6
xrandr /etc/ld.so.cache
xrandr /lib/x86_64-linux-gnu/libXrandr.so.2
xrandr /lib/x86_64-linux-gnu/libX11.so.6
xrandr /lib/x86_64-linux-gnu/libm.so.6
xrandr /lib/x86_64-linux-gnu/libc.so.6
xrandr /lib/x86_64-linux-gnu/libXext.so.6
xrandr /lib/x86_64-linux-gnu/libXrender.so.1
xrandr /lib/x86_64-linux-gnu/libxcb.so.1
xrandr /lib/x86_64-linux-gnu/libXau.so.6
xrandr /lib/x86_64-linux-gnu/libXdmcp.so.6
xrandr /lib/x86_64-linux-gnu/libbsd.so.0
xrandr /lib/x86_64-linux-gnu/libmd.so.0
Xvfb /proc/1017/cmdline
plasmashell /usr/share/icons/hicolor/48x48/apps/chromium.png
QSGRenderThread /config/.cache/qtshadercache-x86_64-little_endian-lp64/3c597a80b51a24c02510e986e8c27bdb62e99ba6
QSGRenderThread /config/.cache/mesa_shader_cache/86/02e47704e478d2b9121f0ef7176da4a435f7f5
xrandr /etc/ld.so.cache
xrandr /lib/x86_64-linux-gnu/libXrandr.so.2
plasmas:disk$0 /config/.cache/mesa_shader_cache/86/02e47704e478d2b9121f0ef7176da4a435f7f5.tmp
QSGRenderThread /config/.cache/qtshadercache-x86_64-little_endian-lp64
xrandr /lib/x86_64-linux-gnu/libX11.so.6
plasmas:disk$0 /config/.cache/mesa_shader_cache/86/02e47704e478d2b9121f0ef7176da4a435f7f5.tmp
xrandr /lib/x86_64-linux-gnu/libm.so.6
plasmas:disk$0 /config/.cache/mesa_shader_cache/86/02e47704e478d2b9121f0ef7176da4a435f7f5
xrandr /lib/x86_64-linux-gnu/libc.so.6
xrandr /lib/x86_64-linux-gnu/libXext.so.6
xrandr /lib/x86_64-linux-gnu/libXrender.so.1
xrandr /lib/x86_64-linux-gnu/libxcb.so.1
xrandr /lib/x86_64-linux-gnu/libXau.so.6
xrandr /lib/x86_64-linux-gnu/libXdmcp.so.6
xrandr /lib/x86_64-linux-gnu/libbsd.so.0
xrandr /lib/x86_64-linux-gnu/libmd.so.0
Xvfb /proc/1018/cmdline
QSGRenderThread /config/.cache/mesa_shader_cache/40/896ab61d9771b6600804f68da67fb0b42261af
xrandr /etc/ld.so.cache
xrandr /lib/x86_64-linux-gnu/libXrandr.so.2
xrandr /lib/x86_64-linux-gnu/libX11.so.6
xrandr /lib/x86_64-linux-gnu/libm.so.6
xrandr /lib/x86_64-linux-gnu/libc.so.6
xrandr /lib/x86_64-linux-gnu/libXext.so.6
xrandr /lib/x86_64-linux-gnu/libXrender.so.1
xrandr /lib/x86_64-linux-gnu/libxcb.so.1
xrandr /lib/x86_64-linux-gnu/libXau.so.6
xrandr /lib/x86_64-linux-gnu/libXdmcp.so.6
xrandr /lib/x86_64-linux-gnu/libbsd.so.0
xrandr /lib/x86_64-linux-gnu/libmd.so.0
Xvfb /proc/1019/cmdline
plasmas:disk$0 /config/.cache/mesa_shader_cache/40/896ab61d9771b6600804f68da67fb0b42261af.tmp
QSGRenderThread /config/.cache/mesa_shader_cache/ed/c89a0ade0bf78cb04a9f864973a229448c45f7
plasmas:disk$0 /config/.cache/mesa_shader_cache/40/896ab61d9771b6600804f68da67fb0b42261af.tmp
plasmas:disk$0 /config/.cache/mesa_shader_cache/40/896ab61d9771b6600804f68da67fb0b42261af
xrandr /etc/ld.so.cache
xrandr /lib/x86_64-linux-gnu/libXrandr.so.2
xrandr /lib/x86_64-linux-gnu/libX11.so.6
xrandr /lib/x86_64-linux-gnu/libm.so.6
xrandr /lib/x86_64-linux-gnu/libc.so.6
xrandr /lib/x86_64-linux-gnu/libXext.so.6
xrandr /lib/x86_64-linux-gnu/libXrender.so.1
xrandr /lib/x86_64-linux-gnu/libxcb.so.1
xrandr /lib/x86_64-linux-gnu/libXau.so.6
xrandr /lib/x86_64-linux-gnu/libXdmcp.so.6
xrandr /lib/x86_64-linux-gnu/libbsd.so.0
xrandr /lib/x86_64-linux-gnu/libmd.so.0
Xvfb /proc/1020/cmdline
plasmas:disk$0 /config/.cache/mesa_shader_cache/ed/c89a0ade0bf78cb04a9f864973a229448c45f7.tmp
plasmas:disk$0 /config/.cache/mesa_shader_cache/ed/c89a0ade0bf78cb04a9f864973a229448c45f7.tmp
plasmas:disk$0 /config/.cache/mesa_shader_cache/ed/c89a0ade0bf78cb04a9f864973a229448c45f7
xrandr /etc/ld.so.cache
xrandr /lib/x86_64-linux-gnu/libXrandr.so.2
xrandr /lib/x86_64-linux-gnu/libX11.so.6
xrandr /lib/x86_64-linux-gnu/libm.so.6
xrandr /lib/x86_64-linux-gnu/libc.so.6
xrandr /lib/x86_64-linux-gnu/libXext.so.6
xrandr /lib/x86_64-linux-gnu/libXrender.so.1
xrandr /lib/x86_64-linux-gnu/libxcb.so.1
xrandr /lib/x86_64-linux-gnu/libXau.so.6
xrandr /lib/x86_64-linux-gnu/libXdmcp.so.6
xrandr /lib/x86_64-linux-gnu/libbsd.so.0
xrandr /lib/x86_64-linux-gnu/libmd.so.0
Xvfb /proc/1021/cmdline
QSGRenderThread /config/.cache/mesa_shader_cache/58/02bd9728eb2f1c00ba72e56f87158c6f2ac6b1
selkies /lsiopy/lib/python3.12/site-packages/pixelflux/../pixelflux.libs/libnvidia-encode.so.1
selkies /etc/ld.so.cache
selkies /lib/x86_64-linux-gnu/libnvidia-encode.so.1
selkies /usr/lib/x86_64-linux-gnu/libnvidia-encode.so.1
selkies /lib/libnvidia-encode.so.1
selkies /usr/lib/libnvidia-encode.so.1
selkies /lsiopy/lib/python3.12/site-packages/pixelflux/../pixelflux.libs/libnvidia-encode.so
selkies /etc/ld.so.cache
selkies /lib/x86_64-linux-gnu/libnvidia-encode.so
selkies /usr/lib/x86_64-linux-gnu/libnvidia-encode.so
selkies /lib/libnvidia-encode.so
selkies /usr/lib/libnvidia-encode.so
Xvfb /proc/332/cmdline
selkies /sys/devices/system/cpu/online
plasmas:disk$0 /config/.cache/mesa_shader_cache/58/02bd9728eb2f1c00ba72e56f87158c6f2ac6b1.tmp
plasmas:disk$0 /config/.cache/mesa_shader_cache/58/02bd9728eb2f1c00ba72e56f87158c6f2ac6b1.tmp
plasmas:disk$0 /config/.cache/mesa_shader_cache/58/02bd9728eb2f1c00ba72e56f87158c6f2ac6b1
QSGRenderThread /config/.cache/mesa_shader_cache/56/2dcc7635acb601d066d805614fb0c566f7a690
plasmashell /config/.Xdefaults-d0382e6f6dc3
plasmashell /config/.icons/breeze_cursors/cursors/left_ptr
plasmashell /config/.icons/breeze_cursors/index.theme
plasmashell /usr/share/icons/breeze_cursors/cursors/left_ptr
QSGRenderThread /config/.cache/qtshadercache-x86_64-little_endian-lp64/d524b60ebe14b3342c6956c081215082a7ec73c0
QSGRenderThread /config/.cache/mesa_shader_cache/33/0d05b9eb33e85a79f8aac35efefedbb1eb0b6f
plasmas:disk$0 /config/.cache/mesa_shader_cache/33/0d05b9eb33e85a79f8aac35efefedbb1eb0b6f.tmp
plasmas:disk$0 /config/.cache/mesa_shader_cache/33/0d05b9eb33e85a79f8aac35efefedbb1eb0b6f
QSGRenderThread /config/.cache/mesa_shader_cache/33/00b052fe14b1af317cbf469f440a0008884e80
QQuickPixmapRea /usr/share/backgrounds/Jammy-Jellyfish-Purple.jpg
plasmashell /usr/share/plasma/desktoptheme/default/icons/drive.svgz
plasmashell /usr/share/icons/breeze/devices/symbolic/drive-removable-media-symbolic.svg
plasmashell /usr/lib/x86_64-linux-gnu/qt5/plugins/kf5/org.kde.kidletime.platforms
plasmashell /usr/lib/x86_64-linux-gnu/qt5/plugins/kf5/org.kde.kidletime.platforms/KF5IdleTimeWaylandPlugin.so
plasmashell /usr/lib/x86_64-linux-gnu/qt5/plugins/kf5/org.kde.kidletime.platforms/KF5IdleTimeXcbPlugin0.so
plasmashell /usr/lib/x86_64-linux-gnu/qt5/plugins/kf5/org.kde.kidletime.platforms/KF5IdleTimeXcbPlugin0.so.avx2
plasmashell /usr/lib/x86_64-linux-gnu/qt5/plugins/kf5/org.kde.kidletime.platforms/KF5IdleTimeXcbPlugin0.so
plasmashell /usr/share/plasma/desktoptheme/default/icons/media.svgz
plasmashell /usr/share/icons/breeze/actions/32/media-eject.svg
plasmashell /usr/share/plasma/desktoptheme/default/icons/device.svgz
xclip /etc/ld.so.cache
xclip /lib/x86_64-linux-gnu/libXmu.so.6
xclip /lib/x86_64-linux-gnu/libX11.so.6
xclip /lib/x86_64-linux-gnu/libc.so.6
xclip /lib/x86_64-linux-gnu/libXt.so.6
xclip /lib/x86_64-linux-gnu/libXext.so.6
xclip /lib/x86_64-linux-gnu/libxcb.so.1
xclip /lib/x86_64-linux-gnu/libSM.so.6
xclip /lib/x86_64-linux-gnu/libICE.so.6
xclip /lib/x86_64-linux-gnu/libXau.so.6
xclip /lib/x86_64-linux-gnu/libXdmcp.so.6
xclip /lib/x86_64-linux-gnu/libuuid.so.1
xclip /lib/x86_64-linux-gnu/libbsd.so.0
xclip /lib/x86_64-linux-gnu/libmd.so.0
xclip /usr/share/X11/locale/locale.alias
xclip /usr/share/X11/locale/locale.dir
xclip /usr/share/X11/locale/C/XLC_LOCALE
xclip /usr/share/X11/locale/locale.alias
xclip /usr/share/X11/locale/locale.dir
xclip /usr/share/X11/locale/C/XLC_LOCALE
Xvfb /proc/1035/cmdline
selkies /proc/stat
selkies /proc/meminfo
plasmashell /config/Desktop/libreoffice-calc.desktop
QSGRenderThread /config/.cache/mesa_shader_cache/05/821511f11136f0cb2e5902dff62f195b5fd4ae
plasmas:disk$0 /config/.cache/mesa_shader_cache/05/821511f11136f0cb2e5902dff62f195b5fd4ae.tmp
plasmas:disk$0 /config/.cache/mesa_shader_cache/05/821511f11136f0cb2e5902dff62f195b5fd4ae.tmp
plasmas:disk$0 /config/.cache/mesa_shader_cache/05/821511f11136f0cb2e5902dff62f195b5fd4ae
QSGRenderThread /config/.cache/mesa_shader_cache/b5/649c319061cf5f5c432f0c3cd0278da5db382e
plasmas:disk$0 /config/.cache/mesa_shader_cache/b5/649c319061cf5f5c432f0c3cd0278da5db382e.tmp
plasmas:disk$0 /config/.cache/mesa_shader_cache/b5/649c319061cf5f5c432f0c3cd0278da5db382e
QSGRenderThread /config/.cache/mesa_shader_cache/03/85404440a27386f79d70b87e5141a561359e3b
plasmas:disk$0 /config/.cache/mesa_shader_cache/03/85404440a27386f79d70b87e5141a561359e3b.tmp
plasmas:disk$0 /config/.cache/mesa_shader_cache/03/85404440a27386f79d70b87e5141a561359e3b.tmp
plasmas:disk$0 /config/.cache/mesa_shader_cache/03/85404440a27386f79d70b87e5141a561359e3b
xclip /etc/ld.so.cache
xclip /lib/x86_64-linux-gnu/libXmu.so.6
xclip /lib/x86_64-linux-gnu/libX11.so.6
xclip /lib/x86_64-linux-gnu/libc.so.6
xclip /lib/x86_64-linux-gnu/libXt.so.6
xclip /lib/x86_64-linux-gnu/libXext.so.6
xclip /lib/x86_64-linux-gnu/libxcb.so.1
xclip /lib/x86_64-linux-gnu/libSM.so.6
xclip /lib/x86_64-linux-gnu/libICE.so.6
xclip /lib/x86_64-linux-gnu/libXau.so.6
xclip /lib/x86_64-linux-gnu/libXdmcp.so.6
xclip /lib/x86_64-linux-gnu/libuuid.so.1
xclip /lib/x86_64-linux-gnu/libbsd.so.0
xclip /lib/x86_64-linux-gnu/libmd.so.0
xclip /usr/share/X11/locale/locale.alias
xclip /usr/share/X11/locale/locale.dir
xclip /usr/share/X11/locale/C/XLC_LOCALE
xclip /usr/share/X11/locale/locale.alias
xclip /usr/share/X11/locale/locale.dir
xclip /usr/share/X11/locale/C/XLC_LOCALE
Xvfb /proc/1058/cmdline
QSGRenderThread /config/.cache/mesa_shader_cache/9d/606aba494dc71333136762dd7212597db24bd0
plasmas:disk$0 /config/.cache/mesa_shader_cache/9d/606aba494dc71333136762dd7212597db24bd0.tmp
plasmas:disk$0 /config/.cache/mesa_shader_cache/9d/606aba494dc71333136762dd7212597db24bd0.tmp
plasmas:disk$0 /config/.cache/mesa_shader_cache/9d/606aba494dc71333136762dd7212597db24bd0
xclip /etc/ld.so.cache
xclip /lib/x86_64-linux-gnu/libXmu.so.6
xclip /lib/x86_64-linux-gnu/libX11.so.6
xclip /lib/x86_64-linux-gnu/libc.so.6
xclip /lib/x86_64-linux-gnu/libXt.so.6
xclip /lib/x86_64-linux-gnu/libXext.so.6
xclip /lib/x86_64-linux-gnu/libxcb.so.1
xclip /lib/x86_64-linux-gnu/libSM.so.6
xclip /lib/x86_64-linux-gnu/libICE.so.6
xclip /lib/x86_64-linux-gnu/libXau.so.6
xclip /lib/x86_64-linux-gnu/libXdmcp.so.6
xclip /lib/x86_64-linux-gnu/libuuid.so.1
xclip /lib/x86_64-linux-gnu/libbsd.so.0
xclip /lib/x86_64-linux-gnu/libmd.so.0
xclip /usr/share/X11/locale/locale.alias
xclip /usr/share/X11/locale/locale.dir
xclip /usr/share/X11/locale/C/XLC_LOCALE
xclip /usr/share/X11/locale/locale.alias
xclip /usr/share/X11/locale/locale.dir
xclip /usr/share/X11/locale/C/XLC_LOCALE
Xvfb /proc/1081/cmdline
selkies /proc/stat
selkies /proc/meminfo
plasmashell /config/Desktop/vlc.desktop
xclip /etc/ld.so.cache
xclip /lib/x86_64-linux-gnu/libXmu.so.6
xclip /lib/x86_64-linux-gnu/libX11.so.6
xclip /lib/x86_64-linux-gnu/libc.so.6
xclip /lib/x86_64-linux-gnu/libXt.so.6
xclip /lib/x86_64-linux-gnu/libXext.so.6
xclip /lib/x86_64-linux-gnu/libxcb.so.1
xclip /lib/x86_64-linux-gnu/libSM.so.6
xclip /lib/x86_64-linux-gnu/libICE.so.6
xclip /lib/x86_64-linux-gnu/libXau.so.6
xclip /lib/x86_64-linux-gnu/libXdmcp.so.6
xclip /lib/x86_64-linux-gnu/libuuid.so.1
xclip /lib/x86_64-linux-gnu/libbsd.so.0
xclip /lib/x86_64-linux-gnu/libmd.so.0
xclip /usr/share/X11/locale/locale.alias
xclip /usr/share/X11/locale/locale.dir
xclip /usr/share/X11/locale/C/XLC_LOCALE
xclip /usr/share/X11/locale/locale.alias
xclip /usr/share/X11/locale/locale.dir
xclip /usr/share/X11/locale/C/XLC_LOCALE
Xvfb /proc/1110/cmdline
plasmashell /config/Desktop/vlc.desktop
plasmashell /config/.config/user-dirs.dirs
plasmashell /config/Templates
QSGRenderThread /config/.cache/mesa_shader_cache/67/300b64f992db8cd870aba10d19426628db8e5e
plasmas:disk$0 /config/.cache/mesa_shader_cache/67/300b64f992db8cd870aba10d19426628db8e5e.tmp
QSGRenderThread /config/.cache/mesa_shader_cache/7d/f5f5a56c9b9eb1ebef6cf2871fc3d755fd61bb
plasmas:disk$0 /config/.cache/mesa_shader_cache/67/300b64f992db8cd870aba10d19426628db8e5e.tmp
plasmas:disk$0 /config/.cache/mesa_shader_cache/67/300b64f992db8cd870aba10d19426628db8e5e
plasmas:disk$0 /config/.cache/mesa_shader_cache/7d/f5f5a56c9b9eb1ebef6cf2871fc3d755fd61bb.tmp
QSGRenderThread /config/.cache/mesa_shader_cache/11/8012095cfa7caf074a257fc05759d0899fb001
plasmas:disk$0 /config/.cache/mesa_shader_cache/7d/f5f5a56c9b9eb1ebef6cf2871fc3d755fd61bb.tmp
plasmas:disk$0 /config/.cache/mesa_shader_cache/7d/f5f5a56c9b9eb1ebef6cf2871fc3d755fd61bb
plasmashell /config/Desktop/vlc.desktop
plasmas:disk$0 /config/.cache/mesa_shader_cache/11/8012095cfa7caf074a257fc05759d0899fb001.tmp
plasmas:disk$0 /config/.cache/mesa_shader_cache/11/8012095cfa7caf074a257fc05759d0899fb001.tmp
QSGRenderThread /config/.cache/mesa_shader_cache/13/9ac72d90e7d989d698c0e906cd0cc34b28d297
plasmas:disk$0 /config/.cache/mesa_shader_cache/11/8012095cfa7caf074a257fc05759d0899fb001
plasmas:disk$0 /config/.cache/mesa_shader_cache/13/9ac72d90e7d989d698c0e906cd0cc34b28d297.tmp
plasmas:disk$0 /config/.cache/mesa_shader_cache/13/9ac72d90e7d989d698c0e906cd0cc34b28d297.tmp
plasmas:disk$0 /config/.cache/mesa_shader_cache/13/9ac72d90e7d989d698c0e906cd0cc34b28d297
QSGRenderThread /config/.cache/mesa_shader_cache/b6/1d291756e0b7fe773aea85bace069382471e7d
plasmas:disk$0 /config/.cache/mesa_shader_cache/b6/1d291756e0b7fe773aea85bace069382471e7d.tmp
QSGRenderThread /config/.cache/mesa_shader_cache/6a/bc1a28bb73ad21ed08c4d0ec9b2aa109586640
plasmas:disk$0 /config/.cache/mesa_shader_cache/b6/1d291756e0b7fe773aea85bace069382471e7d.tmp
plasmas:disk$0 /config/.cache/mesa_shader_cache/b6/1d291756e0b7fe773aea85bace069382471e7d
xclip /etc/ld.so.cache
xclip /lib/x86_64-linux-gnu/libXmu.so.6
xclip /lib/x86_64-linux-gnu/libX11.so.6
xclip /lib/x86_64-linux-gnu/libc.so.6
xclip /lib/x86_64-linux-gnu/libXt.so.6
xclip /lib/x86_64-linux-gnu/libXext.so.6
xclip /lib/x86_64-linux-gnu/libxcb.so.1
xclip /lib/x86_64-linux-gnu/libSM.so.6
xclip /lib/x86_64-linux-gnu/libICE.so.6
xclip /lib/x86_64-linux-gnu/libXau.so.6
xclip /lib/x86_64-linux-gnu/libXdmcp.so.6
xclip /lib/x86_64-linux-gnu/libuuid.so.1
xclip /lib/x86_64-linux-gnu/libbsd.so.0
xclip /lib/x86_64-linux-gnu/libmd.so.0
xclip /usr/share/X11/locale/locale.alias
xclip /usr/share/X11/locale/locale.dir
xclip /usr/share/X11/locale/C/XLC_LOCALE
xclip /usr/share/X11/locale/locale.alias
xclip /usr/share/X11/locale/locale.dir
xclip /usr/share/X11/locale/C/XLC_LOCALE
Xvfb /proc/1117/cmdline
plasmas:disk$0 /config/.cache/mesa_shader_cache/6a/bc1a28bb73ad21ed08c4d0ec9b2aa109586640.tmp
QSGRenderThread /config/.cache/mesa_shader_cache/4e/eded535a438cc683e09bec52abea21a6de87bb
plasmas:disk$0 /config/.cache/mesa_shader_cache/6a/bc1a28bb73ad21ed08c4d0ec9b2aa109586640
plasmas:disk$0 /config/.cache/mesa_shader_cache/4e/eded535a438cc683e09bec52abea21a6de87bb.tmp
plasmas:disk$0 /config/.cache/mesa_shader_cache/4e/eded535a438cc683e09bec52abea21a6de87bb.tmp
plasmas:disk$0 /config/.cache/mesa_shader_cache/4e/eded535a438cc683e09bec52abea21a6de87bb
plasmashell /config/Desktop/vlc.desktop
plasmashell /config/.local/share/kservices5
plasmashell /config/.local/share/mime
plasmashell /etc/xdg/menus
plasmashell /usr/local/share/kservices5
plasmashell /usr/local/share/mime
plasmashell /usr/share/kservices5
plasmashell /usr/share/kservices5/ServiceMenus
plasmashell /usr/share/kservices5/qimageioplugins
plasmashell /usr/share/kservices5/searchproviders
plasmashell /usr/share/mime
plasmashell /usr/share/mime/application
plasmashell /usr/share/mime/audio
plasmashell /usr/share/mime/chemical
plasmashell /usr/share/mime/font
plasmashell /usr/share/mime/image
plasmashell /usr/share/mime/inode
plasmashell /usr/share/mime/message
plasmashell /usr/share/mime/model
plasmashell /usr/share/mime/multipart
plasmashell /usr/share/mime/packages
plasmashell /usr/share/mime/text
plasmashell /usr/share/mime/video
plasmashell /usr/share/mime/x-content
plasmashell /usr/share/mime/x-epoc
plasmashell /usr/lib/x86_64-linux-gnu/qt5/plugins/kf5/kio/kio_file.so
plasmashell /config/.XDG
plasmashell /usr/lib/x86_64-linux-gnu/qt5/plugins/kf5/kio/kio_file.so.avx2
plasmashell /usr/lib/x86_64-linux-gnu/qt5/plugins/kf5/kio/kio_file.so
KIO::WorkerThre /config/Desktop/vlc.desktop
plasmashell /config/Desktop/vlc.desktop
plasmashell /config/Desktop/vlc.desktop
plasmashell /config/Desktop/vlc.desktop
plasmashell /config/Desktop/vlc.desktop
plasmashell /config/Desktop/vlc.desktop
plasmashell /config/Desktop/vlc.desktop
plasmashell /config/Desktop/vlc.desktop
plasmashell /config/Desktop/vlc.desktop
plasmashell /config/Desktop/vlc.desktop
plasmashell /config/Desktop/vlc.desktop
plasmashell /config/Desktop/vlc.desktop
vlc /etc/ld.so.cache
vlc /lib/x86_64-linux-gnu/libvlc.so.5
plasmashell /config/Desktop/vlc.desktop
plasmashell /config/Desktop/vlc.desktop
vlc /lib/x86_64-linux-gnu/libc.so.6
vlc /lib/x86_64-linux-gnu/libvlccore.so.9
plasmashell /config/Desktop/vlc.desktop
plasmashell /config/Desktop/vlc.desktop
plasmashell /config/Desktop/vlc.desktop
vlc /lib/x86_64-linux-gnu/libidn.so.12
plasmashell /config/Desktop/vlc.desktop
vlc /lib/x86_64-linux-gnu/libm.so.6
plasmashell /config/Desktop/vlc.desktop
vlc /lib/x86_64-linux-gnu/libdbus-1.so.3
vlc /lib/x86_64-linux-gnu/libsystemd.so.0
vlc /lib/x86_64-linux-gnu/libcap.so.2
plasmashell /config/Desktop/vlc.desktop
vlc /lib/x86_64-linux-gnu/libgcrypt.so.20
vlc /lib/x86_64-linux-gnu/liblz4.so.1
vlc /lib/x86_64-linux-gnu/liblzma.so.5
plasmashell /config/Desktop/vlc.desktop
vlc /lib/x86_64-linux-gnu/libzstd.so.1
vlc /lib/x86_64-linux-gnu/libgpg-error.so.0
plasmashell /config/Desktop/vlc.desktop
plasmashell /config/Desktop/vlc.desktop
vlc /usr/lib/locale/locale-archive
plasmashell /config/Desktop/vlc.desktop
vlc /proc/self/maps
vlc /usr/lib/x86_64-linux-gnu/vlc/plugins/plugins.dat
plasmashell /config/Desktop/vlc.desktop
plasmashell /config/Desktop/vlc.desktop
plasmashell /config/Desktop/vlc.desktop
vlc /usr/lib/x86_64-linux-gnu/vlc/plugins
vlc /usr/lib/x86_64-linux-gnu/vlc/plugins/access
plasmashell /config/Desktop/vlc.desktop
plasmashell /config/Desktop/vlc.desktop
plasmashell /config/Desktop/vlc.desktop
vlc /usr/lib/x86_64-linux-gnu/vlc/plugins/access_output
plasmashell /config/Desktop/vlc.desktop
vlc /usr/lib/x86_64-linux-gnu/vlc/plugins/audio_filter
plasmashell /config/Desktop/vlc.desktop
plasmashell /config/Desktop/vlc.desktop
vlc /usr/lib/x86_64-linux-gnu/vlc/plugins/audio_mixer
vlc /usr/lib/x86_64-linux-gnu/vlc/plugins/audio_output
plasmashell /config/Desktop/vlc.desktop
vlc /usr/lib/x86_64-linux-gnu/vlc/plugins/codec
plasmashell /config/Desktop/vlc.desktop
plasmashell /config/Desktop/vlc.desktop
plasmashell /config/Desktop/vlc.desktop
vlc /usr/lib/x86_64-linux-gnu/vlc/plugins/control
plasmashell /config/Desktop/vlc.desktop
vlc /usr/lib/x86_64-linux-gnu/vlc/plugins/demux
plasmashell /config/Desktop/vlc.desktop
plasmashell /config/Desktop/vlc.desktop
plasmashell /config/Desktop/vlc.desktop
vlc /usr/lib/x86_64-linux-gnu/vlc/plugins/gui
plasmashell /config/Desktop/vlc.desktop
vlc /usr/lib/x86_64-linux-gnu/vlc/plugins/keystore
vlc /usr/lib/x86_64-linux-gnu/vlc/plugins/logger
vlc /usr/lib/x86_64-linux-gnu/vlc/plugins/lua
plasmashell /config/Desktop/vlc.desktop
vlc /usr/lib/x86_64-linux-gnu/vlc/plugins/meta_engine
vlc /usr/lib/x86_64-linux-gnu/vlc/plugins/misc
plasmashell /config/Desktop/vlc.desktop
vlc /usr/lib/x86_64-linux-gnu/vlc/plugins/mux
plasmashell /config/Desktop/vlc.desktop
vlc /usr/lib/x86_64-linux-gnu/vlc/plugins/packetizer
plasmashell /config/Desktop/vlc.desktop
vlc /usr/lib/x86_64-linux-gnu/vlc/plugins/services_discovery
plasmashell /config/Desktop/vlc.desktop
vlc /usr/lib/x86_64-linux-gnu/vlc/plugins/spu
vlc /usr/lib/x86_64-linux-gnu/vlc/plugins/stream_extractor
plasmashell /config/Desktop/vlc.desktop
vlc /usr/lib/x86_64-linux-gnu/vlc/plugins/stream_filter
vlc /usr/lib/x86_64-linux-gnu/vlc/plugins/stream_out
plasmashell /config/Desktop/vlc.desktop
plasmashell /config/Desktop/vlc.desktop
vlc /usr/lib/x86_64-linux-gnu/vlc/plugins/text_renderer
vlc /usr/lib/x86_64-linux-gnu/vlc/plugins/vaapi
plasmashell /config/Desktop/vlc.desktop
vlc /usr/lib/x86_64-linux-gnu/vlc/plugins/vdpau
vlc /usr/lib/x86_64-linux-gnu/vlc/plugins/video_chroma
plasmashell /config/Desktop/vlc.desktop
plasmashell /config/Desktop/vlc.desktop
vlc /usr/lib/x86_64-linux-gnu/vlc/plugins/video_filter
plasmashell /config/Desktop/vlc.desktop
plasmashell /config/Desktop/vlc.desktop
vlc /usr/lib/x86_64-linux-gnu/vlc/plugins/video_output
plasmashell /config/Desktop/vlc.desktop
plasmashell /config/Desktop/vlc.desktop
vlc /config/.config/vlc/vlcrc
plasmashell /config/Desktop/vlc.desktop
vlc /usr/lib/x86_64-linux-gnu/vlc/plugins/logger/libsd_journal_plugin.so
plasmashell /config/Desktop/vlc.desktop
vlc /usr/lib/x86_64-linux-gnu/vlc/plugins/logger/libsyslog_plugin.so
vlc /usr/lib/x86_64-linux-gnu/vlc/plugins/logger/libfile_logger_plugin.so
plasmashell /config/Desktop/vlc.desktop
vlc /usr/lib/x86_64-linux-gnu/vlc/plugins/logger/libconsole_logger_plugin.so
plasmashell /config/Desktop/vlc.desktop
vlc /usr/share/locale/locale.alias
vlc /usr/share/vlc/../locale/en_US/LC_MESSAGES/vlc.mo
vlc /usr/share/vlc/../locale/en/LC_MESSAGES/vlc.mo
vlc /usr/share/locale-langpack/en_US/LC_MESSAGES/vlc.mo
vlc /usr/share/locale-langpack/en/LC_MESSAGES/vlc.mo
vlc /usr/lib/x86_64-linux-gnu/vlc/plugins/keystore/libmemory_keystore_plugin.so
plasmashell /config/Desktop/vlc.desktop
vlc /proc/cpuinfo
plasmashell /config/Desktop/vlc.desktop
plasmashell /config/Desktop/vlc.desktop
vlc /usr/lib/x86_64-linux-gnu/vlc/plugins/audio_output/libpulse_plugin.so
plasmashell /config/Desktop/vlc.desktop
selkies /proc/stat
vlc /usr/lib/x86_64-linux-gnu/vlc/glibc-hwcaps/x86-64-v3/libvlc_pulse.so.0
vlc /usr/lib/x86_64-linux-gnu/vlc/glibc-hwcaps/x86-64-v2/libvlc_pulse.so.0
vlc /usr/lib/x86_64-linux-gnu/vlc/libvlc_pulse.so.0
selkies /proc/meminfo
plasmashell /config/Desktop/vlc.desktop
vlc /usr/lib/x86_64-linux-gnu/vlc/libpulse.so.0
vlc /etc/ld.so.cache
vlc /lib/x86_64-linux-gnu/libpulse.so.0
vlc /usr/lib/x86_64-linux-gnu/pulseaudio/glibc-hwcaps/x86-64-v3/libpulsecommon-16.1.so
vlc /usr/lib/x86_64-linux-gnu/pulseaudio/glibc-hwcaps/x86-64-v2/libpulsecommon-16.1.so
vlc /usr/lib/x86_64-linux-gnu/pulseaudio/libpulsecommon-16.1.so
plasmashell /config/Desktop/vlc.desktop
vlc /lib/x86_64-linux-gnu/libsndfile.so.1
vlc /lib/x86_64-linux-gnu/libX11-xcb.so.1
vlc /lib/x86_64-linux-gnu/libX11.so.6
plasmashell /config/Desktop/vlc.desktop
vlc /lib/x86_64-linux-gnu/libxcb.so.1
vlc /lib/x86_64-linux-gnu/libasyncns.so.0
vlc /lib/x86_64-linux-gnu/libapparmor.so.1
plasmashell /config/Desktop/vlc.desktop
vlc /lib/x86_64-linux-gnu/libFLAC.so.12
vlc /lib/x86_64-linux-gnu/libvorbis.so.0
vlc /lib/x86_64-linux-gnu/libvorbisenc.so.2
plasmashell /config/Desktop/vlc.desktop
vlc /lib/x86_64-linux-gnu/libopus.so.0
vlc /lib/x86_64-linux-gnu/libogg.so.0
vlc /lib/x86_64-linux-gnu/libmpg123.so.0
plasmashell /config/Desktop/vlc.desktop
vlc /lib/x86_64-linux-gnu/libmp3lame.so.0
vlc /lib/x86_64-linux-gnu/libXau.so.6
vlc /lib/x86_64-linux-gnu/libXdmcp.so.6
plasmashell /config/Desktop/vlc.desktop
vlc /lib/x86_64-linux-gnu/libbsd.so.0
vlc /lib/x86_64-linux-gnu/libmd.so.0
plasmashell /config/Desktop/vlc.desktop
plasmashell /config/Desktop/vlc.desktop
plasmashell /config/Desktop/vlc.desktop
vlc /config/.pulse/client.conf
vlc /config/.config/pulse/client.conf
vlc /etc/pulse/client.conf
vlc /usr/lib/x86_64-linux-gnu/gconv/gconv-modules.cache
vlc /etc/pulse/client.conf.d
vlc /etc/pulse/client.conf.d/01-enable-autospawn.conf
vlc /usr/share/locale/en_US/LC_MESSAGES/libc.mo
vlc /usr/share/locale/en/LC_MESSAGES/libc.mo
vlc /usr/share/locale-langpack/en_US/LC_MESSAGES/libc.mo
vlc /usr/share/locale-langpack/en/LC_MESSAGES/libc.mo
vlc /dev/shm/
vlc /dev/urandom
vlc /usr/share/locale/en_US/LC_MESSAGES/pulseaudio.mo
vlc /usr/share/locale/en/LC_MESSAGES/pulseaudio.mo
vlc /usr/share/locale-langpack/en_US/LC_MESSAGES/pulseaudio.mo
vlc /usr/share/locale-langpack/en/LC_MESSAGES/pulseaudio.mo
vlc /defaults
threaded-ml /config/.config/pulse/cookie
pulseaudio /dev/shm/
pulseaudio /dev/urandom
threaded-ml /etc/nsswitch.conf
threaded-ml /etc/passwd
threaded-ml /etc/machine-id
pulseaudio /usr/share/applications/vlc.desktop
vlc /usr/lib/x86_64-linux-gnu/vlc/plugins/control/libdbus_plugin.so
dbus-daemon /run/systemd/users/911
dbus-daemon /proc/1120/cmdline
vlc /usr/lib/x86_64-linux-gnu/vlc/plugins/control/libhotkeys_plugin.so
QSGRenderThread /config/.cache/mesa_shader_cache/ba/f1ba0189afe9f9b21e697f039ac74c9fe4604b
vlc /usr/lib/x86_64-linux-gnu/vlc/plugins/control/libxcb_hotkeys_plugin.so
vlc /etc/ld.so.cache
vlc /lib/x86_64-linux-gnu/libxcb-keysyms.so.1
Xvfb /proc/1120/cmdline
vlc /usr/lib/x86_64-linux-gnu/vlc/plugins/gui/libqt_plugin.so
plasmashell /usr/share/plasma/plasmoids/org.kde.plasma.mediacontroller//metadata.json
plasmashell /usr/share/plasma/plasmoids/org.kde.plasma.mediacontroller/metadata.json
QQmlThread /usr/share/plasma/plasmoids/org.kde.plasma.mediacontroller/contents/ui/main.qmlc
QQmlThread /config/.cache/plasmashell/qmlcache/211c8ef3617d107d34748027d20c0aa01004a5ba.qmlc
QQmlThread /usr/share/plasma/plasmoids/org.kde.plasma.mediacontroller/contents/ui/main.qml
vlc /etc/ld.so.cache
vlc /lib/x86_64-linux-gnu/libQt5Svg.so.5
vlc /lib/x86_64-linux-gnu/libQt5Widgets.so.5
vlc /lib/x86_64-linux-gnu/libQt5X11Extras.so.5
vlc /lib/x86_64-linux-gnu/libQt5Gui.so.5
vlc /lib/x86_64-linux-gnu/libQt5Core.so.5
vlc /lib/x86_64-linux-gnu/libwayland-client.so.0
QQmlThread /usr/lib/x86_64-linux-gnu/qt5/qml/org/kde/plasma/private/mediacontroller/qmldir
vlc /lib/x86_64-linux-gnu/libstdc++.so.6
vlc /lib/x86_64-linux-gnu/libgcc_s.so.1
vlc /lib/x86_64-linux-gnu/libz.so.1
QQmlThread /usr/lib/x86_64-linux-gnu/qt5/qml/org/kde/plasma/private/mediacontroller/libmediacontrollerplugin.so
vlc /lib/x86_64-linux-gnu/libGL.so.1
vlc /lib/x86_64-linux-gnu/libpng16.so.16
QQmlThread /usr/lib/x86_64-linux-gnu/qt5/qml/org/kde/plasma/private/mediacontroller/libmediacontrollerplugin.so.avx2
QQmlThread /usr/lib/x86_64-linux-gnu/qt5/qml/org/kde/plasma/private/mediacontroller/libmediacontrollerplugin.so
vlc /lib/x86_64-linux-gnu/libharfbuzz.so.0
vlc /lib/x86_64-linux-gnu/libmd4c.so.0
vlc /lib/x86_64-linux-gnu/libdouble-conversion.so.3
vlc /lib/x86_64-linux-gnu/libicui18n.so.74
vlc /lib/x86_64-linux-gnu/libicuuc.so.74
vlc /lib/x86_64-linux-gnu/libpcre2-16.so.0
vlc /lib/x86_64-linux-gnu/libglib-2.0.so.0
QQmlThread /usr/share/plasma/plasmoids/org.kde.plasma.mediacontroller/contents/ui/ExpandedRepresentation.qmlc
QQmlThread /config/.cache/plasmashell/qmlcache/f41c64e4654413565444958b9aa4286237c9cecc.qmlc
QQmlThread /usr/share/plasma/plasmoids/org.kde.plasma.mediacontroller/contents/ui/ExpandedRepresentation.qml
vlc /lib/x86_64-linux-gnu/libffi.so.8
vlc /lib/x86_64-linux-gnu/libGLdispatch.so.0
vlc /lib/x86_64-linux-gnu/libGLX.so.0
vlc /lib/x86_64-linux-gnu/libfreetype.so.6
vlc /lib/x86_64-linux-gnu/libgraphite2.so.3
vlc /lib/x86_64-linux-gnu/libicudata.so.74
vlc /lib/x86_64-linux-gnu/libpcre2-8.so.0
vlc /lib/x86_64-linux-gnu/libbz2.so.1.0
vlc /lib/x86_64-linux-gnu/libbrotlidec.so.1
vlc /lib/x86_64-linux-gnu/libbrotlicommon.so.1
QQmlThread /usr/share/plasma/plasmoids/org.kde.plasma.mediacontroller/contents/ui/AlbumArtStackView.qmlc
QQmlThread /config/.cache/plasmashell/qmlcache/b4ad3776b30a075f6fe11b8a61a4f5d2701c665a.qmlc
QQmlThread /usr/share/plasma/plasmoids/org.kde.plasma.mediacontroller/contents/ui/AlbumArtStackView.qml
QQmlThread /config/.cache/plasmashell/qmlcache
QQmlThread /usr/share/plasma/plasmoids/org.kde.plasma.mediacontroller/contents/ui/AlbumArtStackView.qmlc
QQmlThread /config/.cache/plasmashell/qmlcache/b4ad3776b30a075f6fe11b8a61a4f5d2701c665a.qmlc
QQmlThread /usr/lib/x86_64-linux-gnu/qt5/qml/org/kde/kirigami.2/Heading.qmlc
QQmlThread /config/.cache/plasmashell/qmlcache/c605af6c16f18ab2fcacfcea80b54fbc266cf6b6.qmlc
QQmlThread /usr/lib/x86_64-linux-gnu/qt5/qml/org/kde/kirigami.2/Heading.qml
QQmlThread /config/.cache/plasmashell/qmlcache
Xvfb /proc/1120/cmdline
vlc /usr/lib/x86_64-linux-gnu/qt5/plugins/platforms
QQmlThread /usr/lib/x86_64-linux-gnu/qt5/qml/org/kde/kirigami.2/Heading.qmlc
QQmlThread /config/.cache/plasmashell/qmlcache/c605af6c16f18ab2fcacfcea80b54fbc266cf6b6.qmlc
vlc /usr/lib/x86_64-linux-gnu/qt5/plugins/platforms/libqeglfs.so
vlc /usr/lib/x86_64-linux-gnu/qt5/plugins/platforms/libqlinuxfb.so
QQmlThread /usr/lib/x86_64-linux-gnu/qt5/qml/QtGraphicalEffects/HueSaturation.qmlc
QQmlThread /config/.cache/plasmashell/qmlcache/e927abb7a36996edede2e16934cb57b4d2e814df.qmlc
QQmlThread /usr/lib/x86_64-linux-gnu/qt5/qml/QtGraphicalEffects/HueSaturation.qml
vlc /usr/lib/x86_64-linux-gnu/qt5/plugins/platforms/libqminimal.so
vlc /usr/lib/x86_64-linux-gnu/qt5/plugins/platforms/libqminimalegl.so
vlc /usr/lib/x86_64-linux-gnu/qt5/plugins/platforms/libqoffscreen.so
QQmlThread /config/.cache/plasmashell/qmlcache
vlc /usr/lib/x86_64-linux-gnu/qt5/plugins/platforms/libqvnc.so
plasmas:disk$0 /config/.cache/mesa_shader_cache/ba/f1ba0189afe9f9b21e697f039ac74c9fe4604b.tmp
vlc /usr/lib/x86_64-linux-gnu/qt5/plugins/platforms/libqxcb.so
plasmas:disk$0 /config/.cache/mesa_shader_cache/ba/f1ba0189afe9f9b21e697f039ac74c9fe4604b.tmp
plasmas:disk$0 /config/.cache/mesa_shader_cache/ba/f1ba0189afe9f9b21e697f039ac74c9fe4604b
QSGRenderThread /config/.cache/mesa_shader_cache/03/85404440a27386f79d70b87e5141a561359e3b
vlc /usr/lib/x86_64-linux-gnu/qt5/plugins/platforms/libqxcb.so.avx2
vlc /usr/lib/x86_64-linux-gnu/qt5/plugins/platforms/libqxcb.so
vlc /etc/ld.so.cache
vlc /lib/x86_64-linux-gnu/libQt5XcbQpa.so.5
vlc /lib/x86_64-linux-gnu/libfontconfig.so.1
vlc /lib/x86_64-linux-gnu/libQt5DBus.so.5
vlc /lib/x86_64-linux-gnu/libxcb-icccm.so.4
vlc /lib/x86_64-linux-gnu/libxcb-image.so.0
vlc /lib/x86_64-linux-gnu/libxcb-shm.so.0
QQmlThread /usr/lib/x86_64-linux-gnu/qt5/qml/QtGraphicalEffects/HueSaturation.qmlc
QQmlThread /config/.cache/plasmashell/qmlcache/e927abb7a36996edede2e16934cb57b4d2e814df.qmlc
vlc /lib/x86_64-linux-gnu/libxcb-randr.so.0
vlc /lib/x86_64-linux-gnu/libxcb-render-util.so.0
vlc /lib/x86_64-linux-gnu/libxcb-render.so.0
vlc /lib/x86_64-linux-gnu/libxcb-shape.so.0
vlc /lib/x86_64-linux-gnu/libxcb-sync.so.1
vlc /lib/x86_64-linux-gnu/libxcb-xfixes.so.0
vlc /lib/x86_64-linux-gnu/libxcb-xinerama.so.0
vlc /lib/x86_64-linux-gnu/libxcb-xkb.so.1
vlc /lib/x86_64-linux-gnu/libxcb-xinput.so.0
vlc /lib/x86_64-linux-gnu/libXrender.so.1
vlc /lib/x86_64-linux-gnu/libSM.so.6
vlc /lib/x86_64-linux-gnu/libICE.so.6
vlc /lib/x86_64-linux-gnu/libxkbcommon-x11.so.0
vlc /lib/x86_64-linux-gnu/libxkbcommon.so.0
vlc /lib/x86_64-linux-gnu/libexpat.so.1
vlc /lib/x86_64-linux-gnu/libxcb-util.so.1
vlc /lib/x86_64-linux-gnu/libuuid.so.1
Xvfb /proc/1120/cmdline
QQmlThread /config/.cache/plasmashell/qmlcache
QQmlThread /usr/share/plasma/plasmoids/org.kde.plasma.mediacontroller/contents/ui/ExpandedRepresentation.qmlc
QQmlThread /config/.cache/plasmashell/qmlcache/f41c64e4654413565444958b9aa4286237c9cecc.qmlc
QQmlThread /usr/share/plasma/plasmoids/org.kde.plasma.mediacontroller/contents/ui/CompactRepresentation.qmlc
QQmlThread /config/.cache/plasmashell/qmlcache/299e4fdfcf8e04899a7b03b972bd4a1820538b27.qmlc
QQmlThread /usr/share/plasma/plasmoids/org.kde.plasma.mediacontroller/contents/ui/CompactRepresentation.qml
vlc /usr/share/qt5/qtlogging.ini
QQmlThread /config/.cache/plasmashell/qmlcache
QQmlThread /usr/share/plasma/plasmoids/org.kde.plasma.mediacontroller/contents/ui/CompactRepresentation.qmlc
QQmlThread /config/.cache/plasmashell/qmlcache/299e4fdfcf8e04899a7b03b972bd4a1820538b27.qmlc
QQmlThread /config/.cache/plasmashell/qmlcache
vlc /usr/share/hwdata/pnp.ids
QQmlThread /usr/share/plasma/plasmoids/org.kde.plasma.mediacontroller/contents/ui/main.qmlc
QQmlThread /config/.cache/plasmashell/qmlcache/211c8ef3617d107d34748027d20c0aa01004a5ba.qmlc
plasmashell /dev/null
plasmashell /usr/share/plasma/services/mpris2.operations
vlc /etc/ld.so.cache
vlc /lib/x86_64-linux-gnu/libXcursor.so.1
vlc /lib/x86_64-linux-gnu/libXfixes.so.3
vlc /usr/share/X11/locale/locale.alias
vlc /usr/share/X11/locale/locale.alias
vlc /usr/share/X11/locale/locale.dir
vlc /usr/share/X11/locale/en_US.UTF-8/XLC_LOCALE
plasmashell /usr/share/applications/vlc.desktop
plasmashell /dev/null
plasmashell /usr/share/plasma/services/mpris2.operations
vlc /usr/lib/x86_64-linux-gnu/qt5/plugins/platformthemes
vlc /usr/lib/x86_64-linux-gnu/qt5/plugins/platformthemes/KDEPlasmaPlatformTheme.so
vlc /usr/lib/x86_64-linux-gnu/qt5/plugins/platformthemes/KDEPlasmaPlatformTheme.so.avx2
vlc /usr/lib/x86_64-linux-gnu/qt5/plugins/platformthemes/KDEPlasmaPlatformTheme.so
vlc /etc/ld.so.cache
vlc /lib/x86_64-linux-gnu/libKF5KIOFileWidgets.so.5
vlc /lib/x86_64-linux-gnu/libKF5KIOWidgets.so.5
vlc /lib/x86_64-linux-gnu/libKF5Notifications.so.5
vlc /lib/x86_64-linux-gnu/libQt5QuickControls2.so.5
vlc /lib/x86_64-linux-gnu/libQt5Quick.so.5
vlc /lib/x86_64-linux-gnu/libKF5KIOCore.so.5
vlc /lib/x86_64-linux-gnu/libKF5JobWidgets.so.5
vlc /lib/x86_64-linux-gnu/libKF5Completion.so.5
vlc /lib/x86_64-linux-gnu/libKF5XmlGui.so.5
vlc /lib/x86_64-linux-gnu/libKF5IconThemes.so.5
vlc /lib/x86_64-linux-gnu/libKF5ConfigWidgets.so.5
vlc /lib/x86_64-linux-gnu/libKF5ConfigGui.so.5
vlc /lib/x86_64-linux-gnu/libKF5I18n.so.5
vlc /lib/x86_64-linux-gnu/libKF5WidgetsAddons.so.5
vlc /lib/x86_64-linux-gnu/libKF5ConfigCore.so.5
vlc /lib/x86_64-linux-gnu/libKF5WindowSystem.so.5
vlc /lib/x86_64-linux-gnu/libKF5CoreAddons.so.5
vlc /lib/x86_64-linux-gnu/libQt5WaylandClient.so.5
vlc /lib/x86_64-linux-gnu/libKF5Bookmarks.so.5
vlc /lib/x86_64-linux-gnu/libKF5Solid.so.5
vlc /lib/x86_64-linux-gnu/libKF5KIOGui.so.5
vlc /lib/x86_64-linux-gnu/libKF5ItemViews.so.5
vlc /lib/x86_64-linux-gnu/libQt5Network.so.5
vlc /lib/x86_64-linux-gnu/libKF5GuiAddons.so.5
vlc /lib/x86_64-linux-gnu/libQt5Xml.so.5
vlc /lib/x86_64-linux-gnu/libKF5Service.so.5
vlc /lib/x86_64-linux-gnu/libcanberra.so.0
vlc /lib/x86_64-linux-gnu/libQt5TextToSpeech.so.5
vlc /lib/x86_64-linux-gnu/libdbusmenu-qt5.so.2
vlc /lib/x86_64-linux-gnu/libQt5Qml.so.5
vlc /lib/x86_64-linux-gnu/libQt5QuickTemplates2.so.5
vlc /lib/x86_64-linux-gnu/libQt5QmlModels.so.5
vlc /lib/x86_64-linux-gnu/libKF5Crash.so.5
vlc /lib/x86_64-linux-gnu/libKF5AuthCore.so.5
vlc /lib/x86_64-linux-gnu/libacl.so.1
vlc /lib/x86_64-linux-gnu/libmount.so.1
vlc /lib/x86_64-linux-gnu/libKF5GlobalAccel.so.5
vlc /lib/x86_64-linux-gnu/libQt5PrintSupport.so.5
vlc /lib/x86_64-linux-gnu/libKF5Archive.so.5
vlc /lib/x86_64-linux-gnu/libKF5Codecs.so.5
vlc /lib/x86_64-linux-gnu/libudev.so.1
vlc /lib/x86_64-linux-gnu/libwayland-cursor.so.0
vlc /lib/x86_64-linux-gnu/libimobiledevice-1.0.so.6
vlc /lib/x86_64-linux-gnu/libplist-2.0.so.4
vlc /lib/x86_64-linux-gnu/libgssapi_krb5.so.2
vlc /lib/x86_64-linux-gnu/libKF5DBusAddons.so.5
vlc /lib/x86_64-linux-gnu/libvorbisfile.so.3
vlc /lib/x86_64-linux-gnu/libtdb.so.1
vlc /lib/x86_64-linux-gnu/libltdl.so.7
vlc /lib/x86_64-linux-gnu/libblkid.so.1
vlc /lib/x86_64-linux-gnu/libselinux.so.1
vlc /lib/x86_64-linux-gnu/libssl.so.3
vlc /lib/x86_64-linux-gnu/libcrypto.so.3
vlc /lib/x86_64-linux-gnu/libusbmuxd-2.0.so.6
vlc /lib/x86_64-linux-gnu/libkrb5.so.3
vlc /lib/x86_64-linux-gnu/libk5crypto.so.3
vlc /lib/x86_64-linux-gnu/libcom_err.so.2
vlc /lib/x86_64-linux-gnu/libkrb5support.so.0
vlc /lib/x86_64-linux-gnu/libkeyutils.so.1
vlc /lib/x86_64-linux-gnu/libresolv.so.2
vlc /proc/filesystems
vlc /usr/share/locale/en/LC_MESSAGES/kcoreaddons5_qt.qm
vlc /usr/share/locale/en/LC_MESSAGES/kcoreaddons5_qt.qm
vlc /usr/share/locale/en/LC_MESSAGES/kwidgetsaddons5_qt.qm
vlc /usr/share/locale/en/LC_MESSAGES/kwidgetsaddons5_qt.qm
vlc /usr/share/locale/en/LC_MESSAGES/kjobwidgets5_qt.qm
vlc /usr/share/locale/en/LC_MESSAGES/kjobwidgets5_qt.qm
vlc /etc/localtime
vlc /usr/share/kubuntu-default-settings/kf5-settings/kdeglobals
vlc /config/.config/kdedefaults/kdeglobals
vlc /config/.config/kdeglobals
vlc /usr/lib/x86_64-linux-gnu/qt5/qml/QtQuick/Controls.2
vlc /usr/lib/x86_64-linux-gnu/qt5/plugins/platforminputcontexts
vlc /usr/lib/x86_64-linux-gnu/qt5/plugins/platforminputcontexts/libcomposeplatforminputcontextplugin.so
vlc /usr/lib/x86_64-linux-gnu/qt5/plugins/platforminputcontexts/libibusplatforminputcontextplugin.so
vlc /usr/lib/x86_64-linux-gnu/qt5/plugins/platforminputcontexts/plasmaimplatforminputcontextplugin.so
vlc /usr/lib/x86_64-linux-gnu/qt5/plugins/platforminputcontexts/libcomposeplatforminputcontextplugin.so.avx2
vlc /usr/lib/x86_64-linux-gnu/qt5/plugins/platforminputcontexts/libcomposeplatforminputcontextplugin.so
vlc /usr/lib/x86_64-linux-gnu/qt5/plugins/xcbglintegrations
vlc /usr/lib/x86_64-linux-gnu/qt5/plugins/xcbglintegrations/libqxcb-egl-integration.so
vlc /usr/lib/x86_64-linux-gnu/qt5/plugins/xcbglintegrations/libqxcb-glx-integration.so
vlc /usr/lib/x86_64-linux-gnu/qt5/plugins/xcbglintegrations/libqxcb-glx-integration.so.avx2
vlc /usr/lib/x86_64-linux-gnu/qt5/plugins/xcbglintegrations/libqxcb-glx-integration.so
vlc /etc/ld.so.cache
vlc /lib/x86_64-linux-gnu/libxcb-glx.so.0
vlc /etc/ld.so.cache
vlc /lib/x86_64-linux-gnu/libGLX_mesa.so.0
vlc /lib/x86_64-linux-gnu/libgallium-25.2.8-0ubuntu0.24.04.1.so
vlc /lib/x86_64-linux-gnu/libdrm.so.2
vlc /lib/x86_64-linux-gnu/libXext.so.6
vlc /lib/x86_64-linux-gnu/libXxf86vm.so.1
vlc /lib/x86_64-linux-gnu/libxcb-dri3.so.0
vlc /lib/x86_64-linux-gnu/libxcb-present.so.0
vlc /lib/x86_64-linux-gnu/libLLVM.so.20.1
vlc /lib/x86_64-linux-gnu/libsensors.so.5
vlc /lib/x86_64-linux-gnu/libxshmfence.so.1
vlc /lib/x86_64-linux-gnu/libdrm_amdgpu.so.1
vlc /lib/x86_64-linux-gnu/libelf.so.1
vlc /lib/x86_64-linux-gnu/libdrm_intel.so.1
vlc /lib/x86_64-linux-gnu/../lib/glibc-hwcaps/x86-64-v3/libedit.so.2
vlc /lib/x86_64-linux-gnu/../lib/glibc-hwcaps/x86-64-v2/libedit.so.2
vlc /lib/x86_64-linux-gnu/../lib/libedit.so.2
vlc /lib/x86_64-linux-gnu/libedit.so.2
vlc /lib/x86_64-linux-gnu/libxml2.so.2
vlc /lib/x86_64-linux-gnu/libpciaccess.so.0
vlc /lib/x86_64-linux-gnu/libtinfo.so.6
vlc /usr/share/drirc.d
vlc /usr/share/drirc.d/00-mesa-defaults.conf
vlc /usr/share/drirc.d/00-radv-defaults.conf
vlc /etc/drirc
vlc /config/.drirc
vlc /sys/devices/system/cpu/possible
vlc /sys/devices/system/cpu/cpu0/cpu_capacity
vlc /sys/devices/system/cpu/cpu1/cpu_capacity
vlc /sys/devices/system/cpu/cpu2/cpu_capacity
vlc /sys/devices/system/cpu/cpu3/cpu_capacity
vlc /sys/devices/system/cpu/cpu4/cpu_capacity
vlc /sys/devices/system/cpu/cpu5/cpu_capacity
vlc /sys/devices/system/cpu/cpu6/cpu_capacity
vlc /sys/devices/system/cpu/cpu7/cpu_capacity
vlc /sys/devices/system/cpu/cpu8/cpu_capacity
vlc /sys/devices/system/cpu/cpu9/cpu_capacity
vlc /sys/devices/system/cpu/cpu10/cpu_capacity
vlc /sys/devices/system/cpu/cpu11/cpu_capacity
vlc /sys/devices/system/cpu/cpu12/cpu_capacity
vlc /sys/devices/system/cpu/cpu13/cpu_capacity
vlc /sys/devices/system/cpu/cpu14/cpu_capacity
vlc /sys/devices/system/cpu/cpu15/cpu_capacity
vlc /dev/udmabuf
vlc /usr/share/drirc.d
vlc /usr/share/drirc.d/00-mesa-defaults.conf
vlc /usr/share/drirc.d/00-radv-defaults.conf
vlc /etc/drirc
vlc /config/.drirc
vlc /sys/devices/system/cpu/online
vlc /config/.cache/mesa_shader_cache/index
vlc /config/.cache/mesa_shader_cache/db/1eda42f2a767a2d7820a869487f528f852a0c3
vlc /config/.cache/mesa_shader_cache/0c/2078390c4088c952a5aaf00c2698fc4cb3c2ae
vlc /config/.cache/mesa_shader_cache/5e/44b0234ba7fee5aad30999f5c85fa1ab7d1e2b
vlc /config/.cache/mesa_shader_cache/8a/05f419308844007d1e201ba19cfb5f3cd8ab27
vlc /config/.cache/mesa_shader_cache/59/ec931cfacda6fd80434ecf9e3f29a17ea5760a
vlc /usr/share/locale/en/LC_MESSAGES/kjobwidgets5_qt.qm
vlc /usr/share/locale/en/LC_MESSAGES/kjobwidgets5_qt.qm
vlc /usr/lib/x86_64-linux-gnu/qt5/plugins/iconengines
vlc /usr/lib/x86_64-linux-gnu/qt5/plugins/iconengines/libqsvgicon.so
vlc /usr/share/locale/en/LC_MESSAGES/kwidgetsaddons5_qt.qm
vlc /usr/share/locale/en/LC_MESSAGES/kwidgetsaddons5_qt.qm
vlc /usr/share/locale/en/LC_MESSAGES/kcoreaddons5_qt.qm
vlc /usr/share/locale/en/LC_MESSAGES/kcoreaddons5_qt.qm
vlc /config/.XDG/iceauth_kRyuFT
vlc /config/.XDG/iceauth_kRyuFT
vlc /config/.XDG/iceauth_kRyuFT
vlc /config/.XDG/iceauth_kRyuFT
vlc /usr/lib/x86_64-linux-gnu/qt5/plugins/styles
vlc /usr/lib/x86_64-linux-gnu/qt5/plugins/styles/breeze.so
vlc /usr/lib/x86_64-linux-gnu/qt5/plugins/styles/breeze.so.avx2
vlc /usr/lib/x86_64-linux-gnu/qt5/plugins/styles/breeze.so
vlc /etc/ld.so.cache
vlc /lib/x86_64-linux-gnu/libKF5Kirigami2.so.5
vlc /lib/x86_64-linux-gnu/libbreezecommon5.so.5
vlc /lib/x86_64-linux-gnu/libKF5Style.so.5
vlc /usr/share/kubuntu-default-settings/kf5-settings/breezerc
vlc /usr/share/kubuntu-default-settings/kf5-settings/kwinrc
vlc /config/.config/kdedefaults/kwinrc
vlc /config/.config/kwinrc
dbus-daemon /run/systemd/users/911
dbus-daemon /proc/1120/cmdline
vlc /usr/share/kubuntu-default-settings/kf5-settings/breezerc
vlc /usr/share/kubuntu-default-settings/kf5-settings/kwinrc
vlc /config/.config/kdedefaults/kwinrc
vlc /config/.config/kwinrc
vlc /usr/share/kubuntu-default-settings/kf5-settings/breezerc
vlc /usr/lib/x86_64-linux-gnu/qt5/plugins/imageformats
vlc /usr/lib/x86_64-linux-gnu/qt5/plugins/imageformats/libqgif.so
vlc /usr/lib/x86_64-linux-gnu/qt5/plugins/imageformats/libqico.so
vlc /usr/lib/x86_64-linux-gnu/qt5/plugins/imageformats/libqjpeg.so
vlc /usr/lib/x86_64-linux-gnu/qt5/plugins/imageformats/libqsvg.so
vlc /usr/lib/x86_64-linux-gnu/qt5/plugins/imageformats/libqgif.so.avx2
vlc /usr/lib/x86_64-linux-gnu/qt5/plugins/imageformats/libqgif.so
vlc /usr/lib/x86_64-linux-gnu/qt5/plugins/imageformats/libqico.so.avx2
vlc /usr/lib/x86_64-linux-gnu/qt5/plugins/imageformats/libqico.so
vlc /usr/lib/x86_64-linux-gnu/qt5/plugins/imageformats/libqjpeg.so.avx2
vlc /usr/lib/x86_64-linux-gnu/qt5/plugins/imageformats/libqjpeg.so
vlc /etc/ld.so.cache
vlc /lib/x86_64-linux-gnu/libjpeg.so.8
vlc /usr/lib/x86_64-linux-gnu/qt5/plugins/imageformats/libqsvg.so.avx2
vlc /usr/lib/x86_64-linux-gnu/qt5/plugins/imageformats/libqsvg.so
vlc /sys/devices/system/cpu/online
vlc /usr/share/mime/generic-icons
vlc /config/.cache/icon-cache.kcache
vlc /usr/share/icons/breeze/index.theme
xclip /etc/ld.so.cache
xclip /lib/x86_64-linux-gnu/libXmu.so.6
xclip /lib/x86_64-linux-gnu/libX11.so.6
xclip /lib/x86_64-linux-gnu/libc.so.6
xclip /lib/x86_64-linux-gnu/libXt.so.6
xclip /lib/x86_64-linux-gnu/libXext.so.6
xclip /lib/x86_64-linux-gnu/libxcb.so.1
xclip /lib/x86_64-linux-gnu/libSM.so.6
xclip /lib/x86_64-linux-gnu/libICE.so.6
xclip /lib/x86_64-linux-gnu/libXau.so.6
xclip /lib/x86_64-linux-gnu/libXdmcp.so.6
xclip /lib/x86_64-linux-gnu/libuuid.so.1
xclip /lib/x86_64-linux-gnu/libbsd.so.0
xclip /lib/x86_64-linux-gnu/libmd.so.0
xclip /usr/share/X11/locale/locale.alias
xclip /usr/share/X11/locale/locale.dir
xclip /usr/share/X11/locale/C/XLC_LOCALE
xclip /usr/share/X11/locale/locale.alias
xclip /usr/share/X11/locale/locale.dir
xclip /usr/share/X11/locale/C/XLC_LOCALE
Xvfb /proc/1182/cmdline
vlc /usr/lib/x86_64-linux-gnu/qt5/plugins/iconengines/libqsvgicon.so.avx2
vlc /usr/lib/x86_64-linux-gnu/qt5/plugins/iconengines/libqsvgicon.so
vlc /etc/fonts/fonts.conf
vlc /etc/fonts/conf.d
vlc /usr/share/fontconfig/conf.avail/10-hinting-slight.conf
vlc /usr/share/fontconfig/conf.avail/10-scale-bitmap-fonts.conf
vlc /usr/share/fontconfig/conf.avail/10-sub-pixel-rgb.conf
vlc /usr/share/fontconfig/conf.avail/10-yes-antialias.conf
vlc /usr/share/fontconfig/conf.avail/11-lcdfilter-default.conf
vlc /usr/share/fontconfig/conf.avail/20-unhint-small-vera.conf
vlc /usr/share/fontconfig/conf.avail/30-metric-aliases.conf
vlc /usr/share/fontconfig/conf.avail/30-opensymbol.conf
vlc /usr/share/fontconfig/conf.avail/40-nonlatin.conf
vlc /usr/share/fontconfig/conf.avail/45-generic.conf
vlc /usr/share/fontconfig/conf.avail/45-latin.conf
vlc /usr/share/fontconfig/conf.avail/48-spacing.conf
vlc /usr/share/fontconfig/conf.avail/49-sansserif.conf
vlc /usr/share/fontconfig/conf.avail/50-user.conf
vlc /usr/share/fontconfig/conf.avail/51-local.conf
vlc /etc/fonts/conf.avail/56-kubuntu-noto.conf
vlc /usr/share/fontconfig/conf.avail/60-generic.conf
vlc /usr/share/fontconfig/conf.avail/60-latin.conf
vlc /usr/share/fontconfig/conf.avail/urw-bookman.conf
vlc /usr/share/fontconfig/conf.avail/urw-c059.conf
vlc /usr/share/fontconfig/conf.avail/urw-d050000l.conf
vlc /usr/share/fontconfig/conf.avail/urw-fallback-backwards.conf
vlc /usr/share/fontconfig/conf.avail/urw-fallback-generics.conf
vlc /usr/share/fontconfig/conf.avail/urw-gothic.conf
vlc /usr/share/fontconfig/conf.avail/urw-nimbus-mono-ps.conf
vlc /usr/share/fontconfig/conf.avail/urw-nimbus-roman.conf
vlc /usr/share/fontconfig/conf.avail/urw-nimbus-sans.conf
vlc /usr/share/fontconfig/conf.avail/urw-p052.conf
vlc /usr/share/fontconfig/conf.avail/urw-standard-symbols-ps.conf
vlc /usr/share/fontconfig/conf.avail/urw-z003.conf
vlc /usr/share/fontconfig/conf.avail/65-fonts-persian.conf
vlc /usr/share/fontconfig/conf.avail/65-nonlatin.conf
vlc /usr/share/fontconfig/conf.avail/69-unifont.conf
vlc /usr/share/fontconfig/conf.avail/70-fonts-noto-cjk.conf
vlc /usr/share/fontconfig/conf.avail/70-no-bitmaps-except-emoji.conf
vlc /usr/share/fontconfig/conf.avail/71-ubuntulegacy.conf
vlc /usr/share/fontconfig/conf.avail/80-delicious.conf
vlc /usr/share/fontconfig/conf.avail/90-synthetic.conf
vlc /usr/share/fontconfig/conf.avail
vlc /usr/share/fontconfig/conf.avail/05-reset-dirs-sample.conf
vlc /usr/share/fontconfig/conf.avail/09-autohint-if-no-hinting.conf
vlc /usr/share/fontconfig/conf.avail/10-autohint.conf
vlc /usr/share/fontconfig/conf.avail/10-hinting-full.conf
vlc /usr/share/fontconfig/conf.avail/10-hinting-medium.conf
vlc /usr/share/fontconfig/conf.avail/10-hinting-none.conf
vlc /usr/share/fontconfig/conf.avail/10-no-antialias.conf
vlc /usr/share/fontconfig/conf.avail/10-sub-pixel-bgr.conf
vlc /usr/share/fontconfig/conf.avail/10-sub-pixel-none.conf
vlc /usr/share/fontconfig/conf.avail/10-sub-pixel-vbgr.conf
vlc /usr/share/fontconfig/conf.avail/10-sub-pixel-vrgb.conf
vlc /usr/share/fontconfig/conf.avail/10-unhinted.conf
vlc /usr/share/fontconfig/conf.avail/11-lcdfilter-legacy.conf
vlc /usr/share/fontconfig/conf.avail/11-lcdfilter-light.conf
vlc /usr/share/fontconfig/conf.avail/11-lcdfilter-none.conf
vlc /usr/share/fontconfig/conf.avail/25-unhint-nonlatin.conf
vlc /usr/share/fontconfig/conf.avail/35-lang-normalize.conf
vlc /usr/share/fontconfig/conf.avail/53-monospace-lcd-filter.conf
vlc /usr/share/fontconfig/conf.avail/65-khmer.conf
vlc /usr/share/fontconfig/conf.avail/70-force-bitmaps.conf
vlc /usr/share/fontconfig/conf.avail/70-no-bitmaps-and-emoji.conf
vlc /usr/share/fontconfig/conf.avail/70-no-bitmaps.conf
vlc /usr/share/fontconfig/conf.avail/70-yes-bitmaps.conf
vlc /usr/local/share/fonts
vlc /var/cache/fontconfig//4c599c202bc5c08e2d34565a40eac3b2-le64.cache-9
vlc /config/.cache/fontconfig//4c599c202bc5c08e2d34565a40eac3b2-le64.cache-9
vlc /usr/local/share/fonts/.uuid
vlc /config/.fontconfig//4c599c202bc5c08e2d34565a40eac3b2-le64.cache-9
vlc /usr/local/share/fonts/.uuid
vlc /usr/share/fonts
vlc /var/cache/fontconfig//3830d5c3ddfd5cd38a049b759396e72e-le64.cache-9
vlc /config/.cache/fontconfig//3830d5c3ddfd5cd38a049b759396e72e-le64.cache-9
vlc /usr/share/fonts/.uuid
vlc /config/.fontconfig//3830d5c3ddfd5cd38a049b759396e72e-le64.cache-9
vlc /usr/share/fonts/.uuid
vlc /usr/share/fonts/X11
vlc /var/cache/fontconfig//c855463f699352c367813e37f3f70ea7-le64.cache-9
vlc /config/.cache/fontconfig//c855463f699352c367813e37f3f70ea7-le64.cache-9
vlc /usr/share/fonts/X11/.uuid
vlc /config/.fontconfig//c855463f699352c367813e37f3f70ea7-le64.cache-9
vlc /usr/share/fonts/X11/.uuid
vlc /usr/share/fonts/cMap
vlc /var/cache/fontconfig//32b6488e5b8292a2e95c79d947e009e8-le64.cache-9
vlc /config/.cache/fontconfig//32b6488e5b8292a2e95c79d947e009e8-le64.cache-9
vlc /usr/share/fonts/cMap/.uuid
vlc /config/.fontconfig//32b6488e5b8292a2e95c79d947e009e8-le64.cache-9
vlc /usr/share/fonts/cMap/.uuid
vlc /usr/share/fonts/cmap
vlc /var/cache/fontconfig//57e423e26b20ab21d0f2f29c145174c3-le64.cache-9
vlc /config/.cache/fontconfig//57e423e26b20ab21d0f2f29c145174c3-le64.cache-9
vlc /usr/share/fonts/cmap/.uuid
vlc /config/.fontconfig//57e423e26b20ab21d0f2f29c145174c3-le64.cache-9
vlc /usr/share/fonts/cmap/.uuid
vlc /usr/share/fonts/opentype
vlc /var/cache/fontconfig//573ec803664ed168555e0e8b6d0f0c7f-le64.cache-9
vlc /config/.cache/fontconfig//573ec803664ed168555e0e8b6d0f0c7f-le64.cache-9
vlc /usr/share/fonts/opentype/.uuid
vlc /config/.fontconfig//573ec803664ed168555e0e8b6d0f0c7f-le64.cache-9
vlc /usr/share/fonts/opentype/.uuid
vlc /usr/share/fonts/truetype
vlc /var/cache/fontconfig//7ef2298fde41cc6eeb7af42e48b7d293-le64.cache-9
vlc /config/.cache/fontconfig//7ef2298fde41cc6eeb7af42e48b7d293-le64.cache-9
vlc /usr/share/fonts/truetype/.uuid
vlc /config/.fontconfig//7ef2298fde41cc6eeb7af42e48b7d293-le64.cache-9
vlc /usr/share/fonts/truetype/.uuid
vlc /usr/share/fonts/type1
vlc /var/cache/fontconfig//d82eb4fd963d448e2fcb7d7b793b5df3-le64.cache-9
vlc /config/.cache/fontconfig//d82eb4fd963d448e2fcb7d7b793b5df3-le64.cache-9
vlc /usr/share/fonts/type1/.uuid
vlc /config/.fontconfig//d82eb4fd963d448e2fcb7d7b793b5df3-le64.cache-9
vlc /usr/share/fonts/type1/.uuid
vlc /usr/share/fonts/X11/Type1
vlc /var/cache/fontconfig//e13b20fdb08344e0e664864cc2ede53d-le64.cache-9
vlc /config/.cache/fontconfig//e13b20fdb08344e0e664864cc2ede53d-le64.cache-9
vlc /usr/share/fonts/X11/Type1/.uuid
vlc /config/.fontconfig//e13b20fdb08344e0e664864cc2ede53d-le64.cache-9
vlc /usr/share/fonts/X11/Type1/.uuid
vlc /usr/share/fonts/X11/encodings
vlc /var/cache/fontconfig//707971e003b4ae6c8121c3a920e507f5-le64.cache-9
vlc /config/.cache/fontconfig//707971e003b4ae6c8121c3a920e507f5-le64.cache-9
vlc /usr/share/fonts/X11/encodings/.uuid
vlc /config/.fontconfig//707971e003b4ae6c8121c3a920e507f5-le64.cache-9
vlc /usr/share/fonts/X11/encodings/.uuid
vlc /usr/share/fonts/X11/misc
vlc /var/cache/fontconfig//cabbd14511b9e8a55e92af97fb3a0461-le64.cache-9
vlc /config/.cache/fontconfig//cabbd14511b9e8a55e92af97fb3a0461-le64.cache-9
vlc /usr/share/fonts/X11/misc/.uuid
vlc /config/.fontconfig//cabbd14511b9e8a55e92af97fb3a0461-le64.cache-9
vlc /usr/share/fonts/X11/misc/.uuid
vlc /usr/share/fonts/X11/util
vlc /var/cache/fontconfig//fe547fea3a41b43a38975d292a2b19c7-le64.cache-9
vlc /config/.cache/fontconfig//fe547fea3a41b43a38975d292a2b19c7-le64.cache-9
vlc /usr/share/fonts/X11/util/.uuid
vlc /config/.fontconfig//fe547fea3a41b43a38975d292a2b19c7-le64.cache-9
vlc /usr/share/fonts/X11/util/.uuid
vlc /usr/share/fonts/cmap/adobe-cns1
vlc /var/cache/fontconfig//f1f2465696798768e9653f19e17ccdc8-le64.cache-9
vlc /config/.cache/fontconfig//f1f2465696798768e9653f19e17ccdc8-le64.cache-9
vlc /usr/share/fonts/cmap/adobe-cns1/.uuid
vlc /config/.fontconfig//f1f2465696798768e9653f19e17ccdc8-le64.cache-9
vlc /usr/share/fonts/cmap/adobe-cns1/.uuid
vlc /usr/share/fonts/cmap/adobe-gb1
vlc /var/cache/fontconfig//95530828ff6c81d309f8258d8d02a23e-le64.cache-9
vlc /config/.cache/fontconfig//95530828ff6c81d309f8258d8d02a23e-le64.cache-9
vlc /usr/share/fonts/cmap/adobe-gb1/.uuid
vlc /config/.fontconfig//95530828ff6c81d309f8258d8d02a23e-le64.cache-9
vlc /usr/share/fonts/cmap/adobe-gb1/.uuid
vlc /usr/share/fonts/cmap/adobe-japan1
vlc /var/cache/fontconfig//d3e5c4ee2ceb1fc347f91d4cefc53bc0-le64.cache-9
vlc /config/.cache/fontconfig//d3e5c4ee2ceb1fc347f91d4cefc53bc0-le64.cache-9
vlc /usr/share/fonts/cmap/adobe-japan1/.uuid
vlc /config/.fontconfig//d3e5c4ee2ceb1fc347f91d4cefc53bc0-le64.cache-9
vlc /usr/share/fonts/cmap/adobe-japan1/.uuid
vlc /usr/share/fonts/cmap/adobe-japan2
vlc /var/cache/fontconfig//e52a45a1c8c8fe895fc0fc8c4e6999b8-le64.cache-9
vlc /config/.cache/fontconfig//e52a45a1c8c8fe895fc0fc8c4e6999b8-le64.cache-9
vlc /usr/share/fonts/cmap/adobe-japan2/.uuid
vlc /config/.fontconfig//e52a45a1c8c8fe895fc0fc8c4e6999b8-le64.cache-9
vlc /usr/share/fonts/cmap/adobe-japan2/.uuid
vlc /usr/share/fonts/cmap/adobe-korea1
vlc /var/cache/fontconfig//188ac73a183f12857f63bb60a4a6d603-le64.cache-9
vlc /config/.cache/fontconfig//188ac73a183f12857f63bb60a4a6d603-le64.cache-9
vlc /usr/share/fonts/cmap/adobe-korea1/.uuid
vlc /config/.fontconfig//188ac73a183f12857f63bb60a4a6d603-le64.cache-9
vlc /usr/share/fonts/cmap/adobe-korea1/.uuid
vlc /usr/share/fonts/opentype/noto
vlc /var/cache/fontconfig//9b89f8e3dae116d678bbf48e5f21f69b-le64.cache-9
vlc /config/.cache/fontconfig//9b89f8e3dae116d678bbf48e5f21f69b-le64.cache-9
vlc /usr/share/fonts/opentype/noto/.uuid
vlc /config/.fontconfig//9b89f8e3dae116d678bbf48e5f21f69b-le64.cache-9
vlc /usr/share/fonts/opentype/noto/.uuid
vlc /usr/share/fonts/opentype/urw-base35
vlc /var/cache/fontconfig//6cc790b63b123a6a96ee260fcdad32a9-le64.cache-9
vlc /config/.cache/fontconfig//6cc790b63b123a6a96ee260fcdad32a9-le64.cache-9
vlc /usr/share/fonts/opentype/urw-base35/.uuid
vlc /config/.fontconfig//6cc790b63b123a6a96ee260fcdad32a9-le64.cache-9
vlc /usr/share/fonts/opentype/urw-base35/.uuid
vlc /usr/share/fonts/truetype/dm-mono
vlc /var/cache/fontconfig//c7ddd67d65d940f1c07452067469d45b-le64.cache-9
vlc /config/.cache/fontconfig//c7ddd67d65d940f1c07452067469d45b-le64.cache-9
vlc /usr/share/fonts/truetype/dm-mono/.uuid
vlc /config/.fontconfig//c7ddd67d65d940f1c07452067469d45b-le64.cache-9
vlc /usr/share/fonts/truetype/dm-mono/.uuid
vlc /usr/share/fonts/truetype/liberation
vlc /var/cache/fontconfig//3047814df9a2f067bd2d96a2b9c36e5a-le64.cache-9
vlc /config/.cache/fontconfig//3047814df9a2f067bd2d96a2b9c36e5a-le64.cache-9
vlc /usr/share/fonts/truetype/liberation/.uuid
vlc /config/.fontconfig//3047814df9a2f067bd2d96a2b9c36e5a-le64.cache-9
vlc /usr/share/fonts/truetype/liberation/.uuid
vlc /usr/share/fonts/truetype/libreoffice
vlc /var/cache/fontconfig//da43223dd54fb3bb4243ae19d4b583b2-le64.cache-9
vlc /config/.cache/fontconfig//da43223dd54fb3bb4243ae19d4b583b2-le64.cache-9
vlc /usr/share/fonts/truetype/libreoffice/.uuid
vlc /config/.fontconfig//da43223dd54fb3bb4243ae19d4b583b2-le64.cache-9
vlc /usr/share/fonts/truetype/libreoffice/.uuid
vlc /usr/share/fonts/truetype/noto
vlc /var/cache/fontconfig//0bd3dc0958fa2205aaaa8ebb13e2872b-le64.cache-9
vlc /config/.cache/fontconfig//0bd3dc0958fa2205aaaa8ebb13e2872b-le64.cache-9
vlc /usr/share/fonts/truetype/noto/.uuid
vlc /config/.fontconfig//0bd3dc0958fa2205aaaa8ebb13e2872b-le64.cache-9
vlc /usr/share/fonts/truetype/noto/.uuid
vlc /usr/share/fonts/truetype/space-grotesk
vlc /var/cache/fontconfig//60495f9738a6f38c2f3f93e3ff28e478-le64.cache-9
vlc /config/.cache/fontconfig//60495f9738a6f38c2f3f93e3ff28e478-le64.cache-9
vlc /usr/share/fonts/truetype/space-grotesk/.uuid
vlc /config/.fontconfig//60495f9738a6f38c2f3f93e3ff28e478-le64.cache-9
vlc /usr/share/fonts/truetype/space-grotesk/.uuid
vlc /usr/share/fonts/truetype/ubuntu
vlc /var/cache/fontconfig//2300eef321c393bfd76478a5c0e95b23-le64.cache-9
vlc /config/.cache/fontconfig//2300eef321c393bfd76478a5c0e95b23-le64.cache-9
vlc /usr/share/fonts/truetype/ubuntu/.uuid
vlc /config/.fontconfig//2300eef321c393bfd76478a5c0e95b23-le64.cache-9
vlc /usr/share/fonts/truetype/ubuntu/.uuid
vlc /usr/share/fonts/type1/urw-base35
vlc /var/cache/fontconfig//a4e60e8d1e10d2fdff3fe3037a1845fb-le64.cache-9
vlc /config/.cache/fontconfig//a4e60e8d1e10d2fdff3fe3037a1845fb-le64.cache-9
vlc /usr/share/fonts/type1/urw-base35/.uuid
vlc /config/.fontconfig//a4e60e8d1e10d2fdff3fe3037a1845fb-le64.cache-9
vlc /usr/share/fonts/type1/urw-base35/.uuid
vlc /usr/share/fonts/X11/encodings/large
vlc /var/cache/fontconfig//6333f38776742d18e214673cd2c24e34-le64.cache-9
vlc /config/.cache/fontconfig//6333f38776742d18e214673cd2c24e34-le64.cache-9
vlc /usr/share/fonts/X11/encodings/large/.uuid
vlc /config/.fontconfig//6333f38776742d18e214673cd2c24e34-le64.cache-9
vlc /usr/share/fonts/X11/encodings/large/.uuid
vlc /usr/share/fonts/truetype/noto/NotoSans-Regular.ttf
vlc /usr/lib/x86_64-linux-gnu/vlc/plugins/lua/liblua_plugin.so
vlc /etc/ld.so.cache
vlc /lib/x86_64-linux-gnu/liblua5.2.so.0
vlc /config/.local/share/vlc/lua/extensions
vlc /usr/lib/x86_64-linux-gnu/vlc/lua/extensions
vlc /usr/lib/x86_64-linux-gnu/vlc/lua/extensions/VLSub.luac
vlc /usr/lib/x86_64-linux-gnu/vlc/lua/extensions/VLSub.luac
vlc /usr/share/vlc/lua/extensions
vlc /usr/share/icons/breeze/apps/48/vlc.svg
vlc /usr/share/icons/breeze/apps/48/vlc.svg
vlc /usr/share/icons/breeze/apps/48/vlc.svg
vlc /usr/share/icons/breeze/apps/48/vlc.svg
vlc /usr/share/icons/breeze/apps/48/vlc.svg
vlc /usr/share/icons/breeze/apps/48/vlc.svg
vlc /usr/share/icons/breeze/apps/48/vlc.svg
dbus-daemon /run/systemd/users/911
dbus-daemon /proc/1120/cmdline
vlc /config/.Xdefaults-d0382e6f6dc3
vlc /config/.icons/breeze_cursors/cursors/left_ptr
vlc /config/.icons/breeze_cursors/index.theme
vlc /usr/share/icons/breeze_cursors/cursors/left_ptr
vlc /etc/passwd
plasmashell /dev/null
plasmashell /usr/share/plasma/services/statusnotifieritem.operations
kwin_x11 /usr/share/kubuntu-default-settings/kf5-settings/breezerc
QQmlThread /usr/share/plasma/plasmoids/org.kde.plasma.private.systemtray/contents/ui/items/StatusNotifierItem.qmlc
QQmlThread /config/.cache/plasmashell/qmlcache/bf209dd6c76f55b3051bd1903b1470893951e962.qmlc
QQmlThread /usr/share/plasma/plasmoids/org.kde.plasma.private.systemtray/contents/ui/items/StatusNotifierItem.qml
QQmlThread /config/.cache/plasmashell/qmlcache
QQmlThread /usr/share/plasma/plasmoids/org.kde.plasma.private.systemtray/contents/ui/items/StatusNotifierItem.qmlc
QQmlThread /config/.cache/plasmashell/qmlcache/bf209dd6c76f55b3051bd1903b1470893951e962.qmlc
plasmashell /config/Desktop/vlc.desktop
plasmashell /config/Desktop/vlc.desktop
plasmashell /config/Desktop/vlc.desktop
plasmashell /config/Desktop/vlc.desktop
plasmashell /config/Desktop/vlc.desktop
plasmashell /config/Desktop/vlc.desktop
plasmashell /config/Desktop/vlc.desktop
plasmashell /config/Desktop/vlc.desktop
plasmashell /config/Desktop/vlc.desktop
plasmashell /config/Desktop/vlc.desktop
plasmashell /config/Desktop/vlc.desktop
plasmashell /config/Desktop/vlc.desktop
plasmashell /config/Desktop/vlc.desktop
plasmashell /config/Desktop/vlc.desktop
plasmashell /config/Desktop/vlc.desktop
plasmashell /config/Desktop/vlc.desktop
plasmashell /config/Desktop/vlc.desktop
plasmashell /config/Desktop/vlc.desktop
plasmashell /config/Desktop/vlc.desktop
plasmashell /config/Desktop/vlc.desktop
plasmashell /config/Desktop/vlc.desktop
plasmashell /config/Desktop/vlc.desktop
plasmashell /config/Desktop/vlc.desktop
plasmashell /config/Desktop/vlc.desktop
plasmashell /config/Desktop/vlc.desktop
plasmashell /config/Desktop/vlc.desktop
plasmashell /config/Desktop/vlc.desktop
plasmashell /config/Desktop/vlc.desktop
plasmashell /config/Desktop/vlc.desktop
plasmashell /config/Desktop/vlc.desktop
plasmashell /config/Desktop/vlc.desktop
plasmashell /config/Desktop/vlc.desktop
plasmashell /config/Desktop/vlc.desktop
plasmashell /config/Desktop/vlc.desktop
plasmashell /config/Desktop/vlc.desktop
plasmashell /config/Desktop/vlc.desktop
plasmashell /config/Desktop/vlc.desktop
plasmashell /config/Desktop/vlc.desktop
plasmashell /config/Desktop/vlc.desktop
plasmashell /config/Desktop/vlc.desktop
plasmashell /config/Desktop/vlc.desktop
plasmashell /config/Desktop/vlc.desktop
plasmashell /config/Desktop/vlc.desktop
plasmashell /config/Desktop/vlc.desktop
plasmashell /config/Desktop/vlc.desktop
plasmashell /config/Desktop/vlc.desktop
plasmashell /config/Desktop/vlc.desktop
plasmashell /config/Desktop/vlc.desktop
kglobalaccel5 /config/.config/kglobalshortcutsrc.lock
kglobalaccel5 /proc/sys/kernel/random/boot_id
kglobalaccel5 /var/lib/dbus/machine-id
kglobalaccel5 /config/.config/kglobalshortcutsrc
kglobalaccel5 /config/.config
QQmlThread /usr/share/plasma/plasmoids/org.kde.plasma.taskmanager/contents/ui/inlinec
QQmlThread /config/.cache/plasmashell/qmlcache/3807403dffe42867d027edf93e6c2cc872923bac.
QQmlThread /usr/share/plasma/plasmoids/org.kde.plasma.taskmanager/contents/ui/GroupExpanderOverlay.qmlc
QQmlThread /config/.cache/plasmashell/qmlcache/bca21c2168a2062ac135a69ba48bc3166ca1f865.qmlc
QQmlThread /usr/share/plasma/plasmoids/org.kde.plasma.taskmanager/contents/ui/GroupExpanderOverlay.qml
QQmlThread /config/.cache/plasmashell/qmlcache
QQmlThread /usr/share/plasma/plasmoids/org.kde.plasma.taskmanager/contents/ui/GroupExpanderOverlay.qmlc
QQmlThread /config/.cache/plasmashell/qmlcache/bca21c2168a2062ac135a69ba48bc3166ca1f865.qmlc
plasmashell /usr/share/plasma/desktoptheme/default/icons/vlc.svgz
QSGRenderThread /config/.cache/mesa_shader_cache/e0/5250706703def1507c2b08bc094ccc6ce02270
plasmashell /config/.config/plasma-org.kde.plasma.desktop-appletsrc.lock
plasmashell /proc/sys/kernel/random/boot_id
plasmashell /var/lib/dbus/machine-id
plasmashell /config/.config/plasma-org.kde.plasma.desktop-appletsrc
plasmashell /config/.config
plasmas:disk$0 /config/.cache/mesa_shader_cache/e0/5250706703def1507c2b08bc094ccc6ce02270.tmp
QSGRenderThread /config/.cache/mesa_shader_cache/80/d3e9ca504a454f9a419ed0ad80fe8045218ede
plasmas:disk$0 /config/.cache/mesa_shader_cache/e0/5250706703def1507c2b08bc094ccc6ce02270.tmp
plasmas:disk$0 /config/.cache/mesa_shader_cache/e0/5250706703def1507c2b08bc094ccc6ce02270
QSGRenderThread /config/.cache/mesa_shader_cache/4f/56a27cad663faae24d17aa6ca9ee29809ad158
plasmas:disk$0 /config/.cache/mesa_shader_cache/4f/56a27cad663faae24d17aa6ca9ee29809ad158.tmp
QSGRenderThread /config/.cache/mesa_shader_cache/f7/a7b31ba35bed97603b63033fbe87f08a14666b
plasmas:disk$0 /config/.cache/mesa_shader_cache/4f/56a27cad663faae24d17aa6ca9ee29809ad158.tmp
plasmas:disk$0 /config/.cache/mesa_shader_cache/4f/56a27cad663faae24d17aa6ca9ee29809ad158
plasmas:disk$0 /config/.cache/mesa_shader_cache/f7/a7b31ba35bed97603b63033fbe87f08a14666b.tmp
plasmas:disk$0 /config/.cache/mesa_shader_cache/f7/a7b31ba35bed97603b63033fbe87f08a14666b.tmp
plasmas:disk$0 /config/.cache/mesa_shader_cache/f7/a7b31ba35bed97603b63033fbe87f08a14666b
xclip /etc/ld.so.cache
xclip /lib/x86_64-linux-gnu/libXmu.so.6
xclip /lib/x86_64-linux-gnu/libX11.so.6
xclip /lib/x86_64-linux-gnu/libc.so.6
xclip /lib/x86_64-linux-gnu/libXt.so.6
xclip /lib/x86_64-linux-gnu/libXext.so.6
xclip /lib/x86_64-linux-gnu/libxcb.so.1
xclip /lib/x86_64-linux-gnu/libSM.so.6
xclip /lib/x86_64-linux-gnu/libICE.so.6
xclip /lib/x86_64-linux-gnu/libXau.so.6
xclip /lib/x86_64-linux-gnu/libXdmcp.so.6
xclip /lib/x86_64-linux-gnu/libuuid.so.1
xclip /lib/x86_64-linux-gnu/libbsd.so.0
xclip /lib/x86_64-linux-gnu/libmd.so.0
xclip /usr/share/X11/locale/locale.alias
xclip /usr/share/X11/locale/locale.dir
xclip /usr/share/X11/locale/C/XLC_LOCALE
xclip /usr/share/X11/locale/locale.alias
xclip /usr/share/X11/locale/locale.dir
xclip /usr/share/X11/locale/C/XLC_LOCALE
Xvfb /proc/1216/cmdline
selkies /proc/stat
selkies /proc/meminfo
plasmashell /config/.config/plasma-org.kde.plasma.desktop-appletsrc
xclip /etc/ld.so.cache
xclip /lib/x86_64-linux-gnu/libXmu.so.6
xclip /lib/x86_64-linux-gnu/libX11.so.6
xclip /lib/x86_64-linux-gnu/libc.so.6
xclip /lib/x86_64-linux-gnu/libXt.so.6
xclip /lib/x86_64-linux-gnu/libXext.so.6
xclip /lib/x86_64-linux-gnu/libxcb.so.1
xclip /lib/x86_64-linux-gnu/libSM.so.6
xclip /lib/x86_64-linux-gnu/libICE.so.6
xclip /lib/x86_64-linux-gnu/libXau.so.6
xclip /lib/x86_64-linux-gnu/libXdmcp.so.6
xclip /lib/x86_64-linux-gnu/libuuid.so.1
xclip /lib/x86_64-linux-gnu/libbsd.so.0
xclip /lib/x86_64-linux-gnu/libmd.so.0
xclip /usr/share/X11/locale/locale.alias
xclip /usr/share/X11/locale/locale.dir
xclip /usr/share/X11/locale/C/XLC_LOCALE
xclip /usr/share/X11/locale/locale.alias
xclip /usr/share/X11/locale/locale.dir
xclip /usr/share/X11/locale/C/XLC_LOCALE
Xvfb /proc/1248/cmdline
xclip /etc/ld.so.cache
xclip /lib/x86_64-linux-gnu/libXmu.so.6
xclip /lib/x86_64-linux-gnu/libX11.so.6
xclip /lib/x86_64-linux-gnu/libc.so.6
xclip /lib/x86_64-linux-gnu/libXt.so.6
xclip /lib/x86_64-linux-gnu/libXext.so.6
xclip /lib/x86_64-linux-gnu/libxcb.so.1
xclip /lib/x86_64-linux-gnu/libSM.so.6
xclip /lib/x86_64-linux-gnu/libICE.so.6
xclip /lib/x86_64-linux-gnu/libXau.so.6
xclip /lib/x86_64-linux-gnu/libXdmcp.so.6
xclip /lib/x86_64-linux-gnu/libuuid.so.1
xclip /lib/x86_64-linux-gnu/libbsd.so.0
xclip /lib/x86_64-linux-gnu/libmd.so.0
xclip /usr/share/X11/locale/locale.alias
xclip /usr/share/X11/locale/locale.dir
xclip /usr/share/X11/locale/C/XLC_LOCALE
xclip /usr/share/X11/locale/locale.alias
xclip /usr/share/X11/locale/locale.dir
xclip /usr/share/X11/locale/C/XLC_LOCALE
Xvfb /proc/1279/cmdline
selkies /proc/stat
selkies /proc/meminfo
xclip /etc/ld.so.cache
xclip /lib/x86_64-linux-gnu/libXmu.so.6
xclip /lib/x86_64-linux-gnu/libX11.so.6
xclip /lib/x86_64-linux-gnu/libc.so.6
xclip /lib/x86_64-linux-gnu/libXt.so.6
xclip /lib/x86_64-linux-gnu/libXext.so.6
xclip /lib/x86_64-linux-gnu/libxcb.so.1
xclip /lib/x86_64-linux-gnu/libSM.so.6
xclip /lib/x86_64-linux-gnu/libICE.so.6
xclip /lib/x86_64-linux-gnu/libXau.so.6
xclip /lib/x86_64-linux-gnu/libXdmcp.so.6
xclip /lib/x86_64-linux-gnu/libuuid.so.1
xclip /lib/x86_64-linux-gnu/libbsd.so.0
xclip /lib/x86_64-linux-gnu/libmd.so.0
xclip /usr/share/X11/locale/locale.alias
xclip /usr/share/X11/locale/locale.dir
xclip /usr/share/X11/locale/C/XLC_LOCALE
xclip /usr/share/X11/locale/locale.alias
xclip /usr/share/X11/locale/locale.dir
xclip /usr/share/X11/locale/C/XLC_LOCALE
Xvfb /proc/1301/cmdline
xfconfd /config/.config/xfce4/xfconf/xfce-perchannel-xml//xsettings.xml.new
vlc /usr/lib/x86_64-linux-gnu/qt5/plugins/kf5/kwindowsystem
vlc /usr/lib/x86_64-linux-gnu/qt5/plugins/kf5/kwindowsystem/KF5WindowSystemX11Plugin.so
vlc /usr/lib/x86_64-linux-gnu/qt5/plugins/kf5/kwindowsystem/KF5WindowSystemX11Plugin.so.avx2
vlc /usr/lib/x86_64-linux-gnu/qt5/plugins/kf5/kwindowsystem/KF5WindowSystemX11Plugin.so
vlc /etc/ld.so.cache
vlc /lib/x86_64-linux-gnu/libxcb-res.so.0
xclip /etc/ld.so.cache
xclip /lib/x86_64-linux-gnu/libXmu.so.6
xclip /lib/x86_64-linux-gnu/libX11.so.6
xclip /lib/x86_64-linux-gnu/libc.so.6
xclip /lib/x86_64-linux-gnu/libXt.so.6
xclip /lib/x86_64-linux-gnu/libXext.so.6
xclip /lib/x86_64-linux-gnu/libxcb.so.1
xclip /lib/x86_64-linux-gnu/libSM.so.6
xclip /lib/x86_64-linux-gnu/libICE.so.6
xclip /lib/x86_64-linux-gnu/libXau.so.6
xclip /lib/x86_64-linux-gnu/libXdmcp.so.6
xclip /lib/x86_64-linux-gnu/libuuid.so.1
xclip /lib/x86_64-linux-gnu/libbsd.so.0
xclip /lib/x86_64-linux-gnu/libmd.so.0
xclip /usr/share/X11/locale/locale.alias
xclip /usr/share/X11/locale/locale.dir
xclip /usr/share/X11/locale/C/XLC_LOCALE
xclip /usr/share/X11/locale/locale.alias
xclip /usr/share/X11/locale/locale.dir
xclip /usr/share/X11/locale/C/XLC_LOCALE
Xvfb /proc/1305/cmdline
selkies /proc/stat
selkies /proc/meminfo
xclip /etc/ld.so.cache
xclip /lib/x86_64-linux-gnu/libXmu.so.6
xclip /lib/x86_64-linux-gnu/libX11.so.6
xclip /lib/x86_64-linux-gnu/libc.so.6
xclip /lib/x86_64-linux-gnu/libXt.so.6
xclip /lib/x86_64-linux-gnu/libXext.so.6
xclip /lib/x86_64-linux-gnu/libxcb.so.1
xclip /lib/x86_64-linux-gnu/libSM.so.6
xclip /lib/x86_64-linux-gnu/libICE.so.6
xclip /lib/x86_64-linux-gnu/libXau.so.6
xclip /lib/x86_64-linux-gnu/libXdmcp.so.6
xclip /lib/x86_64-linux-gnu/libuuid.so.1
xclip /lib/x86_64-linux-gnu/libbsd.so.0
xclip /lib/x86_64-linux-gnu/libmd.so.0
xclip /usr/share/X11/locale/locale.alias
xclip /usr/share/X11/locale/locale.dir
xclip /usr/share/X11/locale/C/XLC_LOCALE
xclip /usr/share/X11/locale/locale.alias
xclip /usr/share/X11/locale/locale.dir
xclip /usr/share/X11/locale/C/XLC_LOCALE
Xvfb /proc/1311/cmdline
kwin_x11 /config/.icons/default/cursors/w-resize
kwin_x11 /config/.icons/default/index.theme
kwin_x11 /usr/share/icons/default/cursors/w-resize
kwin_x11 /usr/share/icons/default/index.theme
kwin_x11 /usr/share/pixmaps/default/cursors/w-resize
kwin_x11 /usr/X11R6/lib/X11/icons/default/cursors/w-resize
kwin_x11 /config/.icons/breeze_cursors/cursors/w-resize
kwin_x11 /config/.icons/breeze_cursors/index.theme
kwin_x11 /usr/share/icons/breeze_cursors/cursors/w-resize
selkies /proc/stat
selkies /proc/meminfo
xclip /etc/ld.so.cache
xclip /lib/x86_64-linux-gnu/libXmu.so.6
xclip /lib/x86_64-linux-gnu/libX11.so.6
xclip /lib/x86_64-linux-gnu/libc.so.6
xclip /lib/x86_64-linux-gnu/libXt.so.6
xclip /lib/x86_64-linux-gnu/libXext.so.6
xclip /lib/x86_64-linux-gnu/libxcb.so.1
xclip /lib/x86_64-linux-gnu/libSM.so.6
xclip /lib/x86_64-linux-gnu/libICE.so.6
xclip /lib/x86_64-linux-gnu/libXau.so.6
xclip /lib/x86_64-linux-gnu/libXdmcp.so.6
xclip /lib/x86_64-linux-gnu/libuuid.so.1
xclip /lib/x86_64-linux-gnu/libbsd.so.0
xclip /lib/x86_64-linux-gnu/libmd.so.0
xclip /usr/share/X11/locale/locale.alias
xclip /usr/share/X11/locale/locale.dir
xclip /usr/share/X11/locale/C/XLC_LOCALE
xclip /usr/share/X11/locale/locale.alias
xclip /usr/share/X11/locale/locale.dir
xclip /usr/share/X11/locale/C/XLC_LOCALE
Xvfb /proc/1320/cmdline
xclip /etc/ld.so.cache
xclip /lib/x86_64-linux-gnu/libXmu.so.6
xclip /lib/x86_64-linux-gnu/libX11.so.6
xclip /lib/x86_64-linux-gnu/libc.so.6
xclip /lib/x86_64-linux-gnu/libXt.so.6
xclip /lib/x86_64-linux-gnu/libXext.so.6
xclip /lib/x86_64-linux-gnu/libxcb.so.1
xclip /lib/x86_64-linux-gnu/libSM.so.6
xclip /lib/x86_64-linux-gnu/libICE.so.6
xclip /lib/x86_64-linux-gnu/libXau.so.6
xclip /lib/x86_64-linux-gnu/libXdmcp.so.6
xclip /lib/x86_64-linux-gnu/libuuid.so.1
xclip /lib/x86_64-linux-gnu/libbsd.so.0
xclip /lib/x86_64-linux-gnu/libmd.so.0
xclip /usr/share/X11/locale/locale.alias
xclip /usr/share/X11/locale/locale.dir
xclip /usr/share/X11/locale/C/XLC_LOCALE
xclip /usr/share/X11/locale/locale.alias
xclip /usr/share/X11/locale/locale.dir
xclip /usr/share/X11/locale/C/XLC_LOCALE
Xvfb /proc/1322/cmdline
selkies /proc/stat
selkies /proc/meminfo
xclip /etc/ld.so.cache
xclip /lib/x86_64-linux-gnu/libXmu.so.6
xclip /lib/x86_64-linux-gnu/libX11.so.6
xclip /lib/x86_64-linux-gnu/libc.so.6
xclip /lib/x86_64-linux-gnu/libXt.so.6
xclip /lib/x86_64-linux-gnu/libXext.so.6
xclip /lib/x86_64-linux-gnu/libxcb.so.1
xclip /lib/x86_64-linux-gnu/libSM.so.6
xclip /lib/x86_64-linux-gnu/libICE.so.6
xclip /lib/x86_64-linux-gnu/libXau.so.6
xclip /lib/x86_64-linux-gnu/libXdmcp.so.6
xclip /lib/x86_64-linux-gnu/libuuid.so.1
xclip /lib/x86_64-linux-gnu/libbsd.so.0
xclip /lib/x86_64-linux-gnu/libmd.so.0
xclip /usr/share/X11/locale/locale.alias
xclip /usr/share/X11/locale/locale.dir
xclip /usr/share/X11/locale/C/XLC_LOCALE
xclip /usr/share/X11/locale/locale.alias
xclip /usr/share/X11/locale/locale.dir
xclip /usr/share/X11/locale/C/XLC_LOCALE
Xvfb /proc/1331/cmdline
xclip /etc/ld.so.cache
xclip /lib/x86_64-linux-gnu/libXmu.so.6
xclip /lib/x86_64-linux-gnu/libX11.so.6
xclip /lib/x86_64-linux-gnu/libc.so.6
xclip /lib/x86_64-linux-gnu/libXt.so.6
xclip /lib/x86_64-linux-gnu/libXext.so.6
xclip /lib/x86_64-linux-gnu/libxcb.so.1
xclip /lib/x86_64-linux-gnu/libSM.so.6
xclip /lib/x86_64-linux-gnu/libICE.so.6
xclip /lib/x86_64-linux-gnu/libXau.so.6
xclip /lib/x86_64-linux-gnu/libXdmcp.so.6
xclip /lib/x86_64-linux-gnu/libuuid.so.1
xclip /lib/x86_64-linux-gnu/libbsd.so.0
xclip /lib/x86_64-linux-gnu/libmd.so.0
xclip /usr/share/X11/locale/locale.alias
xclip /usr/share/X11/locale/locale.dir
xclip /usr/share/X11/locale/C/XLC_LOCALE
xclip /usr/share/X11/locale/locale.alias
plasmashell /config/.cache/plasma-svgelements.lock
plasmashell /proc/sys/kernel/random/boot_id
xclip /usr/share/X11/locale/locale.dir
plasmashell /var/lib/dbus/machine-id
xclip /usr/share/X11/locale/C/XLC_LOCALE
Xvfb /proc/1333/cmdline
plasmashell /config/.cache/plasma-svgelements
plasmashell /config/.cache
vlc /dev
plasmashell /config/.local/share/kservices5
plasmashell /config/.local/share/mime
plasmashell /etc/xdg/menus
plasmashell /usr/local/share/kservices5
plasmashell /usr/local/share/mime
plasmashell /usr/share/kservices5
plasmashell /usr/share/kservices5/ServiceMenus
plasmashell /usr/share/kservices5/qimageioplugins
plasmashell /usr/share/kservices5/searchproviders
plasmashell /usr/share/mime
plasmashell /usr/share/mime/application
plasmashell /usr/share/mime/audio
plasmashell /usr/share/mime/chemical
plasmashell /usr/share/mime/font
plasmashell /usr/share/mime/image
plasmashell /usr/share/mime/inode
plasmashell /usr/share/mime/message
plasmashell /usr/share/mime/model
plasmashell /usr/share/mime/multipart
plasmashell /usr/share/mime/packages
plasmashell /usr/share/mime/text
plasmashell /usr/share/mime/video
plasmashell /usr/share/mime/x-content
plasmashell /usr/share/mime/x-epoc
selkies /proc/stat
selkies /proc/meminfo
xclip /etc/ld.so.cache
xclip /lib/x86_64-linux-gnu/libXmu.so.6
xclip /lib/x86_64-linux-gnu/libX11.so.6
xclip /lib/x86_64-linux-gnu/libc.so.6
xclip /lib/x86_64-linux-gnu/libXt.so.6
xclip /lib/x86_64-linux-gnu/libXext.so.6
xclip /lib/x86_64-linux-gnu/libxcb.so.1
xclip /lib/x86_64-linux-gnu/libSM.so.6
xclip /lib/x86_64-linux-gnu/libICE.so.6
xclip /lib/x86_64-linux-gnu/libXau.so.6
xclip /lib/x86_64-linux-gnu/libXdmcp.so.6
xclip /lib/x86_64-linux-gnu/libuuid.so.1
xclip /lib/x86_64-linux-gnu/libbsd.so.0
xclip /lib/x86_64-linux-gnu/libmd.so.0
xclip /usr/share/X11/locale/locale.alias
xclip /usr/share/X11/locale/locale.dir
xclip /usr/share/X11/locale/C/XLC_LOCALE
xclip /usr/share/X11/locale/locale.alias
xclip /usr/share/X11/locale/locale.dir
xclip /usr/share/X11/locale/C/XLC_LOCALE
Xvfb /proc/1348/cmdline
xclip /etc/ld.so.cache
xclip /lib/x86_64-linux-gnu/libXmu.so.6
xclip /lib/x86_64-linux-gnu/libX11.so.6
xclip /lib/x86_64-linux-gnu/libc.so.6
xclip /lib/x86_64-linux-gnu/libXt.so.6
xclip /lib/x86_64-linux-gnu/libXext.so.6
xclip /lib/x86_64-linux-gnu/libxcb.so.1
xclip /lib/x86_64-linux-gnu/libSM.so.6
xclip /lib/x86_64-linux-gnu/libICE.so.6
xclip /lib/x86_64-linux-gnu/libXau.so.6
xclip /lib/x86_64-linux-gnu/libXdmcp.so.6
xclip /lib/x86_64-linux-gnu/libuuid.so.1
xclip /lib/x86_64-linux-gnu/libbsd.so.0
xclip /lib/x86_64-linux-gnu/libmd.so.0
xclip /usr/share/X11/locale/locale.alias
xclip /usr/share/X11/locale/locale.dir
xclip /usr/share/X11/locale/C/XLC_LOCALE
xclip /usr/share/X11/locale/locale.alias
xclip /usr/share/X11/locale/locale.dir
xclip /usr/share/X11/locale/C/XLC_LOCALE
Xvfb /proc/1355/cmdline
selkies /proc/stat
selkies /proc/meminfo
xclip /etc/ld.so.cache
xclip /lib/x86_64-linux-gnu/libXmu.so.6
xclip /lib/x86_64-linux-gnu/libX11.so.6
xclip /lib/x86_64-linux-gnu/libc.so.6
xclip /lib/x86_64-linux-gnu/libXt.so.6
xclip /lib/x86_64-linux-gnu/libXext.so.6
xclip /lib/x86_64-linux-gnu/libxcb.so.1
xclip /lib/x86_64-linux-gnu/libSM.so.6
xclip /lib/x86_64-linux-gnu/libICE.so.6
xclip /lib/x86_64-linux-gnu/libXau.so.6
xclip /lib/x86_64-linux-gnu/libXdmcp.so.6
xclip /lib/x86_64-linux-gnu/libuuid.so.1
xclip /lib/x86_64-linux-gnu/libbsd.so.0
xclip /lib/x86_64-linux-gnu/libmd.so.0
xclip /usr/share/X11/locale/locale.alias
xclip /usr/share/X11/locale/locale.dir
xclip /usr/share/X11/locale/C/XLC_LOCALE
xclip /usr/share/X11/locale/locale.alias
xclip /usr/share/X11/locale/locale.dir
xclip /usr/share/X11/locale/C/XLC_LOCALE
Xvfb /proc/1362/cmdline
vlc /usr/share/X11/locale/locale.alias
vlc /config/.config/XCompose
vlc /config/.XCompose
vlc /usr/share/X11/locale/compose.dir
vlc /usr/share/X11/locale/en_US.UTF-8/Compose
xclip /etc/ld.so.cache
xclip /lib/x86_64-linux-gnu/libXmu.so.6
xclip /lib/x86_64-linux-gnu/libX11.so.6
xclip /lib/x86_64-linux-gnu/libc.so.6
xclip /lib/x86_64-linux-gnu/libXt.so.6
xclip /lib/x86_64-linux-gnu/libXext.so.6
xclip /lib/x86_64-linux-gnu/libxcb.so.1
xclip /lib/x86_64-linux-gnu/libSM.so.6
xclip /lib/x86_64-linux-gnu/libICE.so.6
xclip /lib/x86_64-linux-gnu/libXau.so.6
xclip /lib/x86_64-linux-gnu/libXdmcp.so.6
xclip /lib/x86_64-linux-gnu/libuuid.so.1
xclip /lib/x86_64-linux-gnu/libbsd.so.0
xclip /lib/x86_64-linux-gnu/libmd.so.0
xclip /usr/share/X11/locale/locale.alias
xclip /usr/share/X11/locale/locale.dir
xclip /usr/share/X11/locale/C/XLC_LOCALE
xclip /usr/share/X11/locale/locale.alias
xclip /usr/share/X11/locale/locale.dir
xclip /usr/share/X11/locale/C/XLC_LOCALE
Xvfb /proc/1375/cmdline
selkies /proc/stat
selkies /proc/meminfo
xclip /etc/ld.so.cache
xclip /lib/x86_64-linux-gnu/libXmu.so.6
xclip /lib/x86_64-linux-gnu/libX11.so.6
xclip /lib/x86_64-linux-gnu/libc.so.6
xclip /lib/x86_64-linux-gnu/libXt.so.6
xclip /lib/x86_64-linux-gnu/libXext.so.6
xclip /lib/x86_64-linux-gnu/libxcb.so.1
xclip /lib/x86_64-linux-gnu/libSM.so.6
xclip /lib/x86_64-linux-gnu/libICE.so.6
xclip /lib/x86_64-linux-gnu/libXau.so.6
xclip /lib/x86_64-linux-gnu/libXdmcp.so.6
xclip /lib/x86_64-linux-gnu/libuuid.so.1
xclip /lib/x86_64-linux-gnu/libbsd.so.0
xclip /lib/x86_64-linux-gnu/libmd.so.0
xclip /usr/share/X11/locale/locale.alias
xclip /usr/share/X11/locale/locale.dir
xclip /usr/share/X11/locale/C/XLC_LOCALE
xclip /usr/share/X11/locale/locale.alias
xclip /usr/share/X11/locale/locale.dir
xclip /usr/share/X11/locale/C/XLC_LOCALE
Xvfb /proc/1381/cmdline
xclip /etc/ld.so.cache
xclip /lib/x86_64-linux-gnu/libXmu.so.6
xclip /lib/x86_64-linux-gnu/libX11.so.6
xclip /lib/x86_64-linux-gnu/libc.so.6
xclip /lib/x86_64-linux-gnu/libXt.so.6
xclip /lib/x86_64-linux-gnu/libXext.so.6
xclip /lib/x86_64-linux-gnu/libxcb.so.1
xclip /lib/x86_64-linux-gnu/libSM.so.6
xclip /lib/x86_64-linux-gnu/libICE.so.6
xclip /lib/x86_64-linux-gnu/libXau.so.6
xclip /lib/x86_64-linux-gnu/libXdmcp.so.6
xclip /lib/x86_64-linux-gnu/libuuid.so.1
xclip /lib/x86_64-linux-gnu/libbsd.so.0
xclip /lib/x86_64-linux-gnu/libmd.so.0
xclip /usr/share/X11/locale/locale.alias
xclip /usr/share/X11/locale/locale.dir
xclip /usr/share/X11/locale/C/XLC_LOCALE
xclip /usr/share/X11/locale/locale.alias
xclip /usr/share/X11/locale/locale.dir
xclip /usr/share/X11/locale/C/XLC_LOCALE
Xvfb /proc/1390/cmdline
selkies /proc/stat
selkies /proc/meminfo
xdotool /etc/ld.so.cache
xdotool /lib/x86_64-linux-gnu/libxdo.so.3
xdotool /lib/x86_64-linux-gnu/libm.so.6
xdotool /lib/x86_64-linux-gnu/libX11.so.6
xdotool /lib/x86_64-linux-gnu/libc.so.6
xdotool /lib/x86_64-linux-gnu/libXtst.so.6
xdotool /lib/x86_64-linux-gnu/libXinerama.so.1
xdotool /lib/x86_64-linux-gnu/libxkbcommon.so.0
xdotool /lib/x86_64-linux-gnu/libxcb.so.1
xdotool /lib/x86_64-linux-gnu/libXext.so.6
xdotool /lib/x86_64-linux-gnu/libXau.so.6
xdotool /lib/x86_64-linux-gnu/libXdmcp.so.6
xdotool /lib/x86_64-linux-gnu/libbsd.so.0
xdotool /lib/x86_64-linux-gnu/libmd.so.0
Xvfb /proc/1392/cmdline
xdotool /etc/ld.so.cache
xdotool /lib/x86_64-linux-gnu/libxdo.so.3
xdotool /lib/x86_64-linux-gnu/libm.so.6
xdotool /lib/x86_64-linux-gnu/libX11.so.6
xdotool /lib/x86_64-linux-gnu/libc.so.6
xdotool /lib/x86_64-linux-gnu/libXtst.so.6
xdotool /lib/x86_64-linux-gnu/libXinerama.so.1
xdotool /lib/x86_64-linux-gnu/libxkbcommon.so.0
xdotool /lib/x86_64-linux-gnu/libxcb.so.1
xdotool /lib/x86_64-linux-gnu/libXext.so.6
xdotool /lib/x86_64-linux-gnu/libXau.so.6
xdotool /lib/x86_64-linux-gnu/libXdmcp.so.6
xdotool /lib/x86_64-linux-gnu/libbsd.so.0
xdotool /lib/x86_64-linux-gnu/libmd.so.0
Xvfb /proc/1393/cmdline
xclip /etc/ld.so.cache
xclip /lib/x86_64-linux-gnu/libXmu.so.6
xclip /lib/x86_64-linux-gnu/libX11.so.6
xclip /lib/x86_64-linux-gnu/libc.so.6
xclip /lib/x86_64-linux-gnu/libXt.so.6
xclip /lib/x86_64-linux-gnu/libXext.so.6
xclip /lib/x86_64-linux-gnu/libxcb.so.1
xclip /lib/x86_64-linux-gnu/libSM.so.6
xclip /lib/x86_64-linux-gnu/libICE.so.6
xclip /lib/x86_64-linux-gnu/libXau.so.6
xclip /lib/x86_64-linux-gnu/libXdmcp.so.6
xclip /lib/x86_64-linux-gnu/libuuid.so.1
xclip /lib/x86_64-linux-gnu/libbsd.so.0
xclip /lib/x86_64-linux-gnu/libmd.so.0
xclip /usr/share/X11/locale/locale.alias
xclip /usr/share/X11/locale/locale.dir
xclip /usr/share/X11/locale/C/XLC_LOCALE
xclip /usr/share/X11/locale/locale.alias
xclip /usr/share/X11/locale/locale.dir
xclip /usr/share/X11/locale/C/XLC_LOCALE
Xvfb /proc/1395/cmdline
xclip /etc/ld.so.cache
xclip /lib/x86_64-linux-gnu/libXmu.so.6
xclip /lib/x86_64-linux-gnu/libX11.so.6
xclip /lib/x86_64-linux-gnu/libc.so.6
xclip /lib/x86_64-linux-gnu/libXt.so.6
xclip /lib/x86_64-linux-gnu/libXext.so.6
xclip /lib/x86_64-linux-gnu/libxcb.so.1
xclip /lib/x86_64-linux-gnu/libSM.so.6
xclip /lib/x86_64-linux-gnu/libICE.so.6
xclip /lib/x86_64-linux-gnu/libXau.so.6
xclip /lib/x86_64-linux-gnu/libXdmcp.so.6
xclip /lib/x86_64-linux-gnu/libuuid.so.1
xclip /lib/x86_64-linux-gnu/libbsd.so.0
xclip /lib/x86_64-linux-gnu/libmd.so.0
xclip /usr/share/X11/locale/locale.alias
xclip /usr/share/X11/locale/locale.dir
xclip /usr/share/X11/locale/C/XLC_LOCALE
xclip /usr/share/X11/locale/locale.alias
xclip /usr/share/X11/locale/locale.dir
xclip /usr/share/X11/locale/C/XLC_LOCALE
Xvfb /proc/1402/cmdline
selkies /proc/stat
selkies /proc/meminfo
xclip /etc/ld.so.cache
xclip /lib/x86_64-linux-gnu/libXmu.so.6
xclip /lib/x86_64-linux-gnu/libX11.so.6
xclip /lib/x86_64-linux-gnu/libc.so.6
xclip /lib/x86_64-linux-gnu/libXt.so.6
xclip /lib/x86_64-linux-gnu/libXext.so.6
xclip /lib/x86_64-linux-gnu/libxcb.so.1
xclip /lib/x86_64-linux-gnu/libSM.so.6
xclip /lib/x86_64-linux-gnu/libICE.so.6
xclip /lib/x86_64-linux-gnu/libXau.so.6
xclip /lib/x86_64-linux-gnu/libXdmcp.so.6
xclip /lib/x86_64-linux-gnu/libuuid.so.1
xclip /lib/x86_64-linux-gnu/libbsd.so.0
xclip /lib/x86_64-linux-gnu/libmd.so.0
xclip /usr/share/X11/locale/locale.alias
xclip /usr/share/X11/locale/locale.dir
xclip /usr/share/X11/locale/C/XLC_LOCALE
xclip /usr/share/X11/locale/locale.alias
xclip /usr/share/X11/locale/locale.dir
xclip /usr/share/X11/locale/C/XLC_LOCALE
Xvfb /proc/1410/cmdline
xdotool /etc/ld.so.cache
xdotool /lib/x86_64-linux-gnu/libxdo.so.3
xdotool /lib/x86_64-linux-gnu/libm.so.6
xdotool /lib/x86_64-linux-gnu/libX11.so.6
xdotool /lib/x86_64-linux-gnu/libc.so.6
xdotool /lib/x86_64-linux-gnu/libXtst.so.6
xdotool /lib/x86_64-linux-gnu/libXinerama.so.1
xdotool /lib/x86_64-linux-gnu/libxkbcommon.so.0
xdotool /lib/x86_64-linux-gnu/libxcb.so.1
xdotool /lib/x86_64-linux-gnu/libXext.so.6
xdotool /lib/x86_64-linux-gnu/libXau.so.6
xdotool /lib/x86_64-linux-gnu/libXdmcp.so.6
xdotool /lib/x86_64-linux-gnu/libbsd.so.0
xdotool /lib/x86_64-linux-gnu/libmd.so.0
Xvfb /proc/1415/cmdline
xdotool /usr/lib/locale/locale-archive
xdotool /usr/lib/x86_64-linux-gnu/gconv/gconv-modules.cache
xdotool /etc/ld.so.cache
xdotool /lib/x86_64-linux-gnu/libxdo.so.3
xdotool /lib/x86_64-linux-gnu/libm.so.6
xdotool /lib/x86_64-linux-gnu/libX11.so.6
xdotool /lib/x86_64-linux-gnu/libc.so.6
xdotool /lib/x86_64-linux-gnu/libXtst.so.6
xdotool /lib/x86_64-linux-gnu/libXinerama.so.1
xdotool /lib/x86_64-linux-gnu/libxkbcommon.so.0
xdotool /lib/x86_64-linux-gnu/libxcb.so.1
xdotool /lib/x86_64-linux-gnu/libXext.so.6
xdotool /lib/x86_64-linux-gnu/libXau.so.6
xdotool /lib/x86_64-linux-gnu/libXdmcp.so.6
xdotool /lib/x86_64-linux-gnu/libbsd.so.0
xdotool /lib/x86_64-linux-gnu/libmd.so.0
Xvfb /proc/1417/cmdline
xdotool /usr/lib/locale/locale-archive
xdotool /usr/lib/x86_64-linux-gnu/gconv/gconv-modules.cache
xclip /etc/ld.so.cache
xclip /lib/x86_64-linux-gnu/libXmu.so.6
xclip /lib/x86_64-linux-gnu/libX11.so.6
xclip /lib/x86_64-linux-gnu/libc.so.6
xclip /lib/x86_64-linux-gnu/libXt.so.6
xclip /lib/x86_64-linux-gnu/libXext.so.6
xclip /lib/x86_64-linux-gnu/libxcb.so.1
xclip /lib/x86_64-linux-gnu/libSM.so.6
xclip /lib/x86_64-linux-gnu/libICE.so.6
xclip /lib/x86_64-linux-gnu/libXau.so.6
xclip /lib/x86_64-linux-gnu/libXdmcp.so.6
xclip /lib/x86_64-linux-gnu/libuuid.so.1
xclip /lib/x86_64-linux-gnu/libbsd.so.0
xclip /lib/x86_64-linux-gnu/libmd.so.0
xclip /usr/share/X11/locale/locale.alias
xclip /usr/share/X11/locale/locale.dir
xclip /usr/share/X11/locale/C/XLC_LOCALE
xclip /usr/share/X11/locale/locale.alias
xclip /usr/share/X11/locale/locale.dir
xclip /usr/share/X11/locale/C/XLC_LOCALE
Xvfb /proc/1418/cmdline
selkies /proc/stat
selkies /proc/meminfo
xdotool /etc/ld.so.cache
xdotool /lib/x86_64-linux-gnu/libxdo.so.3
xdotool /lib/x86_64-linux-gnu/libm.so.6
xdotool /lib/x86_64-linux-gnu/libX11.so.6
xdotool /lib/x86_64-linux-gnu/libc.so.6
xdotool /lib/x86_64-linux-gnu/libXtst.so.6
xdotool /lib/x86_64-linux-gnu/libXinerama.so.1
xdotool /lib/x86_64-linux-gnu/libxkbcommon.so.0
xdotool /lib/x86_64-linux-gnu/libxcb.so.1
xdotool /lib/x86_64-linux-gnu/libXext.so.6
xdotool /lib/x86_64-linux-gnu/libXau.so.6
xdotool /lib/x86_64-linux-gnu/libXdmcp.so.6
xdotool /lib/x86_64-linux-gnu/libbsd.so.0
xdotool /lib/x86_64-linux-gnu/libmd.so.0
Xvfb /proc/1420/cmdline
xdotool /usr/lib/locale/locale-archive
xdotool /usr/lib/x86_64-linux-gnu/gconv/gconv-modules.cache
xclip /etc/ld.so.cache
xclip /lib/x86_64-linux-gnu/libXmu.so.6
xclip /lib/x86_64-linux-gnu/libX11.so.6
xclip /lib/x86_64-linux-gnu/libc.so.6
xclip /lib/x86_64-linux-gnu/libXt.so.6
xclip /lib/x86_64-linux-gnu/libXext.so.6
xclip /lib/x86_64-linux-gnu/libxcb.so.1
xclip /lib/x86_64-linux-gnu/libSM.so.6
xclip /lib/x86_64-linux-gnu/libICE.so.6
xclip /lib/x86_64-linux-gnu/libXau.so.6
xclip /lib/x86_64-linux-gnu/libXdmcp.so.6
xclip /lib/x86_64-linux-gnu/libuuid.so.1
xclip /lib/x86_64-linux-gnu/libbsd.so.0
xclip /lib/x86_64-linux-gnu/libmd.so.0
xclip /usr/share/X11/locale/locale.alias
xclip /usr/share/X11/locale/locale.dir
xclip /usr/share/X11/locale/C/XLC_LOCALE
xclip /usr/share/X11/locale/locale.alias
xclip /usr/share/X11/locale/locale.dir
xclip /usr/share/X11/locale/C/XLC_LOCALE
Xvfb /proc/1427/cmdline
xclip /etc/ld.so.cache
xclip /lib/x86_64-linux-gnu/libXmu.so.6
xclip /lib/x86_64-linux-gnu/libX11.so.6
xclip /lib/x86_64-linux-gnu/libc.so.6
selkies /proc/stat
selkies /proc/meminfo
xclip /lib/x86_64-linux-gnu/libXt.so.6
xclip /lib/x86_64-linux-gnu/libXext.so.6
xclip /lib/x86_64-linux-gnu/libxcb.so.1
xclip /lib/x86_64-linux-gnu/libSM.so.6
xclip /lib/x86_64-linux-gnu/libICE.so.6
xclip /lib/x86_64-linux-gnu/libXau.so.6
xclip /lib/x86_64-linux-gnu/libXdmcp.so.6
xclip /lib/x86_64-linux-gnu/libuuid.so.1
xclip /lib/x86_64-linux-gnu/libbsd.so.0
xclip /lib/x86_64-linux-gnu/libmd.so.0
xclip /usr/share/X11/locale/locale.alias
xclip /usr/share/X11/locale/locale.dir
xclip /usr/share/X11/locale/C/XLC_LOCALE
xclip /usr/share/X11/locale/locale.alias
xclip /usr/share/X11/locale/locale.dir
xclip /usr/share/X11/locale/C/XLC_LOCALE
Xvfb /proc/1431/cmdline
xclip /etc/ld.so.cache
xclip /lib/x86_64-linux-gnu/libXmu.so.6
xclip /lib/x86_64-linux-gnu/libX11.so.6
xclip /lib/x86_64-linux-gnu/libc.so.6
xclip /lib/x86_64-linux-gnu/libXt.so.6
xclip /lib/x86_64-linux-gnu/libXext.so.6
xclip /lib/x86_64-linux-gnu/libxcb.so.1
xclip /lib/x86_64-linux-gnu/libSM.so.6
xclip /lib/x86_64-linux-gnu/libICE.so.6
xclip /lib/x86_64-linux-gnu/libXau.so.6
xclip /lib/x86_64-linux-gnu/libXdmcp.so.6
xclip /lib/x86_64-linux-gnu/libuuid.so.1
xclip /lib/x86_64-linux-gnu/libbsd.so.0
xclip /lib/x86_64-linux-gnu/libmd.so.0
xclip /usr/share/X11/locale/locale.alias
xclip /usr/share/X11/locale/locale.dir
xclip /usr/share/X11/locale/C/XLC_LOCALE
xclip /usr/share/X11/locale/locale.alias
xclip /usr/share/X11/locale/locale.dir
xclip /usr/share/X11/locale/C/XLC_LOCALE
Xvfb /proc/1438/cmdline
xdotool /etc/ld.so.cache
xdotool /lib/x86_64-linux-gnu/libxdo.so.3
xdotool /lib/x86_64-linux-gnu/libm.so.6
xdotool /lib/x86_64-linux-gnu/libX11.so.6
xdotool /lib/x86_64-linux-gnu/libc.so.6
xdotool /lib/x86_64-linux-gnu/libXtst.so.6
xdotool /lib/x86_64-linux-gnu/libXinerama.so.1
xdotool /lib/x86_64-linux-gnu/libxkbcommon.so.0
xdotool /lib/x86_64-linux-gnu/libxcb.so.1
xdotool /lib/x86_64-linux-gnu/libXext.so.6
xdotool /lib/x86_64-linux-gnu/libXau.so.6
xdotool /lib/x86_64-linux-gnu/libXdmcp.so.6
xdotool /lib/x86_64-linux-gnu/libbsd.so.0
xdotool /lib/x86_64-linux-gnu/libmd.so.0
Xvfb /proc/1440/cmdline
xdotool /etc/ld.so.cache
xdotool /lib/x86_64-linux-gnu/libxdo.so.3
xdotool /lib/x86_64-linux-gnu/libm.so.6
xdotool /lib/x86_64-linux-gnu/libX11.so.6
xdotool /lib/x86_64-linux-gnu/libc.so.6
xdotool /lib/x86_64-linux-gnu/libXtst.so.6
xdotool /lib/x86_64-linux-gnu/libXinerama.so.1
xdotool /lib/x86_64-linux-gnu/libxkbcommon.so.0
xdotool /lib/x86_64-linux-gnu/libxcb.so.1
xdotool /lib/x86_64-linux-gnu/libXext.so.6
xdotool /lib/x86_64-linux-gnu/libXau.so.6
xdotool /lib/x86_64-linux-gnu/libXdmcp.so.6
xdotool /lib/x86_64-linux-gnu/libbsd.so.0
xdotool /lib/x86_64-linux-gnu/libmd.so.0
Xvfb /proc/1445/cmdline
xdotool /usr/share/X11/XKeysymDB
xdotool /etc/ld.so.cache
xdotool /lib/x86_64-linux-gnu/libxdo.so.3
xdotool /lib/x86_64-linux-gnu/libm.so.6
xdotool /lib/x86_64-linux-gnu/libX11.so.6
xdotool /lib/x86_64-linux-gnu/libc.so.6
xdotool /lib/x86_64-linux-gnu/libXtst.so.6
xdotool /lib/x86_64-linux-gnu/libXinerama.so.1
xdotool /lib/x86_64-linux-gnu/libxkbcommon.so.0
xdotool /lib/x86_64-linux-gnu/libxcb.so.1
xdotool /lib/x86_64-linux-gnu/libXext.so.6
xdotool /lib/x86_64-linux-gnu/libXau.so.6
xdotool /lib/x86_64-linux-gnu/libXdmcp.so.6
xdotool /lib/x86_64-linux-gnu/libbsd.so.0
xdotool /lib/x86_64-linux-gnu/libmd.so.0
Xvfb /proc/1447/cmdline
xdotool /usr/share/X11/XKeysymDB
selkies /proc/stat
selkies /proc/meminfo
xclip /etc/ld.so.cache
xclip /lib/x86_64-linux-gnu/libXmu.so.6
xclip /lib/x86_64-linux-gnu/libX11.so.6
xclip /lib/x86_64-linux-gnu/libc.so.6
xclip /lib/x86_64-linux-gnu/libXt.so.6
xclip /lib/x86_64-linux-gnu/libXext.so.6
xclip /lib/x86_64-linux-gnu/libxcb.so.1
xclip /lib/x86_64-linux-gnu/libSM.so.6
xclip /lib/x86_64-linux-gnu/libICE.so.6
xclip /lib/x86_64-linux-gnu/libXau.so.6
xclip /lib/x86_64-linux-gnu/libXdmcp.so.6
xclip /lib/x86_64-linux-gnu/libuuid.so.1
xclip /lib/x86_64-linux-gnu/libbsd.so.0
xclip /lib/x86_64-linux-gnu/libmd.so.0
xdotool /etc/ld.so.cache
xdotool /lib/x86_64-linux-gnu/libxdo.so.3
xdotool /lib/x86_64-linux-gnu/libm.so.6
xdotool /lib/x86_64-linux-gnu/libX11.so.6
xdotool /lib/x86_64-linux-gnu/libc.so.6
xclip /usr/share/X11/locale/locale.alias
xdotool /lib/x86_64-linux-gnu/libXtst.so.6
xdotool /lib/x86_64-linux-gnu/libXinerama.so.1
xdotool /lib/x86_64-linux-gnu/libxkbcommon.so.0
xclip /usr/share/X11/locale/locale.dir
xdotool /lib/x86_64-linux-gnu/libxcb.so.1
xclip /usr/share/X11/locale/C/XLC_LOCALE
xdotool /lib/x86_64-linux-gnu/libXext.so.6
xclip /usr/share/X11/locale/locale.alias
xdotool /lib/x86_64-linux-gnu/libXau.so.6
xdotool /lib/x86_64-linux-gnu/libXdmcp.so.6
xdotool /lib/x86_64-linux-gnu/libbsd.so.0
xclip /usr/share/X11/locale/locale.dir
xdotool /lib/x86_64-linux-gnu/libmd.so.0
xclip /usr/share/X11/locale/C/XLC_LOCALE
Xvfb /proc/1448/cmdline
Xvfb /proc/1449/cmdline
xclip /etc/ld.so.cache
xclip /lib/x86_64-linux-gnu/libXmu.so.6
xclip /lib/x86_64-linux-gnu/libX11.so.6
xclip /lib/x86_64-linux-gnu/libc.so.6
xclip /lib/x86_64-linux-gnu/libXt.so.6
xclip /lib/x86_64-linux-gnu/libXext.so.6
xclip /lib/x86_64-linux-gnu/libxcb.so.1
xclip /lib/x86_64-linux-gnu/libSM.so.6
xclip /lib/x86_64-linux-gnu/libICE.so.6
xclip /lib/x86_64-linux-gnu/libXau.so.6
xclip /lib/x86_64-linux-gnu/libXdmcp.so.6
xclip /lib/x86_64-linux-gnu/libuuid.so.1
xclip /lib/x86_64-linux-gnu/libbsd.so.0
xclip /lib/x86_64-linux-gnu/libmd.so.0
xclip /usr/share/X11/locale/locale.alias
xclip /usr/share/X11/locale/locale.dir
xclip /usr/share/X11/locale/C/XLC_LOCALE
xclip /usr/share/X11/locale/locale.alias
xclip /usr/share/X11/locale/locale.dir
xclip /usr/share/X11/locale/C/XLC_LOCALE
Xvfb /proc/1455/cmdline
selkies /proc/stat
selkies /proc/meminfo
xclip /etc/ld.so.cache
xclip /lib/x86_64-linux-gnu/libXmu.so.6
xclip /lib/x86_64-linux-gnu/libX11.so.6
xclip /lib/x86_64-linux-gnu/libc.so.6
xclip /lib/x86_64-linux-gnu/libXt.so.6
xclip /lib/x86_64-linux-gnu/libXext.so.6
xclip /lib/x86_64-linux-gnu/libxcb.so.1
xclip /lib/x86_64-linux-gnu/libSM.so.6
xclip /lib/x86_64-linux-gnu/libICE.so.6
xclip /lib/x86_64-linux-gnu/libXau.so.6
xclip /lib/x86_64-linux-gnu/libXdmcp.so.6
xclip /lib/x86_64-linux-gnu/libuuid.so.1
xclip /lib/x86_64-linux-gnu/libbsd.so.0
xclip /lib/x86_64-linux-gnu/libmd.so.0
xclip /usr/share/X11/locale/locale.alias
xclip /usr/share/X11/locale/locale.dir
xclip /usr/share/X11/locale/C/XLC_LOCALE
xclip /usr/share/X11/locale/locale.alias
xclip /usr/share/X11/locale/locale.dir
xclip /usr/share/X11/locale/C/XLC_LOCALE
Xvfb /proc/1463/cmdline
xdotool /etc/ld.so.cache
xdotool /lib/x86_64-linux-gnu/libxdo.so.3
xdotool /lib/x86_64-linux-gnu/libm.so.6
xdotool /lib/x86_64-linux-gnu/libX11.so.6
xdotool /lib/x86_64-linux-gnu/libc.so.6
xdotool /lib/x86_64-linux-gnu/libXtst.so.6
xdotool /lib/x86_64-linux-gnu/libXinerama.so.1
xdotool /lib/x86_64-linux-gnu/libxkbcommon.so.0
xdotool /lib/x86_64-linux-gnu/libxcb.so.1
xdotool /lib/x86_64-linux-gnu/libXext.so.6
xdotool /lib/x86_64-linux-gnu/libXau.so.6
xdotool /lib/x86_64-linux-gnu/libXdmcp.so.6
xdotool /lib/x86_64-linux-gnu/libbsd.so.0
xdotool /lib/x86_64-linux-gnu/libmd.so.0
Xvfb /proc/1469/cmdline
xdotool /usr/lib/locale/locale-archive
xdotool /usr/lib/x86_64-linux-gnu/gconv/gconv-modules.cache
xdotool /etc/ld.so.cache
xdotool /lib/x86_64-linux-gnu/libxdo.so.3
xdotool /lib/x86_64-linux-gnu/libm.so.6
xdotool /lib/x86_64-linux-gnu/libX11.so.6
xdotool /lib/x86_64-linux-gnu/libc.so.6
xdotool /lib/x86_64-linux-gnu/libXtst.so.6
xdotool /lib/x86_64-linux-gnu/libXinerama.so.1
xdotool /lib/x86_64-linux-gnu/libxkbcommon.so.0
xdotool /lib/x86_64-linux-gnu/libxcb.so.1
xdotool /lib/x86_64-linux-gnu/libXext.so.6
xdotool /lib/x86_64-linux-gnu/libXau.so.6
xdotool /lib/x86_64-linux-gnu/libXdmcp.so.6
xdotool /lib/x86_64-linux-gnu/libbsd.so.0
xdotool /lib/x86_64-linux-gnu/libmd.so.0
Xvfb /proc/1471/cmdline
xclip /etc/ld.so.cache
xclip /lib/x86_64-linux-gnu/libXmu.so.6
xclip /lib/x86_64-linux-gnu/libX11.so.6
xclip /lib/x86_64-linux-gnu/libc.so.6
xclip /lib/x86_64-linux-gnu/libXt.so.6
xclip /lib/x86_64-linux-gnu/libXext.so.6
xclip /lib/x86_64-linux-gnu/libxcb.so.1
xclip /lib/x86_64-linux-gnu/libSM.so.6
xclip /lib/x86_64-linux-gnu/libICE.so.6
xclip /lib/x86_64-linux-gnu/libXau.so.6
xclip /lib/x86_64-linux-gnu/libXdmcp.so.6
xclip /lib/x86_64-linux-gnu/libuuid.so.1
xclip /lib/x86_64-linux-gnu/libbsd.so.0
xclip /lib/x86_64-linux-gnu/libmd.so.0
xclip /usr/share/X11/locale/locale.alias
xclip /usr/share/X11/locale/locale.dir
xclip /usr/share/X11/locale/C/XLC_LOCALE
xdotool /usr/lib/locale/locale-archive
xdotool /usr/lib/x86_64-linux-gnu/gconv/gconv-modules.cache
xclip /usr/share/X11/locale/locale.alias
xclip /usr/share/X11/locale/locale.dir
xclip /usr/share/X11/locale/C/XLC_LOCALE
Xvfb /proc/1472/cmdline
selkies /proc/stat
selkies /proc/meminfo
xclip /etc/ld.so.cache
xclip /lib/x86_64-linux-gnu/libXmu.so.6
xclip /lib/x86_64-linux-gnu/libX11.so.6
xclip /lib/x86_64-linux-gnu/libc.so.6
xclip /lib/x86_64-linux-gnu/libXt.so.6
xclip /lib/x86_64-linux-gnu/libXext.so.6
xclip /lib/x86_64-linux-gnu/libxcb.so.1
xclip /lib/x86_64-linux-gnu/libSM.so.6
xclip /lib/x86_64-linux-gnu/libICE.so.6
xclip /lib/x86_64-linux-gnu/libXau.so.6
xclip /lib/x86_64-linux-gnu/libXdmcp.so.6
xclip /lib/x86_64-linux-gnu/libuuid.so.1
xclip /lib/x86_64-linux-gnu/libbsd.so.0
xclip /lib/x86_64-linux-gnu/libmd.so.0
xclip /usr/share/X11/locale/locale.alias
xclip /usr/share/X11/locale/locale.dir
xclip /usr/share/X11/locale/C/XLC_LOCALE
xclip /usr/share/X11/locale/locale.alias
xclip /usr/share/X11/locale/locale.dir
xclip /usr/share/X11/locale/C/XLC_LOCALE
Xvfb /proc/1480/cmdline
xclip /etc/ld.so.cache
xclip /lib/x86_64-linux-gnu/libXmu.so.6
xclip /lib/x86_64-linux-gnu/libX11.so.6
xclip /lib/x86_64-linux-gnu/libc.so.6
xclip /lib/x86_64-linux-gnu/libXt.so.6
xclip /lib/x86_64-linux-gnu/libXext.so.6
xclip /lib/x86_64-linux-gnu/libxcb.so.1
xclip /lib/x86_64-linux-gnu/libSM.so.6
xclip /lib/x86_64-linux-gnu/libICE.so.6
xclip /lib/x86_64-linux-gnu/libXau.so.6
xclip /lib/x86_64-linux-gnu/libXdmcp.so.6
xclip /lib/x86_64-linux-gnu/libuuid.so.1
xclip /lib/x86_64-linux-gnu/libbsd.so.0
xclip /lib/x86_64-linux-gnu/libmd.so.0
xclip /usr/share/X11/locale/locale.alias
xclip /usr/share/X11/locale/locale.dir
xclip /usr/share/X11/locale/C/XLC_LOCALE
xclip /usr/share/X11/locale/locale.alias
xclip /usr/share/X11/locale/locale.dir
xclip /usr/share/X11/locale/C/XLC_LOCALE
Xvfb /proc/1487/cmdline
selkies /proc/stat
selkies /proc/meminfo
xclip /etc/ld.so.cache
xclip /lib/x86_64-linux-gnu/libXmu.so.6
xclip /lib/x86_64-linux-gnu/libX11.so.6
xclip /lib/x86_64-linux-gnu/libc.so.6
xclip /lib/x86_64-linux-gnu/libXt.so.6
xclip /lib/x86_64-linux-gnu/libXext.so.6
xclip /lib/x86_64-linux-gnu/libxcb.so.1
xclip /lib/x86_64-linux-gnu/libSM.so.6
xclip /lib/x86_64-linux-gnu/libICE.so.6
xclip /lib/x86_64-linux-gnu/libXau.so.6
xclip /lib/x86_64-linux-gnu/libXdmcp.so.6
xclip /lib/x86_64-linux-gnu/libuuid.so.1
xclip /lib/x86_64-linux-gnu/libbsd.so.0
xclip /lib/x86_64-linux-gnu/libmd.so.0
xclip /usr/share/X11/locale/locale.alias
xclip /usr/share/X11/locale/locale.dir
xclip /usr/share/X11/locale/C/XLC_LOCALE
xclip /usr/share/X11/locale/locale.alias
xclip /usr/share/X11/locale/locale.dir
xclip /usr/share/X11/locale/C/XLC_LOCALE
Xvfb /proc/1492/cmdline
xclip /etc/ld.so.cache
xclip /lib/x86_64-linux-gnu/libXmu.so.6
xclip /lib/x86_64-linux-gnu/libX11.so.6
xclip /lib/x86_64-linux-gnu/libc.so.6
xclip /lib/x86_64-linux-gnu/libXt.so.6
xclip /lib/x86_64-linux-gnu/libXext.so.6
xclip /lib/x86_64-linux-gnu/libxcb.so.1
xclip /lib/x86_64-linux-gnu/libSM.so.6
xclip /lib/x86_64-linux-gnu/libICE.so.6
xclip /lib/x86_64-linux-gnu/libXau.so.6
xclip /lib/x86_64-linux-gnu/libXdmcp.so.6
xclip /lib/x86_64-linux-gnu/libuuid.so.1
xclip /lib/x86_64-linux-gnu/libbsd.so.0
xclip /lib/x86_64-linux-gnu/libmd.so.0
xclip /usr/share/X11/locale/locale.alias
xclip /usr/share/X11/locale/locale.dir
xclip /usr/share/X11/locale/C/XLC_LOCALE
xclip /usr/share/X11/locale/locale.alias
xclip /usr/share/X11/locale/locale.dir
xclip /usr/share/X11/locale/C/XLC_LOCALE
Xvfb /proc/1498/cmdline
selkies /proc/stat
selkies /proc/meminfo
xclip /etc/ld.so.cache
xclip /lib/x86_64-linux-gnu/libXmu.so.6
xclip /lib/x86_64-linux-gnu/libX11.so.6
xclip /lib/x86_64-linux-gnu/libc.so.6
xclip /lib/x86_64-linux-gnu/libXt.so.6
xclip /lib/x86_64-linux-gnu/libXext.so.6
xclip /lib/x86_64-linux-gnu/libxcb.so.1
xclip /lib/x86_64-linux-gnu/libSM.so.6
xclip /lib/x86_64-linux-gnu/libICE.so.6
xclip /lib/x86_64-linux-gnu/libXau.so.6
xclip /lib/x86_64-linux-gnu/libXdmcp.so.6
xclip /lib/x86_64-linux-gnu/libuuid.so.1
xclip /lib/x86_64-linux-gnu/libbsd.so.0
xclip /lib/x86_64-linux-gnu/libmd.so.0
xclip /usr/share/X11/locale/locale.alias
xclip /usr/share/X11/locale/locale.dir
xclip /usr/share/X11/locale/C/XLC_LOCALE
xclip /usr/share/X11/locale/locale.alias
xclip /usr/share/X11/locale/locale.dir
xclip /usr/share/X11/locale/C/XLC_LOCALE
Xvfb /proc/1504/cmdline
xclip /etc/ld.so.cache
xclip /lib/x86_64-linux-gnu/libXmu.so.6
xclip /lib/x86_64-linux-gnu/libX11.so.6
xclip /lib/x86_64-linux-gnu/libc.so.6
xclip /lib/x86_64-linux-gnu/libXt.so.6
xclip /lib/x86_64-linux-gnu/libXext.so.6
xclip /lib/x86_64-linux-gnu/libxcb.so.1
xclip /lib/x86_64-linux-gnu/libSM.so.6
xclip /lib/x86_64-linux-gnu/libICE.so.6
xclip /lib/x86_64-linux-gnu/libXau.so.6
xclip /lib/x86_64-linux-gnu/libXdmcp.so.6
xclip /lib/x86_64-linux-gnu/libuuid.so.1
xclip /lib/x86_64-linux-gnu/libbsd.so.0
xclip /lib/x86_64-linux-gnu/libmd.so.0
xclip /usr/share/X11/locale/locale.alias
xclip /usr/share/X11/locale/locale.dir
xclip /usr/share/X11/locale/C/XLC_LOCALE
xclip /usr/share/X11/locale/locale.alias
xclip /usr/share/X11/locale/locale.dir
xclip /usr/share/X11/locale/C/XLC_LOCALE
Xvfb /proc/1509/cmdline
selkies /proc/stat
selkies /proc/meminfo
xdotool /etc/ld.so.cache
xdotool /lib/x86_64-linux-gnu/libxdo.so.3
xdotool /lib/x86_64-linux-gnu/libm.so.6
xdotool /lib/x86_64-linux-gnu/libX11.so.6
xdotool /lib/x86_64-linux-gnu/libc.so.6
xdotool /lib/x86_64-linux-gnu/libXtst.so.6
xdotool /lib/x86_64-linux-gnu/libXinerama.so.1
xdotool /lib/x86_64-linux-gnu/libxkbcommon.so.0
xdotool /lib/x86_64-linux-gnu/libxcb.so.1
xdotool /lib/x86_64-linux-gnu/libXext.so.6
xdotool /lib/x86_64-linux-gnu/libXau.so.6
xdotool /lib/x86_64-linux-gnu/libXdmcp.so.6
xdotool /lib/x86_64-linux-gnu/libbsd.so.0
xdotool /lib/x86_64-linux-gnu/libmd.so.0
Xvfb /proc/1515/cmdline
xdotool /usr/lib/locale/locale-archive
xdotool /usr/lib/x86_64-linux-gnu/gconv/gconv-modules.cache
xclip /etc/ld.so.cache
xclip /lib/x86_64-linux-gnu/libXmu.so.6
xclip /lib/x86_64-linux-gnu/libX11.so.6
xclip /lib/x86_64-linux-gnu/libc.so.6
xclip /lib/x86_64-linux-gnu/libXt.so.6
xclip /lib/x86_64-linux-gnu/libXext.so.6
xclip /lib/x86_64-linux-gnu/libxcb.so.1
xclip /lib/x86_64-linux-gnu/libSM.so.6
xclip /lib/x86_64-linux-gnu/libICE.so.6
xclip /lib/x86_64-linux-gnu/libXau.so.6
xclip /lib/x86_64-linux-gnu/libXdmcp.so.6
xclip /lib/x86_64-linux-gnu/libuuid.so.1
xclip /lib/x86_64-linux-gnu/libbsd.so.0
xclip /lib/x86_64-linux-gnu/libmd.so.0
xclip /usr/share/X11/locale/locale.alias
xclip /usr/share/X11/locale/locale.dir
xclip /usr/share/X11/locale/C/XLC_LOCALE
xclip /usr/share/X11/locale/locale.alias
xclip /usr/share/X11/locale/locale.dir
xclip /usr/share/X11/locale/C/XLC_LOCALE
Xvfb /proc/1522/cmdline
xclip /etc/ld.so.cache
xclip /lib/x86_64-linux-gnu/libXmu.so.6
xclip /lib/x86_64-linux-gnu/libX11.so.6
xclip /lib/x86_64-linux-gnu/libc.so.6
xclip /lib/x86_64-linux-gnu/libXt.so.6
xclip /lib/x86_64-linux-gnu/libXext.so.6
xclip /lib/x86_64-linux-gnu/libxcb.so.1
xclip /lib/x86_64-linux-gnu/libSM.so.6
xclip /lib/x86_64-linux-gnu/libICE.so.6
xclip /lib/x86_64-linux-gnu/libXau.so.6
xclip /lib/x86_64-linux-gnu/libXdmcp.so.6
xclip /lib/x86_64-linux-gnu/libuuid.so.1
xclip /lib/x86_64-linux-gnu/libbsd.so.0
xclip /lib/x86_64-linux-gnu/libmd.so.0
xclip /usr/share/X11/locale/locale.alias
xclip /usr/share/X11/locale/locale.dir
xclip /usr/share/X11/locale/C/XLC_LOCALE
xclip /usr/share/X11/locale/locale.alias
xclip /usr/share/X11/locale/locale.dir
xclip /usr/share/X11/locale/C/XLC_LOCALE
Xvfb /proc/1529/cmdline
selkies /proc/stat
selkies /proc/meminfo
xclip /etc/ld.so.cache
xclip /lib/x86_64-linux-gnu/libXmu.so.6
xclip /lib/x86_64-linux-gnu/libX11.so.6
xclip /lib/x86_64-linux-gnu/libc.so.6
xclip /lib/x86_64-linux-gnu/libXt.so.6
xclip /lib/x86_64-linux-gnu/libXext.so.6
xclip /lib/x86_64-linux-gnu/libxcb.so.1
xclip /lib/x86_64-linux-gnu/libSM.so.6
xclip /lib/x86_64-linux-gnu/libICE.so.6
xclip /lib/x86_64-linux-gnu/libXau.so.6
xclip /lib/x86_64-linux-gnu/libXdmcp.so.6
xclip /lib/x86_64-linux-gnu/libuuid.so.1
xclip /lib/x86_64-linux-gnu/libbsd.so.0
xclip /lib/x86_64-linux-gnu/libmd.so.0
xclip /usr/share/X11/locale/locale.alias
xclip /usr/share/X11/locale/locale.dir
xclip /usr/share/X11/locale/C/XLC_LOCALE
xclip /usr/share/X11/locale/locale.alias
xclip /usr/share/X11/locale/locale.dir
xclip /usr/share/X11/locale/C/XLC_LOCALE
Xvfb /proc/1539/cmdline
selkies /proc/stat
selkies /proc/meminfo
xclip /etc/ld.so.cache
xclip /lib/x86_64-linux-gnu/libXmu.so.6
xclip /lib/x86_64-linux-gnu/libX11.so.6
xclip /lib/x86_64-linux-gnu/libc.so.6
xclip /lib/x86_64-linux-gnu/libXt.so.6
xclip /lib/x86_64-linux-gnu/libXext.so.6
xclip /lib/x86_64-linux-gnu/libxcb.so.1
xclip /lib/x86_64-linux-gnu/libSM.so.6
xclip /lib/x86_64-linux-gnu/libICE.so.6
xclip /lib/x86_64-linux-gnu/libXau.so.6
xclip /lib/x86_64-linux-gnu/libXdmcp.so.6
xclip /lib/x86_64-linux-gnu/libuuid.so.1
xclip /lib/x86_64-linux-gnu/libbsd.so.0
xclip /lib/x86_64-linux-gnu/libmd.so.0
xclip /usr/share/X11/locale/locale.alias
xclip /usr/share/X11/locale/locale.dir
xclip /usr/share/X11/locale/C/XLC_LOCALE
xclip /usr/share/X11/locale/locale.alias
xclip /usr/share/X11/locale/locale.dir
xclip /usr/share/X11/locale/C/XLC_LOCALE
Xvfb /proc/1542/cmdline
xdotool /etc/ld.so.cache
xdotool /lib/x86_64-linux-gnu/libxdo.so.3
xdotool /lib/x86_64-linux-gnu/libm.so.6
xdotool /lib/x86_64-linux-gnu/libX11.so.6
xdotool /lib/x86_64-linux-gnu/libc.so.6
xdotool /lib/x86_64-linux-gnu/libXtst.so.6
xdotool /lib/x86_64-linux-gnu/libXinerama.so.1
xdotool /lib/x86_64-linux-gnu/libxkbcommon.so.0
xdotool /lib/x86_64-linux-gnu/libxcb.so.1
xdotool /lib/x86_64-linux-gnu/libXext.so.6
xdotool /lib/x86_64-linux-gnu/libXau.so.6
xdotool /lib/x86_64-linux-gnu/libXdmcp.so.6
xdotool /lib/x86_64-linux-gnu/libbsd.so.0
xdotool /lib/x86_64-linux-gnu/libmd.so.0
Xvfb /proc/1548/cmdline
xdotool /usr/lib/locale/locale-archive
xdotool /usr/lib/x86_64-linux-gnu/gconv/gconv-modules.cache
xclip /etc/ld.so.cache
xclip /lib/x86_64-linux-gnu/libXmu.so.6
xclip /lib/x86_64-linux-gnu/libX11.so.6
xclip /lib/x86_64-linux-gnu/libc.so.6
xclip /lib/x86_64-linux-gnu/libXt.so.6
xclip /lib/x86_64-linux-gnu/libXext.so.6
xclip /lib/x86_64-linux-gnu/libxcb.so.1
xclip /lib/x86_64-linux-gnu/libSM.so.6
xclip /lib/x86_64-linux-gnu/libICE.so.6
xclip /lib/x86_64-linux-gnu/libXau.so.6
xclip /lib/x86_64-linux-gnu/libXdmcp.so.6
xclip /lib/x86_64-linux-gnu/libuuid.so.1
xclip /lib/x86_64-linux-gnu/libbsd.so.0
xclip /lib/x86_64-linux-gnu/libmd.so.0
xclip /usr/share/X11/locale/locale.alias
xclip /usr/share/X11/locale/locale.dir
xclip /usr/share/X11/locale/C/XLC_LOCALE
xclip /usr/share/X11/locale/locale.alias
xclip /usr/share/X11/locale/locale.dir
xclip /usr/share/X11/locale/C/XLC_LOCALE
Xvfb /proc/1552/cmdline
selkies /proc/stat
selkies /proc/meminfo
xclip /etc/ld.so.cache
xclip /lib/x86_64-linux-gnu/libXmu.so.6
xclip /lib/x86_64-linux-gnu/libX11.so.6
xclip /lib/x86_64-linux-gnu/libc.so.6
xclip /lib/x86_64-linux-gnu/libXt.so.6
xclip /lib/x86_64-linux-gnu/libXext.so.6
xclip /lib/x86_64-linux-gnu/libxcb.so.1
xclip /lib/x86_64-linux-gnu/libSM.so.6
xclip /lib/x86_64-linux-gnu/libICE.so.6
xclip /lib/x86_64-linux-gnu/libXau.so.6
xclip /lib/x86_64-linux-gnu/libXdmcp.so.6
xclip /lib/x86_64-linux-gnu/libuuid.so.1
xclip /lib/x86_64-linux-gnu/libbsd.so.0
xclip /lib/x86_64-linux-gnu/libmd.so.0
xclip /usr/share/X11/locale/locale.alias
xclip /usr/share/X11/locale/locale.dir
xclip /usr/share/X11/locale/C/XLC_LOCALE
xclip /usr/share/X11/locale/locale.alias
xclip /usr/share/X11/locale/locale.dir
xclip /usr/share/X11/locale/C/XLC_LOCALE
Xvfb /proc/1556/cmdline
xdotool /etc/ld.so.cache
xdotool /lib/x86_64-linux-gnu/libxdo.so.3
xdotool /lib/x86_64-linux-gnu/libm.so.6
xdotool /lib/x86_64-linux-gnu/libX11.so.6
xdotool /lib/x86_64-linux-gnu/libc.so.6
xdotool /lib/x86_64-linux-gnu/libXtst.so.6
xdotool /lib/x86_64-linux-gnu/libXinerama.so.1
xdotool /lib/x86_64-linux-gnu/libxkbcommon.so.0
xdotool /lib/x86_64-linux-gnu/libxcb.so.1
xdotool /lib/x86_64-linux-gnu/libXext.so.6
xdotool /lib/x86_64-linux-gnu/libXau.so.6
xdotool /lib/x86_64-linux-gnu/libXdmcp.so.6
xdotool /lib/x86_64-linux-gnu/libbsd.so.0
xdotool /lib/x86_64-linux-gnu/libmd.so.0
Xvfb /proc/1558/cmdline
xdotool /usr/lib/locale/locale-archive
xdotool /usr/lib/x86_64-linux-gnu/gconv/gconv-modules.cache
xclip /etc/ld.so.cache
xclip /lib/x86_64-linux-gnu/libXmu.so.6
xclip /lib/x86_64-linux-gnu/libX11.so.6
xclip /lib/x86_64-linux-gnu/libc.so.6
xclip /lib/x86_64-linux-gnu/libXt.so.6
xclip /lib/x86_64-linux-gnu/libXext.so.6
xclip /lib/x86_64-linux-gnu/libxcb.so.1
xclip /lib/x86_64-linux-gnu/libSM.so.6
xclip /lib/x86_64-linux-gnu/libICE.so.6
xclip /lib/x86_64-linux-gnu/libXau.so.6
xclip /lib/x86_64-linux-gnu/libXdmcp.so.6
xclip /lib/x86_64-linux-gnu/libuuid.so.1
xclip /lib/x86_64-linux-gnu/libbsd.so.0
xclip /lib/x86_64-linux-gnu/libmd.so.0
xclip /usr/share/X11/locale/locale.alias
xclip /usr/share/X11/locale/locale.dir
xclip /usr/share/X11/locale/C/XLC_LOCALE
xclip /usr/share/X11/locale/locale.alias
xclip /usr/share/X11/locale/locale.dir
xclip /usr/share/X11/locale/C/XLC_LOCALE
Xvfb /proc/1567/cmdline
selkies /proc/stat
selkies /proc/meminfo
xclip /etc/ld.so.cache
xclip /lib/x86_64-linux-gnu/libXmu.so.6
xclip /lib/x86_64-linux-gnu/libX11.so.6
xclip /lib/x86_64-linux-gnu/libc.so.6
xclip /lib/x86_64-linux-gnu/libXt.so.6
xclip /lib/x86_64-linux-gnu/libXext.so.6
xclip /lib/x86_64-linux-gnu/libxcb.so.1
xclip /lib/x86_64-linux-gnu/libSM.so.6
xclip /lib/x86_64-linux-gnu/libICE.so.6
xclip /lib/x86_64-linux-gnu/libXau.so.6
xclip /lib/x86_64-linux-gnu/libXdmcp.so.6
xclip /lib/x86_64-linux-gnu/libuuid.so.1
xclip /lib/x86_64-linux-gnu/libbsd.so.0
xclip /lib/x86_64-linux-gnu/libmd.so.0
xclip /usr/share/X11/locale/locale.alias
xclip /usr/share/X11/locale/locale.dir
xclip /usr/share/X11/locale/C/XLC_LOCALE
xclip /usr/share/X11/locale/locale.alias
xclip /usr/share/X11/locale/locale.dir
xclip /usr/share/X11/locale/C/XLC_LOCALE
Xvfb /proc/1574/cmdline
xclip /etc/ld.so.cache
xclip /lib/x86_64-linux-gnu/libXmu.so.6
xclip /lib/x86_64-linux-gnu/libX11.so.6
xclip /lib/x86_64-linux-gnu/libc.so.6
xclip /lib/x86_64-linux-gnu/libXt.so.6
xclip /lib/x86_64-linux-gnu/libXext.so.6
xclip /lib/x86_64-linux-gnu/libxcb.so.1
xclip /lib/x86_64-linux-gnu/libSM.so.6
xclip /lib/x86_64-linux-gnu/libICE.so.6
xclip /lib/x86_64-linux-gnu/libXau.so.6
xclip /lib/x86_64-linux-gnu/libXdmcp.so.6
xclip /lib/x86_64-linux-gnu/libuuid.so.1
xclip /lib/x86_64-linux-gnu/libbsd.so.0
xclip /lib/x86_64-linux-gnu/libmd.so.0
xclip /usr/share/X11/locale/locale.alias
xclip /usr/share/X11/locale/locale.dir
xclip /usr/share/X11/locale/C/XLC_LOCALE
xclip /usr/share/X11/locale/locale.alias
xclip /usr/share/X11/locale/locale.dir
xclip /usr/share/X11/locale/C/XLC_LOCALE
Xvfb /proc/1581/cmdline
xdotool /etc/ld.so.cache
xdotool /lib/x86_64-linux-gnu/libxdo.so.3
xdotool /lib/x86_64-linux-gnu/libm.so.6
xdotool /lib/x86_64-linux-gnu/libX11.so.6
xdotool /lib/x86_64-linux-gnu/libc.so.6
xdotool /lib/x86_64-linux-gnu/libXtst.so.6
xdotool /lib/x86_64-linux-gnu/libXinerama.so.1
xdotool /lib/x86_64-linux-gnu/libxkbcommon.so.0
xdotool /lib/x86_64-linux-gnu/libxcb.so.1
xdotool /lib/x86_64-linux-gnu/libXext.so.6
xdotool /lib/x86_64-linux-gnu/libXau.so.6
xdotool /lib/x86_64-linux-gnu/libXdmcp.so.6
xdotool /lib/x86_64-linux-gnu/libbsd.so.0
xdotool /lib/x86_64-linux-gnu/libmd.so.0
Xvfb /proc/1583/cmdline
xdotool /usr/lib/locale/locale-archive
xdotool /usr/lib/x86_64-linux-gnu/gconv/gconv-modules.cache
selkies /proc/stat
selkies /proc/meminfo
xclip /etc/ld.so.cache
xclip /lib/x86_64-linux-gnu/libXmu.so.6
xclip /lib/x86_64-linux-gnu/libX11.so.6
xclip /lib/x86_64-linux-gnu/libc.so.6
xclip /lib/x86_64-linux-gnu/libXt.so.6
xclip /lib/x86_64-linux-gnu/libXext.so.6
xclip /lib/x86_64-linux-gnu/libxcb.so.1
xclip /lib/x86_64-linux-gnu/libSM.so.6
xclip /lib/x86_64-linux-gnu/libICE.so.6
xclip /lib/x86_64-linux-gnu/libXau.so.6
xclip /lib/x86_64-linux-gnu/libXdmcp.so.6
xclip /lib/x86_64-linux-gnu/libuuid.so.1
xclip /lib/x86_64-linux-gnu/libbsd.so.0
xclip /lib/x86_64-linux-gnu/libmd.so.0
xclip /usr/share/X11/locale/locale.alias
xclip /usr/share/X11/locale/locale.dir
xclip /usr/share/X11/locale/C/XLC_LOCALE
xclip /usr/share/X11/locale/locale.alias
xclip /usr/share/X11/locale/locale.dir
xclip /usr/share/X11/locale/C/XLC_LOCALE
Xvfb /proc/1591/cmdline
xclip /etc/ld.so.cache
xclip /lib/x86_64-linux-gnu/libXmu.so.6
xclip /lib/x86_64-linux-gnu/libX11.so.6
xclip /lib/x86_64-linux-gnu/libc.so.6
xclip /lib/x86_64-linux-gnu/libXt.so.6
xclip /lib/x86_64-linux-gnu/libXext.so.6
xclip /lib/x86_64-linux-gnu/libxcb.so.1
xclip /lib/x86_64-linux-gnu/libSM.so.6
xclip /lib/x86_64-linux-gnu/libICE.so.6
xclip /lib/x86_64-linux-gnu/libXau.so.6
xclip /lib/x86_64-linux-gnu/libXdmcp.so.6
xclip /lib/x86_64-linux-gnu/libuuid.so.1
xclip /lib/x86_64-linux-gnu/libbsd.so.0
xclip /lib/x86_64-linux-gnu/libmd.so.0
xclip /usr/share/X11/locale/locale.alias
xclip /usr/share/X11/locale/locale.dir
xclip /usr/share/X11/locale/C/XLC_LOCALE
xclip /usr/share/X11/locale/locale.alias
xclip /usr/share/X11/locale/locale.dir
xclip /usr/share/X11/locale/C/XLC_LOCALE
Xvfb /proc/1596/cmdline
selkies /proc/stat
selkies /proc/meminfo
xclip /etc/ld.so.cache
xclip /lib/x86_64-linux-gnu/libXmu.so.6
xclip /lib/x86_64-linux-gnu/libX11.so.6
xclip /lib/x86_64-linux-gnu/libc.so.6
xclip /lib/x86_64-linux-gnu/libXt.so.6
xclip /lib/x86_64-linux-gnu/libXext.so.6
xclip /lib/x86_64-linux-gnu/libxcb.so.1
xclip /lib/x86_64-linux-gnu/libSM.so.6
xclip /lib/x86_64-linux-gnu/libICE.so.6
xclip /lib/x86_64-linux-gnu/libXau.so.6
xclip /lib/x86_64-linux-gnu/libXdmcp.so.6
xclip /lib/x86_64-linux-gnu/libuuid.so.1
xclip /lib/x86_64-linux-gnu/libbsd.so.0
xclip /lib/x86_64-linux-gnu/libmd.so.0
xclip /usr/share/X11/locale/locale.alias
xclip /usr/share/X11/locale/locale.dir
xclip /usr/share/X11/locale/C/XLC_LOCALE
xclip /usr/share/X11/locale/locale.alias
xclip /usr/share/X11/locale/locale.dir
xclip /usr/share/X11/locale/C/XLC_LOCALE
Xvfb /proc/1604/cmdline
xclip /etc/ld.so.cache
xclip /lib/x86_64-linux-gnu/libXmu.so.6
xclip /lib/x86_64-linux-gnu/libX11.so.6
xclip /lib/x86_64-linux-gnu/libc.so.6
xclip /lib/x86_64-linux-gnu/libXt.so.6
xclip /lib/x86_64-linux-gnu/libXext.so.6
xclip /lib/x86_64-linux-gnu/libxcb.so.1
xclip /lib/x86_64-linux-gnu/libSM.so.6
xclip /lib/x86_64-linux-gnu/libICE.so.6
xclip /lib/x86_64-linux-gnu/libXau.so.6
xclip /lib/x86_64-linux-gnu/libXdmcp.so.6
xclip /lib/x86_64-linux-gnu/libuuid.so.1
xclip /lib/x86_64-linux-gnu/libbsd.so.0
xclip /lib/x86_64-linux-gnu/libmd.so.0
xclip /usr/share/X11/locale/locale.alias
xclip /usr/share/X11/locale/locale.dir
xclip /usr/share/X11/locale/C/XLC_LOCALE
xclip /usr/share/X11/locale/locale.alias
xclip /usr/share/X11/locale/locale.dir
xclip /usr/share/X11/locale/C/XLC_LOCALE
Xvfb /proc/1607/cmdline
xdotool /etc/ld.so.cache
xdotool /lib/x86_64-linux-gnu/libxdo.so.3
xdotool /lib/x86_64-linux-gnu/libm.so.6
xdotool /lib/x86_64-linux-gnu/libX11.so.6
xdotool /lib/x86_64-linux-gnu/libc.so.6
xdotool /lib/x86_64-linux-gnu/libXtst.so.6
xdotool /lib/x86_64-linux-gnu/libXinerama.so.1
xdotool /lib/x86_64-linux-gnu/libxkbcommon.so.0
xdotool /lib/x86_64-linux-gnu/libxcb.so.1
xdotool /lib/x86_64-linux-gnu/libXext.so.6
xdotool /lib/x86_64-linux-gnu/libXau.so.6
xdotool /lib/x86_64-linux-gnu/libXdmcp.so.6
xdotool /lib/x86_64-linux-gnu/libbsd.so.0
xdotool /lib/x86_64-linux-gnu/libmd.so.0
Xvfb /proc/1610/cmdline
xdotool /usr/lib/locale/locale-archive
xdotool /usr/lib/x86_64-linux-gnu/gconv/gconv-modules.cache
selkies /proc/stat
selkies /proc/meminfo
xclip /etc/ld.so.cache
xclip /lib/x86_64-linux-gnu/libXmu.so.6
xclip /lib/x86_64-linux-gnu/libX11.so.6
xclip /lib/x86_64-linux-gnu/libc.so.6
xclip /lib/x86_64-linux-gnu/libXt.so.6
xclip /lib/x86_64-linux-gnu/libXext.so.6
xclip /lib/x86_64-linux-gnu/libxcb.so.1
xclip /lib/x86_64-linux-gnu/libSM.so.6
xclip /lib/x86_64-linux-gnu/libICE.so.6
xclip /lib/x86_64-linux-gnu/libXau.so.6
xclip /lib/x86_64-linux-gnu/libXdmcp.so.6
xclip /lib/x86_64-linux-gnu/libuuid.so.1
xclip /lib/x86_64-linux-gnu/libbsd.so.0
xclip /lib/x86_64-linux-gnu/libmd.so.0
xclip /usr/share/X11/locale/locale.alias
xclip /usr/share/X11/locale/locale.dir
xclip /usr/share/X11/locale/C/XLC_LOCALE
xclip /usr/share/X11/locale/locale.alias
xclip /usr/share/X11/locale/locale.dir
xclip /usr/share/X11/locale/C/XLC_LOCALE
Xvfb /proc/1618/cmdline
xclip /etc/ld.so.cache
xclip /lib/x86_64-linux-gnu/libXmu.so.6
xclip /lib/x86_64-linux-gnu/libX11.so.6
xclip /lib/x86_64-linux-gnu/libc.so.6
xclip /lib/x86_64-linux-gnu/libXt.so.6
xclip /lib/x86_64-linux-gnu/libXext.so.6
xclip /lib/x86_64-linux-gnu/libxcb.so.1
xclip /lib/x86_64-linux-gnu/libSM.so.6
xclip /lib/x86_64-linux-gnu/libICE.so.6
xclip /lib/x86_64-linux-gnu/libXau.so.6
xclip /lib/x86_64-linux-gnu/libXdmcp.so.6
xclip /lib/x86_64-linux-gnu/libuuid.so.1
xclip /lib/x86_64-linux-gnu/libbsd.so.0
xclip /lib/x86_64-linux-gnu/libmd.so.0
xclip /usr/share/X11/locale/locale.alias
xclip /usr/share/X11/locale/locale.dir
xclip /usr/share/X11/locale/C/XLC_LOCALE
xclip /usr/share/X11/locale/locale.alias
xclip /usr/share/X11/locale/locale.dir
xclip /usr/share/X11/locale/C/XLC_LOCALE
Xvfb /proc/1625/cmdline
selkies /proc/stat
selkies /proc/meminfo
xclip /etc/ld.so.cache
xclip /lib/x86_64-linux-gnu/libXmu.so.6
xclip /lib/x86_64-linux-gnu/libX11.so.6
xclip /lib/x86_64-linux-gnu/libc.so.6
xclip /lib/x86_64-linux-gnu/libXt.so.6
xclip /lib/x86_64-linux-gnu/libXext.so.6
xclip /lib/x86_64-linux-gnu/libxcb.so.1
xclip /lib/x86_64-linux-gnu/libSM.so.6
xclip /lib/x86_64-linux-gnu/libICE.so.6
xclip /lib/x86_64-linux-gnu/libXau.so.6
xclip /lib/x86_64-linux-gnu/libXdmcp.so.6
xclip /lib/x86_64-linux-gnu/libuuid.so.1
xclip /lib/x86_64-linux-gnu/libbsd.so.0
xclip /lib/x86_64-linux-gnu/libmd.so.0
xclip /usr/share/X11/locale/locale.alias
xclip /usr/share/X11/locale/locale.dir
xclip /usr/share/X11/locale/C/XLC_LOCALE
xclip /usr/share/X11/locale/locale.alias
xclip /usr/share/X11/locale/locale.dir
xclip /usr/share/X11/locale/C/XLC_LOCALE
Xvfb /proc/1633/cmdline
selkies /proc/stat
selkies /proc/meminfo
xclip /etc/ld.so.cache
xclip /lib/x86_64-linux-gnu/libXmu.so.6
xclip /lib/x86_64-linux-gnu/libX11.so.6
xclip /lib/x86_64-linux-gnu/libc.so.6
xclip /lib/x86_64-linux-gnu/libXt.so.6
xclip /lib/x86_64-linux-gnu/libXext.so.6
xclip /lib/x86_64-linux-gnu/libxcb.so.1
xclip /lib/x86_64-linux-gnu/libSM.so.6
xclip /lib/x86_64-linux-gnu/libICE.so.6
xclip /lib/x86_64-linux-gnu/libXau.so.6
xclip /lib/x86_64-linux-gnu/libXdmcp.so.6
xclip /lib/x86_64-linux-gnu/libuuid.so.1
xclip /lib/x86_64-linux-gnu/libbsd.so.0
xclip /lib/x86_64-linux-gnu/libmd.so.0
xclip /usr/share/X11/locale/locale.alias
xclip /usr/share/X11/locale/locale.dir
xclip /usr/share/X11/locale/C/XLC_LOCALE
xclip /usr/share/X11/locale/locale.alias
xclip /usr/share/X11/locale/locale.dir
xclip /usr/share/X11/locale/C/XLC_LOCALE
Xvfb /proc/1639/cmdline
xdotool /etc/ld.so.cache
xdotool /lib/x86_64-linux-gnu/libxdo.so.3
xdotool /lib/x86_64-linux-gnu/libm.so.6
xdotool /lib/x86_64-linux-gnu/libX11.so.6
xdotool /lib/x86_64-linux-gnu/libc.so.6
xdotool /lib/x86_64-linux-gnu/libXtst.so.6
xdotool /lib/x86_64-linux-gnu/libXinerama.so.1
xdotool /lib/x86_64-linux-gnu/libxkbcommon.so.0
xdotool /lib/x86_64-linux-gnu/libxcb.so.1
xdotool /lib/x86_64-linux-gnu/libXext.so.6
xdotool /lib/x86_64-linux-gnu/libXau.so.6
xdotool /lib/x86_64-linux-gnu/libXdmcp.so.6
xdotool /lib/x86_64-linux-gnu/libbsd.so.0
xdotool /lib/x86_64-linux-gnu/libmd.so.0
Xvfb /proc/1643/cmdline
xdotool /usr/lib/locale/locale-archive
xdotool /usr/lib/x86_64-linux-gnu/gconv/gconv-modules.cache
xclip /etc/ld.so.cache
xclip /lib/x86_64-linux-gnu/libXmu.so.6
xclip /lib/x86_64-linux-gnu/libX11.so.6
xclip /lib/x86_64-linux-gnu/libc.so.6
xclip /lib/x86_64-linux-gnu/libXt.so.6
xclip /lib/x86_64-linux-gnu/libXext.so.6
xclip /lib/x86_64-linux-gnu/libxcb.so.1
xclip /lib/x86_64-linux-gnu/libSM.so.6
xclip /lib/x86_64-linux-gnu/libICE.so.6
xclip /lib/x86_64-linux-gnu/libXau.so.6
xclip /lib/x86_64-linux-gnu/libXdmcp.so.6
xclip /lib/x86_64-linux-gnu/libuuid.so.1
xclip /lib/x86_64-linux-gnu/libbsd.so.0
xclip /lib/x86_64-linux-gnu/libmd.so.0
xclip /usr/share/X11/locale/locale.alias
xclip /usr/share/X11/locale/locale.dir
xclip /usr/share/X11/locale/C/XLC_LOCALE
xclip /usr/share/X11/locale/locale.alias
xclip /usr/share/X11/locale/locale.dir
xclip /usr/share/X11/locale/C/XLC_LOCALE
Xvfb /proc/1645/cmdline
selkies /proc/stat
selkies /proc/meminfo
xclip /etc/ld.so.cache
xclip /lib/x86_64-linux-gnu/libXmu.so.6
xclip /lib/x86_64-linux-gnu/libX11.so.6
xclip /lib/x86_64-linux-gnu/libc.so.6
xclip /lib/x86_64-linux-gnu/libXt.so.6
xclip /lib/x86_64-linux-gnu/libXext.so.6
xclip /lib/x86_64-linux-gnu/libxcb.so.1
xclip /lib/x86_64-linux-gnu/libSM.so.6
xclip /lib/x86_64-linux-gnu/libICE.so.6
xclip /lib/x86_64-linux-gnu/libXau.so.6
xclip /lib/x86_64-linux-gnu/libXdmcp.so.6
xclip /lib/x86_64-linux-gnu/libuuid.so.1
xclip /lib/x86_64-linux-gnu/libbsd.so.0
xclip /lib/x86_64-linux-gnu/libmd.so.0
xclip /usr/share/X11/locale/locale.alias
xclip /usr/share/X11/locale/locale.dir
xclip /usr/share/X11/locale/C/XLC_LOCALE
xclip /usr/share/X11/locale/locale.alias
xclip /usr/share/X11/locale/locale.dir
xclip /usr/share/X11/locale/C/XLC_LOCALE
Xvfb /proc/1652/cmdline
xclip /etc/ld.so.cache
xclip /lib/x86_64-linux-gnu/libXmu.so.6
xclip /lib/x86_64-linux-gnu/libX11.so.6
xclip /lib/x86_64-linux-gnu/libc.so.6
xclip /lib/x86_64-linux-gnu/libXt.so.6
xclip /lib/x86_64-linux-gnu/libXext.so.6
xclip /lib/x86_64-linux-gnu/libxcb.so.1
xclip /lib/x86_64-linux-gnu/libSM.so.6
xclip /lib/x86_64-linux-gnu/libICE.so.6
xclip /lib/x86_64-linux-gnu/libXau.so.6
xclip /lib/x86_64-linux-gnu/libXdmcp.so.6
xclip /lib/x86_64-linux-gnu/libuuid.so.1
xclip /lib/x86_64-linux-gnu/libbsd.so.0
xclip /lib/x86_64-linux-gnu/libmd.so.0
xclip /usr/share/X11/locale/locale.alias
xclip /usr/share/X11/locale/locale.dir
xclip /usr/share/X11/locale/C/XLC_LOCALE
xclip /usr/share/X11/locale/locale.alias
xclip /usr/share/X11/locale/locale.dir
xclip /usr/share/X11/locale/C/XLC_LOCALE
Xvfb /proc/1656/cmdline
xdotool /etc/ld.so.cache
xdotool /lib/x86_64-linux-gnu/libxdo.so.3
xdotool /lib/x86_64-linux-gnu/libm.so.6
xdotool /lib/x86_64-linux-gnu/libX11.so.6
xdotool /lib/x86_64-linux-gnu/libc.so.6
xdotool /lib/x86_64-linux-gnu/libXtst.so.6
xdotool /lib/x86_64-linux-gnu/libXinerama.so.1
xdotool /lib/x86_64-linux-gnu/libxkbcommon.so.0
xdotool /lib/x86_64-linux-gnu/libxcb.so.1
xdotool /lib/x86_64-linux-gnu/libXext.so.6
xdotool /lib/x86_64-linux-gnu/libXau.so.6
xdotool /lib/x86_64-linux-gnu/libXdmcp.so.6
xdotool /lib/x86_64-linux-gnu/libbsd.so.0
xdotool /lib/x86_64-linux-gnu/libmd.so.0
Xvfb /proc/1664/cmdline
selkies /proc/stat
selkies /proc/meminfo
xclip /etc/ld.so.cache
xclip /lib/x86_64-linux-gnu/libXmu.so.6
xclip /lib/x86_64-linux-gnu/libX11.so.6
xclip /lib/x86_64-linux-gnu/libc.so.6
xclip /lib/x86_64-linux-gnu/libXt.so.6
xclip /lib/x86_64-linux-gnu/libXext.so.6
xclip /lib/x86_64-linux-gnu/libxcb.so.1
xclip /lib/x86_64-linux-gnu/libSM.so.6
xclip /lib/x86_64-linux-gnu/libICE.so.6
xclip /lib/x86_64-linux-gnu/libXau.so.6
xclip /lib/x86_64-linux-gnu/libXdmcp.so.6
xclip /lib/x86_64-linux-gnu/libuuid.so.1
xclip /lib/x86_64-linux-gnu/libbsd.so.0
xclip /lib/x86_64-linux-gnu/libmd.so.0
xdotool /etc/ld.so.cache
xdotool /lib/x86_64-linux-gnu/libxdo.so.3
xdotool /lib/x86_64-linux-gnu/libm.so.6
xdotool /lib/x86_64-linux-gnu/libX11.so.6
xdotool /lib/x86_64-linux-gnu/libc.so.6
xdotool /lib/x86_64-linux-gnu/libXtst.so.6
xdotool /lib/x86_64-linux-gnu/libXinerama.so.1
xclip /usr/share/X11/locale/locale.alias
xdotool /lib/x86_64-linux-gnu/libxkbcommon.so.0
xdotool /lib/x86_64-linux-gnu/libxcb.so.1
xdotool /lib/x86_64-linux-gnu/libXext.so.6
xclip /usr/share/X11/locale/locale.dir
xdotool /lib/x86_64-linux-gnu/libXau.so.6
xdotool /lib/x86_64-linux-gnu/libXdmcp.so.6
xclip /usr/share/X11/locale/C/XLC_LOCALE
xclip /usr/share/X11/locale/locale.alias
xdotool /lib/x86_64-linux-gnu/libbsd.so.0
xdotool /lib/x86_64-linux-gnu/libmd.so.0
xclip /usr/share/X11/locale/locale.dir
xclip /usr/share/X11/locale/C/XLC_LOCALE
Xvfb /proc/1666/cmdline
Xvfb /proc/1667/cmdline
xdotool /usr/share/X11/XKeysymDB
xdotool /etc/ld.so.cache
xdotool /lib/x86_64-linux-gnu/libxdo.so.3
xdotool /lib/x86_64-linux-gnu/libm.so.6
xdotool /lib/x86_64-linux-gnu/libX11.so.6
xdotool /lib/x86_64-linux-gnu/libc.so.6
xdotool /lib/x86_64-linux-gnu/libXtst.so.6
xdotool /lib/x86_64-linux-gnu/libXinerama.so.1
xdotool /lib/x86_64-linux-gnu/libxkbcommon.so.0
xdotool /lib/x86_64-linux-gnu/libxcb.so.1
xdotool /lib/x86_64-linux-gnu/libXext.so.6
xdotool /lib/x86_64-linux-gnu/libXau.so.6
xdotool /lib/x86_64-linux-gnu/libXdmcp.so.6
xdotool /lib/x86_64-linux-gnu/libbsd.so.0
xdotool /lib/x86_64-linux-gnu/libmd.so.0
Xvfb /proc/1670/cmdline
xdotool /usr/share/X11/XKeysymDB
xdotool /etc/ld.so.cache
xdotool /lib/x86_64-linux-gnu/libxdo.so.3
xdotool /lib/x86_64-linux-gnu/libm.so.6
xdotool /lib/x86_64-linux-gnu/libX11.so.6
xdotool /lib/x86_64-linux-gnu/libc.so.6
xdotool /lib/x86_64-linux-gnu/libXtst.so.6
xdotool /lib/x86_64-linux-gnu/libXinerama.so.1
xdotool /lib/x86_64-linux-gnu/libxkbcommon.so.0
xdotool /lib/x86_64-linux-gnu/libxcb.so.1
xdotool /lib/x86_64-linux-gnu/libXext.so.6
xdotool /lib/x86_64-linux-gnu/libXau.so.6
xdotool /lib/x86_64-linux-gnu/libXdmcp.so.6
xdotool /lib/x86_64-linux-gnu/libbsd.so.0
xdotool /lib/x86_64-linux-gnu/libmd.so.0
Xvfb /proc/1671/cmdline
xclip /etc/ld.so.cache
xclip /lib/x86_64-linux-gnu/libXmu.so.6
xclip /lib/x86_64-linux-gnu/libX11.so.6
xclip /lib/x86_64-linux-gnu/libc.so.6
xclip /lib/x86_64-linux-gnu/libXt.so.6
xclip /lib/x86_64-linux-gnu/libXext.so.6
xclip /lib/x86_64-linux-gnu/libxcb.so.1
xclip /lib/x86_64-linux-gnu/libSM.so.6
xclip /lib/x86_64-linux-gnu/libICE.so.6
xclip /lib/x86_64-linux-gnu/libXau.so.6
xclip /lib/x86_64-linux-gnu/libXdmcp.so.6
xclip /lib/x86_64-linux-gnu/libuuid.so.1
xclip /lib/x86_64-linux-gnu/libbsd.so.0
xclip /lib/x86_64-linux-gnu/libmd.so.0
xclip /usr/share/X11/locale/locale.alias
xclip /usr/share/X11/locale/locale.dir
xclip /usr/share/X11/locale/C/XLC_LOCALE
xclip /usr/share/X11/locale/locale.alias
xclip /usr/share/X11/locale/locale.dir
xclip /usr/share/X11/locale/C/XLC_LOCALE
Xvfb /proc/1680/cmdline
selkies /proc/stat
selkies /proc/meminfo
xclip /etc/ld.so.cache
xclip /lib/x86_64-linux-gnu/libXmu.so.6
xclip /lib/x86_64-linux-gnu/libX11.so.6
xclip /lib/x86_64-linux-gnu/libc.so.6
xclip /lib/x86_64-linux-gnu/libXt.so.6
xclip /lib/x86_64-linux-gnu/libXext.so.6
xclip /lib/x86_64-linux-gnu/libxcb.so.1
xclip /lib/x86_64-linux-gnu/libSM.so.6
xclip /lib/x86_64-linux-gnu/libICE.so.6
xclip /lib/x86_64-linux-gnu/libXau.so.6
xclip /lib/x86_64-linux-gnu/libXdmcp.so.6
xclip /lib/x86_64-linux-gnu/libuuid.so.1
xclip /lib/x86_64-linux-gnu/libbsd.so.0
xclip /lib/x86_64-linux-gnu/libmd.so.0
xclip /usr/share/X11/locale/locale.alias
xclip /usr/share/X11/locale/locale.dir
xclip /usr/share/X11/locale/C/XLC_LOCALE
xclip /usr/share/X11/locale/locale.alias
xclip /usr/share/X11/locale/locale.dir
xclip /usr/share/X11/locale/C/XLC_LOCALE
Xvfb /proc/1686/cmdline
xclip /etc/ld.so.cache
xclip /lib/x86_64-linux-gnu/libXmu.so.6
xclip /lib/x86_64-linux-gnu/libX11.so.6
xclip /lib/x86_64-linux-gnu/libc.so.6
xclip /lib/x86_64-linux-gnu/libXt.so.6
xclip /lib/x86_64-linux-gnu/libXext.so.6
xclip /lib/x86_64-linux-gnu/libxcb.so.1
xclip /lib/x86_64-linux-gnu/libSM.so.6
xclip /lib/x86_64-linux-gnu/libICE.so.6
xclip /lib/x86_64-linux-gnu/libXau.so.6
xclip /lib/x86_64-linux-gnu/libXdmcp.so.6
xclip /lib/x86_64-linux-gnu/libuuid.so.1
xclip /lib/x86_64-linux-gnu/libbsd.so.0
xclip /lib/x86_64-linux-gnu/libmd.so.0
xclip /usr/share/X11/locale/locale.alias
xclip /usr/share/X11/locale/locale.dir
xclip /usr/share/X11/locale/C/XLC_LOCALE
xclip /usr/share/X11/locale/locale.alias
xclip /usr/share/X11/locale/locale.dir
xclip /usr/share/X11/locale/C/XLC_LOCALE
Xvfb /proc/1691/cmdline
selkies /proc/stat
selkies /proc/meminfo
xdotool /etc/ld.so.cache
xdotool /lib/x86_64-linux-gnu/libxdo.so.3
xdotool /lib/x86_64-linux-gnu/libm.so.6
xdotool /lib/x86_64-linux-gnu/libX11.so.6
xdotool /lib/x86_64-linux-gnu/libc.so.6
xdotool /lib/x86_64-linux-gnu/libXtst.so.6
xdotool /lib/x86_64-linux-gnu/libXinerama.so.1
xdotool /lib/x86_64-linux-gnu/libxkbcommon.so.0
xdotool /lib/x86_64-linux-gnu/libxcb.so.1
xdotool /lib/x86_64-linux-gnu/libXext.so.6
xdotool /lib/x86_64-linux-gnu/libXau.so.6
xdotool /lib/x86_64-linux-gnu/libXdmcp.so.6
xdotool /lib/x86_64-linux-gnu/libbsd.so.0
xdotool /lib/x86_64-linux-gnu/libmd.so.0
Xvfb /proc/1694/cmdline
xdotool /etc/ld.so.cache
xdotool /lib/x86_64-linux-gnu/libxdo.so.3
xdotool /lib/x86_64-linux-gnu/libm.so.6
xdotool /lib/x86_64-linux-gnu/libX11.so.6
xdotool /lib/x86_64-linux-gnu/libc.so.6
xdotool /lib/x86_64-linux-gnu/libXtst.so.6
xdotool /lib/x86_64-linux-gnu/libXinerama.so.1
xdotool /lib/x86_64-linux-gnu/libxkbcommon.so.0
xdotool /lib/x86_64-linux-gnu/libxcb.so.1
xdotool /lib/x86_64-linux-gnu/libXext.so.6
xdotool /lib/x86_64-linux-gnu/libXau.so.6
xdotool /lib/x86_64-linux-gnu/libXdmcp.so.6
xdotool /lib/x86_64-linux-gnu/libbsd.so.0
xdotool /lib/x86_64-linux-gnu/libmd.so.0
Xvfb /proc/1698/cmdline
xdotool /usr/share/X11/XKeysymDB
xclip /etc/ld.so.cache
xclip /lib/x86_64-linux-gnu/libXmu.so.6
xclip /lib/x86_64-linux-gnu/libX11.so.6
xclip /lib/x86_64-linux-gnu/libc.so.6
xclip /lib/x86_64-linux-gnu/libXt.so.6
xclip /lib/x86_64-linux-gnu/libXext.so.6
xclip /lib/x86_64-linux-gnu/libxcb.so.1
xclip /lib/x86_64-linux-gnu/libSM.so.6
xclip /lib/x86_64-linux-gnu/libICE.so.6
xclip /lib/x86_64-linux-gnu/libXau.so.6
xclip /lib/x86_64-linux-gnu/libXdmcp.so.6
xclip /lib/x86_64-linux-gnu/libuuid.so.1
xclip /lib/x86_64-linux-gnu/libbsd.so.0
xclip /lib/x86_64-linux-gnu/libmd.so.0
xdotool /etc/ld.so.cache
xdotool /lib/x86_64-linux-gnu/libxdo.so.3
xdotool /lib/x86_64-linux-gnu/libm.so.6
xdotool /lib/x86_64-linux-gnu/libX11.so.6
xdotool /lib/x86_64-linux-gnu/libc.so.6
xclip /usr/share/X11/locale/locale.alias
xdotool /lib/x86_64-linux-gnu/libXtst.so.6
xdotool /lib/x86_64-linux-gnu/libXinerama.so.1
xdotool /lib/x86_64-linux-gnu/libxkbcommon.so.0
xclip /usr/share/X11/locale/locale.dir
xdotool /lib/x86_64-linux-gnu/libxcb.so.1
xclip /usr/share/X11/locale/C/XLC_LOCALE
xdotool /lib/x86_64-linux-gnu/libXext.so.6
xclip /usr/share/X11/locale/locale.alias
xdotool /lib/x86_64-linux-gnu/libXau.so.6
xdotool /lib/x86_64-linux-gnu/libXdmcp.so.6
xdotool /lib/x86_64-linux-gnu/libbsd.so.0
xdotool /lib/x86_64-linux-gnu/libmd.so.0
xclip /usr/share/X11/locale/locale.dir
xclip /usr/share/X11/locale/C/XLC_LOCALE
Xvfb /proc/1700/cmdline
Xvfb /proc/1701/cmdline
xdotool /usr/share/X11/XKeysymDB
xdotool /etc/ld.so.cache
xdotool /lib/x86_64-linux-gnu/libxdo.so.3
xdotool /lib/x86_64-linux-gnu/libm.so.6
xdotool /lib/x86_64-linux-gnu/libX11.so.6
xdotool /lib/x86_64-linux-gnu/libc.so.6
xdotool /lib/x86_64-linux-gnu/libXtst.so.6
xdotool /lib/x86_64-linux-gnu/libXinerama.so.1
xdotool /lib/x86_64-linux-gnu/libxkbcommon.so.0
xdotool /lib/x86_64-linux-gnu/libxcb.so.1
xdotool /lib/x86_64-linux-gnu/libXext.so.6
xdotool /lib/x86_64-linux-gnu/libXau.so.6
xdotool /lib/x86_64-linux-gnu/libXdmcp.so.6
xdotool /lib/x86_64-linux-gnu/libbsd.so.0
xdotool /lib/x86_64-linux-gnu/libmd.so.0
Xvfb /proc/1702/cmdline
xclip /etc/ld.so.cache
xclip /lib/x86_64-linux-gnu/libXmu.so.6
xclip /lib/x86_64-linux-gnu/libX11.so.6
xclip /lib/x86_64-linux-gnu/libc.so.6
xclip /lib/x86_64-linux-gnu/libXt.so.6
xclip /lib/x86_64-linux-gnu/libXext.so.6
xclip /lib/x86_64-linux-gnu/libxcb.so.1
xclip /lib/x86_64-linux-gnu/libSM.so.6
xclip /lib/x86_64-linux-gnu/libICE.so.6
xclip /lib/x86_64-linux-gnu/libXau.so.6
xclip /lib/x86_64-linux-gnu/libXdmcp.so.6
xclip /lib/x86_64-linux-gnu/libuuid.so.1
xclip /lib/x86_64-linux-gnu/libbsd.so.0
xclip /lib/x86_64-linux-gnu/libmd.so.0
xclip /usr/share/X11/locale/locale.alias
xclip /usr/share/X11/locale/locale.dir
xclip /usr/share/X11/locale/C/XLC_LOCALE
xclip /usr/share/X11/locale/locale.alias
xclip /usr/share/X11/locale/locale.dir
xclip /usr/share/X11/locale/C/XLC_LOCALE
Xvfb /proc/1706/cmdline
xdotool /etc/ld.so.cache
xdotool /lib/x86_64-linux-gnu/libxdo.so.3
xdotool /lib/x86_64-linux-gnu/libm.so.6
xdotool /lib/x86_64-linux-gnu/libX11.so.6
xdotool /lib/x86_64-linux-gnu/libc.so.6
xdotool /lib/x86_64-linux-gnu/libXtst.so.6
xdotool /lib/x86_64-linux-gnu/libXinerama.so.1
xdotool /lib/x86_64-linux-gnu/libxkbcommon.so.0
xdotool /lib/x86_64-linux-gnu/libxcb.so.1
xdotool /lib/x86_64-linux-gnu/libXext.so.6
xdotool /lib/x86_64-linux-gnu/libXau.so.6
xdotool /lib/x86_64-linux-gnu/libXdmcp.so.6
xdotool /lib/x86_64-linux-gnu/libbsd.so.0
xdotool /lib/x86_64-linux-gnu/libmd.so.0
Xvfb /proc/1708/cmdline
xdotool /etc/ld.so.cache
xdotool /lib/x86_64-linux-gnu/libxdo.so.3
xdotool /lib/x86_64-linux-gnu/libm.so.6
xdotool /lib/x86_64-linux-gnu/libX11.so.6
xdotool /lib/x86_64-linux-gnu/libc.so.6
xdotool /lib/x86_64-linux-gnu/libXtst.so.6
xdotool /lib/x86_64-linux-gnu/libXinerama.so.1
xdotool /lib/x86_64-linux-gnu/libxkbcommon.so.0
xdotool /lib/x86_64-linux-gnu/libxcb.so.1
xdotool /lib/x86_64-linux-gnu/libXext.so.6
xdotool /lib/x86_64-linux-gnu/libXau.so.6
xdotool /lib/x86_64-linux-gnu/libXdmcp.so.6
xdotool /lib/x86_64-linux-gnu/libbsd.so.0
xdotool /lib/x86_64-linux-gnu/libmd.so.0
Xvfb /proc/1713/cmdline
xdotool /usr/share/X11/XKeysymDB
xdotool /etc/ld.so.cache
xdotool /lib/x86_64-linux-gnu/libxdo.so.3
xdotool /lib/x86_64-linux-gnu/libm.so.6
xdotool /lib/x86_64-linux-gnu/libX11.so.6
xdotool /lib/x86_64-linux-gnu/libc.so.6
xdotool /lib/x86_64-linux-gnu/libXtst.so.6
xdotool /lib/x86_64-linux-gnu/libXinerama.so.1
xdotool /lib/x86_64-linux-gnu/libxkbcommon.so.0
xdotool /lib/x86_64-linux-gnu/libxcb.so.1
xdotool /lib/x86_64-linux-gnu/libXext.so.6
xdotool /lib/x86_64-linux-gnu/libXau.so.6
xdotool /lib/x86_64-linux-gnu/libXdmcp.so.6
xdotool /lib/x86_64-linux-gnu/libbsd.so.0
xdotool /lib/x86_64-linux-gnu/libmd.so.0
Xvfb /proc/1715/cmdline
xdotool /usr/share/X11/XKeysymDB
selkies /proc/stat
selkies /proc/meminfo
xdotool /etc/ld.so.cache
xdotool /lib/x86_64-linux-gnu/libxdo.so.3
xdotool /lib/x86_64-linux-gnu/libm.so.6
xdotool /lib/x86_64-linux-gnu/libX11.so.6
xdotool /lib/x86_64-linux-gnu/libc.so.6
xdotool /lib/x86_64-linux-gnu/libXtst.so.6
xdotool /lib/x86_64-linux-gnu/libXinerama.so.1
xdotool /lib/x86_64-linux-gnu/libxkbcommon.so.0
xdotool /lib/x86_64-linux-gnu/libxcb.so.1
xdotool /lib/x86_64-linux-gnu/libXext.so.6
xdotool /lib/x86_64-linux-gnu/libXau.so.6
xdotool /lib/x86_64-linux-gnu/libXdmcp.so.6
xdotool /lib/x86_64-linux-gnu/libbsd.so.0
xdotool /lib/x86_64-linux-gnu/libmd.so.0
Xvfb /proc/1716/cmdline
xclip /etc/ld.so.cache
xclip /lib/x86_64-linux-gnu/libXmu.so.6
xclip /lib/x86_64-linux-gnu/libX11.so.6
xclip /lib/x86_64-linux-gnu/libc.so.6
xclip /lib/x86_64-linux-gnu/libXt.so.6
xclip /lib/x86_64-linux-gnu/libXext.so.6
xclip /lib/x86_64-linux-gnu/libxcb.so.1
xclip /lib/x86_64-linux-gnu/libSM.so.6
xclip /lib/x86_64-linux-gnu/libICE.so.6
xclip /lib/x86_64-linux-gnu/libXau.so.6
xclip /lib/x86_64-linux-gnu/libXdmcp.so.6
xclip /lib/x86_64-linux-gnu/libuuid.so.1
xclip /lib/x86_64-linux-gnu/libbsd.so.0
xclip /lib/x86_64-linux-gnu/libmd.so.0
xclip /usr/share/X11/locale/locale.alias
xclip /usr/share/X11/locale/locale.dir
xclip /usr/share/X11/locale/C/XLC_LOCALE
xclip /usr/share/X11/locale/locale.alias
xclip /usr/share/X11/locale/locale.dir
xclip /usr/share/X11/locale/C/XLC_LOCALE
Xvfb /proc/1723/cmdline
xclip /etc/ld.so.cache
xclip /lib/x86_64-linux-gnu/libXmu.so.6
xclip /lib/x86_64-linux-gnu/libX11.so.6
xclip /lib/x86_64-linux-gnu/libc.so.6
xclip /lib/x86_64-linux-gnu/libXt.so.6
xclip /lib/x86_64-linux-gnu/libXext.so.6
xclip /lib/x86_64-linux-gnu/libxcb.so.1
xclip /lib/x86_64-linux-gnu/libSM.so.6
xclip /lib/x86_64-linux-gnu/libICE.so.6
xclip /lib/x86_64-linux-gnu/libXau.so.6
xclip /lib/x86_64-linux-gnu/libXdmcp.so.6
xclip /lib/x86_64-linux-gnu/libuuid.so.1
xclip /lib/x86_64-linux-gnu/libbsd.so.0
xclip /lib/x86_64-linux-gnu/libmd.so.0
xclip /usr/share/X11/locale/locale.alias
xclip /usr/share/X11/locale/locale.dir
xclip /usr/share/X11/locale/C/XLC_LOCALE
xclip /usr/share/X11/locale/locale.alias
xclip /usr/share/X11/locale/locale.dir
xclip /usr/share/X11/locale/C/XLC_LOCALE
Xvfb /proc/1726/cmdline
selkies /proc/stat
selkies /proc/meminfo
xclip /etc/ld.so.cache
xclip /lib/x86_64-linux-gnu/libXmu.so.6
xclip /lib/x86_64-linux-gnu/libX11.so.6
xclip /lib/x86_64-linux-gnu/libc.so.6
xclip /lib/x86_64-linux-gnu/libXt.so.6
xclip /lib/x86_64-linux-gnu/libXext.so.6
xclip /lib/x86_64-linux-gnu/libxcb.so.1
xclip /lib/x86_64-linux-gnu/libSM.so.6
xclip /lib/x86_64-linux-gnu/libICE.so.6
xclip /lib/x86_64-linux-gnu/libXau.so.6
xclip /lib/x86_64-linux-gnu/libXdmcp.so.6
xclip /lib/x86_64-linux-gnu/libuuid.so.1
xclip /lib/x86_64-linux-gnu/libbsd.so.0
xclip /lib/x86_64-linux-gnu/libmd.so.0
xclip /usr/share/X11/locale/locale.alias
xclip /usr/share/X11/locale/locale.dir
xclip /usr/share/X11/locale/C/XLC_LOCALE
xclip /usr/share/X11/locale/locale.alias
xclip /usr/share/X11/locale/locale.dir
xclip /usr/share/X11/locale/C/XLC_LOCALE
Xvfb /proc/1732/cmdline
xclip /etc/ld.so.cache
xclip /lib/x86_64-linux-gnu/libXmu.so.6
xclip /lib/x86_64-linux-gnu/libX11.so.6
xclip /lib/x86_64-linux-gnu/libc.so.6
xclip /lib/x86_64-linux-gnu/libXt.so.6
xclip /lib/x86_64-linux-gnu/libXext.so.6
xclip /lib/x86_64-linux-gnu/libxcb.so.1
xclip /lib/x86_64-linux-gnu/libSM.so.6
xclip /lib/x86_64-linux-gnu/libICE.so.6
xclip /lib/x86_64-linux-gnu/libXau.so.6
xclip /lib/x86_64-linux-gnu/libXdmcp.so.6
xclip /lib/x86_64-linux-gnu/libuuid.so.1
xclip /lib/x86_64-linux-gnu/libbsd.so.0
xclip /lib/x86_64-linux-gnu/libmd.so.0
xclip /usr/share/X11/locale/locale.alias
xclip /usr/share/X11/locale/locale.dir
xclip /usr/share/X11/locale/C/XLC_LOCALE
xclip /usr/share/X11/locale/locale.alias
xclip /usr/share/X11/locale/locale.dir
xclip /usr/share/X11/locale/C/XLC_LOCALE
Xvfb /proc/1740/cmdline
selkies /proc/stat
selkies /proc/meminfo
xdotool /etc/ld.so.cache
xdotool /lib/x86_64-linux-gnu/libxdo.so.3
xdotool /lib/x86_64-linux-gnu/libm.so.6
xdotool /lib/x86_64-linux-gnu/libX11.so.6
xdotool /lib/x86_64-linux-gnu/libc.so.6
xdotool /lib/x86_64-linux-gnu/libXtst.so.6
xdotool /lib/x86_64-linux-gnu/libXinerama.so.1
xdotool /lib/x86_64-linux-gnu/libxkbcommon.so.0
xdotool /lib/x86_64-linux-gnu/libxcb.so.1
xdotool /lib/x86_64-linux-gnu/libXext.so.6
xdotool /lib/x86_64-linux-gnu/libXau.so.6
xdotool /lib/x86_64-linux-gnu/libXdmcp.so.6
xdotool /lib/x86_64-linux-gnu/libbsd.so.0
xdotool /lib/x86_64-linux-gnu/libmd.so.0
Xvfb /proc/1741/cmdline
xdotool /etc/ld.so.cache
xdotool /lib/x86_64-linux-gnu/libxdo.so.3
xdotool /lib/x86_64-linux-gnu/libm.so.6
xdotool /lib/x86_64-linux-gnu/libX11.so.6
xdotool /lib/x86_64-linux-gnu/libc.so.6
xdotool /lib/x86_64-linux-gnu/libXtst.so.6
xdotool /lib/x86_64-linux-gnu/libXinerama.so.1
xdotool /lib/x86_64-linux-gnu/libxkbcommon.so.0
xdotool /lib/x86_64-linux-gnu/libxcb.so.1
xdotool /lib/x86_64-linux-gnu/libXext.so.6
xdotool /lib/x86_64-linux-gnu/libXau.so.6
xdotool /lib/x86_64-linux-gnu/libXdmcp.so.6
xdotool /lib/x86_64-linux-gnu/libbsd.so.0
xdotool /lib/x86_64-linux-gnu/libmd.so.0
Xvfb /proc/1747/cmdline
xdotool /usr/share/X11/XKeysymDB
xclip /etc/ld.so.cache
xclip /lib/x86_64-linux-gnu/libXmu.so.6
xclip /lib/x86_64-linux-gnu/libX11.so.6
xclip /lib/x86_64-linux-gnu/libc.so.6
xclip /lib/x86_64-linux-gnu/libXt.so.6
xclip /lib/x86_64-linux-gnu/libXext.so.6
xclip /lib/x86_64-linux-gnu/libxcb.so.1
xclip /lib/x86_64-linux-gnu/libSM.so.6
xclip /lib/x86_64-linux-gnu/libICE.so.6
xclip /lib/x86_64-linux-gnu/libXau.so.6
xclip /lib/x86_64-linux-gnu/libXdmcp.so.6
xclip /lib/x86_64-linux-gnu/libuuid.so.1
xclip /lib/x86_64-linux-gnu/libbsd.so.0
xclip /lib/x86_64-linux-gnu/libmd.so.0
xdotool /etc/ld.so.cache
xdotool /lib/x86_64-linux-gnu/libxdo.so.3
xdotool /lib/x86_64-linux-gnu/libm.so.6
xdotool /lib/x86_64-linux-gnu/libX11.so.6
xdotool /lib/x86_64-linux-gnu/libc.so.6
xclip /usr/share/X11/locale/locale.alias
xdotool /lib/x86_64-linux-gnu/libXtst.so.6
xdotool /lib/x86_64-linux-gnu/libXinerama.so.1
xdotool /lib/x86_64-linux-gnu/libxkbcommon.so.0
xdotool /lib/x86_64-linux-gnu/libxcb.so.1
xclip /usr/share/X11/locale/locale.dir
xdotool /lib/x86_64-linux-gnu/libXext.so.6
xclip /usr/share/X11/locale/C/XLC_LOCALE
xdotool /lib/x86_64-linux-gnu/libXau.so.6
xclip /usr/share/X11/locale/locale.alias
xdotool /lib/x86_64-linux-gnu/libXdmcp.so.6
xdotool /lib/x86_64-linux-gnu/libbsd.so.0
xdotool /lib/x86_64-linux-gnu/libmd.so.0
xclip /usr/share/X11/locale/locale.dir
xclip /usr/share/X11/locale/C/XLC_LOCALE
Xvfb /proc/1749/cmdline
Xvfb /proc/1750/cmdline
xdotool /usr/share/X11/XKeysymDB
xdotool /etc/ld.so.cache
xdotool /lib/x86_64-linux-gnu/libxdo.so.3
xdotool /lib/x86_64-linux-gnu/libm.so.6
xdotool /lib/x86_64-linux-gnu/libX11.so.6
xdotool /lib/x86_64-linux-gnu/libc.so.6
xdotool /lib/x86_64-linux-gnu/libXtst.so.6
xdotool /lib/x86_64-linux-gnu/libXinerama.so.1
xdotool /lib/x86_64-linux-gnu/libxkbcommon.so.0
xdotool /lib/x86_64-linux-gnu/libxcb.so.1
xdotool /lib/x86_64-linux-gnu/libXext.so.6
xdotool /lib/x86_64-linux-gnu/libXau.so.6
xdotool /lib/x86_64-linux-gnu/libXdmcp.so.6
xdotool /lib/x86_64-linux-gnu/libbsd.so.0
xdotool /lib/x86_64-linux-gnu/libmd.so.0
Xvfb /proc/1751/cmdline
selkies /proc/stat
selkies /proc/meminfo
xclip /etc/ld.so.cache
xclip /lib/x86_64-linux-gnu/libXmu.so.6
xclip /lib/x86_64-linux-gnu/libX11.so.6
xclip /lib/x86_64-linux-gnu/libc.so.6
xclip /lib/x86_64-linux-gnu/libXt.so.6
xclip /lib/x86_64-linux-gnu/libXext.so.6
xclip /lib/x86_64-linux-gnu/libxcb.so.1
xclip /lib/x86_64-linux-gnu/libSM.so.6
xclip /lib/x86_64-linux-gnu/libICE.so.6
xclip /lib/x86_64-linux-gnu/libXau.so.6
xclip /lib/x86_64-linux-gnu/libXdmcp.so.6
xclip /lib/x86_64-linux-gnu/libuuid.so.1
xclip /lib/x86_64-linux-gnu/libbsd.so.0
xclip /lib/x86_64-linux-gnu/libmd.so.0
xclip /usr/share/X11/locale/locale.alias
xclip /usr/share/X11/locale/locale.dir
xclip /usr/share/X11/locale/C/XLC_LOCALE
xclip /usr/share/X11/locale/locale.alias
xclip /usr/share/X11/locale/locale.dir
xclip /usr/share/X11/locale/C/XLC_LOCALE
Xvfb /proc/1754/cmdline
xclip /etc/ld.so.cache
xclip /lib/x86_64-linux-gnu/libXmu.so.6
xclip /lib/x86_64-linux-gnu/libX11.so.6
xclip /lib/x86_64-linux-gnu/libc.so.6
xclip /lib/x86_64-linux-gnu/libXt.so.6
xclip /lib/x86_64-linux-gnu/libXext.so.6
xclip /lib/x86_64-linux-gnu/libxcb.so.1
xclip /lib/x86_64-linux-gnu/libSM.so.6
xclip /lib/x86_64-linux-gnu/libICE.so.6
xclip /lib/x86_64-linux-gnu/libXau.so.6
xclip /lib/x86_64-linux-gnu/libXdmcp.so.6
xclip /lib/x86_64-linux-gnu/libuuid.so.1
xclip /lib/x86_64-linux-gnu/libbsd.so.0
xclip /lib/x86_64-linux-gnu/libmd.so.0
xclip /usr/share/X11/locale/locale.alias
xclip /usr/share/X11/locale/locale.dir
xclip /usr/share/X11/locale/C/XLC_LOCALE
xclip /usr/share/X11/locale/locale.alias
xclip /usr/share/X11/locale/locale.dir
xclip /usr/share/X11/locale/C/XLC_LOCALE
Xvfb /proc/1760/cmdline
selkies /proc/stat
selkies /proc/meminfo
xclip /etc/ld.so.cache
xclip /lib/x86_64-linux-gnu/libXmu.so.6
xclip /lib/x86_64-linux-gnu/libX11.so.6
xclip /lib/x86_64-linux-gnu/libc.so.6
xclip /lib/x86_64-linux-gnu/libXt.so.6
xclip /lib/x86_64-linux-gnu/libXext.so.6
xclip /lib/x86_64-linux-gnu/libxcb.so.1
xclip /lib/x86_64-linux-gnu/libSM.so.6
xclip /lib/x86_64-linux-gnu/libICE.so.6
xclip /lib/x86_64-linux-gnu/libXau.so.6
xclip /lib/x86_64-linux-gnu/libXdmcp.so.6
xclip /lib/x86_64-linux-gnu/libuuid.so.1
xclip /lib/x86_64-linux-gnu/libbsd.so.0
xclip /lib/x86_64-linux-gnu/libmd.so.0
xclip /usr/share/X11/locale/locale.alias
xclip /usr/share/X11/locale/locale.dir
xclip /usr/share/X11/locale/C/XLC_LOCALE
xclip /usr/share/X11/locale/locale.alias
xclip /usr/share/X11/locale/locale.dir
xclip /usr/share/X11/locale/C/XLC_LOCALE
Xvfb /proc/1766/cmdline
xclip /etc/ld.so.cache
xclip /lib/x86_64-linux-gnu/libXmu.so.6
xclip /lib/x86_64-linux-gnu/libX11.so.6
xclip /lib/x86_64-linux-gnu/libc.so.6
xclip /lib/x86_64-linux-gnu/libXt.so.6
xclip /lib/x86_64-linux-gnu/libXext.so.6
xclip /lib/x86_64-linux-gnu/libxcb.so.1
xclip /lib/x86_64-linux-gnu/libSM.so.6
xclip /lib/x86_64-linux-gnu/libICE.so.6
xclip /lib/x86_64-linux-gnu/libXau.so.6
xclip /lib/x86_64-linux-gnu/libXdmcp.so.6
xclip /lib/x86_64-linux-gnu/libuuid.so.1
xclip /lib/x86_64-linux-gnu/libbsd.so.0
xclip /lib/x86_64-linux-gnu/libmd.so.0
xclip /usr/share/X11/locale/locale.alias
xclip /usr/share/X11/locale/locale.dir
xclip /usr/share/X11/locale/C/XLC_LOCALE
xclip /usr/share/X11/locale/locale.alias
xclip /usr/share/X11/locale/locale.dir
xclip /usr/share/X11/locale/C/XLC_LOCALE
Xvfb /proc/1774/cmdline
selkies /proc/stat
selkies /proc/meminfo
xclip /etc/ld.so.cache
xclip /lib/x86_64-linux-gnu/libXmu.so.6
xclip /lib/x86_64-linux-gnu/libX11.so.6
xclip /lib/x86_64-linux-gnu/libc.so.6
xclip /lib/x86_64-linux-gnu/libXt.so.6
xclip /lib/x86_64-linux-gnu/libXext.so.6
xclip /lib/x86_64-linux-gnu/libxcb.so.1
xclip /lib/x86_64-linux-gnu/libSM.so.6
xclip /lib/x86_64-linux-gnu/libICE.so.6
xclip /lib/x86_64-linux-gnu/libXau.so.6
xclip /lib/x86_64-linux-gnu/libXdmcp.so.6
xclip /lib/x86_64-linux-gnu/libuuid.so.1
xclip /lib/x86_64-linux-gnu/libbsd.so.0
xclip /lib/x86_64-linux-gnu/libmd.so.0
xclip /usr/share/X11/locale/locale.alias
xclip /usr/share/X11/locale/locale.dir
xclip /usr/share/X11/locale/C/XLC_LOCALE
xclip /usr/share/X11/locale/locale.alias
xclip /usr/share/X11/locale/locale.dir
xclip /usr/share/X11/locale/C/XLC_LOCALE
Xvfb /proc/1781/cmdline
xdotool /etc/ld.so.cache
xdotool /lib/x86_64-linux-gnu/libxdo.so.3
xdotool /lib/x86_64-linux-gnu/libm.so.6
xdotool /lib/x86_64-linux-gnu/libX11.so.6
xdotool /lib/x86_64-linux-gnu/libc.so.6
xdotool /lib/x86_64-linux-gnu/libXtst.so.6
xdotool /lib/x86_64-linux-gnu/libXinerama.so.1
xdotool /lib/x86_64-linux-gnu/libxkbcommon.so.0
xdotool /lib/x86_64-linux-gnu/libxcb.so.1
xdotool /lib/x86_64-linux-gnu/libXext.so.6
xdotool /lib/x86_64-linux-gnu/libXau.so.6
xdotool /lib/x86_64-linux-gnu/libXdmcp.so.6
xdotool /lib/x86_64-linux-gnu/libbsd.so.0
xdotool /lib/x86_64-linux-gnu/libmd.so.0
Xvfb /proc/1787/cmdline
xdotool /etc/ld.so.cache
xdotool /lib/x86_64-linux-gnu/libxdo.so.3
xdotool /lib/x86_64-linux-gnu/libm.so.6
xdotool /lib/x86_64-linux-gnu/libX11.so.6
xdotool /lib/x86_64-linux-gnu/libc.so.6
xdotool /lib/x86_64-linux-gnu/libXtst.so.6
xdotool /lib/x86_64-linux-gnu/libXinerama.so.1
xdotool /lib/x86_64-linux-gnu/libxkbcommon.so.0
xdotool /lib/x86_64-linux-gnu/libxcb.so.1
xdotool /lib/x86_64-linux-gnu/libXext.so.6
xdotool /lib/x86_64-linux-gnu/libXau.so.6
xdotool /lib/x86_64-linux-gnu/libXdmcp.so.6
xdotool /lib/x86_64-linux-gnu/libbsd.so.0
xdotool /lib/x86_64-linux-gnu/libmd.so.0
Xvfb /proc/1789/cmdline
xdotool /usr/share/X11/XKeysymDB
xclip /etc/ld.so.cache
xclip /lib/x86_64-linux-gnu/libXmu.so.6
xclip /lib/x86_64-linux-gnu/libX11.so.6
xclip /lib/x86_64-linux-gnu/libc.so.6
xclip /lib/x86_64-linux-gnu/libXt.so.6
xclip /lib/x86_64-linux-gnu/libXext.so.6
xclip /lib/x86_64-linux-gnu/libxcb.so.1
xclip /lib/x86_64-linux-gnu/libSM.so.6
xclip /lib/x86_64-linux-gnu/libICE.so.6
xclip /lib/x86_64-linux-gnu/libXau.so.6
xclip /lib/x86_64-linux-gnu/libXdmcp.so.6
xclip /lib/x86_64-linux-gnu/libuuid.so.1
xclip /lib/x86_64-linux-gnu/libbsd.so.0
xclip /lib/x86_64-linux-gnu/libmd.so.0
xclip /usr/share/X11/locale/locale.alias
xclip /usr/share/X11/locale/locale.dir
xclip /usr/share/X11/locale/C/XLC_LOCALE
xclip /usr/share/X11/locale/locale.alias
xclip /usr/share/X11/locale/locale.dir
xclip /usr/share/X11/locale/C/XLC_LOCALE
Xvfb /proc/1790/cmdline
xdotool /etc/ld.so.cache
xdotool /lib/x86_64-linux-gnu/libxdo.so.3
xdotool /lib/x86_64-linux-gnu/libm.so.6
xdotool /lib/x86_64-linux-gnu/libX11.so.6
xdotool /lib/x86_64-linux-gnu/libc.so.6
xdotool /lib/x86_64-linux-gnu/libXtst.so.6
xdotool /lib/x86_64-linux-gnu/libXinerama.so.1
xdotool /lib/x86_64-linux-gnu/libxkbcommon.so.0
xdotool /lib/x86_64-linux-gnu/libxcb.so.1
xdotool /lib/x86_64-linux-gnu/libXext.so.6
xdotool /lib/x86_64-linux-gnu/libXau.so.6
xdotool /lib/x86_64-linux-gnu/libXdmcp.so.6
xdotool /lib/x86_64-linux-gnu/libbsd.so.0
xdotool /lib/x86_64-linux-gnu/libmd.so.0
Xvfb /proc/1792/cmdline
xdotool /usr/share/X11/XKeysymDB
xdotool /etc/ld.so.cache
xdotool /lib/x86_64-linux-gnu/libxdo.so.3
xdotool /lib/x86_64-linux-gnu/libm.so.6
xdotool /lib/x86_64-linux-gnu/libX11.so.6
xdotool /lib/x86_64-linux-gnu/libc.so.6
xdotool /lib/x86_64-linux-gnu/libXtst.so.6
xdotool /lib/x86_64-linux-gnu/libXinerama.so.1
xdotool /lib/x86_64-linux-gnu/libxkbcommon.so.0
xdotool /lib/x86_64-linux-gnu/libxcb.so.1
xdotool /lib/x86_64-linux-gnu/libXext.so.6
xdotool /lib/x86_64-linux-gnu/libXau.so.6
xdotool /lib/x86_64-linux-gnu/libXdmcp.so.6
xdotool /lib/x86_64-linux-gnu/libbsd.so.0
xdotool /lib/x86_64-linux-gnu/libmd.so.0
Xvfb /proc/1793/cmdline
selkies /proc/stat
selkies /proc/meminfo
xclip /etc/ld.so.cache
xclip /lib/x86_64-linux-gnu/libXmu.so.6
xclip /lib/x86_64-linux-gnu/libX11.so.6
xclip /lib/x86_64-linux-gnu/libc.so.6
xclip /lib/x86_64-linux-gnu/libXt.so.6
xclip /lib/x86_64-linux-gnu/libXext.so.6
xclip /lib/x86_64-linux-gnu/libxcb.so.1
xclip /lib/x86_64-linux-gnu/libSM.so.6
xclip /lib/x86_64-linux-gnu/libICE.so.6
xclip /lib/x86_64-linux-gnu/libXau.so.6
xclip /lib/x86_64-linux-gnu/libXdmcp.so.6
xclip /lib/x86_64-linux-gnu/libuuid.so.1
xclip /lib/x86_64-linux-gnu/libbsd.so.0
xclip /lib/x86_64-linux-gnu/libmd.so.0
xclip /usr/share/X11/locale/locale.alias
xclip /usr/share/X11/locale/locale.dir
xclip /usr/share/X11/locale/C/XLC_LOCALE
xclip /usr/share/X11/locale/locale.alias
xclip /usr/share/X11/locale/locale.dir
xclip /usr/share/X11/locale/C/XLC_LOCALE
Xvfb /proc/1799/cmdline
xclip /etc/ld.so.cache
xclip /lib/x86_64-linux-gnu/libXmu.so.6
xclip /lib/x86_64-linux-gnu/libX11.so.6
xclip /lib/x86_64-linux-gnu/libc.so.6
xclip /lib/x86_64-linux-gnu/libXt.so.6
xclip /lib/x86_64-linux-gnu/libXext.so.6
xclip /lib/x86_64-linux-gnu/libxcb.so.1
xclip /lib/x86_64-linux-gnu/libSM.so.6
xclip /lib/x86_64-linux-gnu/libICE.so.6
xclip /lib/x86_64-linux-gnu/libXau.so.6
xclip /lib/x86_64-linux-gnu/libXdmcp.so.6
xclip /lib/x86_64-linux-gnu/libuuid.so.1
xclip /lib/x86_64-linux-gnu/libbsd.so.0
xclip /lib/x86_64-linux-gnu/libmd.so.0
xclip /usr/share/X11/locale/locale.alias
xclip /usr/share/X11/locale/locale.dir
xclip /usr/share/X11/locale/C/XLC_LOCALE
xclip /usr/share/X11/locale/locale.alias
xclip /usr/share/X11/locale/locale.dir
xclip /usr/share/X11/locale/C/XLC_LOCALE
Xvfb /proc/1807/cmdline
selkies /proc/stat
selkies /proc/meminfo
xclip /etc/ld.so.cache
xclip /lib/x86_64-linux-gnu/libXmu.so.6
xclip /lib/x86_64-linux-gnu/libX11.so.6
xclip /lib/x86_64-linux-gnu/libc.so.6
xclip /lib/x86_64-linux-gnu/libXt.so.6
xclip /lib/x86_64-linux-gnu/libXext.so.6
xclip /lib/x86_64-linux-gnu/libxcb.so.1
xclip /lib/x86_64-linux-gnu/libSM.so.6
xclip /lib/x86_64-linux-gnu/libICE.so.6
xclip /lib/x86_64-linux-gnu/libXau.so.6
xclip /lib/x86_64-linux-gnu/libXdmcp.so.6
xclip /lib/x86_64-linux-gnu/libuuid.so.1
xclip /lib/x86_64-linux-gnu/libbsd.so.0
xclip /lib/x86_64-linux-gnu/libmd.so.0
xclip /usr/share/X11/locale/locale.alias
xclip /usr/share/X11/locale/locale.dir
xclip /usr/share/X11/locale/C/XLC_LOCALE
xclip /usr/share/X11/locale/locale.alias
xclip /usr/share/X11/locale/locale.dir
xclip /usr/share/X11/locale/C/XLC_LOCALE
Xvfb /proc/1810/cmdline
xclip /etc/ld.so.cache
xclip /lib/x86_64-linux-gnu/libXmu.so.6
xclip /lib/x86_64-linux-gnu/libX11.so.6
xclip /lib/x86_64-linux-gnu/libc.so.6
xclip /lib/x86_64-linux-gnu/libXt.so.6
xclip /lib/x86_64-linux-gnu/libXext.so.6
xclip /lib/x86_64-linux-gnu/libxcb.so.1
xclip /lib/x86_64-linux-gnu/libSM.so.6
xclip /lib/x86_64-linux-gnu/libICE.so.6
xclip /lib/x86_64-linux-gnu/libXau.so.6
xclip /lib/x86_64-linux-gnu/libXdmcp.so.6
xclip /lib/x86_64-linux-gnu/libuuid.so.1
xclip /lib/x86_64-linux-gnu/libbsd.so.0
xclip /lib/x86_64-linux-gnu/libmd.so.0
xclip /usr/share/X11/locale/locale.alias
xclip /usr/share/X11/locale/locale.dir
xclip /usr/share/X11/locale/C/XLC_LOCALE
xclip /usr/share/X11/locale/locale.alias
xclip /usr/share/X11/locale/locale.dir
xclip /usr/share/X11/locale/C/XLC_LOCALE
Xvfb /proc/1817/cmdline
selkies /proc/stat
selkies /proc/meminfo
xdotool /etc/ld.so.cache
xdotool /lib/x86_64-linux-gnu/libxdo.so.3
xdotool /lib/x86_64-linux-gnu/libm.so.6
xdotool /lib/x86_64-linux-gnu/libX11.so.6
xdotool /lib/x86_64-linux-gnu/libc.so.6
xdotool /lib/x86_64-linux-gnu/libXtst.so.6
xdotool /lib/x86_64-linux-gnu/libXinerama.so.1
xdotool /lib/x86_64-linux-gnu/libxkbcommon.so.0
xdotool /lib/x86_64-linux-gnu/libxcb.so.1
xdotool /lib/x86_64-linux-gnu/libXext.so.6
xdotool /lib/x86_64-linux-gnu/libXau.so.6
xdotool /lib/x86_64-linux-gnu/libXdmcp.so.6
xdotool /lib/x86_64-linux-gnu/libbsd.so.0
xdotool /lib/x86_64-linux-gnu/libmd.so.0
Xvfb /proc/1823/cmdline
xdotool /usr/lib/locale/locale-archive
xdotool /usr/lib/x86_64-linux-gnu/gconv/gconv-modules.cache
xclip /etc/ld.so.cache
xclip /lib/x86_64-linux-gnu/libXmu.so.6
xclip /lib/x86_64-linux-gnu/libX11.so.6
xclip /lib/x86_64-linux-gnu/libc.so.6
xclip /lib/x86_64-linux-gnu/libXt.so.6
xclip /lib/x86_64-linux-gnu/libXext.so.6
xclip /lib/x86_64-linux-gnu/libxcb.so.1
xclip /lib/x86_64-linux-gnu/libSM.so.6
xclip /lib/x86_64-linux-gnu/libICE.so.6
xclip /lib/x86_64-linux-gnu/libXau.so.6
xclip /lib/x86_64-linux-gnu/libXdmcp.so.6
xclip /lib/x86_64-linux-gnu/libuuid.so.1
xclip /lib/x86_64-linux-gnu/libbsd.so.0
xclip /lib/x86_64-linux-gnu/libmd.so.0
xclip /usr/share/X11/locale/locale.alias
xclip /usr/share/X11/locale/locale.dir
xclip /usr/share/X11/locale/C/XLC_LOCALE
xclip /usr/share/X11/locale/locale.alias
xclip /usr/share/X11/locale/locale.dir
xclip /usr/share/X11/locale/C/XLC_LOCALE
Xvfb /proc/1825/cmdline
xdotool /etc/ld.so.cache
xdotool /lib/x86_64-linux-gnu/libxdo.so.3
xdotool /lib/x86_64-linux-gnu/libm.so.6
xdotool /lib/x86_64-linux-gnu/libX11.so.6
xdotool /lib/x86_64-linux-gnu/libc.so.6
xdotool /lib/x86_64-linux-gnu/libXtst.so.6
xdotool /lib/x86_64-linux-gnu/libXinerama.so.1
xdotool /lib/x86_64-linux-gnu/libxkbcommon.so.0
xdotool /lib/x86_64-linux-gnu/libxcb.so.1
xdotool /lib/x86_64-linux-gnu/libXext.so.6
xdotool /lib/x86_64-linux-gnu/libXau.so.6
xdotool /lib/x86_64-linux-gnu/libXdmcp.so.6
xdotool /lib/x86_64-linux-gnu/libbsd.so.0
xdotool /lib/x86_64-linux-gnu/libmd.so.0
Xvfb /proc/1831/cmdline
xdotool /usr/lib/locale/locale-archive
xdotool /usr/lib/x86_64-linux-gnu/gconv/gconv-modules.cache
xclip /etc/ld.so.cache
xclip /lib/x86_64-linux-gnu/libXmu.so.6
xclip /lib/x86_64-linux-gnu/libX11.so.6
xclip /lib/x86_64-linux-gnu/libc.so.6
xclip /lib/x86_64-linux-gnu/libXt.so.6
xclip /lib/x86_64-linux-gnu/libXext.so.6
xclip /lib/x86_64-linux-gnu/libxcb.so.1
xclip /lib/x86_64-linux-gnu/libSM.so.6
xclip /lib/x86_64-linux-gnu/libICE.so.6
xclip /lib/x86_64-linux-gnu/libXau.so.6
xclip /lib/x86_64-linux-gnu/libXdmcp.so.6
xclip /lib/x86_64-linux-gnu/libuuid.so.1
xclip /lib/x86_64-linux-gnu/libbsd.so.0
xclip /lib/x86_64-linux-gnu/libmd.so.0
xclip /usr/share/X11/locale/locale.alias
xclip /usr/share/X11/locale/locale.dir
xclip /usr/share/X11/locale/C/XLC_LOCALE
xclip /usr/share/X11/locale/locale.alias
xclip /usr/share/X11/locale/locale.dir
xclip /usr/share/X11/locale/C/XLC_LOCALE
Xvfb /proc/1838/cmdline
selkies /proc/stat
selkies /proc/meminfo
xclip /etc/ld.so.cache
xclip /lib/x86_64-linux-gnu/libXmu.so.6
xclip /lib/x86_64-linux-gnu/libX11.so.6
xclip /lib/x86_64-linux-gnu/libc.so.6
xclip /lib/x86_64-linux-gnu/libXt.so.6
xclip /lib/x86_64-linux-gnu/libXext.so.6
xclip /lib/x86_64-linux-gnu/libxcb.so.1
xclip /lib/x86_64-linux-gnu/libSM.so.6
xclip /lib/x86_64-linux-gnu/libICE.so.6
xclip /lib/x86_64-linux-gnu/libXau.so.6
xclip /lib/x86_64-linux-gnu/libXdmcp.so.6
xclip /lib/x86_64-linux-gnu/libuuid.so.1
xclip /lib/x86_64-linux-gnu/libbsd.so.0
xclip /lib/x86_64-linux-gnu/libmd.so.0
xclip /usr/share/X11/locale/locale.alias
xclip /usr/share/X11/locale/locale.dir
xclip /usr/share/X11/locale/C/XLC_LOCALE
xclip /usr/share/X11/locale/locale.alias
xclip /usr/share/X11/locale/locale.dir
xclip /usr/share/X11/locale/C/XLC_LOCALE
Xvfb /proc/1844/cmdline
xclip /etc/ld.so.cache
xclip /lib/x86_64-linux-gnu/libXmu.so.6
xclip /lib/x86_64-linux-gnu/libX11.so.6
xclip /lib/x86_64-linux-gnu/libc.so.6
xclip /lib/x86_64-linux-gnu/libXt.so.6
xclip /lib/x86_64-linux-gnu/libXext.so.6
xclip /lib/x86_64-linux-gnu/libxcb.so.1
xclip /lib/x86_64-linux-gnu/libSM.so.6
xclip /lib/x86_64-linux-gnu/libICE.so.6
xclip /lib/x86_64-linux-gnu/libXau.so.6
xclip /lib/x86_64-linux-gnu/libXdmcp.so.6
xclip /lib/x86_64-linux-gnu/libuuid.so.1
xclip /lib/x86_64-linux-gnu/libbsd.so.0
xclip /lib/x86_64-linux-gnu/libmd.so.0
xclip /usr/share/X11/locale/locale.alias
xclip /usr/share/X11/locale/locale.dir
xclip /usr/share/X11/locale/C/XLC_LOCALE
xclip /usr/share/X11/locale/locale.alias
xclip /usr/share/X11/locale/locale.dir
xclip /usr/share/X11/locale/C/XLC_LOCALE
Xvfb /proc/1851/cmdline
selkies /proc/stat
selkies /proc/meminfo
xclip /etc/ld.so.cache
xclip /lib/x86_64-linux-gnu/libXmu.so.6
xclip /lib/x86_64-linux-gnu/libX11.so.6
xclip /lib/x86_64-linux-gnu/libc.so.6
xclip /lib/x86_64-linux-gnu/libXt.so.6
xclip /lib/x86_64-linux-gnu/libXext.so.6
xclip /lib/x86_64-linux-gnu/libxcb.so.1
xclip /lib/x86_64-linux-gnu/libSM.so.6
xclip /lib/x86_64-linux-gnu/libICE.so.6
xclip /lib/x86_64-linux-gnu/libXau.so.6
xclip /lib/x86_64-linux-gnu/libXdmcp.so.6
xclip /lib/x86_64-linux-gnu/libuuid.so.1
xclip /lib/x86_64-linux-gnu/libbsd.so.0
xclip /lib/x86_64-linux-gnu/libmd.so.0
xclip /usr/share/X11/locale/locale.alias
xclip /usr/share/X11/locale/locale.dir
xclip /usr/share/X11/locale/C/XLC_LOCALE
xclip /usr/share/X11/locale/locale.alias
xclip /usr/share/X11/locale/locale.dir
xclip /usr/share/X11/locale/C/XLC_LOCALE
Xvfb /proc/1858/cmdline
xdotool /etc/ld.so.cache
xdotool /lib/x86_64-linux-gnu/libxdo.so.3
xdotool /lib/x86_64-linux-gnu/libm.so.6
xdotool /lib/x86_64-linux-gnu/libX11.so.6
xdotool /lib/x86_64-linux-gnu/libc.so.6
xdotool /lib/x86_64-linux-gnu/libXtst.so.6
xdotool /lib/x86_64-linux-gnu/libXinerama.so.1
xdotool /lib/x86_64-linux-gnu/libxkbcommon.so.0
xdotool /lib/x86_64-linux-gnu/libxcb.so.1
xdotool /lib/x86_64-linux-gnu/libXext.so.6
xdotool /lib/x86_64-linux-gnu/libXau.so.6
xdotool /lib/x86_64-linux-gnu/libXdmcp.so.6
xdotool /lib/x86_64-linux-gnu/libbsd.so.0
xdotool /lib/x86_64-linux-gnu/libmd.so.0
Xvfb /proc/1860/cmdline
xdotool /usr/lib/locale/locale-archive
xdotool /usr/lib/x86_64-linux-gnu/gconv/gconv-modules.cache
xclip /etc/ld.so.cache
xclip /lib/x86_64-linux-gnu/libXmu.so.6
xclip /lib/x86_64-linux-gnu/libX11.so.6
xclip /lib/x86_64-linux-gnu/libc.so.6
xclip /lib/x86_64-linux-gnu/libXt.so.6
xclip /lib/x86_64-linux-gnu/libXext.so.6
xclip /lib/x86_64-linux-gnu/libxcb.so.1
xclip /lib/x86_64-linux-gnu/libSM.so.6
xclip /lib/x86_64-linux-gnu/libICE.so.6
xclip /lib/x86_64-linux-gnu/libXau.so.6
xclip /lib/x86_64-linux-gnu/libXdmcp.so.6
xclip /lib/x86_64-linux-gnu/libuuid.so.1
xclip /lib/x86_64-linux-gnu/libbsd.so.0
xclip /lib/x86_64-linux-gnu/libmd.so.0
xclip /usr/share/X11/locale/locale.alias
xclip /usr/share/X11/locale/locale.dir
xclip /usr/share/X11/locale/C/XLC_LOCALE
xclip /usr/share/X11/locale/locale.alias
xclip /usr/share/X11/locale/locale.dir
xclip /usr/share/X11/locale/C/XLC_LOCALE
Xvfb /proc/1864/cmdline
selkies /proc/stat
selkies /proc/meminfo
xdotool /etc/ld.so.cache
xdotool /lib/x86_64-linux-gnu/libxdo.so.3
xdotool /lib/x86_64-linux-gnu/libm.so.6
xdotool /lib/x86_64-linux-gnu/libX11.so.6
xdotool /lib/x86_64-linux-gnu/libc.so.6
xdotool /lib/x86_64-linux-gnu/libXtst.so.6
xdotool /lib/x86_64-linux-gnu/libXinerama.so.1
xdotool /lib/x86_64-linux-gnu/libxkbcommon.so.0
xdotool /lib/x86_64-linux-gnu/libxcb.so.1
xdotool /lib/x86_64-linux-gnu/libXext.so.6
xdotool /lib/x86_64-linux-gnu/libXau.so.6
xdotool /lib/x86_64-linux-gnu/libXdmcp.so.6
xdotool /lib/x86_64-linux-gnu/libbsd.so.0
xdotool /lib/x86_64-linux-gnu/libmd.so.0
Xvfb /proc/1868/cmdline
xdotool /usr/lib/locale/locale-archive
xdotool /usr/lib/x86_64-linux-gnu/gconv/gconv-modules.cache
xclip /etc/ld.so.cache
xclip /lib/x86_64-linux-gnu/libXmu.so.6
xclip /lib/x86_64-linux-gnu/libX11.so.6
xclip /lib/x86_64-linux-gnu/libc.so.6
xclip /lib/x86_64-linux-gnu/libXt.so.6
xclip /lib/x86_64-linux-gnu/libXext.so.6
xclip /lib/x86_64-linux-gnu/libxcb.so.1
xclip /lib/x86_64-linux-gnu/libSM.so.6
xclip /lib/x86_64-linux-gnu/libICE.so.6
xclip /lib/x86_64-linux-gnu/libXau.so.6
xclip /lib/x86_64-linux-gnu/libXdmcp.so.6
xclip /lib/x86_64-linux-gnu/libuuid.so.1
xclip /lib/x86_64-linux-gnu/libbsd.so.0
xclip /lib/x86_64-linux-gnu/libmd.so.0
xclip /usr/share/X11/locale/locale.alias
xclip /usr/share/X11/locale/locale.dir
xclip /usr/share/X11/locale/C/XLC_LOCALE
xclip /usr/share/X11/locale/locale.alias
xclip /usr/share/X11/locale/locale.dir
xclip /usr/share/X11/locale/C/XLC_LOCALE
Xvfb /proc/1876/cmdline
selkies /proc/stat
selkies /proc/meminfo
xclip /etc/ld.so.cache
xclip /lib/x86_64-linux-gnu/libXmu.so.6
xclip /lib/x86_64-linux-gnu/libX11.so.6
xclip /lib/x86_64-linux-gnu/libc.so.6
xclip /lib/x86_64-linux-gnu/libXt.so.6
xclip /lib/x86_64-linux-gnu/libXext.so.6
xclip /lib/x86_64-linux-gnu/libxcb.so.1
xclip /lib/x86_64-linux-gnu/libSM.so.6
xclip /lib/x86_64-linux-gnu/libICE.so.6
xclip /lib/x86_64-linux-gnu/libXau.so.6
xclip /lib/x86_64-linux-gnu/libXdmcp.so.6
xclip /lib/x86_64-linux-gnu/libuuid.so.1
xclip /lib/x86_64-linux-gnu/libbsd.so.0
xclip /lib/x86_64-linux-gnu/libmd.so.0
xclip /usr/share/X11/locale/locale.alias
xclip /usr/share/X11/locale/locale.dir
xclip /usr/share/X11/locale/C/XLC_LOCALE
xclip /usr/share/X11/locale/locale.alias
xclip /usr/share/X11/locale/locale.dir
xclip /usr/share/X11/locale/C/XLC_LOCALE
Xvfb /proc/1883/cmdline
xclip /etc/ld.so.cache
xclip /lib/x86_64-linux-gnu/libXmu.so.6
xclip /lib/x86_64-linux-gnu/libX11.so.6
xclip /lib/x86_64-linux-gnu/libc.so.6
xclip /lib/x86_64-linux-gnu/libXt.so.6
xclip /lib/x86_64-linux-gnu/libXext.so.6
xclip /lib/x86_64-linux-gnu/libxcb.so.1
xclip /lib/x86_64-linux-gnu/libSM.so.6
xclip /lib/x86_64-linux-gnu/libICE.so.6
xclip /lib/x86_64-linux-gnu/libXau.so.6
xclip /lib/x86_64-linux-gnu/libXdmcp.so.6
xclip /lib/x86_64-linux-gnu/libuuid.so.1
xclip /lib/x86_64-linux-gnu/libbsd.so.0
xclip /lib/x86_64-linux-gnu/libmd.so.0
xclip /usr/share/X11/locale/locale.alias
xclip /usr/share/X11/locale/locale.dir
xclip /usr/share/X11/locale/C/XLC_LOCALE
xclip /usr/share/X11/locale/locale.alias
xclip /usr/share/X11/locale/locale.dir
xclip /usr/share/X11/locale/C/XLC_LOCALE
Xvfb /proc/1891/cmdline
xdotool /etc/ld.so.cache
xdotool /lib/x86_64-linux-gnu/libxdo.so.3
xdotool /lib/x86_64-linux-gnu/libm.so.6
xdotool /lib/x86_64-linux-gnu/libX11.so.6
xdotool /lib/x86_64-linux-gnu/libc.so.6
xdotool /lib/x86_64-linux-gnu/libXtst.so.6
xdotool /lib/x86_64-linux-gnu/libXinerama.so.1
xdotool /lib/x86_64-linux-gnu/libxkbcommon.so.0
xdotool /lib/x86_64-linux-gnu/libxcb.so.1
xdotool /lib/x86_64-linux-gnu/libXext.so.6
xdotool /lib/x86_64-linux-gnu/libXau.so.6
xdotool /lib/x86_64-linux-gnu/libXdmcp.so.6
xdotool /lib/x86_64-linux-gnu/libbsd.so.0
xdotool /lib/x86_64-linux-gnu/libmd.so.0
Xvfb /proc/1892/cmdline
xdotool /usr/lib/locale/locale-archive
xdotool /usr/lib/x86_64-linux-gnu/gconv/gconv-modules.cache
selkies /proc/stat
selkies /proc/meminfo
xclip /etc/ld.so.cache
xclip /lib/x86_64-linux-gnu/libXmu.so.6
xclip /lib/x86_64-linux-gnu/libX11.so.6
xclip /lib/x86_64-linux-gnu/libc.so.6
xclip /lib/x86_64-linux-gnu/libXt.so.6
xclip /lib/x86_64-linux-gnu/libXext.so.6
xclip /lib/x86_64-linux-gnu/libxcb.so.1
xclip /lib/x86_64-linux-gnu/libSM.so.6
xclip /lib/x86_64-linux-gnu/libICE.so.6
xclip /lib/x86_64-linux-gnu/libXau.so.6
xclip /lib/x86_64-linux-gnu/libXdmcp.so.6
xclip /lib/x86_64-linux-gnu/libuuid.so.1
xclip /lib/x86_64-linux-gnu/libbsd.so.0
xclip /lib/x86_64-linux-gnu/libmd.so.0
xclip /usr/share/X11/locale/locale.alias
xclip /usr/share/X11/locale/locale.dir
xclip /usr/share/X11/locale/C/XLC_LOCALE
xclip /usr/share/X11/locale/locale.alias
xclip /usr/share/X11/locale/locale.dir
xclip /usr/share/X11/locale/C/XLC_LOCALE
Xvfb /proc/1900/cmdline
xclip /etc/ld.so.cache
xclip /lib/x86_64-linux-gnu/libXmu.so.6
xclip /lib/x86_64-linux-gnu/libX11.so.6
xclip /lib/x86_64-linux-gnu/libc.so.6
xclip /lib/x86_64-linux-gnu/libXt.so.6
xclip /lib/x86_64-linux-gnu/libXext.so.6
xclip /lib/x86_64-linux-gnu/libxcb.so.1
xclip /lib/x86_64-linux-gnu/libSM.so.6
xclip /lib/x86_64-linux-gnu/libICE.so.6
xclip /lib/x86_64-linux-gnu/libXau.so.6
xclip /lib/x86_64-linux-gnu/libXdmcp.so.6
xclip /lib/x86_64-linux-gnu/libuuid.so.1
xclip /lib/x86_64-linux-gnu/libbsd.so.0
xclip /lib/x86_64-linux-gnu/libmd.so.0
xclip /usr/share/X11/locale/locale.alias
xclip /usr/share/X11/locale/locale.dir
xclip /usr/share/X11/locale/C/XLC_LOCALE
xclip /usr/share/X11/locale/locale.alias
xclip /usr/share/X11/locale/locale.dir
xclip /usr/share/X11/locale/C/XLC_LOCALE
Xvfb /proc/1908/cmdline
xdotool /etc/ld.so.cache
xdotool /lib/x86_64-linux-gnu/libxdo.so.3
xdotool /lib/x86_64-linux-gnu/libm.so.6
xdotool /lib/x86_64-linux-gnu/libX11.so.6
xdotool /lib/x86_64-linux-gnu/libc.so.6
xdotool /lib/x86_64-linux-gnu/libXtst.so.6
xdotool /lib/x86_64-linux-gnu/libXinerama.so.1
xdotool /lib/x86_64-linux-gnu/libxkbcommon.so.0
xdotool /lib/x86_64-linux-gnu/libxcb.so.1
xdotool /lib/x86_64-linux-gnu/libXext.so.6
xdotool /lib/x86_64-linux-gnu/libXau.so.6
xdotool /lib/x86_64-linux-gnu/libXdmcp.so.6
xdotool /lib/x86_64-linux-gnu/libbsd.so.0
xdotool /lib/x86_64-linux-gnu/libmd.so.0
Xvfb /proc/1909/cmdline
xdotool /usr/lib/locale/locale-archive
xdotool /usr/lib/x86_64-linux-gnu/gconv/gconv-modules.cache
selkies /proc/stat
selkies /proc/meminfo
xclip /etc/ld.so.cache
xclip /lib/x86_64-linux-gnu/libXmu.so.6
xclip /lib/x86_64-linux-gnu/libX11.so.6
xclip /lib/x86_64-linux-gnu/libc.so.6
xclip /lib/x86_64-linux-gnu/libXt.so.6
xclip /lib/x86_64-linux-gnu/libXext.so.6
xclip /lib/x86_64-linux-gnu/libxcb.so.1
xclip /lib/x86_64-linux-gnu/libSM.so.6
xclip /lib/x86_64-linux-gnu/libICE.so.6
xclip /lib/x86_64-linux-gnu/libXau.so.6
xclip /lib/x86_64-linux-gnu/libXdmcp.so.6
xclip /lib/x86_64-linux-gnu/libuuid.so.1
xclip /lib/x86_64-linux-gnu/libbsd.so.0
xclip /lib/x86_64-linux-gnu/libmd.so.0
xclip /usr/share/X11/locale/locale.alias
xclip /usr/share/X11/locale/locale.dir
xclip /usr/share/X11/locale/C/XLC_LOCALE
xclip /usr/share/X11/locale/locale.alias
xclip /usr/share/X11/locale/locale.dir
xclip /usr/share/X11/locale/C/XLC_LOCALE
Xvfb /proc/1916/cmdline
vlc /usr/lib/x86_64-linux-gnu/vlc/plugins/access/libhttps_plugin.so
vlc /usr/lib/x86_64-linux-gnu/vlc/plugins/misc/libgnutls_plugin.so
vlc /etc/ld.so.cache
vlc /lib/x86_64-linux-gnu/libgnutls.so.30
vlc /lib/x86_64-linux-gnu/libp11-kit.so.0
vlc /lib/x86_64-linux-gnu/libidn2.so.0
vlc /lib/x86_64-linux-gnu/libunistring.so.5
vlc /lib/x86_64-linux-gnu/libtasn1.so.6
vlc /lib/x86_64-linux-gnu/libnettle.so.8
vlc /lib/x86_64-linux-gnu/libhogweed.so.6
vlc /lib/x86_64-linux-gnu/libgmp.so.10
vlc /config/.local/share/vlc/lua/meta/fetcher
vlc /usr/lib/x86_64-linux-gnu/vlc/lua/meta/fetcher
vlc /usr/share/vlc/lua/meta/fetcher
vlc /etc/gnutls/config
vlc /etc/ssl/certs/ca-certificates.crt
vlc /usr/lib/x86_64-linux-gnu/vlc/plugins/meta_engine/libfolder_plugin.so
vlc /config/.local/share/vlc/lua/meta/art
vlc /usr/lib/x86_64-linux-gnu/vlc/lua/meta/art
plasmashell /config/.local/share/kservices5
vlc /usr/lib/x86_64-linux-gnu/vlc/lua/meta/art/00_musicbrainz.luac
plasmashell /config/.local/share/mime
vlc /usr/lib/x86_64-linux-gnu/vlc/lua/meta/art/00_musicbrainz.luac
plasmashell /etc/xdg/menus
vlc /usr/lib/x86_64-linux-gnu/vlc/lua/meta/art/01_googleimage.luac
vlc /usr/lib/x86_64-linux-gnu/vlc/lua/meta/art/01_googleimage.luac
plasmashell /usr/local/share/kservices5
plasmashell /usr/local/share/mime
vlc /usr/lib/x86_64-linux-gnu/vlc/lua/meta/art/02_frenchtv.luac
vlc /usr/lib/x86_64-linux-gnu/vlc/lua/meta/art/02_frenchtv.luac
plasmashell /usr/share/kservices5
vlc /usr/lib/x86_64-linux-gnu/vlc/lua/meta/art/03_lastfm.luac
vlc /usr/lib/x86_64-linux-gnu/vlc/lua/meta/art/03_lastfm.luac
plasmashell /usr/share/kservices5/ServiceMenus
vlc /usr/share/vlc/lua/meta/art
plasmashell /usr/share/kservices5/qimageioplugins
plasmashell /usr/share/kservices5/searchproviders
plasmashell /usr/share/mime
plasmashell /usr/share/mime/application
plasmashell /usr/share/mime/audio
plasmashell /usr/share/mime/chemical
plasmashell /usr/share/mime/font
plasmashell /usr/share/mime/image
plasmashell /usr/share/mime/inode
plasmashell /usr/share/mime/message
plasmashell /usr/share/mime/model
plasmashell /usr/share/mime/multipart
plasmashell /usr/share/mime/packages
plasmashell /usr/share/mime/text
plasmashell /usr/share/mime/video
plasmashell /usr/share/mime/x-content
plasmashell /usr/share/mime/x-epoc
plasmashell /usr/share/applications/vlc.desktop
plasmashell /usr/share/plasma/desktoptheme/default/icons/media.svgz
QSGRenderThread /config/.cache/qtshadercache-x86_64-little_endian-lp64/3c597a80b51a24c02510e986e8c27bdb62e99ba6
QSGRenderThread /config/.cache/mesa_shader_cache/40/896ab61d9771b6600804f68da67fb0b42261af
QSGRenderThread /config/.cache/mesa_shader_cache/ed/c89a0ade0bf78cb04a9f864973a229448c45f7
vlc /dev/null
vlc /etc/host.conf
vlc /etc/resolv.conf
vlc /etc/hosts
vlc /etc/gai.conf
vlc /usr/share/locale/en_US/LC_MESSAGES/gnutls30.mo
vlc /usr/share/locale/en/LC_MESSAGES/gnutls30.mo
vlc /usr/share/locale-langpack/en_US/LC_MESSAGES/gnutls30.mo
vlc /usr/share/locale-langpack/en/LC_MESSAGES/gnutls30.mo
QSGRenderThread /config/.cache/mesa_shader_cache/6b/4f60e5e80c2584cc6c7d43ad5eaeda5ed282f8
plasmas:disk$0 /config/.cache/mesa_shader_cache/6b/4f60e5e80c2584cc6c7d43ad5eaeda5ed282f8.tmp
QSGRenderThread /config/.cache/mesa_shader_cache/33/00b052fe14b1af317cbf469f440a0008884e80
plasmas:disk$0 /config/.cache/mesa_shader_cache/6b/4f60e5e80c2584cc6c7d43ad5eaeda5ed282f8.tmp
plasmas:disk$0 /config/.cache/mesa_shader_cache/6b/4f60e5e80c2584cc6c7d43ad5eaeda5ed282f8
xclip /etc/ld.so.cache
xclip /lib/x86_64-linux-gnu/libXmu.so.6
xclip /lib/x86_64-linux-gnu/libX11.so.6
xclip /lib/x86_64-linux-gnu/libc.so.6
xclip /lib/x86_64-linux-gnu/libXt.so.6
xclip /lib/x86_64-linux-gnu/libXext.so.6
xclip /lib/x86_64-linux-gnu/libxcb.so.1
xclip /lib/x86_64-linux-gnu/libSM.so.6
xclip /lib/x86_64-linux-gnu/libICE.so.6
xclip /lib/x86_64-linux-gnu/libXau.so.6
xclip /lib/x86_64-linux-gnu/libXdmcp.so.6
xclip /lib/x86_64-linux-gnu/libuuid.so.1
xclip /lib/x86_64-linux-gnu/libbsd.so.0
xclip /lib/x86_64-linux-gnu/libmd.so.0
xclip /usr/share/X11/locale/locale.alias
xclip /usr/share/X11/locale/locale.dir
xclip /usr/share/X11/locale/C/XLC_LOCALE
xclip /usr/share/X11/locale/locale.alias
xclip /usr/share/X11/locale/locale.dir
xclip /usr/share/X11/locale/C/XLC_LOCALE
Xvfb /proc/1929/cmdline
vlc /etc/ssl/certs/ca-certificates.crt
vlc /dev/null
vlc /etc/hosts
vlc /usr/lib/x86_64-linux-gnu/vlc/plugins/stream_filter/libprefetch_plugin.so
vlc /usr/lib/x86_64-linux-gnu/vlc/plugins/stream_filter/libadf_plugin.so
vlc /usr/lib/x86_64-linux-gnu/vlc/plugins/stream_filter/libhds_plugin.so
vlc /usr/lib/x86_64-linux-gnu/vlc/plugins/stream_filter/libinflate_plugin.so
vlc /usr/lib/x86_64-linux-gnu/vlc/plugins/stream_filter/libskiptags_plugin.so
vlc /usr/lib/x86_64-linux-gnu/vlc/plugins/stream_filter/libdecomp_plugin.so
vlc /usr/lib/x86_64-linux-gnu/vlc/plugins/demux/libplaylist_plugin.so
vlc /config/.local/share/vlc/lua/playlist
vlc /usr/lib/x86_64-linux-gnu/vlc/lua/playlist
vlc /usr/lib/x86_64-linux-gnu/vlc/lua/playlist/anevia_streams.luac
vlc /usr/lib/x86_64-linux-gnu/vlc/lua/playlist/anevia_streams.luac
vlc /usr/lib/x86_64-linux-gnu/vlc/lua/playlist/anevia_xml.luac
vlc /usr/lib/x86_64-linux-gnu/vlc/lua/playlist/anevia_xml.luac
vlc /usr/lib/x86_64-linux-gnu/vlc/lua/playlist/appletrailers.luac
vlc /usr/lib/x86_64-linux-gnu/vlc/lua/playlist/appletrailers.luac
vlc /usr/lib/x86_64-linux-gnu/vlc/lua/playlist/bbc_co_uk.luac
vlc /usr/lib/x86_64-linux-gnu/vlc/lua/playlist/bbc_co_uk.luac
vlc /usr/lib/x86_64-linux-gnu/vlc/lua/playlist/cue.luac
vlc /usr/lib/x86_64-linux-gnu/vlc/lua/playlist/cue.luac
vlc /usr/lib/x86_64-linux-gnu/vlc/lua/playlist/dailymotion.luac
vlc /usr/lib/x86_64-linux-gnu/vlc/lua/playlist/dailymotion.luac
vlc /usr/lib/x86_64-linux-gnu/vlc/lua/playlist/jamendo.luac
vlc /usr/lib/x86_64-linux-gnu/vlc/lua/playlist/jamendo.luac
vlc /usr/lib/x86_64-linux-gnu/vlc/lua/modules/simplexml.luac
vlc /usr/lib/x86_64-linux-gnu/vlc/lua/modules/simplexml.luac
vlc /usr/lib/x86_64-linux-gnu/vlc/lua/modules/simplexml.luac
vlc /usr/lib/x86_64-linux-gnu/vlc/lua/playlist/koreus.luac
vlc /usr/lib/x86_64-linux-gnu/vlc/lua/playlist/koreus.luac
vlc /usr/lib/x86_64-linux-gnu/vlc/lua/playlist/liveleak.luac
vlc /usr/lib/x86_64-linux-gnu/vlc/lua/playlist/liveleak.luac
vlc /usr/lib/x86_64-linux-gnu/vlc/lua/playlist/newgrounds.luac
vlc /usr/lib/x86_64-linux-gnu/vlc/lua/playlist/newgrounds.luac
vlc /usr/lib/x86_64-linux-gnu/vlc/lua/playlist/rockbox_fm_presets.luac
vlc /usr/lib/x86_64-linux-gnu/vlc/lua/playlist/rockbox_fm_presets.luac
vlc /usr/lib/x86_64-linux-gnu/vlc/lua/playlist/soundcloud.luac
vlc /usr/lib/x86_64-linux-gnu/vlc/lua/playlist/soundcloud.luac
vlc /usr/lib/x86_64-linux-gnu/vlc/lua/playlist/twitch.luac
vlc /usr/lib/x86_64-linux-gnu/vlc/lua/playlist/twitch.luac
vlc /usr/lib/x86_64-linux-gnu/vlc/lua/playlist/vimeo.luac
vlc /usr/lib/x86_64-linux-gnu/vlc/lua/playlist/vimeo.luac
vlc /usr/lib/x86_64-linux-gnu/vlc/lua/playlist/vocaroo.luac
vlc /usr/lib/x86_64-linux-gnu/vlc/lua/playlist/vocaroo.luac
vlc /usr/lib/x86_64-linux-gnu/vlc/lua/playlist/youtube.luac
vlc /usr/lib/x86_64-linux-gnu/vlc/lua/playlist/youtube.luac
vlc /usr/share/vlc/lua/playlist
vlc /usr/lib/x86_64-linux-gnu/vlc/plugins/stream_extractor/libarchive_plugin.so
vlc /etc/ld.so.cache
vlc /lib/x86_64-linux-gnu/libarchive.so.13
vlc /usr/lib/x86_64-linux-gnu/vlc/plugins/stream_filter/librecord_plugin.so
vlc /usr/lib/x86_64-linux-gnu/vlc/plugins/demux/libmp4_plugin.so
vlc /usr/lib/x86_64-linux-gnu/vlc/plugins/demux/libavi_plugin.so
vlc /usr/lib/x86_64-linux-gnu/vlc/plugins/demux/libasf_plugin.so
vlc /usr/lib/x86_64-linux-gnu/vlc/plugins/demux/libes_plugin.so
vlc /usr/lib/x86_64-linux-gnu/vlc/plugins/demux/libflacsys_plugin.so
vlc /usr/lib/x86_64-linux-gnu/vlc/plugins/demux/libmpc_plugin.so
vlc /etc/ld.so.cache
vlc /lib/x86_64-linux-gnu/libmpcdec.so.6
vlc /usr/lib/x86_64-linux-gnu/vlc/plugins/demux/libnuv_plugin.so
vlc /usr/lib/x86_64-linux-gnu/vlc/plugins/demux/libtta_plugin.so
vlc /usr/lib/x86_64-linux-gnu/vlc/plugins/demux/libwav_plugin.so
vlc /usr/lib/x86_64-linux-gnu/vlc/plugins/demux/libcaf_plugin.so
vlc /usr/lib/x86_64-linux-gnu/vlc/plugins/demux/libsid_plugin.so
vlc /etc/ld.so.cache
vlc /lib/libsidplay2.so.1
vlc /lib/libresid-builder.so.0
vlc /usr/lib/x86_64-linux-gnu/vlc/plugins/services_discovery/libsap_plugin.so
vlc /usr/lib/x86_64-linux-gnu/vlc/plugins/demux/libdiracsys_plugin.so
vlc /usr/lib/x86_64-linux-gnu/vlc/plugins/demux/libmkv_plugin.so
vlc /etc/ld.so.cache
vlc /lib/x86_64-linux-gnu/libebml.so.5
vlc /lib/x86_64-linux-gnu/libmatroska.so.7
vlc /usr/lib/x86_64-linux-gnu/vlc/plugins/demux/libogg_plugin.so
vlc /usr/lib/x86_64-linux-gnu/vlc/plugins/demux/libsmf_plugin.so
vlc /usr/lib/x86_64-linux-gnu/vlc/plugins/demux/libadaptive_plugin.so
vlc /usr/lib/x86_64-linux-gnu/vlc/plugins/misc/libxml_plugin.so
vlc /usr/lib/x86_64-linux-gnu/vlc/plugins/codec/libttml_plugin.so
vlc /usr/lib/x86_64-linux-gnu/vlc/plugins/codec/libwebvtt_plugin.so
vlc /usr/lib/x86_64-linux-gnu/vlc/plugins/demux/libaiff_plugin.so
vlc /usr/lib/x86_64-linux-gnu/vlc/plugins/demux/libau_plugin.so
vlc /usr/lib/x86_64-linux-gnu/vlc/plugins/demux/libdirectory_demux_plugin.so
vlc /usr/lib/x86_64-linux-gnu/vlc/plugins/demux/libimage_plugin.so
vlc /usr/lib/x86_64-linux-gnu/vlc/plugins/demux/libmod_plugin.so
vlc /etc/ld.so.cache
vlc /lib/x86_64-linux-gnu/libopenmpt_modplug.so.1
vlc /lib/x86_64-linux-gnu/libopenmpt.so.0
vlc /usr/lib/x86_64-linux-gnu/vlc/plugins/demux/libnsv_plugin.so
vlc /usr/lib/x86_64-linux-gnu/vlc/plugins/demux/libpva_plugin.so
vlc /usr/lib/x86_64-linux-gnu/vlc/plugins/demux/librawvid_plugin.so
vlc /usr/lib/x86_64-linux-gnu/vlc/plugins/demux/libts_plugin.so
vlc /etc/ld.so.cache
vlc /lib/x86_64-linux-gnu/libdvbpsi.so.10
vlc /lib/x86_64-linux-gnu/libaribb24.so.0
vlc /usr/lib/x86_64-linux-gnu/vlc/plugins/demux/libvoc_plugin.so
vlc /usr/lib/x86_64-linux-gnu/vlc/plugins/demux/libxa_plugin.so
vlc /usr/lib/x86_64-linux-gnu/vlc/plugins/demux/libps_plugin.so
vlc /usr/lib/x86_64-linux-gnu/vlc/plugins/demux/libh26x_plugin.so
vlc /usr/lib/x86_64-linux-gnu/vlc/plugins/demux/libty_plugin.so
vlc /usr/lib/x86_64-linux-gnu/vlc/plugins/access/libdvdnav_plugin.so
vlc /etc/ld.so.cache
vlc /lib/x86_64-linux-gnu/libdvdnav.so.4
vlc /lib/x86_64-linux-gnu/libdvdread.so.8
vlc /usr/lib/x86_64-linux-gnu/vlc/plugins/access/liblibbluray_plugin.so
vlc /etc/ld.so.cache
vlc /lib/x86_64-linux-gnu/libbluray.so.2
vlc /lib/x86_64-linux-gnu/libudfread.so.0
vlc /usr/lib/x86_64-linux-gnu/vlc/plugins/demux/libmjpeg_plugin.so
vlc /usr/lib/x86_64-linux-gnu/vlc/plugins/demux/libmpgv_plugin.so
vlc /usr/lib/x86_64-linux-gnu/vlc/plugins/demux/libdemux_cdg_plugin.so
vlc /usr/lib/x86_64-linux-gnu/vlc/plugins/demux/libnsc_plugin.so
vlc /usr/lib/x86_64-linux-gnu/vlc/plugins/demux/librawdv_plugin.so
vlc /usr/lib/x86_64-linux-gnu/vlc/plugins/demux/libavformat_plugin.so
vlc /etc/ld.so.cache
vlc /lib/x86_64-linux-gnu/libavformat.so.60
vlc /lib/x86_64-linux-gnu/libavcodec.so.60
vlc /lib/x86_64-linux-gnu/libavutil.so.58
vlc /lib/x86_64-linux-gnu/libgme.so.0
vlc /lib/x86_64-linux-gnu/libchromaprint.so.1
vlc /lib/x86_64-linux-gnu/librabbitmq.so.4
vlc /lib/x86_64-linux-gnu/librist.so.4
vlc /lib/x86_64-linux-gnu/libsrt-gnutls.so.1.5
vlc /lib/x86_64-linux-gnu/libssh-gcrypt.so.4
vlc /lib/x86_64-linux-gnu/libzmq.so.5
vlc /lib/x86_64-linux-gnu/libswresample.so.4
vlc /lib/x86_64-linux-gnu/libvpx.so.9
vlc /lib/x86_64-linux-gnu/libwebpmux.so.3
vlc /lib/x86_64-linux-gnu/libdav1d.so.7
vlc /lib/x86_64-linux-gnu/librsvg-2.so.2
vlc /lib/x86_64-linux-gnu/libgobject-2.0.so.0
vlc /lib/x86_64-linux-gnu/libcairo.so.2
vlc /lib/x86_64-linux-gnu/libzvbi.so.0
vlc /lib/x86_64-linux-gnu/libsnappy.so.1
vlc /lib/x86_64-linux-gnu/libaom.so.3
vlc /lib/x86_64-linux-gnu/libcodec2.so.1.2
vlc /lib/x86_64-linux-gnu/libgsm.so.1
vlc /lib/x86_64-linux-gnu/libjxl.so.0.7
vlc /lib/x86_64-linux-gnu/libjxl_threads.so.0.7
vlc /lib/x86_64-linux-gnu/libopenjp2.so.7
vlc /lib/x86_64-linux-gnu/librav1e.so.0
vlc /lib/x86_64-linux-gnu/libshine.so.3
vlc /lib/x86_64-linux-gnu/libspeex.so.1
vlc /lib/x86_64-linux-gnu/libSvtAv1Enc.so.1
vlc /lib/x86_64-linux-gnu/libtheoraenc.so.1
vlc /lib/x86_64-linux-gnu/libtheoradec.so.1
vlc /lib/x86_64-linux-gnu/libtwolame.so.0
vlc /lib/x86_64-linux-gnu/libwebp.so.7
vlc /lib/x86_64-linux-gnu/libx264.so.164
vlc /lib/x86_64-linux-gnu/libx265.so.199
vlc /lib/x86_64-linux-gnu/libxvidcore.so.4
vlc /lib/x86_64-linux-gnu/libva.so.2
vlc /lib/x86_64-linux-gnu/libvpl.so.2
vlc /lib/x86_64-linux-gnu/libva-drm.so.2
vlc /lib/x86_64-linux-gnu/libva-x11.so.2
vlc /lib/x86_64-linux-gnu/libvdpau.so.1
vlc /lib/x86_64-linux-gnu/libOpenCL.so.1
vlc /lib/x86_64-linux-gnu/libmbedcrypto.so.7
vlc /lib/x86_64-linux-gnu/libcjson.so.1
vlc /lib/x86_64-linux-gnu/libsodium.so.23
vlc /lib/x86_64-linux-gnu/libpgm-5.3.so.0
vlc /lib/x86_64-linux-gnu/libnorm.so.1
vlc /lib/x86_64-linux-gnu/libsoxr.so.0
vlc /lib/x86_64-linux-gnu/libcairo-gobject.so.2
vlc /lib/x86_64-linux-gnu/libgdk_pixbuf-2.0.so.0
vlc /lib/x86_64-linux-gnu/libgio-2.0.so.0
vlc /lib/x86_64-linux-gnu/libpangocairo-1.0.so.0
vlc /lib/x86_64-linux-gnu/libpango-1.0.so.0
vlc /lib/x86_64-linux-gnu/libpixman-1.so.0
vlc /lib/x86_64-linux-gnu/libhwy.so.1
vlc /lib/x86_64-linux-gnu/libbrotlienc.so.1
vlc /lib/x86_64-linux-gnu/liblcms2.so.2
vlc /lib/x86_64-linux-gnu/libsharpyuv.so.0
vlc /lib/x86_64-linux-gnu/libnuma.so.1
vlc /lib/x86_64-linux-gnu/libgomp.so.1
vlc /lib/x86_64-linux-gnu/libgmodule-2.0.so.0
vlc /lib/x86_64-linux-gnu/libpangoft2-1.0.so.0
vlc /lib/x86_64-linux-gnu/libfribidi.so.0
vlc /lib/x86_64-linux-gnu/libthai.so.0
vlc /lib/x86_64-linux-gnu/libdatrie.so.1
vlc /sys/devices/system/cpu/possible
vlc /proc/self/status
vlc /sys/devices/system/node
vlc /sys/devices/system/cpu/possible
vlc /proc/self/status
vlc /proc/sys/crypto/fips_enabled
vlc /etc/gcrypt/hwf.deny
vlc /usr/lib/x86_64-linux-gnu/vlc/plugins/demux/libdemux_stl_plugin.so
vlc /usr/lib/x86_64-linux-gnu/vlc/plugins/meta_engine/libtaglib_plugin.so
vlc /etc/ld.so.cache
vlc /lib/x86_64-linux-gnu/libtag.so.1
vlc /config/.local/share/vlc/lua/meta/reader
vlc /usr/lib/x86_64-linux-gnu/vlc/lua/meta/reader
vlc /usr/lib/x86_64-linux-gnu/vlc/lua/meta/reader/filename.luac
vlc /usr/lib/x86_64-linux-gnu/vlc/lua/meta/reader/filename.luac
vlc /usr/share/vlc/lua/meta/reader
selkies /proc/stat
selkies /proc/meminfo
xclip /etc/ld.so.cache
xclip /lib/x86_64-linux-gnu/libXmu.so.6
xclip /lib/x86_64-linux-gnu/libX11.so.6
xclip /lib/x86_64-linux-gnu/libc.so.6
xclip /lib/x86_64-linux-gnu/libXt.so.6
xclip /lib/x86_64-linux-gnu/libXext.so.6
xclip /lib/x86_64-linux-gnu/libxcb.so.1
xclip /lib/x86_64-linux-gnu/libSM.so.6
xclip /lib/x86_64-linux-gnu/libICE.so.6
xclip /lib/x86_64-linux-gnu/libXau.so.6
xclip /lib/x86_64-linux-gnu/libXdmcp.so.6
xclip /lib/x86_64-linux-gnu/libuuid.so.1
xclip /lib/x86_64-linux-gnu/libbsd.so.0
xclip /lib/x86_64-linux-gnu/libmd.so.0
xclip /usr/share/X11/locale/locale.alias
xclip /usr/share/X11/locale/locale.dir
xclip /usr/share/X11/locale/C/XLC_LOCALE
xclip /usr/share/X11/locale/locale.alias
xclip /usr/share/X11/locale/locale.dir
xclip /usr/share/X11/locale/C/XLC_LOCALE
Xvfb /proc/1954/cmdline
xclip /etc/ld.so.cache
xclip /lib/x86_64-linux-gnu/libXmu.so.6
xclip /lib/x86_64-linux-gnu/libX11.so.6
xclip /lib/x86_64-linux-gnu/libc.so.6
xclip /lib/x86_64-linux-gnu/libXt.so.6
xclip /lib/x86_64-linux-gnu/libXext.so.6
xclip /lib/x86_64-linux-gnu/libxcb.so.1
xclip /lib/x86_64-linux-gnu/libSM.so.6
xclip /lib/x86_64-linux-gnu/libICE.so.6
xclip /lib/x86_64-linux-gnu/libXau.so.6
xclip /lib/x86_64-linux-gnu/libXdmcp.so.6
xclip /lib/x86_64-linux-gnu/libuuid.so.1
xclip /lib/x86_64-linux-gnu/libbsd.so.0
xclip /lib/x86_64-linux-gnu/libmd.so.0
xclip /usr/share/X11/locale/locale.alias
xclip /usr/share/X11/locale/locale.dir
xclip /usr/share/X11/locale/C/XLC_LOCALE
xclip /usr/share/X11/locale/locale.alias
xclip /usr/share/X11/locale/locale.dir
xclip /usr/share/X11/locale/C/XLC_LOCALE
Xvfb /proc/1986/cmdline
selkies /proc/stat
selkies /proc/meminfo
xclip /etc/ld.so.cache
xclip /lib/x86_64-linux-gnu/libXmu.so.6
xclip /lib/x86_64-linux-gnu/libX11.so.6
xclip /lib/x86_64-linux-gnu/libc.so.6
xclip /lib/x86_64-linux-gnu/libXt.so.6
xclip /lib/x86_64-linux-gnu/libXext.so.6
xclip /lib/x86_64-linux-gnu/libxcb.so.1
xclip /lib/x86_64-linux-gnu/libSM.so.6
xclip /lib/x86_64-linux-gnu/libICE.so.6
xclip /lib/x86_64-linux-gnu/libXau.so.6
xclip /lib/x86_64-linux-gnu/libXdmcp.so.6
xclip /lib/x86_64-linux-gnu/libuuid.so.1
xclip /lib/x86_64-linux-gnu/libbsd.so.0
xclip /lib/x86_64-linux-gnu/libmd.so.0
xclip /usr/share/X11/locale/locale.alias
xclip /usr/share/X11/locale/locale.dir
xclip /usr/share/X11/locale/C/XLC_LOCALE
xclip /usr/share/X11/locale/locale.alias
xclip /usr/share/X11/locale/locale.dir
xclip /usr/share/X11/locale/C/XLC_LOCALE
Xvfb /proc/2000/cmdline
xclip /etc/ld.so.cache
xclip /lib/x86_64-linux-gnu/libXmu.so.6
xclip /lib/x86_64-linux-gnu/libX11.so.6
xclip /lib/x86_64-linux-gnu/libc.so.6
xclip /lib/x86_64-linux-gnu/libXt.so.6
xclip /lib/x86_64-linux-gnu/libXext.so.6
xclip /lib/x86_64-linux-gnu/libxcb.so.1
xclip /lib/x86_64-linux-gnu/libSM.so.6
xclip /lib/x86_64-linux-gnu/libICE.so.6
xclip /lib/x86_64-linux-gnu/libXau.so.6
xclip /lib/x86_64-linux-gnu/libXdmcp.so.6
xclip /lib/x86_64-linux-gnu/libuuid.so.1
xclip /lib/x86_64-linux-gnu/libbsd.so.0
xclip /lib/x86_64-linux-gnu/libmd.so.0
xclip /usr/share/X11/locale/locale.alias
xclip /usr/share/X11/locale/locale.dir
xclip /usr/share/X11/locale/C/XLC_LOCALE
xclip /usr/share/X11/locale/locale.alias
xclip /usr/share/X11/locale/locale.dir
xclip /usr/share/X11/locale/C/XLC_LOCALE
Xvfb /proc/2001/cmdline
selkies /proc/stat
selkies /proc/meminfo
xclip /etc/ld.so.cache
xclip /lib/x86_64-linux-gnu/libXmu.so.6
xclip /lib/x86_64-linux-gnu/libX11.so.6
xclip /lib/x86_64-linux-gnu/libc.so.6
xclip /lib/x86_64-linux-gnu/libXt.so.6
xclip /lib/x86_64-linux-gnu/libXext.so.6
xclip /lib/x86_64-linux-gnu/libxcb.so.1
xclip /lib/x86_64-linux-gnu/libSM.so.6
xclip /lib/x86_64-linux-gnu/libICE.so.6
xclip /lib/x86_64-linux-gnu/libXau.so.6
xclip /lib/x86_64-linux-gnu/libXdmcp.so.6
xclip /lib/x86_64-linux-gnu/libuuid.so.1
xclip /lib/x86_64-linux-gnu/libbsd.so.0
xclip /lib/x86_64-linux-gnu/libmd.so.0
xclip /usr/share/X11/locale/locale.alias
xclip /usr/share/X11/locale/locale.dir
xclip /usr/share/X11/locale/C/XLC_LOCALE
xclip /usr/share/X11/locale/locale.alias
xclip /usr/share/X11/locale/locale.dir
xclip /usr/share/X11/locale/C/XLC_LOCALE
Xvfb /proc/2002/cmdline
kded5 /usr/bin/kf5/kio
kded5 /usr/lib/x86_64-linux-gnu/qt5/plugins/kf5/kio
kded5 /usr/lib/x86_64-linux-gnu/qt5/plugins/kf5/kio/activities.so
kded5 /usr/lib/x86_64-linux-gnu/qt5/plugins/kf5/kio/afc.so
kded5 /usr/lib/x86_64-linux-gnu/qt5/plugins/kf5/kio/applications.so
kded5 /usr/lib/x86_64-linux-gnu/qt5/plugins/kf5/kio/archive.so
kded5 /usr/lib/x86_64-linux-gnu/qt5/plugins/kf5/kio/baloosearch.so
kded5 /usr/lib/x86_64-linux-gnu/qt5/plugins/kf5/kio/bookmarks.so
kded5 /usr/lib/x86_64-linux-gnu/qt5/plugins/kf5/kio/desktop.so
kded5 /usr/lib/x86_64-linux-gnu/qt5/plugins/kf5/kio/filter.so
kded5 /usr/lib/x86_64-linux-gnu/qt5/plugins/kf5/kio/fish.so
kded5 /usr/lib/x86_64-linux-gnu/qt5/plugins/kf5/kio/info.so
kded5 /usr/lib/x86_64-linux-gnu/qt5/plugins/kf5/kio/kio_file.so
kded5 /usr/lib/x86_64-linux-gnu/qt5/plugins/kf5/kio/kio_filenamesearch.so
kded5 /usr/lib/x86_64-linux-gnu/qt5/plugins/kf5/kio/kio_fonts.so
kded5 /usr/lib/x86_64-linux-gnu/qt5/plugins/kf5/kio/kio_ftp.so
kded5 /usr/lib/x86_64-linux-gnu/qt5/plugins/kf5/kio/kio_ghelp.so
kded5 /usr/lib/x86_64-linux-gnu/qt5/plugins/kf5/kio/kio_help.so
kded5 /usr/lib/x86_64-linux-gnu/qt5/plugins/kf5/kio/kio_http.so
kded5 /usr/lib/x86_64-linux-gnu/qt5/plugins/kf5/kio/kio_remote.so
kded5 /usr/lib/x86_64-linux-gnu/qt5/plugins/kf5/kio/kio_trash.so
kded5 /usr/lib/x86_64-linux-gnu/qt5/plugins/kf5/kio/man.so
kded5 /usr/lib/x86_64-linux-gnu/qt5/plugins/kf5/kio/mtp.so
kded5 /usr/lib/x86_64-linux-gnu/qt5/plugins/kf5/kio/nfs.so
kded5 /usr/lib/x86_64-linux-gnu/qt5/plugins/kf5/kio/recentdocuments.so
kded5 /usr/lib/x86_64-linux-gnu/qt5/plugins/kf5/kio/recentlyused.so
kded5 /usr/lib/x86_64-linux-gnu/qt5/plugins/kf5/kio/sftp.so
kded5 /usr/lib/x86_64-linux-gnu/qt5/plugins/kf5/kio/smb.so
kded5 /usr/lib/x86_64-linux-gnu/qt5/plugins/kf5/kio/tags.so
kded5 /usr/lib/x86_64-linux-gnu/qt5/plugins/kf5/kio/thumbnail.so
kded5 /usr/lib/x86_64-linux-gnu/qt5/plugins/kf5/kio/timeline.so
kded5 /usr/share/kservices5
kded5 /usr/bin/kservices5
kded5 /usr/lib/x86_64-linux-gnu/qt5/plugins/kf5/kio/kio_file.so
kded5 /config/.XDG
kded5 /usr/lib/x86_64-linux-gnu/qt5/plugins/kf5/kio/kio_file.so.avx2
kded5 /usr/lib/x86_64-linux-gnu/qt5/plugins/kf5/kio/kio_file.so
KIO::WorkerThre /proc/self/mountinfo
kded5 /config/.XDG
KIO::WorkerThre /dev/disk/by-label
KIO::WorkerThre /proc/self/mountinfo
KIO::WorkerThre /dev/disk/by-label
xclip /etc/ld.so.cache
xclip /lib/x86_64-linux-gnu/libXmu.so.6
xclip /lib/x86_64-linux-gnu/libX11.so.6
xclip /lib/x86_64-linux-gnu/libc.so.6
xclip /lib/x86_64-linux-gnu/libXt.so.6
xclip /lib/x86_64-linux-gnu/libXext.so.6
xclip /lib/x86_64-linux-gnu/libxcb.so.1
xclip /lib/x86_64-linux-gnu/libSM.so.6
xclip /lib/x86_64-linux-gnu/libICE.so.6
xclip /lib/x86_64-linux-gnu/libXau.so.6
xclip /lib/x86_64-linux-gnu/libXdmcp.so.6
xclip /lib/x86_64-linux-gnu/libuuid.so.1
xclip /lib/x86_64-linux-gnu/libbsd.so.0
xclip /lib/x86_64-linux-gnu/libmd.so.0
xclip /usr/share/X11/locale/locale.alias
xclip /usr/share/X11/locale/locale.dir
xclip /usr/share/X11/locale/C/XLC_LOCALE
xclip /usr/share/X11/locale/locale.alias
xclip /usr/share/X11/locale/locale.dir
xclip /usr/share/X11/locale/C/XLC_LOCALE
Xvfb /proc/2011/cmdline
selkies /proc/stat
selkies /proc/meminfo
xclip /etc/ld.so.cache
xclip /lib/x86_64-linux-gnu/libXmu.so.6
xclip /lib/x86_64-linux-gnu/libX11.so.6
xclip /lib/x86_64-linux-gnu/libc.so.6
xclip /lib/x86_64-linux-gnu/libXt.so.6
xclip /lib/x86_64-linux-gnu/libXext.so.6
xclip /lib/x86_64-linux-gnu/libxcb.so.1
xclip /lib/x86_64-linux-gnu/libSM.so.6
xclip /lib/x86_64-linux-gnu/libICE.so.6
xclip /lib/x86_64-linux-gnu/libXau.so.6
xclip /lib/x86_64-linux-gnu/libXdmcp.so.6
xclip /lib/x86_64-linux-gnu/libuuid.so.1
xclip /lib/x86_64-linux-gnu/libbsd.so.0
xclip /lib/x86_64-linux-gnu/libmd.so.0
xclip /usr/share/X11/locale/locale.alias
xclip /usr/share/X11/locale/locale.dir
xclip /usr/share/X11/locale/C/XLC_LOCALE
xclip /usr/share/X11/locale/locale.alias
xclip /usr/share/X11/locale/locale.dir
xclip /usr/share/X11/locale/C/XLC_LOCALE
Xvfb /proc/2021/cmdline
xclip /etc/ld.so.cache
xclip /lib/x86_64-linux-gnu/libXmu.so.6
xclip /lib/x86_64-linux-gnu/libX11.so.6
xclip /lib/x86_64-linux-gnu/libc.so.6
xclip /lib/x86_64-linux-gnu/libXt.so.6
xclip /lib/x86_64-linux-gnu/libXext.so.6
xclip /lib/x86_64-linux-gnu/libxcb.so.1
xclip /lib/x86_64-linux-gnu/libSM.so.6
xclip /lib/x86_64-linux-gnu/libICE.so.6
xclip /lib/x86_64-linux-gnu/libXau.so.6
xclip /lib/x86_64-linux-gnu/libXdmcp.so.6
xclip /lib/x86_64-linux-gnu/libuuid.so.1
xclip /lib/x86_64-linux-gnu/libbsd.so.0
xclip /lib/x86_64-linux-gnu/libmd.so.0
xclip /usr/share/X11/locale/locale.alias
xclip /usr/share/X11/locale/locale.dir
xclip /usr/share/X11/locale/C/XLC_LOCALE
xclip /usr/share/X11/locale/locale.alias
xclip /usr/share/X11/locale/locale.dir
xclip /usr/share/X11/locale/C/XLC_LOCALE
Xvfb /proc/2022/cmdline
selkies /proc/stat
selkies /proc/meminfo
xclip /etc/ld.so.cache
xclip /lib/x86_64-linux-gnu/libXmu.so.6
xclip /lib/x86_64-linux-gnu/libX11.so.6
xclip /lib/x86_64-linux-gnu/libc.so.6
xclip /lib/x86_64-linux-gnu/libXt.so.6
xclip /lib/x86_64-linux-gnu/libXext.so.6
xclip /lib/x86_64-linux-gnu/libxcb.so.1
xclip /lib/x86_64-linux-gnu/libSM.so.6
xclip /lib/x86_64-linux-gnu/libICE.so.6
xclip /lib/x86_64-linux-gnu/libXau.so.6
xclip /lib/x86_64-linux-gnu/libXdmcp.so.6
xclip /lib/x86_64-linux-gnu/libuuid.so.1
xclip /lib/x86_64-linux-gnu/libbsd.so.0
xclip /lib/x86_64-linux-gnu/libmd.so.0
xclip /usr/share/X11/locale/locale.alias
xclip /usr/share/X11/locale/locale.dir
xclip /usr/share/X11/locale/C/XLC_LOCALE
xclip /usr/share/X11/locale/locale.alias
xclip /usr/share/X11/locale/locale.dir
xclip /usr/share/X11/locale/C/XLC_LOCALE
Xvfb /proc/2028/cmdline
plasmashell /config/.cache/plasma-svgelements.lock
plasmashell /proc/sys/kernel/random/boot_id
plasmashell /var/lib/dbus/machine-id
plasmashell /config/.cache/plasma-svgelements
plasmashell /config/.cache
xclip /etc/ld.so.cache
xclip /lib/x86_64-linux-gnu/libXmu.so.6
xclip /lib/x86_64-linux-gnu/libX11.so.6
xclip /lib/x86_64-linux-gnu/libc.so.6
xclip /lib/x86_64-linux-gnu/libXt.so.6
xclip /lib/x86_64-linux-gnu/libXext.so.6
xclip /lib/x86_64-linux-gnu/libxcb.so.1
xclip /lib/x86_64-linux-gnu/libSM.so.6
xclip /lib/x86_64-linux-gnu/libICE.so.6
xclip /lib/x86_64-linux-gnu/libXau.so.6
xclip /lib/x86_64-linux-gnu/libXdmcp.so.6
xclip /lib/x86_64-linux-gnu/libuuid.so.1
xclip /lib/x86_64-linux-gnu/libbsd.so.0
xclip /lib/x86_64-linux-gnu/libmd.so.0
xclip /usr/share/X11/locale/locale.alias
xclip /usr/share/X11/locale/locale.dir
xclip /usr/share/X11/locale/C/XLC_LOCALE
xclip /usr/share/X11/locale/locale.alias
xclip /usr/share/X11/locale/locale.dir
xclip /usr/share/X11/locale/C/XLC_LOCALE
selkies /proc/stat
selkies /proc/meminfo
Xvfb /proc/2034/cmdline
vlc /etc/ssl/certs/ca-certificates.crt
vlc /config/.local/share/vlc/lua/meta/fetcher
vlc /usr/lib/x86_64-linux-gnu/vlc/lua/meta/fetcher
vlc /usr/share/vlc/lua/meta/fetcher
vlc /config/.local/share/vlc/lua/meta/art
vlc /usr/lib/x86_64-linux-gnu/vlc/lua/meta/art
vlc /usr/lib/x86_64-linux-gnu/vlc/lua/meta/art/00_musicbrainz.luac
vlc /usr/lib/x86_64-linux-gnu/vlc/lua/meta/art/00_musicbrainz.luac
vlc /usr/lib/x86_64-linux-gnu/vlc/lua/meta/art/01_googleimage.luac
vlc /usr/lib/x86_64-linux-gnu/vlc/lua/meta/art/01_googleimage.luac
vlc /usr/lib/x86_64-linux-gnu/vlc/lua/meta/art/02_frenchtv.luac
vlc /usr/lib/x86_64-linux-gnu/vlc/lua/meta/art/02_frenchtv.luac
vlc /usr/lib/x86_64-linux-gnu/vlc/lua/meta/art/03_lastfm.luac
vlc /usr/lib/x86_64-linux-gnu/vlc/lua/meta/art/03_lastfm.luac
vlc /usr/share/vlc/lua/meta/art
plasmashell /config/.local/share/kservices5
plasmashell /config/.local/share/mime
plasmashell /etc/xdg/menus
plasmashell /usr/local/share/kservices5
plasmashell /usr/local/share/mime
plasmashell /usr/share/kservices5
plasmashell /usr/share/kservices5/ServiceMenus
plasmashell /usr/share/kservices5/qimageioplugins
plasmashell /usr/share/kservices5/searchproviders
plasmashell /usr/share/mime
plasmashell /usr/share/mime/application
plasmashell /usr/share/mime/audio
plasmashell /usr/share/mime/chemical
plasmashell /usr/share/mime/font
plasmashell /usr/share/mime/image
plasmashell /usr/share/mime/inode
plasmashell /usr/share/mime/message
plasmashell /usr/share/mime/model
plasmashell /usr/share/mime/multipart
plasmashell /usr/share/mime/packages
plasmashell /usr/share/mime/text
plasmashell /usr/share/mime/video
plasmashell /usr/share/mime/x-content
plasmashell /usr/share/mime/x-epoc
vlc /dev/null
vlc /etc/hosts
vlc /etc/ssl/certs/ca-certificates.crt
vlc /dev/null
vlc /etc/hosts
vlc /config/.local/share/vlc/lua/playlist
vlc /usr/lib/x86_64-linux-gnu/vlc/lua/playlist
vlc /usr/lib/x86_64-linux-gnu/vlc/lua/playlist/anevia_streams.luac
vlc /usr/lib/x86_64-linux-gnu/vlc/lua/playlist/anevia_streams.luac
vlc /usr/lib/x86_64-linux-gnu/vlc/lua/playlist/anevia_xml.luac
vlc /usr/lib/x86_64-linux-gnu/vlc/lua/playlist/anevia_xml.luac
vlc /usr/lib/x86_64-linux-gnu/vlc/lua/playlist/appletrailers.luac
vlc /usr/lib/x86_64-linux-gnu/vlc/lua/playlist/appletrailers.luac
vlc /usr/lib/x86_64-linux-gnu/vlc/lua/playlist/bbc_co_uk.luac
vlc /usr/lib/x86_64-linux-gnu/vlc/lua/playlist/bbc_co_uk.luac
vlc /usr/lib/x86_64-linux-gnu/vlc/lua/playlist/cue.luac
vlc /usr/lib/x86_64-linux-gnu/vlc/lua/playlist/cue.luac
vlc /usr/lib/x86_64-linux-gnu/vlc/lua/playlist/dailymotion.luac
vlc /usr/lib/x86_64-linux-gnu/vlc/lua/playlist/dailymotion.luac
vlc /usr/lib/x86_64-linux-gnu/vlc/lua/playlist/jamendo.luac
vlc /usr/lib/x86_64-linux-gnu/vlc/lua/playlist/jamendo.luac
vlc /usr/lib/x86_64-linux-gnu/vlc/lua/modules/simplexml.luac
vlc /usr/lib/x86_64-linux-gnu/vlc/lua/modules/simplexml.luac
vlc /usr/lib/x86_64-linux-gnu/vlc/lua/modules/simplexml.luac
vlc /usr/lib/x86_64-linux-gnu/vlc/lua/playlist/koreus.luac
vlc /usr/lib/x86_64-linux-gnu/vlc/lua/playlist/koreus.luac
vlc /usr/lib/x86_64-linux-gnu/vlc/lua/playlist/liveleak.luac
vlc /usr/lib/x86_64-linux-gnu/vlc/lua/playlist/liveleak.luac
vlc /usr/lib/x86_64-linux-gnu/vlc/lua/playlist/newgrounds.luac
vlc /usr/lib/x86_64-linux-gnu/vlc/lua/playlist/newgrounds.luac
vlc /usr/lib/x86_64-linux-gnu/vlc/lua/playlist/rockbox_fm_presets.luac
vlc /usr/lib/x86_64-linux-gnu/vlc/lua/playlist/rockbox_fm_presets.luac
vlc /usr/lib/x86_64-linux-gnu/vlc/lua/playlist/soundcloud.luac
vlc /usr/lib/x86_64-linux-gnu/vlc/lua/playlist/soundcloud.luac
vlc /usr/lib/x86_64-linux-gnu/vlc/lua/playlist/twitch.luac
vlc /usr/lib/x86_64-linux-gnu/vlc/lua/playlist/twitch.luac
vlc /usr/lib/x86_64-linux-gnu/vlc/lua/playlist/vimeo.luac
vlc /usr/lib/x86_64-linux-gnu/vlc/lua/playlist/vimeo.luac
vlc /usr/lib/x86_64-linux-gnu/vlc/lua/playlist/vocaroo.luac
vlc /usr/lib/x86_64-linux-gnu/vlc/lua/playlist/vocaroo.luac
vlc /usr/lib/x86_64-linux-gnu/vlc/lua/playlist/youtube.luac
vlc /usr/lib/x86_64-linux-gnu/vlc/lua/playlist/youtube.luac
vlc /usr/share/vlc/lua/playlist
vlc /config/.local/share/vlc/lua/meta/reader
vlc /usr/lib/x86_64-linux-gnu/vlc/lua/meta/reader
vlc /usr/lib/x86_64-linux-gnu/vlc/lua/meta/reader/filename.luac
vlc /usr/lib/x86_64-linux-gnu/vlc/lua/meta/reader/filename.luac
vlc /usr/share/vlc/lua/meta/reader
xclip /etc/ld.so.cache
xclip /lib/x86_64-linux-gnu/libXmu.so.6
xclip /lib/x86_64-linux-gnu/libX11.so.6
xclip /lib/x86_64-linux-gnu/libc.so.6
xclip /lib/x86_64-linux-gnu/libXt.so.6
xclip /lib/x86_64-linux-gnu/libXext.so.6
xclip /lib/x86_64-linux-gnu/libxcb.so.1
xclip /lib/x86_64-linux-gnu/libSM.so.6
xclip /lib/x86_64-linux-gnu/libICE.so.6
xclip /lib/x86_64-linux-gnu/libXau.so.6
xclip /lib/x86_64-linux-gnu/libXdmcp.so.6
xclip /lib/x86_64-linux-gnu/libuuid.so.1
xclip /lib/x86_64-linux-gnu/libbsd.so.0
xclip /lib/x86_64-linux-gnu/libmd.so.0
xclip /usr/share/X11/locale/locale.alias
xclip /usr/share/X11/locale/locale.dir
xclip /usr/share/X11/locale/C/XLC_LOCALE
xclip /usr/share/X11/locale/locale.alias
xclip /usr/share/X11/locale/locale.dir
xclip /usr/share/X11/locale/C/XLC_LOCALE
Xvfb /proc/2057/cmdline
kwin_x11 /config/.icons/default/cursors/s-resize
kwin_x11 /config/.icons/default/index.theme
kwin_x11 /usr/share/icons/default/cursors/s-resize
kwin_x11 /usr/share/icons/default/index.theme
kwin_x11 /usr/share/pixmaps/default/cursors/s-resize
kwin_x11 /usr/X11R6/lib/X11/icons/default/cursors/s-resize
kwin_x11 /config/.icons/breeze_cursors/cursors/s-resize
kwin_x11 /config/.icons/breeze_cursors/index.theme
kwin_x11 /usr/share/icons/breeze_cursors/cursors/s-resize
selkies /proc/stat
selkies /proc/meminfo
xclip /etc/ld.so.cache
xclip /lib/x86_64-linux-gnu/libXmu.so.6
xclip /lib/x86_64-linux-gnu/libX11.so.6
xclip /lib/x86_64-linux-gnu/libc.so.6
xclip /lib/x86_64-linux-gnu/libXt.so.6
xclip /lib/x86_64-linux-gnu/libXext.so.6
xclip /lib/x86_64-linux-gnu/libxcb.so.1
xclip /lib/x86_64-linux-gnu/libSM.so.6
xclip /lib/x86_64-linux-gnu/libICE.so.6
xclip /lib/x86_64-linux-gnu/libXau.so.6
xclip /lib/x86_64-linux-gnu/libXdmcp.so.6
xclip /lib/x86_64-linux-gnu/libuuid.so.1
xclip /lib/x86_64-linux-gnu/libbsd.so.0
xclip /lib/x86_64-linux-gnu/libmd.so.0
xclip /usr/share/X11/locale/locale.alias
xclip /usr/share/X11/locale/locale.dir
xclip /usr/share/X11/locale/C/XLC_LOCALE
xclip /usr/share/X11/locale/locale.alias
xclip /usr/share/X11/locale/locale.dir
xclip /usr/share/X11/locale/C/XLC_LOCALE
Xvfb /proc/2089/cmdline
xclip /etc/ld.so.cache
xclip /lib/x86_64-linux-gnu/libXmu.so.6
xclip /lib/x86_64-linux-gnu/libX11.so.6
xclip /lib/x86_64-linux-gnu/libc.so.6
xclip /lib/x86_64-linux-gnu/libXt.so.6
xclip /lib/x86_64-linux-gnu/libXext.so.6
xclip /lib/x86_64-linux-gnu/libxcb.so.1
xclip /lib/x86_64-linux-gnu/libSM.so.6
xclip /lib/x86_64-linux-gnu/libICE.so.6
xclip /lib/x86_64-linux-gnu/libXau.so.6
xclip /lib/x86_64-linux-gnu/libXdmcp.so.6
xclip /lib/x86_64-linux-gnu/libuuid.so.1
xclip /lib/x86_64-linux-gnu/libbsd.so.0
xclip /lib/x86_64-linux-gnu/libmd.so.0
xclip /usr/share/X11/locale/locale.alias
xclip /usr/share/X11/locale/locale.dir
xclip /usr/share/X11/locale/C/XLC_LOCALE
xclip /usr/share/X11/locale/locale.alias
xclip /usr/share/X11/locale/locale.dir
xclip /usr/share/X11/locale/C/XLC_LOCALE
Xvfb /proc/2117/cmdline
selkies /proc/stat
selkies /proc/meminfo
xclip /etc/ld.so.cache
xclip /lib/x86_64-linux-gnu/libXmu.so.6
xclip /lib/x86_64-linux-gnu/libX11.so.6
xclip /lib/x86_64-linux-gnu/libc.so.6
xclip /lib/x86_64-linux-gnu/libXt.so.6
xclip /lib/x86_64-linux-gnu/libXext.so.6
xclip /lib/x86_64-linux-gnu/libxcb.so.1
xclip /lib/x86_64-linux-gnu/libSM.so.6
xclip /lib/x86_64-linux-gnu/libICE.so.6
xclip /lib/x86_64-linux-gnu/libXau.so.6
xclip /lib/x86_64-linux-gnu/libXdmcp.so.6
xclip /lib/x86_64-linux-gnu/libuuid.so.1
xclip /lib/x86_64-linux-gnu/libbsd.so.0
xclip /lib/x86_64-linux-gnu/libmd.so.0
xclip /usr/share/X11/locale/locale.alias
xclip /usr/share/X11/locale/locale.dir
xclip /usr/share/X11/locale/C/XLC_LOCALE
xclip /usr/share/X11/locale/locale.alias
xclip /usr/share/X11/locale/locale.dir
xclip /usr/share/X11/locale/C/XLC_LOCALE
Xvfb /proc/2123/cmdline
xclip /etc/ld.so.cache
xclip /lib/x86_64-linux-gnu/libXmu.so.6
xclip /lib/x86_64-linux-gnu/libX11.so.6
xclip /lib/x86_64-linux-gnu/libc.so.6
xclip /lib/x86_64-linux-gnu/libXt.so.6
xclip /lib/x86_64-linux-gnu/libXext.so.6
xclip /lib/x86_64-linux-gnu/libxcb.so.1
xclip /lib/x86_64-linux-gnu/libSM.so.6
xclip /lib/x86_64-linux-gnu/libICE.so.6
xclip /lib/x86_64-linux-gnu/libXau.so.6
xclip /lib/x86_64-linux-gnu/libXdmcp.so.6
xclip /lib/x86_64-linux-gnu/libuuid.so.1
xclip /lib/x86_64-linux-gnu/libbsd.so.0
xclip /lib/x86_64-linux-gnu/libmd.so.0
xclip /usr/share/X11/locale/locale.alias
xclip /usr/share/X11/locale/locale.dir
xclip /usr/share/X11/locale/C/XLC_LOCALE
xclip /usr/share/X11/locale/locale.alias
xclip /usr/share/X11/locale/locale.dir
xclip /usr/share/X11/locale/C/XLC_LOCALE
Xvfb /proc/2124/cmdline


