Attaching 1 probe...
bash /dev/null
find /etc/ld.so.cache
find /lib/x86_64-linux-gnu/libselinux.so.1
find /lib/x86_64-linux-gnu/libc.so.6
find /lib/x86_64-linux-gnu/libpcre2-8.so.0
find /proc/filesystems
find .
find /usr/lib/locale/locale-archive
find /usr/lib/x86_64-linux-gnu/gconv/gconv-modules.cache
find /config/.cache
find mesa_shader_cache
find db
find 0c
find 5e
find 8a
find 59
find dd
find 3d
find 35
find 8d
find 9a
find 80
find 33
find ea
find e1
find 3e
find 6a
find b5
find bc
find e8
find b8
find ef
find b9
find 7e
find 6e
find a2
find 71
find b7
find 8e
find 1a
find 20
find c9
find 26
find 4a
find bd
find 62
find 21
find 2d
find 56
find ksplash
find qmlcache
find qtshadercache-x86_64-little_endian-lp64
find plasmashell
find qmlcache
find /config/.config
find openbox
find vlc
find pulse
find autostart
find kdedefaults
find gtk-3.0
find gtk-4.0
find dconf
find xsettingsd
find kde.org
find /config/.local
find bin
find share
find kactivitymanagerd
find resources
find test-backup
find working-backup
find baloo
sleep /etc/ld.so.cache
sleep /lib/x86_64-linux-gnu/libc.so.6
sleep /usr/lib/locale/locale-archive
sleep /usr/share/locale/locale.alias
sleep /usr/share/locale/en_US/LC_MESSAGES/coreutils.mo
sleep /usr/share/locale/en/LC_MESSAGES/coreutils.mo
sleep /usr/share/locale-langpack/en_US/LC_MESSAGES/coreutils.mo
sleep /usr/share/locale-langpack/en/LC_MESSAGES/coreutils.mo
bash /dev/null
find /etc/ld.so.cache
find /lib/x86_64-linux-gnu/libselinux.so.1
find /lib/x86_64-linux-gnu/libc.so.6
find /lib/x86_64-linux-gnu/libpcre2-8.so.0
find /proc/filesystems
find .
find /usr/lib/locale/locale-archive
find /usr/lib/x86_64-linux-gnu/gconv/gconv-modules.cache
find /config/.cache
find mesa_shader_cache
find db
find 0c
find 5e
find 8a
find 59
find dd
find 3d
find 35
find 8d
find 9a
find 80
find 33
find ea
find e1
find 3e
find 6a
find b5
find bc
find e8
find b8
find ef
find b9
find 7e
find 6e
find a2
find 71
find b7
find 8e
find 1a
find 20
find c9
find 26
find 4a
find bd
find 62
find 21
find 2d
find 56
find ksplash
find qmlcache
find qtshadercache-x86_64-little_endian-lp64
find plasmashell
find qmlcache
find /config/.config
find openbox
find vlc
find pulse
find autostart
find kdedefaults
find gtk-3.0
find gtk-4.0
find dconf
find xsettingsd
find kde.org
find /config/.local
find bin
find share
find kactivitymanagerd
find resources
find test-backup
find working-backup
find baloo
sleep /etc/ld.so.cache
sleep /lib/x86_64-linux-gnu/libc.so.6
sleep /usr/lib/locale/locale-archive
sleep /usr/share/locale/locale.alias
sleep /usr/share/locale/en_US/LC_MESSAGES/coreutils.mo
sleep /usr/share/locale/en/LC_MESSAGES/coreutils.mo
sleep /usr/share/locale-langpack/en_US/LC_MESSAGES/coreutils.mo
sleep /usr/share/locale-langpack/en/LC_MESSAGES/coreutils.mo
xclip /etc/ld.so.cache
xclip /lib/x86_64-linux-gnu/libXmu.so.6
xclip /lib/x86_64-linux-gnu/libX11.so.6
xclip /lib/x86_64-linux-gnu/libc.so.6
xclip /lib/x86_64-linux-gnu/libXt.so.6
xclip /lib/x86_64-linux-gnu/libXext.so.6
xclip /lib/x86_64-linux-gnu/libxcb.so.1
xclip /lib/x86_64-linux-gnu/libSM.so.6
xclip /lib/x86_64-linux-gnu/libICE.so.6
xclip /lib/x86_64-linux-gnu/libXau.so.6
xclip /lib/x86_64-linux-gnu/libXdmcp.so.6
xclip /lib/x86_64-linux-gnu/libuuid.so.1
xclip /lib/x86_64-linux-gnu/libbsd.so.0
xclip /lib/x86_64-linux-gnu/libmd.so.0
xclip /usr/share/X11/locale/locale.alias
xclip /usr/share/X11/locale/locale.dir
xclip /usr/share/X11/locale/C/XLC_LOCALE
xclip /usr/share/X11/locale/locale.alias
xclip /usr/share/X11/locale/locale.dir
xclip /usr/share/X11/locale/C/XLC_LOCALE
Xvfb /proc/1058/cmdline
bash /dev/null
find /etc/ld.so.cache
find /lib/x86_64-linux-gnu/libselinux.so.1
find /lib/x86_64-linux-gnu/libc.so.6
find /lib/x86_64-linux-gnu/libpcre2-8.so.0
find /proc/filesystems
find .
find /usr/lib/locale/locale-archive
find /usr/lib/x86_64-linux-gnu/gconv/gconv-modules.cache
find /config/.cache
find mesa_shader_cache
find db
find 0c
find 5e
find 8a
find 59
find dd
find 3d
find 35
find 8d
find 9a
find 80
find 33
find ea
find e1
find 3e
find 6a
find b5
find bc
find e8
find b8
find ef
find b9
find 7e
find 6e
find a2
find 71
find b7
find 8e
find 1a
find 20
find c9
find 26
find 4a
find bd
find 62
find 21
find 2d
find 56
find ksplash
find qmlcache
find qtshadercache-x86_64-little_endian-lp64
find plasmashell
find qmlcache
find /config/.config
find openbox
find vlc
find pulse
find autostart
find kdedefaults
find gtk-3.0
find gtk-4.0
find dconf
find xsettingsd
find kde.org
find /config/.local
find bin
find share
find kactivitymanagerd
find resources
find test-backup
find working-backup
find baloo
sleep /etc/ld.so.cache
sleep /lib/x86_64-linux-gnu/libc.so.6
sleep /usr/lib/locale/locale-archive
sleep /usr/share/locale/locale.alias
sleep /usr/share/locale/en_US/LC_MESSAGES/coreutils.mo
sleep /usr/share/locale/en/LC_MESSAGES/coreutils.mo
sleep /usr/share/locale-langpack/en_US/LC_MESSAGES/coreutils.mo
sleep /usr/share/locale-langpack/en/LC_MESSAGES/coreutils.mo
bash /dev/null
find /etc/ld.so.cache
find /lib/x86_64-linux-gnu/libselinux.so.1
find /lib/x86_64-linux-gnu/libc.so.6
find /lib/x86_64-linux-gnu/libpcre2-8.so.0
find /proc/filesystems
find .
find /usr/lib/locale/locale-archive
find /usr/lib/x86_64-linux-gnu/gconv/gconv-modules.cache
find /config/.cache
find mesa_shader_cache
find db
find 0c
find 5e
find 8a
find 59
find dd
find 3d
find 35
find 8d
find 9a
find 80
find 33
find ea
find e1
find 3e
find 6a
find b5
find bc
find e8
find b8
find ef
find b9
find 7e
find 6e
find a2
find 71
find b7
find 8e
find 1a
find 20
find c9
find 26
find 4a
find bd
find 62
find 21
find 2d
find 56
find ksplash
find qmlcache
find qtshadercache-x86_64-little_endian-lp64
find plasmashell
find qmlcache
find /config/.config
find openbox
find vlc
find pulse
find autostart
find kdedefaults
find gtk-3.0
find gtk-4.0
find dconf
find xsettingsd
find kde.org
find /config/.local
find bin
find share
find kactivitymanagerd
find resources
find test-backup
find working-backup
find baloo
sleep /etc/ld.so.cache
sleep /lib/x86_64-linux-gnu/libc.so.6
sleep /usr/lib/locale/locale-archive
sleep /usr/share/locale/locale.alias
sleep /usr/share/locale/en_US/LC_MESSAGES/coreutils.mo
sleep /usr/share/locale/en/LC_MESSAGES/coreutils.mo
sleep /usr/share/locale-langpack/en_US/LC_MESSAGES/coreutils.mo
sleep /usr/share/locale-langpack/en/LC_MESSAGES/coreutils.mo
bash /dev/null
find /etc/ld.so.cache
find /lib/x86_64-linux-gnu/libselinux.so.1
find /lib/x86_64-linux-gnu/libc.so.6
find /lib/x86_64-linux-gnu/libpcre2-8.so.0
find /proc/filesystems
find .
find /usr/lib/locale/locale-archive
find /usr/lib/x86_64-linux-gnu/gconv/gconv-modules.cache
find /config/.cache
find mesa_shader_cache
find db
find 0c
find 5e
find 8a
find 59
find dd
find 3d
find 35
find 8d
find 9a
find 80
find 33
find ea
find e1
find 3e
find 6a
find b5
find bc
find e8
find b8
find ef
find b9
find 7e
find 6e
find a2
find 71
find b7
find 8e
find 1a
find 20
find c9
find 26
find 4a
find bd
find 62
find 21
find 2d
find 56
find ksplash
find qmlcache
find qtshadercache-x86_64-little_endian-lp64
find plasmashell
find qmlcache
find /config/.config
find openbox
find vlc
find pulse
find autostart
find kdedefaults
find gtk-3.0
find gtk-4.0
find dconf
find xsettingsd
find kde.org
find /config/.local
find bin
find share
find kactivitymanagerd
find resources
find test-backup
find working-backup
find baloo
sleep /etc/ld.so.cache
sleep /lib/x86_64-linux-gnu/libc.so.6
sleep /usr/lib/locale/locale-archive
sleep /usr/share/locale/locale.alias
sleep /usr/share/locale/en_US/LC_MESSAGES/coreutils.mo
sleep /usr/share/locale/en/LC_MESSAGES/coreutils.mo
sleep /usr/share/locale-langpack/en_US/LC_MESSAGES/coreutils.mo
sleep /usr/share/locale-langpack/en/LC_MESSAGES/coreutils.mo
pulseaudio /config/.config/pulse/34b3f81e5532478ab186b0f63c9e61b0-default-..
pulseaudio /config/.config/pulse/34b3f81e5532478ab186b0f63c9e61b0-default-..
bash /dev/null
find /etc/ld.so.cache
find /lib/x86_64-linux-gnu/libselinux.so.1
find /lib/x86_64-linux-gnu/libc.so.6
find /lib/x86_64-linux-gnu/libpcre2-8.so.0
find /proc/filesystems
find .
find /usr/lib/locale/locale-archive
find /usr/lib/x86_64-linux-gnu/gconv/gconv-modules.cache
find /config/.cache
find mesa_shader_cache
find db
find 0c
find 5e
find 8a
find 59
find dd
find 3d
find 35
find 8d
find 9a
find 80
find 33
find ea
find e1
find 3e
find 6a
find b5
find bc
find e8
find b8
find ef
find b9
find 7e
find 6e
find a2
find 71
find b7
find 8e
find 1a
find 20
find c9
find 26
find 4a
find bd
find 62
find 21
find 2d
find 56
find ksplash
find qmlcache
find qtshadercache-x86_64-little_endian-lp64
find plasmashell
find qmlcache
find /config/.config
find openbox
find vlc
find pulse
find autostart
find kdedefaults
find gtk-3.0
find gtk-4.0
find dconf
find xsettingsd
find kde.org
find /config/.local
find bin
find share
find kactivitymanagerd
find resources
find test-backup
find working-backup
find baloo
sleep /etc/ld.so.cache
sleep /lib/x86_64-linux-gnu/libc.so.6
sleep /usr/lib/locale/locale-archive
sleep /usr/share/locale/locale.alias
sleep /usr/share/locale/en_US/LC_MESSAGES/coreutils.mo
sleep /usr/share/locale/en/LC_MESSAGES/coreutils.mo
sleep /usr/share/locale-langpack/en_US/LC_MESSAGES/coreutils.mo
sleep /usr/share/locale-langpack/en/LC_MESSAGES/coreutils.mo
xclip /etc/ld.so.cache
xclip /lib/x86_64-linux-gnu/libXmu.so.6
xclip /lib/x86_64-linux-gnu/libX11.so.6
xclip /lib/x86_64-linux-gnu/libc.so.6
xclip /lib/x86_64-linux-gnu/libXt.so.6
xclip /lib/x86_64-linux-gnu/libXext.so.6
xclip /lib/x86_64-linux-gnu/libxcb.so.1
xclip /lib/x86_64-linux-gnu/libSM.so.6
xclip /lib/x86_64-linux-gnu/libICE.so.6
xclip /lib/x86_64-linux-gnu/libXau.so.6
xclip /lib/x86_64-linux-gnu/libXdmcp.so.6
xclip /lib/x86_64-linux-gnu/libuuid.so.1
xclip /lib/x86_64-linux-gnu/libbsd.so.0
xclip /lib/x86_64-linux-gnu/libmd.so.0
xclip /usr/share/X11/locale/locale.alias
xclip /usr/share/X11/locale/locale.dir
xclip /usr/share/X11/locale/C/XLC_LOCALE
xclip /usr/share/X11/locale/locale.alias
xclip /usr/share/X11/locale/locale.dir
xclip /usr/share/X11/locale/C/XLC_LOCALE
Xvfb /proc/1067/cmdline
bash /dev/null
find /etc/ld.so.cache
find /lib/x86_64-linux-gnu/libselinux.so.1
find /lib/x86_64-linux-gnu/libc.so.6
find /lib/x86_64-linux-gnu/libpcre2-8.so.0
find /proc/filesystems
find .
find /usr/lib/locale/locale-archive
find /usr/lib/x86_64-linux-gnu/gconv/gconv-modules.cache
find /config/.cache
find mesa_shader_cache
find db
find 0c
find 5e
find 8a
find 59
find dd
find 3d
find 35
find 8d
find 9a
find 80
find 33
find ea
find e1
find 3e
find 6a
find b5
find bc
find e8
find b8
find ef
find b9
find 7e
find 6e
find a2
find 71
find b7
find 8e
find 1a
find 20
find c9
find 26
find 4a
find bd
find 62
find 21
find 2d
find 56
find ksplash
find qmlcache
find qtshadercache-x86_64-little_endian-lp64
find plasmashell
find qmlcache
find /config/.config
find openbox
find vlc
find pulse
find autostart
find kdedefaults
find gtk-3.0
find gtk-4.0
find dconf
find xsettingsd
find kde.org
find /config/.local
find bin
find share
find kactivitymanagerd
find resources
find test-backup
find working-backup
find baloo
sleep /etc/ld.so.cache
sleep /lib/x86_64-linux-gnu/libc.so.6
sleep /usr/lib/locale/locale-archive
sleep /usr/share/locale/locale.alias
sleep /usr/share/locale/en_US/LC_MESSAGES/coreutils.mo
sleep /usr/share/locale/en/LC_MESSAGES/coreutils.mo
sleep /usr/share/locale-langpack/en_US/LC_MESSAGES/coreutils.mo
sleep /usr/share/locale-langpack/en/LC_MESSAGES/coreutils.mo
bash /dev/null
find /etc/ld.so.cache
find /lib/x86_64-linux-gnu/libselinux.so.1
find /lib/x86_64-linux-gnu/libc.so.6
find /lib/x86_64-linux-gnu/libpcre2-8.so.0
find /proc/filesystems
find .
find /usr/lib/locale/locale-archive
find /usr/lib/x86_64-linux-gnu/gconv/gconv-modules.cache
find /config/.cache
find mesa_shader_cache
find db
find 0c
find 5e
find 8a
find 59
find dd
find 3d
find 35
find 8d
find 9a
find 80
find 33
find ea
find e1
find 3e
find 6a
find b5
find bc
find e8
find b8
find ef
find b9
find 7e
find 6e
find a2
find 71
find b7
find 8e
find 1a
find 20
find c9
find 26
find 4a
find bd
find 62
find 21
find 2d
find 56
find ksplash
find qmlcache
find qtshadercache-x86_64-little_endian-lp64
find plasmashell
find qmlcache
find /config/.config
find openbox
find vlc
find pulse
find autostart
find kdedefaults
find gtk-3.0
find gtk-4.0
find dconf
find xsettingsd
find kde.org
find /config/.local
find bin
find share
find kactivitymanagerd
find resources
find test-backup
find working-backup
find baloo
sleep /etc/ld.so.cache
sleep /lib/x86_64-linux-gnu/libc.so.6
sleep /usr/lib/locale/locale-archive
sleep /usr/share/locale/locale.alias
sleep /usr/share/locale/en_US/LC_MESSAGES/coreutils.mo
sleep /usr/share/locale/en/LC_MESSAGES/coreutils.mo
sleep /usr/share/locale-langpack/en_US/LC_MESSAGES/coreutils.mo
sleep /usr/share/locale-langpack/en/LC_MESSAGES/coreutils.mo
bash /dev/null
find /etc/ld.so.cache
find /lib/x86_64-linux-gnu/libselinux.so.1
find /lib/x86_64-linux-gnu/libc.so.6
find /lib/x86_64-linux-gnu/libpcre2-8.so.0
find /proc/filesystems
find .
find /usr/lib/locale/locale-archive
find /usr/lib/x86_64-linux-gnu/gconv/gconv-modules.cache
find /config/.cache
find mesa_shader_cache
find db
find 0c
find 5e
find 8a
find 59
find dd
find 3d
find 35
find 8d
find 9a
find 80
find 33
find ea
find e1
find 3e
find 6a
find b5
find bc
find e8
find b8
find ef
find b9
find 7e
find 6e
find a2
find 71
find b7
find 8e
find 1a
find 20
find c9
find 26
find 4a
find bd
find 62
find 21
find 2d
find 56
find ksplash
find qmlcache
find qtshadercache-x86_64-little_endian-lp64
find plasmashell
find qmlcache
find /config/.config
find openbox
find vlc
find pulse
find autostart
find kdedefaults
find gtk-3.0
find gtk-4.0
find dconf
find xsettingsd
find kde.org
find /config/.local
find bin
find share
find kactivitymanagerd
find resources
find test-backup
find working-backup
find baloo
sleep /etc/ld.so.cache
sleep /lib/x86_64-linux-gnu/libc.so.6
sleep /usr/lib/locale/locale-archive
sleep /usr/share/locale/locale.alias
sleep /usr/share/locale/en_US/LC_MESSAGES/coreutils.mo
sleep /usr/share/locale/en/LC_MESSAGES/coreutils.mo
sleep /usr/share/locale-langpack/en_US/LC_MESSAGES/coreutils.mo
sleep /usr/share/locale-langpack/en/LC_MESSAGES/coreutils.mo
bash /dev/null
find /etc/ld.so.cache
find /lib/x86_64-linux-gnu/libselinux.so.1
find /lib/x86_64-linux-gnu/libc.so.6
find /lib/x86_64-linux-gnu/libpcre2-8.so.0
find /proc/filesystems
find .
find /usr/lib/locale/locale-archive
find /usr/lib/x86_64-linux-gnu/gconv/gconv-modules.cache
find /config/.cache
find mesa_shader_cache
find db
find 0c
find 5e
find 8a
find 59
find dd
find 3d
find 35
find 8d
find 9a
find 80
find 33
find ea
find e1
find 3e
find 6a
find b5
find bc
find e8
find b8
find ef
find b9
find 7e
find 6e
find a2
find 71
find b7
find 8e
find 1a
find 20
find c9
find 26
find 4a
find bd
find 62
find 21
find 2d
find 56
find ksplash
find qmlcache
find qtshadercache-x86_64-little_endian-lp64
find plasmashell
find qmlcache
find /config/.config
find openbox
find vlc
find pulse
find autostart
find kdedefaults
find gtk-3.0
find gtk-4.0
find dconf
find xsettingsd
find kde.org
find /config/.local
find bin
find share
find kactivitymanagerd
find resources
find test-backup
find working-backup
find baloo
sleep /etc/ld.so.cache
sleep /lib/x86_64-linux-gnu/libc.so.6
sleep /usr/lib/locale/locale-archive
sleep /usr/share/locale/locale.alias
sleep /usr/share/locale/en_US/LC_MESSAGES/coreutils.mo
sleep /usr/share/locale/en/LC_MESSAGES/coreutils.mo
sleep /usr/share/locale-langpack/en_US/LC_MESSAGES/coreutils.mo
sleep /usr/share/locale-langpack/en/LC_MESSAGES/coreutils.mo
xclip /etc/ld.so.cache
xclip /lib/x86_64-linux-gnu/libXmu.so.6
xclip /lib/x86_64-linux-gnu/libX11.so.6
xclip /lib/x86_64-linux-gnu/libc.so.6
xclip /lib/x86_64-linux-gnu/libXt.so.6
xclip /lib/x86_64-linux-gnu/libXext.so.6
xclip /lib/x86_64-linux-gnu/libxcb.so.1
xclip /lib/x86_64-linux-gnu/libSM.so.6
xclip /lib/x86_64-linux-gnu/libICE.so.6
xclip /lib/x86_64-linux-gnu/libXau.so.6
xclip /lib/x86_64-linux-gnu/libXdmcp.so.6
xclip /lib/x86_64-linux-gnu/libuuid.so.1
xclip /lib/x86_64-linux-gnu/libbsd.so.0
xclip /lib/x86_64-linux-gnu/libmd.so.0
xclip /usr/share/X11/locale/locale.alias
xclip /usr/share/X11/locale/locale.dir
xclip /usr/share/X11/locale/C/XLC_LOCALE
xclip /usr/share/X11/locale/locale.alias
xclip /usr/share/X11/locale/locale.dir
xclip /usr/share/X11/locale/C/XLC_LOCALE
Xvfb /proc/1076/cmdline
bash /dev/null
find /etc/ld.so.cache
find /lib/x86_64-linux-gnu/libselinux.so.1
find /lib/x86_64-linux-gnu/libc.so.6
find /lib/x86_64-linux-gnu/libpcre2-8.so.0
find /proc/filesystems
find .
find /usr/lib/locale/locale-archive
find /usr/lib/x86_64-linux-gnu/gconv/gconv-modules.cache
find /config/.cache
find mesa_shader_cache
find db
find 0c
find 5e
find 8a
find 59
find dd
find 3d
find 35
find 8d
find 9a
find 80
find 33
find ea
find e1
find 3e
find 6a
find b5
find bc
find e8
find b8
find ef
find b9
find 7e
find 6e
find a2
find 71
find b7
find 8e
find 1a
find 20
find c9
find 26
find 4a
find bd
find 62
find 21
find 2d
find 56
find ksplash
find qmlcache
find qtshadercache-x86_64-little_endian-lp64
find plasmashell
find qmlcache
find /config/.config
find openbox
find vlc
find pulse
find autostart
find kdedefaults
find gtk-3.0
find gtk-4.0
find dconf
find xsettingsd
find kde.org
find /config/.local
find bin
find share
find kactivitymanagerd
find resources
find test-backup
find working-backup
find baloo
sleep /etc/ld.so.cache
sleep /lib/x86_64-linux-gnu/libc.so.6
sleep /usr/lib/locale/locale-archive
sleep /usr/share/locale/locale.alias
sleep /usr/share/locale/en_US/LC_MESSAGES/coreutils.mo
sleep /usr/share/locale/en/LC_MESSAGES/coreutils.mo
sleep /usr/share/locale-langpack/en_US/LC_MESSAGES/coreutils.mo
sleep /usr/share/locale-langpack/en/LC_MESSAGES/coreutils.mo
bash /dev/null
find /etc/ld.so.cache
find /lib/x86_64-linux-gnu/libselinux.so.1
find /lib/x86_64-linux-gnu/libc.so.6
find /lib/x86_64-linux-gnu/libpcre2-8.so.0
find /proc/filesystems
find .
find /usr/lib/locale/locale-archive
find /usr/lib/x86_64-linux-gnu/gconv/gconv-modules.cache
find /config/.cache
find mesa_shader_cache
find db
find 0c
find 5e
find 8a
find 59
find dd
find 3d
find 35
find 8d
find 9a
find 80
find 33
find ea
find e1
find 3e
find 6a
find b5
find bc
find e8
find b8
find ef
find b9
find 7e
find 6e
find a2
find 71
find b7
find 8e
find 1a
find 20
find c9
find 26
find 4a
find bd
find 62
find 21
find 2d
find 56
find ksplash
find qmlcache
find qtshadercache-x86_64-little_endian-lp64
find plasmashell
find qmlcache
find /config/.config
find openbox
find vlc
find pulse
find autostart
find kdedefaults
find gtk-3.0
find gtk-4.0
find dconf
find xsettingsd
find kde.org
find /config/.local
find bin
find share
find kactivitymanagerd
find resources
find test-backup
find working-backup
find baloo
sleep /etc/ld.so.cache
sleep /lib/x86_64-linux-gnu/libc.so.6
sleep /usr/lib/locale/locale-archive
sleep /usr/share/locale/locale.alias
sleep /usr/share/locale/en_US/LC_MESSAGES/coreutils.mo
sleep /usr/share/locale/en/LC_MESSAGES/coreutils.mo
sleep /usr/share/locale-langpack/en_US/LC_MESSAGES/coreutils.mo
sleep /usr/share/locale-langpack/en/LC_MESSAGES/coreutils.mo
plasmashell /usr/share/plasma/desktoptheme/default/widgets/checkmarks.svgz
plasmashell /usr/share/icons/breeze/actions/22/checkmark.svg
plasmashell /usr/share/plasma/desktoptheme/default/icons/edit.svgz
plasmashell /usr/share/icons/breeze/actions/22/edit-clear-history.svg
plasmashell /usr/share/icons/breeze/actions/22/edit-clear-history.svg
plasmashell /usr/share/icons/breeze/actions/22/notifications-disabled.svg
bash /dev/null
find /etc/ld.so.cache
find /lib/x86_64-linux-gnu/libselinux.so.1
find /lib/x86_64-linux-gnu/libc.so.6
find /lib/x86_64-linux-gnu/libpcre2-8.so.0
find /proc/filesystems
find .
find /usr/lib/locale/locale-archive
find /usr/lib/x86_64-linux-gnu/gconv/gconv-modules.cache
find /config/.cache
find mesa_shader_cache
find db
find 0c
find 5e
find 8a
find 59
find dd
find 3d
find 35
QSGRenderThread /usr/share/fonts/truetype/noto/NotoSans-Bold.ttf
find 8d
find 9a
find 80
find 33
find ea
find e1
find 3e
find 6a
find b5
find bc
find e8
find b8
find ef
find b9
find 7e
find 6e
find a2
find 71
find b7
find 8e
find 1a
find 20
find c9
find 26
find 4a
find bd
find 62
find 21
find 2d
find 56
find ksplash
find qmlcache
find qtshadercache-x86_64-little_endian-lp64
find plasmashell
find qmlcache
find /config/.config
find openbox
find vlc
find pulse
find autostart
find kdedefaults
find gtk-3.0
find gtk-4.0
find dconf
find xsettingsd
find kde.org
find /config/.local
find bin
find share
find kactivitymanagerd
find resources
find test-backup
find working-backup
find baloo
sleep /etc/ld.so.cache
sleep /lib/x86_64-linux-gnu/libc.so.6
sleep /usr/lib/locale/locale-archive
sleep /usr/share/locale/locale.alias
sleep /usr/share/locale/en_US/LC_MESSAGES/coreutils.mo
sleep /usr/share/locale/en/LC_MESSAGES/coreutils.mo
sleep /usr/share/locale-langpack/en_US/LC_MESSAGES/coreutils.mo
sleep /usr/share/locale-langpack/en/LC_MESSAGES/coreutils.mo
bash /dev/null
find /etc/ld.so.cache
find /lib/x86_64-linux-gnu/libselinux.so.1
find /lib/x86_64-linux-gnu/libc.so.6
find /lib/x86_64-linux-gnu/libpcre2-8.so.0
find /proc/filesystems
find .
find /usr/lib/locale/locale-archive
find /usr/lib/x86_64-linux-gnu/gconv/gconv-modules.cache
find /config/.cache
find mesa_shader_cache
find db
find 0c
find 5e
find 8a
find 59
find dd
find 3d
find 35
find 8d
find 9a
find 80
find 33
find ea
find e1
find 3e
find 6a
find b5
find bc
find e8
find b8
find ef
find b9
find 7e
find 6e
find a2
find 71
find b7
find 8e
find 1a
find 20
find c9
find 26
find 4a
find bd
find 62
find 21
find 2d
find 56
find ksplash
find qmlcache
find qtshadercache-x86_64-little_endian-lp64
find plasmashell
find qmlcache
find /config/.config
find openbox
find vlc
find pulse
find autostart
find kdedefaults
find gtk-3.0
find gtk-4.0
find dconf
find xsettingsd
find kde.org
find /config/.local
find bin
find share
find kactivitymanagerd
find resources
find test-backup
find working-backup
find baloo
sleep /etc/ld.so.cache
sleep /lib/x86_64-linux-gnu/libc.so.6
sleep /usr/lib/locale/locale-archive
sleep /usr/share/locale/locale.alias
sleep /usr/share/locale/en_US/LC_MESSAGES/coreutils.mo
sleep /usr/share/locale/en/LC_MESSAGES/coreutils.mo
sleep /usr/share/locale-langpack/en_US/LC_MESSAGES/coreutils.mo
sleep /usr/share/locale-langpack/en/LC_MESSAGES/coreutils.mo
xclip /etc/ld.so.cache
xclip /lib/x86_64-linux-gnu/libXmu.so.6
xclip /lib/x86_64-linux-gnu/libX11.so.6
xclip /lib/x86_64-linux-gnu/libc.so.6
xclip /lib/x86_64-linux-gnu/libXt.so.6
xclip /lib/x86_64-linux-gnu/libXext.so.6
xclip /lib/x86_64-linux-gnu/libxcb.so.1
xclip /lib/x86_64-linux-gnu/libSM.so.6
xclip /lib/x86_64-linux-gnu/libICE.so.6
xclip /lib/x86_64-linux-gnu/libXau.so.6
xclip /lib/x86_64-linux-gnu/libXdmcp.so.6
xclip /lib/x86_64-linux-gnu/libuuid.so.1
xclip /lib/x86_64-linux-gnu/libbsd.so.0
xclip /lib/x86_64-linux-gnu/libmd.so.0
xclip /usr/share/X11/locale/locale.alias
xclip /usr/share/X11/locale/locale.dir
xclip /usr/share/X11/locale/C/XLC_LOCALE
xclip /usr/share/X11/locale/locale.alias
xclip /usr/share/X11/locale/locale.dir
xclip /usr/share/X11/locale/C/XLC_LOCALE
Xvfb /proc/1085/cmdline
bash /dev/null
find /etc/ld.so.cache
find /lib/x86_64-linux-gnu/libselinux.so.1
find /lib/x86_64-linux-gnu/libc.so.6
find /lib/x86_64-linux-gnu/libpcre2-8.so.0
find /proc/filesystems
find .
find /usr/lib/locale/locale-archive
find /usr/lib/x86_64-linux-gnu/gconv/gconv-modules.cache
find /config/.cache
find mesa_shader_cache
find db
find 0c
find 5e
find 8a
find 59
find dd
find 3d
find 35
find 8d
find 9a
find 80
find 33
find ea
find e1
find 3e
find 6a
find b5
find bc
find e8
find b8
find ef
find b9
find 7e
find 6e
find a2
find 71
find b7
find 8e
find 1a
find 20
find c9
find 26
find 4a
find bd
find 62
find 21
find 2d
find 56
find ksplash
find qmlcache
find qtshadercache-x86_64-little_endian-lp64
find plasmashell
find qmlcache
find /config/.config
find openbox
find vlc
find pulse
find autostart
find kdedefaults
find gtk-3.0
find gtk-4.0
find dconf
find xsettingsd
find kde.org
find /config/.local
find bin
find share
find kactivitymanagerd
find resources
find test-backup
find working-backup
find baloo
sleep /etc/ld.so.cache
sleep /lib/x86_64-linux-gnu/libc.so.6
sleep /usr/lib/locale/locale-archive
sleep /usr/share/locale/locale.alias
sleep /usr/share/locale/en_US/LC_MESSAGES/coreutils.mo
sleep /usr/share/locale/en/LC_MESSAGES/coreutils.mo
sleep /usr/share/locale-langpack/en_US/LC_MESSAGES/coreutils.mo
sleep /usr/share/locale-langpack/en/LC_MESSAGES/coreutils.mo
bash /dev/null
find /etc/ld.so.cache
find /lib/x86_64-linux-gnu/libselinux.so.1
find /lib/x86_64-linux-gnu/libc.so.6
find /lib/x86_64-linux-gnu/libpcre2-8.so.0
find /proc/filesystems
find .
find /usr/lib/locale/locale-archive
find /usr/lib/x86_64-linux-gnu/gconv/gconv-modules.cache
find /config/.cache
find mesa_shader_cache
find db
find 0c
find 5e
find 8a
find 59
find dd
find 3d
find 35
find 8d
find 9a
find 80
find 33
find ea
find e1
find 3e
find 6a
find b5
find bc
find e8
find b8
find ef
find b9
find 7e
find 6e
find a2
find 71
find b7
find 8e
find 1a
find 20
find c9
find 26
find 4a
find bd
find 62
find 21
find 2d
find 56
find ksplash
find qmlcache
find qtshadercache-x86_64-little_endian-lp64
find plasmashell
find qmlcache
find /config/.config
find openbox
find vlc
find pulse
find autostart
find kdedefaults
find gtk-3.0
find gtk-4.0
find dconf
find xsettingsd
find kde.org
find /config/.local
find bin
find share
find kactivitymanagerd
find resources
find test-backup
find working-backup
find baloo
sleep /etc/ld.so.cache
sleep /lib/x86_64-linux-gnu/libc.so.6
sleep /usr/lib/locale/locale-archive
sleep /usr/share/locale/locale.alias
sleep /usr/share/locale/en_US/LC_MESSAGES/coreutils.mo
sleep /usr/share/locale/en/LC_MESSAGES/coreutils.mo
sleep /usr/share/locale-langpack/en_US/LC_MESSAGES/coreutils.mo
sleep /usr/share/locale-langpack/en/LC_MESSAGES/coreutils.mo
bash /dev/null
find /etc/ld.so.cache
find /lib/x86_64-linux-gnu/libselinux.so.1
find /lib/x86_64-linux-gnu/libc.so.6
find /lib/x86_64-linux-gnu/libpcre2-8.so.0
find /proc/filesystems
find .
find /usr/lib/locale/locale-archive
find /usr/lib/x86_64-linux-gnu/gconv/gconv-modules.cache
find /config/.cache
find mesa_shader_cache
find db
find 0c
find 5e
find 8a
find 59
find dd
find 3d
find 35
find 8d
find 9a
find 80
find 33
find ea
find e1
find 3e
find 6a
find b5
find bc
find e8
find b8
find ef
find b9
find 7e
find 6e
find a2
find 71
find b7
find 8e
find 1a
find 20
find c9
find 26
find 4a
find bd
find 62
find 21
find 2d
find 56
find ksplash
find qmlcache
find qtshadercache-x86_64-little_endian-lp64
find plasmashell
find qmlcache
find /config/.config
find openbox
find vlc
find pulse
find autostart
find kdedefaults
find gtk-3.0
find gtk-4.0
find dconf
find xsettingsd
find kde.org
find /config/.local
find bin
find share
find kactivitymanagerd
find resources
find test-backup
find working-backup
find baloo
sleep /etc/ld.so.cache
sleep /lib/x86_64-linux-gnu/libc.so.6
sleep /usr/lib/locale/locale-archive
sleep /usr/share/locale/locale.alias
sleep /usr/share/locale/en_US/LC_MESSAGES/coreutils.mo
sleep /usr/share/locale/en/LC_MESSAGES/coreutils.mo
sleep /usr/share/locale-langpack/en_US/LC_MESSAGES/coreutils.mo
sleep /usr/share/locale-langpack/en/LC_MESSAGES/coreutils.mo
bash /dev/null
find /etc/ld.so.cache
find /lib/x86_64-linux-gnu/libselinux.so.1
find /lib/x86_64-linux-gnu/libc.so.6
find /lib/x86_64-linux-gnu/libpcre2-8.so.0
find /proc/filesystems
find .
find /usr/lib/locale/locale-archive
find /usr/lib/x86_64-linux-gnu/gconv/gconv-modules.cache
find /config/.cache
find mesa_shader_cache
find db
find 0c
find 5e
find 8a
find 59
find dd
find 3d
find 35
find 8d
find 9a
find 80
find 33
find ea
find e1
find 3e
find 6a
find b5
find bc
find e8
find b8
find ef
find b9
find 7e
find 6e
find a2
find 71
find b7
find 8e
find 1a
find 20
find c9
find 26
find 4a
find bd
find 62
find 21
find 2d
find 56
find ksplash
find qmlcache
find qtshadercache-x86_64-little_endian-lp64
find plasmashell
find qmlcache
find /config/.config
find openbox
find vlc
find pulse
find autostart
find kdedefaults
find gtk-3.0
find gtk-4.0
find dconf
find xsettingsd
find kde.org
find /config/.local
find bin
find share
find kactivitymanagerd
find resources
find test-backup
find working-backup
find baloo
sleep /etc/ld.so.cache
sleep /lib/x86_64-linux-gnu/libc.so.6
sleep /usr/lib/locale/locale-archive
sleep /usr/share/locale/locale.alias
sleep /usr/share/locale/en_US/LC_MESSAGES/coreutils.mo
sleep /usr/share/locale/en/LC_MESSAGES/coreutils.mo
sleep /usr/share/locale-langpack/en_US/LC_MESSAGES/coreutils.mo
sleep /usr/share/locale-langpack/en/LC_MESSAGES/coreutils.mo
xclip /etc/ld.so.cache
xclip /lib/x86_64-linux-gnu/libXmu.so.6
xclip /lib/x86_64-linux-gnu/libX11.so.6
xclip /lib/x86_64-linux-gnu/libc.so.6
xclip /lib/x86_64-linux-gnu/libXt.so.6
xclip /lib/x86_64-linux-gnu/libXext.so.6
xclip /lib/x86_64-linux-gnu/libxcb.so.1
xclip /lib/x86_64-linux-gnu/libSM.so.6
xclip /lib/x86_64-linux-gnu/libICE.so.6
xclip /lib/x86_64-linux-gnu/libXau.so.6
xclip /lib/x86_64-linux-gnu/libXdmcp.so.6
xclip /lib/x86_64-linux-gnu/libuuid.so.1
xclip /lib/x86_64-linux-gnu/libbsd.so.0
xclip /lib/x86_64-linux-gnu/libmd.so.0
xclip /usr/share/X11/locale/locale.alias
xclip /usr/share/X11/locale/locale.dir
xclip /usr/share/X11/locale/C/XLC_LOCALE
xclip /usr/share/X11/locale/locale.alias
xclip /usr/share/X11/locale/locale.dir
xclip /usr/share/X11/locale/C/XLC_LOCALE
Xvfb /proc/1094/cmdline
bash /dev/null
find /etc/ld.so.cache
find /lib/x86_64-linux-gnu/libselinux.so.1
find /lib/x86_64-linux-gnu/libc.so.6
find /lib/x86_64-linux-gnu/libpcre2-8.so.0
find /proc/filesystems
find .
find /usr/lib/locale/locale-archive
find /usr/lib/x86_64-linux-gnu/gconv/gconv-modules.cache
find /config/.cache
find mesa_shader_cache
find db
find 0c
find 5e
find 8a
find 59
find dd
find 3d
find 35
find 8d
find 9a
find 80
find 33
find ea
find e1
find 3e
find 6a
find b5
find bc
find e8
find b8
find ef
find b9
find 7e
find 6e
find a2
find 71
find b7
find 8e
find 1a
find 20
find c9
find 26
find 4a
find bd
find 62
find 21
find 2d
find 56
find ksplash
find qmlcache
find qtshadercache-x86_64-little_endian-lp64
find plasmashell
find qmlcache
find /config/.config
find openbox
find vlc
find pulse
find autostart
find kdedefaults
find gtk-3.0
find gtk-4.0
find dconf
find xsettingsd
find kde.org
find /config/.local
find bin
find share
find kactivitymanagerd
find resources
find test-backup
find working-backup
find baloo
sleep /etc/ld.so.cache
sleep /lib/x86_64-linux-gnu/libc.so.6
sleep /usr/lib/locale/locale-archive
sleep /usr/share/locale/locale.alias
sleep /usr/share/locale/en_US/LC_MESSAGES/coreutils.mo
sleep /usr/share/locale/en/LC_MESSAGES/coreutils.mo
sleep /usr/share/locale-langpack/en_US/LC_MESSAGES/coreutils.mo
sleep /usr/share/locale-langpack/en/LC_MESSAGES/coreutils.mo
bash /dev/null
find /etc/ld.so.cache
find /lib/x86_64-linux-gnu/libselinux.so.1
find /lib/x86_64-linux-gnu/libc.so.6
find /lib/x86_64-linux-gnu/libpcre2-8.so.0
find /proc/filesystems
find .
find /usr/lib/locale/locale-archive
find /usr/lib/x86_64-linux-gnu/gconv/gconv-modules.cache
find /config/.cache
find mesa_shader_cache
find db
find 0c
find 5e
find 8a
find 59
find dd
find 3d
find 35
find 8d
find 9a
find 80
find 33
find ea
find e1
find 3e
find 6a
find b5
find bc
find e8
find b8
find ef
find b9
find 7e
find 6e
find a2
find 71
find b7
find 8e
find 1a
find 20
find c9
find 26
find 4a
find bd
find 62
find 21
find 2d
find 56
find ksplash
find qmlcache
find qtshadercache-x86_64-little_endian-lp64
find plasmashell
find qmlcache
find /config/.config
find openbox
find vlc
find pulse
find autostart
find kdedefaults
find gtk-3.0
find gtk-4.0
find dconf
find xsettingsd
find kde.org
find /config/.local
find bin
find share
find kactivitymanagerd
find resources
find test-backup
find working-backup
find baloo
sleep /etc/ld.so.cache
sleep /lib/x86_64-linux-gnu/libc.so.6
sleep /usr/lib/locale/locale-archive
sleep /usr/share/locale/locale.alias
sleep /usr/share/locale/en_US/LC_MESSAGES/coreutils.mo
sleep /usr/share/locale/en/LC_MESSAGES/coreutils.mo
sleep /usr/share/locale-langpack/en_US/LC_MESSAGES/coreutils.mo
sleep /usr/share/locale-langpack/en/LC_MESSAGES/coreutils.mo
bash /dev/null
find /etc/ld.so.cache
find /lib/x86_64-linux-gnu/libselinux.so.1
find /lib/x86_64-linux-gnu/libc.so.6
find /lib/x86_64-linux-gnu/libpcre2-8.so.0
find /proc/filesystems
find .
find /usr/lib/locale/locale-archive
find /usr/lib/x86_64-linux-gnu/gconv/gconv-modules.cache
find /config/.cache
find mesa_shader_cache
find db
find 0c
find 5e
find 8a
find 59
find dd
find 3d
find 35
find 8d
find 9a
find 80
find 33
find ea
find e1
find 3e
find 6a
find b5
find bc
find e8
find b8
find ef
find b9
find 7e
find 6e
find a2
find 71
find b7
find 8e
find 1a
find 20
find c9
find 26
find 4a
find bd
find 62
find 21
find 2d
find 56
find ksplash
find qmlcache
find qtshadercache-x86_64-little_endian-lp64
find plasmashell
find qmlcache
find /config/.config
find openbox
find vlc
find pulse
find autostart
find kdedefaults
find gtk-3.0
find gtk-4.0
find dconf
find xsettingsd
find kde.org
find /config/.local
find bin
find share
find kactivitymanagerd
find resources
find test-backup
find working-backup
find baloo
sleep /etc/ld.so.cache
sleep /lib/x86_64-linux-gnu/libc.so.6
sleep /usr/lib/locale/locale-archive
sleep /usr/share/locale/locale.alias
sleep /usr/share/locale/en_US/LC_MESSAGES/coreutils.mo
sleep /usr/share/locale/en/LC_MESSAGES/coreutils.mo
sleep /usr/share/locale-langpack/en_US/LC_MESSAGES/coreutils.mo
sleep /usr/share/locale-langpack/en/LC_MESSAGES/coreutils.mo
bash /dev/null
find /etc/ld.so.cache
find /lib/x86_64-linux-gnu/libselinux.so.1
find /lib/x86_64-linux-gnu/libc.so.6
find /lib/x86_64-linux-gnu/libpcre2-8.so.0
find /proc/filesystems
find .
find /usr/lib/locale/locale-archive
find /usr/lib/x86_64-linux-gnu/gconv/gconv-modules.cache
find /config/.cache
find mesa_shader_cache
find db
find 0c
find 5e
find 8a
find 59
find dd
find 3d
find 35
find 8d
find 9a
find 80
find 33
find ea
find e1
find 3e
find 6a
find b5
find bc
find e8
find b8
find ef
find b9
find 7e
find 6e
find a2
find 71
find b7
find 8e
find 1a
find 20
find c9
find 26
find 4a
find bd
find 62
find 21
find 2d
find 56
find ksplash
find qmlcache
find qtshadercache-x86_64-little_endian-lp64
find plasmashell
find qmlcache
find /config/.config
find openbox
find vlc
find pulse
find autostart
find kdedefaults
find gtk-3.0
find gtk-4.0
find dconf
find xsettingsd
find kde.org
find /config/.local
find bin
find share
find kactivitymanagerd
find resources
find test-backup
find working-backup
find baloo
sleep /etc/ld.so.cache
sleep /lib/x86_64-linux-gnu/libc.so.6
sleep /usr/lib/locale/locale-archive
sleep /usr/share/locale/locale.alias
sleep /usr/share/locale/en_US/LC_MESSAGES/coreutils.mo
sleep /usr/share/locale/en/LC_MESSAGES/coreutils.mo
sleep /usr/share/locale-langpack/en_US/LC_MESSAGES/coreutils.mo
sleep /usr/share/locale-langpack/en/LC_MESSAGES/coreutils.mo
xclip /etc/ld.so.cache
xclip /lib/x86_64-linux-gnu/libXmu.so.6
xclip /lib/x86_64-linux-gnu/libX11.so.6
xclip /lib/x86_64-linux-gnu/libc.so.6
xclip /lib/x86_64-linux-gnu/libXt.so.6
xclip /lib/x86_64-linux-gnu/libXext.so.6
xclip /lib/x86_64-linux-gnu/libxcb.so.1
xclip /lib/x86_64-linux-gnu/libSM.so.6
xclip /lib/x86_64-linux-gnu/libICE.so.6
xclip /lib/x86_64-linux-gnu/libXau.so.6
xclip /lib/x86_64-linux-gnu/libXdmcp.so.6
xclip /lib/x86_64-linux-gnu/libuuid.so.1
xclip /lib/x86_64-linux-gnu/libbsd.so.0
xclip /lib/x86_64-linux-gnu/libmd.so.0
xclip /usr/share/X11/locale/locale.alias
xclip /usr/share/X11/locale/locale.dir
xclip /usr/share/X11/locale/C/XLC_LOCALE
xclip /usr/share/X11/locale/locale.alias
xclip /usr/share/X11/locale/locale.dir
xclip /usr/share/X11/locale/C/XLC_LOCALE
Xvfb /proc/1103/cmdline
bash /dev/null
find /etc/ld.so.cache
find /lib/x86_64-linux-gnu/libselinux.so.1
find /lib/x86_64-linux-gnu/libc.so.6
find /lib/x86_64-linux-gnu/libpcre2-8.so.0
find /proc/filesystems
find .
find /usr/lib/locale/locale-archive
find /usr/lib/x86_64-linux-gnu/gconv/gconv-modules.cache
find /config/.cache
find mesa_shader_cache
find db
find 0c
find 5e
find 8a
plasmashell /usr/bin/plasmacalendarplugins
plasmashell /usr/lib/x86_64-linux-gnu/qt5/plugins/plasmacalendarplugins
find 59
plasmashell /usr/lib/x86_64-linux-gnu/qt5/plugins/plasmacalendarplugins/hol..
find dd
find 3d
find 35
plasmashell /usr/lib/x86_64-linux-gnu/qt5/plugins/plasmacalendarplugins
find 8d
find 9a
find 80
find 33
find ea
find e1
find 3e
find 6a
find b5
find bc
find e8
find b8
find ef
find b9
find 7e
find 6e
find a2
find 71
find b7
find 8e
find 1a
find 20
find c9
find 26
find 4a
find bd
find 62
find 21
find 2d
find 56
find ksplash
find qmlcache
find qtshadercache-x86_64-little_endian-lp64
find plasmashell
find qmlcache
plasmashell /usr/share/plasma/desktoptheme/default/widgets/calendar.svgz
find /config/.config
find openbox
find vlc
find pulse
find autostart
find kdedefaults
find gtk-3.0
find gtk-4.0
find dconf
find xsettingsd
find kde.org
find /config/.local
find bin
find share
find kactivitymanagerd
find resources
find test-backup
find working-backup
find baloo
sleep /etc/ld.so.cache
sleep /lib/x86_64-linux-gnu/libc.so.6
sleep /usr/lib/locale/locale-archive
sleep /usr/share/locale/locale.alias
sleep /usr/share/locale/en_US/LC_MESSAGES/coreutils.mo
sleep /usr/share/locale/en/LC_MESSAGES/coreutils.mo
sleep /usr/share/locale-langpack/en_US/LC_MESSAGES/coreutils.mo
sleep /usr/share/locale-langpack/en/LC_MESSAGES/coreutils.mo
plasmashell /usr/share/plasma/desktoptheme/default/icons/go.svgz
plasmashell /usr/share/plasma/desktoptheme/default/icons/preferences.svgz
plasmashell /usr/share/icons/breeze/preferences/32/preferences-system-time...
plasmashell /usr/share/plasma/desktoptheme/default/icons/list.svgz
bash /dev/null
find /etc/ld.so.cache
find /lib/x86_64-linux-gnu/libselinux.so.1
find /lib/x86_64-linux-gnu/libc.so.6
find /lib/x86_64-linux-gnu/libpcre2-8.so.0
find /proc/filesystems
find .
find /usr/lib/locale/locale-archive
find /usr/lib/x86_64-linux-gnu/gconv/gconv-modules.cache
find /config/.cache
find mesa_shader_cache
find db
find 0c
find 5e
find 8a
find 59
find dd
find 3d
find 35
find 8d
find 9a
find 80
find 33
find ea
find e1
find 3e
find 6a
find b5
find bc
find e8
find b8
find ef
find b9
find 7e
find 6e
find a2
find 71
find b7
find 8e
find 1a
find 20
find c9
find 26
find 4a
find bd
find 62
find 21
find 2d
find 56
find ksplash
find qmlcache
find qtshadercache-x86_64-little_endian-lp64
find plasmashell
find qmlcache
find /config/.config
find openbox
find vlc
find pulse
find autostart
find kdedefaults
find gtk-3.0
find gtk-4.0
find dconf
find xsettingsd
find kde.org
find /config/.local
find bin
find share
find kactivitymanagerd
find resources
find test-backup
find working-backup
find baloo
sleep /etc/ld.so.cache
sleep /lib/x86_64-linux-gnu/libc.so.6
sleep /usr/lib/locale/locale-archive
sleep /usr/share/locale/locale.alias
sleep /usr/share/locale/en_US/LC_MESSAGES/coreutils.mo
sleep /usr/share/locale/en/LC_MESSAGES/coreutils.mo
sleep /usr/share/locale-langpack/en_US/LC_MESSAGES/coreutils.mo
sleep /usr/share/locale-langpack/en/LC_MESSAGES/coreutils.mo
bash /dev/null
find /etc/ld.so.cache
find /lib/x86_64-linux-gnu/libselinux.so.1
find /lib/x86_64-linux-gnu/libc.so.6
find /lib/x86_64-linux-gnu/libpcre2-8.so.0
find /proc/filesystems
find .
find /usr/lib/locale/locale-archive
find /usr/lib/x86_64-linux-gnu/gconv/gconv-modules.cache
find /config/.cache
find mesa_shader_cache
find db
find 0c
find 5e
find 8a
find 59
find dd
find 3d
find 35
find 8d
find 9a
find 80
find 33
find ea
find e1
find 3e
find 6a
find b5
find bc
find e8
find b8
find ef
find b9
find 7e
find 6e
find a2
find 71
find b7
find 8e
find 1a
find 20
find c9
find 26
find 4a
find bd
find 62
find 21
find 2d
find 56
find ksplash
find qmlcache
find qtshadercache-x86_64-little_endian-lp64
find plasmashell
find qmlcache
find /config/.config
find openbox
find vlc
find pulse
find autostart
find kdedefaults
find gtk-3.0
find gtk-4.0
find dconf
find xsettingsd
find kde.org
find /config/.local
find bin
find share
find kactivitymanagerd
find resources
find test-backup
find working-backup
find baloo
sleep /etc/ld.so.cache
sleep /lib/x86_64-linux-gnu/libc.so.6
sleep /usr/lib/locale/locale-archive
sleep /usr/share/locale/locale.alias
sleep /usr/share/locale/en_US/LC_MESSAGES/coreutils.mo
sleep /usr/share/locale/en/LC_MESSAGES/coreutils.mo
sleep /usr/share/locale-langpack/en_US/LC_MESSAGES/coreutils.mo
sleep /usr/share/locale-langpack/en/LC_MESSAGES/coreutils.mo
QQmlThread /usr/share/plasma/plasmoids/org.kde.plasma.clipboard/contents/u..
QQmlThread /config/.cache/plasmashell/qmlcache/2a8c43d11e4b39f247caffaec1a..
QQmlThread /usr/lib/x86_64-linux-gnu/qt5/qml/org/kde/prison/qmldir
QQmlThread /usr/lib/x86_64-linux-gnu/qt5/qml/org/kde/prison/libprisonquick..
QQmlThread /usr/lib/x86_64-linux-gnu/qt5/qml/org/kde/prison/libprisonquick..
QQmlThread /usr/lib/x86_64-linux-gnu/qt5/qml/org/kde/prison/libprisonquick..
plasmashell /usr/share/plasma/desktoptheme/default/icons/edit.svgz
plasmashell /usr/share/icons/breeze/actions/22/edit-paste.svg
plasmashell /usr/share/plasma/desktoptheme/default/icons/klipper.svgz
bash /dev/null
find /etc/ld.so.cache
find /lib/x86_64-linux-gnu/libselinux.so.1
find /lib/x86_64-linux-gnu/libc.so.6
find /lib/x86_64-linux-gnu/libpcre2-8.so.0
find /proc/filesystems
find .
find /usr/lib/locale/locale-archive
find /usr/lib/x86_64-linux-gnu/gconv/gconv-modules.cache
find /config/.cache
find mesa_shader_cache
find db
find 0c
find 5e
find 8a
find 59
find dd
find 3d
find 35
find 8d
find 9a
find 80
find 33
find ea
find e1
find 3e
find 6a
find b5
find bc
find e8
find b8
find ef
find b9
find 7e
find 6e
find a2
find 71
find b7
find 8e
find 1a
find 20
find c9
find 26
find 4a
find bd
find 62
find 21
find 2d
find 56
find ksplash
find qmlcache
find qtshadercache-x86_64-little_endian-lp64
find plasmashell
find qmlcache
find /config/.config
find openbox
find vlc
find pulse
find autostart
find kdedefaults
find gtk-3.0
find gtk-4.0
find dconf
find xsettingsd
find kde.org
find /config/.local
find bin
find share
find kactivitymanagerd
find resources
find test-backup
find working-backup
find baloo
sleep /etc/ld.so.cache
sleep /lib/x86_64-linux-gnu/libc.so.6
sleep /usr/lib/locale/locale-archive
sleep /usr/share/locale/locale.alias
sleep /usr/share/locale/en_US/LC_MESSAGES/coreutils.mo
sleep /usr/share/locale/en/LC_MESSAGES/coreutils.mo
sleep /usr/share/locale-langpack/en_US/LC_MESSAGES/coreutils.mo
sleep /usr/share/locale-langpack/en/LC_MESSAGES/coreutils.mo
xclip /etc/ld.so.cache
xclip /lib/x86_64-linux-gnu/libXmu.so.6
xclip /lib/x86_64-linux-gnu/libX11.so.6
xclip /lib/x86_64-linux-gnu/libc.so.6
xclip /lib/x86_64-linux-gnu/libXt.so.6
xclip /lib/x86_64-linux-gnu/libXext.so.6
xclip /lib/x86_64-linux-gnu/libxcb.so.1
xclip /lib/x86_64-linux-gnu/libSM.so.6
xclip /lib/x86_64-linux-gnu/libICE.so.6
xclip /lib/x86_64-linux-gnu/libXau.so.6
xclip /lib/x86_64-linux-gnu/libXdmcp.so.6
xclip /lib/x86_64-linux-gnu/libuuid.so.1
xclip /lib/x86_64-linux-gnu/libbsd.so.0
xclip /lib/x86_64-linux-gnu/libmd.so.0
xclip /usr/share/X11/locale/locale.alias
xclip /usr/share/X11/locale/locale.dir
xclip /usr/share/X11/locale/C/XLC_LOCALE
xclip /usr/share/X11/locale/locale.alias
xclip /usr/share/X11/locale/locale.dir
bash /dev/null
xclip /usr/share/X11/locale/C/XLC_LOCALE
Xvfb /proc/1112/cmdline
find /etc/ld.so.cache
find /lib/x86_64-linux-gnu/libselinux.so.1
find /lib/x86_64-linux-gnu/libc.so.6
find /lib/x86_64-linux-gnu/libpcre2-8.so.0
find /proc/filesystems
find .
find /usr/lib/locale/locale-archive
find /usr/lib/x86_64-linux-gnu/gconv/gconv-modules.cache
find /config/.cache
find mesa_shader_cache
find db
find 0c
find 5e
find 8a
find 59
find dd
find 3d
find 35
find 8d
find 9a
find 80
find 33
find ea
find e1
find 3e
find 6a
find b5
find bc
find e8
find b8
find ef
find b9
find 7e
find 6e
find a2
find 71
find b7
find 8e
find 1a
find 20
find c9
find 26
find 4a
find bd
find 62
find 21
find 2d
find 56
find ksplash
find qmlcache
find qtshadercache-x86_64-little_endian-lp64
find plasmashell
find qmlcache
find /config/.config
find openbox
find vlc
find pulse
find autostart
find kdedefaults
find gtk-3.0
find gtk-4.0
find dconf
find xsettingsd
find kde.org
find /config/.local
find bin
find share
find kactivitymanagerd
find resources
find test-backup
find working-backup
find baloo
sleep /etc/ld.so.cache
sleep /lib/x86_64-linux-gnu/libc.so.6
sleep /usr/lib/locale/locale-archive
sleep /usr/share/locale/locale.alias
sleep /usr/share/locale/en_US/LC_MESSAGES/coreutils.mo
sleep /usr/share/locale/en/LC_MESSAGES/coreutils.mo
sleep /usr/share/locale-langpack/en_US/LC_MESSAGES/coreutils.mo
sleep /usr/share/locale-langpack/en/LC_MESSAGES/coreutils.mo
bash /dev/null
find /etc/ld.so.cache
find /lib/x86_64-linux-gnu/libselinux.so.1
find /lib/x86_64-linux-gnu/libc.so.6
find /lib/x86_64-linux-gnu/libpcre2-8.so.0
find /proc/filesystems
find .
find /usr/lib/locale/locale-archive
find /usr/lib/x86_64-linux-gnu/gconv/gconv-modules.cache
find /config/.cache
find mesa_shader_cache
find db
find 0c
find 5e
find 8a
find 59
find dd
find 3d
find 35
find 8d
find 9a
find 80
find 33
find ea
find e1
find 3e
find 6a
find b5
find bc
find e8
find b8
find ef
find b9
find 7e
find 6e
find a2
find 71
find b7
find 8e
find 1a
find 20
find c9
find 26
find 4a
find bd
find 62
find 21
find 2d
find 56
find ksplash
find qmlcache
find qtshadercache-x86_64-little_endian-lp64
find plasmashell
find qmlcache
find /config/.config
find openbox
find vlc
find pulse
find autostart
find kdedefaults
find gtk-3.0
find gtk-4.0
find dconf
find xsettingsd
find kde.org
find /config/.local
find bin
find share
find kactivitymanagerd
find resources
find test-backup
find working-backup
find baloo
sleep /etc/ld.so.cache
sleep /lib/x86_64-linux-gnu/libc.so.6
sleep /usr/lib/locale/locale-archive
sleep /usr/share/locale/locale.alias
sleep /usr/share/locale/en_US/LC_MESSAGES/coreutils.mo
sleep /usr/share/locale/en/LC_MESSAGES/coreutils.mo
sleep /usr/share/locale-langpack/en_US/LC_MESSAGES/coreutils.mo
sleep /usr/share/locale-langpack/en/LC_MESSAGES/coreutils.mo
bash /dev/null
find /etc/ld.so.cache
find /lib/x86_64-linux-gnu/libselinux.so.1
find /lib/x86_64-linux-gnu/libc.so.6
find /lib/x86_64-linux-gnu/libpcre2-8.so.0
find /proc/filesystems
find .
find /usr/lib/locale/locale-archive
find /usr/lib/x86_64-linux-gnu/gconv/gconv-modules.cache
find /config/.cache
find mesa_shader_cache
find db
find 0c
find 5e
find 8a
find 59
find dd
find 3d
find 35
find 8d
find 9a
find 80
find 33
find ea
find e1
find 3e
find 6a
find b5
find bc
find e8
find b8
find ef
find b9
find 7e
find 6e
find a2
find 71
find b7
find 8e
find 1a
find 20
find c9
find 26
find 4a
find bd
find 62
find 21
find 2d
find 56
find ksplash
find qmlcache
find qtshadercache-x86_64-little_endian-lp64
find plasmashell
find qmlcache
find /config/.config
find openbox
find vlc
find pulse
find autostart
find kdedefaults
find gtk-3.0
find gtk-4.0
find dconf
find xsettingsd
find kde.org
find /config/.local
find bin
find share
find kactivitymanagerd
find resources
find test-backup
find working-backup
find baloo
sleep /etc/ld.so.cache
sleep /lib/x86_64-linux-gnu/libc.so.6
sleep /usr/lib/locale/locale-archive
sleep /usr/share/locale/locale.alias
sleep /usr/share/locale/en_US/LC_MESSAGES/coreutils.mo
sleep /usr/share/locale/en/LC_MESSAGES/coreutils.mo
sleep /usr/share/locale-langpack/en_US/LC_MESSAGES/coreutils.mo
sleep /usr/share/locale-langpack/en/LC_MESSAGES/coreutils.mo
bash /dev/null
find /etc/ld.so.cache
find /lib/x86_64-linux-gnu/libselinux.so.1
find /lib/x86_64-linux-gnu/libc.so.6
find /lib/x86_64-linux-gnu/libpcre2-8.so.0
find /proc/filesystems
find .
find /usr/lib/locale/locale-archive
find /usr/lib/x86_64-linux-gnu/gconv/gconv-modules.cache
find /config/.cache
find mesa_shader_cache
find db
find 0c
find 5e
find 8a
find 59
find dd
find 3d
find 35
find 8d
find 9a
find 80
find 33
find ea
find e1
find 3e
find 6a
find b5
find bc
find e8
find b8
find ef
find b9
find 7e
find 6e
find a2
find 71
find b7
find 8e
find 1a
find 20
find c9
find 26
find 4a
find bd
find 62
find 21
find 2d
find 56
find ksplash
find qmlcache
find qtshadercache-x86_64-little_endian-lp64
find plasmashell
find qmlcache
find /config/.config
find openbox
find vlc
find pulse
find autostart
find kdedefaults
find gtk-3.0
find gtk-4.0
find dconf
find xsettingsd
find kde.org
find /config/.local
find bin
find share
find kactivitymanagerd
find resources
find test-backup
find working-backup
find baloo
sleep /etc/ld.so.cache
sleep /lib/x86_64-linux-gnu/libc.so.6
sleep /usr/lib/locale/locale-archive
sleep /usr/share/locale/locale.alias
sleep /usr/share/locale/en_US/LC_MESSAGES/coreutils.mo
sleep /usr/share/locale/en/LC_MESSAGES/coreutils.mo
sleep /usr/share/locale-langpack/en_US/LC_MESSAGES/coreutils.mo
sleep /usr/share/locale-langpack/en/LC_MESSAGES/coreutils.mo
bash /dev/null
find /etc/ld.so.cache
find /lib/x86_64-linux-gnu/libselinux.so.1
find /lib/x86_64-linux-gnu/libc.so.6
find /lib/x86_64-linux-gnu/libpcre2-8.so.0
find /proc/filesystems
find .
find /usr/lib/locale/locale-archive
find /usr/lib/x86_64-linux-gnu/gconv/gconv-modules.cache
find /config/.cache
find mesa_shader_cache
find db
find 0c
find 5e
find 8a
find 59
find dd
find 3d
find 35
find 8d
find 9a
find 80
find 33
find ea
find e1
find 3e
find 6a
find b5
find bc
find e8
find b8
find ef
find b9
find 7e
find 6e
find a2
find 71
find b7
find 8e
find 1a
find 20
find c9
find 26
find 4a
find bd
find 62
find 21
find 2d
find 56
find ksplash
find qmlcache
find qtshadercache-x86_64-little_endian-lp64
xclip /etc/ld.so.cache
xclip /lib/x86_64-linux-gnu/libXmu.so.6
xclip /lib/x86_64-linux-gnu/libX11.so.6
find plasmashell
xclip /lib/x86_64-linux-gnu/libc.so.6
find qmlcache
xclip /lib/x86_64-linux-gnu/libXt.so.6
xclip /lib/x86_64-linux-gnu/libXext.so.6
xclip /lib/x86_64-linux-gnu/libxcb.so.1
xclip /lib/x86_64-linux-gnu/libSM.so.6
xclip /lib/x86_64-linux-gnu/libICE.so.6
xclip /lib/x86_64-linux-gnu/libXau.so.6
xclip /lib/x86_64-linux-gnu/libXdmcp.so.6
xclip /lib/x86_64-linux-gnu/libuuid.so.1
xclip /lib/x86_64-linux-gnu/libbsd.so.0
xclip /lib/x86_64-linux-gnu/libmd.so.0
xclip /usr/share/X11/locale/locale.alias
xclip /usr/share/X11/locale/locale.dir
xclip /usr/share/X11/locale/C/XLC_LOCALE
xclip /usr/share/X11/locale/locale.alias
xclip /usr/share/X11/locale/locale.dir
xclip /usr/share/X11/locale/C/XLC_LOCALE
Xvfb /proc/1122/cmdline
find /config/.config
find openbox
find vlc
find pulse
find autostart
find kdedefaults
find gtk-3.0
find gtk-4.0
find dconf
find xsettingsd
find kde.org
find /config/.local
find bin
find share
find kactivitymanagerd
find resources
find test-backup
find working-backup
find baloo
sleep /etc/ld.so.cache
sleep /lib/x86_64-linux-gnu/libc.so.6
sleep /usr/lib/locale/locale-archive
sleep /usr/share/locale/locale.alias
sleep /usr/share/locale/en_US/LC_MESSAGES/coreutils.mo
sleep /usr/share/locale/en/LC_MESSAGES/coreutils.mo
sleep /usr/share/locale-langpack/en_US/LC_MESSAGES/coreutils.mo
sleep /usr/share/locale-langpack/en/LC_MESSAGES/coreutils.mo
bash /dev/null
find /etc/ld.so.cache
find /lib/x86_64-linux-gnu/libselinux.so.1
find /lib/x86_64-linux-gnu/libc.so.6
find /lib/x86_64-linux-gnu/libpcre2-8.so.0
find /proc/filesystems
find .
find /usr/lib/locale/locale-archive
find /usr/lib/x86_64-linux-gnu/gconv/gconv-modules.cache
find /config/.cache
find mesa_shader_cache
find db
find 0c
find 5e
find 8a
find 59
find dd
find 3d
find 35
find 8d
find 9a
find 80
find 33
find ea
find e1
find 3e
find 6a
find b5
find bc
find e8
find b8
find ef
find b9
find 7e
find 6e
find a2
find 71
find b7
find 8e
find 1a
find 20
find c9
find 26
find 4a
find bd
find 62
find 21
find 2d
find 56
find ksplash
find qmlcache
find qtshadercache-x86_64-little_endian-lp64
find plasmashell
find qmlcache
find /config/.config
find openbox
find vlc
find pulse
find autostart
find kdedefaults
find gtk-3.0
find gtk-4.0
find dconf
find xsettingsd
find kde.org
find /config/.local
find bin
find share
find kactivitymanagerd
find resources
find test-backup
find working-backup
find baloo
sleep /etc/ld.so.cache
sleep /lib/x86_64-linux-gnu/libc.so.6
sleep /usr/lib/locale/locale-archive
sleep /usr/share/locale/locale.alias
sleep /usr/share/locale/en_US/LC_MESSAGES/coreutils.mo
sleep /usr/share/locale/en/LC_MESSAGES/coreutils.mo
sleep /usr/share/locale-langpack/en_US/LC_MESSAGES/coreutils.mo
sleep /usr/share/locale-langpack/en/LC_MESSAGES/coreutils.mo
bash /dev/null
find /etc/ld.so.cache
find /lib/x86_64-linux-gnu/libselinux.so.1
find /lib/x86_64-linux-gnu/libc.so.6
find /lib/x86_64-linux-gnu/libpcre2-8.so.0
find /proc/filesystems
find .
find /usr/lib/locale/locale-archive
find /usr/lib/x86_64-linux-gnu/gconv/gconv-modules.cache
find /config/.cache
find mesa_shader_cache
find db
find 0c
find 5e
find 8a
find 59
find dd
find 3d
find 35
find 8d
find 9a
find 80
find 33
find ea
find e1
find 3e
find 6a
find b5
find bc
find e8
find b8
find ef
find b9
find 7e
find 6e
find a2
find 71
find b7
find 8e
find 1a
find 20
find c9
find 26
find 4a
find bd
find 62
find 21
find 2d
find 56
find ksplash
find qmlcache
find qtshadercache-x86_64-little_endian-lp64
find plasmashell
find qmlcache
find /config/.config
find openbox
find vlc
find pulse
find autostart
find kdedefaults
find gtk-3.0
find gtk-4.0
find dconf
find xsettingsd
find kde.org
find /config/.local
find bin
find share
find kactivitymanagerd
find resources
find test-backup
find working-backup
find baloo
sleep /etc/ld.so.cache
sleep /lib/x86_64-linux-gnu/libc.so.6
sleep /usr/lib/locale/locale-archive
sleep /usr/share/locale/locale.alias
sleep /usr/share/locale/en_US/LC_MESSAGES/coreutils.mo
sleep /usr/share/locale/en/LC_MESSAGES/coreutils.mo
sleep /usr/share/locale-langpack/en_US/LC_MESSAGES/coreutils.mo
sleep /usr/share/locale-langpack/en/LC_MESSAGES/coreutils.mo
bash /dev/null
find /etc/ld.so.cache
find /lib/x86_64-linux-gnu/libselinux.so.1
find /lib/x86_64-linux-gnu/libc.so.6
find /lib/x86_64-linux-gnu/libpcre2-8.so.0
find /proc/filesystems
find .
find /usr/lib/locale/locale-archive
find /usr/lib/x86_64-linux-gnu/gconv/gconv-modules.cache
find /config/.cache
find mesa_shader_cache
find db
find 0c
find 5e
find 8a
find 59
find dd
find 3d
find 35
find 8d
find 9a
find 80
find 33
find ea
find e1
find 3e
find 6a
find b5
find bc
find e8
find b8
find ef
find b9
find 7e
find 6e
find a2
find 71
find b7
find 8e
find 1a
find 20
find c9
find 26
find 4a
find bd
find 62
find 21
find 2d
find 56
find ksplash
find qmlcache
find qtshadercache-x86_64-little_endian-lp64
find plasmashell
find qmlcache
find /config/.config
find openbox
find vlc
find pulse
find autostart
find kdedefaults
find gtk-3.0
find gtk-4.0
find dconf
find xsettingsd
find kde.org
find /config/.local
find bin
find share
find kactivitymanagerd
find resources
find test-backup
find working-backup
find baloo
sleep /etc/ld.so.cache
sleep /lib/x86_64-linux-gnu/libc.so.6
sleep /usr/lib/locale/locale-archive
sleep /usr/share/locale/locale.alias
sleep /usr/share/locale/en_US/LC_MESSAGES/coreutils.mo
sleep /usr/share/locale/en/LC_MESSAGES/coreutils.mo
sleep /usr/share/locale-langpack/en_US/LC_MESSAGES/coreutils.mo
sleep /usr/share/locale-langpack/en/LC_MESSAGES/coreutils.mo
bash /dev/null
find /etc/ld.so.cache
find /lib/x86_64-linux-gnu/libselinux.so.1
find /lib/x86_64-linux-gnu/libc.so.6
find /lib/x86_64-linux-gnu/libpcre2-8.so.0
find /proc/filesystems
find .
find /usr/lib/locale/locale-archive
find /usr/lib/x86_64-linux-gnu/gconv/gconv-modules.cache
find /config/.cache
find mesa_shader_cache
find db
find 0c
find 5e
find 8a
find 59
find dd
find 3d
find 35
find 8d
find 9a
find 80
find 33
find ea
find e1
find 3e
find 6a
find b5
find bc
find e8
find b8
find ef
find b9
find 7e
find 6e
find a2
find 71
find b7
find 8e
find 1a
find 20
find c9
find 26
find 4a
find bd
find 62
find 21
find 2d
find 56
find ksplash
find qmlcache
find qtshadercache-x86_64-little_endian-lp64
find plasmashell
find qmlcache
find /config/.config
find openbox
find vlc
find pulse
find autostart
find kdedefaults
find gtk-3.0
find gtk-4.0
find dconf
find xsettingsd
find kde.org
find /config/.local
find bin
find share
find kactivitymanagerd
find resources
find test-backup
find working-backup
find baloo
sleep /etc/ld.so.cache
sleep /lib/x86_64-linux-gnu/libc.so.6
sleep /usr/lib/locale/locale-archive
sleep /usr/share/locale/locale.alias
sleep /usr/share/locale/en_US/LC_MESSAGES/coreutils.mo
sleep /usr/share/locale/en/LC_MESSAGES/coreutils.mo
sleep /usr/share/locale-langpack/en_US/LC_MESSAGES/coreutils.mo
sleep /usr/share/locale-langpack/en/LC_MESSAGES/coreutils.mo
xclip /etc/ld.so.cache
xclip /lib/x86_64-linux-gnu/libXmu.so.6
xclip /lib/x86_64-linux-gnu/libX11.so.6
xclip /lib/x86_64-linux-gnu/libc.so.6
xclip /lib/x86_64-linux-gnu/libXt.so.6
xclip /lib/x86_64-linux-gnu/libXext.so.6
xclip /lib/x86_64-linux-gnu/libxcb.so.1
xclip /lib/x86_64-linux-gnu/libSM.so.6
xclip /lib/x86_64-linux-gnu/libICE.so.6
xclip /lib/x86_64-linux-gnu/libXau.so.6
xclip /lib/x86_64-linux-gnu/libXdmcp.so.6
xclip /lib/x86_64-linux-gnu/libuuid.so.1
xclip /lib/x86_64-linux-gnu/libbsd.so.0
xclip /lib/x86_64-linux-gnu/libmd.so.0
xclip /usr/share/X11/locale/locale.alias
xclip /usr/share/X11/locale/locale.dir
xclip /usr/share/X11/locale/C/XLC_LOCALE
xclip /usr/share/X11/locale/locale.alias
xclip /usr/share/X11/locale/locale.dir
xclip /usr/share/X11/locale/C/XLC_LOCALE
Xvfb /proc/1132/cmdline
bash /dev/null
find /etc/ld.so.cache
find /lib/x86_64-linux-gnu/libselinux.so.1
find /lib/x86_64-linux-gnu/libc.so.6
find /lib/x86_64-linux-gnu/libpcre2-8.so.0
find /proc/filesystems
find .
find /usr/lib/locale/locale-archive
find /usr/lib/x86_64-linux-gnu/gconv/gconv-modules.cache
find /config/.cache
find mesa_shader_cache
find db
find 0c
find 5e
find 8a
find 59
find dd
find 3d
find 35
find 8d
find 9a
find 80
find 33
find ea
find e1
find 3e
find 6a
find b5
find bc
find e8
find b8
find ef
find b9
find 7e
find 6e
find a2
find 71
find b7
find 8e
find 1a
find 20
find c9
find 26
find 4a
find bd
find 62
find 21
find 2d
find 56
find ksplash
find qmlcache
find qtshadercache-x86_64-little_endian-lp64
find plasmashell
find qmlcache
find /config/.config
find openbox
find vlc
find pulse
find autostart
find kdedefaults
find gtk-3.0
find gtk-4.0
find dconf
find xsettingsd
find kde.org
find /config/.local
find bin
find share
find kactivitymanagerd
find resources
find test-backup
find working-backup
find baloo
sleep /etc/ld.so.cache
sleep /lib/x86_64-linux-gnu/libc.so.6
sleep /usr/lib/locale/locale-archive
sleep /usr/share/locale/locale.alias
sleep /usr/share/locale/en_US/LC_MESSAGES/coreutils.mo
sleep /usr/share/locale/en/LC_MESSAGES/coreutils.mo
sleep /usr/share/locale-langpack/en_US/LC_MESSAGES/coreutils.mo
sleep /usr/share/locale-langpack/en/LC_MESSAGES/coreutils.mo
bash /dev/null
find /etc/ld.so.cache
find /lib/x86_64-linux-gnu/libselinux.so.1
find /lib/x86_64-linux-gnu/libc.so.6
find /lib/x86_64-linux-gnu/libpcre2-8.so.0
find /proc/filesystems
find .
find /usr/lib/locale/locale-archive
find /usr/lib/x86_64-linux-gnu/gconv/gconv-modules.cache
find /config/.cache
find mesa_shader_cache
find db
find 0c
find 5e
find 8a
find 59
find dd
find 3d
find 35
find 8d
find 9a
find 80
find 33
find ea
find e1
find 3e
find 6a
find b5
find bc
find e8
find b8
find ef
find b9
find 7e
find 6e
find a2
find 71
find b7
find 8e
find 1a
find 20
find c9
find 26
find 4a
find bd
find 62
find 21
find 2d
find 56
find ksplash
find qmlcache
find qtshadercache-x86_64-little_endian-lp64
find plasmashell
find qmlcache
find /config/.config
find openbox
find vlc
find pulse
find autostart
find kdedefaults
find gtk-3.0
find gtk-4.0
find dconf
find xsettingsd
find kde.org
find /config/.local
find bin
find share
find kactivitymanagerd
find resources
find test-backup
find working-backup
find baloo
sleep /etc/ld.so.cache
sleep /lib/x86_64-linux-gnu/libc.so.6
sleep /usr/lib/locale/locale-archive
sleep /usr/share/locale/locale.alias
sleep /usr/share/locale/en_US/LC_MESSAGES/coreutils.mo
sleep /usr/share/locale/en/LC_MESSAGES/coreutils.mo
sleep /usr/share/locale-langpack/en_US/LC_MESSAGES/coreutils.mo
sleep /usr/share/locale-langpack/en/LC_MESSAGES/coreutils.mo
bash /dev/null
find /etc/ld.so.cache
find /lib/x86_64-linux-gnu/libselinux.so.1
find /lib/x86_64-linux-gnu/libc.so.6
find /lib/x86_64-linux-gnu/libpcre2-8.so.0
find /proc/filesystems
find .
find /usr/lib/locale/locale-archive
find /usr/lib/x86_64-linux-gnu/gconv/gconv-modules.cache
find /config/.cache
find mesa_shader_cache
find db
find 0c
find 5e
find 8a
find 59
find dd
find 3d
find 35
find 8d
find 9a
find 80
find 33
find ea
find e1
find 3e
find 6a
find b5
find bc
find e8
find b8
find ef
find b9
find 7e
find 6e
find a2
find 71
find b7
find 8e
find 1a
find 20
find c9
find 26
find 4a
find bd
find 62
find 21
find 2d
find 56
find ksplash
find qmlcache
find qtshadercache-x86_64-little_endian-lp64
find plasmashell
find qmlcache
find /config/.config
find openbox
find vlc
find pulse
find autostart
find kdedefaults
find gtk-3.0
find gtk-4.0
find dconf
find xsettingsd
find kde.org
find /config/.local
find bin
find share
find kactivitymanagerd
find resources
find test-backup
find working-backup
find baloo
sleep /etc/ld.so.cache
sleep /lib/x86_64-linux-gnu/libc.so.6
sleep /usr/lib/locale/locale-archive
sleep /usr/share/locale/locale.alias
sleep /usr/share/locale/en_US/LC_MESSAGES/coreutils.mo
sleep /usr/share/locale/en/LC_MESSAGES/coreutils.mo
sleep /usr/share/locale-langpack/en_US/LC_MESSAGES/coreutils.mo
sleep /usr/share/locale-langpack/en/LC_MESSAGES/coreutils.mo
bash /dev/null
find /etc/ld.so.cache
find /lib/x86_64-linux-gnu/libselinux.so.1
find /lib/x86_64-linux-gnu/libc.so.6
find /lib/x86_64-linux-gnu/libpcre2-8.so.0
find /proc/filesystems
find .
find /usr/lib/locale/locale-archive
find /usr/lib/x86_64-linux-gnu/gconv/gconv-modules.cache
find /config/.cache
find mesa_shader_cache
find db
find 0c
find 5e
find 8a
find 59
find dd
find 3d
find 35
find 8d
find 9a
find 80
find 33
find ea
find e1
find 3e
find 6a
find b5
find bc
find e8
find b8
find ef
find b9
find 7e
find 6e
find a2
find 71
find b7
find 8e
find 1a
find 20
find c9
find 26
find 4a
find bd
find 62
find 21
find 2d
find 56
find ksplash
find qmlcache
find qtshadercache-x86_64-little_endian-lp64
find plasmashell
find qmlcache
find /config/.config
find openbox
find vlc
find pulse
find autostart
find kdedefaults
find gtk-3.0
find gtk-4.0
find dconf
find xsettingsd
find kde.org
find /config/.local
find bin
find share
find kactivitymanagerd
find resources
find test-backup
find working-backup
find baloo
sleep /etc/ld.so.cache
sleep /lib/x86_64-linux-gnu/libc.so.6
sleep /usr/lib/locale/locale-archive
sleep /usr/share/locale/locale.alias
sleep /usr/share/locale/en_US/LC_MESSAGES/coreutils.mo
sleep /usr/share/locale/en/LC_MESSAGES/coreutils.mo
sleep /usr/share/locale-langpack/en_US/LC_MESSAGES/coreutils.mo
sleep /usr/share/locale-langpack/en/LC_MESSAGES/coreutils.mo
xclip /etc/ld.so.cache
xclip /lib/x86_64-linux-gnu/libXmu.so.6
xclip /lib/x86_64-linux-gnu/libX11.so.6
xclip /lib/x86_64-linux-gnu/libc.so.6
xclip /lib/x86_64-linux-gnu/libXt.so.6
xclip /lib/x86_64-linux-gnu/libXext.so.6
xclip /lib/x86_64-linux-gnu/libxcb.so.1
xclip /lib/x86_64-linux-gnu/libSM.so.6
xclip /lib/x86_64-linux-gnu/libICE.so.6
xclip /lib/x86_64-linux-gnu/libXau.so.6
xclip /lib/x86_64-linux-gnu/libXdmcp.so.6
xclip /lib/x86_64-linux-gnu/libuuid.so.1
xclip /lib/x86_64-linux-gnu/libbsd.so.0
xclip /lib/x86_64-linux-gnu/libmd.so.0
xclip /usr/share/X11/locale/locale.alias
xclip /usr/share/X11/locale/locale.dir
xclip /usr/share/X11/locale/C/XLC_LOCALE
xclip /usr/share/X11/locale/locale.alias
xclip /usr/share/X11/locale/locale.dir
xclip /usr/share/X11/locale/C/XLC_LOCALE
Xvfb /proc/1141/cmdline
bash /dev/null
find /etc/ld.so.cache
find /lib/x86_64-linux-gnu/libselinux.so.1
find /lib/x86_64-linux-gnu/libc.so.6
find /lib/x86_64-linux-gnu/libpcre2-8.so.0
find /proc/filesystems
find .
find /usr/lib/locale/locale-archive
find /usr/lib/x86_64-linux-gnu/gconv/gconv-modules.cache
find /config/.cache
find mesa_shader_cache
find db
find 0c
find 5e
find 8a
find 59
find dd
find 3d
find 35
find 8d
find 9a
find 80
find 33
find ea
find e1
find 3e
find 6a
find b5
find bc
find e8
find b8
find ef
find b9
find 7e
find 6e
find a2
find 71
find b7
find 8e
find 1a
find 20
find c9
find 26
find 4a
find bd
find 62
find 21
find 2d
find 56
find ksplash
find qmlcache
find qtshadercache-x86_64-little_endian-lp64
find plasmashell
find qmlcache
find /config/.config
find openbox
find vlc
find pulse
find autostart
find kdedefaults
find gtk-3.0
find gtk-4.0
find dconf
find xsettingsd
find kde.org
find /config/.local
find bin
find share
find kactivitymanagerd
find resources
find test-backup
find working-backup
find baloo
sleep /etc/ld.so.cache
sleep /lib/x86_64-linux-gnu/libc.so.6
sleep /usr/lib/locale/locale-archive
sleep /usr/share/locale/locale.alias
sleep /usr/share/locale/en_US/LC_MESSAGES/coreutils.mo
sleep /usr/share/locale/en/LC_MESSAGES/coreutils.mo
sleep /usr/share/locale-langpack/en_US/LC_MESSAGES/coreutils.mo
sleep /usr/share/locale-langpack/en/LC_MESSAGES/coreutils.mo
bash /dev/null
find /etc/ld.so.cache
find /lib/x86_64-linux-gnu/libselinux.so.1
find /lib/x86_64-linux-gnu/libc.so.6
find /lib/x86_64-linux-gnu/libpcre2-8.so.0
find /proc/filesystems
find .
find /usr/lib/locale/locale-archive
find /usr/lib/x86_64-linux-gnu/gconv/gconv-modules.cache
find /config/.cache
find mesa_shader_cache
find db
find 0c
find 5e
find 8a
find 59
find dd
find 3d
find 35
find 8d
find 9a
find 80
find 33
find ea
find e1
find 3e
find 6a
find b5
find bc
find e8
find b8
find ef
find b9
find 7e
find 6e
find a2
find 71
find b7
find 8e
find 1a
find 20
find c9
find 26
find 4a
find bd
find 62
find 21
find 2d
find 56
find ksplash
find qmlcache
find qtshadercache-x86_64-little_endian-lp64
find plasmashell
find qmlcache
find /config/.config
find openbox
find vlc
find pulse
find autostart
find kdedefaults
find gtk-3.0
find gtk-4.0
find dconf
find xsettingsd
find kde.org
find /config/.local
find bin
find share
find kactivitymanagerd
find resources
find test-backup
find working-backup
find baloo
sleep /etc/ld.so.cache
sleep /lib/x86_64-linux-gnu/libc.so.6
sleep /usr/lib/locale/locale-archive
sleep /usr/share/locale/locale.alias
sleep /usr/share/locale/en_US/LC_MESSAGES/coreutils.mo
sleep /usr/share/locale/en/LC_MESSAGES/coreutils.mo
sleep /usr/share/locale-langpack/en_US/LC_MESSAGES/coreutils.mo
sleep /usr/share/locale-langpack/en/LC_MESSAGES/coreutils.mo
bash /dev/null
find /etc/ld.so.cache
find /lib/x86_64-linux-gnu/libselinux.so.1
find /lib/x86_64-linux-gnu/libc.so.6
find /lib/x86_64-linux-gnu/libpcre2-8.so.0
find /proc/filesystems
find .
find /usr/lib/locale/locale-archive
find /usr/lib/x86_64-linux-gnu/gconv/gconv-modules.cache
find /config/.cache
find mesa_shader_cache
find db
find 0c
find 5e
find 8a
find 59
find dd
find 3d
find 35
find 8d
find 9a
find 80
find 33
find ea
find e1
find 3e
find 6a
find b5
find bc
find e8
find b8
find ef
find b9
find 7e
find 6e
find a2
find 71
find b7
find 8e
find 1a
find 20
find c9
find 26
find 4a
find bd
find 62
find 21
find 2d
find 56
find ksplash
find qmlcache
find qtshadercache-x86_64-little_endian-lp64
find plasmashell
find qmlcache
find /config/.config
find openbox
find vlc
find pulse
find autostart
find kdedefaults
find gtk-3.0
find gtk-4.0
find dconf
find xsettingsd
find kde.org
find /config/.local
find bin
find share
find kactivitymanagerd
find resources
find test-backup
find working-backup
find baloo
sleep /etc/ld.so.cache
sleep /lib/x86_64-linux-gnu/libc.so.6
sleep /usr/lib/locale/locale-archive
sleep /usr/share/locale/locale.alias
sleep /usr/share/locale/en_US/LC_MESSAGES/coreutils.mo
sleep /usr/share/locale/en/LC_MESSAGES/coreutils.mo
sleep /usr/share/locale-langpack/en_US/LC_MESSAGES/coreutils.mo
sleep /usr/share/locale-langpack/en/LC_MESSAGES/coreutils.mo
bash /dev/null
find /etc/ld.so.cache
find /lib/x86_64-linux-gnu/libselinux.so.1
find /lib/x86_64-linux-gnu/libc.so.6
find /lib/x86_64-linux-gnu/libpcre2-8.so.0
find /proc/filesystems
find .
find /usr/lib/locale/locale-archive
find /usr/lib/x86_64-linux-gnu/gconv/gconv-modules.cache
find /config/.cache
find mesa_shader_cache
find db
find 0c
find 5e
find 8a
find 59
find dd
find 3d
find 35
find 8d
find 9a
find 80
find 33
find ea
find e1
find 3e
find 6a
find b5
find bc
find e8
find b8
find ef
find b9
find 7e
find 6e
find a2
find 71
find b7
find 8e
find 1a
find 20
find c9
find 26
find 4a
find bd
find 62
find 21
find 2d
find 56
find ksplash
find qmlcache
find qtshadercache-x86_64-little_endian-lp64
find plasmashell
find qmlcache
find /config/.config
find openbox
find vlc
find pulse
find autostart
find kdedefaults
find gtk-3.0
find gtk-4.0
find dconf
find xsettingsd
find kde.org
find /config/.local
find bin
find share
find kactivitymanagerd
find resources
find test-backup
find working-backup
find baloo
sleep /etc/ld.so.cache
sleep /lib/x86_64-linux-gnu/libc.so.6
sleep /usr/lib/locale/locale-archive
sleep /usr/share/locale/locale.alias
sleep /usr/share/locale/en_US/LC_MESSAGES/coreutils.mo
sleep /usr/share/locale/en/LC_MESSAGES/coreutils.mo
sleep /usr/share/locale-langpack/en_US/LC_MESSAGES/coreutils.mo
sleep /usr/share/locale-langpack/en/LC_MESSAGES/coreutils.mo
xclip /etc/ld.so.cache
xclip /lib/x86_64-linux-gnu/libXmu.so.6
xclip /lib/x86_64-linux-gnu/libX11.so.6
xclip /lib/x86_64-linux-gnu/libc.so.6
xclip /lib/x86_64-linux-gnu/libXt.so.6
xclip /lib/x86_64-linux-gnu/libXext.so.6
xclip /lib/x86_64-linux-gnu/libxcb.so.1
xclip /lib/x86_64-linux-gnu/libSM.so.6
xclip /lib/x86_64-linux-gnu/libICE.so.6
xclip /lib/x86_64-linux-gnu/libXau.so.6
xclip /lib/x86_64-linux-gnu/libXdmcp.so.6
xclip /lib/x86_64-linux-gnu/libuuid.so.1
xclip /lib/x86_64-linux-gnu/libbsd.so.0
xclip /lib/x86_64-linux-gnu/libmd.so.0
xclip /usr/share/X11/locale/locale.alias
xclip /usr/share/X11/locale/locale.dir
xclip /usr/share/X11/locale/C/XLC_LOCALE
xclip /usr/share/X11/locale/locale.alias
xclip /usr/share/X11/locale/locale.dir
xclip /usr/share/X11/locale/C/XLC_LOCALE
Xvfb /proc/1150/cmdline
bash /dev/null
find /etc/ld.so.cache
find /lib/x86_64-linux-gnu/libselinux.so.1
find /lib/x86_64-linux-gnu/libc.so.6
find /lib/x86_64-linux-gnu/libpcre2-8.so.0
find /proc/filesystems
find .
find /usr/lib/locale/locale-archive
find /usr/lib/x86_64-linux-gnu/gconv/gconv-modules.cache
find /config/.cache
find mesa_shader_cache
find db
find 0c
find 5e
find 8a
find 59
find dd
find 3d
find 35
find 8d
find 9a
find 80
find 33
find ea
find e1
find 3e
find 6a
find b5
find bc
find e8
find b8
find ef
find b9
find 7e
find 6e
find a2
find 71
find b7
find 8e
find 1a
find 20
find c9
find 26
find 4a
find bd
find 62
find 21
find 2d
find 56
find ksplash
find qmlcache
find qtshadercache-x86_64-little_endian-lp64
find plasmashell
find qmlcache
find /config/.config
find openbox
find vlc
find pulse
find autostart
find kdedefaults
find gtk-3.0
find gtk-4.0
find dconf
find xsettingsd
find kde.org
find /config/.local
find bin
find share
find kactivitymanagerd
find resources
find test-backup
find working-backup
find baloo
sleep /etc/ld.so.cache
sleep /lib/x86_64-linux-gnu/libc.so.6
sleep /usr/lib/locale/locale-archive
sleep /usr/share/locale/locale.alias
sleep /usr/share/locale/en_US/LC_MESSAGES/coreutils.mo
sleep /usr/share/locale/en/LC_MESSAGES/coreutils.mo
sleep /usr/share/locale-langpack/en_US/LC_MESSAGES/coreutils.mo
sleep /usr/share/locale-langpack/en/LC_MESSAGES/coreutils.mo
bash /dev/null
find /etc/ld.so.cache
find /lib/x86_64-linux-gnu/libselinux.so.1
find /lib/x86_64-linux-gnu/libc.so.6
find /lib/x86_64-linux-gnu/libpcre2-8.so.0
find /proc/filesystems
find .
find /usr/lib/locale/locale-archive
find /usr/lib/x86_64-linux-gnu/gconv/gconv-modules.cache
find /config/.cache
find mesa_shader_cache
find db
find 0c
find 5e
find 8a
find 59
find dd
find 3d
find 35
find 8d
find 9a
find 80
find 33
find ea
find e1
find 3e
find 6a
find b5
find bc
find e8
find b8
find ef
find b9
find 7e
find 6e
find a2
find 71
find b7
find 8e
find 1a
find 20
find c9
find 26
find 4a
find bd
find 62
find 21
find 2d
find 56
find ksplash
find qmlcache
find qtshadercache-x86_64-little_endian-lp64
find plasmashell
find qmlcache
find /config/.config
find openbox
find vlc
find pulse
find autostart
find kdedefaults
find gtk-3.0
find gtk-4.0
find dconf
find xsettingsd
find kde.org
find /config/.local
find bin
find share
find kactivitymanagerd
find resources
find test-backup
find working-backup
find baloo
sleep /etc/ld.so.cache
sleep /lib/x86_64-linux-gnu/libc.so.6
sleep /usr/lib/locale/locale-archive
sleep /usr/share/locale/locale.alias
sleep /usr/share/locale/en_US/LC_MESSAGES/coreutils.mo
sleep /usr/share/locale/en/LC_MESSAGES/coreutils.mo
sleep /usr/share/locale-langpack/en_US/LC_MESSAGES/coreutils.mo
sleep /usr/share/locale-langpack/en/LC_MESSAGES/coreutils.mo
bash /dev/null
find /etc/ld.so.cache
find /lib/x86_64-linux-gnu/libselinux.so.1
find /lib/x86_64-linux-gnu/libc.so.6
find /lib/x86_64-linux-gnu/libpcre2-8.so.0
find /proc/filesystems
find .
find /usr/lib/locale/locale-archive
find /usr/lib/x86_64-linux-gnu/gconv/gconv-modules.cache
find /config/.cache
find mesa_shader_cache
find db
find 0c
find 5e
find 8a
find 59
find dd
find 3d
find 35
find 8d
find 9a
find 80
find 33
find ea
find e1
find 3e
find 6a
find b5
find bc
find e8
find b8
find ef
find b9
find 7e
find 6e
find a2
find 71
find b7
find 8e
find 1a
find 20
find c9
find 26
find 4a
find bd
find 62
find 21
find 2d
find 56
find ksplash
find qmlcache
find qtshadercache-x86_64-little_endian-lp64
find plasmashell
find qmlcache
find /config/.config
find openbox
find vlc
find pulse
find autostart
find kdedefaults
find gtk-3.0
find gtk-4.0
find dconf
find xsettingsd
find kde.org
find /config/.local
find bin
find share
find kactivitymanagerd
find resources
find test-backup
find working-backup
find baloo
sleep /etc/ld.so.cache
sleep /lib/x86_64-linux-gnu/libc.so.6
sleep /usr/lib/locale/locale-archive
sleep /usr/share/locale/locale.alias
sleep /usr/share/locale/en_US/LC_MESSAGES/coreutils.mo
sleep /usr/share/locale/en/LC_MESSAGES/coreutils.mo
sleep /usr/share/locale-langpack/en_US/LC_MESSAGES/coreutils.mo
sleep /usr/share/locale-langpack/en/LC_MESSAGES/coreutils.mo
bash /dev/null
find /etc/ld.so.cache
find /lib/x86_64-linux-gnu/libselinux.so.1
find /lib/x86_64-linux-gnu/libc.so.6
find /lib/x86_64-linux-gnu/libpcre2-8.so.0
find /proc/filesystems
find .
find /usr/lib/locale/locale-archive
find /usr/lib/x86_64-linux-gnu/gconv/gconv-modules.cache
find /config/.cache
find mesa_shader_cache
find db
find 0c
find 5e
find 8a
find 59
find dd
find 3d
find 35
find 8d
find 9a
find 80
find 33
find ea
find e1
find 3e
find 6a
find b5
find bc
find e8
find b8
find ef
find b9
find 7e
find 6e
find a2
find 71
find b7
find 8e
find 1a
find 20
find c9
find 26
find 4a
find bd
find 62
find 21
find 2d
find 56
find ksplash
find qmlcache
find qtshadercache-x86_64-little_endian-lp64
find plasmashell
find qmlcache
find /config/.config
find openbox
find vlc
find pulse
find autostart
find kdedefaults
find gtk-3.0
find gtk-4.0
find dconf
find xsettingsd
find kde.org
find /config/.local
find bin
find share
find kactivitymanagerd
find resources
find test-backup
find working-backup
find baloo
sleep /etc/ld.so.cache
sleep /lib/x86_64-linux-gnu/libc.so.6
sleep /usr/lib/locale/locale-archive
sleep /usr/share/locale/locale.alias
sleep /usr/share/locale/en_US/LC_MESSAGES/coreutils.mo
sleep /usr/share/locale/en/LC_MESSAGES/coreutils.mo
sleep /usr/share/locale-langpack/en_US/LC_MESSAGES/coreutils.mo
sleep /usr/share/locale-langpack/en/LC_MESSAGES/coreutils.mo
xclip /etc/ld.so.cache
xclip /lib/x86_64-linux-gnu/libXmu.so.6
xclip /lib/x86_64-linux-gnu/libX11.so.6
xclip /lib/x86_64-linux-gnu/libc.so.6
xclip /lib/x86_64-linux-gnu/libXt.so.6
xclip /lib/x86_64-linux-gnu/libXext.so.6
xclip /lib/x86_64-linux-gnu/libxcb.so.1
xclip /lib/x86_64-linux-gnu/libSM.so.6
xclip /lib/x86_64-linux-gnu/libICE.so.6
xclip /lib/x86_64-linux-gnu/libXau.so.6
xclip /lib/x86_64-linux-gnu/libXdmcp.so.6
xclip /lib/x86_64-linux-gnu/libuuid.so.1
xclip /lib/x86_64-linux-gnu/libbsd.so.0
xclip /lib/x86_64-linux-gnu/libmd.so.0
xclip /usr/share/X11/locale/locale.alias
xclip /usr/share/X11/locale/locale.dir
xclip /usr/share/X11/locale/C/XLC_LOCALE
xclip /usr/share/X11/locale/locale.alias
xclip /usr/share/X11/locale/locale.dir
xclip /usr/share/X11/locale/C/XLC_LOCALE
Xvfb /proc/1159/cmdline
bash /dev/null
find /etc/ld.so.cache
find /lib/x86_64-linux-gnu/libselinux.so.1
find /lib/x86_64-linux-gnu/libc.so.6
find /lib/x86_64-linux-gnu/libpcre2-8.so.0
find /proc/filesystems
find .
find /usr/lib/locale/locale-archive
find /usr/lib/x86_64-linux-gnu/gconv/gconv-modules.cache
find /config/.cache
find mesa_shader_cache
find db
find 0c
find 5e
find 8a
find 59
find dd
find 3d
find 35
find 8d
find 9a
find 80
find 33
find ea
find e1
find 3e
find 6a
find b5
find bc
find e8
find b8
find ef
find b9
find 7e
find 6e
find a2
find 71
find b7
find 8e
find 1a
find 20
find c9
find 26
find 4a
find bd
find 62
find 21
find 2d
find 56
find ksplash
find qmlcache
find qtshadercache-x86_64-little_endian-lp64
find plasmashell
find qmlcache
find /config/.config
find openbox
find vlc
find pulse
find autostart
find kdedefaults
find gtk-3.0
find gtk-4.0
find dconf
find xsettingsd
find kde.org
find /config/.local
find bin
find share
find kactivitymanagerd
find resources
find test-backup
find working-backup
find baloo
sleep /etc/ld.so.cache
sleep /lib/x86_64-linux-gnu/libc.so.6
sleep /usr/lib/locale/locale-archive
sleep /usr/share/locale/locale.alias
sleep /usr/share/locale/en_US/LC_MESSAGES/coreutils.mo
sleep /usr/share/locale/en/LC_MESSAGES/coreutils.mo
sleep /usr/share/locale-langpack/en_US/LC_MESSAGES/coreutils.mo
sleep /usr/share/locale-langpack/en/LC_MESSAGES/coreutils.mo
bash /dev/null
find /etc/ld.so.cache
find /lib/x86_64-linux-gnu/libselinux.so.1
find /lib/x86_64-linux-gnu/libc.so.6
find /lib/x86_64-linux-gnu/libpcre2-8.so.0
find /proc/filesystems
find .
find /usr/lib/locale/locale-archive
find /usr/lib/x86_64-linux-gnu/gconv/gconv-modules.cache
find /config/.cache
find mesa_shader_cache
find db
find 0c
find 5e
find 8a
find 59
find dd
find 3d
find 35
find 8d
find 9a
find 80
find 33
find ea
find e1
find 3e
find 6a
find b5
find bc
find e8
find b8
find ef
find b9
find 7e
find 6e
find a2
find 71
find b7
find 8e
find 1a
find 20
find c9
find 26
find 4a
find bd
find 62
find 21
find 2d
find 56
find ksplash
find qmlcache
find qtshadercache-x86_64-little_endian-lp64
find plasmashell
find qmlcache
find /config/.config
find openbox
find vlc
find pulse
find autostart
find kdedefaults
find gtk-3.0
find gtk-4.0
find dconf
find xsettingsd
find kde.org
find /config/.local
find bin
find share
find kactivitymanagerd
find resources
find test-backup
find working-backup
find baloo
sleep /etc/ld.so.cache
sleep /lib/x86_64-linux-gnu/libc.so.6
sleep /usr/lib/locale/locale-archive
sleep /usr/share/locale/locale.alias
sleep /usr/share/locale/en_US/LC_MESSAGES/coreutils.mo
sleep /usr/share/locale/en/LC_MESSAGES/coreutils.mo
sleep /usr/share/locale-langpack/en_US/LC_MESSAGES/coreutils.mo
sleep /usr/share/locale-langpack/en/LC_MESSAGES/coreutils.mo
bash /dev/null
find /etc/ld.so.cache
find /lib/x86_64-linux-gnu/libselinux.so.1
find /lib/x86_64-linux-gnu/libc.so.6
find /lib/x86_64-linux-gnu/libpcre2-8.so.0
find /proc/filesystems
find .
find /usr/lib/locale/locale-archive
find /usr/lib/x86_64-linux-gnu/gconv/gconv-modules.cache
find /config/.cache
find mesa_shader_cache
find db
find 0c
find 5e
find 8a
find 59
find dd
find 3d
find 35
find 8d
find 9a
find 80
find 33
find ea
find e1
find 3e
find 6a
find b5
find bc
find e8
find b8
find ef
find b9
find 7e
find 6e
find a2
find 71
find b7
find 8e
find 1a
find 20
find c9
find 26
find 4a
find bd
find 62
find 21
find 2d
find 56
find ksplash
find qmlcache
find qtshadercache-x86_64-little_endian-lp64
find plasmashell
find qmlcache
find /config/.config
find openbox
find vlc
find pulse
find autostart
find kdedefaults
find gtk-3.0
find gtk-4.0
find dconf
find xsettingsd
find kde.org
find /config/.local
find bin
find share
find kactivitymanagerd
find resources
find test-backup
find working-backup
find baloo
sleep /etc/ld.so.cache
sleep /lib/x86_64-linux-gnu/libc.so.6
sleep /usr/lib/locale/locale-archive
sleep /usr/share/locale/locale.alias
sleep /usr/share/locale/en_US/LC_MESSAGES/coreutils.mo
sleep /usr/share/locale/en/LC_MESSAGES/coreutils.mo
sleep /usr/share/locale-langpack/en_US/LC_MESSAGES/coreutils.mo
sleep /usr/share/locale-langpack/en/LC_MESSAGES/coreutils.mo
bash /dev/null
find /etc/ld.so.cache
find /lib/x86_64-linux-gnu/libselinux.so.1
find /lib/x86_64-linux-gnu/libc.so.6
find /lib/x86_64-linux-gnu/libpcre2-8.so.0
find /proc/filesystems
find .
find /usr/lib/locale/locale-archive
find /usr/lib/x86_64-linux-gnu/gconv/gconv-modules.cache
find /config/.cache
find mesa_shader_cache
find db
find 0c
find 5e
find 8a
find 59
find dd
find 3d
find 35
find 8d
find 9a
find 80
find 33
find ea
find e1
find 3e
find 6a
find b5
find bc
find e8
find b8
find ef
find b9
find 7e
find 6e
find a2
find 71
find b7
find 8e
find 1a
find 20
find c9
find 26
find 4a
find bd
find 62
find 21
find 2d
find 56
find ksplash
find qmlcache
find qtshadercache-x86_64-little_endian-lp64
find plasmashell
find qmlcache
find /config/.config
find openbox
find vlc
find pulse
find autostart
find kdedefaults
find gtk-3.0
find gtk-4.0
find dconf
find xsettingsd
find kde.org
find /config/.local
find bin
find share
find kactivitymanagerd
find resources
find test-backup
find working-backup
find baloo
sleep /etc/ld.so.cache
sleep /lib/x86_64-linux-gnu/libc.so.6
sleep /usr/lib/locale/locale-archive
sleep /usr/share/locale/locale.alias
sleep /usr/share/locale/en_US/LC_MESSAGES/coreutils.mo
sleep /usr/share/locale/en/LC_MESSAGES/coreutils.mo
sleep /usr/share/locale-langpack/en_US/LC_MESSAGES/coreutils.mo
sleep /usr/share/locale-langpack/en/LC_MESSAGES/coreutils.mo
xclip /etc/ld.so.cache
xclip /lib/x86_64-linux-gnu/libXmu.so.6
xclip /lib/x86_64-linux-gnu/libX11.so.6
xclip /lib/x86_64-linux-gnu/libc.so.6
xclip /lib/x86_64-linux-gnu/libXt.so.6
xclip /lib/x86_64-linux-gnu/libXext.so.6
xclip /lib/x86_64-linux-gnu/libxcb.so.1
xclip /lib/x86_64-linux-gnu/libSM.so.6
xclip /lib/x86_64-linux-gnu/libICE.so.6
xclip /lib/x86_64-linux-gnu/libXau.so.6
xclip /lib/x86_64-linux-gnu/libXdmcp.so.6
xclip /lib/x86_64-linux-gnu/libuuid.so.1
xclip /lib/x86_64-linux-gnu/libbsd.so.0
xclip /lib/x86_64-linux-gnu/libmd.so.0
xclip /usr/share/X11/locale/locale.alias
xclip /usr/share/X11/locale/locale.dir
xclip /usr/share/X11/locale/C/XLC_LOCALE
xclip /usr/share/X11/locale/locale.alias
xclip /usr/share/X11/locale/locale.dir
xclip /usr/share/X11/locale/C/XLC_LOCALE
Xvfb /proc/1168/cmdline
bash /dev/null
find /etc/ld.so.cache
find /lib/x86_64-linux-gnu/libselinux.so.1
find /lib/x86_64-linux-gnu/libc.so.6
find /lib/x86_64-linux-gnu/libpcre2-8.so.0
find /proc/filesystems
find .
find /usr/lib/locale/locale-archive
find /usr/lib/x86_64-linux-gnu/gconv/gconv-modules.cache
find /config/.cache
find mesa_shader_cache
find db
find 0c
find 5e
find 8a
find 59
find dd
find 3d
find 35
find 8d
find 9a
find 80
find 33
find ea
find e1
find 3e
find 6a
find b5
find bc
find e8
find b8
find ef
find b9
find 7e
find 6e
find a2
find 71
find b7
find 8e
find 1a
find 20
find c9
find 26
find 4a
find bd
find 62
find 21
find 2d
find 56
find ksplash
find qmlcache
find qtshadercache-x86_64-little_endian-lp64
find plasmashell
find qmlcache
find /config/.config
find openbox
find vlc
find pulse
find autostart
find kdedefaults
find gtk-3.0
find gtk-4.0
find dconf
find xsettingsd
find kde.org
find /config/.local
find bin
find share
find kactivitymanagerd
find resources
find test-backup
find working-backup
find baloo
sleep /etc/ld.so.cache
sleep /lib/x86_64-linux-gnu/libc.so.6
sleep /usr/lib/locale/locale-archive
sleep /usr/share/locale/locale.alias
sleep /usr/share/locale/en_US/LC_MESSAGES/coreutils.mo
sleep /usr/share/locale/en/LC_MESSAGES/coreutils.mo
sleep /usr/share/locale-langpack/en_US/LC_MESSAGES/coreutils.mo
sleep /usr/share/locale-langpack/en/LC_MESSAGES/coreutils.mo
bash /dev/null
find /etc/ld.so.cache
find /lib/x86_64-linux-gnu/libselinux.so.1
find /lib/x86_64-linux-gnu/libc.so.6
find /lib/x86_64-linux-gnu/libpcre2-8.so.0
find /proc/filesystems
find .
find /usr/lib/locale/locale-archive
find /usr/lib/x86_64-linux-gnu/gconv/gconv-modules.cache
find /config/.cache
find mesa_shader_cache
find db
find 0c
find 5e
find 8a
find 59
find dd
find 3d
find 35
find 8d
find 9a
find 80
find 33
find ea
find e1
find 3e
find 6a
find b5
find bc
find e8
find b8
find ef
find b9
find 7e
find 6e
find a2
find 71
find b7
find 8e
find 1a
find 20
find c9
find 26
find 4a
find bd
find 62
find 21
find 2d
find 56
find ksplash
find qmlcache
find qtshadercache-x86_64-little_endian-lp64
find plasmashell
find qmlcache
find /config/.config
find openbox
find vlc
find pulse
find autostart
find kdedefaults
find gtk-3.0
find gtk-4.0
find dconf
find xsettingsd
find kde.org
find /config/.local
find bin
find share
find kactivitymanagerd
find resources
find test-backup
find working-backup
find baloo
sleep /etc/ld.so.cache
sleep /lib/x86_64-linux-gnu/libc.so.6
sleep /usr/lib/locale/locale-archive
sleep /usr/share/locale/locale.alias
sleep /usr/share/locale/en_US/LC_MESSAGES/coreutils.mo
sleep /usr/share/locale/en/LC_MESSAGES/coreutils.mo
sleep /usr/share/locale-langpack/en_US/LC_MESSAGES/coreutils.mo
sleep /usr/share/locale-langpack/en/LC_MESSAGES/coreutils.mo
bash /dev/null
find /etc/ld.so.cache
find /lib/x86_64-linux-gnu/libselinux.so.1
find /lib/x86_64-linux-gnu/libc.so.6
find /lib/x86_64-linux-gnu/libpcre2-8.so.0
find /proc/filesystems
find .
find /usr/lib/locale/locale-archive
find /usr/lib/x86_64-linux-gnu/gconv/gconv-modules.cache
find /config/.cache
find mesa_shader_cache
find db
find 0c
find 5e
find 8a
find 59
find dd
find 3d
find 35
find 8d
find 9a
find 80
find 33
find ea
find e1
find 3e
find 6a
find b5
find bc
find e8
find b8
find ef
find b9
find 7e
find 6e
find a2
find 71
find b7
find 8e
find 1a
find 20
find c9
find 26
find 4a
find bd
find 62
find 21
find 2d
find 56
find ksplash
find qmlcache
find qtshadercache-x86_64-little_endian-lp64
find plasmashell
find qmlcache
find /config/.config
find openbox
find vlc
find pulse
find autostart
find kdedefaults
find gtk-3.0
find gtk-4.0
find dconf
find xsettingsd
find kde.org
find /config/.local
find bin
find share
find kactivitymanagerd
find resources
find test-backup
find working-backup
find baloo
sleep /etc/ld.so.cache
sleep /lib/x86_64-linux-gnu/libc.so.6
sleep /usr/lib/locale/locale-archive
sleep /usr/share/locale/locale.alias
sleep /usr/share/locale/en_US/LC_MESSAGES/coreutils.mo
sleep /usr/share/locale/en/LC_MESSAGES/coreutils.mo
sleep /usr/share/locale-langpack/en_US/LC_MESSAGES/coreutils.mo
sleep /usr/share/locale-langpack/en/LC_MESSAGES/coreutils.mo
bash /dev/null
find /etc/ld.so.cache
find /lib/x86_64-linux-gnu/libselinux.so.1
find /lib/x86_64-linux-gnu/libc.so.6
find /lib/x86_64-linux-gnu/libpcre2-8.so.0
find /proc/filesystems
find .
find /usr/lib/locale/locale-archive
find /usr/lib/x86_64-linux-gnu/gconv/gconv-modules.cache
find /config/.cache
find mesa_shader_cache
find db
find 0c
find 5e
find 8a
find 59
find dd
find 3d
find 35
find 8d
find 9a
find 80
find 33
find ea
find e1
find 3e
find 6a
find b5
find bc
find e8
find b8
find ef
find b9
find 7e
find 6e
find a2
find 71
find b7
find 8e
find 1a
find 20
find c9
find 26
find 4a
find bd
find 62
find 21
find 2d
find 56
find ksplash
find qmlcache
find qtshadercache-x86_64-little_endian-lp64
find plasmashell
find qmlcache
find /config/.config
find openbox
find vlc
find pulse
find autostart
find kdedefaults
find gtk-3.0
find gtk-4.0
find dconf
find xsettingsd
find kde.org
find /config/.local
find bin
find share
find kactivitymanagerd
find resources
find test-backup
find working-backup
find baloo
sleep /etc/ld.so.cache
sleep /lib/x86_64-linux-gnu/libc.so.6
sleep /usr/lib/locale/locale-archive
sleep /usr/share/locale/locale.alias
sleep /usr/share/locale/en_US/LC_MESSAGES/coreutils.mo
sleep /usr/share/locale/en/LC_MESSAGES/coreutils.mo
sleep /usr/share/locale-langpack/en_US/LC_MESSAGES/coreutils.mo
sleep /usr/share/locale-langpack/en/LC_MESSAGES/coreutils.mo
xclip /etc/ld.so.cache
xclip /lib/x86_64-linux-gnu/libXmu.so.6
xclip /lib/x86_64-linux-gnu/libX11.so.6
xclip /lib/x86_64-linux-gnu/libc.so.6
xclip /lib/x86_64-linux-gnu/libXt.so.6
xclip /lib/x86_64-linux-gnu/libXext.so.6
xclip /lib/x86_64-linux-gnu/libxcb.so.1
xclip /lib/x86_64-linux-gnu/libSM.so.6
xclip /lib/x86_64-linux-gnu/libICE.so.6
xclip /lib/x86_64-linux-gnu/libXau.so.6
xclip /lib/x86_64-linux-gnu/libXdmcp.so.6
xclip /lib/x86_64-linux-gnu/libuuid.so.1
xclip /lib/x86_64-linux-gnu/libbsd.so.0
xclip /lib/x86_64-linux-gnu/libmd.so.0
xclip /usr/share/X11/locale/locale.alias
xclip /usr/share/X11/locale/locale.dir
xclip /usr/share/X11/locale/C/XLC_LOCALE
xclip /usr/share/X11/locale/locale.alias
xclip /usr/share/X11/locale/locale.dir
xclip /usr/share/X11/locale/C/XLC_LOCALE
Xvfb /proc/1177/cmdline
bash /dev/null
find /etc/ld.so.cache
find /lib/x86_64-linux-gnu/libselinux.so.1
find /lib/x86_64-linux-gnu/libc.so.6
find /lib/x86_64-linux-gnu/libpcre2-8.so.0
find /proc/filesystems
find .
find /usr/lib/locale/locale-archive
find /usr/lib/x86_64-linux-gnu/gconv/gconv-modules.cache
find /config/.cache
find mesa_shader_cache
find db
find 0c
find 5e
find 8a
find 59
find dd
find 3d
find 35
find 8d
find 9a
find 80
find 33
find ea
find e1
find 3e
find 6a
find b5
find bc
find e8
find b8
find ef
find b9
find 7e
find 6e
find a2
find 71
find b7
find 8e
find 1a
find 20
find c9
find 26
find 4a
find bd
find 62
find 21
find 2d
find 56
find ksplash
find qmlcache
find qtshadercache-x86_64-little_endian-lp64
find plasmashell
find qmlcache
find /config/.config
find openbox
find vlc
find pulse
find autostart
find kdedefaults
find gtk-3.0
find gtk-4.0
find dconf
find xsettingsd
find kde.org
find /config/.local
find bin
find share
find kactivitymanagerd
find resources
find test-backup
find working-backup
find baloo
sleep /etc/ld.so.cache
sleep /lib/x86_64-linux-gnu/libc.so.6
sleep /usr/lib/locale/locale-archive
sleep /usr/share/locale/locale.alias
sleep /usr/share/locale/en_US/LC_MESSAGES/coreutils.mo
sleep /usr/share/locale/en/LC_MESSAGES/coreutils.mo
sleep /usr/share/locale-langpack/en_US/LC_MESSAGES/coreutils.mo
sleep /usr/share/locale-langpack/en/LC_MESSAGES/coreutils.mo
bash /dev/null
find /etc/ld.so.cache
find /lib/x86_64-linux-gnu/libselinux.so.1
find /lib/x86_64-linux-gnu/libc.so.6
find /lib/x86_64-linux-gnu/libpcre2-8.so.0
find /proc/filesystems
find .
find /usr/lib/locale/locale-archive
find /usr/lib/x86_64-linux-gnu/gconv/gconv-modules.cache
find /config/.cache
find mesa_shader_cache
find db
find 0c
find 5e
find 8a
find 59
find dd
find 3d
find 35
find 8d
find 9a
find 80
find 33
find ea
find e1
find 3e
find 6a
find b5
find bc
find e8
find b8
find ef
find b9
find 7e
find 6e
find a2
find 71
find b7
find 8e
find 1a
find 20
find c9
find 26
find 4a
find bd
find 62
find 21
find 2d
find 56
find ksplash
find qmlcache
find qtshadercache-x86_64-little_endian-lp64
find plasmashell
find qmlcache
find /config/.config
find openbox
find vlc
find pulse
find autostart
find kdedefaults
find gtk-3.0
find gtk-4.0
find dconf
find xsettingsd
find kde.org
find /config/.local
find bin
find share
find kactivitymanagerd
find resources
find test-backup
find working-backup
find baloo
sleep /etc/ld.so.cache
sleep /lib/x86_64-linux-gnu/libc.so.6
sleep /usr/lib/locale/locale-archive
sleep /usr/share/locale/locale.alias
sleep /usr/share/locale/en_US/LC_MESSAGES/coreutils.mo
sleep /usr/share/locale/en/LC_MESSAGES/coreutils.mo
sleep /usr/share/locale-langpack/en_US/LC_MESSAGES/coreutils.mo
sleep /usr/share/locale-langpack/en/LC_MESSAGES/coreutils.mo
bash /dev/null
find /etc/ld.so.cache
find /lib/x86_64-linux-gnu/libselinux.so.1
find /lib/x86_64-linux-gnu/libc.so.6
find /lib/x86_64-linux-gnu/libpcre2-8.so.0
find /proc/filesystems
find .
find /usr/lib/locale/locale-archive
find /usr/lib/x86_64-linux-gnu/gconv/gconv-modules.cache
find /config/.cache
find mesa_shader_cache
find db
find 0c
find 5e
find 8a
find 59
find dd
find 3d
find 35
find 8d
find 9a
find 80
find 33
find ea
find e1
find 3e
find 6a
find b5
find bc
find e8
find b8
find ef
find b9
find 7e
find 6e
find a2
find 71
find b7
find 8e
find 1a
find 20
find c9
find 26
find 4a
find bd
find 62
find 21
find 2d
find 56
find ksplash
find qmlcache
find qtshadercache-x86_64-little_endian-lp64
find plasmashell
find qmlcache
find /config/.config
find openbox
find vlc
find pulse
find autostart
find kdedefaults
find gtk-3.0
find gtk-4.0
find dconf
find xsettingsd
find kde.org
find /config/.local
find bin
find share
find kactivitymanagerd
find resources
find test-backup
find working-backup
find baloo
sleep /etc/ld.so.cache
sleep /lib/x86_64-linux-gnu/libc.so.6
sleep /usr/lib/locale/locale-archive
sleep /usr/share/locale/locale.alias
sleep /usr/share/locale/en_US/LC_MESSAGES/coreutils.mo
sleep /usr/share/locale/en/LC_MESSAGES/coreutils.mo
sleep /usr/share/locale-langpack/en_US/LC_MESSAGES/coreutils.mo
sleep /usr/share/locale-langpack/en/LC_MESSAGES/coreutils.mo
bash /dev/null
find /etc/ld.so.cache
find /lib/x86_64-linux-gnu/libselinux.so.1
find /lib/x86_64-linux-gnu/libc.so.6
find /lib/x86_64-linux-gnu/libpcre2-8.so.0
find /proc/filesystems
find .
find /usr/lib/locale/locale-archive
find /usr/lib/x86_64-linux-gnu/gconv/gconv-modules.cache
find /config/.cache
find mesa_shader_cache
find db
find 0c
find 5e
find 8a
find 59
find dd
find 3d
find 35
find 8d
find 9a
find 80
find 33
find ea
find e1
find 3e
find 6a
find b5
find bc
find e8
find b8
find ef
find b9
find 7e
find 6e
find a2
find 71
find b7
find 8e
find 1a
find 20
find c9
find 26
find 4a
find bd
find 62
find 21
find 2d
find 56
find ksplash
find qmlcache
find qtshadercache-x86_64-little_endian-lp64
find plasmashell
find qmlcache
find /config/.config
find openbox
find vlc
find pulse
find autostart
find kdedefaults
find gtk-3.0
find gtk-4.0
find dconf
find xsettingsd
find kde.org
find /config/.local
find bin
find share
find kactivitymanagerd
find resources
find test-backup
find working-backup
find baloo
sleep /etc/ld.so.cache
sleep /lib/x86_64-linux-gnu/libc.so.6
sleep /usr/lib/locale/locale-archive
sleep /usr/share/locale/locale.alias
sleep /usr/share/locale/en_US/LC_MESSAGES/coreutils.mo
sleep /usr/share/locale/en/LC_MESSAGES/coreutils.mo
sleep /usr/share/locale-langpack/en_US/LC_MESSAGES/coreutils.mo
sleep /usr/share/locale-langpack/en/LC_MESSAGES/coreutils.mo
xclip /etc/ld.so.cache
xclip /lib/x86_64-linux-gnu/libXmu.so.6
xclip /lib/x86_64-linux-gnu/libX11.so.6
xclip /lib/x86_64-linux-gnu/libc.so.6
xclip /lib/x86_64-linux-gnu/libXt.so.6
xclip /lib/x86_64-linux-gnu/libXext.so.6
xclip /lib/x86_64-linux-gnu/libxcb.so.1
xclip /lib/x86_64-linux-gnu/libSM.so.6
xclip /lib/x86_64-linux-gnu/libICE.so.6
xclip /lib/x86_64-linux-gnu/libXau.so.6
xclip /lib/x86_64-linux-gnu/libXdmcp.so.6
xclip /lib/x86_64-linux-gnu/libuuid.so.1
xclip /lib/x86_64-linux-gnu/libbsd.so.0
xclip /lib/x86_64-linux-gnu/libmd.so.0
xclip /usr/share/X11/locale/locale.alias
xclip /usr/share/X11/locale/locale.dir
xclip /usr/share/X11/locale/C/XLC_LOCALE
xclip /usr/share/X11/locale/locale.alias
xclip /usr/share/X11/locale/locale.dir
xclip /usr/share/X11/locale/C/XLC_LOCALE
Xvfb /proc/1186/cmdline
bash /dev/null
find /etc/ld.so.cache
find /lib/x86_64-linux-gnu/libselinux.so.1
find /lib/x86_64-linux-gnu/libc.so.6
find /lib/x86_64-linux-gnu/libpcre2-8.so.0
find /proc/filesystems
find .
find /usr/lib/locale/locale-archive
find /usr/lib/x86_64-linux-gnu/gconv/gconv-modules.cache
find /config/.cache
find mesa_shader_cache
find db
find 0c
find 5e
find 8a
find 59
find dd
find 3d
find 35
find 8d
find 9a
find 80
find 33
find ea
find e1
find 3e
find 6a
find b5
find bc
find e8
find b8
find ef
find b9
find 7e
find 6e
find a2
find 71
find b7
find 8e
find 1a
find 20
find c9
find 26
find 4a
find bd
find 62
find 21
find 2d
find 56
find ksplash
find qmlcache
find qtshadercache-x86_64-little_endian-lp64
find plasmashell
find qmlcache
find /config/.config
find openbox
find vlc
find pulse
find autostart
find kdedefaults
find gtk-3.0
find gtk-4.0
find dconf
find xsettingsd
find kde.org
find /config/.local
find bin
find share
find kactivitymanagerd
find resources
find test-backup
find working-backup
find baloo
sleep /etc/ld.so.cache
sleep /lib/x86_64-linux-gnu/libc.so.6
sleep /usr/lib/locale/locale-archive
sleep /usr/share/locale/locale.alias
sleep /usr/share/locale/en_US/LC_MESSAGES/coreutils.mo
sleep /usr/share/locale/en/LC_MESSAGES/coreutils.mo
sleep /usr/share/locale-langpack/en_US/LC_MESSAGES/coreutils.mo
sleep /usr/share/locale-langpack/en/LC_MESSAGES/coreutils.mo
bash /dev/null
find /etc/ld.so.cache
find /lib/x86_64-linux-gnu/libselinux.so.1
find /lib/x86_64-linux-gnu/libc.so.6
find /lib/x86_64-linux-gnu/libpcre2-8.so.0
find /proc/filesystems
find .
find /usr/lib/locale/locale-archive
find /usr/lib/x86_64-linux-gnu/gconv/gconv-modules.cache
find /config/.cache
find mesa_shader_cache
find db
find 0c
find 5e
find 8a
find 59
find dd
find 3d
find 35
find 8d
find 9a
find 80
find 33
find ea
find e1
find 3e
find 6a
find b5
find bc
find e8
find b8
find ef
find b9
find 7e
find 6e
find a2
find 71
find b7
find 8e
find 1a
find 20
find c9
find 26
find 4a
find bd
find 62
find 21
find 2d
find 56
find ksplash
find qmlcache
find qtshadercache-x86_64-little_endian-lp64
find plasmashell
find qmlcache
find /config/.config
find openbox
find vlc
find pulse
find autostart
find kdedefaults
find gtk-3.0
find gtk-4.0
find dconf
find xsettingsd
find kde.org
find /config/.local
find bin
find share
find kactivitymanagerd
find resources
find test-backup
find working-backup
find baloo
sleep /etc/ld.so.cache
sleep /lib/x86_64-linux-gnu/libc.so.6
sleep /usr/lib/locale/locale-archive
sleep /usr/share/locale/locale.alias
sleep /usr/share/locale/en_US/LC_MESSAGES/coreutils.mo
sleep /usr/share/locale/en/LC_MESSAGES/coreutils.mo
sleep /usr/share/locale-langpack/en_US/LC_MESSAGES/coreutils.mo
sleep /usr/share/locale-langpack/en/LC_MESSAGES/coreutils.mo
bash /dev/null
find /etc/ld.so.cache
find /lib/x86_64-linux-gnu/libselinux.so.1
find /lib/x86_64-linux-gnu/libc.so.6
find /lib/x86_64-linux-gnu/libpcre2-8.so.0
find /proc/filesystems
find .
find /usr/lib/locale/locale-archive
find /usr/lib/x86_64-linux-gnu/gconv/gconv-modules.cache
find /config/.cache
find mesa_shader_cache
find db
find 0c
find 5e
find 8a
find 59
find dd
find 3d
find 35
find 8d
find 9a
find 80
find 33
find ea
find e1
find 3e
find 6a
find b5
find bc
find e8
find b8
find ef
find b9
find 7e
find 6e
find a2
find 71
find b7
find 8e
find 1a
find 20
find c9
find 26
find 4a
find bd
find 62
find 21
find 2d
find 56
find ksplash
find qmlcache
find qtshadercache-x86_64-little_endian-lp64
find plasmashell
find qmlcache
find /config/.config
find openbox
find vlc
find pulse
find autostart
find kdedefaults
find gtk-3.0
find gtk-4.0
find dconf
find xsettingsd
find kde.org
find /config/.local
find bin
find share
find kactivitymanagerd
find resources
find test-backup
find working-backup
find baloo
sleep /etc/ld.so.cache
sleep /lib/x86_64-linux-gnu/libc.so.6
sleep /usr/lib/locale/locale-archive
sleep /usr/share/locale/locale.alias
sleep /usr/share/locale/en_US/LC_MESSAGES/coreutils.mo
sleep /usr/share/locale/en/LC_MESSAGES/coreutils.mo
sleep /usr/share/locale-langpack/en_US/LC_MESSAGES/coreutils.mo
sleep /usr/share/locale-langpack/en/LC_MESSAGES/coreutils.mo
bash /dev/null
find /etc/ld.so.cache
find /lib/x86_64-linux-gnu/libselinux.so.1
find /lib/x86_64-linux-gnu/libc.so.6
find /lib/x86_64-linux-gnu/libpcre2-8.so.0
find /proc/filesystems
find .
find /usr/lib/locale/locale-archive
find /usr/lib/x86_64-linux-gnu/gconv/gconv-modules.cache
find /config/.cache
find mesa_shader_cache
find db
find 0c
find 5e
find 8a
find 59
find dd
find 3d
find 35
find 8d
find 9a
find 80
find 33
find ea
find e1
find 3e
find 6a
find b5
find bc
find e8
find b8
find ef
find b9
find 7e
find 6e
find a2
find 71
find b7
find 8e
find 1a
find 20
find c9
find 26
find 4a
find bd
find 62
find 21
find 2d
find 56
find ksplash
find qmlcache
find qtshadercache-x86_64-little_endian-lp64
find plasmashell
find qmlcache
find /config/.config
find openbox
find vlc
find pulse
find autostart
find kdedefaults
find gtk-3.0
find gtk-4.0
find dconf
find xsettingsd
find kde.org
find /config/.local
find bin
find share
find kactivitymanagerd
find resources
find test-backup
find working-backup
find baloo
sleep /etc/ld.so.cache
sleep /lib/x86_64-linux-gnu/libc.so.6
sleep /usr/lib/locale/locale-archive
sleep /usr/share/locale/locale.alias
sleep /usr/share/locale/en_US/LC_MESSAGES/coreutils.mo
sleep /usr/share/locale/en/LC_MESSAGES/coreutils.mo
sleep /usr/share/locale-langpack/en_US/LC_MESSAGES/coreutils.mo
sleep /usr/share/locale-langpack/en/LC_MESSAGES/coreutils.mo
xclip /etc/ld.so.cache
xclip /lib/x86_64-linux-gnu/libXmu.so.6
xclip /lib/x86_64-linux-gnu/libX11.so.6
xclip /lib/x86_64-linux-gnu/libc.so.6
xclip /lib/x86_64-linux-gnu/libXt.so.6
xclip /lib/x86_64-linux-gnu/libXext.so.6
xclip /lib/x86_64-linux-gnu/libxcb.so.1
xclip /lib/x86_64-linux-gnu/libSM.so.6
xclip /lib/x86_64-linux-gnu/libICE.so.6
xclip /lib/x86_64-linux-gnu/libXau.so.6
xclip /lib/x86_64-linux-gnu/libXdmcp.so.6
xclip /lib/x86_64-linux-gnu/libuuid.so.1
xclip /lib/x86_64-linux-gnu/libbsd.so.0
xclip /lib/x86_64-linux-gnu/libmd.so.0
xclip /usr/share/X11/locale/locale.alias
xclip /usr/share/X11/locale/locale.dir
xclip /usr/share/X11/locale/C/XLC_LOCALE
xclip /usr/share/X11/locale/locale.alias
xclip /usr/share/X11/locale/locale.dir
xclip /usr/share/X11/locale/C/XLC_LOCALE
Xvfb /proc/1195/cmdline
bash /dev/null
find /etc/ld.so.cache
find /lib/x86_64-linux-gnu/libselinux.so.1
find /lib/x86_64-linux-gnu/libc.so.6
find /lib/x86_64-linux-gnu/libpcre2-8.so.0
find /proc/filesystems
find .
find /usr/lib/locale/locale-archive
find /usr/lib/x86_64-linux-gnu/gconv/gconv-modules.cache
find /config/.cache
find mesa_shader_cache
find db
find 0c
find 5e
find 8a
find 59
find dd
find 3d
find 35
find 8d
find 9a
find 80
find 33
find ea
find e1
find 3e
find 6a
find b5
find bc
find e8
find b8
find ef
find b9
find 7e
find 6e
find a2
find 71
find b7
find 8e
find 1a
find 20
find c9
find 26
find 4a
find bd
find 62
find 21
find 2d
find 56
find ksplash
find qmlcache
find qtshadercache-x86_64-little_endian-lp64
find plasmashell
find qmlcache
find /config/.config
find openbox
find vlc
find pulse
find autostart
find kdedefaults
find gtk-3.0
find gtk-4.0
find dconf
find xsettingsd
find kde.org
find /config/.local
find bin
find share
find kactivitymanagerd
find resources
find test-backup
find working-backup
find baloo
sleep /etc/ld.so.cache
sleep /lib/x86_64-linux-gnu/libc.so.6
sleep /usr/lib/locale/locale-archive
sleep /usr/share/locale/locale.alias
sleep /usr/share/locale/en_US/LC_MESSAGES/coreutils.mo
sleep /usr/share/locale/en/LC_MESSAGES/coreutils.mo
sleep /usr/share/locale-langpack/en_US/LC_MESSAGES/coreutils.mo
sleep /usr/share/locale-langpack/en/LC_MESSAGES/coreutils.mo
bash /dev/null
find /etc/ld.so.cache
find /lib/x86_64-linux-gnu/libselinux.so.1
find /lib/x86_64-linux-gnu/libc.so.6
find /lib/x86_64-linux-gnu/libpcre2-8.so.0
find /proc/filesystems
find .
find /usr/lib/locale/locale-archive
find /usr/lib/x86_64-linux-gnu/gconv/gconv-modules.cache
find /config/.cache
find mesa_shader_cache
find db
find 0c
find 5e
find 8a
find 59
find dd
find 3d
find 35
find 8d
find 9a
find 80
find 33
find ea
find e1
find 3e
find 6a
find b5
find bc
find e8
find b8
find ef
find b9
find 7e
find 6e
find a2
find 71
find b7
find 8e
find 1a
find 20
find c9
find 26
find 4a
find bd
find 62
find 21
find 2d
find 56
find ksplash
find qmlcache
find qtshadercache-x86_64-little_endian-lp64
find plasmashell
find qmlcache
find /config/.config
find openbox
find vlc
find pulse
find autostart
find kdedefaults
find gtk-3.0
find gtk-4.0
find dconf
find xsettingsd
find kde.org
find /config/.local
find bin
find share
find kactivitymanagerd
find resources
find test-backup
find working-backup
find baloo
sleep /etc/ld.so.cache
sleep /lib/x86_64-linux-gnu/libc.so.6
sleep /usr/lib/locale/locale-archive
sleep /usr/share/locale/locale.alias
sleep /usr/share/locale/en_US/LC_MESSAGES/coreutils.mo
sleep /usr/share/locale/en/LC_MESSAGES/coreutils.mo
plasmashell /config/.cache/plasma-svgelements.lock
sleep /usr/share/locale-langpack/en_US/LC_MESSAGES/coreutils.mo
sleep /usr/share/locale-langpack/en/LC_MESSAGES/coreutils.mo
plasmashell /proc/sys/kernel/random/boot_id
plasmashell /var/lib/dbus/machine-id
plasmashell /config/.cache/plasma-svgelements
plasmashell /config/.cache
bash /dev/null
find /etc/ld.so.cache
find /lib/x86_64-linux-gnu/libselinux.so.1
find /lib/x86_64-linux-gnu/libc.so.6
find /lib/x86_64-linux-gnu/libpcre2-8.so.0
find /proc/filesystems
find .
find /usr/lib/locale/locale-archive
find /usr/lib/x86_64-linux-gnu/gconv/gconv-modules.cache
find /config/.cache
find mesa_shader_cache
find db
find 0c
find 5e
find 8a
find 59
find dd
find 3d
find 35
find 8d
find 9a
find 80
find 33
find ea
find e1
find 3e
find 6a
find b5
find bc
find e8
find b8
find ef
find b9
find 7e
find 6e
find a2
find 71
find b7
find 8e
find 1a
find 20
find c9
find 26
find 4a
find bd
find 62
find 21
find 2d
find 56
find ksplash
find qmlcache
find qtshadercache-x86_64-little_endian-lp64
find plasmashell
find qmlcache
find /config/.config
find openbox
find vlc
find pulse
find autostart
find kdedefaults
find gtk-3.0
find gtk-4.0
find dconf
find xsettingsd
find kde.org
find /config/.local
find bin
find share
find kactivitymanagerd
find resources
find test-backup
find working-backup
find baloo
sleep /etc/ld.so.cache
sleep /lib/x86_64-linux-gnu/libc.so.6
sleep /usr/lib/locale/locale-archive
sleep /usr/share/locale/locale.alias
sleep /usr/share/locale/en_US/LC_MESSAGES/coreutils.mo
sleep /usr/share/locale/en/LC_MESSAGES/coreutils.mo
sleep /usr/share/locale-langpack/en_US/LC_MESSAGES/coreutils.mo
sleep /usr/share/locale-langpack/en/LC_MESSAGES/coreutils.mo
bash /dev/null
find /etc/ld.so.cache
find /lib/x86_64-linux-gnu/libselinux.so.1
find /lib/x86_64-linux-gnu/libc.so.6
find /lib/x86_64-linux-gnu/libpcre2-8.so.0
find /proc/filesystems
find .
find /usr/lib/locale/locale-archive
find /usr/lib/x86_64-linux-gnu/gconv/gconv-modules.cache
find /config/.cache
find mesa_shader_cache
find db
find 0c
find 5e
find 8a
find 59
find dd
find 3d
find 35
find 8d
find 9a
find 80
find 33
find ea
find e1
find 3e
find 6a
find b5
find bc
find e8
find b8
find ef
find b9
find 7e
find 6e
find a2
find 71
find b7
find 8e
find 1a
find 20
find c9
find 26
find 4a
find bd
find 62
find 21
find 2d
find 56
find ksplash
find qmlcache
find qtshadercache-x86_64-little_endian-lp64
find plasmashell
find qmlcache
find /config/.config
find openbox
find vlc
find pulse
find autostart
find kdedefaults
find gtk-3.0
find gtk-4.0
find dconf
find xsettingsd
find kde.org
find /config/.local
find bin
find share
find kactivitymanagerd
find resources
find test-backup
find working-backup
find baloo
sleep /etc/ld.so.cache
sleep /lib/x86_64-linux-gnu/libc.so.6
sleep /usr/lib/locale/locale-archive
sleep /usr/share/locale/locale.alias
sleep /usr/share/locale/en_US/LC_MESSAGES/coreutils.mo
sleep /usr/share/locale/en/LC_MESSAGES/coreutils.mo
sleep /usr/share/locale-langpack/en_US/LC_MESSAGES/coreutils.mo
sleep /usr/share/locale-langpack/en/LC_MESSAGES/coreutils.mo
xclip /etc/ld.so.cache
xclip /lib/x86_64-linux-gnu/libXmu.so.6
xclip /lib/x86_64-linux-gnu/libX11.so.6
xclip /lib/x86_64-linux-gnu/libc.so.6
xclip /lib/x86_64-linux-gnu/libXt.so.6
xclip /lib/x86_64-linux-gnu/libXext.so.6
xclip /lib/x86_64-linux-gnu/libxcb.so.1
xclip /lib/x86_64-linux-gnu/libSM.so.6
xclip /lib/x86_64-linux-gnu/libICE.so.6
xclip /lib/x86_64-linux-gnu/libXau.so.6
xclip /lib/x86_64-linux-gnu/libXdmcp.so.6
xclip /lib/x86_64-linux-gnu/libuuid.so.1
xclip /lib/x86_64-linux-gnu/libbsd.so.0
xclip /lib/x86_64-linux-gnu/libmd.so.0
xclip /usr/share/X11/locale/locale.alias
xclip /usr/share/X11/locale/locale.dir
xclip /usr/share/X11/locale/C/XLC_LOCALE
xclip /usr/share/X11/locale/locale.alias
xclip /usr/share/X11/locale/locale.dir
xclip /usr/share/X11/locale/C/XLC_LOCALE
Xvfb /proc/1204/cmdline
bash /dev/null
find /etc/ld.so.cache
find /lib/x86_64-linux-gnu/libselinux.so.1
find /lib/x86_64-linux-gnu/libc.so.6
find /lib/x86_64-linux-gnu/libpcre2-8.so.0
find /proc/filesystems
find .
find /usr/lib/locale/locale-archive
find /usr/lib/x86_64-linux-gnu/gconv/gconv-modules.cache
find /config/.cache
find mesa_shader_cache
find db
find 0c
find 5e
find 8a
find 59
find dd
find 3d
find 35
find 8d
find 9a
find 80
find 33
find ea
find e1
find 3e
find 6a
find b5
find bc
find e8
find b8
find ef
find b9
find 7e
find 6e
find a2
find 71
find b7
find 8e
find 1a
find 20
find c9
find 26
find 4a
find bd
find 62
find 21
find 2d
find 56
find ksplash
find qmlcache
find qtshadercache-x86_64-little_endian-lp64
find plasmashell
find qmlcache
find /config/.config
find openbox
find vlc
find pulse
find autostart
find kdedefaults
find gtk-3.0
find gtk-4.0
find dconf
find xsettingsd
find kde.org
find /config/.local
find bin
find share
find kactivitymanagerd
find resources
find test-backup
find working-backup
find baloo
sleep /etc/ld.so.cache
sleep /lib/x86_64-linux-gnu/libc.so.6
sleep /usr/lib/locale/locale-archive
sleep /usr/share/locale/locale.alias
sleep /usr/share/locale/en_US/LC_MESSAGES/coreutils.mo
sleep /usr/share/locale/en/LC_MESSAGES/coreutils.mo
sleep /usr/share/locale-langpack/en_US/LC_MESSAGES/coreutils.mo
sleep /usr/share/locale-langpack/en/LC_MESSAGES/coreutils.mo
bash /dev/null
find /etc/ld.so.cache
find /lib/x86_64-linux-gnu/libselinux.so.1
find /lib/x86_64-linux-gnu/libc.so.6
find /lib/x86_64-linux-gnu/libpcre2-8.so.0
find /proc/filesystems
find .
find /usr/lib/locale/locale-archive
find /usr/lib/x86_64-linux-gnu/gconv/gconv-modules.cache
find /config/.cache
find mesa_shader_cache
find db
find 0c
find 5e
find 8a
find 59
find dd
find 3d
find 35
find 8d
find 9a
find 80
find 33
find ea
find e1
find 3e
find 6a
find b5
find bc
find e8
find b8
find ef
find b9
find 7e
find 6e
find a2
find 71
find b7
find 8e
find 1a
find 20
find c9
find 26
find 4a
find bd
find 62
find 21
find 2d
find 56
find ksplash
find qmlcache
find qtshadercache-x86_64-little_endian-lp64
find plasmashell
find qmlcache
find /config/.config
find openbox
find vlc
find pulse
find autostart
find kdedefaults
find gtk-3.0
find gtk-4.0
find dconf
find xsettingsd
find kde.org
find /config/.local
find bin
find share
find kactivitymanagerd
find resources
find test-backup
find working-backup
find baloo
sleep /etc/ld.so.cache
sleep /lib/x86_64-linux-gnu/libc.so.6
sleep /usr/lib/locale/locale-archive
sleep /usr/share/locale/locale.alias
sleep /usr/share/locale/en_US/LC_MESSAGES/coreutils.mo
sleep /usr/share/locale/en/LC_MESSAGES/coreutils.mo
sleep /usr/share/locale-langpack/en_US/LC_MESSAGES/coreutils.mo
sleep /usr/share/locale-langpack/en/LC_MESSAGES/coreutils.mo
bash /dev/null
find /etc/ld.so.cache
find /lib/x86_64-linux-gnu/libselinux.so.1
find /lib/x86_64-linux-gnu/libc.so.6
find /lib/x86_64-linux-gnu/libpcre2-8.so.0
find /proc/filesystems
find .
find /usr/lib/locale/locale-archive
find /usr/lib/x86_64-linux-gnu/gconv/gconv-modules.cache
find /config/.cache
find mesa_shader_cache
find db
find 0c
find 5e
find 8a
find 59
find dd
find 3d
find 35
find 8d
find 9a
find 80
find 33
find ea
find e1
find 3e
find 6a
find b5
find bc
find e8
find b8
find ef
find b9
find 7e
find 6e
find a2
find 71
find b7
find 8e
find 1a
find 20
find c9
find 26
find 4a
find bd
find 62
find 21
find 2d
find 56
find ksplash
find qmlcache
find qtshadercache-x86_64-little_endian-lp64
find plasmashell
find qmlcache
find /config/.config
find openbox
find vlc
find pulse
find autostart
find kdedefaults
find gtk-3.0
find gtk-4.0
find dconf
find xsettingsd
find kde.org
find /config/.local
find bin
find share
find kactivitymanagerd
find resources
find test-backup
find working-backup
find baloo
sleep /etc/ld.so.cache
sleep /lib/x86_64-linux-gnu/libc.so.6
sleep /usr/lib/locale/locale-archive
sleep /usr/share/locale/locale.alias
sleep /usr/share/locale/en_US/LC_MESSAGES/coreutils.mo
sleep /usr/share/locale/en/LC_MESSAGES/coreutils.mo
sleep /usr/share/locale-langpack/en_US/LC_MESSAGES/coreutils.mo
sleep /usr/share/locale-langpack/en/LC_MESSAGES/coreutils.mo
bash /dev/null
find /etc/ld.so.cache
find /lib/x86_64-linux-gnu/libselinux.so.1
find /lib/x86_64-linux-gnu/libc.so.6
find /lib/x86_64-linux-gnu/libpcre2-8.so.0
find /proc/filesystems
find .
find /usr/lib/locale/locale-archive
find /usr/lib/x86_64-linux-gnu/gconv/gconv-modules.cache
find /config/.cache
find mesa_shader_cache
find db
find 0c
find 5e
find 8a
find 59
find dd
find 3d
find 35
find 8d
find 9a
find 80
find 33
find ea
find e1
find 3e
find 6a
find b5
find bc
find e8
find b8
find ef
find b9
find 7e
find 6e
find a2
find 71
find b7
find 8e
find 1a
find 20
find c9
find 26
find 4a
find bd
find 62
find 21
find 2d
find 56
find ksplash
find qmlcache
find qtshadercache-x86_64-little_endian-lp64
find plasmashell
find qmlcache
find /config/.config
find openbox
find vlc
find pulse
find autostart
find kdedefaults
find gtk-3.0
find gtk-4.0
find dconf
find xsettingsd
find kde.org
find /config/.local
find bin
find share
find kactivitymanagerd
find resources
find test-backup
find working-backup
find baloo
sleep /etc/ld.so.cache
sleep /lib/x86_64-linux-gnu/libc.so.6
sleep /usr/lib/locale/locale-archive
sleep /usr/share/locale/locale.alias
sleep /usr/share/locale/en_US/LC_MESSAGES/coreutils.mo
sleep /usr/share/locale/en/LC_MESSAGES/coreutils.mo
sleep /usr/share/locale-langpack/en_US/LC_MESSAGES/coreutils.mo
sleep /usr/share/locale-langpack/en/LC_MESSAGES/coreutils.mo
xclip /etc/ld.so.cache
xclip /lib/x86_64-linux-gnu/libXmu.so.6
xclip /lib/x86_64-linux-gnu/libX11.so.6
xclip /lib/x86_64-linux-gnu/libc.so.6
xclip /lib/x86_64-linux-gnu/libXt.so.6
xclip /lib/x86_64-linux-gnu/libXext.so.6
xclip /lib/x86_64-linux-gnu/libxcb.so.1
xclip /lib/x86_64-linux-gnu/libSM.so.6
xclip /lib/x86_64-linux-gnu/libICE.so.6
xclip /lib/x86_64-linux-gnu/libXau.so.6
xclip /lib/x86_64-linux-gnu/libXdmcp.so.6
xclip /lib/x86_64-linux-gnu/libuuid.so.1
xclip /lib/x86_64-linux-gnu/libbsd.so.0
xclip /lib/x86_64-linux-gnu/libmd.so.0
xclip /usr/share/X11/locale/locale.alias
xclip /usr/share/X11/locale/locale.dir
xclip /usr/share/X11/locale/C/XLC_LOCALE
xclip /usr/share/X11/locale/locale.alias
xclip /usr/share/X11/locale/locale.dir
xclip /usr/share/X11/locale/C/XLC_LOCALE
Xvfb /proc/1213/cmdline
bash /dev/null
find /etc/ld.so.cache
find /lib/x86_64-linux-gnu/libselinux.so.1
find /lib/x86_64-linux-gnu/libc.so.6
find /lib/x86_64-linux-gnu/libpcre2-8.so.0
find /proc/filesystems
find .
find /usr/lib/locale/locale-archive
find /usr/lib/x86_64-linux-gnu/gconv/gconv-modules.cache
find /config/.cache
find mesa_shader_cache
find db
find 0c
find 5e
find 8a
find 59
find dd
find 3d
find 35
find 8d
find 9a
find 80
find 33
find ea
find e1
find 3e
find 6a
find b5
find bc
find e8
find b8
find ef
find b9
find 7e
find 6e
find a2
find 71
find b7
find 8e
find 1a
find 20
find c9
find 26
find 4a
find bd
find 62
find 21
find 2d
find 56
find ksplash
find qmlcache
find qtshadercache-x86_64-little_endian-lp64
find plasmashell
find qmlcache
find /config/.config
find openbox
find vlc
find pulse
find autostart
find kdedefaults
find gtk-3.0
find gtk-4.0
find dconf
find xsettingsd
find kde.org
find /config/.local
find bin
find share
find kactivitymanagerd
find resources
find test-backup
find working-backup
find baloo
sleep /etc/ld.so.cache
sleep /lib/x86_64-linux-gnu/libc.so.6
sleep /usr/lib/locale/locale-archive
sleep /usr/share/locale/locale.alias
sleep /usr/share/locale/en_US/LC_MESSAGES/coreutils.mo
sleep /usr/share/locale/en/LC_MESSAGES/coreutils.mo
sleep /usr/share/locale-langpack/en_US/LC_MESSAGES/coreutils.mo
sleep /usr/share/locale-langpack/en/LC_MESSAGES/coreutils.mo
bash /dev/null
find /etc/ld.so.cache
find /lib/x86_64-linux-gnu/libselinux.so.1
find /lib/x86_64-linux-gnu/libc.so.6
find /lib/x86_64-linux-gnu/libpcre2-8.so.0
find /proc/filesystems
find .
find /usr/lib/locale/locale-archive
find /usr/lib/x86_64-linux-gnu/gconv/gconv-modules.cache
find /config/.cache
find mesa_shader_cache
find db
find 0c
find 5e
find 8a
find 59
find dd
find 3d
find 35
find 8d
find 9a
find 80
find 33
find ea
find e1
find 3e
find 6a
find b5
find bc
find e8
find b8
find ef
find b9
find 7e
find 6e
find a2
find 71
find b7
find 8e
find 1a
find 20
find c9
find 26
find 4a
find bd
find 62
find 21
find 2d
find 56
find ksplash
find qmlcache
find qtshadercache-x86_64-little_endian-lp64
find plasmashell
find qmlcache
find /config/.config
find openbox
find vlc
find pulse
find autostart
find kdedefaults
find gtk-3.0
find gtk-4.0
find dconf
find xsettingsd
find kde.org
find /config/.local
find bin
find share
find kactivitymanagerd
find resources
find test-backup
find working-backup
find baloo
sleep /etc/ld.so.cache
sleep /lib/x86_64-linux-gnu/libc.so.6
sleep /usr/lib/locale/locale-archive
sleep /usr/share/locale/locale.alias
sleep /usr/share/locale/en_US/LC_MESSAGES/coreutils.mo
sleep /usr/share/locale/en/LC_MESSAGES/coreutils.mo
sleep /usr/share/locale-langpack/en_US/LC_MESSAGES/coreutils.mo
sleep /usr/share/locale-langpack/en/LC_MESSAGES/coreutils.mo
bash /dev/null
find /etc/ld.so.cache
find /lib/x86_64-linux-gnu/libselinux.so.1
find /lib/x86_64-linux-gnu/libc.so.6
find /lib/x86_64-linux-gnu/libpcre2-8.so.0
find /proc/filesystems
find .
find /usr/lib/locale/locale-archive
find /usr/lib/x86_64-linux-gnu/gconv/gconv-modules.cache
find /config/.cache
find mesa_shader_cache
find db
find 0c
find 5e
find 8a
find 59
find dd
find 3d
find 35
find 8d
find 9a
find 80
find 33
find ea
find e1
find 3e
find 6a
find b5
find bc
find e8
find b8
find ef
find b9
find 7e
find 6e
find a2
find 71
find b7
find 8e
find 1a
find 20
find c9
find 26
find 4a
find bd
find 62
find 21
find 2d
find 56
find ksplash
find qmlcache
find qtshadercache-x86_64-little_endian-lp64
find plasmashell
find qmlcache
find /config/.config
find openbox
find vlc
find pulse
find autostart
find kdedefaults
find gtk-3.0
find gtk-4.0
find dconf
find xsettingsd
find kde.org
find /config/.local
find bin
find share
find kactivitymanagerd
find resources
find test-backup
find working-backup
find baloo
sleep /etc/ld.so.cache
sleep /lib/x86_64-linux-gnu/libc.so.6
sleep /usr/lib/locale/locale-archive
sleep /usr/share/locale/locale.alias
sleep /usr/share/locale/en_US/LC_MESSAGES/coreutils.mo
sleep /usr/share/locale/en/LC_MESSAGES/coreutils.mo
sleep /usr/share/locale-langpack/en_US/LC_MESSAGES/coreutils.mo
sleep /usr/share/locale-langpack/en/LC_MESSAGES/coreutils.mo
bash /dev/null
find /etc/ld.so.cache
find /lib/x86_64-linux-gnu/libselinux.so.1
find /lib/x86_64-linux-gnu/libc.so.6
find /lib/x86_64-linux-gnu/libpcre2-8.so.0
find /proc/filesystems
find .
find /usr/lib/locale/locale-archive
find /usr/lib/x86_64-linux-gnu/gconv/gconv-modules.cache
find /config/.cache
find mesa_shader_cache
find db
find 0c
find 5e
find 8a
find 59
find dd
find 3d
find 35
find 8d
find 9a
find 80
find 33
find ea
find e1
find 3e
find 6a
find b5
find bc
find e8
find b8
find ef
find b9
find 7e
find 6e
find a2
find 71
find b7
find 8e
find 1a
find 20
find c9
find 26
find 4a
find bd
find 62
find 21
find 2d
find 56
find ksplash
find qmlcache
find qtshadercache-x86_64-little_endian-lp64
find plasmashell
find qmlcache
find /config/.config
find openbox
find vlc
find pulse
find autostart
find kdedefaults
find gtk-3.0
find gtk-4.0
find dconf
find xsettingsd
find kde.org
find /config/.local
find bin
find share
find kactivitymanagerd
find resources
find test-backup
find working-backup
find baloo
sleep /etc/ld.so.cache
sleep /lib/x86_64-linux-gnu/libc.so.6
sleep /usr/lib/locale/locale-archive
sleep /usr/share/locale/locale.alias
sleep /usr/share/locale/en_US/LC_MESSAGES/coreutils.mo
sleep /usr/share/locale/en/LC_MESSAGES/coreutils.mo
sleep /usr/share/locale-langpack/en_US/LC_MESSAGES/coreutils.mo
sleep /usr/share/locale-langpack/en/LC_MESSAGES/coreutils.mo
xclip /etc/ld.so.cache
xclip /lib/x86_64-linux-gnu/libXmu.so.6
xclip /lib/x86_64-linux-gnu/libX11.so.6
xclip /lib/x86_64-linux-gnu/libc.so.6
xclip /lib/x86_64-linux-gnu/libXt.so.6
xclip /lib/x86_64-linux-gnu/libXext.so.6
xclip /lib/x86_64-linux-gnu/libxcb.so.1
xclip /lib/x86_64-linux-gnu/libSM.so.6
xclip /lib/x86_64-linux-gnu/libICE.so.6
xclip /lib/x86_64-linux-gnu/libXau.so.6
xclip /lib/x86_64-linux-gnu/libXdmcp.so.6
xclip /lib/x86_64-linux-gnu/libuuid.so.1
xclip /lib/x86_64-linux-gnu/libbsd.so.0
xclip /lib/x86_64-linux-gnu/libmd.so.0
xclip /usr/share/X11/locale/locale.alias
xclip /usr/share/X11/locale/locale.dir
xclip /usr/share/X11/locale/C/XLC_LOCALE
xclip /usr/share/X11/locale/locale.alias
xclip /usr/share/X11/locale/locale.dir
xclip /usr/share/X11/locale/C/XLC_LOCALE
Xvfb /proc/1222/cmdline
bash /dev/null
find /etc/ld.so.cache
find /lib/x86_64-linux-gnu/libselinux.so.1
find /lib/x86_64-linux-gnu/libc.so.6
find /lib/x86_64-linux-gnu/libpcre2-8.so.0
find /proc/filesystems
find .
find /usr/lib/locale/locale-archive
find /usr/lib/x86_64-linux-gnu/gconv/gconv-modules.cache
find /config/.cache
find mesa_shader_cache
find db
find 0c
find 5e
find 8a
find 59
find dd
find 3d
find 35
find 8d
find 9a
find 80
find 33
find ea
find e1
find 3e
find 6a
find b5
find bc
find e8
find b8
find ef
find b9
find 7e
find 6e
find a2
find 71
find b7
find 8e
find 1a
find 20
find c9
find 26
find 4a
find bd
find 62
find 21
find 2d
find 56
find ksplash
find qmlcache
find qtshadercache-x86_64-little_endian-lp64
find plasmashell
find qmlcache
find /config/.config
find openbox
find vlc
find pulse
find autostart
find kdedefaults
find gtk-3.0
find gtk-4.0
find dconf
find xsettingsd
find kde.org
find /config/.local
find bin
find share
find kactivitymanagerd
find resources
find test-backup
find working-backup
find baloo
sleep /etc/ld.so.cache
sleep /lib/x86_64-linux-gnu/libc.so.6
sleep /usr/lib/locale/locale-archive
sleep /usr/share/locale/locale.alias
sleep /usr/share/locale/en_US/LC_MESSAGES/coreutils.mo
sleep /usr/share/locale/en/LC_MESSAGES/coreutils.mo
sleep /usr/share/locale-langpack/en_US/LC_MESSAGES/coreutils.mo
sleep /usr/share/locale-langpack/en/LC_MESSAGES/coreutils.mo
bash /dev/null
find /etc/ld.so.cache
find /lib/x86_64-linux-gnu/libselinux.so.1
find /lib/x86_64-linux-gnu/libc.so.6
find /lib/x86_64-linux-gnu/libpcre2-8.so.0
find /proc/filesystems
find .
find /usr/lib/locale/locale-archive
find /usr/lib/x86_64-linux-gnu/gconv/gconv-modules.cache
find /config/.cache
find mesa_shader_cache
find db
find 0c
find 5e
find 8a
find 59
find dd
find 3d
find 35
find 8d
find 9a
find 80
find 33
find ea
find e1
find 3e
find 6a
find b5
find bc
find e8
find b8
find ef
find b9
find 7e
find 6e
find a2
find 71
find b7
find 8e
find 1a
find 20
find c9
find 26
find 4a
find bd
find 62
find 21
find 2d
find 56
find ksplash
find qmlcache
find qtshadercache-x86_64-little_endian-lp64
find plasmashell
find qmlcache
find /config/.config
find openbox
find vlc
find pulse
find autostart
find kdedefaults
find gtk-3.0
find gtk-4.0
find dconf
find xsettingsd
find kde.org
find /config/.local
find bin
find share
find kactivitymanagerd
find resources
find test-backup
find working-backup
find baloo
sleep /etc/ld.so.cache
sleep /lib/x86_64-linux-gnu/libc.so.6
sleep /usr/lib/locale/locale-archive
sleep /usr/share/locale/locale.alias
sleep /usr/share/locale/en_US/LC_MESSAGES/coreutils.mo
sleep /usr/share/locale/en/LC_MESSAGES/coreutils.mo
sleep /usr/share/locale-langpack/en_US/LC_MESSAGES/coreutils.mo
sleep /usr/share/locale-langpack/en/LC_MESSAGES/coreutils.mo
bash /dev/null
find /etc/ld.so.cache
find /lib/x86_64-linux-gnu/libselinux.so.1
find /lib/x86_64-linux-gnu/libc.so.6
find /lib/x86_64-linux-gnu/libpcre2-8.so.0
find /proc/filesystems
find .
find /usr/lib/locale/locale-archive
find /usr/lib/x86_64-linux-gnu/gconv/gconv-modules.cache
find /config/.cache
find mesa_shader_cache
find db
find 0c
find 5e
find 8a
find 59
find dd
find 3d
find 35
find 8d
find 9a
find 80
find 33
find ea
find e1
find 3e
find 6a
find b5
find bc
find e8
find b8
find ef
find b9
find 7e
find 6e
find a2
find 71
find b7
find 8e
find 1a
find 20
find c9
find 26
find 4a
find bd
find 62
find 21
find 2d
find 56
find ksplash
find qmlcache
find qtshadercache-x86_64-little_endian-lp64
find plasmashell
find qmlcache
find /config/.config
find openbox
find vlc
find pulse
find autostart
find kdedefaults
find gtk-3.0
find gtk-4.0
find dconf
find xsettingsd
find kde.org
find /config/.local
find bin
find share
find kactivitymanagerd
find resources
find test-backup
find working-backup
find baloo
sleep /etc/ld.so.cache
sleep /lib/x86_64-linux-gnu/libc.so.6
sleep /usr/lib/locale/locale-archive
sleep /usr/share/locale/locale.alias
sleep /usr/share/locale/en_US/LC_MESSAGES/coreutils.mo
sleep /usr/share/locale/en/LC_MESSAGES/coreutils.mo
sleep /usr/share/locale-langpack/en_US/LC_MESSAGES/coreutils.mo
sleep /usr/share/locale-langpack/en/LC_MESSAGES/coreutils.mo
bash /dev/null
find /etc/ld.so.cache
find /lib/x86_64-linux-gnu/libselinux.so.1
find /lib/x86_64-linux-gnu/libc.so.6
find /lib/x86_64-linux-gnu/libpcre2-8.so.0
find /proc/filesystems
find .
find /usr/lib/locale/locale-archive
find /usr/lib/x86_64-linux-gnu/gconv/gconv-modules.cache
find /config/.cache
find mesa_shader_cache
find db
find 0c
find 5e
find 8a
find 59
find dd
find 3d
find 35
find 8d
find 9a
find 80
find 33
find ea
find e1
find 3e
find 6a
find b5
find bc
find e8
find b8
find ef
find b9
find 7e
find 6e
find a2
find 71
find b7
find 8e
find 1a
find 20
find c9
find 26
find 4a
find bd
find 62
find 21
find 2d
find 56
find ksplash
find qmlcache
find qtshadercache-x86_64-little_endian-lp64
find plasmashell
find qmlcache
find /config/.config
find openbox
find vlc
find pulse
find autostart
find kdedefaults
find gtk-3.0
find gtk-4.0
find dconf
find xsettingsd
find kde.org
find /config/.local
find bin
find share
find kactivitymanagerd
find resources
find test-backup
find working-backup
find baloo
sleep /etc/ld.so.cache
sleep /lib/x86_64-linux-gnu/libc.so.6
sleep /usr/lib/locale/locale-archive
sleep /usr/share/locale/locale.alias
sleep /usr/share/locale/en_US/LC_MESSAGES/coreutils.mo
sleep /usr/share/locale/en/LC_MESSAGES/coreutils.mo
sleep /usr/share/locale-langpack/en_US/LC_MESSAGES/coreutils.mo
sleep /usr/share/locale-langpack/en/LC_MESSAGES/coreutils.mo
xclip /etc/ld.so.cache
xclip /lib/x86_64-linux-gnu/libXmu.so.6
xclip /lib/x86_64-linux-gnu/libX11.so.6
xclip /lib/x86_64-linux-gnu/libc.so.6
xclip /lib/x86_64-linux-gnu/libXt.so.6
xclip /lib/x86_64-linux-gnu/libXext.so.6
xclip /lib/x86_64-linux-gnu/libxcb.so.1
xclip /lib/x86_64-linux-gnu/libSM.so.6
xclip /lib/x86_64-linux-gnu/libICE.so.6
xclip /lib/x86_64-linux-gnu/libXau.so.6
xclip /lib/x86_64-linux-gnu/libXdmcp.so.6
xclip /lib/x86_64-linux-gnu/libuuid.so.1
xclip /lib/x86_64-linux-gnu/libbsd.so.0
xclip /lib/x86_64-linux-gnu/libmd.so.0
xclip /usr/share/X11/locale/locale.alias
xclip /usr/share/X11/locale/locale.dir
xclip /usr/share/X11/locale/C/XLC_LOCALE
xclip /usr/share/X11/locale/locale.alias
xclip /usr/share/X11/locale/locale.dir
xclip /usr/share/X11/locale/C/XLC_LOCALE
Xvfb /proc/1231/cmdline
bash /dev/null
find /etc/ld.so.cache
find /lib/x86_64-linux-gnu/libselinux.so.1
find /lib/x86_64-linux-gnu/libc.so.6
find /lib/x86_64-linux-gnu/libpcre2-8.so.0
find /proc/filesystems
find .
find /usr/lib/locale/locale-archive
find /usr/lib/x86_64-linux-gnu/gconv/gconv-modules.cache
find /config/.cache
find mesa_shader_cache
find db
find 0c
find 5e
find 8a
find 59
find dd
find 3d
find 35
find 8d
find 9a
find 80
find 33
find ea
find e1
find 3e
find 6a
find b5
find bc
find e8
find b8
find ef
find b9
find 7e
find 6e
find a2
find 71
find b7
find 8e
find 1a
find 20
find c9
find 26
find 4a
find bd
find 62
find 21
find 2d
find 56
find ksplash
find qmlcache
find qtshadercache-x86_64-little_endian-lp64
find plasmashell
find qmlcache
find /config/.config
find openbox
find vlc
find pulse
find autostart
find kdedefaults
find gtk-3.0
find gtk-4.0
find dconf
find xsettingsd
find kde.org
find /config/.local
find bin
find share
find kactivitymanagerd
find resources
find test-backup
find working-backup
find baloo
sleep /etc/ld.so.cache
sleep /lib/x86_64-linux-gnu/libc.so.6
sleep /usr/lib/locale/locale-archive
sleep /usr/share/locale/locale.alias
sleep /usr/share/locale/en_US/LC_MESSAGES/coreutils.mo
sleep /usr/share/locale/en/LC_MESSAGES/coreutils.mo
sleep /usr/share/locale-langpack/en_US/LC_MESSAGES/coreutils.mo
sleep /usr/share/locale-langpack/en/LC_MESSAGES/coreutils.mo
bash /dev/null
find /etc/ld.so.cache
find /lib/x86_64-linux-gnu/libselinux.so.1
find /lib/x86_64-linux-gnu/libc.so.6
find /lib/x86_64-linux-gnu/libpcre2-8.so.0
find /proc/filesystems
find .
find /usr/lib/locale/locale-archive
find /usr/lib/x86_64-linux-gnu/gconv/gconv-modules.cache
find /config/.cache
find mesa_shader_cache
find db
find 0c
find 5e
find 8a
find 59
find dd
find 3d
find 35
find 8d
find 9a
find 80
find 33
find ea
find e1
find 3e
find 6a
find b5
find bc
find e8
find b8
find ef
find b9
find 7e
find 6e
find a2
find 71
find b7
find 8e
find 1a
find 20
find c9
find 26
find 4a
find bd
find 62
find 21
find 2d
find 56
find ksplash
find qmlcache
find qtshadercache-x86_64-little_endian-lp64
find plasmashell
find qmlcache
find /config/.config
find openbox
find vlc
find pulse
find autostart
find kdedefaults
find gtk-3.0
find gtk-4.0
find dconf
find xsettingsd
find kde.org
find /config/.local
find bin
find share
find kactivitymanagerd
find resources
find test-backup
find working-backup
find baloo
sleep /etc/ld.so.cache
sleep /lib/x86_64-linux-gnu/libc.so.6
sleep /usr/lib/locale/locale-archive
sleep /usr/share/locale/locale.alias
sleep /usr/share/locale/en_US/LC_MESSAGES/coreutils.mo
sleep /usr/share/locale/en/LC_MESSAGES/coreutils.mo
sleep /usr/share/locale-langpack/en_US/LC_MESSAGES/coreutils.mo
sleep /usr/share/locale-langpack/en/LC_MESSAGES/coreutils.mo
bash /dev/null
find /etc/ld.so.cache
find /lib/x86_64-linux-gnu/libselinux.so.1
find /lib/x86_64-linux-gnu/libc.so.6
find /lib/x86_64-linux-gnu/libpcre2-8.so.0
find /proc/filesystems
find .
find /usr/lib/locale/locale-archive
find /usr/lib/x86_64-linux-gnu/gconv/gconv-modules.cache
find /config/.cache
find mesa_shader_cache
find db
find 0c
find 5e
find 8a
find 59
find dd
find 3d
find 35
find 8d
find 9a
find 80
find 33
find ea
find e1
find 3e
find 6a
find b5
find bc
find e8
find b8
find ef
find b9
find 7e
find 6e
find a2
find 71
find b7
find 8e
find 1a
find 20
find c9
find 26
find 4a
find bd
find 62
find 21
find 2d
find 56
find ksplash
find qmlcache
find qtshadercache-x86_64-little_endian-lp64
find plasmashell
find qmlcache
find /config/.config
find openbox
find vlc
find pulse
find autostart
find kdedefaults
find gtk-3.0
find gtk-4.0
find dconf
find xsettingsd
find kde.org
find /config/.local
find bin
find share
find kactivitymanagerd
find resources
find test-backup
find working-backup
find baloo
sleep /etc/ld.so.cache
sleep /lib/x86_64-linux-gnu/libc.so.6
sleep /usr/lib/locale/locale-archive
sleep /usr/share/locale/locale.alias
sleep /usr/share/locale/en_US/LC_MESSAGES/coreutils.mo
sleep /usr/share/locale/en/LC_MESSAGES/coreutils.mo
sleep /usr/share/locale-langpack/en_US/LC_MESSAGES/coreutils.mo
sleep /usr/share/locale-langpack/en/LC_MESSAGES/coreutils.mo
bash /dev/null
find /etc/ld.so.cache
find /lib/x86_64-linux-gnu/libselinux.so.1
find /lib/x86_64-linux-gnu/libc.so.6
find /lib/x86_64-linux-gnu/libpcre2-8.so.0
find /proc/filesystems
find .
find /usr/lib/locale/locale-archive
find /usr/lib/x86_64-linux-gnu/gconv/gconv-modules.cache
find /config/.cache
find mesa_shader_cache
find db
find 0c
find 5e
find 8a
find 59
find dd
find 3d
find 35
find 8d
find 9a
find 80
find 33
find ea
find e1
find 3e
find 6a
find b5
find bc
find e8
find b8
find ef
find b9
find 7e
find 6e
find a2
find 71
find b7
find 8e
find 1a
find 20
find c9
find 26
find 4a
find bd
find 62
find 21
find 2d
find 56
find ksplash
find qmlcache
find qtshadercache-x86_64-little_endian-lp64
find plasmashell
find qmlcache
find /config/.config
find openbox
find vlc
find pulse
find autostart
find kdedefaults
find gtk-3.0
find gtk-4.0
find dconf
find xsettingsd
find kde.org
find /config/.local
find bin
find share
find kactivitymanagerd
find resources
find test-backup
find working-backup
find baloo
sleep /etc/ld.so.cache
sleep /lib/x86_64-linux-gnu/libc.so.6
sleep /usr/lib/locale/locale-archive
sleep /usr/share/locale/locale.alias
sleep /usr/share/locale/en_US/LC_MESSAGES/coreutils.mo
sleep /usr/share/locale/en/LC_MESSAGES/coreutils.mo
sleep /usr/share/locale-langpack/en_US/LC_MESSAGES/coreutils.mo
sleep /usr/share/locale-langpack/en/LC_MESSAGES/coreutils.mo
xclip /etc/ld.so.cache
xclip /lib/x86_64-linux-gnu/libXmu.so.6
xclip /lib/x86_64-linux-gnu/libX11.so.6
xclip /lib/x86_64-linux-gnu/libc.so.6
xclip /lib/x86_64-linux-gnu/libXt.so.6
xclip /lib/x86_64-linux-gnu/libXext.so.6
xclip /lib/x86_64-linux-gnu/libxcb.so.1
xclip /lib/x86_64-linux-gnu/libSM.so.6
xclip /lib/x86_64-linux-gnu/libICE.so.6
xclip /lib/x86_64-linux-gnu/libXau.so.6
xclip /lib/x86_64-linux-gnu/libXdmcp.so.6
xclip /lib/x86_64-linux-gnu/libuuid.so.1
xclip /lib/x86_64-linux-gnu/libbsd.so.0
xclip /lib/x86_64-linux-gnu/libmd.so.0
xclip /usr/share/X11/locale/locale.alias
xclip /usr/share/X11/locale/locale.dir
xclip /usr/share/X11/locale/C/XLC_LOCALE
xclip /usr/share/X11/locale/locale.alias
xclip /usr/share/X11/locale/locale.dir
xclip /usr/share/X11/locale/C/XLC_LOCALE
Xvfb /proc/1240/cmdline
bash /dev/null
find /etc/ld.so.cache
find /lib/x86_64-linux-gnu/libselinux.so.1
find /lib/x86_64-linux-gnu/libc.so.6
find /lib/x86_64-linux-gnu/libpcre2-8.so.0
find /proc/filesystems
find .
find /usr/lib/locale/locale-archive
find /usr/lib/x86_64-linux-gnu/gconv/gconv-modules.cache
find /config/.cache
find mesa_shader_cache
find db
find 0c
find 5e
find 8a
find 59
find dd
find 3d
find 35
find 8d
find 9a
find 80
find 33
find ea
find e1
find 3e
find 6a
find b5
find bc
find e8
find b8
find ef
find b9
find 7e
find 6e
find a2
find 71
find b7
find 8e
find 1a
find 20
find c9
find 26
find 4a
find bd
find 62
find 21
find 2d
find 56
find ksplash
find qmlcache
find qtshadercache-x86_64-little_endian-lp64
find plasmashell
find qmlcache
find /config/.config
find openbox
find vlc
find pulse
find autostart
find kdedefaults
find gtk-3.0
find gtk-4.0
find dconf
find xsettingsd
find kde.org
find /config/.local
find bin
find share
find kactivitymanagerd
find resources
find test-backup
find working-backup
find baloo
sleep /etc/ld.so.cache
sleep /lib/x86_64-linux-gnu/libc.so.6
sleep /usr/lib/locale/locale-archive
sleep /usr/share/locale/locale.alias
sleep /usr/share/locale/en_US/LC_MESSAGES/coreutils.mo
sleep /usr/share/locale/en/LC_MESSAGES/coreutils.mo
sleep /usr/share/locale-langpack/en_US/LC_MESSAGES/coreutils.mo
sleep /usr/share/locale-langpack/en/LC_MESSAGES/coreutils.mo
bash /dev/null
find /etc/ld.so.cache
find /lib/x86_64-linux-gnu/libselinux.so.1
find /lib/x86_64-linux-gnu/libc.so.6
find /lib/x86_64-linux-gnu/libpcre2-8.so.0
find /proc/filesystems
find .
find /usr/lib/locale/locale-archive
find /usr/lib/x86_64-linux-gnu/gconv/gconv-modules.cache
find /config/.cache
find mesa_shader_cache
find db
find 0c
find 5e
find 8a
find 59
find dd
find 3d
find 35
find 8d
find 9a
find 80
find 33
find ea
find e1
find 3e
find 6a
find b5
find bc
find e8
find b8
find ef
find b9
find 7e
find 6e
find a2
find 71
find b7
find 8e
find 1a
find 20
find c9
find 26
find 4a
find bd
find 62
find 21
find 2d
find 56
find ksplash
find qmlcache
find qtshadercache-x86_64-little_endian-lp64
find plasmashell
find qmlcache
find /config/.config
find openbox
find vlc
find pulse
find autostart
find kdedefaults
find gtk-3.0
find gtk-4.0
find dconf
find xsettingsd
find kde.org
find /config/.local
find bin
find share
find kactivitymanagerd
find resources
find test-backup
find working-backup
find baloo
sleep /etc/ld.so.cache
sleep /lib/x86_64-linux-gnu/libc.so.6
sleep /usr/lib/locale/locale-archive
sleep /usr/share/locale/locale.alias
sleep /usr/share/locale/en_US/LC_MESSAGES/coreutils.mo
sleep /usr/share/locale/en/LC_MESSAGES/coreutils.mo
sleep /usr/share/locale-langpack/en_US/LC_MESSAGES/coreutils.mo
sleep /usr/share/locale-langpack/en/LC_MESSAGES/coreutils.mo
bash /dev/null
find /etc/ld.so.cache
find /lib/x86_64-linux-gnu/libselinux.so.1
find /lib/x86_64-linux-gnu/libc.so.6
find /lib/x86_64-linux-gnu/libpcre2-8.so.0
find /proc/filesystems
find .
find /usr/lib/locale/locale-archive
find /usr/lib/x86_64-linux-gnu/gconv/gconv-modules.cache
find /config/.cache
find mesa_shader_cache
find db
find 0c
find 5e
find 8a
find 59
find dd
find 3d
find 35
find 8d
find 9a
find 80
find 33
find ea
find e1
find 3e
find 6a
find b5
find bc
find e8
find b8
find ef
find b9
find 7e
find 6e
find a2
find 71
find b7
find 8e
find 1a
find 20
find c9
find 26
find 4a
find bd
find 62
find 21
find 2d
find 56
find ksplash
find qmlcache
find qtshadercache-x86_64-little_endian-lp64
find plasmashell
find qmlcache
find /config/.config
find openbox
find vlc
find pulse
find autostart
find kdedefaults
find gtk-3.0
find gtk-4.0
find dconf
find xsettingsd
find kde.org
find /config/.local
find bin
find share
find kactivitymanagerd
find resources
find test-backup
find working-backup
find baloo
sleep /etc/ld.so.cache
sleep /lib/x86_64-linux-gnu/libc.so.6
sleep /usr/lib/locale/locale-archive
sleep /usr/share/locale/locale.alias
sleep /usr/share/locale/en_US/LC_MESSAGES/coreutils.mo
sleep /usr/share/locale/en/LC_MESSAGES/coreutils.mo
sleep /usr/share/locale-langpack/en_US/LC_MESSAGES/coreutils.mo
sleep /usr/share/locale-langpack/en/LC_MESSAGES/coreutils.mo
bash /dev/null
find /etc/ld.so.cache
find /lib/x86_64-linux-gnu/libselinux.so.1
find /lib/x86_64-linux-gnu/libc.so.6
find /lib/x86_64-linux-gnu/libpcre2-8.so.0
find /proc/filesystems
find .
find /usr/lib/locale/locale-archive
find /usr/lib/x86_64-linux-gnu/gconv/gconv-modules.cache
find /config/.cache
find mesa_shader_cache
find db
find 0c
find 5e
find 8a
find 59
find dd
find 3d
find 35
find 8d
find 9a
find 80
find 33
find ea
find e1
find 3e
find 6a
find b5
find bc
find e8
find b8
find ef
find b9
find 7e
find 6e
find a2
find 71
find b7
find 8e
find 1a
find 20
find c9
find 26
find 4a
find bd
find 62
find 21
find 2d
find 56
find ksplash
find qmlcache
find qtshadercache-x86_64-little_endian-lp64
find plasmashell
find qmlcache
find /config/.config
find openbox
find vlc
find pulse
find autostart
find kdedefaults
find gtk-3.0
find gtk-4.0
find dconf
find xsettingsd
find kde.org
find /config/.local
find bin
find share
find kactivitymanagerd
find resources
find test-backup
find working-backup
find baloo
sleep /etc/ld.so.cache
sleep /lib/x86_64-linux-gnu/libc.so.6
sleep /usr/lib/locale/locale-archive
sleep /usr/share/locale/locale.alias
sleep /usr/share/locale/en_US/LC_MESSAGES/coreutils.mo
sleep /usr/share/locale/en/LC_MESSAGES/coreutils.mo
sleep /usr/share/locale-langpack/en_US/LC_MESSAGES/coreutils.mo
sleep /usr/share/locale-langpack/en/LC_MESSAGES/coreutils.mo
nginx /usr/share/selkies/web/index.html
nginx /usr/share/selkies/web/manifest.json
xclip /etc/ld.so.cache
xclip /lib/x86_64-linux-gnu/libXmu.so.6
xclip /lib/x86_64-linux-gnu/libX11.so.6
xclip /lib/x86_64-linux-gnu/libc.so.6
xclip /lib/x86_64-linux-gnu/libXt.so.6
xclip /lib/x86_64-linux-gnu/libXext.so.6
xclip /lib/x86_64-linux-gnu/libxcb.so.1
xclip /lib/x86_64-linux-gnu/libSM.so.6
xclip /lib/x86_64-linux-gnu/libICE.so.6
xclip /lib/x86_64-linux-gnu/libXau.so.6
xclip /lib/x86_64-linux-gnu/libXdmcp.so.6
xclip /lib/x86_64-linux-gnu/libuuid.so.1
xclip /lib/x86_64-linux-gnu/libbsd.so.0
xclip /lib/x86_64-linux-gnu/libmd.so.0
xclip /usr/share/X11/locale/locale.alias
xclip /usr/share/X11/locale/locale.dir
xclip /usr/share/X11/locale/C/XLC_LOCALE
xclip /usr/share/X11/locale/locale.alias
xclip /usr/share/X11/locale/locale.dir
xclip /usr/share/X11/locale/C/XLC_LOCALE
Xvfb /proc/1249/cmdline
selkies /proc/self/status
selkies /proc/mounts
selkies /config/.pulse/client.conf
selkies /config/.config/pulse/client.conf
selkies /etc/pulse/client.conf
selkies /etc/pulse/client.conf.d
selkies /etc/pulse/client.conf.d/01-enable-autospawn.conf
selkies /dev/shm/
selkies /dev/urandom
selkies /defaults
selkies /config/.config/pulse/cookie
pulseaudio /dev/shm/
pulseaudio /dev/urandom
selkies /etc/nsswitch.conf
selkies /etc/passwd
selkies /etc/machine-id
pulseaudio /usr/share/applications/python3.12.desktop
selkies /proc/stat
selkies /proc/meminfo
selkies /config/.Xresources
xrdb /etc/ld.so.cache
xrdb /lib/x86_64-linux-gnu/libXmuu.so.1
xrdb /lib/x86_64-linux-gnu/libX11.so.6
xrdb /lib/x86_64-linux-gnu/libc.so.6
xrdb /lib/x86_64-linux-gnu/libxcb.so.1
xrdb /lib/x86_64-linux-gnu/libXau.so.6
xrdb /lib/x86_64-linux-gnu/libXdmcp.so.6
xrdb /lib/x86_64-linux-gnu/libbsd.so.0
xrdb /lib/x86_64-linux-gnu/libmd.so.0
xrdb /dev/null
Xvfb /proc/1251/cmdline
xrdb /config/.Xresources
sh /etc/ld.so.cache
sh /lib/x86_64-linux-gnu/libc.so.6
cpp /etc/ld.so.cache
cpp /lib/x86_64-linux-gnu/libc.so.6
cpp /usr/lib/locale/locale-archive
cpp /usr/share/locale/locale.alias
cpp /usr/share/locale/en_US/LC_MESSAGES/gcc-13.mo
cpp /usr/share/locale/en/LC_MESSAGES/gcc-13.mo
cpp /usr/share/locale-langpack/en_US/LC_MESSAGES/gcc-13.mo
cpp /usr/share/locale-langpack/en/LC_MESSAGES/gcc-13.mo
cc1 /etc/ld.so.cache
cc1 /lib/x86_64-linux-gnu/libisl.so.23
cc1 /lib/x86_64-linux-gnu/libmpc.so.3
cc1 /lib/x86_64-linux-gnu/libmpfr.so.6
cc1 /lib/x86_64-linux-gnu/libgmp.so.10
cc1 /lib/x86_64-linux-gnu/libz.so.1
cc1 /lib/x86_64-linux-gnu/libzstd.so.1
cc1 /lib/x86_64-linux-gnu/libc.so.6
cc1 /lib/x86_64-linux-gnu/libm.so.6
cc1 /usr/lib/locale/locale-archive
cc1 /usr/share/locale/locale.alias
cc1 /usr/share/locale/en_US/LC_MESSAGES/gcc-13.mo
cc1 /usr/share/locale/en/LC_MESSAGES/gcc-13.mo
cc1 /usr/share/locale-langpack/en_US/LC_MESSAGES/gcc-13.mo
cc1 /usr/share/locale-langpack/en/LC_MESSAGES/gcc-13.mo
cc1 /config/.Xresources
cc1 /usr/lib/gcc/x86_64-linux-gnu/13/include/stdc-predef.h
cc1 /usr/local/include/stdc-predef.h
cc1 /usr/include/x86_64-linux-gnu/stdc-predef.h
cc1 /usr/include/stdc-predef.h
selkies /config/.xsettingsd
pgrep /etc/ld.so.cache
pgrep /lib/x86_64-linux-gnu/libproc2.so.0
pgrep /lib/x86_64-linux-gnu/libc.so.6
pgrep /lib/x86_64-linux-gnu/libsystemd.so.0
pgrep /lib/x86_64-linux-gnu/libcap.so.2
pgrep /lib/x86_64-linux-gnu/libgcrypt.so.20
pgrep /lib/x86_64-linux-gnu/liblz4.so.1
pgrep /lib/x86_64-linux-gnu/liblzma.so.5
pgrep /lib/x86_64-linux-gnu/libzstd.so.1
pgrep /lib/x86_64-linux-gnu/libgpg-error.so.0
pgrep /usr/lib/locale/locale-archive
pgrep /usr/lib/x86_64-linux-gnu/gconv/gconv-modules.cache
pgrep /etc/ld.so.cache
pgrep /lib/x86_64-linux-gnu/glibc-hwcaps/x86-64-v3/libnuma.so
pgrep /lib/x86_64-linux-gnu/glibc-hwcaps/x86-64-v2/libnuma.so
pgrep /lib/x86_64-linux-gnu/libnuma.so
pgrep /usr/lib/x86_64-linux-gnu/glibc-hwcaps/x86-64-v3/libnuma.so
pgrep /usr/lib/x86_64-linux-gnu/glibc-hwcaps/x86-64-v2/libnuma.so
pgrep /usr/lib/x86_64-linux-gnu/libnuma.so
pgrep /lib/glibc-hwcaps/x86-64-v3/libnuma.so
pgrep /lib/glibc-hwcaps/x86-64-v2/libnuma.so
pgrep /lib/libnuma.so
pgrep /usr/lib/glibc-hwcaps/x86-64-v3/libnuma.so
pgrep /usr/lib/glibc-hwcaps/x86-64-v2/libnuma.so
pgrep /usr/lib/libnuma.so
pgrep /etc/ld.so.cache
pgrep /lib/x86_64-linux-gnu/libnuma.so.1
pgrep /proc/self/status
pgrep /sys/devices/system/node
pgrep /sys/devices/system/cpu/possible
pgrep /proc/self/status
pgrep /proc
pgrep /proc/uptime
pgrep /proc/1/stat
pgrep /proc/1/status
pgrep /proc/1/cmdline
pgrep /proc/1/cgroup
pgrep /proc/1/ctty
pgrep /proc/uptime
pgrep /proc/12/stat
pgrep /proc/12/status
pgrep /proc/12/cmdline
pgrep /proc/12/cgroup
pgrep /proc/12/ctty
pgrep /proc/uptime
pgrep /proc/13/stat
pgrep /proc/13/status
pgrep /proc/13/cmdline
pgrep /proc/13/cgroup
pgrep /proc/13/ctty
pgrep /proc/uptime
pgrep /proc/35/stat
pgrep /proc/35/status
pgrep /proc/35/cmdline
pgrep /proc/35/cgroup
pgrep /proc/35/ctty
pgrep /proc/uptime
pgrep /proc/36/stat
pgrep /proc/36/status
pgrep /proc/36/cmdline
pgrep /proc/36/cgroup
pgrep /proc/36/ctty
pgrep /proc/uptime
pgrep /proc/37/stat
pgrep /proc/37/status
pgrep /proc/37/cmdline
pgrep /proc/37/cgroup
pgrep /proc/37/ctty
pgrep /proc/uptime
pgrep /proc/38/stat
pgrep /proc/38/status
pgrep /proc/38/cmdline
pgrep /proc/38/cgroup
pgrep /proc/38/ctty
pgrep /proc/uptime
pgrep /proc/39/stat
pgrep /proc/39/status
pgrep /proc/39/cmdline
pgrep /proc/39/cgroup
pgrep /proc/39/ctty
pgrep /proc/uptime
pgrep /proc/40/stat
pgrep /proc/40/status
pgrep /proc/40/cmdline
pgrep /proc/40/cgroup
pgrep /proc/40/ctty
pgrep /proc/uptime
pgrep /proc/41/stat
pgrep /proc/41/status
pgrep /proc/41/cmdline
pgrep /proc/41/cgroup
pgrep /proc/41/ctty
pgrep /proc/uptime
pgrep /proc/42/stat
pgrep /proc/42/status
pgrep /proc/42/cmdline
pgrep /proc/42/cgroup
pgrep /proc/42/ctty
pgrep /proc/uptime
pgrep /proc/43/stat
pgrep /proc/43/status
pgrep /proc/43/cmdline
pgrep /proc/43/cgroup
pgrep /proc/43/ctty
pgrep /proc/uptime
pgrep /proc/44/stat
pgrep /proc/44/status
pgrep /proc/44/cmdline
pgrep /proc/44/cgroup
pgrep /proc/44/ctty
pgrep /proc/uptime
pgrep /proc/45/stat
pgrep /proc/45/status
pgrep /proc/45/cmdline
pgrep /proc/45/cgroup
pgrep /proc/45/ctty
pgrep /proc/uptime
pgrep /proc/46/stat
pgrep /proc/46/status
pgrep /proc/46/cmdline
pgrep /proc/46/cgroup
pgrep /proc/46/ctty
pgrep /proc/uptime
pgrep /proc/54/stat
pgrep /proc/54/status
pgrep /proc/54/cmdline
pgrep /proc/54/cgroup
pgrep /proc/54/ctty
pgrep /proc/uptime
pgrep /proc/306/stat
pgrep /proc/306/status
pgrep /proc/306/cmdline
pgrep /proc/306/cgroup
pgrep /proc/306/ctty
pgrep /proc/uptime
pgrep /proc/310/stat
pgrep /proc/310/status
pgrep /proc/310/cmdline
pgrep /proc/310/cgroup
pgrep /proc/310/ctty
pgrep /proc/uptime
pgrep /proc/311/stat
pgrep /proc/311/status
pgrep /proc/311/cmdline
pgrep /proc/311/cgroup
pgrep /proc/311/ctty
pgrep /proc/uptime
pgrep /proc/312/stat
pgrep /proc/312/status
pgrep /proc/312/cmdline
pgrep /proc/312/cgroup
pgrep /proc/312/ctty
pgrep /proc/uptime
pgrep /proc/313/stat
pgrep /proc/313/status
pgrep /proc/313/cmdline
pgrep /proc/313/cgroup
pgrep /proc/313/ctty
pgrep /proc/uptime
pgrep /proc/314/stat
pgrep /proc/314/status
pgrep /proc/314/cmdline
pgrep /proc/314/cgroup
pgrep /proc/314/ctty
pgrep /proc/uptime
pgrep /proc/329/stat
pgrep /proc/329/status
pgrep /proc/329/cmdline
pgrep /proc/329/cgroup
pgrep /proc/329/ctty
pgrep /proc/uptime
pgrep /proc/332/stat
pgrep /proc/332/status
pgrep /proc/332/cmdline
pgrep /proc/332/cgroup
pgrep /proc/332/ctty
pgrep /proc/uptime
pgrep /proc/343/stat
pgrep /proc/343/status
pgrep /proc/343/cmdline
pgrep /proc/343/cgroup
pgrep /proc/343/ctty
pgrep /proc/uptime
pgrep /proc/344/stat
pgrep /proc/344/status
pgrep /proc/344/cmdline
pgrep /proc/344/cgroup
pgrep /proc/344/ctty
pgrep /proc/uptime
pgrep /proc/356/stat
pgrep /proc/356/status
pgrep /proc/356/cmdline
pgrep /proc/356/cgroup
pgrep /proc/356/ctty
pgrep /proc/uptime
pgrep /proc/377/stat
pgrep /proc/377/status
pgrep /proc/377/cmdline
pgrep /proc/377/cgroup
pgrep /proc/377/ctty
pgrep /proc/uptime
pgrep /proc/378/stat
pgrep /proc/378/status
pgrep /proc/378/cmdline
pgrep /proc/378/cgroup
pgrep /proc/378/ctty
pgrep /proc/uptime
pgrep /proc/379/stat
pgrep /proc/379/status
pgrep /proc/379/cmdline
pgrep /proc/379/cgroup
pgrep /proc/379/ctty
pgrep /proc/uptime
pgrep /proc/380/stat
pgrep /proc/380/status
pgrep /proc/380/cmdline
pgrep /proc/380/cgroup
pgrep /proc/380/ctty
pgrep /proc/uptime
pgrep /proc/381/stat
pgrep /proc/381/status
pgrep /proc/381/cmdline
pgrep /proc/381/cgroup
pgrep /proc/381/ctty
pgrep /proc/uptime
pgrep /proc/382/stat
pgrep /proc/382/status
pgrep /proc/382/cmdline
pgrep /proc/382/cgroup
pgrep /proc/382/ctty
pgrep /proc/uptime
pgrep /proc/383/stat
pgrep /proc/383/status
pgrep /proc/383/cmdline
pgrep /proc/383/cgroup
pgrep /proc/383/ctty
pgrep /proc/uptime
pgrep /proc/384/stat
pgrep /proc/384/status
pgrep /proc/384/cmdline
pgrep /proc/384/cgroup
pgrep /proc/384/ctty
pgrep /proc/uptime
pgrep /proc/385/stat
pgrep /proc/385/status
pgrep /proc/385/cmdline
pgrep /proc/385/cgroup
pgrep /proc/385/ctty
pgrep /proc/uptime
pgrep /proc/386/stat
pgrep /proc/386/status
pgrep /proc/386/cmdline
pgrep /proc/386/cgroup
pgrep /proc/386/ctty
pgrep /proc/uptime
pgrep /proc/387/stat
pgrep /proc/387/status
pgrep /proc/387/cmdline
pgrep /proc/387/cgroup
pgrep /proc/387/ctty
pgrep /proc/uptime
pgrep /proc/388/stat
pgrep /proc/388/status
pgrep /proc/388/cmdline
pgrep /proc/388/cgroup
pgrep /proc/388/ctty
pgrep /proc/uptime
pgrep /proc/389/stat
pgrep /proc/389/status
pgrep /proc/389/cmdline
pgrep /proc/389/cgroup
pgrep /proc/389/ctty
pgrep /proc/uptime
pgrep /proc/390/stat
pgrep /proc/390/status
pgrep /proc/390/cmdline
pgrep /proc/390/cgroup
pgrep /proc/390/ctty
pgrep /proc/uptime
pgrep /proc/391/stat
pgrep /proc/391/status
pgrep /proc/391/cmdline
pgrep /proc/391/cgroup
pgrep /proc/391/ctty
pgrep /proc/uptime
pgrep /proc/392/stat
pgrep /proc/392/status
pgrep /proc/392/cmdline
pgrep /proc/392/cgroup
pgrep /proc/392/ctty
pgrep /proc/uptime
pgrep /proc/400/stat
pgrep /proc/400/status
pgrep /proc/400/cmdline
pgrep /proc/400/cgroup
pgrep /proc/400/ctty
pgrep /proc/uptime
pgrep /proc/401/stat
pgrep /proc/401/status
pgrep /proc/401/cmdline
pgrep /proc/401/cgroup
pgrep /proc/401/ctty
pgrep /proc/uptime
pgrep /proc/431/stat
pgrep /proc/431/status
pgrep /proc/431/cmdline
pgrep /proc/431/cgroup
pgrep /proc/431/ctty
pgrep /proc/uptime
pgrep /proc/439/stat
pgrep /proc/439/status
pgrep /proc/439/cmdline
pgrep /proc/439/cgroup
pgrep /proc/439/ctty
pgrep /proc/uptime
pgrep /proc/446/stat
pgrep /proc/446/status
pgrep /proc/446/cmdline
pgrep /proc/446/cgroup
pgrep /proc/446/ctty
pgrep /proc/uptime
pgrep /proc/447/stat
pgrep /proc/447/status
pgrep /proc/447/cmdline
pgrep /proc/447/cgroup
pgrep /proc/447/ctty
pgrep /proc/uptime
pgrep /proc/520/stat
pgrep /proc/520/status
pgrep /proc/520/cmdline
pgrep /proc/520/cgroup
pgrep /proc/520/ctty
pgrep /proc/uptime
pgrep /proc/545/stat
pgrep /proc/545/status
pgrep /proc/545/cmdline
pgrep /proc/545/cgroup
pgrep /proc/545/ctty
pgrep /proc/uptime
pgrep /proc/546/stat
pgrep /proc/546/status
pgrep /proc/546/cmdline
pgrep /proc/546/cgroup
pgrep /proc/546/ctty
pgrep /proc/uptime
pgrep /proc/590/stat
pgrep /proc/590/status
pgrep /proc/590/cmdline
pgrep /proc/590/cgroup
pgrep /proc/590/ctty
pgrep /proc/uptime
pgrep /proc/598/stat
pgrep /proc/598/status
pgrep /proc/598/cmdline
pgrep /proc/598/cgroup
pgrep /proc/598/ctty
pgrep /proc/uptime
pgrep /proc/641/stat
pgrep /proc/641/status
pgrep /proc/641/cmdline
pgrep /proc/641/cgroup
pgrep /proc/641/ctty
pgrep /proc/uptime
pgrep /proc/642/stat
pgrep /proc/642/status
pgrep /proc/642/cmdline
pgrep /proc/642/cgroup
pgrep /proc/642/ctty
pgrep /proc/uptime
pgrep /proc/706/stat
pgrep /proc/706/status
pgrep /proc/706/cmdline
pgrep /proc/706/cgroup
pgrep /proc/706/ctty
pgrep /proc/uptime
pgrep /proc/707/stat
pgrep /proc/707/status
pgrep /proc/707/cmdline
pgrep /proc/707/cgroup
pgrep /proc/707/ctty
pgrep /proc/uptime
pgrep /proc/708/stat
pgrep /proc/708/status
pgrep /proc/708/cmdline
pgrep /proc/708/cgroup
pgrep /proc/708/ctty
pgrep /proc/uptime
pgrep /proc/794/stat
pgrep /proc/794/status
pgrep /proc/794/cmdline
pgrep /proc/794/cgroup
pgrep /proc/794/ctty
pgrep /proc/uptime
pgrep /proc/849/stat
pgrep /proc/849/status
pgrep /proc/849/cmdline
pgrep /proc/849/cgroup
pgrep /proc/849/ctty
pgrep /proc/uptime
pgrep /proc/965/stat
pgrep /proc/965/status
pgrep /proc/965/cmdline
pgrep /proc/965/cgroup
pgrep /proc/965/ctty
pgrep /proc/uptime
pgrep /proc/1013/stat
pgrep /proc/1013/status
pgrep /proc/1013/cmdline
pgrep /proc/1013/cgroup
pgrep /proc/1013/ctty
pgrep /proc/uptime
pgrep /proc/1015/stat
pgrep /proc/1015/status
pgrep /proc/1015/cmdline
pgrep /proc/1015/cgroup
pgrep /proc/1015/ctty
pgrep /proc/uptime
pgrep /proc/1248/stat
pgrep /proc/1248/status
pgrep /proc/1248/cmdline
pgrep /proc/1248/cgroup
pgrep /proc/1248/ctty
pgrep /proc/uptime
pgrep /proc/1255/stat
pgrep /proc/1255/status
pgrep /proc/1255/cmdline
pgrep /proc/1255/cgroup
pgrep /proc/1255/ctty
pgrep /proc/uptime
kill /etc/ld.so.cache
kill /lib/x86_64-linux-gnu/libc.so.6
kill /usr/lib/locale/locale-archive
kill /usr/share/locale/locale.alias
kill /usr/share/locale/en_US/LC_MESSAGES/procps-ng.mo
kill /usr/share/locale/en/LC_MESSAGES/procps-ng.mo
kill /usr/share/locale-langpack/en_US/LC_MESSAGES/procps-ng.mo
kill /usr/share/locale-langpack/en/LC_MESSAGES/procps-ng.mo
xsettingsd /config/.xsettingsd
bash /dev/null
find /etc/ld.so.cache
find /lib/x86_64-linux-gnu/libselinux.so.1
find /lib/x86_64-linux-gnu/libc.so.6
xfconf-query /etc/ld.so.cache
xfconf-query /lib/x86_64-linux-gnu/libxfconf-0.so.3
find /lib/x86_64-linux-gnu/libpcre2-8.so.0
xfconf-query /lib/x86_64-linux-gnu/libxfce4util.so.7
find /proc/filesystems
find .
find /usr/lib/locale/locale-archive
find /usr/lib/x86_64-linux-gnu/gconv/gconv-modules.cache
find /config/.cache
xfconf-query /lib/x86_64-linux-gnu/libgobject-2.0.so.0
find mesa_shader_cache
xfconf-query /lib/x86_64-linux-gnu/libglib-2.0.so.0
find db
xfconf-query /lib/x86_64-linux-gnu/libc.so.6
find 0c
xfconf-query /lib/x86_64-linux-gnu/libgio-2.0.so.0
find 5e
xfconf-query /lib/x86_64-linux-gnu/libffi.so.8
find 8a
xfconf-query /lib/x86_64-linux-gnu/libm.so.6
xfconf-query /lib/x86_64-linux-gnu/libpcre2-8.so.0
find 59
xfconf-query /lib/x86_64-linux-gnu/libgmodule-2.0.so.0
find dd
xfconf-query /lib/x86_64-linux-gnu/libz.so.1
xfconf-query /lib/x86_64-linux-gnu/libmount.so.1
find 3d
xfconf-query /lib/x86_64-linux-gnu/libselinux.so.1
find 35
xfconf-query /lib/x86_64-linux-gnu/libblkid.so.1
find 8d
find 9a
find 80
find 33
xfconf-query /proc/filesystems
find ea
xfconf-query /usr/lib/locale/locale-archive
xfconf-query /usr/share/locale/locale.alias
find e1
xfconf-query /usr/share/locale/en_US/LC_MESSAGES/xfconf.mo
xfconf-query /usr/share/locale/en/LC_MESSAGES/xfconf.mo
xfconf-query /usr/share/locale-langpack/en_US/LC_MESSAGES/xfconf.mo
xfconf-query /usr/share/locale-langpack/en/LC_MESSAGES/xfconf.mo
xfconf-query /usr/lib/x86_64-linux-gnu/charset.alias
find 3e
find 6a
find b5
xfconf-query /var/lib/dbus/machine-id
find bc
find e8
xfconf-query /dev/null
find b8
find ef
dbus-launch /etc/ld.so.cache
dbus-launch /lib/x86_64-linux-gnu/libdbus-1.so.3
find b9
dbus-launch /lib/x86_64-linux-gnu/libX11.so.6
dbus-launch /lib/x86_64-linux-gnu/libc.so.6
find 7e
dbus-launch /lib/x86_64-linux-gnu/libsystemd.so.0
dbus-launch /lib/x86_64-linux-gnu/libxcb.so.1
find 6e
dbus-launch /lib/x86_64-linux-gnu/libcap.so.2
dbus-launch /lib/x86_64-linux-gnu/libgcrypt.so.20
find a2
dbus-launch /lib/x86_64-linux-gnu/liblz4.so.1
dbus-launch /lib/x86_64-linux-gnu/liblzma.so.5
find 71
dbus-launch /lib/x86_64-linux-gnu/libzstd.so.1
dbus-launch /lib/x86_64-linux-gnu/libXau.so.6
find b7
dbus-launch /lib/x86_64-linux-gnu/libXdmcp.so.6
find 8e
dbus-launch /lib/x86_64-linux-gnu/libgpg-error.so.0
dbus-launch /lib/x86_64-linux-gnu/libbsd.so.0
find 1a
find 20
dbus-launch /lib/x86_64-linux-gnu/libmd.so.0
find c9
find 26
dbus-launch /dev/null
find 4a
Xvfb /proc/1261/cmdline
find bd
find 62
find 21
find 2d
find 56
dbus-launch /etc/nsswitch.conf
dbus-launch /etc/passwd
find ksplash
find qmlcache
find qtshadercache-x86_64-little_endian-lp64
find plasmashell
find qmlcache
xfconf-query /usr/share/locale/en_US/LC_MESSAGES/libc.mo
xfconf-query /usr/share/locale/en/LC_MESSAGES/libc.mo
xfconf-query /usr/share/locale-langpack/en_US/LC_MESSAGES/libc.mo
xfconf-query /usr/share/locale-langpack/en/LC_MESSAGES/libc.mo
dbus-daemon /run/systemd/users/911
dbus-daemon /proc/1257/cmdline
dbus-daemon /etc/localtime
find /config/.config
find openbox
find vlc
dbus-daemon /proc/self/oom_score_adj
find pulse
find autostart
find kdedefaults
find gtk-3.0
find gtk-4.0
xfconfd /etc/ld.so.cache
xfconfd /lib/x86_64-linux-gnu/libgio-2.0.so.0
find dconf
xfconfd /lib/x86_64-linux-gnu/libgobject-2.0.so.0
xfconfd /lib/x86_64-linux-gnu/libxfce4util.so.7
find xsettingsd
xfconfd /lib/x86_64-linux-gnu/libglib-2.0.so.0
xfconfd /lib/x86_64-linux-gnu/libc.so.6
find kde.org
xfconfd /lib/x86_64-linux-gnu/libgmodule-2.0.so.0
xfconfd /lib/x86_64-linux-gnu/libz.so.1
xfconfd /lib/x86_64-linux-gnu/libmount.so.1
find /config/.local
xfconfd /lib/x86_64-linux-gnu/libselinux.so.1
xfconfd /lib/x86_64-linux-gnu/libffi.so.8
find bin
xfconfd /lib/x86_64-linux-gnu/libm.so.6
xfconfd /lib/x86_64-linux-gnu/libpcre2-8.so.0
xfconfd /lib/x86_64-linux-gnu/libblkid.so.1
find share
find kactivitymanagerd
find resources
find test-backup
xfconfd /proc/filesystems
find working-backup
xfconfd /usr/lib/locale/locale-archive
xfconfd /usr/share/locale/locale.alias
xfconfd /usr/share/locale/en_US/LC_MESSAGES/xfconf.mo
xfconfd /usr/share/locale/en/LC_MESSAGES/xfconf.mo
xfconfd /usr/share/locale-langpack/en_US/LC_MESSAGES/xfconf.mo
xfconfd /usr/share/locale-langpack/en/LC_MESSAGES/xfconf.mo
find baloo
xfconfd /usr/share/locale/en_US/LC_MESSAGES/libc.mo
xfconfd /usr/share/locale/en/LC_MESSAGES/libc.mo
xfconfd /usr/share/locale-langpack/en_US/LC_MESSAGES/libc.mo
xfconfd /usr/share/locale-langpack/en/LC_MESSAGES/libc.mo
xfconfd /usr/lib/x86_64-linux-gnu/charset.alias
sleep /etc/ld.so.cache
sleep /lib/x86_64-linux-gnu/libc.so.6
sleep /usr/lib/locale/locale-archive
sleep /usr/share/locale/locale.alias
sleep /usr/share/locale/en_US/LC_MESSAGES/coreutils.mo
sleep /usr/share/locale/en/LC_MESSAGES/coreutils.mo
sleep /usr/share/locale-langpack/en_US/LC_MESSAGES/coreutils.mo
sleep /usr/share/locale-langpack/en/LC_MESSAGES/coreutils.mo
dbus-daemon /run/systemd/users/911
dbus-daemon /proc/1264/cmdline
xfconfd /config/.config/xfce4/xfconf/xfce-perchannel-xml/xsettings.xml
xfconfd /usr/share/locale/en_US/LC_MESSAGES/glib20.mo
xfconfd /usr/share/locale/en/LC_MESSAGES/glib20.mo
xfconfd /usr/share/locale-langpack/en_US/LC_MESSAGES/glib20.mo
xfconfd /usr/share/locale-langpack/en/LC_MESSAGES/glib20.mo
xfconfd /config/.config/xfce4/xfconf/xfce-perchannel-xml/xsettings.xml
xrandr /etc/ld.so.cache
xrandr /lib/x86_64-linux-gnu/libXrandr.so.2
xrandr /lib/x86_64-linux-gnu/libX11.so.6
xrandr /lib/x86_64-linux-gnu/libm.so.6
xrandr /lib/x86_64-linux-gnu/libc.so.6
xrandr /lib/x86_64-linux-gnu/libXext.so.6
xrandr /lib/x86_64-linux-gnu/libXrender.so.1
xrandr /lib/x86_64-linux-gnu/libxcb.so.1
xrandr /lib/x86_64-linux-gnu/libXau.so.6
xrandr /lib/x86_64-linux-gnu/libXdmcp.so.6
xrandr /lib/x86_64-linux-gnu/libbsd.so.0
xrandr /lib/x86_64-linux-gnu/libmd.so.0
Xvfb /proc/1271/cmdline
xrandr /etc/ld.so.cache
xrandr /lib/x86_64-linux-gnu/libXrandr.so.2
xrandr /lib/x86_64-linux-gnu/libX11.so.6
xrandr /lib/x86_64-linux-gnu/libm.so.6
xrandr /lib/x86_64-linux-gnu/libc.so.6
xrandr /lib/x86_64-linux-gnu/libXext.so.6
xrandr /lib/x86_64-linux-gnu/libXrender.so.1
xrandr /lib/x86_64-linux-gnu/libxcb.so.1
xrandr /lib/x86_64-linux-gnu/libXau.so.6
xrandr /lib/x86_64-linux-gnu/libXdmcp.so.6
xrandr /lib/x86_64-linux-gnu/libbsd.so.0
xrandr /lib/x86_64-linux-gnu/libmd.so.0
Xvfb /proc/1272/cmdline
xrandr /etc/ld.so.cache
xrandr /lib/x86_64-linux-gnu/libXrandr.so.2
xrandr /lib/x86_64-linux-gnu/libX11.so.6
xrandr /lib/x86_64-linux-gnu/libm.so.6
xrandr /lib/x86_64-linux-gnu/libc.so.6
xrandr /lib/x86_64-linux-gnu/libXext.so.6
xrandr /lib/x86_64-linux-gnu/libXrender.so.1
xrandr /lib/x86_64-linux-gnu/libxcb.so.1
xrandr /lib/x86_64-linux-gnu/libXau.so.6
xrandr /lib/x86_64-linux-gnu/libXdmcp.so.6
xrandr /lib/x86_64-linux-gnu/libbsd.so.0
xrandr /lib/x86_64-linux-gnu/libmd.so.0
Xvfb /proc/1273/cmdline
cvt /etc/ld.so.cache
cvt /lib/x86_64-linux-gnu/libxcvt.so.0
cvt /lib/x86_64-linux-gnu/libm.so.6
cvt /lib/x86_64-linux-gnu/libc.so.6
xrandr /etc/ld.so.cache
xrandr /lib/x86_64-linux-gnu/libXrandr.so.2
xrandr /lib/x86_64-linux-gnu/libX11.so.6
xrandr /lib/x86_64-linux-gnu/libm.so.6
xrandr /lib/x86_64-linux-gnu/libc.so.6
xrandr /lib/x86_64-linux-gnu/libXext.so.6
xrandr /lib/x86_64-linux-gnu/libXrender.so.1
xrandr /lib/x86_64-linux-gnu/libxcb.so.1
xrandr /lib/x86_64-linux-gnu/libXau.so.6
xrandr /lib/x86_64-linux-gnu/libXdmcp.so.6
xrandr /lib/x86_64-linux-gnu/libbsd.so.0
xrandr /lib/x86_64-linux-gnu/libmd.so.0
Xvfb /proc/1275/cmdline
xrandr /etc/ld.so.cache
xrandr /lib/x86_64-linux-gnu/libXrandr.so.2
xrandr /lib/x86_64-linux-gnu/libX11.so.6
xrandr /lib/x86_64-linux-gnu/libm.so.6
xrandr /lib/x86_64-linux-gnu/libc.so.6
xrandr /lib/x86_64-linux-gnu/libXext.so.6
xrandr /lib/x86_64-linux-gnu/libXrender.so.1
xrandr /lib/x86_64-linux-gnu/libxcb.so.1
xrandr /lib/x86_64-linux-gnu/libXau.so.6
xrandr /lib/x86_64-linux-gnu/libXdmcp.so.6
xrandr /lib/x86_64-linux-gnu/libbsd.so.0
xrandr /lib/x86_64-linux-gnu/libmd.so.0
Xvfb /proc/1276/cmdline
xrandr /etc/ld.so.cache
xrandr /lib/x86_64-linux-gnu/libXrandr.so.2
xrandr /lib/x86_64-linux-gnu/libX11.so.6
xrandr /lib/x86_64-linux-gnu/libm.so.6
xrandr /lib/x86_64-linux-gnu/libc.so.6
xrandr /lib/x86_64-linux-gnu/libXext.so.6
xrandr /lib/x86_64-linux-gnu/libXrender.so.1
xrandr /lib/x86_64-linux-gnu/libxcb.so.1
xrandr /lib/x86_64-linux-gnu/libXau.so.6
xrandr /lib/x86_64-linux-gnu/libXdmcp.so.6
xrandr /lib/x86_64-linux-gnu/libbsd.so.0
xrandr /lib/x86_64-linux-gnu/libmd.so.0
Xvfb /proc/1277/cmdline
xrandr /etc/ld.so.cache
xrandr /lib/x86_64-linux-gnu/libXrandr.so.2
xrandr /lib/x86_64-linux-gnu/libX11.so.6
xrandr /lib/x86_64-linux-gnu/libm.so.6
xrandr /lib/x86_64-linux-gnu/libc.so.6
xrandr /lib/x86_64-linux-gnu/libXext.so.6
xrandr /lib/x86_64-linux-gnu/libXrender.so.1
xrandr /lib/x86_64-linux-gnu/libxcb.so.1
xrandr /lib/x86_64-linux-gnu/libXau.so.6
xrandr /lib/x86_64-linux-gnu/libXdmcp.so.6
xrandr /lib/x86_64-linux-gnu/libbsd.so.0
xrandr /lib/x86_64-linux-gnu/libmd.so.0
Xvfb /proc/1278/cmdline
xrandr /etc/ld.so.cache
xrandr /lib/x86_64-linux-gnu/libXrandr.so.2
xrandr /lib/x86_64-linux-gnu/libX11.so.6
xrandr /lib/x86_64-linux-gnu/libm.so.6
xrandr /lib/x86_64-linux-gnu/libc.so.6
xrandr /lib/x86_64-linux-gnu/libXext.so.6
xrandr /lib/x86_64-linux-gnu/libXrender.so.1
xrandr /lib/x86_64-linux-gnu/libxcb.so.1
xrandr /lib/x86_64-linux-gnu/libXau.so.6
xrandr /lib/x86_64-linux-gnu/libXdmcp.so.6
xrandr /lib/x86_64-linux-gnu/libbsd.so.0
xrandr /lib/x86_64-linux-gnu/libmd.so.0
Xvfb /proc/1279/cmdline
QSGRenderThread /config/.cache/qtshadercache-x86_64-little_endian-lp64/3c597a80..
QSGRenderThread /config/.cache/mesa_shader_cache/86/02e47704e478d2b9121f0ef7176..
selkies /usr/lib/python3.12/concurrent/futures/__pycache__/thread.cpyth..
plasmas:disk$0 /config/.cache/mesa_shader_cache/86/02e47704e478d2b9121f0ef7176..
QSGRenderThread /config/.cache/qtshadercache-x86_64-little_endian-lp64
plasmas:disk$0 /config/.cache/mesa_shader_cache/86/02e47704e478d2b9121f0ef7176..
plasmas:disk$0 /config/.cache/mesa_shader_cache/86/02e47704e478d2b9121f0ef7176..
selkies /sys/devices/system/cpu/online
bash /dev/null
find /etc/ld.so.cache
find /lib/x86_64-linux-gnu/libselinux.so.1
selkies /lsiopy/lib/python3.12/site-packages/pixelflux/../pixelflux.lib..
selkies /etc/ld.so.cache
selkies /lib/x86_64-linux-gnu/libnvidia-encode.so.1
selkies /usr/lib/x86_64-linux-gnu/libnvidia-encode.so.1
find /lib/x86_64-linux-gnu/libc.so.6
selkies /lib/libnvidia-encode.so.1
selkies /usr/lib/libnvidia-encode.so.1
selkies /lsiopy/lib/python3.12/site-packages/pixelflux/../pixelflux.lib..
selkies /etc/ld.so.cache
selkies /lib/x86_64-linux-gnu/libnvidia-encode.so
selkies /usr/lib/x86_64-linux-gnu/libnvidia-encode.so
selkies /lib/libnvidia-encode.so
find /lib/x86_64-linux-gnu/libpcre2-8.so.0
selkies /usr/lib/libnvidia-encode.so
Xvfb /proc/332/cmdline
find /proc/filesystems
find .
find /usr/lib/locale/locale-archive
find /usr/lib/x86_64-linux-gnu/gconv/gconv-modules.cache
find /config/.cache
find mesa_shader_cache
find db
find 0c
QSGRenderThread /config/.cache/mesa_shader_cache/40/896ab61d9771b6600804f68da67..
find 5e
selkies /config/.pulse/client.conf
selkies /config/.config/pulse/client.conf
selkies /etc/pulse/client.conf
find 8a
selkies /etc/pulse/client.conf.d
selkies /etc/pulse/client.conf.d/01-enable-autospawn.conf
selkies /dev/shm/
selkies /dev/urandom
find 59
selkies /defaults
find dd
find 3d
xclip /etc/ld.so.cache
xclip /lib/x86_64-linux-gnu/libXmu.so.6
threaded-ml /config/.config/pulse/cookie
find 35
xclip /lib/x86_64-linux-gnu/libX11.so.6
find 8d
selkies /sys/devices/system/cpu/online
xclip /lib/x86_64-linux-gnu/libc.so.6
find 9a
xclip /lib/x86_64-linux-gnu/libXt.so.6
xclip /lib/x86_64-linux-gnu/libXext.so.6
find 80
pulseaudio /dev/shm/
xclip /lib/x86_64-linux-gnu/libxcb.so.1
pulseaudio /dev/urandom
find 33
xclip /lib/x86_64-linux-gnu/libSM.so.6
xclip /lib/x86_64-linux-gnu/libICE.so.6
find ea
xclip /lib/x86_64-linux-gnu/libXau.so.6
threaded-ml /etc/passwd
xclip /lib/x86_64-linux-gnu/libXdmcp.so.6
threaded-ml /etc/machine-id
find e1
xclip /lib/x86_64-linux-gnu/libuuid.so.1
xclip /lib/x86_64-linux-gnu/libbsd.so.0
find 3e
xclip /lib/x86_64-linux-gnu/libmd.so.0
find 6a
find b5
find bc
xclip /usr/share/X11/locale/locale.alias
find e8
xclip /usr/share/X11/locale/locale.dir
find b8
xclip /usr/share/X11/locale/C/XLC_LOCALE
xclip /usr/share/X11/locale/locale.alias
find ef
xclip /usr/share/X11/locale/locale.dir
find b9
xclip /usr/share/X11/locale/C/XLC_LOCALE
find 7e
Xvfb /proc/1284/cmdline
find 6e
find a2
find 71
find b7
find 8e
find 1a
find 20
find c9
find 26
find 4a
find bd
find 62
find 21
find 2d
find 56
find 86
find ksplash
find qmlcache
find qtshadercache-x86_64-little_endian-lp64
find plasmashell
find qmlcache
plasmas:disk$0 /config/.cache/mesa_shader_cache/40/896ab61d9771b6600804f68da67..
QSGRenderThread /config/.cache/mesa_shader_cache/ed/c89a0ade0bf78cb04a9f864973a..
plasmas:disk$0 /config/.cache/mesa_shader_cache/40/896ab61d9771b6600804f68da67..
plasmas:disk$0 /config/.cache/mesa_shader_cache/40/896ab61d9771b6600804f68da67..
find /config/.config
find openbox
find vlc
find pulse
find autostart
find kdedefaults
find gtk-3.0
find gtk-4.0
find dconf
find xsettingsd
find kde.org
find xfce4
find xfconf
find xfce-perchannel-xml
find /config/.local
find bin
find share
find kactivitymanagerd
plasmas:disk$0 /config/.cache/mesa_shader_cache/ed/c89a0ade0bf78cb04a9f864973a..
find resources
find test-backup
plasmas:disk$0 /config/.cache/mesa_shader_cache/ed/c89a0ade0bf78cb04a9f864973a..
plasmas:disk$0 /config/.cache/mesa_shader_cache/ed/c89a0ade0bf78cb04a9f864973a..
find working-backup
find baloo
sleep /etc/ld.so.cache
sleep /lib/x86_64-linux-gnu/libc.so.6
sleep /usr/lib/locale/locale-archive
sleep /usr/share/locale/locale.alias
sleep /usr/share/locale/en_US/LC_MESSAGES/coreutils.mo
sleep /usr/share/locale/en/LC_MESSAGES/coreutils.mo
sleep /usr/share/locale-langpack/en_US/LC_MESSAGES/coreutils.mo
sleep /usr/share/locale-langpack/en/LC_MESSAGES/coreutils.mo
QQuickPixmapRea /usr/share/backgrounds/Jammy-Jellyfish-Purple.jpg
QSGRenderThread /config/.cache/qtshadercache-x86_64-little_endian-lp64/d524b60e..
QSGRenderThread /config/.cache/mesa_shader_cache/33/0d05b9eb33e85a79f8aac35efef..
plasmas:disk$0 /config/.cache/mesa_shader_cache/33/0d05b9eb33e85a79f8aac35efef..
QSGRenderThread /config/.cache/mesa_shader_cache/33/00b052fe14b1af317cbf469f440..
plasmas:disk$0 /config/.cache/mesa_shader_cache/33/0d05b9eb33e85a79f8aac35efef..
bash /dev/null
find /etc/ld.so.cache
find /lib/x86_64-linux-gnu/libselinux.so.1
find /lib/x86_64-linux-gnu/libc.so.6
find /lib/x86_64-linux-gnu/libpcre2-8.so.0
find /proc/filesystems
find .
find /usr/lib/locale/locale-archive
find /usr/lib/x86_64-linux-gnu/gconv/gconv-modules.cache
find /config/.cache
find mesa_shader_cache
find db
find 0c
find 5e
find 8a
find 59
find dd
find 3d
find 35
find 8d
find 9a
find 80
find 33
find ea
find e1
find 3e
find 6a
find b5
find bc
find e8
find b8
find ef
find b9
find 7e
find 6e
find a2
find 71
find b7
find 8e
find 1a
find 20
find c9
find 26
find 4a
find bd
find 62
find 21
find 2d
find 56
find 86
find 40
find ed
find ksplash
find qmlcache
find qtshadercache-x86_64-little_endian-lp64
find plasmashell
find qmlcache
find /config/.config
find openbox
find vlc
find pulse
find autostart
find kdedefaults
find gtk-3.0
find gtk-4.0
find dconf
find xsettingsd
find kde.org
find xfce4
find xfconf
find xfce-perchannel-xml
find /config/.local
find bin
find share
find kactivitymanagerd
find resources
find test-backup
find working-backup
find baloo
sleep /etc/ld.so.cache
sleep /lib/x86_64-linux-gnu/libc.so.6
sleep /usr/lib/locale/locale-archive
sleep /usr/share/locale/locale.alias
sleep /usr/share/locale/en_US/LC_MESSAGES/coreutils.mo
sleep /usr/share/locale/en/LC_MESSAGES/coreutils.mo
sleep /usr/share/locale-langpack/en_US/LC_MESSAGES/coreutils.mo
sleep /usr/share/locale-langpack/en/LC_MESSAGES/coreutils.mo
bash /dev/null
find /etc/ld.so.cache
find /lib/x86_64-linux-gnu/libselinux.so.1
find /lib/x86_64-linux-gnu/libc.so.6
find /lib/x86_64-linux-gnu/libpcre2-8.so.0
find /proc/filesystems
find .
find /usr/lib/locale/locale-archive
find /usr/lib/x86_64-linux-gnu/gconv/gconv-modules.cache
find /config/.cache
find mesa_shader_cache
find db
find 0c
find 5e
find 8a
find 59
find dd
find 3d
find 35
find 8d
find 9a
find 80
find 33
find ea
find e1
find 3e
find 6a
find b5
find bc
find e8
find b8
find ef
find b9
find 7e
find 6e
find a2
find 71
find b7
find 8e
find 1a
find 20
find c9
find 26
find 4a
find bd
find 62
find 21
find 2d
find 56
find 86
find 40
find ed
find ksplash
find qmlcache
find qtshadercache-x86_64-little_endian-lp64
find plasmashell
find qmlcache
find /config/.config
find openbox
find vlc
find pulse
find autostart
find kdedefaults
find gtk-3.0
find gtk-4.0
find dconf
find xsettingsd
find kde.org
find xfce4
find xfconf
find xfce-perchannel-xml
find /config/.local
find bin
find share
find kactivitymanagerd
find resources
find test-backup
find working-backup
find baloo
sleep /etc/ld.so.cache
sleep /lib/x86_64-linux-gnu/libc.so.6
sleep /usr/lib/locale/locale-archive
sleep /usr/share/locale/locale.alias
sleep /usr/share/locale/en_US/LC_MESSAGES/coreutils.mo
sleep /usr/share/locale/en/LC_MESSAGES/coreutils.mo
sleep /usr/share/locale-langpack/en_US/LC_MESSAGES/coreutils.mo
sleep /usr/share/locale-langpack/en/LC_MESSAGES/coreutils.mo
xclip /etc/ld.so.cache
xclip /lib/x86_64-linux-gnu/libXmu.so.6
xclip /lib/x86_64-linux-gnu/libX11.so.6
xclip /lib/x86_64-linux-gnu/libc.so.6
xclip /lib/x86_64-linux-gnu/libXt.so.6
xclip /lib/x86_64-linux-gnu/libXext.so.6
xclip /lib/x86_64-linux-gnu/libxcb.so.1
xclip /lib/x86_64-linux-gnu/libSM.so.6
xclip /lib/x86_64-linux-gnu/libICE.so.6
xclip /lib/x86_64-linux-gnu/libXau.so.6
xclip /lib/x86_64-linux-gnu/libXdmcp.so.6
xclip /lib/x86_64-linux-gnu/libuuid.so.1
xclip /lib/x86_64-linux-gnu/libbsd.so.0
xclip /lib/x86_64-linux-gnu/libmd.so.0
xclip /usr/share/X11/locale/locale.alias
xclip /usr/share/X11/locale/locale.dir
xclip /usr/share/X11/locale/C/XLC_LOCALE
xclip /usr/share/X11/locale/locale.alias
xclip /usr/share/X11/locale/locale.dir
xclip /usr/share/X11/locale/C/XLC_LOCALE
Xvfb /proc/1305/cmdline
bash /dev/null
find /etc/ld.so.cache
find /lib/x86_64-linux-gnu/libselinux.so.1
find /lib/x86_64-linux-gnu/libc.so.6
find /lib/x86_64-linux-gnu/libpcre2-8.so.0
find /proc/filesystems
find .
find /usr/lib/locale/locale-archive
find /usr/lib/x86_64-linux-gnu/gconv/gconv-modules.cache
find /config/.cache
find mesa_shader_cache
find db
find 0c
find 5e
find 8a
find 59
find dd
find 3d
find 35
find 8d
find 9a
find 80
find 33
find ea
find e1
find 3e
find 6a
find b5
find bc
find e8
find b8
find ef
find b9
find 7e
find 6e
find a2
find 71
find b7
find 8e
find 1a
find 20
find c9
find 26
find 4a
find bd
find 62
find 21
find 2d
find 56
find 86
find 40
find ed
find ksplash
find qmlcache
find qtshadercache-x86_64-little_endian-lp64
find plasmashell
find qmlcache
find /config/.config
find openbox
find vlc
find pulse
find autostart
find kdedefaults
find gtk-3.0
find gtk-4.0
find dconf
find xsettingsd
find kde.org
find xfce4
find xfconf
find xfce-perchannel-xml
find /config/.local
find bin
find share
find kactivitymanagerd
find resources
find test-backup
find working-backup
find baloo
sleep /etc/ld.so.cache
sleep /lib/x86_64-linux-gnu/libc.so.6
sleep /usr/lib/locale/locale-archive
sleep /usr/share/locale/locale.alias
sleep /usr/share/locale/en_US/LC_MESSAGES/coreutils.mo
sleep /usr/share/locale/en/LC_MESSAGES/coreutils.mo
sleep /usr/share/locale-langpack/en_US/LC_MESSAGES/coreutils.mo
sleep /usr/share/locale-langpack/en/LC_MESSAGES/coreutils.mo
bash /dev/null
find /etc/ld.so.cache
find /lib/x86_64-linux-gnu/libselinux.so.1
find /lib/x86_64-linux-gnu/libc.so.6
find /lib/x86_64-linux-gnu/libpcre2-8.so.0
find /proc/filesystems
find .
find /usr/lib/locale/locale-archive
find /usr/lib/x86_64-linux-gnu/gconv/gconv-modules.cache
find /config/.cache
find mesa_shader_cache
find db
find 0c
find 5e
find 8a
find 59
find dd
find 3d
find 35
find 8d
find 9a
find 80
find 33
find ea
find e1
find 3e
find 6a
find b5
find bc
find e8
find b8
find ef
find b9
find 7e
find 6e
find a2
find 71
find b7
find 8e
find 1a
find 20
find c9
find 26
find 4a
find bd
find 62
find 21
find 2d
find 56
find 86
find 40
find ed
find ksplash
find qmlcache
find qtshadercache-x86_64-little_endian-lp64
find plasmashell
find qmlcache
find /config/.config
find openbox
find vlc
find pulse
find autostart
find kdedefaults
find gtk-3.0
find gtk-4.0
find dconf
find xsettingsd
find kde.org
find xfce4
find xfconf
find xfce-perchannel-xml
find /config/.local
find bin
find share
find kactivitymanagerd
find resources
find test-backup
find working-backup
find baloo
sleep /etc/ld.so.cache
sleep /lib/x86_64-linux-gnu/libc.so.6
sleep /usr/lib/locale/locale-archive
sleep /usr/share/locale/locale.alias
sleep /usr/share/locale/en_US/LC_MESSAGES/coreutils.mo
sleep /usr/share/locale/en/LC_MESSAGES/coreutils.mo
sleep /usr/share/locale-langpack/en_US/LC_MESSAGES/coreutils.mo
sleep /usr/share/locale-langpack/en/LC_MESSAGES/coreutils.mo
QSGRenderThread /config/.cache/mesa_shader_cache/9d/606aba494dc71333136762dd721..
plasmas:disk$0 /config/.cache/mesa_shader_cache/9d/606aba494dc71333136762dd721..
plasmas:disk$0 /config/.cache/mesa_shader_cache/9d/606aba494dc71333136762dd721..
plasmas:disk$0 /config/.cache/mesa_shader_cache/9d/606aba494dc71333136762dd721..
bash /dev/null
find /etc/ld.so.cache
find /lib/x86_64-linux-gnu/libselinux.so.1
find /lib/x86_64-linux-gnu/libc.so.6
find /lib/x86_64-linux-gnu/libpcre2-8.so.0
find /proc/filesystems
find .
find /usr/lib/locale/locale-archive
find /usr/lib/x86_64-linux-gnu/gconv/gconv-modules.cache
find /config/.cache
find mesa_shader_cache
find db
find 0c
find 5e
find 8a
find 59
find dd
find 3d
find 35
find 8d
find 9a
find 80
find 33
find ea
find e1
find 3e
find 6a
find b5
find bc
find e8
find b8
find ef
find b9
find 7e
find 6e
find a2
find 71
find b7
find 8e
find 1a
find 20
find c9
find 26
find 4a
find bd
find 62
find 21
find 2d
find 56
find 86
find 40
find ed
find 9d
find ksplash
find qmlcache
find qtshadercache-x86_64-little_endian-lp64
find plasmashell
find qmlcache
find /config/.config
find openbox
find vlc
find pulse
find autostart
find kdedefaults
find gtk-3.0
find gtk-4.0
find dconf
find xsettingsd
find kde.org
find xfce4
find xfconf
find xfce-perchannel-xml
find /config/.local
find bin
find share
find kactivitymanagerd
find resources
find test-backup
find working-backup
find baloo
sleep /etc/ld.so.cache
sleep /lib/x86_64-linux-gnu/libc.so.6
sleep /usr/lib/locale/locale-archive
sleep /usr/share/locale/locale.alias
sleep /usr/share/locale/en_US/LC_MESSAGES/coreutils.mo
sleep /usr/share/locale/en/LC_MESSAGES/coreutils.mo
sleep /usr/share/locale-langpack/en_US/LC_MESSAGES/coreutils.mo
sleep /usr/share/locale-langpack/en/LC_MESSAGES/coreutils.mo
plasmashell /config/.Xdefaults-b6057b1e59b7
plasmashell /config/.icons/breeze_cursors/cursors/left_ptr
plasmashell /config/.icons/breeze_cursors/index.theme
plasmashell /usr/share/icons/breeze_cursors/cursors/left_ptr
plasmashell /config/Desktop/thunderbird.desktop
bash /dev/null
find /etc/ld.so.cache
find /lib/x86_64-linux-gnu/libselinux.so.1
find /lib/x86_64-linux-gnu/libc.so.6
find /lib/x86_64-linux-gnu/libpcre2-8.so.0
find /proc/filesystems
find .
find /usr/lib/locale/locale-archive
find /usr/lib/x86_64-linux-gnu/gconv/gconv-modules.cache
find /config/.cache
find mesa_shader_cache
find db
find 0c
find 5e
find 8a
find 59
find dd
find 3d
find 35
find 8d
find 9a
find 80
find 33
find ea
QSGRenderThread /config/.cache/mesa_shader_cache/05/821511f11136f0cb2e5902dff62..
find e1
find 3e
find 6a
find b5
find bc
find e8
find b8
find ef
find b9
find 7e
find 6e
find a2
find 71
find b7
find 8e
find 1a
find 20
find c9
find 26
find 4a
find bd
find 62
find 21
find 2d
find 56
find 86
find 40
find ed
find 9d
find ksplash
find qmlcache
find qtshadercache-x86_64-little_endian-lp64
find plasmashell
find qmlcache
find /config/.config
find openbox
find vlc
find pulse
find autostart
find kdedefaults
find gtk-3.0
find gtk-4.0
find dconf
find xsettingsd
find kde.org
find xfce4
find xfconf
find xfce-perchannel-xml
find /config/.local
find bin
find share
find kactivitymanagerd
find resources
find test-backup
find working-backup
find baloo
sleep /etc/ld.so.cache
sleep /lib/x86_64-linux-gnu/libc.so.6
plasmas:disk$0 /config/.cache/mesa_shader_cache/05/821511f11136f0cb2e5902dff62..
plasmas:disk$0 /config/.cache/mesa_shader_cache/05/821511f11136f0cb2e5902dff62..
plasmas:disk$0 /config/.cache/mesa_shader_cache/05/821511f11136f0cb2e5902dff62..
sleep /usr/lib/locale/locale-archive
sleep /usr/share/locale/locale.alias
sleep /usr/share/locale/en_US/LC_MESSAGES/coreutils.mo
sleep /usr/share/locale/en/LC_MESSAGES/coreutils.mo
sleep /usr/share/locale-langpack/en_US/LC_MESSAGES/coreutils.mo
sleep /usr/share/locale-langpack/en/LC_MESSAGES/coreutils.mo
QSGRenderThread /config/.cache/mesa_shader_cache/b5/649c319061cf5f5c432f0c3cd02..
selkies /proc/stat
selkies /proc/meminfo
plasmas:disk$0 /config/.cache/mesa_shader_cache/b5/649c319061cf5f5c432f0c3cd02..
plasmas:disk$0 /config/.cache/mesa_shader_cache/b5/649c319061cf5f5c432f0c3cd02..
QSGRenderThread /config/.cache/mesa_shader_cache/03/85404440a27386f79d70b87e514..
xclip /etc/ld.so.cache
xclip /lib/x86_64-linux-gnu/libXmu.so.6
xclip /lib/x86_64-linux-gnu/libX11.so.6
xclip /lib/x86_64-linux-gnu/libc.so.6
xclip /lib/x86_64-linux-gnu/libXt.so.6
xclip /lib/x86_64-linux-gnu/libXext.so.6
xclip /lib/x86_64-linux-gnu/libxcb.so.1
xclip /lib/x86_64-linux-gnu/libSM.so.6
xclip /lib/x86_64-linux-gnu/libICE.so.6
xclip /lib/x86_64-linux-gnu/libXau.so.6
xclip /lib/x86_64-linux-gnu/libXdmcp.so.6
xclip /lib/x86_64-linux-gnu/libuuid.so.1
xclip /lib/x86_64-linux-gnu/libbsd.so.0
xclip /lib/x86_64-linux-gnu/libmd.so.0
xclip /usr/share/X11/locale/locale.alias
plasmas:disk$0 /config/.cache/mesa_shader_cache/03/85404440a27386f79d70b87e514..
plasmas:disk$0 /config/.cache/mesa_shader_cache/03/85404440a27386f79d70b87e514..
xclip /usr/share/X11/locale/locale.dir
plasmas:disk$0 /config/.cache/mesa_shader_cache/03/85404440a27386f79d70b87e514..
xclip /usr/share/X11/locale/C/XLC_LOCALE
xclip /usr/share/X11/locale/locale.alias
xclip /usr/share/X11/locale/locale.dir
xclip /usr/share/X11/locale/C/XLC_LOCALE
Xvfb /proc/1345/cmdline
bash /dev/null
find /etc/ld.so.cache
find /lib/x86_64-linux-gnu/libselinux.so.1
find /lib/x86_64-linux-gnu/libc.so.6
find /lib/x86_64-linux-gnu/libpcre2-8.so.0
find /proc/filesystems
find .
find /usr/lib/locale/locale-archive
find /usr/lib/x86_64-linux-gnu/gconv/gconv-modules.cache
find /config/.cache
find mesa_shader_cache
find db
find 0c
find 5e
find 8a
find 59
find dd
find 3d
find 35
find 8d
find 9a
find 80
find 33
find ea
find e1
find 3e
find 6a
find b5
find bc
find e8
find b8
find ef
find b9
find 7e
find 6e
find a2
find 71
find b7
find 8e
find 1a
find 20
find c9
find 26
find 4a
find bd
find 62
find 21
find 2d
find 56
find 86
find 40
find ed
find 9d
find 05
find 03
find ksplash
find qmlcache
find qtshadercache-x86_64-little_endian-lp64
find plasmashell
find qmlcache
find /config/.config
find openbox
find vlc
find pulse
find autostart
find kdedefaults
find gtk-3.0
find gtk-4.0
find dconf
find xsettingsd
find kde.org
find xfce4
find xfconf
find xfce-perchannel-xml
find /config/.local
find bin
find share
find kactivitymanagerd
find resources
find test-backup
find working-backup
plasmashell /config/Desktop/code.desktop
find baloo
sleep /etc/ld.so.cache
sleep /lib/x86_64-linux-gnu/libc.so.6
sleep /usr/lib/locale/locale-archive
sleep /usr/share/locale/locale.alias
sleep /usr/share/locale/en_US/LC_MESSAGES/coreutils.mo
sleep /usr/share/locale/en/LC_MESSAGES/coreutils.mo
sleep /usr/share/locale-langpack/en_US/LC_MESSAGES/coreutils.mo
sleep /usr/share/locale-langpack/en/LC_MESSAGES/coreutils.mo
plasmashell /config/Desktop/chromium.desktop
bash /dev/null
find /etc/ld.so.cache
find /lib/x86_64-linux-gnu/libselinux.so.1
find /lib/x86_64-linux-gnu/libc.so.6
find /lib/x86_64-linux-gnu/libpcre2-8.so.0
find /proc/filesystems
find .
find /usr/lib/locale/locale-archive
find /usr/lib/x86_64-linux-gnu/gconv/gconv-modules.cache
find /config/.cache
find mesa_shader_cache
find db
find 0c
find 5e
find 8a
find 59
find dd
find 3d
find 35
find 8d
find 9a
find 80
find 33
find ea
find e1
find 3e
find 6a
find b5
find bc
find e8
find b8
find ef
find b9
find 7e
find 6e
find a2
find 71
find b7
find 8e
find 1a
find 20
find c9
find 26
find 4a
find bd
find 62
find 21
find 2d
find 56
find 86
find 40
find ed
find 9d
find 05
find 03
find ksplash
find qmlcache
find qtshadercache-x86_64-little_endian-lp64
find plasmashell
find qmlcache
find /config/.config
find openbox
find vlc
find pulse
find autostart
find kdedefaults
find gtk-3.0
find gtk-4.0
find dconf
find xsettingsd
find kde.org
find xfce4
find xfconf
find xfce-perchannel-xml
find /config/.local
find bin
find share
find kactivitymanagerd
find resources
find test-backup
find working-backup
find baloo
sleep /etc/ld.so.cache
sleep /lib/x86_64-linux-gnu/libc.so.6
sleep /usr/lib/locale/locale-archive
sleep /usr/share/locale/locale.alias
sleep /usr/share/locale/en_US/LC_MESSAGES/coreutils.mo
sleep /usr/share/locale/en/LC_MESSAGES/coreutils.mo
sleep /usr/share/locale-langpack/en_US/LC_MESSAGES/coreutils.mo
sleep /usr/share/locale-langpack/en/LC_MESSAGES/coreutils.mo
bash /dev/null
find /etc/ld.so.cache
find /lib/x86_64-linux-gnu/libselinux.so.1
find /lib/x86_64-linux-gnu/libc.so.6
find /lib/x86_64-linux-gnu/libpcre2-8.so.0
find /proc/filesystems
find .
find /usr/lib/locale/locale-archive
find /usr/lib/x86_64-linux-gnu/gconv/gconv-modules.cache
find /config/.cache
find mesa_shader_cache
find db
find 0c
find 5e
find 8a
find 59
find dd
find 3d
find 35
find 8d
find 9a
find 80
find 33
find ea
find e1
find 3e
find 6a
find b5
find bc
find e8
find b8
find ef
find b9
find 7e
find 6e
find a2
find 71
find b7
find 8e
find 1a
find 20
find c9
find 26
find 4a
find bd
find 62
find 21
find 2d
find 56
find 86
find 40
find ed
find 9d
find 05
find 03
find ksplash
find qmlcache
find qtshadercache-x86_64-little_endian-lp64
find plasmashell
find qmlcache
find /config/.config
find openbox
find vlc
find pulse
find autostart
find kdedefaults
find gtk-3.0
find gtk-4.0
find dconf
find xsettingsd
find kde.org
find xfce4
find xfconf
find xfce-perchannel-xml
find /config/.local
find bin
find share
find kactivitymanagerd
find resources
find test-backup
find working-backup
find baloo
sleep /etc/ld.so.cache
sleep /lib/x86_64-linux-gnu/libc.so.6
sleep /usr/lib/locale/locale-archive
sleep /usr/share/locale/locale.alias
sleep /usr/share/locale/en_US/LC_MESSAGES/coreutils.mo
sleep /usr/share/locale/en/LC_MESSAGES/coreutils.mo
sleep /usr/share/locale-langpack/en_US/LC_MESSAGES/coreutils.mo
sleep /usr/share/locale-langpack/en/LC_MESSAGES/coreutils.mo
bash /dev/null
find /etc/ld.so.cache
find /lib/x86_64-linux-gnu/libselinux.so.1
find /lib/x86_64-linux-gnu/libc.so.6
find /lib/x86_64-linux-gnu/libpcre2-8.so.0
find /proc/filesystems
find .
find /usr/lib/locale/locale-archive
find /usr/lib/x86_64-linux-gnu/gconv/gconv-modules.cache
find /config/.cache
find mesa_shader_cache
find db
find 0c
find 5e
find 8a
find 59
find dd
find 3d
find 35
find 8d
find 9a
find 80
find 33
find ea
find e1
find 3e
find 6a
find b5
find bc
find e8
find b8
find ef
find b9
find 7e
find 6e
find a2
find 71
find b7
find 8e
find 1a
find 20
find c9
find 26
find 4a
find bd
find 62
find 21
find 2d
find 56
find 86
find 40
find ed
find 9d
find 05
find 03
find ksplash
find qmlcache
find qtshadercache-x86_64-little_endian-lp64
find plasmashell
find qmlcache
find /config/.config
find openbox
find vlc
find pulse
find autostart
find kdedefaults
find gtk-3.0
find gtk-4.0
find dconf
find xsettingsd
find kde.org
find xfce4
find xfconf
find xfce-perchannel-xml
find /config/.local
find bin
find share
find kactivitymanagerd
find resources
find test-backup
find working-backup
find baloo
sleep /etc/ld.so.cache
sleep /lib/x86_64-linux-gnu/libc.so.6
sleep /usr/lib/locale/locale-archive
sleep /usr/share/locale/locale.alias
sleep /usr/share/locale/en_US/LC_MESSAGES/coreutils.mo
sleep /usr/share/locale/en/LC_MESSAGES/coreutils.mo
sleep /usr/share/locale-langpack/en_US/LC_MESSAGES/coreutils.mo
sleep /usr/share/locale-langpack/en/LC_MESSAGES/coreutils.mo
xclip /etc/ld.so.cache
xclip /lib/x86_64-linux-gnu/libXmu.so.6
xclip /lib/x86_64-linux-gnu/libX11.so.6
xclip /lib/x86_64-linux-gnu/libc.so.6
xclip /lib/x86_64-linux-gnu/libXt.so.6
xclip /lib/x86_64-linux-gnu/libXext.so.6
xclip /lib/x86_64-linux-gnu/libxcb.so.1
xclip /lib/x86_64-linux-gnu/libSM.so.6
xclip /lib/x86_64-linux-gnu/libICE.so.6
xclip /lib/x86_64-linux-gnu/libXau.so.6
xclip /lib/x86_64-linux-gnu/libXdmcp.so.6
xclip /lib/x86_64-linux-gnu/libuuid.so.1
xclip /lib/x86_64-linux-gnu/libbsd.so.0
xclip /lib/x86_64-linux-gnu/libmd.so.0
xclip /usr/share/X11/locale/locale.alias
xclip /usr/share/X11/locale/locale.dir
xclip /usr/share/X11/locale/C/XLC_LOCALE
xclip /usr/share/X11/locale/locale.alias
xclip /usr/share/X11/locale/locale.dir
xclip /usr/share/X11/locale/C/XLC_LOCALE
Xvfb /proc/1385/cmdline
bash /dev/null
find /etc/ld.so.cache
find /lib/x86_64-linux-gnu/libselinux.so.1
find /lib/x86_64-linux-gnu/libc.so.6
find /lib/x86_64-linux-gnu/libpcre2-8.so.0
find /proc/filesystems
find .
find /usr/lib/locale/locale-archive
find /usr/lib/x86_64-linux-gnu/gconv/gconv-modules.cache
find /config/.cache
find mesa_shader_cache
find db
find 0c
find 5e
find 8a
find 59
find dd
find 3d
find 35
find 8d
find 9a
find 80
find 33
find ea
find e1
find 3e
find 6a
find b5
find bc
find e8
find b8
find ef
find b9
find 7e
find 6e
find a2
find 71
find b7
find 8e
find 1a
find 20
find c9
find 26
find 4a
find bd
find 62
find 21
find 2d
find 56
find 86
find 40
find ed
find 9d
find 05
find 03
find ksplash
find qmlcache
find qtshadercache-x86_64-little_endian-lp64
find plasmashell
find qmlcache
find /config/.config
find openbox
find vlc
find pulse
find autostart
find kdedefaults
find gtk-3.0
find gtk-4.0
find dconf
find xsettingsd
find kde.org
find xfce4
find xfconf
find xfce-perchannel-xml
find /config/.local
find bin
find share
find kactivitymanagerd
find resources
find test-backup
find working-backup
find baloo
sleep /etc/ld.so.cache
sleep /lib/x86_64-linux-gnu/libc.so.6
sleep /usr/lib/locale/locale-archive
sleep /usr/share/locale/locale.alias
sleep /usr/share/locale/en_US/LC_MESSAGES/coreutils.mo
sleep /usr/share/locale/en/LC_MESSAGES/coreutils.mo
sleep /usr/share/locale-langpack/en_US/LC_MESSAGES/coreutils.mo
sleep /usr/share/locale-langpack/en/LC_MESSAGES/coreutils.mo
bash /dev/null
find /etc/ld.so.cache
find /lib/x86_64-linux-gnu/libselinux.so.1
find /lib/x86_64-linux-gnu/libc.so.6
find /lib/x86_64-linux-gnu/libpcre2-8.so.0
find /proc/filesystems
find .
find /usr/lib/locale/locale-archive
find /usr/lib/x86_64-linux-gnu/gconv/gconv-modules.cache
find /config/.cache
find mesa_shader_cache
find db
find 0c
find 5e
find 8a
find 59
find dd
find 3d
find 35
find 8d
find 9a
find 80
find 33
find ea
find e1
find 3e
find 6a
find b5
find bc
find e8
find b8
find ef
find b9
find 7e
find 6e
find a2
find 71
find b7
find 8e
find 1a
find 20
find c9
find 26
find 4a
find bd
find 62
find 21
find 2d
find 56
find 86
find 40
find ed
find 9d
find 05
find 03
find ksplash
find qmlcache
find qtshadercache-x86_64-little_endian-lp64
find plasmashell
find qmlcache
find /config/.config
find openbox
find vlc
find pulse
find autostart
find kdedefaults
find gtk-3.0
find gtk-4.0
find dconf
find xsettingsd
find kde.org
find xfce4
find xfconf
find xfce-perchannel-xml
find /config/.local
find bin
find share
find kactivitymanagerd
find resources
find test-backup
find working-backup
find baloo
sleep /etc/ld.so.cache
sleep /lib/x86_64-linux-gnu/libc.so.6
sleep /usr/lib/locale/locale-archive
sleep /usr/share/locale/locale.alias
sleep /usr/share/locale/en_US/LC_MESSAGES/coreutils.mo
sleep /usr/share/locale/en/LC_MESSAGES/coreutils.mo
sleep /usr/share/locale-langpack/en_US/LC_MESSAGES/coreutils.mo
sleep /usr/share/locale-langpack/en/LC_MESSAGES/coreutils.mo
plasmashell /config/Desktop/chromium.desktop
plasmashell /config/.config/user-dirs.dirs
plasmashell /config/Templates
QSGRenderThread /config/.cache/mesa_shader_cache/67/300b64f992db8cd870aba10d194..
plasmas:disk$0 /config/.cache/mesa_shader_cache/67/300b64f992db8cd870aba10d194..
QSGRenderThread /config/.cache/mesa_shader_cache/7d/f5f5a56c9b9eb1ebef6cf2871fc..
plasmas:disk$0 /config/.cache/mesa_shader_cache/67/300b64f992db8cd870aba10d194..
plasmas:disk$0 /config/.cache/mesa_shader_cache/67/300b64f992db8cd870aba10d194..
plasmas:disk$0 /config/.cache/mesa_shader_cache/7d/f5f5a56c9b9eb1ebef6cf2871fc..
QSGRenderThread /config/.cache/mesa_shader_cache/11/8012095cfa7caf074a257fc0575..
plasmas:disk$0 /config/.cache/mesa_shader_cache/7d/f5f5a56c9b9eb1ebef6cf2871fc..
plasmas:disk$0 /config/.cache/mesa_shader_cache/7d/f5f5a56c9b9eb1ebef6cf2871fc..
plasmas:disk$0 /config/.cache/mesa_shader_cache/11/8012095cfa7caf074a257fc0575..
plasmas:disk$0 /config/.cache/mesa_shader_cache/11/8012095cfa7caf074a257fc0575..
plasmas:disk$0 /config/.cache/mesa_shader_cache/11/8012095cfa7caf074a257fc0575..
QSGRenderThread /config/.cache/mesa_shader_cache/13/9ac72d90e7d989d698c0e906cd0..
bash /dev/null
find /etc/ld.so.cache
find /lib/x86_64-linux-gnu/libselinux.so.1
find /lib/x86_64-linux-gnu/libc.so.6
find /lib/x86_64-linux-gnu/libpcre2-8.so.0
find /proc/filesystems
find .
find /usr/lib/locale/locale-archive
find /usr/lib/x86_64-linux-gnu/gconv/gconv-modules.cache
find /config/.cache
find mesa_shader_cache
find db
find 0c
find 5e
find 8a
find 59
find dd
find 3d
find 35
find 8d
find 9a
find 80
find 33
find ea
find e1
find 3e
find 6a
find b5
find bc
find e8
find b8
find ef
find b9
find 7e
find 6e
find a2
find 71
find b7
find 8e
find 1a
find 20
find c9
find 26
find 4a
find bd
find 62
find 21
plasmashell /config/Desktop/chromium.desktop
find 2d
plasmas:disk$0 /config/.cache/mesa_shader_cache/13/9ac72d90e7d989d698c0e906cd0..
find 56
plasmas:disk$0 /config/.cache/mesa_shader_cache/13/9ac72d90e7d989d698c0e906cd0..
QSGRenderThread /config/.cache/mesa_shader_cache/b6/1d291756e0b7fe773aea85bace0..
plasmas:disk$0 /config/.cache/mesa_shader_cache/13/9ac72d90e7d989d698c0e906cd0..
find 86
find 40
find ed
find 9d
find 05
find 03
find 67
find 7d
find 11
find ksplash
find qmlcache
find qtshadercache-x86_64-little_endian-lp64
find plasmashell
find qmlcache
find /config/.config
find openbox
find vlc
find pulse
find autostart
find kdedefaults
find gtk-3.0
find gtk-4.0
find dconf
find xsettingsd
find kde.org
find xfce4
find xfconf
find xfce-perchannel-xml
find /config/.local
find bin
find share
find kactivitymanagerd
find resources
find test-backup
find working-backup
find baloo
sleep /etc/ld.so.cache
sleep /lib/x86_64-linux-gnu/libc.so.6
sleep /usr/lib/locale/locale-archive
sleep /usr/share/locale/locale.alias
sleep /usr/share/locale/en_US/LC_MESSAGES/coreutils.mo
sleep /usr/share/locale/en/LC_MESSAGES/coreutils.mo
sleep /usr/share/locale-langpack/en_US/LC_MESSAGES/coreutils.mo
sleep /usr/share/locale-langpack/en/LC_MESSAGES/coreutils.mo
plasmas:disk$0 /config/.cache/mesa_shader_cache/b6/1d291756e0b7fe773aea85bace0..
QSGRenderThread /config/.cache/mesa_shader_cache/6a/bc1a28bb73ad21ed08c4d0ec9b2..
plasmas:disk$0 /config/.cache/mesa_shader_cache/b6/1d291756e0b7fe773aea85bace0..
plasmas:disk$0 /config/.cache/mesa_shader_cache/b6/1d291756e0b7fe773aea85bace0..
plasmas:disk$0 /config/.cache/mesa_shader_cache/6a/bc1a28bb73ad21ed08c4d0ec9b2..
plasmas:disk$0 /config/.cache/mesa_shader_cache/6a/bc1a28bb73ad21ed08c4d0ec9b2..
QSGRenderThread /config/.cache/mesa_shader_cache/4e/eded535a438cc683e09bec52abe..
plasmas:disk$0 /config/.cache/mesa_shader_cache/4e/eded535a438cc683e09bec52abe..
plasmas:disk$0 /config/.cache/mesa_shader_cache/4e/eded535a438cc683e09bec52abe..
plasmas:disk$0 /config/.cache/mesa_shader_cache/4e/eded535a438cc683e09bec52abe..
bash /dev/null
find /etc/ld.so.cache
find /lib/x86_64-linux-gnu/libselinux.so.1
find /lib/x86_64-linux-gnu/libc.so.6
find /lib/x86_64-linux-gnu/libpcre2-8.so.0
find /proc/filesystems
find .
find /usr/lib/locale/locale-archive
find /usr/lib/x86_64-linux-gnu/gconv/gconv-modules.cache
find /config/.cache
find mesa_shader_cache
find db
find 0c
find 5e
find 8a
find 59
find dd
find 3d
find 35
find 8d
find 9a
find 80
find 33
find ea
find e1
find 3e
find 6a
find b5
find bc
find e8
find b8
find ef
find b9
find 7e
find 6e
find a2
find 71
find b7
find 8e
find 1a
find 20
find c9
find 26
find 4a
find bd
find 62
find 21
find 2d
find 56
find 86
find 40
find ed
find 9d
find 05
find 03
find 67
find 7d
find 11
find 13
find b6
find 4e
find ksplash
find qmlcache
find qtshadercache-x86_64-little_endian-lp64
find plasmashell
find qmlcache
find /config/.config
find openbox
find vlc
find pulse
find autostart
find kdedefaults
find gtk-3.0
find gtk-4.0
find dconf
find xsettingsd
find kde.org
find xfce4
find xfconf
find xfce-perchannel-xml
find /config/.local
find bin
find share
find kactivitymanagerd
find resources
find test-backup
find working-backup
find baloo
sleep /etc/ld.so.cache
sleep /lib/x86_64-linux-gnu/libc.so.6
sleep /usr/lib/locale/locale-archive
sleep /usr/share/locale/locale.alias
sleep /usr/share/locale/en_US/LC_MESSAGES/coreutils.mo
sleep /usr/share/locale/en/LC_MESSAGES/coreutils.mo
sleep /usr/share/locale-langpack/en_US/LC_MESSAGES/coreutils.mo
sleep /usr/share/locale-langpack/en/LC_MESSAGES/coreutils.mo
plasmashell /config/Desktop/chromium.desktop
plasmashell /config/.local/share/kservices5
plasmashell /config/.local/share/mime
plasmashell /etc/xdg/menus
plasmashell /usr/local/share/kservices5
plasmashell /usr/local/share/mime
plasmashell /usr/share/kservices5
plasmashell /usr/share/kservices5/ServiceMenus
plasmashell /usr/share/kservices5/qimageioplugins
plasmashell /usr/share/kservices5/searchproviders
plasmashell /usr/share/mime
plasmashell /usr/share/mime/application
plasmashell /usr/share/mime/audio
plasmashell /usr/share/mime/chemical
plasmashell /usr/share/mime/font
plasmashell /usr/share/mime/image
plasmashell /usr/share/mime/inode
plasmashell /usr/share/mime/message
plasmashell /usr/share/mime/model
plasmashell /usr/share/mime/multipart
plasmashell /usr/share/mime/packages
plasmashell /usr/share/mime/text
plasmashell /usr/share/mime/video
plasmashell /usr/share/mime/x-content
plasmashell /usr/share/mime/x-epoc
selkies /proc/stat
selkies /proc/meminfo
plasmashell /usr/lib/x86_64-linux-gnu/qt5/plugins/kf5/kio/kio_file.so
plasmashell /config/.XDG
plasmashell /usr/lib/x86_64-linux-gnu/qt5/plugins/kf5/kio/kio_file.so.avx2
plasmashell /usr/lib/x86_64-linux-gnu/qt5/plugins/kf5/kio/kio_file.so
KIO::WorkerThre /config/Desktop/chromium.desktop
plasmashell /config/Desktop/chromium.desktop
plasmashell /config/Desktop/chromium.desktop
plasmashell /config/Desktop/chromium.desktop
plasmashell /config/Desktop/chromium.desktop
plasmashell /config/Desktop/chromium.desktop
plasmashell /config/Desktop/chromium.desktop
plasmashell /config/Desktop/chromium.desktop
plasmashell /config/Desktop/chromium.desktop
plasmashell /config/Desktop/chromium.desktop
plasmashell /config/Desktop/chromium.desktop
plasmashell /config/Desktop/chromium.desktop
plasmashell /config/Desktop/chromium.desktop
plasmashell /config/Desktop/chromium.desktop
plasmashell /config/Desktop/chromium.desktop
plasmashell /config/Desktop/chromium.desktop
plasmashell /config/Desktop/chromium.desktop
wrapped-chromiu /etc/ld.so.cache
wrapped-chromiu /lib/x86_64-linux-gnu/libtinfo.so.6
plasmashell /config/Desktop/chromium.desktop
wrapped-chromiu /lib/x86_64-linux-gnu/libc.so.6
plasmashell /config/Desktop/chromium.desktop
wrapped-chromiu /dev/tty
wrapped-chromiu /usr/lib/locale/locale-archive
plasmashell /config/Desktop/chromium.desktop
wrapped-chromiu /usr/lib/x86_64-linux-gnu/gconv/gconv-modules.cache
plasmashell /config/Desktop/chromium.desktop
wrapped-chromiu /etc/nsswitch.conf
plasmashell /config/Desktop/chromium.desktop
wrapped-chromiu /etc/passwd
plasmashell /config/Desktop/chromium.desktop
wrapped-chromiu /usr/local/bin/wrapped-chromium
plasmashell /config/Desktop/chromium.desktop
plasmashell /config/Desktop/chromium.desktop
wrapped-chromiu /dev/null
plasmashell /config/Desktop/chromium.desktop
plasmashell /config/Desktop/chromium.desktop
pgrep /etc/ld.so.cache
pgrep /lib/x86_64-linux-gnu/libproc2.so.0
pgrep /lib/x86_64-linux-gnu/libc.so.6
plasmashell /config/Desktop/chromium.desktop
pgrep /lib/x86_64-linux-gnu/libsystemd.so.0
pgrep /lib/x86_64-linux-gnu/libcap.so.2
plasmashell /config/Desktop/chromium.desktop
pgrep /lib/x86_64-linux-gnu/libgcrypt.so.20
pgrep /lib/x86_64-linux-gnu/liblz4.so.1
plasmashell /config/Desktop/chromium.desktop
pgrep /lib/x86_64-linux-gnu/liblzma.so.5
pgrep /lib/x86_64-linux-gnu/libzstd.so.1
plasmashell /config/Desktop/chromium.desktop
pgrep /lib/x86_64-linux-gnu/libgpg-error.so.0
plasmashell /config/Desktop/chromium.desktop
plasmashell /config/Desktop/chromium.desktop
plasmashell /config/Desktop/chromium.desktop
pgrep /usr/lib/locale/locale-archive
pgrep /usr/lib/x86_64-linux-gnu/gconv/gconv-modules.cache
plasmashell /config/Desktop/chromium.desktop
pgrep /etc/ld.so.cache
pgrep /lib/x86_64-linux-gnu/glibc-hwcaps/x86-64-v3/libnuma.so
pgrep /lib/x86_64-linux-gnu/glibc-hwcaps/x86-64-v2/libnuma.so
pgrep /lib/x86_64-linux-gnu/libnuma.so
pgrep /usr/lib/x86_64-linux-gnu/glibc-hwcaps/x86-64-v3/libnuma.so
pgrep /usr/lib/x86_64-linux-gnu/glibc-hwcaps/x86-64-v2/libnuma.so
pgrep /usr/lib/x86_64-linux-gnu/libnuma.so
pgrep /lib/glibc-hwcaps/x86-64-v3/libnuma.so
pgrep /lib/glibc-hwcaps/x86-64-v2/libnuma.so
plasmashell /config/Desktop/chromium.desktop
pgrep /lib/libnuma.so
pgrep /usr/lib/glibc-hwcaps/x86-64-v3/libnuma.so
pgrep /usr/lib/glibc-hwcaps/x86-64-v2/libnuma.so
pgrep /usr/lib/libnuma.so
pgrep /etc/ld.so.cache
pgrep /lib/x86_64-linux-gnu/libnuma.so.1
plasmashell /config/Desktop/chromium.desktop
pgrep /proc/self/status
pgrep /sys/devices/system/node
plasmashell /config/Desktop/chromium.desktop
pgrep /sys/devices/system/cpu/possible
pgrep /proc/self/status
pgrep /proc
pgrep /proc/uptime
plasmashell /config/Desktop/chromium.desktop
pgrep /proc/1/stat
pgrep /proc/1/status
plasmashell /config/Desktop/chromium.desktop
pgrep /proc/1/cmdline
pgrep /proc/1/cgroup
pgrep /proc/1/ctty
pgrep /proc/uptime
plasmashell /config/Desktop/chromium.desktop
pgrep /proc/12/stat
pgrep /proc/12/status
pgrep /proc/12/cmdline
pgrep /proc/12/cgroup
pgrep /proc/12/ctty
pgrep /proc/uptime
plasmashell /config/Desktop/chromium.desktop
pgrep /proc/13/stat
pgrep /proc/13/status
pgrep /proc/13/cmdline
pgrep /proc/13/cgroup
pgrep /proc/13/ctty
pgrep /proc/uptime
plasmashell /config/Desktop/chromium.desktop
pgrep /proc/35/stat
pgrep /proc/35/status
pgrep /proc/35/cmdline
pgrep /proc/35/cgroup
pgrep /proc/35/ctty
pgrep /proc/uptime
plasmashell /config/Desktop/chromium.desktop
pgrep /proc/36/stat
pgrep /proc/36/status
pgrep /proc/36/cmdline
pgrep /proc/36/cgroup
pgrep /proc/36/ctty
pgrep /proc/uptime
plasmashell /config/Desktop/chromium.desktop
pgrep /proc/37/stat
pgrep /proc/37/status
pgrep /proc/37/cmdline
pgrep /proc/37/cgroup
pgrep /proc/37/ctty
pgrep /proc/uptime
plasmashell /config/Desktop/chromium.desktop
pgrep /proc/38/stat
pgrep /proc/38/status
pgrep /proc/38/cmdline
pgrep /proc/38/cgroup
pgrep /proc/38/ctty
pgrep /proc/uptime
plasmashell /config/Desktop/chromium.desktop
pgrep /proc/39/stat
pgrep /proc/39/status
pgrep /proc/39/cmdline
pgrep /proc/39/cgroup
pgrep /proc/39/ctty
pgrep /proc/uptime
plasmashell /config/Desktop/chromium.desktop
pgrep /proc/40/stat
pgrep /proc/40/status
pgrep /proc/40/cmdline
pgrep /proc/40/cgroup
pgrep /proc/40/ctty
pgrep /proc/uptime
plasmashell /config/Desktop/chromium.desktop
pgrep /proc/41/stat
pgrep /proc/41/status
pgrep /proc/41/cmdline
pgrep /proc/41/cgroup
pgrep /proc/41/ctty
pgrep /proc/uptime
plasmashell /config/Desktop/chromium.desktop
pgrep /proc/42/stat
pgrep /proc/42/status
pgrep /proc/42/cmdline
pgrep /proc/42/cgroup
pgrep /proc/42/ctty
pgrep /proc/uptime
pgrep /proc/43/stat
plasmashell /config/Desktop/chromium.desktop
pgrep /proc/43/status
pgrep /proc/43/cmdline
pgrep /proc/43/cgroup
pgrep /proc/43/ctty
pgrep /proc/uptime
pgrep /proc/44/stat
plasmashell /config/Desktop/chromium.desktop
pgrep /proc/44/status
pgrep /proc/44/cmdline
pgrep /proc/44/cgroup
pgrep /proc/44/ctty
pgrep /proc/uptime
pgrep /proc/45/stat
plasmashell /config/Desktop/chromium.desktop
pgrep /proc/45/status
pgrep /proc/45/cmdline
pgrep /proc/45/cgroup
pgrep /proc/45/ctty
pgrep /proc/uptime
pgrep /proc/46/stat
plasmashell /config/Desktop/chromium.desktop
pgrep /proc/46/status
pgrep /proc/46/cmdline
pgrep /proc/46/cgroup
pgrep /proc/46/ctty
pgrep /proc/uptime
pgrep /proc/54/stat
pgrep /proc/54/status
plasmashell /config/Desktop/chromium.desktop
pgrep /proc/54/cmdline
pgrep /proc/54/cgroup
pgrep /proc/54/ctty
pgrep /proc/uptime
pgrep /proc/306/stat
pgrep /proc/306/status
plasmashell /config/Desktop/chromium.desktop
pgrep /proc/306/cmdline
pgrep /proc/306/cgroup
pgrep /proc/306/ctty
pgrep /proc/uptime
pgrep /proc/310/stat
pgrep /proc/310/status
plasmashell /config/Desktop/chromium.desktop
pgrep /proc/310/cmdline
pgrep /proc/310/cgroup
pgrep /proc/310/ctty
pgrep /proc/uptime
pgrep /proc/311/stat
pgrep /proc/311/status
plasmashell /config/Desktop/chromium.desktop
pgrep /proc/311/cmdline
pgrep /proc/311/cgroup
pgrep /proc/311/ctty
pgrep /proc/uptime
pgrep /proc/312/stat
pgrep /proc/312/status
plasmashell /config/Desktop/chromium.desktop
pgrep /proc/312/cmdline
pgrep /proc/312/cgroup
pgrep /proc/312/ctty
pgrep /proc/uptime
pgrep /proc/313/stat
plasmashell /config/Desktop/chromium.desktop
pgrep /proc/313/status
pgrep /proc/313/cmdline
pgrep /proc/313/cgroup
pgrep /proc/313/ctty
pgrep /proc/uptime
pgrep /proc/314/stat
plasmashell /config/Desktop/chromium.desktop
pgrep /proc/314/status
pgrep /proc/314/cmdline
pgrep /proc/314/cgroup
pgrep /proc/314/ctty
pgrep /proc/uptime
pgrep /proc/329/stat
plasmashell /config/Desktop/chromium.desktop
pgrep /proc/329/status
pgrep /proc/329/cmdline
pgrep /proc/329/cgroup
pgrep /proc/329/ctty
pgrep /proc/uptime
plasmashell /config/Desktop/chromium.desktop
pgrep /proc/332/stat
pgrep /proc/332/status
pgrep /proc/332/cmdline
pgrep /proc/332/cgroup
pgrep /proc/332/ctty
pgrep /proc/uptime
plasmashell /config/Desktop/chromium.desktop
pgrep /proc/343/stat
pgrep /proc/343/status
pgrep /proc/343/cmdline
pgrep /proc/343/cgroup
pgrep /proc/343/ctty
pgrep /proc/uptime
plasmashell /config/Desktop/chromium.desktop
pgrep /proc/344/stat
pgrep /proc/344/status
pgrep /proc/344/cmdline
pgrep /proc/344/cgroup
pgrep /proc/344/ctty
pgrep /proc/uptime
plasmashell /config/Desktop/chromium.desktop
pgrep /proc/356/stat
pgrep /proc/356/status
pgrep /proc/356/cmdline
pgrep /proc/356/cgroup
pgrep /proc/356/ctty
plasmashell /config/Desktop/chromium.desktop
pgrep /proc/uptime
pgrep /proc/377/stat
pgrep /proc/377/status
pgrep /proc/377/cmdline
pgrep /proc/377/cgroup
plasmashell /config/Desktop/chromium.desktop
pgrep /proc/377/ctty
pgrep /proc/uptime
pgrep /proc/378/stat
pgrep /proc/378/status
pgrep /proc/378/cmdline
pgrep /proc/378/cgroup
plasmashell /config/Desktop/chromium.desktop
pgrep /proc/378/ctty
pgrep /proc/uptime
pgrep /proc/379/stat
pgrep /proc/379/status
pgrep /proc/379/cmdline
pgrep /proc/379/cgroup
plasmashell /config/Desktop/chromium.desktop
pgrep /proc/379/ctty
pgrep /proc/uptime
pgrep /proc/380/stat
pgrep /proc/380/status
pgrep /proc/380/cmdline
plasmashell /config/Desktop/chromium.desktop
pgrep /proc/380/cgroup
pgrep /proc/380/ctty
pgrep /proc/uptime
pgrep /proc/381/stat
pgrep /proc/381/status
pgrep /proc/381/cmdline
plasmashell /config/Desktop/chromium.desktop
pgrep /proc/381/cgroup
pgrep /proc/381/ctty
pgrep /proc/uptime
pgrep /proc/382/stat
pgrep /proc/382/status
pgrep /proc/382/cmdline
plasmashell /config/Desktop/chromium.desktop
pgrep /proc/382/cgroup
pgrep /proc/382/ctty
pgrep /proc/uptime
pgrep /proc/383/stat
pgrep /proc/383/status
pgrep /proc/383/cmdline
plasmashell /config/Desktop/chromium.desktop
pgrep /proc/383/cgroup
pgrep /proc/383/ctty
pgrep /proc/uptime
pgrep /proc/384/stat
pgrep /proc/384/status
pgrep /proc/384/cmdline
xclip /etc/ld.so.cache
plasmashell /config/Desktop/chromium.desktop
pgrep /proc/384/cgroup
xclip /lib/x86_64-linux-gnu/libXmu.so.6
pgrep /proc/384/ctty
pgrep /proc/uptime
xclip /lib/x86_64-linux-gnu/libX11.so.6
xclip /lib/x86_64-linux-gnu/libc.so.6
pgrep /proc/385/stat
pgrep /proc/385/status
xclip /lib/x86_64-linux-gnu/libXt.so.6
pgrep /proc/385/cmdline
xclip /lib/x86_64-linux-gnu/libXext.so.6
pgrep /proc/385/cgroup
pgrep /proc/385/ctty
xclip /lib/x86_64-linux-gnu/libxcb.so.1
pgrep /proc/uptime
xclip /lib/x86_64-linux-gnu/libSM.so.6
pgrep /proc/386/stat
pgrep /proc/386/status
xclip /lib/x86_64-linux-gnu/libICE.so.6
pgrep /proc/386/cmdline
xclip /lib/x86_64-linux-gnu/libXau.so.6
pgrep /proc/386/cgroup
pgrep /proc/386/ctty
xclip /lib/x86_64-linux-gnu/libXdmcp.so.6
pgrep /proc/uptime
xclip /lib/x86_64-linux-gnu/libuuid.so.1
pgrep /proc/387/stat
xclip /lib/x86_64-linux-gnu/libbsd.so.0
pgrep /proc/387/status
pgrep /proc/387/cmdline
xclip /lib/x86_64-linux-gnu/libmd.so.0
pgrep /proc/387/cgroup
pgrep /proc/387/ctty
pgrep /proc/uptime
pgrep /proc/388/stat
pgrep /proc/388/status
pgrep /proc/388/cmdline
pgrep /proc/388/cgroup
xclip /usr/share/X11/locale/locale.alias
pgrep /proc/388/ctty
pgrep /proc/uptime
pgrep /proc/389/stat
pgrep /proc/389/status
xclip /usr/share/X11/locale/locale.dir
pgrep /proc/389/cmdline
pgrep /proc/389/cgroup
xclip /usr/share/X11/locale/C/XLC_LOCALE
pgrep /proc/389/ctty
xclip /usr/share/X11/locale/locale.alias
pgrep /proc/uptime
pgrep /proc/390/stat
pgrep /proc/390/status
pgrep /proc/390/cmdline
xclip /usr/share/X11/locale/locale.dir
pgrep /proc/390/cgroup
xclip /usr/share/X11/locale/C/XLC_LOCALE
pgrep /proc/390/ctty
pgrep /proc/uptime
Xvfb /proc/1414/cmdline
pgrep /proc/391/stat
pgrep /proc/391/status
pgrep /proc/391/cmdline
pgrep /proc/391/cgroup
pgrep /proc/391/ctty
pgrep /proc/uptime
pgrep /proc/392/stat
pgrep /proc/392/status
pgrep /proc/392/cmdline
pgrep /proc/392/cgroup
pgrep /proc/392/ctty
pgrep /proc/uptime
pgrep /proc/400/stat
pgrep /proc/400/status
pgrep /proc/400/cmdline
pgrep /proc/400/cgroup
pgrep /proc/400/ctty
pgrep /proc/uptime
pgrep /proc/401/stat
pgrep /proc/401/status
pgrep /proc/401/cmdline
pgrep /proc/401/cgroup
pgrep /proc/401/ctty
pgrep /proc/uptime
pgrep /proc/431/stat
pgrep /proc/431/status
pgrep /proc/431/cmdline
pgrep /proc/431/cgroup
pgrep /proc/431/ctty
pgrep /proc/uptime
pgrep /proc/439/stat
pgrep /proc/439/status
pgrep /proc/439/cmdline
pgrep /proc/439/cgroup
pgrep /proc/439/ctty
pgrep /proc/uptime
pgrep /proc/446/stat
pgrep /proc/446/status
pgrep /proc/446/cmdline
pgrep /proc/446/cgroup
pgrep /proc/446/ctty
pgrep /proc/uptime
pgrep /proc/447/stat
pgrep /proc/447/status
pgrep /proc/447/cmdline
pgrep /proc/447/cgroup
pgrep /proc/447/ctty
pgrep /proc/uptime
pgrep /proc/520/stat
pgrep /proc/520/status
pgrep /proc/520/cmdline
pgrep /proc/520/cgroup
pgrep /proc/520/ctty
pgrep /proc/uptime
pgrep /proc/545/stat
pgrep /proc/545/status
pgrep /proc/545/cmdline
pgrep /proc/545/cgroup
pgrep /proc/545/ctty
pgrep /proc/uptime
pgrep /proc/546/stat
pgrep /proc/546/status
pgrep /proc/546/cmdline
pgrep /proc/546/cgroup
pgrep /proc/546/ctty
pgrep /proc/uptime
pgrep /proc/590/stat
pgrep /proc/590/status
pgrep /proc/590/cmdline
pgrep /proc/590/cgroup
pgrep /proc/590/ctty
pgrep /proc/uptime
pgrep /proc/598/stat
pgrep /proc/598/status
pgrep /proc/598/cmdline
pgrep /proc/598/cgroup
pgrep /proc/598/ctty
pgrep /proc/uptime
pgrep /proc/641/stat
pgrep /proc/641/status
pgrep /proc/641/cmdline
pgrep /proc/641/cgroup
pgrep /proc/641/ctty
QSGRenderThread /config/.cache/mesa_shader_cache/ba/f1ba0189afe9f9b21e697f039ac..
pgrep /proc/uptime
pgrep /proc/642/stat
pgrep /proc/642/status
pgrep /proc/642/cmdline
pgrep /proc/642/cgroup
pgrep /proc/642/ctty
pgrep /proc/uptime
pgrep /proc/706/stat
pgrep /proc/706/status
pgrep /proc/706/cmdline
pgrep /proc/706/cgroup
pgrep /proc/706/ctty
pgrep /proc/uptime
pgrep /proc/707/stat
pgrep /proc/707/status
pgrep /proc/707/cmdline
pgrep /proc/707/cgroup
pgrep /proc/707/ctty
pgrep /proc/uptime
pgrep /proc/708/stat
pgrep /proc/708/status
pgrep /proc/708/cmdline
pgrep /proc/708/cgroup
pgrep /proc/708/ctty
pgrep /proc/uptime
pgrep /proc/794/stat
pgrep /proc/794/status
pgrep /proc/794/cmdline
pgrep /proc/794/cgroup
pgrep /proc/794/ctty
pgrep /proc/uptime
pgrep /proc/849/stat
pgrep /proc/849/status
pgrep /proc/849/cmdline
pgrep /proc/849/cgroup
pgrep /proc/849/ctty
pgrep /proc/uptime
pgrep /proc/965/stat
pgrep /proc/965/status
pgrep /proc/965/cmdline
pgrep /proc/965/cgroup
pgrep /proc/965/ctty
pgrep /proc/uptime
pgrep /proc/1013/stat
pgrep /proc/1013/status
pgrep /proc/1013/cmdline
pgrep /proc/1013/cgroup
pgrep /proc/1013/ctty
pgrep /proc/uptime
pgrep /proc/1015/stat
pgrep /proc/1015/status
pgrep /proc/1015/cmdline
pgrep /proc/1015/cgroup
pgrep /proc/1015/ctty
pgrep /proc/uptime
pgrep /proc/1264/stat
pgrep /proc/1264/status
pgrep /proc/1264/cmdline
pgrep /proc/1264/cgroup
pgrep /proc/1264/ctty
pgrep /proc/uptime
pgrep /proc/1410/stat
pgrep /proc/1410/status
pgrep /proc/1410/cmdline
pgrep /proc/1410/cgroup
pgrep /proc/1410/ctty
pgrep /proc/uptime
pgrep /proc/1412/stat
pgrep /proc/1412/status
pgrep /proc/1412/cmdline
pgrep /proc/1412/cgroup
pgrep /proc/1412/ctty
pgrep /proc/uptime
pgrep /proc/1413/stat
pgrep /proc/1413/status
pgrep /proc/1413/cmdline
pgrep /proc/1413/cgroup
pgrep /proc/1413/ctty
pgrep /proc/uptime
wrapped-chromiu /config/.config/chromium/
rm /etc/ld.so.cache
rm /lib/x86_64-linux-gnu/libc.so.6
rm /usr/lib/locale/locale-archive
grep /etc/ld.so.cache
grep /lib/x86_64-linux-gnu/libpcre2-8.so.0
grep /lib/x86_64-linux-gnu/libc.so.6
grep /usr/lib/locale/locale-archive
grep /usr/lib/x86_64-linux-gnu/gconv/gconv-modules.cache
grep /usr/share/locale/locale.alias
grep /usr/share/locale/en_US/LC_MESSAGES/grep.mo
grep /usr/share/locale/en/LC_MESSAGES/grep.mo
grep /usr/share/locale-langpack/en_US/LC_MESSAGES/grep.mo
grep /usr/share/locale-langpack/en/LC_MESSAGES/grep.mo
grep /proc/self/maps
grep /proc/1/status
chromium /etc/ld.so.cache
chromium /lib/x86_64-linux-gnu/libc.so.6
chromium /usr/bin/chromium
uname /etc/ld.so.cache
uname /lib/x86_64-linux-gnu/libc.so.6
uname /usr/lib/locale/locale-archive
grep /etc/ld.so.cache
grep /lib/x86_64-linux-gnu/libpcre2-8.so.0
grep /lib/x86_64-linux-gnu/libc.so.6
grep /usr/lib/locale/locale-archive
grep /usr/lib/x86_64-linux-gnu/gconv/gconv-modules.cache
grep /usr/share/locale/locale.alias
grep /usr/share/locale/en_US/LC_MESSAGES/grep.mo
grep /usr/share/locale/en/LC_MESSAGES/grep.mo
grep /usr/share/locale-langpack/en_US/LC_MESSAGES/grep.mo
grep /usr/share/locale-langpack/en/LC_MESSAGES/grep.mo
grep /proc/self/maps
grep /proc/cpuinfo
chromium /etc/chromium.d/
chromium .
chromium /dev/null
expr /usr/lib/x86_64-linux-gnu/glibc-hwcaps/x86-64-v3/libgmp.so.10
plasmas:disk$0 /config/.cache/mesa_shader_cache/ba/f1ba0189afe9f9b21e697f039ac..
expr /usr/lib/x86_64-linux-gnu/glibc-hwcaps/x86-64-v2/libgmp.so.10
expr /usr/lib/x86_64-linux-gnu/libgmp.so.10
QSGRenderThread /config/.cache/mesa_shader_cache/03/85404440a27386f79d70b87e514..
plasmas:disk$0 /config/.cache/mesa_shader_cache/ba/f1ba0189afe9f9b21e697f039ac..
plasmas:disk$0 /config/.cache/mesa_shader_cache/ba/f1ba0189afe9f9b21e697f039ac..
expr /usr/lib/x86_64-linux-gnu/libc.so.6
expr /usr/lib/locale/locale-archive
expr /usr/share/locale/locale.alias
expr /usr/share/locale/en_US/LC_MESSAGES/coreutils.mo
expr /usr/share/locale/en/LC_MESSAGES/coreutils.mo
expr /usr/share/locale-langpack/en_US/LC_MESSAGES/coreutils.mo
expr /usr/share/locale-langpack/en/LC_MESSAGES/coreutils.mo
expr /usr/lib/x86_64-linux-gnu/gconv/gconv-modules.cache
chromium /etc/chromium.d/apikeys
chromium .
chromium /dev/null
expr /usr/lib/x86_64-linux-gnu/glibc-hwcaps/x86-64-v3/libgmp.so.10
expr /usr/lib/x86_64-linux-gnu/glibc-hwcaps/x86-64-v2/libgmp.so.10
expr /usr/lib/x86_64-linux-gnu/libgmp.so.10
expr /usr/lib/x86_64-linux-gnu/libc.so.6
expr /usr/lib/locale/locale-archive
expr /usr/share/locale/locale.alias
expr /usr/share/locale/en_US/LC_MESSAGES/coreutils.mo
expr /usr/share/locale/en/LC_MESSAGES/coreutils.mo
expr /usr/share/locale-langpack/en_US/LC_MESSAGES/coreutils.mo
expr /usr/share/locale-langpack/en/LC_MESSAGES/coreutils.mo
expr /usr/lib/x86_64-linux-gnu/gconv/gconv-modules.cache
chromium /etc/chromium.d/default-flags
chromium .
chromium /dev/null
expr /usr/lib/x86_64-linux-gnu/glibc-hwcaps/x86-64-v3/libgmp.so.10
expr /usr/lib/x86_64-linux-gnu/glibc-hwcaps/x86-64-v2/libgmp.so.10
expr /usr/lib/x86_64-linux-gnu/libgmp.so.10
expr /usr/lib/x86_64-linux-gnu/libc.so.6
expr /usr/lib/locale/locale-archive
expr /usr/share/locale/locale.alias
expr /usr/share/locale/en_US/LC_MESSAGES/coreutils.mo
expr /usr/share/locale/en/LC_MESSAGES/coreutils.mo
expr /usr/share/locale-langpack/en_US/LC_MESSAGES/coreutils.mo
expr /usr/share/locale-langpack/en/LC_MESSAGES/coreutils.mo
expr /usr/lib/x86_64-linux-gnu/gconv/gconv-modules.cache
chromium /etc/chromium.d/dev-shm
findmnt /etc/ld.so.cache
findmnt /lib/x86_64-linux-gnu/libmount.so.1
findmnt /lib/x86_64-linux-gnu/libblkid.so.1
findmnt /lib/x86_64-linux-gnu/libsmartcols.so.1
findmnt /lib/x86_64-linux-gnu/libudev.so.1
findmnt /lib/x86_64-linux-gnu/libc.so.6
findmnt /lib/x86_64-linux-gnu/libselinux.so.1
findmnt /lib/x86_64-linux-gnu/libcap.so.2
findmnt /lib/x86_64-linux-gnu/libpcre2-8.so.0
findmnt /proc/filesystems
findmnt /usr/lib/locale/locale-archive
findmnt /proc/self/mountinfo
chromium .
chromium /dev/null
expr /usr/lib/x86_64-linux-gnu/glibc-hwcaps/x86-64-v3/libgmp.so.10
expr /usr/lib/x86_64-linux-gnu/glibc-hwcaps/x86-64-v2/libgmp.so.10
expr /usr/lib/x86_64-linux-gnu/libgmp.so.10
expr /usr/lib/x86_64-linux-gnu/libc.so.6
expr /usr/lib/locale/locale-archive
expr /usr/share/locale/locale.alias
expr /usr/share/locale/en_US/LC_MESSAGES/coreutils.mo
expr /usr/share/locale/en/LC_MESSAGES/coreutils.mo
expr /usr/share/locale-langpack/en_US/LC_MESSAGES/coreutils.mo
expr /usr/share/locale-langpack/en/LC_MESSAGES/coreutils.mo
expr /usr/lib/x86_64-linux-gnu/gconv/gconv-modules.cache
chromium /etc/chromium.d/extensions
chromium /usr/share/chromium/extensions/
chromium /dev/null
ls /etc/ld.so.cache
tr /etc/ld.so.cache
tr /lib/x86_64-linux-gnu/libc.so.6
ls /lib/x86_64-linux-gnu/libselinux.so.1
ls /lib/x86_64-linux-gnu/libc.so.6
ls /lib/x86_64-linux-gnu/libpcre2-8.so.0
tr /usr/lib/locale/locale-archive
ls /proc/filesystems
ls /usr/lib/locale/locale-archive
ls /usr/share/locale/locale.alias
ls /usr/share/locale/en_US/LC_MESSAGES/coreutils.mo
ls /usr/share/locale/en/LC_MESSAGES/coreutils.mo
ls /usr/share/locale-langpack/en_US/LC_MESSAGES/coreutils.mo
ls /usr/share/locale-langpack/en/LC_MESSAGES/coreutils.mo
ls /usr/share/locale/en_US/LC_MESSAGES/libc.mo
ls /usr/share/locale/en/LC_MESSAGES/libc.mo
ls /usr/share/locale-langpack/en_US/LC_MESSAGES/libc.mo
ls /usr/share/locale-langpack/en/LC_MESSAGES/libc.mo
grep /etc/ld.so.cache
grep /lib/x86_64-linux-gnu/libpcre2-8.so.0
grep /lib/x86_64-linux-gnu/libc.so.6
grep /usr/lib/locale/locale-archive
bash /dev/null
grep /usr/lib/x86_64-linux-gnu/gconv/gconv-modules.cache
grep /usr/share/locale/locale.alias
grep /usr/share/locale/en_US/LC_MESSAGES/grep.mo
grep /usr/share/locale/en/LC_MESSAGES/grep.mo
grep /usr/share/locale-langpack/en_US/LC_MESSAGES/grep.mo
grep /usr/share/locale-langpack/en/LC_MESSAGES/grep.mo
grep /proc/self/maps
find /etc/ld.so.cache
find /lib/x86_64-linux-gnu/libselinux.so.1
find /lib/x86_64-linux-gnu/libc.so.6
find /lib/x86_64-linux-gnu/libpcre2-8.so.0
find /proc/filesystems
find .
find /usr/lib/locale/locale-archive
find /usr/lib/x86_64-linux-gnu/gconv/gconv-modules.cache
find /config/.cache
find mesa_shader_cache
find db
find 0c
find 5e
find 8a
find 59
find dd
find 3d
find 35
find 8d
find 9a
find 80
find 33
find ea
find e1
find 3e
find 6a
find b5
find bc
find e8
find b8
find ef
find b9
find 7e
find 6e
find a2
find 71
find b7
find 8e
find 1a
find 20
find c9
find 26
find 4a
find bd
chromium /etc/ld.so.cache
find 62
chromium /lib/x86_64-linux-gnu/libglib-2.0.so.0
chromium /lib/x86_64-linux-gnu/libgobject-2.0.so.0
find 21
chromium /lib/x86_64-linux-gnu/libnspr4.so
find 2d
find 56
chromium /lib/x86_64-linux-gnu/libnss3.so
find 86
find 40
chromium /lib/x86_64-linux-gnu/libnssutil3.so
find ed
find 9d
chromium /lib/x86_64-linux-gnu/libsmime3.so
find 05
chromium /lib/x86_64-linux-gnu/libopenh264.so.7
find 03
find 67
find 7d
find 11
find 13
chromium /lib/x86_64-linux-gnu/libgio-2.0.so.0
find b6
find 4e
chromium /lib/x86_64-linux-gnu/libatk-1.0.so.0
find ba
find ksplash
chromium /lib/x86_64-linux-gnu/libatk-bridge-2.0.so.0
find qmlcache
find qtshadercache-x86_64-little_endian-lp64
chromium /lib/x86_64-linux-gnu/libdbus-1.so.3
chromium /lib/x86_64-linux-gnu/libcups.so.2
find plasmashell
find qmlcache
chromium /lib/x86_64-linux-gnu/libfontconfig.so.1
chromium /lib/x86_64-linux-gnu/libz.so.1
chromium /lib/x86_64-linux-gnu/libdouble-conversion.so.3
chromium /lib/x86_64-linux-gnu/libzstd.so.1
chromium /lib/x86_64-linux-gnu/libexpat.so.1
chromium /lib/x86_64-linux-gnu/libjpeg.so.8
chromium /lib/x86_64-linux-gnu/libfreetype.so.6
chromium /lib/x86_64-linux-gnu/libharfbuzz.so.0
chromium /lib/x86_64-linux-gnu/libharfbuzz-subset.so.0
chromium /lib/x86_64-linux-gnu/libxcb.so.1
chromium /lib/x86_64-linux-gnu/libxkbcommon.so.0
chromium /lib/x86_64-linux-gnu/libasound.so.2
chromium /lib/x86_64-linux-gnu/libpulse.so.0
find /config/.config
chromium /lib/x86_64-linux-gnu/libFLAC.so.12
find openbox
chromium /lib/x86_64-linux-gnu/libopus.so.0
chromium /lib/x86_64-linux-gnu/libgbm.so.1
find vlc
chromium /lib/x86_64-linux-gnu/libX11.so.6
chromium /lib/x86_64-linux-gnu/libXext.so.6
chromium /lib/x86_64-linux-gnu/libXNVCtrl.so.0
find pulse
chromium /lib/x86_64-linux-gnu/libcairo.so.2
find autostart
find kdedefaults
chromium /lib/x86_64-linux-gnu/libpango-1.0.so.0
chromium /lib/x86_64-linux-gnu/libudev.so.1
find gtk-3.0
chromium /lib/x86_64-linux-gnu/libm.so.6
chromium /lib/x86_64-linux-gnu/libdav1d.so.7
find gtk-4.0
find dconf
find xsettingsd
find kde.org
chromium /lib/x86_64-linux-gnu/libXcomposite.so.1
find xfce4
chromium /lib/x86_64-linux-gnu/libXdamage.so.1
find xfconf
find xfce-perchannel-xml
chromium /lib/x86_64-linux-gnu/libXfixes.so.3
chromium /lib/x86_64-linux-gnu/libXrandr.so.2
find /config/.local
chromium /lib/x86_64-linux-gnu/libatspi.so.0
find bin
chromium /lib/x86_64-linux-gnu/libminizip.so.1
find share
find kactivitymanagerd
find resources
chromium /lib/x86_64-linux-gnu/libopenjp2.so.7
find test-backup
chromium /lib/x86_64-linux-gnu/liblcms2.so.2
find working-backup
chromium /lib/x86_64-linux-gnu/libgcc_s.so.1
chromium /lib/x86_64-linux-gnu/libc.so.6
find baloo
chromium /lib/x86_64-linux-gnu/libpcre2-8.so.0
chromium /lib/x86_64-linux-gnu/libffi.so.8
chromium /lib/x86_64-linux-gnu/libplc4.so
chromium /lib/x86_64-linux-gnu/libplds4.so
chromium /lib/x86_64-linux-gnu/libstdc++.so.6
chromium /lib/x86_64-linux-gnu/libgmodule-2.0.so.0
sleep /etc/ld.so.cache
sleep /lib/x86_64-linux-gnu/libc.so.6
chromium /lib/x86_64-linux-gnu/libmount.so.1
chromium /lib/x86_64-linux-gnu/libselinux.so.1
chromium /lib/x86_64-linux-gnu/libsystemd.so.0
sleep /usr/lib/locale/locale-archive
chromium /lib/x86_64-linux-gnu/libgssapi_krb5.so.2
sleep /usr/share/locale/locale.alias
chromium /lib/x86_64-linux-gnu/libavahi-common.so.3
sleep /usr/share/locale/en_US/LC_MESSAGES/coreutils.mo
sleep /usr/share/locale/en/LC_MESSAGES/coreutils.mo
sleep /usr/share/locale-langpack/en_US/LC_MESSAGES/coreutils.mo
sleep /usr/share/locale-langpack/en/LC_MESSAGES/coreutils.mo
chromium /lib/x86_64-linux-gnu/libavahi-client.so.3
chromium /lib/x86_64-linux-gnu/libgnutls.so.30
chromium /lib/x86_64-linux-gnu/libbz2.so.1.0
chromium /lib/x86_64-linux-gnu/libpng16.so.16
chromium /lib/x86_64-linux-gnu/libbrotlidec.so.1
chromium /lib/x86_64-linux-gnu/libgraphite2.so.3
chromium /lib/x86_64-linux-gnu/libXau.so.6
chromium /lib/x86_64-linux-gnu/libXdmcp.so.6
chromium /usr/lib/x86_64-linux-gnu/pulseaudio/glibc-hwcaps/x86-64-v3/lib..
chromium /usr/lib/x86_64-linux-gnu/pulseaudio/glibc-hwcaps/x86-64-v2/lib..
chromium /usr/lib/x86_64-linux-gnu/pulseaudio/libpulsecommon-16.1.so
chromium /lib/x86_64-linux-gnu/libogg.so.0
chromium /lib/x86_64-linux-gnu/libdrm.so.2
chromium /lib/x86_64-linux-gnu/libXrender.so.1
chromium /lib/x86_64-linux-gnu/libxcb-render.so.0
chromium /lib/x86_64-linux-gnu/libxcb-shm.so.0
chromium /lib/x86_64-linux-gnu/libpixman-1.so.0
chromium /lib/x86_64-linux-gnu/libfribidi.so.0
chromium /lib/x86_64-linux-gnu/libthai.so.0
chromium /lib/x86_64-linux-gnu/libcap.so.2
chromium /lib/x86_64-linux-gnu/libXi.so.6
chromium /lib/x86_64-linux-gnu/libblkid.so.1
chromium /lib/x86_64-linux-gnu/libgcrypt.so.20
chromium /lib/x86_64-linux-gnu/liblz4.so.1
chromium /lib/x86_64-linux-gnu/liblzma.so.5
chromium /lib/x86_64-linux-gnu/libkrb5.so.3
chromium /lib/x86_64-linux-gnu/libk5crypto.so.3
chromium /lib/x86_64-linux-gnu/libcom_err.so.2
chromium /lib/x86_64-linux-gnu/libkrb5support.so.0
chromium /lib/x86_64-linux-gnu/libp11-kit.so.0
chromium /lib/x86_64-linux-gnu/libidn2.so.0
chromium /lib/x86_64-linux-gnu/libunistring.so.5
chromium /lib/x86_64-linux-gnu/libtasn1.so.6
chromium /lib/x86_64-linux-gnu/libnettle.so.8
chromium /lib/x86_64-linux-gnu/libhogweed.so.6
chromium /lib/x86_64-linux-gnu/libgmp.so.10
chromium /lib/x86_64-linux-gnu/libbrotlicommon.so.1
chromium /lib/x86_64-linux-gnu/libbsd.so.0
chromium /lib/x86_64-linux-gnu/libsndfile.so.1
chromium /lib/x86_64-linux-gnu/libX11-xcb.so.1
chromium /lib/x86_64-linux-gnu/libasyncns.so.0
chromium /lib/x86_64-linux-gnu/libapparmor.so.1
chromium /lib/x86_64-linux-gnu/libdatrie.so.1
chromium /lib/x86_64-linux-gnu/libgpg-error.so.0
chromium /lib/x86_64-linux-gnu/libkeyutils.so.1
chromium /lib/x86_64-linux-gnu/libresolv.so.2
chromium /lib/x86_64-linux-gnu/libmd.so.0
chromium /lib/x86_64-linux-gnu/libvorbis.so.0
chromium /lib/x86_64-linux-gnu/libvorbisenc.so.2
chromium /lib/x86_64-linux-gnu/libmpg123.so.0
chromium /lib/x86_64-linux-gnu/libmp3lame.so.0
plasmashell /config/Desktop/libreoffice-calc.desktop
chromium /etc/gnutls/config
chromium /proc/filesystems
chromium /proc/self/stat
chromium /proc/stat
bash /dev/null
find /etc/ld.so.cache
find /lib/x86_64-linux-gnu/libselinux.so.1
find /lib/x86_64-linux-gnu/libc.so.6
find /lib/x86_64-linux-gnu/libpcre2-8.so.0
find /proc/filesystems
find .
find /usr/lib/locale/locale-archive
find /usr/lib/x86_64-linux-gnu/gconv/gconv-modules.cache
find /config/.cache
find mesa_shader_cache
find db
find 0c
find 5e
find 8a
find 59
find dd
find 3d
find 35
find 8d
find 9a
find 80
find 33
find ea
find e1
find 3e
find 6a
find b5
find bc
find e8
find b8
find ef
find b9
find 7e
find 6e
find a2
find 71
find b7
find 8e
find 1a
find 20
find c9
find 26
find 4a
find bd
find 62
find 21
find 2d
find 56
find 86
find 40
find ed
find 9d
find 05
find 03
find 67
find 7d
find 11
find 13
find b6
find 4e
find ba
find ksplash
find qmlcache
find qtshadercache-x86_64-little_endian-lp64
find plasmashell
find qmlcache
find /config/.config
find openbox
chromium /proc/self/cmdline
find vlc
chromium /usr/lib/locale/locale-archive
find pulse
find autostart
find kdedefaults
find gtk-3.0
find gtk-4.0
find dconf
find xsettingsd
find kde.org
find xfce4
find xfconf
find xfce-perchannel-xml
find /config/.local
find bin
find share
find kactivitymanagerd
find resources
find test-backup
find working-backup
find baloo
sleep /etc/ld.so.cache
sleep /lib/x86_64-linux-gnu/libc.so.6
sleep /usr/lib/locale/locale-archive
sleep /usr/share/locale/locale.alias
sleep /usr/share/locale/en_US/LC_MESSAGES/coreutils.mo
sleep /usr/share/locale/en/LC_MESSAGES/coreutils.mo
sleep /usr/share/locale-langpack/en_US/LC_MESSAGES/coreutils.mo
sleep /usr/share/locale-langpack/en/LC_MESSAGES/coreutils.mo
chromium /usr/lib/chromium/icudtl.dat
chromium /etc/localtime
chromium /etc/os-release
chromium /proc/self/fd
chrome_crashpad /etc/ld.so.cache
chrome_crashpad /lib/x86_64-linux-gnu/libz.so.1
chrome_crashpad /lib/x86_64-linux-gnu/libm.so.6
chrome_crashpad /lib/x86_64-linux-gnu/libgcc_s.so.1
chrome_crashpad /lib/x86_64-linux-gnu/libc.so.6
chrome_crashpad /proc/self/fd
chrome_crashpad /etc/ld.so.cache
chrome_crashpad /lib/x86_64-linux-gnu/libz.so.1
chrome_crashpad /lib/x86_64-linux-gnu/libm.so.6
chrome_crashpad /lib/x86_64-linux-gnu/libgcc_s.so.1
chrome_crashpad /lib/x86_64-linux-gnu/libc.so.6
chromium /config/.config/chromium/Crash Reports/settings.dat
chromium /config/.config/chromium/Crash Reports/settings.dat
chromium /config/.config/chromium/Crash Reports/settings.dat
chromium /config/.config/chromium/BrowserMetrics/BrowserMetrics-6A0186D4..
chromium /config/.config/chromium/BrowserMetrics/BrowserMetrics-6A0186D4..
chromium /proc/self/setgroups
chromium /proc/self/gid_map
chromium /proc/self/uid_map
chromium /proc/
chromium /dev/null
chromium /proc/self/fd
chromium /dev/null
chromium /etc/ld.so.cache
chromium /lib/x86_64-linux-gnu/libglib-2.0.so.0
chromium /lib/x86_64-linux-gnu/libgobject-2.0.so.0
chromium /lib/x86_64-linux-gnu/libnspr4.so
chromium /lib/x86_64-linux-gnu/libnss3.so
chromium /lib/x86_64-linux-gnu/libnssutil3.so
chromium /lib/x86_64-linux-gnu/libsmime3.so
chromium /lib/x86_64-linux-gnu/libopenh264.so.7
chromium /lib/x86_64-linux-gnu/libgio-2.0.so.0
chromium /lib/x86_64-linux-gnu/libatk-1.0.so.0
chromium /proc/self/fd
chromium /lib/x86_64-linux-gnu/libatk-bridge-2.0.so.0
chromium /lib/x86_64-linux-gnu/libdbus-1.so.3
chromium /proc/self/setgroups
chromium /proc/self/uid_map
chromium /lib/x86_64-linux-gnu/libcups.so.2
chromium /proc/self/gid_map
chromium /lib/x86_64-linux-gnu/libfontconfig.so.1
chromium /lib/x86_64-linux-gnu/libz.so.1
chromium /lib/x86_64-linux-gnu/libdouble-conversion.so.3
chromium /lib/x86_64-linux-gnu/libzstd.so.1
chromium /etc/ld.so.cache
chromium /lib/x86_64-linux-gnu/libglib-2.0.so.0
chromium /lib/x86_64-linux-gnu/libexpat.so.1
chromium /lib/x86_64-linux-gnu/libgobject-2.0.so.0
chromium /lib/x86_64-linux-gnu/libjpeg.so.8
chromium /lib/x86_64-linux-gnu/libnspr4.so
chromium /lib/x86_64-linux-gnu/libfreetype.so.6
bash /dev/null
chromium /lib/x86_64-linux-gnu/libnss3.so
chromium /lib/x86_64-linux-gnu/libharfbuzz.so.0
chromium /lib/x86_64-linux-gnu/libnssutil3.so
chromium /lib/x86_64-linux-gnu/libharfbuzz-subset.so.0
chromium /lib/x86_64-linux-gnu/libsmime3.so
chromium /lib/x86_64-linux-gnu/libxcb.so.1
chromium /lib/x86_64-linux-gnu/libopenh264.so.7
find /etc/ld.so.cache
chromium /lib/x86_64-linux-gnu/libxkbcommon.so.0
chromium /lib/x86_64-linux-gnu/libgio-2.0.so.0
find /lib/x86_64-linux-gnu/libselinux.so.1
chromium /lib/x86_64-linux-gnu/libasound.so.2
chromium /lib/x86_64-linux-gnu/libatk-1.0.so.0
find /lib/x86_64-linux-gnu/libc.so.6
chromium /lib/x86_64-linux-gnu/libpulse.so.0
find /lib/x86_64-linux-gnu/libpcre2-8.so.0
chromium /lib/x86_64-linux-gnu/libatk-bridge-2.0.so.0
chromium /lib/x86_64-linux-gnu/libFLAC.so.12
chromium /lib/x86_64-linux-gnu/libdbus-1.so.3
find /proc/filesystems
chromium /lib/x86_64-linux-gnu/libopus.so.0
find .
find /usr/lib/locale/locale-archive
chromium /lib/x86_64-linux-gnu/libcups.so.2
find /usr/lib/x86_64-linux-gnu/gconv/gconv-modules.cache
chromium /lib/x86_64-linux-gnu/libgbm.so.1
find /config/.cache
chromium /lib/x86_64-linux-gnu/libfontconfig.so.1
chromium /lib/x86_64-linux-gnu/libX11.so.6
find mesa_shader_cache
chromium /lib/x86_64-linux-gnu/libz.so.1
chromium /lib/x86_64-linux-gnu/libXext.so.6
find db
chromium /lib/x86_64-linux-gnu/libdouble-conversion.so.3
chromium /lib/x86_64-linux-gnu/libXNVCtrl.so.0
find 0c
chromium /lib/x86_64-linux-gnu/libzstd.so.1
chromium /lib/x86_64-linux-gnu/libcairo.so.2
find 5e
chromium /lib/x86_64-linux-gnu/libexpat.so.1
find 8a
chromium /lib/x86_64-linux-gnu/libpango-1.0.so.0
find 59
find dd
chromium /lib/x86_64-linux-gnu/libjpeg.so.8
chromium /lib/x86_64-linux-gnu/libudev.so.1
find 3d
chromium /lib/x86_64-linux-gnu/libm.so.6
chromium /lib/x86_64-linux-gnu/libfreetype.so.6
find 35
chromium /lib/x86_64-linux-gnu/libdav1d.so.7
chromium /lib/x86_64-linux-gnu/libharfbuzz.so.0
find 8d
chromium /lib/x86_64-linux-gnu/libXcomposite.so.1
chromium /lib/x86_64-linux-gnu/libharfbuzz-subset.so.0
find 9a
chromium /lib/x86_64-linux-gnu/libXdamage.so.1
find 80
chromium /lib/x86_64-linux-gnu/libxcb.so.1
chromium /lib/x86_64-linux-gnu/libXfixes.so.3
find 33
chromium /lib/x86_64-linux-gnu/libxkbcommon.so.0
chromium /lib/x86_64-linux-gnu/libXrandr.so.2
find ea
chromium /lib/x86_64-linux-gnu/libasound.so.2
find e1
chromium /lib/x86_64-linux-gnu/libatspi.so.0
find 3e
chromium /lib/x86_64-linux-gnu/libpulse.so.0
find 6a
chromium /lib/x86_64-linux-gnu/libminizip.so.1
chromium /lib/x86_64-linux-gnu/libFLAC.so.12
find b5
chromium /lib/x86_64-linux-gnu/libopenjp2.so.7
find bc
chromium /lib/x86_64-linux-gnu/libopus.so.0
chromium /lib/x86_64-linux-gnu/liblcms2.so.2
find e8
chromium /lib/x86_64-linux-gnu/libgbm.so.1
chromium /lib/x86_64-linux-gnu/libgcc_s.so.1
find b8
chromium /lib/x86_64-linux-gnu/libX11.so.6
find ef
chromium /lib/x86_64-linux-gnu/libc.so.6
chromium /lib/x86_64-linux-gnu/libXext.so.6
find b9
chromium /lib/x86_64-linux-gnu/libpcre2-8.so.0
chromium /lib/x86_64-linux-gnu/libXNVCtrl.so.0
find 7e
chromium /lib/x86_64-linux-gnu/libcairo.so.2
chromium /lib/x86_64-linux-gnu/libffi.so.8
find 6e
find a2
chromium /lib/x86_64-linux-gnu/libplc4.so
chromium /lib/x86_64-linux-gnu/libpango-1.0.so.0
find 71
chromium /lib/x86_64-linux-gnu/libplds4.so
chromium /lib/x86_64-linux-gnu/libudev.so.1
chromium /lib/x86_64-linux-gnu/libstdc++.so.6
chromium /lib/x86_64-linux-gnu/libm.so.6
find b7
chromium /lib/x86_64-linux-gnu/libdav1d.so.7
chromium /lib/x86_64-linux-gnu/libgmodule-2.0.so.0
find 8e
chromium /lib/x86_64-linux-gnu/libXcomposite.so.1
chromium /lib/x86_64-linux-gnu/libmount.so.1
chromium /lib/x86_64-linux-gnu/libXdamage.so.1
find 1a
chromium /lib/x86_64-linux-gnu/libXfixes.so.3
chromium /lib/x86_64-linux-gnu/libselinux.so.1
find 20
chromium /lib/x86_64-linux-gnu/libXrandr.so.2
chromium /lib/x86_64-linux-gnu/libsystemd.so.0
chromium /lib/x86_64-linux-gnu/libatspi.so.0
chromium /lib/x86_64-linux-gnu/libgssapi_krb5.so.2
chromium /lib/x86_64-linux-gnu/libminizip.so.1
chromium /lib/x86_64-linux-gnu/libavahi-common.so.3
find c9
chromium /lib/x86_64-linux-gnu/libopenjp2.so.7
chromium /lib/x86_64-linux-gnu/libavahi-client.so.3
find 26
chromium /lib/x86_64-linux-gnu/liblcms2.so.2
chromium /lib/x86_64-linux-gnu/libgnutls.so.30
find 4a
chromium /lib/x86_64-linux-gnu/libgcc_s.so.1
find bd
chromium /lib/x86_64-linux-gnu/libbz2.so.1.0
chromium /lib/x86_64-linux-gnu/libc.so.6
find 62
chromium /lib/x86_64-linux-gnu/libpng16.so.16
chromium /lib/x86_64-linux-gnu/libpcre2-8.so.0
find 21
chromium /lib/x86_64-linux-gnu/libbrotlidec.so.1
chromium /lib/x86_64-linux-gnu/libffi.so.8
find 2d
chromium /lib/x86_64-linux-gnu/libgraphite2.so.3
chromium /lib/x86_64-linux-gnu/libplc4.so
find 56
chromium /lib/x86_64-linux-gnu/libplds4.so
chromium /lib/x86_64-linux-gnu/libXau.so.6
find 86
chromium /lib/x86_64-linux-gnu/libstdc++.so.6
chromium /lib/x86_64-linux-gnu/libXdmcp.so.6
chromium /lib/x86_64-linux-gnu/libgmodule-2.0.so.0
find 40
chromium /usr/lib/x86_64-linux-gnu/pulseaudio/glibc-hwcaps/x86-64-v3/lib..
chromium /usr/lib/x86_64-linux-gnu/pulseaudio/glibc-hwcaps/x86-64-v2/lib..
chromium /usr/lib/x86_64-linux-gnu/pulseaudio/libpulsecommon-16.1.so
chromium /lib/x86_64-linux-gnu/libmount.so.1
find ed
chromium /lib/x86_64-linux-gnu/libogg.so.0
chromium /lib/x86_64-linux-gnu/libselinux.so.1
find 9d
chromium /lib/x86_64-linux-gnu/libsystemd.so.0
chromium /lib/x86_64-linux-gnu/libdrm.so.2
find 05
chromium /lib/x86_64-linux-gnu/libXrender.so.1
chromium /lib/x86_64-linux-gnu/libgssapi_krb5.so.2
find 03
chromium /lib/x86_64-linux-gnu/libavahi-common.so.3
chromium /lib/x86_64-linux-gnu/libxcb-render.so.0
find 67
chromium /lib/x86_64-linux-gnu/libavahi-client.so.3
chromium /lib/x86_64-linux-gnu/libxcb-shm.so.0
find 7d
chromium /lib/x86_64-linux-gnu/libgnutls.so.30
chromium /lib/x86_64-linux-gnu/libpixman-1.so.0
find 11
chromium /lib/x86_64-linux-gnu/libbz2.so.1.0
chromium /lib/x86_64-linux-gnu/libfribidi.so.0
find 13
chromium /lib/x86_64-linux-gnu/libpng16.so.16
chromium /lib/x86_64-linux-gnu/libthai.so.0
find b6
chromium /lib/x86_64-linux-gnu/libbrotlidec.so.1
chromium /lib/x86_64-linux-gnu/libcap.so.2
find 4e
chromium /lib/x86_64-linux-gnu/libgraphite2.so.3
find ba
chromium /lib/x86_64-linux-gnu/libXi.so.6
chromium /lib/x86_64-linux-gnu/libXau.so.6
find ksplash
chromium /lib/x86_64-linux-gnu/libblkid.so.1
chromium /lib/x86_64-linux-gnu/libXdmcp.so.6
find qmlcache
chromium /lib/x86_64-linux-gnu/libgcrypt.so.20
chromium /usr/lib/x86_64-linux-gnu/pulseaudio/glibc-hwcaps/x86-64-v3/lib..
chromium /usr/lib/x86_64-linux-gnu/pulseaudio/glibc-hwcaps/x86-64-v2/lib..
chromium /usr/lib/x86_64-linux-gnu/pulseaudio/libpulsecommon-16.1.so
find qtshadercache-x86_64-little_endian-lp64
chromium /lib/x86_64-linux-gnu/liblz4.so.1
chromium /lib/x86_64-linux-gnu/libogg.so.0
chromium /lib/x86_64-linux-gnu/liblzma.so.5
chromium /lib/x86_64-linux-gnu/libdrm.so.2
find plasmashell
chromium /lib/x86_64-linux-gnu/libkrb5.so.3
chromium /lib/x86_64-linux-gnu/libXrender.so.1
find qmlcache
chromium /lib/x86_64-linux-gnu/libk5crypto.so.3
chromium /lib/x86_64-linux-gnu/libxcb-render.so.0
chromium /lib/x86_64-linux-gnu/libcom_err.so.2
chromium /lib/x86_64-linux-gnu/libxcb-shm.so.0
chromium /lib/x86_64-linux-gnu/libpixman-1.so.0
chromium /lib/x86_64-linux-gnu/libkrb5support.so.0
chromium /lib/x86_64-linux-gnu/libp11-kit.so.0
chromium /lib/x86_64-linux-gnu/libfribidi.so.0
chromium /lib/x86_64-linux-gnu/libthai.so.0
chromium /lib/x86_64-linux-gnu/libidn2.so.0
chromium /lib/x86_64-linux-gnu/libcap.so.2
chromium /lib/x86_64-linux-gnu/libunistring.so.5
chromium /lib/x86_64-linux-gnu/libXi.so.6
chromium /lib/x86_64-linux-gnu/libtasn1.so.6
chromium /lib/x86_64-linux-gnu/libblkid.so.1
chromium /lib/x86_64-linux-gnu/libnettle.so.8
chromium /lib/x86_64-linux-gnu/libgcrypt.so.20
chromium /lib/x86_64-linux-gnu/libhogweed.so.6
chromium /lib/x86_64-linux-gnu/libgmp.so.10
chromium /lib/x86_64-linux-gnu/liblz4.so.1
chromium /lib/x86_64-linux-gnu/liblzma.so.5
chromium /lib/x86_64-linux-gnu/libbrotlicommon.so.1
chromium /lib/x86_64-linux-gnu/libkrb5.so.3
chromium /lib/x86_64-linux-gnu/libbsd.so.0
chromium /lib/x86_64-linux-gnu/libk5crypto.so.3
chromium /lib/x86_64-linux-gnu/libsndfile.so.1
chromium /lib/x86_64-linux-gnu/libcom_err.so.2
chromium /lib/x86_64-linux-gnu/libX11-xcb.so.1
chromium /lib/x86_64-linux-gnu/libkrb5support.so.0
chromium /lib/x86_64-linux-gnu/libasyncns.so.0
chromium /lib/x86_64-linux-gnu/libp11-kit.so.0
chromium /lib/x86_64-linux-gnu/libapparmor.so.1
chromium /lib/x86_64-linux-gnu/libidn2.so.0
find /config/.config
chromium /lib/x86_64-linux-gnu/libdatrie.so.1
find openbox
chromium /lib/x86_64-linux-gnu/libunistring.so.5
find vlc
chromium /lib/x86_64-linux-gnu/libtasn1.so.6
chromium /lib/x86_64-linux-gnu/libgpg-error.so.0
chromium /lib/x86_64-linux-gnu/libnettle.so.8
chromium /lib/x86_64-linux-gnu/libkeyutils.so.1
find pulse
chromium /lib/x86_64-linux-gnu/libhogweed.so.6
chromium /lib/x86_64-linux-gnu/libresolv.so.2
chromium /lib/x86_64-linux-gnu/libgmp.so.10
find autostart
chromium /lib/x86_64-linux-gnu/libmd.so.0
chromium /lib/x86_64-linux-gnu/libbrotlicommon.so.1
chromium /lib/x86_64-linux-gnu/libvorbis.so.0
find kdedefaults
chromium /lib/x86_64-linux-gnu/libbsd.so.0
chromium /lib/x86_64-linux-gnu/libvorbisenc.so.2
chromium /lib/x86_64-linux-gnu/libsndfile.so.1
find gtk-3.0
chromium /lib/x86_64-linux-gnu/libmpg123.so.0
find gtk-4.0
chromium /lib/x86_64-linux-gnu/libX11-xcb.so.1
chromium /lib/x86_64-linux-gnu/libmp3lame.so.0
find dconf
chromium /lib/x86_64-linux-gnu/libasyncns.so.0
find xsettingsd
chromium /lib/x86_64-linux-gnu/libapparmor.so.1
chromium /lib/x86_64-linux-gnu/libdatrie.so.1
find kde.org
chromium /lib/x86_64-linux-gnu/libgpg-error.so.0
chromium /lib/x86_64-linux-gnu/libkeyutils.so.1
find xfce4
chromium /lib/x86_64-linux-gnu/libresolv.so.2
find xfconf
chromium /lib/x86_64-linux-gnu/libmd.so.0
find xfce-perchannel-xml
chromium /lib/x86_64-linux-gnu/libvorbis.so.0
find chromium
find Crash Reports
chromium /lib/x86_64-linux-gnu/libvorbisenc.so.2
find new
chromium /lib/x86_64-linux-gnu/libmpg123.so.0
find pending
chromium /lib/x86_64-linux-gnu/libmp3lame.so.0
find completed
find attachments
find BrowserMetrics
find /config/.local
find bin
find share
find kactivitymanagerd
find resources
find test-backup
find working-backup
find baloo
sleep /etc/ld.so.cache
sleep /lib/x86_64-linux-gnu/libc.so.6
sleep /usr/lib/locale/locale-archive
sleep /usr/share/locale/locale.alias
sleep /usr/share/locale/en_US/LC_MESSAGES/coreutils.mo
sleep /usr/share/locale/en/LC_MESSAGES/coreutils.mo
sleep /usr/share/locale-langpack/en_US/LC_MESSAGES/coreutils.mo
sleep /usr/share/locale-langpack/en/LC_MESSAGES/coreutils.mo
chromium /etc/gnutls/config
chromium /proc/filesystems
chromium /proc/self/stat
chromium /etc/gnutls/config
chromium /proc/stat
chromium /proc/filesystems
chromium /proc/self/cmdline
chromium /usr/lib/locale/locale-archive
chromium /proc/self/stat
chromium /proc/stat
chromium /proc/self/status
chromium /usr/lib/chromium/icudtl.dat
chromium /etc/localtime
chromium /proc/self/cmdline
chromium /usr/lib/locale/locale-archive
chromium /usr/lib/chromium/v8_context_snapshot.bin
chromium /usr/lib/chromium/chrome_100_percent.pak
chromium /proc/self/status
chromium /usr/lib/chromium/icudtl.dat
chromium /etc/localtime
chromium /usr/lib/chromium/v8_context_snapshot.bin
chromium /usr/lib/chromium/chrome_100_percent.pak
chromium /usr/lib/chromium/chrome_200_percent.pak
chromium /usr/lib/chromium/chrome_200_percent.pak
chromium /usr/share/locale/locale.alias
chromium /usr/share/locale/locale.alias
chromium /usr/lib/x86_64-linux-gnu/gconv/gconv-modules.cache
chromium /usr/lib/x86_64-linux-gnu/gconv/gconv-modules.cache
chromium /usr/lib/chromium/locales/en-US.pak
chromium /usr/lib/chromium/locales/en-US.pak
chromium /usr/lib/chromium/resources.pak
chromium /usr/lib/chromium/resources.pak
chromium /dev/urandom
chromium /dev/urandom
chromium /sys/devices/system/cpu/possible
chromium /sys/devices/system/cpu/possible
chromium /sys/devices/system/cpu/cpu0/cpufreq/cpuinfo_max_freq
chromium /sys/devices/system/cpu/cpu0/cpufreq/cpuinfo_max_freq
chromium /sys/devices/system/cpu/cpu1/cpufreq/cpuinfo_max_freq
chromium /sys/devices/system/cpu/cpu1/cpufreq/cpuinfo_max_freq
chromium /sys/devices/system/cpu/cpu2/cpufreq/cpuinfo_max_freq
chromium /sys/devices/system/cpu/cpu2/cpufreq/cpuinfo_max_freq
chromium /sys/devices/system/cpu/cpu3/cpufreq/cpuinfo_max_freq
chromium /sys/devices/system/cpu/cpu3/cpufreq/cpuinfo_max_freq
chromium /sys/devices/system/cpu/cpu4/cpufreq/cpuinfo_max_freq
chromium /sys/devices/system/cpu/cpu4/cpufreq/cpuinfo_max_freq
chromium /sys/devices/system/cpu/cpu5/cpufreq/cpuinfo_max_freq
chromium /sys/devices/system/cpu/cpu5/cpufreq/cpuinfo_max_freq
chromium /sys/devices/system/cpu/cpu6/cpufreq/cpuinfo_max_freq
chromium /sys/devices/system/cpu/cpu6/cpufreq/cpuinfo_max_freq
chromium /sys/devices/system/cpu/cpu7/cpufreq/cpuinfo_max_freq
chromium /sys/devices/system/cpu/cpu7/cpufreq/cpuinfo_max_freq
chromium /sys/devices/system/cpu/cpu8/cpufreq/cpuinfo_max_freq
chromium /sys/devices/system/cpu/cpu8/cpufreq/cpuinfo_max_freq
chromium /sys/devices/system/cpu/cpu9/cpufreq/cpuinfo_max_freq
chromium /sys/devices/system/cpu/cpu9/cpufreq/cpuinfo_max_freq
chromium /sys/devices/system/cpu/cpu10/cpufreq/cpuinfo_max_freq
chromium /sys/devices/system/cpu/cpu10/cpufreq/cpuinfo_max_freq
chromium /sys/devices/system/cpu/cpu11/cpufreq/cpuinfo_max_freq
chromium /sys/devices/system/cpu/cpu11/cpufreq/cpuinfo_max_freq
chromium /sys/devices/system/cpu/cpu12/cpufreq/cpuinfo_max_freq
chromium /sys/devices/system/cpu/cpu12/cpufreq/cpuinfo_max_freq
chromium /sys/devices/system/cpu/cpu13/cpufreq/cpuinfo_max_freq
chromium /sys/devices/system/cpu/cpu13/cpufreq/cpuinfo_max_freq
chromium /sys/devices/system/cpu/cpu14/cpufreq/cpuinfo_max_freq
chromium /sys/devices/system/cpu/cpu15/cpufreq/cpuinfo_max_freq
chromium /sys/devices/system/cpu/cpu14/cpufreq/cpuinfo_max_freq
chromium /sys/devices/system/cpu/cpu15/cpufreq/cpuinfo_max_freq
chromium /proc/sys/fs/inotify/max_user_watches
chromium /proc/sys/fs/inotify/max_user_watches
chromium /sys/devices/system/cpu/online
chromium /sys/devices/system/cpu/online
chromium /sys/devices/system/cpu/kernel_max
chromium /sys/devices/system/cpu/kernel_max
chromium /sys/devices/system/cpu/possible
chromium /sys/devices/system/cpu/possible
chromium /sys/devices/system/cpu/present
chromium /sys/devices/system/cpu/present
chromium /sys/devices/system/cpu/possible
chromium /sys/devices/system/cpu/possible
chromium /sys/devices/system/cpu/present
chromium /sys/devices/system/cpu/present
chromium /proc/cpuinfo
chromium /proc/cpuinfo
chromium /proc/
chromium /proc
chromium /proc/sys/kernel/yama/ptrace_scope
chromium /proc/
chromium .
chromium /proc/self/setgroups
chromium /proc/self/gid_map
chromium /proc/self/uid_map
chromium self/fd/
chromium /proc/1461/stat
chromium /proc/1461/stat
chromium /config/.config/chromium/Consent To Send Stats
chromium /proc/self/stat
chromium /proc/stat
chromium /config/.config/chromium/Local State
chromium /etc/chromium/policies/managed
chromium /etc/chromium/policies/recommended
chromium /etc/chromium/master_preferences
chromium /config/.config/chromium/Variations
chromium /usr/share/locale/locale.alias
chromium /usr/lib/x86_64-linux-gnu/gconv/gconv-modules.cache
chromium /usr/lib/chromium/chrome_100_percent.pak
chromium /usr/lib/chromium/chrome_200_percent.pak
chromium /usr/lib/chromium/locales/en-US.pak
chromium /usr/lib/chromium/resources.pak
chromium /proc/self/stat
chromium /sys/devices/system/cpu/possible
chromium /sys/devices/system/cpu/cpu0/cpufreq/cpuinfo_max_freq
bash /dev/null
chromium /sys/devices/system/cpu/cpu1/cpufreq/cpuinfo_max_freq
chromium /sys/devices/system/cpu/cpu2/cpufreq/cpuinfo_max_freq
chromium /sys/devices/system/cpu/cpu3/cpufreq/cpuinfo_max_freq
chromium /sys/devices/system/cpu/cpu4/cpufreq/cpuinfo_max_freq
chromium /sys/devices/system/cpu/cpu5/cpufreq/cpuinfo_max_freq
chromium /sys/devices/system/cpu/cpu6/cpufreq/cpuinfo_max_freq
chromium /sys/devices/system/cpu/cpu7/cpufreq/cpuinfo_max_freq
chromium /sys/devices/system/cpu/cpu8/cpufreq/cpuinfo_max_freq
chromium /sys/devices/system/cpu/cpu9/cpufreq/cpuinfo_max_freq
find /etc/ld.so.cache
chromium /sys/devices/system/cpu/cpu10/cpufreq/cpuinfo_max_freq
find /lib/x86_64-linux-gnu/libselinux.so.1
chromium /sys/devices/system/cpu/cpu11/cpufreq/cpuinfo_max_freq
chromium /sys/devices/system/cpu/cpu12/cpufreq/cpuinfo_max_freq
chromium /sys/devices/system/cpu/cpu13/cpufreq/cpuinfo_max_freq
find /lib/x86_64-linux-gnu/libc.so.6
chromium /sys/devices/system/cpu/cpu14/cpufreq/cpuinfo_max_freq
find /lib/x86_64-linux-gnu/libpcre2-8.so.0
chromium /sys/devices/system/cpu/cpu15/cpufreq/cpuinfo_max_freq
find /proc/filesystems
find .
find /usr/lib/locale/locale-archive
find /usr/lib/x86_64-linux-gnu/gconv/gconv-modules.cache
find /config/.cache
find mesa_shader_cache
find db
find 0c
find 5e
find 8a
ThreadPoolForeg /proc/sys/fs/inotify/max_user_watches
find 59
find dd
find 3d
find 35
find 8d
find 9a
chromium /proc/self/maps
find 80
find 33
find ea
find e1
find 3e
find 6a
find b5
find bc
find e8
find b8
find ef
dbus-daemon /run/systemd/users/911
dbus-daemon /proc/1417/cmdline
find b9
find 7e
find 6e
find a2
find 71
find b7
chromium /proc/self/cmdline
find 8e
find 1a
find 20
find c9
find 26
find 4a
find bd
find 62
find 21
find 2d
find 56
find 86
find 40
find ed
chromium /tmp/.org.chromium.Chromium.1u0rfW
find 9d
chromium /tmp/.org.chromium.Chromium.1u0rfW
find 05
find 03
find 67
find 7d
find 11
find 13
find b6
find 4e
Xvfb /proc/1417/cmdline
find ba
find ksplash
find qmlcache
find qtshadercache-x86_64-little_endian-lp64
find plasmashell
find qmlcache
find /config/.config
find openbox
find vlc
find pulse
find autostart
find kdedefaults
find gtk-3.0
find gtk-4.0
find dconf
find xsettingsd
find kde.org
find xfce4
find xfconf
find xfce-perchannel-xml
find chromium
find Crash Reports
find new
find pending
find completed
find attachments
chromium /etc/ld.so.cache
find BrowserMetrics
chromium /lib/x86_64-linux-gnu/libgtk-3.so.0
find Default
find /config/.local
find bin
chromium /etc/ld.so.cache
find share
chromium /lib/x86_64-linux-gnu/glibc-hwcaps/x86-64-v3/libgtk-4.so.1
chromium /lib/x86_64-linux-gnu/glibc-hwcaps/x86-64-v2/libgtk-4.so.1
find kactivitymanagerd
chromium /lib/x86_64-linux-gnu/libgtk-4.so.1
find resources
chromium /usr/lib/x86_64-linux-gnu/glibc-hwcaps/x86-64-v3/libgtk-4.so.1
chromium /usr/lib/x86_64-linux-gnu/glibc-hwcaps/x86-64-v2/libgtk-4.so.1
find test-backup
chromium /usr/lib/x86_64-linux-gnu/libgtk-4.so.1
chromium /lib/glibc-hwcaps/x86-64-v3/libgtk-4.so.1
chromium /lib/glibc-hwcaps/x86-64-v2/libgtk-4.so.1
chromium /lib/libgtk-4.so.1
find working-backup
chromium /usr/lib/glibc-hwcaps/x86-64-v3/libgtk-4.so.1
chromium /usr/lib/glibc-hwcaps/x86-64-v2/libgtk-4.so.1
chromium /usr/lib/libgtk-4.so.1
find baloo
chromium /etc/ld.so.cache
chromium /lib/x86_64-linux-gnu/libgtk-3.so.0
sleep /etc/ld.so.cache
sleep /lib/x86_64-linux-gnu/libc.so.6
sleep /usr/lib/locale/locale-archive
sleep /usr/share/locale/locale.alias
sleep /usr/share/locale/en_US/LC_MESSAGES/coreutils.mo
sleep /usr/share/locale/en/LC_MESSAGES/coreutils.mo
sleep /usr/share/locale-langpack/en_US/LC_MESSAGES/coreutils.mo
sleep /usr/share/locale-langpack/en/LC_MESSAGES/coreutils.mo
chromium /lib/x86_64-linux-gnu/libgdk-3.so.0
chromium /lib/x86_64-linux-gnu/libpangocairo-1.0.so.0
chromium /lib/x86_64-linux-gnu/libpangoft2-1.0.so.0
chromium /lib/x86_64-linux-gnu/libcairo-gobject.so.2
chromium /lib/x86_64-linux-gnu/libgdk_pixbuf-2.0.so.0
chromium /lib/x86_64-linux-gnu/libepoxy.so.0
chromium /lib/x86_64-linux-gnu/libwayland-client.so.0
chromium /lib/x86_64-linux-gnu/libwayland-cursor.so.0
chromium /lib/x86_64-linux-gnu/libwayland-egl.so.1
chromium /lib/x86_64-linux-gnu/libXcursor.so.1
chromium /lib/x86_64-linux-gnu/libXinerama.so.1
chromium /usr/share/locale/locale.alias
chromium /usr/share/locale/en_US/LC_MESSAGES/libc.mo
chromium /usr/share/locale/en/LC_MESSAGES/libc.mo
chromium /usr/share/locale-langpack/en_US/LC_MESSAGES/libc.mo
chromium /usr/share/locale-langpack/en/LC_MESSAGES/libc.mo
chromium /etc/fonts/fonts.conf
chromium /etc/fonts/conf.d
chromium /usr/share/fontconfig/conf.avail/10-hinting-slight.conf
chromium /usr/share/fontconfig/conf.avail/10-scale-bitmap-fonts.conf
chromium /usr/share/fontconfig/conf.avail/10-sub-pixel-rgb.conf
chromium /usr/share/fontconfig/conf.avail/10-yes-antialias.conf
chromium /usr/share/fontconfig/conf.avail/11-lcdfilter-default.conf
chromium /usr/share/fontconfig/conf.avail/20-unhint-small-vera.conf
chromium /usr/share/fontconfig/conf.avail/30-metric-aliases.conf
chromium /usr/share/fontconfig/conf.avail/30-opensymbol.conf
chromium /usr/share/fontconfig/conf.avail/40-nonlatin.conf
chromium /usr/share/fontconfig/conf.avail/45-generic.conf
chromium /usr/share/fontconfig/conf.avail/45-latin.conf
chromium /usr/share/fontconfig/conf.avail/48-spacing.conf
chromium /usr/share/fontconfig/conf.avail/49-sansserif.conf
chromium /usr/share/fontconfig/conf.avail/50-user.conf
xclip /etc/ld.so.cache
xclip /lib/x86_64-linux-gnu/libXmu.so.6
xclip /lib/x86_64-linux-gnu/libX11.so.6
xclip /lib/x86_64-linux-gnu/libc.so.6
chromium /usr/share/fontconfig/conf.avail/51-local.conf
xclip /lib/x86_64-linux-gnu/libXt.so.6
chromium /etc/fonts/conf.avail/56-kubuntu-noto.conf
xclip /lib/x86_64-linux-gnu/libXext.so.6
xclip /lib/x86_64-linux-gnu/libxcb.so.1
xclip /lib/x86_64-linux-gnu/libSM.so.6
xclip /lib/x86_64-linux-gnu/libICE.so.6
chromium /usr/share/fontconfig/conf.avail/60-generic.conf
xclip /lib/x86_64-linux-gnu/libXau.so.6
xclip /lib/x86_64-linux-gnu/libXdmcp.so.6
chromium /usr/share/fontconfig/conf.avail/60-latin.conf
xclip /lib/x86_64-linux-gnu/libuuid.so.1
chromium /usr/share/fontconfig/conf.avail/urw-bookman.conf
xclip /lib/x86_64-linux-gnu/libbsd.so.0
xclip /lib/x86_64-linux-gnu/libmd.so.0
chromium /usr/share/fontconfig/conf.avail/urw-c059.conf
chromium /usr/share/fontconfig/conf.avail/urw-d050000l.conf
chromium /usr/share/fontconfig/conf.avail/urw-fallback-backwards.conf
chromium /usr/share/fontconfig/conf.avail/urw-fallback-generics.conf
xclip /usr/share/X11/locale/locale.alias
chromium /usr/share/fontconfig/conf.avail/urw-gothic.conf
chromium /usr/share/fontconfig/conf.avail/urw-nimbus-mono-ps.conf
xclip /usr/share/X11/locale/locale.dir
chromium /usr/share/fontconfig/conf.avail/urw-nimbus-roman.conf
xclip /usr/share/X11/locale/C/XLC_LOCALE
chromium /usr/share/fontconfig/conf.avail/urw-nimbus-sans.conf
xclip /usr/share/X11/locale/locale.alias
chromium /usr/share/fontconfig/conf.avail/urw-p052.conf
xclip /usr/share/X11/locale/locale.dir
chromium /usr/share/fontconfig/conf.avail/urw-standard-symbols-ps.conf
xclip /usr/share/X11/locale/C/XLC_LOCALE
chromium /usr/share/fontconfig/conf.avail/urw-z003.conf
Xvfb /proc/1490/cmdline
chromium /usr/share/fontconfig/conf.avail/65-fonts-persian.conf
chromium /usr/share/fontconfig/conf.avail/65-nonlatin.conf
chromium /usr/share/fontconfig/conf.avail/69-unifont.conf
chromium /usr/share/fontconfig/conf.avail/70-fonts-noto-cjk.conf
chromium /usr/share/fontconfig/conf.avail/70-no-bitmaps-except-emoji.con..
chromium /usr/share/fontconfig/conf.avail/71-ubuntulegacy.conf
chromium /usr/share/fontconfig/conf.avail/80-delicious.conf
chromium /usr/share/fontconfig/conf.avail/90-synthetic.conf
chromium /usr/share/fontconfig/conf.avail
chromium /usr/share/fontconfig/conf.avail/05-reset-dirs-sample.conf
chromium /usr/share/fontconfig/conf.avail/09-autohint-if-no-hinting.conf..
chromium /usr/share/fontconfig/conf.avail/10-autohint.conf
chromium /usr/share/fontconfig/conf.avail/10-hinting-full.conf
chromium /usr/share/fontconfig/conf.avail/10-hinting-medium.conf
chromium /usr/share/fontconfig/conf.avail/10-hinting-none.conf
chromium /usr/share/fontconfig/conf.avail/10-no-antialias.conf
chromium /usr/share/fontconfig/conf.avail/10-sub-pixel-bgr.conf
chromium /usr/share/fontconfig/conf.avail/10-sub-pixel-none.conf
chromium /usr/share/fontconfig/conf.avail/10-sub-pixel-vbgr.conf
chromium /usr/share/fontconfig/conf.avail/10-sub-pixel-vrgb.conf
chromium /usr/share/fontconfig/conf.avail/10-unhinted.conf
chromium /usr/share/fontconfig/conf.avail/11-lcdfilter-legacy.conf
chromium /usr/share/fontconfig/conf.avail/11-lcdfilter-light.conf
chromium /usr/share/fontconfig/conf.avail/11-lcdfilter-none.conf
chromium /usr/share/fontconfig/conf.avail/25-unhint-nonlatin.conf
chromium /usr/share/fontconfig/conf.avail/35-lang-normalize.conf
chromium /usr/share/fontconfig/conf.avail/53-monospace-lcd-filter.conf
chromium /usr/share/fontconfig/conf.avail/65-khmer.conf
chromium /usr/share/fontconfig/conf.avail/70-force-bitmaps.conf
chromium /usr/share/fontconfig/conf.avail/70-no-bitmaps-and-emoji.conf
chromium /usr/share/fontconfig/conf.avail/70-no-bitmaps.conf
chromium /usr/share/fontconfig/conf.avail/70-yes-bitmaps.conf
chromium /usr/local/share/fonts
chromium /var/cache/fontconfig//4c599c202bc5c08e2d34565a40eac3b2-le64.ca..
chromium /config/.cache/fontconfig//4c599c202bc5c08e2d34565a40eac3b2-le6..
chromium /usr/local/share/fonts/.uuid
chromium /config/.fontconfig//4c599c202bc5c08e2d34565a40eac3b2-le64.cach..
chromium /usr/local/share/fonts/.uuid
chromium /usr/share/fonts
chromium /var/cache/fontconfig//3830d5c3ddfd5cd38a049b759396e72e-le64.ca..
chromium /config/.cache/fontconfig//3830d5c3ddfd5cd38a049b759396e72e-le6..
chromium /usr/share/fonts/.uuid
chromium /config/.fontconfig//3830d5c3ddfd5cd38a049b759396e72e-le64.cach..
chromium /usr/share/fonts/.uuid
chromium /usr/share/fonts/X11
chromium /var/cache/fontconfig//c855463f699352c367813e37f3f70ea7-le64.ca..
chromium /config/.cache/fontconfig//c855463f699352c367813e37f3f70ea7-le6..
chromium /usr/share/fonts/X11/.uuid
chromium /config/.fontconfig//c855463f699352c367813e37f3f70ea7-le64.cach..
chromium /usr/share/fonts/X11/.uuid
chromium /usr/share/fonts/cMap
chromium /var/cache/fontconfig//32b6488e5b8292a2e95c79d947e009e8-le64.ca..
chromium /config/.cache/fontconfig//32b6488e5b8292a2e95c79d947e009e8-le6..
chromium /usr/share/fonts/cMap/.uuid
chromium /config/.fontconfig//32b6488e5b8292a2e95c79d947e009e8-le64.cach..
chromium /usr/share/fonts/cMap/.uuid
chromium /usr/share/fonts/cmap
chromium /var/cache/fontconfig//57e423e26b20ab21d0f2f29c145174c3-le64.ca..
chromium /config/.cache/fontconfig//57e423e26b20ab21d0f2f29c145174c3-le6..
chromium /usr/share/fonts/cmap/.uuid
chromium /config/.fontconfig//57e423e26b20ab21d0f2f29c145174c3-le64.cach..
chromium /usr/share/fonts/cmap/.uuid
chromium /usr/share/fonts/opentype
chromium /var/cache/fontconfig//573ec803664ed168555e0e8b6d0f0c7f-le64.ca..
chromium /config/.cache/fontconfig//573ec803664ed168555e0e8b6d0f0c7f-le6..
chromium /usr/share/fonts/opentype/.uuid
chromium /config/.fontconfig//573ec803664ed168555e0e8b6d0f0c7f-le64.cach..
chromium /usr/share/fonts/opentype/.uuid
chromium /usr/share/fonts/truetype
chromium /var/cache/fontconfig//7ef2298fde41cc6eeb7af42e48b7d293-le64.ca..
chromium /config/.cache/fontconfig//7ef2298fde41cc6eeb7af42e48b7d293-le6..
chromium /usr/share/fonts/truetype/.uuid
chromium /config/.fontconfig//7ef2298fde41cc6eeb7af42e48b7d293-le64.cach..
chromium /usr/share/fonts/truetype/.uuid
chromium /usr/share/fonts/type1
chromium /var/cache/fontconfig//d82eb4fd963d448e2fcb7d7b793b5df3-le64.ca..
chromium /config/.cache/fontconfig//d82eb4fd963d448e2fcb7d7b793b5df3-le6..
chromium /usr/share/fonts/type1/.uuid
chromium /config/.fontconfig//d82eb4fd963d448e2fcb7d7b793b5df3-le64.cach..
chromium /usr/share/fonts/type1/.uuid
chromium /usr/share/fonts/X11/Type1
chromium /var/cache/fontconfig//e13b20fdb08344e0e664864cc2ede53d-le64.ca..
chromium /config/.cache/fontconfig//e13b20fdb08344e0e664864cc2ede53d-le6..
chromium /usr/share/fonts/X11/Type1/.uuid
chromium /config/.fontconfig//e13b20fdb08344e0e664864cc2ede53d-le64.cach..
chromium /usr/share/fonts/X11/Type1/.uuid
chromium /usr/share/fonts/X11/encodings
chromium /var/cache/fontconfig//707971e003b4ae6c8121c3a920e507f5-le64.ca..
chromium /config/.cache/fontconfig//707971e003b4ae6c8121c3a920e507f5-le6..
chromium /usr/share/fonts/X11/encodings/.uuid
chromium /config/.fontconfig//707971e003b4ae6c8121c3a920e507f5-le64.cach..
chromium /usr/share/fonts/X11/encodings/.uuid
chromium /usr/share/fonts/X11/misc
chromium /var/cache/fontconfig//cabbd14511b9e8a55e92af97fb3a0461-le64.ca..
chromium /config/.cache/fontconfig//cabbd14511b9e8a55e92af97fb3a0461-le6..
chromium /usr/share/fonts/X11/misc/.uuid
chromium /config/.fontconfig//cabbd14511b9e8a55e92af97fb3a0461-le64.cach..
chromium /usr/share/fonts/X11/misc/.uuid
chromium /usr/share/fonts/X11/util
chromium /var/cache/fontconfig//fe547fea3a41b43a38975d292a2b19c7-le64.ca..
chromium /config/.cache/fontconfig//fe547fea3a41b43a38975d292a2b19c7-le6..
chromium /usr/share/fonts/X11/util/.uuid
chromium /config/.fontconfig//fe547fea3a41b43a38975d292a2b19c7-le64.cach..
chromium /usr/share/fonts/X11/util/.uuid
chromium /usr/share/fonts/cmap/adobe-cns1
chromium /var/cache/fontconfig//f1f2465696798768e9653f19e17ccdc8-le64.ca..
chromium /config/.cache/fontconfig//f1f2465696798768e9653f19e17ccdc8-le6..
chromium /usr/share/fonts/cmap/adobe-cns1/.uuid
chromium /config/.fontconfig//f1f2465696798768e9653f19e17ccdc8-le64.cach..
chromium /usr/share/fonts/cmap/adobe-cns1/.uuid
chromium /usr/share/fonts/cmap/adobe-gb1
chromium /var/cache/fontconfig//95530828ff6c81d309f8258d8d02a23e-le64.ca..
chromium /config/.cache/fontconfig//95530828ff6c81d309f8258d8d02a23e-le6..
chromium /usr/share/fonts/cmap/adobe-gb1/.uuid
chromium /config/.fontconfig//95530828ff6c81d309f8258d8d02a23e-le64.cach..
chromium /usr/share/fonts/cmap/adobe-gb1/.uuid
chromium /usr/share/fonts/cmap/adobe-japan1
chromium /var/cache/fontconfig//d3e5c4ee2ceb1fc347f91d4cefc53bc0-le64.ca..
chromium /config/.cache/fontconfig//d3e5c4ee2ceb1fc347f91d4cefc53bc0-le6..
chromium /usr/share/fonts/cmap/adobe-japan1/.uuid
chromium /config/.fontconfig//d3e5c4ee2ceb1fc347f91d4cefc53bc0-le64.cach..
chromium /usr/share/fonts/cmap/adobe-japan1/.uuid
chromium /usr/share/fonts/cmap/adobe-japan2
chromium /var/cache/fontconfig//e52a45a1c8c8fe895fc0fc8c4e6999b8-le64.ca..
chromium /config/.cache/fontconfig//e52a45a1c8c8fe895fc0fc8c4e6999b8-le6..
chromium /usr/share/fonts/cmap/adobe-japan2/.uuid
chromium /config/.fontconfig//e52a45a1c8c8fe895fc0fc8c4e6999b8-le64.cach..
chromium /usr/share/fonts/cmap/adobe-japan2/.uuid
chromium /usr/share/fonts/cmap/adobe-korea1
chromium /var/cache/fontconfig//188ac73a183f12857f63bb60a4a6d603-le64.ca..
chromium /config/.cache/fontconfig//188ac73a183f12857f63bb60a4a6d603-le6..
chromium /usr/share/fonts/cmap/adobe-korea1/.uuid
chromium /config/.fontconfig//188ac73a183f12857f63bb60a4a6d603-le64.cach..
chromium /usr/share/fonts/cmap/adobe-korea1/.uuid
chromium /usr/share/fonts/opentype/noto
chromium /var/cache/fontconfig//9b89f8e3dae116d678bbf48e5f21f69b-le64.ca..
chromium /config/.cache/fontconfig//9b89f8e3dae116d678bbf48e5f21f69b-le6..
chromium /usr/share/fonts/opentype/noto/.uuid
chromium /config/.fontconfig//9b89f8e3dae116d678bbf48e5f21f69b-le64.cach..
chromium /usr/share/fonts/opentype/noto/.uuid
chromium /usr/share/fonts/opentype/urw-base35
chromium /var/cache/fontconfig//6cc790b63b123a6a96ee260fcdad32a9-le64.ca..
chromium /config/.cache/fontconfig//6cc790b63b123a6a96ee260fcdad32a9-le6..
chromium /usr/share/fonts/opentype/urw-base35/.uuid
chromium /config/.fontconfig//6cc790b63b123a6a96ee260fcdad32a9-le64.cach..
chromium /usr/share/fonts/opentype/urw-base35/.uuid
chromium /usr/share/fonts/truetype/dm-mono
chromium /var/cache/fontconfig//c7ddd67d65d940f1c07452067469d45b-le64.ca..
chromium /config/.cache/fontconfig//c7ddd67d65d940f1c07452067469d45b-le6..
chromium /usr/share/fonts/truetype/dm-mono/.uuid
chromium /config/.fontconfig//c7ddd67d65d940f1c07452067469d45b-le64.cach..
chromium /usr/share/fonts/truetype/dm-mono/.uuid
chromium /usr/share/fonts/truetype/liberation
chromium /var/cache/fontconfig//3047814df9a2f067bd2d96a2b9c36e5a-le64.ca..
chromium /config/.cache/fontconfig//3047814df9a2f067bd2d96a2b9c36e5a-le6..
chromium /usr/share/fonts/truetype/liberation/.uuid
chromium /config/.fontconfig//3047814df9a2f067bd2d96a2b9c36e5a-le64.cach..
chromium /usr/share/fonts/truetype/liberation/.uuid
chromium /usr/share/fonts/truetype/libreoffice
chromium /var/cache/fontconfig//da43223dd54fb3bb4243ae19d4b583b2-le64.ca..
chromium /config/.cache/fontconfig//da43223dd54fb3bb4243ae19d4b583b2-le6..
chromium /usr/share/fonts/truetype/libreoffice/.uuid
chromium /config/.fontconfig//da43223dd54fb3bb4243ae19d4b583b2-le64.cach..
chromium /usr/share/fonts/truetype/libreoffice/.uuid
chromium /usr/share/fonts/truetype/noto
chromium /var/cache/fontconfig//0bd3dc0958fa2205aaaa8ebb13e2872b-le64.ca..
chromium /config/.cache/fontconfig//0bd3dc0958fa2205aaaa8ebb13e2872b-le6..
chromium /usr/share/fonts/truetype/noto/.uuid
chromium /config/.fontconfig//0bd3dc0958fa2205aaaa8ebb13e2872b-le64.cach..
chromium /usr/share/fonts/truetype/noto/.uuid
chromium /usr/share/fonts/truetype/space-grotesk
chromium /var/cache/fontconfig//60495f9738a6f38c2f3f93e3ff28e478-le64.ca..
chromium /config/.cache/fontconfig//60495f9738a6f38c2f3f93e3ff28e478-le6..
chromium /usr/share/fonts/truetype/space-grotesk/.uuid
chromium /config/.fontconfig//60495f9738a6f38c2f3f93e3ff28e478-le64.cach..
chromium /usr/share/fonts/truetype/space-grotesk/.uuid
chromium /usr/share/fonts/truetype/ubuntu
chromium /var/cache/fontconfig//2300eef321c393bfd76478a5c0e95b23-le64.ca..
chromium /config/.cache/fontconfig//2300eef321c393bfd76478a5c0e95b23-le6..
chromium /usr/share/fonts/truetype/ubuntu/.uuid
chromium /config/.fontconfig//2300eef321c393bfd76478a5c0e95b23-le64.cach..
chromium /usr/share/fonts/truetype/ubuntu/.uuid
chromium /usr/share/fonts/type1/urw-base35
chromium /var/cache/fontconfig//a4e60e8d1e10d2fdff3fe3037a1845fb-le64.ca..
chromium /config/.cache/fontconfig//a4e60e8d1e10d2fdff3fe3037a1845fb-le6..
chromium /usr/share/fonts/type1/urw-base35/.uuid
chromium /config/.fontconfig//a4e60e8d1e10d2fdff3fe3037a1845fb-le64.cach..
chromium /usr/share/fonts/type1/urw-base35/.uuid
chromium /usr/share/fonts/X11/encodings/large
chromium /var/cache/fontconfig//6333f38776742d18e214673cd2c24e34-le64.ca..
chromium /config/.cache/fontconfig//6333f38776742d18e214673cd2c24e34-le6..
chromium /usr/share/fonts/X11/encodings/large/.uuid
chromium /config/.fontconfig//6333f38776742d18e214673cd2c24e34-le64.cach..
chromium /usr/share/fonts/X11/encodings/large/.uuid
chromium /usr/share/locale/en_US/LC_MESSAGES/messages.mo
chromium /usr/share/locale/en/LC_MESSAGES/messages.mo
chromium /usr/share/locale-langpack/en_US/LC_MESSAGES/messages.mo
chromium /usr/share/locale-langpack/en/LC_MESSAGES/messages.mo
chromium /usr/share/locale/en_US/LC_MESSAGES/gtk30.mo
chromium /usr/share/locale/en/LC_MESSAGES/gtk30.mo
chromium /usr/share/locale-langpack/en_US/LC_MESSAGES/gtk30.mo
chromium /usr/share/locale-langpack/en/LC_MESSAGES/gtk30.mo
chromium /usr/share/locale/en_US/LC_MESSAGES/gtk30-properties.mo
chromium /usr/share/locale/en/LC_MESSAGES/gtk30-properties.mo
chromium /usr/share/locale-langpack/en_US/LC_MESSAGES/gtk30-properties.m..
chromium /usr/share/locale-langpack/en/LC_MESSAGES/gtk30-properties.mo
Xvfb /proc/1417/cmdline
chromium /etc/ld.so.cache
chromium /lib/x86_64-linux-gnu/libGLX.so.1
chromium /usr/lib/x86_64-linux-gnu/libGLX.so.1
chromium /lib/libGLX.so.1
chromium /usr/lib/libGLX.so.1
chromium /etc/ld.so.cache
chromium /lib/x86_64-linux-gnu/libGL.so.1
chromium /lib/x86_64-linux-gnu/libGLdispatch.so.0
chromium /lib/x86_64-linux-gnu/libGLX.so.0
chromium /etc/ld.so.cache
chromium /lib/x86_64-linux-gnu/libGLX_mesa.so.0
chromium /lib/x86_64-linux-gnu/libgallium-25.2.8-0ubuntu0.24.04.1.so
chromium /lib/x86_64-linux-gnu/libxcb-glx.so.0
chromium /lib/x86_64-linux-gnu/libXxf86vm.so.1
chromium /lib/x86_64-linux-gnu/libxcb-dri3.so.0
chromium /lib/x86_64-linux-gnu/libxcb-present.so.0
chromium /lib/x86_64-linux-gnu/libxcb-xfixes.so.0
chromium /lib/x86_64-linux-gnu/libLLVM.so.20.1
chromium /lib/x86_64-linux-gnu/libsensors.so.5
chromium /lib/x86_64-linux-gnu/libxcb-randr.so.0
chromium /lib/x86_64-linux-gnu/libxcb-sync.so.1
chromium /lib/x86_64-linux-gnu/libxshmfence.so.1
chromium /lib/x86_64-linux-gnu/libdrm_amdgpu.so.1
chromium /lib/x86_64-linux-gnu/libelf.so.1
chromium /lib/x86_64-linux-gnu/libdrm_intel.so.1
chromium /lib/x86_64-linux-gnu/../lib/glibc-hwcaps/x86-64-v3/libedit.so...
chromium /lib/x86_64-linux-gnu/../lib/glibc-hwcaps/x86-64-v2/libedit.so...
chromium /lib/x86_64-linux-gnu/../lib/libedit.so.2
chromium /lib/x86_64-linux-gnu/libedit.so.2
chromium /lib/x86_64-linux-gnu/libxml2.so.2
chromium /lib/x86_64-linux-gnu/libpciaccess.so.0
chromium /lib/x86_64-linux-gnu/libtinfo.so.6
chromium /lib/x86_64-linux-gnu/libicuuc.so.74
chromium /lib/x86_64-linux-gnu/libicudata.so.74
chromium /usr/share/drirc.d
chromium /usr/share/drirc.d/00-mesa-defaults.conf
chromium /usr/share/drirc.d/00-radv-defaults.conf
chromium /etc/drirc
chromium /config/.drirc
chromium /sys/devices/system/cpu/possible
chromium /sys/devices/system/cpu/cpu0/cpu_capacity
chromium /sys/devices/system/cpu/cpu1/cpu_capacity
chromium /sys/devices/system/cpu/cpu2/cpu_capacity
chromium /sys/devices/system/cpu/cpu3/cpu_capacity
chromium /sys/devices/system/cpu/cpu4/cpu_capacity
chromium /sys/devices/system/cpu/cpu5/cpu_capacity
chromium /sys/devices/system/cpu/cpu6/cpu_capacity
chromium /sys/devices/system/cpu/cpu7/cpu_capacity
chromium /sys/devices/system/cpu/cpu8/cpu_capacity
chromium /sys/devices/system/cpu/cpu9/cpu_capacity
chromium /sys/devices/system/cpu/cpu10/cpu_capacity
chromium /sys/devices/system/cpu/cpu11/cpu_capacity
chromium /sys/devices/system/cpu/cpu12/cpu_capacity
chromium /sys/devices/system/cpu/cpu13/cpu_capacity
chromium /sys/devices/system/cpu/cpu14/cpu_capacity
chromium /sys/devices/system/cpu/cpu15/cpu_capacity
chromium /dev/udmabuf
chromium /usr/share/drirc.d
chromium /usr/share/drirc.d/00-mesa-defaults.conf
bash /dev/null
find /etc/ld.so.cache
find /lib/x86_64-linux-gnu/libselinux.so.1
find /lib/x86_64-linux-gnu/libc.so.6
find /lib/x86_64-linux-gnu/libpcre2-8.so.0
chromium /usr/share/drirc.d/00-radv-defaults.conf
chromium /etc/drirc
chromium /config/.drirc
find /proc/filesystems
find .
find /usr/lib/locale/locale-archive
find /usr/lib/x86_64-linux-gnu/gconv/gconv-modules.cache
find /config/.cache
find mesa_shader_cache
find db
find 0c
find 5e
find 8a
find 59
find dd
find 3d
find 35
find 8d
find 9a
find 80
find 33
find ea
find e1
find 3e
find 6a
find b5
find bc
find e8
find b8
find ef
find b9
find 7e
find 6e
find a2
find 71
find b7
find 8e
find 1a
find 20
find c9
find 26
find 4a
find bd
find 62
find 21
find 2d
find 56
find 86
find 40
find ed
find 9d
find 05
find 03
find 67
find 7d
find 11
find 13
find b6
find 4e
find ba
find ksplash
find qmlcache
find qtshadercache-x86_64-little_endian-lp64
find plasmashell
find qmlcache
find /config/.config
find openbox
find vlc
find pulse
find autostart
find kdedefaults
find gtk-3.0
find gtk-4.0
find dconf
find xsettingsd
find kde.org
find xfce4
find xfconf
find xfce-perchannel-xml
find chromium
find Crash Reports
find new
find pending
find completed
find attachments
find BrowserMetrics
find Default
find /config/.local
find bin
find share
find kactivitymanagerd
find resources
find test-backup
find working-backup
find baloo
sleep /etc/ld.so.cache
sleep /lib/x86_64-linux-gnu/libc.so.6
sleep /usr/lib/locale/locale-archive
sleep /usr/share/locale/locale.alias
sleep /usr/share/locale/en_US/LC_MESSAGES/coreutils.mo
sleep /usr/share/locale/en/LC_MESSAGES/coreutils.mo
sleep /usr/share/locale-langpack/en_US/LC_MESSAGES/coreutils.mo
sleep /usr/share/locale-langpack/en/LC_MESSAGES/coreutils.mo
chromium /usr/share/locale/en_US/LC_MESSAGES/at-spi2-core.mo
chromium /usr/share/locale/en/LC_MESSAGES/at-spi2-core.mo
chromium /usr/share/locale-langpack/en_US/LC_MESSAGES/at-spi2-core.mo
chromium /usr/share/locale-langpack/en/LC_MESSAGES/at-spi2-core.mo
chromium /etc/gtk-3.0/settings.ini
chromium /usr/share/locale/en_US/LC_MESSAGES/glib20.mo
chromium /usr/share/locale/en/LC_MESSAGES/glib20.mo
chromium /usr/share/locale-langpack/en_US/LC_MESSAGES/glib20.mo
chromium /usr/share/locale-langpack/en/LC_MESSAGES/glib20.mo
chromium /config/.config/gtk-3.0/settings.ini
chromium /usr/lib/x86_64-linux-gnu/gio/modules
chromium /usr/lib/x86_64-linux-gnu/gio/modules/giomodule.cache
chromium /config/.config/gtk-3.0/gtk.css
chromium /config/.config/gtk-3.0/colors.css
chromium /usr/lib/x86_64-linux-gnu/gdk-pixbuf-2.0/2.10.0/loaders.cache
chromium /usr/lib/x86_64-linux-gnu/gtk-3.0/modules/libcolorreload-gtk-mo..
chromium /usr/share/X11/locale/locale.alias
chromium /usr/share/X11/locale/locale.alias
chromium /usr/share/X11/locale/locale.dir
chromium /usr/share/X11/locale/en_US.UTF-8/XLC_LOCALE
chromium /config/.Xdefaults-b6057b1e59b7
chromium /proc/1417/stat
chromium /proc/1417/status
chromium /usr/share/kubuntu-default-settings/kf5-settings/kioslaverc
chromium /etc/xdg/kioslaverc
chromium /config/.config/kdedefaults/kioslaverc
chromium /config/.config/kioslaverc
ThreadPoolForeg /config/.config/chromium/component_crx_cache/metadata.json
ThreadPoolForeg /tmp
dbus-daemon /run/systemd/users/911
dbus-daemon /proc/1417/cmdline
ThreadPoolForeg /config/.config/chromium/.org.chromium.Chromium.91BXSC
ThreadPoolForeg /config/.config/chromium/component_crx_cache
ThreadPoolForeg /etc/host.conf
ThreadPoolForeg /etc/hosts
ThreadPoolForeg /etc/resolv.conf
ThreadPoolForeg /etc/nsswitch.conf
dbus-daemon /usr/local/share/dbus-1/system-services
dbus-daemon /usr/share/dbus-1/system-services
dbus-daemon /lib/dbus-1/system-services
chromium /proc/1417/stat
chromium /tmp/.org.chromium.Chromium.B5us3G
MemoryInfra /proc/1417/status
MemoryInfra /proc/1417/status
MemoryInfra /proc/1417/clear_refs
ThreadPoolSingl /tmp/.org.chromium.Chromium.leVCPC
ThreadPoolSingl /tmp/.org.chromium.Chromium.leVCPC
chromium /tmp/.org.chromium.Chromium.QJQxd8
ThreadPoolSingl /tmp/.org.chromium.Chromium.AvPEh3
ThreadPoolSingl /tmp/.org.chromium.Chromium.AvPEh3
chromium /config/.config/user-dirs.dirs
ThreadPoolForeg /proc/self/mountinfo
CacheThread_Blo /config/.config/chromium/ShaderCache/index
chromium /config/.config/user-dirs.dirs
CacheThread_Blo /config/.config/chromium/ShaderCache/index
ThreadPoolForeg /proc/cpuinfo
ThreadPoolSingl /selinux
ThreadPoolSingl /tmp/.org.chromium.Chromium.XOn04l
ThreadPoolForeg /config/.config/chromium/Crash Reports/settings.dat
chromium /tmp/.org.chromium.Chromium.VYLvDN
ThreadPoolSingl /usr/lib/chromium/v8_context_snapshot.bin
ThreadPoolSingl /dev/null
ThreadPoolSingl /tmp/.org.chromium.Chromium.MmZXGN
CacheThread_Blo /config/.config/chromium/ShaderCache/index
CacheThread_Blo /config/.config/chromium/ShaderCache/data_0
CacheThread_Blo /config/.config/chromium/ShaderCache/data_0
CacheThread_Blo /config/.config/chromium/ShaderCache/data_1
chromium /proc/self/maps
CacheThread_Blo /config/.config/chromium/ShaderCache/data_1
chromium /config/.config/chromium/Last Version
CacheThread_Blo /config/.config/chromium/ShaderCache/data_2
CacheThread_Blo /config/.config/chromium/ShaderCache/data_2
CacheThread_Blo /config/.config/chromium/ShaderCache/data_3
CacheThread_Blo /config/.config/chromium/ShaderCache/data_3
ThreadPoolSingl /proc/self/fd
exe /etc/ld.so.cache
exe /lib/x86_64-linux-gnu/libglib-2.0.so.0
exe /lib/x86_64-linux-gnu/libgobject-2.0.so.0
exe /lib/x86_64-linux-gnu/libnspr4.so
exe /lib/x86_64-linux-gnu/libnss3.so
exe /lib/x86_64-linux-gnu/libnssutil3.so
exe /lib/x86_64-linux-gnu/libsmime3.so
exe /lib/x86_64-linux-gnu/libopenh264.so.7
exe /lib/x86_64-linux-gnu/libgio-2.0.so.0
chromium /proc/self/cmdline
exe /lib/x86_64-linux-gnu/libatk-1.0.so.0
exe /lib/x86_64-linux-gnu/libatk-bridge-2.0.so.0
exe /lib/x86_64-linux-gnu/libdbus-1.so.3
exe /lib/x86_64-linux-gnu/libcups.so.2
exe /lib/x86_64-linux-gnu/libfontconfig.so.1
exe /lib/x86_64-linux-gnu/libz.so.1
exe /lib/x86_64-linux-gnu/libdouble-conversion.so.3
exe /lib/x86_64-linux-gnu/libzstd.so.1
exe /lib/x86_64-linux-gnu/libexpat.so.1
exe /lib/x86_64-linux-gnu/libjpeg.so.8
exe /lib/x86_64-linux-gnu/libfreetype.so.6
chromium /etc/ld.so.cache
chromium /lib/x86_64-linux-gnu/libpci.so.3
exe /lib/x86_64-linux-gnu/libharfbuzz.so.0
exe /lib/x86_64-linux-gnu/libharfbuzz-subset.so.0
exe /lib/x86_64-linux-gnu/libxcb.so.1
exe /lib/x86_64-linux-gnu/libxkbcommon.so.0
chromium /sys/bus/pci/devices
exe /lib/x86_64-linux-gnu/libasound.so.2
chromium /sys/bus/pci/devices/0000:00:1f.4/vendor
exe /lib/x86_64-linux-gnu/libpulse.so.0
chromium /sys/bus/pci/devices/0000:00:1f.4/device
chromium /sys/bus/pci/devices/0000:00:1f.4/class
chromium /sys/bus/pci/devices/0000:00:1f.4/revision
exe /lib/x86_64-linux-gnu/libFLAC.so.12
chromium /sys/bus/pci/devices/0000:00:14.0/vendor
chromium /sys/bus/pci/devices/0000:00:14.0/device
chromium /sys/bus/pci/devices/0000:00:14.0/class
exe /lib/x86_64-linux-gnu/libopus.so.0
chromium /sys/bus/pci/devices/0000:00:14.0/revision
chromium /sys/bus/pci/devices/10000:e1:00.0/vendor
exe /lib/x86_64-linux-gnu/libgbm.so.1
chromium /sys/bus/pci/devices/10000:e1:00.0/device
chromium /sys/bus/pci/devices/10000:e1:00.0/class
exe /lib/x86_64-linux-gnu/libX11.so.6
chromium /sys/bus/pci/devices/10000:e1:00.0/revision
chromium /sys/bus/pci/devices/0000:00:02.0/vendor
chromium /sys/bus/pci/devices/0000:00:02.0/device
chromium /sys/bus/pci/devices/0000:00:02.0/class
exe /lib/x86_64-linux-gnu/libXext.so.6
chromium /sys/bus/pci/devices/0000:00:02.0/revision
chromium /sys/bus/pci/devices/0000:00:14.2/vendor
chromium /sys/bus/pci/devices/0000:00:14.2/device
exe /lib/x86_64-linux-gnu/libXNVCtrl.so.0
chromium /sys/bus/pci/devices/0000:00:14.2/class
chromium /sys/bus/pci/devices/0000:00:14.2/revision
chromium /sys/bus/pci/devices/0000:00:0e.0/vendor
exe /lib/x86_64-linux-gnu/libcairo.so.2
chromium /sys/bus/pci/devices/0000:00:0e.0/device
chromium /sys/bus/pci/devices/0000:00:0e.0/class
chromium /sys/bus/pci/devices/0000:00:0e.0/revision
chromium /sys/bus/pci/devices/10000:e0:1c.0/vendor
exe /lib/x86_64-linux-gnu/libpango-1.0.so.0
chromium /sys/bus/pci/devices/10000:e0:1c.0/device
chromium /sys/bus/pci/devices/10000:e0:1c.0/class
exe /lib/x86_64-linux-gnu/libudev.so.1
chromium /sys/bus/pci/devices/10000:e0:1c.0/revision
chromium /sys/bus/pci/devices/10000:e0:17.0/vendor
chromium /sys/bus/pci/devices/10000:e0:17.0/device
exe /lib/x86_64-linux-gnu/libm.so.6
chromium /sys/bus/pci/devices/10000:e0:17.0/class
chromium /sys/bus/pci/devices/10000:e0:17.0/revision
chromium /sys/bus/pci/devices/0000:00:00.0/vendor
exe /lib/x86_64-linux-gnu/libdav1d.so.7
chromium /sys/bus/pci/devices/0000:00:00.0/device
chromium /sys/bus/pci/devices/0000:00:00.0/class
chromium /sys/bus/pci/devices/0000:00:00.0/revision
exe /lib/x86_64-linux-gnu/libXcomposite.so.1
chromium /sys/bus/pci/devices/0000:00:1f.3/vendor
chromium /sys/bus/pci/devices/0000:00:1f.3/device
exe /lib/x86_64-linux-gnu/libXdamage.so.1
chromium /sys/bus/pci/devices/0000:00:1f.3/class
chromium /sys/bus/pci/devices/0000:00:1f.3/revision
chromium /sys/bus/pci/devices/10000:e0:1c.4/vendor
exe /lib/x86_64-linux-gnu/libXfixes.so.3
chromium /sys/bus/pci/devices/10000:e0:1c.4/device
chromium /sys/bus/pci/devices/10000:e0:1c.4/class
chromium /sys/bus/pci/devices/10000:e0:1c.4/revision
exe /lib/x86_64-linux-gnu/libXrandr.so.2
chromium /sys/bus/pci/devices/0000:00:1c.3/vendor
chromium /sys/bus/pci/devices/0000:00:1c.3/device
chromium /sys/bus/pci/devices/0000:00:1c.3/class
chromium /sys/bus/pci/devices/0000:00:1c.3/revision
exe /lib/x86_64-linux-gnu/libatspi.so.0
chromium /sys/bus/pci/devices/0000:00:1f.5/vendor
chromium /sys/bus/pci/devices/0000:00:1f.5/device
chromium /sys/bus/pci/devices/0000:00:1f.5/class
chromium /sys/bus/pci/devices/0000:00:1f.5/revision
exe /lib/x86_64-linux-gnu/libminizip.so.1
chromium /sys/bus/pci/devices/0000:01:00.0/vendor
bash /dev/null
chromium /sys/bus/pci/devices/0000:01:00.0/device
exe /lib/x86_64-linux-gnu/libopenjp2.so.7
chromium /sys/bus/pci/devices/0000:01:00.0/class
chromium /sys/bus/pci/devices/0000:01:00.0/revision
chromium /sys/bus/pci/devices/0000:00:16.0/vendor
find /etc/ld.so.cache
exe /lib/x86_64-linux-gnu/liblcms2.so.2
find /lib/x86_64-linux-gnu/libselinux.so.1
chromium /sys/bus/pci/devices/0000:00:16.0/device
chromium /sys/bus/pci/devices/0000:00:16.0/class
find /lib/x86_64-linux-gnu/libc.so.6
exe /lib/x86_64-linux-gnu/libgcc_s.so.1
chromium /sys/bus/pci/devices/0000:00:16.0/revision
chromium /sys/bus/pci/devices/0000:00:04.0/vendor
find /lib/x86_64-linux-gnu/libpcre2-8.so.0
exe /lib/x86_64-linux-gnu/libc.so.6
chromium /sys/bus/pci/devices/0000:00:04.0/device
chromium /sys/bus/pci/devices/0000:00:04.0/class
chromium /sys/bus/pci/devices/0000:00:04.0/revision
exe /lib/x86_64-linux-gnu/libpcre2-8.so.0
chromium /sys/bus/pci/devices/0000:02:00.0/vendor
chromium /sys/bus/pci/devices/0000:02:00.0/device
chromium /sys/bus/pci/devices/0000:02:00.0/class
exe /lib/x86_64-linux-gnu/libffi.so.8
chromium /sys/bus/pci/devices/0000:02:00.0/revision
chromium /sys/bus/pci/devices/0000:00:1f.0/vendor
chromium /sys/bus/pci/devices/0000:00:1f.0/device
exe /lib/x86_64-linux-gnu/libplc4.so
find /proc/filesystems
chromium /sys/bus/pci/devices/0000:00:1f.0/class
chromium /sys/bus/pci/devices/0000:00:1f.0/revision
find .
exe /lib/x86_64-linux-gnu/libplds4.so
chromium /sys/bus/pci/devices/0000:00:08.0/vendor
find /usr/lib/locale/locale-archive
chromium /sys/bus/pci/devices/0000:00:08.0/device
find /usr/lib/x86_64-linux-gnu/gconv/gconv-modules.cache
chromium /sys/bus/pci/devices/0000:00:08.0/class
ThreadPoolForeg /config/.config/chromium/segmentation_platform/ukm_db
exe /lib/x86_64-linux-gnu/libstdc++.so.6
chromium /sys/bus/pci/devices/0000:00:08.0/revision
chromium /sys/bus/pci/devices/0000:00:1c.0/vendor
find /config/.cache
chromium /sys/bus/pci/devices/0000:00:1c.0/device
find mesa_shader_cache
exe /lib/x86_64-linux-gnu/libgmodule-2.0.so.0
chromium /sys/bus/pci/devices/0000:00:1c.0/class
find db
chromium /sys/bus/pci/devices/0000:00:1c.0/revision
find 0c
exe /lib/x86_64-linux-gnu/libmount.so.1
chromium /sys/bus/pci/devices/0000:00:17.0/vendor
chromium /sys/bus/pci/devices/0000:00:17.0/device
find 5e
ThreadPoolForeg /config/.config/chromium/segmentation_platform/ukm_db-journal
chromium /sys/bus/pci/devices/0000:00:17.0/class
chromium /sys/bus/pci/devices/0000:00:17.0/revision
exe /lib/x86_64-linux-gnu/libselinux.so.1
ThreadPoolForeg /dev/urandom
find 8a
exe /lib/x86_64-linux-gnu/libsystemd.so.0
find 59
Xvfb /proc/1515/cmdline
exe /lib/x86_64-linux-gnu/libgssapi_krb5.so.2
find dd
exe /lib/x86_64-linux-gnu/libavahi-common.so.3
exe /lib/x86_64-linux-gnu/libavahi-client.so.3
find 3d
find 35
exe /lib/x86_64-linux-gnu/libgnutls.so.30
find 8d
exe /lib/x86_64-linux-gnu/libbz2.so.1.0
find 9a
exe /lib/x86_64-linux-gnu/libpng16.so.16
find 80
exe /lib/x86_64-linux-gnu/libbrotlidec.so.1
exe /lib/x86_64-linux-gnu/libgraphite2.so.3
find 33
exe /lib/x86_64-linux-gnu/libXau.so.6
exe /lib/x86_64-linux-gnu/libXdmcp.so.6
find ea
exe /usr/lib/x86_64-linux-gnu/pulseaudio/glibc-hwcaps/x86-64-v3/lib..
exe /usr/lib/x86_64-linux-gnu/pulseaudio/glibc-hwcaps/x86-64-v2/lib..
find e1
exe /usr/lib/x86_64-linux-gnu/pulseaudio/libpulsecommon-16.1.so
find 3e
exe /lib/x86_64-linux-gnu/libogg.so.0
find 6a
exe /lib/x86_64-linux-gnu/libdrm.so.2
find b5
chromium /sys/class/tty/tty0/active
exe /lib/x86_64-linux-gnu/libXrender.so.1
find bc
exe /lib/x86_64-linux-gnu/libxcb-render.so.0
find e8
exe /lib/x86_64-linux-gnu/libxcb-shm.so.0
Xvfb /proc/1515/cmdline
find b8
exe /lib/x86_64-linux-gnu/libpixman-1.so.0
exe /lib/x86_64-linux-gnu/libfribidi.so.0
find ef
ThreadPoolForeg /config/.config/chromium/segmentation_platform
exe /lib/x86_64-linux-gnu/libthai.so.0
find b9
exe /lib/x86_64-linux-gnu/libcap.so.2
find 7e
exe /lib/x86_64-linux-gnu/libXi.so.6
find 6e
exe /lib/x86_64-linux-gnu/libblkid.so.1
find a2
exe /lib/x86_64-linux-gnu/libgcrypt.so.20
find 71
exe /lib/x86_64-linux-gnu/liblz4.so.1
exe /lib/x86_64-linux-gnu/liblzma.so.5
find b7
exe /lib/x86_64-linux-gnu/libkrb5.so.3
find 8e
exe /lib/x86_64-linux-gnu/libk5crypto.so.3
exe /lib/x86_64-linux-gnu/libcom_err.so.2
find 1a
exe /lib/x86_64-linux-gnu/libkrb5support.so.0
find 20
exe /lib/x86_64-linux-gnu/libp11-kit.so.0
find c9
exe /lib/x86_64-linux-gnu/libidn2.so.0
exe /lib/x86_64-linux-gnu/libunistring.so.5
find 26
exe /lib/x86_64-linux-gnu/libtasn1.so.6
find 4a
exe /lib/x86_64-linux-gnu/libnettle.so.8
find bd
exe /lib/x86_64-linux-gnu/libhogweed.so.6
find 62
exe /lib/x86_64-linux-gnu/libgmp.so.10
find 21
exe /lib/x86_64-linux-gnu/libbrotlicommon.so.1
find 2d
find 56
exe /lib/x86_64-linux-gnu/libbsd.so.0
find 86
exe /lib/x86_64-linux-gnu/libsndfile.so.1
exe /lib/x86_64-linux-gnu/libX11-xcb.so.1
find 40
exe /lib/x86_64-linux-gnu/libasyncns.so.0
find ed
exe /lib/x86_64-linux-gnu/libapparmor.so.1
exe /lib/x86_64-linux-gnu/libdatrie.so.1
find 9d
ThreadPoolForeg /config/.config/chromium/segmentation_platform/ukm_db-wal
exe /lib/x86_64-linux-gnu/libgpg-error.so.0
find 05
exe /lib/x86_64-linux-gnu/libkeyutils.so.1
find 03
exe /lib/x86_64-linux-gnu/libresolv.so.2
find 67
exe /lib/x86_64-linux-gnu/libmd.so.0
Xvfb /proc/1515/cmdline
exe /lib/x86_64-linux-gnu/libvorbis.so.0
find 7d
find 11
exe /lib/x86_64-linux-gnu/libvorbisenc.so.2
find 13
exe /lib/x86_64-linux-gnu/libmpg123.so.0
exe /lib/x86_64-linux-gnu/libmp3lame.so.0
find b6
find 4e
find ba
find ksplash
ThreadPoolForeg /config/.config/chromium/segmentation_platform
find qmlcache
find qtshadercache-x86_64-little_endian-lp64
chromium /usr/share/fonts/opentype/noto/NotoSansCJK-Regular.ttc
find plasmashell
find qmlcache
chromium /usr/share/fonts/opentype/noto/NotoSerifCJK-Regular.ttc
chromium /usr/lib/chromium/libGLESv2.so
find /config/.config
find openbox
find vlc
find pulse
find autostart
find kdedefaults
find gtk-3.0
find gtk-4.0
find dconf
find xsettingsd
find kde.org
find xfce4
find xfconf
find xfce-perchannel-xml
find chromium
find Crash Reports
find new
find pending
find completed
find attachments
find BrowserMetrics
find Default
find NativeMessagingHosts
find component_crx_cache
find ShaderCache
find segmentation_platform
find /config/.local
find bin
chromium /usr/share/fonts/opentype/noto/NotoSansCJK-Regular.ttc
find share
find kactivitymanagerd
find resources
find test-backup
find working-backup
chromium /usr/share/fonts/opentype/noto/NotoSerifCJK-Regular.ttc
find baloo
chromium /usr/lib/chromium/libEGL.so
sleep /etc/ld.so.cache
sleep /lib/x86_64-linux-gnu/libc.so.6
chromium /usr/share/fonts/opentype/noto/NotoSansCJK-Regular.ttc
sleep /usr/lib/locale/locale-archive
sleep /usr/share/locale/locale.alias
sleep /usr/share/locale/en_US/LC_MESSAGES/coreutils.mo
sleep /usr/share/locale/en/LC_MESSAGES/coreutils.mo
sleep /usr/share/locale-langpack/en_US/LC_MESSAGES/coreutils.mo
sleep /usr/share/locale-langpack/en/LC_MESSAGES/coreutils.mo
chromium /usr/lib/chromium/libvulkan.so
chromium /usr/lib/chromium/libvulkan.so.1
chromium /usr/share/fonts/opentype/noto/NotoSerifCJK-Regular.ttc
chromium /config/.config/vulkan/implicit_layer.d
chromium /config/.config/kdedefaults/vulkan/implicit_layer.d
chromium /etc/xdg/vulkan/implicit_layer.d
chromium /usr/share/kubuntu-default-settings/kf5-settings/vulkan/implici..
chromium /etc/vulkan/implicit_layer.d
exe /etc/gnutls/config
chromium /usr/share/fonts/opentype/noto/NotoSansCJK-Regular.ttc
chromium /config/.local/share/vulkan/implicit_layer.d
chromium /usr/local/share/vulkan/implicit_layer.d
chromium /usr/share/vulkan/implicit_layer.d
exe /proc/filesystems
chromium /usr/share/vulkan/implicit_layer.d/VkLayer_MESA_device_select.j..
chromium /config/.config/vulkan/implicit_layer.d
chromium /config/.config/kdedefaults/vulkan/implicit_layer.d
chromium /etc/xdg/vulkan/implicit_layer.d
chromium /usr/share/kubuntu-default-settings/kf5-settings/vulkan/implici..
chromium /etc/vulkan/implicit_layer.d
chromium /usr/share/fonts/opentype/noto/NotoSerifCJK-Regular.ttc
chromium /config/.local/share/vulkan/implicit_layer.d
chromium /usr/local/share/vulkan/implicit_layer.d
chromium /usr/share/vulkan/implicit_layer.d
chromium /usr/share/vulkan/implicit_layer.d/VkLayer_MESA_device_select.j..
chromium /config/.config/vulkan/icd.d
chromium /config/.config/kdedefaults/vulkan/icd.d
chromium /etc/xdg/vulkan/icd.d
chromium /usr/share/kubuntu-default-settings/kf5-settings/vulkan/icd.d
chromium /etc/vulkan/icd.d
chromium /config/.local/share/vulkan/icd.d
chromium /usr/local/share/vulkan/icd.d
chromium /usr/share/vulkan/icd.d
exe /proc/self/stat
exe /proc/stat
chromium /usr/share/vulkan/icd.d/asahi_icd.json
chromium /etc/ld.so.cache
chromium /lib/x86_64-linux-gnu/libvulkan_asahi.so
chromium /proc/self/cmdline
chromium /usr/lib/locale/locale-archive
chromium /proc/self/status
chromium /usr/lib/chromium/icudtl.dat
chromium /etc/localtime
chromium /usr/lib/chromium/chrome_100_percent.pak
chromium /usr/lib/chromium/chrome_200_percent.pak
chromium /usr/share/locale/locale.alias
chromium /usr/lib/x86_64-linux-gnu/gconv/gconv-modules.cache
chromium /usr/lib/chromium/locales/en-US.pak
chromium /usr/lib/chromium/resources.pak
chromium /config/.config/chromium/Default/Managed Mode Settings
chromium /config/.config/chromium/Default/Preferences
chromium /config/.config/chromium/Default/Secure Preferences
chromium /lib/x86_64-linux-gnu/libxcb-dri3.so.0
chromium /lib/x86_64-linux-gnu/libxcb-present.so.0
chromium /proc/self/maps
chromium /lib/x86_64-linux-gnu/libxcb-xfixes.so.0
chromium /lib/x86_64-linux-gnu/libxcb-sync.so.1
chromium /lib/x86_64-linux-gnu/libxcb-randr.so.0
chromium /lib/x86_64-linux-gnu/libxshmfence.so.1
chromium /lib/x86_64-linux-gnu/libwayland-client.so.0
chromium /usr/share/vulkan/icd.d/gfxstream_vk_icd.json
chromium /etc/ld.so.cache
chromium /lib/x86_64-linux-gnu/libvulkan_gfxstream.so
chromium /sys/devices/system/cpu/possible
chromium /sys/devices/system/cpu/cpu0/cpufreq/cpuinfo_max_freq
chromium /sys/devices/system/cpu/cpu1/cpufreq/cpuinfo_max_freq
chromium /sys/devices/system/cpu/cpu2/cpufreq/cpuinfo_max_freq
chromium /sys/devices/system/cpu/cpu3/cpufreq/cpuinfo_max_freq
chromium /sys/devices/system/cpu/cpu4/cpufreq/cpuinfo_max_freq
chromium /sys/devices/system/cpu/cpu5/cpufreq/cpuinfo_max_freq
chromium /sys/devices/system/cpu/cpu6/cpufreq/cpuinfo_max_freq
chromium /sys/devices/system/cpu/cpu7/cpufreq/cpuinfo_max_freq
chromium /sys/devices/system/cpu/cpu8/cpufreq/cpuinfo_max_freq
chromium /sys/devices/system/cpu/cpu9/cpufreq/cpuinfo_max_freq
chromium /sys/devices/system/cpu/cpu10/cpufreq/cpuinfo_max_freq
chromium /sys/devices/system/cpu/cpu11/cpufreq/cpuinfo_max_freq
chromium /sys/devices/system/cpu/cpu12/cpufreq/cpuinfo_max_freq
chromium /tmp/.org.chromium.Chromium.WmBju8
chromium /sys/devices/system/cpu/cpu13/cpufreq/cpuinfo_max_freq
chromium /sys/devices/system/cpu/cpu14/cpufreq/cpuinfo_max_freq
chromium /sys/devices/system/cpu/cpu15/cpufreq/cpuinfo_max_freq
ThreadPoolForeg /config/.config/chromium/Default/Local Storage/leveldb
chromium /usr/share/vulkan/icd.d/intel_hasvk_icd.json
chromium /etc/ld.so.cache
chromium /lib/x86_64-linux-gnu/libvulkan_intel_hasvk.so
ThreadPoolForeg /config/.config/chromium/Default/Sync Data/LevelDB/LOG
ThreadPoolForeg /config/.config/chromium/Default/Sync Data/LevelDB/LOCK
ThreadPoolForeg /config/.config/chromium/Default/Sync Data/LevelDB/LOCK
chromium /tmp/.org.chromium.Chromium.BqHhIz
ThreadPoolForeg /config/.config/chromium/Default/History
chromium /tmp/.org.chromium.Chromium.BqHhIz
ThreadPoolForeg /config/.config/chromium/Default/Sync Data/LevelDB/MANIFEST-000..
ThreadPoolForeg /config/.config/chromium/Default/History
ThreadPoolForeg /config/.config/chromium/Default/Sync Data/LevelDB
ThreadPoolSingl /tmp/.org.chromium.Chromium.UCMo2q
chromium /sys/devices/system/cpu/online
chromium /usr/share/kubuntu-default-settings/kf5-settings/kioslaverc
chromium /etc/xdg/kioslaverc
chromium /config/.config/kdedefaults/kioslaverc
chromium /config/.config/kioslaverc
ThreadPoolForeg /config/.config/chromium/Default/History-journal
ThreadPoolForeg /config/.config/chromium/Default/ServerCertificate
Chrome_ChildIOT /proc/self/cmdline
ThreadPoolForeg /config/.config/chromium/Default/Web Data
ThreadPoolForeg /config/.config/chromium/Default/ServerCertificate-journal
chromium /proc/self/maps
ThreadPoolForeg /proc/sys/fs/inotify/max_user_watches
ThreadPoolForeg /config/.config/chromium/Default/Web Data-journal
chromium .
ThreadPoolForeg /etc/host.conf
ThreadPoolForeg /etc/hosts
chromium self/fd/
ThreadPoolForeg /etc/resolv.conf
ThreadPoolForeg /etc/nsswitch.conf
ThreadPoolForeg /config/.cache/chromium/Default/Code Cache/wasm/index
ThreadPoolForeg /config/.cache/chromium/Default/Code Cache/wasm/index
ThreadPoolForeg /config/.cache/chromium/Default/Code Cache/js/index
ThreadPoolForeg /config/.cache/chromium/Default/Code Cache/js/index
chromium /usr/share/vulkan/icd.d/intel_icd.json
chromium .
ThreadPoolForeg /config/.cache/chromium/Default/Code Cache/wasm/index-dir/the-r..
ThreadPoolForeg /config/.cache/chromium/Default/Code Cache/js/index-dir/the-rea..
chromium /usr/share/kubuntu-default-settings/kf5-settings/kioslaverc
ThreadPoolForeg /config/.cache/chromium/Default/Code Cache/wasm
chromium /etc/xdg/kioslaverc
chromium /etc/ld.so.cache
chromium /config/.config/kdedefaults/kioslaverc
chromium /config/.config/kioslaverc
ThreadPoolForeg /config/.cache/chromium/Default/Code Cache/js
chromium /lib/x86_64-linux-gnu/libvulkan_intel.so
ThreadPoolForeg /config/.cache/chromium/Default/Code Cache/wasm/index-dir/temp-..
ThreadPoolForeg /config/.cache/chromium/Default/Code Cache/js/index-dir/temp-in..
ThreadPoolForeg /config/.config/chromium/Default
ThreadPoolForeg /config/.config/chromium/Default
ThreadPoolForeg /config/.config/chromium/Default/ClientCertificates/LOG
ThreadPoolForeg /config/.config/chromium/Default/ClientCertificates/LOCK
ThreadPoolForeg /config/.config/chromium/Default/ClientCertificates/LOCK
ThreadPoolForeg /config/.config/chromium/Default/Affiliation Database
ThreadPoolForeg /config/.config/chromium/Default/Login Data
ThreadPoolForeg /config/.config/chromium/Default/Login Data For Account
ThreadPoolForeg /config/.config/chromium/Default/Site Characteristics Database/..
ThreadPoolForeg /config/.config/chromium/Default/Site Characteristics Database/..
ThreadPoolForeg /config/.config/chromium/Default/Site Characteristics Database/..
ThreadPoolForeg /config/.config/chromium/Default/Site Characteristics Database/..
ThreadPoolForeg /config/.config/chromium/Default/Site Characteristics Database
ThreadPoolForeg /config/.config/chromium/Default/Sync Data/LevelDB/000001.dbtmp..
ThreadPoolForeg /config/.config/chromium/Default/Affiliation Database-journal
ThreadPoolForeg /config/.config/chromium/Default/Custom Dictionary.txt
ThreadPoolForeg /config/.config/chromium/Default/Login Data For Account-journal..
ThreadPoolForeg /config/.config/chromium/Dictionaries/en-US-10-1.bdic
ThreadPoolForeg /config/.config/chromium/Default/Login Data-journal
ThreadPoolForeg /config/.config/chromium/Default/discounts_db/LOG
chromium /usr/share/vulkan/icd.d/lvp_icd.json
ThreadPoolForeg /config/.config/chromium/Default/commerce_subscription_db/LOG
ThreadPoolForeg /config/.config/chromium/Default/discounts_db/LOCK
ThreadPoolForeg /config/.config/chromium/Default/commerce_subscription_db/LOCK
ThreadPoolForeg /config/.config/chromium/Default/discounts_db/LOCK
chromium /etc/ld.so.cache
ThreadPoolForeg /config/.config/chromium/Default/commerce_subscription_db/LOCK
chromium /lib/x86_64-linux-gnu/libvulkan_lvp.so
ThreadPoolForeg /config/.config/chromium/Default/chrome_cart_db/LOG
ThreadPoolForeg /config/.config/chromium/Default/chrome_cart_db/LOCK
ThreadPoolForeg /config/.config/chromium/Default/chrome_cart_db/LOCK
ThreadPoolForeg /config/.config/chromium/Default/discount_infos_db/LOG
ThreadPoolForeg /config/.config/chromium/Default/discount_infos_db/LOCK
ThreadPoolForeg /config/.config/chromium/Default/discount_infos_db/LOCK
ThreadPoolForeg /config/.config/chromium/Default/parcel_tracking_db/LOG
ThreadPoolForeg /config/.config/chromium/Default/parcel_tracking_db/LOCK
ThreadPoolForeg /config/.config/chromium/Default/Local Storage/leveldb/LOG
ThreadPoolForeg /config/.config/chromium/Default/parcel_tracking_db/LOCK
ThreadPoolForeg /config/.config/chromium/Default/Segmentation Platform/SegmentI..
ThreadPoolForeg /config/.config/chromium/Default/Segmentation Platform/SegmentI..
ThreadPoolForeg /config/.config/chromium/Default/Segmentation Platform/SegmentI..
ThreadPoolForeg /config/.config/chromium/Default/Segmentation Platform/SignalDB..
ThreadPoolForeg /config/.config/chromium/Default/Segmentation Platform/SignalDB..
ThreadPoolForeg /config/.config/chromium/Default/Segmentation Platform/SignalDB..
ThreadPoolForeg /config/.config/chromium/Default/Local Storage/leveldb/LOCK
ThreadPoolForeg /config/.config/chromium/Default/Local Storage/leveldb/LOCK
ThreadPoolForeg /config/.config/chromium/Default
ThreadPoolForeg /config/.config/chromium/Default/Sync Data/LevelDB/CURRENT
ThreadPoolForeg /config/.config/chromium/Default/Segmentation Platform/SignalSt..
ThreadPoolForeg /config/.config/chromium/Default/Segmentation Platform/SignalSt..
ThreadPoolForeg /config/.config/chromium/Default/Sync Data/LevelDB/MANIFEST-000..
ThreadPoolForeg /config/.config/chromium/Default/Segmentation Platform/SignalSt..
ThreadPoolForeg /config/.config/chromium/Default/Sync Data/LevelDB/MANIFEST-000..
ThreadPoolForeg /config/.config/chromium/Default/Sync Data/LevelDB
ThreadPoolForeg /config/.config/chromium/Default/LOG
ThreadPoolForeg /config/.config/chromium/Default/LOCK
ThreadPoolForeg /config/.config/chromium/Default/LOCK
ThreadPoolForeg /config/.config/chromium/Default/Sync Data/LevelDB
chromium /lib/x86_64-linux-gnu/libLLVM.so.20.1
ThreadPoolForeg /config/.config/chromium/Default/Sync Data/LevelDB/000003.log
ThreadPoolForeg /config/.config/chromium/Default/Sync Data/LevelDB
ThreadPoolForeg /config/.config/chromium/Default/SharedStorage
chromium /lib/x86_64-linux-gnu/../lib/glibc-hwcaps/x86-64-v3/libedit.so...
chromium /lib/x86_64-linux-gnu/../lib/glibc-hwcaps/x86-64-v2/libedit.so...
chromium /lib/x86_64-linux-gnu/../lib/libedit.so.2
ThreadPoolForeg /config/.config/chromium/Default/Sync Data/LevelDB
chromium /lib/x86_64-linux-gnu/libedit.so.2
ThreadPoolForeg /config/.config/chromium/Default/SharedStorage
ThreadPoolForeg /config/.config/chromium/Default/PersistentOriginTrials/LOG
ThreadPoolForeg /config/.config/chromium/Default/PersistentOriginTrials/LOCK
ThreadPoolForeg /config/.config/chromium/Default/PersistentOriginTrials/LOCK
chromium /lib/x86_64-linux-gnu/libxml2.so.2
chromium /lib/x86_64-linux-gnu/libtinfo.so.6
chromium /lib/x86_64-linux-gnu/libicuuc.so.74
chromium /lib/x86_64-linux-gnu/libicudata.so.74
ThreadPoolForeg /config/.config/chromium/Default/SharedStorage-journal
ThreadPoolForeg /config/.config/chromium/Default/Extension Rules/LOG
ThreadPoolForeg /config/.config/chromium/Default/Extension Rules/LOCK
ThreadPoolForeg /config/.config/chromium/Default/Extension Rules/LOCK
ThreadPoolForeg /config/.config/chromium/Default/Extension Rules/MANIFEST-00000..
ThreadPoolForeg /config/.config/chromium/Default
ThreadPoolForeg /config/.config/chromium/Default/Site Characteristics Database/..
ThreadPoolForeg /config/.config/chromium/Default/Extension Rules
ThreadPoolForeg /config/.config/chromium/Default
ThreadPoolForeg /config/.config/chromium/Default/Site Characteristics Database/..
ThreadPoolForeg /config/.config/chromium/Default/Site Characteristics Database/..
ThreadPoolForeg /config/.config/chromium/Default/Site Characteristics Database/..
ThreadPoolForeg /config/.config/chromium/Default/Local Storage/leveldb/MANIFEST..
ThreadPoolForeg /config/.config/chromium/Default/Site Characteristics Database
ThreadPoolForeg /config/.config/chromium/WidevineCdm
ThreadPoolForeg /config/.config/chromium/OnDeviceHeadSuggestModel
ThreadPoolForeg /config/.config/chromium/Subresource Filter/Unindexed Rules
ThreadPoolForeg /config/.config/chromium/Default/Site Characteristics Database
ThreadPoolForeg /config/.config/chromium/OptimizationHints
ThreadPoolForeg /config/.config/chromium/TrustTokenKeyCommitments
ThreadPoolForeg /config/.config/chromium/Default/Local Storage/leveldb
ThreadPoolForeg /config/.config/chromium/OnDeviceHeadSuggestModel
ThreadPoolForeg /config/.config/chromium/PrivacySandboxAttestationsPreloaded
ThreadPoolForeg /config/.config/chromium/TrustTokenKeyCommitments
ThreadPoolForeg /config/.config/chromium/OptimizationHints
ThreadPoolForeg /config/.config/chromium/WidevineCdm
ThreadPoolForeg /config/.config/chromium/Default
ThreadPoolForeg /config/.config/chromium/Default
ThreadPoolForeg /config/.config/chromium/Subresource Filter/Unindexed Rules
ThreadPoolForeg /config/.config/chromium/PrivacySandboxAttestationsPreloaded
ThreadPoolForeg /config/.config/chromium/Default/Site Characteristics Database/..
ThreadPoolForeg /config/.config/chromium/Default/Site Characteristics Database
ThreadPoolForeg /config/.config/chromium/SSLErrorAssistant
ThreadPoolForeg /config/.config/chromium/Default/SharedStorage-wal
ThreadPoolForeg /config/.config/chromium/FileTypePolicies
ThreadPoolForeg /config/.config/chromium/OriginTrials
ThreadPoolForeg /config/.config/chromium/CertificateRevocation
ThreadPoolForeg /config/.config/chromium/SSLErrorAssistant
ThreadPoolForeg /config/.config/chromium/PKIMetadata
ThreadPoolForeg /config/.config/chromium/MEIPreload
ThreadPoolForeg /config/.config/chromium/SafetyTips
ThreadPoolForeg /config/.config/chromium/FileTypePolicies
ThreadPoolForeg /config/.config/chromium/Crowd Deny
ThreadPoolForeg /config/.config/chromium/OriginTrials
ThreadPoolForeg /config/.config/chromium/Default/Site Characteristics Database
ThreadPoolForeg /config/.config/chromium/PKIMetadata
ThreadPoolForeg /config/.config/chromium/CertificateRevocation
ThreadPoolForeg /config/.config/chromium/SafetyTips
ThreadPoolForeg /config/.config/chromium/MEIPreload
ThreadPoolForeg /config/.config/chromium/hyphen-data
ThreadPoolForeg /config/.config/chromium/ZxcvbnData
ThreadPoolForeg /config/.config/chromium/Crowd Deny
ThreadPoolForeg /config/.config/chromium/ActorSafetyLists
ThreadPoolForeg /config/.config/chromium/AmountExtractionHeuristicRegexes
ThreadPoolForeg /config/.config/chromium/ZxcvbnData
ThreadPoolForeg /config/.config/chromium/Default/BookmarkMergedSurfaceOrdering
ThreadPoolForeg /config/.config/chromium/ActorSafetyLists
ThreadPoolForeg /config/.config/chromium/WasmTtsEngine
ThreadPoolForeg /config/.config/chromium/hyphen-data
ThreadPoolForeg /config/.config/chromium/CaptchaProviders
ThreadPoolForeg /config/.config/chromium/AmountExtractionHeuristicRegexes
ThreadPoolForeg /config/.config/chromium/Default/Extension Rules/000001.dbtmp
ThreadPoolForeg /config/.config/chromium/WasmTtsEngine
ThreadPoolForeg /config/.config/chromium/CaptchaProviders
ThreadPoolForeg /config/.config/chromium/Default/Extension Rules/CURRENT
ThreadPoolForeg /config/.config/chromium/Default/Extension Rules/MANIFEST-00000..
ThreadPoolForeg /config/.config/chromium/Default/Extension Rules/MANIFEST-00000..
ThreadPoolForeg /config/.config/chromium/Default/Extension Rules
ThreadPoolForeg /config/.config/chromium/Default/Extension Rules
ThreadPoolForeg /config/.config/chromium/Default/Extension Rules/000003.log
ThreadPoolForeg /config/.config/chromium/Default/Extension Rules
ThreadPoolForeg /config/.config/chromium/Default/Extension Rules
ThreadPoolForeg /config/.config/chromium/Default/Local Storage/leveldb/000001.d..
ThreadPoolForeg /config/.config/chromium/Default/Extension Scripts/LOG
ThreadPoolForeg /config/.config/chromium/Default/Extension Scripts/LOCK
ThreadPoolForeg /config/.config/chromium/Default/Extension Scripts/LOCK
ThreadPoolForeg /config/.config/chromium/Default/Extension Scripts/MANIFEST-000..
ThreadPoolForeg /config/.config/chromium/Default/Extension Scripts
chromium /proc/1517/stat
chromium /proc/1517/status
chromium /proc/1517/stat
ThreadPoolForeg /config/.config/chromium/Default/History
bash /dev/null
ThreadPoolForeg /config/.config/chromium/Default/Favicons
find /etc/ld.so.cache
find /lib/x86_64-linux-gnu/libselinux.so.1
ThreadPoolForeg /config/.config/chromium/Default/Favicons
find /lib/x86_64-linux-gnu/libc.so.6
chromium /proc/1532/stat
ThreadPoolForeg /config/.config/chromium/Default/Local Storage/leveldb/CURRENT
find /lib/x86_64-linux-gnu/libpcre2-8.so.0
chromium /usr/share/vulkan/icd.d/nouveau_icd.json
chromium /proc/1532/status
chromium /etc/ld.so.cache
chromium /lib/x86_64-linux-gnu/libvulkan_nouveau.so
ThreadPoolForeg /config/.config/chromium/Default/Local Storage/leveldb/MANIFEST..
find /proc/filesystems
ThreadPoolForeg /config/.config/chromium/Default/Favicons-journal
find .
find /usr/lib/locale/locale-archive
chromium /proc/1532/stat
find /usr/lib/x86_64-linux-gnu/gconv/gconv-modules.cache
find /config/.cache
find mesa_shader_cache
find db
find 0c
ThreadPoolForeg /config/.config/chromium/Default/Local Storage/leveldb/MANIFEST..
find 5e
find 8a
ThreadPoolForeg /config/.config/chromium/Default/Shared Dictionary/db
ThreadPoolForeg /config/.config/chromium/Default/Shared Dictionary/cache/index
find 59
ThreadPoolForeg /config/.config/chromium/Default/Shared Dictionary/cache/index
ThreadPoolForeg /config/.config/chromium/Default/Trust Tokens
Chrome_ChildIOT /proc/self/stat
find dd
ThreadPoolForeg /config/.config/chromium/Default/Local Storage/leveldb
ThreadPoolForeg /config/.config/chromium/Default/Trust Tokens
ThreadPoolForeg /config/.config/chromium/Default/Shared Dictionary/db
Chrome_ChildIOT /proc/stat
find 3d
find 35
ThreadPoolForeg /config/.config/chromium/Default/Network Persistent State
find 8d
ThreadPoolForeg /config/.config/chromium/Default/Local Storage/leveldb
ThreadPoolForeg /config/.config/chromium/Default/TransportSecurity
find 9a
find 80
ThreadPoolForeg /config/.config/chromium/Default/Extension Scripts/000001.dbtmp..
ThreadPoolForeg /config/.config/chromium/Default/.org.chromium.Chromium.NSIJ9G
find 33
find ea
find e1
ThreadPoolForeg /config/.config/chromium/Default/Local Storage/leveldb/000003.l..
find 3e
find 6a
ThreadPoolForeg /config/.config/chromium/Default/Shared Dictionary/cache/index-..
ThreadPoolForeg /config/.config/chromium/Default/Shared Dictionary/db-journal
ThreadPoolForeg /config/.config/chromium/Default/Shared Dictionary/cache
find b5
ThreadPoolForeg /config/.config/chromium/Default/Trust Tokens-journal
ThreadPoolForeg /dev/urandom
find bc
ThreadPoolForeg /config/.config/chromium/Default/Local Storage/leveldb
find e8
find b8
find ef
find b9
find 7e
ThreadPoolForeg /config/.config/chromium/Default/Local Storage/leveldb
find 6e
ThreadPoolForeg /config/.config/chromium/Default/shared_proto_db/metadata/LOG
ThreadPoolForeg /config/.config/chromium/Default/shared_proto_db/metadata/LOCK
ThreadPoolForeg /config/.config/chromium/Default/shared_proto_db/metadata/LOCK
find a2
ThreadPoolForeg /config/.config/chromium/Default/shared_proto_db/metadata/MANIF..
find 71
ThreadPoolForeg /config/.config/chromium/Default/shared_proto_db/metadata
find b7
find 8e
ThreadPoolForeg /config/.config/chromium/Default/Shared Dictionary/cache/index-..
find 1a
find 20
find c9
find 26
ThreadPoolForeg /config/.cache/chromium/Default/Cache/Cache_Data/index
find 4a
ThreadPoolForeg /config/.cache/chromium/Default/Cache/Cache_Data/index
find bd
find 62
ThreadPoolForeg /config/.cache/chromium/Default/Cache/Cache_Data/index-dir/the-..
ThreadPoolForeg /config/.cache/chromium/Default/Cache/Cache_Data
find 21
find 2d
find 56
ThreadPoolForeg /config/.cache/chromium/Default/Cache/No_Vary_Search/snapshot.b..
ThreadPoolForeg /config/.cache/chromium/Default/Cache/Cache_Data/ed5152d08612b2..
ThreadPoolForeg /config/.cache/chromium/Default/Cache/No_Vary_Search/snapshot-n..
find 86
ThreadPoolForeg /config/.cache/chromium/Default/Cache/Cache_Data/index-dir/temp..
ThreadPoolForeg /config/.cache/chromium/Default/Cache/No_Vary_Search/journal.ba..
ThreadPoolForeg /config/.cache/chromium/Default/Cache/Cache_Data/ed5152d08612b2..
find 40
find ed
find 9d
ThreadPoolForeg /config/.config/chromium/Default
ThreadPoolForeg /sys/devices/virtual/dmi/id/sys_vendor
find 05
ThreadPoolForeg /sys/devices/virtual/dmi/id/product_name
chromium /usr/share/vulkan/icd.d/radeon_icd.json
find 03
chromium /etc/ld.so.cache
find 67
chromium /lib/x86_64-linux-gnu/libvulkan_radeon.so
find 7d
find 11
find 13
find b6
find 4e
find ba
find ksplash
find qmlcache
ThreadPoolForeg /config/.config/chromium/Default/Shared Dictionary
ThreadPoolForeg /config/.config/chromium/Default
find qtshadercache-x86_64-little_endian-lp64
ThreadPoolForeg /config/.config/chromium/Default/Extension Scripts/CURRENT
ThreadPoolForeg /config/.config/chromium/Default/Extension Scripts/MANIFEST-000..
ThreadPoolForeg /config/.config/chromium/Default/.org.chromium.Chromium.f0kdlC
find plasmashell
ThreadPoolForeg /config/.config/chromium/Default/Extension Scripts/MANIFEST-000..
ThreadPoolForeg /config/.config/chromium/Default/Extension Scripts
find qmlcache
ThreadPoolForeg /config/.config/chromium/Default/Extension Scripts
ThreadPoolForeg /config/.config/chromium/Default/Extension Scripts/000003.log
ThreadPoolForeg /config/.config/chromium/Default/Extension Scripts
ThreadPoolForeg /config/.config/chromium/Default/Extension Scripts
chromium /lib/x86_64-linux-gnu/libelf.so.1
find chromium
find Default
chromium /lib/x86_64-linux-gnu/libdrm_amdgpu.so.1
find Cache
find Cache_Data
ThreadPoolForeg /config/.config/chromium/Default/Safe Browsing Cookies
find index-dir
ThreadPoolForeg /config/.config/chromium/Default/Safe Browsing Cookies
find No_Vary_Search
find Code Cache
find wasm
find index-dir
ThreadPoolForeg /config/.config/chromium/Default/Safe Browsing Cookies-journal
find js
find index-dir
find ..
find /config/.config
find openbox
find vlc
dbus-daemon /usr/local/share/dbus-1/system-services
dbus-daemon /usr/share/dbus-1/system-services
find pulse
dbus-daemon /lib/dbus-1/system-services
find autostart
ThreadPoolForeg /config/.config/chromium/Default/shared_proto_db/metadata/00000..
chromium /usr/share/vulkan/icd.d/virtio_icd.json
find kdedefaults
ThreadPoolForeg /config/.config/chromium/Default/SCT Auditing Pending Reports
chromium /etc/ld.so.cache
find gtk-3.0
chromium /lib/x86_64-linux-gnu/libvulkan_virtio.so
find gtk-4.0
find dconf
find xsettingsd
find kde.org
ThreadPoolForeg /config/.config/chromium/Default
find xfce4
find xfconf
find xfce-perchannel-xml
find chromium
find Crash Reports
find new
find pending
find completed
find attachments
find BrowserMetrics
chromium /config/.config/vulkan/icd.d
chromium /config/.config/kdedefaults/vulkan/icd.d
chromium /etc/xdg/vulkan/icd.d
find Default
chromium /usr/share/kubuntu-default-settings/kf5-settings/vulkan/icd.d
chromium /etc/vulkan/icd.d
find Sync Data
find LevelDB
chromium /config/.local/share/vulkan/icd.d
chromium /usr/local/share/vulkan/icd.d
chromium /usr/share/vulkan/icd.d
find Shared Dictionary
find cache
find index-dir
chromium /usr/share/vulkan/icd.d/asahi_icd.json
chromium /usr/share/vulkan/icd.d/gfxstream_vk_icd.json
find ClientCertificates
chromium /usr/share/vulkan/icd.d/intel_hasvk_icd.json
ThreadPoolForeg /config/.config/chromium/Default/shared_proto_db/metadata/CURRE..
chromium /usr/share/vulkan/icd.d/intel_icd.json
ThreadPoolForeg /config/.config/chromium/Default/shared_proto_db/metadata/MANIF..
find Site Characteristics Database
chromium /usr/share/vulkan/icd.d/lvp_icd.json
ThreadPoolForeg /config/.config/chromium/Default/shared_proto_db/metadata/MANIF..
chromium /usr/share/vulkan/icd.d/nouveau_icd.json
find Local Storage
ThreadPoolForeg /config/.config/chromium/Default/shared_proto_db/metadata
find leveldb
chromium /usr/share/vulkan/icd.d/radeon_icd.json
chromium /usr/share/vulkan/icd.d/virtio_icd.json
find discounts_db
ThreadPoolForeg /config/.config/chromium/Default/shared_proto_db/metadata
find commerce_subscription_db
chromium /dev/dri
ThreadPoolForeg /config/.config/chromium/Default/shared_proto_db/metadata/00000..
find chrome_cart_db
ThreadPoolForeg /config/.config/chromium/Default/shared_proto_db/metadata
ThreadPoolForeg /config/.config/chromium/Default/shared_proto_db/metadata
find discount_infos_db
chromium /tmp/.org.chromium.Chromium.5kqBtj
find parcel_tracking_db
ThreadPoolForeg /config/.config/chromium/Default/shared_proto_db/LOG
ThreadPoolForeg /config/.config/chromium/Default/shared_proto_db/LOCK
ThreadPoolForeg /config/.config/chromium/Default/shared_proto_db/LOCK
find Segmentation Platform
ThreadPoolForeg /config/.config/chromium/Default/shared_proto_db/MANIFEST-00000..
find SegmentInfoDB
ThreadPoolForeg /config/.config/chromium/Default/shared_proto_db
ThreadPoolForeg /config/.config/chromium/Default/Cookies
find SignalDB
find SignalStorageConfigDB
ThreadPoolForeg /config/.config/chromium/Default/Cookies
find PersistentOriginTrials
find Extension Rules
find Extension Scripts
find shared_proto_db
ThreadPoolForeg /config/.config/chromium/Default/Cookies-journal
find metadata
find NativeMessagingHosts
find component_crx_cache
find ShaderCache
chromium /config/.config/vulkan/implicit_layer.d
chromium /config/.config/kdedefaults/vulkan/implicit_layer.d
chromium /etc/xdg/vulkan/implicit_layer.d
find segmentation_platform
chromium /usr/share/kubuntu-default-settings/kf5-settings/vulkan/implici..
chromium /etc/vulkan/implicit_layer.d
chromium /config/.local/share/vulkan/implicit_layer.d
chromium /usr/local/share/vulkan/implicit_layer.d
chromium /usr/share/vulkan/implicit_layer.d
find Dictionaries
chromium /usr/share/vulkan/implicit_layer.d/VkLayer_MESA_device_select.j..
find WidevineCdm
find Subresource Filter
find Unindexed Rules
chromium /config/.config/vulkan/implicit_layer.d
chromium /config/.config/kdedefaults/vulkan/implicit_layer.d
chromium /etc/xdg/vulkan/implicit_layer.d
chromium /usr/share/kubuntu-default-settings/kf5-settings/vulkan/implici..
chromium /etc/vulkan/implicit_layer.d
chromium /config/.local/share/vulkan/implicit_layer.d
chromium /usr/local/share/vulkan/implicit_layer.d
chromium /usr/share/vulkan/implicit_layer.d
find OnDeviceHeadSuggestModel
chromium /usr/share/vulkan/implicit_layer.d/VkLayer_MESA_device_select.j..
chromium /config/.config/vulkan/icd.d
chromium /config/.config/kdedefaults/vulkan/icd.d
chromium /etc/xdg/vulkan/icd.d
chromium /usr/share/kubuntu-default-settings/kf5-settings/vulkan/icd.d
chromium /etc/vulkan/icd.d
find OptimizationHints
chromium /config/.local/share/vulkan/icd.d
chromium /usr/local/share/vulkan/icd.d
find TrustTokenKeyCommitments
chromium /usr/share/vulkan/icd.d
find PrivacySandboxAttestationsPreloaded
ThreadPoolForeg /config/.config/chromium/Default
find SSLErrorAssistant
chromium /usr/share/vulkan/icd.d/asahi_icd.json
find FileTypePolicies
find OriginTrials
chromium /usr/share/vulkan/icd.d/gfxstream_vk_icd.json
find CertificateRevocation
chromium /usr/share/vulkan/icd.d/intel_hasvk_icd.json
find MEIPreload
chromium /usr/share/vulkan/icd.d/intel_icd.json
find PKIMetadata
chromium /usr/share/vulkan/icd.d/lvp_icd.json
find SafetyTips
find Crowd Deny
chromium /usr/share/vulkan/icd.d/nouveau_icd.json
find hyphen-data
chromium /usr/share/vulkan/icd.d/radeon_icd.json
chromium /usr/share/vulkan/icd.d/virtio_icd.json
find ZxcvbnData
ThreadPoolForeg /config/.config/chromium/Default/Account Web Data
chromium /dev/dri
find ActorSafetyLists
chromium /config/.config/vulkan/implicit_layer.d
chromium /config/.config/kdedefaults/vulkan/implicit_layer.d
find AmountExtractionHeuristicRegexes
chromium /etc/xdg/vulkan/implicit_layer.d
chromium /usr/share/kubuntu-default-settings/kf5-settings/vulkan/implici..
chromium /etc/vulkan/implicit_layer.d
find WasmTtsEngine
find CaptchaProviders
find ..
chromium /config/.local/share/vulkan/implicit_layer.d
chromium /usr/local/share/vulkan/implicit_layer.d
find /config/.local
chromium /usr/share/vulkan/implicit_layer.d
find bin
ThreadPoolForeg /config/.config/chromium/Default/Account Web Data-journal
find share
chromium /usr/share/vulkan/implicit_layer.d/VkLayer_MESA_device_select.j..
find kactivitymanagerd
find resources
find test-backup
find working-backup
ThreadPoolForeg /config/.config/chromium/Default/Shared Dictionary/db-journal
chromium /config/.config/vulkan/implicit_layer.d
chromium /config/.config/kdedefaults/vulkan/implicit_layer.d
chromium /etc/xdg/vulkan/implicit_layer.d
chromium /usr/share/kubuntu-default-settings/kf5-settings/vulkan/implici..
chromium /etc/vulkan/implicit_layer.d
ThreadPoolForeg /config/.config/chromium/Default/shared_proto_db/000001.dbtmp
find baloo
chromium /config/.local/share/vulkan/implicit_layer.d
chromium /usr/local/share/vulkan/implicit_layer.d
chromium /usr/share/vulkan/implicit_layer.d
chromium /usr/share/vulkan/implicit_layer.d/VkLayer_MESA_device_select.j..
chromium /config/.config/vulkan/explicit_layer.d
chromium /config/.config/kdedefaults/vulkan/explicit_layer.d
chromium /etc/xdg/vulkan/explicit_layer.d
chromium /usr/share/kubuntu-default-settings/kf5-settings/vulkan/explici..
chromium /etc/vulkan/explicit_layer.d
chromium /config/.local/share/vulkan/explicit_layer.d
chromium /usr/local/share/vulkan/explicit_layer.d
chromium /usr/share/vulkan/explicit_layer.d
chromium /usr/share/vulkan/explicit_layer.d/VkLayer_INTEL_nullhw.json
chromium /usr/share/vulkan/explicit_layer.d/VkLayer_MESA_overlay.json
chromium /config/.config/vulkan/icd.d
chromium /config/.config/kdedefaults/vulkan/icd.d
chromium /etc/xdg/vulkan/icd.d
chromium /usr/share/kubuntu-default-settings/kf5-settings/vulkan/icd.d
sleep /etc/ld.so.cache
chromium /etc/vulkan/icd.d
chromium /tmp/.org.chromium.Chromium.MyOKDP
sleep /lib/x86_64-linux-gnu/libc.so.6
chromium /tmp/.org.chromium.Chromium.MyOKDP
chromium /config/.local/share/vulkan/icd.d
sleep /usr/lib/locale/locale-archive
chromium /usr/local/share/vulkan/icd.d
sleep /usr/share/locale/locale.alias
chromium /usr/share/vulkan/icd.d
sleep /usr/share/locale/en_US/LC_MESSAGES/coreutils.mo
ThreadPoolForeg /config/.config/chromium/Default
sleep /usr/share/locale/en/LC_MESSAGES/coreutils.mo
sleep /usr/share/locale-langpack/en_US/LC_MESSAGES/coreutils.mo
sleep /usr/share/locale-langpack/en/LC_MESSAGES/coreutils.mo
chromium /usr/share/vulkan/icd.d/asahi_icd.json
ThreadPoolSingl /proc/1517/task
chromium /usr/share/vulkan/icd.d/gfxstream_vk_icd.json
chromium /usr/share/vulkan/icd.d/intel_hasvk_icd.json
chromium /usr/share/vulkan/icd.d/intel_icd.json
chromium /usr/share/vulkan/icd.d/lvp_icd.json
chromium /usr/share/vulkan/icd.d/nouveau_icd.json
chromium /usr/share/vulkan/icd.d/radeon_icd.json
chromium /usr/share/vulkan/icd.d/virtio_icd.json
ThreadPoolSingl /proc/1517/task/1517/status
chromium /dev/dri
chromium /etc/ld.so.cache
ThreadPoolSingl /proc/1517/task/1526/status
chromium /lib/x86_64-linux-gnu/libVkLayer_MESA_device_select.so
ThreadPoolSingl /proc/1517/task/1527/status
ThreadPoolForeg /config/.config/chromium/Default/Shared Dictionary
ThreadPoolForeg /config/.config/chromium/Default/shared_proto_db/CURRENT
ThreadPoolForeg /config/.config/chromium/Default/shared_proto_db/MANIFEST-00000..
ThreadPoolForeg /config/.config/chromium/Default/shared_proto_db/MANIFEST-00000..
chromium /tmp/.org.chromium.Chromium.4Th4fX
chromium /tmp/.org.chromium.Chromium.4Th4fX
ThreadPoolForeg /config/.config/chromium/Default/shared_proto_db
ThreadPoolForeg /config/.config/chromium/Default/shared_proto_db
ThreadPoolForeg /config/.config/chromium/Default/shared_proto_db/000003.log
ThreadPoolForeg /config/.config/chromium/Default/Safe Browsing Cookies-journal
ThreadPoolForeg /config/.config/chromium/Default/shared_proto_db
ThreadPoolSingl /proc/1532/task
ThreadPoolSingl /proc/1532/task/1532/status
ThreadPoolForeg /config/.config/chromium/Default/shared_proto_db
chromium /usr/share/drirc.d
ThreadPoolSingl /proc/1532/task/1540/status
chromium /usr/share/drirc.d/00-mesa-defaults.conf
chromium /usr/share/drirc.d/00-radv-defaults.conf
chromium /etc/drirc
chromium /usr/share/locale/locale.alias
chromium /usr/share/locale/en_US/LC_MESSAGES/libc.mo
chromium /usr/share/locale/en/LC_MESSAGES/libc.mo
chromium /usr/share/locale-langpack/en_US/LC_MESSAGES/libc.mo
chromium /usr/share/locale-langpack/en/LC_MESSAGES/libc.mo
chromium /config/.drirc
chromium /dev/dri
chromium /dev/dri
chromium /dev/dri
ThreadPoolForeg /config/.config/chromium/Default
chromium /dev/dri
chromium /usr/share/drirc.d
chromium /usr/share/drirc.d/00-mesa-defaults.conf
chromium /usr/share/drirc.d/00-radv-defaults.conf
chromium /etc/drirc
chromium /config/.drirc
chromium /usr/share/drirc.d
chromium /tmp/.org.chromium.Chromium.mxkgLO
chromium /usr/share/drirc.d/00-mesa-defaults.conf
chromium /tmp/.org.chromium.Chromium.mxkgLO
chromium /usr/share/drirc.d/00-radv-defaults.conf
chromium /etc/drirc
chromium /config/.drirc
chromium /usr/share/drirc.d
ThreadPoolSingl /proc/1517/task
ThreadPoolForeg /config/.config/chromium/Default/Cookies-journal
chromium /usr/share/drirc.d/00-mesa-defaults.conf
ThreadPoolSingl /proc/1517/task/1517/status
ThreadPoolSingl /proc/1517/task/1526/status
ThreadPoolSingl /proc/1517/task/1527/status
ThreadPoolSingl /proc/1517/task/1529/status
ThreadPoolSingl /proc/1517/task
chromium /usr/share/drirc.d/00-radv-defaults.conf
ThreadPoolSingl /proc/1517/task/1517/status
chromium /etc/drirc
ThreadPoolSingl /proc/1517/task/1526/status
chromium /config/.drirc
ThreadPoolSingl /proc/1517/task/1527/status
chromium /usr/share/drirc.d
ThreadPoolSingl /proc/1517/task/1529/status
chromium /usr/share/drirc.d/00-mesa-defaults.conf
ThreadPoolSingl /proc/1517/task/1530/status
ThreadPoolSingl /proc/1517/task
ThreadPoolSingl /proc/1517/task/1517/status
ThreadPoolSingl /proc/1517/task/1526/status
ThreadPoolSingl /proc/1517/task/1527/status
chromium /usr/share/drirc.d/00-radv-defaults.conf
ThreadPoolSingl /proc/1517/task/1529/status
ThreadPoolSingl /proc/1517/task/1530/status
chromium /etc/drirc
chromium /config/.drirc
chromium /dev/dri
ThreadPoolSingl /proc/1517/task/1531/status
chromium /dev/dri
chromium /dev/dri
chromium /sys/devices/system/cpu/possible
chromium /sys/devices/system/cpu/cpu0/cpu_capacity
ThreadPoolSingl /proc/1517/task
ThreadPoolSingl /proc/1517/task/1517/status
chromium /sys/devices/system/cpu/cpu1/cpu_capacity
chromium /sys/devices/system/cpu/cpu2/cpu_capacity
ThreadPoolSingl /proc/1517/task/1526/status
chromium /sys/devices/system/cpu/cpu3/cpu_capacity
chromium /sys/devices/system/cpu/cpu4/cpu_capacity
ThreadPoolSingl /proc/1517/task/1527/status
chromium /sys/devices/system/cpu/cpu5/cpu_capacity
ThreadPoolSingl /proc/1517/task/1529/status
chromium /sys/devices/system/cpu/cpu6/cpu_capacity
ThreadPoolSingl /proc/1517/task/1530/status
chromium /sys/devices/system/cpu/cpu7/cpu_capacity
ThreadPoolForeg /config/.config/chromium/Default
chromium /sys/devices/system/cpu/cpu8/cpu_capacity
ThreadPoolSingl /proc/1517/task/1531/status
chromium /sys/devices/system/cpu/cpu9/cpu_capacity
chromium /sys/devices/system/cpu/cpu10/cpu_capacity
ThreadPoolSingl /proc/1517/task/1533/status
chromium /sys/devices/system/cpu/cpu11/cpu_capacity
chromium /sys/devices/system/cpu/cpu12/cpu_capacity
ThreadPoolSingl /proc/1517/task
ThreadPoolSingl /proc/1517/task/1517/status
chromium /sys/devices/system/cpu/cpu13/cpu_capacity
chromium /sys/devices/system/cpu/cpu14/cpu_capacity
ThreadPoolSingl /proc/1517/task/1526/status
chromium /sys/devices/system/cpu/cpu15/cpu_capacity
ThreadPoolSingl /proc/1517/task/1527/status
chromium /dev/udmabuf
ThreadPoolSingl /proc/1517/task/1529/status
ThreadPoolSingl /proc/1517/task/1530/status
chromium /dev/dri
ThreadPoolSingl /proc/1517/task/1531/status
chromium /dev/dri
chromium /dev/dri
ThreadPoolSingl /proc/1517/task/1533/status
chromium /sys/class/drm/card0/device/boot_vga
ThreadPoolSingl /proc/1517/task/1534/status
chromium /sys/class/drm/card0/device/boot_vga
ThreadPoolSingl /proc/1517/task
ThreadPoolSingl /proc/1517/task/1517/status
ThreadPoolForeg /config/.config/chromium/Default/Safe Browsing Cookies-journal
ThreadPoolSingl /proc/1517/task/1526/status
ThreadPoolSingl /proc/1517/task/1527/status
ThreadPoolSingl /proc/1517/task/1529/status
ThreadPoolSingl /proc/1517/task/1530/status
Xvfb /proc/1515/cmdline
ThreadPoolSingl /proc/1517/task/1531/status
ThreadPoolSingl /proc/1517/task/1533/status
ThreadPoolSingl /proc/1517/task/1534/status
ThreadPoolSingl /proc/1517/task/1537/status
ThreadPoolSingl /proc/1517/task/1538/status
ThreadPoolSingl /proc/1517/task
ThreadPoolForeg /config/.config/chromium/Default
ThreadPoolSingl /proc/1517/task/1517/status
ThreadPoolSingl /proc/1517/task/1526/status
ThreadPoolSingl /proc/1517/task/1527/status
ThreadPoolSingl /proc/1517/task/1529/status
selkies /proc/stat
ThreadPoolSingl /proc/1517/task/1530/status
selkies /proc/meminfo
ThreadPoolSingl /proc/1517/task/1531/status
ThreadPoolSingl /proc/1517/task/1533/status
ThreadPoolSingl /proc/1517/task/1534/status
ThreadPoolSingl /proc/1517/task/1537/status
chromium /etc/ld.so.cache
ThreadPoolSingl /proc/1517/task
chromium /lib/x86_64-linux-gnu/libGL.so.1
ThreadPoolSingl /proc/1517/task/1517/status
chromium /lib/x86_64-linux-gnu/libGLdispatch.so.0
ThreadPoolSingl /proc/1517/task/1526/status
ThreadPoolSingl /proc/1517/task/1527/status
chromium /lib/x86_64-linux-gnu/libGLX.so.0
ThreadPoolForeg /config/.config/chromium/Default/Extension State/LOG
ThreadPoolSingl /proc/1517/task/1529/status
ThreadPoolForeg /config/.config/chromium/Default/Extension State/LOCK
ThreadPoolForeg /config/.config/chromium/Default/Extension State/LOCK
ThreadPoolSingl /proc/1517/task/1530/status
ThreadPoolForeg /config/.config/chromium/Default/Extension State/MANIFEST-00000..
ThreadPoolForeg /config/.config/chromium/Default/Extension State
ThreadPoolSingl /proc/1517/task/1531/status
ThreadPoolSingl /proc/1517/task/1533/status
ThreadPoolSingl /proc/1517/task/1534/status
Chrome_ChildIOT /tmp/.org.chromium.Chromium.WqEAX2
ThreadPoolSingl /proc/1517/task/1537/status
ThreadPoolSingl /proc/1517/task/1538/status
ThreadPoolSingl /proc/1517/task/1558/status
ThreadPoolSingl /proc/1517/task
ThreadPoolSingl /proc/1517/task/1517/status
ThreadPoolSingl /proc/1517/task/1526/status
ThreadPoolSingl /proc/1517/task/1527/status
ThreadPoolSingl /proc/1517/task/1529/status
chromium /etc/ld.so.cache
chromium /lib/x86_64-linux-gnu/libGLX_mesa.so.0
ThreadPoolSingl /proc/1517/task/1530/status
chromium /lib/x86_64-linux-gnu/libgallium-25.2.8-0ubuntu0.24.04.1.so
ThreadPoolSingl /proc/1517/task/1531/status
ThreadPoolForeg /config/.config/chromium/Default/Cookies-journal
ThreadPoolSingl /proc/1517/task/1533/status
chromium /lib/x86_64-linux-gnu/libxcb-glx.so.0
ThreadPoolSingl /proc/1517/task/1534/status
chromium /lib/x86_64-linux-gnu/libXxf86vm.so.1
ThreadPoolSingl /proc/1517/task/1537/status
ThreadPoolSingl /proc/1517/task/1538/status
chromium /lib/x86_64-linux-gnu/libsensors.so.5
ThreadPoolSingl /proc/1517/task/1558/status
ThreadPoolSingl /proc/1517/task/1559/status
chromium /lib/x86_64-linux-gnu/libdrm_amdgpu.so.1
chromium /lib/x86_64-linux-gnu/libelf.so.1
ThreadPoolSingl /proc/1517/task
ThreadPoolSingl /proc/1517/task/1517/status
chromium /lib/x86_64-linux-gnu/libdrm_intel.so.1
ThreadPoolSingl /proc/1517/task/1526/status
ThreadPoolSingl /proc/1517/task/1527/status
chromium /lib/x86_64-linux-gnu/libpciaccess.so.0
ThreadPoolSingl /proc/1517/task/1529/status
ThreadPoolSingl /proc/1517/task/1530/status
ThreadPoolSingl /proc/1517/task/1531/status
ThreadPoolSingl /proc/1517/task/1533/status
ThreadPoolSingl /proc/1517/task/1534/status
ThreadPoolForeg /config/.config/chromium/Default
ThreadPoolForeg /config/.config/chromium/Default/Extension State/000001.dbtmp
ThreadPoolSingl /proc/1517/task/1537/status
ThreadPoolSingl /proc/1517/task/1538/status
ThreadPoolSingl /proc/1517/task/1558/status
ThreadPoolSingl /proc/1517/task/1559/status
ThreadPoolSingl /proc/1517/task/1560/status
ThreadPoolSingl /proc/1532/task
ThreadPoolSingl /proc/1532/task/1532/status
ThreadPoolSingl /proc/1532/task/1540/status
ThreadPoolSingl /proc/1532/task/1541/status
ThreadPoolSingl /proc/1532/task
ThreadPoolSingl /proc/1532/task/1532/status
ThreadPoolSingl /proc/1532/task/1540/status
ThreadPoolSingl /proc/1532/task/1541/status
ThreadPoolSingl /proc/1532/task/1542/status
ThreadPoolSingl /proc/1532/task
ThreadPoolSingl /proc/1532/task/1532/status
ThreadPoolSingl /proc/1532/task/1540/status
ThreadPoolSingl /proc/1532/task/1541/status
ThreadPoolSingl /proc/1532/task/1542/status
ThreadPoolSingl /proc/1532/task/1543/status
ThreadPoolForeg /config/.config/chromium/Default/Extension State/CURRENT
ThreadPoolSingl /proc/1532/task
ThreadPoolForeg /config/.config/chromium/Default/Extension State/MANIFEST-00000..
ThreadPoolSingl /proc/1532/task/1532/status
ThreadPoolForeg /config/.config/chromium/Default/Extension State/MANIFEST-00000..
ThreadPoolSingl /proc/1532/task/1540/status
ThreadPoolForeg /config/.config/chromium/Default/Extension State
ThreadPoolSingl /proc/1532/task/1541/status
ThreadPoolForeg /config/.config/chromium/Default/Extension State
ThreadPoolSingl /proc/1532/task/1542/status
ThreadPoolForeg /config/.config/chromium/Default/Extension State/000003.log
ThreadPoolForeg /config/.config/chromium/Default/Extension State
ThreadPoolSingl /proc/1532/task/1543/status
ThreadPoolSingl /proc/1532/task/1545/status
ThreadPoolForeg /config/.config/chromium/Default/Extension State
ThreadPoolSingl /proc/1532/task
ThreadPoolSingl /proc/1532/task/1532/status
ThreadPoolSingl /proc/1532/task/1540/status
ThreadPoolSingl /proc/1532/task/1541/status
ThreadPoolSingl /proc/1532/task/1542/status
ThreadPoolSingl /proc/1532/task/1543/status
ThreadPoolSingl /proc/1532/task/1545/status
ThreadPoolSingl /proc/1532/task/1548/status
chromium /usr/share/drirc.d
chromium /usr/share/drirc.d/00-mesa-defaults.conf
chromium /tmp/.org.chromium.Chromium.0GmXrd
chromium /usr/share/drirc.d/00-radv-defaults.conf
chromium /etc/drirc
chromium /config/.drirc
chromium /sys/devices/system/cpu/possible
chromium /sys/devices/system/cpu/cpu0/cpu_capacity
ThreadPoolSingl /dev/null
ThreadPoolSingl /tmp/.org.chromium.Chromium.dw51H0
chromium /sys/devices/system/cpu/cpu1/cpu_capacity
chromium /sys/devices/system/cpu/cpu2/cpu_capacity
chromium /sys/devices/system/cpu/cpu3/cpu_capacity
chromium /sys/devices/system/cpu/cpu4/cpu_capacity
chromium /sys/devices/system/cpu/cpu5/cpu_capacity
chromium /sys/devices/system/cpu/cpu6/cpu_capacity
chromium /proc/1569/stat
chromium /sys/devices/system/cpu/cpu7/cpu_capacity
chromium /proc/1569/status
chromium /sys/devices/system/cpu/cpu8/cpu_capacity
chromium /sys/devices/system/cpu/cpu9/cpu_capacity
chromium /proc/1569/stat
chromium /sys/devices/system/cpu/cpu10/cpu_capacity
chromium /sys/devices/system/cpu/cpu11/cpu_capacity
chromium /sys/devices/system/cpu/cpu12/cpu_capacity
chromium /sys/devices/system/cpu/cpu13/cpu_capacity
chromium /sys/devices/system/cpu/cpu14/cpu_capacity
chromium /sys/devices/system/cpu/cpu15/cpu_capacity
chromium /dev/udmabuf
chromium /usr/share/drirc.d
chromium /usr/share/drirc.d/00-mesa-defaults.conf
ThreadPoolSingl /proc/self/fd
chromium /usr/share/drirc.d/00-radv-defaults.conf
chromium /etc/drirc
chromium /config/.drirc
exe /etc/ld.so.cache
exe /lib/x86_64-linux-gnu/libglib-2.0.so.0
exe /lib/x86_64-linux-gnu/libgobject-2.0.so.0
exe /lib/x86_64-linux-gnu/libnspr4.so
exe /lib/x86_64-linux-gnu/libnss3.so
exe /lib/x86_64-linux-gnu/libnssutil3.so
exe /lib/x86_64-linux-gnu/libsmime3.so
exe /lib/x86_64-linux-gnu/libopenh264.so.7
exe /lib/x86_64-linux-gnu/libgio-2.0.so.0
exe /lib/x86_64-linux-gnu/libatk-1.0.so.0
exe /lib/x86_64-linux-gnu/libatk-bridge-2.0.so.0
exe /lib/x86_64-linux-gnu/libdbus-1.so.3
exe /lib/x86_64-linux-gnu/libcups.so.2
exe /lib/x86_64-linux-gnu/libfontconfig.so.1
exe /lib/x86_64-linux-gnu/libz.so.1
exe /lib/x86_64-linux-gnu/libdouble-conversion.so.3
exe /lib/x86_64-linux-gnu/libzstd.so.1
ThreadPoolForeg /proc/sys/crypto/fips_enabled
exe /lib/x86_64-linux-gnu/libexpat.so.1
ThreadPoolForeg /lib/x86_64-linux-gnu/libsoftokn3.so
exe /lib/x86_64-linux-gnu/libjpeg.so.8
exe /lib/x86_64-linux-gnu/libfreetype.so.6
exe /lib/x86_64-linux-gnu/libharfbuzz.so.0
exe /lib/x86_64-linux-gnu/libharfbuzz-subset.so.0
exe /lib/x86_64-linux-gnu/libxcb.so.1
ThreadPoolForeg /etc/ld.so.cache
exe /lib/x86_64-linux-gnu/libxkbcommon.so.0
ThreadPoolForeg /lib/x86_64-linux-gnu/libsqlite3.so.0
exe /lib/x86_64-linux-gnu/libasound.so.2
exe /lib/x86_64-linux-gnu/libpulse.so.0
ThreadPoolForeg /config/.local/share/pki/nssdb/pkcs11.txt
exe /lib/x86_64-linux-gnu/libFLAC.so.12
ThreadPoolForeg /config/.local/share/pki/nssdb/pkcs11.txt
ThreadPoolForeg /config/.local/share/pki/nssdb/pkcs11.txt
exe /lib/x86_64-linux-gnu/libopus.so.0
ThreadPoolForeg /proc/sys/crypto/fips_enabled
ThreadPoolForeg /lib/x86_64-linux-gnu/libfreeblpriv3.so
exe /lib/x86_64-linux-gnu/libgbm.so.1
exe /lib/x86_64-linux-gnu/libX11.so.6
exe /lib/x86_64-linux-gnu/libXext.so.6
exe /lib/x86_64-linux-gnu/libXNVCtrl.so.0
exe /lib/x86_64-linux-gnu/libcairo.so.2
exe /lib/x86_64-linux-gnu/libpango-1.0.so.0
exe /lib/x86_64-linux-gnu/libudev.so.1
exe /lib/x86_64-linux-gnu/libm.so.6
ThreadPoolForeg /dev/urandom
exe /lib/x86_64-linux-gnu/libdav1d.so.7
ThreadPoolForeg /dev/urandom
ThreadPoolForeg /dev/urandom
ThreadPoolForeg /dev/urandom
ThreadPoolForeg /dev/urandom
exe /lib/x86_64-linux-gnu/libXcomposite.so.1
ThreadPoolForeg /dev/urandom
exe /lib/x86_64-linux-gnu/libXdamage.so.1
ThreadPoolForeg /etc/passwd
exe /lib/x86_64-linux-gnu/libXfixes.so.3
ThreadPoolForeg /tmp
ThreadPoolForeg /var/tmp
exe /lib/x86_64-linux-gnu/libXrandr.so.2
exe /lib/x86_64-linux-gnu/libatspi.so.0
exe /lib/x86_64-linux-gnu/libminizip.so.1
ThreadPoolForeg /config/.local/share/pki/nssdb/cert9.db
exe /lib/x86_64-linux-gnu/libopenjp2.so.7
exe /lib/x86_64-linux-gnu/liblcms2.so.2
ThreadPoolForeg /config/.local/share/pki/nssdb/cert9.db-journal
ThreadPoolForeg /dev/urandom
exe /lib/x86_64-linux-gnu/libgcc_s.so.1
exe /lib/x86_64-linux-gnu/libc.so.6
exe /lib/x86_64-linux-gnu/libpcre2-8.so.0
exe /lib/x86_64-linux-gnu/libffi.so.8
exe /lib/x86_64-linux-gnu/libplc4.so
exe /lib/x86_64-linux-gnu/libplds4.so
chromium /config/.cache/mesa_shader_cache/index
exe /lib/x86_64-linux-gnu/libstdc++.so.6
exe /lib/x86_64-linux-gnu/libgmodule-2.0.so.0
exe /lib/x86_64-linux-gnu/libmount.so.1
chromium /config/.cache/mesa_shader_cache/db/1eda42f2a767a2d7820a869487f..
exe /lib/x86_64-linux-gnu/libselinux.so.1
exe /lib/x86_64-linux-gnu/libsystemd.so.0
exe /lib/x86_64-linux-gnu/libgssapi_krb5.so.2
chromium /config/.cache/mesa_shader_cache/0c/2078390c4088c952a5aaf00c269..
exe /lib/x86_64-linux-gnu/libavahi-common.so.3
exe /lib/x86_64-linux-gnu/libavahi-client.so.3
exe /lib/x86_64-linux-gnu/libgnutls.so.30
exe /lib/x86_64-linux-gnu/libbz2.so.1.0
chromium /config/.cache/mesa_shader_cache/5e/44b0234ba7fee5aad30999f5c85..
exe /lib/x86_64-linux-gnu/libpng16.so.16
ThreadPoolForeg /config/.local/share/pki/nssdb
exe /lib/x86_64-linux-gnu/libbrotlidec.so.1
exe /lib/x86_64-linux-gnu/libgraphite2.so.3
exe /lib/x86_64-linux-gnu/libXau.so.6
exe /lib/x86_64-linux-gnu/libXdmcp.so.6
exe /usr/lib/x86_64-linux-gnu/pulseaudio/glibc-hwcaps/x86-64-v3/lib..
exe /usr/lib/x86_64-linux-gnu/pulseaudio/glibc-hwcaps/x86-64-v2/lib..
exe /usr/lib/x86_64-linux-gnu/pulseaudio/libpulsecommon-16.1.so
exe /lib/x86_64-linux-gnu/libogg.so.0
chromium /config/.cache/mesa_shader_cache/8a/05f419308844007d1e201ba19cf..
exe /lib/x86_64-linux-gnu/libdrm.so.2
exe /lib/x86_64-linux-gnu/libXrender.so.1
exe /lib/x86_64-linux-gnu/libxcb-render.so.0
exe /lib/x86_64-linux-gnu/libxcb-shm.so.0
exe /lib/x86_64-linux-gnu/libpixman-1.so.0
exe /lib/x86_64-linux-gnu/libfribidi.so.0
exe /lib/x86_64-linux-gnu/libthai.so.0
exe /lib/x86_64-linux-gnu/libcap.so.2
xclip /etc/ld.so.cache
xclip /lib/x86_64-linux-gnu/libXmu.so.6
exe /lib/x86_64-linux-gnu/libXi.so.6
xclip /lib/x86_64-linux-gnu/libX11.so.6
xclip /lib/x86_64-linux-gnu/libc.so.6
exe /lib/x86_64-linux-gnu/libblkid.so.1
xclip /lib/x86_64-linux-gnu/libXt.so.6
exe /lib/x86_64-linux-gnu/libgcrypt.so.20
xclip /lib/x86_64-linux-gnu/libXext.so.6
xclip /lib/x86_64-linux-gnu/libxcb.so.1
xclip /lib/x86_64-linux-gnu/libSM.so.6
exe /lib/x86_64-linux-gnu/liblz4.so.1
xclip /lib/x86_64-linux-gnu/libICE.so.6
xclip /lib/x86_64-linux-gnu/libXau.so.6
xclip /lib/x86_64-linux-gnu/libXdmcp.so.6
xclip /lib/x86_64-linux-gnu/libuuid.so.1
exe /lib/x86_64-linux-gnu/liblzma.so.5
xclip /lib/x86_64-linux-gnu/libbsd.so.0
xclip /lib/x86_64-linux-gnu/libmd.so.0
exe /lib/x86_64-linux-gnu/libkrb5.so.3
exe /lib/x86_64-linux-gnu/libk5crypto.so.3
exe /lib/x86_64-linux-gnu/libcom_err.so.2
xclip /usr/share/X11/locale/locale.alias
exe /lib/x86_64-linux-gnu/libkrb5support.so.0
exe /lib/x86_64-linux-gnu/libp11-kit.so.0
xclip /usr/share/X11/locale/locale.dir
exe /lib/x86_64-linux-gnu/libidn2.so.0
xclip /usr/share/X11/locale/C/XLC_LOCALE
xclip /usr/share/X11/locale/locale.alias
exe /lib/x86_64-linux-gnu/libunistring.so.5
exe /lib/x86_64-linux-gnu/libtasn1.so.6
xclip /usr/share/X11/locale/locale.dir
xclip /usr/share/X11/locale/C/XLC_LOCALE
exe /lib/x86_64-linux-gnu/libnettle.so.8
Xvfb /proc/1605/cmdline
exe /lib/x86_64-linux-gnu/libhogweed.so.6
exe /lib/x86_64-linux-gnu/libgmp.so.10
bash /dev/null
exe /lib/x86_64-linux-gnu/libbrotlicommon.so.1
exe /lib/x86_64-linux-gnu/libbsd.so.0
find /etc/ld.so.cache
exe /lib/x86_64-linux-gnu/libsndfile.so.1
find /lib/x86_64-linux-gnu/libselinux.so.1
exe /lib/x86_64-linux-gnu/libX11-xcb.so.1
find /lib/x86_64-linux-gnu/libc.so.6
find /lib/x86_64-linux-gnu/libpcre2-8.so.0
exe /lib/x86_64-linux-gnu/libasyncns.so.0
find /proc/filesystems
exe /lib/x86_64-linux-gnu/libapparmor.so.1
find .
find /usr/lib/locale/locale-archive
find /usr/lib/x86_64-linux-gnu/gconv/gconv-modules.cache
find /config/.cache
exe /lib/x86_64-linux-gnu/libdatrie.so.1
find mesa_shader_cache
find db
exe /lib/x86_64-linux-gnu/libgpg-error.so.0
find 0c
find 5e
exe /lib/x86_64-linux-gnu/libkeyutils.so.1
find 8a
find 59
find dd
exe /lib/x86_64-linux-gnu/libresolv.so.2
find 3d
find 35
ThreadPoolForeg /config/.local/share/pki/nssdb/key4.db
exe /lib/x86_64-linux-gnu/libmd.so.0
find 8d
exe /lib/x86_64-linux-gnu/libvorbis.so.0
find 9a
find 80
find 33
exe /lib/x86_64-linux-gnu/libvorbisenc.so.2
ThreadPoolForeg /config/.local/share/pki/nssdb/key4.db-journal
find ea
exe /lib/x86_64-linux-gnu/libmpg123.so.0
find e1
find 3e
exe /lib/x86_64-linux-gnu/libmp3lame.so.0
find 6a
find b5
find bc
find e8
find b8
find ef
find b9
find 7e
find 6e
find a2
find 71
find b7
find 8e
find 1a
find 20
find c9
find 26
ThreadPoolForeg /config/.local/share/pki/nssdb
find 4a
find bd
find 62
find 21
find 2d
find 56
find 86
find 40
find ed
find 9d
find 05
find 03
find 67
find 7d
find 11
find 13
find b6
find 4e
find ba
find ksplash
find qmlcache
find qtshadercache-x86_64-little_endian-lp64
find plasmashell
find qmlcache
find chromium
find Default
find Cache
find Cache_Data
find index-dir
find No_Vary_Search
find Code Cache
find wasm
find index-dir
find js
find index-dir
find ..
find /config/.config
find openbox
find vlc
ThreadPoolForeg /proc/sys/crypto/fips_enabled
ThreadPoolForeg /config/.local/share/pki/nssdb/libnssckbi.so
find pulse
find autostart
find kdedefaults
find gtk-3.0
find gtk-4.0
find dconf
chromium /config/.cache/mesa_shader_cache/59/ec931cfacda6fd80434ecf9e3f2..
find xsettingsd
ThreadPoolForeg /config/.local/share/pki/nssdb/key4.db
find kde.org
find xfce4
find xfconf
find xfce-perchannel-xml
find chromium
find Crash Reports
find new
find pending
ThreadPoolForeg /config/.local/share/pki/nssdb/key4.db-journal
find completed
exe /etc/gnutls/config
find attachments
find BrowserMetrics
find Default
exe /proc/filesystems
find Sync Data
find LevelDB
find Shared Dictionary
find cache
find index-dir
find ClientCertificates
exe /proc/self/stat
find Site Characteristics Database
exe /proc/stat
find Local Storage
find leveldb
find discounts_db
ThreadPoolForeg /config/.local/share/pki/nssdb
find commerce_subscription_db
find chrome_cart_db
find discount_infos_db
find parcel_tracking_db
chromium /proc/self/cmdline
find Segmentation Platform
find SegmentInfoDB
chromium /usr/lib/locale/locale-archive
find SignalDB
find SignalStorageConfigDB
find PersistentOriginTrials
find Extension Rules
find Extension Scripts
find shared_proto_db
chromium /proc/self/status
find metadata
chromium /usr/lib/chromium/icudtl.dat
find Extension State
chromium /etc/localtime
find NativeMessagingHosts
find component_crx_cache
find ShaderCache
find segmentation_platform
find Dictionaries
find WidevineCdm
chromium /usr/lib/chromium/chrome_100_percent.pak
find Subresource Filter
chromium /usr/lib/chromium/chrome_200_percent.pak
find Unindexed Rules
chromium /usr/share/locale/locale.alias
find OnDeviceHeadSuggestModel
find OptimizationHints
find TrustTokenKeyCommitments
find PrivacySandboxAttestationsPreloaded
find SSLErrorAssistant
chromium /usr/lib/x86_64-linux-gnu/gconv/gconv-modules.cache
find FileTypePolicies
find OriginTrials
chromium /usr/lib/chromium/locales/en-US.pak
find CertificateRevocation
chromium /usr/lib/chromium/resources.pak
find MEIPreload
find PKIMetadata
find SafetyTips
find Crowd Deny
find hyphen-data
find ZxcvbnData
find ActorSafetyLists
find AmountExtractionHeuristicRegexes
find WasmTtsEngine
find CaptchaProviders
find ..
ThreadPoolForeg /proc/sys/crypto/fips_enabled
find /config/.local
ThreadPoolForeg /etc/ld.so.cache
ThreadPoolForeg /lib/x86_64-linux-gnu/libnssckbi.so
find bin
find share
find kactivitymanagerd
chromium /proc/self/maps
find resources
find test-backup
find working-backup
find baloo
find pki
find nssdb
sleep /etc/ld.so.cache
sleep /lib/x86_64-linux-gnu/libc.so.6
sleep /usr/lib/locale/locale-archive
sleep /usr/share/locale/locale.alias
sleep /usr/share/locale/en_US/LC_MESSAGES/coreutils.mo
sleep /usr/share/locale/en/LC_MESSAGES/coreutils.mo
sleep /usr/share/locale-langpack/en_US/LC_MESSAGES/coreutils.mo
sleep /usr/share/locale-langpack/en/LC_MESSAGES/coreutils.mo
chromium /sys/devices/system/cpu/possible
chromium /sys/devices/system/cpu/cpu0/cpufreq/cpuinfo_max_freq
chromium /sys/devices/system/cpu/cpu1/cpufreq/cpuinfo_max_freq
chromium /sys/devices/system/cpu/cpu2/cpufreq/cpuinfo_max_freq
chromium /sys/devices/system/cpu/cpu3/cpufreq/cpuinfo_max_freq
chromium /sys/devices/system/cpu/cpu4/cpufreq/cpuinfo_max_freq
chromium /sys/devices/system/cpu/cpu5/cpufreq/cpuinfo_max_freq
chromium /sys/devices/system/cpu/cpu6/cpufreq/cpuinfo_max_freq
chromium /sys/devices/system/cpu/cpu7/cpufreq/cpuinfo_max_freq
chromium /sys/devices/system/cpu/cpu8/cpufreq/cpuinfo_max_freq
chromium /sys/devices/system/cpu/cpu9/cpufreq/cpuinfo_max_freq
chromium /sys/devices/system/cpu/cpu10/cpufreq/cpuinfo_max_freq
chromium /sys/devices/system/cpu/cpu11/cpufreq/cpuinfo_max_freq
chromium /sys/devices/system/cpu/cpu12/cpufreq/cpuinfo_max_freq
chromium /sys/devices/system/cpu/cpu13/cpufreq/cpuinfo_max_freq
chromium /sys/devices/system/cpu/cpu14/cpufreq/cpuinfo_max_freq
chromium /sys/devices/system/cpu/cpu15/cpufreq/cpuinfo_max_freq
chromium /tmp/.org.chromium.Chromium.xKeH8n
chromium /tmp/.org.chromium.Chromium.xKeH8n
Chrome_ChildIOT /proc/self/cmdline
ThreadPoolSingl /proc/1569/task
ThreadPoolSingl /proc/1569/task/1569/status
chromium /proc/self/maps
ThreadPoolSingl /proc/1569/task/1611/status
ThreadPoolSingl /proc/1569/task/1612/status
ThreadPoolSingl /proc/1569/task
ThreadPoolSingl /proc/1569/task/1569/status
ThreadPoolSingl /proc/1569/task/1611/status
ThreadPoolSingl /proc/1569/task/1612/status
ThreadPoolSingl /proc/1569/task/1614/status
ThreadPoolSingl /proc/1569/task
ThreadPoolSingl /proc/1569/task/1569/status
ThreadPoolSingl /proc/1569/task/1611/status
ThreadPoolSingl /proc/1569/task/1612/status
chromium /proc/self/maps
ThreadPoolSingl /proc/1569/task/1614/status
ThreadPoolSingl /proc/1569/task/1615/status
ThreadPoolSingl /proc/1569/task
ThreadPoolSingl /proc/1569/task/1569/status
ThreadPoolSingl /proc/1569/task/1611/status
ThreadPoolSingl /proc/1569/task/1612/status
ThreadPoolSingl /proc/1569/task/1614/status
ThreadPoolSingl /proc/1569/task/1615/status
ThreadPoolSingl /proc/1569/task/1616/status
chromium /proc/self/maps
import_thread /usr/share/chromium/initial_bookmarks.html
ThreadPoolSingl /proc/1569/task
ThreadPoolSingl /proc/1569/task/1569/status
ThreadPoolSingl /proc/1569/task/1611/status
ThreadPoolSingl /proc/1569/task/1612/status
ThreadPoolSingl /proc/1569/task/1614/status
ThreadPoolSingl /proc/1569/task/1615/status
ThreadPoolSingl /proc/1569/task/1616/status
ThreadPoolSingl /proc/1569/task/1618/status
ThreadPoolForeg /config/.config/chromium/Default/History-journal
ThreadPoolForeg /config/.config/chromium/Default/engine_allowlist.bf
ThreadPoolForeg /usr/lib/chromium/resources/third_party/search_engines_data/res..
ThreadPoolForeg /config/.config/chromium/Default/Sessions
ThreadPoolForeg /config/.config/chromium/Default/Sessions
ThreadPoolForeg /config/.config/chromium/Default/Reporting and NEL
ThreadPoolForeg /config/.config/chromium/Default/Reporting and NEL
chromium /etc/ld.so.cache
chromium /lib/x86_64-linux-gnu/libpci.so.3
chromium /sys/bus/pci/devices
chromium /sys/bus/pci/devices/0000:00:1f.4/vendor
chromium /sys/bus/pci/devices/0000:00:1f.4/device
ThreadPoolForeg /config/.config/chromium/Default/Reporting and NEL-journal
chromium /sys/bus/pci/devices/0000:00:1f.4/class
chromium /sys/bus/pci/devices/0000:00:1f.4/revision
chromium /sys/bus/pci/devices/0000:00:14.0/vendor
chromium /sys/bus/pci/devices/0000:00:14.0/device
chromium /sys/bus/pci/devices/0000:00:14.0/class
chromium /sys/bus/pci/devices/0000:00:14.0/revision
chromium /sys/bus/pci/devices/10000:e1:00.0/vendor
chromium /sys/bus/pci/devices/10000:e1:00.0/device
chromium /sys/bus/pci/devices/10000:e1:00.0/class
chromium /sys/bus/pci/devices/10000:e1:00.0/revision
chromium /sys/bus/pci/devices/0000:00:02.0/vendor
chromium /sys/bus/pci/devices/0000:00:02.0/device
chromium /sys/bus/pci/devices/0000:00:02.0/class
chromium /sys/bus/pci/devices/0000:00:02.0/revision
chromium /sys/bus/pci/devices/0000:00:14.2/vendor
chromium /sys/bus/pci/devices/0000:00:14.2/device
chromium /sys/bus/pci/devices/0000:00:14.2/class
chromium /sys/bus/pci/devices/0000:00:14.2/revision
chromium /sys/bus/pci/devices/0000:00:0e.0/vendor
chromium /sys/bus/pci/devices/0000:00:0e.0/device
chromium /sys/bus/pci/devices/0000:00:0e.0/class
chromium /sys/bus/pci/devices/0000:00:0e.0/revision
chromium /usr/lib/x86_64-linux-gnu/charset.alias
ThreadPoolForeg /config/.config/chromium/Default
chromium /sys/bus/pci/devices/10000:e0:1c.0/vendor
chromium /sys/bus/pci/devices/10000:e0:1c.0/device
chromium /sys/bus/pci/devices/10000:e0:1c.0/class
chromium /sys/bus/pci/devices/10000:e0:1c.0/revision
chromium /sys/bus/pci/devices/10000:e0:17.0/vendor
chromium /sys/bus/pci/devices/10000:e0:17.0/device
chromium /sys/bus/pci/devices/10000:e0:17.0/class
chromium /sys/bus/pci/devices/10000:e0:17.0/revision
chromium /sys/bus/pci/devices/0000:00:00.0/vendor
chromium /sys/bus/pci/devices/0000:00:00.0/device
chromium /sys/bus/pci/devices/0000:00:00.0/class
chromium /sys/bus/pci/devices/0000:00:00.0/revision
chromium /sys/bus/pci/devices/0000:00:1f.3/vendor
chromium /sys/bus/pci/devices/0000:00:1f.3/device
chromium /sys/bus/pci/devices/0000:00:1f.3/class
chromium /sys/bus/pci/devices/0000:00:1f.3/revision
chromium /sys/bus/pci/devices/10000:e0:1c.4/vendor
chromium /sys/bus/pci/devices/10000:e0:1c.4/device
chromium /sys/bus/pci/devices/10000:e0:1c.4/class
chromium /sys/bus/pci/devices/10000:e0:1c.4/revision
chromium /sys/bus/pci/devices/0000:00:1c.3/vendor
chromium /sys/bus/pci/devices/0000:00:1c.3/device
chromium /sys/bus/pci/devices/0000:00:1c.3/class
dbus-daemon /run/systemd/users/911
chromium /sys/bus/pci/devices/0000:00:1c.3/revision
dbus-daemon /proc/1417/cmdline
chromium /sys/bus/pci/devices/0000:00:1f.5/vendor
chromium /sys/bus/pci/devices/0000:00:1f.5/device
chromium /sys/bus/pci/devices/0000:00:1f.5/class
chromium /sys/bus/pci/devices/0000:00:1f.5/revision
chromium /sys/bus/pci/devices/0000:01:00.0/vendor
chromium /sys/bus/pci/devices/0000:01:00.0/device
chromium /sys/bus/pci/devices/0000:01:00.0/class
chromium /sys/bus/pci/devices/0000:01:00.0/revision
chromium /sys/bus/pci/devices/0000:00:16.0/vendor
chromium /sys/bus/pci/devices/0000:00:16.0/device
chromium /sys/bus/pci/devices/0000:00:16.0/class
chromium /sys/bus/pci/devices/0000:00:16.0/revision
dbus-daemon /config/.XDG/dbus-1/services
chromium /sys/bus/pci/devices/0000:00:04.0/vendor
chromium /sys/bus/pci/devices/0000:00:04.0/device
dbus-daemon /config/.local/share/dbus-1/services
dbus-daemon /usr/local/share/dbus-1/services
chromium /sys/bus/pci/devices/0000:00:04.0/class
dbus-daemon /usr/share/dbus-1/services
chromium /sys/bus/pci/devices/0000:00:04.0/revision
chromium /sys/bus/pci/devices/0000:02:00.0/vendor
chromium /sys/bus/pci/devices/0000:02:00.0/device
chromium /sys/bus/pci/devices/0000:02:00.0/class
chromium /sys/bus/pci/devices/0000:02:00.0/revision
chromium /sys/bus/pci/devices/0000:00:1f.0/vendor
dbus-daemon /usr/share/dbus-1/services/org.kde.plasma.Notifications.service..
chromium /sys/bus/pci/devices/0000:00:1f.0/device
chromium /sys/bus/pci/devices/0000:00:1f.0/class
chromium /sys/bus/pci/devices/0000:00:1f.0/revision
chromium /sys/bus/pci/devices/0000:00:08.0/vendor
chromium /sys/bus/pci/devices/0000:00:08.0/device
chromium /sys/bus/pci/devices/0000:00:08.0/class
chromium /sys/bus/pci/devices/0000:00:08.0/revision
chromium /sys/bus/pci/devices/0000:00:1c.0/vendor
chromium /sys/bus/pci/devices/0000:00:1c.0/device
chromium /usr/share/glib-2.0/schemas/gschemas.compiled
chromium /sys/bus/pci/devices/0000:00:1c.0/class
chromium /sys/bus/pci/devices/0000:00:1c.0/revision
chromium /usr/local/share/glib-2.0/schemas/gschemas.compiled
chromium /sys/bus/pci/devices/0000:00:17.0/vendor
chromium /config/.local/share/glib-2.0/schemas/gschemas.compiled
chromium /sys/bus/pci/devices/0000:00:17.0/device
chromium /sys/bus/pci/devices/0000:00:17.0/class
chromium /sys/bus/pci/devices/0000:00:17.0/revision
chromium /usr/lib/x86_64-linux-gnu/gio/modules/libdconfsettings.so
Xvfb /proc/1515/cmdline
chromium /run/dconf/user/911
chromium /config/.XDG/dconf/profile
chromium /etc/dconf/profile/user
chromium /usr/local/share/dconf/profile/user
chromium /usr/share/dconf/profile/user
chromium /config/.XDG/dconf/user
chromium /config/.config/dconf/user
dbus-daemon /run/systemd/users/911
dbus-daemon /proc/1417/cmdline
ThreadPoolForeg /config/.config/chromium/Default/Reporting and NEL-journal
chromium /usr/share/fonts/truetype/noto/NotoSans-Regular.ttf
ThreadPoolForeg /config/.config/chromium/Default
chromium /dev/dri/renderD128
chromium /etc/ld.so.cache
chromium /lib/x86_64-linux-gnu/libva.so.2
chromium /etc/ld.so.cache
chromium /lib/x86_64-linux-gnu/libva-drm.so.2
ThreadPoolForeg /config/.config/chromium/Default/Reporting and NEL-journal
ThreadPoolForeg /config/.config/chromium/Default
Chrome_ChildIOT /tmp/.org.chromium.Chromium.3WpUyk
chromium /proc/
chromium /proc/
chromium /proc/
ThreadPoolForeg /config/.config/chromium/Default/Reporting and NEL-journal
ThreadPoolForeg /config/.config/chromium/Default
Chrome_IOThread /tmp/.org.chromium.Chromium.FVO4uv
Chrome_IOThread /tmp/.org.chromium.Chromium.FVO4uv
bash /dev/null
find /etc/ld.so.cache
find /lib/x86_64-linux-gnu/libselinux.so.1
find /lib/x86_64-linux-gnu/libc.so.6
find /lib/x86_64-linux-gnu/libpcre2-8.so.0
find /proc/filesystems
find .
find /usr/lib/locale/locale-archive
find /usr/lib/x86_64-linux-gnu/gconv/gconv-modules.cache
find /config/.cache
find mesa_shader_cache
find db
find 0c
find 5e
find 8a
find 59
find dd
find 3d
find 35
find 8d
find 9a
find 80
find 33
find ea
find e1
find 3e
find 6a
find b5
find bc
find e8
find b8
find ef
find b9
find 7e
find 6e
find a2
find 71
find b7
find 8e
find 1a
find 20
find c9
find 26
find 4a
find bd
find 62
find 21
find 2d
find 56
find 86
find 40
find ed
find 9d
find 05
find 03
find 67
find 7d
find 11
find 13
find b6
find 4e
find ba
find ksplash
find qmlcache
find qtshadercache-x86_64-little_endian-lp64
find plasmashell
find qmlcache
find chromium
find Default
find Cache
find Cache_Data
find index-dir
find No_Vary_Search
find Code Cache
find wasm
find index-dir
find js
find index-dir
find ..
find /config/.config
find openbox
find vlc
find pulse
find autostart
find kdedefaults
find gtk-3.0
find gtk-4.0
find dconf
find xsettingsd
find kde.org
find xfce4
find xfconf
find xfce-perchannel-xml
find chromium
find Crash Reports
find new
find pending
find completed
find attachments
find BrowserMetrics
find Default
find Sync Data
find LevelDB
find Shared Dictionary
find cache
find index-dir
find ClientCertificates
find Site Characteristics Database
find Local Storage
find leveldb
find discounts_db
find commerce_subscription_db
find chrome_cart_db
find discount_infos_db
find parcel_tracking_db
find Segmentation Platform
find SegmentInfoDB
find SignalDB
find SignalStorageConfigDB
find PersistentOriginTrials
find Extension Rules
find Extension Scripts
find shared_proto_db
find metadata
find Extension State
find Sessions
chromium /tmp/.org.chromium.Chromium.Yp0Hos
chromium /tmp/.org.chromium.Chromium.Yp0Hos
find NativeMessagingHosts
find component_crx_cache
find ShaderCache
find segmentation_platform
find Dictionaries
find WidevineCdm
find Subresource Filter
find Unindexed Rules
find OnDeviceHeadSuggestModel
find OptimizationHints
find TrustTokenKeyCommitments
find PrivacySandboxAttestationsPreloaded
find SSLErrorAssistant
ThreadPoolForeg /config/.config/chromium/Default/Top Sites
find FileTypePolicies
find OriginTrials
find CertificateRevocation
find MEIPreload
ThreadPoolForeg /config/.config/chromium/Default/Top Sites-journal
find PKIMetadata
find SafetyTips
find Crowd Deny
find hyphen-data
find ZxcvbnData
find ActorSafetyLists
find AmountExtractionHeuristicRegexes
find WasmTtsEngine
find CaptchaProviders
find ..
find /config/.local
find bin
ThreadPoolForeg /config/.config/chromium/Default
find share
find kactivitymanagerd
find resources
find test-backup
find working-backup
chromium /tmp/.org.chromium.Chromium.LA0mxc
chromium /tmp/.org.chromium.Chromium.LA0mxc
find baloo
find pki
find nssdb
CacheThread_Blo /config/.config/chromium/Default/GPUCache/index
CacheThread_Blo /config/.config/chromium/Default/GPUCache/index
Chrome_IOThread /tmp/.org.chromium.Chromium.amAZcl
Chrome_IOThread /tmp/.org.chromium.Chromium.amAZcl
chromium /tmp/.org.chromium.Chromium.26VGnv
sleep /etc/ld.so.cache
sleep /lib/x86_64-linux-gnu/libc.so.6
sleep /usr/lib/locale/locale-archive
sleep /usr/share/locale/locale.alias
sleep /usr/share/locale/en_US/LC_MESSAGES/coreutils.mo
sleep /usr/share/locale/en/LC_MESSAGES/coreutils.mo
sleep /usr/share/locale-langpack/en_US/LC_MESSAGES/coreutils.mo
sleep /usr/share/locale-langpack/en/LC_MESSAGES/coreutils.mo
Chrome_IOThread /tmp/.org.chromium.Chromium.YUmw9e
Chrome_IOThread /tmp/.org.chromium.Chromium.YUmw9e
chromium /tmp/.org.chromium.Chromium.8nNSJ7
CacheThread_Blo /config/.config/chromium/Default/GPUCache/index
ThreadPoolSingl /tmp/.org.chromium.Chromium.QIrGpy
CacheThread_Blo /config/.config/chromium/Default/GPUCache/data_0
CacheThread_Blo /config/.config/chromium/Default/GPUCache/data_0
CacheThread_Blo /config/.config/chromium/Default/GPUCache/data_1
CacheThread_Blo /config/.config/chromium/Default/GPUCache/data_1
CacheThread_Blo /config/.config/chromium/Default/GPUCache/data_2
CacheThread_Blo /config/.config/chromium/Default/GPUCache/data_2
CacheThread_Blo /config/.config/chromium/Default/GPUCache/data_3
CacheThread_Blo /config/.config/chromium/Default/GPUCache/data_3
CacheThread_Blo /config/.config/chromium/Default/DawnWebGPUCache/index
CacheThread_Blo /config/.config/chromium/Default/DawnWebGPUCache/index
chromium /proc/self/maps
ThreadPoolSingl /tmp/.org.chromium.Chromium.5IxQ1x
chromium /tmp/.org.chromium.Chromium.IzdWQ0
chromium /tmp/.org.chromium.Chromium.IzdWQ0
chromium /proc/self/maps
chromium /proc/self/maps
chromium /proc/self/maps
CacheThread_Blo /config/.config/chromium/Default/DawnWebGPUCache/index
chromium .
CacheThread_Blo /config/.config/chromium/Default/DawnWebGPUCache/data_0
chromium self/fd/
CacheThread_Blo /config/.config/chromium/Default/DawnWebGPUCache/data_0
CacheThread_Blo /config/.config/chromium/Default/DawnWebGPUCache/data_1
chromium /proc/self/maps
CacheThread_Blo /config/.config/chromium/Default/DawnWebGPUCache/data_1
chromium /proc/self/maps
CacheThread_Blo /config/.config/chromium/Default/DawnWebGPUCache/data_2
CacheThread_Blo /config/.config/chromium/Default/DawnWebGPUCache/data_2
CacheThread_Blo /config/.config/chromium/Default/DawnWebGPUCache/data_3
ThreadPoolForeg /config/.cache/chromium/Default/Cache/Cache_Data/b2406f1e04e715..
CacheThread_Blo /config/.config/chromium/Default/DawnWebGPUCache/data_3
CacheThread_Blo /config/.config/chromium/Default/DawnGraphiteCache/index
CacheThread_Blo /config/.config/chromium/Default/DawnGraphiteCache/index
chromium .
chromium .
chromium self/fd/
chromium .
CacheThread_Blo /config/.config/chromium/Default/DawnGraphiteCache/index
CacheThread_Blo /config/.config/chromium/Default/DawnGraphiteCache/data_0
CacheThread_Blo /config/.config/chromium/Default/DawnGraphiteCache/data_0
CacheThread_Blo /config/.config/chromium/Default/DawnGraphiteCache/data_1
CacheThread_Blo /config/.config/chromium/Default/DawnGraphiteCache/data_1
CacheThread_Blo /config/.config/chromium/Default/DawnGraphiteCache/data_2
CacheThread_Blo /config/.config/chromium/Default/DawnGraphiteCache/data_2
CacheThread_Blo /config/.config/chromium/Default/DawnGraphiteCache/data_3
CacheThread_Blo /config/.config/chromium/Default/DawnGraphiteCache/data_3
Chrome_IOThread /tmp/.org.chromium.Chromium.kXgf2g
ThreadPoolForeg /config/.config/chromium/Default/Session Storage/LOG
ThreadPoolForeg /config/.cache/chromium/Default/Cache/Cache_Data/63f16c3e6af2f9..
chromium /proc/1569/stat
ThreadPoolForeg /config/.config/chromium/Default/Session Storage/LOCK
ThreadPoolForeg /config/.config/chromium/Default/Session Storage/LOCK
chromium /proc/1569/stat
ThreadPoolForeg /config/.config/chromium/Default/Session Storage/MANIFEST-00000..
ThreadPoolForeg /config/.config/chromium/Default/Session Storage
chromium /proc/1515/stat
chromium /proc/1515/status
chromium /proc/1515/stat
CacheThread_Blo /config/.config/chromium/GrShaderCache/index
CacheThread_Blo /config/.config/chromium/GrShaderCache/index
ThreadPoolForeg /config/.config/chromium/Default/Session Storage/000001.dbtmp
plasmashell /config/Desktop/chromium.desktop
chromium /proc/1641/stat
plasmashell /config/Desktop/chromium.desktop
CacheThread_Blo /config/.config/chromium/GrShaderCache/index
chromium /proc/1642/stat
CacheThread_Blo /config/.config/chromium/GrShaderCache/data_0
CacheThread_Blo /config/.config/chromium/GrShaderCache/data_0
plasmashell /config/Desktop/chromium.desktop
ThreadPoolForeg /config/.config/chromium/Default/Session Storage/CURRENT
CacheThread_Blo /config/.config/chromium/GrShaderCache/data_1
CacheThread_Blo /config/.config/chromium/GrShaderCache/data_1
CacheThread_Blo /config/.config/chromium/GrShaderCache/data_2
ThreadPoolForeg /config/.config/chromium/Default/Session Storage/MANIFEST-00000..
CacheThread_Blo /config/.config/chromium/GrShaderCache/data_2
CacheThread_Blo /config/.config/chromium/GrShaderCache/data_3
plasmashell /config/Desktop/chromium.desktop
CacheThread_Blo /config/.config/chromium/GrShaderCache/data_3
CacheThread_Blo /config/.config/chromium/GraphiteDawnCache/index
CacheThread_Blo /config/.config/chromium/GraphiteDawnCache/index
ThreadPoolForeg /config/.config/chromium/Default/Session Storage/MANIFEST-00000..
plasmashell /config/Desktop/chromium.desktop
ThreadPoolForeg /config/.config/chromium/Default/Session Storage
plasmashell /config/Desktop/chromium.desktop
ThreadPoolForeg /config/.config/chromium/Default/Session Storage
chromium /proc/1641/stat
plasmashell /config/Desktop/chromium.desktop
chromium /proc/1641/status
ThreadPoolForeg /config/.config/chromium/Default/Session Storage/000003.log
chromium /proc/1641/status
chromium /proc/1641/statm
ThreadPoolForeg /config/.config/chromium/Default/Session Storage
plasmashell /config/Desktop/chromium.desktop
ThreadPoolForeg /tmp/.org.chromium.Chromium.enMweI
ThreadPoolForeg /tmp/.org.chromium.Chromium.enMweI
ThreadPoolForeg /config/.config/chromium/Default/Session Storage
plasmashell /config/Desktop/chromium.desktop
plasmashell /config/Desktop/chromium.desktop
plasmashell /config/Desktop/chromium.desktop
CacheThread_Blo /config/.config/chromium/GraphiteDawnCache/index
CacheThread_Blo /config/.config/chromium/GraphiteDawnCache/data_0
CacheThread_Blo /config/.config/chromium/GraphiteDawnCache/data_0
CacheThread_Blo /config/.config/chromium/GraphiteDawnCache/data_1
plasmashell /config/Desktop/chromium.desktop
CacheThread_Blo /config/.config/chromium/GraphiteDawnCache/data_1
CacheThread_Blo /config/.config/chromium/GraphiteDawnCache/data_2
CacheThread_Blo /config/.config/chromium/GraphiteDawnCache/data_2
CacheThread_Blo /config/.config/chromium/GraphiteDawnCache/data_3
CacheThread_Blo /config/.config/chromium/GraphiteDawnCache/data_3
plasmashell /config/Desktop/chromium.desktop
chromium /proc/1642/stat
plasmashell /config/Desktop/chromium.desktop
plasmashell /config/Desktop/chromium.desktop
chromium /usr/lib/x86_64-linux-gnu/gtk-3.0/3.0.0/immodules.cache
plasmashell /config/Desktop/chromium.desktop
chromium /proc/1642/stat
plasmashell /config/Desktop/chromium.desktop
bash /dev/null
find /etc/ld.so.cache
plasmashell /config/Desktop/chromium.desktop
find /lib/x86_64-linux-gnu/libselinux.so.1
find /lib/x86_64-linux-gnu/libc.so.6
ThreadPoolForeg /config/.icons/breeze_cursors/cursors/left_ptr
ThreadPoolForeg /config/.icons/breeze_cursors/index.theme
find /lib/x86_64-linux-gnu/libpcre2-8.so.0
ThreadPoolForeg /usr/share/icons/breeze_cursors/cursors/left_ptr
ThreadPoolSingl /proc/1642/task
ThreadPoolSingl /proc/1642/task/1642/status
find /proc/filesystems
find .
plasmashell /config/Desktop/chromium.desktop
ThreadPoolSingl /proc/1642/task/1648/status
find /usr/lib/locale/locale-archive
find /usr/lib/x86_64-linux-gnu/gconv/gconv-modules.cache
find /config/.cache
find mesa_shader_cache
ThreadPoolSingl /proc/1642/task
find db
ThreadPoolSingl /proc/1642/task/1642/status
find 0c
find 5e
find 8a
ThreadPoolSingl /proc/1642/task/1648/status
plasmashell /config/Desktop/chromium.desktop
find 59
find dd
ThreadPoolSingl /proc/1642/task/1650/status
find 3d
find 35
find 8d
chromium /proc/1642/stat
find 9a
ThreadPoolSingl /proc/1642/task
find 80
find 33
chromium /proc/1642/status
ThreadPoolSingl /proc/1642/task/1642/status
plasmashell /config/Desktop/chromium.desktop
find ea
find e1
find 3e
find 6a
ThreadPoolSingl /proc/1642/task/1648/status
find b5
chromium /proc/1642/status
find bc
chromium /proc/1642/statm
find e8
ThreadPoolSingl /proc/1642/task/1650/status
find b8
find ef
find b9
ThreadPoolSingl /proc/1642/task/1651/status
plasmashell /config/Desktop/chromium.desktop
find 7e
find 6e
ThreadPoolForeg /tmp/.org.chromium.Chromium.VtWUFC
ThreadPoolForeg /tmp/.org.chromium.Chromium.VtWUFC
find a2
ThreadPoolSingl /proc/1642/task
find 71
ThreadPoolSingl /proc/1642/task/1642/status
find b7
find 8e
ThreadPoolSingl /proc/1642/task/1648/status
find 1a
plasmashell /config/Desktop/chromium.desktop
find 20
find c9
ThreadPoolSingl /proc/1642/task/1650/status
find 26
find 4a
ThreadPoolSingl /proc/1642/task/1651/status
find bd
find 62
find 21
ThreadPoolSingl /proc/1642/task/1652/status
find 2d
plasmashell /config/Desktop/chromium.desktop
find 56
find 86
find 40
ThreadPoolSingl /proc/1641/task
ThreadPoolForeg /config/.icons/breeze_cursors/cursors/s-resize
find ed
ThreadPoolForeg /config/.icons/breeze_cursors/index.theme
find 9d
ThreadPoolSingl /proc/1641/task/1641/status
find 05
ThreadPoolForeg /usr/share/icons/breeze_cursors/cursors/s-resize
find 03
ThreadPoolSingl /proc/1641/task/1644/status
plasmashell /config/Desktop/chromium.desktop
find 67
find 7d
ThreadPoolSingl /proc/1641/task
find 11
ThreadPoolSingl /proc/1641/task/1641/status
find 13
find b6
ThreadPoolSingl /proc/1641/task/1644/status
plasmashell /config/Desktop/chromium.desktop
find 4e
find ba
find ksplash
ThreadPoolSingl /proc/1641/task/1645/status
find qmlcache
ThreadPoolSingl /proc/1641/task
find qtshadercache-x86_64-little_endian-lp64
ThreadPoolSingl /proc/1641/task/1641/status
find plasmashell
find qmlcache
plasmashell /config/Desktop/chromium.desktop
ThreadPoolSingl /proc/1641/task/1644/status
ThreadPoolSingl /proc/1641/task/1645/status
ThreadPoolSingl /proc/1641/task/1646/status
ThreadPoolForeg /config/.config/chromium/Default/.org.chromium.Chromium.eXhtO5
plasmashell /config/Desktop/chromium.desktop
ThreadPoolSingl /proc/1641/task
ThreadPoolSingl /proc/1641/task/1641/status
ThreadPoolSingl /proc/1641/task/1644/status
ThreadPoolSingl /proc/1641/task/1645/status
plasmashell /config/Desktop/chromium.desktop
ThreadPoolSingl /proc/1641/task/1646/status
ThreadPoolSingl /proc/1641/task/1647/status
find chromium
find Default
find Cache
ThreadPoolSingl /proc/1641/task
find Cache_Data
plasmashell /config/Desktop/chromium.desktop
find index-dir
ThreadPoolSingl /proc/1641/task/1641/status
find No_Vary_Search
find Code Cache
ThreadPoolSingl /proc/1641/task/1644/status
find wasm
find index-dir
find js
ThreadPoolSingl /proc/1641/task/1645/status
find index-dir
plasmashell /config/Desktop/chromium.desktop
ThreadPoolSingl /proc/1641/task/1646/status
find ..
find /config/.config
ThreadPoolSingl /proc/1641/task/1647/status
find openbox
ThreadPoolSingl /proc/1641/task/1649/status
find vlc
plasmashell /config/Desktop/chromium.desktop
ThreadPoolSingl /proc/1642/task
find pulse
chromium /tmp/.org.chromium.Chromium.PrX61V
chromium /tmp/.org.chromium.Chromium.PrX61V
ThreadPoolSingl /proc/1642/task/1642/status
find autostart
find kdedefaults
ThreadPoolSingl /proc/1642/task/1648/status
find gtk-3.0
plasmashell /config/Desktop/chromium.desktop
find gtk-4.0
ThreadPoolSingl /proc/1642/task/1650/status
find dconf
find xsettingsd
ThreadPoolSingl /proc/1642/task/1651/status
find kde.org
ThreadPoolSingl /proc/1642/task/1652/status
plasmashell /config/Desktop/chromium.desktop
find xfce4
ThreadPoolSingl /proc/1642/task/1653/status
find xfconf
Chrome_IOThread /tmp/.org.chromium.Chromium.sOIoL2
find xfce-perchannel-xml
ThreadPoolSingl /proc/1641/task
find chromium
ThreadPoolSingl /proc/1641/task/1641/status
find Crash Reports
plasmashell /config/Desktop/chromium.desktop
ThreadPoolSingl /proc/1641/task/1644/status
find new
find pending
ThreadPoolSingl /proc/1641/task/1645/status
find completed
find attachments
ThreadPoolSingl /proc/1641/task/1646/status
find BrowserMetrics
plasmashell /config/Desktop/chromium.desktop
find Default
find Sync Data
find LevelDB
ThreadPoolSingl /proc/1641/task/1647/status
ThreadPoolSingl /proc/1641/task/1649/status
find Shared Dictionary
find cache
find index-dir
ThreadPoolSingl /proc/1641/task/1659/status
plasmashell /config/Desktop/chromium.desktop
find ClientCertificates
ThreadPoolSingl /proc/1641/task
ThreadPoolSingl /proc/1641/task/1641/status
find Site Characteristics Database
find Local Storage
find leveldb
ThreadPoolSingl /proc/1641/task/1644/status
find discounts_db
plasmashell /config/Desktop/chromium.desktop
find commerce_subscription_db
ThreadPoolSingl /proc/1641/task/1645/status
find chrome_cart_db
find discount_infos_db
Chrome_IOThread /tmp/.org.chromium.Chromium.32IDNy
ThreadPoolSingl /proc/1641/task/1646/status
find parcel_tracking_db
ThreadPoolSingl /proc/1641/task/1647/status
find Segmentation Platform
find SegmentInfoDB
plasmashell /config/Desktop/chromium.desktop
find SignalDB
ThreadPoolSingl /proc/1641/task
find SignalStorageConfigDB
ThreadPoolSingl /proc/1641/task/1641/status
find PersistentOriginTrials
find Extension Rules
ThreadPoolSingl /proc/1641/task/1644/status
find Extension Scripts
plasmashell /config/Desktop/chromium.desktop
find shared_proto_db
find metadata
ThreadPoolSingl /proc/1641/task/1645/status
find Extension State
ThreadPoolSingl /proc/1641/task/1646/status
find Sessions
find GPUCache
ThreadPoolSingl /proc/1641/task/1647/status
find DawnWebGPUCache
plasmashell /config/Desktop/chromium.desktop
find DawnGraphiteCache
chromium /tmp/.org.chromium.Chromium.xRcu5B
ThreadPoolSingl /proc/1641/task/1649/status
find Session Storage
chromium /tmp/.org.chromium.Chromium.xRcu5B
find NativeMessagingHosts
find component_crx_cache
ThreadPoolSingl /proc/1641/task/1659/status
find ShaderCache
find segmentation_platform
ThreadPoolSingl /proc/1641/task/1661/status
Chrome_IOThread /tmp/.org.chromium.Chromium.Xc5mYE
find Dictionaries
Chrome_IOThread /tmp/.org.chromium.Chromium.Xc5mYE
find WidevineCdm
plasmashell /config/Desktop/chromium.desktop
find Subresource Filter
find Unindexed Rules
find OnDeviceHeadSuggestModel
ThreadPoolSingl /proc/1641/task
find OptimizationHints
find TrustTokenKeyCommitments
ThreadPoolSingl /proc/1641/task/1641/status
find PrivacySandboxAttestationsPreloaded
Chrome_IOThread /tmp/.org.chromium.Chromium.8up64v
find SSLErrorAssistant
find FileTypePolicies
find OriginTrials
ThreadPoolSingl /proc/1641/task/1644/status
find CertificateRevocation
find MEIPreload
plasmashell /config/Desktop/chromium.desktop
find PKIMetadata
Chrome_IOThread /tmp/.org.chromium.Chromium.kxbdxp
find SafetyTips
ThreadPoolSingl /proc/1641/task/1645/status
find Crowd Deny
find hyphen-data
ThreadPoolSingl /proc/1641/task/1646/status
find ZxcvbnData
find ActorSafetyLists
ThreadPoolSingl /proc/1641/task/1647/status
find AmountExtractionHeuristicRegexes
plasmashell /config/Desktop/chromium.desktop
find WasmTtsEngine
find CaptchaProviders
ThreadPoolSingl /proc/1641/task/1649/status
find GrShaderCache
find GraphiteDawnCache
ThreadPoolSingl /proc/1641/task/1659/status
Chrome_IOThread /tmp/.org.chromium.Chromium.akm2Uf
find ..
Chrome_IOThread /tmp/.org.chromium.Chromium.akm2Uf
find /config/.local
ThreadPoolSingl /proc/1641/task/1661/status
find bin
plasmashell /config/Desktop/chromium.desktop
find share
ThreadPoolSingl /proc/1641/task/1663/status
find kactivitymanagerd
find resources
find test-backup
find working-backup
find baloo
find pki
find nssdb
Chrome_IOThread /tmp/.org.chromium.Chromium.yygFWM
ThreadPoolSingl /proc/1641/task
Chrome_IOThread /tmp/.org.chromium.Chromium.yygFWM
ThreadPoolSingl /proc/1641/task/1641/status
plasmashell /config/Desktop/chromium.desktop
ThreadPoolSingl /proc/1641/task/1644/status
sleep /etc/ld.so.cache
sleep /lib/x86_64-linux-gnu/libc.so.6
ThreadPoolSingl /proc/1641/task/1645/status
Chrome_IOThread /tmp/.org.chromium.Chromium.uki40p
Chrome_IOThread /tmp/.org.chromium.Chromium.uki40p
plasmashell /config/Desktop/chromium.desktop
ThreadPoolSingl /proc/1641/task/1646/status
sleep /usr/lib/locale/locale-archive
sleep /usr/share/locale/locale.alias
ThreadPoolSingl /proc/1641/task/1647/status
sleep /usr/share/locale/en_US/LC_MESSAGES/coreutils.mo
sleep /usr/share/locale/en/LC_MESSAGES/coreutils.mo
sleep /usr/share/locale-langpack/en_US/LC_MESSAGES/coreutils.mo
sleep /usr/share/locale-langpack/en/LC_MESSAGES/coreutils.mo
ThreadPoolSingl /proc/1641/task/1649/status
plasmashell /config/Desktop/chromium.desktop
ThreadPoolSingl /proc/1641/task/1659/status
ThreadPoolSingl /proc/1642/task
ThreadPoolSingl /proc/1642/task/1642/status
ThreadPoolSingl /proc/1642/task/1648/status
Chrome_IOThread /tmp/.org.chromium.Chromium.nHWWTr
ThreadPoolSingl /proc/1642/task/1650/status
Chrome_IOThread /tmp/.org.chromium.Chromium.nHWWTr
ThreadPoolSingl /proc/1642/task/1651/status
ThreadPoolSingl /proc/1642/task/1652/status
Chrome_IOThread /tmp/.org.chromium.Chromium.PHOg4G
ThreadPoolSingl /proc/1642/task/1653/status
Chrome_IOThread /tmp/.org.chromium.Chromium.PHOg4G
ThreadPoolSingl /proc/1642/task/1658/status
ThreadPoolSingl /proc/1642/task
ThreadPoolSingl /proc/1642/task/1642/status
ThreadPoolSingl /proc/1642/task/1648/status
ThreadPoolSingl /proc/1642/task/1650/status
ThreadPoolSingl /proc/1642/task/1651/status
ThreadPoolSingl /proc/1642/task/1652/status
ThreadPoolSingl /proc/1642/task
ThreadPoolSingl /proc/1642/task/1642/status
ThreadPoolSingl /proc/1642/task/1648/status
ThreadPoolSingl /proc/1642/task/1650/status
ThreadPoolSingl /proc/1642/task/1651/status
ThreadPoolSingl /proc/1642/task/1652/status
ThreadPoolSingl /proc/1642/task/1653/status
ThreadPoolSingl /proc/1642/task/1658/status
ThreadPoolSingl /proc/1642/task/1660/status
ThreadPoolSingl /proc/1642/task
ThreadPoolSingl /proc/1642/task/1642/status
ThreadPoolSingl /proc/1642/task/1648/status
ThreadPoolSingl /proc/1642/task/1650/status
QQmlThread /usr/share/plasma/plasmoids/org.kde.plasma.taskmanager/contents..
QQmlThread /config/.cache/plasmashell/qmlcache/3807403dffe42867d027edf93e6..
ThreadPoolSingl /proc/1642/task/1651/status
ThreadPoolSingl /proc/1642/task/1652/status
ThreadPoolSingl /proc/1642/task/1653/status
chromium /tmp/.org.chromium.Chromium.sAmXZO
ThreadPoolSingl /proc/1642/task/1658/status
chromium /tmp/.org.chromium.Chromium.lLUdb1
ThreadPoolSingl /proc/1642/task/1660/status
QQmlThread /usr/share/plasma/plasmoids/org.kde.plasma.taskmanager/contents..
QQmlThread /config/.cache/plasmashell/qmlcache/bca21c2168a2062ac135a69ba48..
QQmlThread /usr/share/plasma/plasmoids/org.kde.plasma.taskmanager/contents..
ThreadPoolSingl /proc/1642/task/1662/status
chromium /tmp/.org.chromium.Chromium.Z8Sn9U
ThreadPoolSingl /proc/1515/task
chromium /tmp/.org.chromium.Chromium.EjIYZW
ThreadPoolSingl /proc/1515/task/1515/status
chromium /tmp/.org.chromium.Chromium.XIUZid
ThreadPoolSingl /proc/1515/task
QQmlThread /config/.cache/plasmashell/qmlcache
ThreadPoolSingl /proc/1515/task/1515/status
chromium /tmp/.org.chromium.Chromium.7GYtI1
ThreadPoolSingl /proc/1515/task/1570/status
ThreadPoolSingl /proc/1515/task/1571/status
chromium /tmp/.org.chromium.Chromium.L0O9P1
ThreadPoolSingl /proc/1515/task/1572/status
ThreadPoolSingl /proc/1515/task/1573/status
chromium /tmp/.org.chromium.Chromium.SW4s8b
ThreadPoolSingl /proc/1515/task/1574/status
chromium /tmp/.org.chromium.Chromium.XI3Vsv
ThreadPoolSingl /proc/1515/task/1576/status
ThreadPoolSingl /proc/1515/task/1577/status
chromium /tmp/.org.chromium.Chromium.D4xQAy
QQmlThread /usr/share/plasma/plasmoids/org.kde.plasma.taskmanager/contents..
QQmlThread /config/.cache/plasmashell/qmlcache/bca21c2168a2062ac135a69ba48..
ThreadPoolSingl /proc/1515/task/1578/status
chromium /tmp/.org.chromium.Chromium.MDraYO
ThreadPoolSingl /proc/1515/task/1579/status
ThreadPoolSingl /proc/1515/task/1580/status
ThreadPoolSingl /proc/1515/task/1581/status
chromium /tmp/.org.chromium.Chromium.8vF4Nf
ThreadPoolSingl /proc/1515/task/1582/status
chromium /tmp/.org.chromium.Chromium.g4vAOP
ThreadPoolSingl /proc/1515/task/1583/status
ThreadPoolSingl /proc/1515/task/1584/status
chromium /tmp/.org.chromium.Chromium.sbDtbk
ThreadPoolSingl /proc/1515/task/1585/status
ThreadPoolSingl /proc/1515/task/1586/status
chromium /tmp/.org.chromium.Chromium.hyxjcC
ThreadPoolSingl /proc/1515/task/1587/status
chromium /tmp/.org.chromium.Chromium.PZv5za
ThreadPoolSingl /proc/1515/task/1588/status
ThreadPoolSingl /proc/1515/task/1589/status
chromium /tmp/.org.chromium.Chromium.TWbqjR
ThreadPoolSingl /proc/1515/task/1590/status
chromium /tmp/.org.chromium.Chromium.5CMsr5
ThreadPoolSingl /proc/1515/task/1591/status
ThreadPoolSingl /proc/1515/task/1592/status
chromium /tmp/.org.chromium.Chromium.18dQA9
ThreadPoolSingl /proc/1515/task/1593/status
ThreadPoolSingl /proc/1515/task/1594/status
chromium /tmp/.org.chromium.Chromium.QQ9XEr
ThreadPoolSingl /proc/1515/task/1595/status
chromium /tmp/.org.chromium.Chromium.sTsNMX
ThreadPoolSingl /proc/1515/task/1596/status
ThreadPoolSingl /proc/1515/task/1597/status
chromium /tmp/.org.chromium.Chromium.qCHNU6
ThreadPoolSingl /proc/1515/task/1598/status
ThreadPoolSingl /proc/1515/task/1599/status
ThreadPoolSingl /proc/1515/task/1600/status
ThreadPoolSingl /proc/1515/task/1601/status
ThreadPoolSingl /proc/1515/task/1602/status
plasmashell /config/Desktop/chromium.desktop
ThreadPoolSingl /proc/1515/task/1603/status
ThreadPoolSingl /proc/1515/task/1626/status
Chrome_IOThread /tmp/.org.chromium.Chromium.bw0ZcV
ThreadPoolSingl /proc/1515/task/1627/status
plasmashell /config/Desktop/chromium.desktop
ThreadPoolSingl /proc/1515/task/1628/status
ThreadPoolSingl /proc/1515/task/1629/status
ThreadPoolSingl /proc/1515/task/1630/status
plasmashell /config/Desktop/chromium.desktop
ThreadPoolSingl /proc/1515/task/1631/status
ThreadPoolSingl /proc/1515/task/1632/status
ThreadPoolSingl /proc/1515/task/1670/status
plasmashell /config/Desktop/chromium.desktop
ThreadPoolSingl /proc/1642/task
ThreadPoolSingl /proc/1642/task/1642/status
Chrome_IOThread /tmp/.org.chromium.Chromium.rXpsX9
Chrome_IOThread /tmp/.org.chromium.Chromium.rXpsX9
ThreadPoolSingl /proc/1642/task/1648/status
plasmashell /config/Desktop/chromium.desktop
ThreadPoolSingl /proc/1642/task/1650/status
ThreadPoolSingl /proc/1642/task/1651/status
ThreadPoolSingl /proc/1642/task/1652/status
plasmashell /config/Desktop/chromium.desktop
ThreadPoolSingl /proc/1642/task/1653/status
ThreadPoolSingl /proc/1642/task/1658/status
ThreadPoolSingl /proc/1515/task
plasmashell /config/Desktop/chromium.desktop
ThreadPoolSingl /proc/1515/task/1515/status
ThreadPoolSingl /proc/1515/task/1570/status
ThreadPoolSingl /proc/1515/task/1571/status
plasmashell /config/Desktop/chromium.desktop
ThreadPoolSingl /proc/1515/task/1572/status
ThreadPoolSingl /proc/1515/task/1573/status
ThreadPoolSingl /proc/1515/task/1574/status
plasmashell /config/Desktop/chromium.desktop
ThreadPoolSingl /proc/1515/task/1576/status
ThreadPoolSingl /proc/1515/task/1577/status
ThreadPoolSingl /proc/1515/task/1578/status
plasmashell /config/Desktop/chromium.desktop
ThreadPoolSingl /proc/1515/task/1579/status
ThreadPoolSingl /proc/1515/task/1580/status
ThreadPoolSingl /proc/1515/task/1581/status
plasmashell /config/Desktop/chromium.desktop
ThreadPoolSingl /proc/1515/task/1582/status
ThreadPoolSingl /proc/1515/task/1583/status
plasmashell /config/Desktop/chromium.desktop
ThreadPoolSingl /proc/1515/task/1584/status
ThreadPoolSingl /proc/1515/task/1585/status
ThreadPoolSingl /proc/1515/task/1586/status
plasmashell /config/Desktop/chromium.desktop
ThreadPoolSingl /proc/1515/task/1587/status
ThreadPoolSingl /proc/1515/task/1588/status
ThreadPoolSingl /proc/1515/task/1589/status
plasmashell /config/Desktop/chromium.desktop
ThreadPoolSingl /proc/1515/task/1590/status
ThreadPoolSingl /proc/1515/task/1591/status
ThreadPoolSingl /proc/1515/task/1592/status
plasmashell /config/Desktop/chromium.desktop
ThreadPoolSingl /proc/1515/task/1593/status
ThreadPoolSingl /proc/1515/task/1594/status
ThreadPoolSingl /proc/1515/task/1595/status
plasmashell /config/Desktop/chromium.desktop
ThreadPoolSingl /proc/1515/task/1596/status
ThreadPoolSingl /proc/1515/task/1597/status
ThreadPoolSingl /proc/1515/task/1598/status
plasmashell /config/Desktop/chromium.desktop
ThreadPoolSingl /proc/1515/task/1599/status
ThreadPoolSingl /proc/1515/task/1600/status
ThreadPoolSingl /proc/1515/task/1601/status
plasmashell /config/Desktop/chromium.desktop
ThreadPoolSingl /proc/1515/task/1602/status
ThreadPoolSingl /proc/1515/task/1603/status
ThreadPoolSingl /proc/1515/task/1626/status
plasmashell /config/Desktop/chromium.desktop
ThreadPoolSingl /proc/1515/task
ThreadPoolSingl /proc/1515/task/1515/status
plasmashell /config/Desktop/chromium.desktop
ThreadPoolSingl /proc/1515/task/1570/status
ThreadPoolSingl /proc/1515/task/1571/status
ThreadPoolSingl /proc/1515/task/1572/status
plasmashell /config/Desktop/chromium.desktop
ThreadPoolSingl /proc/1515/task/1573/status
ThreadPoolSingl /proc/1515/task/1574/status
ThreadPoolSingl /proc/1515/task/1576/status
plasmashell /config/Desktop/chromium.desktop
Chrome_ChildIOT /tmp/.org.chromium.Chromium.Sj8B5q
ThreadPoolSingl /proc/1515/task/1577/status
ThreadPoolSingl /proc/1515/task/1578/status
ThreadPoolSingl /proc/1515/task/1579/status
plasmashell /config/Desktop/chromium.desktop
ThreadPoolSingl /proc/1515/task/1580/status
ThreadPoolSingl /proc/1515/task/1581/status
ThreadPoolSingl /proc/1515/task/1582/status
plasmashell /config/.local/share/kservices5
plasmashell /config/.local/share/mime
chromium /tmp/.org.chromium.Chromium.8aHcuf
ThreadPoolSingl /proc/1515/task/1583/status
plasmashell /etc/xdg/menus
ThreadPoolSingl /proc/1515/task/1584/status
chromium /tmp/.org.chromium.Chromium.2ab2QD
plasmashell /usr/local/share/kservices5
ThreadPoolSingl /proc/1515/task/1585/status
plasmashell /usr/local/share/mime
chromium /tmp/.org.chromium.Chromium.dbBAHA
ThreadPoolSingl /proc/1515/task/1586/status
ThreadPoolSingl /proc/1515/task/1587/status
plasmashell /usr/share/kservices5
chromium /tmp/.org.chromium.Chromium.dTrw0Y
ThreadPoolSingl /proc/1515/task/1588/status
plasmashell /usr/share/kservices5/ServiceMenus
chromium /tmp/.org.chromium.Chromium.Ctjo1E
ThreadPoolSingl /proc/1515/task/1589/status
plasmashell /usr/share/kservices5/qimageioplugins
ThreadPoolSingl /proc/1515/task/1590/status
chromium /tmp/.org.chromium.Chromium.4HJ7cj
ThreadPoolSingl /proc/1515/task/1591/status
plasmashell /usr/share/kservices5/searchproviders
ThreadPoolSingl /proc/1515/task/1592/status
ThreadPoolSingl /proc/1515/task/1593/status
plasmashell /usr/share/mime
ThreadPoolSingl /proc/1515/task/1594/status
ThreadPoolSingl /proc/1515/task/1595/status
plasmashell /usr/share/mime/application
ThreadPoolSingl /proc/1515/task/1596/status
ThreadPoolSingl /proc/1515/task/1597/status
plasmashell /usr/share/mime/audio
ThreadPoolSingl /proc/1515/task/1598/status
ThreadPoolSingl /proc/1515/task/1599/status
plasmashell /usr/share/mime/chemical
ThreadPoolSingl /proc/1515/task/1600/status
plasmashell /usr/share/mime/font
ThreadPoolSingl /proc/1515/task/1601/status
plasmashell /usr/share/mime/image
ThreadPoolSingl /proc/1515/task/1602/status
ThreadPoolSingl /proc/1515/task/1603/status
plasmashell /usr/share/mime/inode
ThreadPoolSingl /proc/1515/task/1626/status
ThreadPoolSingl /proc/1515/task/1627/status
plasmashell /usr/share/mime/message
ThreadPoolSingl /proc/1515/task
plasmashell /usr/share/mime/model
ThreadPoolSingl /proc/1515/task/1515/status
plasmashell /usr/share/mime/multipart
ThreadPoolSingl /proc/1515/task/1570/status
plasmashell /usr/share/mime/packages
ThreadPoolSingl /proc/1515/task/1571/status
ThreadPoolSingl /proc/1515/task/1572/status
plasmashell /usr/share/mime/text
ThreadPoolSingl /proc/1515/task/1573/status
plasmashell /usr/share/mime/video
ThreadPoolSingl /proc/1515/task/1574/status
ThreadPoolSingl /proc/1515/task/1576/status
plasmashell /usr/share/mime/x-content
ThreadPoolSingl /proc/1515/task/1577/status
chromium /tmp/.org.chromium.Chromium.qSdyeb
plasmashell /usr/share/mime/x-epoc
ThreadPoolSingl /proc/1515/task/1578/status
ThreadPoolSingl /proc/1515/task/1579/status
ThreadPoolSingl /proc/1515/task/1580/status
ThreadPoolSingl /proc/1515/task/1581/status
Chrome_ChildIOT /tmp/.org.chromium.Chromium.enYCio
ThreadPoolSingl /proc/1515/task/1582/status
ThreadPoolSingl /proc/1515/task/1583/status
plasmashell /config/Desktop/chromium.desktop
ThreadPoolSingl /proc/1515/task/1584/status
ThreadPoolSingl /proc/1515/task/1585/status
ThreadPoolSingl /proc/1515/task/1586/status
plasmashell /config/Desktop/chromium.desktop
ThreadPoolSingl /proc/1515/task/1587/status
ThreadPoolSingl /proc/1515/task/1588/status
ThreadPoolSingl /proc/1515/task/1589/status
plasmashell /config/Desktop/chromium.desktop
ThreadPoolSingl /proc/1515/task/1590/status
ThreadPoolSingl /proc/1515/task/1591/status
ThreadPoolSingl /proc/1515/task/1592/status
plasmashell /config/Desktop/chromium.desktop
ThreadPoolSingl /proc/1515/task/1593/status
ThreadPoolSingl /proc/1515/task/1594/status
plasmashell /config/Desktop/chromium.desktop
ThreadPoolSingl /proc/1515/task/1595/status
ThreadPoolSingl /proc/1515/task/1596/status
ThreadPoolSingl /proc/1515/task/1597/status
plasmashell /config/Desktop/chromium.desktop
Chrome_ChildIOT /tmp/.org.chromium.Chromium.NZZVr0
Chrome_ChildIOT /tmp/.org.chromium.Chromium.NZZVr0
ThreadPoolSingl /proc/1515/task/1598/status
plasmashell /config/Desktop/chromium.desktop
ThreadPoolSingl /proc/1515/task/1599/status
Chrome_IOThread /tmp/.org.chromium.Chromium.LZP2rz
ThreadPoolSingl /proc/1515/task/1600/status
ThreadPoolSingl /proc/1515/task/1601/status
plasmashell /config/Desktop/chromium.desktop
ThreadPoolSingl /proc/1515/task/1602/status
ThreadPoolSingl /proc/1515/task/1603/status
ThreadPoolSingl /proc/1515/task/1626/status
plasmashell /config/Desktop/chromium.desktop
ThreadPoolSingl /proc/1515/task/1627/status
ThreadPoolSingl /proc/1515/task/1628/status
ThreadPoolSingl /proc/1515/task
plasmashell /config/Desktop/chromium.desktop
ThreadPoolSingl /proc/1515/task/1515/status
ThreadPoolSingl /proc/1515/task/1570/status
bash /dev/null
ThreadPoolSingl /proc/1515/task/1571/status
plasmashell /config/Desktop/chromium.desktop
find /etc/ld.so.cache
find /lib/x86_64-linux-gnu/libselinux.so.1
find /lib/x86_64-linux-gnu/libc.so.6
ThreadPoolSingl /proc/1515/task/1572/status
find /lib/x86_64-linux-gnu/libpcre2-8.so.0
find /proc/filesystems
find .
ThreadPoolSingl /proc/1515/task/1573/status
find /usr/lib/locale/locale-archive
find /usr/lib/x86_64-linux-gnu/gconv/gconv-modules.cache
find /config/.cache
ThreadPoolSingl /proc/1515/task/1574/status
find mesa_shader_cache
plasmashell /config/Desktop/chromium.desktop
find db
find 0c
ThreadPoolSingl /proc/1515/task/1576/status
find 5e
find 8a
ThreadPoolSingl /proc/1515/task/1577/status
find 59
find dd
find 3d
find 35
ThreadPoolSingl /proc/1515/task/1578/status
plasmashell /config/Desktop/chromium.desktop
find 8d
find 9a
ThreadPoolSingl /proc/1515/task/1579/status
find 80
ThreadPoolSingl /proc/1515/task/1580/status
find 33
find ea
find e1
ThreadPoolSingl /proc/1515/task/1581/status
plasmashell /config/Desktop/chromium.desktop
find 3e
find 6a
ThreadPoolSingl /proc/1515/task/1582/status
find b5
find bc
find e8
ThreadPoolSingl /proc/1515/task/1583/status
find b8
find ef
find b9
ThreadPoolSingl /proc/1515/task/1584/status
plasmashell /config/Desktop/chromium.desktop
find 7e
ThreadPoolSingl /proc/1515/task/1585/status
find 6e
find a2
ThreadPoolSingl /proc/1515/task/1586/status
find 71
find b7
find 8e
ThreadPoolSingl /proc/1515/task/1587/status
find 1a
plasmashell /config/Desktop/chromium.desktop
ThreadPoolForeg /config/.cache/chromium/Default/Cache/Cache_Data/03195e87621ef2..
find 20
ThreadPoolSingl /proc/1515/task/1588/status
find c9
ThreadPoolForeg /config/.cache/chromium/Default/Cache/Cache_Data/075ad7c5b768cd..
ThreadPoolSingl /proc/1515/task/1589/status
find 26
ThreadPoolForeg /config/.cache/chromium/Default/Cache/Cache_Data/8b98b131e4a346..
find 4a
ThreadPoolSingl /proc/1515/task/1590/status
find bd
plasmashell /config/Desktop/chromium.desktop
find 62
ThreadPoolSingl /proc/1515/task/1591/status
find 21
find 2d
ThreadPoolSingl /proc/1515/task/1592/status
find 56
find 86
find 40
find ed
ThreadPoolSingl /proc/1515/task/1593/status
find 9d
plasmashell /config/Desktop/chromium.desktop
find 05
find 03
ThreadPoolSingl /proc/1515/task/1594/status
find 67
find 7d
find 11
find 13
ThreadPoolSingl /proc/1515/task/1595/status
ThreadPoolForeg /config/.cache/chromium/Default/Cache/Cache_Data/332636a61a1a4c..
find b6
find 4e
find ba
ThreadPoolForeg /config/.cache/chromium/Default/Cache/Cache_Data/fc8ed6a10b259a..
find ksplash
ThreadPoolSingl /proc/1515/task/1596/status
find qmlcache
ThreadPoolForeg /config/.cache/chromium/Default/Cache/Cache_Data/8fd4e3866272ac..
find qtshadercache-x86_64-little_endian-lp64
ThreadPoolForeg /config/.cache/chromium/Default/Cache/Cache_Data/990f0027deee7b..
plasmashell /config/Desktop/chromium.desktop
find plasmashell
find qmlcache
ThreadPoolSingl /proc/1515/task/1597/status
chromium /proc/1642/stat
ThreadPoolForeg /config/.cache/chromium/Default/Cache/Cache_Data/d3e6e89385fa10..
ThreadPoolSingl /proc/1515/task/1598/status
plasmashell /config/Desktop/chromium.desktop
ThreadPoolForeg /config/.cache/chromium/Default/Cache/Cache_Data/2fc09e166e99d4..
ThreadPoolSingl /proc/1515/task/1599/status
ThreadPoolForeg /config/.cache/chromium/Default/Cache/Cache_Data/2af81ecc806454..
ThreadPoolSingl /proc/1515/task/1600/status
ThreadPoolForeg /config/.cache/chromium/Default/Cache/Cache_Data/ccb3a8f2c68cbc..
ThreadPoolSingl /proc/1515/task/1601/status
plasmashell /config/Desktop/chromium.desktop
ThreadPoolSingl /proc/1515/task/1602/status
ThreadPoolSingl /proc/1515/task/1603/status
ThreadPoolForeg /config/.cache/chromium/Default/Cache/Cache_Data/20536dc19bcb65..
ThreadPoolForeg /config/.cache/chromium/Default/Cache/Cache_Data/e24d41868f5295..
ThreadPoolSingl /proc/1515/task/1626/status
find chromium
ThreadPoolForeg /config/.cache/chromium/Default/Cache/Cache_Data/5f8a58e807543c..
find Default
plasmashell /config/Desktop/chromium.desktop
find Cache
ThreadPoolForeg /config/.cache/chromium/Default/Cache/Cache_Data/598a88496a90d4..
ThreadPoolSingl /proc/1515/task/1627/status
find Cache_Data
find index-dir
ThreadPoolSingl /proc/1515/task/1628/status
ThreadPoolForeg /config/.cache/chromium/Default/Cache/Cache_Data/5d532c72a84525..
ThreadPoolSingl /proc/1515/task/1629/status
ThreadPoolForeg /config/.cache/chromium/Default/Cache/Cache_Data/c3c1052d58111d..
plasmashell /config/Desktop/chromium.desktop
find No_Vary_Search
ThreadPoolForeg /config/.cache/chromium/Default/Cache/Cache_Data/b23c76e1d691e5..
ThreadPoolSingl /proc/1515/task
find Code Cache
ThreadPoolSingl /proc/1515/task/1515/status
find wasm
ThreadPoolSingl /proc/1515/task/1570/status
find index-dir
ThreadPoolForeg /config/.cache/chromium/Default/Cache/Cache_Data/df4994cdc340cc..
plasmashell /config/Desktop/chromium.desktop
ThreadPoolSingl /proc/1515/task/1571/status
find js
find index-dir
ThreadPoolSingl /proc/1515/task/1572/status
find ..
find /config/.config
find openbox
ThreadPoolSingl /proc/1515/task/1573/status
find vlc
find pulse
ThreadPoolSingl /proc/1515/task/1574/status
plasmashell /config/Desktop/chromium.desktop
find autostart
find kdedefaults
ThreadPoolSingl /proc/1515/task/1576/status
find gtk-3.0
ThreadPoolSingl /proc/1515/task/1577/status
ThreadPoolSingl /proc/1515/task/1578/status
find gtk-4.0
ThreadPoolSingl /proc/1515/task/1579/status
find dconf
ThreadPoolSingl /proc/1515/task/1580/status
find xsettingsd
ThreadPoolSingl /proc/1515/task/1581/status
find kde.org
ThreadPoolSingl /proc/1515/task/1582/status
find xfce4
find xfconf
find xfce-perchannel-xml
ThreadPoolSingl /proc/1515/task/1583/status
find chromium
find Crash Reports
find new
find pending
ThreadPoolSingl /proc/1515/task/1584/status
find completed
find attachments
find BrowserMetrics
find Default
ThreadPoolSingl /proc/1515/task/1585/status
find Sync Data
find LevelDB
ThreadPoolSingl /proc/1515/task/1586/status
ThreadPoolSingl /proc/1515/task/1587/status
find Shared Dictionary
ThreadPoolSingl /proc/1515/task/1588/status
find cache
find index-dir
ThreadPoolSingl /proc/1515/task/1589/status
find ClientCertificates
ThreadPoolSingl /proc/1515/task/1590/status
find Site Characteristics Database
ThreadPoolSingl /proc/1515/task/1591/status
find Local Storage
find leveldb
ThreadPoolSingl /proc/1515/task/1592/status
find discounts_db
find commerce_subscription_db
ThreadPoolSingl /proc/1515/task/1593/status
find chrome_cart_db
find discount_infos_db
find parcel_tracking_db
ThreadPoolSingl /proc/1515/task/1594/status
find Segmentation Platform
find SegmentInfoDB
ThreadPoolSingl /proc/1515/task/1595/status
find SignalDB
find SignalStorageConfigDB
ThreadPoolSingl /proc/1515/task/1596/status
find PersistentOriginTrials
ThreadPoolSingl /proc/1515/task/1597/status
find Extension Rules
ThreadPoolSingl /proc/1515/task/1598/status
find Extension Scripts
ThreadPoolSingl /proc/1515/task/1599/status
ThreadPoolSingl /proc/1515/task/1600/status
find shared_proto_db
ThreadPoolSingl /proc/1515/task/1601/status
find metadata
ThreadPoolSingl /proc/1515/task/1602/status
ThreadPoolSingl /proc/1515/task/1603/status
ThreadPoolSingl /proc/1515/task/1626/status
find Extension State
ThreadPoolSingl /proc/1515/task/1627/status
ThreadPoolSingl /proc/1515/task/1628/status
ThreadPoolSingl /proc/1515/task/1629/status
find Sessions
ThreadPoolSingl /proc/1515/task/1630/status
find GPUCache
xclip /etc/ld.so.cache
xclip /lib/x86_64-linux-gnu/libXmu.so.6
ThreadPoolSingl /proc/1515/task
xclip /lib/x86_64-linux-gnu/libX11.so.6
chromium /tmp/.org.chromium.Chromium.0nx0tQ
ThreadPoolSingl /proc/1515/task/1515/status
find DawnWebGPUCache
xclip /lib/x86_64-linux-gnu/libc.so.6
ThreadPoolSingl /proc/1515/task/1570/status
xclip /lib/x86_64-linux-gnu/libXt.so.6
ThreadPoolSingl /proc/1515/task/1571/status
find DawnGraphiteCache
chromium /tmp/.org.chromium.Chromium.Ivbpaf
xclip /lib/x86_64-linux-gnu/libXext.so.6
ThreadPoolSingl /proc/1515/task/1572/status
xclip /lib/x86_64-linux-gnu/libxcb.so.1
ThreadPoolSingl /proc/1515/task/1573/status
find Session Storage
chromium /tmp/.org.chromium.Chromium.BTj6kK
xclip /lib/x86_64-linux-gnu/libSM.so.6
ThreadPoolSingl /proc/1515/task/1574/status
xclip /lib/x86_64-linux-gnu/libICE.so.6
find NativeMessagingHosts
find component_crx_cache
xclip /lib/x86_64-linux-gnu/libXau.so.6
find ShaderCache
xclip /lib/x86_64-linux-gnu/libXdmcp.so.6
ThreadPoolSingl /proc/1515/task/1576/status
xclip /lib/x86_64-linux-gnu/libuuid.so.1
find segmentation_platform
xclip /lib/x86_64-linux-gnu/libbsd.so.0
find Dictionaries
xclip /lib/x86_64-linux-gnu/libmd.so.0
ThreadPoolSingl /proc/1515/task/1577/status
find WidevineCdm
find Subresource Filter
find Unindexed Rules
ThreadPoolSingl /proc/1515/task/1578/status
find OnDeviceHeadSuggestModel
find OptimizationHints
find TrustTokenKeyCommitments
xclip /usr/share/X11/locale/locale.alias
find PrivacySandboxAttestationsPreloaded
ThreadPoolSingl /proc/1515/task/1579/status
find SSLErrorAssistant
find FileTypePolicies
find OriginTrials
xclip /usr/share/X11/locale/locale.dir
ThreadPoolSingl /proc/1515/task/1580/status
find CertificateRevocation
xclip /usr/share/X11/locale/C/XLC_LOCALE
find MEIPreload
xclip /usr/share/X11/locale/locale.alias
find PKIMetadata
find SafetyTips
ThreadPoolSingl /proc/1515/task/1581/status
find Crowd Deny
find hyphen-data
xclip /usr/share/X11/locale/locale.dir
ThreadPoolSingl /proc/1515/task/1582/status
find ZxcvbnData
find ActorSafetyLists
xclip /usr/share/X11/locale/C/XLC_LOCALE
find AmountExtractionHeuristicRegexes
ThreadPoolSingl /proc/1515/task/1583/status
find WasmTtsEngine
Xvfb /proc/1680/cmdline
find CaptchaProviders
ThreadPoolSingl /proc/1515/task/1584/status
find GrShaderCache
find GraphiteDawnCache
ThreadPoolSingl /proc/1515/task/1585/status
find ..
find /config/.local
ThreadPoolSingl /proc/1515/task/1586/status
find bin
find share
ThreadPoolSingl /proc/1515/task/1587/status
find kactivitymanagerd
find resources
find test-backup
ThreadPoolSingl /proc/1515/task/1588/status
find working-backup
ThreadPoolSingl /proc/1515/task/1589/status
find baloo
QSGRenderThread /config/.cache/mesa_shader_cache/e0/5250706703def1507c2b08bc094..
find pki
find nssdb
ThreadPoolSingl /proc/1515/task/1590/status
ThreadPoolSingl /proc/1515/task/1591/status
ThreadPoolSingl /proc/1515/task/1592/status
ThreadPoolSingl /proc/1515/task/1593/status
ThreadPoolSingl /proc/1515/task/1594/status
sleep /etc/ld.so.cache
ThreadPoolSingl /proc/1515/task/1595/status
sleep /lib/x86_64-linux-gnu/libc.so.6
ThreadPoolSingl /proc/1515/task/1596/status
sleep /usr/lib/locale/locale-archive
ThreadPoolSingl /proc/1515/task/1597/status
sleep /usr/share/locale/locale.alias
sleep /usr/share/locale/en_US/LC_MESSAGES/coreutils.mo
sleep /usr/share/locale/en/LC_MESSAGES/coreutils.mo
sleep /usr/share/locale-langpack/en_US/LC_MESSAGES/coreutils.mo
sleep /usr/share/locale-langpack/en/LC_MESSAGES/coreutils.mo
ThreadPoolSingl /proc/1515/task/1598/status
ThreadPoolSingl /proc/1515/task/1599/status
ThreadPoolSingl /proc/1515/task/1600/status
ThreadPoolSingl /proc/1515/task/1601/status
ThreadPoolSingl /proc/1515/task/1602/status
ThreadPoolSingl /proc/1515/task/1603/status
ThreadPoolSingl /proc/1515/task/1626/status
ThreadPoolSingl /proc/1515/task/1627/status
ThreadPoolSingl /proc/1515/task/1628/status
ThreadPoolSingl /proc/1515/task/1629/status
ThreadPoolSingl /proc/1515/task/1630/status
ThreadPoolSingl /proc/1515/task/1631/status
ThreadPoolSingl /proc/1515/task
ThreadPoolSingl /proc/1515/task/1515/status
ThreadPoolSingl /proc/1515/task/1570/status
ThreadPoolSingl /proc/1515/task/1571/status
ThreadPoolSingl /proc/1515/task/1572/status
ThreadPoolSingl /proc/1515/task/1573/status
ThreadPoolSingl /proc/1515/task/1574/status
ThreadPoolSingl /proc/1515/task/1576/status
ThreadPoolSingl /proc/1515/task/1577/status
ThreadPoolSingl /proc/1515/task/1578/status
ThreadPoolSingl /proc/1515/task/1579/status
ThreadPoolSingl /proc/1515/task/1580/status
ThreadPoolSingl /proc/1515/task/1581/status
ThreadPoolSingl /proc/1515/task/1582/status
ThreadPoolSingl /proc/1515/task/1583/status
ThreadPoolSingl /proc/1515/task/1584/status
ThreadPoolSingl /proc/1515/task/1585/status
ThreadPoolSingl /proc/1515/task/1586/status
ThreadPoolSingl /proc/1515/task/1587/status
ThreadPoolSingl /proc/1515/task/1588/status
ThreadPoolSingl /proc/1515/task/1589/status
ThreadPoolSingl /proc/1515/task/1590/status
ThreadPoolSingl /proc/1515/task/1591/status
ThreadPoolSingl /proc/1515/task/1592/status
ThreadPoolSingl /proc/1515/task/1593/status
ThreadPoolSingl /proc/1515/task/1594/status
ThreadPoolSingl /proc/1515/task/1595/status
ThreadPoolSingl /proc/1515/task/1596/status
ThreadPoolSingl /proc/1515/task/1597/status
ThreadPoolSingl /proc/1515/task/1598/status
ThreadPoolSingl /proc/1515/task/1599/status
ThreadPoolSingl /proc/1515/task/1600/status
ThreadPoolSingl /proc/1515/task/1601/status
ThreadPoolSingl /proc/1515/task/1602/status
ThreadPoolSingl /proc/1515/task/1603/status
ThreadPoolSingl /proc/1515/task/1626/status
ThreadPoolSingl /proc/1515/task/1627/status
ThreadPoolSingl /proc/1515/task/1628/status
ThreadPoolSingl /proc/1515/task/1629/status
ThreadPoolSingl /proc/1515/task/1630/status
ThreadPoolSingl /proc/1515/task/1631/status
ThreadPoolSingl /proc/1515/task/1632/status
ThreadPoolSingl /proc/1515/task
ThreadPoolSingl /proc/1515/task/1515/status
ThreadPoolSingl /proc/1515/task/1570/status
ThreadPoolSingl /proc/1515/task/1571/status
ThreadPoolSingl /proc/1515/task/1572/status
ThreadPoolSingl /proc/1515/task/1573/status
ThreadPoolSingl /proc/1515/task/1574/status
ThreadPoolSingl /proc/1515/task/1576/status
ThreadPoolSingl /proc/1515/task/1577/status
ThreadPoolSingl /proc/1515/task/1578/status
ThreadPoolSingl /proc/1515/task/1579/status
ThreadPoolSingl /proc/1515/task/1580/status
ThreadPoolSingl /proc/1515/task/1581/status
ThreadPoolSingl /proc/1515/task/1582/status
ThreadPoolSingl /proc/1515/task/1583/status
ThreadPoolSingl /proc/1515/task/1584/status
ThreadPoolSingl /proc/1515/task/1585/status
ThreadPoolSingl /proc/1515/task/1586/status
ThreadPoolSingl /proc/1515/task/1587/status
ThreadPoolSingl /proc/1515/task/1588/status
ThreadPoolSingl /proc/1515/task/1589/status
ThreadPoolSingl /proc/1515/task/1590/status
ThreadPoolSingl /proc/1515/task/1591/status
ThreadPoolSingl /proc/1515/task/1592/status
ThreadPoolSingl /proc/1515/task/1593/status
ThreadPoolSingl /proc/1515/task/1594/status
ThreadPoolSingl /proc/1515/task/1595/status
ThreadPoolSingl /proc/1515/task/1596/status
ThreadPoolSingl /proc/1515/task/1597/status
ThreadPoolSingl /proc/1515/task/1598/status
ThreadPoolSingl /proc/1515/task/1599/status
ThreadPoolSingl /proc/1515/task/1600/status
ThreadPoolSingl /proc/1515/task/1601/status
ThreadPoolSingl /proc/1515/task/1602/status
ThreadPoolSingl /proc/1515/task/1603/status
ThreadPoolSingl /proc/1515/task/1626/status
plasmas:disk$0 /config/.cache/mesa_shader_cache/e0/5250706703def1507c2b08bc094..
QSGRenderThread /config/.cache/mesa_shader_cache/80/d3e9ca504a454f9a419ed0ad80f..
ThreadPoolSingl /proc/1515/task/1627/status
plasmas:disk$0 /config/.cache/mesa_shader_cache/e0/5250706703def1507c2b08bc094..
plasmas:disk$0 /config/.cache/mesa_shader_cache/e0/5250706703def1507c2b08bc094..
ThreadPoolSingl /proc/1515/task/1628/status
ThreadPoolSingl /proc/1515/task/1629/status
QSGRenderThread /config/.cache/mesa_shader_cache/4f/56a27cad663faae24d17aa6ca9e..
ThreadPoolSingl /proc/1515/task/1630/status
ThreadPoolSingl /proc/1515/task/1631/status
ThreadPoolSingl /proc/1515/task/1632/status
ThreadPoolSingl /proc/1515/task/1670/status
Chrome_ChildIOT /tmp/.org.chromium.Chromium.aS5R6e
ThreadPoolForeg /config/.config/chromium/Dictionaries/en-US-10-1.bdic
plasmas:disk$0 /config/.cache/mesa_shader_cache/4f/56a27cad663faae24d17aa6ca9e..
QSGRenderThread /config/.cache/mesa_shader_cache/f7/a7b31ba35bed97603b63033fbe8..
plasmas:disk$0 /config/.cache/mesa_shader_cache/4f/56a27cad663faae24d17aa6ca9e..
plasmas:disk$0 /config/.cache/mesa_shader_cache/4f/56a27cad663faae24d17aa6ca9e..
plasmas:disk$0 /config/.cache/mesa_shader_cache/f7/a7b31ba35bed97603b63033fbe8..
plasmas:disk$0 /config/.cache/mesa_shader_cache/f7/a7b31ba35bed97603b63033fbe8..
plasmas:disk$0 /config/.cache/mesa_shader_cache/f7/a7b31ba35bed97603b63033fbe8..
bash /dev/null
find /etc/ld.so.cache
find /lib/x86_64-linux-gnu/libselinux.so.1
find /lib/x86_64-linux-gnu/libc.so.6
find /lib/x86_64-linux-gnu/libpcre2-8.so.0
find /proc/filesystems
find .
find /usr/lib/locale/locale-archive
find /usr/lib/x86_64-linux-gnu/gconv/gconv-modules.cache
find /config/.cache
find mesa_shader_cache
find db
find 0c
find 5e
Chrome_ChildIOT /tmp/.org.chromium.Chromium.Hc9vMH
find 8a
find 59
find dd
find 3d
find 35
find 8d
find 9a
find 80
find 33
find ea
find e1
Chrome_ChildIOT /tmp/.org.chromium.Chromium.P3uf8W
find 3e
find 6a
find b5
find bc
find e8
find b8
find ef
find b9
find 7e
Chrome_ChildIOT /tmp/.org.chromium.Chromium.AvZrBL
find 6e
find a2
find 71
find b7
find 8e
find 1a
find 20
find c9
find 26
find 4a
find bd
find 62
find 21
find 2d
find 56
Chrome_ChildIOT /tmp/.org.chromium.Chromium.8R0hNd
find 86
find 40
find ed
find 9d
find 05
ThreadPoolSingl /proc/1642/task
ThreadPoolSingl /proc/1642/task/1642/status
find 03
ThreadPoolSingl /proc/1642/task/1648/status
find 67
ThreadPoolSingl /proc/1642/task/1650/status
find 7d
ThreadPoolSingl /proc/1642/task/1651/status
find 11
ThreadPoolSingl /proc/1642/task/1652/status
ThreadPoolSingl /proc/1642/task/1653/status
find 13
ThreadPoolSingl /proc/1642/task/1658/status
find b6
ThreadPoolSingl /proc/1642/task/1660/status
find 4e
ThreadPoolSingl /proc/1642/task/1662/status
ThreadPoolSingl /proc/1642/task/1691/status
find ba
find e0
find 4f
find f7
find ksplash
find qmlcache
find qtshadercache-x86_64-little_endian-lp64
find plasmashell
find qmlcache
find chromium
find Default
find Cache
find Cache_Data
find index-dir
find No_Vary_Search
find Code Cache
find wasm
find index-dir
find js
find index-dir
find ..
find /config/.config
find openbox
find vlc
find pulse
find autostart
find kdedefaults
find gtk-3.0
find gtk-4.0
find dconf
find xsettingsd
find kde.org
find xfce4
find xfconf
find xfce-perchannel-xml
find chromium
find Crash Reports
find new
find pending
find completed
find attachments
find BrowserMetrics
find Default
find Sync Data
find LevelDB
find Shared Dictionary
find cache
find index-dir
find ClientCertificates
find Site Characteristics Database
find Local Storage
find leveldb
find discounts_db
find commerce_subscription_db
find chrome_cart_db
find discount_infos_db
find parcel_tracking_db
find Segmentation Platform
find SegmentInfoDB
find SignalDB
find SignalStorageConfigDB
find PersistentOriginTrials
find Extension Rules
find Extension Scripts
find shared_proto_db
find metadata
find Extension State
find Sessions
find GPUCache
find DawnWebGPUCache
find DawnGraphiteCache
find Session Storage
find NativeMessagingHosts
find component_crx_cache
find ShaderCache
find segmentation_platform
find Dictionaries
find WidevineCdm
Chrome_ChildIOT /tmp/.org.chromium.Chromium.hDndfB
find Subresource Filter
find Unindexed Rules
find OnDeviceHeadSuggestModel
find OptimizationHints
Chrome_ChildIOT /tmp/.org.chromium.Chromium.o39UPc
find TrustTokenKeyCommitments
find PrivacySandboxAttestationsPreloaded
find SSLErrorAssistant
Chrome_ChildIOT /tmp/.org.chromium.Chromium.my4uw4
find FileTypePolicies
find OriginTrials
find CertificateRevocation
find MEIPreload
find PKIMetadata
Chrome_ChildIOT /tmp/.org.chromium.Chromium.oUkQJv
find SafetyTips
find Crowd Deny
find hyphen-data
find ZxcvbnData
Chrome_ChildIOT /tmp/.org.chromium.Chromium.KfvCto
find ActorSafetyLists
find AmountExtractionHeuristicRegexes
find WasmTtsEngine
Chrome_ChildIOT /tmp/.org.chromium.Chromium.9Fm1HK
find CaptchaProviders
find GrShaderCache
find GraphiteDawnCache
find ..
find /config/.local
Chrome_ChildIOT /tmp/.org.chromium.Chromium.nrLEnj
find bin
find share
find kactivitymanagerd
find resources
Chrome_ChildIOT /tmp/.org.chromium.Chromium.UnqWYf
find test-backup
find working-backup
find baloo
find pki
find nssdb
Chrome_ChildIOT /tmp/.org.chromium.Chromium.ptI7U1
Chrome_ChildIOT /tmp/.org.chromium.Chromium.FQKK9x
sleep /etc/ld.so.cache
sleep /lib/x86_64-linux-gnu/libc.so.6
Chrome_ChildIOT /tmp/.org.chromium.Chromium.R5RQKC
sleep /usr/lib/locale/locale-archive
sleep /usr/share/locale/locale.alias
Chrome_ChildIOT /tmp/.org.chromium.Chromium.Vtz0at
sleep /usr/share/locale/en_US/LC_MESSAGES/coreutils.mo
sleep /usr/share/locale/en/LC_MESSAGES/coreutils.mo
sleep /usr/share/locale-langpack/en_US/LC_MESSAGES/coreutils.mo
sleep /usr/share/locale-langpack/en/LC_MESSAGES/coreutils.mo
Chrome_ChildIOT /tmp/.org.chromium.Chromium.V4W7x5
Chrome_ChildIOT /tmp/.org.chromium.Chromium.9Ll4PN
ThreadPoolSingl /proc/1642/task
ThreadPoolSingl /proc/1642/task/1642/status
ThreadPoolSingl /proc/1642/task/1648/status
ThreadPoolSingl /proc/1642/task/1650/status
ThreadPoolSingl /proc/1642/task/1651/status
ThreadPoolSingl /proc/1642/task/1652/status
ThreadPoolSingl /proc/1642/task/1653/status
ThreadPoolSingl /proc/1642/task/1658/status
ThreadPoolSingl /proc/1642/task/1660/status
ThreadPoolSingl /proc/1642/task/1662/status
ThreadPoolSingl /proc/1642/task/1691/status
ThreadPoolSingl /proc/1642/task/1698/status
ThreadPoolForeg /config/.cache/chromium/Default/Code Cache/js/d8d8d99967faa84a_..
ThreadPoolForeg /config/.icons/breeze_cursors/cursors/text
ThreadPoolForeg /config/.icons/breeze_cursors/index.theme
ThreadPoolForeg /usr/share/icons/breeze_cursors/cursors/text
ThreadPoolSingl /proc/1642/task
ThreadPoolSingl /proc/1642/task/1642/status
ThreadPoolSingl /proc/1642/task/1648/status
ThreadPoolSingl /proc/1642/task/1650/status
ThreadPoolSingl /proc/1642/task/1651/status
ThreadPoolSingl /proc/1642/task/1652/status
ThreadPoolSingl /proc/1642/task/1653/status
ThreadPoolSingl /proc/1642/task/1658/status
ThreadPoolSingl /proc/1642/task/1660/status
ThreadPoolSingl /proc/1642/task/1662/status
ThreadPoolSingl /proc/1642/task/1691/status
ThreadPoolSingl /proc/1642/task/1698/status
ThreadPoolSingl /proc/1642/task/1701/status
ThreadPoolSingl /proc/1642/task
ThreadPoolSingl /proc/1642/task/1642/status
ThreadPoolSingl /proc/1642/task/1648/status
ThreadPoolSingl /proc/1642/task/1650/status
ThreadPoolSingl /proc/1642/task/1651/status
ThreadPoolSingl /proc/1642/task/1652/status
ThreadPoolSingl /proc/1642/task/1653/status
ThreadPoolSingl /proc/1642/task/1658/status
ThreadPoolSingl /proc/1642/task/1660/status
ThreadPoolSingl /proc/1642/task/1662/status
ThreadPoolSingl /proc/1642/task/1691/status
ThreadPoolSingl /proc/1642/task/1698/status
ThreadPoolSingl /proc/1642/task/1701/status
ThreadPoolSingl /proc/1642/task/1702/status
bash /dev/null
ThreadPoolForeg /config/.cache/chromium/Default/Code Cache/js/80255d1b8506eac8_..
find /etc/ld.so.cache
find /lib/x86_64-linux-gnu/libselinux.so.1
find /lib/x86_64-linux-gnu/libc.so.6
find /lib/x86_64-linux-gnu/libpcre2-8.so.0
find /proc/filesystems
find .
find /usr/lib/locale/locale-archive
find /usr/lib/x86_64-linux-gnu/gconv/gconv-modules.cache
find /config/.cache
find mesa_shader_cache
find db
find 0c
find 5e
find 8a
find 59
find dd
find 3d
ThreadPoolSingl /proc/1642/task
find 35
find 8d
ThreadPoolSingl /proc/1642/task/1642/status
find 9a
ThreadPoolSingl /proc/1642/task/1648/status
find 80
ThreadPoolSingl /proc/1642/task/1650/status
ThreadPoolSingl /proc/1642/task/1651/status
find 33
ThreadPoolSingl /proc/1642/task/1652/status
find ea
ThreadPoolSingl /proc/1642/task/1653/status
find e1
ThreadPoolSingl /proc/1642/task/1658/status
find 3e
ThreadPoolSingl /proc/1642/task/1660/status
find 6a
ThreadPoolSingl /proc/1642/task/1662/status
find b5
find bc
ThreadPoolSingl /proc/1642/task/1691/status
find e8
ThreadPoolSingl /proc/1642/task/1698/status
find b8
ThreadPoolSingl /proc/1642/task/1701/status
ThreadPoolSingl /proc/1642/task/1702/status
find ef
ThreadPoolSingl /proc/1642/task/1704/status
find b9
ThreadPoolSingl /proc/1642/task
ThreadPoolSingl /proc/1642/task/1642/status
find 7e
ThreadPoolSingl /proc/1642/task/1648/status
ThreadPoolSingl /proc/1642/task/1650/status
find 6e
ThreadPoolSingl /proc/1642/task/1651/status
ThreadPoolSingl /proc/1642/task/1652/status
ThreadPoolSingl /proc/1642/task/1653/status
find a2
ThreadPoolSingl /proc/1642/task/1658/status
ThreadPoolSingl /proc/1642/task/1660/status
ThreadPoolSingl /proc/1642/task/1662/status
find 71
ThreadPoolSingl /proc/1642/task/1691/status
ThreadPoolForeg /config/.cache/chromium/Default/Code Cache/js/83d7ae231cc71a12_..
find b7
ThreadPoolSingl /proc/1642/task/1698/status
ThreadPoolSingl /proc/1642/task/1701/status
find 8e
ThreadPoolSingl /proc/1642/task/1702/status
ThreadPoolSingl /proc/1642/task/1704/status
find 1a
ThreadPoolSingl /proc/1642/task/1705/status
ThreadPoolSingl /proc/1642/task/1706/status
find 20
ThreadPoolSingl /proc/1642/task
ThreadPoolSingl /proc/1642/task/1642/status
ThreadPoolSingl /proc/1642/task/1648/status
find c9
ThreadPoolSingl /proc/1642/task/1650/status
ThreadPoolSingl /proc/1642/task/1651/status
ThreadPoolSingl /proc/1642/task/1652/status
find 26
ThreadPoolSingl /proc/1642/task/1653/status
ThreadPoolSingl /proc/1642/task/1658/status
find 4a
ThreadPoolSingl /proc/1642/task/1660/status
ThreadPoolSingl /proc/1642/task/1662/status
ThreadPoolSingl /proc/1642/task/1691/status
find bd
ThreadPoolSingl /proc/1642/task/1698/status
ThreadPoolSingl /proc/1642/task/1701/status
ThreadPoolSingl /proc/1642/task/1702/status
find 62
ThreadPoolSingl /proc/1642/task/1704/status
ThreadPoolSingl /proc/1642/task/1705/status
find 21
find 2d
find 56
find 86
find 40
find ed
find 9d
find 05
find 03
find 67
find 7d
find 11
find 13
find b6
find 4e
find ba
find e0
find 4f
find f7
find ksplash
find qmlcache
find qtshadercache-x86_64-little_endian-lp64
find plasmashell
find qmlcache
ThreadPoolForeg /config/.cache/chromium/Default/Code Cache/js/7c7c8cc45c2c043f_..
find chromium
find Default
find Cache
find Cache_Data
find index-dir
find No_Vary_Search
find Code Cache
find wasm
find index-dir
find js
find index-dir
find ..
find /config/.config
find openbox
find vlc
find pulse
find autostart
find kdedefaults
find gtk-3.0
find gtk-4.0
find dconf
find xsettingsd
find kde.org
find xfce4
find xfconf
find xfce-perchannel-xml
find chromium
find Crash Reports
find new
find pending
find completed
find attachments
find BrowserMetrics
find Default
find Sync Data
find LevelDB
find Shared Dictionary
find cache
find index-dir
find ClientCertificates
find Site Characteristics Database
find Local Storage
find leveldb
find discounts_db
find commerce_subscription_db
find chrome_cart_db
find discount_infos_db
find parcel_tracking_db
find Segmentation Platform
find SegmentInfoDB
find SignalDB
find SignalStorageConfigDB
find PersistentOriginTrials
find Extension Rules
find Extension Scripts
find shared_proto_db
find metadata
ThreadPoolForeg /config/.cache/chromium/Default/Code Cache/js/8376db4d6347502e_..
find Extension State
find Sessions
find GPUCache
find DawnWebGPUCache
ThreadPoolForeg /config/.cache/chromium/Default/Code Cache/js/65daf874a6ffd95b_..
find DawnGraphiteCache
find Session Storage
find NativeMessagingHosts
find component_crx_cache
find ShaderCache
ThreadPoolForeg /config/.cache/chromium/Default/Cache/Cache_Data/2abb8de5d1676d..
find segmentation_platform
find Dictionaries
find WidevineCdm
find Subresource Filter
find Unindexed Rules
find OnDeviceHeadSuggestModel
ThreadPoolForeg /usr/share/fonts/truetype/noto/NotoSans-Regular.ttf
find OptimizationHints
ThreadPoolForeg /tmp/.org.chromium.Chromium.Tlolhn
ThreadPoolForeg /tmp/.org.chromium.Chromium.Tlolhn
find TrustTokenKeyCommitments
find PrivacySandboxAttestationsPreloaded
find SSLErrorAssistant
find FileTypePolicies
find OriginTrials
find CertificateRevocation
find MEIPreload
find PKIMetadata
find SafetyTips
find Crowd Deny
find hyphen-data
find ZxcvbnData
find ActorSafetyLists
find AmountExtractionHeuristicRegexes
ThreadPoolForeg /usr/share/fonts/truetype/liberation/LiberationSerif-Regular.tt..
find WasmTtsEngine
find CaptchaProviders
find GrShaderCache
find GraphiteDawnCache
find ..
ThreadPoolForeg /usr/share/fonts/truetype/liberation/LiberationSerif-Regular.tt..
find /config/.local
ThreadPoolForeg /tmp/.org.chromium.Chromium.kRmz4d
ThreadPoolForeg /tmp/.org.chromium.Chromium.kRmz4d
find bin
find share
find kactivitymanagerd
find resources
find test-backup
find working-backup
find baloo
find pki
find nssdb
sleep /etc/ld.so.cache
sleep /lib/x86_64-linux-gnu/libc.so.6
sleep /usr/lib/locale/locale-archive
sleep /usr/share/locale/locale.alias
sleep /usr/share/locale/en_US/LC_MESSAGES/coreutils.mo
sleep /usr/share/locale/en/LC_MESSAGES/coreutils.mo
sleep /usr/share/locale-langpack/en_US/LC_MESSAGES/coreutils.mo
sleep /usr/share/locale-langpack/en/LC_MESSAGES/coreutils.mo
Chrome_IOThread /tmp/.org.chromium.Chromium.SZzmpE
Chrome_IOThread /tmp/.org.chromium.Chromium.SZzmpE
Chrome_IOThread /tmp/.org.chromium.Chromium.yADouj
Chrome_IOThread /tmp/.org.chromium.Chromium.yADouj
Chrome_IOThread /tmp/.org.chromium.Chromium.FzObQv
Chrome_IOThread /tmp/.org.chromium.Chromium.FzObQv
Chrome_IOThread /tmp/.org.chromium.Chromium.DBAmOf
Chrome_IOThread /tmp/.org.chromium.Chromium.DBAmOf
Chrome_IOThread /tmp/.org.chromium.Chromium.PbpzTw
Chrome_IOThread /tmp/.org.chromium.Chromium.AIuN7U
Chrome_IOThread /tmp/.org.chromium.Chromium.AIuN7U
Chrome_ChildIOT /tmp/.org.chromium.Chromium.F0oNAn
chromium /proc/1642/stat
ThreadPoolForeg /config/.cache/chromium/Default/Cache/Cache_Data/4d5e10c2441b2a..
ThreadPoolForeg /config/.cache/chromium/Default/Code Cache/js/443015bfcb552fbd_..
Chrome_IOThread /tmp/.org.chromium.Chromium.zQynQX
ThreadPoolForeg /config/.cache/chromium/Default/Code Cache/js/4d4a7c7979b6c76d_..
Chrome_IOThread /tmp/.org.chromium.Chromium.zQynQX
Chrome_IOThread /tmp/.org.chromium.Chromium.RgGGgQ
Chrome_IOThread /tmp/.org.chromium.Chromium.RgGGgQ
ThreadPoolForeg /config/.cache/chromium/Default/Code Cache/js/d8d8d99967faa84a_..
ThreadPoolForeg /config/.cache/chromium/Default/Code Cache/js/d8d8d99967faa84a_..
ThreadPoolForeg /config/.cache/chromium/Default/Code Cache/js/80255d1b8506eac8_..
ThreadPoolForeg /config/.cache/chromium/Default/Code Cache/js/80255d1b8506eac8_..
ThreadPoolForeg /config/.cache/chromium/Default/Code Cache/js/83d7ae231cc71a12_..
ThreadPoolForeg /config/.cache/chromium/Default/Code Cache/js/7c7c8cc45c2c043f_..
ThreadPoolForeg /config/.cache/chromium/Default/Code Cache/js/83d7ae231cc71a12_..
ThreadPoolForeg /config/.cache/chromium/Default/Code Cache/js/d8d8d99967faa84a_..
ThreadPoolForeg /config/.cache/chromium/Default/Code Cache/js/8376db4d6347502e_..
ThreadPoolForeg /config/.cache/chromium/Default/Code Cache/js/80255d1b8506eac8_..
ThreadPoolForeg /config/.cache/chromium/Default/Code Cache/js/65daf874a6ffd95b_..
ThreadPoolForeg /config/.cache/chromium/Default/Code Cache/js/8376db4d6347502e_..
ThreadPoolForeg /config/.cache/chromium/Default/Code Cache/js/7c7c8cc45c2c043f_..
ThreadPoolForeg /config/.cache/chromium/Default/Code Cache/js/65daf874a6ffd95b_..
ThreadPoolForeg /config/.cache/chromium/Default/Code Cache/js/83d7ae231cc71a12_..
ThreadPoolForeg /config/.cache/chromium/Default/Code Cache/js/8376db4d6347502e_..
ThreadPoolForeg /config/.cache/chromium/Default/Code Cache/js/7c7c8cc45c2c043f_..
ThreadPoolForeg /config/.cache/chromium/Default/Code Cache/js/65daf874a6ffd95b_..
Chrome_IOThread /tmp/.org.chromium.Chromium.PVN7IR
Chrome_IOThread /tmp/.org.chromium.Chromium.PVN7IR
Chrome_IOThread /tmp/.org.chromium.Chromium.B6Ak4P
Chrome_IOThread /tmp/.org.chromium.Chromium.B6Ak4P
Chrome_IOThread /tmp/.org.chromium.Chromium.UKeWtI
Chrome_IOThread /tmp/.org.chromium.Chromium.UKeWtI
Chrome_IOThread /tmp/.org.chromium.Chromium.MQEVlt
Chrome_IOThread /tmp/.org.chromium.Chromium.MQEVlt
chromium /proc/1642/stat
ThreadPoolForeg /config/.cache/chromium/Default/Cache/Cache_Data/f7c5dc7586ed0b..
Chrome_IOThread /tmp/.org.chromium.Chromium.d2RRA8
Chrome_IOThread /tmp/.org.chromium.Chromium.d2RRA8
Chrome_IOThread /tmp/.org.chromium.Chromium.oPbyhm
Chrome_IOThread /tmp/.org.chromium.Chromium.oPbyhm
Chrome_IOThread /tmp/.org.chromium.Chromium.SNu0st
Chrome_IOThread /tmp/.org.chromium.Chromium.SNu0st
Chrome_ChildIOT /tmp/.org.chromium.Chromium.QrLP3h
Chrome_ChildIOT /tmp/.org.chromium.Chromium.IVb9p2
Chrome_ChildIOT /tmp/.org.chromium.Chromium.IVb9p2
ThreadPoolForeg /config/.cache/chromium/Default/Cache/Cache_Data/a57a843ad21df1..
chromium /proc/1642/stat
bash /dev/null
find /etc/ld.so.cache
find /lib/x86_64-linux-gnu/libselinux.so.1
find /lib/x86_64-linux-gnu/libc.so.6
find /lib/x86_64-linux-gnu/libpcre2-8.so.0
find /proc/filesystems
find .
find /usr/lib/locale/locale-archive
find /usr/lib/x86_64-linux-gnu/gconv/gconv-modules.cache
find /config/.cache
find mesa_shader_cache
find db
find 0c
find 5e
find 8a
find 59
find dd
find 3d
find 35
find 8d
find 9a
find 80
find 33
find ea
find e1
chromium /tmp/.org.chromium.Chromium.4KOUOS
selkies /proc/stat
find 3e
selkies /proc/meminfo
find 6a
find b5
find bc
find e8
find b8
find ef
find b9
find 7e
find 6e
find a2
find 71
find b7
find 8e
find 1a
find 20
find c9
find 26
find 4a
find bd
find 62
find 21
find 2d
find 56
find 86
find 40
find ed
find 9d
find 05
find 03
find 67
find 7d
find 11
find 13
find b6
Chrome_ChildIOT /tmp/.org.chromium.Chromium.j4JhxP
find 4e
find ba
find e0
find 4f
find f7
find ksplash
find qmlcache
find qtshadercache-x86_64-little_endian-lp64
find plasmashell
find qmlcache
Chrome_ChildIOT /tmp/.org.chromium.Chromium.FNy6zo
Chrome_ChildIOT /tmp/.org.chromium.Chromium.FNy6zo
find chromium
find Default
find Cache
find Cache_Data
find index-dir
find No_Vary_Search
find Code Cache
find wasm
find index-dir
find js
find index-dir
find ..
find /config/.config
find openbox
find vlc
find pulse
find autostart
find kdedefaults
find gtk-3.0
find gtk-4.0
find dconf
find xsettingsd
find kde.org
chromium /proc/1642/stat
find xfce4
find xfconf
find xfce-perchannel-xml
find chromium
find Crash Reports
find new
find pending
find completed
find attachments
find BrowserMetrics
find Default
find Sync Data
find LevelDB
find Shared Dictionary
find cache
find index-dir
find ClientCertificates
find Site Characteristics Database
find Local Storage
find leveldb
find discounts_db
find commerce_subscription_db
find chrome_cart_db
find discount_infos_db
find parcel_tracking_db
find Segmentation Platform
find SegmentInfoDB
find SignalDB
find SignalStorageConfigDB
ThreadPoolForeg /config/.config/chromium/Default/WebStorage/QuotaManager
find PersistentOriginTrials
find Extension Rules
ThreadPoolForeg /config/.config/chromium/Default/WebStorage/QuotaManager
find Extension Scripts
find shared_proto_db
find metadata
ThreadPoolForeg /config/.config/chromium/Default/WebStorage/QuotaManager-journa..
find Extension State
find Sessions
find GPUCache
find DawnWebGPUCache
find DawnGraphiteCache
find Session Storage
find NativeMessagingHosts
Chrome_ChildIOT /tmp/.org.chromium.Chromium.Q4YJqg
find component_crx_cache
find ShaderCache
find segmentation_platform
find Dictionaries
find WidevineCdm
find Subresource Filter
find Unindexed Rules
find OnDeviceHeadSuggestModel
find OptimizationHints
find TrustTokenKeyCommitments
find PrivacySandboxAttestationsPreloaded
find SSLErrorAssistant
find FileTypePolicies
find OriginTrials
ThreadPoolForeg /config/.config/chromium/Default/WebStorage
find CertificateRevocation
find MEIPreload
find PKIMetadata
find SafetyTips
find Crowd Deny
find hyphen-data
find ZxcvbnData
find ActorSafetyLists
find AmountExtractionHeuristicRegexes
find WasmTtsEngine
find CaptchaProviders
find GrShaderCache
find GraphiteDawnCache
find ..
find /config/.local
find bin
find share
find kactivitymanagerd
find resources
find test-backup
find working-backup
find baloo
find pki
find nssdb
sleep /etc/ld.so.cache
sleep /lib/x86_64-linux-gnu/libc.so.6
ThreadPoolForeg /config/.cache/chromium/Default/Cache/Cache_Data/f713894f2e69c4..
sleep /usr/lib/locale/locale-archive
sleep /usr/share/locale/locale.alias
sleep /usr/share/locale/en_US/LC_MESSAGES/coreutils.mo
sleep /usr/share/locale/en/LC_MESSAGES/coreutils.mo
sleep /usr/share/locale-langpack/en_US/LC_MESSAGES/coreutils.mo
sleep /usr/share/locale-langpack/en/LC_MESSAGES/coreutils.mo
ThreadPoolForeg /config/.config/chromium/Default/Service Worker/CacheStorage
ThreadPoolForeg /config/.config/chromium/Default/WebStorage
ThreadPoolForeg /config/.config/chromium/Default/Service Worker/CacheStorage
ThreadPoolForeg /config/.config/chromium/Default/WebStorage
Chrome_ChildIOT /tmp/.org.chromium.Chromium.cIOTQq
xclip /etc/ld.so.cache
xclip /lib/x86_64-linux-gnu/libXmu.so.6
xclip /lib/x86_64-linux-gnu/libX11.so.6
xclip /lib/x86_64-linux-gnu/libc.so.6
xclip /lib/x86_64-linux-gnu/libXt.so.6
xclip /lib/x86_64-linux-gnu/libXext.so.6
xclip /lib/x86_64-linux-gnu/libxcb.so.1
xclip /lib/x86_64-linux-gnu/libSM.so.6
xclip /lib/x86_64-linux-gnu/libICE.so.6
xclip /lib/x86_64-linux-gnu/libXau.so.6
xclip /lib/x86_64-linux-gnu/libXdmcp.so.6
xclip /lib/x86_64-linux-gnu/libuuid.so.1
xclip /lib/x86_64-linux-gnu/libbsd.so.0
xclip /lib/x86_64-linux-gnu/libmd.so.0
xclip /usr/share/X11/locale/locale.alias
xclip /usr/share/X11/locale/locale.dir
xclip /usr/share/X11/locale/C/XLC_LOCALE
xclip /usr/share/X11/locale/locale.alias
xclip /usr/share/X11/locale/locale.dir
xclip /usr/share/X11/locale/C/XLC_LOCALE
Xvfb /proc/1726/cmdline
bash /dev/null
find /etc/ld.so.cache
find /lib/x86_64-linux-gnu/libselinux.so.1
find /lib/x86_64-linux-gnu/libc.so.6
find /lib/x86_64-linux-gnu/libpcre2-8.so.0
find /proc/filesystems
find .
find /usr/lib/locale/locale-archive
find /usr/lib/x86_64-linux-gnu/gconv/gconv-modules.cache
find /config/.cache
find mesa_shader_cache
find db
find 0c
find 5e
find 8a
find 59
find dd
find 3d
find 35
find 8d
find 9a
find 80
find 33
find ea
find e1
find 3e
find 6a
find b5
find bc
find e8
find b8
find ef
find b9
find 7e
find 6e
find a2
find 71
find b7
find 8e
find 1a
find 20
find c9
find 26
find 4a
find bd
find 62
find 21
find 2d
find 56
find 86
find 40
find ed
find 9d
find 05
find 03
find 67
find 7d
find 11
find 13
find b6
find 4e
find ba
find e0
find 4f
find f7
find ksplash
find qmlcache
find qtshadercache-x86_64-little_endian-lp64
find plasmashell
find qmlcache
find chromium
find Default
find Cache
find Cache_Data
find index-dir
find No_Vary_Search
find Code Cache
find wasm
find index-dir
find js
find index-dir
find ..
find /config/.config
find openbox
find vlc
find pulse
find autostart
find kdedefaults
find gtk-3.0
find gtk-4.0
find dconf
find xsettingsd
find kde.org
find xfce4
find xfconf
find xfce-perchannel-xml
find chromium
find Crash Reports
find new
find pending
find completed
find attachments
find BrowserMetrics
find Default
find Sync Data
find LevelDB
find Shared Dictionary
find cache
find index-dir
find ClientCertificates
find Site Characteristics Database
find Local Storage
find leveldb
find discounts_db
find commerce_subscription_db
find chrome_cart_db
find discount_infos_db
find parcel_tracking_db
find Segmentation Platform
find SegmentInfoDB
find SignalDB
find SignalStorageConfigDB
find PersistentOriginTrials
find Extension Rules
find Extension Scripts
find shared_proto_db
find metadata
find Extension State
find Sessions
find GPUCache
find DawnWebGPUCache
find DawnGraphiteCache
find Session Storage
find WebStorage
find NativeMessagingHosts
find component_crx_cache
find ShaderCache
find segmentation_platform
find Dictionaries
find WidevineCdm
find Subresource Filter
find Unindexed Rules
find OnDeviceHeadSuggestModel
find OptimizationHints
find TrustTokenKeyCommitments
find PrivacySandboxAttestationsPreloaded
find SSLErrorAssistant
find FileTypePolicies
find OriginTrials
find CertificateRevocation
find MEIPreload
find PKIMetadata
find SafetyTips
find Crowd Deny
find hyphen-data
find ZxcvbnData
find ActorSafetyLists
find AmountExtractionHeuristicRegexes
find WasmTtsEngine
find CaptchaProviders
find GrShaderCache
find GraphiteDawnCache
find ..
find /config/.local
find bin
find share
find kactivitymanagerd
find resources
find test-backup
find working-backup
find baloo
find pki
find nssdb
sleep /etc/ld.so.cache
sleep /lib/x86_64-linux-gnu/libc.so.6
sleep /usr/lib/locale/locale-archive
sleep /usr/share/locale/locale.alias
sleep /usr/share/locale/en_US/LC_MESSAGES/coreutils.mo
sleep /usr/share/locale/en/LC_MESSAGES/coreutils.mo
sleep /usr/share/locale-langpack/en_US/LC_MESSAGES/coreutils.mo
sleep /usr/share/locale-langpack/en/LC_MESSAGES/coreutils.mo
bash /dev/null
find /etc/ld.so.cache
find /lib/x86_64-linux-gnu/libselinux.so.1
find /lib/x86_64-linux-gnu/libc.so.6
find /lib/x86_64-linux-gnu/libpcre2-8.so.0
find /proc/filesystems
find .
find /usr/lib/locale/locale-archive
find /usr/lib/x86_64-linux-gnu/gconv/gconv-modules.cache
find /config/.cache
find mesa_shader_cache
find db
find 0c
find 5e
find 8a
find 59
find dd
find 3d
find 35
find 8d
find 9a
find 80
find 33
find ea
find e1
find 3e
find 6a
find b5
find bc
find e8
find b8
find ef
find b9
find 7e
find 6e
find a2
find 71
find b7
find 8e
find 1a
find 20
find c9
find 26
find 4a
find bd
find 62
find 21
find 2d
find 56
find 86
find 40
find ed
find 9d
find 05
find 03
find 67
find 7d
find 11
find 13
find b6
find 4e
find ba
find e0
find 4f
find f7
find ksplash
find qmlcache
find qtshadercache-x86_64-little_endian-lp64
find plasmashell
find qmlcache
find chromium
find Default
find Cache
find Cache_Data
find index-dir
find No_Vary_Search
find Code Cache
find wasm
find index-dir
find js
find index-dir
find ..
find /config/.config
find openbox
find vlc
find pulse
find autostart
find kdedefaults
find gtk-3.0
find gtk-4.0
find dconf
find xsettingsd
find kde.org
find xfce4
find xfconf
find xfce-perchannel-xml
find chromium
find Crash Reports
find new
find pending
find completed
find attachments
find BrowserMetrics
find Default
find Sync Data
find LevelDB
find Shared Dictionary
find cache
find index-dir
find ClientCertificates
find Site Characteristics Database
find Local Storage
find leveldb
find discounts_db
find commerce_subscription_db
find chrome_cart_db
find discount_infos_db
find parcel_tracking_db
find Segmentation Platform
find SegmentInfoDB
find SignalDB
find SignalStorageConfigDB
find PersistentOriginTrials
find Extension Rules
find Extension Scripts
find shared_proto_db
find metadata
find Extension State
find Sessions
find GPUCache
find DawnWebGPUCache
find DawnGraphiteCache
find Session Storage
find WebStorage
find NativeMessagingHosts
find component_crx_cache
find ShaderCache
find segmentation_platform
find Dictionaries
find WidevineCdm
find Subresource Filter
find Unindexed Rules
find OnDeviceHeadSuggestModel
find OptimizationHints
find TrustTokenKeyCommitments
find PrivacySandboxAttestationsPreloaded
find SSLErrorAssistant
find FileTypePolicies
find OriginTrials
find CertificateRevocation
find MEIPreload
find PKIMetadata
find SafetyTips
find Crowd Deny
find hyphen-data
find ZxcvbnData
find ActorSafetyLists
find AmountExtractionHeuristicRegexes
find WasmTtsEngine
find CaptchaProviders
find GrShaderCache
find GraphiteDawnCache
find ..
find /config/.local
find bin
find share
find kactivitymanagerd
find resources
find test-backup
find working-backup
find baloo
find pki
find nssdb
sleep /etc/ld.so.cache
sleep /lib/x86_64-linux-gnu/libc.so.6
sleep /usr/lib/locale/locale-archive
sleep /usr/share/locale/locale.alias
sleep /usr/share/locale/en_US/LC_MESSAGES/coreutils.mo
sleep /usr/share/locale/en/LC_MESSAGES/coreutils.mo
sleep /usr/share/locale-langpack/en_US/LC_MESSAGES/coreutils.mo
sleep /usr/share/locale-langpack/en/LC_MESSAGES/coreutils.mo
bash /dev/null
find /etc/ld.so.cache
find /lib/x86_64-linux-gnu/libselinux.so.1
find /lib/x86_64-linux-gnu/libc.so.6
find /lib/x86_64-linux-gnu/libpcre2-8.so.0
find /proc/filesystems
find .
find /usr/lib/locale/locale-archive
find /usr/lib/x86_64-linux-gnu/gconv/gconv-modules.cache
find /config/.cache
find mesa_shader_cache
find db
find 0c
find 5e
find 8a
find 59
find dd
find 3d
find 35
find 8d
find 9a
find 80
find 33
find ea
find e1
find 3e
find 6a
find b5
find bc
find e8
find b8
find ef
find b9
find 7e
find 6e
find a2
find 71
find b7
find 8e
find 1a
find 20
find c9
find 26
find 4a
find bd
find 62
find 21
find 2d
find 56
find 86
find 40
find ed
find 9d
find 05
find 03
find 67
find 7d
find 11
find 13
find b6
find 4e
find ba
find e0
find 4f
find f7
find ksplash
find qmlcache
find qtshadercache-x86_64-little_endian-lp64
find plasmashell
find qmlcache
find chromium
find Default
find Cache
find Cache_Data
find index-dir
find No_Vary_Search
find Code Cache
find wasm
find index-dir
find js
find index-dir
find ..
find /config/.config
find openbox
find vlc
find pulse
find autostart
find kdedefaults
find gtk-3.0
find gtk-4.0
find dconf
find xsettingsd
find kde.org
find xfce4
find xfconf
find xfce-perchannel-xml
find chromium
find Crash Reports
find new
find pending
find completed
find attachments
find BrowserMetrics
find Default
find Sync Data
find LevelDB
find Shared Dictionary
find cache
find index-dir
find ClientCertificates
find Site Characteristics Database
find Local Storage
find leveldb
find discounts_db
find commerce_subscription_db
find chrome_cart_db
find discount_infos_db
find parcel_tracking_db
find Segmentation Platform
find SegmentInfoDB
find SignalDB
find SignalStorageConfigDB
find PersistentOriginTrials
find Extension Rules
find Extension Scripts
find shared_proto_db
find metadata
find Extension State
find Sessions
find GPUCache
find DawnWebGPUCache
find DawnGraphiteCache
find Session Storage
find WebStorage
find NativeMessagingHosts
find component_crx_cache
find ShaderCache
find segmentation_platform
find Dictionaries
find WidevineCdm
find Subresource Filter
find Unindexed Rules
find OnDeviceHeadSuggestModel
find OptimizationHints
find TrustTokenKeyCommitments
find PrivacySandboxAttestationsPreloaded
find SSLErrorAssistant
find FileTypePolicies
find OriginTrials
find CertificateRevocation
find MEIPreload
find PKIMetadata
find SafetyTips
find Crowd Deny
find hyphen-data
find ZxcvbnData
find ActorSafetyLists
find AmountExtractionHeuristicRegexes
find WasmTtsEngine
find CaptchaProviders
find GrShaderCache
find GraphiteDawnCache
find ..
find /config/.local
find bin
find share
find kactivitymanagerd
find resources
find test-backup
find working-backup
find baloo
find pki
find nssdb
sleep /etc/ld.so.cache
sleep /lib/x86_64-linux-gnu/libc.so.6
sleep /usr/lib/locale/locale-archive
sleep /usr/share/locale/locale.alias
sleep /usr/share/locale/en_US/LC_MESSAGES/coreutils.mo
sleep /usr/share/locale/en/LC_MESSAGES/coreutils.mo
sleep /usr/share/locale-langpack/en_US/LC_MESSAGES/coreutils.mo
sleep /usr/share/locale-langpack/en/LC_MESSAGES/coreutils.mo
chromium /proc/1642/stat
chromium /proc/1642/stat
ThreadPoolForeg /config/.cache/chromium/Default/Cache/Cache_Data/f7c5dc7586ed0b..
ThreadPoolForeg /config/.cache/chromium/Default/Cache/Cache_Data/f7c5dc7586ed0b..
ThreadPoolForeg /config/.cache/chromium/Default/Cache/Cache_Data/f7c5dc7586ed0b..
Chrome_ChildIOT /tmp/.org.chromium.Chromium.H5NZlN
Chrome_ChildIOT /tmp/.org.chromium.Chromium.CzocRl
Chrome_ChildIOT /tmp/.org.chromium.Chromium.CzocRl
chromium /proc/1642/stat
bash /dev/null
find /etc/ld.so.cache
find /lib/x86_64-linux-gnu/libselinux.so.1
find /lib/x86_64-linux-gnu/libc.so.6
find /lib/x86_64-linux-gnu/libpcre2-8.so.0
find /proc/filesystems
find .
find /usr/lib/locale/locale-archive
find /usr/lib/x86_64-linux-gnu/gconv/gconv-modules.cache
find /config/.cache
find mesa_shader_cache
find db
find 0c
find 5e
find 8a
find 59
find dd
find 3d
find 35
find 8d
find 9a
find 80
find 33
find ea
find e1
find 3e
find 6a
find b5
find bc
find e8
find b8
find ef
find b9
find 7e
find 6e
find a2
find 71
find b7
find 8e
find 1a
find 20
find c9
find 26
find 4a
find bd
find 62
find 21
find 2d
find 56
find 86
find 40
find ed
find 9d
find 05
find 03
find 67
find 7d
find 11
find 13
find b6
find 4e
find ba
find e0
find 4f
find f7
find ksplash
find qmlcache
find qtshadercache-x86_64-little_endian-lp64
find plasmashell
find qmlcache
find chromium
find Default
find Cache
find Cache_Data
find index-dir
find No_Vary_Search
find Code Cache
find wasm
find index-dir
find js
find index-dir
find ..
find /config/.config
find openbox
find vlc
find pulse
find autostart
find kdedefaults
find gtk-3.0
find gtk-4.0
find dconf
find xsettingsd
find kde.org
find xfce4
find xfconf
find xfce-perchannel-xml
find chromium
find Crash Reports
find new
find pending
find completed
find attachments
find BrowserMetrics
find Default
find Sync Data
find LevelDB
find Shared Dictionary
find cache
xclip /etc/ld.so.cache
find index-dir
xclip /lib/x86_64-linux-gnu/libXmu.so.6
xclip /lib/x86_64-linux-gnu/libX11.so.6
find ClientCertificates
xclip /lib/x86_64-linux-gnu/libc.so.6
find Site Characteristics Database
xclip /lib/x86_64-linux-gnu/libXt.so.6
xclip /lib/x86_64-linux-gnu/libXext.so.6
find Local Storage
xclip /lib/x86_64-linux-gnu/libxcb.so.1
find leveldb
xclip /lib/x86_64-linux-gnu/libSM.so.6
xclip /lib/x86_64-linux-gnu/libICE.so.6
find discounts_db
xclip /lib/x86_64-linux-gnu/libXau.so.6
xclip /lib/x86_64-linux-gnu/libXdmcp.so.6
find commerce_subscription_db
xclip /lib/x86_64-linux-gnu/libuuid.so.1
find chrome_cart_db
xclip /lib/x86_64-linux-gnu/libbsd.so.0
xclip /lib/x86_64-linux-gnu/libmd.so.0
find discount_infos_db
find parcel_tracking_db
find Segmentation Platform
find SegmentInfoDB
xclip /usr/share/X11/locale/locale.alias
find SignalDB
find SignalStorageConfigDB
xclip /usr/share/X11/locale/locale.dir
find PersistentOriginTrials
xclip /usr/share/X11/locale/C/XLC_LOCALE
xclip /usr/share/X11/locale/locale.alias
find Extension Rules
find Extension Scripts
xclip /usr/share/X11/locale/locale.dir
xclip /usr/share/X11/locale/C/XLC_LOCALE
find shared_proto_db
find metadata
Xvfb /proc/1765/cmdline
find Extension State
find Sessions
find GPUCache
find DawnWebGPUCache
find DawnGraphiteCache
find Session Storage
find WebStorage
find NativeMessagingHosts
find component_crx_cache
find ShaderCache
find segmentation_platform
find Dictionaries
find WidevineCdm
find Subresource Filter
find Unindexed Rules
find OnDeviceHeadSuggestModel
find OptimizationHints
find TrustTokenKeyCommitments
find PrivacySandboxAttestationsPreloaded
find SSLErrorAssistant
find FileTypePolicies
find OriginTrials
find CertificateRevocation
find MEIPreload
find PKIMetadata
find SafetyTips
find Crowd Deny
find hyphen-data
find ZxcvbnData
find ActorSafetyLists
find AmountExtractionHeuristicRegexes
find WasmTtsEngine
find CaptchaProviders
find GrShaderCache
find GraphiteDawnCache
find ..
find /config/.local
find bin
find share
find kactivitymanagerd
find resources
find test-backup
find working-backup
find baloo
find pki
find nssdb
chromium /usr/share/fonts/truetype/noto/NotoSans-Bold.ttf
sleep /etc/ld.so.cache
sleep /lib/x86_64-linux-gnu/libc.so.6
sleep /usr/lib/locale/locale-archive
sleep /usr/share/locale/locale.alias
sleep /usr/share/locale/en_US/LC_MESSAGES/coreutils.mo
chromium /usr/share/fonts/truetype/noto/NotoSans-Italic.ttf
sleep /usr/share/locale/en/LC_MESSAGES/coreutils.mo
sleep /usr/share/locale-langpack/en_US/LC_MESSAGES/coreutils.mo
sleep /usr/share/locale-langpack/en/LC_MESSAGES/coreutils.mo
chromium /tmp/.org.chromium.Chromium.VD0h1M
chromium /tmp/.org.chromium.Chromium.cqNMZI
chromium /tmp/.org.chromium.Chromium.zaYg6w
chromium /tmp/.org.chromium.Chromium.UMnyyp
CompositorTileW /tmp/.org.chromium.Chromium.f124yZ
bash /dev/null
find /etc/ld.so.cache
find /lib/x86_64-linux-gnu/libselinux.so.1
find /lib/x86_64-linux-gnu/libc.so.6
find /lib/x86_64-linux-gnu/libpcre2-8.so.0
find /proc/filesystems
find .
find /usr/lib/locale/locale-archive
find /usr/lib/x86_64-linux-gnu/gconv/gconv-modules.cache
find /config/.cache
find mesa_shader_cache
find db
find 0c
find 5e
find 8a
find 59
find dd
find 3d
find 35
find 8d
find 9a
find 80
find 33
find ea
find e1
find 3e
find 6a
find b5
find bc
find e8
find b8
find ef
find b9
find 7e
find 6e
find a2
find 71
find b7
find 8e
find 1a
find 20
find c9
find 26
find 4a
find bd
find 62
find 21
find 2d
find 56
find 86
find 40
find ed
find 9d
find 05
find 03
find 67
find 7d
find 11
find 13
find b6
find 4e
find ba
find e0
find 4f
find f7
find ksplash
find qmlcache
find qtshadercache-x86_64-little_endian-lp64
find plasmashell
find qmlcache
find chromium
find Default
find Cache
find Cache_Data
find index-dir
find No_Vary_Search
find Code Cache
find wasm
find index-dir
find js
find index-dir
find ..
find /config/.config
find openbox
find vlc
find pulse
find autostart
find kdedefaults
find gtk-3.0
find gtk-4.0
find dconf
find xsettingsd
find kde.org
find xfce4
find xfconf
find xfce-perchannel-xml
find chromium
find Crash Reports
find new
find pending
find completed
find attachments
find BrowserMetrics
find Default
find Sync Data
find LevelDB
find Shared Dictionary
find cache
find index-dir
find ClientCertificates
find Site Characteristics Database
find Local Storage
find leveldb
find discounts_db
find commerce_subscription_db
find chrome_cart_db
find discount_infos_db
find parcel_tracking_db
find Segmentation Platform
find SegmentInfoDB
find SignalDB
find SignalStorageConfigDB
find PersistentOriginTrials
find Extension Rules
find Extension Scripts
find shared_proto_db
find metadata
find Extension State
find Sessions
find GPUCache
find DawnWebGPUCache
find DawnGraphiteCache
find Session Storage
find WebStorage
find NativeMessagingHosts
find component_crx_cache
find ShaderCache
find segmentation_platform
find Dictionaries
find WidevineCdm
find Subresource Filter
find Unindexed Rules
find OnDeviceHeadSuggestModel
find OptimizationHints
find TrustTokenKeyCommitments
find PrivacySandboxAttestationsPreloaded
find SSLErrorAssistant
find FileTypePolicies
find OriginTrials
find CertificateRevocation
find MEIPreload
find PKIMetadata
find SafetyTips
find Crowd Deny
find hyphen-data
find ZxcvbnData
find ActorSafetyLists
find AmountExtractionHeuristicRegexes
find WasmTtsEngine
find CaptchaProviders
find GrShaderCache
find GraphiteDawnCache
find ..
find /config/.local
find bin
find share
find kactivitymanagerd
find resources
find test-backup
find working-backup
find baloo
find pki
find nssdb
sleep /etc/ld.so.cache
sleep /lib/x86_64-linux-gnu/libc.so.6
sleep /usr/lib/locale/locale-archive
sleep /usr/share/locale/locale.alias
sleep /usr/share/locale/en_US/LC_MESSAGES/coreutils.mo
sleep /usr/share/locale/en/LC_MESSAGES/coreutils.mo
sleep /usr/share/locale-langpack/en_US/LC_MESSAGES/coreutils.mo
sleep /usr/share/locale-langpack/en/LC_MESSAGES/coreutils.mo
bash /dev/null
find /etc/ld.so.cache
find /lib/x86_64-linux-gnu/libselinux.so.1
find /lib/x86_64-linux-gnu/libc.so.6
find /lib/x86_64-linux-gnu/libpcre2-8.so.0
find /proc/filesystems
find .
find /usr/lib/locale/locale-archive
find /usr/lib/x86_64-linux-gnu/gconv/gconv-modules.cache
find /config/.cache
find mesa_shader_cache
find db
find 0c
find 5e
find 8a
find 59
find dd
find 3d
find 35
find 8d
find 9a
find 80
find 33
find ea
find e1
find 3e
find 6a
find b5
find bc
find e8
find b8
find ef
find b9
find 7e
find 6e
find a2
find 71
find b7
find 8e
find 1a
find 20
find c9
find 26
find 4a
find bd
find 62
find 21
find 2d
find 56
find 86
find 40
find ed
find 9d
find 05
find 03
find 67
find 7d
find 11
find 13
find b6
find 4e
find ba
find e0
find 4f
find f7
find ksplash
find qmlcache
find qtshadercache-x86_64-little_endian-lp64
find plasmashell
find qmlcache
find chromium
find Default
find Cache
find Cache_Data
find index-dir
find No_Vary_Search
find Code Cache
find wasm
find index-dir
find js
find index-dir
find ..
find /config/.config
find openbox
find vlc
find pulse
find autostart
find kdedefaults
find gtk-3.0
find gtk-4.0
find dconf
find xsettingsd
find kde.org
find xfce4
find xfconf
find xfce-perchannel-xml
find chromium
find Crash Reports
find new
find pending
find completed
find attachments
find BrowserMetrics
find Default
find Sync Data
find LevelDB
find Shared Dictionary
find cache
find index-dir
find ClientCertificates
find Site Characteristics Database
find Local Storage
find leveldb
find discounts_db
find commerce_subscription_db
find chrome_cart_db
find discount_infos_db
find parcel_tracking_db
find Segmentation Platform
find SegmentInfoDB
find SignalDB
find SignalStorageConfigDB
find PersistentOriginTrials
find Extension Rules
find Extension Scripts
find shared_proto_db
find metadata
find Extension State
find Sessions
find GPUCache
find DawnWebGPUCache
find DawnGraphiteCache
find Session Storage
find WebStorage
find NativeMessagingHosts
find component_crx_cache
find ShaderCache
find segmentation_platform
find Dictionaries
find WidevineCdm
find Subresource Filter
find Unindexed Rules
find OnDeviceHeadSuggestModel
find OptimizationHints
find TrustTokenKeyCommitments
find PrivacySandboxAttestationsPreloaded
find SSLErrorAssistant
find FileTypePolicies
find OriginTrials
find CertificateRevocation
find MEIPreload
find PKIMetadata
find SafetyTips
find Crowd Deny
find hyphen-data
find ZxcvbnData
find ActorSafetyLists
find AmountExtractionHeuristicRegexes
find WasmTtsEngine
find CaptchaProviders
find GrShaderCache
find GraphiteDawnCache
find ..
find /config/.local
find bin
find share
find kactivitymanagerd
find resources
find test-backup
find working-backup
find baloo
find pki
find nssdb
sleep /etc/ld.so.cache
sleep /lib/x86_64-linux-gnu/libc.so.6
sleep /usr/lib/locale/locale-archive
sleep /usr/share/locale/locale.alias
sleep /usr/share/locale/en_US/LC_MESSAGES/coreutils.mo
sleep /usr/share/locale/en/LC_MESSAGES/coreutils.mo
sleep /usr/share/locale-langpack/en_US/LC_MESSAGES/coreutils.mo
sleep /usr/share/locale-langpack/en/LC_MESSAGES/coreutils.mo
selkies /proc/stat
selkies /proc/meminfo
bash /dev/null
xfconfd /config/.config/xfce4/xfconf/xfce-perchannel-xml//xsettings.xml..
find /etc/ld.so.cache
find /lib/x86_64-linux-gnu/libselinux.so.1
find /lib/x86_64-linux-gnu/libc.so.6
find /lib/x86_64-linux-gnu/libpcre2-8.so.0
find /proc/filesystems
find .
find /usr/lib/locale/locale-archive
find /usr/lib/x86_64-linux-gnu/gconv/gconv-modules.cache
find /config/.cache
find mesa_shader_cache
find db
find 0c
find 5e
find 8a
find 59
find dd
find 3d
find 35
find 8d
find 9a
find 80
find 33
find ea
find e1
find 3e
find 6a
find b5
find bc
find e8
find b8
find ef
find b9
find 7e
find 6e
find a2
find 71
find b7
find 8e
find 1a
find 20
find c9
find 26
find 4a
find bd
find 62
find 21
find 2d
find 56
find 86
find 40
find ed
find 9d
find 05
find 03
find 67
find 7d
find 11
find 13
find b6
find 4e
find ba
find e0
find 4f
find f7
find ksplash
find qmlcache
find qtshadercache-x86_64-little_endian-lp64
find plasmashell
find qmlcache
find chromium
find Default
find Cache
find Cache_Data
find index-dir
find No_Vary_Search
find Code Cache
find wasm
find index-dir
find js
find index-dir
find ..
find /config/.config
find openbox
find vlc
find pulse
find autostart
find kdedefaults
find gtk-3.0
find gtk-4.0
find dconf
find xsettingsd
find kde.org
find xfce4
find xfconf
find xfce-perchannel-xml
find chromium
find Crash Reports
find new
find pending
find completed
find attachments
find BrowserMetrics
find Default
find Sync Data
find LevelDB
find Shared Dictionary
find cache
find index-dir
find ClientCertificates
find Site Characteristics Database
find Local Storage
find leveldb
find discounts_db
find commerce_subscription_db
find chrome_cart_db
find discount_infos_db
find parcel_tracking_db
find Segmentation Platform
find SegmentInfoDB
find SignalDB
find SignalStorageConfigDB
find PersistentOriginTrials
find Extension Rules
find Extension Scripts
find shared_proto_db
find metadata
find Extension State
find Sessions
find GPUCache
find DawnWebGPUCache
find DawnGraphiteCache
find Session Storage
find WebStorage
find NativeMessagingHosts
find component_crx_cache
find ShaderCache
find segmentation_platform
find Dictionaries
find WidevineCdm
find Subresource Filter
find Unindexed Rules
find OnDeviceHeadSuggestModel
find OptimizationHints
find TrustTokenKeyCommitments
find PrivacySandboxAttestationsPreloaded
find SSLErrorAssistant
find FileTypePolicies
find OriginTrials
find CertificateRevocation
find MEIPreload
find PKIMetadata
find SafetyTips
find Crowd Deny
find hyphen-data
find ZxcvbnData
find ActorSafetyLists
find AmountExtractionHeuristicRegexes
find WasmTtsEngine
find CaptchaProviders
find GrShaderCache
find GraphiteDawnCache
find ..
find /config/.local
find bin
find share
find kactivitymanagerd
find resources
find test-backup
find working-backup
find baloo
find pki
find nssdb
sleep /etc/ld.so.cache
sleep /lib/x86_64-linux-gnu/libc.so.6
chromium /proc/1642/stat
sleep /usr/lib/locale/locale-archive
sleep /usr/share/locale/locale.alias
sleep /usr/share/locale/en_US/LC_MESSAGES/coreutils.mo
sleep /usr/share/locale/en/LC_MESSAGES/coreutils.mo
sleep /usr/share/locale-langpack/en_US/LC_MESSAGES/coreutils.mo
sleep /usr/share/locale-langpack/en/LC_MESSAGES/coreutils.mo
chromium /proc/1642/stat
ThreadPoolForeg /config/.cache/chromium/Default/Cache/Cache_Data/f7c5dc7586ed0b..
ThreadPoolForeg /config/.cache/chromium/Default/Cache/Cache_Data/f7c5dc7586ed0b..
ThreadPoolForeg /config/.cache/chromium/Default/Cache/Cache_Data/f7c5dc7586ed0b..
Chrome_ChildIOT /tmp/.org.chromium.Chromium.usxFgW
Chrome_ChildIOT /tmp/.org.chromium.Chromium.f7amsL
Chrome_ChildIOT /tmp/.org.chromium.Chromium.f7amsL
chromium /proc/1642/stat
xclip /etc/ld.so.cache
xclip /lib/x86_64-linux-gnu/libXmu.so.6
xclip /lib/x86_64-linux-gnu/libX11.so.6
xclip /lib/x86_64-linux-gnu/libc.so.6
xclip /lib/x86_64-linux-gnu/libXt.so.6
xclip /lib/x86_64-linux-gnu/libXext.so.6
xclip /lib/x86_64-linux-gnu/libxcb.so.1
xclip /lib/x86_64-linux-gnu/libSM.so.6
xclip /lib/x86_64-linux-gnu/libICE.so.6
xclip /lib/x86_64-linux-gnu/libXau.so.6
xclip /lib/x86_64-linux-gnu/libXdmcp.so.6
xclip /lib/x86_64-linux-gnu/libuuid.so.1
xclip /lib/x86_64-linux-gnu/libbsd.so.0
xclip /lib/x86_64-linux-gnu/libmd.so.0
xclip /usr/share/X11/locale/locale.alias
xclip /usr/share/X11/locale/locale.dir
xclip /usr/share/X11/locale/C/XLC_LOCALE
xclip /usr/share/X11/locale/locale.alias
xclip /usr/share/X11/locale/locale.dir
xclip /usr/share/X11/locale/C/XLC_LOCALE
Xvfb /proc/1804/cmdline
bash /dev/null
find /etc/ld.so.cache
find /lib/x86_64-linux-gnu/libselinux.so.1
find /lib/x86_64-linux-gnu/libc.so.6
find /lib/x86_64-linux-gnu/libpcre2-8.so.0
find /proc/filesystems
find .
find /usr/lib/locale/locale-archive
find /usr/lib/x86_64-linux-gnu/gconv/gconv-modules.cache
find /config/.cache
find mesa_shader_cache
find db
find 0c
find 5e
find 8a
find 59
find dd
find 3d
find 35
find 8d
find 9a
find 80
find 33
find ea
find e1
find 3e
find 6a
find b5
find bc
find e8
find b8
find ef
find b9
find 7e
find 6e
find a2
find 71
find b7
find 8e
find 1a
find 20
find c9
find 26
find 4a
find bd
find 62
find 21
find 2d
find 56
find 86
find 40
find ed
find 9d
find 05
find 03
find 67
find 7d
find 11
find 13
find b6
find 4e
find ba
find e0
find 4f
find f7
find ksplash
find qmlcache
find qtshadercache-x86_64-little_endian-lp64
find plasmashell
find qmlcache
find chromium
find Default
find Cache
find Cache_Data
find index-dir
find No_Vary_Search
find Code Cache
find wasm
find index-dir
find js
find index-dir
find ..
find /config/.config
find openbox
find vlc
find pulse
find autostart
find kdedefaults
find gtk-3.0
find gtk-4.0
find dconf
find xsettingsd
find kde.org
find xfce4
find xfconf
find xfce-perchannel-xml
find chromium
find Crash Reports
find new
find pending
find completed
find attachments
find BrowserMetrics
find Default
find Sync Data
find LevelDB
find Shared Dictionary
find cache
find index-dir
find ClientCertificates
find Site Characteristics Database
find Local Storage
find leveldb
find discounts_db
find commerce_subscription_db
find chrome_cart_db
find discount_infos_db
find parcel_tracking_db
find Segmentation Platform
find SegmentInfoDB
find SignalDB
find SignalStorageConfigDB
find PersistentOriginTrials
find Extension Rules
find Extension Scripts
find shared_proto_db
find metadata
find Extension State
find Sessions
find GPUCache
find DawnWebGPUCache
find DawnGraphiteCache
find Session Storage
find WebStorage
find NativeMessagingHosts
find component_crx_cache
find ShaderCache
find segmentation_platform
find Dictionaries
find WidevineCdm
find Subresource Filter
find Unindexed Rules
find OnDeviceHeadSuggestModel
find OptimizationHints
find TrustTokenKeyCommitments
find PrivacySandboxAttestationsPreloaded
find SSLErrorAssistant
find FileTypePolicies
find OriginTrials
find CertificateRevocation
find MEIPreload
find PKIMetadata
find SafetyTips
find Crowd Deny
find hyphen-data
find ZxcvbnData
find ActorSafetyLists
find AmountExtractionHeuristicRegexes
find WasmTtsEngine
find CaptchaProviders
find GrShaderCache
find GraphiteDawnCache
find ..
find /config/.local
find bin
find share
find kactivitymanagerd
find resources
find test-backup
find working-backup
find baloo
find pki
find nssdb
sleep /etc/ld.so.cache
sleep /lib/x86_64-linux-gnu/libc.so.6
sleep /usr/lib/locale/locale-archive
sleep /usr/share/locale/locale.alias
sleep /usr/share/locale/en_US/LC_MESSAGES/coreutils.mo
sleep /usr/share/locale/en/LC_MESSAGES/coreutils.mo
sleep /usr/share/locale-langpack/en_US/LC_MESSAGES/coreutils.mo
sleep /usr/share/locale-langpack/en/LC_MESSAGES/coreutils.mo
bash /dev/null
find /etc/ld.so.cache
find /lib/x86_64-linux-gnu/libselinux.so.1
find /lib/x86_64-linux-gnu/libc.so.6
find /lib/x86_64-linux-gnu/libpcre2-8.so.0
find /proc/filesystems
find .
find /usr/lib/locale/locale-archive
find /usr/lib/x86_64-linux-gnu/gconv/gconv-modules.cache
find /config/.cache
find mesa_shader_cache
find db
find 0c
find 5e
find 8a
find 59
find dd
find 3d
find 35
find 8d
find 9a
find 80
find 33
find ea
find e1
find 3e
find 6a
find b5
find bc
find e8
find b8
find ef
find b9
find 7e
find 6e
find a2
find 71
find b7
find 8e
find 1a
find 20
find c9
find 26
find 4a
find bd
find 62
find 21
find 2d
find 56
find 86
find 40
find ed
find 9d
find 05
find 03
find 67
find 7d
find 11
find 13
find b6
find 4e
find ba
find e0
find 4f
find f7
find ksplash
find qmlcache
find qtshadercache-x86_64-little_endian-lp64
find plasmashell
find qmlcache
find chromium
find Default
find Cache
find Cache_Data
find index-dir
find No_Vary_Search
find Code Cache
find wasm
find index-dir
find js
find index-dir
find ..
find /config/.config
find openbox
find vlc
find pulse
find autostart
find kdedefaults
find gtk-3.0
find gtk-4.0
find dconf
find xsettingsd
find kde.org
find xfce4
find xfconf
find xfce-perchannel-xml
find chromium
find Crash Reports
find new
find pending
find completed
find attachments
find BrowserMetrics
find Default
find Sync Data
find LevelDB
find Shared Dictionary
find cache
find index-dir
find ClientCertificates
find Site Characteristics Database
find Local Storage
find leveldb
find discounts_db
find commerce_subscription_db
find chrome_cart_db
find discount_infos_db
find parcel_tracking_db
find Segmentation Platform
find SegmentInfoDB
find SignalDB
find SignalStorageConfigDB
find PersistentOriginTrials
find Extension Rules
find Extension Scripts
find shared_proto_db
find metadata
find Extension State
find Sessions
find GPUCache
find DawnWebGPUCache
find DawnGraphiteCache
find Session Storage
find WebStorage
find NativeMessagingHosts
find component_crx_cache
find ShaderCache
find segmentation_platform
find Dictionaries
find WidevineCdm
find Subresource Filter
find Unindexed Rules
find OnDeviceHeadSuggestModel
find OptimizationHints
find TrustTokenKeyCommitments
find PrivacySandboxAttestationsPreloaded
find SSLErrorAssistant
find FileTypePolicies
find OriginTrials
find CertificateRevocation
find MEIPreload
find PKIMetadata
find SafetyTips
find Crowd Deny
find hyphen-data
find ZxcvbnData
find ActorSafetyLists
find AmountExtractionHeuristicRegexes
find WasmTtsEngine
find CaptchaProviders
find GrShaderCache
find GraphiteDawnCache
find ..
find /config/.local
find bin
find share
find kactivitymanagerd
find resources
find test-backup
find working-backup
find baloo
find pki
find nssdb
sleep /etc/ld.so.cache
sleep /lib/x86_64-linux-gnu/libc.so.6
sleep /usr/lib/locale/locale-archive
sleep /usr/share/locale/locale.alias
sleep /usr/share/locale/en_US/LC_MESSAGES/coreutils.mo
sleep /usr/share/locale/en/LC_MESSAGES/coreutils.mo
sleep /usr/share/locale-langpack/en_US/LC_MESSAGES/coreutils.mo
sleep /usr/share/locale-langpack/en/LC_MESSAGES/coreutils.mo
ThreadPoolForeg /config/.config/chromium/Default/Sessions
ThreadPoolForeg /config/.config/chromium/Default/Sessions
ThreadPoolForeg /config/.config/chromium/Default/Sessions/Session_1342295855141..
chromium /tmp/.org.chromium.Chromium.n51pp0
chromium /tmp/.org.chromium.Chromium.q8MZN5
chromium /tmp/.org.chromium.Chromium.zopiHp
chromium /tmp/.org.chromium.Chromium.NGlAvU
bash /dev/null
find /etc/ld.so.cache
find /lib/x86_64-linux-gnu/libselinux.so.1
find /lib/x86_64-linux-gnu/libc.so.6
find /lib/x86_64-linux-gnu/libpcre2-8.so.0
find /proc/filesystems
find .
find /usr/lib/locale/locale-archive
find /usr/lib/x86_64-linux-gnu/gconv/gconv-modules.cache
find /config/.cache
find mesa_shader_cache
find db
find 0c
find 5e
find 8a
find 59
find dd
find 3d
find 35
find 8d
find 9a
find 80
find 33
find ea
find e1
find 3e
find 6a
find b5
find bc
find e8
find b8
find ef
find b9
find 7e
find 6e
find a2
find 71
find b7
find 8e
find 1a
find 20
find c9
find 26
find 4a
find bd
find 62
find 21
find 2d
find 56
find 86
find 40
find ed
find 9d
find 05
find 03
find 67
find 7d
find 11
find 13
find b6
find 4e
find ba
find e0
find 4f
find f7
find ksplash
find qmlcache
find qtshadercache-x86_64-little_endian-lp64
find plasmashell
find qmlcache
find chromium
find Default
find Cache
find Cache_Data
find index-dir
find No_Vary_Search
find Code Cache
find wasm
find index-dir
find js
find index-dir
find ..
find /config/.config
find openbox
find vlc
find pulse
find autostart
find kdedefaults
find gtk-3.0
find gtk-4.0
find dconf
find xsettingsd
find kde.org
find xfce4
find xfconf
find xfce-perchannel-xml
find chromium
find Crash Reports
find new
find pending
find completed
find attachments
find BrowserMetrics
find Default
find Sync Data
find LevelDB
find Shared Dictionary
find cache
find index-dir
find ClientCertificates
find Site Characteristics Database
find Local Storage
find leveldb
find discounts_db
find commerce_subscription_db
find chrome_cart_db
find discount_infos_db
find parcel_tracking_db
find Segmentation Platform
find SegmentInfoDB
find SignalDB
find SignalStorageConfigDB
find PersistentOriginTrials
find Extension Rules
find Extension Scripts
find shared_proto_db
find metadata
find Extension State
find Sessions
find GPUCache
find DawnWebGPUCache
find DawnGraphiteCache
find Session Storage
find WebStorage
find NativeMessagingHosts
find component_crx_cache
find ShaderCache
find segmentation_platform
find Dictionaries
find WidevineCdm
find Subresource Filter
find Unindexed Rules
find OnDeviceHeadSuggestModel
find OptimizationHints
find TrustTokenKeyCommitments
find PrivacySandboxAttestationsPreloaded
find SSLErrorAssistant
find FileTypePolicies
find OriginTrials
find CertificateRevocation
find MEIPreload
find PKIMetadata
find SafetyTips
find Crowd Deny
find hyphen-data
find ZxcvbnData
find ActorSafetyLists
find AmountExtractionHeuristicRegexes
find WasmTtsEngine
find CaptchaProviders
find GrShaderCache
find GraphiteDawnCache
find ..
find /config/.local
find bin
find share
find kactivitymanagerd
find resources
find test-backup
find working-backup
find baloo
find pki
find nssdb
sleep /etc/ld.so.cache
sleep /lib/x86_64-linux-gnu/libc.so.6
sleep /usr/lib/locale/locale-archive
sleep /usr/share/locale/locale.alias
sleep /usr/share/locale/en_US/LC_MESSAGES/coreutils.mo
sleep /usr/share/locale/en/LC_MESSAGES/coreutils.mo
sleep /usr/share/locale-langpack/en_US/LC_MESSAGES/coreutils.mo
sleep /usr/share/locale-langpack/en/LC_MESSAGES/coreutils.mo
chromium /proc/1642/stat
chromium /proc/1642/stat
ThreadPoolForeg /config/.cache/chromium/Default/Cache/Cache_Data/f7c5dc7586ed0b..
ThreadPoolForeg /config/.cache/chromium/Default/Cache/Cache_Data/f7c5dc7586ed0b..
ThreadPoolForeg /config/.cache/chromium/Default/Cache/Cache_Data/f7c5dc7586ed0b..
Chrome_ChildIOT /tmp/.org.chromium.Chromium.Aork0v
Chrome_ChildIOT /tmp/.org.chromium.Chromium.vEEPEr
Chrome_ChildIOT /tmp/.org.chromium.Chromium.vEEPEr
bash /dev/null
find /etc/ld.so.cache
find /lib/x86_64-linux-gnu/libselinux.so.1
find /lib/x86_64-linux-gnu/libc.so.6
find /lib/x86_64-linux-gnu/libpcre2-8.so.0
find /proc/filesystems
find .
find /usr/lib/locale/locale-archive
find /usr/lib/x86_64-linux-gnu/gconv/gconv-modules.cache
find /config/.cache
find mesa_shader_cache
find db
find 0c
find 5e
find 8a
find 59
find dd
find 3d
find 35
find 8d
find 9a
find 80
find 33
find ea
find e1
find 3e
find 6a
find b5
find bc
find e8
find b8
find ef
find b9
chromium /proc/1642/stat
find 7e
find 6e
find a2
find 71
find b7
find 8e
find 1a
find 20
find c9
find 26
find 4a
find bd
find 62
find 21
find 2d
find 56
find 86
find 40
find ed
find 9d
find 05
find 03
find 67
find 7d
find 11
find 13
find b6
find 4e
find ba
find e0
find 4f
find f7
find ksplash
find qmlcache
find qtshadercache-x86_64-little_endian-lp64
find plasmashell
find qmlcache
find chromium
find Default
find Cache
find Cache_Data
find index-dir
find No_Vary_Search
find Code Cache
find wasm
find index-dir
find js
find index-dir
find ..
find /config/.config
find openbox
find vlc
find pulse
find autostart
find kdedefaults
find gtk-3.0
find gtk-4.0
find dconf
find xsettingsd
find kde.org
find xfce4
find xfconf
find xfce-perchannel-xml
find chromium
find Crash Reports
find new
find pending
find completed
find attachments
find BrowserMetrics
find Default
find Sync Data
find LevelDB
find Shared Dictionary
find cache
find index-dir
find ClientCertificates
find Site Characteristics Database
find Local Storage
find leveldb
find discounts_db
find commerce_subscription_db
find chrome_cart_db
find discount_infos_db
find parcel_tracking_db
find Segmentation Platform
find SegmentInfoDB
find SignalDB
find SignalStorageConfigDB
find PersistentOriginTrials
find Extension Rules
find Extension Scripts
find shared_proto_db
find metadata
find Extension State
find Sessions
find GPUCache
find DawnWebGPUCache
find DawnGraphiteCache
find Session Storage
find WebStorage
find NativeMessagingHosts
find component_crx_cache
find ShaderCache
find segmentation_platform
find Dictionaries
find WidevineCdm
find Subresource Filter
find Unindexed Rules
find OnDeviceHeadSuggestModel
find OptimizationHints
find TrustTokenKeyCommitments
find PrivacySandboxAttestationsPreloaded
find SSLErrorAssistant
find FileTypePolicies
find OriginTrials
find CertificateRevocation
find MEIPreload
find PKIMetadata
find SafetyTips
find Crowd Deny
find hyphen-data
find ZxcvbnData
find ActorSafetyLists
find AmountExtractionHeuristicRegexes
find WasmTtsEngine
find CaptchaProviders
find GrShaderCache
find GraphiteDawnCache
find ..
find /config/.local
find bin
find share
find kactivitymanagerd
xclip /etc/ld.so.cache
xclip /lib/x86_64-linux-gnu/libXmu.so.6
find resources
xclip /lib/x86_64-linux-gnu/libX11.so.6
find test-backup
xclip /lib/x86_64-linux-gnu/libc.so.6
find working-backup
xclip /lib/x86_64-linux-gnu/libXt.so.6
xclip /lib/x86_64-linux-gnu/libXext.so.6
find baloo
xclip /lib/x86_64-linux-gnu/libxcb.so.1
find pki
xclip /lib/x86_64-linux-gnu/libSM.so.6
find nssdb
xclip /lib/x86_64-linux-gnu/libICE.so.6
xclip /lib/x86_64-linux-gnu/libXau.so.6
xclip /lib/x86_64-linux-gnu/libXdmcp.so.6
xclip /lib/x86_64-linux-gnu/libuuid.so.1
xclip /lib/x86_64-linux-gnu/libbsd.so.0
xclip /lib/x86_64-linux-gnu/libmd.so.0
sleep /etc/ld.so.cache
sleep /lib/x86_64-linux-gnu/libc.so.6
xclip /usr/share/X11/locale/locale.alias
xclip /usr/share/X11/locale/locale.dir
sleep /usr/lib/locale/locale-archive
sleep /usr/share/locale/locale.alias
xclip /usr/share/X11/locale/C/XLC_LOCALE
sleep /usr/share/locale/en_US/LC_MESSAGES/coreutils.mo
sleep /usr/share/locale/en/LC_MESSAGES/coreutils.mo
sleep /usr/share/locale-langpack/en_US/LC_MESSAGES/coreutils.mo
sleep /usr/share/locale-langpack/en/LC_MESSAGES/coreutils.mo
xclip /usr/share/X11/locale/locale.alias
xclip /usr/share/X11/locale/locale.dir
xclip /usr/share/X11/locale/C/XLC_LOCALE
Xvfb /proc/1822/cmdline
bash /dev/null
find /etc/ld.so.cache
find /lib/x86_64-linux-gnu/libselinux.so.1
find /lib/x86_64-linux-gnu/libc.so.6
find /lib/x86_64-linux-gnu/libpcre2-8.so.0
find /proc/filesystems
find .
find /usr/lib/locale/locale-archive
find /usr/lib/x86_64-linux-gnu/gconv/gconv-modules.cache
find /config/.cache
find mesa_shader_cache
find db
find 0c
find 5e
find 8a
find 59
find dd
find 3d
find 35
find 8d
find 9a
find 80
find 33
find ea
find e1
find 3e
find 6a
find b5
find bc
find e8
find b8
find ef
find b9
find 7e
find 6e
find a2
find 71
find b7
find 8e
find 1a
find 20
find c9
find 26
find 4a
find bd
find 62
find 21
find 2d
find 56
find 86
find 40
find ed
find 9d
find 05
find 03
find 67
find 7d
find 11
find 13
find b6
find 4e
find ba
find e0
find 4f
find f7
find ksplash
find qmlcache
find qtshadercache-x86_64-little_endian-lp64
find plasmashell
find qmlcache
find chromium
find Default
find Cache
find Cache_Data
find index-dir
find No_Vary_Search
find Code Cache
find wasm
find index-dir
find js
find index-dir
find ..
find /config/.config
find openbox
find vlc
find pulse
find autostart
find kdedefaults
find gtk-3.0
find gtk-4.0
find dconf
find xsettingsd
find kde.org
find xfce4
find xfconf
find xfce-perchannel-xml
find chromium
find Crash Reports
find new
find pending
find completed
find attachments
find BrowserMetrics
find Default
find Sync Data
find LevelDB
find Shared Dictionary
find cache
find index-dir
find ClientCertificates
find Site Characteristics Database
find Local Storage
find leveldb
find discounts_db
find commerce_subscription_db
find chrome_cart_db
find discount_infos_db
find parcel_tracking_db
find Segmentation Platform
find SegmentInfoDB
find SignalDB
find SignalStorageConfigDB
find PersistentOriginTrials
find Extension Rules
find Extension Scripts
find shared_proto_db
find metadata
find Extension State
find Sessions
find GPUCache
find DawnWebGPUCache
find DawnGraphiteCache
find Session Storage
find WebStorage
find NativeMessagingHosts
find component_crx_cache
find ShaderCache
find segmentation_platform
find Dictionaries
find WidevineCdm
find Subresource Filter
find Unindexed Rules
find OnDeviceHeadSuggestModel
find OptimizationHints
find TrustTokenKeyCommitments
find PrivacySandboxAttestationsPreloaded
find SSLErrorAssistant
find FileTypePolicies
find OriginTrials
find CertificateRevocation
find MEIPreload
find PKIMetadata
find SafetyTips
find Crowd Deny
find hyphen-data
find ZxcvbnData
find ActorSafetyLists
find AmountExtractionHeuristicRegexes
find WasmTtsEngine
find CaptchaProviders
find GrShaderCache
find GraphiteDawnCache
find ..
find /config/.local
find bin
find share
find kactivitymanagerd
find resources
find test-backup
find working-backup
find baloo
find pki
find nssdb
sleep /etc/ld.so.cache
sleep /lib/x86_64-linux-gnu/libc.so.6
sleep /usr/lib/locale/locale-archive
sleep /usr/share/locale/locale.alias
sleep /usr/share/locale/en_US/LC_MESSAGES/coreutils.mo
sleep /usr/share/locale/en/LC_MESSAGES/coreutils.mo
sleep /usr/share/locale-langpack/en_US/LC_MESSAGES/coreutils.mo
sleep /usr/share/locale-langpack/en/LC_MESSAGES/coreutils.mo
bash /dev/null
find /etc/ld.so.cache
find /lib/x86_64-linux-gnu/libselinux.so.1
find /lib/x86_64-linux-gnu/libc.so.6
find /lib/x86_64-linux-gnu/libpcre2-8.so.0
find /proc/filesystems
find .
find /usr/lib/locale/locale-archive
find /usr/lib/x86_64-linux-gnu/gconv/gconv-modules.cache
find /config/.cache
find mesa_shader_cache
find db
find 0c
find 5e
find 8a
find 59
find dd
find 3d
find 35
find 8d
find 9a
find 80
find 33
find ea
find e1
find 3e
find 6a
find b5
find bc
find e8
find b8
find ef
find b9
find 7e
find 6e
find a2
find 71
find b7
find 8e
find 1a
find 20
find c9
find 26
find 4a
find bd
find 62
find 21
find 2d
find 56
find 86
find 40
find ed
find 9d
find 05
find 03
find 67
find 7d
find 11
find 13
find b6
find 4e
find ba
find e0
find 4f
find f7
find ksplash
find qmlcache
find qtshadercache-x86_64-little_endian-lp64
find plasmashell
find qmlcache
find chromium
find Default
find Cache
find Cache_Data
find index-dir
find No_Vary_Search
find Code Cache
find wasm
find index-dir
find js
find index-dir
find ..
find /config/.config
find openbox
find vlc
find pulse
find autostart
find kdedefaults
find gtk-3.0
find gtk-4.0
find dconf
find xsettingsd
find kde.org
find xfce4
find xfconf
find xfce-perchannel-xml
find chromium
find Crash Reports
find new
find pending
find completed
find attachments
find BrowserMetrics
find Default
find Sync Data
find LevelDB
find Shared Dictionary
find cache
find index-dir
find ClientCertificates
find Site Characteristics Database
find Local Storage
find leveldb
find discounts_db
find commerce_subscription_db
find chrome_cart_db
find discount_infos_db
find parcel_tracking_db
find Segmentation Platform
find SegmentInfoDB
find SignalDB
find SignalStorageConfigDB
find PersistentOriginTrials
find Extension Rules
find Extension Scripts
find shared_proto_db
find metadata
find Extension State
find Sessions
find GPUCache
find DawnWebGPUCache
find DawnGraphiteCache
find Session Storage
find WebStorage
find NativeMessagingHosts
find component_crx_cache
find ShaderCache
find segmentation_platform
find Dictionaries
find WidevineCdm
find Subresource Filter
find Unindexed Rules
find OnDeviceHeadSuggestModel
find OptimizationHints
find TrustTokenKeyCommitments
find PrivacySandboxAttestationsPreloaded
find SSLErrorAssistant
find FileTypePolicies
find OriginTrials
find CertificateRevocation
find MEIPreload
find PKIMetadata
find SafetyTips
find Crowd Deny
find hyphen-data
find ZxcvbnData
find ActorSafetyLists
find AmountExtractionHeuristicRegexes
find WasmTtsEngine
find CaptchaProviders
find GrShaderCache
find GraphiteDawnCache
find ..
find /config/.local
find bin
find share
find kactivitymanagerd
find resources
find test-backup
find working-backup
find baloo
find pki
find nssdb
sleep /etc/ld.so.cache
sleep /lib/x86_64-linux-gnu/libc.so.6
sleep /usr/lib/locale/locale-archive
sleep /usr/share/locale/locale.alias
sleep /usr/share/locale/en_US/LC_MESSAGES/coreutils.mo
sleep /usr/share/locale/en/LC_MESSAGES/coreutils.mo
sleep /usr/share/locale-langpack/en_US/LC_MESSAGES/coreutils.mo
sleep /usr/share/locale-langpack/en/LC_MESSAGES/coreutils.mo
selkies /proc/stat
selkies /proc/meminfo
bash /dev/null
find /etc/ld.so.cache
find /lib/x86_64-linux-gnu/libselinux.so.1
find /lib/x86_64-linux-gnu/libc.so.6
find /lib/x86_64-linux-gnu/libpcre2-8.so.0
find /proc/filesystems
find .
find /usr/lib/locale/locale-archive
find /usr/lib/x86_64-linux-gnu/gconv/gconv-modules.cache
find /config/.cache
find mesa_shader_cache
find db
find 0c
find 5e
find 8a
find 59
find dd
find 3d
find 35
find 8d
find 9a
find 80
find 33
find ea
find e1
find 3e
find 6a
find b5
find bc
find e8
find b8
find ef
find b9
find 7e
find 6e
find a2
find 71
find b7
find 8e
find 1a
find 20
find c9
find 26
find 4a
find bd
find 62
find 21
find 2d
find 56
find 86
find 40
find ed
find 9d
find 05
find 03
find 67
find 7d
find 11
find 13
find b6
find 4e
find ba
find e0
find 4f
find f7
find ksplash
find qmlcache
find qtshadercache-x86_64-little_endian-lp64
find plasmashell
find qmlcache
find chromium
find Default
find Cache
find Cache_Data
find index-dir
find No_Vary_Search
find Code Cache
find wasm
find index-dir
find js
find index-dir
find ..
find /config/.config
find openbox
find vlc
find pulse
find autostart
find kdedefaults
find gtk-3.0
find gtk-4.0
find dconf
find xsettingsd
find kde.org
find xfce4
find xfconf
find xfce-perchannel-xml
find chromium
find Crash Reports
find new
find pending
find completed
find attachments
find BrowserMetrics
find Default
find Sync Data
find LevelDB
find Shared Dictionary
find cache
find index-dir
find ClientCertificates
find Site Characteristics Database
find Local Storage
find leveldb
find discounts_db
find commerce_subscription_db
find chrome_cart_db
find discount_infos_db
find parcel_tracking_db
find Segmentation Platform
find SegmentInfoDB
find SignalDB
find SignalStorageConfigDB
find PersistentOriginTrials
find Extension Rules
find Extension Scripts
find shared_proto_db
find metadata
find Extension State
find Sessions
find GPUCache
find DawnWebGPUCache
find DawnGraphiteCache
find Session Storage
find WebStorage
find NativeMessagingHosts
find component_crx_cache
find ShaderCache
find segmentation_platform
find Dictionaries
find WidevineCdm
find Subresource Filter
find Unindexed Rules
find OnDeviceHeadSuggestModel
find OptimizationHints
find TrustTokenKeyCommitments
find PrivacySandboxAttestationsPreloaded
find SSLErrorAssistant
find FileTypePolicies
find OriginTrials
find CertificateRevocation
find MEIPreload
find PKIMetadata
find SafetyTips
find Crowd Deny
find hyphen-data
find ZxcvbnData
find ActorSafetyLists
find AmountExtractionHeuristicRegexes
find WasmTtsEngine
find CaptchaProviders
find GrShaderCache
find GraphiteDawnCache
find ..
find /config/.local
find bin
find share
find kactivitymanagerd
find resources
find test-backup
find working-backup
find baloo
find pki
find nssdb
sleep /etc/ld.so.cache
sleep /lib/x86_64-linux-gnu/libc.so.6
sleep /usr/lib/locale/locale-archive
sleep /usr/share/locale/locale.alias
sleep /usr/share/locale/en_US/LC_MESSAGES/coreutils.mo
sleep /usr/share/locale/en/LC_MESSAGES/coreutils.mo
sleep /usr/share/locale-langpack/en_US/LC_MESSAGES/coreutils.mo
sleep /usr/share/locale-langpack/en/LC_MESSAGES/coreutils.mo
chromium /proc/1642/stat
chromium /proc/1642/stat
ThreadPoolForeg /config/.cache/chromium/Default/Cache/Cache_Data/f7c5dc7586ed0b..
ThreadPoolForeg /config/.cache/chromium/Default/Cache/Cache_Data/f7c5dc7586ed0b..
ThreadPoolForeg /config/.cache/chromium/Default/Cache/Cache_Data/f7c5dc7586ed0b..
Chrome_ChildIOT /tmp/.org.chromium.Chromium.b0Mh98
Chrome_ChildIOT /tmp/.org.chromium.Chromium.JSMG4f
Chrome_ChildIOT /tmp/.org.chromium.Chromium.JSMG4f
chromium /proc/1642/stat
xclip /etc/ld.so.cache
xclip /lib/x86_64-linux-gnu/libXmu.so.6
xclip /lib/x86_64-linux-gnu/libX11.so.6
xclip /lib/x86_64-linux-gnu/libc.so.6
xclip /lib/x86_64-linux-gnu/libXt.so.6
xclip /lib/x86_64-linux-gnu/libXext.so.6
xclip /lib/x86_64-linux-gnu/libxcb.so.1
xclip /lib/x86_64-linux-gnu/libSM.so.6
xclip /lib/x86_64-linux-gnu/libICE.so.6
xclip /lib/x86_64-linux-gnu/libXau.so.6
xclip /lib/x86_64-linux-gnu/libXdmcp.so.6
xclip /lib/x86_64-linux-gnu/libuuid.so.1
xclip /lib/x86_64-linux-gnu/libbsd.so.0
xclip /lib/x86_64-linux-gnu/libmd.so.0
xclip /usr/share/X11/locale/locale.alias
xclip /usr/share/X11/locale/locale.dir
xclip /usr/share/X11/locale/C/XLC_LOCALE
xclip /usr/share/X11/locale/locale.alias
xclip /usr/share/X11/locale/locale.dir
xclip /usr/share/X11/locale/C/XLC_LOCALE
Xvfb /proc/1836/cmdline
bash /dev/null
find /etc/ld.so.cache
find /lib/x86_64-linux-gnu/libselinux.so.1
find /lib/x86_64-linux-gnu/libc.so.6
find /lib/x86_64-linux-gnu/libpcre2-8.so.0
find /proc/filesystems
find .
find /usr/lib/locale/locale-archive
find /usr/lib/x86_64-linux-gnu/gconv/gconv-modules.cache
find /config/.cache
find mesa_shader_cache
find db
find 0c
find 5e
find 8a
find 59
find dd
find 3d
find 35
find 8d
find 9a
find 80
find 33
find ea
find e1
find 3e
find 6a
find b5
find bc
find e8
find b8
find ef
find b9
find 7e
find 6e
find a2
find 71
find b7
find 8e
find 1a
find 20
find c9
find 26
find 4a
find bd
find 62
find 21
find 2d
find 56
find 86
find 40
find ed
find 9d
find 05
find 03
find 67
find 7d
find 11
find 13
find b6
find 4e
find ba
find e0
find 4f
find f7
find ksplash
find qmlcache
find qtshadercache-x86_64-little_endian-lp64
find plasmashell
find qmlcache
find chromium
find Default
find Cache
find Cache_Data
find index-dir
find No_Vary_Search
find Code Cache
find wasm
find index-dir
find js
find index-dir
find ..
find /config/.config
find openbox
find vlc
find pulse
find autostart
find kdedefaults
find gtk-3.0
find gtk-4.0
find dconf
find xsettingsd
find kde.org
find xfce4
find xfconf
find xfce-perchannel-xml
find chromium
find Crash Reports
find new
find pending
find completed
find attachments
find BrowserMetrics
find Default
find Sync Data
find LevelDB
find Shared Dictionary
find cache
find index-dir
find ClientCertificates
find Site Characteristics Database
find Local Storage
find leveldb
find discounts_db
find commerce_subscription_db
find chrome_cart_db
find discount_infos_db
find parcel_tracking_db
find Segmentation Platform
find SegmentInfoDB
find SignalDB
find SignalStorageConfigDB
find PersistentOriginTrials
find Extension Rules
find Extension Scripts
find shared_proto_db
find metadata
find Extension State
find Sessions
find GPUCache
find DawnWebGPUCache
find DawnGraphiteCache
find Session Storage
find WebStorage
find NativeMessagingHosts
find component_crx_cache
find ShaderCache
find segmentation_platform
find Dictionaries
find WidevineCdm
find Subresource Filter
find Unindexed Rules
find OnDeviceHeadSuggestModel
find OptimizationHints
find TrustTokenKeyCommitments
find PrivacySandboxAttestationsPreloaded
find SSLErrorAssistant
find FileTypePolicies
find OriginTrials
find CertificateRevocation
find MEIPreload
find PKIMetadata
find SafetyTips
find Crowd Deny
find hyphen-data
find ZxcvbnData
find ActorSafetyLists
find AmountExtractionHeuristicRegexes
find WasmTtsEngine
find CaptchaProviders
find GrShaderCache
find GraphiteDawnCache
find ..
find /config/.local
find bin
find share
find kactivitymanagerd
find resources
find test-backup
find working-backup
find baloo
find pki
find nssdb
sleep /etc/ld.so.cache
sleep /lib/x86_64-linux-gnu/libc.so.6
sleep /usr/lib/locale/locale-archive
sleep /usr/share/locale/locale.alias
sleep /usr/share/locale/en_US/LC_MESSAGES/coreutils.mo
sleep /usr/share/locale/en/LC_MESSAGES/coreutils.mo
sleep /usr/share/locale-langpack/en_US/LC_MESSAGES/coreutils.mo
sleep /usr/share/locale-langpack/en/LC_MESSAGES/coreutils.mo
bash /dev/null
find /etc/ld.so.cache
find /lib/x86_64-linux-gnu/libselinux.so.1
find /lib/x86_64-linux-gnu/libc.so.6
find /lib/x86_64-linux-gnu/libpcre2-8.so.0
find /proc/filesystems
find .
find /usr/lib/locale/locale-archive
find /usr/lib/x86_64-linux-gnu/gconv/gconv-modules.cache
find /config/.cache
find mesa_shader_cache
find db
find 0c
find 5e
find 8a
find 59
find dd
find 3d
find 35
find 8d
find 9a
find 80
find 33
find ea
find e1
find 3e
find 6a
find b5
find bc
find e8
find b8
find ef
find b9
find 7e
find 6e
find a2
find 71
find b7
find 8e
find 1a
find 20
find c9
find 26
find 4a
find bd
find 62
find 21
find 2d
find 56
find 86
find 40
find ed
find 9d
find 05
find 03
find 67
find 7d
find 11
find 13
find b6
find 4e
find ba
find e0
find 4f
find f7
find ksplash
find qmlcache
find qtshadercache-x86_64-little_endian-lp64
find plasmashell
find qmlcache
find chromium
find Default
find Cache
find Cache_Data
find index-dir
find No_Vary_Search
find Code Cache
find wasm
find index-dir
find js
find index-dir
find ..
find /config/.config
find openbox
find vlc
find pulse
find autostart
find kdedefaults
find gtk-3.0
find gtk-4.0
find dconf
find xsettingsd
find kde.org
find xfce4
find xfconf
find xfce-perchannel-xml
find chromium
find Crash Reports
find new
find pending
find completed
find attachments
find BrowserMetrics
find Default
find Sync Data
find LevelDB
find Shared Dictionary
find cache
find index-dir
find ClientCertificates
find Site Characteristics Database
find Local Storage
find leveldb
find discounts_db
find commerce_subscription_db
find chrome_cart_db
find discount_infos_db
find parcel_tracking_db
find Segmentation Platform
find SegmentInfoDB
find SignalDB
find SignalStorageConfigDB
find PersistentOriginTrials
find Extension Rules
find Extension Scripts
find shared_proto_db
find metadata
find Extension State
find Sessions
find GPUCache
find DawnWebGPUCache
find DawnGraphiteCache
find Session Storage
find WebStorage
find NativeMessagingHosts
find component_crx_cache
find ShaderCache
find segmentation_platform
find Dictionaries
find WidevineCdm
find Subresource Filter
find Unindexed Rules
find OnDeviceHeadSuggestModel
find OptimizationHints
find TrustTokenKeyCommitments
find PrivacySandboxAttestationsPreloaded
find SSLErrorAssistant
find FileTypePolicies
find OriginTrials
find CertificateRevocation
find MEIPreload
find PKIMetadata
find SafetyTips
find Crowd Deny
find hyphen-data
find ZxcvbnData
find ActorSafetyLists
find AmountExtractionHeuristicRegexes
find WasmTtsEngine
find CaptchaProviders
find GrShaderCache
find GraphiteDawnCache
find ..
find /config/.local
find bin
find share
find kactivitymanagerd
find resources
find test-backup
find working-backup
find baloo
find pki
find nssdb
sleep /etc/ld.so.cache
sleep /lib/x86_64-linux-gnu/libc.so.6
sleep /usr/lib/locale/locale-archive
sleep /usr/share/locale/locale.alias
sleep /usr/share/locale/en_US/LC_MESSAGES/coreutils.mo
sleep /usr/share/locale/en/LC_MESSAGES/coreutils.mo
sleep /usr/share/locale-langpack/en_US/LC_MESSAGES/coreutils.mo
sleep /usr/share/locale-langpack/en/LC_MESSAGES/coreutils.mo
chromium /proc/self/stat
chromium /proc/stat
ThreadPoolForeg /config/.config/chromium/BrowserMetrics
ThreadPoolSingl /config/.config/chromium/Default/Feedback Reports
ThreadPoolForeg /proc/stat
MemoryInfra /proc/1417/status
MemoryInfra /proc/1417/status
ThreadPoolForeg /proc/stat
ThreadPoolForeg /config/.config/chromium/optimization_guide_model_store
ThreadPoolForeg /config/.config/chromium/optimization_guide_model_store
MemoryInfra /proc/1417/clear_refs
ThreadPoolForeg /config/.config/chromium/Default/PreferredApps
ThreadPoolForeg /config/.config/chromium/Default/DownloadMetadata
MemoryInfra /proc/1515/status
ThreadPoolForeg /config/.config/chromium/Default/Translate Ranker Model
MemoryInfra /proc/1515/status
ThreadPoolForeg /config/.config/chromium/Default/heavy_ad_intervention_opt_out...
ThreadPoolForeg /config/.config/chromium/FirstPartySetsPreloaded
MemoryInfra /proc/1515/clear_refs
ThreadPoolForeg /config/.config/chromium/FirstPartySetsPreloaded
MemoryInfra /proc/1517/status
MemoryInfra /proc/1517/status
ThreadPoolForeg /config/.config/chromium/Default/heavy_ad_intervention_opt_out...
MemoryInfra /proc/1517/clear_refs
ThreadPoolForeg /config/.config/chromium/Default/Bookmarks
MemoryInfra /proc/1532/status
ThreadPoolForeg /config/.config/chromium/Default/Shortcuts
MemoryInfra /proc/1532/status
MemoryInfra /proc/1532/clear_refs
MemoryInfra /proc/1641/status
MemoryInfra /proc/1641/status
ThreadPoolForeg /config/.config/chromium/extensions_crx_cache/metadata.json
ThreadPoolForeg /config/.config/chromium/extensions_crx_cache
ThreadPoolForeg /config/.config/chromium/Default/Shortcuts-journal
MemoryInfra /proc/1641/clear_refs
MemoryInfra /proc/1642/status
MemoryInfra /proc/1642/status
MemoryInfra /proc/1642/clear_refs
ThreadPoolForeg /proc/self/mountinfo
ThreadPoolForeg /config/.config/chromium/Default
ThreadPoolForeg /sys/bus
ThreadPoolForeg /sys/bus/usb/devices/
ThreadPoolForeg /
ThreadPoolForeg /
ThreadPoolForeg /
ThreadPoolForeg sys
ThreadPoolForeg bus
ThreadPoolForeg usb
ThreadPoolForeg devices
ThreadPoolForeg 1-8:1.5
ThreadPoolForeg ..
ThreadPoolForeg ..
ThreadPoolForeg ..
ThreadPoolForeg /config/.config/chromium/Default
ThreadPoolForeg devices
ThreadPoolForeg pci0000:00
ThreadPoolForeg 0000:00:14.0
ThreadPoolForeg usb1
ThreadPoolForeg 1-8
ThreadPoolForeg 1-8:1.5
ThreadPoolForeg /proc/self/fd/163
ThreadPoolForeg /
ThreadPoolForeg /
ThreadPoolForeg /
ThreadPoolForeg sys
ThreadPoolForeg devices
ThreadPoolForeg pci0000:00
ThreadPoolForeg 0000:00:14.0
ThreadPoolForeg usb1
ThreadPoolForeg 1-8
ThreadPoolForeg /proc/self/fd/154
ThreadPoolForeg /
ThreadPoolForeg /
ThreadPoolForeg /
ThreadPoolForeg sys
ThreadPoolForeg devices
ThreadPoolForeg pci0000:00
ThreadPoolForeg 0000:00:14.0
ThreadPoolForeg usb1
ThreadPoolForeg /proc/self/fd/163
ThreadPoolForeg /
ThreadPoolForeg /
ThreadPoolForeg /
ThreadPoolForeg sys
ThreadPoolForeg devices
ThreadPoolForeg pci0000:00
ThreadPoolForeg 0000:00:14.0
ThreadPoolForeg /proc/self/fd/154
ThreadPoolForeg /
ThreadPoolForeg /
ThreadPoolForeg /
ThreadPoolForeg sys
ThreadPoolForeg devices
ThreadPoolForeg pci0000:00
ThreadPoolForeg /proc/self/fd/144
ThreadPoolForeg /
ThreadPoolForeg /
ThreadPoolForeg /
ThreadPoolForeg sys
ThreadPoolForeg devices
ThreadPoolForeg /
ThreadPoolForeg /
ThreadPoolForeg /
ThreadPoolForeg sys
ThreadPoolForeg bus
ThreadPoolForeg usb
ThreadPoolForeg devices
ThreadPoolForeg 1-14
ThreadPoolForeg ..
ThreadPoolForeg ..
ThreadPoolForeg ..
ThreadPoolForeg devices
ThreadPoolForeg pci0000:00
ThreadPoolForeg 0000:00:14.0
ThreadPoolForeg usb1
ThreadPoolForeg 1-14
ThreadPoolForeg /proc/self/fd/149
ThreadPoolForeg /
ThreadPoolForeg /
ThreadPoolForeg /
ThreadPoolForeg sys
ThreadPoolForeg devices
ThreadPoolForeg pci0000:00
ThreadPoolForeg 0000:00:14.0
ThreadPoolForeg usb1
ThreadPoolForeg /proc/self/fd/160
ThreadPoolForeg /
ThreadPoolForeg /
ThreadPoolForeg /
ThreadPoolForeg sys
ThreadPoolForeg bus
ThreadPoolForeg usb
ThreadPoolForeg devices
ThreadPoolForeg 1-8:1.3
ThreadPoolForeg ..
ThreadPoolForeg ..
ThreadPoolForeg ..
ThreadPoolForeg devices
ThreadPoolForeg pci0000:00
ThreadPoolForeg 0000:00:14.0
ThreadPoolForeg usb1
ThreadPoolForeg 1-8
ThreadPoolForeg 1-8:1.3
ThreadPoolForeg /proc/self/fd/160
ThreadPoolForeg /
ThreadPoolForeg /
ThreadPoolForeg /
ThreadPoolForeg sys
ThreadPoolForeg devices
ThreadPoolForeg pci0000:00
ThreadPoolForeg 0000:00:14.0
ThreadPoolForeg usb1
ThreadPoolForeg 1-8
ThreadPoolForeg /proc/self/fd/149
ThreadPoolForeg /
ThreadPoolForeg /
ThreadPoolForeg /
ThreadPoolForeg sys
ThreadPoolForeg bus
ThreadPoolForeg usb
ThreadPoolForeg devices
ThreadPoolForeg 1-7
ThreadPoolForeg ..
ThreadPoolForeg ..
ThreadPoolForeg ..
ThreadPoolForeg devices
ThreadPoolForeg pci0000:00
ThreadPoolForeg 0000:00:14.0
ThreadPoolForeg usb1
ThreadPoolForeg 1-7
ThreadPoolForeg /proc/self/fd/149
ThreadPoolForeg /
ThreadPoolForeg /
ThreadPoolForeg /
ThreadPoolForeg sys
ThreadPoolForeg devices
ThreadPoolForeg pci0000:00
ThreadPoolForeg 0000:00:14.0
ThreadPoolForeg usb1
ThreadPoolForeg /proc/self/fd/160
ThreadPoolForeg /
ThreadPoolForeg /
ThreadPoolForeg /
ThreadPoolForeg sys
ThreadPoolForeg bus
ThreadPoolForeg usb
ThreadPoolForeg devices
ThreadPoolForeg usb1
ThreadPoolForeg ..
ThreadPoolForeg ..
ThreadPoolForeg ..
ThreadPoolForeg devices
ThreadPoolForeg pci0000:00
ThreadPoolForeg 0000:00:14.0
ThreadPoolForeg usb1
ThreadPoolForeg /proc/self/fd/160
ThreadPoolForeg /
ThreadPoolForeg /
ThreadPoolForeg /
ThreadPoolForeg sys
ThreadPoolForeg devices
ThreadPoolForeg pci0000:00
ThreadPoolForeg 0000:00:14.0
ThreadPoolForeg /proc/self/fd/149
ThreadPoolForeg /
ThreadPoolForeg /
ThreadPoolForeg /
ThreadPoolForeg sys
ThreadPoolForeg devices
ThreadPoolForeg pci0000:00
ThreadPoolForeg /proc/self/fd/160
ThreadPoolForeg /
ThreadPoolForeg /
ThreadPoolForeg /
ThreadPoolForeg sys
ThreadPoolForeg devices
ThreadPoolForeg /
ThreadPoolForeg /
ThreadPoolForeg /
ThreadPoolForeg sys
ThreadPoolForeg bus
ThreadPoolForeg usb
ThreadPoolForeg devices
ThreadPoolForeg 1-8:1.1
ThreadPoolForeg ..
ThreadPoolForeg ..
ThreadPoolForeg ..
ThreadPoolForeg devices
ThreadPoolForeg pci0000:00
ThreadPoolForeg 0000:00:14.0
ThreadPoolForeg usb1
ThreadPoolForeg 1-8
ThreadPoolForeg 1-8:1.1
ThreadPoolForeg /proc/self/fd/160
ThreadPoolForeg /
ThreadPoolForeg /
ThreadPoolForeg /
ThreadPoolForeg sys
ThreadPoolForeg devices
ThreadPoolForeg pci0000:00
ThreadPoolForeg 0000:00:14.0
ThreadPoolForeg usb1
ThreadPoolForeg 1-8
ThreadPoolForeg /proc/self/fd/149
ThreadPoolForeg /
ThreadPoolForeg /
ThreadPoolForeg /
ThreadPoolForeg sys
ThreadPoolForeg bus
ThreadPoolForeg usb
ThreadPoolForeg devices
ThreadPoolForeg 1-14:1.0
ThreadPoolForeg ..
ThreadPoolForeg ..
ThreadPoolForeg ..
ThreadPoolForeg devices
ThreadPoolForeg pci0000:00
ThreadPoolForeg 0000:00:14.0
ThreadPoolForeg usb1
ThreadPoolForeg 1-14
ThreadPoolForeg /config/.config/chromium/Default/Network Action Predictor
ThreadPoolForeg 1-14:1.0
ThreadPoolForeg /proc/self/fd/163
ThreadPoolForeg /config/.config/chromium/Default/Network Action Predictor
ThreadPoolForeg /
ThreadPoolForeg /
ThreadPoolForeg /
ThreadPoolForeg sys
ThreadPoolForeg devices
ThreadPoolForeg pci0000:00
ThreadPoolForeg 0000:00:14.0
ThreadPoolForeg usb1
ThreadPoolForeg 1-14
ThreadPoolForeg /config/.config/chromium/Default/Network Action Predictor-journ..
ThreadPoolForeg /proc/self/fd/154
ThreadPoolForeg /
ThreadPoolForeg /
ThreadPoolForeg /
ThreadPoolForeg sys
ThreadPoolForeg bus
ThreadPoolForeg usb
ThreadPoolForeg devices
ThreadPoolForeg 1-7:1.2
ThreadPoolForeg ..
ThreadPoolForeg ..
ThreadPoolForeg ..
ThreadPoolForeg devices
ThreadPoolForeg pci0000:00
ThreadPoolForeg 0000:00:14.0
ThreadPoolForeg usb1
ThreadPoolForeg 1-7
ThreadPoolForeg 1-7:1.2
ThreadPoolForeg /proc/self/fd/163
ThreadPoolForeg /
ThreadPoolForeg /
ThreadPoolForeg /
ThreadPoolForeg sys
ThreadPoolForeg devices
ThreadPoolForeg pci0000:00
ThreadPoolForeg 0000:00:14.0
ThreadPoolForeg usb1
ThreadPoolForeg 1-7
ThreadPoolForeg /proc/self/fd/154
ThreadPoolForeg /
ThreadPoolForeg /
ThreadPoolForeg /
ThreadPoolForeg sys
ThreadPoolForeg bus
ThreadPoolForeg usb
ThreadPoolForeg devices
ThreadPoolForeg 1-7:1.0
ThreadPoolForeg ..
ThreadPoolForeg ..
ThreadPoolForeg ..
ThreadPoolForeg devices
ThreadPoolForeg pci0000:00
ThreadPoolForeg 0000:00:14.0
ThreadPoolForeg usb1
ThreadPoolForeg 1-7
ThreadPoolForeg 1-7:1.0
ThreadPoolForeg /proc/self/fd/163
ThreadPoolForeg /
ThreadPoolForeg /
ThreadPoolForeg /
ThreadPoolForeg sys
ThreadPoolForeg devices
ThreadPoolForeg pci0000:00
ThreadPoolForeg 0000:00:14.0
ThreadPoolForeg usb1
ThreadPoolForeg 1-7
ThreadPoolForeg /proc/self/fd/154
ThreadPoolForeg /
ThreadPoolForeg /
ThreadPoolForeg /
ThreadPoolForeg sys
ThreadPoolForeg bus
ThreadPoolForeg usb
ThreadPoolForeg devices
ThreadPoolForeg 1-8:1.4
ThreadPoolForeg ..
ThreadPoolForeg ..
ThreadPoolForeg ..
ThreadPoolForeg devices
ThreadPoolForeg pci0000:00
ThreadPoolForeg 0000:00:14.0
ThreadPoolForeg usb1
ThreadPoolForeg 1-8
ThreadPoolForeg 1-8:1.4
ThreadPoolForeg /proc/self/fd/163
ThreadPoolForeg /
ThreadPoolForeg /
ThreadPoolForeg /
ThreadPoolForeg sys
ThreadPoolForeg devices
ThreadPoolForeg pci0000:00
ThreadPoolForeg 0000:00:14.0
ThreadPoolForeg usb1
ThreadPoolForeg 1-8
ThreadPoolForeg /proc/self/fd/154
ThreadPoolForeg /
ThreadPoolForeg /
ThreadPoolForeg /
ThreadPoolForeg sys
ThreadPoolForeg bus
ThreadPoolForeg usb
ThreadPoolForeg devices
ThreadPoolForeg 1-8
ThreadPoolForeg ..
ThreadPoolForeg ..
ThreadPoolForeg ..
ThreadPoolForeg devices
ThreadPoolForeg /config/.config/chromium/Default
ThreadPoolForeg pci0000:00
ThreadPoolForeg 0000:00:14.0
ThreadPoolForeg usb1
ThreadPoolForeg 1-8
ThreadPoolForeg /proc/self/fd/154
ThreadPoolForeg /
ThreadPoolForeg /
ThreadPoolForeg /
ThreadPoolForeg sys
ThreadPoolForeg devices
ThreadPoolForeg pci0000:00
ThreadPoolForeg 0000:00:14.0
ThreadPoolForeg usb1
ThreadPoolForeg /proc/self/fd/163
ThreadPoolForeg /
ThreadPoolForeg /
ThreadPoolForeg /
ThreadPoolForeg sys
ThreadPoolForeg bus
ThreadPoolForeg usb
ThreadPoolForeg devices
ThreadPoolForeg usb2
ThreadPoolForeg ..
ThreadPoolForeg ..
ThreadPoolForeg ..
ThreadPoolForeg devices
ThreadPoolForeg pci0000:00
ThreadPoolForeg 0000:00:14.0
ThreadPoolForeg usb2
ThreadPoolForeg /proc/self/fd/163
ThreadPoolForeg /
ThreadPoolForeg /
ThreadPoolForeg /
ThreadPoolForeg sys
ThreadPoolForeg devices
ThreadPoolForeg pci0000:00
ThreadPoolForeg 0000:00:14.0
ThreadPoolForeg /proc/self/fd/154
ThreadPoolForeg /
ThreadPoolForeg /
ThreadPoolForeg /
ThreadPoolForeg sys
ThreadPoolForeg devices
ThreadPoolForeg pci0000:00
ThreadPoolForeg /proc/self/fd/163
ThreadPoolForeg /
ThreadPoolForeg /
ThreadPoolForeg /
ThreadPoolForeg sys
ThreadPoolForeg devices
ThreadPoolForeg /
ThreadPoolForeg /
ThreadPoolForeg /
ThreadPoolForeg sys
ThreadPoolForeg bus
ThreadPoolForeg usb
ThreadPoolForeg devices
ThreadPoolForeg 1-8:1.2
ThreadPoolForeg ..
ThreadPoolForeg ..
ThreadPoolForeg ..
ThreadPoolForeg devices
ThreadPoolForeg pci0000:00
ThreadPoolForeg 0000:00:14.0
ThreadPoolForeg usb1
ThreadPoolForeg 1-8
ThreadPoolForeg 1-8:1.2
ThreadPoolForeg /proc/self/fd/163
ThreadPoolForeg /
ThreadPoolForeg /
ThreadPoolForeg /
ThreadPoolForeg sys
ThreadPoolForeg devices
ThreadPoolForeg pci0000:00
ThreadPoolForeg 0000:00:14.0
ThreadPoolForeg usb1
ThreadPoolForeg 1-8
ThreadPoolForeg /proc/self/fd/154
ThreadPoolForeg /
ThreadPoolForeg /
ThreadPoolForeg /
ThreadPoolForeg sys
ThreadPoolForeg bus
ThreadPoolForeg usb
ThreadPoolForeg devices
ThreadPoolForeg 1-0:1.0
ThreadPoolForeg ..
ThreadPoolForeg ..
ThreadPoolForeg ..
ThreadPoolForeg devices
ThreadPoolForeg pci0000:00
ThreadPoolForeg 0000:00:14.0
ThreadPoolForeg usb1
ThreadPoolForeg 1-0:1.0
ThreadPoolForeg /proc/self/fd/154
ThreadPoolForeg /
ThreadPoolForeg /
ThreadPoolForeg /
ThreadPoolForeg sys
ThreadPoolForeg devices
ThreadPoolForeg pci0000:00
ThreadPoolForeg 0000:00:14.0
ThreadPoolForeg usb1
ThreadPoolForeg /proc/self/fd/163
ThreadPoolForeg /
ThreadPoolForeg /
ThreadPoolForeg /
ThreadPoolForeg sys
ThreadPoolForeg bus
ThreadPoolForeg usb
ThreadPoolForeg devices
ThreadPoolForeg 1-14:1.1
ThreadPoolForeg ..
ThreadPoolForeg ..
ThreadPoolForeg ..
ThreadPoolForeg devices
ThreadPoolForeg pci0000:00
ThreadPoolForeg 0000:00:14.0
ThreadPoolForeg usb1
ThreadPoolForeg 1-14
ThreadPoolForeg 1-14:1.1
ThreadPoolForeg /proc/self/fd/163
ThreadPoolForeg /
ThreadPoolForeg /
ThreadPoolForeg /
ThreadPoolForeg sys
ThreadPoolForeg devices
ThreadPoolForeg pci0000:00
ThreadPoolForeg 0000:00:14.0
ThreadPoolForeg usb1
ThreadPoolForeg 1-14
ThreadPoolForeg /proc/self/fd/154
ThreadPoolForeg /
ThreadPoolForeg /
ThreadPoolForeg /
ThreadPoolForeg sys
ThreadPoolForeg bus
ThreadPoolForeg usb
ThreadPoolForeg devices
ThreadPoolForeg 1-8:1.0
ThreadPoolForeg ..
ThreadPoolForeg ..
ThreadPoolForeg ..
ThreadPoolForeg devices
ThreadPoolForeg pci0000:00
ThreadPoolForeg 0000:00:14.0
ThreadPoolForeg usb1
ThreadPoolForeg 1-8
ThreadPoolForeg 1-8:1.0
ThreadPoolForeg /proc/self/fd/163
ThreadPoolForeg /
ThreadPoolForeg /
ThreadPoolForeg /
ThreadPoolForeg sys
ThreadPoolForeg devices
ThreadPoolForeg pci0000:00
ThreadPoolForeg 0000:00:14.0
ThreadPoolForeg usb1
ThreadPoolForeg 1-8
ThreadPoolForeg /proc/self/fd/154
ThreadPoolForeg /
ThreadPoolForeg /
ThreadPoolForeg /
ThreadPoolForeg sys
ThreadPoolForeg bus
ThreadPoolForeg usb
ThreadPoolForeg devices
ThreadPoolForeg 1-7:1.1
ThreadPoolForeg ..
ThreadPoolForeg ..
ThreadPoolForeg ..
ThreadPoolForeg devices
ThreadPoolForeg pci0000:00
ThreadPoolForeg 0000:00:14.0
ThreadPoolForeg usb1
ThreadPoolForeg 1-7
ThreadPoolForeg 1-7:1.1
ThreadPoolForeg /proc/self/fd/163
ThreadPoolForeg /
ThreadPoolForeg /
ThreadPoolForeg /
ThreadPoolForeg sys
ThreadPoolForeg devices
ThreadPoolForeg pci0000:00
ThreadPoolForeg 0000:00:14.0
ThreadPoolForeg usb1
ThreadPoolForeg 1-7
ThreadPoolForeg /proc/self/fd/154
ThreadPoolForeg /
ThreadPoolForeg /
ThreadPoolForeg /
ThreadPoolForeg sys
ThreadPoolForeg bus
ThreadPoolForeg usb
ThreadPoolForeg devices
ThreadPoolForeg 2-0:1.0
ThreadPoolForeg ..
ThreadPoolForeg ..
ThreadPoolForeg ..
ThreadPoolForeg devices
ThreadPoolForeg pci0000:00
ThreadPoolForeg 0000:00:14.0
ThreadPoolForeg usb2
ThreadPoolForeg 2-0:1.0
ThreadPoolForeg /proc/self/fd/154
ThreadPoolForeg /
ThreadPoolForeg /
ThreadPoolForeg /
ThreadPoolForeg sys
ThreadPoolForeg devices
ThreadPoolForeg pci0000:00
ThreadPoolForeg 0000:00:14.0
ThreadPoolForeg usb2
ThreadPoolForeg /proc/self/fd/163
ThreadPoolForeg /sys/class
ThreadPoolForeg /
ThreadPoolForeg /
ThreadPoolForeg /
ThreadPoolForeg sys
ThreadPoolForeg devices
ThreadPoolForeg pci0000:00
ThreadPoolForeg 0000:00:14.0
ThreadPoolForeg usb1
ThreadPoolForeg /proc/self/fd/154
ThreadPoolForeg /sys/devices/pci0000:00/0000:00:14.0/usb1/uevent
ThreadPoolForeg /sys/devices/pci0000:00/0000:00:14.0/usb1/descriptors
ThreadPoolForeg /
ThreadPoolForeg /
ThreadPoolForeg /
ThreadPoolForeg sys
ThreadPoolForeg devices
ThreadPoolForeg pci0000:00
ThreadPoolForeg 0000:00:14.0
ThreadPoolForeg usb1
ThreadPoolForeg 1-0:1.0
ThreadPoolForeg /proc/self/fd/148
ThreadPoolForeg /sys/devices/pci0000:00/0000:00:14.0/usb1/1-0:1.0/uevent
ThreadPoolForeg /
ThreadPoolForeg /
ThreadPoolForeg /
ThreadPoolForeg sys
ThreadPoolForeg devices
ThreadPoolForeg pci0000:00
ThreadPoolForeg 0000:00:14.0
ThreadPoolForeg usb1
ThreadPoolForeg 1-14
ThreadPoolForeg /proc/self/fd/148
ThreadPoolForeg /sys/devices/pci0000:00/0000:00:14.0/usb1/1-14/uevent
ThreadPoolForeg /sys/devices/pci0000:00/0000:00:14.0/usb1/1-14/descriptors
ThreadPoolForeg /sys/devices/pci0000:00/0000:00:14.0/usb1/1-14/manufacturer
ThreadPoolForeg /sys/devices/pci0000:00/0000:00:14.0/usb1/1-14/product
ThreadPoolForeg /sys/devices/pci0000:00/0000:00:14.0/usb1/1-14/serial
ThreadPoolForeg /sys/devices/pci0000:00/0000:00:14.0/usb1/1-14/bConfigurationVa..
ThreadPoolForeg /sys/devices/pci0000:00/0000:00:14.0/usb1/1-14/busnum
ThreadPoolForeg /sys/devices/pci0000:00/0000:00:14.0/usb1/1-14/devnum
ThreadPoolForeg /
ThreadPoolForeg /
ThreadPoolForeg /
ThreadPoolForeg sys
ThreadPoolForeg devices
ThreadPoolForeg pci0000:00
ThreadPoolForeg 0000:00:14.0
ThreadPoolForeg usb1
ThreadPoolForeg 1-14
ThreadPoolForeg 1-14:1.0
ThreadPoolForeg /proc/self/fd/154
ThreadPoolForeg /sys/devices/pci0000:00/0000:00:14.0/usb1/1-14/1-14:1.0/uevent
ThreadPoolForeg /
ThreadPoolForeg /
ThreadPoolForeg /
ThreadPoolForeg sys
ThreadPoolForeg devices
ThreadPoolForeg pci0000:00
ThreadPoolForeg 0000:00:14.0
ThreadPoolForeg usb1
ThreadPoolForeg 1-14
ThreadPoolForeg 1-14:1.1
ThreadPoolForeg /proc/self/fd/154
ThreadPoolForeg /sys/devices/pci0000:00/0000:00:14.0/usb1/1-14/1-14:1.1/uevent
ThreadPoolForeg /
ThreadPoolForeg /
ThreadPoolForeg /
ThreadPoolForeg sys
ThreadPoolForeg devices
ThreadPoolForeg pci0000:00
ThreadPoolForeg 0000:00:14.0
ThreadPoolForeg usb1
ThreadPoolForeg 1-7
ThreadPoolForeg /proc/self/fd/148
ThreadPoolForeg /sys/devices/pci0000:00/0000:00:14.0/usb1/1-7/uevent
ThreadPoolForeg /sys/devices/pci0000:00/0000:00:14.0/usb1/1-7/descriptors
ThreadPoolForeg /sys/devices/pci0000:00/0000:00:14.0/usb1/1-7/manufacturer
ThreadPoolForeg /sys/devices/pci0000:00/0000:00:14.0/usb1/1-7/product
ThreadPoolForeg /sys/devices/pci0000:00/0000:00:14.0/usb1/1-7/serial
ThreadPoolForeg /sys/devices/pci0000:00/0000:00:14.0/usb1/1-7/bConfigurationVal..
ThreadPoolForeg /sys/devices/pci0000:00/0000:00:14.0/usb1/1-7/busnum
ThreadPoolForeg /sys/devices/pci0000:00/0000:00:14.0/usb1/1-7/devnum
ThreadPoolForeg /
ThreadPoolForeg /
ThreadPoolForeg /
ThreadPoolForeg sys
ThreadPoolForeg devices
ThreadPoolForeg pci0000:00
ThreadPoolForeg 0000:00:14.0
ThreadPoolForeg usb1
ThreadPoolForeg 1-7
ThreadPoolForeg 1-7:1.0
ThreadPoolForeg /proc/self/fd/154
ThreadPoolForeg /sys/devices/pci0000:00/0000:00:14.0/usb1/1-7/1-7:1.0/uevent
ThreadPoolForeg /
ThreadPoolForeg /
ThreadPoolForeg /
ThreadPoolForeg sys
ThreadPoolForeg devices
ThreadPoolForeg pci0000:00
ThreadPoolForeg 0000:00:14.0
ThreadPoolForeg usb1
ThreadPoolForeg 1-7
ThreadPoolForeg 1-7:1.1
ThreadPoolForeg /proc/self/fd/154
ThreadPoolForeg /sys/devices/pci0000:00/0000:00:14.0/usb1/1-7/1-7:1.1/uevent
ThreadPoolForeg /
ThreadPoolForeg /
ThreadPoolForeg /
ThreadPoolForeg sys
ThreadPoolForeg devices
ThreadPoolForeg pci0000:00
ThreadPoolForeg 0000:00:14.0
ThreadPoolForeg usb1
ThreadPoolForeg 1-7
ThreadPoolForeg 1-7:1.2
ThreadPoolForeg /proc/self/fd/154
ThreadPoolForeg /sys/devices/pci0000:00/0000:00:14.0/usb1/1-7/1-7:1.2/uevent
ThreadPoolForeg /
ThreadPoolForeg /
ThreadPoolForeg /
ThreadPoolForeg sys
ThreadPoolForeg devices
ThreadPoolForeg pci0000:00
ThreadPoolForeg 0000:00:14.0
ThreadPoolForeg usb1
ThreadPoolForeg 1-8
ThreadPoolForeg /proc/self/fd/148
ThreadPoolForeg /sys/devices/pci0000:00/0000:00:14.0/usb1/1-8/uevent
ThreadPoolForeg /sys/devices/pci0000:00/0000:00:14.0/usb1/1-8/descriptors
ThreadPoolForeg /sys/devices/pci0000:00/0000:00:14.0/usb1/1-8/manufacturer
ThreadPoolForeg /sys/devices/pci0000:00/0000:00:14.0/usb1/1-8/product
ThreadPoolForeg /sys/devices/pci0000:00/0000:00:14.0/usb1/1-8/bConfigurationVal..
ThreadPoolForeg /sys/devices/pci0000:00/0000:00:14.0/usb1/1-8/busnum
ThreadPoolForeg /sys/devices/pci0000:00/0000:00:14.0/usb1/1-8/devnum
ThreadPoolForeg /
ThreadPoolForeg /
ThreadPoolForeg /
ThreadPoolForeg sys
ThreadPoolForeg devices
ThreadPoolForeg pci0000:00
ThreadPoolForeg 0000:00:14.0
ThreadPoolForeg usb1
ThreadPoolForeg 1-8
ThreadPoolForeg 1-8:1.0
ThreadPoolForeg /proc/self/fd/154
ThreadPoolForeg /sys/devices/pci0000:00/0000:00:14.0/usb1/1-8/1-8:1.0/uevent
ThreadPoolForeg /
ThreadPoolForeg /
ThreadPoolForeg /
ThreadPoolForeg sys
ThreadPoolForeg devices
ThreadPoolForeg pci0000:00
ThreadPoolForeg 0000:00:14.0
ThreadPoolForeg usb1
ThreadPoolForeg 1-8
ThreadPoolForeg 1-8:1.1
ThreadPoolForeg /proc/self/fd/154
ThreadPoolForeg /sys/devices/pci0000:00/0000:00:14.0/usb1/1-8/1-8:1.1/uevent
ThreadPoolForeg /
ThreadPoolForeg /
ThreadPoolForeg /
ThreadPoolForeg sys
ThreadPoolForeg devices
ThreadPoolForeg pci0000:00
ThreadPoolForeg 0000:00:14.0
ThreadPoolForeg usb1
ThreadPoolForeg 1-8
ThreadPoolForeg 1-8:1.2
ThreadPoolForeg /proc/self/fd/154
ThreadPoolForeg /sys/devices/pci0000:00/0000:00:14.0/usb1/1-8/1-8:1.2/uevent
ThreadPoolForeg /
ThreadPoolForeg /
ThreadPoolForeg /
ThreadPoolForeg sys
ThreadPoolForeg devices
ThreadPoolForeg pci0000:00
ThreadPoolForeg 0000:00:14.0
ThreadPoolForeg usb1
ThreadPoolForeg 1-8
ThreadPoolForeg 1-8:1.3
ThreadPoolForeg /proc/self/fd/154
ThreadPoolForeg /sys/devices/pci0000:00/0000:00:14.0/usb1/1-8/1-8:1.3/uevent
ThreadPoolForeg /
ThreadPoolForeg /
ThreadPoolForeg /
ThreadPoolForeg sys
ThreadPoolForeg devices
ThreadPoolForeg pci0000:00
ThreadPoolForeg 0000:00:14.0
ThreadPoolForeg usb1
ThreadPoolForeg 1-8
ThreadPoolForeg 1-8:1.4
ThreadPoolForeg /proc/self/fd/154
ThreadPoolForeg /sys/devices/pci0000:00/0000:00:14.0/usb1/1-8/1-8:1.4/uevent
ThreadPoolForeg /
ThreadPoolForeg /
ThreadPoolForeg /
ThreadPoolForeg sys
ThreadPoolForeg devices
ThreadPoolForeg pci0000:00
ThreadPoolForeg 0000:00:14.0
ThreadPoolForeg usb1
ThreadPoolForeg 1-8
ThreadPoolForeg 1-8:1.5
ThreadPoolForeg /proc/self/fd/154
ThreadPoolForeg /sys/devices/pci0000:00/0000:00:14.0/usb1/1-8/1-8:1.5/uevent
ThreadPoolForeg /
ThreadPoolForeg /
ThreadPoolForeg /
ThreadPoolForeg sys
ThreadPoolForeg devices
ThreadPoolForeg pci0000:00
ThreadPoolForeg 0000:00:14.0
ThreadPoolForeg usb2
ThreadPoolForeg /proc/self/fd/154
ThreadPoolForeg /sys/devices/pci0000:00/0000:00:14.0/usb2/uevent
ThreadPoolForeg /sys/devices/pci0000:00/0000:00:14.0/usb2/descriptors
bash /dev/null
ThreadPoolForeg /
ThreadPoolForeg /
ThreadPoolForeg /
ThreadPoolForeg sys
ThreadPoolForeg devices
ThreadPoolForeg pci0000:00
ThreadPoolForeg 0000:00:14.0
find /etc/ld.so.cache
ThreadPoolForeg usb2
ThreadPoolForeg 2-0:1.0
find /lib/x86_64-linux-gnu/libselinux.so.1
ThreadPoolForeg /proc/self/fd/148
ThreadPoolForeg /sys/devices/pci0000:00/0000:00:14.0/usb2/2-0:1.0/uevent
find /lib/x86_64-linux-gnu/libc.so.6
find /lib/x86_64-linux-gnu/libpcre2-8.so.0
find /proc/filesystems
find .
find /usr/lib/locale/locale-archive
find /usr/lib/x86_64-linux-gnu/gconv/gconv-modules.cache
find /config/.cache
find mesa_shader_cache
find db
find 0c
find 5e
find 8a
find 59
find dd
find 3d
find 35
find 8d
find 9a
find 80
find 33
find ea
find e1
find 3e
find 6a
find b5
find bc
find e8
find b8
find ef
find b9
find 7e
find 6e
find a2
find 71
find b7
find 8e
find 1a
find 20
find c9
find 26
find 4a
find bd
find 62
find 21
find 2d
find 56
ThreadPoolForeg /config/.config/chromium/Default/DIPS
find 86
find 40
ThreadPoolForeg /config/.config/chromium/Default/DIPS-journal
find ed
find 9d
find 05
find 03
find 67
find 7d
find 11
find 13
find b6
find 4e
ThreadPoolForeg /usr/lib/chromium/liboptimization_guide_internal.so
ThreadPoolForeg /sys/bus/cpu/devices/cpu0/microcode/version
find ba
find e0
find 4f
ThreadPoolForeg /config/.config/chromium/Default/.org.chromium.Chromium.9MXi3X
find f7
find ksplash
find qmlcache
find qtshadercache-x86_64-little_endian-lp64
find plasmashell
find qmlcache
ThreadPoolForeg /config/.config/chromium/Default
ThreadPoolForeg /config/.config/chromium/Default/.org.chromium.Chromium.lVJZ2v
find chromium
find Default
find Cache
find Cache_Data
find index-dir
find No_Vary_Search
find Code Cache
find wasm
find index-dir
find js
find index-dir
find ..
find /config/.config
find openbox
find vlc
find pulse
find autostart
find kdedefaults
find gtk-3.0
find gtk-4.0
find dconf
find xsettingsd
ThreadPoolForeg /config/.config/chromium
find kde.org
ThreadPoolForeg /config/.config/chromium
ThreadPoolForeg /config/.config
find xfce4
find xfconf
ThreadPoolForeg /config/.config/chromium/Default/optimization_guide_hint_cache_..
find xfce-perchannel-xml
ThreadPoolForeg /config/.config/chromium/Default/optimization_guide_hint_cache_..
ThreadPoolForeg /config/.config/chromium/Default/optimization_guide_hint_cache_..
find chromium
find Crash Reports
find new
ThreadPoolForeg /config/.config/chromium/Default/AutofillAiModelCache/LOG
ThreadPoolForeg /config/.config/chromium/Default/AutofillAiModelCache/LOCK
find pending
ThreadPoolForeg /config/.config/chromium/Default/AutofillAiModelCache/LOCK
find completed
find attachments
ThreadPoolForeg /config/.config/chromium/Default/AutofillStrikeDatabase/LOG
ThreadPoolForeg /config/.config/chromium/Default/AutofillStrikeDatabase/LOCK
ThreadPoolForeg /config/.config/chromium/Default/AutofillStrikeDatabase/LOCK
find Default
find Sync Data
ThreadPoolForeg /config/.config/chromium/Default/BudgetDatabase/LOG
find LevelDB
ThreadPoolForeg /config/.config/chromium/Default/BudgetDatabase/LOCK
ThreadPoolForeg /config/.config/chromium/Default/BudgetDatabase/LOCK
ThreadPoolForeg /config/.config/chromium/Default/DIPS-wal
find Shared Dictionary
find cache
ThreadPoolForeg /config/.config/chromium/Default/GCM Store/Encryption/LOG
find index-dir
ThreadPoolForeg /config/.config/chromium/Default/GCM Store/Encryption/LOCK
ThreadPoolForeg /config/.config/chromium/Default/GCM Store/Encryption/LOCK
find ClientCertificates
ThreadPoolForeg /config/.config/chromium/Default/GCM Store/Encryption/MANIFEST-..
ThreadPoolForeg /config/.config/chromium/Default/GCM Store/Encryption
find Site Characteristics Database
find Local Storage
find leveldb
find discounts_db
find commerce_subscription_db
find chrome_cart_db
find discount_infos_db
find parcel_tracking_db
find Segmentation Platform
find SegmentInfoDB
find SignalDB
ThreadPoolForeg /config/.config/chromium/Default
find SignalStorageConfigDB
find PersistentOriginTrials
find Extension Rules
find Extension Scripts
find shared_proto_db
find metadata
find Extension State
find Sessions
find GPUCache
find DawnWebGPUCache
find DawnGraphiteCache
find Session Storage
find WebStorage
find blob_storage
find c5aec5bd-dae5-4e7d-8fdd-9ea99eaa8439
find /usr/share/locale/locale.alias
find /usr/share/locale/en_US/LC_MESSAGES/findutils.mo
find /usr/share/locale/en/LC_MESSAGES/findutils.mo
find /usr/share/locale-langpack/en_US/LC_MESSAGES/findutils.mo
find /usr/share/locale-langpack/en/LC_MESSAGES/findutils.mo
find /usr/share/locale/en_US/LC_MESSAGES/libc.mo
find /usr/share/locale/en/LC_MESSAGES/libc.mo
find /usr/share/locale-langpack/en_US/LC_MESSAGES/libc.mo
find /usr/share/locale-langpack/en/LC_MESSAGES/libc.mo
find optimization_guide_hint_cache_store
find AutofillAiModelCache
find AutofillStrikeDatabase
find NativeMessagingHosts
find component_crx_cache
find ShaderCache
find segmentation_platform
find Dictionaries
find WidevineCdm
find Subresource Filter
find Unindexed Rules
find OnDeviceHeadSuggestModel
find OptimizationHints
find TrustTokenKeyCommitments
find PrivacySandboxAttestationsPreloaded
find SSLErrorAssistant
find FileTypePolicies
find OriginTrials
find CertificateRevocation
find MEIPreload
find PKIMetadata
find SafetyTips
find Crowd Deny
find hyphen-data
ThreadPoolForeg /config/.config/chromium/Default/Feature Engagement Tracker/Ava..
find ZxcvbnData
ThreadPoolForeg /config/.config/chromium/Default/Feature Engagement Tracker/Ava..
ThreadPoolForeg /config/.config/chromium/Default/Feature Engagement Tracker/Ava..
find ActorSafetyLists
find AmountExtractionHeuristicRegexes
find WasmTtsEngine
ThreadPoolForeg /config/.config/chromium/Default/Feature Engagement Tracker/Eve..
find CaptchaProviders
ThreadPoolForeg /config/.config/chromium/Default/Feature Engagement Tracker/Eve..
ThreadPoolForeg /config/.config/chromium/Default/Feature Engagement Tracker/Eve..
find GrShaderCache
ThreadPoolForeg /config/.config/chromium/Default/GCM Store/Encryption/000001.db..
find GraphiteDawnCache
ThreadPoolForeg /config/.config/chromium/first_party_sets.db
find FirstPartySetsPreloaded
ThreadPoolForeg /config/.config/chromium/first_party_sets.db
find extensions_crx_cache
find ..
find /config/.local
find bin
ThreadPoolForeg /config/.config/chromium/first_party_sets.db-journal
find share
find kactivitymanagerd
find resources
find test-backup
find working-backup
find baloo
find pki
find nssdb
ThreadPoolForeg /config/.config/chromium/Default/GCM Store/Encryption/CURRENT
ThreadPoolForeg /config/.config/chromium/Default/GCM Store/Encryption/MANIFEST-..
ThreadPoolForeg /config/.config/chromium/Default/GCM Store/Encryption/MANIFEST-..
ThreadPoolForeg /config/.config/chromium/Default/GCM Store/Encryption
ThreadPoolForeg /config/.config/chromium/Default/GCM Store/Encryption
ThreadPoolForeg /config/.config/chromium/Default/GCM Store/Encryption/000003.lo..
ThreadPoolForeg /config/.config/chromium/Default/GCM Store/Encryption
sleep /etc/ld.so.cache
ThreadPoolForeg /config/.config/chromium/Default/GCM Store/Encryption
sleep /lib/x86_64-linux-gnu/libc.so.6
ThreadPoolForeg /config/.config/chromium/Default/GCM Store/LOG
ThreadPoolForeg /config/.config/chromium/Default/GCM Store/LOCK
ThreadPoolForeg /config/.config/chromium/Default/GCM Store/LOCK
ThreadPoolForeg /config/.config/chromium/Default/GCM Store/MANIFEST-000001
ThreadPoolForeg /config/.config/chromium/Default/GCM Store
sleep /usr/lib/locale/locale-archive
sleep /usr/share/locale/locale.alias
sleep /usr/share/locale/en_US/LC_MESSAGES/coreutils.mo
sleep /usr/share/locale/en/LC_MESSAGES/coreutils.mo
sleep /usr/share/locale-langpack/en_US/LC_MESSAGES/coreutils.mo
sleep /usr/share/locale-langpack/en/LC_MESSAGES/coreutils.mo
ThreadPoolForeg /config/.config/chromium
ThreadPoolForeg /config/.config/chromium/Default/GCM Store/000001.dbtmp
ThreadPoolForeg /config/.config/chromium/Default/GCM Store/CURRENT
ThreadPoolForeg /config/.config/chromium/Default/GCM Store/MANIFEST-000001
ThreadPoolForeg /config/.config/chromium/Default/GCM Store/MANIFEST-000001
ThreadPoolForeg /config/.config/chromium/Default/GCM Store
ThreadPoolForeg /config/.config/chromium/Default/GCM Store
ThreadPoolForeg /config/.config/chromium/Default/GCM Store/000003.log
ThreadPoolForeg /config/.config/chromium/Default/GCM Store
ThreadPoolForeg /config/.config/chromium/Default/GCM Store
ThreadPoolForeg /config/.config/chromium/Subresource Filter/Indexed Rules
ThreadPoolForeg /config/.config/chromium/Subresource Filter/Indexed Rules/37
bash /dev/null
find /etc/ld.so.cache
find /lib/x86_64-linux-gnu/libselinux.so.1
find /lib/x86_64-linux-gnu/libc.so.6
find /lib/x86_64-linux-gnu/libpcre2-8.so.0
find /proc/filesystems
find .
find /usr/lib/locale/locale-archive
find /usr/lib/x86_64-linux-gnu/gconv/gconv-modules.cache
find /config/.cache
find mesa_shader_cache
find db
find 0c
find 5e
find 8a
find 59
find dd
find 3d
find 35
find 8d
find 9a
find 80
find 33
find ea
find e1
find 3e
find 6a
find b5
find bc
find e8
find b8
find ef
find b9
find 7e
find 6e
find a2
find 71
find b7
find 8e
find 1a
find 20
find c9
find 26
find 4a
find bd
find 62
find 21
find 2d
find 56
find 86
find 40
find ed
find 9d
find 05
find 03
find 67
find 7d
find 11
find 13
find b6
find 4e
find ba
find e0
find 4f
find f7
find ksplash
find qmlcache
find qtshadercache-x86_64-little_endian-lp64
find plasmashell
find qmlcache
find chromium
find Default
find Cache
find Cache_Data
find index-dir
find No_Vary_Search
find Code Cache
find wasm
find index-dir
find js
find index-dir
find ..
find /config/.config
find openbox
find vlc
find pulse
find autostart
find kdedefaults
find gtk-3.0
find gtk-4.0
find dconf
find xsettingsd
find kde.org
find xfce4
find xfconf
find xfce-perchannel-xml
find chromium
find Crash Reports
find new
find pending
find completed
find attachments
find Default
find Sync Data
find LevelDB
find Shared Dictionary
find cache
find index-dir
find ClientCertificates
find Site Characteristics Database
find Local Storage
find leveldb
find discounts_db
find commerce_subscription_db
find chrome_cart_db
find discount_infos_db
find parcel_tracking_db
find Segmentation Platform
chromium /proc/1642/stat
find SegmentInfoDB
find SignalDB
find SignalStorageConfigDB
find PersistentOriginTrials
find Extension Rules
find Extension Scripts
find shared_proto_db
find metadata
find Extension State
find Sessions
find GPUCache
chromium /proc/1642/stat
find DawnWebGPUCache
find DawnGraphiteCache
find Session Storage
find WebStorage
find blob_storage
find c5aec5bd-dae5-4e7d-8fdd-9ea99eaa8439
find optimization_guide_hint_cache_store
find AutofillAiModelCache
find AutofillStrikeDatabase
find BudgetDatabase
find GCM Store
ThreadPoolForeg /config/.cache/chromium/Default/Cache/Cache_Data/f7c5dc7586ed0b..
ThreadPoolForeg /config/.cache/chromium/Default/Cache/Cache_Data/f7c5dc7586ed0b..
find Encryption
ThreadPoolForeg /config/.cache/chromium/Default/Cache/Cache_Data/f7c5dc7586ed0b..
find Feature Engagement Tracker
Chrome_ChildIOT /tmp/.org.chromium.Chromium.iJsgF6
find AvailabilityDB
find EventDB
find NativeMessagingHosts
find component_crx_cache
find ShaderCache
find segmentation_platform
find Dictionaries
find WidevineCdm
find Subresource Filter
find Unindexed Rules
find OnDeviceHeadSuggestModel
find OptimizationHints
find TrustTokenKeyCommitments
Chrome_ChildIOT /tmp/.org.chromium.Chromium.4hBxMg
find PrivacySandboxAttestationsPreloaded
Chrome_ChildIOT /tmp/.org.chromium.Chromium.4hBxMg
find SSLErrorAssistant
find FileTypePolicies
find OriginTrials
find CertificateRevocation
find MEIPreload
find PKIMetadata
find SafetyTips
find Crowd Deny
find hyphen-data
find ZxcvbnData
find ActorSafetyLists
find AmountExtractionHeuristicRegexes
find WasmTtsEngine
find CaptchaProviders
find GrShaderCache
find GraphiteDawnCache
find FirstPartySetsPreloaded
find extensions_crx_cache
find ..
find /config/.local
find bin
find share
find kactivitymanagerd
find resources
find test-backup
chromium /proc/1642/stat
find working-backup
find baloo
find pki
find nssdb
sleep /etc/ld.so.cache
sleep /lib/x86_64-linux-gnu/libc.so.6
Chrome_ChildIOT /tmp/.org.chromium.Chromium.bucwJr
sleep /usr/lib/locale/locale-archive
sleep /usr/share/locale/locale.alias
sleep /usr/share/locale/en_US/LC_MESSAGES/coreutils.mo
sleep /usr/share/locale/en/LC_MESSAGES/coreutils.mo
sleep /usr/share/locale-langpack/en_US/LC_MESSAGES/coreutils.mo
sleep /usr/share/locale-langpack/en/LC_MESSAGES/coreutils.mo
xclip /etc/ld.so.cache
xclip /lib/x86_64-linux-gnu/libXmu.so.6
xclip /lib/x86_64-linux-gnu/libX11.so.6
xclip /lib/x86_64-linux-gnu/libc.so.6
xclip /lib/x86_64-linux-gnu/libXt.so.6
xclip /lib/x86_64-linux-gnu/libXext.so.6
xclip /lib/x86_64-linux-gnu/libxcb.so.1
xclip /lib/x86_64-linux-gnu/libSM.so.6
xclip /lib/x86_64-linux-gnu/libICE.so.6
xclip /lib/x86_64-linux-gnu/libXau.so.6
xclip /lib/x86_64-linux-gnu/libXdmcp.so.6
xclip /lib/x86_64-linux-gnu/libuuid.so.1
xclip /lib/x86_64-linux-gnu/libbsd.so.0
xclip /lib/x86_64-linux-gnu/libmd.so.0
xclip /usr/share/X11/locale/locale.alias
xclip /usr/share/X11/locale/locale.dir
xclip /usr/share/X11/locale/C/XLC_LOCALE
xclip /usr/share/X11/locale/locale.alias
xclip /usr/share/X11/locale/locale.dir
xclip /usr/share/X11/locale/C/XLC_LOCALE
Xvfb /proc/1849/cmdline
Chrome_ChildIOT /tmp/.org.chromium.Chromium.i95e39
Chrome_ChildIOT /tmp/.org.chromium.Chromium.oMpU9p
Chrome_ChildIOT /tmp/.org.chromium.Chromium.M8zF38
bash /dev/null
find /etc/ld.so.cache
find /lib/x86_64-linux-gnu/libselinux.so.1
find /lib/x86_64-linux-gnu/libc.so.6
find /lib/x86_64-linux-gnu/libpcre2-8.so.0
find /proc/filesystems
find .
find /usr/lib/locale/locale-archive
find /usr/lib/x86_64-linux-gnu/gconv/gconv-modules.cache
find /config/.cache
find mesa_shader_cache
find db
find 0c
find 5e
find 8a
find 59
find dd
find 3d
find 35
find 8d
find 9a
find 80
find 33
find ea
find e1
find 3e
find 6a
find b5
find bc
find e8
find b8
find ef
find b9
find 7e
find 6e
find a2
find 71
find b7
find 8e
find 1a
find 20
find c9
find 26
find 4a
find bd
find 62
find 21
find 2d
find 56
find 86
find 40
find ed
find 9d
find 05
find 03
find 67
find 7d
find 11
find 13
find b6
find 4e
find ba
find e0
find 4f
find f7
find ksplash
find qmlcache
find qtshadercache-x86_64-little_endian-lp64
find plasmashell
find qmlcache
find chromium
find Default
find Cache
find Cache_Data
find index-dir
find No_Vary_Search
find Code Cache
find wasm
find index-dir
find js
find index-dir
find ..
find /config/.config
find openbox
find vlc
find pulse
find autostart
find kdedefaults
find gtk-3.0
find gtk-4.0
find dconf
find xsettingsd
find kde.org
find xfce4
find xfconf
find xfce-perchannel-xml
find chromium
find Crash Reports
find new
find pending
find completed
find attachments
find Default
find Sync Data
find LevelDB
find Shared Dictionary
find cache
find index-dir
find ClientCertificates
find Site Characteristics Database
find Local Storage
find leveldb
find discounts_db
find commerce_subscription_db
find chrome_cart_db
find discount_infos_db
find parcel_tracking_db
find Segmentation Platform
find SegmentInfoDB
find SignalDB
find SignalStorageConfigDB
find PersistentOriginTrials
find Extension Rules
find Extension Scripts
find shared_proto_db
find metadata
find Extension State
find Sessions
find GPUCache
find DawnWebGPUCache
find DawnGraphiteCache
find Session Storage
find WebStorage
find blob_storage
find c5aec5bd-dae5-4e7d-8fdd-9ea99eaa8439
find optimization_guide_hint_cache_store
find AutofillAiModelCache
find AutofillStrikeDatabase
find BudgetDatabase
find GCM Store
find Encryption
find Feature Engagement Tracker
find AvailabilityDB
find EventDB
find NativeMessagingHosts
find component_crx_cache
find ShaderCache
find segmentation_platform
find Dictionaries
find WidevineCdm
find Subresource Filter
find Unindexed Rules
find OnDeviceHeadSuggestModel
find OptimizationHints
find TrustTokenKeyCommitments
find PrivacySandboxAttestationsPreloaded
find SSLErrorAssistant
find FileTypePolicies
find OriginTrials
find CertificateRevocation
find MEIPreload
find PKIMetadata
find SafetyTips
find Crowd Deny
find hyphen-data
find ZxcvbnData
find ActorSafetyLists
find AmountExtractionHeuristicRegexes
find WasmTtsEngine
find CaptchaProviders
find GrShaderCache
find GraphiteDawnCache
find FirstPartySetsPreloaded
find extensions_crx_cache
find ..
find /config/.local
find bin
find share
find kactivitymanagerd
find resources
find test-backup
find working-backup
find baloo
find pki
find nssdb
sleep /etc/ld.so.cache
sleep /lib/x86_64-linux-gnu/libc.so.6
sleep /usr/lib/locale/locale-archive
sleep /usr/share/locale/locale.alias
sleep /usr/share/locale/en_US/LC_MESSAGES/coreutils.mo
sleep /usr/share/locale/en/LC_MESSAGES/coreutils.mo
sleep /usr/share/locale-langpack/en_US/LC_MESSAGES/coreutils.mo
sleep /usr/share/locale-langpack/en/LC_MESSAGES/coreutils.mo
bash /dev/null
find /etc/ld.so.cache
find /lib/x86_64-linux-gnu/libselinux.so.1
find /lib/x86_64-linux-gnu/libc.so.6
find /lib/x86_64-linux-gnu/libpcre2-8.so.0
find /proc/filesystems
find .
find /usr/lib/locale/locale-archive
find /usr/lib/x86_64-linux-gnu/gconv/gconv-modules.cache
find /config/.cache
find mesa_shader_cache
find db
find 0c
find 5e
find 8a
find 59
find dd
find 3d
find 35
find 8d
find 9a
find 80
find 33
find ea
find e1
find 3e
find 6a
find b5
find bc
find e8
find b8
find ef
find b9
find 7e
find 6e
find a2
find 71
find b7
find 8e
find 1a
find 20
find c9
find 26
find 4a
find bd
find 62
find 21
find 2d
find 56
find 86
find 40
find ed
find 9d
find 05
find 03
find 67
find 7d
find 11
find 13
find b6
find 4e
find ba
find e0
find 4f
find f7
find ksplash
find qmlcache
find qtshadercache-x86_64-little_endian-lp64
find plasmashell
find qmlcache
find chromium
find Default
find Cache
find Cache_Data
find index-dir
find No_Vary_Search
find Code Cache
find wasm
find index-dir
find js
find index-dir
find ..
find /config/.config
find openbox
find vlc
find pulse
find autostart
find kdedefaults
find gtk-3.0
find gtk-4.0
find dconf
find xsettingsd
find kde.org
find xfce4
find xfconf
find xfce-perchannel-xml
find chromium
find Crash Reports
find new
find pending
find completed
find attachments
find Default
find Sync Data
find LevelDB
find Shared Dictionary
find cache
find index-dir
find ClientCertificates
find Site Characteristics Database
find Local Storage
find leveldb
find discounts_db
find commerce_subscription_db
find chrome_cart_db
find discount_infos_db
find parcel_tracking_db
find Segmentation Platform
find SegmentInfoDB
find SignalDB
find SignalStorageConfigDB
find PersistentOriginTrials
find Extension Rules
find Extension Scripts
find shared_proto_db
find metadata
find Extension State
find Sessions
find GPUCache
find DawnWebGPUCache
find DawnGraphiteCache
find Session Storage
find WebStorage
find blob_storage
find c5aec5bd-dae5-4e7d-8fdd-9ea99eaa8439
find optimization_guide_hint_cache_store
find AutofillAiModelCache
find AutofillStrikeDatabase
find BudgetDatabase
find GCM Store
find Encryption
find Feature Engagement Tracker
find AvailabilityDB
find EventDB
find NativeMessagingHosts
find component_crx_cache
find ShaderCache
find segmentation_platform
find Dictionaries
find WidevineCdm
find Subresource Filter
find Unindexed Rules
find OnDeviceHeadSuggestModel
find OptimizationHints
find TrustTokenKeyCommitments
find PrivacySandboxAttestationsPreloaded
find SSLErrorAssistant
find FileTypePolicies
find OriginTrials
find CertificateRevocation
find MEIPreload
find PKIMetadata
find SafetyTips
find Crowd Deny
find hyphen-data
find ZxcvbnData
find ActorSafetyLists
find AmountExtractionHeuristicRegexes
find WasmTtsEngine
find CaptchaProviders
find GrShaderCache
find GraphiteDawnCache
find FirstPartySetsPreloaded
find extensions_crx_cache
find ..
find /config/.local
find bin
find share
find kactivitymanagerd
find resources
find test-backup
find working-backup
find baloo
find pki
find nssdb
sleep /etc/ld.so.cache
sleep /lib/x86_64-linux-gnu/libc.so.6
sleep /usr/lib/locale/locale-archive
sleep /usr/share/locale/locale.alias
sleep /usr/share/locale/en_US/LC_MESSAGES/coreutils.mo
sleep /usr/share/locale/en/LC_MESSAGES/coreutils.mo
sleep /usr/share/locale-langpack/en_US/LC_MESSAGES/coreutils.mo
sleep /usr/share/locale-langpack/en/LC_MESSAGES/coreutils.mo
chromium /tmp/.org.chromium.Chromium.Xd02ic
chromium /tmp/.org.chromium.Chromium.Xd02ic
CacheThread_Blo /config/.config/chromium/Default/GPUCache/index
CacheThread_Blo /config/.config/chromium/Default/GPUCache/index
chromium /tmp/.org.chromium.Chromium.UyzeHO
Chrome_IOThread /tmp/.org.chromium.Chromium.5XoDsR
Chrome_IOThread /tmp/.org.chromium.Chromium.5XoDsR
CacheThread_Blo /config/.config/chromium/Default/GPUCache/data_0
CacheThread_Blo /config/.config/chromium/Default/GPUCache/data_1
CacheThread_Blo /config/.config/chromium/Default/GPUCache/data_2
CacheThread_Blo /config/.config/chromium/Default/GPUCache/data_3
CacheThread_Blo /config/.config/chromium/Default/DawnWebGPUCache/index
CacheThread_Blo /config/.config/chromium/Default/DawnWebGPUCache/index
CacheThread_Blo /config/.config/chromium/Default/DawnWebGPUCache/data_0
CacheThread_Blo /config/.config/chromium/Default/DawnWebGPUCache/data_1
CacheThread_Blo /config/.config/chromium/Default/DawnWebGPUCache/data_2
CacheThread_Blo /config/.config/chromium/Default/DawnWebGPUCache/data_3
CacheThread_Blo /config/.config/chromium/Default/DawnGraphiteCache/index
CacheThread_Blo /config/.config/chromium/Default/DawnGraphiteCache/index
chromium /proc/1641/stat
CacheThread_Blo /config/.config/chromium/Default/DawnGraphiteCache/data_0
CacheThread_Blo /config/.config/chromium/Default/DawnGraphiteCache/data_1
CacheThread_Blo /config/.config/chromium/Default/DawnGraphiteCache/data_2
CacheThread_Blo /config/.config/chromium/Default/DawnGraphiteCache/data_3
ThreadPoolSingl /tmp/.org.chromium.Chromium.pTIyrh
ThreadPoolForeg /config/.cache/chromium/Default/Cache/Cache_Data/dd5badb3ceb255..
chromium /proc/self/maps
chromium /proc/self/maps
chromium /proc/self/maps
Chrome_IOThread /tmp/.org.chromium.Chromium.1k3CRW
chromium .
Chrome_IOThread /tmp/.org.chromium.Chromium.IQI2Ib
chromium self/fd/
chromium .
chromium /proc/1855/stat
chromium /proc/1855/stat
chromium /proc/1855/status
chromium /proc/1855/status
chromium /proc/1855/statm
ThreadPoolForeg /tmp/.org.chromium.Chromium.fQDazK
ThreadPoolForeg /tmp/.org.chromium.Chromium.fQDazK
chromium /tmp/.org.chromium.Chromium.pqAxfo
chromium /tmp/.org.chromium.Chromium.pqAxfo
Chrome_IOThread /tmp/.org.chromium.Chromium.vUfYPa
ThreadPoolSingl /proc/1855/task
ThreadPoolSingl /proc/1855/task/1855/status
ThreadPoolSingl /proc/1855/task/1856/status
ThreadPoolSingl /proc/1855/task
ThreadPoolSingl /proc/1855/task/1855/status
ThreadPoolSingl /proc/1855/task/1856/status
ThreadPoolSingl /proc/1855/task/1857/status
ThreadPoolSingl /proc/1855/task
ThreadPoolSingl /proc/1855/task/1855/status
ThreadPoolSingl /proc/1855/task/1856/status
ThreadPoolSingl /proc/1855/task/1857/status
ThreadPoolSingl /proc/1855/task/1858/status
ThreadPoolSingl /proc/1855/task
ThreadPoolSingl /proc/1855/task/1855/status
ThreadPoolSingl /proc/1855/task/1856/status
ThreadPoolSingl /proc/1855/task/1857/status
ThreadPoolSingl /proc/1855/task/1858/status
ThreadPoolSingl /proc/1855/task/1859/status
ThreadPoolSingl /proc/1855/task
ThreadPoolSingl /proc/1855/task/1855/status
ThreadPoolSingl /proc/1855/task/1856/status
ThreadPoolSingl /proc/1855/task/1857/status
ThreadPoolSingl /proc/1855/task/1858/status
ThreadPoolSingl /proc/1855/task/1859/status
ThreadPoolSingl /proc/1855/task/1860/status
ThreadPoolSingl /proc/1855/task
ThreadPoolSingl /proc/1855/task/1855/status
ThreadPoolSingl /proc/1855/task/1856/status
ThreadPoolSingl /proc/1855/task/1857/status
ThreadPoolSingl /proc/1855/task/1858/status
ThreadPoolSingl /proc/1855/task/1859/status
ThreadPoolSingl /proc/1855/task/1860/status
ThreadPoolSingl /proc/1855/task/1861/status
ThreadPoolSingl /proc/1855/task
ThreadPoolSingl /proc/1855/task/1855/status
ThreadPoolSingl /proc/1855/task/1856/status
ThreadPoolSingl /proc/1855/task/1857/status
ThreadPoolSingl /proc/1855/task/1858/status
ThreadPoolSingl /proc/1855/task/1859/status
ThreadPoolSingl /proc/1855/task
ThreadPoolSingl /proc/1855/task/1855/status
ThreadPoolSingl /proc/1855/task/1856/status
ThreadPoolSingl /proc/1855/task/1857/status
ThreadPoolSingl /proc/1855/task/1858/status
ThreadPoolSingl /proc/1855/task/1859/status
ThreadPoolSingl /proc/1855/task/1860/status
ThreadPoolSingl /proc/1855/task/1861/status
ThreadPoolSingl /proc/1855/task/1862/status
ThreadPoolSingl /proc/1855/task
ThreadPoolSingl /proc/1855/task/1855/status
ThreadPoolSingl /proc/1855/task/1856/status
ThreadPoolSingl /proc/1855/task/1857/status
ThreadPoolSingl /proc/1855/task/1858/status
ThreadPoolSingl /proc/1855/task/1859/status
ThreadPoolSingl /proc/1855/task/1860/status
ThreadPoolSingl /proc/1855/task/1861/status
ThreadPoolSingl /proc/1855/task/1862/status
ThreadPoolSingl /proc/1855/task/1863/status
ThreadPoolSingl /proc/1855/task
ThreadPoolSingl /proc/1855/task/1855/status
ThreadPoolSingl /proc/1855/task/1856/status
ThreadPoolSingl /proc/1855/task/1857/status
ThreadPoolSingl /proc/1855/task/1858/status
ThreadPoolSingl /proc/1855/task/1859/status
ThreadPoolSingl /proc/1855/task/1860/status
ThreadPoolSingl /proc/1855/task/1861/status
selkies /proc/stat
selkies /proc/meminfo
bash /dev/null
find /etc/ld.so.cache
find /lib/x86_64-linux-gnu/libselinux.so.1
find /lib/x86_64-linux-gnu/libc.so.6
find /lib/x86_64-linux-gnu/libpcre2-8.so.0
find /proc/filesystems
find .
find /usr/lib/locale/locale-archive
find /usr/lib/x86_64-linux-gnu/gconv/gconv-modules.cache
find /config/.cache
find mesa_shader_cache
find db
find 0c
find 5e
find 8a
find 59
find dd
find 3d
find 35
find 8d
find 9a
find 80
find 33
find ea
find e1
find 3e
find 6a
find b5
find bc
find e8
find b8
find ef
find b9
find 7e
find 6e
find a2
find 71
find b7
find 8e
find 1a
find 20
find c9
find 26
find 4a
find bd
find 62
find 21
find 2d
find 56
find 86
find 40
find ed
find 9d
find 05
find 03
find 67
find 7d
find 11
find 13
find b6
find 4e
find ba
find e0
find 4f
find f7
find ksplash
find qmlcache
find qtshadercache-x86_64-little_endian-lp64
find plasmashell
find qmlcache
find chromium
find Default
find Cache
find Cache_Data
find index-dir
find No_Vary_Search
find Code Cache
find wasm
find index-dir
find js
find index-dir
find ..
find /config/.config
find openbox
find vlc
find pulse
find autostart
find kdedefaults
find gtk-3.0
find gtk-4.0
find dconf
find xsettingsd
find kde.org
find xfce4
find xfconf
find xfce-perchannel-xml
find chromium
find Crash Reports
find new
find pending
find completed
find attachments
find Default
Chrome_ChildIOT /tmp/.org.chromium.Chromium.8pBpkr
find Sync Data
find LevelDB
find Shared Dictionary
find cache
find index-dir
find ClientCertificates
find Site Characteristics Database
find Local Storage
find leveldb
find discounts_db
find commerce_subscription_db
find chrome_cart_db
find discount_infos_db
find parcel_tracking_db
find Segmentation Platform
Chrome_ChildIOT /tmp/.org.chromium.Chromium.4TXfvZ
find SegmentInfoDB
Chrome_ChildIOT /tmp/.org.chromium.Chromium.4TXfvZ
find SignalDB
find SignalStorageConfigDB
Chrome_IOThread /tmp/.org.chromium.Chromium.fMoG8j
find PersistentOriginTrials
find Extension Rules
find Extension Scripts
Chrome_IOThread /tmp/.org.chromium.Chromium.rvSEEv
find shared_proto_db
find metadata
find Extension State
find Sessions
find GPUCache
find DawnWebGPUCache
find DawnGraphiteCache
find Session Storage
find WebStorage
find blob_storage
find c5aec5bd-dae5-4e7d-8fdd-9ea99eaa8439
find optimization_guide_hint_cache_store
find AutofillAiModelCache
find AutofillStrikeDatabase
find BudgetDatabase
find GCM Store
find Encryption
find Feature Engagement Tracker
find AvailabilityDB
find EventDB
find NativeMessagingHosts
find component_crx_cache
find ShaderCache
ThreadPoolForeg /config/.cache/chromium/Default/Cache/Cache_Data/03195e87621ef2..
ThreadPoolForeg /config/.cache/chromium/Default/Cache/Cache_Data/03195e87621ef2..
find segmentation_platform
chromium /proc/1641/stat
ThreadPoolForeg /config/.cache/chromium/Default/Cache/Cache_Data/9c5a34e61e68b8..
ThreadPoolForeg /config/.cache/chromium/Default/Cache/Cache_Data/03195e87621ef2..
find Dictionaries
ThreadPoolForeg /config/.cache/chromium/Default/Cache/Cache_Data/73ae919cd9cd10..
chromium /proc/1642/stat
find WidevineCdm
ThreadPoolForeg /config/.cache/chromium/Default/Cache/Cache_Data/990f0027deee7b..
find Subresource Filter
ThreadPoolForeg /config/.cache/chromium/Default/Cache/Cache_Data/990f0027deee7b..
find Unindexed Rules
ThreadPoolForeg /config/.cache/chromium/Default/Cache/Cache_Data/990f0027deee7b..
find OnDeviceHeadSuggestModel
find OptimizationHints
ThreadPoolForeg /config/.cache/chromium/Default/Code Cache/js/d8d8d99967faa84a_..
find TrustTokenKeyCommitments
ThreadPoolForeg /config/.cache/chromium/Default/Cache/Cache_Data/d3e6e89385fa10..
ThreadPoolForeg /config/.cache/chromium/Default/Code Cache/js/d8d8d99967faa84a_..
ThreadPoolForeg /config/.cache/chromium/Default/Cache/Cache_Data/d3e6e89385fa10..
find PrivacySandboxAttestationsPreloaded
ThreadPoolForeg /config/.cache/chromium/Default/Code Cache/js/d8d8d99967faa84a_..
find SSLErrorAssistant
ThreadPoolForeg /config/.cache/chromium/Default/Cache/Cache_Data/2fc09e166e99d4..
ThreadPoolForeg /config/.cache/chromium/Default/Cache/Cache_Data/d3e6e89385fa10..
ThreadPoolForeg /config/.cache/chromium/Default/Cache/Cache_Data/2fc09e166e99d4..
find FileTypePolicies
ThreadPoolForeg /config/.cache/chromium/Default/Cache/Cache_Data/2fc09e166e99d4..
ThreadPoolForeg /config/.cache/chromium/Default/Cache/Cache_Data/ccb3a8f2c68cbc..
ThreadPoolForeg /config/.cache/chromium/Default/Cache/Cache_Data/87a6061adabd25..
ThreadPoolForeg /config/.cache/chromium/Default/Cache/Cache_Data/ccb3a8f2c68cbc..
find OriginTrials
find CertificateRevocation
ThreadPoolForeg /config/.cache/chromium/Default/Code Cache/js/80255d1b8506eac8_..
ThreadPoolForeg /config/.cache/chromium/Default/Code Cache/js/80255d1b8506eac8_..
find MEIPreload
ThreadPoolForeg /config/.cache/chromium/Default/Cache/Cache_Data/ccb3a8f2c68cbc..
find PKIMetadata
ThreadPoolForeg /config/.cache/chromium/Default/Code Cache/js/80255d1b8506eac8_..
ThreadPoolForeg /config/.cache/chromium/Default/Code Cache/js/83d7ae231cc71a12_..
ThreadPoolForeg /config/.cache/chromium/Default/Code Cache/js/83d7ae231cc71a12_..
find SafetyTips
find Crowd Deny
ThreadPoolForeg /config/.cache/chromium/Default/Code Cache/js/7c7c8cc45c2c043f_..
ThreadPoolForeg /config/.cache/chromium/Default/Code Cache/js/7c7c8cc45c2c043f_..
ThreadPoolForeg /config/.cache/chromium/Default/Code Cache/js/83d7ae231cc71a12_..
find hyphen-data
find ZxcvbnData
ThreadPoolForeg /config/.cache/chromium/Default/Code Cache/js/7c7c8cc45c2c043f_..
find ActorSafetyLists
find AmountExtractionHeuristicRegexes
find WasmTtsEngine
find CaptchaProviders
ThreadPoolForeg /config/.cache/chromium/Default/Code Cache/js/8376db4d6347502e_..
ThreadPoolForeg /config/.cache/chromium/Default/Code Cache/js/8376db4d6347502e_..
find GrShaderCache
ThreadPoolForeg /config/.cache/chromium/Default/Code Cache/js/8376db4d6347502e_..
find GraphiteDawnCache
chromium /proc/1641/stat
ThreadPoolForeg /config/.cache/chromium/Default/Cache/Cache_Data/20536dc19bcb65..
ThreadPoolForeg /config/.cache/chromium/Default/Cache/Cache_Data/20536dc19bcb65..
find FirstPartySetsPreloaded
ThreadPoolForeg /config/.cache/chromium/Default/Cache/Cache_Data/e24d41868f5295..
ThreadPoolForeg /config/.cache/chromium/Default/Cache/Cache_Data/e24d41868f5295..
find extensions_crx_cache
ThreadPoolForeg /config/.cache/chromium/Default/Cache/Cache_Data/20536dc19bcb65..
ThreadPoolForeg /config/.cache/chromium/Default/Cache/Cache_Data/5f8a58e807543c..
ThreadPoolForeg /config/.cache/chromium/Default/Cache/Cache_Data/5f8a58e807543c..
find ..
ThreadPoolForeg /config/.cache/chromium/Default/Cache/Cache_Data/e24d41868f5295..
find /config/.local
ThreadPoolForeg /config/.cache/chromium/Default/Cache/Cache_Data/5f8a58e807543c..
ThreadPoolForeg /config/.cache/chromium/Default/Cache/Cache_Data/b78bde70238ce7..
find bin
ThreadPoolForeg /config/.cache/chromium/Default/Cache/Cache_Data/5f57515c4357a3..
find share
ThreadPoolForeg /config/.cache/chromium/Default/Cache/Cache_Data/c3c1052d58111d..
ThreadPoolForeg /config/.cache/chromium/Default/Cache/Cache_Data/c3c1052d58111d..
find kactivitymanagerd
ThreadPoolForeg /config/.cache/chromium/Default/Cache/Cache_Data/ac9a4571f09e10..
ThreadPoolForeg /config/.cache/chromium/Default/Cache/Cache_Data/c3c1052d58111d..
find resources
find test-backup
find working-backup
find baloo
find pki
find nssdb
Chrome_ChildIOT /tmp/.org.chromium.Chromium.SE0pyk
sleep /etc/ld.so.cache
sleep /lib/x86_64-linux-gnu/libc.so.6
sleep /usr/lib/locale/locale-archive
sleep /usr/share/locale/locale.alias
sleep /usr/share/locale/en_US/LC_MESSAGES/coreutils.mo
sleep /usr/share/locale/en/LC_MESSAGES/coreutils.mo
sleep /usr/share/locale-langpack/en_US/LC_MESSAGES/coreutils.mo
sleep /usr/share/locale-langpack/en/LC_MESSAGES/coreutils.mo
Chrome_ChildIOT /tmp/.org.chromium.Chromium.tXlWGU
Chrome_ChildIOT /tmp/.org.chromium.Chromium.dQYnoB
Chrome_ChildIOT /tmp/.org.chromium.Chromium.EcOm5C
Chrome_ChildIOT /tmp/.org.chromium.Chromium.Kv5Szs
Chrome_ChildIOT /tmp/.org.chromium.Chromium.QkTYkx
Chrome_ChildIOT /tmp/.org.chromium.Chromium.vo8DXW
Chrome_ChildIOT /tmp/.org.chromium.Chromium.U8i4tt
Chrome_ChildIOT /tmp/.org.chromium.Chromium.8x3FL9
Chrome_IOThread /tmp/.org.chromium.Chromium.SIauXq
Chrome_IOThread /tmp/.org.chromium.Chromium.SIauXq
ThreadPoolSingl /proc/1641/task
ThreadPoolSingl /proc/1641/task/1641/status
ThreadPoolSingl /proc/1641/task/1644/status
ThreadPoolSingl /proc/1641/task/1645/status
ThreadPoolForeg /config/.cache/chromium/Default/Cache/Cache_Data/10f00c3d654b86..
ThreadPoolSingl /proc/1641/task/1646/status
ThreadPoolSingl /proc/1641/task/1647/status
ThreadPoolSingl /proc/1641/task/1649/status
ThreadPoolSingl /proc/1641/task/1659/status
ThreadPoolSingl /proc/1641/task/1661/status
ThreadPoolSingl /proc/1641/task/1663/status
ThreadPoolSingl /proc/1641/task/1871/status
ThreadPoolSingl /proc/1641/task
ThreadPoolSingl /proc/1641/task/1641/status
ThreadPoolSingl /proc/1641/task/1644/status
ThreadPoolSingl /proc/1641/task/1645/status
ThreadPoolSingl /proc/1641/task/1646/status
ThreadPoolSingl /proc/1641/task/1647/status
ThreadPoolSingl /proc/1641/task/1649/status
ThreadPoolSingl /proc/1641/task/1659/status
ThreadPoolSingl /proc/1641/task/1661/status
ThreadPoolSingl /proc/1641/task/1663/status
ThreadPoolSingl /proc/1641/task/1871/status
ThreadPoolSingl /proc/1641/task/1872/status
ThreadPoolSingl /proc/1641/task
ThreadPoolSingl /proc/1641/task/1641/status
ThreadPoolSingl /proc/1641/task/1644/status
ThreadPoolSingl /proc/1641/task/1645/status
ThreadPoolSingl /proc/1641/task/1646/status
ThreadPoolSingl /proc/1641/task/1647/status
ThreadPoolSingl /proc/1641/task/1649/status
ThreadPoolSingl /proc/1641/task/1659/status
ThreadPoolSingl /proc/1641/task/1661/status
ThreadPoolSingl /proc/1641/task/1663/status
ThreadPoolSingl /proc/1641/task/1871/status
ThreadPoolSingl /proc/1641/task/1872/status
ThreadPoolSingl /proc/1641/task/1873/status
Chrome_IOThread /tmp/.org.chromium.Chromium.Rf2zkS
ThreadPoolSingl /proc/1641/task
ThreadPoolSingl /proc/1641/task/1641/status
ThreadPoolSingl /proc/1641/task/1644/status
ThreadPoolSingl /proc/1641/task/1645/status
ThreadPoolSingl /proc/1641/task/1646/status
ThreadPoolSingl /proc/1641/task/1647/status
ThreadPoolSingl /proc/1641/task/1649/status
ThreadPoolSingl /proc/1641/task/1659/status
ThreadPoolSingl /proc/1641/task/1661/status
ThreadPoolSingl /proc/1641/task/1663/status
ThreadPoolSingl /proc/1641/task/1871/status
ThreadPoolSingl /proc/1641/task/1872/status
ThreadPoolSingl /proc/1641/task/1873/status
ThreadPoolSingl /proc/1641/task/1874/status
ThreadPoolSingl /proc/1641/task
ThreadPoolSingl /proc/1641/task/1641/status
ThreadPoolSingl /proc/1641/task/1644/status
ThreadPoolSingl /proc/1641/task/1645/status
ThreadPoolSingl /proc/1641/task/1646/status
ThreadPoolSingl /proc/1641/task/1647/status
ThreadPoolSingl /proc/1641/task/1649/status
ThreadPoolSingl /proc/1641/task/1659/status
ThreadPoolSingl /proc/1641/task/1661/status
ThreadPoolSingl /proc/1641/task/1663/status
ThreadPoolSingl /proc/1641/task/1871/status
ThreadPoolSingl /proc/1641/task/1872/status
ThreadPoolSingl /proc/1641/task/1873/status
ThreadPoolSingl /proc/1641/task/1874/status
ThreadPoolSingl /proc/1641/task/1875/status
ThreadPoolSingl /proc/1641/task
ThreadPoolSingl /proc/1641/task/1641/status
ThreadPoolSingl /proc/1641/task/1644/status
ThreadPoolSingl /proc/1641/task/1645/status
ThreadPoolSingl /proc/1641/task/1646/status
ThreadPoolSingl /proc/1641/task/1647/status
ThreadPoolSingl /proc/1641/task/1649/status
ThreadPoolSingl /proc/1641/task/1659/status
ThreadPoolSingl /proc/1641/task/1661/status
ThreadPoolSingl /proc/1641/task/1663/status
ThreadPoolSingl /proc/1641/task/1871/status
ThreadPoolSingl /proc/1641/task/1872/status
ThreadPoolSingl /proc/1641/task/1873/status
ThreadPoolSingl /proc/1641/task/1874/status
Chrome_ChildIOT /tmp/.org.chromium.Chromium.Jj5tok
ThreadPoolSingl /proc/1641/task/1875/status
ThreadPoolSingl /proc/1641/task/1876/status
ThreadPoolSingl /proc/1641/task
ThreadPoolSingl /proc/1641/task/1641/status
ThreadPoolSingl /proc/1641/task/1644/status
ThreadPoolSingl /proc/1641/task/1645/status
ThreadPoolSingl /proc/1641/task/1646/status
ThreadPoolSingl /proc/1641/task/1647/status
ThreadPoolSingl /proc/1641/task/1649/status
ThreadPoolSingl /proc/1641/task/1659/status
ThreadPoolSingl /proc/1641/task/1661/status
ThreadPoolSingl /proc/1641/task/1663/status
ThreadPoolSingl /proc/1641/task/1871/status
ThreadPoolSingl /proc/1641/task/1872/status
ThreadPoolSingl /proc/1641/task/1873/status
ThreadPoolSingl /proc/1641/task/1874/status
ThreadPoolSingl /proc/1641/task/1875/status
ThreadPoolSingl /proc/1641/task/1876/status
ThreadPoolSingl /proc/1641/task/1877/status
Chrome_ChildIOT /tmp/.org.chromium.Chromium.beAFnn
xclip /etc/ld.so.cache
xclip /lib/x86_64-linux-gnu/libXmu.so.6
xclip /lib/x86_64-linux-gnu/libX11.so.6
xclip /lib/x86_64-linux-gnu/libc.so.6
xclip /lib/x86_64-linux-gnu/libXt.so.6
xclip /lib/x86_64-linux-gnu/libXext.so.6
xclip /lib/x86_64-linux-gnu/libxcb.so.1
xclip /lib/x86_64-linux-gnu/libSM.so.6
xclip /lib/x86_64-linux-gnu/libICE.so.6
xclip /lib/x86_64-linux-gnu/libXau.so.6
xclip /lib/x86_64-linux-gnu/libXdmcp.so.6
xclip /lib/x86_64-linux-gnu/libuuid.so.1
xclip /lib/x86_64-linux-gnu/libbsd.so.0
xclip /lib/x86_64-linux-gnu/libmd.so.0
xclip /usr/share/X11/locale/locale.alias
xclip /usr/share/X11/locale/locale.dir
xclip /usr/share/X11/locale/C/XLC_LOCALE
xclip /usr/share/X11/locale/locale.alias
xclip /usr/share/X11/locale/locale.dir
xclip /usr/share/X11/locale/C/XLC_LOCALE
Xvfb /proc/1878/cmdline
plasmashell /config/.local/share/kservices5
plasmashell /config/.local/share/mime
plasmashell /etc/xdg/menus
plasmashell /usr/local/share/kservices5
plasmashell /usr/local/share/mime
plasmashell /usr/share/kservices5
plasmashell /usr/share/kservices5/ServiceMenus
plasmashell /usr/share/kservices5/qimageioplugins
plasmashell /usr/share/kservices5/searchproviders
plasmashell /usr/share/mime
plasmashell /usr/share/mime/application
plasmashell /usr/share/mime/audio
plasmashell /usr/share/mime/chemical
bash /dev/null
plasmashell /usr/share/mime/font
plasmashell /usr/share/mime/image
find /etc/ld.so.cache
find /lib/x86_64-linux-gnu/libselinux.so.1
plasmashell /usr/share/mime/inode
find /lib/x86_64-linux-gnu/libc.so.6
find /lib/x86_64-linux-gnu/libpcre2-8.so.0
plasmashell /usr/share/mime/message
plasmashell /usr/share/mime/model
plasmashell /usr/share/mime/multipart
plasmashell /usr/share/mime/packages
find /proc/filesystems
plasmashell /usr/share/mime/text
find .
find /usr/lib/locale/locale-archive
plasmashell /usr/share/mime/video
find /usr/lib/x86_64-linux-gnu/gconv/gconv-modules.cache
plasmashell /usr/share/mime/x-content
find /config/.cache
plasmashell /usr/share/mime/x-epoc
find mesa_shader_cache
find db
find 0c
find 5e
find 8a
find 59
find dd
find 3d
find 35
find 8d
find 9a
find 80
find 33
find ea
find e1
find 3e
find 6a
find b5
find bc
find e8
find b8
find ef
find b9
find 7e
find 6e
find a2
find 71
find b7
find 8e
find 1a
find 20
find c9
find 26
find 4a
find bd
find 62
find 21
find 2d
find 56
find 86
find 40
find ed
find 9d
find 05
find 03
find 67
find 7d
find 11
find 13
find b6
find 4e
find ba
find e0
find 4f
find f7
find ksplash
find qmlcache
find qtshadercache-x86_64-little_endian-lp64
find plasmashell
find qmlcache
find chromium
find Default
find Cache
find Cache_Data
find index-dir
find No_Vary_Search
find Code Cache
find wasm
find index-dir
find js
find index-dir
find ..
find /config/.config
find openbox
find vlc
find pulse
find autostart
find kdedefaults
Chrome_ChildIOT /tmp/.org.chromium.Chromium.geKwnQ
find gtk-3.0
find gtk-4.0
find dconf
find xsettingsd
find kde.org
find xfce4
find xfconf
find xfce-perchannel-xml
find chromium
find Crash Reports
find new
find pending
find completed
find attachments
find Default
find Sync Data
find LevelDB
find Shared Dictionary
find cache
find index-dir
find ClientCertificates
find Site Characteristics Database
find Local Storage
find leveldb
find discounts_db
find commerce_subscription_db
find chrome_cart_db
find discount_infos_db
find parcel_tracking_db
find Segmentation Platform
find SegmentInfoDB
find SignalDB
find SignalStorageConfigDB
find PersistentOriginTrials
find Extension Rules
find Extension Scripts
find shared_proto_db
find metadata
find Extension State
find Sessions
find GPUCache
find DawnWebGPUCache
ThreadPoolForeg /config/.cache/chromium/Default/Code Cache/js/8c367208925803b1_..
ThreadPoolForeg /config/.cache/chromium/Default/Code Cache/js/d8d8d99967faa84a_..
ThreadPoolForeg /config/.cache/chromium/Default/Code Cache/js/d8d8d99967faa84a_..
find DawnGraphiteCache
ThreadPoolForeg /config/.cache/chromium/Default/Code Cache/js/d8d8d99967faa84a_..
find Session Storage
find WebStorage
find blob_storage
find c5aec5bd-dae5-4e7d-8fdd-9ea99eaa8439
find optimization_guide_hint_cache_store
find AutofillAiModelCache
find AutofillStrikeDatabase
find BudgetDatabase
find GCM Store
find Encryption
find Feature Engagement Tracker
find AvailabilityDB
find EventDB
find NativeMessagingHosts
find component_crx_cache
find ShaderCache
find segmentation_platform
find Dictionaries
find WidevineCdm
find Subresource Filter
find Unindexed Rules
find OnDeviceHeadSuggestModel
find OptimizationHints
find TrustTokenKeyCommitments
find PrivacySandboxAttestationsPreloaded
find SSLErrorAssistant
find FileTypePolicies
find OriginTrials
find CertificateRevocation
find MEIPreload
find PKIMetadata
find SafetyTips
find Crowd Deny
find hyphen-data
find ZxcvbnData
find ActorSafetyLists
find AmountExtractionHeuristicRegexes
find WasmTtsEngine
find CaptchaProviders
find GrShaderCache
find GraphiteDawnCache
find FirstPartySetsPreloaded
find extensions_crx_cache
find ..
find /config/.local
find bin
find share
find kactivitymanagerd
find resources
find test-backup
find working-backup
find baloo
find pki
find nssdb
sleep /etc/ld.so.cache
sleep /lib/x86_64-linux-gnu/libc.so.6
sleep /usr/lib/locale/locale-archive
sleep /usr/share/locale/locale.alias
sleep /usr/share/locale/en_US/LC_MESSAGES/coreutils.mo
sleep /usr/share/locale/en/LC_MESSAGES/coreutils.mo
sleep /usr/share/locale-langpack/en_US/LC_MESSAGES/coreutils.mo
sleep /usr/share/locale-langpack/en/LC_MESSAGES/coreutils.mo
Chrome_IOThread /tmp/.org.chromium.Chromium.IparRF
Chrome_IOThread /tmp/.org.chromium.Chromium.IparRF
Chrome_ChildIOT /tmp/.org.chromium.Chromium.CIunio
ThreadPoolSingl /tmp/.org.chromium.Chromium.tutNno
ThreadPoolSingl /tmp/.org.chromium.Chromium.tutNno
ThreadPoolForeg /config/.cache/chromium/Default/Code Cache/js/f9e1789d40b2d5f5_..
ThreadPoolForeg /config/.cache/chromium/Default/Code Cache/js/80255d1b8506eac8_..
ThreadPoolForeg /config/.cache/chromium/Default/Code Cache/js/80255d1b8506eac8_..
ThreadPoolForeg /config/.cache/chromium/Default/Code Cache/js/80255d1b8506eac8_..
Chrome_IOThread /tmp/.org.chromium.Chromium.a7VMKP
Chrome_IOThread /tmp/.org.chromium.Chromium.a7VMKP
ThreadPoolSingl /tmp/.org.chromium.Chromium.2FB0dl
ThreadPoolSingl /tmp/.org.chromium.Chromium.2FB0dl
ThreadPoolForeg /config/.cache/chromium/Default/Code Cache/js/22920cc173e8ed30_..
ThreadPoolForeg /config/.cache/chromium/Default/Code Cache/js/83d7ae231cc71a12_..
ThreadPoolForeg /config/.cache/chromium/Default/Code Cache/js/83d7ae231cc71a12_..
ThreadPoolForeg /config/.cache/chromium/Default/Code Cache/js/83d7ae231cc71a12_..
Chrome_ChildIOT /tmp/.org.chromium.Chromium.8xNd1H
Chrome_IOThread /tmp/.org.chromium.Chromium.EBjZHd
Chrome_IOThread /tmp/.org.chromium.Chromium.EBjZHd
ThreadPoolSingl /tmp/.org.chromium.Chromium.izWKYm
ThreadPoolSingl /tmp/.org.chromium.Chromium.izWKYm
ThreadPoolForeg /config/.cache/chromium/Default/Code Cache/js/e3aca041105dacf3_..
ThreadPoolForeg /config/.cache/chromium/Default/Code Cache/js/7c7c8cc45c2c043f_..
ThreadPoolForeg /config/.cache/chromium/Default/Code Cache/js/7c7c8cc45c2c043f_..
ThreadPoolForeg /config/.cache/chromium/Default/Code Cache/js/7c7c8cc45c2c043f_..
Chrome_IOThread /tmp/.org.chromium.Chromium.2X4TUv
Chrome_IOThread /tmp/.org.chromium.Chromium.2X4TUv
ThreadPoolSingl /tmp/.org.chromium.Chromium.CSKasF
ThreadPoolSingl /tmp/.org.chromium.Chromium.CSKasF
ThreadPoolForeg /config/.cache/chromium/Default/Code Cache/js/8773fae079a995b1_..
ThreadPoolForeg /config/.cache/chromium/Default/Code Cache/js/8376db4d6347502e_..
ThreadPoolForeg /config/.cache/chromium/Default/Code Cache/js/8376db4d6347502e_..
ThreadPoolForeg /config/.cache/chromium/Default/Code Cache/js/8376db4d6347502e_..
ThreadPoolForeg /config/.cache/chromium/Default/Cache/Cache_Data/29497e1fed5362..
Chrome_ChildIOT /tmp/.org.chromium.Chromium.L52NcD
Chrome_ChildIOT /tmp/.org.chromium.Chromium.ELKSSQ
bash /dev/null
find /etc/ld.so.cache
find /lib/x86_64-linux-gnu/libselinux.so.1
find /lib/x86_64-linux-gnu/libc.so.6
find /lib/x86_64-linux-gnu/libpcre2-8.so.0
find /proc/filesystems
ThreadPoolForeg /config/.cache/chromium/Default/Code Cache/js/86b661a1a5648f95_..
find .
find /usr/lib/locale/locale-archive
find /usr/lib/x86_64-linux-gnu/gconv/gconv-modules.cache
find /config/.cache
find mesa_shader_cache
find db
find 0c
find 5e
find 8a
find 59
find dd
find 3d
find 35
find 8d
find 9a
find 80
find 33
find ea
find e1
find 3e
find 6a
find b5
find bc
find e8
find b8
find ef
find b9
find 7e
find 6e
find a2
find 71
find b7
find 8e
find 1a
find 20
find c9
find 26
find 4a
find bd
find 62
find 21
find 2d
find 56
find 86
find 40
find ed
find 9d
find 05
find 03
find 67
find 7d
find 11
find 13
find b6
find 4e
find ba
find e0
find 4f
find f7
find ksplash
find qmlcache
find qtshadercache-x86_64-little_endian-lp64
find plasmashell
find qmlcache
find chromium
find Default
find Cache
find Cache_Data
find index-dir
find No_Vary_Search
find Code Cache
find wasm
find index-dir
find js
find index-dir
find ..
find /config/.config
find openbox
find vlc
find pulse
find autostart
find kdedefaults
find gtk-3.0
find gtk-4.0
find dconf
find xsettingsd
find kde.org
find xfce4
find xfconf
find xfce-perchannel-xml
find chromium
find Crash Reports
find new
find pending
find completed
find attachments
find Default
find Sync Data
find LevelDB
find Shared Dictionary
find cache
find index-dir
find ClientCertificates
find Site Characteristics Database
find Local Storage
find leveldb
find discounts_db
find commerce_subscription_db
find chrome_cart_db
find discount_infos_db
find parcel_tracking_db
find Segmentation Platform
find SegmentInfoDB
find SignalDB
find SignalStorageConfigDB
find PersistentOriginTrials
find Extension Rules
find Extension Scripts
find shared_proto_db
find metadata
find Extension State
find Sessions
find GPUCache
find DawnWebGPUCache
find DawnGraphiteCache
find Session Storage
find WebStorage
find blob_storage
find c5aec5bd-dae5-4e7d-8fdd-9ea99eaa8439
find optimization_guide_hint_cache_store
find AutofillAiModelCache
find AutofillStrikeDatabase
find BudgetDatabase
find GCM Store
find Encryption
find Feature Engagement Tracker
find AvailabilityDB
find EventDB
find NativeMessagingHosts
find component_crx_cache
find ShaderCache
find segmentation_platform
find Dictionaries
find WidevineCdm
find Subresource Filter
find Unindexed Rules
find OnDeviceHeadSuggestModel
find OptimizationHints
find TrustTokenKeyCommitments
find PrivacySandboxAttestationsPreloaded
find SSLErrorAssistant
find FileTypePolicies
find OriginTrials
find CertificateRevocation
find MEIPreload
find PKIMetadata
find SafetyTips
find Crowd Deny
find hyphen-data
find ZxcvbnData
find ActorSafetyLists
find AmountExtractionHeuristicRegexes
find WasmTtsEngine
find CaptchaProviders
find GrShaderCache
find GraphiteDawnCache
find FirstPartySetsPreloaded
find extensions_crx_cache
find ..
find /config/.local
find bin
find share
find kactivitymanagerd
find resources
find test-backup
find working-backup
find baloo
find pki
find nssdb
sleep /etc/ld.so.cache
sleep /lib/x86_64-linux-gnu/libc.so.6
sleep /usr/lib/locale/locale-archive
sleep /usr/share/locale/locale.alias
sleep /usr/share/locale/en_US/LC_MESSAGES/coreutils.mo
sleep /usr/share/locale/en/LC_MESSAGES/coreutils.mo
sleep /usr/share/locale-langpack/en_US/LC_MESSAGES/coreutils.mo
sleep /usr/share/locale-langpack/en/LC_MESSAGES/coreutils.mo
ThreadPoolForeg /config/.cache/chromium/Default/Cache/Cache_Data/6ee8f251e2a380..
ThreadPoolForeg /config/.cache/chromium/Default/Cache/Cache_Data/c42adf2a931aeb..
ThreadPoolForeg /config/.cache/chromium/Default/Cache/Cache_Data/b30c63a14fd131..
ThreadPoolForeg /config/.cache/chromium/Default/Cache/Cache_Data/99ec2cbff101c4..
ThreadPoolForeg /config/.cache/chromium/Default/Cache/Cache_Data/2612e13ace9eaa..
ThreadPoolForeg /config/.cache/chromium/Default/Cache/Cache_Data/06ddb79961149e..
ThreadPoolForeg /config/.cache/chromium/Default/Cache/Cache_Data/612c599117b11d..
chromium /proc/1641/stat
ThreadPoolForeg /config/.cache/chromium/Default/Cache/Cache_Data/4d5e10c2441b2a..
ThreadPoolForeg /config/.cache/chromium/Default/Cache/Cache_Data/4d5e10c2441b2a..
ThreadPoolForeg /config/.cache/chromium/Default/Cache/Cache_Data/4d5e10c2441b2a..
Chrome_ChildIOT /tmp/.org.chromium.Chromium.qvYE7d
Chrome_IOThread /tmp/.org.chromium.Chromium.4nVBcb
Chrome_IOThread /tmp/.org.chromium.Chromium.4nVBcb
Chrome_IOThread /tmp/.org.chromium.Chromium.JfC09S
ThreadPoolForeg /config/.cache/chromium/Default/Code Cache/js/8ad6998c23bcf079_..
Chrome_IOThread /tmp/.org.chromium.Chromium.JfC09S
ThreadPoolForeg /config/.cache/chromium/Default/Code Cache/js/81e74200e5fb0d4d_..
Chrome_IOThread /tmp/.org.chromium.Chromium.tyM4l8
Chrome_IOThread /tmp/.org.chromium.Chromium.tyM4l8
Chrome_IOThread /tmp/.org.chromium.Chromium.OlOIHZ
Chrome_IOThread /tmp/.org.chromium.Chromium.OlOIHZ
Chrome_IOThread /tmp/.org.chromium.Chromium.zr00Es
Chrome_IOThread /tmp/.org.chromium.Chromium.zr00Es
Chrome_IOThread /tmp/.org.chromium.Chromium.zeWcF2
Chrome_IOThread /tmp/.org.chromium.Chromium.zeWcF2
Chrome_IOThread /tmp/.org.chromium.Chromium.dPgyzz
Chrome_IOThread /tmp/.org.chromium.Chromium.dPgyzz
Chrome_IOThread /tmp/.org.chromium.Chromium.BRqHfU
Chrome_IOThread /tmp/.org.chromium.Chromium.BRqHfU
Chrome_IOThread /tmp/.org.chromium.Chromium.QnNCEy
Chrome_IOThread /tmp/.org.chromium.Chromium.QnNCEy
Chrome_IOThread /tmp/.org.chromium.Chromium.D3qg9R
Chrome_IOThread /tmp/.org.chromium.Chromium.D3qg9R
Chrome_IOThread /tmp/.org.chromium.Chromium.5Hi0ow
Chrome_IOThread /tmp/.org.chromium.Chromium.5Hi0ow
Chrome_IOThread /tmp/.org.chromium.Chromium.g2Z7yC
Chrome_IOThread /tmp/.org.chromium.Chromium.g2Z7yC
Chrome_IOThread /tmp/.org.chromium.Chromium.lmNRmP
Chrome_ChildIOT /tmp/.org.chromium.Chromium.7JDu1Q
chromium /tmp/.org.chromium.Chromium.ggoull
Chrome_IOThread /tmp/.org.chromium.Chromium.kYdjkG
Chrome_IOThread /tmp/.org.chromium.Chromium.kYdjkG
Chrome_IOThread /tmp/.org.chromium.Chromium.0YdH6X
Chrome_IOThread /tmp/.org.chromium.Chromium.0YdH6X
Chrome_IOThread /tmp/.org.chromium.Chromium.biwHsY
Chrome_IOThread /tmp/.org.chromium.Chromium.biwHsY
Chrome_ChildIOT /tmp/.org.chromium.Chromium.CpR0aI
chromium /tmp/.org.chromium.Chromium.v1bxPf
Chrome_ChildIOT /tmp/.org.chromium.Chromium.NDhTGN
chromium /tmp/.org.chromium.Chromium.YqhKAa
Chrome_ChildIOT /tmp/.org.chromium.Chromium.C9f8pr
chromium /tmp/.org.chromium.Chromium.NmBCuo
Chrome_ChildIOT /tmp/.org.chromium.Chromium.lxkYPA
chromium /tmp/.org.chromium.Chromium.eIXfju
Chrome_ChildIOT /tmp/.org.chromium.Chromium.BYJLu1
chromium /tmp/.org.chromium.Chromium.XVEnfM
Chrome_ChildIOT /tmp/.org.chromium.Chromium.E1TLM5
Chrome_ChildIOT /tmp/.org.chromium.Chromium.tO9QMC
bash /dev/null
find /etc/ld.so.cache
find /lib/x86_64-linux-gnu/libselinux.so.1
find /lib/x86_64-linux-gnu/libc.so.6
find /lib/x86_64-linux-gnu/libpcre2-8.so.0
find /proc/filesystems
find .
find /usr/lib/locale/locale-archive
find /usr/lib/x86_64-linux-gnu/gconv/gconv-modules.cache
find /config/.cache
find mesa_shader_cache
Chrome_ChildIOT /tmp/.org.chromium.Chromium.QjKKUO
Chrome_ChildIOT /tmp/.org.chromium.Chromium.QjKKUO
find db
find 0c
find 5e
find 8a
find 59
find dd
find 3d
find 35
find 8d
find 9a
find 80
find 33
find ea
find e1
find 3e
find 6a
find b5
find bc
find e8
find b8
find ef
find b9
find 7e
find 6e
find a2
find 71
find b7
find 8e
find 1a
find 20
find c9
find 26
find 4a
find bd
find 62
find 21
find 2d
find 56
ThreadPoolForeg /config/.cache/chromium/Default/Cache/Cache_Data/32194dd0bb16af..
find 86
find 40
ThreadPoolForeg /config/.cache/chromium/Default/Cache/Cache_Data/0135ababe434d3..
find ed
ThreadPoolForeg /config/.cache/chromium/Default/Cache/Cache_Data/a10931a1a69c1e..
find 9d
find 05
find 03
find 67
find 7d
find 11
find 13
find b6
find 4e
find ba
find e0
ThreadPoolForeg /config/.cache/chromium/Default/Cache/Cache_Data/0b20a6cfb09086..
find 4f
find f7
find ksplash
find qmlcache
find qtshadercache-x86_64-little_endian-lp64
find plasmashell
find qmlcache
find chromium
find Default
find Cache
find Cache_Data
find index-dir
find No_Vary_Search
find Code Cache
find wasm
find index-dir
find js
find index-dir
find ..
find /config/.config
find openbox
find vlc
find pulse
find autostart
find kdedefaults
find gtk-3.0
find gtk-4.0
find dconf
find xsettingsd
find kde.org
find xfce4
find xfconf
find xfce-perchannel-xml
find chromium
find Crash Reports
find new
find pending
find completed
find attachments
find Default
find Sync Data
find LevelDB
find Shared Dictionary
find cache
find index-dir
find ClientCertificates
find Site Characteristics Database
find Local Storage
find leveldb
find discounts_db
find commerce_subscription_db
find chrome_cart_db
find discount_infos_db
find parcel_tracking_db
find Segmentation Platform
find SegmentInfoDB
find SignalDB
find SignalStorageConfigDB
find PersistentOriginTrials
find Extension Rules
find Extension Scripts
find shared_proto_db
find metadata
find Extension State
find Sessions
find GPUCache
find DawnWebGPUCache
find DawnGraphiteCache
find Session Storage
find WebStorage
find blob_storage
find c5aec5bd-dae5-4e7d-8fdd-9ea99eaa8439
find optimization_guide_hint_cache_store
find AutofillAiModelCache
find AutofillStrikeDatabase
find BudgetDatabase
find GCM Store
find Encryption
find Feature Engagement Tracker
find AvailabilityDB
find EventDB
find NativeMessagingHosts
find component_crx_cache
find ShaderCache
find segmentation_platform
find Dictionaries
find WidevineCdm
find Subresource Filter
find Unindexed Rules
find OnDeviceHeadSuggestModel
find OptimizationHints
find TrustTokenKeyCommitments
find PrivacySandboxAttestationsPreloaded
find SSLErrorAssistant
find FileTypePolicies
find OriginTrials
find CertificateRevocation
find MEIPreload
find PKIMetadata
find SafetyTips
find Crowd Deny
find hyphen-data
find ZxcvbnData
find ActorSafetyLists
find AmountExtractionHeuristicRegexes
find WasmTtsEngine
find CaptchaProviders
find GrShaderCache
find GraphiteDawnCache
find FirstPartySetsPreloaded
find extensions_crx_cache
find ..
find /config/.local
find bin
find share
find kactivitymanagerd
find resources
find test-backup
find working-backup
find baloo
find pki
find nssdb
ThreadPoolForeg /usr/share/fonts/truetype/noto/NotoSansSymbols2-Regular.ttf
sleep /etc/ld.so.cache
sleep /lib/x86_64-linux-gnu/libc.so.6
sleep /usr/lib/locale/locale-archive
sleep /usr/share/locale/locale.alias
sleep /usr/share/locale/en_US/LC_MESSAGES/coreutils.mo
sleep /usr/share/locale/en/LC_MESSAGES/coreutils.mo
sleep /usr/share/locale-langpack/en_US/LC_MESSAGES/coreutils.mo
sleep /usr/share/locale-langpack/en/LC_MESSAGES/coreutils.mo
Chrome_ChildIOT /tmp/.org.chromium.Chromium.VQYerd
Chrome_IOThread /tmp/.org.chromium.Chromium.enpbC0
Chrome_IOThread /tmp/.org.chromium.Chromium.enpbC0
Chrome_IOThread /tmp/.org.chromium.Chromium.sR4gBu
Chrome_IOThread /tmp/.org.chromium.Chromium.sR4gBu
Chrome_IOThread /tmp/.org.chromium.Chromium.cUIxW0
Chrome_IOThread /tmp/.org.chromium.Chromium.cUIxW0
Chrome_IOThread /tmp/.org.chromium.Chromium.vciIby
Chrome_IOThread /tmp/.org.chromium.Chromium.vciIby
Chrome_IOThread /tmp/.org.chromium.Chromium.N5Zwvo
Chrome_IOThread /tmp/.org.chromium.Chromium.N5Zwvo
Chrome_IOThread /tmp/.org.chromium.Chromium.R67V4Y
Chrome_IOThread /tmp/.org.chromium.Chromium.R67V4Y
Chrome_ChildIOT /tmp/.org.chromium.Chromium.ZzPOsf
Chrome_IOThread /tmp/.org.chromium.Chromium.fW49Zt
Chrome_IOThread /tmp/.org.chromium.Chromium.fW49Zt
ThreadPoolForeg /config/.cache/chromium/Default/Code Cache/js/86b661a1a5648f95_..
ThreadPoolForeg /config/.cache/chromium/Default/Code Cache/js/86b661a1a5648f95_..
ThreadPoolForeg /config/.cache/chromium/Default/Code Cache/js/86b661a1a5648f95_..
Chrome_IOThread /tmp/.org.chromium.Chromium.96Ca3W
Chrome_ChildIOT /tmp/.org.chromium.Chromium.rd2A2O
Chrome_IOThread /tmp/.org.chromium.Chromium.96Ca3W
Chrome_IOThread /tmp/.org.chromium.Chromium.qMkJOB
Chrome_IOThread /tmp/.org.chromium.Chromium.qMkJOB
Chrome_IOThread /tmp/.org.chromium.Chromium.tT5ag2
Chrome_IOThread /tmp/.org.chromium.Chromium.tT5ag2
Chrome_ChildIOT /tmp/.org.chromium.Chromium.W8CCy7
Chrome_IOThread /tmp/.org.chromium.Chromium.JaSNJc
Chrome_IOThread /tmp/.org.chromium.Chromium.JaSNJc
chromium /proc/1641/stat
ThreadPoolForeg /config/.cache/chromium/Default/Cache/Cache_Data/a57a843ad21df1..
ThreadPoolForeg /config/.cache/chromium/Default/Cache/Cache_Data/a57a843ad21df1..
ThreadPoolForeg /config/.cache/chromium/Default/Cache/Cache_Data/a57a843ad21df1..
Chrome_ChildIOT /tmp/.org.chromium.Chromium.vg65jw
Chrome_IOThread /tmp/.org.chromium.Chromium.ppbjQT
Chrome_IOThread /tmp/.org.chromium.Chromium.ppbjQT
Chrome_IOThread /tmp/.org.chromium.Chromium.CUSSW9
Chrome_IOThread /tmp/.org.chromium.Chromium.CUSSW9
Chrome_IOThread /tmp/.org.chromium.Chromium.tChpJS
Chrome_IOThread /tmp/.org.chromium.Chromium.tChpJS
ThreadPoolForeg /config/.cache/chromium/Default/Code Cache/js/389baddd4430a034_..
ThreadPoolForeg /config/.icons/breeze_cursors/cursors/left_ptr
ThreadPoolForeg /config/.icons/breeze_cursors/index.theme
ThreadPoolForeg /usr/share/icons/breeze_cursors/cursors/left_ptr
bash /dev/null
find /etc/ld.so.cache
find /lib/x86_64-linux-gnu/libselinux.so.1
find /lib/x86_64-linux-gnu/libc.so.6
find /lib/x86_64-linux-gnu/libpcre2-8.so.0
find /proc/filesystems
find .
find /usr/lib/locale/locale-archive
find /usr/lib/x86_64-linux-gnu/gconv/gconv-modules.cache
find /config/.cache
find mesa_shader_cache
find db
find 0c
find 5e
find 8a
find 59
find dd
find 3d
find 35
find 8d
find 9a
find 80
find 33
find ea
find e1
find 3e
find 6a
find b5
find bc
find e8
find b8
find ef
find b9
find 7e
find 6e
find a2
find 71
find b7
find 8e
find 1a
find 20
find c9
find 26
find 4a
find bd
find 62
find 21
find 2d
find 56
find 86
find 40
find ed
find 9d
find 05
find 03
find 67
find 7d
find 11
find 13
find b6
find 4e
find ba
find e0
find 4f
find f7
find ksplash
find qmlcache
find qtshadercache-x86_64-little_endian-lp64
find plasmashell
find qmlcache
find chromium
find Default
find Cache
find Cache_Data
find index-dir
find No_Vary_Search
find Code Cache
find wasm
find index-dir
find js
find index-dir
find ..
find /config/.config
find openbox
find vlc
find pulse
find autostart
find kdedefaults
find gtk-3.0
find gtk-4.0
find dconf
find xsettingsd
find kde.org
find xfce4
find xfconf
find xfce-perchannel-xml
find chromium
find Crash Reports
find new
find pending
find completed
find attachments
find Default
find Sync Data
find LevelDB
find Shared Dictionary
find cache
find index-dir
find ClientCertificates
find Site Characteristics Database
find Local Storage
find leveldb
find discounts_db
find commerce_subscription_db
find chrome_cart_db
find discount_infos_db
find parcel_tracking_db
find Segmentation Platform
find SegmentInfoDB
find SignalDB
find SignalStorageConfigDB
find PersistentOriginTrials
find Extension Rules
find Extension Scripts
find shared_proto_db
find metadata
find Extension State
find Sessions
find GPUCache
find DawnWebGPUCache
find DawnGraphiteCache
find Session Storage
find WebStorage
find blob_storage
find c5aec5bd-dae5-4e7d-8fdd-9ea99eaa8439
find optimization_guide_hint_cache_store
find AutofillAiModelCache
find AutofillStrikeDatabase
find BudgetDatabase
find GCM Store
find Encryption
find Feature Engagement Tracker
find AvailabilityDB
find EventDB
find NativeMessagingHosts
find component_crx_cache
find ShaderCache
find segmentation_platform
find Dictionaries
find WidevineCdm
find Subresource Filter
find Unindexed Rules
find OnDeviceHeadSuggestModel
find OptimizationHints
find TrustTokenKeyCommitments
find PrivacySandboxAttestationsPreloaded
find SSLErrorAssistant
find FileTypePolicies
find OriginTrials
find CertificateRevocation
find MEIPreload
find PKIMetadata
find SafetyTips
find Crowd Deny
find hyphen-data
find ZxcvbnData
find ActorSafetyLists
find AmountExtractionHeuristicRegexes
find WasmTtsEngine
find CaptchaProviders
find GrShaderCache
find GraphiteDawnCache
find FirstPartySetsPreloaded
xclip /etc/ld.so.cache
xclip /lib/x86_64-linux-gnu/libXmu.so.6
find extensions_crx_cache
xclip /lib/x86_64-linux-gnu/libX11.so.6
find ..
xclip /lib/x86_64-linux-gnu/libc.so.6
find /config/.local
xclip /lib/x86_64-linux-gnu/libXt.so.6
ThreadPoolForeg /config/.icons/breeze_cursors/cursors/pointer
ThreadPoolForeg /config/.icons/breeze_cursors/index.theme
find bin
xclip /lib/x86_64-linux-gnu/libXext.so.6
xclip /lib/x86_64-linux-gnu/libxcb.so.1
ThreadPoolForeg /usr/share/icons/breeze_cursors/cursors/pointer
xclip /lib/x86_64-linux-gnu/libSM.so.6
find share
xclip /lib/x86_64-linux-gnu/libICE.so.6
find kactivitymanagerd
xclip /lib/x86_64-linux-gnu/libXau.so.6
xclip /lib/x86_64-linux-gnu/libXdmcp.so.6
find resources
xclip /lib/x86_64-linux-gnu/libuuid.so.1
find test-backup
xclip /lib/x86_64-linux-gnu/libbsd.so.0
xclip /lib/x86_64-linux-gnu/libmd.so.0
find working-backup
find baloo
find pki
find nssdb
xclip /usr/share/X11/locale/locale.alias
xclip /usr/share/X11/locale/locale.dir
xclip /usr/share/X11/locale/C/XLC_LOCALE
xclip /usr/share/X11/locale/locale.alias
xclip /usr/share/X11/locale/locale.dir
xclip /usr/share/X11/locale/C/XLC_LOCALE
Xvfb /proc/1908/cmdline
sleep /etc/ld.so.cache
sleep /lib/x86_64-linux-gnu/libc.so.6
sleep /usr/lib/locale/locale-archive
sleep /usr/share/locale/locale.alias
sleep /usr/share/locale/en_US/LC_MESSAGES/coreutils.mo
sleep /usr/share/locale/en/LC_MESSAGES/coreutils.mo
sleep /usr/share/locale-langpack/en_US/LC_MESSAGES/coreutils.mo
sleep /usr/share/locale-langpack/en/LC_MESSAGES/coreutils.mo
Chrome_ChildIOT /tmp/.org.chromium.Chromium.gN0tvw
Chrome_ChildIOT /tmp/.org.chromium.Chromium.vkznm8
ThreadPoolForeg /config/.cache/chromium/Default/Code Cache/js/a921051a85fe80f7_..
ThreadPoolForeg /config/.cache/chromium/Default/Cache/Cache_Data/b471b5db9d06a8..
ThreadPoolForeg /config/.cache/chromium/Default/Cache/Cache_Data/06571dd986ea34..
ThreadPoolForeg /config/.cache/chromium/Default/Cache/Cache_Data/6ee8f251e2a380..
ThreadPoolForeg /config/.cache/chromium/Default/Cache/Cache_Data/6ee8f251e2a380..
ThreadPoolForeg /config/.cache/chromium/Default/Cache/Cache_Data/28498be7422d85..
ThreadPoolForeg /config/.cache/chromium/Default/Cache/Cache_Data/6ee8f251e2a380..
ThreadPoolForeg /config/.cache/chromium/Default/Cache/Cache_Data/c42adf2a931aeb..
ThreadPoolForeg /config/.cache/chromium/Default/Cache/Cache_Data/c42adf2a931aeb..
ThreadPoolForeg /config/.cache/chromium/Default/Cache/Cache_Data/c42adf2a931aeb..
bash /dev/null
Chrome_ChildIOT /tmp/.org.chromium.Chromium.sfc3yG
find /etc/ld.so.cache
find /lib/x86_64-linux-gnu/libselinux.so.1
find /lib/x86_64-linux-gnu/libc.so.6
find /lib/x86_64-linux-gnu/libpcre2-8.so.0
Chrome_ChildIOT /tmp/.org.chromium.Chromium.9ks1Qy
find /proc/filesystems
find .
find /usr/lib/locale/locale-archive
find /usr/lib/x86_64-linux-gnu/gconv/gconv-modules.cache
find /config/.cache
find mesa_shader_cache
find db
find 0c
find 5e
find 8a
find 59
find dd
find 3d
find 35
Chrome_ChildIOT /tmp/.org.chromium.Chromium.6Jr0Gd
find 8d
find 9a
find 80
find 33
find ea
find e1
find 3e
find 6a
find b5
find bc
find e8
find b8
find ef
find b9
find 7e
find 6e
find a2
find 71
find b7
find 8e
find 1a
find 20
Chrome_ChildIOT /tmp/.org.chromium.Chromium.K83X6i
find c9
find 26
find 4a
find bd
find 62
find 21
find 2d
find 56
find 86
find 40
find ed
find 9d
find 05
ThreadPoolForeg /config/.cache/chromium/Default/Cache/Cache_Data/ee971ee482cc24..
find 03
find 67
find 7d
find 11
find 13
find b6
find 4e
find ba
find e0
find 4f
find f7
find ksplash
find qmlcache
find qtshadercache-x86_64-little_endian-lp64
find plasmashell
find qmlcache
find chromium
find Default
find Cache
find Cache_Data
find index-dir
find No_Vary_Search
find Code Cache
find wasm
find index-dir
find js
find index-dir
find ..
find /config/.config
find openbox
find vlc
find pulse
find autostart
find kdedefaults
find gtk-3.0
find gtk-4.0
find dconf
find xsettingsd
find kde.org
find xfce4
find xfconf
find xfce-perchannel-xml
find chromium
find Crash Reports
find new
find pending
find completed
find attachments
find Default
find Sync Data
find LevelDB
find Shared Dictionary
find cache
find index-dir
find ClientCertificates
find Site Characteristics Database
find Local Storage
find leveldb
find discounts_db
find commerce_subscription_db
find chrome_cart_db
find discount_infos_db
ThreadPoolForeg /usr/share/fonts/truetype/ubuntu/Ubuntu[wdth,wght].ttf
find parcel_tracking_db
find Segmentation Platform
find SegmentInfoDB
find SignalDB
find SignalStorageConfigDB
find PersistentOriginTrials
find Extension Rules
find Extension Scripts
ThreadPoolForeg /usr/share/fonts/truetype/ubuntu/Ubuntu[wdth,wght].ttf
ThreadPoolForeg /tmp/.org.chromium.Chromium.B9ZxwO
find shared_proto_db
ThreadPoolForeg /tmp/.org.chromium.Chromium.B9ZxwO
find metadata
find Extension State
find Sessions
find GPUCache
find DawnWebGPUCache
find DawnGraphiteCache
find Session Storage
find WebStorage
find blob_storage
find c5aec5bd-dae5-4e7d-8fdd-9ea99eaa8439
find optimization_guide_hint_cache_store
find AutofillAiModelCache
find AutofillStrikeDatabase
find BudgetDatabase
find GCM Store
find Encryption
Chrome_ChildIOT /tmp/.org.chromium.Chromium.eIOYIG
find Feature Engagement Tracker
find AvailabilityDB
find EventDB
find NativeMessagingHosts
find component_crx_cache
ThreadPoolForeg /usr/share/fonts/truetype/noto/NotoSans-Bold.ttf
ThreadPoolForeg /tmp/.org.chromium.Chromium.K0KUYs
find ShaderCache
ThreadPoolForeg /tmp/.org.chromium.Chromium.K0KUYs
find segmentation_platform
find Dictionaries
find WidevineCdm
find Subresource Filter
find Unindexed Rules
find OnDeviceHeadSuggestModel
find OptimizationHints
find TrustTokenKeyCommitments
find PrivacySandboxAttestationsPreloaded
find SSLErrorAssistant
find FileTypePolicies
find OriginTrials
find CertificateRevocation
find MEIPreload
find PKIMetadata
find SafetyTips
find Crowd Deny
find hyphen-data
find ZxcvbnData
find ActorSafetyLists
find AmountExtractionHeuristicRegexes
find WasmTtsEngine
find CaptchaProviders
find GrShaderCache
find GraphiteDawnCache
find FirstPartySetsPreloaded
find extensions_crx_cache
find ..
find /config/.local
find bin
find share
find kactivitymanagerd
find resources
find test-backup
find working-backup
find baloo
find pki
find nssdb
ThreadPoolForeg /usr/share/fonts/truetype/ubuntu/Ubuntu[wdth,wght].ttf
ThreadPoolForeg /usr/share/fonts/truetype/ubuntu/Ubuntu[wdth,wght].ttf
ThreadPoolForeg /tmp/.org.chromium.Chromium.ubCDmD
ThreadPoolForeg /tmp/.org.chromium.Chromium.ubCDmD
sleep /etc/ld.so.cache
sleep /lib/x86_64-linux-gnu/libc.so.6
sleep /usr/lib/locale/locale-archive
sleep /usr/share/locale/locale.alias
sleep /usr/share/locale/en_US/LC_MESSAGES/coreutils.mo
sleep /usr/share/locale/en/LC_MESSAGES/coreutils.mo
sleep /usr/share/locale-langpack/en_US/LC_MESSAGES/coreutils.mo
sleep /usr/share/locale-langpack/en/LC_MESSAGES/coreutils.mo
Chrome_ChildIOT /tmp/.org.chromium.Chromium.QwLH23
Chrome_ChildIOT /tmp/.org.chromium.Chromium.cDuHwJ
ThreadPoolForeg /config/.cache/chromium/Default/Cache/Cache_Data/2129f8b0cbdc9b..
ThreadPoolForeg /config/.cache/chromium/Default/Cache/Cache_Data/cfb9a655cfc6af..
Chrome_ChildIOT /tmp/.org.chromium.Chromium.LTfHgK
Chrome_IOThread /tmp/.org.chromium.Chromium.GqyI16
Chrome_IOThread /tmp/.org.chromium.Chromium.GqyI16
ThreadPoolForeg /config/.cache/chromium/Default/Cache/Cache_Data/e7b7e828c991dd..
Chrome_IOThread /tmp/.org.chromium.Chromium.lyG5x3
Chrome_IOThread /tmp/.org.chromium.Chromium.lyG5x3
Chrome_IOThread /tmp/.org.chromium.Chromium.7Dl0Ur
Chrome_IOThread /tmp/.org.chromium.Chromium.7Dl0Ur
ThreadPoolForeg /config/.cache/chromium/Default/Cache/Cache_Data/eea5a5503118be..
ThreadPoolForeg /config/.cache/chromium/Default/Cache/Cache_Data/d5c39959ab8088..
ThreadPoolForeg /config/.cache/chromium/Default/Cache/Cache_Data/0340d4a5082cbe..
ThreadPoolForeg /config/.cache/chromium/Default/Cache/Cache_Data/9a0a190739fff1..
Chrome_IOThread /tmp/.org.chromium.Chromium.OD5eEF
Chrome_IOThread /tmp/.org.chromium.Chromium.OD5eEF
ThreadPoolForeg /config/.cache/chromium/Default/Cache/Cache_Data/f5814ae2637a0e..
ThreadPoolForeg /config/.cache/chromium/Default/Cache/Cache_Data/b07ad6616be9aa..
Chrome_IOThread /tmp/.org.chromium.Chromium.GZwZwn
Chrome_IOThread /tmp/.org.chromium.Chromium.GZwZwn
Chrome_IOThread /tmp/.org.chromium.Chromium.pkbGcx
Chrome_IOThread /tmp/.org.chromium.Chromium.pkbGcx
Chrome_IOThread /tmp/.org.chromium.Chromium.e1BjVp
Chrome_IOThread /tmp/.org.chromium.Chromium.e1BjVp
Chrome_IOThread /tmp/.org.chromium.Chromium.tquDTE
Chrome_IOThread /tmp/.org.chromium.Chromium.tquDTE
Chrome_IOThread /tmp/.org.chromium.Chromium.KFq1gn
Chrome_IOThread /tmp/.org.chromium.Chromium.KFq1gn
ThreadPoolForeg /config/.cache/chromium/Default/Code Cache/js/9b0365a4426928bd_..
ThreadPoolForeg /config/.cache/chromium/Default/Code Cache/js/2f3cae4e9cf40c6a_..
ThreadPoolForeg /config/.cache/chromium/Default/Code Cache/js/6857ce2f7d3fbe58_..
Chrome_ChildIOT /tmp/.org.chromium.Chromium.5HIRN7
Chrome_ChildIOT /tmp/.org.chromium.Chromium.hoJH33
bash /dev/null
find /etc/ld.so.cache
find /lib/x86_64-linux-gnu/libselinux.so.1
find /lib/x86_64-linux-gnu/libc.so.6
find /lib/x86_64-linux-gnu/libpcre2-8.so.0
Chrome_ChildIOT /tmp/.org.chromium.Chromium.u97Bae
find /proc/filesystems
find .
find /usr/lib/locale/locale-archive
find /usr/lib/x86_64-linux-gnu/gconv/gconv-modules.cache
find /config/.cache
find mesa_shader_cache
find db
find 0c
find 5e
find 8a
find 59
find dd
find 3d
find 35
find 8d
find 9a
find 80
find 33
find ea
find e1
find 3e
find 6a
find b5
find bc
find e8
find b8
find ef
find b9
find 7e
find 6e
find a2
find 71
find b7
find 8e
find 1a
find 20
find c9
find 26
find 4a
find bd
find 62
find 21
find 2d
find 56
find 86
find 40
find ed
find 9d
find 05
find 03
find 67
find 7d
find 11
find 13
find b6
find 4e
find ba
find e0
find 4f
find f7
find ksplash
find qmlcache
find qtshadercache-x86_64-little_endian-lp64
find plasmashell
find qmlcache
find chromium
find Default
find Cache
find Cache_Data
find index-dir
find No_Vary_Search
find Code Cache
find wasm
find index-dir
find js
find index-dir
find ..
find /config/.config
find openbox
find vlc
find pulse
find autostart
find kdedefaults
find gtk-3.0
find gtk-4.0
find dconf
find xsettingsd
find kde.org
find xfce4
find xfconf
find xfce-perchannel-xml
find chromium
find Crash Reports
find new
find pending
find completed
find attachments
find Default
find Sync Data
find LevelDB
find Shared Dictionary
find cache
find index-dir
find ClientCertificates
find Site Characteristics Database
find Local Storage
find leveldb
find discounts_db
ThreadPoolForeg /config/.cache/chromium/Default/Code Cache/js/51f2c3b90ecb3c58_..
find commerce_subscription_db
find chrome_cart_db
find discount_infos_db
find parcel_tracking_db
find Segmentation Platform
find SegmentInfoDB
find SignalDB
find SignalStorageConfigDB
find PersistentOriginTrials
find Extension Rules
find Extension Scripts
find shared_proto_db
find metadata
find Extension State
find Sessions
find GPUCache
find DawnWebGPUCache
find DawnGraphiteCache
find Session Storage
find WebStorage
find blob_storage
find c5aec5bd-dae5-4e7d-8fdd-9ea99eaa8439
find optimization_guide_hint_cache_store
find AutofillAiModelCache
find AutofillStrikeDatabase
find BudgetDatabase
find GCM Store
find Encryption
find Feature Engagement Tracker
find AvailabilityDB
find EventDB
find NativeMessagingHosts
find component_crx_cache
find ShaderCache
find segmentation_platform
find Dictionaries
find WidevineCdm
find Subresource Filter
find Unindexed Rules
find OnDeviceHeadSuggestModel
find OptimizationHints
find TrustTokenKeyCommitments
find PrivacySandboxAttestationsPreloaded
find SSLErrorAssistant
find FileTypePolicies
find OriginTrials
find CertificateRevocation
find MEIPreload
find PKIMetadata
find SafetyTips
find Crowd Deny
find hyphen-data
find ZxcvbnData
find ActorSafetyLists
find AmountExtractionHeuristicRegexes
find WasmTtsEngine
find CaptchaProviders
find GrShaderCache
find GraphiteDawnCache
find FirstPartySetsPreloaded
find extensions_crx_cache
find ..
find /config/.local
find bin
Chrome_IOThread /tmp/.org.chromium.Chromium.jNziC0
Chrome_IOThread /tmp/.org.chromium.Chromium.jNziC0
find share
find kactivitymanagerd
find resources
Chrome_IOThread /tmp/.org.chromium.Chromium.fYurvE
find test-backup
Chrome_IOThread /tmp/.org.chromium.Chromium.fYurvE
find working-backup
Chrome_IOThread /tmp/.org.chromium.Chromium.dEoGgn
Chrome_IOThread /tmp/.org.chromium.Chromium.dEoGgn
find baloo
find pki
find nssdb
Chrome_IOThread /tmp/.org.chromium.Chromium.GTJNEe
Chrome_IOThread /tmp/.org.chromium.Chromium.GTJNEe
sleep /etc/ld.so.cache
sleep /lib/x86_64-linux-gnu/libc.so.6
sleep /usr/lib/locale/locale-archive
sleep /usr/share/locale/locale.alias
sleep /usr/share/locale/en_US/LC_MESSAGES/coreutils.mo
sleep /usr/share/locale/en/LC_MESSAGES/coreutils.mo
sleep /usr/share/locale-langpack/en_US/LC_MESSAGES/coreutils.mo
sleep /usr/share/locale-langpack/en/LC_MESSAGES/coreutils.mo
selkies /proc/stat
selkies /proc/meminfo
ThreadPoolForeg /config/.cache/chromium/Default/Cache/Cache_Data/da600b137cb023..
ThreadPoolSingl /proc/1641/task
ThreadPoolSingl /proc/1641/task/1641/status
ThreadPoolSingl /proc/1641/task/1644/status
ThreadPoolSingl /proc/1641/task/1645/status
ThreadPoolSingl /proc/1641/task/1646/status
ThreadPoolSingl /proc/1641/task/1647/status
ThreadPoolSingl /proc/1641/task/1649/status
ThreadPoolSingl /proc/1641/task/1659/status
ThreadPoolSingl /proc/1641/task/1661/status
ThreadPoolSingl /proc/1641/task/1663/status
ThreadPoolSingl /proc/1641/task/1871/status
ThreadPoolSingl /proc/1641/task/1872/status
ThreadPoolSingl /proc/1641/task/1873/status
ThreadPoolSingl /proc/1641/task/1874/status
ThreadPoolSingl /proc/1641/task/1875/status
ThreadPoolSingl /proc/1641/task/1876/status
ThreadPoolSingl /proc/1641/task/1877/status
ThreadPoolSingl /proc/1641/task/1934/status
ThreadPoolSingl /proc/1641/task
ThreadPoolSingl /proc/1641/task/1641/status
ThreadPoolSingl /proc/1641/task/1644/status
ThreadPoolSingl /proc/1641/task/1645/status
ThreadPoolSingl /proc/1641/task/1646/status
ThreadPoolSingl /proc/1641/task/1647/status
ThreadPoolSingl /proc/1641/task/1649/status
ThreadPoolSingl /proc/1641/task/1659/status
ThreadPoolSingl /proc/1641/task/1661/status
ThreadPoolSingl /proc/1641/task/1663/status
ThreadPoolSingl /proc/1641/task/1871/status
ThreadPoolSingl /proc/1641/task/1872/status
ThreadPoolSingl /proc/1641/task/1873/status
ThreadPoolSingl /proc/1641/task/1874/status
ThreadPoolSingl /proc/1641/task/1875/status
ThreadPoolSingl /proc/1641/task/1876/status
ThreadPoolSingl /proc/1641/task/1877/status
ThreadPoolSingl /proc/1641/task/1934/status
ThreadPoolSingl /proc/1641/task/1935/status
ThreadPoolSingl /proc/1641/task
ThreadPoolSingl /proc/1641/task/1641/status
ThreadPoolForeg /config/.cache/chromium/Default/Cache/Cache_Data/d04016f8cc860b..
ThreadPoolSingl /proc/1641/task/1644/status
ThreadPoolSingl /proc/1641/task/1645/status
Chrome_ChildIOT /tmp/.org.chromium.Chromium.Vh7NqG
ThreadPoolSingl /proc/1641/task/1646/status
ThreadPoolSingl /proc/1641/task/1647/status
ThreadPoolSingl /proc/1641/task/1649/status
ThreadPoolSingl /proc/1641/task/1659/status
ThreadPoolSingl /proc/1641/task/1661/status
ThreadPoolSingl /proc/1641/task/1663/status
ThreadPoolSingl /proc/1641/task/1871/status
ThreadPoolSingl /proc/1641/task/1872/status
ThreadPoolSingl /proc/1641/task/1873/status
ThreadPoolSingl /proc/1641/task/1874/status
ThreadPoolSingl /proc/1641/task/1875/status
ThreadPoolSingl /proc/1641/task/1876/status
ThreadPoolSingl /proc/1641/task/1877/status
ThreadPoolSingl /proc/1641/task/1934/status
ThreadPoolSingl /proc/1641/task/1935/status
ThreadPoolSingl /proc/1641/task/1936/status
ThreadPoolSingl /proc/1641/task
ThreadPoolSingl /proc/1641/task/1641/status
ThreadPoolSingl /proc/1641/task/1644/status
ThreadPoolSingl /proc/1641/task/1645/status
ThreadPoolSingl /proc/1641/task/1646/status
ThreadPoolSingl /proc/1641/task/1647/status
ThreadPoolSingl /proc/1641/task/1649/status
ThreadPoolSingl /proc/1641/task/1659/status
ThreadPoolSingl /proc/1641/task/1661/status
ThreadPoolSingl /proc/1641/task/1663/status
Chrome_ChildIOT /tmp/.org.chromium.Chromium.WC0UtA
ThreadPoolSingl /proc/1641/task/1871/status
ThreadPoolSingl /proc/1641/task/1872/status
ThreadPoolSingl /proc/1641/task/1873/status
ThreadPoolSingl /proc/1641/task/1874/status
ThreadPoolSingl /proc/1641/task/1875/status
ThreadPoolSingl /proc/1641/task/1876/status
ThreadPoolSingl /proc/1641/task/1877/status
ThreadPoolSingl /proc/1641/task/1934/status
ThreadPoolSingl /proc/1641/task/1935/status
ThreadPoolSingl /proc/1641/task/1936/status
Chrome_ChildIOT /tmp/.org.chromium.Chromium.sGxtsb
ThreadPoolSingl /proc/1641/task/1937/status
ThreadPoolSingl /proc/1641/task/1938/status
ThreadPoolSingl /proc/1641/task
ThreadPoolSingl /proc/1641/task/1641/status
ThreadPoolSingl /proc/1641/task/1644/status
ThreadPoolSingl /proc/1641/task/1645/status
ThreadPoolSingl /proc/1641/task/1646/status
ThreadPoolSingl /proc/1641/task/1647/status
ThreadPoolSingl /proc/1641/task/1649/status
ThreadPoolSingl /proc/1641/task/1659/status
Chrome_ChildIOT /tmp/.org.chromium.Chromium.5Y310X
ThreadPoolSingl /proc/1641/task/1661/status
ThreadPoolSingl /proc/1641/task/1663/status
ThreadPoolSingl /proc/1641/task/1871/status
ThreadPoolSingl /proc/1641/task/1872/status
ThreadPoolSingl /proc/1641/task/1873/status
ThreadPoolSingl /proc/1641/task/1874/status
ThreadPoolSingl /proc/1641/task/1875/status
ThreadPoolSingl /proc/1641/task/1876/status
ThreadPoolSingl /proc/1641/task/1877/status
Chrome_ChildIOT /tmp/.org.chromium.Chromium.ooMw2A
ThreadPoolSingl /proc/1641/task/1934/status
ThreadPoolSingl /proc/1641/task/1935/status
ThreadPoolSingl /proc/1641/task/1936/status
ThreadPoolSingl /proc/1641/task/1937/status
ThreadPoolSingl /proc/1641/task
ThreadPoolSingl /proc/1641/task/1641/status
ThreadPoolSingl /proc/1641/task/1644/status
Chrome_ChildIOT /tmp/.org.chromium.Chromium.DTAgFk
ThreadPoolSingl /proc/1641/task/1645/status
ThreadPoolSingl /proc/1641/task/1646/status
ThreadPoolSingl /proc/1641/task/1647/status
ThreadPoolSingl /proc/1641/task/1649/status
ThreadPoolSingl /proc/1641/task/1659/status
ThreadPoolSingl /proc/1641/task/1661/status
ThreadPoolSingl /proc/1641/task/1663/status
ThreadPoolSingl /proc/1641/task/1871/status
ThreadPoolSingl /proc/1641/task/1872/status
ThreadPoolSingl /proc/1641/task/1873/status
ThreadPoolSingl /proc/1641/task/1874/status
ThreadPoolSingl /proc/1641/task/1875/status
ThreadPoolSingl /proc/1641/task/1876/status
ThreadPoolSingl /proc/1641/task/1877/status
ThreadPoolSingl /proc/1641/task/1934/status
ThreadPoolSingl /proc/1641/task/1935/status
ThreadPoolSingl /proc/1641/task/1936/status
ThreadPoolSingl /proc/1641/task/1937/status
ThreadPoolSingl /proc/1641/task/1938/status
ThreadPoolSingl /proc/1641/task/1939/status
Chrome_ChildIOT /tmp/.org.chromium.Chromium.ldob9c
chromium /tmp/.org.chromium.Chromium.HstD1v
Chrome_ChildIOT /tmp/.org.chromium.Chromium.QMn2Dh
Chrome_ChildIOT /tmp/.org.chromium.Chromium.UHEndZ
ThreadPoolSingl /tmp/.org.chromium.Chromium.4u80lB
Chrome_ChildIOT /tmp/.org.chromium.Chromium.ggOcLC
chromium /proc/1944/stat
chromium /proc/1944/status
chromium /proc/1944/stat
chromium /proc/self/maps
chromium .
chromium self/fd/
chromium .
chromium /tmp/.org.chromium.Chromium.nJvFAD
chromium /tmp/.org.chromium.Chromium.nJvFAD
ThreadPoolSingl /proc/1944/task
ThreadPoolSingl /proc/1944/task/1944/status
ThreadPoolSingl /proc/1944/task/1945/status
ThreadPoolSingl /proc/1944/task
ThreadPoolSingl /proc/1944/task/1944/status
bash /dev/null
ThreadPoolSingl /proc/1944/task/1945/status
ThreadPoolSingl /proc/1944/task/1946/status
find /etc/ld.so.cache
find /lib/x86_64-linux-gnu/libselinux.so.1
ThreadPoolSingl /proc/1944/task
find /lib/x86_64-linux-gnu/libc.so.6
ThreadPoolSingl /proc/1944/task/1944/status
find /lib/x86_64-linux-gnu/libpcre2-8.so.0
ThreadPoolSingl /proc/1944/task/1945/status
ThreadPoolSingl /proc/1944/task/1946/status
Chrome_ChildIOT /tmp/.org.chromium.Chromium.UEMzeR
ThreadPoolSingl /proc/1944/task/1947/status
find /proc/filesystems
find .
ThreadPoolSingl /proc/1944/task
find /usr/lib/locale/locale-archive
find /usr/lib/x86_64-linux-gnu/gconv/gconv-modules.cache
ThreadPoolSingl /proc/1944/task/1944/status
find /config/.cache
ThreadPoolSingl /proc/1944/task/1945/status
find mesa_shader_cache
ThreadPoolSingl /proc/1944/task/1946/status
find db
find 0c
ThreadPoolSingl /proc/1944/task/1948/status
find 5e
Chrome_ChildIOT /tmp/.org.chromium.Chromium.MclBXX
ThreadPoolSingl /proc/1944/task
find 8a
ThreadPoolSingl /proc/1944/task/1944/status
find 59
find dd
find 3d
find 35
chromium /proc/1944/stat
find 8d
find 9a
find 80
chromium /proc/1944/stat
Chrome_IOThread /tmp/.org.chromium.Chromium.BjyFbq
find 33
Chrome_IOThread /tmp/.org.chromium.Chromium.BjyFbq
find ea
find e1
find 3e
find 6a
find b5
find bc
find e8
find b8
find ef
find b9
find 7e
find 6e
find a2
find 71
find b7
find 8e
find 1a
find 20
find c9
find 26
find 4a
find bd
Chrome_ChildIOT /tmp/.org.chromium.Chromium.nYLloC
find 62
find 21
find 2d
find 56
find 86
find 40
find ed
find 9d
Chrome_ChildIOT /tmp/.org.chromium.Chromium.SG7rhL
find 05
find 03
find 67
find 7d
find 11
find 13
find b6
find 4e
find ba
find e0
Chrome_ChildIOT /tmp/.org.chromium.Chromium.CXt9Je
find 4f
find f7
find ksplash
find qmlcache
find qtshadercache-x86_64-little_endian-lp64
find plasmashell
find qmlcache
Chrome_ChildIOT /tmp/.org.chromium.Chromium.QPt3BD
Chrome_ChildIOT /tmp/.org.chromium.Chromium.gDYRRB
find chromium
find Default
find Cache
Chrome_ChildIOT /tmp/.org.chromium.Chromium.lNcp81
find Cache_Data
find index-dir
find No_Vary_Search
find Code Cache
find wasm
Chrome_ChildIOT /tmp/.org.chromium.Chromium.C4ydB8
find index-dir
find js
find index-dir
find ..
Chrome_ChildIOT /tmp/.org.chromium.Chromium.FtKnEc
find /config/.config
find openbox
find vlc
find pulse
find autostart
find kdedefaults
find gtk-3.0
find gtk-4.0
find dconf
find xsettingsd
find kde.org
find xfce4
find xfconf
find xfce-perchannel-xml
find chromium
find Crash Reports
find new
find pending
find completed
find attachments
find Default
find Sync Data
find LevelDB
find Shared Dictionary
find cache
find index-dir
find ClientCertificates
find Site Characteristics Database
find Local Storage
find leveldb
find discounts_db
find commerce_subscription_db
find chrome_cart_db
find discount_infos_db
chromium /tmp/.org.chromium.Chromium.R0B9PH
find parcel_tracking_db
find Segmentation Platform
find SegmentInfoDB
find SignalDB
find SignalStorageConfigDB
find PersistentOriginTrials
find Extension Rules
find Extension Scripts
find shared_proto_db
find metadata
find Extension State
find Sessions
find GPUCache
find DawnWebGPUCache
find DawnGraphiteCache
find Session Storage
find WebStorage
find blob_storage
find c5aec5bd-dae5-4e7d-8fdd-9ea99eaa8439
find optimization_guide_hint_cache_store
find AutofillAiModelCache
find AutofillStrikeDatabase
find BudgetDatabase
find GCM Store
find Encryption
find Feature Engagement Tracker
find AvailabilityDB
find EventDB
find NativeMessagingHosts
find component_crx_cache
find ShaderCache
find segmentation_platform
find Dictionaries
find WidevineCdm
find Subresource Filter
find Unindexed Rules
find OnDeviceHeadSuggestModel
find OptimizationHints
find TrustTokenKeyCommitments
find PrivacySandboxAttestationsPreloaded
find SSLErrorAssistant
find FileTypePolicies
find OriginTrials
find CertificateRevocation
find MEIPreload
find PKIMetadata
find SafetyTips
find Crowd Deny
find hyphen-data
find ZxcvbnData
find ActorSafetyLists
Chrome_ChildIOT /tmp/.org.chromium.Chromium.C1v0Iy
find AmountExtractionHeuristicRegexes
find WasmTtsEngine
find CaptchaProviders
find GrShaderCache
find GraphiteDawnCache
find FirstPartySetsPreloaded
find extensions_crx_cache
find ..
find /config/.local
find bin
find share
find kactivitymanagerd
find resources
find test-backup
find working-backup
find baloo
find pki
find nssdb
sleep /etc/ld.so.cache
sleep /lib/x86_64-linux-gnu/libc.so.6
sleep /usr/lib/locale/locale-archive
sleep /usr/share/locale/locale.alias
sleep /usr/share/locale/en_US/LC_MESSAGES/coreutils.mo
sleep /usr/share/locale/en/LC_MESSAGES/coreutils.mo
sleep /usr/share/locale-langpack/en_US/LC_MESSAGES/coreutils.mo
sleep /usr/share/locale-langpack/en/LC_MESSAGES/coreutils.mo
Chrome_ChildIOT /tmp/.org.chromium.Chromium.azfEAh
Chrome_ChildIOT /tmp/.org.chromium.Chromium.sbVJxl
Chrome_ChildIOT /tmp/.org.chromium.Chromium.tTQXTo
Chrome_ChildIOT /tmp/.org.chromium.Chromium.7eeCN2
Chrome_ChildIOT /tmp/.org.chromium.Chromium.bFRDpx
Chrome_ChildIOT /tmp/.org.chromium.Chromium.3Qrrzt
xclip /etc/ld.so.cache
xclip /lib/x86_64-linux-gnu/libXmu.so.6
xclip /lib/x86_64-linux-gnu/libX11.so.6
xclip /lib/x86_64-linux-gnu/libc.so.6
xclip /lib/x86_64-linux-gnu/libXt.so.6
xclip /lib/x86_64-linux-gnu/libXext.so.6
xclip /lib/x86_64-linux-gnu/libxcb.so.1
xclip /lib/x86_64-linux-gnu/libSM.so.6
xclip /lib/x86_64-linux-gnu/libICE.so.6
xclip /lib/x86_64-linux-gnu/libXau.so.6
xclip /lib/x86_64-linux-gnu/libXdmcp.so.6
xclip /lib/x86_64-linux-gnu/libuuid.so.1
xclip /lib/x86_64-linux-gnu/libbsd.so.0
xclip /lib/x86_64-linux-gnu/libmd.so.0
xclip /usr/share/X11/locale/locale.alias
xclip /usr/share/X11/locale/locale.dir
xclip /usr/share/X11/locale/C/XLC_LOCALE
xclip /usr/share/X11/locale/locale.alias
xclip /usr/share/X11/locale/locale.dir
xclip /usr/share/X11/locale/C/XLC_LOCALE
Xvfb /proc/1959/cmdline
Chrome_ChildIOT /tmp/.org.chromium.Chromium.d8Gb7c
Chrome_ChildIOT /tmp/.org.chromium.Chromium.ndJC54
Chrome_ChildIOT /tmp/.org.chromium.Chromium.dkDcni
Chrome_ChildIOT /tmp/.org.chromium.Chromium.873Xtb
Chrome_ChildIOT /tmp/.org.chromium.Chromium.20sWgh
bash /dev/null
find /etc/ld.so.cache
find /lib/x86_64-linux-gnu/libselinux.so.1
find /lib/x86_64-linux-gnu/libc.so.6
find /lib/x86_64-linux-gnu/libpcre2-8.so.0
find /proc/filesystems
find .
find /usr/lib/locale/locale-archive
find /usr/lib/x86_64-linux-gnu/gconv/gconv-modules.cache
find /config/.cache
find mesa_shader_cache
find db
find 0c
find 5e
find 8a
find 59
find dd
find 3d
find 35
find 8d
find 9a
find 80
find 33
find ea
find e1
find 3e
find 6a
find b5
find bc
find e8
find b8
find ef
find b9
find 7e
find 6e
find a2
find 71
find b7
find 8e
find 1a
find 20
find c9
find 26
find 4a
find bd
find 62
find 21
find 2d
find 56
find 86
find 40
find ed
find 9d
find 05
find 03
find 67
find 7d
find 11
find 13
find b6
find 4e
find ba
find e0
find 4f
find f7
find ksplash
find qmlcache
find qtshadercache-x86_64-little_endian-lp64
find plasmashell
find qmlcache
find chromium
find Default
find Cache
find Cache_Data
find index-dir
find No_Vary_Search
find Code Cache
find wasm
find index-dir
find js
find index-dir
find ..
find /config/.config
find openbox
find vlc
find pulse
find autostart
find kdedefaults
find gtk-3.0
find gtk-4.0
find dconf
find xsettingsd
find kde.org
find xfce4
find xfconf
find xfce-perchannel-xml
find chromium
find Crash Reports
find new
find pending
find completed
find attachments
find Default
find Sync Data
find LevelDB
find Shared Dictionary
find cache
find index-dir
find ClientCertificates
find Site Characteristics Database
find Local Storage
find leveldb
find discounts_db
find commerce_subscription_db
find chrome_cart_db
find discount_infos_db
find parcel_tracking_db
find Segmentation Platform
find SegmentInfoDB
find SignalDB
find SignalStorageConfigDB
find PersistentOriginTrials
find Extension Rules
find Extension Scripts
find shared_proto_db
find metadata
find Extension State
find Sessions
find GPUCache
find DawnWebGPUCache
find DawnGraphiteCache
find Session Storage
find WebStorage
find blob_storage
find c5aec5bd-dae5-4e7d-8fdd-9ea99eaa8439
find optimization_guide_hint_cache_store
find AutofillAiModelCache
find AutofillStrikeDatabase
find BudgetDatabase
find GCM Store
find Encryption
find Feature Engagement Tracker
find AvailabilityDB
find EventDB
find NativeMessagingHosts
find component_crx_cache
find ShaderCache
find segmentation_platform
find Dictionaries
find WidevineCdm
find Subresource Filter
find Unindexed Rules
find OnDeviceHeadSuggestModel
find OptimizationHints
find TrustTokenKeyCommitments
find PrivacySandboxAttestationsPreloaded
find SSLErrorAssistant
find FileTypePolicies
find OriginTrials
find CertificateRevocation
find MEIPreload
find PKIMetadata
find SafetyTips
find Crowd Deny
find hyphen-data
find ZxcvbnData
find ActorSafetyLists
find AmountExtractionHeuristicRegexes
find WasmTtsEngine
find CaptchaProviders
find GrShaderCache
find GraphiteDawnCache
find FirstPartySetsPreloaded
find extensions_crx_cache
find ..
find /config/.local
find bin
find share
find kactivitymanagerd
find resources
find test-backup
find working-backup
find baloo
find pki
find nssdb
sleep /etc/ld.so.cache
sleep /lib/x86_64-linux-gnu/libc.so.6
sleep /usr/lib/locale/locale-archive
sleep /usr/share/locale/locale.alias
sleep /usr/share/locale/en_US/LC_MESSAGES/coreutils.mo
sleep /usr/share/locale/en/LC_MESSAGES/coreutils.mo
sleep /usr/share/locale-langpack/en_US/LC_MESSAGES/coreutils.mo
sleep /usr/share/locale-langpack/en/LC_MESSAGES/coreutils.mo
plasmashell /config/.cache/plasma-svgelements.lock
plasmashell /proc/sys/kernel/random/boot_id
plasmashell /var/lib/dbus/machine-id
plasmashell /config/.cache/plasma-svgelements
plasmashell /config/.cache
bash /dev/null
find /etc/ld.so.cache
find /lib/x86_64-linux-gnu/libselinux.so.1
find /lib/x86_64-linux-gnu/libc.so.6
find /lib/x86_64-linux-gnu/libpcre2-8.so.0
find /proc/filesystems
find .
find /usr/lib/locale/locale-archive
find /usr/lib/x86_64-linux-gnu/gconv/gconv-modules.cache
find /config/.cache
find mesa_shader_cache
find db
find 0c
find 5e
find 8a
find 59
find dd
find 3d
find 35
find 8d
find 9a
find 80
find 33
find ea
find e1
find 3e
find 6a
find b5
find bc
find e8
find b8
find ef
find b9
find 7e
find 6e
find a2
find 71
find b7
find 8e
find 1a
find 20
find c9
find 26
find 4a
find bd
find 62
find 21
find 2d
find 56
find 86
find 40
find ed
find 9d
find 05
find 03
find 67
find 7d
find 11
find 13
find b6
find 4e
find ba
find e0
find 4f
find f7
find ksplash
find qmlcache
find qtshadercache-x86_64-little_endian-lp64
find plasmashell
find qmlcache
find chromium
find Default
find Cache
find Cache_Data
find index-dir
find No_Vary_Search
find Code Cache
find wasm
find index-dir
find js
find index-dir
find ..
find /config/.config
find openbox
find vlc
find pulse
find autostart
find kdedefaults
find gtk-3.0
find gtk-4.0
find dconf
find xsettingsd
find kde.org
find xfce4
find xfconf
find xfce-perchannel-xml
find chromium
find Crash Reports
find new
find pending
find completed
find attachments
find Default
find Sync Data
find LevelDB
find Shared Dictionary
find cache
find index-dir
find ClientCertificates
find Site Characteristics Database
find Local Storage
find leveldb
find discounts_db
find commerce_subscription_db
find chrome_cart_db
find discount_infos_db
find parcel_tracking_db
find Segmentation Platform
find SegmentInfoDB
find SignalDB
find SignalStorageConfigDB
find PersistentOriginTrials
find Extension Rules
find Extension Scripts
find shared_proto_db
find metadata
find Extension State
find Sessions
find GPUCache
find DawnWebGPUCache
find DawnGraphiteCache
find Session Storage
find WebStorage
find blob_storage
find c5aec5bd-dae5-4e7d-8fdd-9ea99eaa8439
find optimization_guide_hint_cache_store
find AutofillAiModelCache
find AutofillStrikeDatabase
find BudgetDatabase
find GCM Store
find Encryption
find Feature Engagement Tracker
find AvailabilityDB
find EventDB
find NativeMessagingHosts
find component_crx_cache
find ShaderCache
find segmentation_platform
find Dictionaries
find WidevineCdm
find Subresource Filter
find Unindexed Rules
find OnDeviceHeadSuggestModel
find OptimizationHints
find TrustTokenKeyCommitments
find PrivacySandboxAttestationsPreloaded
find SSLErrorAssistant
find FileTypePolicies
find OriginTrials
find CertificateRevocation
find MEIPreload
find PKIMetadata
find SafetyTips
find Crowd Deny
find hyphen-data
find ZxcvbnData
find ActorSafetyLists
find AmountExtractionHeuristicRegexes
find WasmTtsEngine
find CaptchaProviders
find GrShaderCache
find GraphiteDawnCache
find FirstPartySetsPreloaded
find extensions_crx_cache
find ..
find /config/.local
find bin
find share
find kactivitymanagerd
find resources
find test-backup
find working-backup
find baloo
find pki
find nssdb
sleep /etc/ld.so.cache
sleep /lib/x86_64-linux-gnu/libc.so.6
sleep /usr/lib/locale/locale-archive
sleep /usr/share/locale/locale.alias
sleep /usr/share/locale/en_US/LC_MESSAGES/coreutils.mo
sleep /usr/share/locale/en/LC_MESSAGES/coreutils.mo
sleep /usr/share/locale-langpack/en_US/LC_MESSAGES/coreutils.mo
sleep /usr/share/locale-langpack/en/LC_MESSAGES/coreutils.mo
bash /dev/null
find /etc/ld.so.cache
find /lib/x86_64-linux-gnu/libselinux.so.1
find /lib/x86_64-linux-gnu/libc.so.6
find /lib/x86_64-linux-gnu/libpcre2-8.so.0
find /proc/filesystems
find .
find /usr/lib/locale/locale-archive
find /usr/lib/x86_64-linux-gnu/gconv/gconv-modules.cache
find /config/.cache
find mesa_shader_cache
find db
find 0c
find 5e
find 8a
find 59
find dd
find 3d
find 35
find 8d
find 9a
find 80
find 33
find ea
find e1
find 3e
find 6a
find b5
find bc
find e8
find b8
find ef
find b9
find 7e
find 6e
find a2
find 71
find b7
find 8e
find 1a
find 20
find c9
find 26
find 4a
find bd
find 62
find 21
find 2d
find 56
find 86
find 40
find ed
find 9d
find 05
find 03
find 67
find 7d
find 11
find 13
find b6
find 4e
find ba
find e0
find 4f
find f7
find ksplash
find qmlcache
find qtshadercache-x86_64-little_endian-lp64
find plasmashell
find qmlcache
find chromium
find Default
find Cache
find Cache_Data
find index-dir
find No_Vary_Search
find Code Cache
find wasm
find index-dir
find js
find index-dir
find ..
find /config/.config
find openbox
find vlc
find pulse
find autostart
find kdedefaults
find gtk-3.0
find gtk-4.0
find dconf
find xsettingsd
find kde.org
find xfce4
find xfconf
find xfce-perchannel-xml
find chromium
find Crash Reports
find new
find pending
find completed
find attachments
find Default
find Sync Data
find LevelDB
find Shared Dictionary
find cache
find index-dir
find ClientCertificates
find Site Characteristics Database
find Local Storage
find leveldb
find discounts_db
find commerce_subscription_db
find chrome_cart_db
find discount_infos_db
find parcel_tracking_db
find Segmentation Platform
find SegmentInfoDB
find SignalDB
find SignalStorageConfigDB
find PersistentOriginTrials
find Extension Rules
find Extension Scripts
find shared_proto_db
find metadata
find Extension State
find Sessions
find GPUCache
find DawnWebGPUCache
find DawnGraphiteCache
find Session Storage
find WebStorage
find blob_storage
find c5aec5bd-dae5-4e7d-8fdd-9ea99eaa8439
find optimization_guide_hint_cache_store
find AutofillAiModelCache
find AutofillStrikeDatabase
find BudgetDatabase
find GCM Store
find Encryption
find Feature Engagement Tracker
find AvailabilityDB
find EventDB
find NativeMessagingHosts
find component_crx_cache
find ShaderCache
find segmentation_platform
find Dictionaries
find WidevineCdm
find Subresource Filter
find Unindexed Rules
find OnDeviceHeadSuggestModel
find OptimizationHints
find TrustTokenKeyCommitments
find PrivacySandboxAttestationsPreloaded
find SSLErrorAssistant
find FileTypePolicies
find OriginTrials
find CertificateRevocation
find MEIPreload
find PKIMetadata
find SafetyTips
find Crowd Deny
find hyphen-data
find ZxcvbnData
find ActorSafetyLists
find AmountExtractionHeuristicRegexes
find WasmTtsEngine
find CaptchaProviders
find GrShaderCache
find GraphiteDawnCache
find FirstPartySetsPreloaded
find extensions_crx_cache
find ..
find /config/.local
find bin
find share
find kactivitymanagerd
find resources
find test-backup
find working-backup
find baloo
find pki
find nssdb
sleep /etc/ld.so.cache
sleep /lib/x86_64-linux-gnu/libc.so.6
sleep /usr/lib/locale/locale-archive
sleep /usr/share/locale/locale.alias
sleep /usr/share/locale/en_US/LC_MESSAGES/coreutils.mo
sleep /usr/share/locale/en/LC_MESSAGES/coreutils.mo
sleep /usr/share/locale-langpack/en_US/LC_MESSAGES/coreutils.mo
sleep /usr/share/locale-langpack/en/LC_MESSAGES/coreutils.mo
bash /dev/null
find /etc/ld.so.cache
find /lib/x86_64-linux-gnu/libselinux.so.1
find /lib/x86_64-linux-gnu/libc.so.6
find /lib/x86_64-linux-gnu/libpcre2-8.so.0
find /proc/filesystems
find .
find /usr/lib/locale/locale-archive
find /usr/lib/x86_64-linux-gnu/gconv/gconv-modules.cache
find /config/.cache
find mesa_shader_cache
find db
find 0c
find 5e
find 8a
find 59
find dd
find 3d
find 35
find 8d
find 9a
find 80
find 33
find ea
find e1
find 3e
find 6a
find b5
find bc
find e8
find b8
find ef
find b9
find 7e
find 6e
find a2
find 71
find b7
find 8e
find 1a
find 20
find c9
xclip /etc/ld.so.cache
find 26
xclip /lib/x86_64-linux-gnu/libXmu.so.6
xclip /lib/x86_64-linux-gnu/libX11.so.6
find 4a
xclip /lib/x86_64-linux-gnu/libc.so.6
find bd
xclip /lib/x86_64-linux-gnu/libXt.so.6
find 62
xclip /lib/x86_64-linux-gnu/libXext.so.6
find 21
xclip /lib/x86_64-linux-gnu/libxcb.so.1
xclip /lib/x86_64-linux-gnu/libSM.so.6
find 2d
xclip /lib/x86_64-linux-gnu/libICE.so.6
find 56
xclip /lib/x86_64-linux-gnu/libXau.so.6
find 86
xclip /lib/x86_64-linux-gnu/libXdmcp.so.6
find 40
xclip /lib/x86_64-linux-gnu/libuuid.so.1
xclip /lib/x86_64-linux-gnu/libbsd.so.0
find ed
xclip /lib/x86_64-linux-gnu/libmd.so.0
find 9d
find 05
find 03
xclip /usr/share/X11/locale/locale.alias
find 67
find 7d
find 11
xclip /usr/share/X11/locale/locale.dir
xclip /usr/share/X11/locale/C/XLC_LOCALE
find 13
xclip /usr/share/X11/locale/locale.alias
find b6
find 4e
xclip /usr/share/X11/locale/locale.dir
find ba
xclip /usr/share/X11/locale/C/XLC_LOCALE
find e0
find 4f
Xvfb /proc/1997/cmdline
find f7
find ksplash
find qmlcache
find qtshadercache-x86_64-little_endian-lp64
find plasmashell
find qmlcache
find chromium
find Default
find Cache
find Cache_Data
find index-dir
find No_Vary_Search
find Code Cache
find wasm
find index-dir
find js
find index-dir
find ..
find /config/.config
find openbox
find vlc
find pulse
find autostart
find kdedefaults
find gtk-3.0
find gtk-4.0
find dconf
find xsettingsd
find kde.org
find xfce4
find xfconf
find xfce-perchannel-xml
find chromium
find Crash Reports
find new
find pending
find completed
find attachments
find Default
find Sync Data
find LevelDB
find Shared Dictionary
find cache
find index-dir
find ClientCertificates
find Site Characteristics Database
find Local Storage
find leveldb
find discounts_db
find commerce_subscription_db
find chrome_cart_db
find discount_infos_db
find parcel_tracking_db
find Segmentation Platform
find SegmentInfoDB
find SignalDB
find SignalStorageConfigDB
find PersistentOriginTrials
find Extension Rules
find Extension Scripts
find shared_proto_db
find metadata
find Extension State
find Sessions
find GPUCache
find DawnWebGPUCache
find DawnGraphiteCache
find Session Storage
find WebStorage
find blob_storage
find c5aec5bd-dae5-4e7d-8fdd-9ea99eaa8439
find optimization_guide_hint_cache_store
find AutofillAiModelCache
find AutofillStrikeDatabase
find BudgetDatabase
find GCM Store
find Encryption
find Feature Engagement Tracker
find AvailabilityDB
find EventDB
find NativeMessagingHosts
find component_crx_cache
find ShaderCache
find segmentation_platform
find Dictionaries
find WidevineCdm
find Subresource Filter
find Unindexed Rules
find OnDeviceHeadSuggestModel
find OptimizationHints
find TrustTokenKeyCommitments
find PrivacySandboxAttestationsPreloaded
find SSLErrorAssistant
find FileTypePolicies
find OriginTrials
find CertificateRevocation
find MEIPreload
find PKIMetadata
find SafetyTips
find Crowd Deny
find hyphen-data
find ZxcvbnData
find ActorSafetyLists
find AmountExtractionHeuristicRegexes
find WasmTtsEngine
find CaptchaProviders
find GrShaderCache
find GraphiteDawnCache
find FirstPartySetsPreloaded
find extensions_crx_cache
find ..
find /config/.local
find bin
find share
find kactivitymanagerd
find resources
find test-backup
find working-backup
find baloo
find pki
find nssdb
sleep /etc/ld.so.cache
sleep /lib/x86_64-linux-gnu/libc.so.6
sleep /usr/lib/locale/locale-archive
sleep /usr/share/locale/locale.alias
sleep /usr/share/locale/en_US/LC_MESSAGES/coreutils.mo
sleep /usr/share/locale/en/LC_MESSAGES/coreutils.mo
sleep /usr/share/locale-langpack/en_US/LC_MESSAGES/coreutils.mo
sleep /usr/share/locale-langpack/en/LC_MESSAGES/coreutils.mo
bash /dev/null
find /etc/ld.so.cache
find /lib/x86_64-linux-gnu/libselinux.so.1
find /lib/x86_64-linux-gnu/libc.so.6
find /lib/x86_64-linux-gnu/libpcre2-8.so.0
find /proc/filesystems
find .
find /usr/lib/locale/locale-archive
find /usr/lib/x86_64-linux-gnu/gconv/gconv-modules.cache
find /config/.cache
find mesa_shader_cache
find db
find 0c
find 5e
find 8a
find 59
find dd
find 3d
find 35
find 8d
find 9a
find 80
find 33
find ea
find e1
find 3e
find 6a
find b5
find bc
find e8
find b8
find ef
find b9
find 7e
find 6e
find a2
find 71
find b7
find 8e
find 1a
find 20
find c9
find 26
find 4a
find bd
find 62
find 21
find 2d
find 56
find 86
find 40
find ed
find 9d
find 05
find 03
find 67
find 7d
find 11
find 13
find b6
find 4e
find ba
find e0
find 4f
find f7
find ksplash
find qmlcache
find qtshadercache-x86_64-little_endian-lp64
find plasmashell
find qmlcache
find chromium
find Default
find Cache
find Cache_Data
chromium /tmp/.org.chromium.Chromium.1wryBK
chromium /tmp/.org.chromium.Chromium.1wryBK
find index-dir
chromium /tmp/.org.chromium.Chromium.ZY7usT
Chrome_IOThread /tmp/.org.chromium.Chromium.4vSveE
Chrome_IOThread /tmp/.org.chromium.Chromium.4vSveE
find No_Vary_Search
find Code Cache
find wasm
find index-dir
find js
find index-dir
find ..
chromium /proc/1855/stat
find /config/.config
find openbox
find vlc
find pulse
ThreadPoolSingl /tmp/.org.chromium.Chromium.nQqTio
find autostart
find kdedefaults
find gtk-3.0
find gtk-4.0
find dconf
find xsettingsd
find kde.org
find xfce4
find xfconf
find xfce-perchannel-xml
ThreadPoolForeg /config/.cache/chromium/Default/Cache/Cache_Data/bd2ed91b5d659e..
find chromium
find Crash Reports
find new
find pending
find completed
find attachments
find Default
find Sync Data
find LevelDB
find Shared Dictionary
find cache
chromium /proc/self/maps
find index-dir
find ClientCertificates
find Site Characteristics Database
find Local Storage
find leveldb
find discounts_db
find commerce_subscription_db
find chrome_cart_db
chromium /proc/self/maps
chromium /proc/self/maps
find discount_infos_db
find parcel_tracking_db
find Segmentation Platform
find SegmentInfoDB
find SignalDB
find SignalStorageConfigDB
find PersistentOriginTrials
find Extension Rules
find Extension Scripts
Chrome_IOThread /tmp/.org.chromium.Chromium.jH5wMJ
find shared_proto_db
find metadata
chromium /proc/2011/stat
Chrome_IOThread /tmp/.org.chromium.Chromium.uVIg3V
chromium .
find Extension State
chromium self/fd/
find Sessions
find GPUCache
find DawnWebGPUCache
find DawnGraphiteCache
find Session Storage
chromium .
find WebStorage
find blob_storage
find c5aec5bd-dae5-4e7d-8fdd-9ea99eaa8439
find optimization_guide_hint_cache_store
find AutofillAiModelCache
find AutofillStrikeDatabase
find BudgetDatabase
find GCM Store
find Encryption
find Feature Engagement Tracker
find AvailabilityDB
find EventDB
find NativeMessagingHosts
find component_crx_cache
find ShaderCache
find segmentation_platform
find Dictionaries
find WidevineCdm
find Subresource Filter
find Unindexed Rules
find OnDeviceHeadSuggestModel
find OptimizationHints
find TrustTokenKeyCommitments
find PrivacySandboxAttestationsPreloaded
find SSLErrorAssistant
find FileTypePolicies
find OriginTrials
find CertificateRevocation
find MEIPreload
find PKIMetadata
find SafetyTips
find Crowd Deny
find hyphen-data
find ZxcvbnData
find ActorSafetyLists
find AmountExtractionHeuristicRegexes
find WasmTtsEngine
find CaptchaProviders
find GrShaderCache
find GraphiteDawnCache
find FirstPartySetsPreloaded
find extensions_crx_cache
find ..
find /config/.local
chromium /tmp/.org.chromium.Chromium.fMkBaO
find bin
chromium /tmp/.org.chromium.Chromium.fMkBaO
chromium /proc/2011/stat
find share
chromium /proc/2011/status
find kactivitymanagerd
find resources
chromium /proc/2011/status
chromium /proc/2011/statm
find test-backup
find working-backup
ThreadPoolForeg /tmp/.org.chromium.Chromium.zZQiHt
find baloo
ThreadPoolForeg /tmp/.org.chromium.Chromium.zZQiHt
find pki
find nssdb
Chrome_IOThread /tmp/.org.chromium.Chromium.UaW70P
sleep /etc/ld.so.cache
sleep /lib/x86_64-linux-gnu/libc.so.6
sleep /usr/lib/locale/locale-archive
sleep /usr/share/locale/locale.alias
sleep /usr/share/locale/en_US/LC_MESSAGES/coreutils.mo
sleep /usr/share/locale/en/LC_MESSAGES/coreutils.mo
sleep /usr/share/locale-langpack/en_US/LC_MESSAGES/coreutils.mo
sleep /usr/share/locale-langpack/en/LC_MESSAGES/coreutils.mo
Chrome_ChildIOT /tmp/.org.chromium.Chromium.HE2KZC
Chrome_ChildIOT /tmp/.org.chromium.Chromium.24abs1
ThreadPoolSingl /proc/2011/task
ThreadPoolSingl /proc/2011/task/2011/status
ThreadPoolSingl /proc/2011/task/2012/status
ThreadPoolSingl /proc/2011/task
ThreadPoolSingl /proc/2011/task/2011/status
Chrome_ChildIOT /tmp/.org.chromium.Chromium.gThnqT
ThreadPoolSingl /proc/2011/task/2012/status
ThreadPoolSingl /proc/2011/task/2014/status
ThreadPoolSingl /proc/2011/task
ThreadPoolSingl /proc/2011/task/2011/status
ThreadPoolSingl /proc/2011/task/2012/status
ThreadPoolSingl /proc/2011/task/2014/status
ThreadPoolSingl /proc/2011/task/2015/status
Chrome_ChildIOT /tmp/.org.chromium.Chromium.BKlngl
ThreadPoolSingl /proc/2011/task
ThreadPoolSingl /proc/2011/task/2011/status
ThreadPoolSingl /proc/2011/task/2012/status
ThreadPoolSingl /proc/2011/task/2014/status
ThreadPoolSingl /proc/2011/task/2015/status
ThreadPoolSingl /proc/2011/task/2016/status
ThreadPoolSingl /proc/2011/task
ThreadPoolSingl /proc/2011/task/2011/status
ThreadPoolSingl /proc/2011/task/2012/status
ThreadPoolSingl /proc/2011/task/2014/status
ThreadPoolSingl /proc/2011/task/2015/status
ThreadPoolSingl /proc/2011/task/2016/status
ThreadPoolSingl /proc/2011/task/2017/status
ThreadPoolSingl /proc/2011/task
ThreadPoolSingl /proc/2011/task/2011/status
ThreadPoolSingl /proc/2011/task/2012/status
ThreadPoolSingl /proc/2011/task/2014/status
ThreadPoolSingl /proc/2011/task/2015/status
ThreadPoolSingl /proc/2011/task/2016/status
ThreadPoolSingl /proc/2011/task/2017/status
ThreadPoolSingl /proc/2011/task/2020/status
ThreadPoolSingl /proc/2011/task
ThreadPoolSingl /proc/2011/task/2011/status
ThreadPoolSingl /proc/2011/task/2012/status
ThreadPoolSingl /proc/2011/task/2014/status
ThreadPoolSingl /proc/2011/task/2015/status
ThreadPoolSingl /proc/2011/task/2016/status
ThreadPoolSingl /proc/2011/task
ThreadPoolSingl /proc/2011/task/2011/status
ThreadPoolSingl /proc/2011/task/2012/status
ThreadPoolSingl /proc/2011/task/2014/status
ThreadPoolSingl /proc/2011/task/2015/status
ThreadPoolSingl /proc/2011/task/2016/status
ThreadPoolSingl /proc/2011/task/2017/status
ThreadPoolSingl /proc/2011/task/2020/status
ThreadPoolSingl /proc/2011/task/2021/status
ThreadPoolSingl /proc/2011/task
ThreadPoolSingl /proc/2011/task/2011/status
ThreadPoolSingl /proc/2011/task/2012/status
ThreadPoolSingl /proc/2011/task/2014/status
ThreadPoolSingl /proc/2011/task/2015/status
ThreadPoolSingl /proc/2011/task/2016/status
ThreadPoolSingl /proc/2011/task/2017/status
ThreadPoolSingl /proc/2011/task/2020/status
ThreadPoolSingl /proc/2011/task/2021/status
ThreadPoolSingl /proc/2011/task/2022/status
ThreadPoolSingl /proc/2011/task
ThreadPoolSingl /proc/2011/task/2011/status
ThreadPoolSingl /proc/2011/task/2012/status
ThreadPoolSingl /proc/2011/task/2014/status
ThreadPoolSingl /proc/2011/task/2015/status
ThreadPoolSingl /proc/2011/task/2016/status
ThreadPoolSingl /proc/2011/task/2017/status
ThreadPoolSingl /proc/2011/task/2020/status
bash /dev/null
find /etc/ld.so.cache
find /lib/x86_64-linux-gnu/libselinux.so.1
find /lib/x86_64-linux-gnu/libc.so.6
find /lib/x86_64-linux-gnu/libpcre2-8.so.0
find /proc/filesystems
find .
find /usr/lib/locale/locale-archive
find /usr/lib/x86_64-linux-gnu/gconv/gconv-modules.cache
find /config/.cache
find mesa_shader_cache
find db
find 0c
find 5e
find 8a
find 59
find dd
find 3d
find 35
find 8d
find 9a
find 80
find 33
find ea
find e1
find 3e
find 6a
find b5
find bc
find e8
find b8
find ef
find b9
find 7e
find 6e
find a2
find 71
find b7
find 8e
find 1a
find 20
find c9
find 26
find 4a
find bd
find 62
find 21
find 2d
find 56
find 86
find 40
find ed
find 9d
find 05
find 03
find 67
find 7d
find 11
find 13
find b6
find 4e
find ba
find e0
find 4f
find f7
find ksplash
find qmlcache
find qtshadercache-x86_64-little_endian-lp64
find plasmashell
find qmlcache
selkies /proc/stat
selkies /proc/meminfo
find chromium
find Default
find Cache
find Cache_Data
find index-dir
find No_Vary_Search
find Code Cache
find wasm
find index-dir
find js
find index-dir
find ..
find /config/.config
find openbox
find vlc
find pulse
find autostart
find kdedefaults
find gtk-3.0
find gtk-4.0
find dconf
find xsettingsd
find kde.org
find xfce4
find xfconf
find xfce-perchannel-xml
find chromium
find Crash Reports
find new
find pending
find completed
find attachments
find Default
find Sync Data
find LevelDB
find Shared Dictionary
find cache
find index-dir
find ClientCertificates
find Site Characteristics Database
find Local Storage
find leveldb
find discounts_db
find commerce_subscription_db
find chrome_cart_db
find discount_infos_db
find parcel_tracking_db
find Segmentation Platform
find SegmentInfoDB
find SignalDB
find SignalStorageConfigDB
find PersistentOriginTrials
find Extension Rules
find Extension Scripts
find shared_proto_db
find metadata
find Extension State
find Sessions
find GPUCache
find DawnWebGPUCache
find DawnGraphiteCache
find Session Storage
find WebStorage
find blob_storage
find c5aec5bd-dae5-4e7d-8fdd-9ea99eaa8439
find optimization_guide_hint_cache_store
find AutofillAiModelCache
find AutofillStrikeDatabase
find BudgetDatabase
find GCM Store
find Encryption
find Feature Engagement Tracker
find AvailabilityDB
find EventDB
find NativeMessagingHosts
find component_crx_cache
find ShaderCache
find segmentation_platform
find Dictionaries
find WidevineCdm
find Subresource Filter
find Unindexed Rules
find OnDeviceHeadSuggestModel
find OptimizationHints
find TrustTokenKeyCommitments
find PrivacySandboxAttestationsPreloaded
find SSLErrorAssistant
find FileTypePolicies
find OriginTrials
find CertificateRevocation
find MEIPreload
find PKIMetadata
find SafetyTips
find Crowd Deny
find hyphen-data
find ZxcvbnData
find ActorSafetyLists
find AmountExtractionHeuristicRegexes
find WasmTtsEngine
find CaptchaProviders
find GrShaderCache
find GraphiteDawnCache
find FirstPartySetsPreloaded
find extensions_crx_cache
find ..
find /config/.local
find bin
find share
find kactivitymanagerd
Chrome_ChildIOT /tmp/.org.chromium.Chromium.JQVQfv
find resources
find test-backup
find working-backup
find baloo
find pki
find nssdb
sleep /etc/ld.so.cache
sleep /lib/x86_64-linux-gnu/libc.so.6
sleep /usr/lib/locale/locale-archive
sleep /usr/share/locale/locale.alias
sleep /usr/share/locale/en_US/LC_MESSAGES/coreutils.mo
sleep /usr/share/locale/en/LC_MESSAGES/coreutils.mo
sleep /usr/share/locale-langpack/en_US/LC_MESSAGES/coreutils.mo
sleep /usr/share/locale-langpack/en/LC_MESSAGES/coreutils.mo
Chrome_IOThread /tmp/.org.chromium.Chromium.xSSsbh
Chrome_ChildIOT /tmp/.org.chromium.Chromium.vQwD6N
Chrome_ChildIOT /tmp/.org.chromium.Chromium.vQwD6N
Chrome_IOThread /tmp/.org.chromium.Chromium.6MDmDH
ThreadPoolForeg /config/.cache/chromium/Default/Cache/Cache_Data/fa24b6fcb167ef..
ThreadPoolForeg /config/.cache/chromium/Default/Cache/Cache_Data/05603ddcd6a87b..
ThreadPoolForeg /config/.cache/chromium/Default/Cache/Cache_Data/85319bfd321385..
chromium /proc/1855/stat
chromium /proc/1641/stat
chromium /proc/1855/stat
Chrome_ChildIOT /tmp/.org.chromium.Chromium.vTErfF
Chrome_IOThread /tmp/.org.chromium.Chromium.ZQuWOC
Chrome_ChildIOT /tmp/.org.chromium.Chromium.3iuEud
ThreadPoolForeg /config/.cache/chromium/Default/Cache/Cache_Data/5b73e0166244dd..
Chrome_ChildIOT /tmp/.org.chromium.Chromium.3cCSEs
ThreadPoolForeg /config/.cache/chromium/Default/Cache/Cache_Data/72e7ce8447d3ff..
plasmashell /config/.local/share/kservices5
plasmashell /config/.local/share/mime
plasmashell /etc/xdg/menus
plasmashell /usr/local/share/kservices5
plasmashell /usr/local/share/mime
plasmashell /usr/share/kservices5
ThreadPoolForeg /config/.cache/chromium/Default/Cache/Cache_Data/cb2268552162b2..
plasmashell /usr/share/kservices5/ServiceMenus
plasmashell /usr/share/kservices5/qimageioplugins
plasmashell /usr/share/kservices5/searchproviders
ThreadPoolForeg /config/.cache/chromium/Default/Cache/Cache_Data/4bf8d07368d7e9..
ThreadPoolForeg /config/.cache/chromium/Default/Cache/Cache_Data/724bac2f788ece..
plasmashell /usr/share/mime
plasmashell /usr/share/mime/application
plasmashell /usr/share/mime/audio
plasmashell /usr/share/mime/chemical
plasmashell /usr/share/mime/font
plasmashell /usr/share/mime/image
plasmashell /usr/share/mime/inode
plasmashell /usr/share/mime/message
plasmashell /usr/share/mime/model
plasmashell /usr/share/mime/multipart
plasmashell /usr/share/mime/packages
plasmashell /usr/share/mime/text
plasmashell /usr/share/mime/video
plasmashell /usr/share/mime/x-content
plasmashell /usr/share/mime/x-epoc
chromium /proc/1855/stat
chromium /proc/1855/stat
ThreadPoolForeg /config/.cache/chromium/Default/Cache/Cache_Data/4919c74cf21c80..
Chrome_ChildIOT /tmp/.org.chromium.Chromium.LEmyEs
Chrome_IOThread /tmp/.org.chromium.Chromium.HA0TyH
Chrome_IOThread /tmp/.org.chromium.Chromium.HA0TyH
Chrome_ChildIOT /tmp/.org.chromium.Chromium.MAQyhX
Chrome_ChildIOT /tmp/.org.chromium.Chromium.rP5XzD
Chrome_ChildIOT /tmp/.org.chromium.Chromium.joFFvZ
Chrome_ChildIOT /tmp/.org.chromium.Chromium.EbUJsN
Chrome_IOThread /tmp/.org.chromium.Chromium.LEOkMM
Chrome_IOThread /tmp/.org.chromium.Chromium.LEOkMM
Chrome_IOThread /tmp/.org.chromium.Chromium.ZIdpJX
Chrome_IOThread /tmp/.org.chromium.Chromium.ZIdpJX
Chrome_ChildIOT /tmp/.org.chromium.Chromium.umaryf
bash /dev/null
find /etc/ld.so.cache
find /lib/x86_64-linux-gnu/libselinux.so.1
find /lib/x86_64-linux-gnu/libc.so.6
find /lib/x86_64-linux-gnu/libpcre2-8.so.0
find /proc/filesystems
find .
find /usr/lib/locale/locale-archive
find /usr/lib/x86_64-linux-gnu/gconv/gconv-modules.cache
find /config/.cache
find mesa_shader_cache
find db
find 0c
find 5e
find 8a
find 59
find dd
find 3d
find 35
find 8d
find 9a
find 80
find 33
find ea
find e1
find 3e
find 6a
find b5
find bc
find e8
find b8
find ef
find b9
find 7e
find 6e
find a2
find 71
find b7
find 8e
find 1a
find 20
find c9
find 26
find 4a
find bd
find 62
find 21
find 2d
find 56
find 86
find 40
find ed
find 9d
find 05
find 03
find 67
find 7d
find 11
find 13
find b6
find 4e
find ba
find e0
find 4f
find f7
find ksplash
find qmlcache
find qtshadercache-x86_64-little_endian-lp64
find plasmashell
find qmlcache
find chromium
find Default
find Cache
find Cache_Data
find index-dir
find No_Vary_Search
find Code Cache
find wasm
find index-dir
find js
find index-dir
find ..
find /config/.config
find openbox
find vlc
find pulse
find autostart
find kdedefaults
find gtk-3.0
find gtk-4.0
find dconf
find xsettingsd
find kde.org
find xfce4
find xfconf
find xfce-perchannel-xml
find chromium
find Crash Reports
find new
find pending
find completed
find attachments
find Default
find Sync Data
find LevelDB
find Shared Dictionary
find cache
find index-dir
find ClientCertificates
find Site Characteristics Database
find Local Storage
ThreadPoolForeg /usr/share/fonts/truetype/noto/NotoSans-Italic.ttf
find leveldb
Chrome_ChildIOT /tmp/.org.chromium.Chromium.VFUBXo
ThreadPoolForeg /tmp/.org.chromium.Chromium.QQTPWf
ThreadPoolForeg /tmp/.org.chromium.Chromium.QQTPWf
find discounts_db
find commerce_subscription_db
find chrome_cart_db
find discount_infos_db
find parcel_tracking_db
find Segmentation Platform
find SegmentInfoDB
find SignalDB
find SignalStorageConfigDB
find PersistentOriginTrials
find Extension Rules
find Extension Scripts
find shared_proto_db
find metadata
find Extension State
find Sessions
find GPUCache
find DawnWebGPUCache
find DawnGraphiteCache
find Session Storage
find WebStorage
find blob_storage
find c5aec5bd-dae5-4e7d-8fdd-9ea99eaa8439
find optimization_guide_hint_cache_store
find AutofillAiModelCache
find AutofillStrikeDatabase
find BudgetDatabase
find GCM Store
find Encryption
find Feature Engagement Tracker
find AvailabilityDB
find EventDB
find NativeMessagingHosts
find component_crx_cache
find ShaderCache
find segmentation_platform
find Dictionaries
find WidevineCdm
find Subresource Filter
find Unindexed Rules
find OnDeviceHeadSuggestModel
find OptimizationHints
find TrustTokenKeyCommitments
find PrivacySandboxAttestationsPreloaded
find SSLErrorAssistant
find FileTypePolicies
find OriginTrials
find CertificateRevocation
find MEIPreload
find PKIMetadata
find SafetyTips
find Crowd Deny
find hyphen-data
find ZxcvbnData
find ActorSafetyLists
find AmountExtractionHeuristicRegexes
find WasmTtsEngine
find CaptchaProviders
find GrShaderCache
find GraphiteDawnCache
find FirstPartySetsPreloaded
find extensions_crx_cache
find ..
find /config/.local
find bin
find share
find kactivitymanagerd
find resources
find test-backup
find working-backup
find baloo
find pki
find nssdb
sleep /etc/ld.so.cache
sleep /lib/x86_64-linux-gnu/libc.so.6
sleep /usr/lib/locale/locale-archive
sleep /usr/share/locale/locale.alias
sleep /usr/share/locale/en_US/LC_MESSAGES/coreutils.mo
sleep /usr/share/locale/en/LC_MESSAGES/coreutils.mo
sleep /usr/share/locale-langpack/en_US/LC_MESSAGES/coreutils.mo
sleep /usr/share/locale-langpack/en/LC_MESSAGES/coreutils.mo
ThreadPoolForeg /config/.cache/chromium/Default/Cache/Cache_Data/54ca6cc7c72459..
ThreadPoolForeg /config/.cache/chromium/Default/Cache/Cache_Data/824cf5c5e914a1..
ThreadPoolForeg /config/.cache/chromium/Default/Cache/Cache_Data/cce611b62380aa..
ThreadPoolForeg /config/.cache/chromium/Default/Cache/Cache_Data/8f2147c3dfac0f..
ThreadPoolForeg /config/.cache/chromium/Default/Cache/Cache_Data/43da4411613dc0..
ThreadPoolForeg /config/.cache/chromium/Default/Cache/Cache_Data/1a6dc52af2c5ae..
ThreadPoolForeg /config/.cache/chromium/Default/Cache/Cache_Data/f7cae8ea424f13..
xclip /etc/ld.so.cache
xclip /lib/x86_64-linux-gnu/libXmu.so.6
ThreadPoolForeg /config/.cache/chromium/Default/Cache/Cache_Data/536fb315dc87eb..
ThreadPoolForeg /config/.cache/chromium/Default/Cache/Cache_Data/e59b9effac2561..
xclip /lib/x86_64-linux-gnu/libX11.so.6
xclip /lib/x86_64-linux-gnu/libc.so.6
ThreadPoolForeg /config/.cache/chromium/Default/Cache/Cache_Data/53c32ee2b530ed..
xclip /lib/x86_64-linux-gnu/libXt.so.6
xclip /lib/x86_64-linux-gnu/libXext.so.6
xclip /lib/x86_64-linux-gnu/libxcb.so.1
xclip /lib/x86_64-linux-gnu/libSM.so.6
xclip /lib/x86_64-linux-gnu/libICE.so.6
xclip /lib/x86_64-linux-gnu/libXau.so.6
xclip /lib/x86_64-linux-gnu/libXdmcp.so.6
xclip /lib/x86_64-linux-gnu/libuuid.so.1
xclip /lib/x86_64-linux-gnu/libbsd.so.0
xclip /lib/x86_64-linux-gnu/libmd.so.0
xclip /usr/share/X11/locale/locale.alias
xclip /usr/share/X11/locale/locale.dir
Chrome_ChildIOT /tmp/.org.chromium.Chromium.rLpvgs
xclip /usr/share/X11/locale/C/XLC_LOCALE
xclip /usr/share/X11/locale/locale.alias
xclip /usr/share/X11/locale/locale.dir
xclip /usr/share/X11/locale/C/XLC_LOCALE
Xvfb /proc/2048/cmdline
Chrome_IOThread /tmp/.org.chromium.Chromium.PlarkT
Chrome_IOThread /tmp/.org.chromium.Chromium.PlarkT
Chrome_IOThread /tmp/.org.chromium.Chromium.j8MBZa
ThreadPoolForeg /config/.cache/chromium/Default/Cache/Cache_Data/4b43c2d8d48e4e..
Chrome_IOThread /tmp/.org.chromium.Chromium.j8MBZa
ThreadPoolForeg /config/.cache/chromium/Default/Cache/Cache_Data/833811930326ff..
ThreadPoolForeg /config/.cache/chromium/Default/Cache/Cache_Data/71e9f9bf17c3ff..
ThreadPoolForeg /config/.cache/chromium/Default/Cache/Cache_Data/7ded5af2e20d7a..
Chrome_IOThread /tmp/.org.chromium.Chromium.p4TcPx
Chrome_IOThread /tmp/.org.chromium.Chromium.p4TcPx
Chrome_IOThread /tmp/.org.chromium.Chromium.pqH1rI
Chrome_IOThread /tmp/.org.chromium.Chromium.pqH1rI
Chrome_IOThread /tmp/.org.chromium.Chromium.4VKyXD
ThreadPoolForeg /config/.cache/chromium/Default/Cache/Cache_Data/0713dea1b153ff..
Chrome_IOThread /tmp/.org.chromium.Chromium.4VKyXD
ThreadPoolForeg /config/.cache/chromium/Default/Cache/Cache_Data/c6f9f310e2e2d7..
ThreadPoolForeg /config/.cache/chromium/Default/Cache/Cache_Data/059ba9191679d4..
ThreadPoolForeg /config/.cache/chromium/Default/Cache/Cache_Data/f16781ffb45845..
Chrome_IOThread /tmp/.org.chromium.Chromium.WJBUbt
Chrome_IOThread /tmp/.org.chromium.Chromium.WJBUbt
ThreadPoolForeg /config/.cache/chromium/Default/Cache/Cache_Data/f2e5ff7fe7d535..
ThreadPoolForeg /config/.cache/chromium/Default/Cache/Cache_Data/181d996714afef..
ThreadPoolForeg /config/.cache/chromium/Default/Cache/Cache_Data/1c63eb38748047..
ThreadPoolForeg /config/.cache/chromium/Default/Cache/Cache_Data/79de066f4c01cd..
Chrome_IOThread /tmp/.org.chromium.Chromium.3JOjSD
ThreadPoolForeg /config/.cache/chromium/Default/Cache/Cache_Data/12f30413036a6e..
Chrome_IOThread /tmp/.org.chromium.Chromium.3JOjSD
ThreadPoolForeg /config/.cache/chromium/Default/Cache/Cache_Data/9dd6318fc9246f..
ThreadPoolForeg /config/.cache/chromium/Default/Cache/Cache_Data/19daafa84b8cdc..
ThreadPoolForeg /config/.cache/chromium/Default/Cache/Cache_Data/dba6ab0ca6edc1..
ThreadPoolForeg /config/.cache/chromium/Default/Cache/Cache_Data/538ccbcad4b290..
Chrome_IOThread /tmp/.org.chromium.Chromium.oFYmYH
Chrome_IOThread /tmp/.org.chromium.Chromium.oFYmYH
ThreadPoolForeg /config/.cache/chromium/Default/Cache/Cache_Data/62afa3ab66afbe..
ThreadPoolForeg /config/.cache/chromium/Default/Cache/Cache_Data/50809debb8c408..
ThreadPoolForeg /config/.cache/chromium/Default/Cache/Cache_Data/1d0b0dd5a7799b..
Chrome_IOThread /tmp/.org.chromium.Chromium.SZJZK1
Chrome_IOThread /tmp/.org.chromium.Chromium.SZJZK1
ThreadPoolForeg /config/.cache/chromium/Default/Cache/Cache_Data/7005a05c4017f1..
ThreadPoolSingl /proc/1855/task
Chrome_IOThread /tmp/.org.chromium.Chromium.lAjP24
ThreadPoolForeg /config/.cache/chromium/Default/Cache/Cache_Data/87f61756ded2a3..
ThreadPoolSingl /proc/1855/task/1855/status
Chrome_IOThread /tmp/.org.chromium.Chromium.lAjP24
ThreadPoolForeg /config/.cache/chromium/Default/Cache/Cache_Data/163f9a4fdd13e8..
ThreadPoolSingl /proc/1855/task/1856/status
ThreadPoolSingl /proc/1855/task/1857/status
ThreadPoolForeg /config/.cache/chromium/Default/Cache/Cache_Data/fd1e59c2a25d35..
Chrome_IOThread /tmp/.org.chromium.Chromium.tjnBEG
ThreadPoolSingl /proc/1855/task/1858/status
ThreadPoolForeg /config/.cache/chromium/Default/Cache/Cache_Data/203245ef5341d0..
Chrome_IOThread /tmp/.org.chromium.Chromium.tjnBEG
ThreadPoolForeg /config/.cache/chromium/Default/Cache/Cache_Data/447e465a2ec9b2..
ThreadPoolSingl /proc/1855/task/1859/status
ThreadPoolForeg /config/.cache/chromium/Default/Cache/Cache_Data/9bc0af593b0809..
ThreadPoolForeg /config/.cache/chromium/Default/Cache/Cache_Data/4003f03ad2c13c..
ThreadPoolSingl /proc/1855/task/1860/status
ThreadPoolForeg /config/.cache/chromium/Default/Cache/Cache_Data/ba02b9906814bb..
Chrome_IOThread /tmp/.org.chromium.Chromium.sYSTkY
Chrome_IOThread /tmp/.org.chromium.Chromium.sYSTkY
ThreadPoolSingl /proc/1855/task/1861/status
ThreadPoolForeg /config/.cache/chromium/Default/Cache/Cache_Data/08d1f165ff09ae..
ThreadPoolSingl /proc/1855/task/1862/status
ThreadPoolForeg /config/.cache/chromium/Default/Cache/Cache_Data/7adf457f28b60a..
ThreadPoolSingl /proc/1855/task/1863/status
Chrome_IOThread /tmp/.org.chromium.Chromium.4wTc36
Chrome_IOThread /tmp/.org.chromium.Chromium.4wTc36
ThreadPoolSingl /proc/1855/task/2038/status
ThreadPoolForeg /config/.cache/chromium/Default/Cache/Cache_Data/9b093d00664588..
ThreadPoolSingl /proc/1855/task/2039/status
ThreadPoolForeg /config/.cache/chromium/Default/Cache/Cache_Data/aac8cb8fd9638d..
ThreadPoolSingl /proc/1855/task
ThreadPoolForeg /config/.cache/chromium/Default/Cache/Cache_Data/5a75766ad23b2a..
Chrome_IOThread /tmp/.org.chromium.Chromium.MVn5g4
ThreadPoolSingl /proc/1855/task/1855/status
Chrome_IOThread /tmp/.org.chromium.Chromium.MVn5g4
ThreadPoolForeg /config/.cache/chromium/Default/Code Cache/js/3c90aad59f029f1a_..
ThreadPoolSingl /proc/1855/task/1856/status
ThreadPoolSingl /proc/1855/task/1857/status
ThreadPoolForeg /config/.cache/chromium/Default/Cache/Cache_Data/6f04304e6ffc6c..
ThreadPoolSingl /proc/1855/task/1858/status
Chrome_IOThread /tmp/.org.chromium.Chromium.OGwdsk
Chrome_IOThread /tmp/.org.chromium.Chromium.OGwdsk
ThreadPoolSingl /proc/1855/task/1859/status
ThreadPoolSingl /proc/1855/task/1860/status
ThreadPoolSingl /proc/1855/task/1861/status
ThreadPoolSingl /proc/1855/task/1862/status
ThreadPoolSingl /proc/1855/task/1863/status
ThreadPoolForeg /config/.cache/chromium/Default/Cache/Cache_Data/0fc6cc50243d85..
ThreadPoolSingl /proc/1855/task/2038/status
ThreadPoolSingl /proc/1855/task
ThreadPoolSingl /proc/1855/task/1855/status
ThreadPoolSingl /proc/1855/task/1856/status
Chrome_IOThread /tmp/.org.chromium.Chromium.rdl6Xg
ThreadPoolSingl /proc/1855/task/1857/status
ThreadPoolSingl /proc/1855/task/1858/status
Chrome_ChildIOT /tmp/.org.chromium.Chromium.QUkGcQ
ThreadPoolSingl /proc/1855/task/1859/status
ThreadPoolSingl /proc/1855/task/1860/status
ThreadPoolSingl /proc/1855/task/1861/status
ThreadPoolSingl /proc/1855/task/1862/status
ThreadPoolSingl /proc/1855/task/1863/status
ThreadPoolSingl /proc/1855/task/2038/status
ThreadPoolSingl /proc/1855/task/2039/status
ThreadPoolSingl /proc/1855/task/2040/status
ThreadPoolForeg /config/.cache/chromium/Default/Code Cache/js/997d2d1f5f5f00aa_..
ThreadPoolSingl /proc/1855/task
ThreadPoolSingl /proc/1855/task/1855/status
ThreadPoolForeg /config/.cache/chromium/Default/Cache/Cache_Data/07076de7876980..
ThreadPoolSingl /proc/1855/task/1856/status
ThreadPoolSingl /proc/1855/task/1857/status
ThreadPoolSingl /proc/1855/task/1858/status
ThreadPoolSingl /proc/1855/task/1859/status
ThreadPoolSingl /proc/1855/task/1860/status
ThreadPoolSingl /proc/1855/task/1861/status
ThreadPoolSingl /proc/1855/task/1862/status
ThreadPoolSingl /proc/1855/task/1863/status
ThreadPoolSingl /proc/1855/task/2038/status
ThreadPoolSingl /proc/1855/task/2039/status
ThreadPoolSingl /proc/1855/task/2040/status
ThreadPoolSingl /proc/1855/task/2052/status
Chrome_IOThread /tmp/.org.chromium.Chromium.cHYrMD
Chrome_IOThread /tmp/.org.chromium.Chromium.cHYrMD
Chrome_IOThread /tmp/.org.chromium.Chromium.RV3eZ3
Chrome_IOThread /tmp/.org.chromium.Chromium.RV3eZ3
Chrome_IOThread /tmp/.org.chromium.Chromium.cS6txA
Chrome_IOThread /tmp/.org.chromium.Chromium.cS6txA
Chrome_IOThread /tmp/.org.chromium.Chromium.9l9Xx3
Chrome_IOThread /tmp/.org.chromium.Chromium.9l9Xx3
ThreadPoolSingl /proc/1855/task
ThreadPoolSingl /proc/1855/task/1855/status
Chrome_IOThread /tmp/.org.chromium.Chromium.TZlt6p
Chrome_IOThread /tmp/.org.chromium.Chromium.TZlt6p
ThreadPoolSingl /proc/1855/task/1856/status
ThreadPoolSingl /proc/1855/task/1857/status
ThreadPoolSingl /proc/1855/task/1858/status
Chrome_IOThread /tmp/.org.chromium.Chromium.x71Wlt
Chrome_IOThread /tmp/.org.chromium.Chromium.x71Wlt
ThreadPoolSingl /proc/1855/task/1859/status
ThreadPoolSingl /proc/1855/task/1860/status
ThreadPoolSingl /proc/1855/task/1861/status
Chrome_IOThread /tmp/.org.chromium.Chromium.aG8jGB
Chrome_IOThread /tmp/.org.chromium.Chromium.aG8jGB
ThreadPoolSingl /proc/1855/task/1862/status
ThreadPoolSingl /proc/1855/task/1863/status
ThreadPoolSingl /proc/1855/task/2038/status
Chrome_IOThread /tmp/.org.chromium.Chromium.pXXSpM
Chrome_IOThread /tmp/.org.chromium.Chromium.pXXSpM
ThreadPoolSingl /proc/1855/task/2039/status
ThreadPoolSingl /proc/1855/task/2040/status
ThreadPoolSingl /proc/1855/task/2052/status
Chrome_IOThread /tmp/.org.chromium.Chromium.IKvPG5
Chrome_IOThread /tmp/.org.chromium.Chromium.IKvPG5
ThreadPoolSingl /proc/1855/task/2053/status
ThreadPoolSingl /proc/1855/task
Chrome_IOThread /tmp/.org.chromium.Chromium.PU3xEJ
ThreadPoolSingl /proc/1855/task/1855/status
Chrome_IOThread /tmp/.org.chromium.Chromium.PU3xEJ
ThreadPoolSingl /proc/1855/task/1856/status
ThreadPoolSingl /proc/1855/task/1857/status
Chrome_IOThread /tmp/.org.chromium.Chromium.lKESx5
ThreadPoolSingl /proc/1855/task/1858/status
Chrome_IOThread /tmp/.org.chromium.Chromium.lKESx5
ThreadPoolSingl /proc/1855/task/1859/status
ThreadPoolSingl /proc/1855/task/1860/status
Chrome_IOThread /tmp/.org.chromium.Chromium.UGVx7X
Chrome_IOThread /tmp/.org.chromium.Chromium.UGVx7X
ThreadPoolSingl /proc/1855/task/1861/status
ThreadPoolSingl /proc/1855/task/1862/status
ThreadPoolSingl /proc/1855/task/1863/status
Chrome_IOThread /tmp/.org.chromium.Chromium.UQvMoc
Chrome_IOThread /tmp/.org.chromium.Chromium.UQvMoc
ThreadPoolSingl /proc/1855/task/2038/status
ThreadPoolSingl /proc/1855/task/2039/status
ThreadPoolSingl /proc/1855/task/2040/status
Chrome_IOThread /tmp/.org.chromium.Chromium.Yrx40E
Chrome_IOThread /tmp/.org.chromium.Chromium.Yrx40E
ThreadPoolSingl /proc/1855/task/2052/status
ThreadPoolSingl /proc/1855/task/2053/status
ThreadPoolSingl /proc/1855/task/2054/status
Chrome_IOThread /tmp/.org.chromium.Chromium.96iqyY
Chrome_IOThread /tmp/.org.chromium.Chromium.96iqyY
Chrome_IOThread /tmp/.org.chromium.Chromium.hWqdGi
Chrome_IOThread /tmp/.org.chromium.Chromium.hWqdGi
Chrome_IOThread /tmp/.org.chromium.Chromium.1SJfvZ
Chrome_IOThread /tmp/.org.chromium.Chromium.1SJfvZ
Chrome_IOThread /tmp/.org.chromium.Chromium.S7AYWf
Chrome_IOThread /tmp/.org.chromium.Chromium.S7AYWf
Chrome_IOThread /tmp/.org.chromium.Chromium.rIy7i2
Chrome_IOThread /tmp/.org.chromium.Chromium.rIy7i2
Chrome_IOThread /tmp/.org.chromium.Chromium.gOu5j9
bash /dev/null
find /etc/ld.so.cache
find /lib/x86_64-linux-gnu/libselinux.so.1
find /lib/x86_64-linux-gnu/libc.so.6
find /lib/x86_64-linux-gnu/libpcre2-8.so.0
find /proc/filesystems
find .
find /usr/lib/locale/locale-archive
find /usr/lib/x86_64-linux-gnu/gconv/gconv-modules.cache
find /config/.cache
find mesa_shader_cache
find db
find 0c
find 5e
find 8a
find 59
find dd
find 3d
find 35
find 8d
find 9a
find 80
find 33
find ea
find e1
find 3e
find 6a
find b5
find bc
find e8
find b8
find ef
find b9
find 7e
find 6e
find a2
find 71
find b7
find 8e
find 1a
find 20
find c9
find 26
find 4a
find bd
find 62
find 21
find 2d
find 56
find 86
Chrome_ChildIOT /tmp/.org.chromium.Chromium.aHf6LS
find 40
find ed
find 9d
find 05
find 03
find 67
find 7d
find 11
find 13
find b6
find 4e
find ba
find e0
find 4f
find f7
find ksplash
find qmlcache
find qtshadercache-x86_64-little_endian-lp64
find plasmashell
find qmlcache
find chromium
find Default
find Cache
find Cache_Data
find index-dir
find No_Vary_Search
find Code Cache
find wasm
find index-dir
find js
find index-dir
find ..
find /config/.config
find openbox
Chrome_ChildIOT /tmp/.org.chromium.Chromium.bLxjRq
find vlc
find pulse
find autostart
Chrome_ChildIOT /tmp/.org.chromium.Chromium.PJJp1B
find kdedefaults
find gtk-3.0
find gtk-4.0
Chrome_ChildIOT /tmp/.org.chromium.Chromium.kCRVah
find dconf
find xsettingsd
find kde.org
Chrome_ChildIOT /tmp/.org.chromium.Chromium.XH9GA2
find xfce4
find xfconf
find xfce-perchannel-xml
Chrome_ChildIOT /tmp/.org.chromium.Chromium.lgrmA7
find chromium
find Crash Reports
find new
find pending
Chrome_ChildIOT /tmp/.org.chromium.Chromium.yJTxC2
find completed
Chrome_ChildIOT /tmp/.org.chromium.Chromium.IjVr2K
find attachments
find Default
find Sync Data
Chrome_ChildIOT /tmp/.org.chromium.Chromium.g3mA7Z
find LevelDB
find Shared Dictionary
find cache
find index-dir
Chrome_ChildIOT /tmp/.org.chromium.Chromium.vwjSvS
find ClientCertificates
find Site Characteristics Database
find Local Storage
Chrome_ChildIOT /tmp/.org.chromium.Chromium.0Ymry0
find leveldb
find discounts_db
find commerce_subscription_db
Chrome_ChildIOT /tmp/.org.chromium.Chromium.Htrbk1
find chrome_cart_db
find discount_infos_db
find parcel_tracking_db
find Segmentation Platform
find SegmentInfoDB
find SignalDB
find SignalStorageConfigDB
find PersistentOriginTrials
find Extension Rules
find Extension Scripts
find shared_proto_db
find metadata
find Extension State
find Sessions
find GPUCache
find DawnWebGPUCache
find DawnGraphiteCache
find Session Storage
find WebStorage
find blob_storage
find c5aec5bd-dae5-4e7d-8fdd-9ea99eaa8439
find optimization_guide_hint_cache_store
find AutofillAiModelCache
find AutofillStrikeDatabase
find BudgetDatabase
find GCM Store
find Encryption
Chrome_ChildIOT /tmp/.org.chromium.Chromium.WAqJ8b
find Feature Engagement Tracker
find AvailabilityDB
find EventDB
Chrome_ChildIOT /tmp/.org.chromium.Chromium.EtUgmq
find NativeMessagingHosts
find component_crx_cache
find ShaderCache
find segmentation_platform
Chrome_ChildIOT /tmp/.org.chromium.Chromium.zTi01r
find Dictionaries
find WidevineCdm
find Subresource Filter
find Unindexed Rules
Chrome_ChildIOT /tmp/.org.chromium.Chromium.dNkQid
find OnDeviceHeadSuggestModel
find OptimizationHints
find TrustTokenKeyCommitments
find PrivacySandboxAttestationsPreloaded
find SSLErrorAssistant
find FileTypePolicies
find OriginTrials
find CertificateRevocation
find MEIPreload
find PKIMetadata
ThreadPoolForeg /config/.config/chromium/Default/Reporting and NEL-journal
find SafetyTips
find Crowd Deny
find hyphen-data
find ZxcvbnData
find ActorSafetyLists
find AmountExtractionHeuristicRegexes
find WasmTtsEngine
find CaptchaProviders
find GrShaderCache
find GraphiteDawnCache
find FirstPartySetsPreloaded
find extensions_crx_cache
find ..
find /config/.local
find bin
find share
find kactivitymanagerd
find resources
Chrome_ChildIOT /tmp/.org.chromium.Chromium.gs6hEE
find test-backup
find working-backup
find baloo
Chrome_ChildIOT /tmp/.org.chromium.Chromium.sTSkVI
find pki
find nssdb
ThreadPoolForeg /config/.config/chromium/Default
Chrome_ChildIOT /tmp/.org.chromium.Chromium.XHtlLH
Chrome_ChildIOT /tmp/.org.chromium.Chromium.Fn90jg
Chrome_ChildIOT /tmp/.org.chromium.Chromium.7GhXE9
sleep /etc/ld.so.cache
sleep /lib/x86_64-linux-gnu/libc.so.6
Chrome_ChildIOT /tmp/.org.chromium.Chromium.N15yWc
Chrome_ChildIOT /tmp/.org.chromium.Chromium.MzqX6T
sleep /usr/lib/locale/locale-archive
sleep /usr/share/locale/locale.alias
Chrome_ChildIOT /tmp/.org.chromium.Chromium.bFNuqS
sleep /usr/share/locale/en_US/LC_MESSAGES/coreutils.mo
sleep /usr/share/locale/en/LC_MESSAGES/coreutils.mo
sleep /usr/share/locale-langpack/en_US/LC_MESSAGES/coreutils.mo
sleep /usr/share/locale-langpack/en/LC_MESSAGES/coreutils.mo
Chrome_ChildIOT /tmp/.org.chromium.Chromium.EitygW
Chrome_ChildIOT /tmp/.org.chromium.Chromium.7Pi7HE
Chrome_ChildIOT /tmp/.org.chromium.Chromium.N1YegU
Chrome_ChildIOT /tmp/.org.chromium.Chromium.RRhuwt
Chrome_ChildIOT /tmp/.org.chromium.Chromium.70VzrU
Chrome_ChildIOT /tmp/.org.chromium.Chromium.SliLuK
Chrome_ChildIOT /tmp/.org.chromium.Chromium.ZmU36r
Chrome_ChildIOT /tmp/.org.chromium.Chromium.KHurTC
Chrome_ChildIOT /tmp/.org.chromium.Chromium.peP6In
Chrome_ChildIOT /tmp/.org.chromium.Chromium.Un3JJi
Chrome_ChildIOT /tmp/.org.chromium.Chromium.FNKBKy
Chrome_ChildIOT /tmp/.org.chromium.Chromium.BpNIAs
Chrome_ChildIOT /tmp/.org.chromium.Chromium.qerv0l
Chrome_ChildIOT /tmp/.org.chromium.Chromium.V9m1rz
Chrome_ChildIOT /tmp/.org.chromium.Chromium.mIv9FY
Chrome_ChildIOT /tmp/.org.chromium.Chromium.cC3eji
Chrome_ChildIOT /tmp/.org.chromium.Chromium.DjxzrG
Chrome_ChildIOT /tmp/.org.chromium.Chromium.wo5hZ6
Chrome_ChildIOT /tmp/.org.chromium.Chromium.qbFSAn
Chrome_ChildIOT /tmp/.org.chromium.Chromium.emRdJA
Chrome_ChildIOT /tmp/.org.chromium.Chromium.O9HTS8
ThreadPoolForeg /config/.cache/chromium/Default/Cache/Cache_Data/a4a041eec71623..
ThreadPoolForeg /config/.cache/chromium/Default/Cache/Cache_Data/599b666cfa46a0..
ThreadPoolForeg /config/.cache/chromium/Default/Cache/Cache_Data/8ba5fb551d1499..
ThreadPoolForeg /config/.cache/chromium/Default/Cache/Cache_Data/e1cfac7023ba4b..
chromium /proc/1855/stat
Chrome_ChildIOT /tmp/.org.chromium.Chromium.K4XLaW
chromium /proc/1855/stat
Chrome_IOThread /tmp/.org.chromium.Chromium.wUrLvT
Chrome_IOThread /tmp/.org.chromium.Chromium.wUrLvT
Chrome_IOThread /tmp/.org.chromium.Chromium.H6NEEo
Chrome_IOThread /tmp/.org.chromium.Chromium.H6NEEo
Chrome_IOThread /tmp/.org.chromium.Chromium.yECcMW
Chrome_IOThread /tmp/.org.chromium.Chromium.yECcMW
ThreadPoolForeg /usr/share/fonts/truetype/liberation/LiberationSans-Regular.ttf..
ThreadPoolForeg /usr/share/fonts/truetype/liberation/LiberationSans-Regular.ttf..
ThreadPoolForeg /tmp/.org.chromium.Chromium.KKvWZM
ThreadPoolForeg /tmp/.org.chromium.Chromium.KKvWZM
bash /dev/null
find /etc/ld.so.cache
find /lib/x86_64-linux-gnu/libselinux.so.1
chromium /proc/1855/stat
find /lib/x86_64-linux-gnu/libc.so.6
find /lib/x86_64-linux-gnu/libpcre2-8.so.0
find /proc/filesystems
find .
find /usr/lib/locale/locale-archive
find /usr/lib/x86_64-linux-gnu/gconv/gconv-modules.cache
find /config/.cache
find mesa_shader_cache
find db
find 0c
find 5e
find 8a
find 59
find dd
find 3d
find 35
find 8d
find 9a
find 80
find 33
find ea
find e1
find 3e
find 6a
chromium /proc/1855/stat
find b5
find bc
find e8
find b8
ThreadPoolForeg /usr/share/fonts/truetype/noto/NotoSansMono-Regular.ttf
find ef
find b9
find 7e
find 6e
find a2
find 71
find b7
find 8e
ThreadPoolForeg /usr/share/fonts/truetype/noto/NotoSansMono-Regular.ttf
ThreadPoolForeg /tmp/.org.chromium.Chromium.fKl5lU
find 1a
ThreadPoolForeg /tmp/.org.chromium.Chromium.fKl5lU
find 20
find c9
find 26
find 4a
find bd
find 62
find 21
find 2d
find 56
find 86
find 40
find ed
find 9d
Chrome_ChildIOT /tmp/.org.chromium.Chromium.FoEJig
find 05
find 03
find 67
find 7d
find 11
find 13
find b6
find 4e
find ba
find e0
find 4f
find f7
find ksplash
find qmlcache
find qtshadercache-x86_64-little_endian-lp64
find plasmashell
find qmlcache
find chromium
find Default
find Cache
find Cache_Data
find index-dir
find No_Vary_Search
find Code Cache
find wasm
find index-dir
find js
find index-dir
find ..
find /config/.config
find openbox
find vlc
find pulse
find autostart
find kdedefaults
find gtk-3.0
find gtk-4.0
find dconf
find xsettingsd
find kde.org
find xfce4
find xfconf
find xfce-perchannel-xml
find chromium
find Crash Reports
find new
find pending
find completed
find attachments
find Default
find Sync Data
find LevelDB
find Shared Dictionary
find cache
find index-dir
find ClientCertificates
find Site Characteristics Database
find Local Storage
find leveldb
find discounts_db
find commerce_subscription_db
find chrome_cart_db
find discount_infos_db
find parcel_tracking_db
find Segmentation Platform
find SegmentInfoDB
find SignalDB
find SignalStorageConfigDB
find PersistentOriginTrials
find Extension Rules
find Extension Scripts
find shared_proto_db
find metadata
find Extension State
find Sessions
find GPUCache
find DawnWebGPUCache
find DawnGraphiteCache
find Session Storage
find WebStorage
find blob_storage
find c5aec5bd-dae5-4e7d-8fdd-9ea99eaa8439
find optimization_guide_hint_cache_store
find AutofillAiModelCache
find AutofillStrikeDatabase
find BudgetDatabase
find GCM Store
find Encryption
ThreadPoolForeg /usr/share/fonts/truetype/liberation/LiberationMono-Regular.ttf..
find Feature Engagement Tracker
find AvailabilityDB
find EventDB
find NativeMessagingHosts
ThreadPoolForeg /usr/share/fonts/truetype/liberation/LiberationMono-Regular.ttf..
find component_crx_cache
ThreadPoolForeg /tmp/.org.chromium.Chromium.oWaks8
find ShaderCache
ThreadPoolForeg /tmp/.org.chromium.Chromium.oWaks8
find segmentation_platform
find Dictionaries
find WidevineCdm
find Subresource Filter
find Unindexed Rules
find OnDeviceHeadSuggestModel
find OptimizationHints
find TrustTokenKeyCommitments
find PrivacySandboxAttestationsPreloaded
find SSLErrorAssistant
find FileTypePolicies
find OriginTrials
find CertificateRevocation
find MEIPreload
find PKIMetadata
find SafetyTips
find Crowd Deny
find hyphen-data
find ZxcvbnData
find ActorSafetyLists
find AmountExtractionHeuristicRegexes
find WasmTtsEngine
find CaptchaProviders
find GrShaderCache
ThreadPoolForeg /usr/share/fonts/truetype/dm-mono/DMMono-Regular.ttf
find GraphiteDawnCache
ThreadPoolForeg /usr/share/fonts/truetype/dm-mono/DMMono-Regular.ttf
find FirstPartySetsPreloaded
ThreadPoolForeg /tmp/.org.chromium.Chromium.xRl8RV
find extensions_crx_cache
ThreadPoolForeg /tmp/.org.chromium.Chromium.xRl8RV
find ..
find /config/.local
find bin
find share
find kactivitymanagerd
find resources
find test-backup
find working-backup
find baloo
find pki
find nssdb
sleep /etc/ld.so.cache
sleep /lib/x86_64-linux-gnu/libc.so.6
sleep /usr/lib/locale/locale-archive
sleep /usr/share/locale/locale.alias
sleep /usr/share/locale/en_US/LC_MESSAGES/coreutils.mo
sleep /usr/share/locale/en/LC_MESSAGES/coreutils.mo
sleep /usr/share/locale-langpack/en_US/LC_MESSAGES/coreutils.mo
sleep /usr/share/locale-langpack/en/LC_MESSAGES/coreutils.mo
Chrome_ChildIOT /tmp/.org.chromium.Chromium.ZJdHBW
Chrome_ChildIOT /tmp/.org.chromium.Chromium.AObNNP
Chrome_ChildIOT /tmp/.org.chromium.Chromium.H4RgTs
Chrome_IOThread /tmp/.org.chromium.Chromium.R27EyT
Chrome_IOThread /tmp/.org.chromium.Chromium.R27EyT
Chrome_IOThread /tmp/.org.chromium.Chromium.iTpzIc
Chrome_IOThread /tmp/.org.chromium.Chromium.iTpzIc
bash /dev/null
find /etc/ld.so.cache
find /lib/x86_64-linux-gnu/libselinux.so.1
find /lib/x86_64-linux-gnu/libc.so.6
find /lib/x86_64-linux-gnu/libpcre2-8.so.0
find /proc/filesystems
find .
find /usr/lib/locale/locale-archive
find /usr/lib/x86_64-linux-gnu/gconv/gconv-modules.cache
find /config/.cache
find mesa_shader_cache
find db
find 0c
find 5e
find 8a
find 59
find dd
find 3d
find 35
Chrome_IOThread /tmp/.org.chromium.Chromium.cSiV0z
Chrome_IOThread /tmp/.org.chromium.Chromium.cSiV0z
find 8d
find 9a
find 80
find 33
find ea
find e1
find 3e
find 6a
find b5
find bc
find e8
find b8
find ef
find b9
find 7e
find 6e
find a2
find 71
find b7
find 8e
find 1a
find 20
find c9
find 26
find 4a
find bd
find 62
ThreadPoolForeg /config/.cache/chromium/Default/Cache/Cache_Data/b3a5b4df9ed3e8..
find 21
ThreadPoolForeg /config/.cache/chromium/Default/Cache/Cache_Data/2964266efcdb22..
find 2d
find 56
find 86
ThreadPoolForeg /config/.cache/chromium/Default/Cache/Cache_Data/a39cf50e8e6dc3..
find 40
find ed
find 9d
find 05
find 03
find 67
find 7d
find 11
find 13
find b6
find 4e
find ba
find e0
find 4f
find f7
find ksplash
find qmlcache
find qtshadercache-x86_64-little_endian-lp64
find plasmashell
find qmlcache
find chromium
find Default
find Cache
find Cache_Data
find index-dir
find No_Vary_Search
find Code Cache
find wasm
find index-dir
find js
find index-dir
find ..
find /config/.config
find openbox
find vlc
find pulse
find autostart
find kdedefaults
find gtk-3.0
find gtk-4.0
find dconf
find xsettingsd
find kde.org
find xfce4
find xfconf
find xfce-perchannel-xml
find chromium
find Crash Reports
find new
find pending
find completed
find attachments
find Default
find Sync Data
find LevelDB
find Shared Dictionary
find cache
find index-dir
find ClientCertificates
find Site Characteristics Database
find Local Storage
find leveldb
find discounts_db
find commerce_subscription_db
find chrome_cart_db
find discount_infos_db
find parcel_tracking_db
ThreadPoolForeg /config/.cache/chromium/Default/Cache/Cache_Data/f54b83f9a7d59d..
find Segmentation Platform
find SegmentInfoDB
find SignalDB
find SignalStorageConfigDB
find PersistentOriginTrials
find Extension Rules
find Extension Scripts
find shared_proto_db
ThreadPoolForeg /config/.cache/chromium/Default/Cache/Cache_Data/a438b09614b60d..
find metadata
find Extension State
find Sessions
find GPUCache
find DawnWebGPUCache
find DawnGraphiteCache
Chrome_ChildIOT /tmp/.org.chromium.Chromium.bXGSuH
find Session Storage
find WebStorage
find blob_storage
find c5aec5bd-dae5-4e7d-8fdd-9ea99eaa8439
find optimization_guide_hint_cache_store
find AutofillAiModelCache
find AutofillStrikeDatabase
find BudgetDatabase
find GCM Store
find Encryption
find Feature Engagement Tracker
find AvailabilityDB
find EventDB
find NativeMessagingHosts
find component_crx_cache
find ShaderCache
find segmentation_platform
find Dictionaries
find WidevineCdm
find Subresource Filter
find Unindexed Rules
find OnDeviceHeadSuggestModel
find OptimizationHints
find TrustTokenKeyCommitments
find PrivacySandboxAttestationsPreloaded
find SSLErrorAssistant
find FileTypePolicies
ThreadPoolForeg /config/.cache/chromium/Default/Code Cache/js/faa941cdf59c5266_..
find OriginTrials
find CertificateRevocation
find MEIPreload
ThreadPoolForeg /config/.cache/chromium/Default/Cache/Cache_Data/65855eea2285e8..
find PKIMetadata
find SafetyTips
find Crowd Deny
find hyphen-data
find ZxcvbnData
find ActorSafetyLists
find AmountExtractionHeuristicRegexes
find WasmTtsEngine
find CaptchaProviders
find GrShaderCache
find GraphiteDawnCache
find FirstPartySetsPreloaded
find extensions_crx_cache
find ..
find /config/.local
Chrome_ChildIOT /tmp/.org.chromium.Chromium.WOLLWn
find bin
find share
find kactivitymanagerd
find resources
find test-backup
find working-backup
find baloo
find pki
find nssdb
chromium /tmp/.org.chromium.Chromium.qm7myj
Chrome_ChildIOT /tmp/.org.chromium.Chromium.0UxuGv
sleep /etc/ld.so.cache
sleep /lib/x86_64-linux-gnu/libc.so.6
sleep /usr/lib/locale/locale-archive
sleep /usr/share/locale/locale.alias
sleep /usr/share/locale/en_US/LC_MESSAGES/coreutils.mo
sleep /usr/share/locale/en/LC_MESSAGES/coreutils.mo
sleep /usr/share/locale-langpack/en_US/LC_MESSAGES/coreutils.mo
sleep /usr/share/locale-langpack/en/LC_MESSAGES/coreutils.mo
chromium /tmp/.org.chromium.Chromium.hPgios
xclip /etc/ld.so.cache
xclip /lib/x86_64-linux-gnu/libXmu.so.6
xclip /lib/x86_64-linux-gnu/libX11.so.6
xclip /lib/x86_64-linux-gnu/libc.so.6
xclip /lib/x86_64-linux-gnu/libXt.so.6
xclip /lib/x86_64-linux-gnu/libXext.so.6
Chrome_IOThread /tmp/.org.chromium.Chromium.LCIpJ6
xclip /lib/x86_64-linux-gnu/libxcb.so.1
Chrome_IOThread /tmp/.org.chromium.Chromium.LCIpJ6
xclip /lib/x86_64-linux-gnu/libSM.so.6
xclip /lib/x86_64-linux-gnu/libICE.so.6
xclip /lib/x86_64-linux-gnu/libXau.so.6
xclip /lib/x86_64-linux-gnu/libXdmcp.so.6
xclip /lib/x86_64-linux-gnu/libuuid.so.1
xclip /lib/x86_64-linux-gnu/libbsd.so.0
Chrome_IOThread /tmp/.org.chromium.Chromium.JWcwfm
xclip /lib/x86_64-linux-gnu/libmd.so.0
Chrome_IOThread /tmp/.org.chromium.Chromium.JWcwfm
ThreadPoolForeg /config/.cache/chromium/Default/Cache/Cache_Data/37099ea05ce413..
ThreadPoolSingl /proc/1855/task
xclip /usr/share/X11/locale/locale.alias
ThreadPoolSingl /proc/1855/task/1855/status
Chrome_IOThread /tmp/.org.chromium.Chromium.05Ol5Z
Chrome_IOThread /tmp/.org.chromium.Chromium.05Ol5Z
xclip /usr/share/X11/locale/locale.dir
xclip /usr/share/X11/locale/C/XLC_LOCALE
ThreadPoolSingl /proc/1855/task/1856/status
xclip /usr/share/X11/locale/locale.alias
ThreadPoolSingl /proc/1855/task/1857/status
xclip /usr/share/X11/locale/locale.dir
xclip /usr/share/X11/locale/C/XLC_LOCALE
ThreadPoolSingl /proc/1855/task/1858/status
Chrome_IOThread /tmp/.org.chromium.Chromium.dMadUR
Xvfb /proc/2090/cmdline
Chrome_IOThread /tmp/.org.chromium.Chromium.dMadUR
ThreadPoolSingl /proc/1855/task/1859/status
ThreadPoolSingl /proc/1855/task/1860/status
Chrome_IOThread /tmp/.org.chromium.Chromium.I50vS7
ThreadPoolSingl /proc/1855/task/1861/status
Chrome_IOThread /tmp/.org.chromium.Chromium.I50vS7
ThreadPoolSingl /proc/1855/task/1862/status
ThreadPoolSingl /proc/1855/task/1863/status
Chrome_ChildIOT /tmp/.org.chromium.Chromium.XEvSfl
ThreadPoolSingl /proc/1855/task/2038/status
Chrome_IOThread /tmp/.org.chromium.Chromium.y8TMPu
Chrome_IOThread /tmp/.org.chromium.Chromium.y8TMPu
ThreadPoolSingl /proc/1855/task/2039/status
ThreadPoolSingl /proc/1855/task/2040/status
ThreadPoolSingl /proc/1855/task/2052/status
ThreadPoolSingl /proc/1855/task/2053/status
ThreadPoolSingl /proc/1855/task/2054/status
Chrome_IOThread /tmp/.org.chromium.Chromium.Fzpqto
chromium /proc/1855/stat
Chrome_ChildIOT /tmp/.org.chromium.Chromium.OjIOql
Chrome_IOThread /tmp/.org.chromium.Chromium.k5rSvi
Chrome_IOThread /tmp/.org.chromium.Chromium.Qoocmr
Chrome_IOThread /tmp/.org.chromium.Chromium.Qoocmr
ThreadPoolForeg /config/.cache/chromium/Default/Code Cache/js/87fad3b5a022b669_..
Chrome_IOThread /tmp/.org.chromium.Chromium.nzHDGi
bash /dev/null
find /etc/ld.so.cache
find /lib/x86_64-linux-gnu/libselinux.so.1
find /lib/x86_64-linux-gnu/libc.so.6
find /lib/x86_64-linux-gnu/libpcre2-8.so.0
find /proc/filesystems
find .
find /usr/lib/locale/locale-archive
find /usr/lib/x86_64-linux-gnu/gconv/gconv-modules.cache
find /config/.cache
find mesa_shader_cache
find db
find 0c
find 5e
find 8a
find 59
find dd
find 3d
find 35
find 8d
find 9a
find 80
find 33
find ea
Chrome_IOThread /tmp/.org.chromium.Chromium.9KhXwb
find e1
find 3e
find 6a
find b5
find bc
find e8
find b8
find ef
find b9
find 7e
find 6e
find a2
find 71
find b7
find 8e
ThreadPoolForeg /config/.cache/chromium/Default/Cache/Cache_Data/8e0d734bf7f74f..
find 1a
find 20
find c9
Chrome_ChildIOT /tmp/.org.chromium.Chromium.p0750V
find 26
find 4a
find bd
find 62
find 21
find 2d
find 56
find 86
find 40
find ed
find 9d
find 05
find 03
find 67
find 7d
find 11
find 13
find b6
find 4e
find ba
find e0
find 4f
find f7
find ksplash
find qmlcache
find qtshadercache-x86_64-little_endian-lp64
chromium /proc/1855/stat
find plasmashell
find qmlcache
find chromium
chromium /proc/1855/stat
find Default
find Cache
find Cache_Data
find index-dir
find No_Vary_Search
find Code Cache
find wasm
find index-dir
find js
Chrome_ChildIOT /tmp/.org.chromium.Chromium.uosZrJ
Chrome_ChildIOT /tmp/.org.chromium.Chromium.uosZrJ
find index-dir
find ..
find /config/.config
find openbox
find vlc
find pulse
find autostart
find kdedefaults
find gtk-3.0
find gtk-4.0
find dconf
find xsettingsd
find kde.org
find xfce4
find xfconf
find xfce-perchannel-xml
find chromium
find Crash Reports
find new
find pending
Chrome_IOThread /tmp/.org.chromium.Chromium.PqG3AC
find completed
find attachments
find Default
find Sync Data
find LevelDB
find Shared Dictionary
find cache
find index-dir
find ClientCertificates
find Site Characteristics Database
find Local Storage
find leveldb
find discounts_db
find commerce_subscription_db
find chrome_cart_db
find discount_infos_db
find parcel_tracking_db
find Segmentation Platform
find SegmentInfoDB
find SignalDB
find SignalStorageConfigDB
find PersistentOriginTrials
find Extension Rules
find Extension Scripts
find shared_proto_db
find metadata
find Extension State
find Sessions
find GPUCache
find DawnWebGPUCache
find DawnGraphiteCache
Chrome_IOThread /tmp/.org.chromium.Chromium.O5NfKe
find Session Storage
find WebStorage
find blob_storage
find c5aec5bd-dae5-4e7d-8fdd-9ea99eaa8439
find optimization_guide_hint_cache_store
find AutofillAiModelCache
find AutofillStrikeDatabase
find BudgetDatabase
find GCM Store
find Encryption
find Feature Engagement Tracker
find AvailabilityDB
find EventDB
find NativeMessagingHosts
find component_crx_cache
find ShaderCache
find segmentation_platform
find Dictionaries
find WidevineCdm
find Subresource Filter
find Unindexed Rules
find OnDeviceHeadSuggestModel
find OptimizationHints
find TrustTokenKeyCommitments
find PrivacySandboxAttestationsPreloaded
find SSLErrorAssistant
find FileTypePolicies
find OriginTrials
find CertificateRevocation
find MEIPreload
Chrome_IOThread /tmp/.org.chromium.Chromium.RfhG91
find PKIMetadata
find SafetyTips
find Crowd Deny
find hyphen-data
find ZxcvbnData
find ActorSafetyLists
find AmountExtractionHeuristicRegexes
find WasmTtsEngine
find CaptchaProviders
find GrShaderCache
find GraphiteDawnCache
find FirstPartySetsPreloaded
find extensions_crx_cache
Chrome_ChildIOT /tmp/.org.chromium.Chromium.VqWZDz
Chrome_ChildIOT /tmp/.org.chromium.Chromium.VqWZDz
find ..
find /config/.local
find bin
find share
find kactivitymanagerd
find resources
Chrome_ChildIOT /tmp/.org.chromium.Chromium.fH7Jwg
find test-backup
find working-backup
find baloo
find pki
ThreadPoolForeg /config/.cache/chromium/Default/Cache/Cache_Data/784e43c7d96d3b..
find nssdb
Chrome_IOThread /tmp/.org.chromium.Chromium.E1HNmg
chromium /proc/1855/stat
sleep /etc/ld.so.cache
sleep /lib/x86_64-linux-gnu/libc.so.6
Chrome_ChildIOT /tmp/.org.chromium.Chromium.OUCbCV
sleep /usr/lib/locale/locale-archive
sleep /usr/share/locale/locale.alias
sleep /usr/share/locale/en_US/LC_MESSAGES/coreutils.mo
sleep /usr/share/locale/en/LC_MESSAGES/coreutils.mo
sleep /usr/share/locale-langpack/en_US/LC_MESSAGES/coreutils.mo
sleep /usr/share/locale-langpack/en/LC_MESSAGES/coreutils.mo
Chrome_ChildIOT /tmp/.org.chromium.Chromium.s2EMK2
Chrome_IOThread /tmp/.org.chromium.Chromium.lKQwbk
ThreadPoolForeg /config/.cache/chromium/Default/Code Cache/js/716c86f239ef4d22_..
ThreadPoolSingl /proc/1855/task
ThreadPoolSingl /proc/1855/task/1855/status
ThreadPoolSingl /proc/1855/task/1856/status
ThreadPoolSingl /proc/1855/task/1857/status
ThreadPoolSingl /proc/1855/task/1858/status
ThreadPoolSingl /proc/1855/task/1859/status
ThreadPoolSingl /proc/1855/task/1860/status
ThreadPoolSingl /proc/1855/task/1861/status
ThreadPoolSingl /proc/1855/task/1862/status
ThreadPoolSingl /proc/1855/task/1863/status
ThreadPoolSingl /proc/1855/task/2038/status
ThreadPoolForeg /config/.cache/chromium/Default/Cache/Cache_Data/d913e8c0623743..
ThreadPoolSingl /proc/1855/task/2039/status
ThreadPoolSingl /proc/1855/task/2040/status
ThreadPoolSingl /proc/1855/task/2052/status
ThreadPoolSingl /proc/1855/task/2053/status
ThreadPoolSingl /proc/1855/task/2054/status
ThreadPoolSingl /proc/1855/task/2100/status
Chrome_IOThread /tmp/.org.chromium.Chromium.gP9toU
Chrome_IOThread /tmp/.org.chromium.Chromium.gP9toU
Chrome_IOThread /tmp/.org.chromium.Chromium.7UHf30
Chrome_IOThread /tmp/.org.chromium.Chromium.7UHf30
Chrome_IOThread /tmp/.org.chromium.Chromium.BRuPx0
Chrome_IOThread /tmp/.org.chromium.Chromium.BRuPx0
ThreadPoolForeg /config/.cache/chromium/Default/Cache/Cache_Data/44c8a568480f0f..
ThreadPoolForeg /config/.cache/chromium/Default/Cache/Cache_Data/f4118fdb1036c9..
Chrome_ChildIOT /tmp/.org.chromium.Chromium.ERtHVh
ThreadPoolForeg /config/.cache/chromium/Default/Code Cache/js/b6ec14763f6d6487_..
Chrome_ChildIOT /tmp/.org.chromium.Chromium.fNxo2w
ThreadPoolForeg /config/.cache/chromium/Default/Cache/Cache_Data/0543bd423ad839..
ThreadPoolForeg /config/.cache/chromium/Default/Code Cache/js/27ba757d383ad6d9_..
ThreadPoolForeg /config/.cache/chromium/Default/Code Cache/js/3d8b2501f0cd0325_..
bash /dev/null
ThreadPoolForeg /config/.cache/chromium/Default/Code Cache/js/e3bd6e6cb0962d55_..
find /etc/ld.so.cache
ThreadPoolForeg /config/.cache/chromium/Default/Cache/Cache_Data/b1435e15372da5..
find /lib/x86_64-linux-gnu/libselinux.so.1
find /lib/x86_64-linux-gnu/libc.so.6
find /lib/x86_64-linux-gnu/libpcre2-8.so.0
find /proc/filesystems
find .
find /usr/lib/locale/locale-archive
find /usr/lib/x86_64-linux-gnu/gconv/gconv-modules.cache
find /config/.cache
find mesa_shader_cache
find db
find 0c
find 5e
find 8a
find 59
find dd
find 3d
find 35
find 8d
find 9a
find 80
find 33
find ea
find e1
find 3e
find 6a
find b5
find bc
find e8
find b8
find ef
find b9
find 7e
find 6e
find a2
find 71
find b7
find 8e
find 1a
ThreadPoolForeg /config/.cache/chromium/Default/Code Cache/js/f021da8add69fc14_..
find 20
find c9
find 26
find 4a
find bd
Chrome_ChildIOT /tmp/.org.chromium.Chromium.raAsqE
find 62
find 21
find 2d
find 56
find 86
find 40
find ed
find 9d
ThreadPoolForeg /config/.cache/chromium/Default/Cache/Cache_Data/3a37c71719a81e..
find 05
ThreadPoolForeg /config/.cache/chromium/Default/Cache/Cache_Data/1d95052685942a..
find 03
find 67
find 7d
find 11
find 13
find b6
find 4e
find ba
find e0
find 4f
find f7
find ksplash
find qmlcache
find qtshadercache-x86_64-little_endian-lp64
find plasmashell
find qmlcache
ThreadPoolForeg /config/.cache/chromium/Default/Code Cache/js/62d5e4141f535a86_..
ThreadPoolForeg /config/.cache/chromium/Default/Cache/Cache_Data/70bba0b382712f..
find chromium
find Default
find Cache
find Cache_Data
find index-dir
find No_Vary_Search
find Code Cache
find wasm
find index-dir
find js
find index-dir
find ..
find /config/.config
find openbox
find vlc
find pulse
find autostart
find kdedefaults
find gtk-3.0
find gtk-4.0
find dconf
find xsettingsd
find kde.org
find xfce4
find xfconf
find xfce-perchannel-xml
find chromium
find Crash Reports
find new
find pending
find completed
find attachments
find Default
find Sync Data
find LevelDB
find Shared Dictionary
find cache
find index-dir
find ClientCertificates
find Site Characteristics Database
find Local Storage
find leveldb
find discounts_db
find commerce_subscription_db
find chrome_cart_db
find discount_infos_db
find parcel_tracking_db
find Segmentation Platform
find SegmentInfoDB
find SignalDB
find SignalStorageConfigDB
find PersistentOriginTrials
find Extension Rules
find Extension Scripts
find shared_proto_db
find metadata
find Extension State
find Sessions
find GPUCache
find DawnWebGPUCache
find DawnGraphiteCache
find Session Storage
find WebStorage
Chrome_ChildIOT /tmp/.org.chromium.Chromium.cNHBdr
find blob_storage
find c5aec5bd-dae5-4e7d-8fdd-9ea99eaa8439
find optimization_guide_hint_cache_store
find AutofillAiModelCache
find AutofillStrikeDatabase
find BudgetDatabase
find GCM Store
find Encryption
find Feature Engagement Tracker
find AvailabilityDB
find EventDB
find NativeMessagingHosts
find component_crx_cache
find ShaderCache
Chrome_ChildIOT /tmp/.org.chromium.Chromium.ujr40G
find segmentation_platform
find Dictionaries
find WidevineCdm
find Subresource Filter
find Unindexed Rules
find OnDeviceHeadSuggestModel
find OptimizationHints
find TrustTokenKeyCommitments
find PrivacySandboxAttestationsPreloaded
find SSLErrorAssistant
find FileTypePolicies
find OriginTrials
find CertificateRevocation
find MEIPreload
find PKIMetadata
find SafetyTips
find Crowd Deny
find hyphen-data
find ZxcvbnData
find ActorSafetyLists
find AmountExtractionHeuristicRegexes
find WasmTtsEngine
find CaptchaProviders
find GrShaderCache
find GraphiteDawnCache
find FirstPartySetsPreloaded
find extensions_crx_cache
find ..
find /config/.local
find bin
find share
find kactivitymanagerd
find resources
find test-backup
find working-backup
find baloo
find pki
Chrome_ChildIOT /tmp/.org.chromium.Chromium.nZzg4d
find nssdb
sleep /etc/ld.so.cache
sleep /lib/x86_64-linux-gnu/libc.so.6
sleep /usr/lib/locale/locale-archive
sleep /usr/share/locale/locale.alias
sleep /usr/share/locale/en_US/LC_MESSAGES/coreutils.mo
sleep /usr/share/locale/en/LC_MESSAGES/coreutils.mo
sleep /usr/share/locale-langpack/en_US/LC_MESSAGES/coreutils.mo
sleep /usr/share/locale-langpack/en/LC_MESSAGES/coreutils.mo
Chrome_ChildIOT /tmp/.org.chromium.Chromium.iT6UYk
selkies /proc/stat
selkies /proc/meminfo
ThreadPoolForeg /config/.cache/chromium/Default/Cache/Cache_Data/713403d7fa7e00..
Chrome_ChildIOT /tmp/.org.chromium.Chromium.1b3IgG
Chrome_ChildIOT /tmp/.org.chromium.Chromium.XuQ2Uh
ThreadPoolForeg /config/.cache/chromium/Default/Code Cache/js/6fb8f4d3dae7ea0b_..
Chrome_ChildIOT /tmp/.org.chromium.Chromium.gn82UZ
ThreadPoolForeg /config/.cache/chromium/Default/Cache/Cache_Data/d4fb7a10af0137..
ThreadPoolForeg /config/.cache/chromium/Default/Cache/Cache_Data/70bff0b3fbf2d4..
ThreadPoolForeg /config/.cache/chromium/Default/Cache/Cache_Data/091166863830e6..
ThreadPoolForeg /config/.cache/chromium/Default/Cache/Cache_Data/d36690cdac4eb8..
ThreadPoolForeg /config/.cache/chromium/Default/Cache/Cache_Data/7f71dd7d87cd72..
chromium /proc/1855/stat
ThreadPoolForeg /config/.cache/chromium/Default/Cache/Cache_Data/bd9dd8a4dd6ce9..
chromium /proc/1855/stat
chromium /proc/1855/stat
chromium /proc/1855/stat
chromium /proc/1855/stat
ThreadPoolForeg /config/.cache/chromium/Default/Cache/Cache_Data/b81984d79ebea2..
chromium /proc/1855/stat
bash /dev/null
find /etc/ld.so.cache
find /lib/x86_64-linux-gnu/libselinux.so.1
find /lib/x86_64-linux-gnu/libc.so.6
find /lib/x86_64-linux-gnu/libpcre2-8.so.0
Chrome_ChildIOT /tmp/.org.chromium.Chromium.2E1msh
find /proc/filesystems
find .
find /usr/lib/locale/locale-archive
find /usr/lib/x86_64-linux-gnu/gconv/gconv-modules.cache
find /config/.cache
find mesa_shader_cache
find db
chromium /proc/1855/stat
find 0c
find 5e
find 8a
find 59
find dd
find 3d
find 35
find 8d
find 9a
find 80
find 33
find ea
find e1
find 3e
find 6a
find b5
find bc
find e8
find b8
find ef
find b9
find 7e
find 6e
find a2
chromium /proc/1855/stat
find 71
find b7
find 8e
find 1a
Chrome_ChildIOT /tmp/.org.chromium.Chromium.H927nV
find 20
find c9
find 26
find 4a
find bd
find 62
find 21
chromium /proc/1855/stat
find 2d
find 56
find 86
find 40
find ed
find 9d
find 05
find 03
find 67
find 7d
find 11
find 13
find b6
find 4e
find ba
Chrome_ChildIOT /tmp/.org.chromium.Chromium.GG5YFf
find e0
find 4f
find f7
find ksplash
find qmlcache
find qtshadercache-x86_64-little_endian-lp64
find plasmashell
find qmlcache
chromium /proc/1855/stat
Chrome_ChildIOT /tmp/.org.chromium.Chromium.P1XR8k
find chromium
find Default
find Cache
find Cache_Data
find index-dir
chromium /proc/1855/stat
find No_Vary_Search
find Code Cache
find wasm
find index-dir
find js
find index-dir
chromium /proc/1855/stat
find ..
find /config/.config
find openbox
find vlc
find pulse
find autostart
find kdedefaults
find gtk-3.0
find gtk-4.0
find dconf
find xsettingsd
find kde.org
find xfce4
find xfconf
find xfce-perchannel-xml
find chromium
find Crash Reports
find new
find pending
find completed
find attachments
find Default
find Sync Data
find LevelDB
find Shared Dictionary
find cache
find index-dir
find ClientCertificates
find Site Characteristics Database
find Local Storage
find leveldb
chromium /proc/1855/stat
find discounts_db
find commerce_subscription_db
find chrome_cart_db
find discount_infos_db
find parcel_tracking_db
find Segmentation Platform
find SegmentInfoDB
find SignalDB
find SignalStorageConfigDB
find PersistentOriginTrials
chromium /proc/1855/stat
find Extension Rules
find Extension Scripts
find shared_proto_db
find metadata
find Extension State
find Sessions
find GPUCache
find DawnWebGPUCache
find DawnGraphiteCache
find Session Storage
find WebStorage
find blob_storage
find c5aec5bd-dae5-4e7d-8fdd-9ea99eaa8439
find optimization_guide_hint_cache_store
chromium /proc/1855/stat
find AutofillAiModelCache
find AutofillStrikeDatabase
find BudgetDatabase
find GCM Store
find Encryption
find Feature Engagement Tracker
find AvailabilityDB
find EventDB
find NativeMessagingHosts
find component_crx_cache
find ShaderCache
find segmentation_platform
find Dictionaries
find WidevineCdm
find Subresource Filter
find Unindexed Rules
find OnDeviceHeadSuggestModel
find OptimizationHints
find TrustTokenKeyCommitments
find PrivacySandboxAttestationsPreloaded
find SSLErrorAssistant
find FileTypePolicies
find OriginTrials
find CertificateRevocation
find MEIPreload
find PKIMetadata
find SafetyTips
find Crowd Deny
find hyphen-data
find ZxcvbnData
find ActorSafetyLists
chromium /proc/1855/stat
find AmountExtractionHeuristicRegexes
find WasmTtsEngine
find CaptchaProviders
find GrShaderCache
find GraphiteDawnCache
find FirstPartySetsPreloaded
ThreadPoolForeg /config/.cache/chromium/Default/Cache/Cache_Data/1d43b651886fc9..
find extensions_crx_cache
find ..
find /config/.local
find bin
find share
find kactivitymanagerd
find resources
find test-backup
find working-backup
find baloo
find pki
find nssdb
chromium /proc/1855/stat
sleep /etc/ld.so.cache
sleep /lib/x86_64-linux-gnu/libc.so.6
sleep /usr/lib/locale/locale-archive
sleep /usr/share/locale/locale.alias
sleep /usr/share/locale/en_US/LC_MESSAGES/coreutils.mo
sleep /usr/share/locale/en/LC_MESSAGES/coreutils.mo
sleep /usr/share/locale-langpack/en_US/LC_MESSAGES/coreutils.mo
sleep /usr/share/locale-langpack/en/LC_MESSAGES/coreutils.mo
chromium /proc/1855/stat
chromium /proc/1855/stat
chromium /proc/1855/stat
chromium /proc/1855/stat
chromium /proc/1855/stat
Chrome_IOThread /tmp/.org.chromium.Chromium.1d0LLg
Chrome_IOThread /tmp/.org.chromium.Chromium.1d0LLg
Chrome_IOThread /tmp/.org.chromium.Chromium.iZNMMk
Chrome_IOThread /tmp/.org.chromium.Chromium.iZNMMk
chromium /proc/1855/stat
Chrome_IOThread /tmp/.org.chromium.Chromium.R5M5FU
Chrome_IOThread /tmp/.org.chromium.Chromium.R5M5FU
Chrome_IOThread /tmp/.org.chromium.Chromium.igYFqg
Chrome_IOThread /tmp/.org.chromium.Chromium.igYFqg
Chrome_IOThread /tmp/.org.chromium.Chromium.i9kbWL
Chrome_IOThread /tmp/.org.chromium.Chromium.i9kbWL
Chrome_ChildIOT /tmp/.org.chromium.Chromium.Y7gcbz
Chrome_IOThread /tmp/.org.chromium.Chromium.GPMnCS
Chrome_ChildIOT /tmp/.org.chromium.Chromium.2FgVM6
Chrome_ChildIOT /tmp/.org.chromium.Chromium.jgvTVf
chromium /proc/1855/stat
xclip /etc/ld.so.cache
xclip /lib/x86_64-linux-gnu/libXmu.so.6
xclip /lib/x86_64-linux-gnu/libX11.so.6
xclip /lib/x86_64-linux-gnu/libc.so.6
xclip /lib/x86_64-linux-gnu/libXt.so.6
xclip /lib/x86_64-linux-gnu/libXext.so.6
xclip /lib/x86_64-linux-gnu/libxcb.so.1
xclip /lib/x86_64-linux-gnu/libSM.so.6
xclip /lib/x86_64-linux-gnu/libICE.so.6
xclip /lib/x86_64-linux-gnu/libXau.so.6
xclip /lib/x86_64-linux-gnu/libXdmcp.so.6
Chrome_ChildIOT /tmp/.org.chromium.Chromium.pfokQ5
xclip /lib/x86_64-linux-gnu/libuuid.so.1
xclip /lib/x86_64-linux-gnu/libbsd.so.0
xclip /lib/x86_64-linux-gnu/libmd.so.0
chromium /proc/1855/stat
xclip /usr/share/X11/locale/locale.alias
xclip /usr/share/X11/locale/locale.dir
xclip /usr/share/X11/locale/C/XLC_LOCALE
xclip /usr/share/X11/locale/locale.alias
xclip /usr/share/X11/locale/locale.dir
xclip /usr/share/X11/locale/C/XLC_LOCALE
Xvfb /proc/2130/cmdline
bash /dev/null
find /etc/ld.so.cache
find /lib/x86_64-linux-gnu/libselinux.so.1
find /lib/x86_64-linux-gnu/libc.so.6
find /lib/x86_64-linux-gnu/libpcre2-8.so.0
find /proc/filesystems
find .
find /usr/lib/locale/locale-archive
find /usr/lib/x86_64-linux-gnu/gconv/gconv-modules.cache
find /config/.cache
find mesa_shader_cache
find db
Chrome_IOThread /tmp/.org.chromium.Chromium.XE1D7P
find 0c
find 5e
find 8a
find 59
find dd
find 3d
find 35
find 8d
find 9a
find 80
find 33
find ea
find e1
find 3e
find 6a
find b5
find bc
find e8
find b8
find ef
find b9
find 7e
find 6e
find a2
find 71
find b7
find 8e
find 1a
find 20
find c9
find 26
find 4a
find bd
chromium /proc/1855/stat
find 62
find 21
find 2d
find 56
find 86
find 40
find ed
find 9d
find 05
find 03
find 67
find 7d
find 11
find 13
find b6
find 4e
find ba
find e0
find 4f
chromium /proc/1855/stat
find f7
Chrome_ChildIOT /tmp/.org.chromium.Chromium.ItKIHt
find ksplash
find qmlcache
find qtshadercache-x86_64-little_endian-lp64
find plasmashell
find qmlcache
find chromium
find Default
find Cache
find Cache_Data
find index-dir
ThreadPoolForeg /config/.cache/chromium/Default/Code Cache/js/88b690141d008118_..
find No_Vary_Search
find Code Cache
find wasm
find index-dir
find js
find index-dir
find ..
find /config/.config
find openbox
find vlc
find pulse
find autostart
find kdedefaults
find gtk-3.0
find gtk-4.0
find dconf
find xsettingsd
find kde.org
find xfce4
find xfconf
find xfce-perchannel-xml
find chromium
find Crash Reports
find new
find pending
find completed
find attachments
find Default
find Sync Data
find LevelDB
find Shared Dictionary
find cache
find index-dir
find ClientCertificates
find Site Characteristics Database
find Local Storage
find leveldb
find discounts_db
find commerce_subscription_db
find chrome_cart_db
find discount_infos_db
find parcel_tracking_db
find Segmentation Platform
find SegmentInfoDB
ThreadPoolSingl /proc/1855/task
find SignalDB
find SignalStorageConfigDB
ThreadPoolSingl /proc/1855/task/1855/status
find PersistentOriginTrials
ThreadPoolSingl /proc/1855/task/1856/status
find Extension Rules
find Extension Scripts
ThreadPoolSingl /proc/1855/task/1857/status
find shared_proto_db
find metadata
ThreadPoolSingl /proc/1855/task/1858/status
find Extension State
ThreadPoolSingl /proc/1855/task/1859/status
find Sessions
find GPUCache
ThreadPoolSingl /proc/1855/task/1860/status
find DawnWebGPUCache
ThreadPoolSingl /proc/1855/task/1861/status
find DawnGraphiteCache
find Session Storage
find WebStorage
ThreadPoolSingl /proc/1855/task/1862/status
find blob_storage
find c5aec5bd-dae5-4e7d-8fdd-9ea99eaa8439
ThreadPoolSingl /proc/1855/task/1863/status
find optimization_guide_hint_cache_store
find AutofillAiModelCache
ThreadPoolSingl /proc/1855/task/2038/status
find AutofillStrikeDatabase
ThreadPoolSingl /proc/1855/task/2039/status
find BudgetDatabase
ThreadPoolSingl /proc/1855/task/2040/status
find GCM Store
ThreadPoolSingl /proc/1855/task/2052/status
find Encryption
ThreadPoolSingl /proc/1855/task/2053/status
find Feature Engagement Tracker
ThreadPoolSingl /proc/1855/task/2054/status
find AvailabilityDB
find EventDB
ThreadPoolSingl /proc/1855/task/2100/status
find NativeMessagingHosts
ThreadPoolSingl /proc/1855/task/2128/status
find component_crx_cache
find ShaderCache
ThreadPoolSingl /proc/1855/task
ThreadPoolSingl /proc/1855/task/1855/status
find segmentation_platform
find Dictionaries
ThreadPoolSingl /proc/1855/task/1856/status
find WidevineCdm
ThreadPoolSingl /proc/1855/task/1857/status
ThreadPoolSingl /proc/1855/task/1858/status
find Subresource Filter
ThreadPoolSingl /proc/1855/task/1859/status
find Unindexed Rules
ThreadPoolSingl /proc/1855/task/1860/status
find OnDeviceHeadSuggestModel
ThreadPoolSingl /proc/1855/task/1861/status
find OptimizationHints
ThreadPoolSingl /proc/1855/task/1862/status
find TrustTokenKeyCommitments
ThreadPoolSingl /proc/1855/task/1863/status
find PrivacySandboxAttestationsPreloaded
ThreadPoolSingl /proc/1855/task/2038/status
find SSLErrorAssistant
ThreadPoolSingl /proc/1855/task/2039/status
find FileTypePolicies
ThreadPoolSingl /proc/1855/task/2040/status
find OriginTrials
find CertificateRevocation
ThreadPoolSingl /proc/1855/task/2052/status
find MEIPreload
find PKIMetadata
ThreadPoolSingl /proc/1855/task/2053/status
find SafetyTips
ThreadPoolSingl /proc/1855/task/2054/status
find Crowd Deny
ThreadPoolSingl /proc/1855/task/2100/status
find hyphen-data
ThreadPoolSingl /proc/1855/task/2128/status
find ZxcvbnData
ThreadPoolSingl /proc/1855/task/2134/status
ThreadPoolSingl /proc/1855/task/2135/status
find ActorSafetyLists
find AmountExtractionHeuristicRegexes
ThreadPoolSingl /proc/1855/task
find WasmTtsEngine
ThreadPoolSingl /proc/1855/task/1855/status
find CaptchaProviders
ThreadPoolSingl /proc/1855/task/1856/status
find GrShaderCache
ThreadPoolSingl /proc/1855/task/1857/status
ThreadPoolSingl /proc/1855/task/1858/status
find GraphiteDawnCache
ThreadPoolSingl /proc/1855/task/1859/status
find FirstPartySetsPreloaded
ThreadPoolSingl /proc/1855/task/1860/status
find extensions_crx_cache
ThreadPoolSingl /proc/1855/task/1861/status
find ..
find /config/.local
ThreadPoolSingl /proc/1855/task/1862/status
find bin
ThreadPoolSingl /proc/1855/task/1863/status
ThreadPoolSingl /proc/1855/task/2038/status
find share
ThreadPoolSingl /proc/1855/task/2039/status
find kactivitymanagerd
ThreadPoolSingl /proc/1855/task/2040/status
find resources
ThreadPoolSingl /proc/1855/task/2052/status
find test-backup
ThreadPoolSingl /proc/1855/task/2053/status
find working-backup
ThreadPoolSingl /proc/1855/task/2054/status
ThreadPoolSingl /proc/1855/task/2100/status
find baloo
ThreadPoolSingl /proc/1855/task/2128/status
find pki
ThreadPoolSingl /proc/1855/task/2134/status
find nssdb
ThreadPoolSingl /proc/1855/task/2135/status
ThreadPoolSingl /proc/1855/task/2136/status
ThreadPoolSingl /proc/1855/task
ThreadPoolSingl /proc/1855/task/1855/status
sleep /etc/ld.so.cache
ThreadPoolSingl /proc/1855/task/1856/status
sleep /lib/x86_64-linux-gnu/libc.so.6
ThreadPoolSingl /proc/1855/task/1857/status
ThreadPoolSingl /proc/1855/task/1858/status
sleep /usr/lib/locale/locale-archive
ThreadPoolSingl /proc/1855/task/1859/status
sleep /usr/share/locale/locale.alias
sleep /usr/share/locale/en_US/LC_MESSAGES/coreutils.mo
sleep /usr/share/locale/en/LC_MESSAGES/coreutils.mo
sleep /usr/share/locale-langpack/en_US/LC_MESSAGES/coreutils.mo
sleep /usr/share/locale-langpack/en/LC_MESSAGES/coreutils.mo
ThreadPoolSingl /proc/1855/task/1860/status
ThreadPoolSingl /proc/1855/task/1861/status
ThreadPoolSingl /proc/1855/task/1862/status
ThreadPoolSingl /proc/1855/task/1863/status
ThreadPoolSingl /proc/1855/task/2038/status
ThreadPoolSingl /proc/1855/task/2039/status
ThreadPoolSingl /proc/1855/task/2040/status
ThreadPoolSingl /proc/1855/task/2052/status
ThreadPoolSingl /proc/1855/task/2053/status
ThreadPoolSingl /proc/1855/task/2054/status
ThreadPoolSingl /proc/1855/task/2100/status
ThreadPoolSingl /proc/1855/task/2128/status
ThreadPoolSingl /proc/1855/task/2134/status
ThreadPoolSingl /proc/1855/task/2135/status
ThreadPoolSingl /proc/1855/task/2136/status
ThreadPoolSingl /proc/1855/task/2137/status
ThreadPoolSingl /proc/1855/task
ThreadPoolSingl /proc/1855/task/1855/status
ThreadPoolSingl /proc/1855/task/1856/status
ThreadPoolSingl /proc/1855/task/1857/status
ThreadPoolSingl /proc/1855/task/1858/status
ThreadPoolSingl /proc/1855/task/1859/status
ThreadPoolSingl /proc/1855/task/1860/status
ThreadPoolSingl /proc/1855/task/1861/status
ThreadPoolSingl /proc/1855/task/1862/status
ThreadPoolSingl /proc/1855/task/1863/status
ThreadPoolSingl /proc/1855/task/2038/status
ThreadPoolSingl /proc/1855/task/2039/status
ThreadPoolSingl /proc/1855/task/2040/status
ThreadPoolSingl /proc/1855/task/2052/status
ThreadPoolSingl /proc/1855/task/2053/status
ThreadPoolSingl /proc/1855/task/2054/status
ThreadPoolForeg /config/.cache/chromium/Default/Cache/Cache_Data/a61b4ba3fcd157..
ThreadPoolSingl /proc/1855/task/2100/status
ThreadPoolSingl /proc/1855/task/2128/status
ThreadPoolSingl /proc/1855/task/2134/status
ThreadPoolSingl /proc/1855/task
ThreadPoolSingl /proc/1855/task/1855/status
ThreadPoolSingl /proc/1855/task/1856/status
ThreadPoolSingl /proc/1855/task/1857/status
ThreadPoolSingl /proc/1855/task/1858/status
ThreadPoolSingl /proc/1855/task/1859/status
ThreadPoolSingl /proc/1855/task/1860/status
ThreadPoolSingl /proc/1855/task/1861/status
ThreadPoolSingl /proc/1855/task/1862/status
ThreadPoolSingl /proc/1855/task/1863/status
ThreadPoolForeg /config/.cache/chromium/Default/Code Cache/js/151199cbab41409d_..
ThreadPoolForeg /config/.cache/chromium/Default/Cache/Cache_Data/f58e96f89bb0d0..
ThreadPoolSingl /proc/1855/task/2038/status
ThreadPoolSingl /proc/1855/task/2039/status
ThreadPoolSingl /proc/1855/task/2040/status
ThreadPoolSingl /proc/1855/task/2052/status
ThreadPoolSingl /proc/1855/task/2053/status
ThreadPoolSingl /proc/1855/task/2054/status
ThreadPoolSingl /proc/1855/task/2100/status
ThreadPoolSingl /proc/1855/task/2128/status
ThreadPoolSingl /proc/1855/task/2134/status
ThreadPoolSingl /proc/1855/task/2135/status
ThreadPoolSingl /proc/1855/task/2136/status
ThreadPoolSingl /proc/1855/task/2137/status
ThreadPoolSingl /proc/1855/task/2138/status
Chrome_IOThread /tmp/.org.chromium.Chromium.2hT9RY
Chrome_IOThread /tmp/.org.chromium.Chromium.2hT9RY
ThreadPoolSingl /tmp/.org.chromium.Chromium.9RQk0H
ThreadPoolSingl /tmp/.org.chromium.Chromium.9RQk0H
ThreadPoolForeg /config/.cache/chromium/Default/Code Cache/js/e4d00cf1e5c01a77_..
ThreadPoolForeg /config/.cache/chromium/Default/Code Cache/js/e3bd6e6cb0962d55_..
ThreadPoolForeg /config/.cache/chromium/Default/Code Cache/js/e3bd6e6cb0962d55_..
ThreadPoolForeg /config/.cache/chromium/Default/Code Cache/js/14a47e61bfe60432_..
ThreadPoolForeg /config/.cache/chromium/Default/Code Cache/js/e3bd6e6cb0962d55_..
ThreadPoolForeg /config/.cache/chromium/Default/Cache/Cache_Data/be27d363594ac2..
ThreadPoolForeg /config/.cache/chromium/Default/Cache/Cache_Data/f8faff3f91b6a7..
ThreadPoolForeg /config/.cache/chromium/Default/Cache/Cache_Data/d8363d27abc517..
ThreadPoolForeg /config/.cache/chromium/Default/Cache/Cache_Data/2e01b83932b62b..
Chrome_ChildIOT /tmp/.org.chromium.Chromium.rIvv1b
ThreadPoolForeg /config/.cache/chromium/Default/Cache/Cache_Data/fa65011d388fe3..
bash /dev/null
find /etc/ld.so.cache
find /lib/x86_64-linux-gnu/libselinux.so.1
Chrome_IOThread /tmp/.org.chromium.Chromium.5r2DlG
Chrome_IOThread /tmp/.org.chromium.Chromium.5r2DlG
find /lib/x86_64-linux-gnu/libc.so.6
find /lib/x86_64-linux-gnu/libpcre2-8.so.0
find /proc/filesystems
find .
find /usr/lib/locale/locale-archive
find /usr/lib/x86_64-linux-gnu/gconv/gconv-modules.cache
find /config/.cache
find mesa_shader_cache
find db
find 0c
find 5e
find 8a
find 59
find dd
find 3d
find 35
find 8d
find 9a
find 80
find 33
find ea
find e1
find 3e
find 6a
find b5
find bc
find e8
find b8
find ef
find b9
find 7e
find 6e
find a2
find 71
find b7
find 8e
find 1a
find 20
find c9
find 26
find 4a
find bd
find 62
find 21
find 2d
find 56
find 86
find 40
find ed
find 9d
find 05
find 03
find 67
find 7d
find 11
find 13
find b6
find 4e
find ba
find e0
Chrome_IOThread /tmp/.org.chromium.Chromium.fFFwOg
Chrome_IOThread /tmp/.org.chromium.Chromium.fFFwOg
find 4f
find f7
find ksplash
find qmlcache
find qtshadercache-x86_64-little_endian-lp64
find plasmashell
find qmlcache
ThreadPoolForeg /config/.cache/chromium/Default/Code Cache/js/1ad19eafbaa77cba_..
find chromium
find Default
find Cache
find Cache_Data
ThreadPoolForeg /config/.cache/chromium/Default/Cache/Cache_Data/ca42d0d8b6e2a3..
find index-dir
find No_Vary_Search
find Code Cache
find wasm
find index-dir
find js
find index-dir
find ..
find /config/.config
find openbox
find vlc
find pulse
find autostart
find kdedefaults
find gtk-3.0
find gtk-4.0
find dconf
find xsettingsd
find kde.org
find xfce4
Chrome_IOThread /tmp/.org.chromium.Chromium.fbeL0O
find xfconf
Chrome_IOThread /tmp/.org.chromium.Chromium.fbeL0O
find xfce-perchannel-xml
find chromium
find Crash Reports
find new
find pending
find completed
find attachments
find Default
find Sync Data
find LevelDB
find Shared Dictionary
find cache
find index-dir
find ClientCertificates
find Site Characteristics Database
find Local Storage
find leveldb
find discounts_db
find commerce_subscription_db
find chrome_cart_db
find discount_infos_db
find parcel_tracking_db
find Segmentation Platform
find SegmentInfoDB
find SignalDB
Chrome_ChildIOT /tmp/.org.chromium.Chromium.Njnh2d
find SignalStorageConfigDB
Chrome_ChildIOT /tmp/.org.chromium.Chromium.cICXMn
find PersistentOriginTrials
find Extension Rules
find Extension Scripts
find shared_proto_db
find metadata
find Extension State
find Sessions
find GPUCache
find DawnWebGPUCache
find DawnGraphiteCache
find Session Storage
find WebStorage
find blob_storage
find c5aec5bd-dae5-4e7d-8fdd-9ea99eaa8439
find optimization_guide_hint_cache_store
find AutofillAiModelCache
find AutofillStrikeDatabase
find BudgetDatabase
find GCM Store
find Encryption
find Feature Engagement Tracker
find AvailabilityDB
find EventDB
find NativeMessagingHosts
find component_crx_cache
find ShaderCache
find segmentation_platform
find Dictionaries
find WidevineCdm
find Subresource Filter
find Unindexed Rules
find OnDeviceHeadSuggestModel
find OptimizationHints
find TrustTokenKeyCommitments
find PrivacySandboxAttestationsPreloaded
find SSLErrorAssistant
find FileTypePolicies
find OriginTrials
find CertificateRevocation
find MEIPreload
find PKIMetadata
find SafetyTips
find Crowd Deny
find hyphen-data
find ZxcvbnData
find ActorSafetyLists
find AmountExtractionHeuristicRegexes
find WasmTtsEngine
find CaptchaProviders
find GrShaderCache
find GraphiteDawnCache
find FirstPartySetsPreloaded
find extensions_crx_cache
find ..
find /config/.local
find bin
find share
find kactivitymanagerd
find resources
find test-backup
find working-backup
find baloo
find pki
find nssdb
sleep /etc/ld.so.cache
sleep /lib/x86_64-linux-gnu/libc.so.6
sleep /usr/lib/locale/locale-archive
sleep /usr/share/locale/locale.alias
sleep /usr/share/locale/en_US/LC_MESSAGES/coreutils.mo
sleep /usr/share/locale/en/LC_MESSAGES/coreutils.mo
sleep /usr/share/locale-langpack/en_US/LC_MESSAGES/coreutils.mo
sleep /usr/share/locale-langpack/en/LC_MESSAGES/coreutils.mo
Chrome_ChildIOT /tmp/.org.chromium.Chromium.syx6V7
ThreadPoolForeg /config/.cache/chromium/Default/Cache/Cache_Data/78a309b3331cfd..
ThreadPoolForeg /config/.cache/chromium/Default/Cache/Cache_Data/243075b6e18e6e..
ThreadPoolForeg /config/.cache/chromium/Default/Code Cache/js/6d53b49c6df36dc1_..
Chrome_ChildIOT /tmp/.org.chromium.Chromium.qlX5U2
chromium /proc/1855/stat
ThreadPoolForeg /config/.cache/chromium/Default/Cache/Cache_Data/b3746e70c4e4a6..
chromium /tmp/.org.chromium.Chromium.8DVfZ6
chromium /tmp/.org.chromium.Chromium.8DVfZ6
ThreadPoolForeg /config/.cache/chromium/Default/Cache/Cache_Data/aecc6f65d2b0c0..
chromium /tmp/.org.chromium.Chromium.gNVeD4
Chrome_IOThread /tmp/.org.chromium.Chromium.uOolDW
Chrome_IOThread /tmp/.org.chromium.Chromium.uOolDW
ThreadPoolForeg /config/.cache/chromium/Default/Cache/Cache_Data/66cfa2dc7df643..
ThreadPoolForeg /config/.cache/chromium/Default/Cache/Cache_Data/3277a6b73ceafd..
ThreadPoolForeg /config/.cache/chromium/Default/Code Cache/js/c964236e1beee229_..
Chrome_ChildIOT /tmp/.org.chromium.Chromium.LyZnQo
chromium /proc/2011/stat
ThreadPoolSingl /tmp/.org.chromium.Chromium.tDUe9j
ThreadPoolForeg /config/.cache/chromium/Default/Cache/Cache_Data/427b5f0015b305..
chromium /proc/1855/stat
chromium /proc/self/maps
ThreadPoolForeg /config/.cache/chromium/Default/Cache/Cache_Data/2ae8a28114cab7..
chromium /proc/self/maps
chromium /proc/self/maps
chromium /proc/2011/stat
chromium .
chromium self/fd/
chromium .
bash /dev/null
ThreadPoolForeg /config/.cache/chromium/Default/Cache/Cache_Data/9a512c853453f1..
find /etc/ld.so.cache
find /lib/x86_64-linux-gnu/libselinux.so.1
find /lib/x86_64-linux-gnu/libc.so.6
find /lib/x86_64-linux-gnu/libpcre2-8.so.0
find /proc/filesystems
find .
find /usr/lib/locale/locale-archive
find /usr/lib/x86_64-linux-gnu/gconv/gconv-modules.cache
find /config/.cache
find mesa_shader_cache
find db
find 0c
find 5e
find 8a
find 59
find dd
find 3d
find 35
find 8d
chromium /proc/2159/stat
find 9a
find 80
Chrome_IOThread /tmp/.org.chromium.Chromium.OqeMEY
find 33
find ea
Chrome_IOThread /tmp/.org.chromium.Chromium.qGzQ9S
find e1
find 3e
find 6a
find b5
find bc
find e8
find b8
find ef
find b9
find 7e
find 6e
find a2
find 71
find b7
find 8e
find 1a
find 20
find c9
find 26
find 4a
find bd
find 62
find 21
chromium /proc/1855/stat
find 2d
find 56
find 86
find 40
find ed
find 9d
find 05
find 03
find 67
find 7d
Chrome_ChildIOT /tmp/.org.chromium.Chromium.n4Em3f
find 11
find 13
find b6
find 4e
find ba
find e0
find 4f
find f7
find ksplash
find qmlcache
find qtshadercache-x86_64-little_endian-lp64
find plasmashell
find qmlcache
chromium /tmp/.org.chromium.Chromium.5Kn8la
chromium /tmp/.org.chromium.Chromium.5Kn8la
chromium /tmp/.org.chromium.Chromium.RHltqO
Chrome_IOThread /tmp/.org.chromium.Chromium.G0pVwG
Chrome_IOThread /tmp/.org.chromium.Chromium.G0pVwG
find chromium
find Default
find Cache
find Cache_Data
find index-dir
ThreadPoolSingl /tmp/.org.chromium.Chromium.lC3MwG
chromium /proc/2159/stat
find No_Vary_Search
find Code Cache
chromium /tmp/.org.chromium.Chromium.Xrd7jX
find wasm
chromium /tmp/.org.chromium.Chromium.Xrd7jX
find index-dir
find js
find index-dir
Chrome_ChildIOT /tmp/.org.chromium.Chromium.awCAqp
find ..
find /config/.config
find openbox
find vlc
find pulse
chromium /proc/self/maps
find autostart
find kdedefaults
find gtk-3.0
find gtk-4.0
ThreadPoolForeg /config/.cache/chromium/Default/Cache/Cache_Data/f1b9fd0091b72b..
find dconf
find xsettingsd
find kde.org
find xfce4
find xfconf
chromium /proc/self/maps
chromium /proc/self/maps
find xfce-perchannel-xml
find chromium
find Crash Reports
find new
find pending
find completed
find attachments
find Default
find Sync Data
chromium /proc/2159/stat
find LevelDB
chromium /proc/2159/status
chromium .
chromium self/fd/
chromium /proc/2159/status
find Shared Dictionary
chromium /proc/2159/statm
find cache
find index-dir
find ClientCertificates
ThreadPoolForeg /tmp/.org.chromium.Chromium.6wdJdm
find Site Characteristics Database
ThreadPoolForeg /tmp/.org.chromium.Chromium.6wdJdm
find Local Storage
find leveldb
chromium .
find discounts_db
find commerce_subscription_db
find chrome_cart_db
find discount_infos_db
chromium /proc/2168/stat
find parcel_tracking_db
find Segmentation Platform
find SegmentInfoDB
find SignalDB
find SignalStorageConfigDB
find PersistentOriginTrials
find Extension Rules
find Extension Scripts
find shared_proto_db
Chrome_ChildIOT /tmp/.org.chromium.Chromium.XoGrJ2
find metadata
find Extension State
find Sessions
find GPUCache
find DawnWebGPUCache
find DawnGraphiteCache
find Session Storage
find WebStorage
ThreadPoolSingl /proc/2159/task
find blob_storage
ThreadPoolSingl /proc/2159/task/2159/status
find c5aec5bd-dae5-4e7d-8fdd-9ea99eaa8439
find optimization_guide_hint_cache_store
ThreadPoolSingl /proc/2159/task/2162/status
find AutofillAiModelCache
find AutofillStrikeDatabase
find BudgetDatabase
find GCM Store
find Encryption
ThreadPoolSingl /proc/2159/task
find Feature Engagement Tracker
ThreadPoolSingl /proc/2159/task/2159/status
find AvailabilityDB
find EventDB
ThreadPoolSingl /proc/2159/task/2162/status
find NativeMessagingHosts
find component_crx_cache
ThreadPoolSingl /proc/2159/task/2163/status
find ShaderCache
Chrome_IOThread /tmp/.org.chromium.Chromium.07F96c
find segmentation_platform
find Dictionaries
find WidevineCdm
ThreadPoolSingl /proc/2159/task
find Subresource Filter
find Unindexed Rules
ThreadPoolSingl /proc/2159/task/2159/status
find OnDeviceHeadSuggestModel
find OptimizationHints
find TrustTokenKeyCommitments
ThreadPoolSingl /proc/2159/task/2162/status
find PrivacySandboxAttestationsPreloaded
find SSLErrorAssistant
find FileTypePolicies
ThreadPoolSingl /proc/2159/task/2163/status
find OriginTrials
find CertificateRevocation
find MEIPreload
find PKIMetadata
ThreadPoolSingl /proc/2159/task/2164/status
find SafetyTips
find Crowd Deny
find hyphen-data
find ZxcvbnData
find ActorSafetyLists
find AmountExtractionHeuristicRegexes
ThreadPoolSingl /proc/2159/task
find WasmTtsEngine
find CaptchaProviders
ThreadPoolSingl /proc/2159/task/2159/status
find GrShaderCache
find GraphiteDawnCache
Chrome_ChildIOT /tmp/.org.chromium.Chromium.Gkzo5A
ThreadPoolSingl /proc/2159/task/2162/status
find FirstPartySetsPreloaded
find extensions_crx_cache
ThreadPoolSingl /proc/2159/task/2163/status
find ..
find /config/.local
find bin
ThreadPoolSingl /proc/2159/task/2164/status
find share
ThreadPoolSingl /proc/2159/task/2165/status
find kactivitymanagerd
find resources
find test-backup
find working-backup
ThreadPoolSingl /proc/2159/task
find baloo
ThreadPoolSingl /proc/2159/task/2159/status
find pki
find nssdb
ThreadPoolSingl /proc/2159/task/2162/status
ThreadPoolSingl /proc/2159/task/2163/status
ThreadPoolSingl /proc/2159/task/2164/status
chromium /proc/2168/stat
ThreadPoolSingl /proc/2159/task/2165/status
sleep /etc/ld.so.cache
chromium /proc/2168/status
sleep /lib/x86_64-linux-gnu/libc.so.6
ThreadPoolSingl /proc/2159/task/2167/status
chromium /proc/2168/status
chromium /proc/2168/statm
sleep /usr/lib/locale/locale-archive
sleep /usr/share/locale/locale.alias
ThreadPoolForeg /tmp/.org.chromium.Chromium.hqEPqY
sleep /usr/share/locale/en_US/LC_MESSAGES/coreutils.mo
sleep /usr/share/locale/en/LC_MESSAGES/coreutils.mo
sleep /usr/share/locale-langpack/en_US/LC_MESSAGES/coreutils.mo
sleep /usr/share/locale-langpack/en/LC_MESSAGES/coreutils.mo
ThreadPoolForeg /tmp/.org.chromium.Chromium.hqEPqY
chromium /tmp/.org.chromium.Chromium.UZY2mp
chromium /tmp/.org.chromium.Chromium.UZY2mp
Chrome_IOThread /tmp/.org.chromium.Chromium.KJMQi9
Chrome_ChildIOT /tmp/.org.chromium.Chromium.KNp0bD
ThreadPoolSingl /proc/2159/task
ThreadPoolSingl /proc/2159/task/2159/status
ThreadPoolSingl /proc/2159/task/2162/status
ThreadPoolSingl /proc/2159/task/2163/status
ThreadPoolSingl /proc/2159/task/2164/status
ThreadPoolSingl /proc/2159/task/2165/status
Chrome_IOThread /tmp/.org.chromium.Chromium.9zLwDs
ThreadPoolSingl /proc/2159/task/2167/status
ThreadPoolSingl /proc/2159/task/2170/status
Chrome_IOThread /tmp/.org.chromium.Chromium.o8JgZZ
ThreadPoolSingl /proc/2159/task
ThreadPoolSingl /proc/2159/task/2159/status
ThreadPoolSingl /proc/2159/task/2162/status
ThreadPoolSingl /proc/2159/task/2163/status
ThreadPoolSingl /proc/2159/task/2164/status
ThreadPoolSingl /proc/2159/task/2165/status
ThreadPoolSingl /proc/2159/task
ThreadPoolSingl /proc/2159/task/2159/status
ThreadPoolSingl /proc/2159/task/2162/status
ThreadPoolSingl /proc/2159/task/2163/status
Chrome_ChildIOT /tmp/.org.chromium.Chromium.DQ9IZ2
ThreadPoolSingl /proc/2159/task/2164/status
ThreadPoolSingl /proc/2159/task/2165/status
ThreadPoolSingl /proc/2159/task/2167/status
ThreadPoolSingl /proc/2159/task/2170/status
ThreadPoolSingl /proc/2159/task/2172/status
Chrome_ChildIOT /tmp/.org.chromium.Chromium.iYQc5x
ThreadPoolSingl /proc/2159/task
ThreadPoolSingl /proc/2159/task/2159/status
ThreadPoolSingl /proc/2159/task/2162/status
ThreadPoolSingl /proc/2159/task/2163/status
ThreadPoolSingl /proc/2159/task/2164/status
ThreadPoolSingl /proc/2159/task/2165/status
ThreadPoolSingl /proc/2159/task/2167/status
ThreadPoolSingl /proc/2159/task/2170/status
ThreadPoolSingl /proc/2159/task/2172/status
Chrome_ChildIOT /tmp/.org.chromium.Chromium.FPKuZW
Chrome_ChildIOT /tmp/.org.chromium.Chromium.FPKuZW
ThreadPoolSingl /proc/2159/task/2176/status
ThreadPoolSingl /proc/2159/task
Chrome_IOThread /tmp/.org.chromium.Chromium.7JSf74
ThreadPoolSingl /proc/2159/task/2159/status
ThreadPoolSingl /proc/2159/task/2162/status
ThreadPoolSingl /proc/2159/task/2163/status
Chrome_IOThread /tmp/.org.chromium.Chromium.7BPahZ
ThreadPoolSingl /proc/2159/task/2164/status
ThreadPoolSingl /proc/2159/task/2165/status
ThreadPoolSingl /proc/2159/task/2167/status
ThreadPoolSingl /proc/2159/task/2170/status
ThreadPoolSingl /proc/2168/task
ThreadPoolSingl /proc/2168/task/2168/status
ThreadPoolSingl /proc/2168/task/2171/status
ThreadPoolSingl /proc/2168/task
ThreadPoolSingl /proc/2168/task/2168/status
ThreadPoolSingl /proc/2168/task/2171/status
ThreadPoolSingl /proc/2168/task/2174/status
ThreadPoolSingl /proc/2168/task
ThreadPoolSingl /proc/2168/task/2168/status
ThreadPoolSingl /proc/2168/task/2171/status
chromium /proc/2011/stat
ThreadPoolSingl /proc/2168/task/2174/status
ThreadPoolSingl /proc/2168/task/2175/status
chromium /proc/2011/stat
ThreadPoolSingl /proc/2168/task
ThreadPoolSingl /proc/2168/task/2168/status
ThreadPoolSingl /proc/2168/task/2171/status
ThreadPoolSingl /proc/2168/task/2174/status
ThreadPoolSingl /proc/2168/task/2175/status
ThreadPoolSingl /proc/2168/task/2177/status
ThreadPoolSingl /proc/2168/task
ThreadPoolSingl /proc/2168/task/2168/status
ThreadPoolSingl /proc/2168/task/2171/status
ThreadPoolSingl /proc/2168/task/2174/status
ThreadPoolSingl /proc/2168/task/2175/status
ThreadPoolSingl /proc/2168/task/2177/status
ThreadPoolSingl /proc/2168/task/2178/status
ThreadPoolSingl /proc/2168/task
ThreadPoolSingl /proc/2168/task/2168/status
ThreadPoolSingl /proc/2168/task/2171/status
ThreadPoolSingl /proc/2168/task/2174/status
ThreadPoolSingl /proc/2168/task/2175/status
ThreadPoolSingl /proc/2168/task/2177/status
Chrome_IOThread /tmp/.org.chromium.Chromium.kPWHxS
ThreadPoolSingl /proc/2168/task/2178/status
ThreadPoolSingl /proc/2168/task/2182/status
ThreadPoolSingl /proc/2168/task
ThreadPoolSingl /proc/2168/task/2168/status
ThreadPoolSingl /proc/2168/task/2171/status
ThreadPoolForeg /config/.cache/chromium/Default/Code Cache/js/1dcda17f8007eb28_..
ThreadPoolSingl /proc/2168/task/2174/status
ThreadPoolSingl /proc/2168/task/2175/status
ThreadPoolSingl /proc/2168/task/2177/status
ThreadPoolSingl /proc/2168/task
ThreadPoolSingl /proc/2168/task/2168/status
ThreadPoolSingl /proc/2168/task/2171/status
ThreadPoolSingl /proc/2168/task/2174/status
ThreadPoolSingl /proc/2168/task/2175/status
ThreadPoolSingl /proc/2168/task/2177/status
ThreadPoolSingl /proc/2168/task/2178/status
ThreadPoolSingl /proc/2168/task/2182/status
ThreadPoolSingl /proc/2168/task/2183/status
ThreadPoolSingl /proc/2168/task
ThreadPoolSingl /proc/2168/task/2168/status
ThreadPoolSingl /proc/2168/task/2171/status
Chrome_ChildIOT /tmp/.org.chromium.Chromium.Em8FnU
ThreadPoolSingl /proc/2168/task/2174/status
ThreadPoolSingl /proc/2168/task/2175/status
ThreadPoolSingl /proc/2168/task/2177/status
ThreadPoolSingl /proc/2168/task/2178/status
ThreadPoolSingl /proc/2168/task/2182/status
ThreadPoolSingl /proc/2168/task/2183/status
ThreadPoolSingl /proc/2168/task/2184/status
ThreadPoolSingl /proc/2168/task
ThreadPoolSingl /proc/2168/task/2168/status
Chrome_ChildIOT /tmp/.org.chromium.Chromium.bdlVrK
ThreadPoolSingl /proc/2168/task/2171/status
ThreadPoolSingl /proc/2168/task/2174/status
ThreadPoolSingl /proc/2168/task/2175/status
ThreadPoolSingl /proc/2168/task/2177/status
ThreadPoolSingl /proc/2168/task/2178/status
ThreadPoolSingl /proc/2168/task/2182/status
Chrome_ChildIOT /tmp/.org.chromium.Chromium.ep0ch7
Chrome_ChildIOT /tmp/.org.chromium.Chromium.NJT6H1
chromium /proc/2011/stat
Chrome_ChildIOT /tmp/.org.chromium.Chromium.zIO5kX
Chrome_ChildIOT /tmp/.org.chromium.Chromium.zIO5kX
chromium /proc/1855/stat
ThreadPoolForeg /config/.cache/chromium/Default/Code Cache/js/ed5cd1b97666f673_..
chromium /proc/2011/stat
Chrome_ChildIOT /tmp/.org.chromium.Chromium.ZSVRn4
ThreadPoolForeg /config/.cache/chromium/Default/Cache/Cache_Data/df284fd3405d96..
chromium /proc/2011/stat
ThreadPoolForeg /config/.cache/chromium/Default/Cache/Cache_Data/454b6ae1a4b162..
chromium /proc/2011/stat
bash /dev/null
find /etc/ld.so.cache
find /lib/x86_64-linux-gnu/libselinux.so.1
find /lib/x86_64-linux-gnu/libc.so.6
find /lib/x86_64-linux-gnu/libpcre2-8.so.0
find /proc/filesystems
find .
find /usr/lib/locale/locale-archive
find /usr/lib/x86_64-linux-gnu/gconv/gconv-modules.cache
find /config/.cache
find mesa_shader_cache
find db
find 0c
find 5e
find 8a
chromium /proc/1855/stat
find 59
find dd
find 3d
find 35
ThreadPoolForeg /config/.cache/chromium/Default/Code Cache/js/daa691193ddf2e26_..
find 8d
find 9a
find 80
find 33
find ea
find e1
find 3e
find 6a
find b5
find bc
find e8
find b8
find ef
find b9
find 7e
chromium /proc/1855/stat
find 6e
find a2
find 71
find b7
find 8e
find 1a
find 20
find c9
find 26
find 4a
find bd
find 62
find 21
find 2d
find 56
find 86
find 40
find ed
find 9d
Chrome_ChildIOT /tmp/.org.chromium.Chromium.Qe8877
find 05
find 03
find 67
find 7d
find 11
find 13
find b6
chromium /proc/1855/stat
find 4e
find ba
find e0
find 4f
find f7
find ksplash
find qmlcache
find qtshadercache-x86_64-little_endian-lp64
find plasmashell
find qmlcache
xclip /etc/ld.so.cache
xclip /lib/x86_64-linux-gnu/libXmu.so.6
xclip /lib/x86_64-linux-gnu/libX11.so.6
xclip /lib/x86_64-linux-gnu/libc.so.6
chromium /tmp/.org.chromium.Chromium.Mz2swX
xclip /lib/x86_64-linux-gnu/libXt.so.6
chromium /tmp/.org.chromium.Chromium.Mz2swX
Chrome_ChildIOT /tmp/.org.chromium.Chromium.kVGUpp
xclip /lib/x86_64-linux-gnu/libXext.so.6
xclip /lib/x86_64-linux-gnu/libxcb.so.1
xclip /lib/x86_64-linux-gnu/libSM.so.6
xclip /lib/x86_64-linux-gnu/libICE.so.6
find chromium
find Default
xclip /lib/x86_64-linux-gnu/libXau.so.6
xclip /lib/x86_64-linux-gnu/libXdmcp.so.6
find Cache
find Cache_Data
xclip /lib/x86_64-linux-gnu/libuuid.so.1
chromium /tmp/.org.chromium.Chromium.r7SY9r
find index-dir
Chrome_IOThread /tmp/.org.chromium.Chromium.QRfQOs
xclip /lib/x86_64-linux-gnu/libbsd.so.0
Chrome_IOThread /tmp/.org.chromium.Chromium.QRfQOs
xclip /lib/x86_64-linux-gnu/libmd.so.0
Chrome_IOThread /tmp/.org.chromium.Chromium.KXx9YE
Chrome_IOThread /tmp/.org.chromium.Chromium.KXx9YE
xclip /usr/share/X11/locale/locale.alias
xclip /usr/share/X11/locale/locale.dir
xclip /usr/share/X11/locale/C/XLC_LOCALE
xclip /usr/share/X11/locale/locale.alias
Chrome_IOThread /tmp/.org.chromium.Chromium.zMsVcV
Chrome_IOThread /tmp/.org.chromium.Chromium.zMsVcV
xclip /usr/share/X11/locale/locale.dir
xclip /usr/share/X11/locale/C/XLC_LOCALE
Xvfb /proc/2192/cmdline
Chrome_IOThread /tmp/.org.chromium.Chromium.SDswE4
find No_Vary_Search
Chrome_IOThread /tmp/.org.chromium.Chromium.SDswE4
find Code Cache
find wasm
find index-dir
find js
chromium /proc/2168/stat
find index-dir
ThreadPoolSingl /tmp/.org.chromium.Chromium.ZjD3QZ
find ..
find /config/.config
find openbox
find vlc
find pulse
ThreadPoolForeg /config/.cache/chromium/Default/Cache/Cache_Data/6a6b85622e55e3..
find autostart
find kdedefaults
find gtk-3.0
find gtk-4.0
find dconf
find xsettingsd
find kde.org
chromium /proc/self/maps
Chrome_ChildIOT /tmp/.org.chromium.Chromium.FWsSD2
find xfce4
find xfconf
find xfce-perchannel-xml
find chromium
find Crash Reports
find new
find pending
find completed
find attachments
find Default
find Sync Data
chromium /proc/self/maps
find LevelDB
chromium /proc/self/maps
find Shared Dictionary
ThreadPoolForeg /config/.cache/chromium/Default/Cache/Cache_Data/11a721ed6690ff..
find cache
find index-dir
find ClientCertificates
find Site Characteristics Database
find Local Storage
find leveldb
find discounts_db
find commerce_subscription_db
find chrome_cart_db
find discount_infos_db
find parcel_tracking_db
find Segmentation Platform
Chrome_ChildIOT /tmp/.org.chromium.Chromium.LcdgSL
find SegmentInfoDB
Chrome_ChildIOT /tmp/.org.chromium.Chromium.LcdgSL
find SignalDB
Chrome_IOThread /tmp/.org.chromium.Chromium.TKyw49
find SignalStorageConfigDB
find PersistentOriginTrials
find Extension Rules
find Extension Scripts
find shared_proto_db
chromium .
find metadata
chromium self/fd/
Chrome_IOThread /tmp/.org.chromium.Chromium.mOYRQl
find Extension State
ThreadPoolForeg /config/.cache/chromium/Default/Cache/Cache_Data/4c77c36b3e834a..
find Sessions
find GPUCache
find DawnWebGPUCache
find DawnGraphiteCache
find Session Storage
find WebStorage
chromium .
ThreadPoolForeg /config/.cache/chromium/Default/Cache/Cache_Data/bfbaff4bfdf050..
find blob_storage
ThreadPoolForeg /config/.cache/chromium/Default/Cache/Cache_Data/9c9e885c62677d..
find c5aec5bd-dae5-4e7d-8fdd-9ea99eaa8439
find optimization_guide_hint_cache_store
find AutofillAiModelCache
find AutofillStrikeDatabase
find BudgetDatabase
find GCM Store
find Encryption
find Feature Engagement Tracker
find AvailabilityDB
ThreadPoolForeg /config/.cache/chromium/Default/Cache/Cache_Data/2bf0d8bba9c008..
find EventDB
find NativeMessagingHosts
find component_crx_cache
find ShaderCache
find segmentation_platform
find Dictionaries
chromium /proc/1855/stat
find WidevineCdm
find Subresource Filter
find Unindexed Rules
find OnDeviceHeadSuggestModel
Chrome_IOThread /tmp/.org.chromium.Chromium.M2MDJ7
find OptimizationHints
find TrustTokenKeyCommitments
Chrome_IOThread /tmp/.org.chromium.Chromium.96aTFX
find PrivacySandboxAttestationsPreloaded
find SSLErrorAssistant
find FileTypePolicies
find OriginTrials
find CertificateRevocation
find MEIPreload
find PKIMetadata
find SafetyTips
find Crowd Deny
find hyphen-data
find ZxcvbnData
find ActorSafetyLists
find AmountExtractionHeuristicRegexes
find WasmTtsEngine
find CaptchaProviders
find GrShaderCache
find GraphiteDawnCache
find FirstPartySetsPreloaded
find extensions_crx_cache
find ..
find /config/.local
ThreadPoolForeg /config/.cache/chromium/Default/Cache/Cache_Data/73a21c993a0c26..
find bin
find share
find kactivitymanagerd
find resources
find test-backup
find working-backup
find baloo
find pki
find nssdb
Chrome_ChildIOT /tmp/.org.chromium.Chromium.be4yxX
sleep /etc/ld.so.cache
sleep /lib/x86_64-linux-gnu/libc.so.6
sleep /usr/lib/locale/locale-archive
sleep /usr/share/locale/locale.alias
ThreadPoolForeg /config/.cache/chromium/Default/Code Cache/js/80174e240d83450f_..
sleep /usr/share/locale/en_US/LC_MESSAGES/coreutils.mo
sleep /usr/share/locale/en/LC_MESSAGES/coreutils.mo
sleep /usr/share/locale-langpack/en_US/LC_MESSAGES/coreutils.mo
sleep /usr/share/locale-langpack/en/LC_MESSAGES/coreutils.mo
chromium /proc/2011/stat
ThreadPoolForeg /config/.cache/chromium/Default/Cache/Cache_Data/a4454be67adad2..
chromium /proc/1855/stat
chromium /proc/2011/stat
chromium /proc/2011/stat
chromium /proc/2011/stat
ThreadPoolForeg /config/.cache/chromium/Default/Cache/Cache_Data/b19169ba998201..
Chrome_ChildIOT /tmp/.org.chromium.Chromium.0N96bJ
chromium /proc/2193/stat
ThreadPoolForeg /config/.cache/chromium/Default/Cache/Cache_Data/e1373f8ea6967f..
ThreadPoolForeg /config/.cache/chromium/Default/Cache/Cache_Data/28d0bead2c1315..
ThreadPoolForeg /config/.cache/chromium/Default/Cache/Cache_Data/2caf51904f7ce2..
Chrome_ChildIOT /tmp/.org.chromium.Chromium.1LRGFX
ThreadPoolSingl /proc/2193/task
Chrome_ChildIOT /tmp/.org.chromium.Chromium.xjDIwc
ThreadPoolSingl /proc/2193/task/2193/status
ThreadPoolSingl /proc/2193/task/2196/status
ThreadPoolSingl /proc/2193/task
ThreadPoolSingl /proc/2193/task/2193/status
ThreadPoolSingl /proc/2193/task/2196/status
ThreadPoolSingl /proc/2193/task/2197/status
ThreadPoolSingl /proc/2193/task
ThreadPoolSingl /proc/2193/task/2193/status
ThreadPoolSingl /proc/2193/task/2196/status
ThreadPoolSingl /proc/2193/task/2197/status
ThreadPoolSingl /proc/2193/task/2198/status
ThreadPoolSingl /proc/2193/task
ThreadPoolSingl /proc/2193/task/2193/status
ThreadPoolSingl /proc/2193/task/2196/status
ThreadPoolSingl /proc/2193/task/2197/status
ThreadPoolSingl /proc/2193/task/2198/status
chromium /proc/2159/stat
ThreadPoolSingl /proc/2193/task/2199/status
ThreadPoolSingl /proc/2193/task
ThreadPoolSingl /proc/2193/task/2193/status
chromium /proc/2159/stat
ThreadPoolSingl /proc/2193/task/2196/status
ThreadPoolSingl /proc/2193/task/2197/status
Chrome_ChildIOT /tmp/.org.chromium.Chromium.wlDeke
ThreadPoolSingl /proc/2193/task/2198/status
ThreadPoolSingl /proc/2193/task/2199/status
ThreadPoolSingl /proc/2193/task/2200/status
ThreadPoolSingl /proc/2193/task
ThreadPoolSingl /proc/2193/task/2193/status
ThreadPoolSingl /proc/2193/task/2196/status
ThreadPoolSingl /proc/2193/task/2197/status
ThreadPoolSingl /proc/2193/task/2198/status
ThreadPoolSingl /proc/2193/task/2199/status
ThreadPoolSingl /proc/2193/task/2200/status
ThreadPoolSingl /proc/2193/task/2204/status
ThreadPoolSingl /proc/2193/task
ThreadPoolSingl /proc/2193/task/2193/status
ThreadPoolSingl /proc/2193/task/2196/status
ThreadPoolSingl /proc/2193/task/2197/status
ThreadPoolSingl /proc/2193/task/2198/status
ThreadPoolSingl /proc/2193/task/2199/status
ThreadPoolSingl /proc/2193/task
ThreadPoolSingl /proc/2193/task/2193/status
ThreadPoolSingl /proc/2193/task/2196/status
ThreadPoolSingl /proc/2193/task/2197/status
ThreadPoolSingl /proc/2193/task/2198/status
ThreadPoolSingl /proc/2193/task/2199/status
ThreadPoolSingl /proc/2193/task/2200/status
ThreadPoolSingl /proc/2193/task/2204/status
ThreadPoolSingl /proc/2193/task/2205/status
ThreadPoolSingl /proc/2193/task
chromium /proc/2193/stat
ThreadPoolSingl /proc/2193/task/2193/status
chromium /proc/2193/status
ThreadPoolSingl /proc/2193/task/2196/status
ThreadPoolSingl /proc/2193/task/2197/status
chromium /proc/2193/status
chromium /proc/2193/statm
ThreadPoolSingl /proc/2193/task/2198/status
ThreadPoolSingl /proc/2193/task/2199/status
ThreadPoolSingl /proc/2193/task/2200/status
ThreadPoolForeg /tmp/.org.chromium.Chromium.Ah9QuP
ThreadPoolForeg /tmp/.org.chromium.Chromium.Ah9QuP
ThreadPoolSingl /proc/2193/task/2204/status
ThreadPoolSingl /proc/2193/task/2205/status
ThreadPoolForeg /config/.cache/chromium/Default/Code Cache/js/88db3831fd86c8e2_..
Chrome_ChildIOT /tmp/.org.chromium.Chromium.9wEas2
ThreadPoolSingl /proc/2193/task/2207/status
ThreadPoolSingl /proc/2193/task
ThreadPoolSingl /proc/2193/task/2193/status
ThreadPoolSingl /proc/2193/task/2196/status
ThreadPoolSingl /proc/2193/task/2197/status
ThreadPoolSingl /proc/2193/task/2198/status
Chrome_ChildIOT /tmp/.org.chromium.Chromium.si8adJ
ThreadPoolSingl /proc/2193/task/2199/status
ThreadPoolSingl /proc/2193/task/2200/status
ThreadPoolSingl /proc/2193/task/2204/status
Chrome_ChildIOT /tmp/.org.chromium.Chromium.28jnJ8
Chrome_ChildIOT /tmp/.org.chromium.Chromium.28jnJ8
Chrome_IOThread /tmp/.org.chromium.Chromium.BMmjHR
Chrome_IOThread /tmp/.org.chromium.Chromium.YmhNbs
Chrome_ChildIOT /tmp/.org.chromium.Chromium.Uo09ka
Chrome_ChildIOT /tmp/.org.chromium.Chromium.Un5vA6
Chrome_IOThread /tmp/.org.chromium.Chromium.Tfla2E
chromium /proc/2159/stat
Chrome_ChildIOT /tmp/.org.chromium.Chromium.viimiU
chromium /proc/1855/stat
ThreadPoolForeg /config/.cache/chromium/Default/Cache/Cache_Data/b14eb8290f659a..
chromium /tmp/.org.chromium.Chromium.4XTQLq
chromium /tmp/.org.chromium.Chromium.4XTQLq
ThreadPoolForeg /config/.cache/chromium/Default/Cache/Cache_Data/7b6364246d0e03..
Chrome_IOThread /tmp/.org.chromium.Chromium.SeCP5i
ThreadPoolForeg /config/.config/chromium/Default/Service Worker/CacheStorage/20..
ThreadPoolForeg /config/.config/chromium/Default/Service Worker/CacheStorage/20..
ThreadPoolForeg /config/.cache/chromium/Default/Code Cache/js/a236151e2212f616_..
bash /dev/null
Chrome_ChildIOT /tmp/.org.chromium.Chromium.mnYVUG
find /etc/ld.so.cache
find /lib/x86_64-linux-gnu/libselinux.so.1
find /lib/x86_64-linux-gnu/libc.so.6
find /lib/x86_64-linux-gnu/libpcre2-8.so.0
find /proc/filesystems
find .
find /usr/lib/locale/locale-archive
find /usr/lib/x86_64-linux-gnu/gconv/gconv-modules.cache
find /config/.cache
find mesa_shader_cache
find db
find 0c
find 5e
find 8a
find 59
find dd
find 3d
chromium /proc/2168/stat
find 35
Chrome_ChildIOT /tmp/.org.chromium.Chromium.nO1JX8
find 8d
find 9a
find 80
find 33
chromium /proc/2168/stat
find ea
find e1
find 3e
find 6a
find b5
find bc
find e8
find b8
find ef
find b9
find 7e
find 6e
find a2
find 71
find b7
find 8e
find 1a
find 20
find c9
find 26
find 4a
find bd
find 62
find 21
find 2d
find 56
find 86
find 40
find ed
find 9d
find 05
find 03
find 67
find 7d
find 11
find 13
ThreadPoolForeg /config/.cache/chromium/Default/Cache/Cache_Data/fc2226779e9d34..
find b6
find 4e
find ba
find e0
find 4f
find f7
find ksplash
find qmlcache
find qtshadercache-x86_64-little_endian-lp64
find plasmashell
find qmlcache
find chromium
find Default
find Cache
find Cache_Data
find index-dir
find No_Vary_Search
find Code Cache
find wasm
find index-dir
find js
find index-dir
find ..
find /config/.config
find openbox
find vlc
find pulse
find autostart
find kdedefaults
find gtk-3.0
find gtk-4.0
find dconf
find xsettingsd
find kde.org
find xfce4
find xfconf
find xfce-perchannel-xml
find chromium
find Crash Reports
find new
Chrome_ChildIOT /tmp/.org.chromium.Chromium.ZAcQXS
find pending
find completed
chromium /proc/2168/stat
find attachments
find Default
find Sync Data
find LevelDB
find Shared Dictionary
find cache
find index-dir
Chrome_ChildIOT /tmp/.org.chromium.Chromium.oZ5RBM
find ClientCertificates
Chrome_IOThread /tmp/.org.chromium.Chromium.3rANXU
find Site Characteristics Database
find Local Storage
find leveldb
find discounts_db
find commerce_subscription_db
find chrome_cart_db
find discount_infos_db
chromium /proc/1855/stat
find parcel_tracking_db
find Segmentation Platform
find SegmentInfoDB
find SignalDB
Chrome_ChildIOT /tmp/.org.chromium.Chromium.pNNr4X
find SignalStorageConfigDB
find PersistentOriginTrials
find Extension Rules
find Extension Scripts
find shared_proto_db
find metadata
find Extension State
Chrome_IOThread /tmp/.org.chromium.Chromium.N9n8XP
find Sessions
Chrome_IOThread /tmp/.org.chromium.Chromium.N9n8XP
Chrome_ChildIOT /tmp/.org.chromium.Chromium.SYLncW
find GPUCache
find DawnWebGPUCache
find DawnGraphiteCache
find Session Storage
Chrome_IOThread /tmp/.org.chromium.Chromium.jk9YxT
Chrome_IOThread /tmp/.org.chromium.Chromium.jk9YxT
find WebStorage
find blob_storage
find c5aec5bd-dae5-4e7d-8fdd-9ea99eaa8439
find optimization_guide_hint_cache_store
find AutofillAiModelCache
find AutofillStrikeDatabase
find BudgetDatabase
Chrome_IOThread /tmp/.org.chromium.Chromium.6TeflE
find GCM Store
Chrome_IOThread /tmp/.org.chromium.Chromium.6TeflE
find Encryption
find Feature Engagement Tracker
Chrome_ChildIOT /tmp/.org.chromium.Chromium.tcMzls
find AvailabilityDB
find EventDB
Chrome_IOThread /tmp/.org.chromium.Chromium.COvLmc
Chrome_IOThread /tmp/.org.chromium.Chromium.COvLmc
find NativeMessagingHosts
find component_crx_cache
find ShaderCache
find segmentation_platform
Chrome_IOThread /tmp/.org.chromium.Chromium.Q9WwPN
Chrome_IOThread /tmp/.org.chromium.Chromium.Q9WwPN
find Dictionaries
find WidevineCdm
find Subresource Filter
find Unindexed Rules
find OnDeviceHeadSuggestModel
find OptimizationHints
find TrustTokenKeyCommitments
Chrome_IOThread /tmp/.org.chromium.Chromium.UnElhR
Chrome_IOThread /tmp/.org.chromium.Chromium.UnElhR
find PrivacySandboxAttestationsPreloaded
find SSLErrorAssistant
find FileTypePolicies
find OriginTrials
find CertificateRevocation
find MEIPreload
Chrome_IOThread /tmp/.org.chromium.Chromium.tHFsw3
find PKIMetadata
Chrome_IOThread /tmp/.org.chromium.Chromium.tHFsw3
find SafetyTips
find Crowd Deny
find hyphen-data
find ZxcvbnData
find ActorSafetyLists
find AmountExtractionHeuristicRegexes
find WasmTtsEngine
Chrome_IOThread /tmp/.org.chromium.Chromium.7jfKYv
Chrome_IOThread /tmp/.org.chromium.Chromium.7jfKYv
find CaptchaProviders
find GrShaderCache
find GraphiteDawnCache
Chrome_IOThread /tmp/.org.chromium.Chromium.ttnytc
find FirstPartySetsPreloaded
Chrome_IOThread /tmp/.org.chromium.Chromium.ttnytc
find extensions_crx_cache
find ..
find /config/.local
find bin
find share
Chrome_IOThread /tmp/.org.chromium.Chromium.d2jogZ
Chrome_IOThread /tmp/.org.chromium.Chromium.d2jogZ
find kactivitymanagerd
find resources
find test-backup
find working-backup
find baloo
find pki
Chrome_IOThread /tmp/.org.chromium.Chromium.wCZc71
Chrome_IOThread /tmp/.org.chromium.Chromium.wCZc71
find nssdb
sleep /etc/ld.so.cache
sleep /lib/x86_64-linux-gnu/libc.so.6
sleep /usr/lib/locale/locale-archive
sleep /usr/share/locale/locale.alias
sleep /usr/share/locale/en_US/LC_MESSAGES/coreutils.mo
sleep /usr/share/locale/en/LC_MESSAGES/coreutils.mo
sleep /usr/share/locale-langpack/en_US/LC_MESSAGES/coreutils.mo
sleep /usr/share/locale-langpack/en/LC_MESSAGES/coreutils.mo
Chrome_IOThread /tmp/.org.chromium.Chromium.jaRHM3
Chrome_IOThread /tmp/.org.chromium.Chromium.jaRHM3
Chrome_ChildIOT /tmp/.org.chromium.Chromium.O8Q6iZ
Chrome_ChildIOT /tmp/.org.chromium.Chromium.O8Q6iZ
chromium /proc/1855/stat
chromium /tmp/.org.chromium.Chromium.tHqlMJ
chromium /tmp/.org.chromium.Chromium.tHqlMJ
chromium /tmp/.org.chromium.Chromium.pJbUcd
Chrome_IOThread /tmp/.org.chromium.Chromium.4P3gp7
Chrome_IOThread /tmp/.org.chromium.Chromium.4P3gp7
chromium /proc/2193/stat
Chrome_ChildIOT /tmp/.org.chromium.Chromium.RobD84
ThreadPoolSingl /tmp/.org.chromium.Chromium.AFlQhP
Chrome_ChildIOT /tmp/.org.chromium.Chromium.uDB3W8
ThreadPoolForeg /config/.cache/chromium/Default/Cache/Cache_Data/6de7456cc9033f..
chromium /proc/self/maps
chromium /proc/2219/stat
ThreadPoolForeg /config/.cache/chromium/Default/Cache/Cache_Data/2fd28daa87ef4c..
chromium /proc/self/maps
chromium /proc/self/maps
ThreadPoolForeg /config/.cache/chromium/Default/Cache/Cache_Data/429a69cbe27ca1..
ThreadPoolForeg /config/.cache/chromium/Default/Cache/Cache_Data/ce46d3ad0c97a2..
chromium .
chromium self/fd/
Chrome_ChildIOT /tmp/.org.chromium.Chromium.b2NKcq
chromium .
Chrome_IOThread /tmp/.org.chromium.Chromium.RE1Nd5
Chrome_IOThread /tmp/.org.chromium.Chromium.t6wzkq
Chrome_ChildIOT /tmp/.org.chromium.Chromium.mZbrah
selkies /proc/stat
selkies /proc/meminfo
ThreadPoolForeg /config/.cache/chromium/Default/Cache/Cache_Data/8b6528383721fa..
chromium /proc/2219/stat
chromium /proc/2219/status
chromium /proc/2219/status
chromium /proc/2219/statm
ThreadPoolForeg /tmp/.org.chromium.Chromium.YkY0tu
ThreadPoolForeg /tmp/.org.chromium.Chromium.YkY0tu
chromium /tmp/.org.chromium.Chromium.wwUk8A
chromium /tmp/.org.chromium.Chromium.wwUk8A
chromium /proc/1855/stat
chromium /tmp/.org.chromium.Chromium.KvzVOV
chromium /tmp/.org.chromium.Chromium.KvzVOV
chromium /tmp/.org.chromium.Chromium.weO9L4
Chrome_IOThread /tmp/.org.chromium.Chromium.g993c9
Chrome_IOThread /tmp/.org.chromium.Chromium.g993c9
ThreadPoolForeg /config/.cache/chromium/Default/Cache/Cache_Data/d4fbeba831cf0f..
ThreadPoolForeg /config/.cache/chromium/Default/Cache/Cache_Data/5129e51a231d87..
chromium /proc/2219/stat
ThreadPoolSingl /tmp/.org.chromium.Chromium.wZsFQu
ThreadPoolForeg /config/.cache/chromium/Default/Cache/Cache_Data/b7e87d101a68ee..
ThreadPoolForeg /config/.cache/chromium/Default/Cache/Cache_Data/ef5f16ebe9d644..
Chrome_IOThread /tmp/.org.chromium.Chromium.QrzqMR
ThreadPoolForeg /config/.cache/chromium/Default/Cache/Cache_Data/dbdfc8f83bc215..
chromium /proc/self/maps
ThreadPoolForeg /config/.cache/chromium/Default/Cache/Cache_Data/32ed838bc93d3c..
chromium /proc/1855/stat
chromium /proc/self/maps
chromium /proc/self/maps
ThreadPoolForeg /config/.cache/chromium/Default/Cache/Cache_Data/f07b15d06737d2..
ThreadPoolSingl /proc/2219/task
ThreadPoolSingl /proc/2219/task/2219/status
ThreadPoolSingl /proc/2219/task/2221/status
ThreadPoolSingl /proc/2219/task
ThreadPoolSingl /proc/2219/task/2219/status
ThreadPoolSingl /proc/2219/task/2221/status
ThreadPoolSingl /proc/2219/task/2222/status
chromium .
chromium self/fd/
ThreadPoolSingl /proc/2219/task
chromium /tmp/.org.chromium.Chromium.ImMIwG
chromium /tmp/.org.chromium.Chromium.ImMIwG
ThreadPoolSingl /proc/2219/task/2219/status
ThreadPoolSingl /proc/2219/task/2221/status
ThreadPoolSingl /proc/2219/task/2222/status
ThreadPoolForeg /config/.cache/chromium/Default/Cache/Cache_Data/0e683edf09610d..
ThreadPoolSingl /proc/2219/task/2223/status
Chrome_IOThread /tmp/.org.chromium.Chromium.GZlDd8
Chrome_IOThread /tmp/.org.chromium.Chromium.GZlDd8
chromium /tmp/.org.chromium.Chromium.Z1FfCa
chromium .
ThreadPoolSingl /proc/2219/task
ThreadPoolSingl /proc/2219/task/2219/status
ThreadPoolSingl /proc/2219/task/2221/status
bash /dev/null
ThreadPoolSingl /proc/2219/task/2222/status
find /etc/ld.so.cache
find /lib/x86_64-linux-gnu/libselinux.so.1
find /lib/x86_64-linux-gnu/libc.so.6
find /lib/x86_64-linux-gnu/libpcre2-8.so.0
ThreadPoolSingl /proc/2219/task/2223/status
find /proc/filesystems
ThreadPoolSingl /proc/2219/task/2224/status
find .
find /usr/lib/locale/locale-archive
ThreadPoolForeg /config/.cache/chromium/Default/Code Cache/js/3ca500a13c23551b_..
find /usr/lib/x86_64-linux-gnu/gconv/gconv-modules.cache
find /config/.cache
find mesa_shader_cache
find db
ThreadPoolSingl /proc/2219/task
ThreadPoolSingl /proc/2219/task/2219/status
find 0c
find 5e
find 8a
ThreadPoolSingl /proc/2219/task/2221/status
find 59
find dd
ThreadPoolSingl /proc/2219/task/2222/status
ThreadPoolForeg /config/.cache/chromium/Default/Code Cache/js/58436204734fceeb_..
find 3d
find 35
find 8d
ThreadPoolSingl /proc/2219/task/2223/status
find 9a
find 80
ThreadPoolSingl /proc/2219/task/2224/status
find 33
find ea
find e1
find 3e
find 6a
ThreadPoolSingl /proc/2219/task/2225/status
chromium /tmp/.org.chromium.Chromium.WDNZ8E
chromium /tmp/.org.chromium.Chromium.WDNZ8E
find b5
find bc
find e8
find b8
find ef
find b9
find 7e
find 6e
find a2
find 71
find b7
find 8e
find 1a
ThreadPoolForeg /config/.cache/chromium/Default/Cache/Cache_Data/4aea4d50c5b402..
find 20
find c9
find 26
find 4a
find bd
find 62
find 21
find 2d
find 56
find 86
find 40
find ed
find 9d
find 05
ThreadPoolForeg /config/.cache/chromium/Default/Code Cache/js/2929e6d6d78183e2_..
find 03
find 67
find 7d
ThreadPoolSingl /tmp/.org.chromium.Chromium.V8IAC9
find 11
ThreadPoolForeg /config/.cache/chromium/Default/Cache/Cache_Data/ec57c707828578..
find 13
find b6
find 4e
find ba
find e0
find 4f
find f7
find ksplash
find qmlcache
find qtshadercache-x86_64-little_endian-lp64
find plasmashell
find qmlcache
ThreadPoolSingl /proc/2219/task
ThreadPoolSingl /proc/2219/task/2219/status
chromium /proc/2228/stat
ThreadPoolSingl /proc/2219/task/2221/status
ThreadPoolSingl /proc/2219/task/2222/status
find chromium
ThreadPoolSingl /proc/2219/task/2223/status
find Default
Chrome_IOThread /tmp/.org.chromium.Chromium.OKyVuT
find Cache
ThreadPoolSingl /proc/2219/task/2224/status
find Cache_Data
ThreadPoolSingl /proc/2219/task/2225/status
chromium /proc/self/maps
Chrome_IOThread /tmp/.org.chromium.Chromium.pyMJQw
find index-dir
ThreadPoolSingl /proc/2219/task/2230/status
ThreadPoolSingl /proc/2219/task
ThreadPoolSingl /proc/2219/task/2219/status
ThreadPoolSingl /proc/2219/task/2221/status
ThreadPoolSingl /proc/2219/task/2222/status
ThreadPoolSingl /proc/2219/task/2223/status
chromium /proc/self/maps
chromium /proc/self/maps
find No_Vary_Search
find Code Cache
find wasm
ThreadPoolSingl /proc/2219/task/2224/status
find index-dir
Chrome_ChildIOT /tmp/.org.chromium.Chromium.5jes6A
Chrome_ChildIOT /tmp/.org.chromium.Chromium.5jes6A
find js
find index-dir
ThreadPoolSingl /proc/2219/task
ThreadPoolSingl /proc/2219/task/2219/status
find ..
find /config/.config
find openbox
ThreadPoolSingl /proc/2219/task/2221/status
find vlc
find pulse
find autostart
find kdedefaults
ThreadPoolSingl /proc/2219/task/2222/status
find gtk-3.0
ThreadPoolSingl /proc/2219/task/2223/status
find gtk-4.0
find dconf
ThreadPoolSingl /proc/2219/task/2224/status
find xsettingsd
find kde.org
ThreadPoolSingl /proc/2219/task/2225/status
find xfce4
ThreadPoolSingl /proc/2219/task/2230/status
find xfconf
chromium .
find xfce-perchannel-xml
ThreadPoolSingl /proc/2219/task/2231/status
chromium self/fd/
find chromium
find Crash Reports
ThreadPoolSingl /proc/2219/task
find new
find pending
ThreadPoolSingl /proc/2219/task/2219/status
find completed
find attachments
ThreadPoolSingl /proc/2219/task/2221/status
find Default
find Sync Data
ThreadPoolSingl /proc/2219/task/2222/status
find LevelDB
ThreadPoolSingl /proc/2219/task/2223/status
find Shared Dictionary
chromium .
ThreadPoolSingl /proc/2219/task/2224/status
find cache
ThreadPoolSingl /proc/2219/task/2225/status
find index-dir
ThreadPoolSingl /proc/2219/task/2230/status
find ClientCertificates
find Site Characteristics Database
ThreadPoolSingl /proc/2219/task/2231/status
find Local Storage
find leveldb
ThreadPoolSingl /proc/2219/task/2232/status
find discounts_db
find commerce_subscription_db
find chrome_cart_db
ThreadPoolSingl /proc/2219/task
ThreadPoolSingl /proc/2219/task/2219/status
find discount_infos_db
find parcel_tracking_db
find Segmentation Platform
ThreadPoolSingl /proc/2219/task/2221/status
find SegmentInfoDB
find SignalDB
ThreadPoolSingl /proc/2219/task/2222/status
find SignalStorageConfigDB
find PersistentOriginTrials
find Extension Rules
ThreadPoolSingl /proc/2219/task/2223/status
find Extension Scripts
find shared_proto_db
find metadata
ThreadPoolSingl /proc/2219/task/2224/status
find Extension State
find Sessions
ThreadPoolSingl /proc/2219/task/2225/status
find GPUCache
find DawnWebGPUCache
find DawnGraphiteCache
find Session Storage
ThreadPoolSingl /proc/2219/task/2230/status
find WebStorage
find blob_storage
find c5aec5bd-dae5-4e7d-8fdd-9ea99eaa8439
Chrome_ChildIOT /tmp/.org.chromium.Chromium.u1TAtZ
find optimization_guide_hint_cache_store
find AutofillAiModelCache
find AutofillStrikeDatabase
find BudgetDatabase
find GCM Store
find Encryption
find Feature Engagement Tracker
find AvailabilityDB
find EventDB
find NativeMessagingHosts
find component_crx_cache
chromium /proc/2240/stat
find ShaderCache
ThreadPoolForeg /config/.cache/chromium/Default/Cache/Cache_Data/60580213b53ac2..
find segmentation_platform
find Dictionaries
find WidevineCdm
find Subresource Filter
find Unindexed Rules
find OnDeviceHeadSuggestModel
find OptimizationHints
find TrustTokenKeyCommitments
find PrivacySandboxAttestationsPreloaded
find SSLErrorAssistant
chromium /proc/2228/stat
find FileTypePolicies
find OriginTrials
find CertificateRevocation
chromium /proc/2228/status
find MEIPreload
find PKIMetadata
find SafetyTips
find Crowd Deny
find hyphen-data
chromium /proc/2228/status
chromium /proc/2228/statm
find ZxcvbnData
find ActorSafetyLists
ThreadPoolForeg /config/.cache/chromium/Default/Cache/Cache_Data/fa24b6fcb167ef..
find AmountExtractionHeuristicRegexes
find WasmTtsEngine
find CaptchaProviders
ThreadPoolForeg /tmp/.org.chromium.Chromium.FUKj1K
find GrShaderCache
ThreadPoolForeg /tmp/.org.chromium.Chromium.FUKj1K
find GraphiteDawnCache
find FirstPartySetsPreloaded
find extensions_crx_cache
find ..
find /config/.local
find bin
find share
find kactivitymanagerd
find resources
ThreadPoolSingl /proc/2228/task
find test-backup
find working-backup
ThreadPoolSingl /proc/2228/task/2228/status
ThreadPoolSingl /proc/2228/task/2234/status
find baloo
find pki
ThreadPoolSingl /proc/2228/task
find nssdb
ThreadPoolSingl /proc/2228/task/2228/status
ThreadPoolSingl /proc/2228/task/2234/status
ThreadPoolSingl /proc/2228/task/2236/status
ThreadPoolSingl /proc/2228/task
ThreadPoolSingl /proc/2228/task/2228/status
sleep /etc/ld.so.cache
sleep /lib/x86_64-linux-gnu/libc.so.6
Chrome_ChildIOT /tmp/.org.chromium.Chromium.WLN8ga
ThreadPoolSingl /proc/2228/task/2234/status
ThreadPoolSingl /proc/2228/task/2236/status
sleep /usr/lib/locale/locale-archive
sleep /usr/share/locale/locale.alias
sleep /usr/share/locale/en_US/LC_MESSAGES/coreutils.mo
sleep /usr/share/locale/en/LC_MESSAGES/coreutils.mo
sleep /usr/share/locale-langpack/en_US/LC_MESSAGES/coreutils.mo
sleep /usr/share/locale-langpack/en/LC_MESSAGES/coreutils.mo
ThreadPoolSingl /proc/2228/task/2237/status
ThreadPoolSingl /proc/2228/task
ThreadPoolSingl /proc/2228/task/2228/status
ThreadPoolSingl /proc/2228/task/2234/status
ThreadPoolSingl /proc/2228/task/2236/status
ThreadPoolSingl /proc/2228/task/2237/status
ThreadPoolSingl /proc/2228/task/2238/status
ThreadPoolSingl /proc/2228/task
ThreadPoolSingl /proc/2228/task/2228/status
ThreadPoolSingl /proc/2228/task/2234/status
ThreadPoolSingl /proc/2228/task/2236/status
ThreadPoolSingl /proc/2228/task/2237/status
ThreadPoolSingl /proc/2228/task/2238/status
ThreadPoolSingl /proc/2228/task/2239/status
Chrome_ChildIOT /tmp/.org.chromium.Chromium.KWwair
Chrome_IOThread /tmp/.org.chromium.Chromium.c65e8W
Chrome_IOThread /tmp/.org.chromium.Chromium.c65e8W
chromium /proc/2193/stat
chromium /proc/2193/stat
ThreadPoolSingl /tmp/.org.chromium.Chromium.owBFet
ThreadPoolSingl /tmp/.org.chromium.Chromium.owBFet
ThreadPoolForeg /config/.cache/chromium/Default/Code Cache/js/7d8f6b4d71dd8f45_..
ThreadPoolForeg /config/.cache/chromium/Default/Code Cache/js/997d2d1f5f5f00aa_..
ThreadPoolForeg /config/.cache/chromium/Default/Code Cache/js/997d2d1f5f5f00aa_..
ThreadPoolForeg /config/.cache/chromium/Default/Code Cache/js/997d2d1f5f5f00aa_..
chromium /proc/2193/stat
ThreadPoolSingl /proc/2228/task
ThreadPoolSingl /proc/2228/task/2228/status
ThreadPoolSingl /proc/2228/task/2234/status
ThreadPoolForeg /config/.cache/chromium/Default/Code Cache/js/faa941cdf59c5266_..
ThreadPoolForeg /config/.cache/chromium/Default/Code Cache/js/faa941cdf59c5266_..
ThreadPoolForeg /config/.cache/chromium/Default/Cache/Cache_Data/cb2268552162b2..
ThreadPoolForeg /config/.cache/chromium/Default/Cache/Cache_Data/cb2268552162b2..
ThreadPoolForeg /config/.cache/chromium/Default/Code Cache/js/faa941cdf59c5266_..
ThreadPoolForeg /config/.cache/chromium/Default/Cache/Cache_Data/cb2268552162b2..
ThreadPoolSingl /proc/2228/task/2236/status
Chrome_IOThread /tmp/.org.chromium.Chromium.sKArbo
ThreadPoolSingl /proc/2228/task/2237/status
ThreadPoolSingl /proc/2228/task/2238/status
Chrome_IOThread /tmp/.org.chromium.Chromium.VJlxLx
ThreadPoolSingl /proc/2228/task/2239/status
chromium /proc/2219/stat
ThreadPoolSingl /proc/2228/task/2249/status
chromium /proc/2219/stat
ThreadPoolSingl /proc/2228/task
ThreadPoolSingl /proc/2228/task/2228/status
ThreadPoolSingl /proc/2228/task/2234/status
ThreadPoolSingl /proc/2228/task/2236/status
chromium /proc/2219/stat
ThreadPoolSingl /proc/2228/task/2237/status
Chrome_ChildIOT /tmp/.org.chromium.Chromium.2hVXFU
ThreadPoolSingl /proc/2228/task/2238/status
ThreadPoolSingl /proc/2228/task
ThreadPoolSingl /proc/2228/task/2228/status
ThreadPoolSingl /proc/2228/task/2234/status
ThreadPoolSingl /proc/2228/task/2236/status
chromium /proc/2228/stat
Chrome_ChildIOT /tmp/.org.chromium.Chromium.sIborg
ThreadPoolSingl /proc/2228/task/2237/status
ThreadPoolSingl /proc/2228/task/2238/status
chromium /proc/2228/stat
ThreadPoolSingl /proc/2228/task/2239/status
ThreadPoolSingl /proc/2228/task/2249/status
ThreadPoolSingl /proc/2228/task/2250/status
chromium /proc/2228/stat
ThreadPoolSingl /proc/2228/task
ThreadPoolSingl /proc/2228/task/2228/status
ThreadPoolSingl /proc/2228/task/2234/status
ThreadPoolSingl /proc/2228/task/2236/status
ThreadPoolSingl /proc/2228/task/2237/status
chromium /proc/1855/stat
ThreadPoolSingl /proc/2228/task/2238/status
ThreadPoolSingl /proc/2228/task/2239/status
chromium /proc/1855/stat
ThreadPoolSingl /proc/2228/task/2249/status
ThreadPoolSingl /proc/2228/task/2250/status
chromium /proc/1855/stat
ThreadPoolSingl /proc/2228/task/2251/status
ThreadPoolSingl /proc/2228/task
chromium /proc/1855/stat
ThreadPoolSingl /proc/2228/task/2228/status
ThreadPoolSingl /proc/2228/task/2234/status
ThreadPoolSingl /proc/2228/task/2236/status
ThreadPoolSingl /proc/2228/task/2237/status
chromium /proc/1855/stat
ThreadPoolSingl /proc/2228/task/2238/status
ThreadPoolSingl /proc/2228/task/2239/status
ThreadPoolSingl /proc/2228/task/2249/status
chromium /proc/2159/stat
ThreadPoolSingl /proc/2240/task
ThreadPoolSingl /proc/2240/task/2240/status
chromium /proc/2159/stat
ThreadPoolSingl /proc/2240/task/2243/status
ThreadPoolSingl /proc/2240/task
ThreadPoolSingl /proc/2240/task/2240/status
ThreadPoolSingl /proc/2240/task/2243/status
chromium /proc/2159/stat
ThreadPoolSingl /proc/2240/task/2244/status
ThreadPoolSingl /proc/2240/task
ThreadPoolSingl /proc/2240/task/2240/status
ThreadPoolSingl /proc/2240/task/2243/status
ThreadPoolSingl /proc/2240/task/2244/status
ThreadPoolSingl /proc/2240/task/2245/status
chromium /proc/1855/stat
ThreadPoolSingl /proc/2240/task
Chrome_ChildIOT /tmp/.org.chromium.Chromium.O2xrgM
ThreadPoolSingl /proc/2240/task/2240/status
chromium /proc/2168/stat
ThreadPoolSingl /proc/2240/task/2243/status
ThreadPoolSingl /proc/2240/task/2244/status
chromium /proc/2168/stat
ThreadPoolSingl /proc/2240/task/2245/status
ThreadPoolSingl /proc/2240/task/2246/status
ThreadPoolSingl /proc/2240/task
ThreadPoolSingl /proc/2240/task/2240/status
chromium /proc/2168/stat
ThreadPoolSingl /proc/2240/task/2243/status
ThreadPoolSingl /proc/2240/task/2244/status
Chrome_ChildIOT /tmp/.org.chromium.Chromium.uRtW0x
ThreadPoolSingl /proc/2240/task/2245/status
ThreadPoolSingl /proc/2240/task/2246/status
ThreadPoolSingl /proc/2240/task/2247/status
ThreadPoolSingl /proc/2240/task
ThreadPoolSingl /proc/2240/task/2240/status
chromium /proc/1855/stat
ThreadPoolSingl /proc/2240/task/2243/status
ThreadPoolSingl /proc/2240/task/2244/status
ThreadPoolSingl /proc/2240/task/2245/status
chromium /proc/1855/stat
ThreadPoolSingl /proc/2240/task/2246/status
ThreadPoolSingl /proc/2240/task/2247/status
chromium /proc/1855/stat
ThreadPoolSingl /proc/2240/task/2255/status
ThreadPoolSingl /proc/2240/task
ThreadPoolSingl /proc/2240/task/2240/status
ThreadPoolSingl /proc/2240/task/2243/status
ThreadPoolSingl /proc/2240/task/2244/status
ThreadPoolSingl /proc/2240/task/2245/status
ThreadPoolSingl /proc/2240/task/2246/status
ThreadPoolSingl /proc/2240/task
ThreadPoolSingl /proc/2240/task/2240/status
chromium /proc/1855/stat
ThreadPoolSingl /proc/2240/task/2243/status
ThreadPoolSingl /proc/2240/task/2244/status
ThreadPoolSingl /proc/2240/task/2245/status
ThreadPoolSingl /proc/2240/task/2246/status
ThreadPoolForeg /config/.cache/chromium/Default/Cache/Cache_Data/bb8dcf31584149..
ThreadPoolSingl /proc/2240/task/2247/status
ThreadPoolSingl /proc/2240/task/2255/status
ThreadPoolSingl /proc/2240/task/2256/status
ThreadPoolSingl /proc/2240/task
ThreadPoolSingl /proc/2240/task/2240/status
ThreadPoolSingl /proc/2240/task/2243/status
ThreadPoolSingl /proc/2240/task/2244/status
ThreadPoolSingl /proc/2240/task/2245/status
ThreadPoolSingl /proc/2240/task/2246/status
ThreadPoolSingl /proc/2240/task/2247/status
ThreadPoolSingl /proc/2240/task/2255/status
ThreadPoolSingl /proc/2240/task/2256/status
ThreadPoolSingl /proc/2240/task/2257/status
Chrome_IOThread /tmp/.org.chromium.Chromium.vfRSoe
ThreadPoolSingl /proc/2240/task
ThreadPoolSingl /proc/2240/task/2240/status
ThreadPoolSingl /proc/2240/task/2243/status
ThreadPoolSingl /proc/2240/task/2244/status
ThreadPoolSingl /proc/2240/task/2245/status
ThreadPoolSingl /proc/2240/task/2246/status
ThreadPoolSingl /proc/2240/task/2247/status
chromium /proc/2240/stat
ThreadPoolSingl /proc/2240/task/2255/status
chromium /proc/2240/status
chromium /proc/2240/status
chromium /proc/2240/statm
ThreadPoolForeg /tmp/.org.chromium.Chromium.l5nrMA
ThreadPoolForeg /tmp/.org.chromium.Chromium.l5nrMA
bash /dev/null
find /etc/ld.so.cache
find /lib/x86_64-linux-gnu/libselinux.so.1
find /lib/x86_64-linux-gnu/libc.so.6
find /lib/x86_64-linux-gnu/libpcre2-8.so.0
find /proc/filesystems
find .
find /usr/lib/locale/locale-archive
find /usr/lib/x86_64-linux-gnu/gconv/gconv-modules.cache
find /config/.cache
find mesa_shader_cache
find db
find 0c
find 5e
find 8a
find 59
ThreadPoolForeg /config/.cache/chromium/Default/Code Cache/js/fa9f0358ae15bd56_..
ThreadPoolForeg /config/.cache/chromium/Default/Code Cache/js/3c90aad59f029f1a_..
find dd
find 3d
ThreadPoolForeg /config/.cache/chromium/Default/Code Cache/js/3c90aad59f029f1a_..
find 35
find 8d
ThreadPoolForeg /config/.cache/chromium/Default/Code Cache/js/3c90aad59f029f1a_..
find 9a
find 80
find 33
find ea
find e1
find 3e
find 6a
find b5
find bc
find e8
find b8
find ef
find b9
find 7e
find 6e
find a2
find 71
find b7
find 8e
find 1a
find 20
find c9
find 26
ThreadPoolSingl /proc/2159/task
find 4a
find bd
ThreadPoolSingl /proc/2159/task/2159/status
find 62
ThreadPoolSingl /proc/2159/task/2162/status
find 21
find 2d
ThreadPoolSingl /proc/2159/task/2163/status
find 56
find 86
ThreadPoolSingl /proc/2159/task/2164/status
find 40
find ed
ThreadPoolSingl /proc/2159/task/2165/status
find 9d
ThreadPoolSingl /proc/2159/task/2167/status
find 05
find 03
find 67
ThreadPoolSingl /proc/2159/task/2170/status
find 7d
find 11
find 13
ThreadPoolSingl /proc/2159/task/2172/status
find b6
find 4e
find ba
ThreadPoolSingl /proc/2159/task/2176/status
find e0
find 4f
ThreadPoolForeg /config/.cache/chromium/Default/Cache/Cache_Data/c2adeb7d9c0b96..
find f7
ThreadPoolSingl /proc/2159/task/2264/status
find ksplash
find qmlcache
find qtshadercache-x86_64-little_endian-lp64
find plasmashell
find qmlcache
find chromium
find Default
find Cache
find Cache_Data
find index-dir
find No_Vary_Search
find Code Cache
find wasm
find index-dir
find js
find index-dir
find ..
find /config/.config
find openbox
find vlc
find pulse
find autostart
find kdedefaults
find gtk-3.0
find gtk-4.0
find dconf
find xsettingsd
find kde.org
ThreadPoolForeg /usr/share/fonts/truetype/noto/NotoSans-BoldItalic.ttf
find xfce4
find xfconf
find xfce-perchannel-xml
find chromium
find Crash Reports
find new
find pending
find completed
ThreadPoolForeg /usr/share/fonts/truetype/noto/NotoSans-BoldItalic.ttf
find attachments
find Default
ThreadPoolForeg /tmp/.org.chromium.Chromium.uXXOF1
ThreadPoolForeg /tmp/.org.chromium.Chromium.uXXOF1
find Sync Data
find LevelDB
find Shared Dictionary
find cache
find index-dir
find ClientCertificates
find Site Characteristics Database
find Local Storage
find leveldb
Chrome_ChildIOT /tmp/.org.chromium.Chromium.ocgOe3
find discounts_db
find commerce_subscription_db
find chrome_cart_db
find discount_infos_db
find parcel_tracking_db
find Segmentation Platform
find SegmentInfoDB
find SignalDB
find SignalStorageConfigDB
find PersistentOriginTrials
find Extension Rules
find Extension Scripts
find shared_proto_db
find metadata
find Extension State
find Sessions
find GPUCache
find DawnWebGPUCache
find DawnGraphiteCache
find Session Storage
find WebStorage
find blob_storage
find c5aec5bd-dae5-4e7d-8fdd-9ea99eaa8439
find optimization_guide_hint_cache_store
find AutofillAiModelCache
find AutofillStrikeDatabase
find BudgetDatabase
find GCM Store
find Encryption
find Feature Engagement Tracker
find AvailabilityDB
find EventDB
Chrome_ChildIOT /tmp/.org.chromium.Chromium.c3mOL0
find NativeMessagingHosts
find component_crx_cache
find ShaderCache
find segmentation_platform
xclip /etc/ld.so.cache
xclip /lib/x86_64-linux-gnu/libXmu.so.6
find Dictionaries
xclip /lib/x86_64-linux-gnu/libX11.so.6
find WidevineCdm
find Subresource Filter
xclip /lib/x86_64-linux-gnu/libc.so.6
find Unindexed Rules
find OnDeviceHeadSuggestModel
xclip /lib/x86_64-linux-gnu/libXt.so.6
find OptimizationHints
xclip /lib/x86_64-linux-gnu/libXext.so.6
find TrustTokenKeyCommitments
xclip /lib/x86_64-linux-gnu/libxcb.so.1
find PrivacySandboxAttestationsPreloaded
find SSLErrorAssistant
xclip /lib/x86_64-linux-gnu/libSM.so.6
find FileTypePolicies
xclip /lib/x86_64-linux-gnu/libICE.so.6
find OriginTrials
xclip /lib/x86_64-linux-gnu/libXau.so.6
find CertificateRevocation
find MEIPreload
xclip /lib/x86_64-linux-gnu/libXdmcp.so.6
find PKIMetadata
xclip /lib/x86_64-linux-gnu/libuuid.so.1
find SafetyTips
xclip /lib/x86_64-linux-gnu/libbsd.so.0
find Crowd Deny
xclip /lib/x86_64-linux-gnu/libmd.so.0
find hyphen-data
find ZxcvbnData
find ActorSafetyLists
find AmountExtractionHeuristicRegexes
xclip /usr/share/X11/locale/locale.alias
find WasmTtsEngine
find CaptchaProviders
xclip /usr/share/X11/locale/locale.dir
find GrShaderCache
xclip /usr/share/X11/locale/C/XLC_LOCALE
find GraphiteDawnCache
xclip /usr/share/X11/locale/locale.alias
find FirstPartySetsPreloaded
find extensions_crx_cache
find ..
find /config/.local
xclip /usr/share/X11/locale/locale.dir
find bin
xclip /usr/share/X11/locale/C/XLC_LOCALE
find share
find kactivitymanagerd
Xvfb /proc/2267/cmdline
find resources
find test-backup
find working-backup
find baloo
find pki
find nssdb
sleep /etc/ld.so.cache
sleep /lib/x86_64-linux-gnu/libc.so.6
sleep /usr/lib/locale/locale-archive
sleep /usr/share/locale/locale.alias
sleep /usr/share/locale/en_US/LC_MESSAGES/coreutils.mo
sleep /usr/share/locale/en/LC_MESSAGES/coreutils.mo
sleep /usr/share/locale-langpack/en_US/LC_MESSAGES/coreutils.mo
sleep /usr/share/locale-langpack/en/LC_MESSAGES/coreutils.mo
chromium /tmp/.org.chromium.Chromium.BhIVJ8
chromium /tmp/.org.chromium.Chromium.BhIVJ8
Chrome_IOThread /tmp/.org.chromium.Chromium.sZg3sq
ThreadPoolForeg /config/.cache/chromium/Default/Cache/Cache_Data/5b73e0166244dd..
ThreadPoolForeg /config/.cache/chromium/Default/Cache/Cache_Data/5b73e0166244dd..
ThreadPoolForeg /config/.cache/chromium/Default/Cache/Cache_Data/5b73e0166244dd..
ThreadPoolForeg /config/.cache/chromium/Default/Code Cache/js/75c6a97d5236888b_..
Chrome_ChildIOT /tmp/.org.chromium.Chromium.DVliX0
ThreadPoolForeg /config/.cache/chromium/Default/Code Cache/js/b6ec14763f6d6487_..
ThreadPoolForeg /config/.cache/chromium/Default/Code Cache/js/b6ec14763f6d6487_..
ThreadPoolForeg /config/.cache/chromium/Default/Code Cache/js/b6ec14763f6d6487_..
chromium /proc/1855/stat
ThreadPoolForeg /config/.cache/chromium/Default/Cache/Cache_Data/a4a041eec71623..
ThreadPoolForeg /config/.cache/chromium/Default/Cache/Cache_Data/b3a5b4df9ed3e8..
ThreadPoolForeg /config/.cache/chromium/Default/Cache/Cache_Data/b3a5b4df9ed3e8..
ThreadPoolForeg /config/.cache/chromium/Default/Cache/Cache_Data/b3a5b4df9ed3e8..
Chrome_ChildIOT /tmp/.org.chromium.Chromium.88sRMz
chromium /proc/1855/stat
chromium /proc/1855/stat
ThreadPoolForeg /config/.cache/chromium/Default/Cache/Cache_Data/2964266efcdb22..
ThreadPoolForeg /config/.cache/chromium/Default/Cache/Cache_Data/2964266efcdb22..
ThreadPoolForeg /config/.cache/chromium/Default/Cache/Cache_Data/2964266efcdb22..
Chrome_ChildIOT /tmp/.org.chromium.Chromium.5JBnzP
chromium /proc/1855/stat
chromium /proc/1855/stat
bash /dev/null
find /etc/ld.so.cache
find /lib/x86_64-linux-gnu/libselinux.so.1
find /lib/x86_64-linux-gnu/libc.so.6
find /lib/x86_64-linux-gnu/libpcre2-8.so.0
chromium /proc/1855/stat
find /proc/filesystems
find .
find /usr/lib/locale/locale-archive
find /usr/lib/x86_64-linux-gnu/gconv/gconv-modules.cache
find /config/.cache
find mesa_shader_cache
find db
find 0c
find 5e
find 8a
find 59
find dd
find 3d
find 35
find 8d
find 9a
find 80
find 33
find ea
find e1
find 3e
find 6a
find b5
find bc
find e8
find b8
chromium /proc/1855/stat
find ef
find b9
find 7e
find 6e
find a2
find 71
find b7
find 8e
find 1a
find 20
find c9
find 26
find 4a
chromium /proc/1855/stat
find bd
find 62
find 21
find 2d
find 56
find 86
find 40
find ed
chromium /proc/1855/stat
find 9d
find 05
find 03
find 67
find 7d
find 11
find 13
find b6
find 4e
find ba
find e0
find 4f
find f7
find ksplash
find qmlcache
find qtshadercache-x86_64-little_endian-lp64
find plasmashell
ThreadPoolForeg /config/.cache/chromium/Default/Cache/Cache_Data/590f85fbcb0192..
find qmlcache
chromium /proc/1855/stat
Chrome_ChildIOT /tmp/.org.chromium.Chromium.fgRAaw
find chromium
find Default
find Cache
find Cache_Data
find index-dir
chromium /proc/1855/stat
find No_Vary_Search
find Code Cache
find wasm
chromium /proc/1855/stat
find index-dir
find js
find index-dir
ThreadPoolForeg /config/.cache/chromium/Default/Cache/Cache_Data/a39cf50e8e6dc3..
ThreadPoolForeg /config/.cache/chromium/Default/Cache/Cache_Data/a39cf50e8e6dc3..
ThreadPoolForeg /config/.cache/chromium/Default/Cache/Cache_Data/a39cf50e8e6dc3..
Chrome_ChildIOT /tmp/.org.chromium.Chromium.9PZGNc
find ..
find /config/.config
find openbox
find vlc
find pulse
chromium /tmp/.org.chromium.Chromium.ivj1sG
find autostart
find kdedefaults
find gtk-3.0
find gtk-4.0
find dconf
find xsettingsd
find kde.org
find xfce4
chromium /proc/1855/stat
find xfconf
find xfce-perchannel-xml
find chromium
find Crash Reports
find new
find pending
find completed
find attachments
find Default
find Sync Data
find LevelDB
find Shared Dictionary
find cache
chromium /proc/1855/stat
find index-dir
find ClientCertificates
find Site Characteristics Database
find Local Storage
find leveldb
chromium /proc/1855/stat
find discounts_db
find commerce_subscription_db
find chrome_cart_db
find discount_infos_db
find parcel_tracking_db
find Segmentation Platform
find SegmentInfoDB
find SignalDB
find SignalStorageConfigDB
Chrome_IOThread /tmp/.org.chromium.Chromium.weCgNj
Chrome_IOThread /tmp/.org.chromium.Chromium.weCgNj
find PersistentOriginTrials
find Extension Rules
find Extension Scripts
find shared_proto_db
find metadata
chromium /proc/1855/stat
ThreadPoolSingl /tmp/.org.chromium.Chromium.BkpFaw
ThreadPoolSingl /tmp/.org.chromium.Chromium.BkpFaw
find Extension State
find Sessions
find GPUCache
find DawnWebGPUCache
find DawnGraphiteCache
find Session Storage
find WebStorage
find blob_storage
find c5aec5bd-dae5-4e7d-8fdd-9ea99eaa8439
ThreadPoolForeg /config/.cache/chromium/Default/Code Cache/js/2e91ea0a114d2e6e_..
ThreadPoolForeg /config/.cache/chromium/Default/Code Cache/js/faa941cdf59c5266_..
find optimization_guide_hint_cache_store
chromium /proc/1855/stat
find AutofillAiModelCache
find AutofillStrikeDatabase
find BudgetDatabase
find GCM Store
find Encryption
find Feature Engagement Tracker
find AvailabilityDB
find EventDB
chromium /proc/1855/stat
find NativeMessagingHosts
find component_crx_cache
find ShaderCache
find segmentation_platform
find Dictionaries
find WidevineCdm
find Subresource Filter
find Unindexed Rules
find OnDeviceHeadSuggestModel
find OptimizationHints
find TrustTokenKeyCommitments
find PrivacySandboxAttestationsPreloaded
find SSLErrorAssistant
find FileTypePolicies
find OriginTrials
find CertificateRevocation
find MEIPreload
chromium /proc/1855/stat
find PKIMetadata
find SafetyTips
find Crowd Deny
find hyphen-data
find ZxcvbnData
find ActorSafetyLists
find AmountExtractionHeuristicRegexes
find WasmTtsEngine
find CaptchaProviders
find GrShaderCache
find GraphiteDawnCache
find FirstPartySetsPreloaded
find extensions_crx_cache
find ..
find /config/.local
find bin
find share
find kactivitymanagerd
find resources
chromium /proc/1855/stat
find test-backup
find working-backup
find baloo
find pki
find nssdb
ThreadPoolForeg /config/.cache/chromium/Default/Cache/Cache_Data/3aad7c943bc162..
sleep /etc/ld.so.cache
sleep /lib/x86_64-linux-gnu/libc.so.6
chromium /proc/1855/stat
sleep /usr/lib/locale/locale-archive
sleep /usr/share/locale/locale.alias
sleep /usr/share/locale/en_US/LC_MESSAGES/coreutils.mo
sleep /usr/share/locale/en/LC_MESSAGES/coreutils.mo
sleep /usr/share/locale-langpack/en_US/LC_MESSAGES/coreutils.mo
sleep /usr/share/locale-langpack/en/LC_MESSAGES/coreutils.mo
chromium /proc/1855/stat
chromium /proc/1855/stat
chromium /proc/1855/stat
chromium /proc/1855/stat
Chrome_IOThread /tmp/.org.chromium.Chromium.EcIizJ
Chrome_IOThread /tmp/.org.chromium.Chromium.EcIizJ
ThreadPoolForeg /config/.cache/chromium/Default/Cache/Cache_Data/6e87e791082d23..
Chrome_IOThread /tmp/.org.chromium.Chromium.ybrRKf
Chrome_IOThread /tmp/.org.chromium.Chromium.ybrRKf
ThreadPoolForeg /config/.cache/chromium/Default/Cache/Cache_Data/d9d505a4a74ad0..
ThreadPoolForeg /config/.cache/chromium/Default/Cache/Cache_Data/734de4eeec1f97..
Chrome_IOThread /tmp/.org.chromium.Chromium.HYUWUN
Chrome_IOThread /tmp/.org.chromium.Chromium.HYUWUN
ThreadPoolForeg /config/.cache/chromium/Default/Cache/Cache_Data/d3d8ad7c8d1f44..
chromium /proc/1855/stat
ThreadPoolForeg /config/.cache/chromium/Default/Cache/Cache_Data/b1d6a8e3a04be2..
ThreadPoolForeg /config/.cache/chromium/Default/Cache/Cache_Data/2d184d4caf505c..
ThreadPoolForeg /config/.cache/chromium/Default/Cache/Cache_Data/84df04245fb01a..
ThreadPoolForeg /config/.cache/chromium/Default/Cache/Cache_Data/0c426045994ef2..
Chrome_IOThread /tmp/.org.chromium.Chromium.DYZ2by
Chrome_IOThread /tmp/.org.chromium.Chromium.DYZ2by
ThreadPoolForeg /config/.cache/chromium/Default/Cache/Cache_Data/9252c60b97532b..
ThreadPoolForeg /config/.cache/chromium/Default/Cache/Cache_Data/6e3f9b9dc73a6e..
Chrome_IOThread /tmp/.org.chromium.Chromium.rWj2r0
ThreadPoolForeg /config/.cache/chromium/Default/Cache/Cache_Data/fe3bf4f7e1a374..
Chrome_IOThread /tmp/.org.chromium.Chromium.rWj2r0
ThreadPoolForeg /config/.cache/chromium/Default/Cache/Cache_Data/c72a0b2ad4b3b0..
ThreadPoolForeg /config/.cache/chromium/Default/Cache/Cache_Data/8be834e97f811b..
ThreadPoolForeg /config/.cache/chromium/Default/Cache/Cache_Data/bf5954c27e4eaa..
Chrome_IOThread /tmp/.org.chromium.Chromium.ViBWvy
Chrome_IOThread /tmp/.org.chromium.Chromium.ViBWvy
ThreadPoolForeg /config/.cache/chromium/Default/Cache/Cache_Data/abdf8764d735e6..
ThreadPoolForeg /config/.cache/chromium/Default/Cache/Cache_Data/6d4d07d3fa5321..
ThreadPoolForeg /config/.cache/chromium/Default/Cache/Cache_Data/f32b57043716bf..
Chrome_ChildIOT /tmp/.org.chromium.Chromium.bGeQwT
Chrome_IOThread /tmp/.org.chromium.Chromium.0b0zGA
Chrome_IOThread /tmp/.org.chromium.Chromium.0b0zGA
Chrome_IOThread /tmp/.org.chromium.Chromium.FmsVP4
Chrome_IOThread /tmp/.org.chromium.Chromium.FmsVP4
ThreadPoolForeg /config/.cache/chromium/Default/Cache/Cache_Data/463a4f0fd601f4..
ThreadPoolForeg /config/.cache/chromium/Default/Cache/Cache_Data/3c4f7089095782..
ThreadPoolForeg /config/.cache/chromium/Default/Cache/Cache_Data/472140bd860c93..
Chrome_IOThread /tmp/.org.chromium.Chromium.Bqw3qU
Chrome_IOThread /tmp/.org.chromium.Chromium.Bqw3qU
chromium /tmp/.org.chromium.Chromium.Jd0HiD
ThreadPoolForeg /config/.cache/chromium/Default/Cache/Cache_Data/16f1938ebba63d..
ThreadPoolForeg /config/.cache/chromium/Default/Cache/Cache_Data/99d85cbd2b2014..
Chrome_IOThread /tmp/.org.chromium.Chromium.WM0O2i
Chrome_IOThread /tmp/.org.chromium.Chromium.WM0O2i
ThreadPoolForeg /config/.cache/chromium/Default/Cache/Cache_Data/ba6222fa126212..
ThreadPoolForeg /config/.cache/chromium/Default/Cache/Cache_Data/db32d2ac4fa363..
ThreadPoolForeg /config/.cache/chromium/Default/Cache/Cache_Data/762f3fc9f05308..
Chrome_IOThread /tmp/.org.chromium.Chromium.DGM7FN
Chrome_IOThread /tmp/.org.chromium.Chromium.DGM7FN
ThreadPoolForeg /config/.cache/chromium/Default/Cache/Cache_Data/53e4200be95e8d..
Chrome_IOThread /tmp/.org.chromium.Chromium.Nt1Y0j
ThreadPoolForeg /config/.cache/chromium/Default/Cache/Cache_Data/828336f9c17f96..
Chrome_IOThread /tmp/.org.chromium.Chromium.Nt1Y0j
ThreadPoolForeg /config/.cache/chromium/Default/Cache/Cache_Data/24326ab15ed032..
ThreadPoolForeg /config/.cache/chromium/Default/Cache/Cache_Data/fb0f4c7495e282..
ThreadPoolForeg /config/.cache/chromium/Default/Cache/Cache_Data/83767334d9b03e..
Chrome_IOThread /tmp/.org.chromium.Chromium.8MvgFm
Chrome_IOThread /tmp/.org.chromium.Chromium.8MvgFm
ThreadPoolForeg /config/.cache/chromium/Default/Cache/Cache_Data/74aaaf6d329e7b..
ThreadPoolForeg /config/.cache/chromium/Default/Cache/Cache_Data/aa1bd11a91cd06..
ThreadPoolForeg /config/.cache/chromium/Default/Cache/Cache_Data/f9ed20cd245fa8..
Chrome_IOThread /tmp/.org.chromium.Chromium.SPV3pD
Chrome_IOThread /tmp/.org.chromium.Chromium.SPV3pD
ThreadPoolForeg /config/.cache/chromium/Default/Cache/Cache_Data/e35403ea2e1fba..
ThreadPoolForeg /config/.cache/chromium/Default/Cache/Cache_Data/a1c72bf9bc4d98..
ThreadPoolForeg /config/.cache/chromium/Default/Cache/Cache_Data/740156b7593c7f..
Chrome_IOThread /tmp/.org.chromium.Chromium.eZZDXk
Chrome_IOThread /tmp/.org.chromium.Chromium.eZZDXk
ThreadPoolForeg /config/.cache/chromium/Default/Cache/Cache_Data/1b30908ebdc579..
ThreadPoolForeg /config/.cache/chromium/Default/Cache/Cache_Data/794c0dcc4eb958..
ThreadPoolForeg /config/.cache/chromium/Default/Cache/Cache_Data/d6aa84acbf3a99..
plasmashell /config/.local/share/kservices5
Chrome_IOThread /tmp/.org.chromium.Chromium.3XyW3w
plasmashell /config/.local/share/mime
Chrome_IOThread /tmp/.org.chromium.Chromium.3XyW3w
plasmashell /etc/xdg/menus
plasmashell /usr/local/share/kservices5
Chrome_IOThread /tmp/.org.chromium.Chromium.hgYwvR
Chrome_IOThread /tmp/.org.chromium.Chromium.hgYwvR
plasmashell /usr/local/share/mime
plasmashell /usr/share/kservices5
Chrome_IOThread /tmp/.org.chromium.Chromium.UZyB4r
Chrome_IOThread /tmp/.org.chromium.Chromium.UZyB4r
plasmashell /usr/share/kservices5/ServiceMenus
plasmashell /usr/share/kservices5/qimageioplugins
Chrome_IOThread /tmp/.org.chromium.Chromium.mcJdNW
Chrome_IOThread /tmp/.org.chromium.Chromium.mcJdNW
plasmashell /usr/share/kservices5/searchproviders
Chrome_ChildIOT /tmp/.org.chromium.Chromium.RqHT2P
plasmashell /usr/share/mime
Chrome_IOThread /tmp/.org.chromium.Chromium.hkSRto
plasmashell /usr/share/mime/application
plasmashell /usr/share/mime/audio
plasmashell /usr/share/mime/chemical
plasmashell /usr/share/mime/font
plasmashell /usr/share/mime/image
Chrome_IOThread /tmp/.org.chromium.Chromium.4rth3i
Chrome_IOThread /tmp/.org.chromium.Chromium.4rth3i
plasmashell /usr/share/mime/inode
plasmashell /usr/share/mime/message
plasmashell /usr/share/mime/model
ThreadPoolSingl /tmp/.org.chromium.Chromium.ePS5TV
ThreadPoolSingl /tmp/.org.chromium.Chromium.ePS5TV
plasmashell /usr/share/mime/multipart
plasmashell /usr/share/mime/packages
plasmashell /usr/share/mime/text
ThreadPoolForeg /config/.cache/chromium/Default/Code Cache/js/6cae41346cbde624_..
plasmashell /usr/share/mime/video
ThreadPoolForeg /config/.cache/chromium/Default/Code Cache/js/3d8b2501f0cd0325_..
ThreadPoolForeg /config/.cache/chromium/Default/Code Cache/js/3d8b2501f0cd0325_..
ThreadPoolForeg /config/.cache/chromium/Default/Code Cache/js/3d8b2501f0cd0325_..
plasmashell /usr/share/mime/x-content
plasmashell /usr/share/mime/x-epoc
Chrome_ChildIOT /tmp/.org.chromium.Chromium.1D14B8
Chrome_ChildIOT /tmp/.org.chromium.Chromium.scv0kj
Chrome_ChildIOT /tmp/.org.chromium.Chromium.B5uYn9
Chrome_IOThread /tmp/.org.chromium.Chromium.wFKex4
Chrome_IOThread /tmp/.org.chromium.Chromium.wFKex4
Chrome_IOThread /tmp/.org.chromium.Chromium.FDVVf5
ThreadPoolForeg /config/.cache/chromium/Default/Code Cache/js/b09affb9c3bc0a16_..
Chrome_ChildIOT /tmp/.org.chromium.Chromium.vXtHDJ
Chrome_ChildIOT /tmp/.org.chromium.Chromium.43Ql47
Chrome_IOThread /tmp/.org.chromium.Chromium.mQ155E
Chrome_IOThread /tmp/.org.chromium.Chromium.mQ155E
Chrome_ChildIOT /tmp/.org.chromium.Chromium.GT0m0Z
Chrome_IOThread /tmp/.org.chromium.Chromium.1VYIha
Chrome_IOThread /tmp/.org.chromium.Chromium.1VYIha
Chrome_IOThread /tmp/.org.chromium.Chromium.mWefum
Chrome_IOThread /tmp/.org.chromium.Chromium.mWefum
Chrome_IOThread /tmp/.org.chromium.Chromium.0tPFDi
Chrome_IOThread /tmp/.org.chromium.Chromium.0tPFDi
Chrome_ChildIOT /tmp/.org.chromium.Chromium.KmIhjb
Chrome_ChildIOT /tmp/.org.chromium.Chromium.cdw1z3
Chrome_ChildIOT /tmp/.org.chromium.Chromium.DV5Zrg
bash /dev/null
find /etc/ld.so.cache
find /lib/x86_64-linux-gnu/libselinux.so.1
find /lib/x86_64-linux-gnu/libc.so.6
Chrome_ChildIOT /tmp/.org.chromium.Chromium.p7x1BC
find /lib/x86_64-linux-gnu/libpcre2-8.so.0
Chrome_ChildIOT /tmp/.org.chromium.Chromium.MNCDd8
find /proc/filesystems
find .
find /usr/lib/locale/locale-archive
find /usr/lib/x86_64-linux-gnu/gconv/gconv-modules.cache
find /config/.cache
find mesa_shader_cache
find db
find 0c
find 5e
find 8a
find 59
find dd
find 3d
find 35
find 8d
find 9a
find 80
Chrome_ChildIOT /tmp/.org.chromium.Chromium.PyNh6g
find 33
find ea
find e1
find 3e
find 6a
find b5
find bc
find e8
find b8
find ef
find b9
find 7e
Chrome_ChildIOT /tmp/.org.chromium.Chromium.R5Lft8
find 6e
find a2
find 71
find b7
find 8e
find 1a
find 20
find c9
find 26
find 4a
find bd
find 62
find 21
Chrome_ChildIOT /tmp/.org.chromium.Chromium.g6fYEv
find 2d
find 56
find 86
find 40
find ed
find 9d
Chrome_IOThread /tmp/.org.chromium.Chromium.1gUAb8
find 05
Chrome_IOThread /tmp/.org.chromium.Chromium.1gUAb8
find 03
find 67
find 7d
find 11
find 13
find b6
Chrome_ChildIOT /tmp/.org.chromium.Chromium.aRqQIs
find 4e
ThreadPoolSingl /tmp/.org.chromium.Chromium.mDjDRR
ThreadPoolSingl /tmp/.org.chromium.Chromium.mDjDRR
find ba
find e0
find 4f
find f7
find ksplash
find qmlcache
find qtshadercache-x86_64-little_endian-lp64
Chrome_ChildIOT /tmp/.org.chromium.Chromium.McRntr
find plasmashell
find qmlcache
ThreadPoolForeg /config/.cache/chromium/Default/Code Cache/js/180c36250f7c2fa4_..
ThreadPoolForeg /config/.cache/chromium/Default/Code Cache/js/f021da8add69fc14_..
ThreadPoolForeg /config/.cache/chromium/Default/Code Cache/js/f021da8add69fc14_..
ThreadPoolForeg /config/.cache/chromium/Default/Code Cache/js/f021da8add69fc14_..
Chrome_ChildIOT /tmp/.org.chromium.Chromium.0jYjPj
find chromium
find Default
find Cache
find Cache_Data
find index-dir
Chrome_ChildIOT /tmp/.org.chromium.Chromium.8ro8Dw
Chrome_ChildIOT /tmp/.org.chromium.Chromium.XHUu3W
Chrome_ChildIOT /tmp/.org.chromium.Chromium.EpXYgB
find No_Vary_Search
find Code Cache
find wasm
find index-dir
find js
find index-dir
find ..
find /config/.config
find openbox
find vlc
find pulse
find autostart
find kdedefaults
find gtk-3.0
Chrome_ChildIOT /tmp/.org.chromium.Chromium.DvM5wi
find gtk-4.0
find dconf
find xsettingsd
find kde.org
find xfce4
find xfconf
find xfce-perchannel-xml
find chromium
find Crash Reports
find new
find pending
find completed
Chrome_ChildIOT /tmp/.org.chromium.Chromium.yPtcNN
find attachments
find Default
find Sync Data
find LevelDB
find Shared Dictionary
find cache
find index-dir
find ClientCertificates
find Site Characteristics Database
find Local Storage
Chrome_ChildIOT /tmp/.org.chromium.Chromium.7kxlRv
find leveldb
find discounts_db
find commerce_subscription_db
find chrome_cart_db
find discount_infos_db
find parcel_tracking_db
find Segmentation Platform
find SegmentInfoDB
find SignalDB
find SignalStorageConfigDB
find PersistentOriginTrials
find Extension Rules
find Extension Scripts
Chrome_IOThread /tmp/.org.chromium.Chromium.bQJzAr
Chrome_IOThread /tmp/.org.chromium.Chromium.bQJzAr
Chrome_ChildIOT /tmp/.org.chromium.Chromium.oLqQqW
find shared_proto_db
find metadata
find Extension State
Chrome_IOThread /tmp/.org.chromium.Chromium.74eoSG
Chrome_IOThread /tmp/.org.chromium.Chromium.74eoSG
find Sessions
find GPUCache
find DawnWebGPUCache
find DawnGraphiteCache
find Session Storage
find WebStorage
find blob_storage
Chrome_IOThread /tmp/.org.chromium.Chromium.Y7P9fo
find c5aec5bd-dae5-4e7d-8fdd-9ea99eaa8439
Chrome_IOThread /tmp/.org.chromium.Chromium.Y7P9fo
Chrome_ChildIOT /tmp/.org.chromium.Chromium.pBHocI
find optimization_guide_hint_cache_store
find AutofillAiModelCache
find AutofillStrikeDatabase
find BudgetDatabase
find GCM Store
find Encryption
find Feature Engagement Tracker
find AvailabilityDB
find EventDB
find NativeMessagingHosts
find component_crx_cache
find ShaderCache
find segmentation_platform
Chrome_ChildIOT /tmp/.org.chromium.Chromium.WyFCK4
find Dictionaries
find WidevineCdm
find Subresource Filter
find Unindexed Rules
find OnDeviceHeadSuggestModel
find OptimizationHints
find TrustTokenKeyCommitments
find PrivacySandboxAttestationsPreloaded
find SSLErrorAssistant
Chrome_ChildIOT /tmp/.org.chromium.Chromium.nNLMS7
find FileTypePolicies
find OriginTrials
find CertificateRevocation
find MEIPreload
find PKIMetadata
find SafetyTips
Chrome_ChildIOT /tmp/.org.chromium.Chromium.JP8BTh
find Crowd Deny
find hyphen-data
find ZxcvbnData
find ActorSafetyLists
find AmountExtractionHeuristicRegexes
find WasmTtsEngine
find CaptchaProviders
find GrShaderCache
find GraphiteDawnCache
find FirstPartySetsPreloaded
find extensions_crx_cache
find ..
find /config/.local
find bin
find share
find kactivitymanagerd
find resources
find test-backup
Chrome_ChildIOT /tmp/.org.chromium.Chromium.dblng0
find working-backup
find baloo
find pki
find nssdb
sleep /etc/ld.so.cache
sleep /lib/x86_64-linux-gnu/libc.so.6
sleep /usr/lib/locale/locale-archive
sleep /usr/share/locale/locale.alias
sleep /usr/share/locale/en_US/LC_MESSAGES/coreutils.mo
sleep /usr/share/locale/en/LC_MESSAGES/coreutils.mo
sleep /usr/share/locale-langpack/en_US/LC_MESSAGES/coreutils.mo
sleep /usr/share/locale-langpack/en/LC_MESSAGES/coreutils.mo
Chrome_ChildIOT /tmp/.org.chromium.Chromium.JWROjM
Chrome_ChildIOT /tmp/.org.chromium.Chromium.xzVGNN
Chrome_ChildIOT /tmp/.org.chromium.Chromium.EP5gUE
Chrome_IOThread /tmp/.org.chromium.Chromium.qq3De4
Chrome_IOThread /tmp/.org.chromium.Chromium.qq3De4
ThreadPoolSingl /tmp/.org.chromium.Chromium.g7EvHj
ThreadPoolSingl /tmp/.org.chromium.Chromium.g7EvHj
Chrome_ChildIOT /tmp/.org.chromium.Chromium.hvRMGZ
ThreadPoolForeg /config/.cache/chromium/Default/Code Cache/js/efa71511c25ac2e2_..
ThreadPoolForeg /config/.cache/chromium/Default/Code Cache/js/27ba757d383ad6d9_..
ThreadPoolForeg /config/.cache/chromium/Default/Code Cache/js/27ba757d383ad6d9_..
ThreadPoolForeg /config/.cache/chromium/Default/Code Cache/js/27ba757d383ad6d9_..
Chrome_ChildIOT /tmp/.org.chromium.Chromium.Bq6Kk9
Chrome_IOThread /tmp/.org.chromium.Chromium.LQtU7F
Chrome_IOThread /tmp/.org.chromium.Chromium.LQtU7F
Chrome_IOThread /tmp/.org.chromium.Chromium.6CiJVR
Chrome_IOThread /tmp/.org.chromium.Chromium.6CiJVR
Chrome_IOThread /tmp/.org.chromium.Chromium.QEETUO
Chrome_IOThread /tmp/.org.chromium.Chromium.QEETUO
Chrome_ChildIOT /tmp/.org.chromium.Chromium.BRiL5J
Chrome_IOThread /tmp/.org.chromium.Chromium.4jfTyJ
Chrome_IOThread /tmp/.org.chromium.Chromium.4jfTyJ
Chrome_IOThread /tmp/.org.chromium.Chromium.K5o1kR
Chrome_IOThread /tmp/.org.chromium.Chromium.K5o1kR
Chrome_ChildIOT /tmp/.org.chromium.Chromium.obrQdz
Chrome_IOThread /tmp/.org.chromium.Chromium.Ct2RzE
Chrome_IOThread /tmp/.org.chromium.Chromium.Ct2RzE
Chrome_IOThread /tmp/.org.chromium.Chromium.4KhcwK
Chrome_IOThread /tmp/.org.chromium.Chromium.4KhcwK
Chrome_ChildIOT /tmp/.org.chromium.Chromium.CLbGj2
Chrome_ChildIOT /tmp/.org.chromium.Chromium.igseG0
Chrome_ChildIOT /tmp/.org.chromium.Chromium.CAjaqC
ThreadPoolForeg /config/.config/chromium/Default/Reporting and NEL-journal
ThreadPoolForeg /config/.cache/chromium/Default/Cache/Cache_Data/0d56d46c97acdf..
ThreadPoolForeg /config/.cache/chromium/Default/Cache/Cache_Data/2e01b83932b62b..
ThreadPoolForeg /config/.cache/chromium/Default/Cache/Cache_Data/2e01b83932b62b..
ThreadPoolForeg /config/.cache/chromium/Default/Cache/Cache_Data/2e01b83932b62b..
ThreadPoolForeg /config/.config/chromium/Default
Chrome_ChildIOT /tmp/.org.chromium.Chromium.S7JMow
ThreadPoolForeg /config/.cache/chromium/Default/Cache/Cache_Data/65855eea2285e8..
ThreadPoolForeg /config/.cache/chromium/Default/Cache/Cache_Data/65855eea2285e8..
ThreadPoolForeg /config/.cache/chromium/Default/Cache/Cache_Data/65855eea2285e8..
Chrome_ChildIOT /tmp/.org.chromium.Chromium.IhiqO2
Chrome_ChildIOT /tmp/.org.chromium.Chromium.mRaKyt
Chrome_ChildIOT /tmp/.org.chromium.Chromium.HQEC20
bash /dev/null
ThreadPoolForeg /config/.cache/chromium/Default/Cache/Cache_Data/83269ff66a21df..
find /etc/ld.so.cache
find /lib/x86_64-linux-gnu/libselinux.so.1
find /lib/x86_64-linux-gnu/libc.so.6
find /lib/x86_64-linux-gnu/libpcre2-8.so.0
find /proc/filesystems
find .
find /usr/lib/locale/locale-archive
find /usr/lib/x86_64-linux-gnu/gconv/gconv-modules.cache
find /config/.cache
find mesa_shader_cache
find db
find 0c
find 5e
find 8a
find 59
find dd
find 3d
find 35
find 8d
find 9a
find 80
find 33
find ea
find e1
find 3e
find 6a
find b5
find bc
find e8
find b8
find ef
find b9
find 7e
find 6e
find a2
find 71
find b7
find 8e
find 1a
find 20
find c9
find 26
find 4a
find bd
find 62
find 21
find 2d
find 56
find 86
find 40
find ed
find 9d
find 05
find 03
find 67
find 7d
find 11
find 13
find b6
find 4e
find ba
find e0
find 4f
find f7
find ksplash
find qmlcache
find qtshadercache-x86_64-little_endian-lp64
find plasmashell
find qmlcache
find chromium
find Default
find Cache
find Cache_Data
find index-dir
find No_Vary_Search
find Code Cache
find wasm
find index-dir
find js
find index-dir
find ..
find /config/.config
find openbox
find vlc
find pulse
find autostart
find kdedefaults
find gtk-3.0
find gtk-4.0
find dconf
find xsettingsd
find kde.org
find xfce4
find xfconf
find xfce-perchannel-xml
find chromium
ThreadPoolForeg /config/.cache/chromium/Default/Cache/Cache_Data/eab27799b9cd90..
find Crash Reports
find new
find pending
find completed
find attachments
find Default
find Sync Data
find LevelDB
find Shared Dictionary
find cache
find index-dir
find ClientCertificates
find Site Characteristics Database
find Local Storage
find leveldb
find discounts_db
find commerce_subscription_db
find chrome_cart_db
find discount_infos_db
Chrome_IOThread /tmp/.org.chromium.Chromium.FSTtKz
Chrome_IOThread /tmp/.org.chromium.Chromium.FSTtKz
find parcel_tracking_db
find Segmentation Platform
find SegmentInfoDB
find SignalDB
find SignalStorageConfigDB
find PersistentOriginTrials
find Extension Rules
find Extension Scripts
find shared_proto_db
find metadata
find Extension State
find Sessions
find GPUCache
find DawnWebGPUCache
find DawnGraphiteCache
find Session Storage
find WebStorage
Chrome_IOThread /tmp/.org.chromium.Chromium.LmOOEK
find blob_storage
Chrome_IOThread /tmp/.org.chromium.Chromium.LmOOEK
find c5aec5bd-dae5-4e7d-8fdd-9ea99eaa8439
find optimization_guide_hint_cache_store
find AutofillAiModelCache
find AutofillStrikeDatabase
find BudgetDatabase
find GCM Store
find Encryption
find Feature Engagement Tracker
find AvailabilityDB
find EventDB
find NativeMessagingHosts
find component_crx_cache
find ShaderCache
Chrome_IOThread /tmp/.org.chromium.Chromium.nCaxw4
Chrome_IOThread /tmp/.org.chromium.Chromium.nCaxw4
find segmentation_platform
find Dictionaries
find WidevineCdm
find Subresource Filter
ThreadPoolSingl /tmp/.org.chromium.Chromium.pA6Jqv
ThreadPoolSingl /tmp/.org.chromium.Chromium.pA6Jqv
find Unindexed Rules
find OnDeviceHeadSuggestModel
find OptimizationHints
find TrustTokenKeyCommitments
find PrivacySandboxAttestationsPreloaded
find SSLErrorAssistant
find FileTypePolicies
ThreadPoolForeg /config/.cache/chromium/Default/Code Cache/js/46475b283a0a061a_..
ThreadPoolForeg /config/.cache/chromium/Default/Code Cache/js/1ad19eafbaa77cba_..
find OriginTrials
ThreadPoolForeg /config/.cache/chromium/Default/Code Cache/js/1ad19eafbaa77cba_..
find CertificateRevocation
find MEIPreload
ThreadPoolForeg /config/.cache/chromium/Default/Code Cache/js/1ad19eafbaa77cba_..
find PKIMetadata
find SafetyTips
find Crowd Deny
Chrome_ChildIOT /tmp/.org.chromium.Chromium.v8PYcH
find hyphen-data
find ZxcvbnData
find ActorSafetyLists
find AmountExtractionHeuristicRegexes
find WasmTtsEngine
find CaptchaProviders
find GrShaderCache
find GraphiteDawnCache
find FirstPartySetsPreloaded
find extensions_crx_cache
find ..
find /config/.local
find bin
find share
find kactivitymanagerd
find resources
find test-backup
find working-backup
find baloo
find pki
find nssdb
sleep /etc/ld.so.cache
sleep /lib/x86_64-linux-gnu/libc.so.6
sleep /usr/lib/locale/locale-archive
sleep /usr/share/locale/locale.alias
sleep /usr/share/locale/en_US/LC_MESSAGES/coreutils.mo
sleep /usr/share/locale/en/LC_MESSAGES/coreutils.mo
sleep /usr/share/locale-langpack/en_US/LC_MESSAGES/coreutils.mo
sleep /usr/share/locale-langpack/en/LC_MESSAGES/coreutils.mo
Chrome_IOThread /tmp/.org.chromium.Chromium.7W4Sra
Chrome_IOThread /tmp/.org.chromium.Chromium.7W4Sra
xclip /etc/ld.so.cache
xclip /lib/x86_64-linux-gnu/libXmu.so.6
Chrome_IOThread /tmp/.org.chromium.Chromium.AEbsoc
Chrome_IOThread /tmp/.org.chromium.Chromium.AEbsoc
xclip /lib/x86_64-linux-gnu/libX11.so.6
xclip /lib/x86_64-linux-gnu/libc.so.6
xclip /lib/x86_64-linux-gnu/libXt.so.6
xclip /lib/x86_64-linux-gnu/libXext.so.6
xclip /lib/x86_64-linux-gnu/libxcb.so.1
xclip /lib/x86_64-linux-gnu/libSM.so.6
xclip /lib/x86_64-linux-gnu/libICE.so.6
xclip /lib/x86_64-linux-gnu/libXau.so.6
xclip /lib/x86_64-linux-gnu/libXdmcp.so.6
xclip /lib/x86_64-linux-gnu/libuuid.so.1
xclip /lib/x86_64-linux-gnu/libbsd.so.0
Chrome_IOThread /tmp/.org.chromium.Chromium.5xP26i
Chrome_IOThread /tmp/.org.chromium.Chromium.5xP26i
xclip /lib/x86_64-linux-gnu/libmd.so.0
xclip /usr/share/X11/locale/locale.alias
Chrome_IOThread /tmp/.org.chromium.Chromium.kTO45j
Chrome_IOThread /tmp/.org.chromium.Chromium.kTO45j
xclip /usr/share/X11/locale/locale.dir
xclip /usr/share/X11/locale/C/XLC_LOCALE
xclip /usr/share/X11/locale/locale.alias
xclip /usr/share/X11/locale/locale.dir
xclip /usr/share/X11/locale/C/XLC_LOCALE
Xvfb /proc/2306/cmdline
Chrome_IOThread /tmp/.org.chromium.Chromium.UI2v7c
Chrome_IOThread /tmp/.org.chromium.Chromium.UI2v7c
Chrome_IOThread /tmp/.org.chromium.Chromium.kLmJMS
Chrome_IOThread /tmp/.org.chromium.Chromium.kLmJMS
Chrome_IOThread /tmp/.org.chromium.Chromium.BjQAL7
Chrome_IOThread /tmp/.org.chromium.Chromium.BjQAL7
Chrome_IOThread /tmp/.org.chromium.Chromium.U5jAye
Chrome_IOThread /tmp/.org.chromium.Chromium.U5jAye
Chrome_IOThread /tmp/.org.chromium.Chromium.NuqyRB
Chrome_IOThread /tmp/.org.chromium.Chromium.NuqyRB
Chrome_IOThread /tmp/.org.chromium.Chromium.AdCUjM
Chrome_IOThread /tmp/.org.chromium.Chromium.AdCUjM
Chrome_ChildIOT /tmp/.org.chromium.Chromium.1VtiA1
Chrome_ChildIOT /tmp/.org.chromium.Chromium.ArgbZl
Chrome_ChildIOT /tmp/.org.chromium.Chromium.iuzJoY
ThreadPoolForeg /config/.cache/chromium/Default/Cache/Cache_Data/243075b6e18e6e..
ThreadPoolForeg /config/.cache/chromium/Default/Cache/Cache_Data/243075b6e18e6e..
ThreadPoolForeg /config/.cache/chromium/Default/Cache/Cache_Data/243075b6e18e6e..
Chrome_ChildIOT /tmp/.org.chromium.Chromium.wOcHMG
Chrome_ChildIOT /tmp/.org.chromium.Chromium.xHbZvg
Chrome_IOThread /tmp/.org.chromium.Chromium.8FeqDv
Chrome_IOThread /tmp/.org.chromium.Chromium.8FeqDv
Chrome_ChildIOT /tmp/.org.chromium.Chromium.Sgibmt
ThreadPoolSingl /tmp/.org.chromium.Chromium.YamE0V
ThreadPoolSingl /tmp/.org.chromium.Chromium.YamE0V
ThreadPoolForeg /config/.cache/chromium/Default/Code Cache/js/b020418b108d24f5_..
ThreadPoolForeg /config/.cache/chromium/Default/Code Cache/js/6d53b49c6df36dc1_..
ThreadPoolForeg /config/.cache/chromium/Default/Code Cache/js/6d53b49c6df36dc1_..
ThreadPoolForeg /config/.cache/chromium/Default/Code Cache/js/6d53b49c6df36dc1_..
Chrome_ChildIOT /tmp/.org.chromium.Chromium.mvpNQp
chromium /proc/1855/stat
chromium /tmp/.org.chromium.Chromium.scw00q
chromium /tmp/.org.chromium.Chromium.scw00q
ThreadPoolForeg /config/.cache/chromium/Default/Cache/Cache_Data/3cc663267fe8f9..
chromium /tmp/.org.chromium.Chromium.tJNyFe
ThreadPoolForeg /config/.cache/chromium/Default/Cache/Cache_Data/78ed9027135cea..
Chrome_IOThread /tmp/.org.chromium.Chromium.1RUVbj
Chrome_IOThread /tmp/.org.chromium.Chromium.1RUVbj
ThreadPoolForeg /config/.cache/chromium/Default/Cache/Cache_Data/a8605fa8e6d3e3..
ThreadPoolForeg /config/.cache/chromium/Default/Cache/Cache_Data/3277a6b73ceafd..
ThreadPoolForeg /config/.cache/chromium/Default/Cache/Cache_Data/3277a6b73ceafd..
ThreadPoolForeg /config/.cache/chromium/Default/Cache/Cache_Data/3277a6b73ceafd..
Chrome_ChildIOT /tmp/.org.chromium.Chromium.4pUXEZ
chromium /proc/2240/stat
Chrome_ChildIOT /tmp/.org.chromium.Chromium.BhEYEN
Chrome_IOThread /tmp/.org.chromium.Chromium.iaMFSI
Chrome_IOThread /tmp/.org.chromium.Chromium.iaMFSI
ThreadPoolSingl /tmp/.org.chromium.Chromium.EQVn3U
bash /dev/null
ThreadPoolForeg /config/.cache/chromium/Default/Cache/Cache_Data/f1b9fd0091b72b..
ThreadPoolSingl /tmp/.org.chromium.Chromium.KI8931
ThreadPoolSingl /tmp/.org.chromium.Chromium.KI8931
find /etc/ld.so.cache
find /lib/x86_64-linux-gnu/libselinux.so.1
find /lib/x86_64-linux-gnu/libc.so.6
find /lib/x86_64-linux-gnu/libpcre2-8.so.0
ThreadPoolForeg /config/.cache/chromium/Default/Code Cache/js/7f9011a89018d0f7_..
find /proc/filesystems
ThreadPoolForeg /config/.cache/chromium/Default/Code Cache/js/c964236e1beee229_..
ThreadPoolForeg /config/.cache/chromium/Default/Code Cache/js/c964236e1beee229_..
find .
ThreadPoolForeg /config/.cache/chromium/Default/Code Cache/js/c964236e1beee229_..
find /usr/lib/locale/locale-archive
find /usr/lib/x86_64-linux-gnu/gconv/gconv-modules.cache
find /config/.cache
find mesa_shader_cache
find db
find 0c
find 5e
chromium /proc/self/maps
chromium /proc/1855/stat
find 8a
find 59
find dd
find 3d
find 35
find 8d
find 9a
find 80
chromium /proc/self/maps
chromium /proc/self/maps
find 33
find ea
find e1
find 3e
find 6a
find b5
find bc
find e8
find b8
find ef
find b9
find 7e
find 6e
find a2
find 71
find b7
find 8e
find 1a
chromium .
find 20
chromium self/fd/
find c9
find 26
find 4a
find bd
chromium /tmp/.org.chromium.Chromium.mN8M9L
ThreadPoolForeg /config/.cache/chromium/Default/Code Cache/js/14a47e61bfe60432_..
ThreadPoolForeg /config/.cache/chromium/Default/Code Cache/js/14a47e61bfe60432_..
chromium /tmp/.org.chromium.Chromium.mN8M9L
find 62
ThreadPoolForeg /config/.cache/chromium/Default/Code Cache/js/14a47e61bfe60432_..
find 21
chromium .
find 2d
find 56
find 86
find 40
chromium /tmp/.org.chromium.Chromium.lep3Ll
Chrome_IOThread /tmp/.org.chromium.Chromium.YqZf2z
Chrome_IOThread /tmp/.org.chromium.Chromium.YqZf2z
find ed
Chrome_ChildIOT /tmp/.org.chromium.Chromium.hXhZoS
find 9d
find 05
find 03
Chrome_IOThread /tmp/.org.chromium.Chromium.4PtK0m
find 67
find 7d
Chrome_IOThread /tmp/.org.chromium.Chromium.l1NHPJ
find 11
find 13
find b6
find 4e
find ba
find e0
Chrome_ChildIOT /tmp/.org.chromium.Chromium.PCr601
find 4f
find f7
find ksplash
find qmlcache
chromium /tmp/.org.chromium.Chromium.YKIS74
find qtshadercache-x86_64-little_endian-lp64
chromium /tmp/.org.chromium.Chromium.YKIS74
find plasmashell
find qmlcache
Chrome_ChildIOT /tmp/.org.chromium.Chromium.q5UOs2
ThreadPoolSingl /tmp/.org.chromium.Chromium.Nyb7Ux
Chrome_ChildIOT /tmp/.org.chromium.Chromium.hemACs
find chromium
find Default
find Cache
find Cache_Data
find index-dir
chromium /proc/self/maps
chromium /proc/2312/stat
ThreadPoolForeg /config/.cache/chromium/Default/Cache/Cache_Data/9a512c853453f1..
ThreadPoolForeg /config/.cache/chromium/Default/Cache/Cache_Data/9a512c853453f1..
ThreadPoolForeg /config/.cache/chromium/Default/Cache/Cache_Data/9a512c853453f1..
find No_Vary_Search
find Code Cache
find wasm
find index-dir
Chrome_ChildIOT /tmp/.org.chromium.Chromium.VW8mzo
find js
find index-dir
chromium /proc/self/maps
chromium /proc/self/maps
find ..
find /config/.config
find openbox
find vlc
find pulse
find autostart
find kdedefaults
Chrome_ChildIOT /tmp/.org.chromium.Chromium.mN83XS
find gtk-3.0
chromium .
find gtk-4.0
chromium self/fd/
find dconf
find xsettingsd
find kde.org
find xfce4
find xfconf
find xfce-perchannel-xml
chromium .
find chromium
find Crash Reports
find new
find pending
find completed
find attachments
find Default
find Sync Data
find LevelDB
Chrome_ChildIOT /tmp/.org.chromium.Chromium.UyQezI
find Shared Dictionary
chromium /proc/2320/stat
find cache
find index-dir
find ClientCertificates
find Site Characteristics Database
find Local Storage
ThreadPoolForeg /config/.cache/chromium/Default/Cache/Cache_Data/454b6ae1a4b162..
find leveldb
find discounts_db
Chrome_ChildIOT /tmp/.org.chromium.Chromium.iKrJWF
Chrome_ChildIOT /tmp/.org.chromium.Chromium.iKrJWF
find commerce_subscription_db
find chrome_cart_db
find discount_infos_db
find parcel_tracking_db
Chrome_IOThread /tmp/.org.chromium.Chromium.hPYVm8
find Segmentation Platform
find SegmentInfoDB
find SignalDB
find SignalStorageConfigDB
find PersistentOriginTrials
find Extension Rules
chromium /proc/2312/stat
find Extension Scripts
Chrome_IOThread /tmp/.org.chromium.Chromium.Gjp0Jm
chromium /proc/2312/status
find shared_proto_db
find metadata
chromium /proc/2312/status
chromium /proc/2312/statm
find Extension State
find Sessions
find GPUCache
find DawnWebGPUCache
find DawnGraphiteCache
ThreadPoolForeg /tmp/.org.chromium.Chromium.6NL4RF
find Session Storage
ThreadPoolForeg /tmp/.org.chromium.Chromium.6NL4RF
find WebStorage
find blob_storage
find c5aec5bd-dae5-4e7d-8fdd-9ea99eaa8439
find optimization_guide_hint_cache_store
find AutofillAiModelCache
find AutofillStrikeDatabase
find BudgetDatabase
find GCM Store
find Encryption
find Feature Engagement Tracker
find AvailabilityDB
find EventDB
find NativeMessagingHosts
find component_crx_cache
find ShaderCache
find segmentation_platform
find Dictionaries
find WidevineCdm
find Subresource Filter
find Unindexed Rules
Chrome_IOThread /tmp/.org.chromium.Chromium.lgMJ02
find OnDeviceHeadSuggestModel
find OptimizationHints
find TrustTokenKeyCommitments
find PrivacySandboxAttestationsPreloaded
find SSLErrorAssistant
find FileTypePolicies
find OriginTrials
find CertificateRevocation
find MEIPreload
find PKIMetadata
find SafetyTips
find Crowd Deny
find hyphen-data
find ZxcvbnData
find ActorSafetyLists
find AmountExtractionHeuristicRegexes
find WasmTtsEngine
Chrome_ChildIOT /tmp/.org.chromium.Chromium.4Cd15h
find CaptchaProviders
find GrShaderCache
find GraphiteDawnCache
find FirstPartySetsPreloaded
find extensions_crx_cache
find ..
find /config/.local
find bin
find share
find kactivitymanagerd
find resources
find test-backup
find working-backup
find baloo
find pki
find nssdb
chromium /proc/2320/stat
Chrome_ChildIOT /tmp/.org.chromium.Chromium.mK9zuY
chromium /proc/2320/status
sleep /etc/ld.so.cache
sleep /lib/x86_64-linux-gnu/libc.so.6
chromium /proc/2320/status
chromium /proc/2320/statm
sleep /usr/lib/locale/locale-archive
ThreadPoolSingl /proc/2312/task
sleep /usr/share/locale/locale.alias
sleep /usr/share/locale/en_US/LC_MESSAGES/coreutils.mo
sleep /usr/share/locale/en/LC_MESSAGES/coreutils.mo
sleep /usr/share/locale-langpack/en_US/LC_MESSAGES/coreutils.mo
sleep /usr/share/locale-langpack/en/LC_MESSAGES/coreutils.mo
ThreadPoolSingl /proc/2312/task/2312/status
ThreadPoolSingl /proc/2312/task/2315/status
ThreadPoolForeg /tmp/.org.chromium.Chromium.L2LxhQ
ThreadPoolForeg /tmp/.org.chromium.Chromium.L2LxhQ
ThreadPoolSingl /proc/2312/task
ThreadPoolSingl /proc/2312/task/2312/status
ThreadPoolSingl /proc/2312/task/2315/status
ThreadPoolSingl /proc/2312/task/2316/status
ThreadPoolSingl /proc/2312/task
ThreadPoolSingl /proc/2312/task/2312/status
ThreadPoolSingl /proc/2312/task/2315/status
ThreadPoolSingl /proc/2312/task/2316/status
ThreadPoolSingl /proc/2312/task/2317/status
chromium /tmp/.org.chromium.Chromium.RNDFe4
chromium /tmp/.org.chromium.Chromium.RNDFe4
ThreadPoolSingl /proc/2312/task
ThreadPoolSingl /proc/2312/task/2312/status
Chrome_ChildIOT /tmp/.org.chromium.Chromium.080z6Q
ThreadPoolSingl /proc/2312/task/2315/status
ThreadPoolSingl /proc/2312/task/2316/status
ThreadPoolSingl /proc/2312/task/2317/status
ThreadPoolSingl /proc/2312/task/2318/status
ThreadPoolSingl /proc/2312/task
ThreadPoolSingl /proc/2312/task/2312/status
ThreadPoolSingl /proc/2312/task/2315/status
ThreadPoolSingl /proc/2312/task/2316/status
Chrome_ChildIOT /tmp/.org.chromium.Chromium.cEPNFt
ThreadPoolSingl /proc/2312/task/2317/status
Chrome_ChildIOT /tmp/.org.chromium.Chromium.cEPNFt
ThreadPoolSingl /proc/2312/task/2318/status
Chrome_IOThread /tmp/.org.chromium.Chromium.JvrklM
ThreadPoolSingl /proc/2312/task/2321/status
Chrome_IOThread /tmp/.org.chromium.Chromium.gH2SDH
Chrome_IOThread /tmp/.org.chromium.Chromium.RuBNC3
ThreadPoolSingl /proc/2320/task
ThreadPoolSingl /proc/2320/task/2320/status
ThreadPoolSingl /proc/2320/task/2323/status
ThreadPoolSingl /proc/2320/task
ThreadPoolSingl /proc/2320/task/2320/status
ThreadPoolSingl /proc/2320/task/2323/status
ThreadPoolSingl /proc/2320/task/2324/status
ThreadPoolSingl /proc/2320/task
ThreadPoolSingl /proc/2320/task/2320/status
ThreadPoolSingl /proc/2320/task/2323/status
ThreadPoolSingl /proc/2320/task/2324/status
ThreadPoolSingl /proc/2320/task/2325/status
ThreadPoolForeg /config/.cache/chromium/Default/Cache/Cache_Data/a4454be67adad2..
ThreadPoolSingl /proc/2320/task
ThreadPoolSingl /proc/2320/task/2320/status
ThreadPoolSingl /proc/2320/task/2323/status
ThreadPoolSingl /proc/2320/task/2324/status
ThreadPoolSingl /proc/2320/task/2325/status
ThreadPoolSingl /proc/2320/task/2326/status
ThreadPoolSingl /proc/2320/task
ThreadPoolSingl /proc/2320/task/2320/status
ThreadPoolSingl /proc/2320/task/2323/status
ThreadPoolSingl /proc/2320/task/2324/status
ThreadPoolSingl /proc/2320/task/2325/status
chromium /proc/2240/stat
ThreadPoolSingl /proc/2320/task/2326/status
ThreadPoolSingl /proc/2320/task/2328/status
chromium /proc/2240/stat
ThreadPoolSingl /proc/2320/task
ThreadPoolSingl /proc/2320/task/2320/status
ThreadPoolSingl /proc/2320/task/2323/status
ThreadPoolSingl /proc/2320/task/2324/status
Chrome_IOThread /tmp/.org.chromium.Chromium.AstFw6
ThreadPoolSingl /proc/2320/task/2325/status
Chrome_ChildIOT /tmp/.org.chromium.Chromium.QYJvrc
ThreadPoolSingl /proc/2320/task/2326/status
Chrome_IOThread /tmp/.org.chromium.Chromium.WuGWiA
ThreadPoolSingl /proc/2320/task/2328/status
ThreadPoolSingl /proc/2320/task/2335/status
ThreadPoolSingl /proc/2320/task
ThreadPoolSingl /proc/2320/task/2320/status
chromium /proc/1855/stat
ThreadPoolSingl /proc/2320/task/2323/status
ThreadPoolSingl /proc/2320/task/2324/status
ThreadPoolSingl /proc/2320/task/2325/status
ThreadPoolSingl /proc/2320/task/2326/status
ThreadPoolSingl /proc/2320/task
ThreadPoolSingl /proc/2320/task/2320/status
ThreadPoolSingl /proc/2320/task/2323/status
ThreadPoolSingl /proc/2320/task/2324/status
ThreadPoolSingl /proc/2320/task/2325/status
ThreadPoolSingl /proc/2320/task/2326/status
ThreadPoolSingl /proc/2320/task/2328/status
ThreadPoolSingl /proc/2320/task/2335/status
ThreadPoolSingl /proc/2320/task/2336/status
ThreadPoolSingl /proc/2320/task
ThreadPoolSingl /proc/2320/task/2320/status
ThreadPoolSingl /proc/2320/task/2323/status
ThreadPoolSingl /proc/2320/task/2324/status
ThreadPoolSingl /proc/2320/task/2325/status
ThreadPoolSingl /proc/2320/task/2326/status
ThreadPoolSingl /proc/2320/task/2328/status
ThreadPoolSingl /proc/2320/task/2335/status
ThreadPoolSingl /proc/2320/task/2336/status
chromium /proc/1855/stat
ThreadPoolSingl /proc/2320/task/2337/status
ThreadPoolSingl /proc/2312/task
ThreadPoolSingl /proc/2312/task/2312/status
ThreadPoolSingl /proc/2312/task/2315/status
ThreadPoolSingl /proc/2312/task/2316/status
ThreadPoolSingl /proc/2312/task/2317/status
ThreadPoolSingl /proc/2312/task/2318/status
ThreadPoolSingl /proc/2312/task/2321/status
ThreadPoolSingl /proc/2312/task/2329/status
ThreadPoolSingl /proc/2312/task
ThreadPoolSingl /proc/2312/task/2312/status
ThreadPoolSingl /proc/2312/task/2315/status
ThreadPoolSingl /proc/2312/task/2316/status
ThreadPoolSingl /proc/2312/task/2317/status
ThreadPoolSingl /proc/2312/task/2318/status
ThreadPoolSingl /proc/2312/task
ThreadPoolSingl /proc/2312/task/2312/status
ThreadPoolSingl /proc/2312/task/2315/status
ThreadPoolSingl /proc/2312/task/2316/status
ThreadPoolSingl /proc/2312/task/2317/status
ThreadPoolSingl /proc/2312/task/2318/status
chromium /proc/2312/stat
ThreadPoolSingl /proc/2312/task/2321/status
ThreadPoolSingl /proc/2312/task/2329/status
chromium /proc/2312/stat
ThreadPoolSingl /proc/2312/task/2330/status
ThreadPoolSingl /proc/2312/task
ThreadPoolSingl /proc/2312/task/2312/status
ThreadPoolSingl /proc/2312/task/2315/status
ThreadPoolSingl /proc/2312/task/2316/status
ThreadPoolSingl /proc/2312/task/2317/status
ThreadPoolSingl /proc/2312/task/2318/status
ThreadPoolSingl /proc/2312/task/2321/status
ThreadPoolSingl /proc/2312/task/2329/status
ThreadPoolSingl /proc/2312/task/2330/status
ThreadPoolSingl /proc/2312/task/2331/status
ThreadPoolSingl /proc/2320/task
ThreadPoolSingl /proc/2320/task/2320/status
ThreadPoolSingl /proc/2320/task/2323/status
ThreadPoolSingl /proc/2320/task/2324/status
ThreadPoolSingl /proc/2320/task/2325/status
ThreadPoolSingl /proc/2320/task/2326/status
ThreadPoolSingl /proc/2320/task/2328/status
ThreadPoolSingl /proc/2320/task/2335/status
ThreadPoolSingl /proc/2312/task
ThreadPoolSingl /proc/2312/task/2312/status
ThreadPoolSingl /proc/2312/task/2315/status
ThreadPoolSingl /proc/2312/task/2316/status
ThreadPoolSingl /proc/2312/task/2317/status
ThreadPoolSingl /proc/2312/task/2318/status
selkies /proc/stat
ThreadPoolSingl /proc/2312/task/2321/status
selkies /proc/meminfo
ThreadPoolSingl /proc/2312/task/2329/status
Chrome_IOThread /tmp/.org.chromium.Chromium.DOdmAi
Chrome_IOThread /tmp/.org.chromium.Chromium.7QcCaJ
chromium /proc/1855/stat
Chrome_IOThread /tmp/.org.chromium.Chromium.4GGWQP
Chrome_IOThread /tmp/.org.chromium.Chromium.4GGWQP
ThreadPoolSingl /tmp/.org.chromium.Chromium.gvnqsk
ThreadPoolSingl /tmp/.org.chromium.Chromium.gvnqsk
ThreadPoolForeg /config/.cache/chromium/Default/Code Cache/js/85512aed4824a32b_..
ThreadPoolForeg /config/.cache/chromium/Default/Code Cache/js/88b690141d008118_..
chromium /proc/1855/stat
ThreadPoolForeg /config/.cache/chromium/Default/Code Cache/js/88b690141d008118_..
ThreadPoolForeg /config/.cache/chromium/Default/Code Cache/js/88b690141d008118_..
Chrome_IOThread /tmp/.org.chromium.Chromium.sca0aX
bash /dev/null
find /etc/ld.so.cache
find /lib/x86_64-linux-gnu/libselinux.so.1
find /lib/x86_64-linux-gnu/libc.so.6
find /lib/x86_64-linux-gnu/libpcre2-8.so.0
find /proc/filesystems
find .
find /usr/lib/locale/locale-archive
find /usr/lib/x86_64-linux-gnu/gconv/gconv-modules.cache
find /config/.cache
find mesa_shader_cache
find db
Chrome_ChildIOT /tmp/.org.chromium.Chromium.Fn6kud
find 0c
find 5e
find 8a
find 59
find dd
find 3d
find 35
find 8d
find 9a
find 80
find 33
find ea
find e1
find 3e
find 6a
find b5
chromium /proc/2240/stat
find bc
find e8
find b8
find ef
find b9
find 7e
find 6e
find a2
find 71
find b7
chromium /proc/1855/stat
find 8e
find 1a
find 20
find c9
find 26
find 4a
find bd
find 62
find 21
find 2d
find 56
find 86
find 40
chromium /proc/2312/stat
find ed
find 9d
find 05
find 03
find 67
find 7d
find 11
find 13
find b6
find 4e
find ba
find e0
chromium /proc/1855/stat
find 4f
find f7
find ksplash
find qmlcache
find qtshadercache-x86_64-little_endian-lp64
find plasmashell
find qmlcache
chromium /proc/2312/stat
chromium /proc/2312/stat
find chromium
find Default
find Cache
chromium /proc/2312/stat
find Cache_Data
find index-dir
find No_Vary_Search
find Code Cache
find wasm
find index-dir
find js
find index-dir
Chrome_IOThread /tmp/.org.chromium.Chromium.JKD2aZ
Chrome_IOThread /tmp/.org.chromium.Chromium.JKD2aZ
find ..
find /config/.config
find openbox
ThreadPoolSingl /tmp/.org.chromium.Chromium.pn3DJb
ThreadPoolSingl /tmp/.org.chromium.Chromium.pn3DJb
find vlc
find pulse
find autostart
find kdedefaults
ThreadPoolForeg /config/.cache/chromium/Default/Code Cache/js/89b3d352a21aa528_..
ThreadPoolForeg /config/.cache/chromium/Default/Code Cache/js/151199cbab41409d_..
ThreadPoolForeg /config/.cache/chromium/Default/Code Cache/js/151199cbab41409d_..
find gtk-3.0
ThreadPoolForeg /config/.cache/chromium/Default/Code Cache/js/151199cbab41409d_..
find gtk-4.0
find dconf
find xsettingsd
find kde.org
find xfce4
find xfconf
find xfce-perchannel-xml
find chromium
find Crash Reports
find new
find pending
find completed
find attachments
find Default
find Sync Data
find LevelDB
find Shared Dictionary
find cache
find index-dir
find ClientCertificates
find Site Characteristics Database
find Local Storage
find leveldb
find discounts_db
find commerce_subscription_db
find chrome_cart_db
find discount_infos_db
find parcel_tracking_db
find Segmentation Platform
find SegmentInfoDB
find SignalDB
find SignalStorageConfigDB
find PersistentOriginTrials
find Extension Rules
find Extension Scripts
chromium /proc/1855/stat
find shared_proto_db
find metadata
find Extension State
find Sessions
find GPUCache
find DawnWebGPUCache
find DawnGraphiteCache
find Session Storage
find WebStorage
find blob_storage
find c5aec5bd-dae5-4e7d-8fdd-9ea99eaa8439
find optimization_guide_hint_cache_store
find AutofillAiModelCache
find AutofillStrikeDatabase
find BudgetDatabase
find GCM Store
find Encryption
find Feature Engagement Tracker
find AvailabilityDB
find EventDB
find NativeMessagingHosts
chromium /tmp/.org.chromium.Chromium.FZaEhw
chromium /tmp/.org.chromium.Chromium.FZaEhw
find component_crx_cache
find ShaderCache
find segmentation_platform
find Dictionaries
chromium /tmp/.org.chromium.Chromium.Kc4ZFD
Chrome_IOThread /tmp/.org.chromium.Chromium.CP9VXO
find WidevineCdm
Chrome_IOThread /tmp/.org.chromium.Chromium.CP9VXO
find Subresource Filter
find Unindexed Rules
find OnDeviceHeadSuggestModel
find OptimizationHints
find TrustTokenKeyCommitments
find PrivacySandboxAttestationsPreloaded
find SSLErrorAssistant
find FileTypePolicies
find OriginTrials
find CertificateRevocation
find MEIPreload
find PKIMetadata
find SafetyTips
find Crowd Deny
find hyphen-data
find ZxcvbnData
find ActorSafetyLists
find AmountExtractionHeuristicRegexes
find WasmTtsEngine
find CaptchaProviders
find GrShaderCache
find GraphiteDawnCache
chromium /proc/2320/stat
find FirstPartySetsPreloaded
find extensions_crx_cache
find ..
find /config/.local
find bin
find share
find kactivitymanagerd
find resources
find test-backup
find working-backup
ThreadPoolSingl /tmp/.org.chromium.Chromium.8RN858
find baloo
find pki
ThreadPoolForeg /config/.cache/chromium/Default/Cache/Cache_Data/ef4d936784746c..
find nssdb
sleep /etc/ld.so.cache
sleep /lib/x86_64-linux-gnu/libc.so.6
sleep /usr/lib/locale/locale-archive
sleep /usr/share/locale/locale.alias
sleep /usr/share/locale/en_US/LC_MESSAGES/coreutils.mo
sleep /usr/share/locale/en/LC_MESSAGES/coreutils.mo
sleep /usr/share/locale-langpack/en_US/LC_MESSAGES/coreutils.mo
sleep /usr/share/locale-langpack/en/LC_MESSAGES/coreutils.mo
chromium /proc/self/maps
chromium /proc/2347/stat
chromium /proc/self/maps
chromium /proc/self/maps
Chrome_ChildIOT /tmp/.org.chromium.Chromium.iQrWsN
Chrome_ChildIOT /tmp/.org.chromium.Chromium.iQrWsN
chromium /proc/1855/stat
chromium .
chromium self/fd/
Chrome_IOThread /tmp/.org.chromium.Chromium.qQoa5I
Chrome_IOThread /tmp/.org.chromium.Chromium.nK2kX9
chromium .
chromium /tmp/.org.chromium.Chromium.O3ob97
chromium /tmp/.org.chromium.Chromium.O3ob97
Chrome_IOThread /tmp/.org.chromium.Chromium.2ilplA
chromium /tmp/.org.chromium.Chromium.LFJwW3
Chrome_ChildIOT /tmp/.org.chromium.Chromium.NSUj8g
Chrome_IOThread /tmp/.org.chromium.Chromium.2ilplA
chromium /proc/2347/stat
chromium /tmp/.org.chromium.Chromium.ZSRiaP
chromium /tmp/.org.chromium.Chromium.ZSRiaP
ThreadPoolForeg /config/.cache/chromium/Default/Cache/Cache_Data/c45989a764f2d8..
ThreadPoolSingl /tmp/.org.chromium.Chromium.yFcrDI
ThreadPoolForeg /config/.cache/chromium/Default/Cache/Cache_Data/39c684e3f0573d..
chromium /proc/self/maps
chromium /proc/self/maps
chromium /proc/self/maps
chromium /proc/2355/stat
chromium .
chromium self/fd/
chromium .
chromium /proc/2347/stat
chromium /proc/2347/status
chromium /proc/2347/status
chromium /proc/2347/statm
ThreadPoolForeg /tmp/.org.chromium.Chromium.4il4nS
ThreadPoolForeg /tmp/.org.chromium.Chromium.4il4nS
chromium /proc/1855/stat
Chrome_IOThread /tmp/.org.chromium.Chromium.qGHh7v
Chrome_IOThread /tmp/.org.chromium.Chromium.qGHh7v
ThreadPoolSingl /tmp/.org.chromium.Chromium.ubtmLI
ThreadPoolSingl /tmp/.org.chromium.Chromium.ubtmLI
chromium /tmp/.org.chromium.Chromium.8nXMUo
chromium /tmp/.org.chromium.Chromium.8nXMUo
chromium /tmp/.org.chromium.Chromium.LsWTBU
Chrome_IOThread /tmp/.org.chromium.Chromium.F36Fmm
Chrome_IOThread /tmp/.org.chromium.Chromium.F36Fmm
ThreadPoolForeg /config/.cache/chromium/Default/Code Cache/js/c6fc27984387fc6f_..
ThreadPoolForeg /config/.cache/chromium/Default/Code Cache/js/6fb8f4d3dae7ea0b_..
ThreadPoolForeg /config/.cache/chromium/Default/Code Cache/js/6fb8f4d3dae7ea0b_..
ThreadPoolForeg /config/.cache/chromium/Default/Code Cache/js/6fb8f4d3dae7ea0b_..
chromium /proc/2355/stat
chromium /tmp/.org.chromium.Chromium.T0PQIJ
chromium /tmp/.org.chromium.Chromium.T0PQIJ
ThreadPoolForeg /config/.cache/chromium/Default/Cache/Cache_Data/b14eb8290f659a..
ThreadPoolSingl /tmp/.org.chromium.Chromium.AXKg1F
ThreadPoolForeg /config/.cache/chromium/Default/Cache/Cache_Data/7b6364246d0e03..
ThreadPoolForeg /config/.cache/chromium/Default/Cache/Cache_Data/7b6364246d0e03..
ThreadPoolForeg /config/.cache/chromium/Default/Cache/Cache_Data/7b6364246d0e03..
ThreadPoolForeg /config/.cache/chromium/Default/Code Cache/js/a236151e2212f616_..
ThreadPoolForeg /config/.cache/chromium/Default/Code Cache/js/a236151e2212f616_..
ThreadPoolForeg /config/.cache/chromium/Default/Code Cache/js/a236151e2212f616_..
ThreadPoolForeg /config/.cache/chromium/Default/Cache/Cache_Data/2342f4ed47e217..
ThreadPoolSingl /proc/2347/task
Chrome_IOThread /tmp/.org.chromium.Chromium.5uw1qh
Chrome_IOThread /tmp/.org.chromium.Chromium.5uw1qh
ThreadPoolSingl /proc/2347/task/2347/status
ThreadPoolSingl /proc/2347/task/2350/status
ThreadPoolSingl /proc/2347/task
ThreadPoolSingl /proc/2347/task/2347/status
Chrome_ChildIOT /tmp/.org.chromium.Chromium.KEceBL
ThreadPoolSingl /proc/2347/task/2350/status
ThreadPoolSingl /tmp/.org.chromium.Chromium.um3YH8
ThreadPoolSingl /tmp/.org.chromium.Chromium.um3YH8
ThreadPoolSingl /proc/2347/task/2351/status
Chrome_IOThread /tmp/.org.chromium.Chromium.bMROxB
chromium /proc/self/maps
ThreadPoolSingl /proc/2347/task
ThreadPoolForeg /config/.cache/chromium/Default/Code Cache/js/a245d8672415db01_..
ThreadPoolSingl /proc/2347/task/2347/status
ThreadPoolForeg /config/.cache/chromium/Default/Code Cache/js/62d5e4141f535a86_..
ThreadPoolForeg /config/.cache/chromium/Default/Code Cache/js/62d5e4141f535a86_..
ThreadPoolForeg /config/.cache/chromium/Default/Code Cache/js/62d5e4141f535a86_..
ThreadPoolSingl /proc/2347/task/2350/status
ThreadPoolSingl /proc/2347/task/2351/status
ThreadPoolForeg /config/.cache/chromium/Default/Cache/Cache_Data/a61b4ba3fcd157..
ThreadPoolSingl /proc/2347/task/2352/status
ThreadPoolForeg /config/.cache/chromium/Default/Cache/Cache_Data/a61b4ba3fcd157..
ThreadPoolForeg /config/.cache/chromium/Default/Cache/Cache_Data/a61b4ba3fcd157..
Chrome_ChildIOT /tmp/.org.chromium.Chromium.58is5k
ThreadPoolSingl /proc/2347/task
ThreadPoolSingl /proc/2347/task/2347/status
chromium /proc/self/maps
chromium /proc/self/maps
ThreadPoolSingl /proc/2347/task/2350/status
ThreadPoolSingl /proc/2347/task/2351/status
chromium /proc/2355/stat
Chrome_ChildIOT /tmp/.org.chromium.Chromium.7XeTB3
Chrome_ChildIOT /tmp/.org.chromium.Chromium.7XeTB3
ThreadPoolSingl /proc/2347/task/2352/status
chromium /proc/2355/status
ThreadPoolSingl /proc/2347/task/2353/status
chromium /proc/2355/status
chromium /proc/2355/statm
ThreadPoolSingl /proc/2347/task
ThreadPoolSingl /proc/2347/task/2347/status
Chrome_IOThread /tmp/.org.chromium.Chromium.htzVlP
ThreadPoolSingl /proc/2347/task/2350/status
ThreadPoolForeg /tmp/.org.chromium.Chromium.qZQTFQ
ThreadPoolForeg /tmp/.org.chromium.Chromium.qZQTFQ
ThreadPoolSingl /proc/2347/task/2351/status
ThreadPoolSingl /proc/2347/task/2352/status
Chrome_ChildIOT /tmp/.org.chromium.Chromium.8kUVAL
Chrome_IOThread /tmp/.org.chromium.Chromium.yQHSkU
chromium .
ThreadPoolSingl /proc/2347/task/2353/status
chromium self/fd/
ThreadPoolSingl /proc/2347/task/2354/status
Chrome_ChildIOT /tmp/.org.chromium.Chromium.9YMiaf
chromium .
chromium /proc/2363/stat
ThreadPoolForeg /config/.cache/chromium/Default/Code Cache/js/f8df896ede2c8076_..
ThreadPoolSingl /proc/2347/task
ThreadPoolSingl /proc/2347/task/2347/status
ThreadPoolSingl /proc/2347/task/2350/status
ThreadPoolSingl /proc/2347/task/2351/status
ThreadPoolSingl /proc/2347/task/2352/status
ThreadPoolSingl /proc/2347/task/2353/status
ThreadPoolSingl /proc/2347/task/2354/status
ThreadPoolSingl /proc/2347/task/2364/status
ThreadPoolSingl /proc/2347/task
ThreadPoolSingl /proc/2347/task/2347/status
chromium /proc/1855/stat
ThreadPoolSingl /proc/2347/task/2350/status
ThreadPoolSingl /proc/2347/task/2351/status
ThreadPoolSingl /proc/2347/task/2352/status
ThreadPoolSingl /proc/2347/task/2353/status
ThreadPoolForeg /config/.cache/chromium/Default/Code Cache/js/58436204734fceeb_..
ThreadPoolForeg /config/.cache/chromium/Default/Cache/Cache_Data/11a721ed6690ff..
ThreadPoolForeg /config/.cache/chromium/Default/Code Cache/js/58436204734fceeb_..
ThreadPoolForeg /config/.cache/chromium/Default/Cache/Cache_Data/11a721ed6690ff..
ThreadPoolForeg /config/.cache/chromium/Default/Code Cache/js/58436204734fceeb_..
ThreadPoolForeg /config/.cache/chromium/Default/Cache/Cache_Data/11a721ed6690ff..
ThreadPoolSingl /proc/2347/task
bash /dev/null
ThreadPoolSingl /proc/2347/task/2347/status
find /etc/ld.so.cache
find /lib/x86_64-linux-gnu/libselinux.so.1
ThreadPoolForeg /config/.cache/chromium/Default/Cache/Cache_Data/a884f2dc90d042..
find /lib/x86_64-linux-gnu/libc.so.6
ThreadPoolSingl /proc/2347/task/2350/status
find /lib/x86_64-linux-gnu/libpcre2-8.so.0
Chrome_IOThread /tmp/.org.chromium.Chromium.vT0vDb
find /proc/filesystems
ThreadPoolSingl /proc/2347/task/2351/status
find .
find /usr/lib/locale/locale-archive
find /usr/lib/x86_64-linux-gnu/gconv/gconv-modules.cache
find /config/.cache
find mesa_shader_cache
ThreadPoolSingl /proc/2347/task/2352/status
find db
find 0c
find 5e
ThreadPoolSingl /proc/2347/task/2353/status
find 8a
find 59
ThreadPoolSingl /proc/2347/task/2354/status
Chrome_IOThread /tmp/.org.chromium.Chromium.oZOYj9
find dd
ThreadPoolSingl /proc/2347/task/2364/status
find 3d
find 35
ThreadPoolSingl /proc/2347/task/2365/status
Chrome_IOThread /tmp/.org.chromium.Chromium.7qRqDD
find 8d
ThreadPoolSingl /proc/2347/task
find 9a
ThreadPoolSingl /proc/2347/task/2347/status
find 80
ThreadPoolSingl /proc/2347/task/2350/status
find 33
find ea
ThreadPoolSingl /proc/2347/task/2351/status
find e1
find 3e
find 6a
ThreadPoolSingl /proc/2347/task/2352/status
find b5
find bc
find e8
ThreadPoolSingl /proc/2347/task/2353/status
find b8
ThreadPoolSingl /proc/2347/task/2354/status
find ef
find b9
find 7e
ThreadPoolSingl /proc/2347/task/2364/status
find 6e
find a2
find 71
ThreadPoolForeg /config/.cache/chromium/Default/Code Cache/js/80174e240d83450f_..
ThreadPoolSingl /proc/2347/task/2365/status
ThreadPoolForeg /config/.cache/chromium/Default/Code Cache/js/80174e240d83450f_..
find b7
ThreadPoolForeg /config/.cache/chromium/Default/Code Cache/js/80174e240d83450f_..
find 8e
ThreadPoolSingl /proc/2347/task/2366/status
find 1a
find 20
find c9
chromium /proc/1855/stat
find 26
find 4a
ThreadPoolSingl /proc/2355/task
find bd
find 62
ThreadPoolSingl /proc/2355/task/2355/status
find 21
find 2d
find 56
find 86
ThreadPoolSingl /proc/2355/task/2357/status
find 40
find ed
find 9d
find 05
find 03
find 67
ThreadPoolSingl /proc/2355/task
find 7d
find 11
ThreadPoolSingl /proc/2355/task/2355/status
find 13
find b6
find 4e
find ba
ThreadPoolSingl /proc/2355/task/2357/status
find e0
find 4f
find f7
ThreadPoolForeg /config/.cache/chromium/Default/Code Cache/js/de89252f589bddc1_..
ThreadPoolForeg /config/.cache/chromium/Default/Code Cache/js/ed5cd1b97666f673_..
ThreadPoolSingl /proc/2355/task/2358/status
find ksplash
ThreadPoolForeg /config/.cache/chromium/Default/Code Cache/js/ed5cd1b97666f673_..
find qmlcache
find qtshadercache-x86_64-little_endian-lp64
ThreadPoolForeg /config/.cache/chromium/Default/Code Cache/js/ed5cd1b97666f673_..
find plasmashell
find qmlcache
ThreadPoolSingl /proc/2355/task
ThreadPoolSingl /proc/2355/task/2355/status
ThreadPoolSingl /proc/2355/task/2357/status
ThreadPoolSingl /proc/2355/task/2358/status
chromium /proc/1855/stat
ThreadPoolSingl /proc/2355/task/2359/status
find chromium
Chrome_ChildIOT /tmp/.org.chromium.Chromium.kMaM7e
ThreadPoolSingl /proc/2355/task
find Default
find Cache
ThreadPoolSingl /proc/2355/task/2355/status
find Cache_Data
find index-dir
ThreadPoolSingl /proc/2355/task/2357/status
ThreadPoolSingl /proc/2355/task/2358/status
ThreadPoolSingl /proc/2355/task/2359/status
ThreadPoolSingl /proc/2355/task/2360/status
Chrome_IOThread /tmp/.org.chromium.Chromium.qhG3mM
ThreadPoolSingl /proc/2355/task
Chrome_IOThread /tmp/.org.chromium.Chromium.rH2JAS
ThreadPoolSingl /proc/2355/task/2355/status
ThreadPoolSingl /proc/2355/task/2357/status
ThreadPoolSingl /proc/2355/task/2358/status
find No_Vary_Search
ThreadPoolSingl /proc/2355/task/2359/status
find Code Cache
find wasm
find index-dir
ThreadPoolSingl /proc/2355/task/2360/status
find js
ThreadPoolSingl /proc/2355/task/2361/status
chromium /tmp/.org.chromium.Chromium.mjyBaE
find index-dir
chromium /tmp/.org.chromium.Chromium.mjyBaE
ThreadPoolSingl /proc/2347/task
ThreadPoolSingl /proc/2347/task/2347/status
find ..
ThreadPoolSingl /proc/2347/task/2350/status
find /config/.config
chromium /tmp/.org.chromium.Chromium.gxBoV7
find openbox
Chrome_IOThread /tmp/.org.chromium.Chromium.jgZI14
find vlc
Chrome_IOThread /tmp/.org.chromium.Chromium.jgZI14
ThreadPoolSingl /proc/2347/task/2351/status
find pulse
ThreadPoolSingl /proc/2347/task/2352/status
find autostart
find kdedefaults
ThreadPoolSingl /proc/2347/task/2353/status
find gtk-3.0
find gtk-4.0
find dconf
ThreadPoolSingl /proc/2347/task/2354/status
find xsettingsd
find kde.org
ThreadPoolSingl /proc/2347/task/2364/status
find xfce4
find xfconf
find xfce-perchannel-xml
ThreadPoolSingl /proc/2355/task
find chromium
ThreadPoolSingl /proc/2355/task/2355/status
find Crash Reports
find new
find pending
find completed
ThreadPoolSingl /proc/2355/task/2357/status
find attachments
find Default
ThreadPoolSingl /proc/2355/task/2358/status
find Sync Data
find LevelDB
ThreadPoolSingl /proc/2355/task/2359/status
chromium /proc/2363/stat
find Shared Dictionary
ThreadPoolSingl /proc/2355/task/2360/status
find cache
find index-dir
chromium /tmp/.org.chromium.Chromium.YGdLea
ThreadPoolSingl /proc/2355/task/2361/status
chromium /tmp/.org.chromium.Chromium.YGdLea
find ClientCertificates
ThreadPoolSingl /proc/2355/task/2373/status
find Site Characteristics Database
ThreadPoolSingl /proc/2355/task
ThreadPoolSingl /proc/2355/task/2355/status
find Local Storage
ThreadPoolSingl /proc/2355/task/2357/status
find leveldb
ThreadPoolSingl /proc/2355/task/2358/status
find discounts_db
ThreadPoolSingl /proc/2355/task/2359/status
find commerce_subscription_db
ThreadPoolSingl /proc/2355/task/2360/status
find chrome_cart_db
ThreadPoolSingl /proc/2355/task
find discount_infos_db
ThreadPoolForeg /config/.cache/chromium/Default/Cache/Cache_Data/6a6b85622e55e3..
ThreadPoolForeg /config/.cache/chromium/Default/Cache/Cache_Data/6a6b85622e55e3..
ThreadPoolSingl /proc/2355/task/2355/status
find parcel_tracking_db
ThreadPoolForeg /config/.cache/chromium/Default/Cache/Cache_Data/6a6b85622e55e3..
find Segmentation Platform
ThreadPoolSingl /proc/2355/task/2357/status
find SegmentInfoDB
find SignalDB
ThreadPoolSingl /proc/2355/task/2358/status
find SignalStorageConfigDB
find PersistentOriginTrials
ThreadPoolSingl /proc/2355/task/2359/status
find Extension Rules
find Extension Scripts
ThreadPoolSingl /proc/2355/task/2360/status
find shared_proto_db
find metadata
ThreadPoolSingl /proc/2355/task/2361/status
ThreadPoolSingl /proc/2355/task/2373/status
find Extension State
find Sessions
ThreadPoolSingl /proc/2355/task/2374/status
find GPUCache
find DawnWebGPUCache
find DawnGraphiteCache
ThreadPoolSingl /proc/2355/task
find Session Storage
ThreadPoolSingl /proc/2355/task/2355/status
find WebStorage
ThreadPoolSingl /proc/2355/task/2357/status
find blob_storage
find c5aec5bd-dae5-4e7d-8fdd-9ea99eaa8439
ThreadPoolSingl /proc/2355/task/2358/status
find optimization_guide_hint_cache_store
find AutofillAiModelCache
ThreadPoolSingl /proc/2355/task/2359/status
find AutofillStrikeDatabase
find BudgetDatabase
ThreadPoolSingl /proc/2355/task/2360/status
find GCM Store
find Encryption
ThreadPoolSingl /proc/2355/task/2361/status
find Feature Engagement Tracker
find AvailabilityDB
find EventDB
ThreadPoolSingl /proc/2355/task/2373/status
find NativeMessagingHosts
find component_crx_cache
find ShaderCache
ThreadPoolSingl /proc/2355/task/2374/status
find segmentation_platform
find Dictionaries
ThreadPoolSingl /proc/2355/task/2376/status
find WidevineCdm
find Subresource Filter
find Unindexed Rules
find OnDeviceHeadSuggestModel
find OptimizationHints
find TrustTokenKeyCommitments
find PrivacySandboxAttestationsPreloaded
chromium /proc/2363/stat
find SSLErrorAssistant
find FileTypePolicies
find OriginTrials
find CertificateRevocation
chromium /proc/2363/status
find MEIPreload
find PKIMetadata
find SafetyTips
find Crowd Deny
find hyphen-data
find ZxcvbnData
chromium /proc/2363/status
chromium /proc/2363/statm
find ActorSafetyLists
find AmountExtractionHeuristicRegexes
find WasmTtsEngine
find CaptchaProviders
find GrShaderCache
ThreadPoolForeg /tmp/.org.chromium.Chromium.oqlS53
ThreadPoolForeg /tmp/.org.chromium.Chromium.oqlS53
find GraphiteDawnCache
find FirstPartySetsPreloaded
find extensions_crx_cache
ThreadPoolSingl /tmp/.org.chromium.Chromium.B7j8Nz
find ..
find /config/.local
find bin
find share
find kactivitymanagerd
ThreadPoolSingl /proc/2355/task
find resources
find test-backup
ThreadPoolSingl /proc/2355/task/2355/status
find working-backup
ThreadPoolSingl /proc/2355/task/2357/status
chromium /proc/2347/stat
find baloo
ThreadPoolSingl /proc/2355/task/2358/status
find pki
ThreadPoolSingl /proc/2355/task/2359/status
find nssdb
ThreadPoolSingl /proc/2355/task/2360/status
chromium /proc/2347/stat
ThreadPoolSingl /proc/2355/task/2361/status
sleep /etc/ld.so.cache
ThreadPoolSingl /proc/2355/task/2373/status
sleep /lib/x86_64-linux-gnu/libc.so.6
sleep /usr/lib/locale/locale-archive
sleep /usr/share/locale/locale.alias
sleep /usr/share/locale/en_US/LC_MESSAGES/coreutils.mo
sleep /usr/share/locale/en/LC_MESSAGES/coreutils.mo
ThreadPoolSingl /proc/2363/task
sleep /usr/share/locale-langpack/en_US/LC_MESSAGES/coreutils.mo
sleep /usr/share/locale-langpack/en/LC_MESSAGES/coreutils.mo
ThreadPoolSingl /proc/2363/task/2363/status
ThreadPoolSingl /proc/2363/task/2369/status
chromium /proc/self/maps
ThreadPoolSingl /proc/2363/task
ThreadPoolSingl /proc/2363/task/2363/status
ThreadPoolSingl /proc/2363/task/2369/status
Chrome_ChildIOT /tmp/.org.chromium.Chromium.K8FkKf
ThreadPoolSingl /proc/2363/task/2370/status
ThreadPoolSingl /proc/2363/task
ThreadPoolSingl /proc/2363/task/2363/status
ThreadPoolSingl /proc/2363/task/2369/status
chromium /proc/self/maps
ThreadPoolSingl /proc/2363/task/2370/status
chromium /proc/self/maps
ThreadPoolSingl /proc/2363/task/2371/status
ThreadPoolSingl /proc/2363/task
ThreadPoolSingl /proc/2363/task/2363/status
ThreadPoolSingl /proc/2363/task/2369/status
ThreadPoolSingl /proc/2363/task/2370/status
ThreadPoolSingl /proc/2363/task/2371/status
Chrome_ChildIOT /tmp/.org.chromium.Chromium.tYZrte
Chrome_ChildIOT /tmp/.org.chromium.Chromium.tYZrte
ThreadPoolSingl /proc/2363/task/2372/status
ThreadPoolSingl /proc/2363/task
Chrome_IOThread /tmp/.org.chromium.Chromium.Cuwmfq
ThreadPoolSingl /proc/2363/task/2363/status
chromium .
chromium self/fd/
ThreadPoolSingl /proc/2363/task/2369/status
ThreadPoolSingl /proc/2363/task/2370/status
ThreadPoolSingl /proc/2363/task/2371/status
Chrome_IOThread /tmp/.org.chromium.Chromium.wQphTs
ThreadPoolSingl /proc/2363/task/2372/status
ThreadPoolSingl /proc/2363/task/2375/status
chromium .
ThreadPoolSingl /proc/2363/task
ThreadPoolSingl /proc/2363/task/2363/status
Chrome_IOThread /tmp/.org.chromium.Chromium.VihEO1
ThreadPoolSingl /proc/2363/task/2369/status
Chrome_IOThread /tmp/.org.chromium.Chromium.XsoWSM
ThreadPoolSingl /proc/2363/task/2370/status
ThreadPoolSingl /proc/2363/task/2371/status
ThreadPoolSingl /proc/2363/task/2372/status
ThreadPoolSingl /proc/2363/task/2375/status
ThreadPoolSingl /proc/2363/task/2381/status
ThreadPoolSingl /proc/2363/task
ThreadPoolSingl /proc/2363/task/2363/status
ThreadPoolSingl /proc/2363/task/2369/status
ThreadPoolSingl /proc/2363/task/2370/status
ThreadPoolSingl /proc/2363/task/2371/status
ThreadPoolSingl /proc/2363/task/2372/status
ThreadPoolSingl /proc/2363/task
ThreadPoolSingl /proc/2363/task/2363/status
ThreadPoolSingl /proc/2363/task/2369/status
ThreadPoolSingl /proc/2363/task/2370/status
ThreadPoolSingl /proc/2363/task/2371/status
ThreadPoolSingl /proc/2363/task/2372/status
ThreadPoolSingl /proc/2363/task/2375/status
ThreadPoolSingl /proc/2363/task/2381/status
ThreadPoolSingl /proc/2363/task/2382/status
ThreadPoolSingl /proc/2363/task
ThreadPoolSingl /proc/2363/task/2363/status
ThreadPoolSingl /proc/2363/task/2369/status
ThreadPoolSingl /proc/2363/task/2370/status
ThreadPoolSingl /proc/2363/task/2371/status
ThreadPoolSingl /proc/2363/task/2372/status
Chrome_IOThread /tmp/.org.chromium.Chromium.Mtiawh
ThreadPoolSingl /proc/2363/task/2375/status
ThreadPoolSingl /proc/2363/task/2381/status
ThreadPoolSingl /proc/2363/task/2382/status
ThreadPoolSingl /proc/2363/task/2383/status
xclip /etc/ld.so.cache
xclip /lib/x86_64-linux-gnu/libXmu.so.6
xclip /lib/x86_64-linux-gnu/libX11.so.6
xclip /lib/x86_64-linux-gnu/libc.so.6
xclip /lib/x86_64-linux-gnu/libXt.so.6
xclip /lib/x86_64-linux-gnu/libXext.so.6
xclip /lib/x86_64-linux-gnu/libxcb.so.1
xclip /lib/x86_64-linux-gnu/libSM.so.6
ThreadPoolSingl /proc/2363/task
xclip /lib/x86_64-linux-gnu/libICE.so.6
xclip /lib/x86_64-linux-gnu/libXau.so.6
xclip /lib/x86_64-linux-gnu/libXdmcp.so.6
xclip /lib/x86_64-linux-gnu/libuuid.so.1
ThreadPoolSingl /proc/2363/task/2363/status
xclip /lib/x86_64-linux-gnu/libbsd.so.0
xclip /lib/x86_64-linux-gnu/libmd.so.0
ThreadPoolSingl /proc/2363/task/2369/status
xclip /usr/share/X11/locale/locale.alias
ThreadPoolSingl /proc/2363/task/2370/status
xclip /usr/share/X11/locale/locale.dir
xclip /usr/share/X11/locale/C/XLC_LOCALE
xclip /usr/share/X11/locale/locale.alias
ThreadPoolSingl /proc/2363/task/2371/status
xclip /usr/share/X11/locale/locale.dir
xclip /usr/share/X11/locale/C/XLC_LOCALE
ThreadPoolSingl /proc/2363/task/2372/status
Xvfb /proc/2395/cmdline
ThreadPoolSingl /proc/2363/task/2375/status
ThreadPoolSingl /proc/2363/task/2381/status
chromium /proc/2385/stat
Chrome_IOThread /tmp/.org.chromium.Chromium.BFNpOx
Chrome_IOThread /tmp/.org.chromium.Chromium.XDql7K
Chrome_IOThread /tmp/.org.chromium.Chromium.XDql7K
ThreadPoolSingl /tmp/.org.chromium.Chromium.JbALnC
ThreadPoolSingl /tmp/.org.chromium.Chromium.JbALnC
ThreadPoolForeg /config/.cache/chromium/Default/Code Cache/js/bba1f667828369f3_..
ThreadPoolForeg /config/.cache/chromium/Default/Code Cache/js/1dcda17f8007eb28_..
ThreadPoolForeg /config/.cache/chromium/Default/Cache/Cache_Data/0e683edf09610d..
ThreadPoolForeg /config/.cache/chromium/Default/Code Cache/js/1dcda17f8007eb28_..
ThreadPoolForeg /config/.cache/chromium/Default/Code Cache/js/1dcda17f8007eb28_..
chromium /proc/2363/stat
chromium /proc/2363/stat
ThreadPoolForeg /config/.cache/chromium/Default/Cache/Cache_Data/f73c7b3804d150..
ThreadPoolForeg /config/.cache/chromium/Default/Cache/Cache_Data/b10c96a4bb692f..
chromium /proc/2385/stat
chromium /proc/2385/status
Chrome_IOThread /tmp/.org.chromium.Chromium.BDpC2z
Chrome_IOThread /tmp/.org.chromium.Chromium.BDpC2z
chromium /proc/2385/status
chromium /proc/2385/statm
ThreadPoolForeg /tmp/.org.chromium.Chromium.WFDdQj
ThreadPoolSingl /tmp/.org.chromium.Chromium.rIeC5E
ThreadPoolForeg /tmp/.org.chromium.Chromium.WFDdQj
ThreadPoolSingl /tmp/.org.chromium.Chromium.rIeC5E
ThreadPoolForeg /config/.cache/chromium/Default/Code Cache/js/9d5e865411ccf70e_..
ThreadPoolForeg /config/.cache/chromium/Default/Code Cache/js/88db3831fd86c8e2_..
ThreadPoolForeg /config/.cache/chromium/Default/Code Cache/js/88db3831fd86c8e2_..
ThreadPoolForeg /config/.cache/chromium/Default/Code Cache/js/88db3831fd86c8e2_..
ThreadPoolSingl /proc/2385/task
ThreadPoolSingl /proc/2385/task/2385/status
ThreadPoolSingl /proc/2385/task/2389/status
ThreadPoolSingl /proc/2385/task
ThreadPoolSingl /proc/2385/task/2385/status
ThreadPoolSingl /proc/2385/task/2389/status
ThreadPoolSingl /proc/2385/task/2390/status
ThreadPoolSingl /proc/2385/task
ThreadPoolSingl /proc/2385/task/2385/status
ThreadPoolSingl /proc/2385/task/2389/status
ThreadPoolSingl /proc/2385/task/2390/status
ThreadPoolSingl /proc/2385/task/2391/status
ThreadPoolSingl /proc/2385/task
ThreadPoolForeg /config/.cache/chromium/Default/Code Cache/js/21ec2b7919fc02e8_..
ThreadPoolForeg /config/.cache/chromium/Default/Code Cache/js/2929e6d6d78183e2_..
ThreadPoolForeg /config/.cache/chromium/Default/Code Cache/js/2929e6d6d78183e2_..
ThreadPoolSingl /proc/2385/task/2385/status
ThreadPoolForeg /config/.cache/chromium/Default/Code Cache/js/2929e6d6d78183e2_..
ThreadPoolSingl /proc/2385/task/2389/status
ThreadPoolSingl /proc/2385/task/2390/status
ThreadPoolSingl /proc/2385/task/2391/status
ThreadPoolSingl /proc/2385/task/2392/status
ThreadPoolSingl /proc/2385/task
ThreadPoolSingl /proc/2385/task/2385/status
ThreadPoolSingl /proc/2385/task/2389/status
ThreadPoolSingl /proc/2385/task/2390/status
ThreadPoolSingl /proc/2385/task/2391/status
Chrome_IOThread /tmp/.org.chromium.Chromium.hYbj6l
ThreadPoolSingl /proc/2385/task/2392/status
Chrome_IOThread /tmp/.org.chromium.Chromium.hYbj6l
ThreadPoolSingl /proc/2385/task/2393/status
ThreadPoolSingl /proc/2385/task
ThreadPoolSingl /proc/2385/task/2385/status
ThreadPoolSingl /tmp/.org.chromium.Chromium.zfxG6U
ThreadPoolSingl /tmp/.org.chromium.Chromium.zfxG6U
ThreadPoolSingl /proc/2385/task/2389/status
ThreadPoolSingl /proc/2385/task/2390/status
Chrome_ChildIOT /tmp/.org.chromium.Chromium.nzlhDa
ThreadPoolSingl /proc/2385/task/2391/status
ThreadPoolForeg /config/.cache/chromium/Default/Code Cache/js/d94ffe17245fe9d2_..
ThreadPoolSingl /proc/2385/task/2392/status
ThreadPoolForeg /config/.cache/chromium/Default/Code Cache/js/3ca500a13c23551b_..
ThreadPoolForeg /config/.cache/chromium/Default/Code Cache/js/3ca500a13c23551b_..
ThreadPoolForeg /config/.cache/chromium/Default/Code Cache/js/3ca500a13c23551b_..
ThreadPoolSingl /proc/2385/task/2393/status
ThreadPoolSingl /proc/2385/task/2397/status
ThreadPoolSingl /proc/2385/task
ThreadPoolSingl /proc/2385/task/2385/status
ThreadPoolSingl /proc/2385/task/2389/status
ThreadPoolSingl /proc/2385/task/2390/status
ThreadPoolSingl /proc/2385/task/2391/status
Chrome_ChildIOT /tmp/.org.chromium.Chromium.GisCQk
ThreadPoolSingl /proc/2385/task/2392/status
ThreadPoolForeg /config/.cache/chromium/Default/Code Cache/js/50240e787c705604_..
ThreadPoolForeg /config/.cache/chromium/Default/Code Cache/js/58436204734fceeb_..
ThreadPoolSingl /proc/2385/task
ThreadPoolSingl /proc/2385/task/2385/status
chromium /proc/2347/stat
ThreadPoolSingl /proc/2385/task/2389/status
ThreadPoolSingl /proc/2385/task/2390/status
ThreadPoolForeg /config/.cache/chromium/Default/Cache/Cache_Data/4aea4d50c5b402..
ThreadPoolSingl /proc/2385/task/2391/status
ThreadPoolSingl /proc/2385/task/2392/status
ThreadPoolSingl /proc/2385/task/2393/status
chromium /proc/1855/stat
ThreadPoolForeg /config/.cache/chromium/Default/Cache/Cache_Data/70bba0b382712f..
ThreadPoolForeg /config/.cache/chromium/Default/Cache/Cache_Data/70bba0b382712f..
ThreadPoolSingl /proc/2385/task/2397/status
ThreadPoolForeg /config/.cache/chromium/Default/Cache/Cache_Data/70bba0b382712f..
ThreadPoolSingl /proc/2385/task/2398/status
ThreadPoolSingl /proc/2385/task
Chrome_ChildIOT /tmp/.org.chromium.Chromium.88GVPL
ThreadPoolSingl /proc/2385/task/2385/status
ThreadPoolSingl /proc/2385/task/2389/status
ThreadPoolSingl /proc/2385/task/2390/status
ThreadPoolSingl /proc/2385/task/2391/status
Chrome_IOThread /tmp/.org.chromium.Chromium.UkD72G
ThreadPoolSingl /proc/2385/task/2392/status
ThreadPoolSingl /proc/2385/task/2393/status
ThreadPoolSingl /proc/2385/task/2397/status
ThreadPoolSingl /proc/2385/task/2398/status
ThreadPoolSingl /proc/2385/task/2400/status
chromium /proc/2363/stat
ThreadPoolSingl /proc/2385/task
ThreadPoolSingl /proc/2385/task/2385/status
ThreadPoolSingl /proc/2385/task/2389/status
ThreadPoolSingl /proc/2385/task/2390/status
Chrome_ChildIOT /tmp/.org.chromium.Chromium.xePywe
ThreadPoolSingl /proc/2385/task/2391/status
ThreadPoolSingl /proc/2385/task/2392/status
ThreadPoolSingl /proc/2385/task/2393/status
chromium /tmp/.org.chromium.Chromium.f2nHaJ
chromium /tmp/.org.chromium.Chromium.f2nHaJ
ThreadPoolSingl /proc/2385/task/2397/status
bash /dev/null
find /etc/ld.so.cache
find /lib/x86_64-linux-gnu/libselinux.so.1
find /lib/x86_64-linux-gnu/libc.so.6
find /lib/x86_64-linux-gnu/libpcre2-8.so.0
Chrome_ChildIOT /tmp/.org.chromium.Chromium.KdVahY
Chrome_ChildIOT /tmp/.org.chromium.Chromium.KdVahY
find /proc/filesystems
find .
find /usr/lib/locale/locale-archive
find /usr/lib/x86_64-linux-gnu/gconv/gconv-modules.cache
Chrome_IOThread /tmp/.org.chromium.Chromium.1OCbQn
chromium /proc/1855/stat
find /config/.cache
find mesa_shader_cache
Chrome_ChildIOT /tmp/.org.chromium.Chromium.bTJEHA
find db
find 0c
find 5e
Chrome_IOThread /tmp/.org.chromium.Chromium.PCVpT2
find 8a
find 59
find dd
find 3d
find 35
find 8d
find 9a
find 80
find 33
find ea
find e1
Chrome_IOThread /tmp/.org.chromium.Chromium.RYs2fY
find 3e
find 6a
find b5
find bc
find e8
find b8
Chrome_ChildIOT /tmp/.org.chromium.Chromium.zWbcYE
Chrome_ChildIOT /tmp/.org.chromium.Chromium.zWbcYE
find ef
find b9
find 7e
find 6e
find a2
find 71
find b7
find 8e
find 1a
Chrome_ChildIOT /tmp/.org.chromium.Chromium.S83iJ9
find 20
find c9
find 26
find 4a
find bd
find 62
find 21
find 2d
find 56
find 86
find 40
find ed
find 9d
find 05
find 03
find 67
find 7d
find 11
Chrome_ChildIOT /tmp/.org.chromium.Chromium.VdcEKk
find 13
find b6
find 4e
Chrome_IOThread /tmp/.org.chromium.Chromium.SL6wqq
find ba
find e0
find 4f
find f7
find ksplash
find qmlcache
find qtshadercache-x86_64-little_endian-lp64
find plasmashell
find qmlcache
Chrome_IOThread /tmp/.org.chromium.Chromium.So696u
ThreadPoolForeg /config/.cache/chromium/Default/Cache/Cache_Data/70940a0636a68a..
find chromium
find Default
find Cache
find Cache_Data
find index-dir
ThreadPoolForeg /config/.cache/chromium/Default/Cache/Cache_Data/ebb0caf4ee057d..
ThreadPoolForeg /config/.cache/chromium/Default/Code Cache/js/6cbda169b0a78a81_..
find No_Vary_Search
find Code Cache
find wasm
find index-dir
find js
find index-dir
ThreadPoolForeg /config/.cache/chromium/Default/Cache/Cache_Data/e5c845cfd826c6..
find ..
find /config/.config
ThreadPoolForeg /config/.cache/chromium/Default/Cache/Cache_Data/4ff4a1ac4c0627..
find openbox
find vlc
find pulse
find autostart
ThreadPoolForeg /config/.cache/chromium/Default/Cache/Cache_Data/5a780ae0d1211c..
find kdedefaults
find gtk-3.0
find gtk-4.0
find dconf
find xsettingsd
find kde.org
ThreadPoolForeg /config/.cache/chromium/Default/Cache/Cache_Data/015ada4c503afe..
find xfce4
find xfconf
find xfce-perchannel-xml
find chromium
find Crash Reports
find new
find pending
find completed
find attachments
find Default
find Sync Data
find LevelDB
find Shared Dictionary
find cache
find index-dir
ThreadPoolForeg /config/.cache/chromium/Default/Cache/Cache_Data/2840ef6e6cbae4..
find ClientCertificates
find Site Characteristics Database
find Local Storage
find leveldb
ThreadPoolForeg /config/.cache/chromium/Default/Cache/Cache_Data/2e34cdb6c63d98..
find discounts_db
ThreadPoolForeg /config/.cache/chromium/Default/Cache/Cache_Data/8ce63dc04fab89..
find commerce_subscription_db
find chrome_cart_db
find discount_infos_db
find parcel_tracking_db
find Segmentation Platform
ThreadPoolForeg /config/.cache/chromium/Default/Cache/Cache_Data/fa5c84b291e98c..
find SegmentInfoDB
find SignalDB
find SignalStorageConfigDB
find PersistentOriginTrials
find Extension Rules
chromium /proc/2355/stat
ThreadPoolForeg /config/.cache/chromium/Default/Cache/Cache_Data/6f6bfba9819979..
find Extension Scripts
find shared_proto_db
find metadata
find Extension State
chromium /proc/2355/stat
find Sessions
find GPUCache
find DawnWebGPUCache
find DawnGraphiteCache
ThreadPoolForeg /config/.cache/chromium/Default/Cache/Cache_Data/91852e2edb4a2b..
find Session Storage
find WebStorage
find blob_storage
find c5aec5bd-dae5-4e7d-8fdd-9ea99eaa8439
find optimization_guide_hint_cache_store
find AutofillAiModelCache
find AutofillStrikeDatabase
find BudgetDatabase
find GCM Store
find Encryption
find Feature Engagement Tracker
find AvailabilityDB
find EventDB
find NativeMessagingHosts
find component_crx_cache
find ShaderCache
find segmentation_platform
find Dictionaries
find WidevineCdm
find Subresource Filter
find Unindexed Rules
find OnDeviceHeadSuggestModel
find OptimizationHints
find TrustTokenKeyCommitments
find PrivacySandboxAttestationsPreloaded
find SSLErrorAssistant
find FileTypePolicies
find OriginTrials
find CertificateRevocation
find MEIPreload
find PKIMetadata
chromium /proc/2320/stat
find SafetyTips
find Crowd Deny
find hyphen-data
find ZxcvbnData
find ActorSafetyLists
chromium /proc/2320/stat
find AmountExtractionHeuristicRegexes
find WasmTtsEngine
find CaptchaProviders
find GrShaderCache
find GraphiteDawnCache
find FirstPartySetsPreloaded
find extensions_crx_cache
find ..
find /config/.local
find bin
find share
find kactivitymanagerd
find resources
find test-backup
find working-backup
find baloo
find pki
find nssdb
sleep /etc/ld.so.cache
sleep /lib/x86_64-linux-gnu/libc.so.6
sleep /usr/lib/locale/locale-archive
sleep /usr/share/locale/locale.alias
sleep /usr/share/locale/en_US/LC_MESSAGES/coreutils.mo
sleep /usr/share/locale/en/LC_MESSAGES/coreutils.mo
sleep /usr/share/locale-langpack/en_US/LC_MESSAGES/coreutils.mo
sleep /usr/share/locale-langpack/en/LC_MESSAGES/coreutils.mo
Chrome_IOThread /tmp/.org.chromium.Chromium.lmzt8M
ThreadPoolForeg /config/.cache/chromium/Default/Cache/Cache_Data/f07b15d06737d2..
Chrome_IOThread /tmp/.org.chromium.Chromium.WpTOkO
chromium /proc/2355/stat
ThreadPoolForeg /config/.cache/chromium/Default/Cache/Cache_Data/f6c0c7c6a72739..
ThreadPoolForeg /config/.cache/chromium/Default/Cache/Cache_Data/0e683edf09610d..
ThreadPoolForeg /config/.cache/chromium/Default/Cache/Cache_Data/0e683edf09610d..
ThreadPoolForeg /config/.cache/chromium/Default/Cache/Cache_Data/0e683edf09610d..
ThreadPoolForeg /config/.cache/chromium/Default/Cache/Cache_Data/528906c63cee61..
Chrome_ChildIOT /tmp/.org.chromium.Chromium.By5bAZ
chromium /proc/1855/stat
ThreadPoolForeg /config/.cache/chromium/Default/Code Cache/js/6cbda169b0a78a81_..
chromium /proc/2320/stat
ThreadPoolForeg /config/.cache/chromium/Default/Code Cache/js/6cbda169b0a78a81_..
ThreadPoolForeg /config/.cache/chromium/Default/Code Cache/js/6cbda169b0a78a81_..
chromium /proc/1855/stat
chromium /proc/2355/stat
ThreadPoolForeg /config/.cache/chromium/Default/Cache/Cache_Data/ffde9cd23bd29b..
ThreadPoolForeg /config/.cache/chromium/Default/Cache/Cache_Data/7b08d504f57b64..
chromium /proc/2355/stat
chromium /proc/2355/stat
Chrome_ChildIOT /tmp/.org.chromium.Chromium.XsCpaq
ThreadPoolForeg /config/.cache/chromium/Default/Cache/Cache_Data/de9bc54d45af07..
Chrome_ChildIOT /tmp/.org.chromium.Chromium.YTgOrT
chromium /proc/1855/stat
ThreadPoolForeg /config/.cache/chromium/Default/Cache/Cache_Data/1ae679ca08f959..
ThreadPoolForeg /config/.cache/chromium/Default/Cache/Cache_Data/a3454a2f261f6a..
chromium /tmp/.org.chromium.Chromium.2iIIBl
chromium /tmp/.org.chromium.Chromium.2iIIBl
chromium /tmp/.org.chromium.Chromium.6kgCk7
Chrome_IOThread /tmp/.org.chromium.Chromium.ySJhtf
Chrome_IOThread /tmp/.org.chromium.Chromium.ySJhtf
chromium /proc/2385/stat
ThreadPoolSingl /tmp/.org.chromium.Chromium.18fzPz
ThreadPoolForeg /config/.cache/chromium/Default/Cache/Cache_Data/7756e28e648a49..
chromium /proc/self/maps
ThreadPoolForeg /config/.cache/chromium/Default/Cache/Cache_Data/93d2ddf0bc91d5..
chromium /proc/self/maps
chromium /proc/self/maps
chromium .
chromium self/fd/
Chrome_IOThread /tmp/.org.chromium.Chromium.HjAk63
Chrome_ChildIOT /tmp/.org.chromium.Chromium.lS3c7X
Chrome_IOThread /tmp/.org.chromium.Chromium.JkA4SH
chromium .
bash /dev/null
find /etc/ld.so.cache
find /lib/x86_64-linux-gnu/libselinux.so.1
find /lib/x86_64-linux-gnu/libc.so.6
find /lib/x86_64-linux-gnu/libpcre2-8.so.0
find /proc/filesystems
find .
find /usr/lib/locale/locale-archive
find /usr/lib/x86_64-linux-gnu/gconv/gconv-modules.cache
find /config/.cache
find mesa_shader_cache
find db
ThreadPoolForeg /config/.cache/chromium/Default/Cache/Cache_Data/1dffcf0184d14f..
find 0c
find 5e
find 8a
find 59
find dd
find 3d
find 35
find 8d
find 9a
find 80
find 33
find ea
find e1
find 3e
find 6a
find b5
find bc
find e8
find b8
find ef
find b9
find 7e
find 6e
find a2
find 71
find b7
chromium /proc/2413/stat
find 8e
find 1a
find 20
find c9
find 26
find 4a
find bd
find 62
find 21
find 2d
find 56
find 86
find 40
find ed
find 9d
find 05
find 03
find 67
find 7d
find 11
find 13
find b6
find 4e
find ba
find e0
find 4f
find f7
find ksplash
find qmlcache
find qtshadercache-x86_64-little_endian-lp64
find plasmashell
find qmlcache
ThreadPoolForeg /config/.cache/chromium/Default/Cache/Cache_Data/7b5020f321611e..
ThreadPoolForeg /config/.cache/chromium/Default/Cache/Cache_Data/a4f76b04338456..
ThreadPoolForeg /config/.cache/chromium/Default/Cache/Cache_Data/8c14cdf3acd6bc..
ThreadPoolForeg /config/.cache/chromium/Default/Cache/Cache_Data/c3a834ce15bb6e..
find chromium
find Default
find Cache
find Cache_Data
ThreadPoolForeg /config/.cache/chromium/Default/Cache/Cache_Data/8b11fdf5428fb2..
find index-dir
chromium /proc/2413/stat
chromium /proc/2413/status
chromium /proc/2413/status
chromium /proc/2413/statm
ThreadPoolForeg /tmp/.org.chromium.Chromium.8ELLcd
ThreadPoolForeg /tmp/.org.chromium.Chromium.8ELLcd
find No_Vary_Search
find Code Cache
find wasm
find index-dir
find js
find index-dir
find ..
find /config/.config
find openbox
find vlc
find pulse
chromium /tmp/.org.chromium.Chromium.BwChaw
chromium /tmp/.org.chromium.Chromium.BwChaw
find autostart
find kdedefaults
find gtk-3.0
find gtk-4.0
find dconf
find xsettingsd
find kde.org
find xfce4
Chrome_ChildIOT /tmp/.org.chromium.Chromium.mQvAuk
find xfconf
Chrome_IOThread /tmp/.org.chromium.Chromium.C2W8GW
find xfce-perchannel-xml
find chromium
find Crash Reports
find new
find pending
find completed
find attachments
find Default
find Sync Data
find LevelDB
find Shared Dictionary
find cache
find index-dir
find ClientCertificates
find Site Characteristics Database
ThreadPoolSingl /proc/2413/task
find Local Storage
find leveldb
ThreadPoolSingl /proc/2413/task/2413/status
find discounts_db
ThreadPoolSingl /proc/2413/task/2416/status
find commerce_subscription_db
find chrome_cart_db
ThreadPoolSingl /proc/2413/task
ThreadPoolForeg /config/.cache/chromium/Default/Cache/Cache_Data/faa6d378137bb9..
find discount_infos_db
ThreadPoolSingl /proc/2413/task/2413/status
find parcel_tracking_db
find Segmentation Platform
find SegmentInfoDB
ThreadPoolSingl /proc/2413/task/2416/status
find SignalDB
find SignalStorageConfigDB
ThreadPoolSingl /proc/2413/task/2417/status
find PersistentOriginTrials
find Extension Rules
ThreadPoolSingl /proc/2413/task
find Extension Scripts
ThreadPoolSingl /proc/2413/task/2413/status
find shared_proto_db
find metadata
ThreadPoolSingl /proc/2413/task/2416/status
find Extension State
find Sessions
ThreadPoolSingl /proc/2413/task/2417/status
find GPUCache
ThreadPoolForeg /config/.cache/chromium/Default/Cache/Cache_Data/f01f319413404b..
ThreadPoolSingl /proc/2413/task/2418/status
find DawnWebGPUCache
find DawnGraphiteCache
find Session Storage
ThreadPoolSingl /proc/2413/task
find WebStorage
ThreadPoolSingl /proc/2413/task/2413/status
find blob_storage
find c5aec5bd-dae5-4e7d-8fdd-9ea99eaa8439
find optimization_guide_hint_cache_store
ThreadPoolSingl /proc/2413/task/2416/status
find AutofillAiModelCache
find AutofillStrikeDatabase
ThreadPoolSingl /proc/2413/task/2417/status
find BudgetDatabase
find GCM Store
ThreadPoolSingl /proc/2413/task/2418/status
find Encryption
find Feature Engagement Tracker
find AvailabilityDB
ThreadPoolSingl /proc/2413/task/2419/status
find EventDB
find NativeMessagingHosts
find component_crx_cache
find ShaderCache
find segmentation_platform
ThreadPoolSingl /proc/2413/task
find Dictionaries
Chrome_ChildIOT /tmp/.org.chromium.Chromium.ShL1Mu
find WidevineCdm
ThreadPoolSingl /proc/2413/task/2413/status
find Subresource Filter
find Unindexed Rules
find OnDeviceHeadSuggestModel
find OptimizationHints
ThreadPoolSingl /proc/2413/task/2416/status
find TrustTokenKeyCommitments
find PrivacySandboxAttestationsPreloaded
find SSLErrorAssistant
find FileTypePolicies
ThreadPoolSingl /proc/2413/task/2417/status
find OriginTrials
find CertificateRevocation
find MEIPreload
ThreadPoolSingl /proc/2413/task/2418/status
find PKIMetadata
find SafetyTips
find Crowd Deny
find hyphen-data
Chrome_ChildIOT /tmp/.org.chromium.Chromium.pfbSNt
find ZxcvbnData
ThreadPoolSingl /proc/2413/task/2419/status
find ActorSafetyLists
find AmountExtractionHeuristicRegexes
ThreadPoolSingl /proc/2413/task/2421/status
find WasmTtsEngine
find CaptchaProviders
find GrShaderCache
ThreadPoolSingl /proc/2413/task
ThreadPoolSingl /proc/2413/task/2413/status
find GraphiteDawnCache
ThreadPoolSingl /proc/2413/task/2416/status
find FirstPartySetsPreloaded
find extensions_crx_cache
ThreadPoolSingl /proc/2413/task/2417/status
find ..
find /config/.local
find bin
ThreadPoolSingl /proc/2413/task/2418/status
find share
ThreadPoolSingl /proc/2413/task/2419/status
Chrome_ChildIOT /tmp/.org.chromium.Chromium.Bx78eH
find kactivitymanagerd
find resources
find test-backup
find working-backup
ThreadPoolSingl /proc/2413/task/2421/status
find baloo
find pki
find nssdb
ThreadPoolSingl /proc/2413/task/2424/status
ThreadPoolSingl /proc/2413/task
ThreadPoolSingl /proc/2413/task/2413/status
ThreadPoolSingl /proc/2413/task/2416/status
sleep /etc/ld.so.cache
sleep /lib/x86_64-linux-gnu/libc.so.6
ThreadPoolSingl /proc/2413/task/2417/status
sleep /usr/lib/locale/locale-archive
sleep /usr/share/locale/locale.alias
ThreadPoolSingl /proc/2413/task/2418/status
sleep /usr/share/locale/en_US/LC_MESSAGES/coreutils.mo
sleep /usr/share/locale/en/LC_MESSAGES/coreutils.mo
sleep /usr/share/locale-langpack/en_US/LC_MESSAGES/coreutils.mo
sleep /usr/share/locale-langpack/en/LC_MESSAGES/coreutils.mo
ThreadPoolSingl /proc/2413/task/2419/status
ThreadPoolSingl /proc/2413/task
Chrome_ChildIOT /tmp/.org.chromium.Chromium.bLtnz3
ThreadPoolSingl /proc/2413/task/2413/status
ThreadPoolSingl /proc/2413/task/2416/status
ThreadPoolSingl /proc/2413/task/2417/status
ThreadPoolSingl /proc/2413/task/2418/status
ThreadPoolSingl /proc/2413/task/2419/status
ThreadPoolSingl /proc/2413/task/2421/status
ThreadPoolSingl /proc/2413/task/2424/status
ThreadPoolSingl /proc/2413/task/2425/status
Chrome_IOThread /tmp/.org.chromium.Chromium.Z8JKcd
ThreadPoolForeg /config/.cache/chromium/Default/Cache/Cache_Data/1a1da171a023a9..
ThreadPoolSingl /proc/2413/task
ThreadPoolSingl /proc/2413/task/2413/status
ThreadPoolSingl /proc/2413/task/2416/status
ThreadPoolSingl /proc/2413/task/2417/status
ThreadPoolSingl /proc/2413/task/2418/status
ThreadPoolSingl /proc/2413/task/2419/status
Chrome_ChildIOT /tmp/.org.chromium.Chromium.rOo9Bc
Chrome_ChildIOT /tmp/.org.chromium.Chromium.rOo9Bc
ThreadPoolSingl /proc/2413/task/2421/status
Chrome_IOThread /tmp/.org.chromium.Chromium.7ahUFx
ThreadPoolSingl /proc/2413/task/2424/status
ThreadPoolSingl /proc/2413/task/2425/status
ThreadPoolSingl /proc/2413/task/2426/status
Chrome_IOThread /tmp/.org.chromium.Chromium.LILxC6
ThreadPoolSingl /proc/2413/task
ThreadPoolSingl /proc/2413/task/2413/status
ThreadPoolSingl /proc/2413/task/2416/status
ThreadPoolSingl /proc/2413/task/2417/status
ThreadPoolSingl /proc/2413/task/2418/status
ThreadPoolSingl /proc/2413/task/2419/status
ThreadPoolSingl /proc/2413/task/2421/status
ThreadPoolSingl /proc/2413/task/2424/status
chromium /proc/2385/stat
ThreadPoolForeg /config/.cache/chromium/Default/Cache/Cache_Data/7b0a0098f5275f..
ThreadPoolForeg /config/.cache/chromium/Default/Cache/Cache_Data/8f5d1f1e3b55dd..
chromium /proc/2385/stat
ThreadPoolForeg /config/.cache/chromium/Default/Cache/Cache_Data/ff82162efb7064..
ThreadPoolForeg /config/.cache/chromium/Default/Cache/Cache_Data/5e1e9511f19acb..
ThreadPoolForeg /config/.cache/chromium/Default/Cache/Cache_Data/5eeede4c4b3bff..
ThreadPoolForeg /config/.cache/chromium/Default/Cache/Cache_Data/924d82526ca0c6..
ThreadPoolForeg /config/.cache/chromium/Default/Cache/Cache_Data/d3c74bc1b8ed38..
chromium /proc/2385/stat
ThreadPoolForeg /config/.cache/chromium/Default/Cache/Cache_Data/a0d07bce737a01..
chromium /proc/1855/stat
ThreadPoolForeg /config/.cache/chromium/Default/Cache/Cache_Data/72bcc2b21c4dbb..
ThreadPoolForeg /config/.cache/chromium/Default/Cache/Cache_Data/5eb1a5754fa587..
ThreadPoolForeg /config/.cache/chromium/Default/Cache/Cache_Data/d4d98059fd211b..
Chrome_IOThread /tmp/.org.chromium.Chromium.opvh6F
ThreadPoolForeg /config/.cache/chromium/Default/Cache/Cache_Data/085d936220f1bc..
Chrome_ChildIOT /tmp/.org.chromium.Chromium.GQ3Do2
ThreadPoolForeg /config/.cache/chromium/Default/Cache/Cache_Data/e38eb3d51b3164..
ThreadPoolForeg /config/.cache/chromium/Default/Cache/Cache_Data/7cc5f747a6f1f1..
ThreadPoolForeg /config/.cache/chromium/Default/Code Cache/js/c9e54cb5f6893b27_..
ThreadPoolForeg /config/.cache/chromium/Default/Cache/Cache_Data/2a4eca874f08cf..
ThreadPoolForeg /config/.cache/chromium/Default/Cache/Cache_Data/d4fbeba831cf0f..
Chrome_ChildIOT /tmp/.org.chromium.Chromium.7zS14r
ThreadPoolForeg /config/.cache/chromium/Default/Cache/Cache_Data/5129e51a231d87..
Chrome_ChildIOT /tmp/.org.chromium.Chromium.ysniOW
bash /dev/null
find /etc/ld.so.cache
ThreadPoolForeg /config/.cache/chromium/Default/Cache/Cache_Data/ef5f16ebe9d644..
find /lib/x86_64-linux-gnu/libselinux.so.1
find /lib/x86_64-linux-gnu/libc.so.6
find /lib/x86_64-linux-gnu/libpcre2-8.so.0
find /proc/filesystems
find .
find /usr/lib/locale/locale-archive
find /usr/lib/x86_64-linux-gnu/gconv/gconv-modules.cache
find /config/.cache
find mesa_shader_cache
find db
find 0c
find 5e
find 8a
find 59
find dd
find 3d
find 35
find 8d
find 9a
find 80
find 33
find ea
find e1
find 3e
find 6a
find b5
find bc
find e8
find b8
find ef
find b9
find 7e
find 6e
find a2
Chrome_ChildIOT /tmp/.org.chromium.Chromium.7k4Z3n
find 71
find b7
find 8e
find 1a
find 20
find c9
find 26
find 4a
find bd
find 62
find 21
find 2d
find 56
Chrome_ChildIOT /tmp/.org.chromium.Chromium.3JCrYC
find 86
find 40
find ed
find 9d
find 05
find 03
find 67
ThreadPoolForeg /config/.cache/chromium/Default/Cache/Cache_Data/dbdfc8f83bc215..
find 7d
find 11
find 13
find b6
find 4e
find ba
find e0
find 4f
find f7
find ksplash
find qmlcache
find qtshadercache-x86_64-little_endian-lp64
find plasmashell
find qmlcache
Chrome_ChildIOT /tmp/.org.chromium.Chromium.g6ZHIx
Chrome_ChildIOT /tmp/.org.chromium.Chromium.PmVrTG
find chromium
find Default
find Cache
find Cache_Data
find index-dir
ThreadPoolForeg /config/.config/chromium/.org.chromium.Chromium.E75J0U
ThreadPoolForeg /config/.cache/chromium/Default/Cache/Cache_Data/32ed838bc93d3c..
ThreadPoolForeg /config/.config/chromium/component_crx_cache/.org.chromium.Chro..
find No_Vary_Search
find Code Cache
find wasm
find index-dir
find js
ThreadPoolForeg /config/.cache/chromium/Default/Cache/Cache_Data/498ae81479caba..
find index-dir
find ..
find /config/.config
find openbox
Chrome_ChildIOT /tmp/.org.chromium.Chromium.4FXiru
find vlc
find pulse
find autostart
find kdedefaults
find gtk-3.0
find gtk-4.0
find dconf
find xsettingsd
find kde.org
find xfce4
find xfconf
find xfce-perchannel-xml
ThreadPoolForeg /config/.cache/chromium/Default/Cache/Cache_Data/1be98d2fe311bb..
find chromium
find Crash Reports
find new
find pending
find completed
find attachments
find Default
find Sync Data
find LevelDB
find Shared Dictionary
find cache
find index-dir
find ClientCertificates
find Site Characteristics Database
find Local Storage
find leveldb
Chrome_ChildIOT /tmp/.org.chromium.Chromium.y8QjBg
find discounts_db
find commerce_subscription_db
find chrome_cart_db
find discount_infos_db
find parcel_tracking_db
find Segmentation Platform
find SegmentInfoDB
find SignalDB
find SignalStorageConfigDB
find PersistentOriginTrials
find Extension Rules
find Extension Scripts
find shared_proto_db
find metadata
Chrome_ChildIOT /tmp/.org.chromium.Chromium.zBsdDS
find Extension State
find Sessions
find GPUCache
find DawnWebGPUCache
Chrome_ChildIOT /tmp/.org.chromium.Chromium.sOF4TM
find DawnGraphiteCache
find Session Storage
find WebStorage
find blob_storage
find c5aec5bd-dae5-4e7d-8fdd-9ea99eaa8439
find optimization_guide_hint_cache_store
find AutofillAiModelCache
find AutofillStrikeDatabase
find BudgetDatabase
find GCM Store
find Encryption
find Feature Engagement Tracker
find AvailabilityDB
find EventDB
find NativeMessagingHosts
find component_crx_cache
find ShaderCache
find segmentation_platform
find Dictionaries
find WidevineCdm
find Subresource Filter
Chrome_ChildIOT /tmp/.org.chromium.Chromium.1syeVO
find Unindexed Rules
find OnDeviceHeadSuggestModel
find OptimizationHints
find TrustTokenKeyCommitments
find PrivacySandboxAttestationsPreloaded
find SSLErrorAssistant
find FileTypePolicies
find OriginTrials
find CertificateRevocation
find MEIPreload
find PKIMetadata
find SafetyTips
find Crowd Deny
find hyphen-data
find ZxcvbnData
find ActorSafetyLists
find AmountExtractionHeuristicRegexes
find WasmTtsEngine
find CaptchaProviders
find GrShaderCache
find GraphiteDawnCache
find FirstPartySetsPreloaded
find extensions_crx_cache
find ..
find /config/.local
find bin
find share
find kactivitymanagerd
find resources
find test-backup
find working-backup
find baloo
find pki
find nssdb
ThreadPoolForeg /config/.cache/chromium/Default/Cache/Cache_Data/539ba21035b312..
sleep /etc/ld.so.cache
sleep /lib/x86_64-linux-gnu/libc.so.6
sleep /usr/lib/locale/locale-archive
sleep /usr/share/locale/locale.alias
sleep /usr/share/locale/en_US/LC_MESSAGES/coreutils.mo
sleep /usr/share/locale/en/LC_MESSAGES/coreutils.mo
sleep /usr/share/locale-langpack/en_US/LC_MESSAGES/coreutils.mo
sleep /usr/share/locale-langpack/en/LC_MESSAGES/coreutils.mo
Chrome_ChildIOT /tmp/.org.chromium.Chromium.g7NxLD
ThreadPoolForeg /config/.cache/chromium/Default/Cache/Cache_Data/ffb96a13abe8dd..
ThreadPoolForeg /config/.cache/chromium/Default/Cache/Cache_Data/981ca1c8fae9c8..
ThreadPoolForeg /config/.cache/chromium/Default/Cache/Cache_Data/3fd710a386e2f6..
ThreadPoolForeg /config/.cache/chromium/Default/Cache/Cache_Data/12b42886f16b4d..
ThreadPoolForeg /config/.cache/chromium/Default/Cache/Cache_Data/0becc468b096d4..
ThreadPoolForeg /config/.cache/chromium/Default/Cache/Cache_Data/29a3415ba07066..
ThreadPoolForeg /config/.cache/chromium/Default/Cache/Cache_Data/62c1ec4c63b958..
ThreadPoolForeg /config/.cache/chromium/Default/Cache/Cache_Data/f6cb54dfffbff9..
ThreadPoolForeg /config/.cache/chromium/Default/Cache/Cache_Data/11b0c52ffaa22f..
Chrome_ChildIOT /tmp/.org.chromium.Chromium.Pxsf8U
xclip /etc/ld.so.cache
xclip /lib/x86_64-linux-gnu/libXmu.so.6
xclip /lib/x86_64-linux-gnu/libX11.so.6
xclip /lib/x86_64-linux-gnu/libc.so.6
xclip /lib/x86_64-linux-gnu/libXt.so.6
xclip /lib/x86_64-linux-gnu/libXext.so.6
xclip /lib/x86_64-linux-gnu/libxcb.so.1
xclip /lib/x86_64-linux-gnu/libSM.so.6
xclip /lib/x86_64-linux-gnu/libICE.so.6
xclip /lib/x86_64-linux-gnu/libXau.so.6
xclip /lib/x86_64-linux-gnu/libXdmcp.so.6
xclip /lib/x86_64-linux-gnu/libuuid.so.1
xclip /lib/x86_64-linux-gnu/libbsd.so.0
xclip /lib/x86_64-linux-gnu/libmd.so.0
xclip /usr/share/X11/locale/locale.alias
xclip /usr/share/X11/locale/locale.dir
xclip /usr/share/X11/locale/C/XLC_LOCALE
Chrome_ChildIOT /tmp/.org.chromium.Chromium.HI4wVh
xclip /usr/share/X11/locale/locale.alias
xclip /usr/share/X11/locale/locale.dir
xclip /usr/share/X11/locale/C/XLC_LOCALE
Xvfb /proc/2444/cmdline
Chrome_ChildIOT /tmp/.org.chromium.Chromium.rQiLyY
ThreadPoolForeg /config/.cache/chromium/Default/Cache/Cache_Data/f33e5b849f3b85..
ThreadPoolForeg /config/.config/chromium/Default/.org.chromium.Chromium.J0HWdb
Chrome_ChildIOT /tmp/.org.chromium.Chromium.xaCpqj
Chrome_ChildIOT /tmp/.org.chromium.Chromium.BjZ8Sl
ThreadPoolForeg /config/.config/chromium/Default/.org.chromium.Chromium.zL6xeB
Chrome_ChildIOT /tmp/.org.chromium.Chromium.kAlgR4
ThreadPoolForeg /config/.cache/chromium/Default/Cache/Cache_Data/28d0bead2c1315..
ThreadPoolForeg /config/.cache/chromium/Default/Cache/Cache_Data/2caf51904f7ce2..
Chrome_ChildIOT /tmp/.org.chromium.Chromium.bMlluN
ThreadPoolForeg /config/.cache/chromium/Default/Cache/Cache_Data/3cfb61319aa87c..
Chrome_ChildIOT /tmp/.org.chromium.Chromium.kJlZFC
ThreadPoolForeg /config/.cache/chromium/Default/Cache/Cache_Data/e1373f8ea6967f..
Chrome_ChildIOT /tmp/.org.chromium.Chromium.DeK2UO
ThreadPoolForeg /config/.cache/chromium/Default/Cache/Cache_Data/61f6c0b495b140..
ThreadPoolForeg /config/.cache/chromium/Default/Cache/Cache_Data/2f016eb69de06c..
ThreadPoolForeg /config/.cache/chromium/Default/Cache/Cache_Data/66a0f2a9ca9fc4..
ThreadPoolForeg /config/.config/chromium/Default/Download Service/EntryDB/LOG
ThreadPoolForeg /config/.config/chromium/Default/Download Service/EntryDB/LOCK
ThreadPoolForeg /config/.config/chromium/Default/Download Service/EntryDB/LOCK
Chrome_ChildIOT /tmp/.org.chromium.Chromium.VTdqoB
ThreadPoolForeg /config/.config/chromium/Default/Download Service/Files
bash /dev/null
find /etc/ld.so.cache
find /lib/x86_64-linux-gnu/libselinux.so.1
find /lib/x86_64-linux-gnu/libc.so.6
find /lib/x86_64-linux-gnu/libpcre2-8.so.0
find /proc/filesystems
find .
find /usr/lib/locale/locale-archive
find /usr/lib/x86_64-linux-gnu/gconv/gconv-modules.cache
find /config/.cache
find mesa_shader_cache
find db
find 0c
find 5e
find 8a
find 59
find dd
find 3d
find 35
find 8d
find 9a
find 80
find 33
find ea
ThreadPoolForeg /config/.cache/chromium/Default/Cache/Cache_Data/5f2640335f9c88..
find e1
ThreadPoolForeg /config/.cache/chromium/Default/Cache/Cache_Data/39c3bd47cab1bd..
find 3e
find 6a
find b5
find bc
find e8
find b8
find ef
find b9
find 7e
find 6e
find a2
find 71
find b7
find 8e
find 1a
find 20
find c9
find 26
find 4a
find bd
find 62
find 21
find 2d
ThreadPoolForeg /config/.cache/chromium/Default/Cache/Cache_Data/ddbd1eb19ab5a8..
find 56
find 86
find 40
find ed
find 9d
find 05
find 03
find 67
find 7d
find 11
find 13
find b6
find 4e
find ba
find e0
find 4f
find f7
Chrome_ChildIOT /tmp/.org.chromium.Chromium.CirLFW
find ksplash
find qmlcache
find qtshadercache-x86_64-little_endian-lp64
find plasmashell
find qmlcache
Chrome_ChildIOT /tmp/.org.chromium.Chromium.vS8MgW
find chromium
find Default
find Cache
find Cache_Data
find index-dir
find No_Vary_Search
find Code Cache
find wasm
find index-dir
find js
find index-dir
find ..
find /config/.config
find openbox
find vlc
find pulse
find autostart
Chrome_ChildIOT /tmp/.org.chromium.Chromium.X19heX
find kdedefaults
find gtk-3.0
find gtk-4.0
find dconf
find xsettingsd
find kde.org
find xfce4
Chrome_ChildIOT /tmp/.org.chromium.Chromium.BToe5s
find xfconf
find xfce-perchannel-xml
find chromium
find Crash Reports
find new
find pending
find completed
find attachments
Chrome_ChildIOT /tmp/.org.chromium.Chromium.h8xz8O
find Default
find Sync Data
find LevelDB
find Shared Dictionary
find cache
find index-dir
find ClientCertificates
find Site Characteristics Database
find Local Storage
find leveldb
find discounts_db
find commerce_subscription_db
ThreadPoolForeg /config/.cache/chromium/Default/Cache/Cache_Data/7c1feaa9c924ed..
find chrome_cart_db
find discount_infos_db
find parcel_tracking_db
find Segmentation Platform
find SegmentInfoDB
find SignalDB
ThreadPoolForeg /config/.cache/chromium/Default/Cache/Cache_Data/15bce8e42c3199..
find SignalStorageConfigDB
find PersistentOriginTrials
find Extension Rules
find Extension Scripts
ThreadPoolForeg /config/.cache/chromium/Default/Cache/Cache_Data/ab3abb9956711e..
find shared_proto_db
find metadata
find Extension State
find Sessions
find GPUCache
find DawnWebGPUCache
ThreadPoolForeg /config/.cache/chromium/Default/Cache/Cache_Data/98f3ef67c3cfc3..
find DawnGraphiteCache
find Session Storage
find WebStorage
Chrome_ChildIOT /tmp/.org.chromium.Chromium.BBBhVj
find blob_storage
find c5aec5bd-dae5-4e7d-8fdd-9ea99eaa8439
find optimization_guide_hint_cache_store
find AutofillAiModelCache
find AutofillStrikeDatabase
find BudgetDatabase
find GCM Store
find Encryption
find Feature Engagement Tracker
find AvailabilityDB
ThreadPoolForeg /config/.cache/chromium/Default/Cache/Cache_Data/3a952d269c9c4a..
find EventDB
find Download Service
find Files
find EntryDB
find NativeMessagingHosts
find component_crx_cache
find ShaderCache
find segmentation_platform
find Dictionaries
find WidevineCdm
find Subresource Filter
find Unindexed Rules
find OnDeviceHeadSuggestModel
find OptimizationHints
find TrustTokenKeyCommitments
find PrivacySandboxAttestationsPreloaded
find SSLErrorAssistant
find FileTypePolicies
find OriginTrials
find CertificateRevocation
find MEIPreload
find PKIMetadata
find SafetyTips
find Crowd Deny
find hyphen-data
find ZxcvbnData
find ActorSafetyLists
find AmountExtractionHeuristicRegexes
find WasmTtsEngine
find CaptchaProviders
find GrShaderCache
find GraphiteDawnCache
find FirstPartySetsPreloaded
find extensions_crx_cache
ThreadPoolForeg /config/.config/chromium/Default/.org.chromium.Chromium.aJ83sS
find ..
find /config/.local
find bin
find share
find kactivitymanagerd
find resources
find test-backup
find working-backup
find baloo
find pki
find nssdb
ThreadPoolForeg /config/.cache/chromium/Default/Cache/Cache_Data/fb8aa257f63502..
ThreadPoolForeg /config/.cache/chromium/Default/Code Cache/js/e4f4c17da2efe428_..
sleep /etc/ld.so.cache
sleep /lib/x86_64-linux-gnu/libc.so.6
sleep /usr/lib/locale/locale-archive
sleep /usr/share/locale/locale.alias
sleep /usr/share/locale/en_US/LC_MESSAGES/coreutils.mo
sleep /usr/share/locale/en/LC_MESSAGES/coreutils.mo
sleep /usr/share/locale-langpack/en_US/LC_MESSAGES/coreutils.mo
sleep /usr/share/locale-langpack/en/LC_MESSAGES/coreutils.mo
Chrome_ChildIOT /tmp/.org.chromium.Chromium.eK3K5u
Chrome_ChildIOT /tmp/.org.chromium.Chromium.lrFSnA
Chrome_ChildIOT /tmp/.org.chromium.Chromium.CAOgSe
Chrome_ChildIOT /tmp/.org.chromium.Chromium.d9xe59
ThreadPoolForeg /config/.cache/chromium/Default/Cache/Cache_Data/583dd696be1e69..
Chrome_ChildIOT /tmp/.org.chromium.Chromium.URvLeP
ThreadPoolForeg /config/.cache/chromium/Default/Cache/Cache_Data/78cd3ed3a3bc66..
ThreadPoolForeg /config/.cache/chromium/Default/Cache/Cache_Data/faa2accefeac4d..
Chrome_ChildIOT /tmp/.org.chromium.Chromium.4u7hn6
Chrome_ChildIOT /tmp/.org.chromium.Chromium.B86qyA
ThreadPoolForeg /config/.cache/chromium/Default/Cache/Cache_Data/14ec877306ff68..
ThreadPoolForeg /config/.cache/chromium/Default/Cache/Cache_Data/26bcbb4c681ffc..
selkies /proc/stat
selkies /proc/meminfo
ThreadPoolForeg /config/.cache/chromium/Default/Code Cache/js/3a3b99d67926bcfc_..
bash /dev/null
find /etc/ld.so.cache
find /lib/x86_64-linux-gnu/libselinux.so.1
find /lib/x86_64-linux-gnu/libc.so.6
Chrome_ChildIOT /tmp/.org.chromium.Chromium.RIG6AN
find /lib/x86_64-linux-gnu/libpcre2-8.so.0
find /proc/filesystems
find .
find /usr/lib/locale/locale-archive
find /usr/lib/x86_64-linux-gnu/gconv/gconv-modules.cache
find /config/.cache
find mesa_shader_cache
find db
find 0c
find 5e
find 8a
find 59
find dd
find 3d
find 35
find 8d
find 9a
find 80
find 33
find ea
find e1
find 3e
find 6a
ThreadPoolForeg /config/.cache/chromium/Default/Cache/Cache_Data/0dec4edb12ed24..
find b5
find bc
find e8
find b8
find ef
find b9
find 7e
find 6e
find a2
find 71
find b7
find 8e
find 1a
find 20
find c9
find 26
find 4a
find bd
find 62
find 21
find 2d
find 56
find 86
find 40
find ed
find 9d
find 05
find 03
ThreadPoolForeg /config/.cache/chromium/Default/Cache/Cache_Data/8b50a35b17576c..
find 67
find 7d
find 11
find 13
find b6
find 4e
find ba
find e0
find 4f
find f7
find ksplash
find qmlcache
Chrome_ChildIOT /tmp/.org.chromium.Chromium.dTEkCz
find qtshadercache-x86_64-little_endian-lp64
find plasmashell
find qmlcache
Chrome_ChildIOT /tmp/.org.chromium.Chromium.zxsfQj
find chromium
find Default
find Cache
find Cache_Data
find index-dir
Chrome_ChildIOT /tmp/.org.chromium.Chromium.CxGd0z
chromium /proc/1855/stat
Chrome_ChildIOT /tmp/.org.chromium.Chromium.sGtnXC
find No_Vary_Search
find Code Cache
find wasm
find index-dir
find js
find index-dir
find ..
find /config/.config
Chrome_ChildIOT /tmp/.org.chromium.Chromium.BNXEDa
find openbox
find vlc
find pulse
find autostart
find kdedefaults
find gtk-3.0
find gtk-4.0
find dconf
find xsettingsd
find kde.org
find xfce4
find xfconf
find xfce-perchannel-xml
find chromium
find Crash Reports
chromium /proc/1855/stat
find new
find pending
find completed
find attachments
find Default
find Sync Data
find LevelDB
find Shared Dictionary
find cache
find index-dir
find ClientCertificates
find Site Characteristics Database
find Local Storage
find leveldb
find discounts_db
ThreadPoolForeg /config/.cache/chromium/Default/Cache/Cache_Data/70825b1aa56d42..
find commerce_subscription_db
find chrome_cart_db
find discount_infos_db
find parcel_tracking_db
find Segmentation Platform
find SegmentInfoDB
find SignalDB
find SignalStorageConfigDB
find PersistentOriginTrials
find Extension Rules
find Extension Scripts
find shared_proto_db
ThreadPoolForeg /config/.cache/chromium/Default/Cache/Cache_Data/b34185bdaede48..
find metadata
find Extension State
find Sessions
find GPUCache
find DawnWebGPUCache
find DawnGraphiteCache
find Session Storage
ThreadPoolForeg /config/.cache/chromium/Default/Cache/Cache_Data/19ecc7803257df..
find WebStorage
find blob_storage
find c5aec5bd-dae5-4e7d-8fdd-9ea99eaa8439
find optimization_guide_hint_cache_store
find AutofillAiModelCache
find AutofillStrikeDatabase
find BudgetDatabase
find GCM Store
find Encryption
find Feature Engagement Tracker
find AvailabilityDB
find EventDB
find Download Service
find Files
find EntryDB
find NativeMessagingHosts
find component_crx_cache
find ShaderCache
find segmentation_platform
find Dictionaries
find WidevineCdm
find Subresource Filter
find Unindexed Rules
chromium /proc/1855/stat
find OnDeviceHeadSuggestModel
find OptimizationHints
find TrustTokenKeyCommitments
find PrivacySandboxAttestationsPreloaded
find SSLErrorAssistant
find FileTypePolicies
find OriginTrials
find CertificateRevocation
find MEIPreload
find PKIMetadata
find SafetyTips
find Crowd Deny
find hyphen-data
find ZxcvbnData
find ActorSafetyLists
find AmountExtractionHeuristicRegexes
find WasmTtsEngine
find CaptchaProviders
find GrShaderCache
find GraphiteDawnCache
find FirstPartySetsPreloaded
find extensions_crx_cache
find ..
find /config/.local
find bin
find share
find kactivitymanagerd
find resources
find test-backup
find working-backup
find baloo
find pki
find nssdb
sleep /etc/ld.so.cache
sleep /lib/x86_64-linux-gnu/libc.so.6
sleep /usr/lib/locale/locale-archive
sleep /usr/share/locale/locale.alias
sleep /usr/share/locale/en_US/LC_MESSAGES/coreutils.mo
sleep /usr/share/locale/en/LC_MESSAGES/coreutils.mo
sleep /usr/share/locale-langpack/en_US/LC_MESSAGES/coreutils.mo
sleep /usr/share/locale-langpack/en/LC_MESSAGES/coreutils.mo
Chrome_ChildIOT /tmp/.org.chromium.Chromium.21x41w
ThreadPoolForeg /config/.cache/chromium/Default/Cache/Cache_Data/335ba7b1af7271..
chromium /proc/1855/stat
chromium /proc/1855/stat
Chrome_ChildIOT /tmp/.org.chromium.Chromium.EmLsvH
ThreadPoolForeg /config/.cache/chromium/Default/Cache/Cache_Data/8be0df8b393f2e..
ThreadPoolForeg /config/.cache/chromium/Default/Cache/Cache_Data/b5ee8f5b3afaf5..
Chrome_ChildIOT /tmp/.org.chromium.Chromium.koMSwq
ThreadPoolForeg /config/.cache/chromium/Default/Cache/Cache_Data/aef579fb3acee0..
Chrome_ChildIOT /tmp/.org.chromium.Chromium.TrrivM
ThreadPoolForeg /config/.cache/chromium/Default/Cache/Cache_Data/79358df15f8787..
ThreadPoolForeg /config/.cache/chromium/Default/Code Cache/js/34cbde5677781e66_..
ThreadPoolForeg /config/.cache/chromium/Default/Cache/Cache_Data/0bae376af630dc..
ThreadPoolForeg /config/.cache/chromium/Default/Cache/Cache_Data/fc4135b1e598a0..
ThreadPoolForeg /config/.cache/chromium/Default/Cache/Cache_Data/9db61f434de01e..
ThreadPoolForeg /config/.cache/chromium/Default/Cache/Cache_Data/ff69f554cfd003..
ThreadPoolForeg /config/.cache/chromium/Default/Cache/Cache_Data/4d2b1d1012e7bc..
ThreadPoolForeg /config/.cache/chromium/Default/Cache/Cache_Data/86f55f352375e1..
ThreadPoolForeg /config/.cache/chromium/Default/Cache/Cache_Data/75b107bed91dd3..
ThreadPoolForeg /config/.cache/chromium/Default/Cache/Cache_Data/147b1c1c5fc1b8..
ThreadPoolForeg /config/.cache/chromium/Default/Cache/Cache_Data/5211a3dea1198c..
chromium /proc/1855/stat
ThreadPoolForeg /config/.cache/chromium/Default/Cache/Cache_Data/674aa1ea8842b3..
ThreadPoolForeg /config/.cache/chromium/Default/Cache/Cache_Data/19906534c2dc08..
ThreadPoolForeg /config/.cache/chromium/Default/Cache/Cache_Data/275a136ca608fd..
ThreadPoolForeg /config/.cache/chromium/Default/Cache/Cache_Data/3277a6b73ceafd..
ThreadPoolForeg /config/.cache/chromium/Default/Cache/Cache_Data/3277a6b73ceafd..
ThreadPoolForeg /config/.cache/chromium/Default/Cache/Cache_Data/3277a6b73ceafd..
Chrome_ChildIOT /tmp/.org.chromium.Chromium.lj31zJ
ThreadPoolForeg /config/.cache/chromium/Default/Cache/Cache_Data/279dc9e87bd184..
Chrome_ChildIOT /tmp/.org.chromium.Chromium.ahuIB5
Chrome_ChildIOT /tmp/.org.chromium.Chromium.FSyM7x
Chrome_ChildIOT /tmp/.org.chromium.Chromium.oqnSko
Chrome_ChildIOT /tmp/.org.chromium.Chromium.OvHsoK
bash /dev/null
Chrome_ChildIOT /tmp/.org.chromium.Chromium.RSYnJL
find /etc/ld.so.cache
find /lib/x86_64-linux-gnu/libselinux.so.1
find /lib/x86_64-linux-gnu/libc.so.6
find /lib/x86_64-linux-gnu/libpcre2-8.so.0
Chrome_ChildIOT /tmp/.org.chromium.Chromium.nmAOSJ
find /proc/filesystems
find .
find /usr/lib/locale/locale-archive
find /usr/lib/x86_64-linux-gnu/gconv/gconv-modules.cache
find /config/.cache
find mesa_shader_cache
find db
ThreadPoolForeg /config/.cache/chromium/Default/Cache/Cache_Data/953231f3527626..
find 0c
find 5e
find 8a
find 59
find dd
find 3d
Chrome_ChildIOT /tmp/.org.chromium.Chromium.6n44uj
find 35
find 8d
find 9a
find 80
find 33
find ea
find e1
find 3e
Chrome_ChildIOT /tmp/.org.chromium.Chromium.ZZEzGX
find 6a
find b5
find bc
find e8
find b8
find ef
find b9
find 7e
find 6e
find a2
find 71
find b7
find 8e
find 1a
find 20
find c9
find 26
find 4a
find bd
find 62
find 21
find 2d
find 56
find 86
find 40
Chrome_ChildIOT /tmp/.org.chromium.Chromium.VqQXi1
find ed
find 9d
find 05
find 03
find 67
find 7d
find 11
find 13
find b6
find 4e
find ba
find e0
find 4f
find f7
find ksplash
find qmlcache
find qtshadercache-x86_64-little_endian-lp64
find plasmashell
find qmlcache
ThreadPoolForeg /config/.cache/chromium/Default/Cache/Cache_Data/88130cf9782183..
find chromium
find Default
find Cache
find Cache_Data
find index-dir
Chrome_ChildIOT /tmp/.org.chromium.Chromium.Lia6Mo
Chrome_ChildIOT /tmp/.org.chromium.Chromium.MzvMnD
find /usr/share/locale/locale.alias
find /usr/share/locale/en_US/LC_MESSAGES/findutils.mo
find /usr/share/locale/en/LC_MESSAGES/findutils.mo
find /usr/share/locale-langpack/en_US/LC_MESSAGES/findutils.mo
find /usr/share/locale-langpack/en/LC_MESSAGES/findutils.mo
find /usr/share/locale/en_US/LC_MESSAGES/libc.mo
find /usr/share/locale/en/LC_MESSAGES/libc.mo
find /usr/share/locale-langpack/en_US/LC_MESSAGES/libc.mo
find /usr/share/locale-langpack/en/LC_MESSAGES/libc.mo
find No_Vary_Search
Chrome_ChildIOT /tmp/.org.chromium.Chromium.SE2HMF
find Code Cache
find wasm
find index-dir
find js
find index-dir
find ..
Chrome_ChildIOT /tmp/.org.chromium.Chromium.Mg6GzI
find /config/.config
find openbox
find vlc
find pulse
find autostart
Chrome_ChildIOT /tmp/.org.chromium.Chromium.BnCgl2
find kdedefaults
find gtk-3.0
find gtk-4.0
find dconf
find xsettingsd
find kde.org
find xfce4
find xfconf
find xfce-perchannel-xml
find chromium
find Crash Reports
find new
find pending
find completed
find attachments
find Default
find Sync Data
ThreadPoolForeg /config/.cache/chromium/Default/Cache/Cache_Data/e0be90862a349d..
find LevelDB
find Shared Dictionary
find cache
find index-dir
find ClientCertificates
find Site Characteristics Database
find Local Storage
find leveldb
find discounts_db
find commerce_subscription_db
find chrome_cart_db
find discount_infos_db
find parcel_tracking_db
find Segmentation Platform
find SegmentInfoDB
find SignalDB
find SignalStorageConfigDB
find PersistentOriginTrials
find Extension Rules
find Extension Scripts
find shared_proto_db
find metadata
ThreadPoolForeg /config/.cache/chromium/Default/Cache/Cache_Data/3f80bba1daf349..
find Extension State
find Sessions
find GPUCache
find DawnWebGPUCache
find DawnGraphiteCache
ThreadPoolForeg /config/.cache/chromium/Default/Cache/Cache_Data/b35c2ec0500201..
find Session Storage
find WebStorage
find blob_storage
find c5aec5bd-dae5-4e7d-8fdd-9ea99eaa8439
find optimization_guide_hint_cache_store
find AutofillAiModelCache
find AutofillStrikeDatabase
find BudgetDatabase
ThreadPoolForeg /config/.cache/chromium/Default/Cache/Cache_Data/d2692e1c2785a8..
find GCM Store
find Encryption
find Feature Engagement Tracker
find AvailabilityDB
find EventDB
find Download Service
find Files
find EntryDB
find NativeMessagingHosts
find component_crx_cache
find ShaderCache
find segmentation_platform
find Dictionaries
find WidevineCdm
find Subresource Filter
find Unindexed Rules
find OnDeviceHeadSuggestModel
find OptimizationHints
ThreadPoolForeg /config/.cache/chromium/Default/Cache/Cache_Data/264f344375c416..
find TrustTokenKeyCommitments
find PrivacySandboxAttestationsPreloaded
find SSLErrorAssistant
find FileTypePolicies
find OriginTrials
find CertificateRevocation
find MEIPreload
ThreadPoolForeg /config/.cache/chromium/Default/Cache/Cache_Data/afd6cafd58d7d8..
find PKIMetadata
find SafetyTips
find Crowd Deny
find hyphen-data
find ZxcvbnData
ThreadPoolForeg /config/.cache/chromium/Default/Cache/Cache_Data/488275adbe271d..
find ActorSafetyLists
find AmountExtractionHeuristicRegexes
find WasmTtsEngine
find CaptchaProviders
find GrShaderCache
ThreadPoolForeg /config/.cache/chromium/Default/Cache/Cache_Data/953dc192c90a57..
find GraphiteDawnCache
find FirstPartySetsPreloaded
find extensions_crx_cache
find ..
find /config/.local
find bin
find share
find kactivitymanagerd
Chrome_ChildIOT /tmp/.org.chromium.Chromium.v8Eu5U
find resources
find test-backup
find working-backup
find baloo
find pki
find nssdb
sleep /etc/ld.so.cache
sleep /lib/x86_64-linux-gnu/libc.so.6
Chrome_ChildIOT /tmp/.org.chromium.Chromium.06k4Y0
sleep /usr/lib/locale/locale-archive
sleep /usr/share/locale/locale.alias
sleep /usr/share/locale/en_US/LC_MESSAGES/coreutils.mo
sleep /usr/share/locale/en/LC_MESSAGES/coreutils.mo
sleep /usr/share/locale-langpack/en_US/LC_MESSAGES/coreutils.mo
sleep /usr/share/locale-langpack/en/LC_MESSAGES/coreutils.mo
ThreadPoolForeg /config/.cache/chromium/Default/Cache/Cache_Data/8b7c046c21204f..
Chrome_ChildIOT /tmp/.org.chromium.Chromium.MDfacx
Chrome_ChildIOT /tmp/.org.chromium.Chromium.9yYHaV
ThreadPoolForeg /config/.cache/chromium/Default/Cache/Cache_Data/0bd227503d3fef..
Chrome_ChildIOT /tmp/.org.chromium.Chromium.WNOmFv
Chrome_ChildIOT /tmp/.org.chromium.Chromium.Shr5h4
ThreadPoolForeg /config/.cache/chromium/Default/Cache/Cache_Data/6626a7c813cc84..
ThreadPoolForeg /config/.cache/chromium/Default/Cache/Cache_Data/38dc4a2ca653fa..
Chrome_ChildIOT /tmp/.org.chromium.Chromium.sMq1Tj
Chrome_ChildIOT /tmp/.org.chromium.Chromium.TztjI3
xclip /etc/ld.so.cache
ThreadPoolForeg /config/.cache/chromium/Default/Cache/Cache_Data/f78764220f90a3..
xclip /lib/x86_64-linux-gnu/libXmu.so.6
xclip /lib/x86_64-linux-gnu/libX11.so.6
xclip /lib/x86_64-linux-gnu/libc.so.6
xclip /lib/x86_64-linux-gnu/libXt.so.6
xclip /lib/x86_64-linux-gnu/libXext.so.6
xclip /lib/x86_64-linux-gnu/libxcb.so.1
xclip /lib/x86_64-linux-gnu/libSM.so.6
xclip /lib/x86_64-linux-gnu/libICE.so.6
xclip /lib/x86_64-linux-gnu/libXau.so.6
xclip /lib/x86_64-linux-gnu/libXdmcp.so.6
xclip /lib/x86_64-linux-gnu/libuuid.so.1
xclip /lib/x86_64-linux-gnu/libbsd.so.0
xclip /lib/x86_64-linux-gnu/libmd.so.0
xclip /usr/share/X11/locale/locale.alias
xclip /usr/share/X11/locale/locale.dir
xclip /usr/share/X11/locale/C/XLC_LOCALE
xclip /usr/share/X11/locale/locale.alias
xclip /usr/share/X11/locale/locale.dir
xclip /usr/share/X11/locale/C/XLC_LOCALE
Xvfb /proc/2482/cmdline
Chrome_ChildIOT /tmp/.org.chromium.Chromium.3NwGGV
bash /dev/null
find /etc/ld.so.cache
find /lib/x86_64-linux-gnu/libselinux.so.1
Chrome_ChildIOT /tmp/.org.chromium.Chromium.MVux5n
find /lib/x86_64-linux-gnu/libc.so.6
find /lib/x86_64-linux-gnu/libpcre2-8.so.0
find /proc/filesystems
find .
find /usr/lib/locale/locale-archive
find /usr/lib/x86_64-linux-gnu/gconv/gconv-modules.cache
find /config/.cache
find mesa_shader_cache
find db
find 0c
find 5e
find 8a
find 59
find dd
find 3d
find 35
find 8d
find 9a
find 80
find 33
find ea
find e1
find 3e
find 6a
find b5
find bc
find e8
find b8
find ef
find b9
find 7e
find 6e
find a2
find 71
find b7
find 8e
find 1a
find 20
find c9
find 26
find 4a
find bd
find 62
Chrome_ChildIOT /tmp/.org.chromium.Chromium.pBfldN
find 21
find 2d
find 56
find 86
ThreadPoolForeg /config/.cache/chromium/Default/Code Cache/js/8c119ef944c5bba8_..
find 40
find ed
find 9d
find 05
find 03
find 67
find 7d
find 11
find 13
find b6
ThreadPoolForeg /config/.cache/chromium/Default/Cache/Cache_Data/942c8e4f5fa24a..
find 4e
find ba
find e0
find 4f
find f7
find ksplash
find qmlcache
find qtshadercache-x86_64-little_endian-lp64
find plasmashell
find qmlcache
find chromium
find Default
find Cache
find Cache_Data
ThreadPoolForeg /config/.cache/chromium/Default/Cache/Cache_Data/39fa4df582bde7..
find index-dir
find No_Vary_Search
find Code Cache
find wasm
find index-dir
find js
find index-dir
find ..
find /config/.config
find openbox
find vlc
find pulse
find autostart
find kdedefaults
find gtk-3.0
find gtk-4.0
find dconf
find xsettingsd
find kde.org
find xfce4
find xfconf
find xfce-perchannel-xml
find chromium
find Crash Reports
find new
find pending
find completed
find attachments
find Default
find Sync Data
find LevelDB
find Shared Dictionary
find cache
find index-dir
find ClientCertificates
find Site Characteristics Database
find Local Storage
find leveldb
find discounts_db
Chrome_ChildIOT /tmp/.org.chromium.Chromium.f9qI6p
find commerce_subscription_db
find chrome_cart_db
find discount_infos_db
find parcel_tracking_db
find Segmentation Platform
find SegmentInfoDB
find SignalDB
find SignalStorageConfigDB
find PersistentOriginTrials
find Extension Rules
Chrome_ChildIOT /tmp/.org.chromium.Chromium.DzQQnb
find Extension Scripts
find shared_proto_db
find metadata
find Extension State
find Sessions
find GPUCache
find DawnWebGPUCache
find DawnGraphiteCache
find Session Storage
find WebStorage
find blob_storage
find c5aec5bd-dae5-4e7d-8fdd-9ea99eaa8439
find optimization_guide_hint_cache_store
find AutofillAiModelCache
find AutofillStrikeDatabase
find BudgetDatabase
find GCM Store
find Encryption
find Feature Engagement Tracker
find AvailabilityDB
find EventDB
find Download Service
find Files
find EntryDB
find NativeMessagingHosts
find component_crx_cache
find ShaderCache
find segmentation_platform
find Dictionaries
find WidevineCdm
find Subresource Filter
find Unindexed Rules
find OnDeviceHeadSuggestModel
find OptimizationHints
find TrustTokenKeyCommitments
find PrivacySandboxAttestationsPreloaded
find SSLErrorAssistant
ThreadPoolForeg /config/.cache/chromium/Default/Cache/Cache_Data/1b5ccb5b90bd89..
find FileTypePolicies
find OriginTrials
find CertificateRevocation
find MEIPreload
find PKIMetadata
find SafetyTips
find Crowd Deny
find hyphen-data
find ZxcvbnData
find ActorSafetyLists
find AmountExtractionHeuristicRegexes
find WasmTtsEngine
find CaptchaProviders
find GrShaderCache
find GraphiteDawnCache
find FirstPartySetsPreloaded
find extensions_crx_cache
find ..
find /config/.local
find bin
find share
find kactivitymanagerd
find resources
find test-backup
find working-backup
find baloo
find pki
find nssdb
sleep /etc/ld.so.cache
sleep /lib/x86_64-linux-gnu/libc.so.6
sleep /usr/lib/locale/locale-archive
sleep /usr/share/locale/locale.alias
sleep /usr/share/locale/en_US/LC_MESSAGES/coreutils.mo
sleep /usr/share/locale/en/LC_MESSAGES/coreutils.mo
sleep /usr/share/locale-langpack/en_US/LC_MESSAGES/coreutils.mo
sleep /usr/share/locale-langpack/en/LC_MESSAGES/coreutils.mo
Chrome_ChildIOT /tmp/.org.chromium.Chromium.zwFWaP
ThreadPoolForeg /config/.cache/chromium/Default/Code Cache/js/915ff2a869819df6_..
ThreadPoolForeg /config/.cache/chromium/Default/Cache/Cache_Data/f363166c953403..
Chrome_ChildIOT /tmp/.org.chromium.Chromium.8ZUtV6
ThreadPoolForeg /config/.cache/chromium/Default/Cache/Cache_Data/95826e7e1adbe5..
ThreadPoolForeg /config/.cache/chromium/Default/Cache/Cache_Data/9962a5d11a2195..
ThreadPoolForeg /config/.cache/chromium/Default/Cache/Cache_Data/3a708b6f12324a..
chromium /proc/1855/stat
ThreadPoolForeg /config/.cache/chromium/Default/Cache/Cache_Data/f8341c28fec357..
chromium /tmp/.org.chromium.Chromium.mxNPsN
chromium /tmp/.org.chromium.Chromium.mxNPsN
chromium /tmp/.org.chromium.Chromium.y7ofTM
Chrome_IOThread /tmp/.org.chromium.Chromium.avdT7M
Chrome_IOThread /tmp/.org.chromium.Chromium.avdT7M
ThreadPoolForeg /config/.cache/chromium/Default/Cache/Cache_Data/adbb85a6b8169e..
chromium /proc/2413/stat
Chrome_ChildIOT /tmp/.org.chromium.Chromium.Poy86i
ThreadPoolSingl /tmp/.org.chromium.Chromium.Zb8Hoh
Chrome_ChildIOT /tmp/.org.chromium.Chromium.Khv8VK
Chrome_ChildIOT /tmp/.org.chromium.Chromium.Z67TUE
chromium /proc/self/maps
chromium /proc/2494/stat
Chrome_ChildIOT /tmp/.org.chromium.Chromium.UzCG6x
chromium /proc/self/maps
chromium /proc/self/maps
chromium .
chromium self/fd/
ThreadPoolForeg /config/.cache/chromium/Default/Cache/Cache_Data/ec57c707828578..
chromium .
Chrome_IOThread /tmp/.org.chromium.Chromium.0nBPKb
Chrome_IOThread /tmp/.org.chromium.Chromium.HjbSoM
Chrome_ChildIOT /tmp/.org.chromium.Chromium.63VEfH
chromium /tmp/.org.chromium.Chromium.lAkfTs
chromium /tmp/.org.chromium.Chromium.lAkfTs
chromium /proc/2494/stat
chromium /proc/2494/status
chromium /proc/2494/status
chromium /proc/2494/statm
ThreadPoolForeg /tmp/.org.chromium.Chromium.sNvB81
ThreadPoolForeg /tmp/.org.chromium.Chromium.sNvB81
Chrome_IOThread /tmp/.org.chromium.Chromium.NoTCTj
bash /dev/null
find /etc/ld.so.cache
find /lib/x86_64-linux-gnu/libselinux.so.1
find /lib/x86_64-linux-gnu/libc.so.6
find /lib/x86_64-linux-gnu/libpcre2-8.so.0
find /proc/filesystems
find .
find /usr/lib/locale/locale-archive
find /usr/lib/x86_64-linux-gnu/gconv/gconv-modules.cache
find /config/.cache
Chrome_ChildIOT /tmp/.org.chromium.Chromium.oFa6lX
find mesa_shader_cache
find db
find 0c
find 5e
find 8a
find 59
find dd
find 3d
find 35
find 8d
find 9a
find 80
find 33
find ea
find e1
find 3e
find 6a
find b5
find bc
Chrome_ChildIOT /tmp/.org.chromium.Chromium.7KKDwo
Chrome_ChildIOT /tmp/.org.chromium.Chromium.7KKDwo
find e8
find b8
find ef
find b9
find 7e
find 6e
Chrome_IOThread /tmp/.org.chromium.Chromium.gozaaj
find a2
find 71
find b7
find 8e
find 1a
find 20
find c9
Chrome_IOThread /tmp/.org.chromium.Chromium.430zF5
find 26
find 4a
find bd
find 62
find 21
find 2d
find 56
find 86
find 40
find ed
find 9d
find 05
find 03
find 67
find 7d
find 11
find 13
find b6
find 4e
find ba
find e0
find 4f
find f7
find ksplash
find qmlcache
find qtshadercache-x86_64-little_endian-lp64
ThreadPoolSingl /proc/2494/task
ThreadPoolSingl /proc/2494/task/2494/status
ThreadPoolSingl /proc/2494/task/2496/status
find plasmashell
find qmlcache
ThreadPoolSingl /proc/2494/task
ThreadPoolSingl /proc/2494/task/2494/status
chromium /proc/2413/stat
ThreadPoolSingl /proc/2494/task/2496/status
ThreadPoolSingl /proc/2494/task/2497/status
ThreadPoolSingl /proc/2494/task
ThreadPoolSingl /proc/2494/task/2494/status
chromium /proc/2413/stat
ThreadPoolSingl /proc/2494/task/2496/status
ThreadPoolSingl /proc/2494/task/2497/status
ThreadPoolSingl /proc/2494/task/2498/status
ThreadPoolSingl /proc/2494/task
ThreadPoolSingl /proc/2494/task/2494/status
find chromium
ThreadPoolSingl /proc/2494/task/2496/status
find Default
find Cache
ThreadPoolSingl /proc/2494/task/2497/status
find Cache_Data
ThreadPoolSingl /proc/2494/task/2498/status
find index-dir
ThreadPoolSingl /proc/2494/task/2499/status
ThreadPoolSingl /proc/2494/task
ThreadPoolSingl /proc/2494/task/2494/status
ThreadPoolSingl /proc/2494/task/2496/status
ThreadPoolSingl /proc/2494/task/2497/status
ThreadPoolSingl /proc/2494/task/2498/status
ThreadPoolSingl /proc/2494/task/2499/status
ThreadPoolSingl /proc/2494/task/2500/status
ThreadPoolSingl /proc/2494/task
ThreadPoolSingl /proc/2494/task/2494/status
ThreadPoolSingl /proc/2494/task/2496/status
ThreadPoolSingl /proc/2494/task/2497/status
ThreadPoolSingl /proc/2494/task/2498/status
ThreadPoolSingl /proc/2494/task/2499/status
find No_Vary_Search
ThreadPoolSingl /proc/2494/task/2500/status
find Code Cache
find wasm
ThreadPoolSingl /proc/2494/task/2504/status
find index-dir
find js
find index-dir
ThreadPoolSingl /proc/2494/task
ThreadPoolSingl /proc/2494/task/2494/status
ThreadPoolSingl /proc/2494/task/2496/status
find ..
find /config/.config
ThreadPoolSingl /proc/2494/task/2497/status
find openbox
find vlc
ThreadPoolSingl /proc/2494/task/2498/status
find pulse
find autostart
ThreadPoolSingl /proc/2494/task/2499/status
find kdedefaults
find gtk-3.0
ThreadPoolSingl /proc/2494/task
find gtk-4.0
ThreadPoolSingl /proc/2494/task/2494/status
find dconf
find xsettingsd
ThreadPoolSingl /proc/2494/task/2496/status
find kde.org
ThreadPoolSingl /proc/2494/task/2497/status
ThreadPoolSingl /proc/2494/task/2498/status
find xfce4
find xfconf
find xfce-perchannel-xml
ThreadPoolSingl /proc/2494/task/2499/status
find chromium
find Crash Reports
ThreadPoolSingl /proc/2494/task/2500/status
find new
find pending
find completed
find attachments
ThreadPoolSingl /proc/2494/task/2504/status
find Default
Chrome_IOThread /tmp/.org.chromium.Chromium.xpk8Pl
find Sync Data
ThreadPoolSingl /proc/2494/task/2505/status
find LevelDB
ThreadPoolSingl /proc/2494/task
find Shared Dictionary
find cache
ThreadPoolSingl /proc/2494/task/2494/status
find index-dir
ThreadPoolSingl /proc/2494/task/2496/status
find ClientCertificates
find Site Characteristics Database
ThreadPoolSingl /proc/2494/task/2497/status
find Local Storage
ThreadPoolSingl /proc/2494/task/2498/status
find leveldb
find discounts_db
find commerce_subscription_db
ThreadPoolSingl /proc/2494/task/2499/status
find chrome_cart_db
find discount_infos_db
ThreadPoolSingl /proc/2494/task/2500/status
find parcel_tracking_db
ThreadPoolSingl /proc/2494/task/2504/status
find Segmentation Platform
find SegmentInfoDB
ThreadPoolSingl /proc/2494/task/2505/status
find SignalDB
ThreadPoolSingl /proc/2494/task/2506/status
find SignalStorageConfigDB
find PersistentOriginTrials
ThreadPoolSingl /proc/2494/task
find Extension Rules
ThreadPoolSingl /proc/2494/task/2494/status
find Extension Scripts
find shared_proto_db
ThreadPoolSingl /proc/2494/task/2496/status
find metadata
find Extension State
ThreadPoolSingl /proc/2494/task/2497/status
find Sessions
ThreadPoolSingl /proc/2494/task/2498/status
find GPUCache
find DawnWebGPUCache
ThreadPoolSingl /proc/2494/task/2499/status
find DawnGraphiteCache
find Session Storage
ThreadPoolSingl /proc/2494/task/2500/status
find WebStorage
ThreadPoolSingl /proc/2494/task/2504/status
find blob_storage
find c5aec5bd-dae5-4e7d-8fdd-9ea99eaa8439
find optimization_guide_hint_cache_store
find AutofillAiModelCache
find AutofillStrikeDatabase
find BudgetDatabase
find GCM Store
find Encryption
find Feature Engagement Tracker
find AvailabilityDB
find EventDB
find Download Service
find Files
find EntryDB
find NativeMessagingHosts
find component_crx_cache
find ShaderCache
find segmentation_platform
find Dictionaries
find WidevineCdm
find Subresource Filter
find Unindexed Rules
find OnDeviceHeadSuggestModel
find OptimizationHints
find TrustTokenKeyCommitments
find PrivacySandboxAttestationsPreloaded
find SSLErrorAssistant
find FileTypePolicies
find OriginTrials
find CertificateRevocation
find MEIPreload
Chrome_ChildIOT /tmp/.org.chromium.Chromium.KREjpx
find PKIMetadata
find SafetyTips
find Crowd Deny
find hyphen-data
find ZxcvbnData
find ActorSafetyLists
find AmountExtractionHeuristicRegexes
find WasmTtsEngine
find CaptchaProviders
find GrShaderCache
find GraphiteDawnCache
find FirstPartySetsPreloaded
find extensions_crx_cache
find ..
find /config/.local
find bin
find share
find kactivitymanagerd
find resources
find test-backup
find working-backup
find baloo
find pki
find nssdb
sleep /etc/ld.so.cache
sleep /lib/x86_64-linux-gnu/libc.so.6
sleep /usr/lib/locale/locale-archive
sleep /usr/share/locale/locale.alias
sleep /usr/share/locale/en_US/LC_MESSAGES/coreutils.mo
sleep /usr/share/locale/en/LC_MESSAGES/coreutils.mo
sleep /usr/share/locale-langpack/en_US/LC_MESSAGES/coreutils.mo
sleep /usr/share/locale-langpack/en/LC_MESSAGES/coreutils.mo
ThreadPoolForeg /config/.cache/chromium/Default/Cache/Cache_Data/c6d578a5ce7cea..
ThreadPoolForeg /config/.cache/chromium/Default/Cache/Cache_Data/9424eb3cd8777f..
ThreadPoolForeg /config/.cache/chromium/Default/Cache/Cache_Data/313469978b2bba..
ThreadPoolForeg /config/.cache/chromium/Default/Cache/Cache_Data/5bdb00ae1b2d22..
ThreadPoolForeg /config/.cache/chromium/Default/Code Cache/js/e544c54f645b7e2c_..
Chrome_ChildIOT /tmp/.org.chromium.Chromium.HnwKo6
ThreadPoolForeg /config/.cache/chromium/Default/Cache/Cache_Data/9c014ce95b5038..
Chrome_ChildIOT /tmp/.org.chromium.Chromium.c8bcv7
ThreadPoolForeg /config/.cache/chromium/Default/Cache/Cache_Data/4be4e6c9a6d350..
chromium /proc/2413/stat
ThreadPoolForeg /config/.cache/chromium/Default/Cache/Cache_Data/af208188e89175..
chromium /proc/1855/stat
chromium /proc/1855/stat
chromium /proc/1855/stat
Chrome_ChildIOT /tmp/.org.chromium.Chromium.EsYrNz
bash /dev/null
find /etc/ld.so.cache
find /lib/x86_64-linux-gnu/libselinux.so.1
find /lib/x86_64-linux-gnu/libc.so.6
find /lib/x86_64-linux-gnu/libpcre2-8.so.0
find /proc/filesystems
find .
find /usr/lib/locale/locale-archive
find /usr/lib/x86_64-linux-gnu/gconv/gconv-modules.cache
find /config/.cache
find mesa_shader_cache
find db
find 0c
find 5e
find 8a
find 59
find dd
find 3d
find 35
find 8d
find 9a
ThreadPoolForeg /config/.cache/chromium/Default/Cache/Cache_Data/989b95bbb7eeff..
find 80
find 33
find ea
find e1
find 3e
find 6a
find b5
find bc
find e8
chromium /proc/1855/stat
find b8
find ef
find b9
find 7e
find 6e
find a2
find 71
find b7
find 8e
find 1a
find 20
find c9
find 26
find 4a
find bd
find 62
find 21
find 2d
find 56
find 86
find 40
find ed
find 9d
find 05
find 03
find 67
find 7d
find 11
find 13
find b6
find 4e
find ba
chromium /proc/1855/stat
find e0
find 4f
find f7
find ksplash
find qmlcache
find qtshadercache-x86_64-little_endian-lp64
find plasmashell
find qmlcache
find chromium
find Default
find Cache
find Cache_Data
find index-dir
chromium /proc/1855/stat
ThreadPoolForeg /config/.cache/chromium/Default/Cache/Cache_Data/bcff9e0d123088..
ThreadPoolForeg /config/.cache/chromium/Default/Code Cache/js/9528a8bddf8bfd08_..
find No_Vary_Search
find Code Cache
find wasm
find index-dir
find js
find index-dir
ThreadPoolForeg /config/.cache/chromium/Default/Cache/Cache_Data/340ad65495a690..
find ..
find /config/.config
find openbox
find vlc
find pulse
find autostart
find kdedefaults
find gtk-3.0
find gtk-4.0
find dconf
find xsettingsd
find kde.org
find xfce4
find xfconf
find xfce-perchannel-xml
find chromium
find Crash Reports
find new
find pending
find completed
find attachments
find Default
find Sync Data
find LevelDB
find Shared Dictionary
find cache
find index-dir
find ClientCertificates
find Site Characteristics Database
find Local Storage
find leveldb
find discounts_db
find commerce_subscription_db
find chrome_cart_db
find discount_infos_db
find parcel_tracking_db
ThreadPoolForeg /config/.cache/chromium/Default/Cache/Cache_Data/7d613ca802c092..
find Segmentation Platform
find SegmentInfoDB
find SignalDB
find SignalStorageConfigDB
find PersistentOriginTrials
find Extension Rules
find Extension Scripts
find shared_proto_db
find metadata
find Extension State
find Sessions
find GPUCache
find DawnWebGPUCache
find DawnGraphiteCache
find Session Storage
find WebStorage
find blob_storage
find c5aec5bd-dae5-4e7d-8fdd-9ea99eaa8439
find optimization_guide_hint_cache_store
find AutofillAiModelCache
find AutofillStrikeDatabase
find BudgetDatabase
find GCM Store
find Encryption
find Feature Engagement Tracker
find AvailabilityDB
find EventDB
find Download Service
find Files
find EntryDB
find NativeMessagingHosts
find component_crx_cache
Chrome_ChildIOT /tmp/.org.chromium.Chromium.s8rZVC
find ShaderCache
find segmentation_platform
find Dictionaries
find WidevineCdm
find Subresource Filter
find Unindexed Rules
find OnDeviceHeadSuggestModel
find OptimizationHints
find TrustTokenKeyCommitments
find PrivacySandboxAttestationsPreloaded
find SSLErrorAssistant
find FileTypePolicies
find OriginTrials
ThreadPoolForeg /config/.cache/chromium/Default/Cache/Cache_Data/dd8d29db752462..
find CertificateRevocation
find MEIPreload
ThreadPoolForeg /config/.cache/chromium/Default/Cache/Cache_Data/b397b491b0c857..
find PKIMetadata
find SafetyTips
chromium /proc/1855/stat
find Crowd Deny
find hyphen-data
find ZxcvbnData
find ActorSafetyLists
find AmountExtractionHeuristicRegexes
find WasmTtsEngine
find CaptchaProviders
find GrShaderCache
Chrome_ChildIOT /tmp/.org.chromium.Chromium.xR87lR
find GraphiteDawnCache
find FirstPartySetsPreloaded
find extensions_crx_cache
find ..
find /config/.local
find bin
find share
find kactivitymanagerd
find resources
find test-backup
find working-backup
find baloo
find pki
find nssdb
sleep /etc/ld.so.cache
sleep /lib/x86_64-linux-gnu/libc.so.6
sleep /usr/lib/locale/locale-archive
sleep /usr/share/locale/locale.alias
sleep /usr/share/locale/en_US/LC_MESSAGES/coreutils.mo
sleep /usr/share/locale/en/LC_MESSAGES/coreutils.mo
sleep /usr/share/locale-langpack/en_US/LC_MESSAGES/coreutils.mo
sleep /usr/share/locale-langpack/en/LC_MESSAGES/coreutils.mo
chromium /tmp/.org.chromium.Chromium.MzX0Nj
chromium /tmp/.org.chromium.Chromium.MzX0Nj
Chrome_IOThread /tmp/.org.chromium.Chromium.AHHGBf
Chrome_IOThread /tmp/.org.chromium.Chromium.AHHGBf
chromium /tmp/.org.chromium.Chromium.mTmBkG
chromium /proc/2494/stat
Chrome_ChildIOT /tmp/.org.chromium.Chromium.mecgzD
Chrome_ChildIOT /tmp/.org.chromium.Chromium.bmdoo4
ThreadPoolSingl /tmp/.org.chromium.Chromium.TEIh6F
Chrome_IOThread /tmp/.org.chromium.Chromium.yE668j
Chrome_IOThread /tmp/.org.chromium.Chromium.FCpCcA
ThreadPoolForeg /config/.cache/chromium/Default/Cache/Cache_Data/12906d1bc4f94d..
chromium /proc/1855/stat
Chrome_ChildIOT /tmp/.org.chromium.Chromium.DLDFlD
chromium /proc/self/maps
chromium /proc/self/maps
Chrome_ChildIOT /tmp/.org.chromium.Chromium.ylyaZE
chromium /proc/self/maps
chromium /proc/1855/stat
chromium .
chromium self/fd/
chromium .
ThreadPoolForeg /config/.cache/chromium/Default/Code Cache/js/a8e9b5dde8ab18f9_..
ThreadPoolForeg /config/.cache/chromium/Default/Cache/Cache_Data/671377d4378522..
chromium /proc/1855/stat
ThreadPoolForeg /config/.cache/chromium/Default/Code Cache/js/8cac5d98175c0988_..
chromium /proc/2524/stat
Chrome_ChildIOT /tmp/.org.chromium.Chromium.CVz2mZ
chromium /proc/1855/stat
chromium /proc/2320/stat
ThreadPoolForeg /config/.cache/chromium/Default/Cache/Cache_Data/9bbdde2b7b7f18..
chromium /proc/2524/stat
chromium /proc/2524/status
chromium /proc/2524/status
chromium /proc/2524/statm
ThreadPoolForeg /tmp/.org.chromium.Chromium.r5ozJR
ThreadPoolForeg /tmp/.org.chromium.Chromium.r5ozJR
ThreadPoolSingl /proc/2524/task
ThreadPoolSingl /proc/2524/task/2524/status
chromium /tmp/.org.chromium.Chromium.rAJ3do
chromium /tmp/.org.chromium.Chromium.rAJ3do
ThreadPoolSingl /proc/2524/task/2527/status
ThreadPoolSingl /proc/2524/task
ThreadPoolSingl /proc/2524/task/2524/status
ThreadPoolSingl /proc/2524/task/2527/status
ThreadPoolSingl /proc/2524/task/2528/status
ThreadPoolSingl /proc/2524/task
Chrome_IOThread /tmp/.org.chromium.Chromium.qgqc2Y
ThreadPoolSingl /proc/2524/task/2524/status
ThreadPoolSingl /proc/2524/task/2527/status
Chrome_ChildIOT /tmp/.org.chromium.Chromium.UCIFuf
ThreadPoolSingl /proc/2524/task/2528/status
ThreadPoolSingl /proc/2524/task/2529/status
ThreadPoolSingl /proc/2524/task
bash /dev/null
find /etc/ld.so.cache
find /lib/x86_64-linux-gnu/libselinux.so.1
ThreadPoolSingl /proc/2524/task/2524/status
find /lib/x86_64-linux-gnu/libc.so.6
find /lib/x86_64-linux-gnu/libpcre2-8.so.0
xclip /etc/ld.so.cache
xclip /lib/x86_64-linux-gnu/libXmu.so.6
find /proc/filesystems
xclip /lib/x86_64-linux-gnu/libX11.so.6
find .
find /usr/lib/locale/locale-archive
find /usr/lib/x86_64-linux-gnu/gconv/gconv-modules.cache
xclip /lib/x86_64-linux-gnu/libc.so.6
find /config/.cache
xclip /lib/x86_64-linux-gnu/libXt.so.6
ThreadPoolSingl /proc/2524/task/2527/status
find mesa_shader_cache
xclip /lib/x86_64-linux-gnu/libXext.so.6
xclip /lib/x86_64-linux-gnu/libxcb.so.1
find db
xclip /lib/x86_64-linux-gnu/libSM.so.6
find 0c
xclip /lib/x86_64-linux-gnu/libICE.so.6
find 5e
xclip /lib/x86_64-linux-gnu/libXau.so.6
find 8a
xclip /lib/x86_64-linux-gnu/libXdmcp.so.6
ThreadPoolSingl /proc/2524/task/2528/status
xclip /lib/x86_64-linux-gnu/libuuid.so.1
find 59
xclip /lib/x86_64-linux-gnu/libbsd.so.0
find dd
xclip /lib/x86_64-linux-gnu/libmd.so.0
Chrome_ChildIOT /tmp/.org.chromium.Chromium.PPHDck
find 3d
find 35
find 8d
ThreadPoolSingl /proc/2524/task/2529/status
find 9a
xclip /usr/share/X11/locale/locale.alias
find 80
find 33
xclip /usr/share/X11/locale/locale.dir
find ea
ThreadPoolSingl /proc/2524/task/2530/status
xclip /usr/share/X11/locale/C/XLC_LOCALE
find e1
xclip /usr/share/X11/locale/locale.alias
find 3e
Chrome_IOThread /tmp/.org.chromium.Chromium.Rx9FJv
xclip /usr/share/X11/locale/locale.dir
find 6a
xclip /usr/share/X11/locale/C/XLC_LOCALE
ThreadPoolSingl /proc/2524/task
find b5
Xvfb /proc/2539/cmdline
find bc
ThreadPoolSingl /proc/2524/task/2524/status
find e8
ThreadPoolSingl /proc/2524/task/2527/status
find b8
find ef
ThreadPoolSingl /proc/2524/task/2528/status
find b9
find 7e
find 6e
ThreadPoolSingl /proc/2524/task/2529/status
find a2
Chrome_ChildIOT /tmp/.org.chromium.Chromium.gByI1f
find 71
Chrome_ChildIOT /tmp/.org.chromium.Chromium.gByI1f
find b7
ThreadPoolSingl /proc/2524/task/2530/status
find 8e
find 1a
find 20
Chrome_IOThread /tmp/.org.chromium.Chromium.R93Ead
find c9
ThreadPoolSingl /proc/2524/task/2531/status
find 26
find 4a
find bd
find 62
ThreadPoolSingl /proc/2524/task
ThreadPoolForeg /config/.cache/chromium/Default/Cache/Cache_Data/a3c2dd0f8952cf..
find 21
find 2d
ThreadPoolSingl /proc/2524/task/2524/status
find 56
find 86
find 40
ThreadPoolSingl /proc/2524/task/2527/status
find ed
find 9d
find 05
ThreadPoolSingl /proc/2524/task/2528/status
find 03
find 67
ThreadPoolSingl /proc/2524/task/2529/status
find 7d
find 11
ThreadPoolSingl /proc/2524/task/2530/status
Chrome_IOThread /tmp/.org.chromium.Chromium.VaSrTr
find 13
find b6
find 4e
ThreadPoolSingl /proc/2524/task/2531/status
find ba
find e0
find 4f
Chrome_ChildIOT /tmp/.org.chromium.Chromium.QPNhFL
ThreadPoolSingl /proc/2524/task/2534/status
find f7
find ksplash
find qmlcache
ThreadPoolSingl /proc/2524/task
find qtshadercache-x86_64-little_endian-lp64
ThreadPoolSingl /proc/2524/task/2524/status
find plasmashell
find qmlcache
ThreadPoolSingl /proc/2524/task/2527/status
ThreadPoolForeg /config/.cache/chromium/Default/Code Cache/js/547e9b32e9afba62_..
ThreadPoolSingl /proc/2524/task/2528/status
ThreadPoolSingl /proc/2524/task/2529/status
ThreadPoolSingl /proc/2524/task/2530/status
ThreadPoolSingl /proc/2524/task
ThreadPoolSingl /proc/2524/task/2524/status
ThreadPoolSingl /proc/2524/task/2527/status
find chromium
find Default
find Cache
ThreadPoolSingl /proc/2524/task/2528/status
find Cache_Data
ThreadPoolSingl /proc/2524/task/2529/status
find index-dir
ThreadPoolSingl /proc/2524/task/2530/status
ThreadPoolSingl /proc/2524/task/2531/status
ThreadPoolSingl /proc/2524/task/2534/status
ThreadPoolSingl /proc/2524/task/2535/status
ThreadPoolSingl /proc/2524/task
ThreadPoolSingl /proc/2524/task/2524/status
ThreadPoolSingl /proc/2524/task/2527/status
ThreadPoolSingl /proc/2524/task/2528/status
ThreadPoolSingl /proc/2524/task/2529/status
ThreadPoolForeg /config/.cache/chromium/Default/Cache/Cache_Data/9478496485d400..
ThreadPoolSingl /proc/2524/task/2530/status
ThreadPoolSingl /proc/2524/task/2531/status
find No_Vary_Search
ThreadPoolSingl /proc/2524/task/2534/status
find Code Cache
find wasm
find index-dir
ThreadPoolSingl /proc/2524/task/2535/status
find js
find index-dir
ThreadPoolSingl /proc/2524/task/2537/status
chromium /proc/2494/stat
ThreadPoolSingl /proc/2524/task
ThreadPoolSingl /proc/2524/task/2524/status
find ..
ThreadPoolForeg /config/.cache/chromium/Default/Cache/Cache_Data/3b89f99c93abeb..
find /config/.config
find openbox
chromium /proc/2494/stat
ThreadPoolForeg /config/.cache/chromium/Default/Cache/Cache_Data/1a5ec24f374476..
find vlc
ThreadPoolForeg /config/.cache/chromium/Default/Cache/Cache_Data/31d00be5fa42ac..
ThreadPoolSingl /proc/2524/task/2527/status
find pulse
find autostart
ThreadPoolForeg /config/.cache/chromium/Default/Cache/Cache_Data/4cc309e2841e80..
find kdedefaults
ThreadPoolSingl /proc/2524/task/2528/status
find gtk-3.0
find gtk-4.0
ThreadPoolForeg /config/.cache/chromium/Default/Cache/Cache_Data/e2db0dc6270ac0..
find dconf
find xsettingsd
ThreadPoolSingl /proc/2524/task/2529/status
find kde.org
ThreadPoolForeg /config/.cache/chromium/Default/Cache/Cache_Data/9869d55cd3479a..
find xfce4
find xfconf
find xfce-perchannel-xml
ThreadPoolSingl /proc/2524/task/2530/status
find chromium
find Crash Reports
find new
find pending
find completed
find attachments
ThreadPoolSingl /proc/2524/task/2531/status
find Default
find Sync Data
find LevelDB
find Shared Dictionary
find cache
ThreadPoolSingl /proc/2524/task/2534/status
find index-dir
find ClientCertificates
find Site Characteristics Database
find Local Storage
find leveldb
find discounts_db
find commerce_subscription_db
find chrome_cart_db
find discount_infos_db
find parcel_tracking_db
find Segmentation Platform
find SegmentInfoDB
find SignalDB
find SignalStorageConfigDB
find PersistentOriginTrials
find Extension Rules
find Extension Scripts
find shared_proto_db
find metadata
find Extension State
find Sessions
ThreadPoolForeg /config/.cache/chromium/Default/Code Cache/js/54c4b77e1981d733_..
find GPUCache
find DawnWebGPUCache
find DawnGraphiteCache
find Session Storage
find WebStorage
find blob_storage
find c5aec5bd-dae5-4e7d-8fdd-9ea99eaa8439
find optimization_guide_hint_cache_store
find AutofillAiModelCache
find AutofillStrikeDatabase
find BudgetDatabase
find GCM Store
find Encryption
find Feature Engagement Tracker
find AvailabilityDB
find EventDB
find Download Service
find Files
find EntryDB
find NativeMessagingHosts
find component_crx_cache
find ShaderCache
find segmentation_platform
find Dictionaries
find WidevineCdm
find Subresource Filter
find Unindexed Rules
find OnDeviceHeadSuggestModel
find OptimizationHints
find TrustTokenKeyCommitments
find PrivacySandboxAttestationsPreloaded
find SSLErrorAssistant
find FileTypePolicies
Chrome_ChildIOT /tmp/.org.chromium.Chromium.X4B6pL
find OriginTrials
find CertificateRevocation
find MEIPreload
find PKIMetadata
find SafetyTips
find Crowd Deny
find hyphen-data
find ZxcvbnData
find ActorSafetyLists
find AmountExtractionHeuristicRegexes
find WasmTtsEngine
Chrome_IOThread /tmp/.org.chromium.Chromium.vX8dy7
find CaptchaProviders
find GrShaderCache
find GraphiteDawnCache
find FirstPartySetsPreloaded
find extensions_crx_cache
find ..
find /config/.local
find bin
find share
find kactivitymanagerd
find resources
find test-backup
find working-backup
chromium /proc/1855/stat
find baloo
find pki
find nssdb
sleep /etc/ld.so.cache
sleep /lib/x86_64-linux-gnu/libc.so.6
sleep /usr/lib/locale/locale-archive
sleep /usr/share/locale/locale.alias
sleep /usr/share/locale/en_US/LC_MESSAGES/coreutils.mo
sleep /usr/share/locale/en/LC_MESSAGES/coreutils.mo
sleep /usr/share/locale-langpack/en_US/LC_MESSAGES/coreutils.mo
sleep /usr/share/locale-langpack/en/LC_MESSAGES/coreutils.mo
Chrome_ChildIOT /tmp/.org.chromium.Chromium.u4wGXa
chromium /tmp/.org.chromium.Chromium.pJc9fT
chromium /tmp/.org.chromium.Chromium.pJc9fT
chromium /tmp/.org.chromium.Chromium.a7MwTz
Chrome_IOThread /tmp/.org.chromium.Chromium.5QO4Ge
Chrome_IOThread /tmp/.org.chromium.Chromium.5QO4Ge
ThreadPoolForeg /config/.cache/chromium/Default/Code Cache/js/99669987508be51b_..
ThreadPoolSingl /tmp/.org.chromium.Chromium.ZhNllK
chromium /proc/2524/stat
ThreadPoolForeg /config/.cache/chromium/Default/Cache/Cache_Data/b0c1b2b9cedaea..
ThreadPoolForeg /config/.cache/chromium/Default/Cache/Cache_Data/0490f22c3efc2c..
chromium /proc/self/maps
chromium /proc/self/maps
chromium /proc/self/maps
chromium .
ThreadPoolForeg /config/.cache/chromium/Default/Cache/Cache_Data/9d812db7783984..
chromium self/fd/
Chrome_IOThread /tmp/.org.chromium.Chromium.Prouoh
chromium .
Chrome_IOThread /tmp/.org.chromium.Chromium.rNgptV
chromium /proc/2494/stat
chromium /proc/1855/stat
chromium /proc/1855/stat
chromium /tmp/.org.chromium.Chromium.OLNPb7
chromium /tmp/.org.chromium.Chromium.OLNPb7
chromium /tmp/.org.chromium.Chromium.e8HbcT
Chrome_IOThread /tmp/.org.chromium.Chromium.eZUclG
Chrome_IOThread /tmp/.org.chromium.Chromium.eZUclG
chromium /tmp/.org.chromium.Chromium.Rn7CSe
chromium /tmp/.org.chromium.Chromium.Rn7CSe
ThreadPoolSingl /tmp/.org.chromium.Chromium.Anuf1D
Chrome_ChildIOT /tmp/.org.chromium.Chromium.qk3Mgk
ThreadPoolForeg /config/.cache/chromium/Default/Cache/Cache_Data/c5881f113748bd..
chromium /proc/self/maps
chromium /proc/2546/stat
chromium /proc/self/maps
chromium /proc/self/maps
Chrome_ChildIOT /tmp/.org.chromium.Chromium.H4Yem8
chromium .
chromium self/fd/
chromium /sys/devices/system/cpu/cpu0/tsc_freq_khz
chromium .
ThreadPoolForeg /config/.cache/chromium/Default/Code Cache/js/949129674cbeb65d_..
Chrome_ChildIOT /tmp/.org.chromium.Chromium.l774st
Chrome_ChildIOT /tmp/.org.chromium.Chromium.l774st
ThreadPoolSingl /proc/2546/task
ThreadPoolSingl /proc/2546/task/2546/status
ThreadPoolSingl /proc/2546/task/2548/status
ThreadPoolSingl /proc/2546/task
ThreadPoolSingl /proc/2546/task/2546/status
ThreadPoolSingl /proc/2546/task/2548/status
ThreadPoolSingl /proc/2546/task/2549/status
ThreadPoolSingl /proc/2546/task
ThreadPoolSingl /proc/2546/task/2546/status
ThreadPoolSingl /proc/2546/task/2548/status
ThreadPoolSingl /proc/2546/task/2549/status
ThreadPoolSingl /proc/2546/task/2551/status
ThreadPoolSingl /proc/2546/task
ThreadPoolSingl /proc/2546/task/2546/status
ThreadPoolSingl /proc/2546/task/2548/status
ThreadPoolSingl /proc/2546/task/2549/status
ThreadPoolSingl /proc/2546/task/2551/status
ThreadPoolForeg /config/.cache/chromium/Default/Cache/Cache_Data/854446a5bf6b9d..
ThreadPoolSingl /proc/2546/task/2552/status
ThreadPoolSingl /proc/2546/task
ThreadPoolSingl /proc/2546/task/2546/status
ThreadPoolSingl /proc/2546/task/2548/status
ThreadPoolSingl /proc/2546/task/2549/status
ThreadPoolSingl /proc/2546/task/2551/status
ThreadPoolSingl /proc/2546/task/2552/status
ThreadPoolSingl /proc/2546/task/2553/status
Chrome_ChildIOT /tmp/.org.chromium.Chromium.hexROv
Chrome_ChildIOT /tmp/.org.chromium.Chromium.mbAUPY
Chrome_ChildIOT /tmp/.org.chromium.Chromium.mbAUPY
Chrome_IOThread /tmp/.org.chromium.Chromium.yUUlTH
Chrome_IOThread /tmp/.org.chromium.Chromium.FoBGG0
chromium /proc/2546/stat
chromium /proc/2546/status
chromium /proc/2546/status
chromium /proc/2546/statm
selkies /proc/stat
selkies /proc/meminfo
ThreadPoolForeg /tmp/.org.chromium.Chromium.HrkmHj
ThreadPoolForeg /tmp/.org.chromium.Chromium.HrkmHj
chromium /proc/2555/stat
ThreadPoolSingl /proc/2546/task
ThreadPoolSingl /proc/2546/task/2546/status
ThreadPoolSingl /proc/2546/task/2548/status
ThreadPoolSingl /proc/2546/task/2549/status
Chrome_IOThread /tmp/.org.chromium.Chromium.2EsYrt
ThreadPoolSingl /proc/2546/task/2551/status
ThreadPoolSingl /proc/2546/task/2552/status
Chrome_IOThread /tmp/.org.chromium.Chromium.yP2xLF
ThreadPoolSingl /proc/2546/task/2553/status
ThreadPoolSingl /proc/2546/task/2557/status
ThreadPoolSingl /proc/2546/task
ThreadPoolSingl /proc/2546/task/2546/status
ThreadPoolSingl /proc/2546/task/2548/status
ThreadPoolSingl /proc/2546/task/2549/status
ThreadPoolSingl /proc/2546/task/2551/status
ThreadPoolSingl /proc/2546/task/2552/status
ThreadPoolSingl /proc/2546/task
ThreadPoolSingl /proc/2546/task/2546/status
ThreadPoolSingl /proc/2546/task/2548/status
ThreadPoolForeg /config/.cache/chromium/Default/Cache/Cache_Data/c3d57b2592f364..
ThreadPoolSingl /proc/2546/task/2549/status
ThreadPoolSingl /proc/2546/task/2551/status
ThreadPoolSingl /proc/2546/task/2552/status
ThreadPoolSingl /proc/2546/task/2553/status
ThreadPoolSingl /proc/2546/task/2557/status
ThreadPoolForeg /config/.cache/chromium/Default/Cache/Cache_Data/5ddf89b8dfb7bd..
ThreadPoolSingl /proc/2546/task/2558/status
ThreadPoolSingl /proc/2546/task
ThreadPoolSingl /proc/2546/task/2546/status
ThreadPoolForeg /config/.cache/chromium/Default/Cache/Cache_Data/c3392548a83dd6..
ThreadPoolSingl /proc/2546/task/2548/status
ThreadPoolForeg /config/.cache/chromium/Default/Cache/Cache_Data/03dddbba74de95..
ThreadPoolSingl /proc/2546/task/2549/status
ThreadPoolSingl /proc/2546/task/2551/status
ThreadPoolSingl /proc/2546/task/2552/status
ThreadPoolSingl /proc/2546/task/2553/status
ThreadPoolSingl /proc/2546/task/2557/status
ThreadPoolSingl /proc/2546/task/2558/status
ThreadPoolSingl /proc/2546/task/2559/status
chromium /proc/2320/stat
ThreadPoolSingl /proc/2546/task
ThreadPoolSingl /proc/2546/task/2546/status
ThreadPoolSingl /proc/2546/task/2548/status
ThreadPoolSingl /proc/2546/task/2549/status
chromium /proc/2320/stat
ThreadPoolSingl /proc/2546/task/2551/status
ThreadPoolSingl /proc/2546/task/2552/status
ThreadPoolSingl /proc/2546/task/2553/status
ThreadPoolSingl /proc/2546/task/2557/status
ThreadPoolSingl /proc/2555/task
ThreadPoolSingl /proc/2555/task/2555/status
ThreadPoolSingl /proc/2555/task/2560/status
ThreadPoolSingl /proc/2555/task
ThreadPoolSingl /proc/2555/task/2555/status
ThreadPoolSingl /proc/2555/task/2560/status
chromium /proc/2555/stat
ThreadPoolForeg /config/.cache/chromium/Default/Cache/Cache_Data/ed750fa3aaf9b8..
ThreadPoolSingl /proc/2555/task/2561/status
chromium /proc/2555/status
ThreadPoolForeg /config/.cache/chromium/Default/Cache/Cache_Data/45e533e85c0f24..
ThreadPoolForeg /config/.cache/chromium/Default/Cache/Cache_Data/cd0817c0408977..
ThreadPoolSingl /proc/2555/task
ThreadPoolSingl /proc/2555/task/2555/status
chromium /proc/2555/status
chromium /proc/2555/statm
ThreadPoolSingl /proc/2555/task/2560/status
ThreadPoolSingl /proc/2555/task/2561/status
ThreadPoolForeg /tmp/.org.chromium.Chromium.7DsofE
ThreadPoolForeg /tmp/.org.chromium.Chromium.7DsofE
ThreadPoolSingl /proc/2555/task/2562/status
ThreadPoolSingl /proc/2555/task
ThreadPoolSingl /proc/2555/task/2555/status
ThreadPoolSingl /proc/2555/task/2560/status
Chrome_ChildIOT /tmp/.org.chromium.Chromium.4RhFhW
ThreadPoolSingl /proc/2555/task/2561/status
ThreadPoolSingl /proc/2555/task/2562/status
ThreadPoolSingl /proc/2555/task/2563/status
ThreadPoolSingl /proc/2555/task
ThreadPoolSingl /proc/2555/task/2555/status
ThreadPoolSingl /proc/2555/task/2560/status
Chrome_ChildIOT /tmp/.org.chromium.Chromium.OJQKtp
ThreadPoolSingl /proc/2555/task/2561/status
ThreadPoolSingl /proc/2555/task/2562/status
ThreadPoolSingl /proc/2555/task/2563/status
ThreadPoolSingl /proc/2555/task/2565/status
Chrome_IOThread /tmp/.org.chromium.Chromium.nzoUrr
ThreadPoolSingl /proc/2555/task
ThreadPoolSingl /proc/2555/task/2555/status
ThreadPoolSingl /proc/2555/task/2560/status
Chrome_ChildIOT /tmp/.org.chromium.Chromium.fgMud0
ThreadPoolSingl /proc/2555/task/2561/status
ThreadPoolSingl /proc/2555/task/2562/status
ThreadPoolSingl /proc/2555/task/2563/status
ThreadPoolSingl /proc/2555/task/2565/status
ThreadPoolSingl /proc/2555/task/2568/status
Chrome_ChildIOT /tmp/.org.chromium.Chromium.4kKZET
ThreadPoolSingl /proc/2555/task
ThreadPoolSingl /proc/2555/task/2555/status
ThreadPoolSingl /proc/2555/task/2560/status
ThreadPoolSingl /proc/2555/task/2561/status
Chrome_ChildIOT /tmp/.org.chromium.Chromium.XuBVCh
Chrome_ChildIOT /tmp/.org.chromium.Chromium.XuBVCh
ThreadPoolSingl /proc/2555/task/2562/status
Chrome_IOThread /tmp/.org.chromium.Chromium.YRr5E2
ThreadPoolSingl /proc/2555/task/2563/status
ThreadPoolSingl /proc/2555/task
ThreadPoolSingl /proc/2555/task/2555/status
ThreadPoolSingl /proc/2555/task/2560/status
Chrome_IOThread /tmp/.org.chromium.Chromium.kOUNgV
ThreadPoolSingl /proc/2555/task/2561/status
ThreadPoolForeg /config/.cache/chromium/Default/Cache/Cache_Data/f59233ac46ee98..
Chrome_ChildIOT /tmp/.org.chromium.Chromium.h3VXMl
ThreadPoolSingl /proc/2555/task/2562/status
ThreadPoolSingl /proc/2555/task/2563/status
ThreadPoolSingl /proc/2555/task/2565/status
ThreadPoolSingl /proc/2555/task/2568/status
ThreadPoolSingl /proc/2555/task/2569/status
ThreadPoolSingl /proc/2555/task
ThreadPoolSingl /proc/2555/task/2555/status
ThreadPoolSingl /proc/2555/task/2560/status
ThreadPoolSingl /proc/2555/task/2561/status
ThreadPoolSingl /proc/2555/task/2562/status
ThreadPoolSingl /proc/2555/task/2563/status
ThreadPoolSingl /proc/2555/task/2565/status
ThreadPoolSingl /proc/2555/task/2568/status
ThreadPoolSingl /proc/2555/task/2569/status
ThreadPoolSingl /proc/2555/task/2570/status
ThreadPoolSingl /proc/2555/task
ThreadPoolSingl /proc/2555/task/2555/status
ThreadPoolSingl /proc/2555/task/2560/status
ThreadPoolForeg /config/.cache/chromium/Default/Cache/Cache_Data/fcdad8ea0e2f10..
Chrome_IOThread /tmp/.org.chromium.Chromium.FI7Gdv
ThreadPoolSingl /proc/2555/task/2561/status
ThreadPoolSingl /proc/2555/task/2562/status
ThreadPoolSingl /proc/2555/task/2563/status
ThreadPoolSingl /proc/2555/task/2565/status
ThreadPoolSingl /proc/2555/task/2568/status
Chrome_ChildIOT /tmp/.org.chromium.Chromium.kgs1nG
chromium /proc/2524/stat
chromium /proc/2524/stat
Chrome_ChildIOT /tmp/.org.chromium.Chromium.sywlpV
ThreadPoolForeg /config/.config/chromium/Default
Chrome_ChildIOT /tmp/.org.chromium.Chromium.LwIvi1
Chrome_ChildIOT /tmp/.org.chromium.Chromium.vFMWXJ
chromium /tmp/.org.chromium.Chromium.qC64E6
chromium /tmp/.org.chromium.Chromium.qC64E6
Chrome_ChildIOT /tmp/.org.chromium.Chromium.dDslRo
Chrome_IOThread /tmp/.org.chromium.Chromium.6ewVwu
Chrome_IOThread /tmp/.org.chromium.Chromium.6ewVwu
ThreadPoolForeg /config/.cache/chromium/Default/Cache/Cache_Data/3d93744eb3fa81..
chromium /proc/2320/stat
Chrome_ChildIOT /tmp/.org.chromium.Chromium.h3YTJc
chromium /proc/1855/stat
ThreadPoolForeg /config/.cache/chromium/Default/Cache/Cache_Data/2e86c94ed1c533..
Chrome_IOThread /tmp/.org.chromium.Chromium.GDOCOR
Chrome_ChildIOT /tmp/.org.chromium.Chromium.Rq4ESC
ThreadPoolForeg /config/.cache/chromium/Default/Cache/Cache_Data/b1ad39d24a880a..
chromium /proc/2546/stat
chromium /proc/2546/stat
Chrome_ChildIOT /tmp/.org.chromium.Chromium.HkuByu
Chrome_ChildIOT /tmp/.org.chromium.Chromium.zkCkaN
Chrome_IOThread /tmp/.org.chromium.Chromium.Ra3t64
ThreadPoolSingl /proc/2524/task
ThreadPoolSingl /proc/2524/task/2524/status
ThreadPoolSingl /proc/2524/task/2527/status
ThreadPoolSingl /proc/2524/task/2528/status
ThreadPoolSingl /proc/2524/task/2529/status
ThreadPoolSingl /proc/2524/task/2530/status
ThreadPoolSingl /proc/2524/task/2531/status
ThreadPoolSingl /proc/2524/task/2534/status
ThreadPoolSingl /proc/2524/task/2535/status
ThreadPoolSingl /proc/2524/task/2537/status
chromium /proc/2524/stat
ThreadPoolSingl /proc/2524/task/2578/status
ThreadPoolSingl /proc/2524/task
chromium /proc/2524/stat
ThreadPoolSingl /proc/2524/task/2524/status
ThreadPoolSingl /proc/2524/task/2527/status
ThreadPoolSingl /proc/2524/task/2528/status
ThreadPoolSingl /proc/2524/task/2529/status
ThreadPoolSingl /proc/2524/task/2530/status
ThreadPoolSingl /proc/2524/task/2531/status
ThreadPoolSingl /proc/2524/task/2534/status
ThreadPoolSingl /proc/2524/task/2535/status
chromium /proc/1855/stat
ThreadPoolSingl /proc/2524/task/2537/status
ThreadPoolSingl /proc/2524/task/2578/status
ThreadPoolSingl /proc/2524/task/2579/status
ThreadPoolForeg /config/.cache/chromium/Default/Cache/Cache_Data/164cae73204eed..
chromium /proc/2546/stat
chromium /proc/1855/stat
Chrome_IOThread /tmp/.org.chromium.Chromium.pkADMF
ThreadPoolForeg /config/.cache/chromium/Default/Cache/Cache_Data/991c7495efccdd..
ThreadPoolForeg /config/.cache/chromium/Default/Cache/Cache_Data/780c3fe62b7275..
ThreadPoolForeg /config/.cache/chromium/Default/Cache/Cache_Data/318e943071a0cf..
ThreadPoolForeg /config/.cache/chromium/Default/Cache/Cache_Data/a80f8f464dbae8..
Chrome_ChildIOT /tmp/.org.chromium.Chromium.nh8Vvv
Chrome_ChildIOT /tmp/.org.chromium.Chromium.xX5WlW
Chrome_ChildIOT /tmp/.org.chromium.Chromium.8PlCwJ
Chrome_ChildIOT /tmp/.org.chromium.Chromium.qNDEeh
Chrome_ChildIOT /tmp/.org.chromium.Chromium.lnN1ND
Chrome_ChildIOT /tmp/.org.chromium.Chromium.BeNC39
Chrome_ChildIOT /tmp/.org.chromium.Chromium.9rFRfK
Chrome_ChildIOT /tmp/.org.chromium.Chromium.xOEc5s
Chrome_ChildIOT /tmp/.org.chromium.Chromium.tGlyqF
Chrome_ChildIOT /tmp/.org.chromium.Chromium.MmhKQ9
ThreadPoolForeg /config/.cache/chromium/Default/Cache/Cache_Data/8d8e25cf01b54f..
ThreadPoolForeg /config/.cache/chromium/Default/Cache/Cache_Data/1c41604f4f82bf..
ThreadPoolForeg /config/.cache/chromium/Default/Cache/Cache_Data/e5c2e5962e4a43..
ThreadPoolForeg /config/.cache/chromium/Default/Cache/Cache_Data/23fd50a1220e59..
ThreadPoolForeg /config/.cache/chromium/Default/Cache/Cache_Data/ffcba3906c4c62..
ThreadPoolForeg /config/.cache/chromium/Default/Cache/Cache_Data/c56bc5ba962ade..
ThreadPoolForeg /config/.cache/chromium/Default/Cache/Cache_Data/4dae9988b76178..
ThreadPoolForeg /config/.cache/chromium/Default/Cache/Cache_Data/19d4c9fbd92219..
ThreadPoolForeg /config/.cache/chromium/Default/Cache/Cache_Data/b447e514c066d4..
ThreadPoolForeg /config/.cache/chromium/Default/Cache/Cache_Data/cc2086ecfd9f82..
ThreadPoolForeg /config/.cache/chromium/Default/Cache/Cache_Data/854805bd90a268..
ThreadPoolForeg /config/.cache/chromium/Default/Cache/Cache_Data/b95f703629486e..
Chrome_ChildIOT /tmp/.org.chromium.Chromium.6W8XOd
ThreadPoolForeg /usr/share/fonts/truetype/liberation/LiberationSans-Bold.ttf
ThreadPoolForeg /usr/share/fonts/truetype/liberation/LiberationSans-Bold.ttf
ThreadPoolForeg /tmp/.org.chromium.Chromium.XgnTI1
ThreadPoolForeg /tmp/.org.chromium.Chromium.XgnTI1
Chrome_ChildIOT /tmp/.org.chromium.Chromium.BTkNmF
ThreadPoolSingl /proc/2546/task
ThreadPoolSingl /proc/2546/task/2546/status
ThreadPoolSingl /proc/2546/task/2548/status
ThreadPoolSingl /proc/2546/task/2549/status
ThreadPoolSingl /proc/2546/task/2551/status
ThreadPoolSingl /proc/2546/task/2552/status
ThreadPoolSingl /proc/2546/task/2553/status
ThreadPoolSingl /proc/2546/task/2557/status
ThreadPoolSingl /proc/2546/task/2558/status
ThreadPoolSingl /proc/2546/task/2559/status
ThreadPoolSingl /proc/2546/task/2588/status
Chrome_ChildIOT /tmp/.org.chromium.Chromium.OI29Rj
Chrome_ChildIOT /tmp/.org.chromium.Chromium.naXToQ
ThreadPoolForeg /config/.cache/chromium/Default/Code Cache/js/b8a5f560a244b69d_..
ThreadPoolForeg /config/.cache/chromium/Default/Cache/Cache_Data/a3d6a26f74b160..
Chrome_ChildIOT /tmp/.org.chromium.Chromium.AIMKfk
ThreadPoolForeg /config/.cache/chromium/Default/Code Cache/js/1927388034f20147_..
Chrome_ChildIOT /tmp/.org.chromium.Chromium.ByqOX3
ThreadPoolForeg /config/.cache/chromium/Default/Code Cache/js/c41c099a69a1c902_..
chromium /proc/2546/stat
Chrome_ChildIOT /tmp/.org.chromium.Chromium.RTCraS
chromium /proc/2546/stat
Chrome_ChildIOT /tmp/.org.chromium.Chromium.zopsuE
Chrome_ChildIOT /tmp/.org.chromium.Chromium.f1ie7l
Chrome_ChildIOT /tmp/.org.chromium.Chromium.AFkvF6
Chrome_ChildIOT /tmp/.org.chromium.Chromium.1zCXUC
chromium /proc/2546/stat
xclip /etc/ld.so.cache
xclip /lib/x86_64-linux-gnu/libXmu.so.6
xclip /lib/x86_64-linux-gnu/libX11.so.6
xclip /lib/x86_64-linux-gnu/libc.so.6
xclip /lib/x86_64-linux-gnu/libXt.so.6
xclip /lib/x86_64-linux-gnu/libXext.so.6
xclip /lib/x86_64-linux-gnu/libxcb.so.1
xclip /lib/x86_64-linux-gnu/libSM.so.6
xclip /lib/x86_64-linux-gnu/libICE.so.6
xclip /lib/x86_64-linux-gnu/libXau.so.6
xclip /lib/x86_64-linux-gnu/libXdmcp.so.6
xclip /lib/x86_64-linux-gnu/libuuid.so.1
xclip /lib/x86_64-linux-gnu/libbsd.so.0
xclip /lib/x86_64-linux-gnu/libmd.so.0
xclip /usr/share/X11/locale/locale.alias
xclip /usr/share/X11/locale/locale.dir
xclip /usr/share/X11/locale/C/XLC_LOCALE
Chrome_ChildIOT /tmp/.org.chromium.Chromium.7bcyeO
xclip /usr/share/X11/locale/locale.alias
xclip /usr/share/X11/locale/locale.dir
xclip /usr/share/X11/locale/C/XLC_LOCALE
Xvfb /proc/2593/cmdline
Chrome_ChildIOT /tmp/.org.chromium.Chromium.lXXMVT
Chrome_ChildIOT /tmp/.org.chromium.Chromium.PqDyAX
ThreadPoolForeg /config/.cache/chromium/Default/Cache/Cache_Data/cd12213eab43d0..
Chrome_ChildIOT /tmp/.org.chromium.Chromium.57eiXF
Chrome_IOThread /tmp/.org.chromium.Chromium.2xTLMN
Chrome_IOThread /tmp/.org.chromium.Chromium.2xTLMN
chromium /proc/2546/stat
chromium /proc/2546/stat
ThreadPoolForeg /config/.cache/chromium/Default/Cache/Cache_Data/583f5543ef2330..
Chrome_IOThread /tmp/.org.chromium.Chromium.exjUxa
Chrome_IOThread /tmp/.org.chromium.Chromium.exjUxa
Chrome_IOThread /tmp/.org.chromium.Chromium.2QRFLH
Chrome_IOThread /tmp/.org.chromium.Chromium.2QRFLH
ThreadPoolForeg /config/.cache/chromium/Default/Cache/Cache_Data/c2af64498a9a76..
Chrome_IOThread /tmp/.org.chromium.Chromium.1F95kJ
Chrome_IOThread /tmp/.org.chromium.Chromium.1F95kJ
Chrome_IOThread /tmp/.org.chromium.Chromium.roGk92
Chrome_IOThread /tmp/.org.chromium.Chromium.roGk92
Chrome_IOThread /tmp/.org.chromium.Chromium.1EJZZf
Chrome_IOThread /tmp/.org.chromium.Chromium.1EJZZf
Chrome_IOThread /tmp/.org.chromium.Chromium.nI6Fej
Chrome_IOThread /tmp/.org.chromium.Chromium.nI6Fej
Chrome_IOThread /tmp/.org.chromium.Chromium.Sm55GS
Chrome_IOThread /tmp/.org.chromium.Chromium.Sm55GS
Chrome_IOThread /tmp/.org.chromium.Chromium.dXB2BS
ThreadPoolSingl /proc/2524/task
ThreadPoolSingl /proc/2524/task/2524/status
ThreadPoolSingl /proc/2524/task/2527/status
ThreadPoolSingl /proc/2524/task/2528/status
ThreadPoolSingl /proc/2524/task/2529/status
ThreadPoolSingl /proc/2524/task/2530/status
ThreadPoolSingl /proc/2524/task/2531/status
ThreadPoolSingl /proc/2524/task/2534/status
ThreadPoolSingl /proc/2524/task/2535/status
ThreadPoolSingl /proc/2524/task/2537/status
ThreadPoolSingl /proc/2524/task/2578/status
Chrome_IOThread /tmp/.org.chromium.Chromium.FK9TRC
ThreadPoolSingl /proc/2524/task/2579/status
ThreadPoolSingl /proc/2524/task/2598/status
Chrome_IOThread /tmp/.org.chromium.Chromium.QyWe2b
Chrome_IOThread /tmp/.org.chromium.Chromium.QyWe2b
Chrome_IOThread /tmp/.org.chromium.Chromium.r9oCsX
Chrome_IOThread /tmp/.org.chromium.Chromium.r9oCsX
Chrome_ChildIOT /tmp/.org.chromium.Chromium.XZYQo6
Chrome_ChildIOT /tmp/.org.chromium.Chromium.UT2P6y
ThreadPoolForeg /config/.cache/chromium/Default/Cache/Cache_Data/5d2db24221c9c1..
Chrome_ChildIOT /tmp/.org.chromium.Chromium.xhrZ9F
ThreadPoolForeg /config/.cache/chromium/Default/Cache/Cache_Data/834ed81308beb2..
ThreadPoolForeg /config/.cache/chromium/Default/Cache/Cache_Data/095b90f57639d1..
ThreadPoolForeg /config/.cache/chromium/Default/Cache/Cache_Data/5c318c38097d52..
chromium /tmp/.org.chromium.Chromium.f6zUME
Chrome_ChildIOT /tmp/.org.chromium.Chromium.8hoBYy
Chrome_ChildIOT /tmp/.org.chromium.Chromium.bJ38jW
Chrome_ChildIOT /tmp/.org.chromium.Chromium.76Jd3R
ThreadPoolForeg /config/.cache/chromium/Default/Cache/Cache_Data/64b7b899e5d65f..
ThreadPoolForeg /config/.cache/chromium/Default/Cache/Cache_Data/d1914873ab13fa..
Chrome_ChildIOT /tmp/.org.chromium.Chromium.tbp3Qy
Chrome_ChildIOT /tmp/.org.chromium.Chromium.21hrcU
ThreadPoolForeg /config/.cache/chromium/Default/Cache/Cache_Data/c3d5cfe716080b..
Chrome_ChildIOT /tmp/.org.chromium.Chromium.nn4MKP
Chrome_ChildIOT /tmp/.org.chromium.Chromium.8yatWH
chromium /proc/1855/stat
chromium /proc/2546/stat
ThreadPoolForeg /config/.cache/chromium/Default/Code Cache/js/bfcb0dac956b6ed3_..
ThreadPoolForeg /config/.cache/chromium/Default/Cache/Cache_Data/36ad548090588b..
chromium /proc/1855/stat
chromium /tmp/.org.chromium.Chromium.IGSMes
chromium /tmp/.org.chromium.Chromium.IGSMes
chromium /tmp/.org.chromium.Chromium.eBYr2P
Chrome_IOThread /tmp/.org.chromium.Chromium.iBMp10
Chrome_IOThread /tmp/.org.chromium.Chromium.iBMp10
Chrome_ChildIOT /tmp/.org.chromium.Chromium.FM3E1m
ThreadPoolSingl /tmp/.org.chromium.Chromium.1kUAec
chromium /proc/2555/stat
chromium /proc/self/maps
ThreadPoolForeg /config/.cache/chromium/Default/Cache/Cache_Data/3305303cf361b3..
Chrome_ChildIOT /tmp/.org.chromium.Chromium.FzCZoT
Chrome_ChildIOT /tmp/.org.chromium.Chromium.FzCZoT
chromium /proc/self/maps
chromium /proc/self/maps
chromium .
chromium self/fd/
xclip /etc/ld.so.cache
xclip /lib/x86_64-linux-gnu/libXmu.so.6
xclip /lib/x86_64-linux-gnu/libX11.so.6
chromium .
xclip /lib/x86_64-linux-gnu/libc.so.6
xclip /lib/x86_64-linux-gnu/libXt.so.6
xclip /lib/x86_64-linux-gnu/libXext.so.6
xclip /lib/x86_64-linux-gnu/libxcb.so.1
xclip /lib/x86_64-linux-gnu/libSM.so.6
xclip /lib/x86_64-linux-gnu/libICE.so.6
xclip /lib/x86_64-linux-gnu/libXau.so.6
xclip /lib/x86_64-linux-gnu/libXdmcp.so.6
xclip /lib/x86_64-linux-gnu/libuuid.so.1
xclip /lib/x86_64-linux-gnu/libbsd.so.0
xclip /lib/x86_64-linux-gnu/libmd.so.0
xclip /usr/share/X11/locale/locale.alias
xclip /usr/share/X11/locale/locale.dir
xclip /usr/share/X11/locale/C/XLC_LOCALE
xclip /usr/share/X11/locale/locale.alias
xclip /usr/share/X11/locale/locale.dir
xclip /usr/share/X11/locale/C/XLC_LOCALE
chromium /proc/2624/stat
Xvfb /proc/2627/cmdline
Chrome_IOThread /tmp/.org.chromium.Chromium.GaAbol
Chrome_IOThread /tmp/.org.chromium.Chromium.SCOMVQ
chromium /proc/2546/stat
chromium /proc/2546/stat
chromium /proc/2624/stat
chromium /proc/2624/status
chromium /proc/2624/status
chromium /proc/2624/statm
ThreadPoolForeg /tmp/.org.chromium.Chromium.VGJ4Xe
ThreadPoolForeg /tmp/.org.chromium.Chromium.VGJ4Xe
chromium /proc/2546/stat
ThreadPoolSingl /proc/2624/task
chromium /proc/1855/stat
ThreadPoolSingl /proc/2624/task/2624/status
ThreadPoolSingl /proc/2624/task/2628/status
ThreadPoolSingl /proc/2624/task
ThreadPoolSingl /proc/2624/task/2624/status
ThreadPoolSingl /proc/2624/task/2628/status
ThreadPoolSingl /proc/2624/task/2629/status
ThreadPoolSingl /proc/2624/task
ThreadPoolSingl /proc/2624/task/2624/status
ThreadPoolSingl /proc/2624/task/2628/status
ThreadPoolSingl /proc/2624/task/2629/status
ThreadPoolSingl /proc/2624/task/2630/status
Chrome_IOThread /tmp/.org.chromium.Chromium.Yxgsbf
ThreadPoolSingl /proc/2624/task
ThreadPoolSingl /proc/2624/task/2624/status
ThreadPoolSingl /proc/2624/task/2628/status
ThreadPoolSingl /proc/2624/task/2629/status
ThreadPoolSingl /proc/2624/task/2630/status
ThreadPoolSingl /proc/2624/task/2631/status
chromium /tmp/.org.chromium.Chromium.z9oWET
chromium /tmp/.org.chromium.Chromium.z9oWET
ThreadPoolSingl /proc/2624/task
ThreadPoolSingl /proc/2624/task/2624/status
ThreadPoolSingl /proc/2624/task/2628/status
ThreadPoolSingl /proc/2624/task/2629/status
ThreadPoolSingl /proc/2624/task/2630/status
ThreadPoolSingl /proc/2624/task/2631/status
ThreadPoolSingl /proc/2624/task/2633/status
Chrome_IOThread /tmp/.org.chromium.Chromium.4p6W4o
ThreadPoolSingl /proc/2624/task
ThreadPoolForeg /config/.cache/chromium/Default/Cache/Cache_Data/5a2a8b4e331fc2..
ThreadPoolSingl /proc/2624/task/2624/status
ThreadPoolSingl /proc/2624/task/2628/status
ThreadPoolSingl /proc/2624/task/2629/status
ThreadPoolSingl /proc/2624/task/2630/status
ThreadPoolSingl /proc/2624/task/2631/status
ThreadPoolSingl /proc/2624/task/2633/status
ThreadPoolSingl /proc/2624/task/2636/status
ThreadPoolSingl /proc/2624/task
ThreadPoolSingl /proc/2624/task/2624/status
ThreadPoolSingl /proc/2624/task/2628/status
ThreadPoolSingl /proc/2624/task/2629/status
ThreadPoolSingl /proc/2624/task/2630/status
ThreadPoolSingl /proc/2624/task/2631/status
ThreadPoolSingl /proc/2624/task
ThreadPoolSingl /proc/2624/task/2624/status
ThreadPoolSingl /proc/2624/task/2628/status
ThreadPoolSingl /proc/2624/task/2629/status
ThreadPoolSingl /proc/2624/task/2630/status
ThreadPoolSingl /proc/2624/task/2631/status
ThreadPoolSingl /proc/2624/task/2633/status
ThreadPoolSingl /proc/2624/task/2636/status
ThreadPoolSingl /proc/2624/task/2637/status
ThreadPoolSingl /proc/2624/task
ThreadPoolSingl /proc/2624/task/2624/status
ThreadPoolSingl /proc/2624/task/2628/status
ThreadPoolSingl /proc/2624/task/2629/status
ThreadPoolSingl /proc/2624/task/2630/status
ThreadPoolSingl /proc/2624/task/2631/status
ThreadPoolSingl /proc/2624/task/2633/status
ThreadPoolSingl /proc/2624/task/2636/status
ThreadPoolSingl /proc/2624/task/2637/status
ThreadPoolSingl /proc/2624/task/2638/status
ThreadPoolSingl /proc/2624/task
ThreadPoolSingl /proc/2624/task/2624/status
ThreadPoolSingl /proc/2624/task/2628/status
ThreadPoolSingl /proc/2624/task/2629/status
ThreadPoolSingl /proc/2624/task/2630/status
ThreadPoolSingl /proc/2624/task/2631/status
ThreadPoolSingl /proc/2624/task/2633/status
ThreadPoolSingl /proc/2624/task/2636/status
ThreadPoolForeg /config/.cache/chromium/Default/Cache/Cache_Data/7dba40df4f05a8..
Chrome_ChildIOT /tmp/.org.chromium.Chromium.e4Yn7g
Chrome_ChildIOT /tmp/.org.chromium.Chromium.gb1Pug
Chrome_ChildIOT /tmp/.org.chromium.Chromium.gb1Pug
Chrome_IOThread /tmp/.org.chromium.Chromium.AjyWWk
Chrome_ChildIOT /tmp/.org.chromium.Chromium.3310nx
Chrome_IOThread /tmp/.org.chromium.Chromium.9An7av
selkies /proc/stat
Chrome_ChildIOT /tmp/.org.chromium.Chromium.4YGSIF
selkies /proc/meminfo
chromium /proc/2555/stat
chromium /proc/2555/stat
ThreadPoolForeg /config/.cache/chromium/Default/Code Cache/js/4e01f1a8424821d8_..
Chrome_IOThread /tmp/.org.chromium.Chromium.efQJ6D
chromium /proc/2555/stat
ThreadPoolForeg /config/.cache/chromium/Default/Cache/Cache_Data/06a106974ce2d9..
chromium /proc/1855/stat
ThreadPoolForeg /config/.cache/chromium/Default/Cache/Cache_Data/46df5ea18a88cd..
chromium /proc/2546/stat
chromium /proc/2546/stat
chromium /proc/2546/stat
Chrome_ChildIOT /tmp/.org.chromium.Chromium.Cu7y1J
Chrome_ChildIOT /tmp/.org.chromium.Chromium.WBSjfX
ThreadPoolForeg /config/.cache/chromium/Default/Cache/Cache_Data/789174546e077d..
Chrome_ChildIOT /tmp/.org.chromium.Chromium.bWIpyq
ThreadPoolSingl /proc/2546/task
ThreadPoolSingl /proc/2546/task/2546/status
ThreadPoolSingl /proc/2546/task/2548/status
ThreadPoolSingl /proc/2546/task/2549/status
ThreadPoolSingl /proc/2546/task/2551/status
ThreadPoolSingl /proc/2546/task/2552/status
ThreadPoolSingl /proc/2546/task/2553/status
ThreadPoolSingl /proc/2546/task/2557/status
ThreadPoolSingl /proc/2546/task/2558/status
ThreadPoolSingl /proc/2546/task/2559/status
ThreadPoolSingl /proc/2546/task/2588/status
ThreadPoolSingl /proc/2546/task/2665/status
ThreadPoolSingl /proc/2546/task
ThreadPoolSingl /proc/2546/task/2546/status
ThreadPoolSingl /proc/2546/task/2548/status
ThreadPoolSingl /proc/2546/task/2549/status
ThreadPoolSingl /proc/2546/task/2551/status
ThreadPoolSingl /proc/2546/task/2552/status
ThreadPoolSingl /proc/2546/task/2553/status
ThreadPoolSingl /proc/2546/task/2557/status
ThreadPoolSingl /proc/2546/task/2558/status
ThreadPoolSingl /proc/2546/task/2559/status
ThreadPoolSingl /proc/2546/task/2588/status
ThreadPoolSingl /proc/2546/task/2665/status
ThreadPoolSingl /proc/2546/task/2666/status
ThreadPoolSingl /proc/2546/task/2667/status
ThreadPoolSingl /proc/2546/task/2668/status
ThreadPoolSingl /proc/2546/task
ThreadPoolSingl /proc/2546/task/2546/status
ThreadPoolSingl /proc/2546/task/2548/status
ThreadPoolSingl /proc/2546/task/2549/status
ThreadPoolSingl /proc/2546/task/2551/status
ThreadPoolSingl /proc/2546/task/2552/status
ThreadPoolSingl /proc/2546/task/2553/status
ThreadPoolSingl /proc/2546/task/2557/status
ThreadPoolSingl /proc/2546/task/2558/status
ThreadPoolSingl /proc/2546/task/2559/status
ThreadPoolSingl /proc/2546/task/2588/status
ThreadPoolSingl /proc/2546/task/2665/status
ThreadPoolSingl /proc/2546/task/2666/status
ThreadPoolSingl /proc/2546/task
ThreadPoolSingl /proc/2546/task/2546/status
ThreadPoolSingl /proc/2546/task/2548/status
ThreadPoolSingl /proc/2546/task/2549/status
ThreadPoolSingl /proc/2546/task/2551/status
ThreadPoolSingl /proc/2546/task/2552/status
ThreadPoolSingl /proc/2546/task/2553/status
ThreadPoolSingl /proc/2546/task/2557/status
ThreadPoolSingl /proc/2546/task/2558/status
ThreadPoolSingl /proc/2546/task/2559/status
ThreadPoolSingl /proc/2546/task/2588/status
ThreadPoolSingl /proc/2546/task/2665/status
ThreadPoolSingl /proc/2546/task/2666/status
ThreadPoolSingl /proc/2546/task/2667/status
ThreadPoolSingl /proc/2546/task
ThreadPoolSingl /proc/2546/task/2546/status
ThreadPoolSingl /proc/2546/task/2548/status
ThreadPoolSingl /proc/2546/task/2549/status
ThreadPoolSingl /proc/2546/task/2551/status
ThreadPoolSingl /proc/2546/task/2552/status
ThreadPoolSingl /proc/2546/task/2553/status
ThreadPoolSingl /proc/2546/task/2557/status
ThreadPoolSingl /proc/2546/task/2558/status
ThreadPoolSingl /proc/2546/task/2559/status
ThreadPoolSingl /proc/2546/task/2588/status
ThreadPoolSingl /proc/2546/task/2665/status
ThreadPoolSingl /proc/2546/task/2666/status
ThreadPoolSingl /proc/2546/task/2667/status
ThreadPoolSingl /proc/2546/task/2668/status
ThreadPoolSingl /proc/2546/task/2669/status
ThreadPoolSingl /proc/2546/task
ThreadPoolSingl /proc/2546/task/2546/status
ThreadPoolSingl /proc/2546/task/2548/status
ThreadPoolSingl /proc/2546/task/2549/status
ThreadPoolSingl /proc/2546/task/2551/status
ThreadPoolSingl /proc/2546/task/2552/status
ThreadPoolSingl /proc/2546/task/2553/status
ThreadPoolSingl /proc/2546/task/2557/status
ThreadPoolSingl /proc/2546/task/2558/status
ThreadPoolSingl /proc/2546/task/2559/status
ThreadPoolSingl /proc/2546/task/2588/status
ThreadPoolSingl /proc/2546/task/2665/status
ThreadPoolSingl /proc/2546/task/2666/status
ThreadPoolSingl /proc/2546/task/2667/status
ThreadPoolSingl /proc/2546/task/2668/status
ThreadPoolSingl /proc/2546/task/2669/status
ThreadPoolSingl /proc/2546/task/2670/status
ThreadPoolSingl /proc/2546/task
ThreadPoolSingl /proc/2546/task/2546/status
ThreadPoolSingl /proc/2546/task/2548/status
ThreadPoolSingl /proc/2546/task/2549/status
ThreadPoolSingl /proc/2546/task/2551/status
ThreadPoolSingl /proc/2546/task/2552/status
ThreadPoolSingl /proc/2546/task/2553/status
ThreadPoolSingl /proc/2546/task/2557/status
ThreadPoolSingl /proc/2546/task/2558/status
ThreadPoolSingl /proc/2546/task/2559/status
ThreadPoolSingl /proc/2546/task/2588/status
ThreadPoolSingl /proc/2546/task/2665/status
ThreadPoolSingl /proc/2546/task/2666/status
ThreadPoolSingl /proc/2546/task/2667/status
ThreadPoolSingl /proc/2546/task/2668/status
ThreadPoolSingl /proc/2546/task/2669/status
ThreadPoolSingl /proc/2546/task/2670/status
ThreadPoolSingl /proc/2546/task/2671/status
ThreadPoolSingl /proc/2546/task
xclip /etc/ld.so.cache
ThreadPoolSingl /proc/2546/task/2546/status
xclip /lib/x86_64-linux-gnu/libXmu.so.6
xclip /lib/x86_64-linux-gnu/libX11.so.6
ThreadPoolSingl /proc/2546/task/2548/status
xclip /lib/x86_64-linux-gnu/libc.so.6
xclip /lib/x86_64-linux-gnu/libXt.so.6
ThreadPoolSingl /proc/2546/task/2549/status
xclip /lib/x86_64-linux-gnu/libXext.so.6
xclip /lib/x86_64-linux-gnu/libxcb.so.1
xclip /lib/x86_64-linux-gnu/libSM.so.6
ThreadPoolSingl /proc/2546/task/2551/status
xclip /lib/x86_64-linux-gnu/libICE.so.6
xclip /lib/x86_64-linux-gnu/libXau.so.6
xclip /lib/x86_64-linux-gnu/libXdmcp.so.6
ThreadPoolSingl /proc/2546/task/2552/status
xclip /lib/x86_64-linux-gnu/libuuid.so.1
xclip /lib/x86_64-linux-gnu/libbsd.so.0
xclip /lib/x86_64-linux-gnu/libmd.so.0
ThreadPoolSingl /proc/2546/task/2553/status
ThreadPoolSingl /proc/2546/task/2557/status
xclip /usr/share/X11/locale/locale.alias
ThreadPoolSingl /proc/2546/task/2558/status
ThreadPoolSingl /proc/2546/task/2559/status
xclip /usr/share/X11/locale/locale.dir
ThreadPoolSingl /proc/2546/task/2588/status
xclip /usr/share/X11/locale/C/XLC_LOCALE
xclip /usr/share/X11/locale/locale.alias
ThreadPoolSingl /proc/2546/task/2665/status
ThreadPoolSingl /proc/2546/task/2666/status
xclip /usr/share/X11/locale/locale.dir
xclip /usr/share/X11/locale/C/XLC_LOCALE
ThreadPoolSingl /proc/2546/task/2667/status
Xvfb /proc/2676/cmdline
ThreadPoolSingl /proc/2546/task/2668/status
ThreadPoolSingl /proc/2546/task/2669/status
ThreadPoolSingl /proc/2546/task/2670/status
ThreadPoolSingl /proc/2546/task/2671/status
ThreadPoolSingl /proc/2546/task/2672/status
ThreadPoolSingl /proc/2546/task
ThreadPoolSingl /proc/2546/task/2546/status
ThreadPoolSingl /proc/2546/task/2548/status
ThreadPoolSingl /proc/2546/task/2549/status
ThreadPoolSingl /proc/2546/task/2551/status
ThreadPoolSingl /proc/2546/task/2552/status
ThreadPoolSingl /proc/2546/task/2553/status
ThreadPoolSingl /proc/2546/task/2557/status
ThreadPoolSingl /proc/2546/task/2558/status
ThreadPoolSingl /proc/2546/task/2559/status
ThreadPoolSingl /proc/2546/task/2588/status
ThreadPoolSingl /proc/2546/task/2665/status
ThreadPoolSingl /proc/2546/task/2666/status
ThreadPoolSingl /proc/2546/task/2667/status
ThreadPoolSingl /proc/2546/task/2668/status
ThreadPoolSingl /proc/2546/task/2669/status
ThreadPoolSingl /proc/2546/task/2670/status
ThreadPoolSingl /proc/2546/task/2671/status
ThreadPoolSingl /proc/2546/task/2672/status
ThreadPoolSingl /proc/2546/task/2673/status
ThreadPoolForeg /config/.cache/chromium/Default/Cache/Cache_Data/3513df68d92236..
ThreadPoolForeg /config/.cache/chromium/Default/Cache/Cache_Data/4dcb843cc6be59..
Chrome_IOThread /tmp/.org.chromium.Chromium.uCFpRS
Chrome_IOThread /tmp/.org.chromium.Chromium.uCFpRS
Chrome_ChildIOT /tmp/.org.chromium.Chromium.tMn6iR
Chrome_ChildIOT /tmp/.org.chromium.Chromium.mWF5ZV
chromium /proc/2546/stat
chromium /proc/2546/stat
ThreadPoolForeg /config/.cache/chromium/Default/Cache/Cache_Data/02481bc3fe8aef..
ThreadPoolForeg /config/.cache/chromium/Default/Code Cache/js/75c6a97d5236888b_..
ThreadPoolForeg /config/.cache/chromium/Default/Code Cache/js/b09affb9c3bc0a16_..
ThreadPoolForeg /config/.cache/chromium/Default/Code Cache/js/75c6a97d5236888b_..
ThreadPoolForeg /config/.cache/chromium/Default/Code Cache/js/f8df896ede2c8076_..
ThreadPoolForeg /config/.cache/chromium/Default/Code Cache/js/6cbda169b0a78a81_..
ThreadPoolForeg /config/.cache/chromium/Default/Code Cache/js/f8df896ede2c8076_..
ThreadPoolForeg /config/.cache/chromium/Default/Code Cache/js/c9e54cb5f6893b27_..
ThreadPoolForeg /config/.cache/chromium/Default/Code Cache/js/6cbda169b0a78a81_..
ThreadPoolForeg /config/.cache/chromium/Default/Code Cache/js/e4f4c17da2efe428_..
ThreadPoolForeg /config/.cache/chromium/Default/Code Cache/js/c9e54cb5f6893b27_..
ThreadPoolForeg /config/.cache/chromium/Default/Code Cache/js/b09affb9c3bc0a16_..
ThreadPoolForeg /config/.cache/chromium/Default/Code Cache/js/e4f4c17da2efe428_..
ThreadPoolForeg /config/.cache/chromium/Default/Code Cache/js/3a3b99d67926bcfc_..
ThreadPoolForeg /config/.cache/chromium/Default/Code Cache/js/75c6a97d5236888b_..
ThreadPoolForeg /config/.cache/chromium/Default/Code Cache/js/3a3b99d67926bcfc_..
ThreadPoolForeg /config/.cache/chromium/Default/Code Cache/js/34cbde5677781e66_..
ThreadPoolForeg /config/.cache/chromium/Default/Code Cache/js/6cbda169b0a78a81_..
ThreadPoolForeg /config/.cache/chromium/Default/Code Cache/js/f8df896ede2c8076_..
ThreadPoolForeg /config/.cache/chromium/Default/Code Cache/js/c9e54cb5f6893b27_..
ThreadPoolForeg /config/.cache/chromium/Default/Code Cache/js/34cbde5677781e66_..
ThreadPoolForeg /config/.cache/chromium/Default/Code Cache/js/e4f4c17da2efe428_..
ThreadPoolForeg /config/.cache/chromium/Default/Code Cache/js/bfcb0dac956b6ed3_..
ThreadPoolForeg /config/.cache/chromium/Default/Code Cache/js/bfcb0dac956b6ed3_..
ThreadPoolForeg /config/.cache/chromium/Default/Code Cache/js/b09affb9c3bc0a16_..
ThreadPoolForeg /config/.cache/chromium/Default/Code Cache/js/3a3b99d67926bcfc_..
ThreadPoolForeg /config/.cache/chromium/Default/Code Cache/js/34cbde5677781e66_..
ThreadPoolForeg /config/.cache/chromium/Default/Code Cache/js/bfcb0dac956b6ed3_..
Chrome_ChildIOT /tmp/.org.chromium.Chromium.1gKXod
Chrome_ChildIOT /tmp/.org.chromium.Chromium.sFe5MV
xdotool /etc/ld.so.cache
xdotool /lib/x86_64-linux-gnu/libxdo.so.3
xdotool /lib/x86_64-linux-gnu/libm.so.6
xdotool /lib/x86_64-linux-gnu/libX11.so.6
xdotool /lib/x86_64-linux-gnu/libc.so.6
xdotool /lib/x86_64-linux-gnu/libXtst.so.6
xdotool /lib/x86_64-linux-gnu/libXinerama.so.1
xdotool /lib/x86_64-linux-gnu/libxkbcommon.so.0
xdotool /lib/x86_64-linux-gnu/libxcb.so.1
xdotool /lib/x86_64-linux-gnu/libXext.so.6
xdotool /lib/x86_64-linux-gnu/libXau.so.6
xdotool /lib/x86_64-linux-gnu/libXdmcp.so.6
xdotool /lib/x86_64-linux-gnu/libbsd.so.0
xdotool /lib/x86_64-linux-gnu/libmd.so.0
Xvfb /proc/2700/cmdline
xclip /etc/ld.so.cache
xclip /lib/x86_64-linux-gnu/libXmu.so.6
xclip /lib/x86_64-linux-gnu/libX11.so.6
xclip /lib/x86_64-linux-gnu/libc.so.6
xclip /lib/x86_64-linux-gnu/libXt.so.6
xclip /lib/x86_64-linux-gnu/libXext.so.6
xclip /lib/x86_64-linux-gnu/libxcb.so.1
xclip /lib/x86_64-linux-gnu/libSM.so.6
xclip /lib/x86_64-linux-gnu/libICE.so.6
xclip /lib/x86_64-linux-gnu/libXau.so.6
xclip /lib/x86_64-linux-gnu/libXdmcp.so.6
xclip /lib/x86_64-linux-gnu/libuuid.so.1
xclip /lib/x86_64-linux-gnu/libbsd.so.0
xclip /lib/x86_64-linux-gnu/libmd.so.0
xclip /usr/share/X11/locale/locale.alias
xclip /usr/share/X11/locale/locale.dir
xclip /usr/share/X11/locale/C/XLC_LOCALE
xclip /usr/share/X11/locale/locale.alias
xclip /usr/share/X11/locale/locale.dir
xclip /usr/share/X11/locale/C/XLC_LOCALE
Xvfb /proc/2709/cmdline
ThreadPoolForeg /usr/share/mime/mime.cache
chromium /config/.local/share/recently-used.xbel
gmain /proc/self/mountinfo
chromium /etc/fstab
chromium /proc/self/mountinfo
chromium /config/.config/gtk-3.0/bookmarks
chromium /config/.gtk-bookmarks
chromium /config/.config/user-dirs.dirs
dbus-daemon /run/systemd/users/911
dbus-daemon /proc/1417/cmdline
chromium /usr/share/icons/breeze/index.theme
chromium /usr/share/icons/breeze/icon-theme.cache
chromium /usr/share/icons/breeze/icon-theme.cache
chromium /usr/share/icons/hicolor/index.theme
chromium /usr/share/icons/hicolor/icon-theme.cache
chromium /usr/share/icons/hicolor/icon-theme.cache
chromium /usr/share/icons/Adwaita/index.theme
chromium /usr/share/icons/Adwaita/icon-theme.cache
chromium /usr/share/icons/Adwaita/icon-theme.cache
chromium /usr/share/icons/icon-theme.cache
chromium /usr/share/icons
chromium /usr/share/pixmaps/icon-theme.cache
chromium /usr/share/pixmaps
chromium /usr/share/icons/breeze/places/symbolic/user-home-symbolic.svg
chromium /usr/share/icons/breeze/places/symbolic/user-home-symbolic.svg
chromium /config/.local/share/mime//aliases
chromium /config/.local/share/mime//subclasses
chromium /config/.local/share/mime//icons
chromium /config/.local/share/mime//generic-icons
chromium /usr/local/share//mime//aliases
chromium /usr/local/share//mime//subclasses
chromium /usr/local/share//mime//icons
chromium /usr/local/share//mime//generic-icons
chromium /usr/share//mime//mime.cache
chromium /usr/lib/x86_64-linux-gnu/gdk-pixbuf-2.0/2.10.0/loaders/libpixb..
chromium /etc/ld.so.cache
chromium /lib/x86_64-linux-gnu/librsvg-2.so.2
chromium /usr/share/locale/en_US/LC_MESSAGES/gdk-pixbuf.mo
chromium /usr/share/locale/en/LC_MESSAGES/gdk-pixbuf.mo
chromium /usr/share/locale-langpack/en_US/LC_MESSAGES/gdk-pixbuf.mo
chromium /usr/share/locale-langpack/en/LC_MESSAGES/gdk-pixbuf.mo
chromium /usr/share/fonts/truetype/noto/NotoSans-Regular.ttf
chromium /usr/share/fonts/truetype/noto/NotoSans-Regular.ttf
chromium /usr/share/icons/breeze/places/symbolic/user-desktop-symbolic.s..
chromium /usr/share/icons/breeze/places/symbolic/user-desktop-symbolic.s..
chromium /usr/share/icons/breeze/places/symbolic/folder-documents-symbol..
chromium /usr/share/icons/breeze/places/symbolic/folder-documents-symbol..
chromium /usr/share/icons/breeze/places/symbolic/folder-download-symboli..
chromium /usr/share/icons/breeze/places/symbolic/folder-download-symboli..
chromium /usr/share/icons/breeze/places/symbolic/folder-music-symbolic.s..
chromium /usr/share/icons/breeze/places/symbolic/folder-music-symbolic.s..
chromium /usr/share/icons/breeze/places/symbolic/folder-pictures-symboli..
chromium /usr/share/icons/breeze/places/symbolic/folder-pictures-symboli..
chromium /usr/share/icons/breeze/places/symbolic/folder-videos-symbolic...
chromium /usr/share/icons/breeze/places/symbolic/folder-videos-symbolic...
chromium /usr/share/icons/breeze/places/symbolic/user-trash-symbolic.svg..
chromium /usr/share/icons/breeze/places/symbolic/user-trash-symbolic.svg..
chromium /usr/share/icons/breeze/devices/symbolic/drive-harddisk-symboli..
chromium /usr/share/icons/breeze/devices/symbolic/drive-harddisk-symboli..
selkies /proc/stat
selkies /proc/meminfo
chromium /usr/share/fonts/truetype/noto/NotoSansMono-Regular.ttf
chromium /dev/urandom
chromium /config/.config/gtk-3.0/servers
chromium /config/.config/gtk-3.0/servers
chromium /config/.config/gtk-3.0/bookmarks
chromium /config/.gtk-bookmarks
pool-chromium /.hidden
chromium /usr/share/icons/breeze/actions/16/gtk-cancel.svg
chromium /usr/share/icons/breeze/actions/16/document-save.svg
chromium /usr/share/icons/breeze/actions/symbolic/list-add-symbolic.svg
chromium /usr/share/icons/breeze/actions/symbolic/list-add-symbolic.svg
chromium /usr/share/icons/breeze/actions/symbolic/pan-start-symbolic.svg..
chromium /usr/share/icons/breeze/actions/symbolic/pan-start-symbolic.svg..
chromium /usr/share/icons/breeze/actions/symbolic/pan-end-symbolic.svg
chromium /usr/share/icons/breeze/actions/symbolic/pan-end-symbolic.svg
chromium /usr/share/icons/breeze/actions/symbolic/folder-new-symbolic.sv..
chromium /usr/share/icons/breeze/actions/symbolic/folder-new-symbolic.sv..
chromium /usr/share/fonts/truetype/noto/NotoSans-Bold.ttf
chromium /usr/share/fonts/truetype/noto/NotoSans-Bold.ttf
chromium /usr/share/icons/breeze/actions/symbolic/media-eject-symbolic.s..
chromium /usr/share/icons/breeze/actions/symbolic/media-eject-symbolic.s..
chromium /config/.icons/breeze_cursors/cursors/progress
chromium /config/.icons/breeze_cursors/index.theme
chromium /usr/share/icons/breeze_cursors/cursors/progress
chromium /config/.icons/breeze_cursors/cursors/text
chromium /config/.icons/breeze_cursors/index.theme
chromium /usr/share/icons/breeze_cursors/cursors/text
chromium /config/.icons/breeze_cursors/cursors/col-resize
chromium /config/.icons/breeze_cursors/index.theme
chromium /usr/share/icons/breeze_cursors/cursors/col-resize
chromium /proc/self/mountinfo
pool-chromium /config/.hidden
pool-chromium /config/Downloads
pool-chromium /config/Downloads
dbus-daemon /proc/self/oom_score_adj
kwin_x11 /usr/share/kubuntu-default-settings/kf5-settings/breezerc
chromium /tmp/.org.chromium.Chromium.PtHLs1
chromium /tmp/.org.chromium.Chromium.F3Puot
plasmashell /config/.local/share/kservices5
plasmashell /config/.local/share/mime
chromium /tmp/.org.chromium.Chromium.dpon4u
plasmashell /etc/xdg/menus
chromium /tmp/.org.chromium.Chromium.3jUMUM
plasmashell /usr/local/share/kservices5
plasmashell /usr/local/share/mime
chromium /tmp/.org.chromium.Chromium.nAJmWA
plasmashell /usr/share/kservices5
chromium /tmp/.org.chromium.Chromium.smnPtv
plasmashell /usr/share/kservices5/ServiceMenus
chromium /tmp/.org.chromium.Chromium.Ba7CCD
plasmashell /usr/share/kservices5/qimageioplugins
chromium /tmp/.org.chromium.Chromium.qoWIAf
plasmashell /usr/share/kservices5/searchproviders
ThreadPoolForeg /config/.cache/chromium/Default/Cache/Cache_Data/ea7353a4566602..
chromium /tmp/.org.chromium.Chromium.Fmt9nI
plasmashell /usr/share/mime
plasmashell /usr/share/mime/application
chromium /proc/2546/stat
plasmashell /usr/share/mime/audio
plasmashell /usr/share/mime/chemical
plasmashell /usr/share/mime/font
plasmashell /usr/share/mime/image
plasmashell /usr/share/mime/inode
plasmashell /usr/share/mime/message
plasmashell /usr/share/mime/model
plasmashell /usr/share/mime/multipart
plasmashell /usr/share/mime/packages
plasmashell /usr/share/mime/text
plasmashell /usr/share/mime/video
plasmashell /usr/share/mime/x-content
plasmashell /usr/share/mime/x-epoc
chromium /usr/share/icons/breeze/places/symbolic/user-home-symbolic.svg
chromium /usr/share/icons/breeze/places/symbolic/user-home-symbolic.svg
chromium /usr/share/icons/breeze/devices/symbolic/drive-harddisk-symboli..
chromium /usr/share/icons/breeze/devices/symbolic/drive-harddisk-symboli..
chromium /usr/share/icons/breeze/actions/symbolic/pan-down-symbolic.svg
chromium /usr/share/icons/breeze/actions/symbolic/pan-down-symbolic.svg
dconf-service /config/.config/dconf/user.HP27O3
Xvfb /proc/sys/crypto/fips_enabled
Xvfb /etc/gcrypt/hwf.deny
chromium /usr/share/icons/breeze/actions/symbolic/pan-down-symbolic.svg
chromium /usr/share/icons/breeze/actions/symbolic/pan-down-symbolic.svg
dconf-service /config/.config/dconf
chromium /usr/share/icons/breeze/places/symbolic/folder-download-symboli..
chromium /usr/share/icons/breeze/actions/symbolic/pan-end-symbolic.svg
dconf-service /config/.XDG/dconf/user
chromium /config/.XDG/dconf/user
chromium /config/.config/dconf/user
Chrome_ChildIOT /tmp/.org.chromium.Chromium.r5A94H
xdotool /etc/ld.so.cache
xdotool /lib/x86_64-linux-gnu/libxdo.so.3
xdotool /lib/x86_64-linux-gnu/libm.so.6
xdotool /lib/x86_64-linux-gnu/libX11.so.6
xdotool /lib/x86_64-linux-gnu/libc.so.6
xdotool /lib/x86_64-linux-gnu/libXtst.so.6
xdotool /lib/x86_64-linux-gnu/libXinerama.so.1
xdotool /lib/x86_64-linux-gnu/libxkbcommon.so.0
xdotool /lib/x86_64-linux-gnu/libxcb.so.1
xdotool /lib/x86_64-linux-gnu/libXext.so.6
xdotool /lib/x86_64-linux-gnu/libXau.so.6
xdotool /lib/x86_64-linux-gnu/libXdmcp.so.6
xdotool /lib/x86_64-linux-gnu/libbsd.so.0
xdotool /lib/x86_64-linux-gnu/libmd.so.0
Xvfb /proc/2730/cmdline
chromium /usr/share/icons/breeze/places/symbolic/folder-download-symboli..
chromium /usr/share/icons/breeze/actions/symbolic/pan-end-symbolic.svg
chromium /tmp/.org.chromium.Chromium.lNFQVD
chromium /tmp/.org.chromium.Chromium.bnIUYK
chromium /usr/share/icons/breeze/places/symbolic/folder-download-symboli..
chromium /usr/share/icons/breeze/actions/symbolic/pan-end-symbolic.svg
chromium /usr/share/icons/breeze/places/symbolic/folder-download-symboli..
chromium /usr/share/icons/breeze/actions/symbolic/pan-end-symbolic.svg
chromium /usr/share/icons/breeze/places/symbolic/folder-download-symboli..
chromium /usr/share/icons/breeze/actions/symbolic/pan-end-symbolic.svg
chromium /usr/share/icons/breeze/places/symbolic/folder-download-symboli..
chromium /usr/share/icons/breeze/actions/symbolic/pan-end-symbolic.svg
chromium /usr/share/icons/breeze/places/symbolic/folder-download-symboli..
chromium /usr/share/icons/breeze/actions/symbolic/pan-end-symbolic.svg
chromium /usr/share/icons/breeze/places/symbolic/folder-download-symboli..
chromium /usr/share/icons/breeze/actions/symbolic/pan-end-symbolic.svg
chromium /usr/share/icons/breeze/actions/symbolic/pan-end-symbolic.svg
chromium /usr/share/icons/breeze/actions/symbolic/pan-end-symbolic.svg
chromium /usr/share/icons/breeze/actions/symbolic/pan-end-symbolic.svg
ThreadPoolForeg /config/.config/chromium/extensions_crx_cache/.org.chromium.Chr..
xclip /etc/ld.so.cache
xclip /lib/x86_64-linux-gnu/libXmu.so.6
xclip /lib/x86_64-linux-gnu/libX11.so.6
xclip /lib/x86_64-linux-gnu/libc.so.6
xclip /lib/x86_64-linux-gnu/libXt.so.6
xclip /lib/x86_64-linux-gnu/libXext.so.6
xclip /lib/x86_64-linux-gnu/libxcb.so.1
xclip /lib/x86_64-linux-gnu/libSM.so.6
xclip /lib/x86_64-linux-gnu/libICE.so.6
xclip /lib/x86_64-linux-gnu/libXau.so.6
xclip /lib/x86_64-linux-gnu/libXdmcp.so.6
xclip /lib/x86_64-linux-gnu/libuuid.so.1
xclip /lib/x86_64-linux-gnu/libbsd.so.0
xclip /lib/x86_64-linux-gnu/libmd.so.0
xclip /usr/share/X11/locale/locale.alias
xclip /usr/share/X11/locale/locale.dir
xclip /usr/share/X11/locale/C/XLC_LOCALE
xclip /usr/share/X11/locale/locale.alias
xclip /usr/share/X11/locale/locale.dir
xclip /usr/share/X11/locale/C/XLC_LOCALE
Xvfb /proc/2745/cmdline
chromium /usr/share/icons/breeze/actions/symbolic/pan-down-symbolic.svg
chromium /usr/share/icons/breeze/actions/symbolic/pan-down-symbolic.svg
chromium /usr/share/icons/breeze/actions/symbolic/pan-down-symbolic.svg
chromium /usr/share/icons/breeze/actions/symbolic/pan-down-symbolic.svg
chromium /usr/share/icons/breeze/actions/symbolic/pan-down-symbolic.svg
ThreadPoolForeg /config/.cache/chromium/Default/Cache/Cache_Data/90f9851a0cf589..
chromium /usr/share/icons/breeze/actions/symbolic/pan-down-symbolic.svg
Chrome_ChildIOT /tmp/.org.chromium.Chromium.IZzryP
chromium /usr/share/icons/breeze/actions/symbolic/pan-down-symbolic.svg
chromium /usr/share/icons/breeze/actions/symbolic/pan-down-symbolic.svg
chromium /usr/share/icons/breeze/actions/symbolic/pan-down-symbolic.svg
chromium /usr/share/icons/breeze/actions/symbolic/pan-down-symbolic.svg
chromium /usr/share/icons/breeze/actions/symbolic/pan-down-symbolic.svg
chromium /usr/share/icons/breeze/actions/symbolic/pan-down-symbolic.svg
xclip /etc/ld.so.cache
xclip /lib/x86_64-linux-gnu/libXmu.so.6
xclip /lib/x86_64-linux-gnu/libX11.so.6
xclip /lib/x86_64-linux-gnu/libc.so.6
xclip /lib/x86_64-linux-gnu/libXt.so.6
xclip /lib/x86_64-linux-gnu/libXext.so.6
xclip /lib/x86_64-linux-gnu/libxcb.so.1
xclip /lib/x86_64-linux-gnu/libSM.so.6
xclip /lib/x86_64-linux-gnu/libICE.so.6
xclip /lib/x86_64-linux-gnu/libXau.so.6
xclip /lib/x86_64-linux-gnu/libXdmcp.so.6
xclip /lib/x86_64-linux-gnu/libuuid.so.1
xclip /lib/x86_64-linux-gnu/libbsd.so.0
xclip /lib/x86_64-linux-gnu/libmd.so.0
xclip /usr/share/X11/locale/locale.alias
xclip /usr/share/X11/locale/locale.dir
xclip /usr/share/X11/locale/C/XLC_LOCALE
xclip /usr/share/X11/locale/locale.alias
xclip /usr/share/X11/locale/locale.dir
xclip /usr/share/X11/locale/C/XLC_LOCALE
Xvfb /proc/2777/cmdline
selkies /proc/stat
selkies /proc/meminfo
chromium /usr/share/icons/breeze/actions/symbolic/pan-down-symbolic.svg
MemoryInfra /proc/1417/status
MemoryInfra /proc/1417/status
MemoryInfra /proc/1417/clear_refs
MemoryInfra /proc/1515/status
MemoryInfra /proc/1515/status
MemoryInfra /proc/1515/clear_refs
MemoryInfra /proc/1517/status
MemoryInfra /proc/1517/status
MemoryInfra /proc/1517/clear_refs
MemoryInfra /proc/1532/status
MemoryInfra /proc/1532/status
MemoryInfra /proc/1532/clear_refs
MemoryInfra /proc/1641/status
MemoryInfra /proc/1641/status
MemoryInfra /proc/1641/clear_refs
MemoryInfra /proc/1642/status
MemoryInfra /proc/1642/status
MemoryInfra /proc/1642/clear_refs
MemoryInfra /proc/1855/status
MemoryInfra /proc/1855/status
MemoryInfra /proc/1855/clear_refs
MemoryInfra /proc/2240/status
MemoryInfra /proc/2240/status
MemoryInfra /proc/2240/clear_refs
MemoryInfra /proc/2320/status
MemoryInfra /proc/2320/status
MemoryInfra /proc/2320/clear_refs
MemoryInfra /proc/2347/status
MemoryInfra /proc/2347/status
MemoryInfra /proc/2347/clear_refs
MemoryInfra /proc/2363/status
MemoryInfra /proc/2363/status
MemoryInfra /proc/2363/clear_refs
MemoryInfra /proc/2385/status
MemoryInfra /proc/2385/status
MemoryInfra /proc/2385/clear_refs
MemoryInfra /proc/2413/status
MemoryInfra /proc/2413/status
MemoryInfra /proc/2413/clear_refs
MemoryInfra /proc/2494/status
MemoryInfra /proc/2494/status
MemoryInfra /proc/2494/clear_refs
MemoryInfra /proc/2524/status
MemoryInfra /proc/2524/status
MemoryInfra /proc/2524/clear_refs
MemoryInfra /proc/2546/status
MemoryInfra /proc/2546/status
MemoryInfra /proc/2546/clear_refs
MemoryInfra /proc/2555/status
MemoryInfra /proc/2555/status
MemoryInfra /proc/2555/clear_refs
chromium /usr/share/icons/breeze/actions/symbolic/pan-down-symbolic.svg
MemoryInfra /proc/2624/status
MemoryInfra /proc/2624/status
MemoryInfra /proc/2624/clear_refs
chromium /usr/share/icons/breeze/actions/symbolic/pan-down-symbolic.svg
Chrome_ChildIOT /tmp/.org.chromium.Chromium.8U7oWb
chromium /usr/share/icons/breeze/actions/symbolic/pan-down-symbolic.svg
chromium /usr/share/icons/breeze/actions/symbolic/pan-down-symbolic.svg
chromium /usr/share/icons/breeze/actions/symbolic/pan-down-symbolic.svg
kwin_x11 /config/.icons/default/cursors/se-resize
kwin_x11 /config/.icons/default/index.theme
kwin_x11 /usr/share/icons/default/cursors/se-resize
kwin_x11 /usr/share/icons/default/index.theme
kwin_x11 /usr/share/pixmaps/default/cursors/se-resize
kwin_x11 /usr/X11R6/lib/X11/icons/default/cursors/se-resize
kwin_x11 /config/.icons/breeze_cursors/cursors/se-resize
kwin_x11 /config/.icons/breeze_cursors/index.theme
kwin_x11 /usr/share/icons/breeze_cursors/cursors/se-resize
chromium /usr/share/icons/breeze/actions/symbolic/pan-down-symbolic.svg
chromium /usr/share/icons/breeze/actions/symbolic/pan-down-symbolic.svg
Chrome_ChildIOT /tmp/.org.chromium.Chromium.W2ZEhQ
Chrome_ChildIOT /tmp/.org.chromium.Chromium.6Auc7c
QSGRenderThread /config/.cache/mesa_shader_cache/6b/4f60e5e80c2584cc6c7d43ad5ea..
chromium /usr/share/icons/breeze/actions/symbolic/pan-down-symbolic.svg
plasmas:disk$0 /config/.cache/mesa_shader_cache/6b/4f60e5e80c2584cc6c7d43ad5ea..
QSGRenderThread /config/.cache/mesa_shader_cache/33/00b052fe14b1af317cbf469f440..
plasmas:disk$0 /config/.cache/mesa_shader_cache/6b/4f60e5e80c2584cc6c7d43ad5ea..
plasmas:disk$0 /config/.cache/mesa_shader_cache/6b/4f60e5e80c2584cc6c7d43ad5ea..
xclip /etc/ld.so.cache
xclip /lib/x86_64-linux-gnu/libXmu.so.6
xclip /lib/x86_64-linux-gnu/libX11.so.6
xclip /lib/x86_64-linux-gnu/libc.so.6
xclip /lib/x86_64-linux-gnu/libXt.so.6
xclip /lib/x86_64-linux-gnu/libXext.so.6
xclip /lib/x86_64-linux-gnu/libxcb.so.1
xclip /lib/x86_64-linux-gnu/libSM.so.6
xclip /lib/x86_64-linux-gnu/libICE.so.6
xclip /lib/x86_64-linux-gnu/libXau.so.6
xclip /lib/x86_64-linux-gnu/libXdmcp.so.6
xclip /lib/x86_64-linux-gnu/libuuid.so.1
xclip /lib/x86_64-linux-gnu/libbsd.so.0
xclip /lib/x86_64-linux-gnu/libmd.so.0
xclip /usr/share/X11/locale/locale.alias
xclip /usr/share/X11/locale/locale.dir
xclip /usr/share/X11/locale/C/XLC_LOCALE
xclip /usr/share/X11/locale/locale.alias
xclip /usr/share/X11/locale/locale.dir
xclip /usr/share/X11/locale/C/XLC_LOCALE
Xvfb /proc/2807/cmdline
ThreadPoolForeg /config/.cache/chromium/Default/Cache/Cache_Data/a1f7416d2e434f..
Chrome_ChildIOT /tmp/.org.chromium.Chromium.dImPhu
Chrome_IOThread /tmp/.org.chromium.Chromium.ztY3C8
Chrome_IOThread /tmp/.org.chromium.Chromium.ztY3C8
ThreadPoolForeg /proc/stat
Chrome_IOThread /tmp/.org.chromium.Chromium.Vk03pg
Chrome_IOThread /tmp/.org.chromium.Chromium.Vk03pg
xclip /etc/ld.so.cache
xclip /lib/x86_64-linux-gnu/libXmu.so.6
xclip /lib/x86_64-linux-gnu/libX11.so.6
xclip /lib/x86_64-linux-gnu/libc.so.6
xclip /lib/x86_64-linux-gnu/libXt.so.6
xclip /lib/x86_64-linux-gnu/libXext.so.6
xclip /lib/x86_64-linux-gnu/libxcb.so.1
xclip /lib/x86_64-linux-gnu/libSM.so.6
xclip /lib/x86_64-linux-gnu/libICE.so.6
xclip /lib/x86_64-linux-gnu/libXau.so.6
xclip /lib/x86_64-linux-gnu/libXdmcp.so.6
xclip /lib/x86_64-linux-gnu/libuuid.so.1
xclip /lib/x86_64-linux-gnu/libbsd.so.0
xclip /lib/x86_64-linux-gnu/libmd.so.0
xclip /usr/share/X11/locale/locale.alias
xclip /usr/share/X11/locale/locale.dir
xclip /usr/share/X11/locale/C/XLC_LOCALE
xclip /usr/share/X11/locale/locale.alias
xclip /usr/share/X11/locale/locale.dir
xclip /usr/share/X11/locale/C/XLC_LOCALE
Xvfb /proc/2838/cmdline
selkies /proc/stat
selkies /proc/meminfo
chromium /proc/1855/stat
chromium /proc/2413/stat
ThreadPoolForeg /config/.cache/chromium/Default/Cache/Cache_Data/d344b4188faed5..
chromium /proc/1855/stat
ThreadPoolForeg /config/.cache/chromium/Default/Cache/Cache_Data/993780f491e9d0..
ThreadPoolForeg /config/.cache/chromium/Default/Cache/Cache_Data/e0c0c947b77d0e..
ThreadPoolForeg /config/.cache/chromium/Default/Cache/Cache_Data/3e3c1c0cb160e2..
ThreadPoolForeg /config/.cache/chromium/Default/Cache/Cache_Data/7bc96138854d03..
Chrome_ChildIOT /tmp/.org.chromium.Chromium.xomvQH
chromium /proc/2320/stat
ThreadPoolForeg /config/.cache/chromium/Default/Cache/Cache_Data/6ce9eb9f0f46b2..
Chrome_ChildIOT /tmp/.org.chromium.Chromium.KxE8mB
Chrome_ChildIOT /tmp/.org.chromium.Chromium.KxE8mB
chromium /proc/1855/stat
chromium /tmp/.org.chromium.Chromium.h8QOPj
chromium /tmp/.org.chromium.Chromium.h8QOPj
chromium /tmp/.org.chromium.Chromium.2JzarN
Chrome_IOThread /tmp/.org.chromium.Chromium.gjT2xQ
Chrome_IOThread /tmp/.org.chromium.Chromium.gjT2xQ
ThreadPoolSingl /tmp/.org.chromium.Chromium.Ih6DLk
chromium /proc/2624/stat
ThreadPoolForeg /config/.cache/chromium/Default/Cache/Cache_Data/a30d798615a269..
chromium /proc/self/maps
chromium /etc/ld.so.cache
chromium /proc/self/maps
chromium /lib/x86_64-linux-gnu/libunity.so.4
chromium /proc/self/maps
chromium /usr/lib/x86_64-linux-gnu/libunity.so.4
chromium /lib/libunity.so.4
chromium /usr/lib/libunity.so.4
chromium /etc/ld.so.cache
chromium /lib/x86_64-linux-gnu/libunity.so.6
chromium /usr/lib/x86_64-linux-gnu/libunity.so.6
chromium /lib/libunity.so.6
chromium /usr/lib/libunity.so.6
chromium /etc/ld.so.cache
chromium /lib/x86_64-linux-gnu/libunity.so.9
chromium /usr/lib/x86_64-linux-gnu/libunity.so.9
chromium /lib/libunity.so.9
chromium /usr/lib/libunity.so.9
dconf-service /config/.config/dconf/user.W137O3
chromium .
chromium self/fd/
chromium /proc/self/mountinfo
chromium .
dconf-service /config/.config/dconf
dconf-service /config/.XDG/dconf/user
Chrome_IOThread /tmp/.org.chromium.Chromium.L01oeK
Chrome_IOThread /tmp/.org.chromium.Chromium.2c7QZG
ThreadPoolForeg /config/.cache/chromium/Default/Cache/Cache_Data/961615f68d83a2..
ThreadPoolForeg /config/.cache/chromium/Default/Cache/Cache_Data/966d15ce2ebded..
chromium /proc/1855/stat
plasmashell /config/.local/share/kservices5
plasmashell /config/.local/share/mime
plasmashell /etc/xdg/menus
plasmashell /usr/local/share/kservices5
plasmashell /usr/local/share/mime
plasmashell /usr/share/kservices5
plasmashell /usr/share/kservices5/ServiceMenus
plasmashell /usr/share/kservices5/qimageioplugins
plasmashell /usr/share/kservices5/searchproviders
plasmashell /usr/share/mime
plasmashell /usr/share/mime/application
plasmashell /usr/share/mime/audio
chromium /tmp/.org.chromium.Chromium.pQjA4R
chromium /tmp/.org.chromium.Chromium.pQjA4R
plasmashell /usr/share/mime/chemical
plasmashell /usr/share/mime/font
chromium /tmp/.org.chromium.Chromium.xnriBr
plasmashell /usr/share/mime/image
Chrome_IOThread /tmp/.org.chromium.Chromium.yJzpvn
Chrome_IOThread /tmp/.org.chromium.Chromium.yJzpvn
plasmashell /usr/share/mime/inode
plasmashell /usr/share/mime/message
plasmashell /usr/share/mime/model
plasmashell /usr/share/mime/multipart
plasmashell /usr/share/mime/packages
plasmashell /usr/share/mime/text
Chrome_IOThread /tmp/.org.chromium.Chromium.pASf9U
Chrome_IOThread /tmp/.org.chromium.Chromium.pASf9U
plasmashell /usr/share/mime/video
Chrome_IOThread /tmp/.org.chromium.Chromium.JF7sXC
Chrome_IOThread /tmp/.org.chromium.Chromium.JF7sXC
plasmashell /usr/share/mime/x-content
ThreadPoolSingl /tmp/.org.chromium.Chromium.PgvqNP
plasmashell /usr/share/mime/x-epoc
ThreadPoolForeg /config/.cache/chromium/Default/Cache/Cache_Data/c6fdb38d845bff..
chromium /proc/self/maps
chromium /proc/self/maps
chromium /proc/self/maps
chromium /proc/2413/stat
chromium /proc/2413/stat
chromium .
chromium self/fd/
chromium .
ThreadPoolForeg /config/.cache/chromium/Default/Cache/Cache_Data/57b7d97b385930..
Chrome_ChildIOT /tmp/.org.chromium.Chromium.i2D78k
chromium /proc/2851/stat
ThreadPoolForeg /config/.cache/chromium/Default/Cache/Cache_Data/1f854bffbf8fb3..
ThreadPoolForeg /config/.cache/chromium/Default/Cache/Cache_Data/faf3fffc961765..
ThreadPoolSingl /proc/2851/task
ThreadPoolSingl /proc/2851/task/2851/status
ThreadPoolSingl /proc/2851/task/2853/status
ThreadPoolSingl /proc/2851/task
ThreadPoolSingl /proc/2851/task/2851/status
ThreadPoolSingl /proc/2851/task/2853/status
ThreadPoolSingl /proc/2851/task/2854/status
ThreadPoolForeg /config/.cache/chromium/Default/Cache/Cache_Data/878b4de5eef637..
ThreadPoolSingl /proc/2851/task
ThreadPoolSingl /proc/2851/task/2851/status
ThreadPoolSingl /proc/2851/task/2853/status
ThreadPoolSingl /proc/2851/task/2854/status
ThreadPoolSingl /proc/2851/task/2856/status
chromium /proc/2851/stat
ThreadPoolSingl /proc/2851/task
chromium /proc/2851/status
ThreadPoolSingl /proc/2851/task/2851/status
ThreadPoolSingl /proc/2851/task/2853/status
chromium /proc/2851/status
chromium /proc/2851/statm
ThreadPoolSingl /proc/2851/task/2854/status
ThreadPoolSingl /proc/2851/task/2856/status
ThreadPoolForeg /tmp/.org.chromium.Chromium.0PoUvH
ThreadPoolForeg /tmp/.org.chromium.Chromium.0PoUvH
ThreadPoolSingl /proc/2851/task/2857/status
ThreadPoolSingl /proc/2851/task
ThreadPoolSingl /proc/2851/task/2851/status
ThreadPoolSingl /proc/2851/task/2853/status
chromium /proc/2860/stat
ThreadPoolSingl /proc/2851/task/2854/status
ThreadPoolSingl /proc/2851/task/2856/status
ThreadPoolSingl /proc/2851/task/2857/status
ThreadPoolSingl /proc/2851/task/2858/status
ThreadPoolSingl /proc/2851/task
ThreadPoolSingl /proc/2851/task/2851/status
ThreadPoolSingl /proc/2851/task/2853/status
ThreadPoolSingl /proc/2851/task/2854/status
ThreadPoolSingl /proc/2851/task/2856/status
Chrome_IOThread /tmp/.org.chromium.Chromium.uFCw33
ThreadPoolSingl /proc/2851/task/2857/status
Chrome_IOThread /tmp/.org.chromium.Chromium.goRZxA
ThreadPoolSingl /proc/2851/task/2858/status
ThreadPoolSingl /proc/2851/task/2862/status
ThreadPoolSingl /proc/2851/task
ThreadPoolSingl /proc/2851/task/2851/status
ThreadPoolSingl /proc/2851/task/2853/status
ThreadPoolSingl /proc/2851/task/2854/status
ThreadPoolSingl /proc/2851/task/2856/status
ThreadPoolSingl /proc/2851/task/2857/status
ThreadPoolSingl /proc/2851/task
chromium /proc/2413/stat
ThreadPoolSingl /proc/2851/task/2851/status
ThreadPoolSingl /proc/2851/task/2853/status
ThreadPoolSingl /proc/2851/task/2854/status
Chrome_ChildIOT /tmp/.org.chromium.Chromium.pdINQf
ThreadPoolSingl /proc/2851/task/2856/status
ThreadPoolSingl /proc/2851/task/2857/status
chromium /proc/1855/stat
ThreadPoolSingl /proc/2851/task/2858/status
ThreadPoolSingl /proc/2851/task/2862/status
ThreadPoolSingl /proc/2851/task/2864/status
ThreadPoolSingl /proc/2851/task
ThreadPoolSingl /proc/2851/task/2851/status
Chrome_ChildIOT /tmp/.org.chromium.Chromium.r26hVo
ThreadPoolSingl /proc/2851/task/2853/status
ThreadPoolSingl /proc/2851/task/2854/status
ThreadPoolSingl /proc/2851/task/2856/status
ThreadPoolSingl /proc/2851/task/2857/status
ThreadPoolSingl /proc/2851/task/2858/status
ThreadPoolSingl /proc/2851/task/2862/status
ThreadPoolSingl /proc/2851/task/2864/status
ThreadPoolSingl /proc/2851/task/2865/status
chromium /proc/2860/stat
Chrome_ChildIOT /tmp/.org.chromium.Chromium.9wgeOE
ThreadPoolSingl /proc/2851/task
ThreadPoolSingl /proc/2851/task/2851/status
chromium /proc/2860/status
ThreadPoolSingl /proc/2851/task/2853/status
ThreadPoolSingl /proc/2851/task/2854/status
chromium /proc/2860/status
chromium /proc/2860/statm
ThreadPoolSingl /proc/2851/task/2856/status
ThreadPoolSingl /proc/2851/task/2857/status
ThreadPoolForeg /tmp/.org.chromium.Chromium.LF6beT
ThreadPoolForeg /tmp/.org.chromium.Chromium.LF6beT
ThreadPoolSingl /proc/2851/task/2858/status
ThreadPoolSingl /proc/2851/task/2862/status
ThreadPoolSingl /proc/2860/task
ThreadPoolSingl /proc/2860/task/2860/status
Chrome_ChildIOT /tmp/.org.chromium.Chromium.ilffWs
Chrome_ChildIOT /tmp/.org.chromium.Chromium.ilffWs
ThreadPoolSingl /proc/2860/task/2866/status
ThreadPoolSingl /proc/2860/task
ThreadPoolSingl /proc/2860/task/2860/status
ThreadPoolSingl /proc/2860/task/2866/status
chromium /tmp/.org.chromium.Chromium.AYgLYQ
ThreadPoolSingl /proc/2860/task/2867/status
chromium /tmp/.org.chromium.Chromium.AYgLYQ
ThreadPoolSingl /proc/2860/task
ThreadPoolSingl /proc/2860/task/2860/status
ThreadPoolSingl /proc/2860/task/2866/status
ThreadPoolSingl /proc/2860/task/2867/status
Chrome_IOThread /tmp/.org.chromium.Chromium.xKj0IR
ThreadPoolSingl /proc/2860/task/2868/status
ThreadPoolSingl /proc/2860/task
ThreadPoolSingl /proc/2860/task/2860/status
ThreadPoolSingl /proc/2860/task/2866/status
ThreadPoolSingl /proc/2860/task/2867/status
ThreadPoolSingl /proc/2860/task/2868/status
ThreadPoolSingl /proc/2860/task/2869/status
ThreadPoolSingl /proc/2860/task
ThreadPoolSingl /proc/2860/task/2860/status
ThreadPoolSingl /proc/2860/task/2866/status
ThreadPoolSingl /proc/2860/task/2867/status
ThreadPoolSingl /proc/2860/task/2868/status
chromium /tmp/.org.chromium.Chromium.gzdxmb
chromium /tmp/.org.chromium.Chromium.gzdxmb
ThreadPoolSingl /proc/2860/task/2869/status
ThreadPoolSingl /proc/2860/task/2870/status
ThreadPoolSingl /proc/2860/task
ThreadPoolSingl /proc/2860/task/2860/status
ThreadPoolSingl /proc/2860/task/2866/status
Chrome_IOThread /tmp/.org.chromium.Chromium.mkegul
ThreadPoolSingl /proc/2860/task/2867/status
ThreadPoolSingl /proc/2860/task/2868/status
ThreadPoolSingl /proc/2860/task/2869/status
ThreadPoolSingl /proc/2860/task/2870/status
ThreadPoolSingl /proc/2860/task/2874/status
ThreadPoolSingl /proc/2860/task
ThreadPoolSingl /proc/2860/task/2860/status
ThreadPoolSingl /proc/2860/task/2866/status
ThreadPoolSingl /proc/2860/task/2867/status
ThreadPoolSingl /proc/2860/task/2868/status
ThreadPoolSingl /proc/2860/task/2869/status
ThreadPoolSingl /proc/2860/task
ThreadPoolSingl /proc/2860/task/2860/status
ThreadPoolSingl /proc/2860/task/2866/status
ThreadPoolSingl /proc/2860/task/2867/status
ThreadPoolSingl /proc/2860/task/2868/status
ThreadPoolSingl /proc/2860/task/2869/status
ThreadPoolSingl /proc/2860/task/2870/status
ThreadPoolSingl /proc/2860/task/2874/status
ThreadPoolSingl /proc/2860/task/2875/status
ThreadPoolSingl /proc/2860/task
ThreadPoolSingl /proc/2860/task/2860/status
ThreadPoolSingl /proc/2860/task/2866/status
chromium /proc/2320/stat
ThreadPoolSingl /proc/2860/task/2867/status
ThreadPoolSingl /proc/2860/task/2868/status
ThreadPoolSingl /proc/2860/task/2869/status
chromium /proc/2320/stat
ThreadPoolSingl /proc/2860/task/2870/status
ThreadPoolSingl /proc/2860/task/2874/status
ThreadPoolSingl /proc/2860/task/2875/status
ThreadPoolSingl /proc/2860/task/2876/status
ThreadPoolSingl /proc/2860/task
ThreadPoolSingl /proc/2860/task/2860/status
ThreadPoolSingl /proc/2860/task/2866/status
ThreadPoolSingl /proc/2860/task/2867/status
Chrome_ChildIOT /tmp/.org.chromium.Chromium.8p5YeP
ThreadPoolSingl /proc/2860/task/2868/status
ThreadPoolSingl /proc/2860/task/2869/status
ThreadPoolSingl /proc/2860/task/2870/status
ThreadPoolSingl /proc/2860/task/2874/status
Chrome_ChildIOT /tmp/.org.chromium.Chromium.PsB6tO
Chrome_ChildIOT /tmp/.org.chromium.Chromium.PsB6tO
ThreadPoolForeg /config/.cache/chromium/Default/Cache/Cache_Data/b5034f13b87723..
Chrome_IOThread /tmp/.org.chromium.Chromium.Rs3DHH
Chrome_IOThread /tmp/.org.chromium.Chromium.B8a7K2
chromium /proc/2320/stat
chromium /proc/1855/stat
chromium /proc/2624/stat
chromium /proc/2624/stat
Chrome_ChildIOT /tmp/.org.chromium.Chromium.eJ2OE5
chromium /proc/2624/stat
chromium /proc/1855/stat
Chrome_ChildIOT /tmp/.org.chromium.Chromium.4R21aM
Chrome_IOThread /tmp/.org.chromium.Chromium.D31PH5
Chrome_ChildIOT /tmp/.org.chromium.Chromium.d1smXH
ThreadPoolForeg /tmp/.org.chromium.Chromium.5JCF6A
ThreadPoolForeg /tmp/.org.chromium.Chromium.5JCF6A
Chrome_IOThread /tmp/.org.chromium.Chromium.bExKt8
Chrome_ChildIOT /tmp/.org.chromium.Chromium.cqVDyC
Chrome_ChildIOT /tmp/.org.chromium.Chromium.cqVDyC
Chrome_IOThread /tmp/.org.chromium.Chromium.uCn4YY
Chrome_IOThread /tmp/.org.chromium.Chromium.9FEqUy
chromium /proc/2851/stat
chromium /proc/2851/stat
ThreadPoolForeg /config/.cache/chromium/Default/Cache/Cache_Data/7a4125095a19da..
chromium /proc/2851/stat
chromium /proc/1855/stat
Chrome_IOThread /tmp/.org.chromium.Chromium.F12Hc7
Chrome_ChildIOT /tmp/.org.chromium.Chromium.bLQ5AV
ThreadPoolForeg /config/.cache/chromium/Default/Cache/Cache_Data/32045df9c6d26c..
ThreadPoolSingl /proc/2851/task
ThreadPoolSingl /proc/2851/task/2851/status
ThreadPoolSingl /proc/2851/task/2853/status
ThreadPoolSingl /proc/2851/task/2854/status
ThreadPoolSingl /proc/2851/task/2856/status
ThreadPoolSingl /proc/2851/task/2857/status
ThreadPoolSingl /proc/2851/task/2858/status
ThreadPoolSingl /proc/2851/task/2862/status
ThreadPoolSingl /proc/2851/task/2864/status
ThreadPoolSingl /proc/2851/task/2865/status
ThreadPoolSingl /proc/2851/task/2886/status
ThreadPoolSingl /proc/2851/task
ThreadPoolSingl /proc/2851/task/2851/status
ThreadPoolSingl /proc/2851/task/2853/status
ThreadPoolSingl /proc/2851/task/2854/status
ThreadPoolSingl /proc/2851/task/2856/status
ThreadPoolSingl /proc/2851/task/2857/status
ThreadPoolSingl /proc/2851/task/2858/status
ThreadPoolSingl /proc/2851/task/2862/status
ThreadPoolSingl /proc/2851/task/2864/status
ThreadPoolSingl /proc/2851/task/2865/status
ThreadPoolSingl /proc/2851/task/2886/status
ThreadPoolSingl /proc/2851/task/2887/status
ThreadPoolForeg /config/.cache/chromium/Default/Code Cache/js/135a9e73b7a29232_..
ThreadPoolForeg /config/.cache/chromium/Default/Cache/Cache_Data/67c129bd39c812..
xclip /etc/ld.so.cache
xclip /lib/x86_64-linux-gnu/libXmu.so.6
xclip /lib/x86_64-linux-gnu/libX11.so.6
xclip /lib/x86_64-linux-gnu/libc.so.6
xclip /lib/x86_64-linux-gnu/libXt.so.6
xclip /lib/x86_64-linux-gnu/libXext.so.6
xclip /lib/x86_64-linux-gnu/libxcb.so.1
xclip /lib/x86_64-linux-gnu/libSM.so.6
xclip /lib/x86_64-linux-gnu/libICE.so.6
xclip /lib/x86_64-linux-gnu/libXau.so.6
xclip /lib/x86_64-linux-gnu/libXdmcp.so.6
xclip /lib/x86_64-linux-gnu/libuuid.so.1
xclip /lib/x86_64-linux-gnu/libbsd.so.0
xclip /lib/x86_64-linux-gnu/libmd.so.0
xclip /usr/share/X11/locale/locale.alias
xclip /usr/share/X11/locale/locale.dir
xclip /usr/share/X11/locale/C/XLC_LOCALE
xclip /usr/share/X11/locale/locale.alias
xclip /usr/share/X11/locale/locale.dir
xclip /usr/share/X11/locale/C/XLC_LOCALE
Xvfb /proc/2890/cmdline
chromium /tmp/.org.chromium.Chromium.N0Hmou
chromium /tmp/.org.chromium.Chromium.4PQlQm
Chrome_ChildIOT /tmp/.org.chromium.Chromium.ymlh9G
Chrome_IOThread /tmp/.org.chromium.Chromium.RjYPfE
Chrome_IOThread /tmp/.org.chromium.Chromium.RjYPfE
chromium /tmp/.org.chromium.Chromium.xg0JhY
Chrome_ChildIOT /tmp/.org.chromium.Chromium.fPUduX
Chrome_ChildIOT /tmp/.org.chromium.Chromium.V2my2n
ThreadPoolForeg /tmp/.org.chromium.Chromium.CeM1pk
ThreadPoolForeg /tmp/.org.chromium.Chromium.CeM1pk
ThreadPoolForeg /config/.cache/chromium/Default/Cache/Cache_Data/dbba88868f757c..
Chrome_ChildIOT /tmp/.org.chromium.Chromium.1DI55M
ThreadPoolForeg /tmp/.org.chromium.Chromium.YoImu5
ThreadPoolForeg /tmp/.org.chromium.Chromium.YoImu5
ThreadPoolForeg /config/.cache/chromium/Default/Cache/Cache_Data/06fc7d46fbad89..
Chrome_ChildIOT /tmp/.org.chromium.Chromium.J02HHA
ThreadPoolForeg /tmp/.org.chromium.Chromium.BhfMrq
ThreadPoolForeg /tmp/.org.chromium.Chromium.BhfMrq
ThreadPoolForeg /config/.cache/chromium/Default/Cache/Cache_Data/952b05b2085623..
xclip /etc/ld.so.cache
xclip /lib/x86_64-linux-gnu/libXmu.so.6
xclip /lib/x86_64-linux-gnu/libX11.so.6
xclip /lib/x86_64-linux-gnu/libc.so.6
xclip /lib/x86_64-linux-gnu/libXt.so.6
xclip /lib/x86_64-linux-gnu/libXext.so.6
xclip /lib/x86_64-linux-gnu/libxcb.so.1
xclip /lib/x86_64-linux-gnu/libSM.so.6
xclip /lib/x86_64-linux-gnu/libICE.so.6
xclip /lib/x86_64-linux-gnu/libXau.so.6
xclip /lib/x86_64-linux-gnu/libXdmcp.so.6
xclip /lib/x86_64-linux-gnu/libuuid.so.1
xclip /lib/x86_64-linux-gnu/libbsd.so.0
xclip /lib/x86_64-linux-gnu/libmd.so.0
xclip /usr/share/X11/locale/locale.alias
xclip /usr/share/X11/locale/locale.dir
xclip /usr/share/X11/locale/C/XLC_LOCALE
xclip /usr/share/X11/locale/locale.alias
xclip /usr/share/X11/locale/locale.dir
xclip /usr/share/X11/locale/C/XLC_LOCALE
Xvfb /proc/2922/cmdline
selkies /proc/stat
selkies /proc/meminfo
Chrome_ChildIOT /tmp/.org.chromium.Chromium.auH3Mi
Chrome_ChildIOT /tmp/.org.chromium.Chromium.NPrT0d
ThreadPoolForeg /tmp/.org.chromium.Chromium.JkQ43b
ThreadPoolForeg /tmp/.org.chromium.Chromium.JkQ43b
ThreadPoolForeg /config/.cache/chromium/Default/Cache/Cache_Data/42c3e323236038..
Chrome_ChildIOT /tmp/.org.chromium.Chromium.7QyQ0t
ThreadPoolForeg /tmp/.org.chromium.Chromium.bwcgNV
ThreadPoolForeg /tmp/.org.chromium.Chromium.bwcgNV
ThreadPoolForeg /config/.cache/chromium/Default/Cache/Cache_Data/7ea95fc42b7218..
xclip /etc/ld.so.cache
xclip /lib/x86_64-linux-gnu/libXmu.so.6
xclip /lib/x86_64-linux-gnu/libX11.so.6
xclip /lib/x86_64-linux-gnu/libc.so.6
xclip /lib/x86_64-linux-gnu/libXt.so.6
xclip /lib/x86_64-linux-gnu/libXext.so.6
xclip /lib/x86_64-linux-gnu/libxcb.so.1
xclip /lib/x86_64-linux-gnu/libSM.so.6
xclip /lib/x86_64-linux-gnu/libICE.so.6
xclip /lib/x86_64-linux-gnu/libXau.so.6
xclip /lib/x86_64-linux-gnu/libXdmcp.so.6
xclip /lib/x86_64-linux-gnu/libuuid.so.1
xclip /lib/x86_64-linux-gnu/libbsd.so.0
xclip /lib/x86_64-linux-gnu/libmd.so.0
xclip /usr/share/X11/locale/locale.alias
xclip /usr/share/X11/locale/locale.dir
xclip /usr/share/X11/locale/C/XLC_LOCALE
xclip /usr/share/X11/locale/locale.alias
xclip /usr/share/X11/locale/locale.dir
xclip /usr/share/X11/locale/C/XLC_LOCALE
Xvfb /proc/2953/cmdline
Chrome_ChildIOT /tmp/.org.chromium.Chromium.k18U7d
ThreadPoolForeg /tmp/.org.chromium.Chromium.3N7ER8
ThreadPoolForeg /tmp/.org.chromium.Chromium.3N7ER8
ThreadPoolForeg /config/.cache/chromium/Default/Cache/Cache_Data/4dffd5540ed90a..
xdotool /etc/ld.so.cache
xdotool /lib/x86_64-linux-gnu/libxdo.so.3
xdotool /lib/x86_64-linux-gnu/libm.so.6
xdotool /lib/x86_64-linux-gnu/libX11.so.6
xdotool /lib/x86_64-linux-gnu/libc.so.6
xdotool /lib/x86_64-linux-gnu/libXtst.so.6
xdotool /lib/x86_64-linux-gnu/libXinerama.so.1
xdotool /lib/x86_64-linux-gnu/libxkbcommon.so.0
xdotool /lib/x86_64-linux-gnu/libxcb.so.1
xdotool /lib/x86_64-linux-gnu/libXext.so.6
xdotool /lib/x86_64-linux-gnu/libXau.so.6
xdotool /lib/x86_64-linux-gnu/libXdmcp.so.6
xdotool /lib/x86_64-linux-gnu/libbsd.so.0
xdotool /lib/x86_64-linux-gnu/libmd.so.0
Xvfb /proc/2960/cmdline
ThreadPoolForeg /config/.cache/chromium/Default/Cache/Cache_Data/834b3043fec7c3..
xdotool /etc/ld.so.cache
xdotool /lib/x86_64-linux-gnu/libxdo.so.3
xdotool /lib/x86_64-linux-gnu/libm.so.6
xdotool /lib/x86_64-linux-gnu/libX11.so.6
xdotool /lib/x86_64-linux-gnu/libc.so.6
xdotool /lib/x86_64-linux-gnu/libXtst.so.6
xdotool /lib/x86_64-linux-gnu/libXinerama.so.1
xdotool /lib/x86_64-linux-gnu/libxkbcommon.so.0
xdotool /lib/x86_64-linux-gnu/libxcb.so.1
xdotool /lib/x86_64-linux-gnu/libXext.so.6
xdotool /lib/x86_64-linux-gnu/libXau.so.6
xdotool /lib/x86_64-linux-gnu/libXdmcp.so.6
xdotool /lib/x86_64-linux-gnu/libbsd.so.0
xdotool /lib/x86_64-linux-gnu/libmd.so.0
Xvfb /proc/2966/cmdline
Chrome_ChildIOT /tmp/.org.chromium.Chromium.7H0WVn
ThreadPoolForeg /tmp/.org.chromium.Chromium.QXbocE
ThreadPoolForeg /tmp/.org.chromium.Chromium.QXbocE
ThreadPoolForeg /config/.cache/chromium/Default/Cache/Cache_Data/81690e53da6677..
ThreadPoolForeg /config/.cache/chromium/Default/Cache/Cache_Data/834b3043fec7c3..
ThreadPoolForeg /config/.cache/chromium/Default/Cache/Cache_Data/834b3043fec7c3..
ThreadPoolForeg /config/.cache/chromium/Default/Cache/Cache_Data/834b3043fec7c3..
Chrome_ChildIOT /tmp/.org.chromium.Chromium.o8moCX
ThreadPoolForeg /tmp/.org.chromium.Chromium.AWQXNn
ThreadPoolForeg /tmp/.org.chromium.Chromium.AWQXNn
ThreadPoolForeg /config/.cache/chromium/Default/Cache/Cache_Data/0885d624d88c0d..
Chrome_ChildIOT /tmp/.org.chromium.Chromium.bj4OFJ
ThreadPoolForeg /tmp/.org.chromium.Chromium.jh0vPh
ThreadPoolForeg /tmp/.org.chromium.Chromium.jh0vPh
Chrome_IOThread /tmp/.org.chromium.Chromium.6xX0UF
Chrome_IOThread /tmp/.org.chromium.Chromium.6xX0UF
Chrome_IOThread /tmp/.org.chromium.Chromium.YG1qJP
Chrome_IOThread /tmp/.org.chromium.Chromium.YG1qJP
ThreadPoolForeg /config/.cache/chromium/Default/Cache/Cache_Data/195066f173916f..
xclip /etc/ld.so.cache
xclip /lib/x86_64-linux-gnu/libXmu.so.6
xclip /lib/x86_64-linux-gnu/libX11.so.6
xclip /lib/x86_64-linux-gnu/libc.so.6
xclip /lib/x86_64-linux-gnu/libXt.so.6
xclip /lib/x86_64-linux-gnu/libXext.so.6
xclip /lib/x86_64-linux-gnu/libxcb.so.1
xclip /lib/x86_64-linux-gnu/libSM.so.6
xclip /lib/x86_64-linux-gnu/libICE.so.6
xclip /lib/x86_64-linux-gnu/libXau.so.6
xclip /lib/x86_64-linux-gnu/libXdmcp.so.6
xclip /lib/x86_64-linux-gnu/libuuid.so.1
xclip /lib/x86_64-linux-gnu/libbsd.so.0
xclip /lib/x86_64-linux-gnu/libmd.so.0
xclip /usr/share/X11/locale/locale.alias
xclip /usr/share/X11/locale/locale.dir
xclip /usr/share/X11/locale/C/XLC_LOCALE
xclip /usr/share/X11/locale/locale.alias
xclip /usr/share/X11/locale/locale.dir
xclip /usr/share/X11/locale/C/XLC_LOCALE
Xvfb /proc/2987/cmdline
Chrome_ChildIOT /tmp/.org.chromium.Chromium.0PvHM0
selkies /proc/stat
selkies /proc/meminfo
ThreadPoolForeg /tmp/.org.chromium.Chromium.7hIA5a
ThreadPoolForeg /tmp/.org.chromium.Chromium.7hIA5a
ThreadPoolForeg /config/.cache/chromium/Default/Cache/Cache_Data/b9decfc5ae66fe..
Chrome_ChildIOT /tmp/.org.chromium.Chromium.FlR84Y
ThreadPoolForeg /tmp/.org.chromium.Chromium.zB7Swx
ThreadPoolForeg /tmp/.org.chromium.Chromium.zB7Swx
ThreadPoolForeg /config/.config/chromium/Default/Local Storage/leveldb/000004.l..
ThreadPoolForeg /config/.config/chromium/Default/Local Storage/leveldb/000005.l..
ThreadPoolSingl /proc/1532/task
ThreadPoolSingl /proc/1532/task/1532/status
ThreadPoolSingl /proc/1532/task/1540/status
ThreadPoolSingl /proc/1532/task/1541/status
ThreadPoolSingl /proc/1532/task/1542/status
ThreadPoolSingl /proc/1532/task/1543/status
ThreadPoolSingl /proc/1532/task/1545/status
ThreadPoolSingl /proc/1532/task/1548/status
ThreadPoolSingl /proc/1532/task/2994/status
ThreadPoolForeg /config/.config/chromium/Default/Local Storage/leveldb/000005.l..
ThreadPoolForeg /config/.config/chromium/Default/Local Storage/leveldb
ThreadPoolForeg /config/.config/chromium/Default/Local Storage/leveldb
ThreadPoolForeg /config/.config/chromium/Default/Local Storage/leveldb
ThreadPoolForeg /config/.cache/chromium/Default/Cache/Cache_Data/9472b4775da05d..
Chrome_ChildIOT /tmp/.org.chromium.Chromium.LTMa5q
ThreadPoolForeg /tmp/.org.chromium.Chromium.bSak6m
ThreadPoolForeg /tmp/.org.chromium.Chromium.bSak6m
chromium /usr/share/fonts/opentype/noto/NotoSansCJK-Regular.ttc
chromium /tmp/.org.chromium.Chromium.n7mJKw
ThreadPoolForeg /config/.cache/chromium/Default/Cache/Cache_Data/60580213b53ac2..
ThreadPoolForeg /config/.cache/chromium/Default/Cache/Cache_Data/60580213b53ac2..
ThreadPoolForeg /config/.cache/chromium/Default/Cache/Cache_Data/60580213b53ac2..
Chrome_ChildIOT /tmp/.org.chromium.Chromium.5aDBSS
ThreadPoolForeg /tmp/.org.chromium.Chromium.TZ37hP
ThreadPoolForeg /tmp/.org.chromium.Chromium.TZ37hP
ThreadPoolForeg /config/.cache/chromium/Default/Cache/Cache_Data/72e7ce8447d3ff..
ThreadPoolForeg /config/.cache/chromium/Default/Cache/Cache_Data/72e7ce8447d3ff..
ThreadPoolForeg /config/.cache/chromium/Default/Cache/Cache_Data/72e7ce8447d3ff..
Chrome_ChildIOT /tmp/.org.chromium.Chromium.LdCoMs
ThreadPoolForeg /tmp/.org.chromium.Chromium.J1uJLb
ThreadPoolForeg /tmp/.org.chromium.Chromium.J1uJLb
ThreadPoolForeg /config/.cache/chromium/Default/Cache/Cache_Data/85319bfd321385..
ThreadPoolForeg /config/.cache/chromium/Default/Cache/Cache_Data/85319bfd321385..
ThreadPoolForeg /config/.cache/chromium/Default/Cache/Cache_Data/85319bfd321385..
Chrome_ChildIOT /tmp/.org.chromium.Chromium.dtI7zI
ThreadPoolForeg /tmp/.org.chromium.Chromium.ZWvQDm
ThreadPoolForeg /tmp/.org.chromium.Chromium.ZWvQDm
ThreadPoolForeg /config/.cache/chromium/Default/Cache/Cache_Data/9644450148ddfd..
Chrome_IOThread /tmp/.org.chromium.Chromium.LXluvw
Chrome_IOThread /tmp/.org.chromium.Chromium.LXluvw
Chrome_IOThread /tmp/.org.chromium.Chromium.ktgc2y
Chrome_IOThread /tmp/.org.chromium.Chromium.ktgc2y
Chrome_IOThread /tmp/.org.chromium.Chromium.wyWRPy
Chrome_IOThread /tmp/.org.chromium.Chromium.wyWRPy
Chrome_IOThread /tmp/.org.chromium.Chromium.pEJa5o
Chrome_IOThread /tmp/.org.chromium.Chromium.pEJa5o
Chrome_IOThread /tmp/.org.chromium.Chromium.duE8Q7
Chrome_IOThread /tmp/.org.chromium.Chromium.duE8Q7
Chrome_IOThread /tmp/.org.chromium.Chromium.W4TDDz
Chrome_IOThread /tmp/.org.chromium.Chromium.W4TDDz
Chrome_ChildIOT /tmp/.org.chromium.Chromium.guoAcT
ThreadPoolForeg /tmp/.org.chromium.Chromium.CbhrZA
ThreadPoolForeg /tmp/.org.chromium.Chromium.CbhrZA
ThreadPoolForeg /config/.cache/chromium/Default/Cache/Cache_Data/843f0e6f423873..
ThreadPoolForeg /config/.cache/chromium/Default/Cache/Cache_Data/19f703e89ab6f4..
ThreadPoolForeg /config/.cache/chromium/Default/Cache/Cache_Data/980080f7de2c4a..
Chrome_ChildIOT /tmp/.org.chromium.Chromium.McnvTB
Chrome_ChildIOT /tmp/.org.chromium.Chromium.hZSkkj
xclip /etc/ld.so.cache
xclip /lib/x86_64-linux-gnu/libXmu.so.6
xclip /lib/x86_64-linux-gnu/libX11.so.6
xclip /lib/x86_64-linux-gnu/libc.so.6
xclip /lib/x86_64-linux-gnu/libXt.so.6
xclip /lib/x86_64-linux-gnu/libXext.so.6
xclip /lib/x86_64-linux-gnu/libxcb.so.1
xclip /lib/x86_64-linux-gnu/libSM.so.6
xclip /lib/x86_64-linux-gnu/libICE.so.6
xclip /lib/x86_64-linux-gnu/libXau.so.6
xclip /lib/x86_64-linux-gnu/libXdmcp.so.6
xclip /lib/x86_64-linux-gnu/libuuid.so.1
xclip /lib/x86_64-linux-gnu/libbsd.so.0
xclip /lib/x86_64-linux-gnu/libmd.so.0
xclip /usr/share/X11/locale/locale.alias
xclip /usr/share/X11/locale/locale.dir
xclip /usr/share/X11/locale/C/XLC_LOCALE
xclip /usr/share/X11/locale/locale.alias
xclip /usr/share/X11/locale/locale.dir
xclip /usr/share/X11/locale/C/XLC_LOCALE
Xvfb /proc/3020/cmdline
Chrome_ChildIOT /tmp/.org.chromium.Chromium.hm64WL
ThreadPoolForeg /tmp/.org.chromium.Chromium.AL4SSv
ThreadPoolForeg /tmp/.org.chromium.Chromium.AL4SSv
ThreadPoolForeg /config/.cache/chromium/Default/Cache/Cache_Data/515b8474472a0b..
Chrome_ChildIOT /tmp/.org.chromium.Chromium.UPEg6j
ThreadPoolForeg /tmp/.org.chromium.Chromium.ZpR9Ge
ThreadPoolForeg /tmp/.org.chromium.Chromium.ZpR9Ge
Chrome_IOThread /tmp/.org.chromium.Chromium.aPlIk9
Chrome_IOThread /tmp/.org.chromium.Chromium.aPlIk9
ThreadPoolForeg /config/.cache/chromium/Default/Cache/Cache_Data/ca4157168e1607..
Chrome_ChildIOT /tmp/.org.chromium.Chromium.aHFQ9H
ThreadPoolForeg /tmp/.org.chromium.Chromium.onC2aD
ThreadPoolForeg /tmp/.org.chromium.Chromium.onC2aD
ThreadPoolForeg /config/.cache/chromium/Default/Cache/Cache_Data/e05f66415c22a7..
Chrome_ChildIOT /tmp/.org.chromium.Chromium.hZdBO3
ThreadPoolForeg /tmp/.org.chromium.Chromium.7l3bFl
ThreadPoolForeg /tmp/.org.chromium.Chromium.7l3bFl
ThreadPoolForeg /config/.cache/chromium/Default/Cache/Cache_Data/ff67ee1019d17c..
Chrome_ChildIOT /tmp/.org.chromium.Chromium.hoRkV2
ThreadPoolForeg /tmp/.org.chromium.Chromium.sdINZV
ThreadPoolForeg /tmp/.org.chromium.Chromium.sdINZV
ThreadPoolForeg /config/.cache/chromium/Default/Cache/Cache_Data/8bd418b19651f6..
Chrome_ChildIOT /tmp/.org.chromium.Chromium.HAPP8a
ThreadPoolForeg /tmp/.org.chromium.Chromium.KW9ktM
ThreadPoolForeg /tmp/.org.chromium.Chromium.KW9ktM
Chrome_IOThread /tmp/.org.chromium.Chromium.0lqV5t
Chrome_IOThread /tmp/.org.chromium.Chromium.0lqV5t
ThreadPoolForeg /config/.cache/chromium/Default/Cache/Cache_Data/a33fe6476acc86..
Chrome_ChildIOT /tmp/.org.chromium.Chromium.6aeNak
ThreadPoolForeg /tmp/.org.chromium.Chromium.OlqP5v
ThreadPoolForeg /tmp/.org.chromium.Chromium.OlqP5v
xclip /etc/ld.so.cache
xclip /lib/x86_64-linux-gnu/libXmu.so.6
xclip /lib/x86_64-linux-gnu/libX11.so.6
xclip /lib/x86_64-linux-gnu/libc.so.6
xclip /lib/x86_64-linux-gnu/libXt.so.6
xclip /lib/x86_64-linux-gnu/libXext.so.6
xclip /lib/x86_64-linux-gnu/libxcb.so.1
xclip /lib/x86_64-linux-gnu/libSM.so.6
xclip /lib/x86_64-linux-gnu/libICE.so.6
xclip /lib/x86_64-linux-gnu/libXau.so.6
xclip /lib/x86_64-linux-gnu/libXdmcp.so.6
xclip /lib/x86_64-linux-gnu/libuuid.so.1
xclip /lib/x86_64-linux-gnu/libbsd.so.0
xclip /lib/x86_64-linux-gnu/libmd.so.0
xclip /usr/share/X11/locale/locale.alias
xclip /usr/share/X11/locale/locale.dir
xclip /usr/share/X11/locale/C/XLC_LOCALE
xclip /usr/share/X11/locale/locale.alias
xclip /usr/share/X11/locale/locale.dir
xclip /usr/share/X11/locale/C/XLC_LOCALE
Xvfb /proc/3052/cmdline
selkies /proc/stat
selkies /proc/meminfo
ThreadPoolForeg /config/.cache/chromium/Default/Cache/Cache_Data/4504b46dfdc273..
Chrome_ChildIOT /tmp/.org.chromium.Chromium.xHY4bZ
ThreadPoolForeg /tmp/.org.chromium.Chromium.Qio67W
ThreadPoolForeg /tmp/.org.chromium.Chromium.Qio67W
ThreadPoolForeg /config/.cache/chromium/Default/Cache/Cache_Data/e3739dd8651896..


