plasmashell /config/.config/plasma-org.kde.plasma.desktop-appletsrc
xclip /etc/ld.so.cache
xclip /lib/x86_64-linux-gnu/libXmu.so.6
xclip /lib/x86_64-linux-gnu/libX11.so.6
xclip /lib/x86_64-linux-gnu/libc.so.6
xclip /lib/x86_64-linux-gnu/libXt.so.6
xclip /lib/x86_64-linux-gnu/libXext.so.6
xclip /lib/x86_64-linux-gnu/libxcb.so.1
xclip /lib/x86_64-linux-gnu/libSM.so.6
xclip /lib/x86_64-linux-gnu/libICE.so.6
xclip /lib/x86_64-linux-gnu/libXau.so.6
xclip /lib/x86_64-linux-gnu/libXdmcp.so.6
xclip /lib/x86_64-linux-gnu/libuuid.so.1
xclip /lib/x86_64-linux-gnu/libbsd.so.0
xclip /lib/x86_64-linux-gnu/libmd.so.0
xclip /usr/share/X11/locale/locale.alias
xclip /usr/share/X11/locale/locale.dir
xclip /usr/share/X11/locale/C/XLC_LOCALE
xclip /usr/share/X11/locale/locale.alias
xclip /usr/share/X11/locale/locale.dir
xclip /usr/share/X11/locale/C/XLC_LOCALE
Xvfb /proc/973/cmdline
xclip /etc/ld.so.cache
xclip /lib/x86_64-linux-gnu/libXmu.so.6
xclip /lib/x86_64-linux-gnu/libX11.so.6
xclip /lib/x86_64-linux-gnu/libc.so.6
xclip /lib/x86_64-linux-gnu/libXt.so.6
xclip /lib/x86_64-linux-gnu/libXext.so.6
xclip /lib/x86_64-linux-gnu/libxcb.so.1
xclip /lib/x86_64-linux-gnu/libSM.so.6
xclip /lib/x86_64-linux-gnu/libICE.so.6
xclip /lib/x86_64-linux-gnu/libXau.so.6
xclip /lib/x86_64-linux-gnu/libXdmcp.so.6
xclip /lib/x86_64-linux-gnu/libuuid.so.1
xclip /lib/x86_64-linux-gnu/libbsd.so.0
xclip /lib/x86_64-linux-gnu/libmd.so.0
xclip /usr/share/X11/locale/locale.alias
xclip /usr/share/X11/locale/locale.dir
xclip /usr/share/X11/locale/C/XLC_LOCALE
xclip /usr/share/X11/locale/locale.alias
xclip /usr/share/X11/locale/locale.dir
xclip /usr/share/X11/locale/C/XLC_LOCALE
Xvfb /proc/974/cmdline
pulseaudio /config/.config/pulse/719bfa8fe76f46648671425727a46825-default-sink
pulseaudio /config/.config/pulse/719bfa8fe76f46648671425727a46825-default-source
xclip /etc/ld.so.cache
xclip /lib/x86_64-linux-gnu/libXmu.so.6
xclip /lib/x86_64-linux-gnu/libX11.so.6
xclip /lib/x86_64-linux-gnu/libc.so.6
xclip /lib/x86_64-linux-gnu/libXt.so.6
xclip /lib/x86_64-linux-gnu/libXext.so.6
xclip /lib/x86_64-linux-gnu/libxcb.so.1
xclip /lib/x86_64-linux-gnu/libSM.so.6
xclip /lib/x86_64-linux-gnu/libICE.so.6
xclip /lib/x86_64-linux-gnu/libXau.so.6
xclip /lib/x86_64-linux-gnu/libXdmcp.so.6
xclip /lib/x86_64-linux-gnu/libuuid.so.1
xclip /lib/x86_64-linux-gnu/libbsd.so.0
xclip /lib/x86_64-linux-gnu/libmd.so.0
xclip /usr/share/X11/locale/locale.alias
xclip /usr/share/X11/locale/locale.dir
xclip /usr/share/X11/locale/C/XLC_LOCALE
xclip /usr/share/X11/locale/locale.alias
xclip /usr/share/X11/locale/locale.dir
xclip /usr/share/X11/locale/C/XLC_LOCALE
Xvfb /proc/975/cmdline
xclip /etc/ld.so.cache
xclip /lib/x86_64-linux-gnu/libXmu.so.6
xclip /lib/x86_64-linux-gnu/libX11.so.6
xclip /lib/x86_64-linux-gnu/libc.so.6
xclip /lib/x86_64-linux-gnu/libXt.so.6
xclip /lib/x86_64-linux-gnu/libXext.so.6
xclip /lib/x86_64-linux-gnu/libxcb.so.1
xclip /lib/x86_64-linux-gnu/libSM.so.6
xclip /lib/x86_64-linux-gnu/libICE.so.6
xclip /lib/x86_64-linux-gnu/libXau.so.6
xclip /lib/x86_64-linux-gnu/libXdmcp.so.6
xclip /lib/x86_64-linux-gnu/libuuid.so.1
xclip /lib/x86_64-linux-gnu/libbsd.so.0
xclip /lib/x86_64-linux-gnu/libmd.so.0
xclip /usr/share/X11/locale/locale.alias
xclip /usr/share/X11/locale/locale.dir
xclip /usr/share/X11/locale/C/XLC_LOCALE
xclip /usr/share/X11/locale/locale.alias
xclip /usr/share/X11/locale/locale.dir
xclip /usr/share/X11/locale/C/XLC_LOCALE
Xvfb /proc/976/cmdline
QQmlThread /usr/share/plasma/plasmoids/org.kde.plasma.clipboard/contents/ui/inlinec
QQmlThread /config/.cache/plasmashell/qmlcache/2a8c43d11e4b39f247caffaec1ab74de22211196.
QQmlThread /usr/lib/x86_64-linux-gnu/qt5/qml/org/kde/prison/qmldir
QQmlThread /usr/lib/x86_64-linux-gnu/qt5/qml/org/kde/prison/libprisonquickplugin.so
QQmlThread /usr/lib/x86_64-linux-gnu/qt5/qml/org/kde/prison/libprisonquickplugin.so.avx2
QQmlThread /usr/lib/x86_64-linux-gnu/qt5/qml/org/kde/prison/libprisonquickplugin.so
plasmashell /usr/share/plasma/desktoptheme/default/icons/edit.svgz
plasmashell /usr/share/icons/breeze/actions/22/edit-clear-history.svg
plasmashell /usr/share/plasma/desktoptheme/default/icons/edit.svgz
plasmashell /usr/share/icons/breeze/actions/22/edit-paste.svg
plasmashell /usr/share/plasma/desktoptheme/default/icons/klipper.svgz
xclip /etc/ld.so.cache
xclip /lib/x86_64-linux-gnu/libXmu.so.6
xclip /lib/x86_64-linux-gnu/libX11.so.6
xclip /lib/x86_64-linux-gnu/libc.so.6
xclip /lib/x86_64-linux-gnu/libXt.so.6
xclip /lib/x86_64-linux-gnu/libXext.so.6
xclip /lib/x86_64-linux-gnu/libxcb.so.1
xclip /lib/x86_64-linux-gnu/libSM.so.6
xclip /lib/x86_64-linux-gnu/libICE.so.6
xclip /lib/x86_64-linux-gnu/libXau.so.6
xclip /lib/x86_64-linux-gnu/libXdmcp.so.6
xclip /lib/x86_64-linux-gnu/libuuid.so.1
xclip /lib/x86_64-linux-gnu/libbsd.so.0
xclip /lib/x86_64-linux-gnu/libmd.so.0
xclip /usr/share/X11/locale/locale.alias
xclip /usr/share/X11/locale/locale.dir
xclip /usr/share/X11/locale/C/XLC_LOCALE
xclip /usr/share/X11/locale/locale.alias
xclip /usr/share/X11/locale/locale.dir
xclip /usr/share/X11/locale/C/XLC_LOCALE
Xvfb /proc/977/cmdline
plasmashell /usr/share/plasma/desktoptheme/default/icons/drive.svgz
plasmashell /usr/share/icons/breeze/devices/symbolic/drive-removable-media-symbolic.svg
plasmashell /usr/lib/x86_64-linux-gnu/qt5/plugins/kf5/org.kde.kidletime.platforms
plasmashell /usr/lib/x86_64-linux-gnu/qt5/plugins/kf5/org.kde.kidletime.platforms/KF5IdleTimeWaylandPlugin.so
plasmashell /usr/lib/x86_64-linux-gnu/qt5/plugins/kf5/org.kde.kidletime.platforms/KF5IdleTimeXcbPlugin0.so
plasmashell /usr/lib/x86_64-linux-gnu/qt5/plugins/kf5/org.kde.kidletime.platforms/KF5IdleTimeXcbPlugin0.so.avx2
plasmashell /usr/lib/x86_64-linux-gnu/qt5/plugins/kf5/org.kde.kidletime.platforms/KF5IdleTimeXcbPlugin0.so
plasmashell /usr/share/plasma/desktoptheme/default/icons/media.svgz
plasmashell /usr/share/icons/breeze/actions/32/media-eject.svg
plasmashell /usr/share/plasma/desktoptheme/default/icons/device.svgz
xclip /etc/ld.so.cache
xclip /lib/x86_64-linux-gnu/libXmu.so.6
xclip /lib/x86_64-linux-gnu/libX11.so.6
xclip /lib/x86_64-linux-gnu/libc.so.6
xclip /lib/x86_64-linux-gnu/libXt.so.6
xclip /lib/x86_64-linux-gnu/libXext.so.6
xclip /lib/x86_64-linux-gnu/libxcb.so.1
xclip /lib/x86_64-linux-gnu/libSM.so.6
xclip /lib/x86_64-linux-gnu/libICE.so.6
xclip /lib/x86_64-linux-gnu/libXau.so.6
xclip /lib/x86_64-linux-gnu/libXdmcp.so.6
xclip /lib/x86_64-linux-gnu/libuuid.so.1
xclip /lib/x86_64-linux-gnu/libbsd.so.0
xclip /lib/x86_64-linux-gnu/libmd.so.0
xclip /usr/share/X11/locale/locale.alias
xclip /usr/share/X11/locale/locale.dir
xclip /usr/share/X11/locale/C/XLC_LOCALE
xclip /usr/share/X11/locale/locale.alias
xclip /usr/share/X11/locale/locale.dir
xclip /usr/share/X11/locale/C/XLC_LOCALE
Xvfb /proc/978/cmdline
plasmashell /usr/share/plasma/desktoptheme/default/widgets/checkmarks.svgz
plasmashell /usr/share/icons/breeze/actions/22/checkmark.svg
plasmashell /usr/share/icons/breeze/actions/22/edit-clear-history.svg
plasmashell /usr/share/icons/breeze/actions/22/notifications-disabled.svg
QSGRenderThread /usr/share/fonts/truetype/noto/NotoSans-Bold.ttf
xclip /etc/ld.so.cache
xclip /lib/x86_64-linux-gnu/libXmu.so.6
xclip /lib/x86_64-linux-gnu/libX11.so.6
xclip /lib/x86_64-linux-gnu/libc.so.6
xclip /lib/x86_64-linux-gnu/libXt.so.6
xclip /lib/x86_64-linux-gnu/libXext.so.6
xclip /lib/x86_64-linux-gnu/libxcb.so.1
xclip /lib/x86_64-linux-gnu/libSM.so.6
xclip /lib/x86_64-linux-gnu/libICE.so.6
xclip /lib/x86_64-linux-gnu/libXau.so.6
xclip /lib/x86_64-linux-gnu/libXdmcp.so.6
xclip /lib/x86_64-linux-gnu/libuuid.so.1
xclip /lib/x86_64-linux-gnu/libbsd.so.0
xclip /lib/x86_64-linux-gnu/libmd.so.0
xclip /usr/share/X11/locale/locale.alias
xclip /usr/share/X11/locale/locale.dir
xclip /usr/share/X11/locale/C/XLC_LOCALE
xclip /usr/share/X11/locale/locale.alias
xclip /usr/share/X11/locale/locale.dir
xclip /usr/share/X11/locale/C/XLC_LOCALE
Xvfb /proc/979/cmdline
xclip /etc/ld.so.cache
xclip /lib/x86_64-linux-gnu/libXmu.so.6
xclip /lib/x86_64-linux-gnu/libX11.so.6
xclip /lib/x86_64-linux-gnu/libc.so.6
xclip /lib/x86_64-linux-gnu/libXt.so.6
xclip /lib/x86_64-linux-gnu/libXext.so.6
xclip /lib/x86_64-linux-gnu/libxcb.so.1
xclip /lib/x86_64-linux-gnu/libSM.so.6
xclip /lib/x86_64-linux-gnu/libICE.so.6
xclip /lib/x86_64-linux-gnu/libXau.so.6
xclip /lib/x86_64-linux-gnu/libXdmcp.so.6
xclip /lib/x86_64-linux-gnu/libuuid.so.1
xclip /lib/x86_64-linux-gnu/libbsd.so.0
xclip /lib/x86_64-linux-gnu/libmd.so.0
xclip /usr/share/X11/locale/locale.alias
xclip /usr/share/X11/locale/locale.dir
xclip /usr/share/X11/locale/C/XLC_LOCALE
xclip /usr/share/X11/locale/locale.alias
xclip /usr/share/X11/locale/locale.dir
xclip /usr/share/X11/locale/C/XLC_LOCALE
Xvfb /proc/980/cmdline
plasmashell /usr/bin/plasmacalendarplugins
plasmashell /usr/lib/x86_64-linux-gnu/qt5/plugins/plasmacalendarplugins
plasmashell /usr/lib/x86_64-linux-gnu/qt5/plugins/plasmacalendarplugins/holidaysevents.so
plasmashell /usr/lib/x86_64-linux-gnu/qt5/plugins/plasmacalendarplugins
plasmashell /usr/share/plasma/desktoptheme/default/widgets/calendar.svgz
plasmashell /usr/share/plasma/desktoptheme/default/icons/go.svgz
plasmashell /usr/share/plasma/desktoptheme/default/icons/preferences.svgz
plasmashell /usr/share/icons/breeze/preferences/32/preferences-system-time.svg
plasmashell /usr/share/plasma/desktoptheme/default/icons/list.svgz
xclip /etc/ld.so.cache
xclip /lib/x86_64-linux-gnu/libXmu.so.6
xclip /lib/x86_64-linux-gnu/libX11.so.6
xclip /lib/x86_64-linux-gnu/libc.so.6
xclip /lib/x86_64-linux-gnu/libXt.so.6
xclip /lib/x86_64-linux-gnu/libXext.so.6
xclip /lib/x86_64-linux-gnu/libxcb.so.1
xclip /lib/x86_64-linux-gnu/libSM.so.6
xclip /lib/x86_64-linux-gnu/libICE.so.6
xclip /lib/x86_64-linux-gnu/libXau.so.6
xclip /lib/x86_64-linux-gnu/libXdmcp.so.6
xclip /lib/x86_64-linux-gnu/libuuid.so.1
xclip /lib/x86_64-linux-gnu/libbsd.so.0
xclip /lib/x86_64-linux-gnu/libmd.so.0
xclip /usr/share/X11/locale/locale.alias
xclip /usr/share/X11/locale/locale.dir
xclip /usr/share/X11/locale/C/XLC_LOCALE
xclip /usr/share/X11/locale/locale.alias
xclip /usr/share/X11/locale/locale.dir
xclip /usr/share/X11/locale/C/XLC_LOCALE
Xvfb /proc/981/cmdline
nginx /usr/share/selkies/web/index.html
nginx /usr/share/selkies/web/manifest.json
selkies /proc/self/status
selkies /proc/mounts
selkies /config/.pulse/client.conf
selkies /config/.config/pulse/client.conf
selkies /etc/pulse/client.conf
selkies /etc/pulse/client.conf.d
selkies /etc/pulse/client.conf.d/01-enable-autospawn.conf
selkies /dev/shm/
selkies /dev/urandom
selkies /defaults
selkies /config/.config/pulse/cookie
pulseaudio /dev/shm/
pulseaudio /dev/urandom
selkies /etc/nsswitch.conf
selkies /etc/passwd
selkies /etc/machine-id
pulseaudio /usr/share/applications/python3.12.desktop
selkies /proc/stat
selkies /proc/meminfo
selkies /config/.Xresources
xrdb /etc/ld.so.cache
xrdb /lib/x86_64-linux-gnu/libXmuu.so.1
xrdb /lib/x86_64-linux-gnu/libX11.so.6
xrdb /lib/x86_64-linux-gnu/libc.so.6
xrdb /lib/x86_64-linux-gnu/libxcb.so.1
xrdb /lib/x86_64-linux-gnu/libXau.so.6
xrdb /lib/x86_64-linux-gnu/libXdmcp.so.6
xrdb /lib/x86_64-linux-gnu/libbsd.so.0
xrdb /lib/x86_64-linux-gnu/libmd.so.0
xrdb /dev/null
Xvfb /proc/983/cmdline
xrdb /config/.Xresources
sh /etc/ld.so.cache
sh /lib/x86_64-linux-gnu/libc.so.6
cpp /etc/ld.so.cache
cpp /lib/x86_64-linux-gnu/libc.so.6
cpp /usr/lib/locale/locale-archive
cpp /usr/share/locale/locale.alias
cpp /usr/share/locale/en_US/LC_MESSAGES/gcc-13.mo
cpp /usr/share/locale/en/LC_MESSAGES/gcc-13.mo
cpp /usr/share/locale-langpack/en_US/LC_MESSAGES/gcc-13.mo
cpp /usr/share/locale-langpack/en/LC_MESSAGES/gcc-13.mo
cc1 /etc/ld.so.cache
cc1 /lib/x86_64-linux-gnu/libisl.so.23
cc1 /lib/x86_64-linux-gnu/libmpc.so.3
cc1 /lib/x86_64-linux-gnu/libmpfr.so.6
cc1 /lib/x86_64-linux-gnu/libgmp.so.10
cc1 /lib/x86_64-linux-gnu/libz.so.1
cc1 /lib/x86_64-linux-gnu/libzstd.so.1
cc1 /lib/x86_64-linux-gnu/libc.so.6
cc1 /lib/x86_64-linux-gnu/libm.so.6
cc1 /usr/lib/locale/locale-archive
cc1 /usr/share/locale/locale.alias
cc1 /usr/share/locale/en_US/LC_MESSAGES/gcc-13.mo
cc1 /usr/share/locale/en/LC_MESSAGES/gcc-13.mo
cc1 /usr/share/locale-langpack/en_US/LC_MESSAGES/gcc-13.mo
cc1 /usr/share/locale-langpack/en/LC_MESSAGES/gcc-13.mo
cc1 /config/.Xresources
cc1 /usr/lib/gcc/x86_64-linux-gnu/13/include/stdc-predef.h
cc1 /usr/local/include/stdc-predef.h
cc1 /usr/include/x86_64-linux-gnu/stdc-predef.h
cc1 /usr/include/stdc-predef.h
selkies /config/.xsettingsd
pgrep /etc/ld.so.cache
pgrep /lib/x86_64-linux-gnu/libproc2.so.0
pgrep /lib/x86_64-linux-gnu/libc.so.6
pgrep /lib/x86_64-linux-gnu/libsystemd.so.0
pgrep /lib/x86_64-linux-gnu/libcap.so.2
pgrep /lib/x86_64-linux-gnu/libgcrypt.so.20
pgrep /lib/x86_64-linux-gnu/liblz4.so.1
pgrep /lib/x86_64-linux-gnu/liblzma.so.5
pgrep /lib/x86_64-linux-gnu/libzstd.so.1
pgrep /lib/x86_64-linux-gnu/libgpg-error.so.0
pgrep /usr/lib/locale/locale-archive
pgrep /usr/lib/x86_64-linux-gnu/gconv/gconv-modules.cache
pgrep /etc/ld.so.cache
pgrep /lib/x86_64-linux-gnu/glibc-hwcaps/x86-64-v3/libnuma.so
pgrep /lib/x86_64-linux-gnu/glibc-hwcaps/x86-64-v2/libnuma.so
pgrep /lib/x86_64-linux-gnu/libnuma.so
pgrep /usr/lib/x86_64-linux-gnu/glibc-hwcaps/x86-64-v3/libnuma.so
pgrep /usr/lib/x86_64-linux-gnu/glibc-hwcaps/x86-64-v2/libnuma.so
pgrep /usr/lib/x86_64-linux-gnu/libnuma.so
pgrep /lib/glibc-hwcaps/x86-64-v3/libnuma.so
pgrep /lib/glibc-hwcaps/x86-64-v2/libnuma.so
pgrep /lib/libnuma.so
pgrep /usr/lib/glibc-hwcaps/x86-64-v3/libnuma.so
pgrep /usr/lib/glibc-hwcaps/x86-64-v2/libnuma.so
pgrep /usr/lib/libnuma.so
pgrep /etc/ld.so.cache
pgrep /lib/x86_64-linux-gnu/libnuma.so.1
pgrep /proc/self/status
pgrep /sys/devices/system/node
pgrep /sys/devices/system/cpu/possible
pgrep /proc/self/status
pgrep /proc
pgrep /proc/uptime
pgrep /proc/1/stat
pgrep /proc/1/status
pgrep /proc/1/cmdline
pgrep /proc/1/cgroup
pgrep /proc/1/ctty
pgrep /proc/uptime
pgrep /proc/12/stat
pgrep /proc/12/status
pgrep /proc/12/cmdline
pgrep /proc/12/cgroup
pgrep /proc/12/ctty
pgrep /proc/uptime
pgrep /proc/15/stat
pgrep /proc/15/status
pgrep /proc/15/cmdline
pgrep /proc/15/cgroup
pgrep /proc/15/ctty
pgrep /proc/uptime
pgrep /proc/35/stat
pgrep /proc/35/status
pgrep /proc/35/cmdline
pgrep /proc/35/cgroup
pgrep /proc/35/ctty
pgrep /proc/uptime
pgrep /proc/36/stat
pgrep /proc/36/status
pgrep /proc/36/cmdline
pgrep /proc/36/cgroup
pgrep /proc/36/ctty
pgrep /proc/uptime
pgrep /proc/37/stat
pgrep /proc/37/status
pgrep /proc/37/cmdline
pgrep /proc/37/cgroup
pgrep /proc/37/ctty
pgrep /proc/uptime
pgrep /proc/38/stat
pgrep /proc/38/status
pgrep /proc/38/cmdline
pgrep /proc/38/cgroup
pgrep /proc/38/ctty
pgrep /proc/uptime
pgrep /proc/39/stat
pgrep /proc/39/status
pgrep /proc/39/cmdline
pgrep /proc/39/cgroup
pgrep /proc/39/ctty
pgrep /proc/uptime
pgrep /proc/40/stat
pgrep /proc/40/status
pgrep /proc/40/cmdline
pgrep /proc/40/cgroup
pgrep /proc/40/ctty
pgrep /proc/uptime
pgrep /proc/41/stat
pgrep /proc/41/status
pgrep /proc/41/cmdline
pgrep /proc/41/cgroup
pgrep /proc/41/ctty
pgrep /proc/uptime
pgrep /proc/42/stat
pgrep /proc/42/status
pgrep /proc/42/cmdline
pgrep /proc/42/cgroup
pgrep /proc/42/ctty
pgrep /proc/uptime
pgrep /proc/43/stat
pgrep /proc/43/status
pgrep /proc/43/cmdline
pgrep /proc/43/cgroup
pgrep /proc/43/ctty
pgrep /proc/uptime
pgrep /proc/44/stat
pgrep /proc/44/status
pgrep /proc/44/cmdline
pgrep /proc/44/cgroup
pgrep /proc/44/ctty
pgrep /proc/uptime
pgrep /proc/45/stat
pgrep /proc/45/status
pgrep /proc/45/cmdline
pgrep /proc/45/cgroup
pgrep /proc/45/ctty
pgrep /proc/uptime
pgrep /proc/46/stat
pgrep /proc/46/status
pgrep /proc/46/cmdline
pgrep /proc/46/cgroup
pgrep /proc/46/ctty
pgrep /proc/uptime
pgrep /proc/54/stat
pgrep /proc/54/status
pgrep /proc/54/cmdline
pgrep /proc/54/cgroup
pgrep /proc/54/ctty
pgrep /proc/uptime
pgrep /proc/306/stat
pgrep /proc/306/status
pgrep /proc/306/cmdline
pgrep /proc/306/cgroup
pgrep /proc/306/ctty
pgrep /proc/uptime
pgrep /proc/308/stat
pgrep /proc/308/status
pgrep /proc/308/cmdline
pgrep /proc/308/cgroup
pgrep /proc/308/ctty
pgrep /proc/uptime
pgrep /proc/310/stat
pgrep /proc/310/status
pgrep /proc/310/cmdline
pgrep /proc/310/cgroup
pgrep /proc/310/ctty
pgrep /proc/uptime
pgrep /proc/312/stat
pgrep /proc/312/status
pgrep /proc/312/cmdline
pgrep /proc/312/cgroup
pgrep /proc/312/ctty
pgrep /proc/uptime
pgrep /proc/313/stat
pgrep /proc/313/status
pgrep /proc/313/cmdline
pgrep /proc/313/cgroup
pgrep /proc/313/ctty
pgrep /proc/uptime
pgrep /proc/314/stat
pgrep /proc/314/status
pgrep /proc/314/cmdline
pgrep /proc/314/cgroup
pgrep /proc/314/ctty
pgrep /proc/uptime
pgrep /proc/324/stat
pgrep /proc/324/status
pgrep /proc/324/cmdline
pgrep /proc/324/cgroup
pgrep /proc/324/ctty
pgrep /proc/uptime
pgrep /proc/332/stat
pgrep /proc/332/status
pgrep /proc/332/cmdline
pgrep /proc/332/cgroup
pgrep /proc/332/ctty
pgrep /proc/uptime
pgrep /proc/343/stat
pgrep /proc/343/status
pgrep /proc/343/cmdline
pgrep /proc/343/cgroup
pgrep /proc/343/ctty
pgrep /proc/uptime
pgrep /proc/344/stat
pgrep /proc/344/status
pgrep /proc/344/cmdline
pgrep /proc/344/cgroup
pgrep /proc/344/ctty
pgrep /proc/uptime
pgrep /proc/362/stat
pgrep /proc/362/status
pgrep /proc/362/cmdline
pgrep /proc/362/cgroup
pgrep /proc/362/ctty
pgrep /proc/uptime
pgrep /proc/377/stat
pgrep /proc/377/status
pgrep /proc/377/cmdline
pgrep /proc/377/cgroup
pgrep /proc/377/ctty
pgrep /proc/uptime
pgrep /proc/378/stat
pgrep /proc/378/status
pgrep /proc/378/cmdline
pgrep /proc/378/cgroup
pgrep /proc/378/ctty
pgrep /proc/uptime
pgrep /proc/379/stat
pgrep /proc/379/status
pgrep /proc/379/cmdline
pgrep /proc/379/cgroup
pgrep /proc/379/ctty
pgrep /proc/uptime
pgrep /proc/380/stat
pgrep /proc/380/status
pgrep /proc/380/cmdline
pgrep /proc/380/cgroup
pgrep /proc/380/ctty
pgrep /proc/uptime
pgrep /proc/381/stat
pgrep /proc/381/status
pgrep /proc/381/cmdline
pgrep /proc/381/cgroup
pgrep /proc/381/ctty
pgrep /proc/uptime
pgrep /proc/382/stat
pgrep /proc/382/status
pgrep /proc/382/cmdline
pgrep /proc/382/cgroup
pgrep /proc/382/ctty
pgrep /proc/uptime
pgrep /proc/383/stat
pgrep /proc/383/status
pgrep /proc/383/cmdline
pgrep /proc/383/cgroup
pgrep /proc/383/ctty
pgrep /proc/uptime
pgrep /proc/384/stat
pgrep /proc/384/status
pgrep /proc/384/cmdline
pgrep /proc/384/cgroup
pgrep /proc/384/ctty
pgrep /proc/uptime
pgrep /proc/385/stat
pgrep /proc/385/status
pgrep /proc/385/cmdline
pgrep /proc/385/cgroup
pgrep /proc/385/ctty
pgrep /proc/uptime
pgrep /proc/386/stat
pgrep /proc/386/status
pgrep /proc/386/cmdline
pgrep /proc/386/cgroup
pgrep /proc/386/ctty
pgrep /proc/uptime
pgrep /proc/387/stat
pgrep /proc/387/status
pgrep /proc/387/cmdline
pgrep /proc/387/cgroup
pgrep /proc/387/ctty
pgrep /proc/uptime
pgrep /proc/388/stat
pgrep /proc/388/status
pgrep /proc/388/cmdline
pgrep /proc/388/cgroup
pgrep /proc/388/ctty
pgrep /proc/uptime
pgrep /proc/389/stat
pgrep /proc/389/status
pgrep /proc/389/cmdline
pgrep /proc/389/cgroup
pgrep /proc/389/ctty
pgrep /proc/uptime
pgrep /proc/390/stat
pgrep /proc/390/status
pgrep /proc/390/cmdline
pgrep /proc/390/cgroup
pgrep /proc/390/ctty
pgrep /proc/uptime
pgrep /proc/391/stat
pgrep /proc/391/status
pgrep /proc/391/cmdline
pgrep /proc/391/cgroup
pgrep /proc/391/ctty
pgrep /proc/uptime
pgrep /proc/392/stat
pgrep /proc/392/status
pgrep /proc/392/cmdline
pgrep /proc/392/cgroup
pgrep /proc/392/ctty
pgrep /proc/uptime
pgrep /proc/400/stat
pgrep /proc/400/status
pgrep /proc/400/cmdline
pgrep /proc/400/cgroup
pgrep /proc/400/ctty
pgrep /proc/uptime
pgrep /proc/401/stat
pgrep /proc/401/status
pgrep /proc/401/cmdline
pgrep /proc/401/cgroup
pgrep /proc/401/ctty
pgrep /proc/uptime
pgrep /proc/431/stat
pgrep /proc/431/status
pgrep /proc/431/cmdline
pgrep /proc/431/cgroup
pgrep /proc/431/ctty
pgrep /proc/uptime
pgrep /proc/446/stat
pgrep /proc/446/status
pgrep /proc/446/cmdline
pgrep /proc/446/cgroup
pgrep /proc/446/ctty
pgrep /proc/uptime
pgrep /proc/447/stat
pgrep /proc/447/status
pgrep /proc/447/cmdline
pgrep /proc/447/cgroup
pgrep /proc/447/ctty
pgrep /proc/uptime
pgrep /proc/514/stat
pgrep /proc/514/status
pgrep /proc/514/cmdline
pgrep /proc/514/cgroup
pgrep /proc/514/ctty
pgrep /proc/uptime
pgrep /proc/515/stat
pgrep /proc/515/status
pgrep /proc/515/cmdline
pgrep /proc/515/cgroup
pgrep /proc/515/ctty
pgrep /proc/uptime
pgrep /proc/540/stat
pgrep /proc/540/status
pgrep /proc/540/cmdline
pgrep /proc/540/cgroup
pgrep /proc/540/ctty
pgrep /proc/uptime
pgrep /proc/582/stat
pgrep /proc/582/status
pgrep /proc/582/cmdline
pgrep /proc/582/cgroup
pgrep /proc/582/ctty
pgrep /proc/uptime
pgrep /proc/588/stat
pgrep /proc/588/status
pgrep /proc/588/cmdline
pgrep /proc/588/cgroup
pgrep /proc/588/ctty
pgrep /proc/uptime
pgrep /proc/646/stat
pgrep /proc/646/status
pgrep /proc/646/cmdline
pgrep /proc/646/cgroup
pgrep /proc/646/ctty
pgrep /proc/uptime
pgrep /proc/647/stat
pgrep /proc/647/status
pgrep /proc/647/cmdline
pgrep /proc/647/cgroup
pgrep /proc/647/ctty
pgrep /proc/uptime
pgrep /proc/699/stat
pgrep /proc/699/status
pgrep /proc/699/cmdline
pgrep /proc/699/cgroup
pgrep /proc/699/ctty
pgrep /proc/uptime
pgrep /proc/700/stat
pgrep /proc/700/status
pgrep /proc/700/cmdline
pgrep /proc/700/cgroup
pgrep /proc/700/ctty
pgrep /proc/uptime
pgrep /proc/702/stat
pgrep /proc/702/status
pgrep /proc/702/cmdline
pgrep /proc/702/cgroup
pgrep /proc/702/ctty
pgrep /proc/uptime
pgrep /proc/777/stat
pgrep /proc/777/status
pgrep /proc/777/cmdline
pgrep /proc/777/cgroup
pgrep /proc/777/ctty
pgrep /proc/uptime
pgrep /proc/840/stat
pgrep /proc/840/status
pgrep /proc/840/cmdline
pgrep /proc/840/cgroup
pgrep /proc/840/ctty
pgrep /proc/uptime
pgrep /proc/937/stat
pgrep /proc/937/status
pgrep /proc/937/cmdline
pgrep /proc/937/cgroup
pgrep /proc/937/ctty
pgrep /proc/uptime
pgrep /proc/965/stat
pgrep /proc/965/status
pgrep /proc/965/cmdline
pgrep /proc/965/cgroup
pgrep /proc/965/ctty
pgrep /proc/uptime
pgrep /proc/967/stat
pgrep /proc/967/status
pgrep /proc/967/cmdline
pgrep /proc/967/cgroup
pgrep /proc/967/ctty
pgrep /proc/uptime
pgrep /proc/987/stat
pgrep /proc/987/status
pgrep /proc/987/cmdline
pgrep /proc/987/cgroup
pgrep /proc/987/ctty
pgrep /proc/uptime
kill /etc/ld.so.cache
kill /lib/x86_64-linux-gnu/libc.so.6
kill /usr/lib/locale/locale-archive
kill /usr/share/locale/locale.alias
kill /usr/share/locale/en_US/LC_MESSAGES/procps-ng.mo
kill /usr/share/locale/en/LC_MESSAGES/procps-ng.mo
kill /usr/share/locale-langpack/en_US/LC_MESSAGES/procps-ng.mo
kill /usr/share/locale-langpack/en/LC_MESSAGES/procps-ng.mo
xsettingsd /config/.xsettingsd
xfconf-query /etc/ld.so.cache
xfconf-query /lib/x86_64-linux-gnu/libxfconf-0.so.3
xfconf-query /lib/x86_64-linux-gnu/libxfce4util.so.7
xfconf-query /lib/x86_64-linux-gnu/libgobject-2.0.so.0
xfconf-query /lib/x86_64-linux-gnu/libglib-2.0.so.0
xfconf-query /lib/x86_64-linux-gnu/libc.so.6
xfconf-query /lib/x86_64-linux-gnu/libgio-2.0.so.0
xfconf-query /lib/x86_64-linux-gnu/libffi.so.8
xfconf-query /lib/x86_64-linux-gnu/libm.so.6
xfconf-query /lib/x86_64-linux-gnu/libpcre2-8.so.0
xfconf-query /lib/x86_64-linux-gnu/libgmodule-2.0.so.0
xfconf-query /lib/x86_64-linux-gnu/libz.so.1
xfconf-query /lib/x86_64-linux-gnu/libmount.so.1
xfconf-query /lib/x86_64-linux-gnu/libselinux.so.1
xfconf-query /lib/x86_64-linux-gnu/libblkid.so.1
xfconf-query /proc/filesystems
xfconf-query /usr/lib/locale/locale-archive
xfconf-query /usr/share/locale/locale.alias
xfconf-query /usr/share/locale/en_US/LC_MESSAGES/xfconf.mo
xfconf-query /usr/share/locale/en/LC_MESSAGES/xfconf.mo
xfconf-query /usr/share/locale-langpack/en_US/LC_MESSAGES/xfconf.mo
xfconf-query /usr/share/locale-langpack/en/LC_MESSAGES/xfconf.mo
xfconf-query /usr/lib/x86_64-linux-gnu/charset.alias
xfconf-query /var/lib/dbus/machine-id
xfconf-query /dev/null
dbus-launch /etc/ld.so.cache
dbus-launch /lib/x86_64-linux-gnu/libdbus-1.so.3
dbus-launch /lib/x86_64-linux-gnu/libX11.so.6
dbus-launch /lib/x86_64-linux-gnu/libc.so.6
dbus-launch /lib/x86_64-linux-gnu/libsystemd.so.0
dbus-launch /lib/x86_64-linux-gnu/libxcb.so.1
dbus-launch /lib/x86_64-linux-gnu/libcap.so.2
dbus-launch /lib/x86_64-linux-gnu/libgcrypt.so.20
dbus-launch /lib/x86_64-linux-gnu/liblz4.so.1
dbus-launch /lib/x86_64-linux-gnu/liblzma.so.5
dbus-launch /lib/x86_64-linux-gnu/libzstd.so.1
dbus-launch /lib/x86_64-linux-gnu/libXau.so.6
dbus-launch /lib/x86_64-linux-gnu/libXdmcp.so.6
dbus-launch /lib/x86_64-linux-gnu/libgpg-error.so.0
dbus-launch /lib/x86_64-linux-gnu/libbsd.so.0
dbus-launch /lib/x86_64-linux-gnu/libmd.so.0
dbus-launch /dev/null
Xvfb /proc/992/cmdline
dbus-launch /etc/nsswitch.conf
dbus-launch /etc/passwd
xfconf-query /usr/share/locale/en_US/LC_MESSAGES/libc.mo
xfconf-query /usr/share/locale/en/LC_MESSAGES/libc.mo
xfconf-query /usr/share/locale-langpack/en_US/LC_MESSAGES/libc.mo
xfconf-query /usr/share/locale-langpack/en/LC_MESSAGES/libc.mo
dbus-daemon /run/systemd/users/911
dbus-daemon /proc/989/cmdline
dbus-daemon /etc/localtime
dbus-daemon /proc/self/oom_score_adj
xfconfd /etc/ld.so.cache
xfconfd /lib/x86_64-linux-gnu/libgio-2.0.so.0
xfconfd /lib/x86_64-linux-gnu/libgobject-2.0.so.0
xfconfd /lib/x86_64-linux-gnu/libxfce4util.so.7
xfconfd /lib/x86_64-linux-gnu/libglib-2.0.so.0
xfconfd /lib/x86_64-linux-gnu/libc.so.6
xfconfd /lib/x86_64-linux-gnu/libgmodule-2.0.so.0
xfconfd /lib/x86_64-linux-gnu/libz.so.1
xfconfd /lib/x86_64-linux-gnu/libmount.so.1
xfconfd /lib/x86_64-linux-gnu/libselinux.so.1
xfconfd /lib/x86_64-linux-gnu/libffi.so.8
xfconfd /lib/x86_64-linux-gnu/libm.so.6
xfconfd /lib/x86_64-linux-gnu/libpcre2-8.so.0
xfconfd /lib/x86_64-linux-gnu/libblkid.so.1
xfconfd /proc/filesystems
xfconfd /usr/lib/locale/locale-archive
xfconfd /usr/share/locale/locale.alias
xfconfd /usr/share/locale/en_US/LC_MESSAGES/xfconf.mo
xfconfd /usr/share/locale/en/LC_MESSAGES/xfconf.mo
xfconfd /usr/share/locale-langpack/en_US/LC_MESSAGES/xfconf.mo
xfconfd /usr/share/locale-langpack/en/LC_MESSAGES/xfconf.mo
xfconfd /usr/share/locale/en_US/LC_MESSAGES/libc.mo
xfconfd /usr/share/locale/en/LC_MESSAGES/libc.mo
xfconfd /usr/share/locale-langpack/en_US/LC_MESSAGES/libc.mo
xfconfd /usr/share/locale-langpack/en/LC_MESSAGES/libc.mo
xfconfd /usr/lib/x86_64-linux-gnu/charset.alias
dbus-daemon /run/systemd/users/911
dbus-daemon /proc/995/cmdline
xfconfd /config/.config/xfce4/xfconf/xfce-perchannel-xml/xsettings.xml
xfconfd /usr/share/locale/en_US/LC_MESSAGES/glib20.mo
xfconfd /usr/share/locale/en/LC_MESSAGES/glib20.mo
xfconfd /usr/share/locale-langpack/en_US/LC_MESSAGES/glib20.mo
xfconfd /usr/share/locale-langpack/en/LC_MESSAGES/glib20.mo
xfconfd /config/.config/xfce4/xfconf/xfce-perchannel-xml/xsettings.xml
xrandr /etc/ld.so.cache
xrandr /lib/x86_64-linux-gnu/libXrandr.so.2
xrandr /lib/x86_64-linux-gnu/libX11.so.6
xrandr /lib/x86_64-linux-gnu/libm.so.6
xrandr /lib/x86_64-linux-gnu/libc.so.6
xrandr /lib/x86_64-linux-gnu/libXext.so.6
xrandr /lib/x86_64-linux-gnu/libXrender.so.1
xrandr /lib/x86_64-linux-gnu/libxcb.so.1
xrandr /lib/x86_64-linux-gnu/libXau.so.6
xrandr /lib/x86_64-linux-gnu/libXdmcp.so.6
xrandr /lib/x86_64-linux-gnu/libbsd.so.0
xrandr /lib/x86_64-linux-gnu/libmd.so.0
Xvfb /proc/1001/cmdline
xrandr /etc/ld.so.cache
xrandr /lib/x86_64-linux-gnu/libXrandr.so.2
xrandr /lib/x86_64-linux-gnu/libX11.so.6
xrandr /lib/x86_64-linux-gnu/libm.so.6
xrandr /lib/x86_64-linux-gnu/libc.so.6
xrandr /lib/x86_64-linux-gnu/libXext.so.6
xrandr /lib/x86_64-linux-gnu/libXrender.so.1
xrandr /lib/x86_64-linux-gnu/libxcb.so.1
xrandr /lib/x86_64-linux-gnu/libXau.so.6
xrandr /lib/x86_64-linux-gnu/libXdmcp.so.6
xrandr /lib/x86_64-linux-gnu/libbsd.so.0
xrandr /lib/x86_64-linux-gnu/libmd.so.0
Xvfb /proc/1002/cmdline
xrandr /etc/ld.so.cache
xrandr /lib/x86_64-linux-gnu/libXrandr.so.2
xrandr /lib/x86_64-linux-gnu/libX11.so.6
xrandr /lib/x86_64-linux-gnu/libm.so.6
xrandr /lib/x86_64-linux-gnu/libc.so.6
xrandr /lib/x86_64-linux-gnu/libXext.so.6
xrandr /lib/x86_64-linux-gnu/libXrender.so.1
xrandr /lib/x86_64-linux-gnu/libxcb.so.1
xrandr /lib/x86_64-linux-gnu/libXau.so.6
xrandr /lib/x86_64-linux-gnu/libXdmcp.so.6
xrandr /lib/x86_64-linux-gnu/libbsd.so.0
xrandr /lib/x86_64-linux-gnu/libmd.so.0
Xvfb /proc/1003/cmdline
cvt /etc/ld.so.cache
cvt /lib/x86_64-linux-gnu/libxcvt.so.0
cvt /lib/x86_64-linux-gnu/libm.so.6
cvt /lib/x86_64-linux-gnu/libc.so.6
xrandr /etc/ld.so.cache
xrandr /lib/x86_64-linux-gnu/libXrandr.so.2
xrandr /lib/x86_64-linux-gnu/libX11.so.6
xrandr /lib/x86_64-linux-gnu/libm.so.6
xrandr /lib/x86_64-linux-gnu/libc.so.6
xrandr /lib/x86_64-linux-gnu/libXext.so.6
xrandr /lib/x86_64-linux-gnu/libXrender.so.1
xrandr /lib/x86_64-linux-gnu/libxcb.so.1
xrandr /lib/x86_64-linux-gnu/libXau.so.6
xrandr /lib/x86_64-linux-gnu/libXdmcp.so.6
xrandr /lib/x86_64-linux-gnu/libbsd.so.0
xrandr /lib/x86_64-linux-gnu/libmd.so.0
Xvfb /proc/1005/cmdline
xrandr /etc/ld.so.cache
xrandr /lib/x86_64-linux-gnu/libXrandr.so.2
xrandr /lib/x86_64-linux-gnu/libX11.so.6
xrandr /lib/x86_64-linux-gnu/libm.so.6
xrandr /lib/x86_64-linux-gnu/libc.so.6
xrandr /lib/x86_64-linux-gnu/libXext.so.6
xrandr /lib/x86_64-linux-gnu/libXrender.so.1
xrandr /lib/x86_64-linux-gnu/libxcb.so.1
xrandr /lib/x86_64-linux-gnu/libXau.so.6
xrandr /lib/x86_64-linux-gnu/libXdmcp.so.6
xrandr /lib/x86_64-linux-gnu/libbsd.so.0
xrandr /lib/x86_64-linux-gnu/libmd.so.0
Xvfb /proc/1006/cmdline
xrandr /etc/ld.so.cache
xrandr /lib/x86_64-linux-gnu/libXrandr.so.2
xrandr /lib/x86_64-linux-gnu/libX11.so.6
xrandr /lib/x86_64-linux-gnu/libm.so.6
xrandr /lib/x86_64-linux-gnu/libc.so.6
xrandr /lib/x86_64-linux-gnu/libXext.so.6
xrandr /lib/x86_64-linux-gnu/libXrender.so.1
xrandr /lib/x86_64-linux-gnu/libxcb.so.1
xrandr /lib/x86_64-linux-gnu/libXau.so.6
xrandr /lib/x86_64-linux-gnu/libXdmcp.so.6
xrandr /lib/x86_64-linux-gnu/libbsd.so.0
xrandr /lib/x86_64-linux-gnu/libmd.so.0
Xvfb /proc/1007/cmdline
xrandr /etc/ld.so.cache
xrandr /lib/x86_64-linux-gnu/libXrandr.so.2
xrandr /lib/x86_64-linux-gnu/libX11.so.6
xrandr /lib/x86_64-linux-gnu/libm.so.6
xrandr /lib/x86_64-linux-gnu/libc.so.6
xrandr /lib/x86_64-linux-gnu/libXext.so.6
xrandr /lib/x86_64-linux-gnu/libXrender.so.1
xrandr /lib/x86_64-linux-gnu/libxcb.so.1
xrandr /lib/x86_64-linux-gnu/libXau.so.6
xrandr /lib/x86_64-linux-gnu/libXdmcp.so.6
xrandr /lib/x86_64-linux-gnu/libbsd.so.0
xrandr /lib/x86_64-linux-gnu/libmd.so.0
Xvfb /proc/1008/cmdline
xrandr /etc/ld.so.cache
xrandr /lib/x86_64-linux-gnu/libXrandr.so.2
xrandr /lib/x86_64-linux-gnu/libX11.so.6
xrandr /lib/x86_64-linux-gnu/libm.so.6
xrandr /lib/x86_64-linux-gnu/libc.so.6
xrandr /lib/x86_64-linux-gnu/libXext.so.6
xrandr /lib/x86_64-linux-gnu/libXrender.so.1
xrandr /lib/x86_64-linux-gnu/libxcb.so.1
xrandr /lib/x86_64-linux-gnu/libXau.so.6
xrandr /lib/x86_64-linux-gnu/libXdmcp.so.6
xrandr /lib/x86_64-linux-gnu/libbsd.so.0
xrandr /lib/x86_64-linux-gnu/libmd.so.0
Xvfb /proc/1009/cmdline
plasmashell /usr/share/icons/hicolor/48x48/apps/thunderbird.png
selkies /usr/lib/python3.12/concurrent/futures/__pycache__/thread.cpython-312.pyc
selkies /sys/devices/system/cpu/online
selkies /lsiopy/lib/python3.12/site-packages/pixelflux/../pixelflux.libs/libnvidia-encode.so.1
selkies /etc/ld.so.cache
selkies /lib/x86_64-linux-gnu/libnvidia-encode.so.1
selkies /usr/lib/x86_64-linux-gnu/libnvidia-encode.so.1
selkies /lib/libnvidia-encode.so.1
selkies /usr/lib/libnvidia-encode.so.1
selkies /lsiopy/lib/python3.12/site-packages/pixelflux/../pixelflux.libs/libnvidia-encode.so
selkies /etc/ld.so.cache
selkies /lib/x86_64-linux-gnu/libnvidia-encode.so
selkies /usr/lib/x86_64-linux-gnu/libnvidia-encode.so
selkies /lib/libnvidia-encode.so
selkies /usr/lib/libnvidia-encode.so
Xvfb /proc/332/cmdline
selkies /config/.pulse/client.conf
selkies /config/.config/pulse/client.conf
selkies /etc/pulse/client.conf
selkies /etc/pulse/client.conf.d
selkies /etc/pulse/client.conf.d/01-enable-autospawn.conf
selkies /dev/shm/
selkies /dev/urandom
selkies /defaults
threaded-ml /config/.config/pulse/cookie
pulseaudio /dev/shm/
selkies /sys/devices/system/cpu/online
pulseaudio /dev/urandom
xclip /etc/ld.so.cache
xclip /lib/x86_64-linux-gnu/libXmu.so.6
xclip /lib/x86_64-linux-gnu/libX11.so.6
xclip /lib/x86_64-linux-gnu/libc.so.6
threaded-ml /etc/passwd
threaded-ml /etc/machine-id
xclip /lib/x86_64-linux-gnu/libXt.so.6
xclip /lib/x86_64-linux-gnu/libXext.so.6
xclip /lib/x86_64-linux-gnu/libxcb.so.1
xclip /lib/x86_64-linux-gnu/libSM.so.6
xclip /lib/x86_64-linux-gnu/libICE.so.6
xclip /lib/x86_64-linux-gnu/libXau.so.6
xclip /lib/x86_64-linux-gnu/libXdmcp.so.6
xclip /lib/x86_64-linux-gnu/libuuid.so.1
xclip /lib/x86_64-linux-gnu/libbsd.so.0
xclip /lib/x86_64-linux-gnu/libmd.so.0
xclip /usr/share/X11/locale/locale.alias
xclip /usr/share/X11/locale/locale.dir
xclip /usr/share/X11/locale/C/XLC_LOCALE
xclip /usr/share/X11/locale/locale.alias
xclip /usr/share/X11/locale/locale.dir
xclip /usr/share/X11/locale/C/XLC_LOCALE
Xvfb /proc/1013/cmdline
plasmashell /usr/share/pixmaps/vscode.png
plasmashell /usr/share/icons/hicolor/48x48/apps/chromium.png
QSGRenderThread /config/.cache/mesa_shader_cache/58/02bd9728eb2f1c00ba72e56f87158c6f2ac6b1
xrandr /etc/ld.so.cache
xrandr /lib/x86_64-linux-gnu/libXrandr.so.2
xrandr /lib/x86_64-linux-gnu/libX11.so.6
xrandr /lib/x86_64-linux-gnu/libm.so.6
xrandr /lib/x86_64-linux-gnu/libc.so.6
xrandr /lib/x86_64-linux-gnu/libXext.so.6
xrandr /lib/x86_64-linux-gnu/libXrender.so.1
xrandr /lib/x86_64-linux-gnu/libxcb.so.1
xrandr /lib/x86_64-linux-gnu/libXau.so.6
xrandr /lib/x86_64-linux-gnu/libXdmcp.so.6
xrandr /lib/x86_64-linux-gnu/libbsd.so.0
xrandr /lib/x86_64-linux-gnu/libmd.so.0
Xvfb /proc/1016/cmdline
xrandr /etc/ld.so.cache
xrandr /lib/x86_64-linux-gnu/libXrandr.so.2
xrandr /lib/x86_64-linux-gnu/libX11.so.6
xrandr /lib/x86_64-linux-gnu/libm.so.6
xrandr /lib/x86_64-linux-gnu/libc.so.6
xrandr /lib/x86_64-linux-gnu/libXext.so.6
xrandr /lib/x86_64-linux-gnu/libXrender.so.1
xrandr /lib/x86_64-linux-gnu/libxcb.so.1
xrandr /lib/x86_64-linux-gnu/libXau.so.6
xrandr /lib/x86_64-linux-gnu/libXdmcp.so.6
xrandr /lib/x86_64-linux-gnu/libbsd.so.0
xrandr /lib/x86_64-linux-gnu/libmd.so.0
Xvfb /proc/1017/cmdline
xrandr /etc/ld.so.cache
xrandr /lib/x86_64-linux-gnu/libXrandr.so.2
xrandr /lib/x86_64-linux-gnu/libX11.so.6
xrandr /lib/x86_64-linux-gnu/libm.so.6
xrandr /lib/x86_64-linux-gnu/libc.so.6
xrandr /lib/x86_64-linux-gnu/libXext.so.6
xrandr /lib/x86_64-linux-gnu/libXrender.so.1
plasmas:disk$0 /config/.cache/mesa_shader_cache/58/02bd9728eb2f1c00ba72e56f87158c6f2ac6b1.tmp
xrandr /lib/x86_64-linux-gnu/libxcb.so.1
xrandr /lib/x86_64-linux-gnu/libXau.so.6
plasmas:disk$0 /config/.cache/mesa_shader_cache/58/02bd9728eb2f1c00ba72e56f87158c6f2ac6b1.tmp
plasmas:disk$0 /config/.cache/mesa_shader_cache/58/02bd9728eb2f1c00ba72e56f87158c6f2ac6b1
xrandr /lib/x86_64-linux-gnu/libXdmcp.so.6
xrandr /lib/x86_64-linux-gnu/libbsd.so.0
xrandr /lib/x86_64-linux-gnu/libmd.so.0
Xvfb /proc/1018/cmdline
cvt /etc/ld.so.cache
cvt /lib/x86_64-linux-gnu/libxcvt.so.0
cvt /lib/x86_64-linux-gnu/libm.so.6
cvt /lib/x86_64-linux-gnu/libc.so.6
xrandr /etc/ld.so.cache
xrandr /lib/x86_64-linux-gnu/libXrandr.so.2
xrandr /lib/x86_64-linux-gnu/libX11.so.6
xrandr /lib/x86_64-linux-gnu/libm.so.6
xrandr /lib/x86_64-linux-gnu/libc.so.6
xrandr /lib/x86_64-linux-gnu/libXext.so.6
xrandr /lib/x86_64-linux-gnu/libXrender.so.1
xrandr /lib/x86_64-linux-gnu/libxcb.so.1
xrandr /lib/x86_64-linux-gnu/libXau.so.6
xrandr /lib/x86_64-linux-gnu/libXdmcp.so.6
xrandr /lib/x86_64-linux-gnu/libbsd.so.0
xrandr /lib/x86_64-linux-gnu/libmd.so.0
Xvfb /proc/1020/cmdline
xrandr /etc/ld.so.cache
xrandr /lib/x86_64-linux-gnu/libXrandr.so.2
xrandr /lib/x86_64-linux-gnu/libX11.so.6
xrandr /lib/x86_64-linux-gnu/libm.so.6
xrandr /lib/x86_64-linux-gnu/libc.so.6
xrandr /lib/x86_64-linux-gnu/libXext.so.6
xrandr /lib/x86_64-linux-gnu/libXrender.so.1
QSGRenderThread /config/.cache/mesa_shader_cache/56/2dcc7635acb601d066d805614fb0c566f7a690
xrandr /lib/x86_64-linux-gnu/libxcb.so.1
xrandr /lib/x86_64-linux-gnu/libXau.so.6
xrandr /lib/x86_64-linux-gnu/libXdmcp.so.6
xrandr /lib/x86_64-linux-gnu/libbsd.so.0
xrandr /lib/x86_64-linux-gnu/libmd.so.0
Xvfb /proc/1021/cmdline
xrandr /etc/ld.so.cache
xrandr /lib/x86_64-linux-gnu/libXrandr.so.2
xrandr /lib/x86_64-linux-gnu/libX11.so.6
xrandr /lib/x86_64-linux-gnu/libm.so.6
xrandr /lib/x86_64-linux-gnu/libc.so.6
xrandr /lib/x86_64-linux-gnu/libXext.so.6
xrandr /lib/x86_64-linux-gnu/libXrender.so.1
xrandr /lib/x86_64-linux-gnu/libxcb.so.1
xrandr /lib/x86_64-linux-gnu/libXau.so.6
xrandr /lib/x86_64-linux-gnu/libXdmcp.so.6
xrandr /lib/x86_64-linux-gnu/libbsd.so.0
xrandr /lib/x86_64-linux-gnu/libmd.so.0
Xvfb /proc/1022/cmdline
QQuickPixmapRea /usr/share/backgrounds/Jammy-Jellyfish-Purple.jpg
QSGRenderThread /config/.cache/qtshadercache-x86_64-little_endian-lp64/3c597a80b51a24c02510e986e8c27bdb62e99ba6
QSGRenderThread /config/.cache/mesa_shader_cache/86/02e47704e478d2b9121f0ef7176da4a435f7f5
plasmas:disk$0 /config/.cache/mesa_shader_cache/86/02e47704e478d2b9121f0ef7176da4a435f7f5.tmp
QSGRenderThread /config/.cache/qtshadercache-x86_64-little_endian-lp64
plasmas:disk$0 /config/.cache/mesa_shader_cache/86/02e47704e478d2b9121f0ef7176da4a435f7f5.tmp
plasmas:disk$0 /config/.cache/mesa_shader_cache/86/02e47704e478d2b9121f0ef7176da4a435f7f5
QSGRenderThread /config/.cache/mesa_shader_cache/40/896ab61d9771b6600804f68da67fb0b42261af
xrandr /etc/ld.so.cache
xrandr /lib/x86_64-linux-gnu/libXrandr.so.2
xrandr /lib/x86_64-linux-gnu/libX11.so.6
xrandr /lib/x86_64-linux-gnu/libm.so.6
xrandr /lib/x86_64-linux-gnu/libc.so.6
xrandr /lib/x86_64-linux-gnu/libXext.so.6
xrandr /lib/x86_64-linux-gnu/libXrender.so.1
xrandr /lib/x86_64-linux-gnu/libxcb.so.1
xrandr /lib/x86_64-linux-gnu/libXau.so.6
xrandr /lib/x86_64-linux-gnu/libXdmcp.so.6
xrandr /lib/x86_64-linux-gnu/libbsd.so.0
xrandr /lib/x86_64-linux-gnu/libmd.so.0
QQuickPixmapRea /proc/sys/vm/overcommit_memory
Xvfb /proc/1023/cmdline
plasmas:disk$0 /config/.cache/mesa_shader_cache/40/896ab61d9771b6600804f68da67fb0b42261af.tmp
QSGRenderThread /config/.cache/mesa_shader_cache/ed/c89a0ade0bf78cb04a9f864973a229448c45f7
xrandr /etc/ld.so.cache
plasmas:disk$0 /config/.cache/mesa_shader_cache/40/896ab61d9771b6600804f68da67fb0b42261af.tmp
xrandr /lib/x86_64-linux-gnu/libXrandr.so.2
plasmas:disk$0 /config/.cache/mesa_shader_cache/40/896ab61d9771b6600804f68da67fb0b42261af
xrandr /lib/x86_64-linux-gnu/libX11.so.6
xrandr /lib/x86_64-linux-gnu/libm.so.6
xrandr /lib/x86_64-linux-gnu/libc.so.6
xrandr /lib/x86_64-linux-gnu/libXext.so.6
xrandr /lib/x86_64-linux-gnu/libXrender.so.1
xrandr /lib/x86_64-linux-gnu/libxcb.so.1
xrandr /lib/x86_64-linux-gnu/libXau.so.6
xrandr /lib/x86_64-linux-gnu/libXdmcp.so.6
xrandr /lib/x86_64-linux-gnu/libbsd.so.0
xrandr /lib/x86_64-linux-gnu/libmd.so.0
Xvfb /proc/1024/cmdline
selkies /lsiopy/lib/python3.12/site-packages/pixelflux/../pixelflux.libs/libnvidia-encode.so.1
selkies /etc/ld.so.cache
selkies /lib/x86_64-linux-gnu/libnvidia-encode.so.1
selkies /usr/lib/x86_64-linux-gnu/libnvidia-encode.so.1
selkies /lib/libnvidia-encode.so.1
selkies /usr/lib/libnvidia-encode.so.1
selkies /lsiopy/lib/python3.12/site-packages/pixelflux/../pixelflux.libs/libnvidia-encode.so
selkies /etc/ld.so.cache
selkies /lib/x86_64-linux-gnu/libnvidia-encode.so
selkies /usr/lib/x86_64-linux-gnu/libnvidia-encode.so
selkies /lib/libnvidia-encode.so
selkies /usr/lib/libnvidia-encode.so
Xvfb /proc/332/cmdline
plasmas:disk$0 /config/.cache/mesa_shader_cache/ed/c89a0ade0bf78cb04a9f864973a229448c45f7.tmp
plasmas:disk$0 /config/.cache/mesa_shader_cache/ed/c89a0ade0bf78cb04a9f864973a229448c45f7.tmp
plasmas:disk$0 /config/.cache/mesa_shader_cache/ed/c89a0ade0bf78cb04a9f864973a229448c45f7
selkies /sys/devices/system/cpu/online
xclip /etc/ld.so.cache
xclip /lib/x86_64-linux-gnu/libXmu.so.6
xclip /lib/x86_64-linux-gnu/libX11.so.6
xclip /lib/x86_64-linux-gnu/libc.so.6
xclip /lib/x86_64-linux-gnu/libXt.so.6
xclip /lib/x86_64-linux-gnu/libXext.so.6
xclip /lib/x86_64-linux-gnu/libxcb.so.1
xclip /lib/x86_64-linux-gnu/libSM.so.6
xclip /lib/x86_64-linux-gnu/libICE.so.6
xclip /lib/x86_64-linux-gnu/libXau.so.6
xclip /lib/x86_64-linux-gnu/libXdmcp.so.6
xclip /lib/x86_64-linux-gnu/libuuid.so.1
xclip /lib/x86_64-linux-gnu/libbsd.so.0
xclip /lib/x86_64-linux-gnu/libmd.so.0
xclip /usr/share/X11/locale/locale.alias
xclip /usr/share/X11/locale/locale.dir
xclip /usr/share/X11/locale/C/XLC_LOCALE
xclip /usr/share/X11/locale/locale.alias
xclip /usr/share/X11/locale/locale.dir
xclip /usr/share/X11/locale/C/XLC_LOCALE
Xvfb /proc/1027/cmdline
QQuickPixmapRea /usr/share/backgrounds/Jammy-Jellyfish-Purple.jpg
QSGRenderThread /config/.cache/qtshadercache-x86_64-little_endian-lp64/d524b60ebe14b3342c6956c081215082a7ec73c0
QSGRenderThread /config/.cache/mesa_shader_cache/33/0d05b9eb33e85a79f8aac35efefedbb1eb0b6f
QSGRenderThread /config/.cache/mesa_shader_cache/33/00b052fe14b1af317cbf469f440a0008884e80
plasmas:disk$0 /config/.cache/mesa_shader_cache/33/0d05b9eb33e85a79f8aac35efefedbb1eb0b6f.tmp
plasmas:disk$0 /config/.cache/mesa_shader_cache/33/0d05b9eb33e85a79f8aac35efefedbb1eb0b6f
plasmashell /config/.Xdefaults-f90e07f55e69
plasmashell /config/.icons/breeze_cursors/cursors/left_ptr
plasmashell /config/.icons/breeze_cursors/index.theme
plasmashell /usr/share/icons/breeze_cursors/cursors/left_ptr
xclip /etc/ld.so.cache
xclip /lib/x86_64-linux-gnu/libXmu.so.6
xclip /lib/x86_64-linux-gnu/libX11.so.6
xclip /lib/x86_64-linux-gnu/libc.so.6
xclip /lib/x86_64-linux-gnu/libXt.so.6
xclip /lib/x86_64-linux-gnu/libXext.so.6
xclip /lib/x86_64-linux-gnu/libxcb.so.1
xclip /lib/x86_64-linux-gnu/libSM.so.6
xclip /lib/x86_64-linux-gnu/libICE.so.6
xclip /lib/x86_64-linux-gnu/libXau.so.6
xclip /lib/x86_64-linux-gnu/libXdmcp.so.6
xclip /lib/x86_64-linux-gnu/libuuid.so.1
xclip /lib/x86_64-linux-gnu/libbsd.so.0
xclip /lib/x86_64-linux-gnu/libmd.so.0
xclip /usr/share/X11/locale/locale.alias
xclip /usr/share/X11/locale/locale.dir
xclip /usr/share/X11/locale/C/XLC_LOCALE
xclip /usr/share/X11/locale/locale.alias
xclip /usr/share/X11/locale/locale.dir
xclip /usr/share/X11/locale/C/XLC_LOCALE
Xvfb /proc/1045/cmdline
selkies /proc/stat
selkies /proc/meminfo
xclip /etc/ld.so.cache
xclip /lib/x86_64-linux-gnu/libXmu.so.6
xclip /lib/x86_64-linux-gnu/libX11.so.6
xclip /lib/x86_64-linux-gnu/libc.so.6
xclip /lib/x86_64-linux-gnu/libXt.so.6
xclip /lib/x86_64-linux-gnu/libXext.so.6
xclip /lib/x86_64-linux-gnu/libxcb.so.1
xclip /lib/x86_64-linux-gnu/libSM.so.6
xclip /lib/x86_64-linux-gnu/libICE.so.6
xclip /lib/x86_64-linux-gnu/libXau.so.6
xclip /lib/x86_64-linux-gnu/libXdmcp.so.6
xclip /lib/x86_64-linux-gnu/libuuid.so.1
xclip /lib/x86_64-linux-gnu/libbsd.so.0
xclip /lib/x86_64-linux-gnu/libmd.so.0
xclip /usr/share/X11/locale/locale.alias
xclip /usr/share/X11/locale/locale.dir
xclip /usr/share/X11/locale/C/XLC_LOCALE
xclip /usr/share/X11/locale/locale.alias
xclip /usr/share/X11/locale/locale.dir
xclip /usr/share/X11/locale/C/XLC_LOCALE
Xvfb /proc/1067/cmdline
QSGRenderThread /config/.cache/mesa_shader_cache/9d/606aba494dc71333136762dd7212597db24bd0
plasmas:disk$0 /config/.cache/mesa_shader_cache/9d/606aba494dc71333136762dd7212597db24bd0.tmp
plasmas:disk$0 /config/.cache/mesa_shader_cache/9d/606aba494dc71333136762dd7212597db24bd0.tmp
plasmas:disk$0 /config/.cache/mesa_shader_cache/9d/606aba494dc71333136762dd7212597db24bd0
plasmashell /config/Desktop/libreoffice-calc.desktop
QSGRenderThread /config/.cache/mesa_shader_cache/05/821511f11136f0cb2e5902dff62f195b5fd4ae
plasmas:disk$0 /config/.cache/mesa_shader_cache/05/821511f11136f0cb2e5902dff62f195b5fd4ae.tmp
plasmas:disk$0 /config/.cache/mesa_shader_cache/05/821511f11136f0cb2e5902dff62f195b5fd4ae.tmp
plasmas:disk$0 /config/.cache/mesa_shader_cache/05/821511f11136f0cb2e5902dff62f195b5fd4ae
QSGRenderThread /config/.cache/mesa_shader_cache/b5/649c319061cf5f5c432f0c3cd0278da5db382e
plasmas:disk$0 /config/.cache/mesa_shader_cache/b5/649c319061cf5f5c432f0c3cd0278da5db382e.tmp
plasmas:disk$0 /config/.cache/mesa_shader_cache/b5/649c319061cf5f5c432f0c3cd0278da5db382e
QSGRenderThread /config/.cache/mesa_shader_cache/03/85404440a27386f79d70b87e5141a561359e3b
xclip /etc/ld.so.cache
xclip /lib/x86_64-linux-gnu/libXmu.so.6
xclip /lib/x86_64-linux-gnu/libX11.so.6
xclip /lib/x86_64-linux-gnu/libc.so.6
xclip /lib/x86_64-linux-gnu/libXt.so.6
xclip /lib/x86_64-linux-gnu/libXext.so.6
xclip /lib/x86_64-linux-gnu/libxcb.so.1
xclip /lib/x86_64-linux-gnu/libSM.so.6
xclip /lib/x86_64-linux-gnu/libICE.so.6
xclip /lib/x86_64-linux-gnu/libXau.so.6
xclip /lib/x86_64-linux-gnu/libXdmcp.so.6
xclip /lib/x86_64-linux-gnu/libuuid.so.1
xclip /lib/x86_64-linux-gnu/libbsd.so.0
xclip /lib/x86_64-linux-gnu/libmd.so.0
xclip /usr/share/X11/locale/locale.alias
xclip /usr/share/X11/locale/locale.dir
xclip /usr/share/X11/locale/C/XLC_LOCALE
xclip /usr/share/X11/locale/locale.alias
xclip /usr/share/X11/locale/locale.dir
xclip /usr/share/X11/locale/C/XLC_LOCALE
Xvfb /proc/1092/cmdline
plasmas:disk$0 /config/.cache/mesa_shader_cache/03/85404440a27386f79d70b87e5141a561359e3b.tmp
plasmas:disk$0 /config/.cache/mesa_shader_cache/03/85404440a27386f79d70b87e5141a561359e3b.tmp
plasmas:disk$0 /config/.cache/mesa_shader_cache/03/85404440a27386f79d70b87e5141a561359e3b
selkies /proc/stat
selkies /proc/meminfo
plasmashell /config/Desktop/libreoffice-calc.desktop
plasmashell /config/.config/user-dirs.dirs
plasmashell /config/Templates
QSGRenderThread /config/.cache/mesa_shader_cache/67/300b64f992db8cd870aba10d19426628db8e5e
plasmas:disk$0 /config/.cache/mesa_shader_cache/67/300b64f992db8cd870aba10d19426628db8e5e.tmp
QSGRenderThread /config/.cache/mesa_shader_cache/7d/f5f5a56c9b9eb1ebef6cf2871fc3d755fd61bb
plasmas:disk$0 /config/.cache/mesa_shader_cache/67/300b64f992db8cd870aba10d19426628db8e5e.tmp
plasmas:disk$0 /config/.cache/mesa_shader_cache/67/300b64f992db8cd870aba10d19426628db8e5e
plasmas:disk$0 /config/.cache/mesa_shader_cache/7d/f5f5a56c9b9eb1ebef6cf2871fc3d755fd61bb.tmp
plasmas:disk$0 /config/.cache/mesa_shader_cache/7d/f5f5a56c9b9eb1ebef6cf2871fc3d755fd61bb.tmp
plasmas:disk$0 /config/.cache/mesa_shader_cache/7d/f5f5a56c9b9eb1ebef6cf2871fc3d755fd61bb
QSGRenderThread /config/.cache/mesa_shader_cache/11/8012095cfa7caf074a257fc05759d0899fb001
plasmas:disk$0 /config/.cache/mesa_shader_cache/11/8012095cfa7caf074a257fc05759d0899fb001.tmp
plasmas:disk$0 /config/.cache/mesa_shader_cache/11/8012095cfa7caf074a257fc05759d0899fb001.tmp
plasmas:disk$0 /config/.cache/mesa_shader_cache/11/8012095cfa7caf074a257fc05759d0899fb001
QSGRenderThread /config/.cache/mesa_shader_cache/13/9ac72d90e7d989d698c0e906cd0cc34b28d297
plasmashell /config/Desktop/libreoffice-calc.desktop
plasmas:disk$0 /config/.cache/mesa_shader_cache/13/9ac72d90e7d989d698c0e906cd0cc34b28d297.tmp
plasmas:disk$0 /config/.cache/mesa_shader_cache/13/9ac72d90e7d989d698c0e906cd0cc34b28d297.tmp
QSGRenderThread /config/.cache/mesa_shader_cache/b6/1d291756e0b7fe773aea85bace069382471e7d
plasmas:disk$0 /config/.cache/mesa_shader_cache/13/9ac72d90e7d989d698c0e906cd0cc34b28d297
xclip /etc/ld.so.cache
xclip /lib/x86_64-linux-gnu/libXmu.so.6
xclip /lib/x86_64-linux-gnu/libX11.so.6
xclip /lib/x86_64-linux-gnu/libc.so.6
xclip /lib/x86_64-linux-gnu/libXt.so.6
xclip /lib/x86_64-linux-gnu/libXext.so.6
xclip /lib/x86_64-linux-gnu/libxcb.so.1
xclip /lib/x86_64-linux-gnu/libSM.so.6
xclip /lib/x86_64-linux-gnu/libICE.so.6
xclip /lib/x86_64-linux-gnu/libXau.so.6
xclip /lib/x86_64-linux-gnu/libXdmcp.so.6
xclip /lib/x86_64-linux-gnu/libuuid.so.1
xclip /lib/x86_64-linux-gnu/libbsd.so.0
xclip /lib/x86_64-linux-gnu/libmd.so.0
xclip /usr/share/X11/locale/locale.alias
xclip /usr/share/X11/locale/locale.dir
xclip /usr/share/X11/locale/C/XLC_LOCALE
xclip /usr/share/X11/locale/locale.alias
xclip /usr/share/X11/locale/locale.dir
xclip /usr/share/X11/locale/C/XLC_LOCALE
plasmas:disk$0 /config/.cache/mesa_shader_cache/b6/1d291756e0b7fe773aea85bace069382471e7d.tmp
QSGRenderThread /config/.cache/mesa_shader_cache/6a/bc1a28bb73ad21ed08c4d0ec9b2aa109586640
plasmas:disk$0 /config/.cache/mesa_shader_cache/b6/1d291756e0b7fe773aea85bace069382471e7d.tmp
plasmas:disk$0 /config/.cache/mesa_shader_cache/b6/1d291756e0b7fe773aea85bace069382471e7d
Xvfb /proc/1127/cmdline
plasmas:disk$0 /config/.cache/mesa_shader_cache/6a/bc1a28bb73ad21ed08c4d0ec9b2aa109586640.tmp
plasmas:disk$0 /config/.cache/mesa_shader_cache/6a/bc1a28bb73ad21ed08c4d0ec9b2aa109586640
QSGRenderThread /config/.cache/mesa_shader_cache/4e/eded535a438cc683e09bec52abea21a6de87bb
plasmas:disk$0 /config/.cache/mesa_shader_cache/4e/eded535a438cc683e09bec52abea21a6de87bb.tmp
plasmas:disk$0 /config/.cache/mesa_shader_cache/4e/eded535a438cc683e09bec52abea21a6de87bb.tmp
plasmas:disk$0 /config/.cache/mesa_shader_cache/4e/eded535a438cc683e09bec52abea21a6de87bb
selkies /proc/stat
selkies /proc/meminfo
xclip /etc/ld.so.cache
xclip /lib/x86_64-linux-gnu/libXmu.so.6
xclip /lib/x86_64-linux-gnu/libX11.so.6
xclip /lib/x86_64-linux-gnu/libc.so.6
xclip /lib/x86_64-linux-gnu/libXt.so.6
xclip /lib/x86_64-linux-gnu/libXext.so.6
xclip /lib/x86_64-linux-gnu/libxcb.so.1
xclip /lib/x86_64-linux-gnu/libSM.so.6
xclip /lib/x86_64-linux-gnu/libICE.so.6
xclip /lib/x86_64-linux-gnu/libXau.so.6
xclip /lib/x86_64-linux-gnu/libXdmcp.so.6
xclip /lib/x86_64-linux-gnu/libuuid.so.1
xclip /lib/x86_64-linux-gnu/libbsd.so.0
xclip /lib/x86_64-linux-gnu/libmd.so.0
xclip /usr/share/X11/locale/locale.alias
xclip /usr/share/X11/locale/locale.dir
xclip /usr/share/X11/locale/C/XLC_LOCALE
xclip /usr/share/X11/locale/locale.alias
xclip /usr/share/X11/locale/locale.dir
xclip /usr/share/X11/locale/C/XLC_LOCALE
Xvfb /proc/1138/cmdline
xclip /etc/ld.so.cache
xclip /lib/x86_64-linux-gnu/libXmu.so.6
xclip /lib/x86_64-linux-gnu/libX11.so.6
xclip /lib/x86_64-linux-gnu/libc.so.6
xclip /lib/x86_64-linux-gnu/libXt.so.6
xclip /lib/x86_64-linux-gnu/libXext.so.6
xclip /lib/x86_64-linux-gnu/libxcb.so.1
xclip /lib/x86_64-linux-gnu/libSM.so.6
xclip /lib/x86_64-linux-gnu/libICE.so.6
xclip /lib/x86_64-linux-gnu/libXau.so.6
xclip /lib/x86_64-linux-gnu/libXdmcp.so.6
xclip /lib/x86_64-linux-gnu/libuuid.so.1
xclip /lib/x86_64-linux-gnu/libbsd.so.0
xclip /lib/x86_64-linux-gnu/libmd.so.0
xclip /usr/share/X11/locale/locale.alias
xclip /usr/share/X11/locale/locale.dir
xclip /usr/share/X11/locale/C/XLC_LOCALE
xclip /usr/share/X11/locale/locale.alias
xclip /usr/share/X11/locale/locale.dir
xclip /usr/share/X11/locale/C/XLC_LOCALE
Xvfb /proc/1139/cmdline
selkies /proc/stat
selkies /proc/meminfo
xclip /etc/ld.so.cache
xclip /lib/x86_64-linux-gnu/libXmu.so.6
xclip /lib/x86_64-linux-gnu/libX11.so.6
xclip /lib/x86_64-linux-gnu/libc.so.6
xclip /lib/x86_64-linux-gnu/libXt.so.6
xclip /lib/x86_64-linux-gnu/libXext.so.6
xclip /lib/x86_64-linux-gnu/libxcb.so.1
xclip /lib/x86_64-linux-gnu/libSM.so.6
xclip /lib/x86_64-linux-gnu/libICE.so.6
xclip /lib/x86_64-linux-gnu/libXau.so.6
xclip /lib/x86_64-linux-gnu/libXdmcp.so.6
xclip /lib/x86_64-linux-gnu/libuuid.so.1
xclip /lib/x86_64-linux-gnu/libbsd.so.0
xclip /lib/x86_64-linux-gnu/libmd.so.0
xclip /usr/share/X11/locale/locale.alias
xclip /usr/share/X11/locale/locale.dir
xclip /usr/share/X11/locale/C/XLC_LOCALE
xclip /usr/share/X11/locale/locale.alias
xclip /usr/share/X11/locale/locale.dir
xclip /usr/share/X11/locale/C/XLC_LOCALE
Xvfb /proc/1140/cmdline
xclip /etc/ld.so.cache
xclip /lib/x86_64-linux-gnu/libXmu.so.6
xclip /lib/x86_64-linux-gnu/libX11.so.6
xclip /lib/x86_64-linux-gnu/libc.so.6
xclip /lib/x86_64-linux-gnu/libXt.so.6
xclip /lib/x86_64-linux-gnu/libXext.so.6
xclip /lib/x86_64-linux-gnu/libxcb.so.1
xclip /lib/x86_64-linux-gnu/libSM.so.6
xclip /lib/x86_64-linux-gnu/libICE.so.6
xclip /lib/x86_64-linux-gnu/libXau.so.6
xclip /lib/x86_64-linux-gnu/libXdmcp.so.6
xclip /lib/x86_64-linux-gnu/libuuid.so.1
xclip /lib/x86_64-linux-gnu/libbsd.so.0
xclip /lib/x86_64-linux-gnu/libmd.so.0
xclip /usr/share/X11/locale/locale.alias
xclip /usr/share/X11/locale/locale.dir
xclip /usr/share/X11/locale/C/XLC_LOCALE
xclip /usr/share/X11/locale/locale.alias
xclip /usr/share/X11/locale/locale.dir
xclip /usr/share/X11/locale/C/XLC_LOCALE
Xvfb /proc/1141/cmdline
selkies /proc/stat
selkies /proc/meminfo
xclip /etc/ld.so.cache
xclip /lib/x86_64-linux-gnu/libXmu.so.6
xclip /lib/x86_64-linux-gnu/libX11.so.6
xclip /lib/x86_64-linux-gnu/libc.so.6
xclip /lib/x86_64-linux-gnu/libXt.so.6
xclip /lib/x86_64-linux-gnu/libXext.so.6
xclip /lib/x86_64-linux-gnu/libxcb.so.1
xclip /lib/x86_64-linux-gnu/libSM.so.6
xclip /lib/x86_64-linux-gnu/libICE.so.6
xclip /lib/x86_64-linux-gnu/libXau.so.6
xclip /lib/x86_64-linux-gnu/libXdmcp.so.6
xclip /lib/x86_64-linux-gnu/libuuid.so.1
xclip /lib/x86_64-linux-gnu/libbsd.so.0
xclip /lib/x86_64-linux-gnu/libmd.so.0
xclip /usr/share/X11/locale/locale.alias
xclip /usr/share/X11/locale/locale.dir
xclip /usr/share/X11/locale/C/XLC_LOCALE
xclip /usr/share/X11/locale/locale.alias
xclip /usr/share/X11/locale/locale.dir
xclip /usr/share/X11/locale/C/XLC_LOCALE
Xvfb /proc/1142/cmdline
xfconfd /config/.config/xfce4/xfconf/xfce-perchannel-xml//xsettings.xml.new
xclip /etc/ld.so.cache
xclip /lib/x86_64-linux-gnu/libXmu.so.6
xclip /lib/x86_64-linux-gnu/libX11.so.6
xclip /lib/x86_64-linux-gnu/libc.so.6
xclip /lib/x86_64-linux-gnu/libXt.so.6
xclip /lib/x86_64-linux-gnu/libXext.so.6
xclip /lib/x86_64-linux-gnu/libxcb.so.1
xclip /lib/x86_64-linux-gnu/libSM.so.6
xclip /lib/x86_64-linux-gnu/libICE.so.6
xclip /lib/x86_64-linux-gnu/libXau.so.6
xclip /lib/x86_64-linux-gnu/libXdmcp.so.6
xclip /lib/x86_64-linux-gnu/libuuid.so.1
xclip /lib/x86_64-linux-gnu/libbsd.so.0
xclip /lib/x86_64-linux-gnu/libmd.so.0
xclip /usr/share/X11/locale/locale.alias
xclip /usr/share/X11/locale/locale.dir
xclip /usr/share/X11/locale/C/XLC_LOCALE
xclip /usr/share/X11/locale/locale.alias
xclip /usr/share/X11/locale/locale.dir
xclip /usr/share/X11/locale/C/XLC_LOCALE
Xvfb /proc/1143/cmdline
plasmashell /config/Desktop/libreoffice-calc.desktop
selkies /proc/stat
selkies /proc/meminfo
plasmashell /config/Desktop/libreoffice-calc.desktop
plasmashell /config/.local/share/kservices5
plasmashell /config/.local/share/mime
plasmashell /etc/xdg/menus
plasmashell /usr/local/share/kservices5
plasmashell /usr/local/share/mime
plasmashell /usr/share/kservices5
plasmashell /usr/share/kservices5/ServiceMenus
plasmashell /usr/share/kservices5/qimageioplugins
plasmashell /usr/share/kservices5/searchproviders
plasmashell /usr/share/mime
plasmashell /usr/share/mime/application
plasmashell /usr/share/mime/audio
plasmashell /usr/share/mime/chemical
plasmashell /usr/share/mime/font
plasmashell /usr/share/mime/image
plasmashell /usr/share/mime/inode
plasmashell /usr/share/mime/message
plasmashell /usr/share/mime/model
plasmashell /usr/share/mime/multipart
plasmashell /usr/share/mime/packages
plasmashell /usr/share/mime/text
plasmashell /usr/share/mime/video
plasmashell /usr/share/mime/x-content
plasmashell /usr/share/mime/x-epoc
plasmashell /usr/lib/x86_64-linux-gnu/qt5/plugins/kf5/kio/kio_file.so
plasmashell /config/.XDG
plasmashell /usr/lib/x86_64-linux-gnu/qt5/plugins/kf5/kio/kio_file.so.avx2
plasmashell /usr/lib/x86_64-linux-gnu/qt5/plugins/kf5/kio/kio_file.so
KIO::WorkerThre /config/Desktop/libreoffice-calc.desktop
plasmashell /config/Desktop/libreoffice-calc.desktop
plasmashell /config/Desktop/libreoffice-calc.desktop
plasmashell /config/Desktop/libreoffice-calc.desktop
plasmashell /config/Desktop/libreoffice-calc.desktop
plasmashell /config/Desktop/libreoffice-calc.desktop
plasmashell /config/Desktop/libreoffice-calc.desktop
plasmashell /config/Desktop/libreoffice-calc.desktop
plasmashell /config/Desktop/libreoffice-calc.desktop
plasmashell /config/Desktop/libreoffice-calc.desktop
plasmashell /config/Desktop/libreoffice-calc.desktop
plasmashell /config/Desktop/libreoffice-calc.desktop
libreoffice /etc/ld.so.cache
libreoffice /lib/x86_64-linux-gnu/libc.so.6
plasmashell /config/Desktop/libreoffice-calc.desktop
libreoffice /usr/bin/libreoffice
plasmashell /config/Desktop/libreoffice-calc.desktop
plasmashell /config/Desktop/libreoffice-calc.desktop
plasmashell /config/Desktop/libreoffice-calc.desktop
plasmashell /config/Desktop/libreoffice-calc.desktop
dirname /etc/ld.so.cache
dirname /lib/x86_64-linux-gnu/libc.so.6
plasmashell /config/Desktop/libreoffice-calc.desktop
plasmashell /config/Desktop/libreoffice-calc.desktop
plasmashell /config/Desktop/libreoffice-calc.desktop
basename /etc/ld.so.cache
basename /lib/x86_64-linux-gnu/libc.so.6
plasmashell /config/Desktop/libreoffice-calc.desktop
plasmashell /config/Desktop/libreoffice-calc.desktop
plasmashell /config/Desktop/libreoffice-calc.desktop
ls /etc/ld.so.cache
ls /lib/x86_64-linux-gnu/libselinux.so.1
plasmashell /config/Desktop/libreoffice-calc.desktop
ls /lib/x86_64-linux-gnu/libc.so.6
sed /etc/ld.so.cache
sed /lib/x86_64-linux-gnu/libacl.so.1
ls /lib/x86_64-linux-gnu/libpcre2-8.so.0
sed /lib/x86_64-linux-gnu/libselinux.so.1
plasmashell /config/Desktop/libreoffice-calc.desktop
sed /lib/x86_64-linux-gnu/libc.so.6
sed /lib/x86_64-linux-gnu/libpcre2-8.so.0
ls /proc/filesystems
plasmashell /config/Desktop/libreoffice-calc.desktop
sed /proc/filesystems
ls /etc/nsswitch.conf
plasmashell /config/Desktop/libreoffice-calc.desktop
ls /etc/passwd
ls /etc/group
ls /etc/localtime
plasmashell /config/Desktop/libreoffice-calc.desktop
plasmashell /config/Desktop/libreoffice-calc.desktop
plasmashell /config/Desktop/libreoffice-calc.desktop
dirname /etc/ld.so.cache
dirname /lib/x86_64-linux-gnu/libc.so.6
plasmashell /config/Desktop/libreoffice-calc.desktop
plasmashell /config/Desktop/libreoffice-calc.desktop
plasmashell /config/Desktop/libreoffice-calc.desktop
plasmashell /config/Desktop/libreoffice-calc.desktop
grep /etc/ld.so.cache
grep /lib/x86_64-linux-gnu/libpcre2-8.so.0
grep /lib/x86_64-linux-gnu/libc.so.6
plasmashell /config/Desktop/libreoffice-calc.desktop
grep /proc/self/maps
plasmashell /config/Desktop/libreoffice-calc.desktop
plasmashell /config/Desktop/libreoffice-calc.desktop
plasmashell /config/Desktop/libreoffice-calc.desktop
uname /etc/ld.so.cache
uname /lib/x86_64-linux-gnu/libc.so.6
plasmashell /config/Desktop/libreoffice-calc.desktop
plasmashell /config/Desktop/libreoffice-calc.desktop
plasmashell /config/Desktop/libreoffice-calc.desktop
plasmashell /config/Desktop/libreoffice-calc.desktop
oosplash /usr/lib/libreoffice/program/glibc-hwcaps/x86-64-v3/libXinerama.so.1
oosplash /usr/lib/libreoffice/program/glibc-hwcaps/x86-64-v2/libXinerama.so.1
oosplash /usr/lib/libreoffice/program/libXinerama.so.1
oosplash /etc/ld.so.cache
oosplash /lib/x86_64-linux-gnu/libXinerama.so.1
oosplash /usr/lib/libreoffice/program/libX11.so.6
oosplash /lib/x86_64-linux-gnu/libX11.so.6
plasmashell /config/Desktop/libreoffice-calc.desktop
oosplash /usr/lib/libreoffice/program/libpng16.so.16
oosplash /lib/x86_64-linux-gnu/libpng16.so.16
oosplash /usr/lib/libreoffice/program/libuno_sal.so.3
plasmashell /config/Desktop/libreoffice-calc.desktop
plasmashell /config/Desktop/libreoffice-calc.desktop
plasmashell /config/Desktop/libreoffice-calc.desktop
oosplash /usr/lib/libreoffice/program/libc.so.6
oosplash /lib/x86_64-linux-gnu/libc.so.6
oosplash /lib/x86_64-linux-gnu/libXext.so.6
plasmashell /config/Desktop/libreoffice-calc.desktop
oosplash /lib/x86_64-linux-gnu/libxcb.so.1
oosplash /lib/x86_64-linux-gnu/libz.so.1
plasmashell /config/Desktop/libreoffice-calc.desktop
oosplash /lib/x86_64-linux-gnu/libm.so.6
oosplash /usr/lib/libreoffice/program/libstdc++.so.6
oosplash /lib/x86_64-linux-gnu/libstdc++.so.6
oosplash /usr/lib/libreoffice/program/libgcc_s.so.1
plasmashell /config/Desktop/libreoffice-calc.desktop
oosplash /lib/x86_64-linux-gnu/libgcc_s.so.1
oosplash /lib/x86_64-linux-gnu/libXau.so.6
oosplash /lib/x86_64-linux-gnu/libXdmcp.so.6
plasmashell /config/Desktop/libreoffice-calc.desktop
oosplash /lib/x86_64-linux-gnu/libbsd.so.0
oosplash /lib/x86_64-linux-gnu/libmd.so.0
plasmashell /config/Desktop/libreoffice-calc.desktop
plasmashell /config/Desktop/libreoffice-calc.desktop
plasmashell /config/Desktop/libreoffice-calc.desktop
oosplash /usr/lib/locale/locale-archive
plasmashell /config/Desktop/libreoffice-calc.desktop
oosplash /usr/lib/libreoffice/program/bootstraprc
plasmashell /config/Desktop/libreoffice-calc.desktop
oosplash /etc/nsswitch.conf
oosplash /etc/passwd
plasmashell /config/Desktop/libreoffice-calc.desktop
Xvfb /proc/1145/cmdline
plasmashell /config/Desktop/libreoffice-calc.desktop
plasmashell /config/Desktop/libreoffice-calc.desktop
plasmashell /config/Desktop/libreoffice-calc.desktop
plasmashell /config/Desktop/libreoffice-calc.desktop
plasmashell /config/Desktop/libreoffice-calc.desktop
oosplash /usr/lib/libreoffice/program/intro-en_US.png
oosplash /usr/share/X11/locale/locale.alias
plasmashell /config/Desktop/libreoffice-calc.desktop
oosplash /usr/share/X11/locale/locale.dir
oosplash /usr/share/X11/locale/C/XLC_LOCALE
oosplash /usr/share/X11/locale/locale.alias
plasmashell /config/Desktop/libreoffice-calc.desktop
oosplash /usr/share/X11/locale/locale.dir
plasmashell /config/Desktop/libreoffice-calc.desktop
oosplash /usr/share/X11/locale/C/XLC_LOCALE
oosplash /config/.Xdefaults-f90e07f55e69
oosplash /usr/lib/libreoffice/program/intro.png
plasmashell /config/Desktop/libreoffice-calc.desktop
plasmashell /config/Desktop/libreoffice-calc.desktop
plasmashell /config/Desktop/libreoffice-calc.desktop
plasmashell /config/Desktop/libreoffice-calc.desktop
plasmashell /config/Desktop/libreoffice-calc.desktop
plasmashell /config/Desktop/libreoffice-calc.desktop
plasmashell /config/Desktop/libreoffice-calc.desktop
oosplash /usr/lib/libreoffice/program/sofficerc
oosplash /etc/libreoffice/sofficerc
plasmashell /config/Desktop/libreoffice-calc.desktop
oosplash /etc/libreoffice/sofficerc
oosplash /etc/libreoffice/sofficerc
oosplash /etc/libreoffice/sofficerc
plasmashell /config/Desktop/libreoffice-calc.desktop
oosplash /etc/libreoffice/sofficerc
oosplash /etc/libreoffice/sofficerc
oosplash /etc/libreoffice/sofficerc
plasmashell /config/Desktop/libreoffice-calc.desktop
oosplash /etc/libreoffice/sofficerc
oosplash /etc/libreoffice/sofficerc
oosplash /etc/libreoffice/sofficerc
plasmashell /config/Desktop/libreoffice-calc.desktop
oosplash /etc/libreoffice/sofficerc
oosplash /etc/libreoffice/sofficerc
oosplash /etc/libreoffice/sofficerc
oosplash /etc/libreoffice/sofficerc
oosplash /etc/libreoffice/sofficerc
oosplash /sys/dev/block/0:0/queue/rotational
oosplash /usr/lib/libreoffice/program/pagein-common
oosplash /usr/lib/libreoffice/program/libmergedlo.so
kwin_x11 /usr/share/icons/breeze/apps/48/xorg.svg
QSGRenderThread /config/.cache/mesa_shader_cache/ba/f1ba0189afe9f9b21e697f039ac74c9fe4604b
kwin_x11 /usr/lib/x86_64-linux-gnu/qt5/plugins/imageformats
kwin_x11 /usr/lib/x86_64-linux-gnu/qt5/plugins/imageformats/libqgif.so
kwin_x11 /usr/lib/x86_64-linux-gnu/qt5/plugins/imageformats/libqico.so
kwin_x11 /usr/lib/x86_64-linux-gnu/qt5/plugins/imageformats/libqjpeg.so
kwin_x11 /usr/lib/x86_64-linux-gnu/qt5/plugins/imageformats/libqsvg.so
kwin_x11 /usr/lib/x86_64-linux-gnu/qt5/plugins/imageformats/libqgif.so.avx2
kwin_x11 /usr/lib/x86_64-linux-gnu/qt5/plugins/imageformats/libqgif.so
kwin_x11 /usr/lib/x86_64-linux-gnu/qt5/plugins/imageformats/libqico.so.avx2
kwin_x11 /usr/lib/x86_64-linux-gnu/qt5/plugins/imageformats/libqico.so
kwin_x11 /usr/lib/x86_64-linux-gnu/qt5/plugins/imageformats/libqjpeg.so.avx2
kwin_x11 /usr/lib/x86_64-linux-gnu/qt5/plugins/imageformats/libqjpeg.so
kwin_x11 /etc/ld.so.cache
kwin_x11 /lib/x86_64-linux-gnu/libjpeg.so.8
kwin_x11 /usr/lib/x86_64-linux-gnu/qt5/plugins/imageformats/libqsvg.so.avx2
kwin_x11 /usr/lib/x86_64-linux-gnu/qt5/plugins/imageformats/libqsvg.so
kwin_x11 /usr/share/icons/breeze/apps/48/xorg.svg
kwin_x11 /usr/share/icons/breeze/apps/48/xorg.svg
kwin_x11 /usr/share/icons/breeze/apps/48/xorg.svg
plasmas:disk$0 /config/.cache/mesa_shader_cache/ba/f1ba0189afe9f9b21e697f039ac74c9fe4604b.tmp
QSGRenderThread /config/.cache/mesa_shader_cache/03/85404440a27386f79d70b87e5141a561359e3b
plasmas:disk$0 /config/.cache/mesa_shader_cache/ba/f1ba0189afe9f9b21e697f039ac74c9fe4604b.tmp
plasmas:disk$0 /config/.cache/mesa_shader_cache/ba/f1ba0189afe9f9b21e697f039ac74c9fe4604b
oosplash /usr/lib/libreoffice/program/libi18nlangtag.so
oosplash /usr/lib/libreoffice/program/libvclplug_genlo.so
oosplash /usr/lib/libreoffice/program/libvclplug_gtk3lo.so
oosplash /usr/lib/libreoffice/program/libstocserviceslo.so
oosplash /usr/lib/libreoffice/program/libbootstraplo.so
oosplash /usr/lib/libreoffice/program/libreglo.so
oosplash /usr/lib/libreoffice/program/libstorelo.so
oosplash /usr/lib/libreoffice/program/libreflectionlo.so
oosplash /usr/lib/libreoffice/program/libuno_cppuhelpergcc3.so.3
oosplash /usr/lib/libreoffice/program/libuno_cppu.so.3
oosplash /usr/lib/libreoffice/program/libuno_sal.so.3
oosplash /usr/lib/libreoffice/program/types.rdb
oosplash /usr/lib/libreoffice/program/services/services.rdb
oosplash /usr/lib/libreoffice/program/types/oovbaapi.rdb
oosplash /sys/dev/block/0:0/queue/rotational
oosplash /usr/lib/libreoffice/program/pagein-calc
oosplash /usr/lib/libreoffice/program/libsclo.so
oosplash /usr/lib/libreoffice/program/libscuilo.so
soffice.bin /usr/lib/libreoffice/program/glibc-hwcaps/x86-64-v3/libuno_sal.so.3
soffice.bin /usr/lib/libreoffice/program/glibc-hwcaps/x86-64-v2/libuno_sal.so.3
soffice.bin /usr/lib/libreoffice/program/libuno_sal.so.3
soffice.bin /usr/lib/libreoffice/program/libmergedlo.so
soffice.bin /usr/lib/libreoffice/program/libc.so.6
soffice.bin /etc/ld.so.cache
soffice.bin /lib/x86_64-linux-gnu/libc.so.6
soffice.bin /usr/lib/libreoffice/program/libz.so.1
soffice.bin /lib/x86_64-linux-gnu/libz.so.1
soffice.bin /usr/lib/libreoffice/program/libstdc++.so.6
soffice.bin /lib/x86_64-linux-gnu/libstdc++.so.6
soffice.bin /usr/lib/libreoffice/program/libm.so.6
soffice.bin /lib/x86_64-linux-gnu/libm.so.6
soffice.bin /usr/lib/libreoffice/program/libgcc_s.so.1
soffice.bin /lib/x86_64-linux-gnu/libgcc_s.so.1
soffice.bin /usr/lib/libreoffice/program/libepoxy.so.0
soffice.bin /lib/x86_64-linux-gnu/libepoxy.so.0
soffice.bin /usr/lib/libreoffice/program/libicuuc.so.74
soffice.bin /lib/x86_64-linux-gnu/libicuuc.so.74
soffice.bin /usr/lib/libreoffice/program/libicui18n.so.74
soffice.bin /lib/x86_64-linux-gnu/libicui18n.so.74
soffice.bin /usr/lib/libreoffice/program/libgpgmepp.so.6
soffice.bin /lib/x86_64-linux-gnu/libgpgmepp.so.6
soffice.bin /usr/lib/libreoffice/program/libnss3.so
soffice.bin /lib/x86_64-linux-gnu/libnss3.so
soffice.bin /usr/lib/libreoffice/program/libsmime3.so
soffice.bin /lib/x86_64-linux-gnu/libsmime3.so
soffice.bin /usr/lib/libreoffice/program/libplc4.so
soffice.bin /lib/x86_64-linux-gnu/libplc4.so
soffice.bin /usr/lib/libreoffice/program/libnspr4.so
soffice.bin /lib/x86_64-linux-gnu/libnspr4.so
soffice.bin /usr/lib/libreoffice/program/libdconf.so.1
soffice.bin /lib/x86_64-linux-gnu/libdconf.so.1
soffice.bin /usr/lib/libreoffice/program/libgio-2.0.so.0
soffice.bin /lib/x86_64-linux-gnu/libgio-2.0.so.0
soffice.bin /usr/lib/libreoffice/program/libgobject-2.0.so.0
soffice.bin /lib/x86_64-linux-gnu/libgobject-2.0.so.0
soffice.bin /usr/lib/libreoffice/program/libglib-2.0.so.0
soffice.bin /lib/x86_64-linux-gnu/libglib-2.0.so.0
soffice.bin /usr/lib/libreoffice/program/libdbus-1.so.3
soffice.bin /lib/x86_64-linux-gnu/libdbus-1.so.3
soffice.bin /usr/lib/libreoffice/program/libcurl.so.4
soffice.bin /lib/x86_64-linux-gnu/libcurl.so.4
soffice.bin /usr/lib/libreoffice/program/libxml2.so.2
soffice.bin /lib/x86_64-linux-gnu/libxml2.so.2
soffice.bin /usr/lib/libreoffice/program/libcairo.so.2
soffice.bin /lib/x86_64-linux-gnu/libcairo.so.2
soffice.bin /usr/lib/libreoffice/program/libxslt.so.1
soffice.bin /lib/x86_64-linux-gnu/libxslt.so.1
soffice.bin /usr/lib/libreoffice/program/libexslt.so.0
soffice.bin /lib/x86_64-linux-gnu/libexslt.so.0
soffice.bin /usr/lib/libreoffice/program/libexpat.so.1
soffice.bin /lib/x86_64-linux-gnu/libexpat.so.1
soffice.bin /usr/lib/libreoffice/program/libclucene-core.so.1
soffice.bin /lib/x86_64-linux-gnu/libclucene-core.so.1
soffice.bin /usr/lib/libreoffice/program/libclucene-contribs-lib.so.1
soffice.bin /lib/x86_64-linux-gnu/libclucene-contribs-lib.so.1
soffice.bin /usr/lib/libreoffice/program/libexttextcat-2.0.so.0
soffice.bin /lib/x86_64-linux-gnu/libexttextcat-2.0.so.0
soffice.bin /usr/lib/libreoffice/program/libhunspell-1.7.so.0
soffice.bin /lib/x86_64-linux-gnu/libhunspell-1.7.so.0
soffice.bin /usr/lib/libreoffice/program/libhyphen.so.0
soffice.bin /lib/x86_64-linux-gnu/libhyphen.so.0
soffice.bin /usr/lib/libreoffice/program/libmythes-1.2.so.0
soffice.bin /lib/x86_64-linux-gnu/libmythes-1.2.so.0
soffice.bin /usr/lib/libreoffice/program/libargon2.so.1
soffice.bin /lib/x86_64-linux-gnu/libargon2.so.1
soffice.bin /usr/lib/libreoffice/program/libboost_locale.so.1.83.0
soffice.bin /lib/x86_64-linux-gnu/libboost_locale.so.1.83.0
xclip /etc/ld.so.cache
xclip /lib/x86_64-linux-gnu/libXmu.so.6
xclip /lib/x86_64-linux-gnu/libX11.so.6
xclip /lib/x86_64-linux-gnu/libc.so.6
xclip /lib/x86_64-linux-gnu/libXt.so.6
xclip /lib/x86_64-linux-gnu/libXext.so.6
xclip /lib/x86_64-linux-gnu/libxcb.so.1
xclip /lib/x86_64-linux-gnu/libSM.so.6
xclip /lib/x86_64-linux-gnu/libICE.so.6
soffice.bin /usr/lib/libreoffice/program/librdf.so.0
xclip /lib/x86_64-linux-gnu/libXau.so.6
soffice.bin /lib/x86_64-linux-gnu/librdf.so.0
xclip /lib/x86_64-linux-gnu/libXdmcp.so.6
xclip /lib/x86_64-linux-gnu/libuuid.so.1
xclip /lib/x86_64-linux-gnu/libbsd.so.0
xclip /lib/x86_64-linux-gnu/libmd.so.0
soffice.bin /usr/lib/libreoffice/program/libraptor2.so.0
soffice.bin /lib/x86_64-linux-gnu/libraptor2.so.0
xclip /usr/share/X11/locale/locale.alias
soffice.bin /usr/lib/libreoffice/program/libgraphite2.so.3
soffice.bin /lib/x86_64-linux-gnu/libgraphite2.so.3
xclip /usr/share/X11/locale/locale.dir
soffice.bin /usr/lib/libreoffice/program/libharfbuzz-icu.so.0
xclip /usr/share/X11/locale/C/XLC_LOCALE
soffice.bin /lib/x86_64-linux-gnu/libharfbuzz-icu.so.0
xclip /usr/share/X11/locale/locale.alias
xclip /usr/share/X11/locale/locale.dir
soffice.bin /usr/lib/libreoffice/program/libharfbuzz.so.0
soffice.bin /lib/x86_64-linux-gnu/libharfbuzz.so.0
xclip /usr/share/X11/locale/C/XLC_LOCALE
soffice.bin /usr/lib/libreoffice/program/liblcms2.so.2
soffice.bin /lib/x86_64-linux-gnu/liblcms2.so.2
Xvfb /proc/1166/cmdline
soffice.bin /usr/lib/libreoffice/program/libeot.so.0
soffice.bin /lib/x86_64-linux-gnu/libeot.so.0
soffice.bin /usr/lib/libreoffice/program/libjpeg.so.8
soffice.bin /lib/x86_64-linux-gnu/libjpeg.so.8
soffice.bin /usr/lib/libreoffice/program/libpng16.so.16
soffice.bin /lib/x86_64-linux-gnu/libpng16.so.16
soffice.bin /usr/lib/libreoffice/program/libtiff.so.6
soffice.bin /lib/x86_64-linux-gnu/libtiff.so.6
soffice.bin /usr/lib/libreoffice/program/libwebp.so.7
soffice.bin /lib/x86_64-linux-gnu/libwebp.so.7
soffice.bin /usr/lib/libreoffice/program/libX11.so.6
soffice.bin /lib/x86_64-linux-gnu/libX11.so.6
soffice.bin /usr/lib/libreoffice/program/libXext.so.6
soffice.bin /lib/x86_64-linux-gnu/libXext.so.6
soffice.bin /usr/lib/libreoffice/program/libcups.so.2
soffice.bin /lib/x86_64-linux-gnu/libcups.so.2
soffice.bin /usr/lib/libreoffice/program/libfontconfig.so.1
soffice.bin /lib/x86_64-linux-gnu/libfontconfig.so.1
soffice.bin /usr/lib/libreoffice/program/libfreetype.so.6
soffice.bin /lib/x86_64-linux-gnu/libfreetype.so.6
soffice.bin /usr/lib/libreoffice/program/libuno_cppu.so.3
soffice.bin /usr/lib/libreoffice/program/libuno_cppuhelpergcc3.so.3
soffice.bin /usr/lib/libreoffice/program/libi18nlangtag.so
soffice.bin /usr/lib/libreoffice/program/libjvmaccesslo.so
soffice.bin /usr/lib/libreoffice/program/libjvmfwklo.so
soffice.bin /usr/lib/libreoffice/program/libuno_salhelpergcc3.so.3
soffice.bin /usr/lib/libreoffice/program/libxmlreaderlo.so
soffice.bin /usr/lib/libreoffice/program/libclewlo.so
soffice.bin /usr/lib/libreoffice/program/libskialo.so
soffice.bin /usr/lib/libreoffice/program/libpdfiumlo.so
soffice.bin /lib/x86_64-linux-gnu/libicudata.so.74
soffice.bin /lib/x86_64-linux-gnu/libgpgme.so.11
soffice.bin /lib/x86_64-linux-gnu/libnssutil3.so
soffice.bin /lib/x86_64-linux-gnu/libplds4.so
soffice.bin /lib/x86_64-linux-gnu/libgmodule-2.0.so.0
soffice.bin /lib/x86_64-linux-gnu/libmount.so.1
soffice.bin /lib/x86_64-linux-gnu/libselinux.so.1
soffice.bin /lib/x86_64-linux-gnu/libffi.so.8
soffice.bin /lib/x86_64-linux-gnu/libpcre2-8.so.0
soffice.bin /lib/x86_64-linux-gnu/libsystemd.so.0
soffice.bin /lib/x86_64-linux-gnu/libnghttp2.so.14
soffice.bin /lib/x86_64-linux-gnu/libidn2.so.0
soffice.bin /lib/x86_64-linux-gnu/librtmp.so.1
soffice.bin /lib/x86_64-linux-gnu/libssh.so.4
soffice.bin /lib/x86_64-linux-gnu/libpsl.so.5
soffice.bin /lib/x86_64-linux-gnu/libssl.so.3
soffice.bin /lib/x86_64-linux-gnu/libcrypto.so.3
soffice.bin /lib/x86_64-linux-gnu/libgssapi_krb5.so.2
soffice.bin /lib/x86_64-linux-gnu/libldap.so.2
soffice.bin /lib/x86_64-linux-gnu/liblber.so.2
soffice.bin /lib/x86_64-linux-gnu/libzstd.so.1
soffice.bin /lib/x86_64-linux-gnu/libbrotlidec.so.1
soffice.bin /lib/x86_64-linux-gnu/liblzma.so.5
soffice.bin /lib/x86_64-linux-gnu/libXrender.so.1
soffice.bin /lib/x86_64-linux-gnu/libxcb.so.1
soffice.bin /lib/x86_64-linux-gnu/libxcb-render.so.0
soffice.bin /lib/x86_64-linux-gnu/libxcb-shm.so.0
soffice.bin /lib/x86_64-linux-gnu/libpixman-1.so.0
soffice.bin /lib/x86_64-linux-gnu/libgcrypt.so.20
soffice.bin /lib/x86_64-linux-gnu/libclucene-shared.so.1
soffice.bin /lib/x86_64-linux-gnu/libboost_thread.so.1.83.0
soffice.bin /lib/x86_64-linux-gnu/librasqal.so.3
soffice.bin /lib/x86_64-linux-gnu/libltdl.so.7
soffice.bin /lib/x86_64-linux-gnu/libdb-5.3.so
soffice.bin /lib/x86_64-linux-gnu/libcurl-gnutls.so.4
soffice.bin /lib/x86_64-linux-gnu/libyajl.so.2
soffice.bin /lib/x86_64-linux-gnu/libLerc.so.4
soffice.bin /lib/x86_64-linux-gnu/libjbig.so.0
soffice.bin /lib/x86_64-linux-gnu/libdeflate.so.0
soffice.bin /lib/x86_64-linux-gnu/libsharpyuv.so.0
soffice.bin /lib/x86_64-linux-gnu/libavahi-common.so.3
soffice.bin /lib/x86_64-linux-gnu/libavahi-client.so.3
soffice.bin /lib/x86_64-linux-gnu/libgnutls.so.30
soffice.bin /lib/x86_64-linux-gnu/libbz2.so.1.0
soffice.bin /usr/lib/libreoffice/program/libreglo.so
soffice.bin /usr/lib/libreoffice/program/libunoidllo.so
soffice.bin /usr/lib/libreoffice/program/liblangtag.so.1
soffice.bin /lib/x86_64-linux-gnu/liblangtag.so.1
soffice.bin /usr/lib/libreoffice/program/libX11-xcb.so.1
soffice.bin /lib/x86_64-linux-gnu/libX11-xcb.so.1
soffice.bin /usr/lib/libreoffice/program/libopenjp2.so.7
soffice.bin /lib/x86_64-linux-gnu/libopenjp2.so.7
soffice.bin /usr/lib/libreoffice/program/libabsl_bad_optional_access.so.20220623
soffice.bin /lib/x86_64-linux-gnu/libabsl_bad_optional_access.so.20220623
soffice.bin /usr/lib/libreoffice/program/libabsl_bad_variant_access.so.20220623
soffice.bin /lib/x86_64-linux-gnu/libabsl_bad_variant_access.so.20220623
soffice.bin /lib/x86_64-linux-gnu/libassuan.so.0
soffice.bin /lib/x86_64-linux-gnu/libgpg-error.so.0
soffice.bin /lib/x86_64-linux-gnu/libblkid.so.1
soffice.bin /lib/x86_64-linux-gnu/libcap.so.2
soffice.bin /lib/x86_64-linux-gnu/liblz4.so.1
soffice.bin /lib/x86_64-linux-gnu/libunistring.so.5
soffice.bin /lib/x86_64-linux-gnu/libhogweed.so.6
soffice.bin /lib/x86_64-linux-gnu/libnettle.so.8
soffice.bin /lib/x86_64-linux-gnu/libgmp.so.10
soffice.bin /lib/x86_64-linux-gnu/libkrb5.so.3
soffice.bin /lib/x86_64-linux-gnu/libk5crypto.so.3
soffice.bin /lib/x86_64-linux-gnu/libcom_err.so.2
soffice.bin /lib/x86_64-linux-gnu/libkrb5support.so.0
soffice.bin /lib/x86_64-linux-gnu/libsasl2.so.2
soffice.bin /lib/x86_64-linux-gnu/libbrotlicommon.so.1
soffice.bin /lib/x86_64-linux-gnu/libXau.so.6
soffice.bin /lib/x86_64-linux-gnu/libXdmcp.so.6
soffice.bin /lib/x86_64-linux-gnu/libmhash.so.2
soffice.bin /lib/x86_64-linux-gnu/libuuid.so.1
soffice.bin /lib/x86_64-linux-gnu/libp11-kit.so.0
soffice.bin /lib/x86_64-linux-gnu/libtasn1.so.6
soffice.bin /usr/lib/libreoffice/program/libstorelo.so
soffice.bin /lib/x86_64-linux-gnu/libkeyutils.so.1
soffice.bin /lib/x86_64-linux-gnu/libresolv.so.2
soffice.bin /lib/x86_64-linux-gnu/libbsd.so.0
soffice.bin /lib/x86_64-linux-gnu/libmd.so.0
soffice.bin /etc/gnutls/config
soffice.bin /proc/filesystems
soffice.bin /usr/lib/locale/locale-archive
soffice.bin /usr/lib/libreoffice/program/sofficerc
soffice.bin /usr/lib/libreoffice/program/fundamentalrc
soffice.bin /usr/lib/libreoffice/program/bootstraprc
soffice.bin /etc/nsswitch.conf
soffice.bin /etc/passwd
soffice.bin /config/.config/libreoffice/4/user/temp/embeddedfonts/fromdocs
soffice.bin /config/.config/libreoffice/4/user/temp/embeddedfonts/fromsystem
soffice.bin /usr/lib/libreoffice/program/libvclplug_qt5lo.so
soffice.bin /usr/lib/libreoffice/program/libQt5Core.so.5
soffice.bin /etc/ld.so.cache
soffice.bin /lib/x86_64-linux-gnu/libQt5Core.so.5
soffice.bin /usr/lib/libreoffice/program/libQt5Gui.so.5
soffice.bin /lib/x86_64-linux-gnu/libQt5Gui.so.5
soffice.bin /usr/lib/libreoffice/program/libQt5Widgets.so.5
soffice.bin /lib/x86_64-linux-gnu/libQt5Widgets.so.5
soffice.bin /usr/lib/libreoffice/program/libQt5X11Extras.so.5
soffice.bin /lib/x86_64-linux-gnu/libQt5X11Extras.so.5
soffice.bin /lib/x86_64-linux-gnu/libdouble-conversion.so.3
soffice.bin /lib/x86_64-linux-gnu/libpcre2-16.so.0
soffice.bin /lib/x86_64-linux-gnu/libGL.so.1
soffice.bin /lib/x86_64-linux-gnu/libmd4c.so.0
soffice.bin /lib/x86_64-linux-gnu/libGLdispatch.so.0
soffice.bin /lib/x86_64-linux-gnu/libGLX.so.0
soffice.bin /usr/lib/x86_64-linux-gnu/qt5/plugins/platforms
soffice.bin /usr/lib/x86_64-linux-gnu/qt5/plugins/platforms/libqeglfs.so
soffice.bin /usr/lib/x86_64-linux-gnu/qt5/plugins/platforms/libqlinuxfb.so
soffice.bin /usr/lib/x86_64-linux-gnu/qt5/plugins/platforms/libqminimal.so
soffice.bin /usr/lib/x86_64-linux-gnu/qt5/plugins/platforms/libqminimalegl.so
soffice.bin /usr/lib/x86_64-linux-gnu/qt5/plugins/platforms/libqoffscreen.so
soffice.bin /usr/lib/x86_64-linux-gnu/qt5/plugins/platforms/libqvnc.so
soffice.bin /usr/lib/x86_64-linux-gnu/qt5/plugins/platforms/libqxcb.so
soffice.bin /usr/lib/x86_64-linux-gnu/qt5/plugins/platforms/libqxcb.so.avx2
soffice.bin /usr/lib/x86_64-linux-gnu/qt5/plugins/platforms/libqxcb.so
soffice.bin /etc/ld.so.cache
soffice.bin /lib/x86_64-linux-gnu/libQt5XcbQpa.so.5
soffice.bin /lib/x86_64-linux-gnu/libQt5DBus.so.5
soffice.bin /lib/x86_64-linux-gnu/libxcb-icccm.so.4
soffice.bin /lib/x86_64-linux-gnu/libxcb-image.so.0
soffice.bin /lib/x86_64-linux-gnu/libxcb-keysyms.so.1
soffice.bin /lib/x86_64-linux-gnu/libxcb-randr.so.0
soffice.bin /lib/x86_64-linux-gnu/libxcb-render-util.so.0
soffice.bin /lib/x86_64-linux-gnu/libxcb-shape.so.0
soffice.bin /lib/x86_64-linux-gnu/libxcb-sync.so.1
soffice.bin /lib/x86_64-linux-gnu/libxcb-xfixes.so.0
soffice.bin /lib/x86_64-linux-gnu/libxcb-xinerama.so.0
soffice.bin /lib/x86_64-linux-gnu/libxcb-xkb.so.1
soffice.bin /lib/x86_64-linux-gnu/libxcb-xinput.so.0
soffice.bin /lib/x86_64-linux-gnu/libSM.so.6
soffice.bin /lib/x86_64-linux-gnu/libICE.so.6
soffice.bin /lib/x86_64-linux-gnu/libxkbcommon-x11.so.0
soffice.bin /lib/x86_64-linux-gnu/libxkbcommon.so.0
soffice.bin /lib/x86_64-linux-gnu/libxcb-util.so.1
Xvfb /proc/1163/cmdline
soffice.bin /usr/share/qt5/qtlogging.ini
soffice.bin /usr/share/hwdata/pnp.ids
soffice.bin /etc/ld.so.cache
soffice.bin /lib/x86_64-linux-gnu/libXcursor.so.1
soffice.bin /lib/x86_64-linux-gnu/libXfixes.so.3
soffice.bin /usr/share/X11/locale/locale.alias
soffice.bin /usr/share/X11/locale/locale.alias
soffice.bin /usr/share/X11/locale/locale.dir
soffice.bin /usr/share/X11/locale/en_US.UTF-8/XLC_LOCALE
soffice.bin /usr/lib/x86_64-linux-gnu/qt5/plugins/platformthemes
soffice.bin /usr/lib/x86_64-linux-gnu/qt5/plugins/platformthemes/KDEPlasmaPlatformTheme.so
soffice.bin /usr/lib/x86_64-linux-gnu/qt5/plugins/platformthemes/KDEPlasmaPlatformTheme.so.avx2
soffice.bin /usr/lib/x86_64-linux-gnu/qt5/plugins/platformthemes/KDEPlasmaPlatformTheme.so
soffice.bin /etc/ld.so.cache
soffice.bin /lib/x86_64-linux-gnu/libKF5KIOFileWidgets.so.5
soffice.bin /lib/x86_64-linux-gnu/libKF5KIOWidgets.so.5
soffice.bin /lib/x86_64-linux-gnu/libKF5Notifications.so.5
soffice.bin /lib/x86_64-linux-gnu/libwayland-client.so.0
soffice.bin /lib/x86_64-linux-gnu/libQt5QuickControls2.so.5
soffice.bin /lib/x86_64-linux-gnu/libQt5Quick.so.5
soffice.bin /lib/x86_64-linux-gnu/libKF5KIOCore.so.5
soffice.bin /lib/x86_64-linux-gnu/libKF5JobWidgets.so.5
soffice.bin /lib/x86_64-linux-gnu/libKF5Completion.so.5
soffice.bin /lib/x86_64-linux-gnu/libKF5XmlGui.so.5
soffice.bin /lib/x86_64-linux-gnu/libKF5IconThemes.so.5
soffice.bin /lib/x86_64-linux-gnu/libKF5ConfigWidgets.so.5
soffice.bin /lib/x86_64-linux-gnu/libKF5ConfigGui.so.5
soffice.bin /lib/x86_64-linux-gnu/libKF5I18n.so.5
soffice.bin /lib/x86_64-linux-gnu/libKF5WidgetsAddons.so.5
soffice.bin /lib/x86_64-linux-gnu/libKF5ConfigCore.so.5
soffice.bin /lib/x86_64-linux-gnu/libKF5WindowSystem.so.5
soffice.bin /lib/x86_64-linux-gnu/libKF5CoreAddons.so.5
soffice.bin /lib/x86_64-linux-gnu/libQt5WaylandClient.so.5
soffice.bin /lib/x86_64-linux-gnu/libKF5Bookmarks.so.5
soffice.bin /lib/x86_64-linux-gnu/libKF5Solid.so.5
soffice.bin /lib/x86_64-linux-gnu/libKF5KIOGui.so.5
soffice.bin /lib/x86_64-linux-gnu/libKF5ItemViews.so.5
soffice.bin /lib/x86_64-linux-gnu/libQt5Network.so.5
soffice.bin /lib/x86_64-linux-gnu/libKF5GuiAddons.so.5
soffice.bin /lib/x86_64-linux-gnu/libQt5Xml.so.5
soffice.bin /lib/x86_64-linux-gnu/libKF5Service.so.5
soffice.bin /lib/x86_64-linux-gnu/libcanberra.so.0
soffice.bin /lib/x86_64-linux-gnu/libQt5TextToSpeech.so.5
soffice.bin /lib/x86_64-linux-gnu/libdbusmenu-qt5.so.2
soffice.bin /lib/x86_64-linux-gnu/libQt5Qml.so.5
soffice.bin /lib/x86_64-linux-gnu/libQt5QuickTemplates2.so.5
soffice.bin /lib/x86_64-linux-gnu/libQt5QmlModels.so.5
soffice.bin /lib/x86_64-linux-gnu/libKF5Crash.so.5
soffice.bin /lib/x86_64-linux-gnu/libKF5AuthCore.so.5
soffice.bin /lib/x86_64-linux-gnu/libacl.so.1
soffice.bin /lib/x86_64-linux-gnu/libKF5GlobalAccel.so.5
soffice.bin /lib/x86_64-linux-gnu/libQt5PrintSupport.so.5
soffice.bin /lib/x86_64-linux-gnu/libQt5Svg.so.5
soffice.bin /lib/x86_64-linux-gnu/libKF5Archive.so.5
soffice.bin /lib/x86_64-linux-gnu/libKF5Codecs.so.5
soffice.bin /lib/x86_64-linux-gnu/libudev.so.1
soffice.bin /lib/x86_64-linux-gnu/libwayland-cursor.so.0
soffice.bin /lib/x86_64-linux-gnu/libimobiledevice-1.0.so.6
soffice.bin /lib/x86_64-linux-gnu/libplist-2.0.so.4
soffice.bin /lib/x86_64-linux-gnu/libKF5DBusAddons.so.5
soffice.bin /lib/x86_64-linux-gnu/libvorbisfile.so.3
soffice.bin /lib/x86_64-linux-gnu/libtdb.so.1
soffice.bin /lib/x86_64-linux-gnu/libusbmuxd-2.0.so.6
soffice.bin /lib/x86_64-linux-gnu/libvorbis.so.0
soffice.bin /lib/x86_64-linux-gnu/libogg.so.0
soffice.bin /usr/share/locale/en/LC_MESSAGES/kcoreaddons5_qt.qm
soffice.bin /usr/share/locale/en/LC_MESSAGES/kcoreaddons5_qt.qm
soffice.bin /usr/share/locale/en/LC_MESSAGES/kwidgetsaddons5_qt.qm
soffice.bin /usr/share/locale/en/LC_MESSAGES/kwidgetsaddons5_qt.qm
soffice.bin /usr/share/locale/en/LC_MESSAGES/kjobwidgets5_qt.qm
soffice.bin /usr/share/locale/en/LC_MESSAGES/kjobwidgets5_qt.qm
soffice.bin /etc/localtime
soffice.bin /usr/share/kubuntu-default-settings/kf5-settings/kdeglobals
soffice.bin /config/.config/kdedefaults/kdeglobals
soffice.bin /config/.config/kdeglobals
soffice.bin /usr/lib/x86_64-linux-gnu/qt5/qml/QtQuick/Controls.2
soffice.bin /usr/lib/x86_64-linux-gnu/qt5/plugins/platforminputcontexts
soffice.bin /usr/lib/x86_64-linux-gnu/qt5/plugins/platforminputcontexts/libcomposeplatforminputcontextplugin.so
soffice.bin /usr/lib/x86_64-linux-gnu/qt5/plugins/platforminputcontexts/libibusplatforminputcontextplugin.so
soffice.bin /usr/lib/x86_64-linux-gnu/qt5/plugins/platforminputcontexts/plasmaimplatforminputcontextplugin.so
soffice.bin /usr/lib/x86_64-linux-gnu/qt5/plugins/platforminputcontexts/libcomposeplatforminputcontextplugin.so.avx2
soffice.bin /usr/lib/x86_64-linux-gnu/qt5/plugins/platforminputcontexts/libcomposeplatforminputcontextplugin.so
soffice.bin /usr/lib/x86_64-linux-gnu/qt5/plugins/xcbglintegrations
soffice.bin /usr/lib/x86_64-linux-gnu/qt5/plugins/xcbglintegrations/libqxcb-egl-integration.so
soffice.bin /usr/lib/x86_64-linux-gnu/qt5/plugins/xcbglintegrations/libqxcb-glx-integration.so
soffice.bin /usr/lib/x86_64-linux-gnu/qt5/plugins/xcbglintegrations/libqxcb-glx-integration.so.avx2
soffice.bin /usr/lib/x86_64-linux-gnu/qt5/plugins/xcbglintegrations/libqxcb-glx-integration.so
soffice.bin /etc/ld.so.cache
soffice.bin /lib/x86_64-linux-gnu/libxcb-glx.so.0
soffice.bin /etc/ld.so.cache
soffice.bin /lib/x86_64-linux-gnu/libGLX_mesa.so.0
soffice.bin /lib/x86_64-linux-gnu/libgallium-25.2.8-0ubuntu0.24.04.1.so
soffice.bin /lib/x86_64-linux-gnu/libdrm.so.2
soffice.bin /lib/x86_64-linux-gnu/libXxf86vm.so.1
soffice.bin /lib/x86_64-linux-gnu/libxcb-dri3.so.0
soffice.bin /lib/x86_64-linux-gnu/libxcb-present.so.0
soffice.bin /lib/x86_64-linux-gnu/libLLVM.so.20.1
soffice.bin /lib/x86_64-linux-gnu/libsensors.so.5
soffice.bin /lib/x86_64-linux-gnu/libxshmfence.so.1
soffice.bin /lib/x86_64-linux-gnu/libdrm_amdgpu.so.1
soffice.bin /lib/x86_64-linux-gnu/libelf.so.1
soffice.bin /lib/x86_64-linux-gnu/libdrm_intel.so.1
soffice.bin /lib/x86_64-linux-gnu/../lib/glibc-hwcaps/x86-64-v3/libedit.so.2
soffice.bin /lib/x86_64-linux-gnu/../lib/glibc-hwcaps/x86-64-v2/libedit.so.2
soffice.bin /lib/x86_64-linux-gnu/../lib/libedit.so.2
soffice.bin /lib/x86_64-linux-gnu/libedit.so.2
soffice.bin /lib/x86_64-linux-gnu/libpciaccess.so.0
soffice.bin /lib/x86_64-linux-gnu/libtinfo.so.6
soffice.bin /usr/share/drirc.d
soffice.bin /usr/share/drirc.d/00-mesa-defaults.conf
soffice.bin /usr/lib/x86_64-linux-gnu/gconv/gconv-modules.cache
soffice.bin /usr/share/drirc.d/00-radv-defaults.conf
soffice.bin /etc/drirc
soffice.bin /usr/share/locale/locale.alias
soffice.bin /usr/share/locale/en_US/LC_MESSAGES/libc.mo
soffice.bin /usr/share/locale/en/LC_MESSAGES/libc.mo
soffice.bin /usr/share/locale-langpack/en_US/LC_MESSAGES/libc.mo
soffice.bin /usr/share/locale-langpack/en/LC_MESSAGES/libc.mo
soffice.bin /config/.drirc
soffice.bin /sys/devices/system/cpu/possible
soffice.bin /sys/devices/system/cpu/cpu0/cpu_capacity
soffice.bin /sys/devices/system/cpu/cpu1/cpu_capacity
soffice.bin /sys/devices/system/cpu/cpu2/cpu_capacity
soffice.bin /sys/devices/system/cpu/cpu3/cpu_capacity
soffice.bin /sys/devices/system/cpu/cpu4/cpu_capacity
soffice.bin /sys/devices/system/cpu/cpu5/cpu_capacity
soffice.bin /sys/devices/system/cpu/cpu6/cpu_capacity
soffice.bin /sys/devices/system/cpu/cpu7/cpu_capacity
soffice.bin /sys/devices/system/cpu/cpu8/cpu_capacity
soffice.bin /sys/devices/system/cpu/cpu9/cpu_capacity
soffice.bin /sys/devices/system/cpu/cpu10/cpu_capacity
soffice.bin /sys/devices/system/cpu/cpu11/cpu_capacity
soffice.bin /sys/devices/system/cpu/cpu12/cpu_capacity
soffice.bin /sys/devices/system/cpu/cpu13/cpu_capacity
soffice.bin /sys/devices/system/cpu/cpu14/cpu_capacity
soffice.bin /sys/devices/system/cpu/cpu15/cpu_capacity
soffice.bin /dev/udmabuf
soffice.bin /usr/share/drirc.d
soffice.bin /usr/share/drirc.d/00-mesa-defaults.conf
soffice.bin /usr/share/drirc.d/00-radv-defaults.conf
soffice.bin /etc/drirc
soffice.bin /config/.drirc
soffice.bin /sys/devices/system/cpu/online
soffice.bin /config/.cache/mesa_shader_cache/index
soffice.bin /config/.cache/mesa_shader_cache/db/1eda42f2a767a2d7820a869487f528f852a0c3
soffice.bin /config/.cache/mesa_shader_cache/0c/2078390c4088c952a5aaf00c2698fc4cb3c2ae
soffice.bin /config/.cache/mesa_shader_cache/5e/44b0234ba7fee5aad30999f5c85fa1ab7d1e2b
soffice.bin /config/.cache/mesa_shader_cache/8a/05f419308844007d1e201ba19cfb5f3cd8ab27
soffice.bin /config/.cache/mesa_shader_cache/59/ec931cfacda6fd80434ecf9e3f29a17ea5760a
soffice.bin /usr/share/locale/en/LC_MESSAGES/kjobwidgets5_qt.qm
soffice.bin /usr/share/locale/en/LC_MESSAGES/kjobwidgets5_qt.qm
soffice.bin /usr/lib/x86_64-linux-gnu/qt5/plugins/iconengines
soffice.bin /usr/lib/x86_64-linux-gnu/qt5/plugins/iconengines/libqsvgicon.so
soffice.bin /usr/share/locale/en/LC_MESSAGES/kwidgetsaddons5_qt.qm
soffice.bin /usr/share/locale/en/LC_MESSAGES/kwidgetsaddons5_qt.qm
soffice.bin /usr/share/locale/en/LC_MESSAGES/kcoreaddons5_qt.qm
soffice.bin /usr/share/locale/en/LC_MESSAGES/kcoreaddons5_qt.qm
soffice.bin /usr/lib/x86_64-linux-gnu/qt5/plugins/styles
soffice.bin /usr/lib/x86_64-linux-gnu/qt5/plugins/styles/breeze.so
soffice.bin /usr/lib/x86_64-linux-gnu/qt5/plugins/styles/breeze.so.avx2
soffice.bin /usr/lib/x86_64-linux-gnu/qt5/plugins/styles/breeze.so
soffice.bin /etc/ld.so.cache
soffice.bin /lib/x86_64-linux-gnu/libKF5Kirigami2.so.5
soffice.bin /lib/x86_64-linux-gnu/libbreezecommon5.so.5
soffice.bin /lib/x86_64-linux-gnu/libKF5Style.so.5
soffice.bin /usr/share/kubuntu-default-settings/kf5-settings/breezerc
soffice.bin /usr/share/kubuntu-default-settings/kf5-settings/kwinrc
soffice.bin /config/.config/kdedefaults/kwinrc
soffice.bin /config/.config/kwinrc
dbus-daemon /run/systemd/users/911
dbus-daemon /proc/1163/cmdline
soffice.bin /usr/share/kubuntu-default-settings/kf5-settings/breezerc
soffice.bin /usr/share/kubuntu-default-settings/kf5-settings/kwinrc
soffice.bin /config/.config/kdedefaults/kwinrc
soffice.bin /config/.config/kwinrc
soffice.bin /usr/share/kubuntu-default-settings/kf5-settings/breezerc
soffice.bin /usr/lib/libreoffice/program/libgcc3_uno.so
soffice.bin /usr/lib/libreoffice/program/versionrc
soffice.bin /etc/passwd
soffice.bin /config/.config/libreoffice/4/user/extensions/buildid
soffice.bin /config/.config/libreoffice/4/user/extensions
soffice.bin /usr/lib/libreoffice/program/lounorc
soffice.bin /etc/passwd
soffice.bin /config/.config/libreoffice/4/user/extensions/buildid
soffice.bin /usr/lib/libreoffice/program/unorc
soffice.bin /etc/passwd
soffice.bin /etc/passwd
soffice.bin /etc/passwd
soffice.bin /usr/lib/libreoffice/program/services.rdb
soffice.bin /usr/lib/libreoffice/program/services
soffice.bin /usr/lib/libreoffice/program/services/services.rdb
soffice.bin /etc/passwd
soffice.bin /etc/passwd
soffice.bin /etc/passwd
soffice.bin /usr/lib/libreoffice/program/types.rdb
soffice.bin /usr/lib/libreoffice/program/types
soffice.bin /usr/lib/libreoffice/program/types/offapi.rdb
soffice.bin /usr/lib/libreoffice/program/types/oovbaapi.rdb
soffice.bin /etc/passwd
soffice.bin /config/.config/libreoffice/4/safemode_restart
soffice.bin /etc/passwd
soffice.bin /config/.config/libreoffice/4/safemode
soffice.bin /etc/passwd
soffice.bin /etc/passwd
soffice.bin /etc/passwd
soffice.bin /etc/passwd
soffice.bin /config/.config/libreoffice/4/user/SafeMode
soffice.bin /etc/passwd
soffice.bin /etc/passwd
soffice.bin /etc/passwd
soffice.bin /etc/passwd
soffice.bin /etc/libreoffice/registry
soffice.bin /etc/libreoffice/registry/Langpack-en-US.xcd
soffice.bin /etc/libreoffice/registry/calc.xcd
soffice.bin /etc/libreoffice/registry/draw.xcd
soffice.bin /etc/libreoffice/registry/graphicfilter.xcd
soffice.bin /etc/libreoffice/registry/impress.xcd
soffice.bin /etc/libreoffice/registry/lingucomponent.xcd
soffice.bin /etc/libreoffice/registry/main.xcd
soffice.bin /etc/libreoffice/registry/ogltrans.xcd
soffice.bin /etc/libreoffice/registry/pdfimport.xcd
soffice.bin /etc/libreoffice/registry/writer.xcd
soffice.bin /etc/libreoffice/registry/xsltfilter.xcd
soffice.bin /etc/libreoffice/registry/schema
soffice.bin /etc/libreoffice/registry/data
soffice.bin /etc/libreoffice/registry/res
soffice.bin /etc/libreoffice/registry/res/fcfg_langpack_en-US.xcd
soffice.bin /etc/libreoffice/registry/res
soffice.bin /run/dconf/user/911
soffice.bin /config/.XDG/dconf/profile
soffice.bin /etc/dconf/profile/user
soffice.bin /usr/local/share/dconf/profile/user
soffice.bin /usr/share/dconf/profile/user
soffice.bin /config/.XDG/dconf/user
soffice.bin /config/.config/dconf/user
soffice.bin /etc/passwd
soffice.bin /config/.config/libreoffice/4/user/registrymodifications.xcu
soffice.bin /etc/passwd
soffice.bin /config/.config/libreoffice/4/user/registry/data
soffice.bin /etc/passwd
soffice.bin /etc/passwd
soffice.bin /usr/lib/libreoffice/presets
soffice.bin /usr/lib/libreoffice/presets/autotext
soffice.bin /usr/lib/libreoffice/presets/autotext/mytexts.bau
soffice.bin /config/.config/libreoffice/4/user/autotext/mytexts.bau
soffice.bin /usr/lib/libreoffice/presets/basic
soffice.bin /usr/lib/libreoffice/presets/basic/Standard
soffice.bin /usr/lib/libreoffice/presets/basic/Standard/Module1.xba
soffice.bin /config/.config/libreoffice/4/user/basic/Standard/Module1.xba
soffice.bin /usr/lib/libreoffice/presets/basic/Standard/dialog.xlb
soffice.bin /config/.config/libreoffice/4/user/basic/Standard/dialog.xlb
soffice.bin /usr/lib/libreoffice/presets/basic/Standard/script.xlb
soffice.bin /config/.config/libreoffice/4/user/basic/Standard/script.xlb
soffice.bin /usr/lib/libreoffice/presets/basic/dialog.xlc
soffice.bin /config/.config/libreoffice/4/user/basic/dialog.xlc
soffice.bin /usr/lib/libreoffice/presets/basic/script.xlc
soffice.bin /config/.config/libreoffice/4/user/basic/script.xlc
soffice.bin /usr/lib/libreoffice/presets/config
soffice.bin /usr/lib/libreoffice/presets/config/autotbl.fmt
soffice.bin /config/.config/libreoffice/4/user/config/autotbl.fmt
soffice.bin /usr/lib/libreoffice/presets/database
soffice.bin /usr/lib/libreoffice/presets/database/biblio
soffice.bin /usr/lib/libreoffice/presets/database/biblio/biblio.dbf
soffice.bin /config/.config/libreoffice/4/user/database/biblio/biblio.dbf
soffice.bin /usr/lib/libreoffice/presets/database/biblio/biblio.dbt
soffice.bin /config/.config/libreoffice/4/user/database/biblio/biblio.dbt
soffice.bin /usr/lib/libreoffice/presets/database/biblio.odb
soffice.bin /config/.config/libreoffice/4/user/database/biblio.odb
soffice.bin /usr/lib/libreoffice/presets/gallery
soffice.bin /usr/lib/libreoffice/presets/gallery/sg30.sdv
soffice.bin /config/.config/libreoffice/4/user/gallery/sg30.sdv
soffice.bin /usr/lib/libreoffice/presets/gallery/sg30.thm
soffice.bin /config/.config/libreoffice/4/user/gallery/sg30.thm
soffice.bin /etc/passwd
soffice.bin /etc/passwd
soffice.bin /usr/lib/libreoffice/program/libdesktop_detectorlo.so
soffice.bin /usr/lib/libreoffice/program/libkf5be1lo.so
soffice.bin /etc/passwd
soffice.bin /config/.config/user-dirs.dirs
soffice.bin /config/Documents
soffice.bin /config/Documents
soffice.bin /etc/passwd
xclip /etc/ld.so.cache
xclip /lib/x86_64-linux-gnu/libXmu.so.6
xclip /lib/x86_64-linux-gnu/libX11.so.6
soffice.bin /etc/passwd
xclip /lib/x86_64-linux-gnu/libc.so.6
xclip /lib/x86_64-linux-gnu/libXt.so.6
soffice.bin /config/.config/user-dirs.dirs
xclip /lib/x86_64-linux-gnu/libXext.so.6
soffice.bin /config/Templates
xclip /lib/x86_64-linux-gnu/libxcb.so.1
soffice.bin /config/Templates
xclip /lib/x86_64-linux-gnu/libSM.so.6
xclip /lib/x86_64-linux-gnu/libICE.so.6
soffice.bin /tmp
xclip /lib/x86_64-linux-gnu/libXau.so.6
xclip /lib/x86_64-linux-gnu/libXdmcp.so.6
soffice.bin /config/.config/libreoffice/4/.lock
xclip /lib/x86_64-linux-gnu/libuuid.so.1
soffice.bin /config/.config/libreoffice/4/.lock
xclip /lib/x86_64-linux-gnu/libbsd.so.0
soffice.bin /etc/passwd
xclip /lib/x86_64-linux-gnu/libmd.so.0
soffice.bin /config/.config/libreoffice/4/.lock
soffice.bin /config/.config/libreoffice/4/.lock
xclip /usr/share/X11/locale/locale.alias
xclip /usr/share/X11/locale/locale.dir
xclip /usr/share/X11/locale/C/XLC_LOCALE
xclip /usr/share/X11/locale/locale.alias
xclip /usr/share/X11/locale/locale.dir
xclip /usr/share/X11/locale/C/XLC_LOCALE
Xvfb /proc/1235/cmdline
soffice.bin /usr/lib/libreoffice/program/liblocaledata_en.so
soffice.bin /usr/lib/libreoffice/program/resource//en_US/LC_MESSAGES/fwk.mo
soffice.bin /usr/lib/libreoffice/program/resource//en/LC_MESSAGES/fwk.mo
soffice.bin /usr/lib/libreoffice/program/resource//en_US/LC_MESSAGES/svt.mo
soffice.bin /usr/lib/libreoffice/program/resource//en/LC_MESSAGES/svt.mo
soffice.bin /usr/lib/libreoffice/program/resource//en_US/LC_MESSAGES/sb.mo
soffice.bin /usr/lib/libreoffice/program/resource//en/LC_MESSAGES/sb.mo
soffice.bin /usr/share/mime/generic-icons
soffice.bin /config/.cache/icon-cache.kcache
soffice.bin /usr/share/icons/breeze/index.theme
soffice.bin /etc/passwd
soffice.bin /etc/passwd
soffice.bin /usr/lib/libreoffice/program/libloglo.so
soffice.bin /etc/passwd
soffice.bin /dev/urandom
soffice.bin /dev/urandom
soffice.bin /etc/passwd
soffice.bin /etc/passwd
soffice.bin /etc/passwd
soffice.bin /usr/lib/libreoffice/program/resource//en_US/LC_MESSAGES/dkt.mo
soffice.bin /usr/lib/libreoffice/program/resource//en/LC_MESSAGES/dkt.mo
soffice.bin /etc/passwd
soffice.bin /etc/passwd
soffice.bin /etc/passwd
soffice.bin /etc/passwd
soffice.bin /etc/passwd
soffice.bin /config/.config/libreoffice/4/user/uno_packages/cache/registry/com.sun.star.comp.deployment.configuration.PackageRegistryBackend
soffice.bin /config/.config/libreoffice/4/user/uno_packages/cache/registry/com.sun.star.comp.deployment.configuration.PackageRegistryBackend/backenddb.xml
soffice.bin /etc/passwd
soffice.bin /config/.config/libreoffice/4/user/uno_packages/cache/registry/com.sun.star.comp.deployment.configuration.PackageRegistryBackend
soffice.bin /etc/passwd
soffice.bin /etc/passwd
soffice.bin /etc/passwd
soffice.bin /etc/passwd
soffice.bin /etc/passwd
soffice.bin /etc/passwd
soffice.bin /etc/passwd
soffice.bin /etc/passwd
soffice.bin /config/.config/libreoffice/4/user/uno_packages/cache/registry/com.sun.star.comp.deployment.help.PackageRegistryBackend
soffice.bin /config/.config/libreoffice/4/user/uno_packages/cache/registry/com.sun.star.comp.deployment.help.PackageRegistryBackend/backenddb.xml
soffice.bin /etc/passwd
soffice.bin /config/.config/libreoffice/4/user/uno_packages/cache/registry/com.sun.star.comp.deployment.help.PackageRegistryBackend
soffice.bin /etc/passwd
soffice.bin /etc/passwd
soffice.bin /etc/passwd
soffice.bin /etc/passwd
soffice.bin /etc/passwd
soffice.bin /etc/passwd
soffice.bin /etc/passwd
soffice.bin /etc/passwd
soffice.bin /etc/passwd
soffice.bin /etc/passwd
soffice.bin /config/.config/libreoffice/4/user/uno_packages/cache/uno_packages.pmap
soffice.bin /config/.config/libreoffice/4/user/uno_packages/cache/uno_packages
soffice.bin /etc/passwd
soffice.bin /config/.config/libreoffice/4/user/uno_packages/cache/registry
soffice.bin /config/.config/libreoffice/4/user/uno_packages/cache/registry/com.sun.star.comp.deployment.component.PackageRegistryBackend
soffice.bin /config/.config/libreoffice/4/user/uno_packages/cache/registry/com.sun.star.comp.deployment.configuration.PackageRegistryBackend
soffice.bin /config/.config/libreoffice/4/user/uno_packages/cache/registry/com.sun.star.comp.deployment.executable.PackageRegistryBackend
soffice.bin /config/.config/libreoffice/4/user/uno_packages/cache/registry/com.sun.star.comp.deployment.help.PackageRegistryBackend
soffice.bin /config/.config/libreoffice/4/user/uno_packages/cache/registry/com.sun.star.comp.deployment.script.PackageRegistryBackend
soffice.bin /config/.config/libreoffice/4/user/uno_packages/cache/registry/com.sun.star.comp.deployment.sfwk.PackageRegistryBackend
soffice.bin /config/.config/libreoffice/4/user/uno_packages/cache/registry/com.sun.star.comp.deployment.bundle.PackageRegistryBackend
soffice.bin /etc/passwd
soffice.bin /etc/passwd
soffice.bin /etc/passwd
soffice.bin /etc/passwd
soffice.bin /etc/passwd
soffice.bin /etc/passwd
soffice.bin /etc/passwd
soffice.bin /etc/passwd
soffice.bin /etc/passwd
soffice.bin /config/.config/libreoffice/4/user/uno_packages/cache/registry/com.sun.star.comp.deployment.configuration.PackageRegistryBackend
soffice.bin /config/.config/libreoffice/4/user/uno_packages/cache/registry/com.sun.star.comp.deployment.configuration.PackageRegistryBackend/backenddb.xml
soffice.bin /etc/passwd
soffice.bin /config/.config/libreoffice/4/user/uno_packages/cache/registry/com.sun.star.comp.deployment.configuration.PackageRegistryBackend
soffice.bin /etc/passwd
soffice.bin /etc/passwd
soffice.bin /etc/passwd
soffice.bin /etc/passwd
soffice.bin /etc/passwd
soffice.bin /etc/passwd
soffice.bin /etc/passwd
soffice.bin /etc/passwd
soffice.bin /config/.config/libreoffice/4/user/uno_packages/cache/registry/com.sun.star.comp.deployment.help.PackageRegistryBackend
soffice.bin /config/.config/libreoffice/4/user/uno_packages/cache/registry/com.sun.star.comp.deployment.help.PackageRegistryBackend/backenddb.xml
soffice.bin /etc/passwd
soffice.bin /config/.config/libreoffice/4/user/uno_packages/cache/registry/com.sun.star.comp.deployment.help.PackageRegistryBackend
soffice.bin /etc/passwd
soffice.bin /etc/passwd
soffice.bin /etc/passwd
soffice.bin /etc/passwd
soffice.bin /etc/passwd
soffice.bin /etc/passwd
soffice.bin /etc/passwd
soffice.bin /etc/passwd
soffice.bin /usr/lib/libreoffice/share/uno_packages/cache/stamp.sys
soffice.bin /etc/passwd
soffice.bin /etc/passwd
soffice.bin /etc/passwd
soffice.bin /etc/passwd
soffice.bin /etc/passwd
soffice.bin /etc/passwd
soffice.bin /etc/passwd
soffice.bin /etc/passwd
soffice.bin /etc/passwd
soffice.bin /etc/passwd
soffice.bin /config/.config/libreoffice/4/user/extensions/shared/registry/com.sun.star.comp.deployment.configuration.PackageRegistryBackend
soffice.bin /config/.config/libreoffice/4/user/extensions/shared/registry/com.sun.star.comp.deployment.configuration.PackageRegistryBackend/backenddb.xml
soffice.bin /etc/passwd
soffice.bin /config/.config/libreoffice/4/user/extensions/shared/registry/com.sun.star.comp.deployment.configuration.PackageRegistryBackend
soffice.bin /etc/passwd
soffice.bin /etc/passwd
soffice.bin /etc/passwd
soffice.bin /etc/passwd
soffice.bin /etc/passwd
soffice.bin /etc/passwd
soffice.bin /etc/passwd
soffice.bin /etc/passwd
soffice.bin /config/.config/libreoffice/4/user/extensions/shared/registry/com.sun.star.comp.deployment.help.PackageRegistryBackend
soffice.bin /config/.config/libreoffice/4/user/extensions/shared/registry/com.sun.star.comp.deployment.help.PackageRegistryBackend/backenddb.xml
soffice.bin /etc/passwd
soffice.bin /config/.config/libreoffice/4/user/extensions/shared/registry/com.sun.star.comp.deployment.help.PackageRegistryBackend
soffice.bin /etc/passwd
soffice.bin /etc/passwd
soffice.bin /etc/passwd
soffice.bin /etc/passwd
soffice.bin /etc/passwd
soffice.bin /etc/passwd
soffice.bin /etc/passwd
soffice.bin /etc/passwd
soffice.bin /etc/passwd
soffice.bin /config/.config/libreoffice/4/user/extensions/shared/extensions.pmap
soffice.bin /etc/passwd
soffice.bin /etc/passwd
soffice.bin /etc/passwd
soffice.bin /etc/passwd
soffice.bin /etc/passwd
soffice.bin /etc/passwd
soffice.bin /etc/passwd
soffice.bin /etc/passwd
soffice.bin /etc/passwd
soffice.bin /etc/passwd
soffice.bin /config/.config/libreoffice/4/user/extensions/bundled/registry/com.sun.star.comp.deployment.configuration.PackageRegistryBackend
soffice.bin /config/.config/libreoffice/4/user/extensions/bundled/registry/com.sun.star.comp.deployment.configuration.PackageRegistryBackend/backenddb.xml
soffice.bin /etc/passwd
soffice.bin /config/.config/libreoffice/4/user/extensions/bundled/registry/com.sun.star.comp.deployment.configuration.PackageRegistryBackend
soffice.bin /etc/passwd
soffice.bin /etc/passwd
soffice.bin /etc/passwd
soffice.bin /etc/passwd
soffice.bin /etc/passwd
soffice.bin /etc/passwd
soffice.bin /etc/passwd
soffice.bin /etc/passwd
soffice.bin /config/.config/libreoffice/4/user/extensions/bundled/registry/com.sun.star.comp.deployment.help.PackageRegistryBackend
soffice.bin /config/.config/libreoffice/4/user/extensions/bundled/registry/com.sun.star.comp.deployment.help.PackageRegistryBackend/backenddb.xml
soffice.bin /etc/passwd
soffice.bin /config/.config/libreoffice/4/user/extensions/bundled/registry/com.sun.star.comp.deployment.help.PackageRegistryBackend
soffice.bin /etc/passwd
soffice.bin /etc/passwd
soffice.bin /etc/passwd
soffice.bin /etc/passwd
soffice.bin /etc/passwd
soffice.bin /etc/passwd
soffice.bin /etc/passwd
soffice.bin /etc/passwd
soffice.bin /etc/passwd
soffice.bin /config/.config/libreoffice/4/user/extensions/bundled/extensions.pmap
soffice.bin /usr/lib/libreoffice/share/extensions
soffice.bin /etc/passwd
soffice.bin /etc/passwd
soffice.bin /etc/passwd
soffice.bin /etc/passwd
soffice.bin /etc/passwd
soffice.bin /etc/passwd
soffice.bin /etc/passwd
soffice.bin /etc/passwd
soffice.bin /etc/passwd
soffice.bin /etc/passwd
soffice.bin /config/.config/libreoffice/4/user/extensions/tmp/registry/com.sun.star.comp.deployment.configuration.PackageRegistryBackend
soffice.bin /config/.config/libreoffice/4/user/extensions/tmp/registry/com.sun.star.comp.deployment.configuration.PackageRegistryBackend/backenddb.xml
soffice.bin /etc/passwd
soffice.bin /config/.config/libreoffice/4/user/extensions/tmp/registry/com.sun.star.comp.deployment.configuration.PackageRegistryBackend
soffice.bin /etc/passwd
soffice.bin /etc/passwd
soffice.bin /etc/passwd
soffice.bin /etc/passwd
soffice.bin /etc/passwd
soffice.bin /etc/passwd
soffice.bin /etc/passwd
soffice.bin /etc/passwd
soffice.bin /config/.config/libreoffice/4/user/extensions/tmp/registry/com.sun.star.comp.deployment.help.PackageRegistryBackend
soffice.bin /config/.config/libreoffice/4/user/extensions/tmp/registry/com.sun.star.comp.deployment.help.PackageRegistryBackend/backenddb.xml
soffice.bin /etc/passwd
soffice.bin /config/.config/libreoffice/4/user/extensions/tmp/registry/com.sun.star.comp.deployment.help.PackageRegistryBackend
soffice.bin /etc/passwd
soffice.bin /etc/passwd
soffice.bin /etc/passwd
soffice.bin /etc/passwd
soffice.bin /etc/passwd
soffice.bin /etc/passwd
soffice.bin /etc/passwd
soffice.bin /etc/passwd
soffice.bin /etc/passwd
soffice.bin /etc/passwd
soffice.bin /config/.config/libreoffice/4/user/extensions/tmp/extensions.pmap
soffice.bin /config/.config/libreoffice/4/user/extensions/tmp/extensions
soffice.bin /etc/passwd
soffice.bin /config/.config/libreoffice/4/user/extensions/bundled
soffice.bin /config/.config/libreoffice/4/user/extensions/bundled/lastsynchronized
soffice.bin /etc/passwd
soffice.bin /config/.config/libreoffice/4/user/extensions/shared
soffice.bin /config/.config/libreoffice/4/user/extensions/shared/lastsynchronized
soffice.bin /etc/passwd
soffice.bin /etc/fonts/fonts.conf
soffice.bin /etc/fonts/conf.d
soffice.bin /usr/share/fontconfig/conf.avail/10-hinting-slight.conf
soffice.bin /usr/share/fontconfig/conf.avail/10-scale-bitmap-fonts.conf
soffice.bin /usr/share/fontconfig/conf.avail/10-sub-pixel-rgb.conf
soffice.bin /usr/share/fontconfig/conf.avail/10-yes-antialias.conf
soffice.bin /usr/share/fontconfig/conf.avail/11-lcdfilter-default.conf
soffice.bin /usr/share/fontconfig/conf.avail/20-unhint-small-vera.conf
soffice.bin /usr/share/fontconfig/conf.avail/30-metric-aliases.conf
soffice.bin /usr/share/fontconfig/conf.avail/30-opensymbol.conf
soffice.bin /usr/share/fontconfig/conf.avail/40-nonlatin.conf
soffice.bin /usr/share/fontconfig/conf.avail/45-generic.conf
soffice.bin /usr/share/fontconfig/conf.avail/45-latin.conf
soffice.bin /usr/share/fontconfig/conf.avail/48-spacing.conf
soffice.bin /usr/share/fontconfig/conf.avail/49-sansserif.conf
soffice.bin /usr/share/fontconfig/conf.avail/50-user.conf
soffice.bin /usr/share/fontconfig/conf.avail/51-local.conf
soffice.bin /etc/fonts/conf.avail/56-kubuntu-noto.conf
soffice.bin /usr/share/fontconfig/conf.avail/60-generic.conf
soffice.bin /usr/share/fontconfig/conf.avail/60-latin.conf
soffice.bin /usr/share/fontconfig/conf.avail/urw-bookman.conf
soffice.bin /usr/share/fontconfig/conf.avail/urw-c059.conf
soffice.bin /usr/share/fontconfig/conf.avail/urw-d050000l.conf
soffice.bin /usr/share/fontconfig/conf.avail/urw-fallback-backwards.conf
soffice.bin /usr/share/fontconfig/conf.avail/urw-fallback-generics.conf
soffice.bin /usr/share/fontconfig/conf.avail/urw-gothic.conf
soffice.bin /usr/share/fontconfig/conf.avail/urw-nimbus-mono-ps.conf
soffice.bin /usr/share/fontconfig/conf.avail/urw-nimbus-roman.conf
soffice.bin /usr/share/fontconfig/conf.avail/urw-nimbus-sans.conf
soffice.bin /usr/share/fontconfig/conf.avail/urw-p052.conf
soffice.bin /usr/share/fontconfig/conf.avail/urw-standard-symbols-ps.conf
soffice.bin /usr/share/fontconfig/conf.avail/urw-z003.conf
soffice.bin /usr/share/fontconfig/conf.avail/65-fonts-persian.conf
soffice.bin /usr/share/fontconfig/conf.avail/65-nonlatin.conf
soffice.bin /usr/share/fontconfig/conf.avail/69-unifont.conf
soffice.bin /usr/share/fontconfig/conf.avail/70-fonts-noto-cjk.conf
soffice.bin /usr/share/fontconfig/conf.avail/70-no-bitmaps-except-emoji.conf
soffice.bin /usr/share/fontconfig/conf.avail/71-ubuntulegacy.conf
soffice.bin /usr/share/fontconfig/conf.avail/80-delicious.conf
soffice.bin /usr/share/fontconfig/conf.avail/90-synthetic.conf
soffice.bin /usr/share/fontconfig/conf.avail
soffice.bin /usr/share/fontconfig/conf.avail/05-reset-dirs-sample.conf
soffice.bin /usr/share/fontconfig/conf.avail/09-autohint-if-no-hinting.conf
soffice.bin /usr/share/fontconfig/conf.avail/10-autohint.conf
soffice.bin /usr/share/fontconfig/conf.avail/10-hinting-full.conf
soffice.bin /usr/share/fontconfig/conf.avail/10-hinting-medium.conf
soffice.bin /usr/share/fontconfig/conf.avail/10-hinting-none.conf
soffice.bin /usr/share/fontconfig/conf.avail/10-no-antialias.conf
soffice.bin /usr/share/fontconfig/conf.avail/10-sub-pixel-bgr.conf
soffice.bin /usr/share/fontconfig/conf.avail/10-sub-pixel-none.conf
soffice.bin /usr/share/fontconfig/conf.avail/10-sub-pixel-vbgr.conf
soffice.bin /usr/share/fontconfig/conf.avail/10-sub-pixel-vrgb.conf
soffice.bin /usr/share/fontconfig/conf.avail/10-unhinted.conf
soffice.bin /usr/share/fontconfig/conf.avail/11-lcdfilter-legacy.conf
soffice.bin /usr/share/fontconfig/conf.avail/11-lcdfilter-light.conf
soffice.bin /usr/share/fontconfig/conf.avail/11-lcdfilter-none.conf
soffice.bin /usr/share/fontconfig/conf.avail/25-unhint-nonlatin.conf
soffice.bin /usr/share/fontconfig/conf.avail/35-lang-normalize.conf
soffice.bin /usr/share/fontconfig/conf.avail/53-monospace-lcd-filter.conf
soffice.bin /usr/share/fontconfig/conf.avail/65-khmer.conf
soffice.bin /usr/share/fontconfig/conf.avail/70-force-bitmaps.conf
soffice.bin /usr/share/fontconfig/conf.avail/70-no-bitmaps-and-emoji.conf
soffice.bin /usr/share/fontconfig/conf.avail/70-no-bitmaps.conf
soffice.bin /usr/share/fontconfig/conf.avail/70-yes-bitmaps.conf
soffice.bin /usr/local/share/fonts
soffice.bin /var/cache/fontconfig//4c599c202bc5c08e2d34565a40eac3b2-le64.cache-9
soffice.bin /config/.cache/fontconfig//4c599c202bc5c08e2d34565a40eac3b2-le64.cache-9
soffice.bin /usr/local/share/fonts/.uuid
soffice.bin /config/.fontconfig//4c599c202bc5c08e2d34565a40eac3b2-le64.cache-9
soffice.bin /usr/local/share/fonts/.uuid
soffice.bin /usr/share/fonts
soffice.bin /var/cache/fontconfig//3830d5c3ddfd5cd38a049b759396e72e-le64.cache-9
soffice.bin /config/.cache/fontconfig//3830d5c3ddfd5cd38a049b759396e72e-le64.cache-9
soffice.bin /usr/share/fonts/.uuid
soffice.bin /config/.fontconfig//3830d5c3ddfd5cd38a049b759396e72e-le64.cache-9
soffice.bin /usr/share/fonts/.uuid
soffice.bin /usr/share/fonts/X11
soffice.bin /var/cache/fontconfig//c855463f699352c367813e37f3f70ea7-le64.cache-9
soffice.bin /config/.cache/fontconfig//c855463f699352c367813e37f3f70ea7-le64.cache-9
soffice.bin /usr/share/fonts/X11/.uuid
soffice.bin /config/.fontconfig//c855463f699352c367813e37f3f70ea7-le64.cache-9
soffice.bin /usr/share/fonts/X11/.uuid
soffice.bin /usr/share/fonts/cMap
soffice.bin /var/cache/fontconfig//32b6488e5b8292a2e95c79d947e009e8-le64.cache-9
soffice.bin /config/.cache/fontconfig//32b6488e5b8292a2e95c79d947e009e8-le64.cache-9
soffice.bin /usr/share/fonts/cMap/.uuid
soffice.bin /config/.fontconfig//32b6488e5b8292a2e95c79d947e009e8-le64.cache-9
soffice.bin /usr/share/fonts/cMap/.uuid
soffice.bin /usr/share/fonts/cmap
soffice.bin /var/cache/fontconfig//57e423e26b20ab21d0f2f29c145174c3-le64.cache-9
soffice.bin /config/.cache/fontconfig//57e423e26b20ab21d0f2f29c145174c3-le64.cache-9
soffice.bin /usr/share/fonts/cmap/.uuid
soffice.bin /config/.fontconfig//57e423e26b20ab21d0f2f29c145174c3-le64.cache-9
soffice.bin /usr/share/fonts/cmap/.uuid
soffice.bin /usr/share/fonts/opentype
soffice.bin /var/cache/fontconfig//573ec803664ed168555e0e8b6d0f0c7f-le64.cache-9
soffice.bin /config/.cache/fontconfig//573ec803664ed168555e0e8b6d0f0c7f-le64.cache-9
soffice.bin /usr/share/fonts/opentype/.uuid
soffice.bin /config/.fontconfig//573ec803664ed168555e0e8b6d0f0c7f-le64.cache-9
soffice.bin /usr/share/fonts/opentype/.uuid
soffice.bin /usr/share/fonts/truetype
soffice.bin /var/cache/fontconfig//7ef2298fde41cc6eeb7af42e48b7d293-le64.cache-9
soffice.bin /config/.cache/fontconfig//7ef2298fde41cc6eeb7af42e48b7d293-le64.cache-9
soffice.bin /usr/share/fonts/truetype/.uuid
soffice.bin /config/.fontconfig//7ef2298fde41cc6eeb7af42e48b7d293-le64.cache-9
soffice.bin /usr/share/fonts/truetype/.uuid
soffice.bin /usr/share/fonts/type1
soffice.bin /var/cache/fontconfig//d82eb4fd963d448e2fcb7d7b793b5df3-le64.cache-9
soffice.bin /config/.cache/fontconfig//d82eb4fd963d448e2fcb7d7b793b5df3-le64.cache-9
soffice.bin /usr/share/fonts/type1/.uuid
soffice.bin /config/.fontconfig//d82eb4fd963d448e2fcb7d7b793b5df3-le64.cache-9
soffice.bin /usr/share/fonts/type1/.uuid
soffice.bin /usr/share/fonts/X11/Type1
soffice.bin /var/cache/fontconfig//e13b20fdb08344e0e664864cc2ede53d-le64.cache-9
soffice.bin /config/.cache/fontconfig//e13b20fdb08344e0e664864cc2ede53d-le64.cache-9
soffice.bin /usr/share/fonts/X11/Type1/.uuid
soffice.bin /config/.fontconfig//e13b20fdb08344e0e664864cc2ede53d-le64.cache-9
soffice.bin /usr/share/fonts/X11/Type1/.uuid
soffice.bin /usr/share/fonts/X11/encodings
soffice.bin /var/cache/fontconfig//707971e003b4ae6c8121c3a920e507f5-le64.cache-9
soffice.bin /config/.cache/fontconfig//707971e003b4ae6c8121c3a920e507f5-le64.cache-9
soffice.bin /usr/share/fonts/X11/encodings/.uuid
soffice.bin /config/.fontconfig//707971e003b4ae6c8121c3a920e507f5-le64.cache-9
soffice.bin /usr/share/fonts/X11/encodings/.uuid
soffice.bin /usr/share/fonts/X11/misc
soffice.bin /var/cache/fontconfig//cabbd14511b9e8a55e92af97fb3a0461-le64.cache-9
soffice.bin /config/.cache/fontconfig//cabbd14511b9e8a55e92af97fb3a0461-le64.cache-9
soffice.bin /usr/share/fonts/X11/misc/.uuid
soffice.bin /config/.fontconfig//cabbd14511b9e8a55e92af97fb3a0461-le64.cache-9
soffice.bin /usr/share/fonts/X11/misc/.uuid
soffice.bin /usr/share/fonts/X11/util
soffice.bin /var/cache/fontconfig//fe547fea3a41b43a38975d292a2b19c7-le64.cache-9
soffice.bin /config/.cache/fontconfig//fe547fea3a41b43a38975d292a2b19c7-le64.cache-9
soffice.bin /usr/share/fonts/X11/util/.uuid
soffice.bin /config/.fontconfig//fe547fea3a41b43a38975d292a2b19c7-le64.cache-9
soffice.bin /usr/share/fonts/X11/util/.uuid
soffice.bin /usr/share/fonts/cmap/adobe-cns1
soffice.bin /var/cache/fontconfig//f1f2465696798768e9653f19e17ccdc8-le64.cache-9
soffice.bin /config/.cache/fontconfig//f1f2465696798768e9653f19e17ccdc8-le64.cache-9
soffice.bin /usr/share/fonts/cmap/adobe-cns1/.uuid
soffice.bin /config/.fontconfig//f1f2465696798768e9653f19e17ccdc8-le64.cache-9
soffice.bin /usr/share/fonts/cmap/adobe-cns1/.uuid
soffice.bin /usr/share/fonts/cmap/adobe-gb1
soffice.bin /var/cache/fontconfig//95530828ff6c81d309f8258d8d02a23e-le64.cache-9
soffice.bin /config/.cache/fontconfig//95530828ff6c81d309f8258d8d02a23e-le64.cache-9
soffice.bin /usr/share/fonts/cmap/adobe-gb1/.uuid
soffice.bin /config/.fontconfig//95530828ff6c81d309f8258d8d02a23e-le64.cache-9
soffice.bin /usr/share/fonts/cmap/adobe-gb1/.uuid
soffice.bin /usr/share/fonts/cmap/adobe-japan1
soffice.bin /var/cache/fontconfig//d3e5c4ee2ceb1fc347f91d4cefc53bc0-le64.cache-9
soffice.bin /config/.cache/fontconfig//d3e5c4ee2ceb1fc347f91d4cefc53bc0-le64.cache-9
soffice.bin /usr/share/fonts/cmap/adobe-japan1/.uuid
soffice.bin /config/.fontconfig//d3e5c4ee2ceb1fc347f91d4cefc53bc0-le64.cache-9
soffice.bin /usr/share/fonts/cmap/adobe-japan1/.uuid
soffice.bin /usr/share/fonts/cmap/adobe-japan2
soffice.bin /var/cache/fontconfig//e52a45a1c8c8fe895fc0fc8c4e6999b8-le64.cache-9
soffice.bin /config/.cache/fontconfig//e52a45a1c8c8fe895fc0fc8c4e6999b8-le64.cache-9
soffice.bin /usr/share/fonts/cmap/adobe-japan2/.uuid
soffice.bin /config/.fontconfig//e52a45a1c8c8fe895fc0fc8c4e6999b8-le64.cache-9
soffice.bin /usr/share/fonts/cmap/adobe-japan2/.uuid
soffice.bin /usr/share/fonts/cmap/adobe-korea1
soffice.bin /var/cache/fontconfig//188ac73a183f12857f63bb60a4a6d603-le64.cache-9
soffice.bin /config/.cache/fontconfig//188ac73a183f12857f63bb60a4a6d603-le64.cache-9
soffice.bin /usr/share/fonts/cmap/adobe-korea1/.uuid
soffice.bin /config/.fontconfig//188ac73a183f12857f63bb60a4a6d603-le64.cache-9
soffice.bin /usr/share/fonts/cmap/adobe-korea1/.uuid
soffice.bin /usr/share/fonts/opentype/noto
soffice.bin /var/cache/fontconfig//9b89f8e3dae116d678bbf48e5f21f69b-le64.cache-9
soffice.bin /config/.cache/fontconfig//9b89f8e3dae116d678bbf48e5f21f69b-le64.cache-9
soffice.bin /usr/share/fonts/opentype/noto/.uuid
soffice.bin /config/.fontconfig//9b89f8e3dae116d678bbf48e5f21f69b-le64.cache-9
soffice.bin /usr/share/fonts/opentype/noto/.uuid
soffice.bin /usr/share/fonts/opentype/urw-base35
soffice.bin /var/cache/fontconfig//6cc790b63b123a6a96ee260fcdad32a9-le64.cache-9
soffice.bin /config/.cache/fontconfig//6cc790b63b123a6a96ee260fcdad32a9-le64.cache-9
soffice.bin /usr/share/fonts/opentype/urw-base35/.uuid
soffice.bin /config/.fontconfig//6cc790b63b123a6a96ee260fcdad32a9-le64.cache-9
soffice.bin /usr/share/fonts/opentype/urw-base35/.uuid
soffice.bin /usr/share/fonts/truetype/dm-mono
soffice.bin /var/cache/fontconfig//c7ddd67d65d940f1c07452067469d45b-le64.cache-9
soffice.bin /config/.cache/fontconfig//c7ddd67d65d940f1c07452067469d45b-le64.cache-9
soffice.bin /usr/share/fonts/truetype/dm-mono/.uuid
soffice.bin /config/.fontconfig//c7ddd67d65d940f1c07452067469d45b-le64.cache-9
soffice.bin /usr/share/fonts/truetype/dm-mono/.uuid
soffice.bin /usr/share/fonts/truetype/liberation
soffice.bin /var/cache/fontconfig//3047814df9a2f067bd2d96a2b9c36e5a-le64.cache-9
soffice.bin /config/.cache/fontconfig//3047814df9a2f067bd2d96a2b9c36e5a-le64.cache-9
soffice.bin /usr/share/fonts/truetype/liberation/.uuid
soffice.bin /config/.fontconfig//3047814df9a2f067bd2d96a2b9c36e5a-le64.cache-9
soffice.bin /usr/share/fonts/truetype/liberation/.uuid
soffice.bin /usr/share/fonts/truetype/libreoffice
soffice.bin /var/cache/fontconfig//da43223dd54fb3bb4243ae19d4b583b2-le64.cache-9
soffice.bin /config/.cache/fontconfig//da43223dd54fb3bb4243ae19d4b583b2-le64.cache-9
soffice.bin /usr/share/fonts/truetype/libreoffice/.uuid
soffice.bin /config/.fontconfig//da43223dd54fb3bb4243ae19d4b583b2-le64.cache-9
soffice.bin /usr/share/fonts/truetype/libreoffice/.uuid
soffice.bin /usr/share/fonts/truetype/noto
soffice.bin /var/cache/fontconfig//0bd3dc0958fa2205aaaa8ebb13e2872b-le64.cache-9
soffice.bin /config/.cache/fontconfig//0bd3dc0958fa2205aaaa8ebb13e2872b-le64.cache-9
soffice.bin /usr/share/fonts/truetype/noto/.uuid
soffice.bin /config/.fontconfig//0bd3dc0958fa2205aaaa8ebb13e2872b-le64.cache-9
soffice.bin /usr/share/fonts/truetype/noto/.uuid
soffice.bin /usr/share/fonts/truetype/space-grotesk
soffice.bin /var/cache/fontconfig//60495f9738a6f38c2f3f93e3ff28e478-le64.cache-9
soffice.bin /config/.cache/fontconfig//60495f9738a6f38c2f3f93e3ff28e478-le64.cache-9
soffice.bin /usr/share/fonts/truetype/space-grotesk/.uuid
soffice.bin /config/.fontconfig//60495f9738a6f38c2f3f93e3ff28e478-le64.cache-9
soffice.bin /usr/share/fonts/truetype/space-grotesk/.uuid
soffice.bin /usr/share/fonts/truetype/ubuntu
soffice.bin /var/cache/fontconfig//2300eef321c393bfd76478a5c0e95b23-le64.cache-9
soffice.bin /config/.cache/fontconfig//2300eef321c393bfd76478a5c0e95b23-le64.cache-9
soffice.bin /usr/share/fonts/truetype/ubuntu/.uuid
soffice.bin /config/.fontconfig//2300eef321c393bfd76478a5c0e95b23-le64.cache-9
soffice.bin /usr/share/fonts/truetype/ubuntu/.uuid
soffice.bin /usr/share/fonts/type1/urw-base35
soffice.bin /var/cache/fontconfig//a4e60e8d1e10d2fdff3fe3037a1845fb-le64.cache-9
soffice.bin /config/.cache/fontconfig//a4e60e8d1e10d2fdff3fe3037a1845fb-le64.cache-9
soffice.bin /usr/share/fonts/type1/urw-base35/.uuid
soffice.bin /config/.fontconfig//a4e60e8d1e10d2fdff3fe3037a1845fb-le64.cache-9
soffice.bin /usr/share/fonts/type1/urw-base35/.uuid
soffice.bin /usr/share/fonts/X11/encodings/large
soffice.bin /var/cache/fontconfig//6333f38776742d18e214673cd2c24e34-le64.cache-9
soffice.bin /config/.cache/fontconfig//6333f38776742d18e214673cd2c24e34-le64.cache-9
soffice.bin /usr/share/fonts/X11/encodings/large/.uuid
soffice.bin /config/.fontconfig//6333f38776742d18e214673cd2c24e34-le64.cache-9
soffice.bin /usr/share/fonts/X11/encodings/large/.uuid
soffice.bin /usr/share/fonts/truetype/noto/NotoSans-Regular.ttf
soffice.bin /etc/passwd
soffice.bin /usr/lib/libreoffice/program/resource/common/fonts
soffice.bin /var/cache/fontconfig//807752c9e168308eb5108dacded5237a-le64.cache-9
soffice.bin /usr/lib/libreoffice/program/resource/common/fonts/.uuid
soffice.bin /config/.cache/fontconfig//807752c9e168308eb5108dacded5237a-le64.cache-9
soffice.bin /usr/lib/libreoffice/program/resource/common/fonts/.uuid
soffice.bin /config/.fontconfig//807752c9e168308eb5108dacded5237a-le64.cache-9
soffice.bin /usr/lib/libreoffice/program/resource/common/fonts/.uuid
soffice.bin /usr/lib/libreoffice/program/resource/common/fonts
soffice.bin /var/cache/fontconfig//807752c9e168308eb5108dacded5237a-le64.cache-9
soffice.bin /config/.cache/fontconfig//807752c9e168308eb5108dacded5237a-le64.cache-9
soffice.bin /config/.fontconfig//807752c9e168308eb5108dacded5237a-le64.cache-9
soffice.bin /usr/lib/libreoffice/program/resource/common/fonts
soffice.bin /config/.cache/fontconfig/CACHEDIR.TAG.TMP-d7j56X
soffice.bin /config/.cache/fontconfig/CACHEDIR.TAG.NEW
soffice.bin /config/.cache/fontconfig//807752c9e168308eb5108dacded5237a-le64.cache-9.TMP-Uavskv
soffice.bin /config/.cache/fontconfig//807752c9e168308eb5108dacded5237a-le64.cache-9.NEW
soffice.bin /usr/lib/libreoffice/program/resource/common/fonts/fc_local.conf
soffice.bin /usr/lib/libreoffice/share/fonts/truetype
soffice.bin /var/cache/fontconfig//158c65c810c0d352a587f5be66058e87-le64.cache-9
soffice.bin /usr/lib/libreoffice/share/fonts/truetype/.uuid
soffice.bin /config/.cache/fontconfig//158c65c810c0d352a587f5be66058e87-le64.cache-9
soffice.bin /usr/lib/libreoffice/share/fonts/truetype/.uuid
soffice.bin /config/.fontconfig//158c65c810c0d352a587f5be66058e87-le64.cache-9
soffice.bin /usr/lib/libreoffice/share/fonts/truetype/.uuid
soffice.bin /usr/lib/libreoffice/share/fonts/truetype
soffice.bin /var/cache/fontconfig//158c65c810c0d352a587f5be66058e87-le64.cache-9
soffice.bin /config/.cache/fontconfig//158c65c810c0d352a587f5be66058e87-le64.cache-9
soffice.bin /config/.fontconfig//158c65c810c0d352a587f5be66058e87-le64.cache-9
soffice.bin /usr/lib/libreoffice/share/fonts/truetype
soffice.bin /config/.cache/fontconfig//158c65c810c0d352a587f5be66058e87-le64.cache-9.TMP-J3JcTC
soffice.bin /config/.cache/fontconfig//158c65c810c0d352a587f5be66058e87-le64.cache-9.NEW
soffice.bin /usr/lib/libreoffice/share/fonts/truetype/fc_local.conf
soffice.bin /config/.config/libreoffice/4/user/fonts/fc_local.conf
selkies /proc/stat
selkies /proc/meminfo
soffice.bin /usr/share/fonts/truetype/noto/NotoSans-Regular.ttf
soffice.bin /usr/share/fonts/truetype/noto/NotoSans-Regular.ttf
soffice.bin /tmp/lu11631aeio.tmp
configmgrWriter /config/.config/libreoffice/4/user/9xPEal
soffice.bin /etc/passwd
soffice.bin /sys/devices/system/cpu/online
soffice.bin /etc/passwd
soffice.bin /config/.config/libreoffice/4/user/temp/embeddedfonts/fromdocs
soffice.bin /config/.config/libreoffice/4/user/temp/embeddedfonts/fromsystem
soffice.bin /usr/lib/libreoffice/program/glibc-hwcaps/x86-64-v3/libuno_sal.so.3
soffice.bin /usr/lib/libreoffice/program/glibc-hwcaps/x86-64-v2/libuno_sal.so.3
soffice.bin /usr/lib/libreoffice/program/libuno_sal.so.3
soffice.bin /usr/lib/libreoffice/program/libmergedlo.so
soffice.bin /usr/lib/libreoffice/program/libc.so.6
soffice.bin /etc/ld.so.cache
soffice.bin /lib/x86_64-linux-gnu/libc.so.6
soffice.bin /usr/lib/libreoffice/program/libz.so.1
soffice.bin /lib/x86_64-linux-gnu/libz.so.1
soffice.bin /usr/lib/libreoffice/program/libstdc++.so.6
soffice.bin /lib/x86_64-linux-gnu/libstdc++.so.6
soffice.bin /usr/lib/libreoffice/program/libm.so.6
soffice.bin /lib/x86_64-linux-gnu/libm.so.6
soffice.bin /usr/lib/libreoffice/program/libgcc_s.so.1
soffice.bin /lib/x86_64-linux-gnu/libgcc_s.so.1
soffice.bin /usr/lib/libreoffice/program/libepoxy.so.0
soffice.bin /lib/x86_64-linux-gnu/libepoxy.so.0
soffice.bin /usr/lib/libreoffice/program/libicuuc.so.74
soffice.bin /lib/x86_64-linux-gnu/libicuuc.so.74
soffice.bin /usr/lib/libreoffice/program/libicui18n.so.74
soffice.bin /lib/x86_64-linux-gnu/libicui18n.so.74
soffice.bin /usr/lib/libreoffice/program/libgpgmepp.so.6
soffice.bin /lib/x86_64-linux-gnu/libgpgmepp.so.6
soffice.bin /usr/lib/libreoffice/program/libnss3.so
soffice.bin /lib/x86_64-linux-gnu/libnss3.so
soffice.bin /usr/lib/libreoffice/program/libsmime3.so
soffice.bin /lib/x86_64-linux-gnu/libsmime3.so
soffice.bin /usr/lib/libreoffice/program/libplc4.so
soffice.bin /lib/x86_64-linux-gnu/libplc4.so
soffice.bin /usr/lib/libreoffice/program/libnspr4.so
soffice.bin /lib/x86_64-linux-gnu/libnspr4.so
soffice.bin /usr/lib/libreoffice/program/libdconf.so.1
soffice.bin /lib/x86_64-linux-gnu/libdconf.so.1
soffice.bin /usr/lib/libreoffice/program/libgio-2.0.so.0
soffice.bin /lib/x86_64-linux-gnu/libgio-2.0.so.0
soffice.bin /usr/lib/libreoffice/program/libgobject-2.0.so.0
soffice.bin /lib/x86_64-linux-gnu/libgobject-2.0.so.0
soffice.bin /usr/lib/libreoffice/program/libglib-2.0.so.0
soffice.bin /lib/x86_64-linux-gnu/libglib-2.0.so.0
soffice.bin /usr/lib/libreoffice/program/libdbus-1.so.3
soffice.bin /lib/x86_64-linux-gnu/libdbus-1.so.3
soffice.bin /usr/lib/libreoffice/program/libcurl.so.4
soffice.bin /lib/x86_64-linux-gnu/libcurl.so.4
soffice.bin /usr/lib/libreoffice/program/libxml2.so.2
soffice.bin /lib/x86_64-linux-gnu/libxml2.so.2
soffice.bin /usr/lib/libreoffice/program/libcairo.so.2
soffice.bin /lib/x86_64-linux-gnu/libcairo.so.2
soffice.bin /usr/lib/libreoffice/program/libxslt.so.1
soffice.bin /lib/x86_64-linux-gnu/libxslt.so.1
soffice.bin /usr/lib/libreoffice/program/libexslt.so.0
soffice.bin /lib/x86_64-linux-gnu/libexslt.so.0
soffice.bin /usr/lib/libreoffice/program/libexpat.so.1
soffice.bin /lib/x86_64-linux-gnu/libexpat.so.1
soffice.bin /usr/lib/libreoffice/program/libclucene-core.so.1
soffice.bin /lib/x86_64-linux-gnu/libclucene-core.so.1
soffice.bin /usr/lib/libreoffice/program/libclucene-contribs-lib.so.1
soffice.bin /lib/x86_64-linux-gnu/libclucene-contribs-lib.so.1
soffice.bin /usr/lib/libreoffice/program/libexttextcat-2.0.so.0
soffice.bin /lib/x86_64-linux-gnu/libexttextcat-2.0.so.0
soffice.bin /usr/lib/libreoffice/program/libhunspell-1.7.so.0
soffice.bin /lib/x86_64-linux-gnu/libhunspell-1.7.so.0
soffice.bin /usr/lib/libreoffice/program/libhyphen.so.0
soffice.bin /lib/x86_64-linux-gnu/libhyphen.so.0
soffice.bin /usr/lib/libreoffice/program/libmythes-1.2.so.0
soffice.bin /lib/x86_64-linux-gnu/libmythes-1.2.so.0
soffice.bin /usr/lib/libreoffice/program/libargon2.so.1
soffice.bin /lib/x86_64-linux-gnu/libargon2.so.1
soffice.bin /usr/lib/libreoffice/program/libboost_locale.so.1.83.0
soffice.bin /lib/x86_64-linux-gnu/libboost_locale.so.1.83.0
soffice.bin /usr/lib/libreoffice/program/librdf.so.0
soffice.bin /lib/x86_64-linux-gnu/librdf.so.0
soffice.bin /usr/lib/libreoffice/program/libraptor2.so.0
soffice.bin /lib/x86_64-linux-gnu/libraptor2.so.0
soffice.bin /usr/lib/libreoffice/program/libgraphite2.so.3
soffice.bin /lib/x86_64-linux-gnu/libgraphite2.so.3
soffice.bin /usr/lib/libreoffice/program/libharfbuzz-icu.so.0
soffice.bin /lib/x86_64-linux-gnu/libharfbuzz-icu.so.0
soffice.bin /usr/lib/libreoffice/program/libharfbuzz.so.0
soffice.bin /lib/x86_64-linux-gnu/libharfbuzz.so.0
soffice.bin /usr/lib/libreoffice/program/liblcms2.so.2
soffice.bin /lib/x86_64-linux-gnu/liblcms2.so.2
soffice.bin /usr/lib/libreoffice/program/libeot.so.0
soffice.bin /lib/x86_64-linux-gnu/libeot.so.0
soffice.bin /usr/lib/libreoffice/program/libjpeg.so.8
soffice.bin /lib/x86_64-linux-gnu/libjpeg.so.8
soffice.bin /usr/lib/libreoffice/program/libpng16.so.16
soffice.bin /lib/x86_64-linux-gnu/libpng16.so.16
soffice.bin /usr/lib/libreoffice/program/libtiff.so.6
soffice.bin /lib/x86_64-linux-gnu/libtiff.so.6
soffice.bin /usr/lib/libreoffice/program/libwebp.so.7
soffice.bin /lib/x86_64-linux-gnu/libwebp.so.7
soffice.bin /usr/lib/libreoffice/program/libX11.so.6
soffice.bin /lib/x86_64-linux-gnu/libX11.so.6
soffice.bin /usr/lib/libreoffice/program/libXext.so.6
soffice.bin /lib/x86_64-linux-gnu/libXext.so.6
soffice.bin /usr/lib/libreoffice/program/libcups.so.2
soffice.bin /lib/x86_64-linux-gnu/libcups.so.2
soffice.bin /usr/lib/libreoffice/program/libfontconfig.so.1
soffice.bin /lib/x86_64-linux-gnu/libfontconfig.so.1
soffice.bin /usr/lib/libreoffice/program/libfreetype.so.6
soffice.bin /lib/x86_64-linux-gnu/libfreetype.so.6
soffice.bin /usr/lib/libreoffice/program/libuno_cppu.so.3
soffice.bin /usr/lib/libreoffice/program/libuno_cppuhelpergcc3.so.3
soffice.bin /usr/lib/libreoffice/program/libi18nlangtag.so
soffice.bin /usr/lib/libreoffice/program/libjvmaccesslo.so
soffice.bin /usr/lib/libreoffice/program/libjvmfwklo.so
soffice.bin /usr/lib/libreoffice/program/libuno_salhelpergcc3.so.3
soffice.bin /usr/lib/libreoffice/program/libxmlreaderlo.so
soffice.bin /usr/lib/libreoffice/program/libclewlo.so
soffice.bin /usr/lib/libreoffice/program/libskialo.so
soffice.bin /usr/lib/libreoffice/program/libpdfiumlo.so
soffice.bin /lib/x86_64-linux-gnu/libicudata.so.74
soffice.bin /lib/x86_64-linux-gnu/libgpgme.so.11
soffice.bin /lib/x86_64-linux-gnu/libnssutil3.so
soffice.bin /lib/x86_64-linux-gnu/libplds4.so
soffice.bin /lib/x86_64-linux-gnu/libgmodule-2.0.so.0
soffice.bin /lib/x86_64-linux-gnu/libmount.so.1
soffice.bin /lib/x86_64-linux-gnu/libselinux.so.1
soffice.bin /lib/x86_64-linux-gnu/libffi.so.8
soffice.bin /lib/x86_64-linux-gnu/libpcre2-8.so.0
soffice.bin /lib/x86_64-linux-gnu/libsystemd.so.0
soffice.bin /lib/x86_64-linux-gnu/libnghttp2.so.14
soffice.bin /lib/x86_64-linux-gnu/libidn2.so.0
soffice.bin /lib/x86_64-linux-gnu/librtmp.so.1
soffice.bin /lib/x86_64-linux-gnu/libssh.so.4
soffice.bin /lib/x86_64-linux-gnu/libpsl.so.5
soffice.bin /lib/x86_64-linux-gnu/libssl.so.3
soffice.bin /lib/x86_64-linux-gnu/libcrypto.so.3
soffice.bin /lib/x86_64-linux-gnu/libgssapi_krb5.so.2
soffice.bin /lib/x86_64-linux-gnu/libldap.so.2
soffice.bin /lib/x86_64-linux-gnu/liblber.so.2
soffice.bin /lib/x86_64-linux-gnu/libzstd.so.1
soffice.bin /lib/x86_64-linux-gnu/libbrotlidec.so.1
soffice.bin /lib/x86_64-linux-gnu/liblzma.so.5
soffice.bin /lib/x86_64-linux-gnu/libXrender.so.1
soffice.bin /lib/x86_64-linux-gnu/libxcb.so.1
soffice.bin /lib/x86_64-linux-gnu/libxcb-render.so.0
soffice.bin /lib/x86_64-linux-gnu/libxcb-shm.so.0
soffice.bin /lib/x86_64-linux-gnu/libpixman-1.so.0
soffice.bin /lib/x86_64-linux-gnu/libgcrypt.so.20
soffice.bin /lib/x86_64-linux-gnu/libclucene-shared.so.1
soffice.bin /lib/x86_64-linux-gnu/libboost_thread.so.1.83.0
soffice.bin /lib/x86_64-linux-gnu/librasqal.so.3
soffice.bin /lib/x86_64-linux-gnu/libltdl.so.7
soffice.bin /lib/x86_64-linux-gnu/libdb-5.3.so
soffice.bin /lib/x86_64-linux-gnu/libcurl-gnutls.so.4
soffice.bin /lib/x86_64-linux-gnu/libyajl.so.2
soffice.bin /lib/x86_64-linux-gnu/libLerc.so.4
soffice.bin /lib/x86_64-linux-gnu/libjbig.so.0
soffice.bin /lib/x86_64-linux-gnu/libdeflate.so.0
soffice.bin /lib/x86_64-linux-gnu/libsharpyuv.so.0
soffice.bin /lib/x86_64-linux-gnu/libavahi-common.so.3
soffice.bin /lib/x86_64-linux-gnu/libavahi-client.so.3
soffice.bin /lib/x86_64-linux-gnu/libgnutls.so.30
soffice.bin /lib/x86_64-linux-gnu/libbz2.so.1.0
soffice.bin /usr/lib/libreoffice/program/libreglo.so
soffice.bin /usr/lib/libreoffice/program/libunoidllo.so
soffice.bin /usr/lib/libreoffice/program/liblangtag.so.1
soffice.bin /lib/x86_64-linux-gnu/liblangtag.so.1
soffice.bin /usr/lib/libreoffice/program/libX11-xcb.so.1
soffice.bin /lib/x86_64-linux-gnu/libX11-xcb.so.1
soffice.bin /usr/lib/libreoffice/program/libopenjp2.so.7
soffice.bin /lib/x86_64-linux-gnu/libopenjp2.so.7
soffice.bin /usr/lib/libreoffice/program/libabsl_bad_optional_access.so.20220623
soffice.bin /lib/x86_64-linux-gnu/libabsl_bad_optional_access.so.20220623
soffice.bin /usr/lib/libreoffice/program/libabsl_bad_variant_access.so.20220623
soffice.bin /lib/x86_64-linux-gnu/libabsl_bad_variant_access.so.20220623
soffice.bin /lib/x86_64-linux-gnu/libassuan.so.0
soffice.bin /lib/x86_64-linux-gnu/libgpg-error.so.0
soffice.bin /lib/x86_64-linux-gnu/libblkid.so.1
soffice.bin /lib/x86_64-linux-gnu/libcap.so.2
soffice.bin /lib/x86_64-linux-gnu/liblz4.so.1
soffice.bin /lib/x86_64-linux-gnu/libunistring.so.5
soffice.bin /lib/x86_64-linux-gnu/libhogweed.so.6
soffice.bin /lib/x86_64-linux-gnu/libnettle.so.8
soffice.bin /lib/x86_64-linux-gnu/libgmp.so.10
soffice.bin /lib/x86_64-linux-gnu/libkrb5.so.3
soffice.bin /lib/x86_64-linux-gnu/libk5crypto.so.3
soffice.bin /lib/x86_64-linux-gnu/libcom_err.so.2
soffice.bin /lib/x86_64-linux-gnu/libkrb5support.so.0
soffice.bin /lib/x86_64-linux-gnu/libsasl2.so.2
soffice.bin /lib/x86_64-linux-gnu/libbrotlicommon.so.1
soffice.bin /lib/x86_64-linux-gnu/libXau.so.6
soffice.bin /lib/x86_64-linux-gnu/libXdmcp.so.6
soffice.bin /lib/x86_64-linux-gnu/libmhash.so.2
soffice.bin /lib/x86_64-linux-gnu/libuuid.so.1
soffice.bin /lib/x86_64-linux-gnu/libp11-kit.so.0
soffice.bin /lib/x86_64-linux-gnu/libtasn1.so.6
soffice.bin /usr/lib/libreoffice/program/libstorelo.so
soffice.bin /lib/x86_64-linux-gnu/libkeyutils.so.1
soffice.bin /lib/x86_64-linux-gnu/libresolv.so.2
soffice.bin /lib/x86_64-linux-gnu/libbsd.so.0
soffice.bin /lib/x86_64-linux-gnu/libmd.so.0
soffice.bin /etc/gnutls/config
soffice.bin /proc/filesystems
soffice.bin /usr/lib/locale/locale-archive
soffice.bin /usr/lib/libreoffice/program/sofficerc
soffice.bin /usr/lib/libreoffice/program/fundamentalrc
soffice.bin /usr/lib/libreoffice/program/bootstraprc
soffice.bin /etc/nsswitch.conf
soffice.bin /etc/passwd
soffice.bin /config/.config/libreoffice/4/user/temp/embeddedfonts/fromdocs
soffice.bin /config/.config/libreoffice/4/user/temp/embeddedfonts/fromsystem
soffice.bin /usr/lib/libreoffice/program/libvclplug_qt5lo.so
soffice.bin /usr/lib/libreoffice/program/libQt5Core.so.5
soffice.bin /etc/ld.so.cache
soffice.bin /lib/x86_64-linux-gnu/libQt5Core.so.5
soffice.bin /usr/lib/libreoffice/program/libQt5Gui.so.5
soffice.bin /lib/x86_64-linux-gnu/libQt5Gui.so.5
soffice.bin /usr/lib/libreoffice/program/libQt5Widgets.so.5
soffice.bin /lib/x86_64-linux-gnu/libQt5Widgets.so.5
soffice.bin /usr/lib/libreoffice/program/libQt5X11Extras.so.5
soffice.bin /lib/x86_64-linux-gnu/libQt5X11Extras.so.5
soffice.bin /lib/x86_64-linux-gnu/libdouble-conversion.so.3
soffice.bin /lib/x86_64-linux-gnu/libpcre2-16.so.0
soffice.bin /lib/x86_64-linux-gnu/libGL.so.1
soffice.bin /lib/x86_64-linux-gnu/libmd4c.so.0
soffice.bin /lib/x86_64-linux-gnu/libGLdispatch.so.0
soffice.bin /lib/x86_64-linux-gnu/libGLX.so.0
soffice.bin /usr/lib/x86_64-linux-gnu/qt5/plugins/platforms
soffice.bin /usr/lib/x86_64-linux-gnu/qt5/plugins/platforms/libqeglfs.so
soffice.bin /usr/lib/x86_64-linux-gnu/qt5/plugins/platforms/libqlinuxfb.so
soffice.bin /usr/lib/x86_64-linux-gnu/qt5/plugins/platforms/libqminimal.so
soffice.bin /usr/lib/x86_64-linux-gnu/qt5/plugins/platforms/libqminimalegl.so
soffice.bin /usr/lib/x86_64-linux-gnu/qt5/plugins/platforms/libqoffscreen.so
soffice.bin /usr/lib/x86_64-linux-gnu/qt5/plugins/platforms/libqvnc.so
soffice.bin /usr/lib/x86_64-linux-gnu/qt5/plugins/platforms/libqxcb.so
soffice.bin /usr/lib/x86_64-linux-gnu/qt5/plugins/platforms/libqxcb.so.avx2
soffice.bin /usr/lib/x86_64-linux-gnu/qt5/plugins/platforms/libqxcb.so
soffice.bin /etc/ld.so.cache
soffice.bin /lib/x86_64-linux-gnu/libQt5XcbQpa.so.5
soffice.bin /lib/x86_64-linux-gnu/libQt5DBus.so.5
soffice.bin /lib/x86_64-linux-gnu/libxcb-icccm.so.4
soffice.bin /lib/x86_64-linux-gnu/libxcb-image.so.0
soffice.bin /lib/x86_64-linux-gnu/libxcb-keysyms.so.1
soffice.bin /lib/x86_64-linux-gnu/libxcb-randr.so.0
soffice.bin /lib/x86_64-linux-gnu/libxcb-render-util.so.0
soffice.bin /lib/x86_64-linux-gnu/libxcb-shape.so.0
soffice.bin /lib/x86_64-linux-gnu/libxcb-sync.so.1
soffice.bin /lib/x86_64-linux-gnu/libxcb-xfixes.so.0
soffice.bin /lib/x86_64-linux-gnu/libxcb-xinerama.so.0
soffice.bin /lib/x86_64-linux-gnu/libxcb-xkb.so.1
soffice.bin /lib/x86_64-linux-gnu/libxcb-xinput.so.0
soffice.bin /lib/x86_64-linux-gnu/libSM.so.6
soffice.bin /lib/x86_64-linux-gnu/libICE.so.6
soffice.bin /lib/x86_64-linux-gnu/libxkbcommon-x11.so.0
soffice.bin /lib/x86_64-linux-gnu/libxkbcommon.so.0
soffice.bin /lib/x86_64-linux-gnu/libxcb-util.so.1
Xvfb /proc/1255/cmdline
soffice.bin /usr/share/qt5/qtlogging.ini
soffice.bin /usr/share/hwdata/pnp.ids
soffice.bin /etc/ld.so.cache
soffice.bin /lib/x86_64-linux-gnu/libXcursor.so.1
soffice.bin /lib/x86_64-linux-gnu/libXfixes.so.3
soffice.bin /usr/share/X11/locale/locale.alias
soffice.bin /usr/share/X11/locale/locale.alias
soffice.bin /usr/share/X11/locale/locale.dir
soffice.bin /usr/share/X11/locale/en_US.UTF-8/XLC_LOCALE
soffice.bin /usr/lib/x86_64-linux-gnu/qt5/plugins/platformthemes
soffice.bin /usr/lib/x86_64-linux-gnu/qt5/plugins/platformthemes/KDEPlasmaPlatformTheme.so
soffice.bin /usr/lib/x86_64-linux-gnu/qt5/plugins/platformthemes/KDEPlasmaPlatformTheme.so.avx2
soffice.bin /usr/lib/x86_64-linux-gnu/qt5/plugins/platformthemes/KDEPlasmaPlatformTheme.so
soffice.bin /etc/ld.so.cache
soffice.bin /lib/x86_64-linux-gnu/libKF5KIOFileWidgets.so.5
soffice.bin /lib/x86_64-linux-gnu/libKF5KIOWidgets.so.5
soffice.bin /lib/x86_64-linux-gnu/libKF5Notifications.so.5
soffice.bin /lib/x86_64-linux-gnu/libwayland-client.so.0
soffice.bin /lib/x86_64-linux-gnu/libQt5QuickControls2.so.5
soffice.bin /lib/x86_64-linux-gnu/libQt5Quick.so.5
soffice.bin /lib/x86_64-linux-gnu/libKF5KIOCore.so.5
soffice.bin /lib/x86_64-linux-gnu/libKF5JobWidgets.so.5
soffice.bin /lib/x86_64-linux-gnu/libKF5Completion.so.5
soffice.bin /lib/x86_64-linux-gnu/libKF5XmlGui.so.5
soffice.bin /lib/x86_64-linux-gnu/libKF5IconThemes.so.5
soffice.bin /lib/x86_64-linux-gnu/libKF5ConfigWidgets.so.5
soffice.bin /lib/x86_64-linux-gnu/libKF5ConfigGui.so.5
soffice.bin /lib/x86_64-linux-gnu/libKF5I18n.so.5
soffice.bin /lib/x86_64-linux-gnu/libKF5WidgetsAddons.so.5
soffice.bin /lib/x86_64-linux-gnu/libKF5ConfigCore.so.5
soffice.bin /lib/x86_64-linux-gnu/libKF5WindowSystem.so.5
soffice.bin /lib/x86_64-linux-gnu/libKF5CoreAddons.so.5
soffice.bin /lib/x86_64-linux-gnu/libQt5WaylandClient.so.5
soffice.bin /lib/x86_64-linux-gnu/libKF5Bookmarks.so.5
soffice.bin /lib/x86_64-linux-gnu/libKF5Solid.so.5
soffice.bin /lib/x86_64-linux-gnu/libKF5KIOGui.so.5
soffice.bin /lib/x86_64-linux-gnu/libKF5ItemViews.so.5
soffice.bin /lib/x86_64-linux-gnu/libQt5Network.so.5
soffice.bin /lib/x86_64-linux-gnu/libKF5GuiAddons.so.5
soffice.bin /lib/x86_64-linux-gnu/libQt5Xml.so.5
soffice.bin /lib/x86_64-linux-gnu/libKF5Service.so.5
soffice.bin /lib/x86_64-linux-gnu/libcanberra.so.0
soffice.bin /lib/x86_64-linux-gnu/libQt5TextToSpeech.so.5
soffice.bin /lib/x86_64-linux-gnu/libdbusmenu-qt5.so.2
soffice.bin /lib/x86_64-linux-gnu/libQt5Qml.so.5
soffice.bin /lib/x86_64-linux-gnu/libQt5QuickTemplates2.so.5
soffice.bin /lib/x86_64-linux-gnu/libQt5QmlModels.so.5
soffice.bin /lib/x86_64-linux-gnu/libKF5Crash.so.5
soffice.bin /lib/x86_64-linux-gnu/libKF5AuthCore.so.5
soffice.bin /lib/x86_64-linux-gnu/libacl.so.1
soffice.bin /lib/x86_64-linux-gnu/libKF5GlobalAccel.so.5
soffice.bin /lib/x86_64-linux-gnu/libQt5PrintSupport.so.5
soffice.bin /lib/x86_64-linux-gnu/libQt5Svg.so.5
soffice.bin /lib/x86_64-linux-gnu/libKF5Archive.so.5
soffice.bin /lib/x86_64-linux-gnu/libKF5Codecs.so.5
soffice.bin /lib/x86_64-linux-gnu/libudev.so.1
soffice.bin /lib/x86_64-linux-gnu/libwayland-cursor.so.0
soffice.bin /lib/x86_64-linux-gnu/libimobiledevice-1.0.so.6
soffice.bin /lib/x86_64-linux-gnu/libplist-2.0.so.4
soffice.bin /lib/x86_64-linux-gnu/libKF5DBusAddons.so.5
soffice.bin /lib/x86_64-linux-gnu/libvorbisfile.so.3
soffice.bin /lib/x86_64-linux-gnu/libtdb.so.1
soffice.bin /lib/x86_64-linux-gnu/libusbmuxd-2.0.so.6
soffice.bin /lib/x86_64-linux-gnu/libvorbis.so.0
soffice.bin /lib/x86_64-linux-gnu/libogg.so.0
soffice.bin /usr/share/locale/en/LC_MESSAGES/kcoreaddons5_qt.qm
soffice.bin /usr/share/locale/en/LC_MESSAGES/kcoreaddons5_qt.qm
xclip /etc/ld.so.cache
xclip /lib/x86_64-linux-gnu/libXmu.so.6
xclip /lib/x86_64-linux-gnu/libX11.so.6
xclip /lib/x86_64-linux-gnu/libc.so.6
xclip /lib/x86_64-linux-gnu/libXt.so.6
xclip /lib/x86_64-linux-gnu/libXext.so.6
xclip /lib/x86_64-linux-gnu/libxcb.so.1
xclip /lib/x86_64-linux-gnu/libSM.so.6
xclip /lib/x86_64-linux-gnu/libICE.so.6
xclip /lib/x86_64-linux-gnu/libXau.so.6
xclip /lib/x86_64-linux-gnu/libXdmcp.so.6
xclip /lib/x86_64-linux-gnu/libuuid.so.1
xclip /lib/x86_64-linux-gnu/libbsd.so.0
xclip /lib/x86_64-linux-gnu/libmd.so.0
xclip /usr/share/X11/locale/locale.alias
soffice.bin /usr/share/locale/en/LC_MESSAGES/kwidgetsaddons5_qt.qm
soffice.bin /usr/share/locale/en/LC_MESSAGES/kwidgetsaddons5_qt.qm
xclip /usr/share/X11/locale/locale.dir
xclip /usr/share/X11/locale/C/XLC_LOCALE
xclip /usr/share/X11/locale/locale.alias
soffice.bin /usr/share/locale/en/LC_MESSAGES/kjobwidgets5_qt.qm
xclip /usr/share/X11/locale/locale.dir
xclip /usr/share/X11/locale/C/XLC_LOCALE
soffice.bin /usr/share/locale/en/LC_MESSAGES/kjobwidgets5_qt.qm
Xvfb /proc/1270/cmdline
soffice.bin /etc/localtime
soffice.bin /usr/share/kubuntu-default-settings/kf5-settings/kdeglobals
soffice.bin /config/.config/kdedefaults/kdeglobals
soffice.bin /config/.config/kdeglobals
soffice.bin /usr/lib/x86_64-linux-gnu/qt5/qml/QtQuick/Controls.2
soffice.bin /usr/lib/x86_64-linux-gnu/qt5/plugins/platforminputcontexts
soffice.bin /usr/lib/x86_64-linux-gnu/qt5/plugins/platforminputcontexts/libcomposeplatforminputcontextplugin.so
soffice.bin /usr/lib/x86_64-linux-gnu/qt5/plugins/platforminputcontexts/libibusplatforminputcontextplugin.so
soffice.bin /usr/lib/x86_64-linux-gnu/qt5/plugins/platforminputcontexts/plasmaimplatforminputcontextplugin.so
soffice.bin /usr/lib/x86_64-linux-gnu/qt5/plugins/platforminputcontexts/libcomposeplatforminputcontextplugin.so.avx2
soffice.bin /usr/lib/x86_64-linux-gnu/qt5/plugins/platforminputcontexts/libcomposeplatforminputcontextplugin.so
soffice.bin /usr/lib/x86_64-linux-gnu/qt5/plugins/xcbglintegrations
soffice.bin /usr/lib/x86_64-linux-gnu/qt5/plugins/xcbglintegrations/libqxcb-egl-integration.so
soffice.bin /usr/lib/x86_64-linux-gnu/qt5/plugins/xcbglintegrations/libqxcb-glx-integration.so
soffice.bin /usr/lib/x86_64-linux-gnu/qt5/plugins/xcbglintegrations/libqxcb-glx-integration.so.avx2
soffice.bin /usr/lib/x86_64-linux-gnu/qt5/plugins/xcbglintegrations/libqxcb-glx-integration.so
soffice.bin /etc/ld.so.cache
soffice.bin /lib/x86_64-linux-gnu/libxcb-glx.so.0
soffice.bin /etc/ld.so.cache
soffice.bin /lib/x86_64-linux-gnu/libGLX_mesa.so.0
soffice.bin /lib/x86_64-linux-gnu/libgallium-25.2.8-0ubuntu0.24.04.1.so
soffice.bin /lib/x86_64-linux-gnu/libdrm.so.2
soffice.bin /lib/x86_64-linux-gnu/libXxf86vm.so.1
soffice.bin /lib/x86_64-linux-gnu/libxcb-dri3.so.0
soffice.bin /lib/x86_64-linux-gnu/libxcb-present.so.0
soffice.bin /lib/x86_64-linux-gnu/libLLVM.so.20.1
soffice.bin /lib/x86_64-linux-gnu/libsensors.so.5
soffice.bin /lib/x86_64-linux-gnu/libxshmfence.so.1
soffice.bin /lib/x86_64-linux-gnu/libdrm_amdgpu.so.1
soffice.bin /lib/x86_64-linux-gnu/libelf.so.1
soffice.bin /lib/x86_64-linux-gnu/libdrm_intel.so.1
soffice.bin /lib/x86_64-linux-gnu/../lib/glibc-hwcaps/x86-64-v3/libedit.so.2
soffice.bin /lib/x86_64-linux-gnu/../lib/glibc-hwcaps/x86-64-v2/libedit.so.2
soffice.bin /lib/x86_64-linux-gnu/../lib/libedit.so.2
soffice.bin /lib/x86_64-linux-gnu/libedit.so.2
soffice.bin /lib/x86_64-linux-gnu/libpciaccess.so.0
soffice.bin /lib/x86_64-linux-gnu/libtinfo.so.6
soffice.bin /usr/share/drirc.d
soffice.bin /usr/share/drirc.d/00-mesa-defaults.conf
soffice.bin /usr/lib/x86_64-linux-gnu/gconv/gconv-modules.cache
soffice.bin /usr/share/drirc.d/00-radv-defaults.conf
soffice.bin /etc/drirc
soffice.bin /usr/share/locale/locale.alias
soffice.bin /usr/share/locale/en_US/LC_MESSAGES/libc.mo
soffice.bin /usr/share/locale/en/LC_MESSAGES/libc.mo
soffice.bin /usr/share/locale-langpack/en_US/LC_MESSAGES/libc.mo
soffice.bin /usr/share/locale-langpack/en/LC_MESSAGES/libc.mo
soffice.bin /config/.drirc
soffice.bin /sys/devices/system/cpu/possible
soffice.bin /sys/devices/system/cpu/cpu0/cpu_capacity
soffice.bin /sys/devices/system/cpu/cpu1/cpu_capacity
soffice.bin /sys/devices/system/cpu/cpu2/cpu_capacity
soffice.bin /sys/devices/system/cpu/cpu3/cpu_capacity
soffice.bin /sys/devices/system/cpu/cpu4/cpu_capacity
soffice.bin /sys/devices/system/cpu/cpu5/cpu_capacity
soffice.bin /sys/devices/system/cpu/cpu6/cpu_capacity
soffice.bin /sys/devices/system/cpu/cpu7/cpu_capacity
soffice.bin /sys/devices/system/cpu/cpu8/cpu_capacity
soffice.bin /sys/devices/system/cpu/cpu9/cpu_capacity
soffice.bin /sys/devices/system/cpu/cpu10/cpu_capacity
soffice.bin /sys/devices/system/cpu/cpu11/cpu_capacity
soffice.bin /sys/devices/system/cpu/cpu12/cpu_capacity
soffice.bin /sys/devices/system/cpu/cpu13/cpu_capacity
soffice.bin /sys/devices/system/cpu/cpu14/cpu_capacity
soffice.bin /sys/devices/system/cpu/cpu15/cpu_capacity
soffice.bin /dev/udmabuf
soffice.bin /usr/share/drirc.d
soffice.bin /usr/share/drirc.d/00-mesa-defaults.conf
soffice.bin /usr/share/drirc.d/00-radv-defaults.conf
soffice.bin /etc/drirc
soffice.bin /config/.drirc
soffice.bin /sys/devices/system/cpu/online
soffice.bin /config/.cache/mesa_shader_cache/index
soffice.bin /config/.cache/mesa_shader_cache/db/1eda42f2a767a2d7820a869487f528f852a0c3
soffice.bin /config/.cache/mesa_shader_cache/0c/2078390c4088c952a5aaf00c2698fc4cb3c2ae
soffice.bin /config/.cache/mesa_shader_cache/5e/44b0234ba7fee5aad30999f5c85fa1ab7d1e2b
soffice.bin /config/.cache/mesa_shader_cache/8a/05f419308844007d1e201ba19cfb5f3cd8ab27
soffice.bin /config/.cache/mesa_shader_cache/59/ec931cfacda6fd80434ecf9e3f29a17ea5760a
soffice.bin /usr/share/locale/en/LC_MESSAGES/kjobwidgets5_qt.qm
soffice.bin /usr/share/locale/en/LC_MESSAGES/kjobwidgets5_qt.qm
soffice.bin /usr/lib/x86_64-linux-gnu/qt5/plugins/iconengines
soffice.bin /usr/lib/x86_64-linux-gnu/qt5/plugins/iconengines/libqsvgicon.so
soffice.bin /usr/share/locale/en/LC_MESSAGES/kwidgetsaddons5_qt.qm
soffice.bin /usr/share/locale/en/LC_MESSAGES/kwidgetsaddons5_qt.qm
soffice.bin /usr/share/locale/en/LC_MESSAGES/kcoreaddons5_qt.qm
soffice.bin /usr/share/locale/en/LC_MESSAGES/kcoreaddons5_qt.qm
soffice.bin /usr/lib/x86_64-linux-gnu/qt5/plugins/styles
soffice.bin /usr/lib/x86_64-linux-gnu/qt5/plugins/styles/breeze.so
soffice.bin /usr/lib/x86_64-linux-gnu/qt5/plugins/styles/breeze.so.avx2
soffice.bin /usr/lib/x86_64-linux-gnu/qt5/plugins/styles/breeze.so
soffice.bin /etc/ld.so.cache
soffice.bin /lib/x86_64-linux-gnu/libKF5Kirigami2.so.5
soffice.bin /lib/x86_64-linux-gnu/libbreezecommon5.so.5
soffice.bin /lib/x86_64-linux-gnu/libKF5Style.so.5
soffice.bin /usr/share/kubuntu-default-settings/kf5-settings/breezerc
soffice.bin /usr/share/kubuntu-default-settings/kf5-settings/kwinrc
soffice.bin /config/.config/kdedefaults/kwinrc
soffice.bin /config/.config/kwinrc
dbus-daemon /run/systemd/users/911
dbus-daemon /proc/1255/cmdline
soffice.bin /usr/share/kubuntu-default-settings/kf5-settings/breezerc
soffice.bin /usr/share/kubuntu-default-settings/kf5-settings/kwinrc
soffice.bin /config/.config/kdedefaults/kwinrc
soffice.bin /config/.config/kwinrc
soffice.bin /usr/share/kubuntu-default-settings/kf5-settings/breezerc
soffice.bin /usr/lib/libreoffice/program/libgcc3_uno.so
soffice.bin /usr/lib/libreoffice/program/versionrc
soffice.bin /etc/passwd
soffice.bin /config/.config/libreoffice/4/user/extensions/buildid
soffice.bin /usr/lib/libreoffice/program/unorc
soffice.bin /usr/lib/libreoffice/program/lounorc
soffice.bin /etc/passwd
soffice.bin /etc/passwd
soffice.bin /etc/passwd
soffice.bin /usr/lib/libreoffice/program/services.rdb
soffice.bin /usr/lib/libreoffice/program/services
soffice.bin /usr/lib/libreoffice/program/services/services.rdb
soffice.bin /etc/passwd
soffice.bin /etc/passwd
soffice.bin /etc/passwd
soffice.bin /usr/lib/libreoffice/program/types.rdb
soffice.bin /usr/lib/libreoffice/program/types
soffice.bin /usr/lib/libreoffice/program/types/offapi.rdb
soffice.bin /usr/lib/libreoffice/program/types/oovbaapi.rdb
soffice.bin /etc/passwd
soffice.bin /config/.config/libreoffice/4/safemode_restart
soffice.bin /etc/passwd
soffice.bin /config/.config/libreoffice/4/safemode
soffice.bin /etc/passwd
soffice.bin /etc/passwd
soffice.bin /etc/passwd
soffice.bin /etc/passwd
soffice.bin /config/.config/libreoffice/4/user/SafeMode
soffice.bin /etc/passwd
soffice.bin /etc/passwd
soffice.bin /etc/passwd
soffice.bin /etc/passwd
soffice.bin /etc/libreoffice/registry
soffice.bin /etc/libreoffice/registry/Langpack-en-US.xcd
soffice.bin /etc/libreoffice/registry/calc.xcd
soffice.bin /etc/libreoffice/registry/draw.xcd
soffice.bin /etc/libreoffice/registry/graphicfilter.xcd
soffice.bin /etc/libreoffice/registry/impress.xcd
soffice.bin /etc/libreoffice/registry/lingucomponent.xcd
soffice.bin /etc/libreoffice/registry/main.xcd
soffice.bin /etc/libreoffice/registry/ogltrans.xcd
soffice.bin /etc/libreoffice/registry/pdfimport.xcd
soffice.bin /etc/libreoffice/registry/writer.xcd
soffice.bin /etc/libreoffice/registry/xsltfilter.xcd
soffice.bin /etc/libreoffice/registry/schema
soffice.bin /etc/libreoffice/registry/data
soffice.bin /etc/libreoffice/registry/res
soffice.bin /etc/libreoffice/registry/res/fcfg_langpack_en-US.xcd
soffice.bin /etc/libreoffice/registry/res
soffice.bin /run/dconf/user/911
soffice.bin /config/.XDG/dconf/profile
soffice.bin /etc/dconf/profile/user
soffice.bin /usr/local/share/dconf/profile/user
soffice.bin /usr/share/dconf/profile/user
soffice.bin /config/.XDG/dconf/user
soffice.bin /config/.config/dconf/user
soffice.bin /etc/passwd
soffice.bin /config/.config/libreoffice/4/user/registrymodifications.xcu
soffice.bin /etc/passwd
soffice.bin /etc/passwd
soffice.bin /etc/passwd
soffice.bin /etc/passwd
soffice.bin /usr/lib/libreoffice/program/libdesktop_detectorlo.so
soffice.bin /usr/lib/libreoffice/program/libkf5be1lo.so
soffice.bin /etc/passwd
soffice.bin /config/.config/user-dirs.dirs
soffice.bin /config/Documents
soffice.bin /config/Documents
soffice.bin /etc/passwd
soffice.bin /etc/passwd
soffice.bin /config/.config/user-dirs.dirs
soffice.bin /config/Templates
soffice.bin /config/Templates
soffice.bin /tmp
soffice.bin /config/.config/libreoffice/4/.lock
soffice.bin /config/.config/libreoffice/4/.lock
soffice.bin /etc/passwd
soffice.bin /config/.config/libreoffice/4/.lock
soffice.bin /config/.config/libreoffice/4/.lock
soffice.bin /usr/lib/libreoffice/program/liblocaledata_en.so
soffice.bin /usr/lib/libreoffice/program/resource//en_US/LC_MESSAGES/fwk.mo
soffice.bin /usr/lib/libreoffice/program/resource//en/LC_MESSAGES/fwk.mo
soffice.bin /usr/lib/libreoffice/program/resource//en_US/LC_MESSAGES/svt.mo
soffice.bin /usr/lib/libreoffice/program/resource//en/LC_MESSAGES/svt.mo
soffice.bin /usr/lib/libreoffice/program/resource//en_US/LC_MESSAGES/sb.mo
soffice.bin /usr/lib/libreoffice/program/resource//en/LC_MESSAGES/sb.mo
soffice.bin /usr/share/mime/generic-icons
soffice.bin /config/.cache/icon-cache.kcache
soffice.bin /usr/share/icons/breeze/index.theme
soffice.bin /usr/lib/libreoffice/program/resource//en_US/LC_MESSAGES/dkt.mo
soffice.bin /usr/lib/libreoffice/program/resource//en/LC_MESSAGES/dkt.mo
soffice.bin /usr/lib/libreoffice/share/uno_packages/cache/stamp.sys
soffice.bin /etc/passwd
soffice.bin /etc/passwd
soffice.bin /etc/passwd
soffice.bin /dev/urandom
soffice.bin /dev/urandom
soffice.bin /etc/passwd
soffice.bin /etc/passwd
soffice.bin /etc/passwd
soffice.bin /config/.config/libreoffice/4/user/extensions/shared/registry/com.sun.star.comp.deployment.configuration.PackageRegistryBackend/backenddb.xml
soffice.bin /etc/passwd
soffice.bin /config/.config/libreoffice/4/user/extensions/shared/registry/com.sun.star.comp.deployment.configuration.PackageRegistryBackend
soffice.bin /etc/passwd
soffice.bin /etc/passwd
soffice.bin /etc/passwd
soffice.bin /etc/passwd
soffice.bin /etc/passwd
soffice.bin /etc/passwd
soffice.bin /config/.config/libreoffice/4/user/extensions/shared/registry/com.sun.star.comp.deployment.help.PackageRegistryBackend/backenddb.xml
soffice.bin /etc/passwd
soffice.bin /config/.config/libreoffice/4/user/extensions/shared/registry/com.sun.star.comp.deployment.help.PackageRegistryBackend
soffice.bin /etc/passwd
soffice.bin /etc/passwd
soffice.bin /etc/passwd
soffice.bin /etc/passwd
soffice.bin /etc/passwd
soffice.bin /etc/passwd
soffice.bin /config/.config/libreoffice/4/user/extensions/shared/extensions.pmap
soffice.bin /etc/passwd
soffice.bin /etc/passwd
soffice.bin /etc/passwd
soffice.bin /etc/passwd
soffice.bin /etc/passwd
soffice.bin /etc/passwd
soffice.bin /config/.config/libreoffice/4/user/extensions/bundled/registry/com.sun.star.comp.deployment.configuration.PackageRegistryBackend/backenddb.xml
soffice.bin /etc/passwd
soffice.bin /config/.config/libreoffice/4/user/extensions/bundled/registry/com.sun.star.comp.deployment.configuration.PackageRegistryBackend
soffice.bin /etc/passwd
soffice.bin /etc/passwd
soffice.bin /etc/passwd
soffice.bin /etc/passwd
soffice.bin /etc/passwd
soffice.bin /etc/passwd
soffice.bin /config/.config/libreoffice/4/user/extensions/bundled/registry/com.sun.star.comp.deployment.help.PackageRegistryBackend/backenddb.xml
soffice.bin /etc/passwd
soffice.bin /config/.config/libreoffice/4/user/extensions/bundled/registry/com.sun.star.comp.deployment.help.PackageRegistryBackend
soffice.bin /etc/passwd
soffice.bin /etc/passwd
soffice.bin /etc/passwd
soffice.bin /etc/passwd
soffice.bin /etc/passwd
soffice.bin /etc/passwd
soffice.bin /config/.config/libreoffice/4/user/extensions/bundled/extensions.pmap
soffice.bin /usr/lib/libreoffice/share/extensions
soffice.bin /etc/passwd
soffice.bin /config/.config/libreoffice/4/user/uno_packages/cache/stamp.sys
soffice.bin /etc/passwd
soffice.bin /usr/lib/libreoffice/program/libloglo.so
soffice.bin /etc/passwd
soffice.bin /etc/passwd
soffice.bin /etc/passwd
soffice.bin /etc/passwd
soffice.bin /etc/passwd
soffice.bin /etc/passwd
soffice.bin /config/.config/libreoffice/4/user/uno_packages/cache/registry/com.sun.star.comp.deployment.configuration.PackageRegistryBackend/backenddb.xml
soffice.bin /etc/passwd
soffice.bin /config/.config/libreoffice/4/user/uno_packages/cache/registry/com.sun.star.comp.deployment.configuration.PackageRegistryBackend
soffice.bin /etc/passwd
soffice.bin /etc/passwd
soffice.bin /etc/passwd
soffice.bin /etc/passwd
soffice.bin /etc/passwd
soffice.bin /etc/passwd
soffice.bin /config/.config/libreoffice/4/user/uno_packages/cache/registry/com.sun.star.comp.deployment.help.PackageRegistryBackend/backenddb.xml
soffice.bin /etc/passwd
soffice.bin /config/.config/libreoffice/4/user/uno_packages/cache/registry/com.sun.star.comp.deployment.help.PackageRegistryBackend
soffice.bin /etc/passwd
soffice.bin /etc/passwd
soffice.bin /etc/passwd
soffice.bin /etc/passwd
soffice.bin /etc/passwd
soffice.bin /etc/passwd
soffice.bin /etc/passwd
soffice.bin /config/.config/libreoffice/4/user/uno_packages/cache/uno_packages.pmap
soffice.bin /config/.config/libreoffice/4/user/uno_packages/cache/uno_packages
soffice.bin /etc/passwd
soffice.bin /config/.config/libreoffice/4/user/extensions/tmp/stamp.sys
soffice.bin /etc/passwd
soffice.bin /etc/passwd
soffice.bin /etc/passwd
soffice.bin /etc/passwd
soffice.bin /etc/passwd
soffice.bin /etc/passwd
soffice.bin /config/.config/libreoffice/4/user/extensions/tmp/registry/com.sun.star.comp.deployment.configuration.PackageRegistryBackend/backenddb.xml
soffice.bin /etc/passwd
soffice.bin /config/.config/libreoffice/4/user/extensions/tmp/registry/com.sun.star.comp.deployment.configuration.PackageRegistryBackend
soffice.bin /etc/passwd
soffice.bin /etc/passwd
soffice.bin /etc/passwd
soffice.bin /etc/passwd
soffice.bin /etc/passwd
soffice.bin /etc/passwd
soffice.bin /config/.config/libreoffice/4/user/extensions/tmp/registry/com.sun.star.comp.deployment.help.PackageRegistryBackend/backenddb.xml
soffice.bin /etc/passwd
soffice.bin /config/.config/libreoffice/4/user/extensions/tmp/registry/com.sun.star.comp.deployment.help.PackageRegistryBackend
soffice.bin /etc/passwd
soffice.bin /etc/passwd
soffice.bin /etc/passwd
soffice.bin /etc/passwd
soffice.bin /etc/passwd
soffice.bin /etc/passwd
soffice.bin /etc/passwd
soffice.bin /config/.config/libreoffice/4/user/extensions/tmp/extensions.pmap
soffice.bin /config/.config/libreoffice/4/user/extensions/tmp/extensions
soffice.bin /etc/passwd
soffice.bin /config/.config/libreoffice/4/user/extensions/bundled
soffice.bin /config/.config/libreoffice/4/user/extensions/bundled/lastsynchronized
soffice.bin /etc/passwd
soffice.bin /config/.config/libreoffice/4/user/extensions/shared
soffice.bin /config/.config/libreoffice/4/user/extensions/shared/lastsynchronized
soffice.bin /etc/fonts/fonts.conf
soffice.bin /etc/fonts/conf.d
soffice.bin /usr/share/fontconfig/conf.avail/10-hinting-slight.conf
soffice.bin /usr/share/fontconfig/conf.avail/10-scale-bitmap-fonts.conf
soffice.bin /usr/share/fontconfig/conf.avail/10-sub-pixel-rgb.conf
soffice.bin /usr/share/fontconfig/conf.avail/10-yes-antialias.conf
soffice.bin /usr/share/fontconfig/conf.avail/11-lcdfilter-default.conf
soffice.bin /usr/share/fontconfig/conf.avail/20-unhint-small-vera.conf
soffice.bin /usr/share/fontconfig/conf.avail/30-metric-aliases.conf
soffice.bin /usr/share/fontconfig/conf.avail/30-opensymbol.conf
soffice.bin /usr/share/fontconfig/conf.avail/40-nonlatin.conf
soffice.bin /usr/share/fontconfig/conf.avail/45-generic.conf
soffice.bin /usr/share/fontconfig/conf.avail/45-latin.conf
soffice.bin /usr/share/fontconfig/conf.avail/48-spacing.conf
soffice.bin /usr/share/fontconfig/conf.avail/49-sansserif.conf
soffice.bin /usr/share/fontconfig/conf.avail/50-user.conf
soffice.bin /usr/share/fontconfig/conf.avail/51-local.conf
soffice.bin /etc/fonts/conf.avail/56-kubuntu-noto.conf
soffice.bin /usr/share/fontconfig/conf.avail/60-generic.conf
soffice.bin /usr/share/fontconfig/conf.avail/60-latin.conf
soffice.bin /usr/share/fontconfig/conf.avail/urw-bookman.conf
soffice.bin /usr/share/fontconfig/conf.avail/urw-c059.conf
soffice.bin /usr/share/fontconfig/conf.avail/urw-d050000l.conf
soffice.bin /usr/share/fontconfig/conf.avail/urw-fallback-backwards.conf
soffice.bin /usr/share/fontconfig/conf.avail/urw-fallback-generics.conf
soffice.bin /usr/share/fontconfig/conf.avail/urw-gothic.conf
soffice.bin /usr/share/fontconfig/conf.avail/urw-nimbus-mono-ps.conf
soffice.bin /usr/share/fontconfig/conf.avail/urw-nimbus-roman.conf
soffice.bin /usr/share/fontconfig/conf.avail/urw-nimbus-sans.conf
soffice.bin /usr/share/fontconfig/conf.avail/urw-p052.conf
soffice.bin /usr/share/fontconfig/conf.avail/urw-standard-symbols-ps.conf
soffice.bin /usr/share/fontconfig/conf.avail/urw-z003.conf
soffice.bin /usr/share/fontconfig/conf.avail/65-fonts-persian.conf
soffice.bin /usr/share/fontconfig/conf.avail/65-nonlatin.conf
soffice.bin /usr/share/fontconfig/conf.avail/69-unifont.conf
soffice.bin /usr/share/fontconfig/conf.avail/70-fonts-noto-cjk.conf
soffice.bin /usr/share/fontconfig/conf.avail/70-no-bitmaps-except-emoji.conf
soffice.bin /usr/share/fontconfig/conf.avail/71-ubuntulegacy.conf
soffice.bin /usr/share/fontconfig/conf.avail/80-delicious.conf
soffice.bin /usr/share/fontconfig/conf.avail/90-synthetic.conf
soffice.bin /usr/share/fontconfig/conf.avail
soffice.bin /usr/share/fontconfig/conf.avail/05-reset-dirs-sample.conf
soffice.bin /usr/share/fontconfig/conf.avail/09-autohint-if-no-hinting.conf
soffice.bin /usr/share/fontconfig/conf.avail/10-autohint.conf
soffice.bin /usr/share/fontconfig/conf.avail/10-hinting-full.conf
soffice.bin /usr/share/fontconfig/conf.avail/10-hinting-medium.conf
soffice.bin /usr/share/fontconfig/conf.avail/10-hinting-none.conf
soffice.bin /usr/share/fontconfig/conf.avail/10-no-antialias.conf
soffice.bin /usr/share/fontconfig/conf.avail/10-sub-pixel-bgr.conf
soffice.bin /usr/share/fontconfig/conf.avail/10-sub-pixel-none.conf
soffice.bin /usr/share/fontconfig/conf.avail/10-sub-pixel-vbgr.conf
soffice.bin /usr/share/fontconfig/conf.avail/10-sub-pixel-vrgb.conf
soffice.bin /usr/share/fontconfig/conf.avail/10-unhinted.conf
soffice.bin /usr/share/fontconfig/conf.avail/11-lcdfilter-legacy.conf
soffice.bin /usr/share/fontconfig/conf.avail/11-lcdfilter-light.conf
soffice.bin /usr/share/fontconfig/conf.avail/11-lcdfilter-none.conf
soffice.bin /usr/share/fontconfig/conf.avail/25-unhint-nonlatin.conf
soffice.bin /usr/share/fontconfig/conf.avail/35-lang-normalize.conf
soffice.bin /usr/share/fontconfig/conf.avail/53-monospace-lcd-filter.conf
soffice.bin /usr/share/fontconfig/conf.avail/65-khmer.conf
soffice.bin /usr/share/fontconfig/conf.avail/70-force-bitmaps.conf
soffice.bin /usr/share/fontconfig/conf.avail/70-no-bitmaps-and-emoji.conf
soffice.bin /usr/share/fontconfig/conf.avail/70-no-bitmaps.conf
soffice.bin /usr/share/fontconfig/conf.avail/70-yes-bitmaps.conf
soffice.bin /usr/local/share/fonts
soffice.bin /var/cache/fontconfig//4c599c202bc5c08e2d34565a40eac3b2-le64.cache-9
soffice.bin /config/.cache/fontconfig//4c599c202bc5c08e2d34565a40eac3b2-le64.cache-9
soffice.bin /usr/local/share/fonts/.uuid
soffice.bin /config/.fontconfig//4c599c202bc5c08e2d34565a40eac3b2-le64.cache-9
soffice.bin /usr/local/share/fonts/.uuid
soffice.bin /usr/share/fonts
soffice.bin /var/cache/fontconfig//3830d5c3ddfd5cd38a049b759396e72e-le64.cache-9
soffice.bin /config/.cache/fontconfig//3830d5c3ddfd5cd38a049b759396e72e-le64.cache-9
soffice.bin /usr/share/fonts/.uuid
soffice.bin /config/.fontconfig//3830d5c3ddfd5cd38a049b759396e72e-le64.cache-9
soffice.bin /usr/share/fonts/.uuid
soffice.bin /usr/share/fonts/X11
soffice.bin /var/cache/fontconfig//c855463f699352c367813e37f3f70ea7-le64.cache-9
soffice.bin /config/.cache/fontconfig//c855463f699352c367813e37f3f70ea7-le64.cache-9
soffice.bin /usr/share/fonts/X11/.uuid
soffice.bin /config/.fontconfig//c855463f699352c367813e37f3f70ea7-le64.cache-9
soffice.bin /usr/share/fonts/X11/.uuid
soffice.bin /usr/share/fonts/cMap
soffice.bin /var/cache/fontconfig//32b6488e5b8292a2e95c79d947e009e8-le64.cache-9
soffice.bin /config/.cache/fontconfig//32b6488e5b8292a2e95c79d947e009e8-le64.cache-9
soffice.bin /usr/share/fonts/cMap/.uuid
soffice.bin /config/.fontconfig//32b6488e5b8292a2e95c79d947e009e8-le64.cache-9
soffice.bin /usr/share/fonts/cMap/.uuid
soffice.bin /usr/share/fonts/cmap
soffice.bin /var/cache/fontconfig//57e423e26b20ab21d0f2f29c145174c3-le64.cache-9
soffice.bin /config/.cache/fontconfig//57e423e26b20ab21d0f2f29c145174c3-le64.cache-9
soffice.bin /usr/share/fonts/cmap/.uuid
soffice.bin /config/.fontconfig//57e423e26b20ab21d0f2f29c145174c3-le64.cache-9
soffice.bin /usr/share/fonts/cmap/.uuid
soffice.bin /usr/share/fonts/opentype
soffice.bin /var/cache/fontconfig//573ec803664ed168555e0e8b6d0f0c7f-le64.cache-9
soffice.bin /config/.cache/fontconfig//573ec803664ed168555e0e8b6d0f0c7f-le64.cache-9
soffice.bin /usr/share/fonts/opentype/.uuid
soffice.bin /config/.fontconfig//573ec803664ed168555e0e8b6d0f0c7f-le64.cache-9
soffice.bin /usr/share/fonts/opentype/.uuid
soffice.bin /usr/share/fonts/truetype
soffice.bin /var/cache/fontconfig//7ef2298fde41cc6eeb7af42e48b7d293-le64.cache-9
soffice.bin /config/.cache/fontconfig//7ef2298fde41cc6eeb7af42e48b7d293-le64.cache-9
soffice.bin /usr/share/fonts/truetype/.uuid
soffice.bin /config/.fontconfig//7ef2298fde41cc6eeb7af42e48b7d293-le64.cache-9
soffice.bin /usr/share/fonts/truetype/.uuid
soffice.bin /usr/share/fonts/type1
soffice.bin /var/cache/fontconfig//d82eb4fd963d448e2fcb7d7b793b5df3-le64.cache-9
soffice.bin /config/.cache/fontconfig//d82eb4fd963d448e2fcb7d7b793b5df3-le64.cache-9
soffice.bin /usr/share/fonts/type1/.uuid
soffice.bin /config/.fontconfig//d82eb4fd963d448e2fcb7d7b793b5df3-le64.cache-9
soffice.bin /usr/share/fonts/type1/.uuid
soffice.bin /usr/share/fonts/X11/Type1
soffice.bin /var/cache/fontconfig//e13b20fdb08344e0e664864cc2ede53d-le64.cache-9
soffice.bin /config/.cache/fontconfig//e13b20fdb08344e0e664864cc2ede53d-le64.cache-9
soffice.bin /usr/share/fonts/X11/Type1/.uuid
soffice.bin /config/.fontconfig//e13b20fdb08344e0e664864cc2ede53d-le64.cache-9
soffice.bin /usr/share/fonts/X11/Type1/.uuid
soffice.bin /usr/share/fonts/X11/encodings
soffice.bin /var/cache/fontconfig//707971e003b4ae6c8121c3a920e507f5-le64.cache-9
soffice.bin /config/.cache/fontconfig//707971e003b4ae6c8121c3a920e507f5-le64.cache-9
soffice.bin /usr/share/fonts/X11/encodings/.uuid
soffice.bin /config/.fontconfig//707971e003b4ae6c8121c3a920e507f5-le64.cache-9
soffice.bin /usr/share/fonts/X11/encodings/.uuid
soffice.bin /usr/share/fonts/X11/misc
soffice.bin /var/cache/fontconfig//cabbd14511b9e8a55e92af97fb3a0461-le64.cache-9
soffice.bin /config/.cache/fontconfig//cabbd14511b9e8a55e92af97fb3a0461-le64.cache-9
soffice.bin /usr/share/fonts/X11/misc/.uuid
soffice.bin /config/.fontconfig//cabbd14511b9e8a55e92af97fb3a0461-le64.cache-9
soffice.bin /usr/share/fonts/X11/misc/.uuid
soffice.bin /usr/share/fonts/X11/util
soffice.bin /var/cache/fontconfig//fe547fea3a41b43a38975d292a2b19c7-le64.cache-9
soffice.bin /config/.cache/fontconfig//fe547fea3a41b43a38975d292a2b19c7-le64.cache-9
soffice.bin /usr/share/fonts/X11/util/.uuid
soffice.bin /config/.fontconfig//fe547fea3a41b43a38975d292a2b19c7-le64.cache-9
soffice.bin /usr/share/fonts/X11/util/.uuid
soffice.bin /usr/share/fonts/cmap/adobe-cns1
soffice.bin /var/cache/fontconfig//f1f2465696798768e9653f19e17ccdc8-le64.cache-9
soffice.bin /config/.cache/fontconfig//f1f2465696798768e9653f19e17ccdc8-le64.cache-9
soffice.bin /usr/share/fonts/cmap/adobe-cns1/.uuid
soffice.bin /config/.fontconfig//f1f2465696798768e9653f19e17ccdc8-le64.cache-9
soffice.bin /usr/share/fonts/cmap/adobe-cns1/.uuid
soffice.bin /usr/share/fonts/cmap/adobe-gb1
soffice.bin /var/cache/fontconfig//95530828ff6c81d309f8258d8d02a23e-le64.cache-9
soffice.bin /config/.cache/fontconfig//95530828ff6c81d309f8258d8d02a23e-le64.cache-9
soffice.bin /usr/share/fonts/cmap/adobe-gb1/.uuid
soffice.bin /config/.fontconfig//95530828ff6c81d309f8258d8d02a23e-le64.cache-9
soffice.bin /usr/share/fonts/cmap/adobe-gb1/.uuid
soffice.bin /usr/share/fonts/cmap/adobe-japan1
soffice.bin /var/cache/fontconfig//d3e5c4ee2ceb1fc347f91d4cefc53bc0-le64.cache-9
soffice.bin /config/.cache/fontconfig//d3e5c4ee2ceb1fc347f91d4cefc53bc0-le64.cache-9
soffice.bin /usr/share/fonts/cmap/adobe-japan1/.uuid
soffice.bin /config/.fontconfig//d3e5c4ee2ceb1fc347f91d4cefc53bc0-le64.cache-9
soffice.bin /usr/share/fonts/cmap/adobe-japan1/.uuid
soffice.bin /usr/share/fonts/cmap/adobe-japan2
soffice.bin /var/cache/fontconfig//e52a45a1c8c8fe895fc0fc8c4e6999b8-le64.cache-9
soffice.bin /config/.cache/fontconfig//e52a45a1c8c8fe895fc0fc8c4e6999b8-le64.cache-9
soffice.bin /usr/share/fonts/cmap/adobe-japan2/.uuid
soffice.bin /config/.fontconfig//e52a45a1c8c8fe895fc0fc8c4e6999b8-le64.cache-9
soffice.bin /usr/share/fonts/cmap/adobe-japan2/.uuid
soffice.bin /usr/share/fonts/cmap/adobe-korea1
soffice.bin /var/cache/fontconfig//188ac73a183f12857f63bb60a4a6d603-le64.cache-9
soffice.bin /config/.cache/fontconfig//188ac73a183f12857f63bb60a4a6d603-le64.cache-9
soffice.bin /usr/share/fonts/cmap/adobe-korea1/.uuid
soffice.bin /config/.fontconfig//188ac73a183f12857f63bb60a4a6d603-le64.cache-9
soffice.bin /usr/share/fonts/cmap/adobe-korea1/.uuid
soffice.bin /usr/share/fonts/opentype/noto
soffice.bin /var/cache/fontconfig//9b89f8e3dae116d678bbf48e5f21f69b-le64.cache-9
soffice.bin /config/.cache/fontconfig//9b89f8e3dae116d678bbf48e5f21f69b-le64.cache-9
soffice.bin /usr/share/fonts/opentype/noto/.uuid
soffice.bin /config/.fontconfig//9b89f8e3dae116d678bbf48e5f21f69b-le64.cache-9
soffice.bin /usr/share/fonts/opentype/noto/.uuid
soffice.bin /usr/share/fonts/opentype/urw-base35
soffice.bin /var/cache/fontconfig//6cc790b63b123a6a96ee260fcdad32a9-le64.cache-9
soffice.bin /config/.cache/fontconfig//6cc790b63b123a6a96ee260fcdad32a9-le64.cache-9
soffice.bin /usr/share/fonts/opentype/urw-base35/.uuid
soffice.bin /config/.fontconfig//6cc790b63b123a6a96ee260fcdad32a9-le64.cache-9
soffice.bin /usr/share/fonts/opentype/urw-base35/.uuid
soffice.bin /usr/share/fonts/truetype/dm-mono
soffice.bin /var/cache/fontconfig//c7ddd67d65d940f1c07452067469d45b-le64.cache-9
soffice.bin /config/.cache/fontconfig//c7ddd67d65d940f1c07452067469d45b-le64.cache-9
soffice.bin /usr/share/fonts/truetype/dm-mono/.uuid
soffice.bin /config/.fontconfig//c7ddd67d65d940f1c07452067469d45b-le64.cache-9
soffice.bin /usr/share/fonts/truetype/dm-mono/.uuid
soffice.bin /usr/share/fonts/truetype/liberation
soffice.bin /var/cache/fontconfig//3047814df9a2f067bd2d96a2b9c36e5a-le64.cache-9
soffice.bin /config/.cache/fontconfig//3047814df9a2f067bd2d96a2b9c36e5a-le64.cache-9
soffice.bin /usr/share/fonts/truetype/liberation/.uuid
soffice.bin /config/.fontconfig//3047814df9a2f067bd2d96a2b9c36e5a-le64.cache-9
soffice.bin /usr/share/fonts/truetype/liberation/.uuid
soffice.bin /usr/share/fonts/truetype/libreoffice
soffice.bin /var/cache/fontconfig//da43223dd54fb3bb4243ae19d4b583b2-le64.cache-9
soffice.bin /config/.cache/fontconfig//da43223dd54fb3bb4243ae19d4b583b2-le64.cache-9
soffice.bin /usr/share/fonts/truetype/libreoffice/.uuid
soffice.bin /config/.fontconfig//da43223dd54fb3bb4243ae19d4b583b2-le64.cache-9
soffice.bin /usr/share/fonts/truetype/libreoffice/.uuid
soffice.bin /usr/share/fonts/truetype/noto
soffice.bin /var/cache/fontconfig//0bd3dc0958fa2205aaaa8ebb13e2872b-le64.cache-9
soffice.bin /config/.cache/fontconfig//0bd3dc0958fa2205aaaa8ebb13e2872b-le64.cache-9
soffice.bin /usr/share/fonts/truetype/noto/.uuid
soffice.bin /config/.fontconfig//0bd3dc0958fa2205aaaa8ebb13e2872b-le64.cache-9
soffice.bin /usr/share/fonts/truetype/noto/.uuid
soffice.bin /usr/share/fonts/truetype/space-grotesk
soffice.bin /var/cache/fontconfig//60495f9738a6f38c2f3f93e3ff28e478-le64.cache-9
soffice.bin /config/.cache/fontconfig//60495f9738a6f38c2f3f93e3ff28e478-le64.cache-9
soffice.bin /usr/share/fonts/truetype/space-grotesk/.uuid
soffice.bin /config/.fontconfig//60495f9738a6f38c2f3f93e3ff28e478-le64.cache-9
soffice.bin /usr/share/fonts/truetype/space-grotesk/.uuid
soffice.bin /usr/share/fonts/truetype/ubuntu
soffice.bin /var/cache/fontconfig//2300eef321c393bfd76478a5c0e95b23-le64.cache-9
soffice.bin /config/.cache/fontconfig//2300eef321c393bfd76478a5c0e95b23-le64.cache-9
soffice.bin /usr/share/fonts/truetype/ubuntu/.uuid
soffice.bin /config/.fontconfig//2300eef321c393bfd76478a5c0e95b23-le64.cache-9
soffice.bin /usr/share/fonts/truetype/ubuntu/.uuid
soffice.bin /usr/share/fonts/type1/urw-base35
soffice.bin /var/cache/fontconfig//a4e60e8d1e10d2fdff3fe3037a1845fb-le64.cache-9
soffice.bin /config/.cache/fontconfig//a4e60e8d1e10d2fdff3fe3037a1845fb-le64.cache-9
soffice.bin /usr/share/fonts/type1/urw-base35/.uuid
soffice.bin /config/.fontconfig//a4e60e8d1e10d2fdff3fe3037a1845fb-le64.cache-9
soffice.bin /usr/share/fonts/type1/urw-base35/.uuid
soffice.bin /usr/share/fonts/X11/encodings/large
soffice.bin /var/cache/fontconfig//6333f38776742d18e214673cd2c24e34-le64.cache-9
soffice.bin /config/.cache/fontconfig//6333f38776742d18e214673cd2c24e34-le64.cache-9
soffice.bin /usr/share/fonts/X11/encodings/large/.uuid
soffice.bin /config/.fontconfig//6333f38776742d18e214673cd2c24e34-le64.cache-9
soffice.bin /usr/share/fonts/X11/encodings/large/.uuid
soffice.bin /usr/share/fonts/truetype/noto/NotoSans-Regular.ttf
soffice.bin /etc/passwd
soffice.bin /usr/lib/libreoffice/program/resource/common/fonts
soffice.bin /var/cache/fontconfig//807752c9e168308eb5108dacded5237a-le64.cache-9
soffice.bin /usr/lib/libreoffice/program/resource/common/fonts/.uuid
soffice.bin /config/.cache/fontconfig//807752c9e168308eb5108dacded5237a-le64.cache-9
soffice.bin /config/.fontconfig//807752c9e168308eb5108dacded5237a-le64.cache-9
soffice.bin /usr/lib/libreoffice/program/resource/common/fonts/.uuid
soffice.bin /usr/lib/libreoffice/program/resource/common/fonts/fc_local.conf
soffice.bin /usr/lib/libreoffice/share/fonts/truetype
soffice.bin /var/cache/fontconfig//158c65c810c0d352a587f5be66058e87-le64.cache-9
soffice.bin /usr/lib/libreoffice/share/fonts/truetype/.uuid
soffice.bin /config/.cache/fontconfig//158c65c810c0d352a587f5be66058e87-le64.cache-9
soffice.bin /config/.fontconfig//158c65c810c0d352a587f5be66058e87-le64.cache-9
soffice.bin /usr/lib/libreoffice/share/fonts/truetype/.uuid
soffice.bin /usr/lib/libreoffice/share/fonts/truetype/fc_local.conf
soffice.bin /config/.config/libreoffice/4/user/fonts/fc_local.conf
soffice.bin /usr/share/fonts/truetype/noto/NotoSans-Regular.ttf
soffice.bin /usr/share/fonts/truetype/noto/NotoSans-Regular.ttf
soffice.bin /usr/share/fonts/truetype/noto/NotoSans-Regular.ttf
xclip /etc/ld.so.cache
xclip /lib/x86_64-linux-gnu/libXmu.so.6
xclip /lib/x86_64-linux-gnu/libX11.so.6
xclip /lib/x86_64-linux-gnu/libc.so.6
xclip /lib/x86_64-linux-gnu/libXt.so.6
xclip /lib/x86_64-linux-gnu/libXext.so.6
xclip /lib/x86_64-linux-gnu/libxcb.so.1
xclip /lib/x86_64-linux-gnu/libSM.so.6
xclip /lib/x86_64-linux-gnu/libICE.so.6
xclip /lib/x86_64-linux-gnu/libXau.so.6
xclip /lib/x86_64-linux-gnu/libXdmcp.so.6
xclip /lib/x86_64-linux-gnu/libuuid.so.1
xclip /lib/x86_64-linux-gnu/libbsd.so.0
xclip /lib/x86_64-linux-gnu/libmd.so.0
xclip /usr/share/X11/locale/locale.alias
xclip /usr/share/X11/locale/locale.dir
xclip /usr/share/X11/locale/C/XLC_LOCALE
xclip /usr/share/X11/locale/locale.alias
xclip /usr/share/X11/locale/locale.dir
xclip /usr/share/X11/locale/C/XLC_LOCALE
Xvfb /proc/1338/cmdline
selkies /proc/stat
selkies /proc/meminfo
soffice.bin /config/.config/libreoffice/4/user/GraphicsRenderTests.log
soffice.bin /usr/lib/libreoffice/program/libstocserviceslo.so
xclip /etc/ld.so.cache
xclip /lib/x86_64-linux-gnu/libXmu.so.6
xclip /lib/x86_64-linux-gnu/libX11.so.6
xclip /lib/x86_64-linux-gnu/libc.so.6
xclip /lib/x86_64-linux-gnu/libXt.so.6
xclip /lib/x86_64-linux-gnu/libXext.so.6
xclip /lib/x86_64-linux-gnu/libxcb.so.1
xclip /lib/x86_64-linux-gnu/libSM.so.6
xclip /lib/x86_64-linux-gnu/libICE.so.6
xclip /lib/x86_64-linux-gnu/libXau.so.6
xclip /lib/x86_64-linux-gnu/libXdmcp.so.6
xclip /lib/x86_64-linux-gnu/libuuid.so.1
xclip /lib/x86_64-linux-gnu/libbsd.so.0
xclip /lib/x86_64-linux-gnu/libmd.so.0
xclip /usr/share/X11/locale/locale.alias
xclip /usr/share/X11/locale/locale.dir
xclip /usr/share/X11/locale/C/XLC_LOCALE
xclip /usr/share/X11/locale/locale.alias
xclip /usr/share/X11/locale/locale.dir
xclip /usr/share/X11/locale/C/XLC_LOCALE
Xvfb /proc/1365/cmdline
soffice.bin /usr/share/icons/breeze/apps/16/libreoffice-startcenter.svg
soffice.bin /usr/lib/x86_64-linux-gnu/qt5/plugins/imageformats
soffice.bin /usr/lib/x86_64-linux-gnu/qt5/plugins/imageformats/libqgif.so
soffice.bin /usr/lib/x86_64-linux-gnu/qt5/plugins/imageformats/libqico.so
soffice.bin /usr/lib/x86_64-linux-gnu/qt5/plugins/imageformats/libqjpeg.so
soffice.bin /usr/lib/x86_64-linux-gnu/qt5/plugins/imageformats/libqsvg.so
soffice.bin /usr/lib/x86_64-linux-gnu/qt5/plugins/imageformats/libqgif.so.avx2
soffice.bin /usr/lib/x86_64-linux-gnu/qt5/plugins/imageformats/libqgif.so
soffice.bin /usr/lib/x86_64-linux-gnu/qt5/plugins/imageformats/libqico.so.avx2
soffice.bin /usr/lib/x86_64-linux-gnu/qt5/plugins/imageformats/libqico.so
soffice.bin /usr/lib/x86_64-linux-gnu/qt5/plugins/imageformats/libqjpeg.so.avx2
soffice.bin /usr/lib/x86_64-linux-gnu/qt5/plugins/imageformats/libqjpeg.so
soffice.bin /usr/lib/x86_64-linux-gnu/qt5/plugins/imageformats/libqsvg.so.avx2
soffice.bin /usr/lib/x86_64-linux-gnu/qt5/plugins/imageformats/libqsvg.so
soffice.bin /sys/devices/system/cpu/online
soffice.bin /usr/share/icons/breeze/apps/48/libreoffice-startcenter.svg
soffice.bin /usr/share/icons/breeze/apps/48/libreoffice-startcenter.svg
soffice.bin /usr/share/icons/breeze/apps/48/libreoffice-startcenter.svg
soffice.bin /usr/share/icons/breeze/apps/48/libreoffice-startcenter.svg
soffice.bin /usr/share/icons/breeze/apps/48/libreoffice-startcenter.svg
soffice.bin /usr/share/icons/breeze/apps/48/libreoffice-startcenter.svg
soffice.bin /usr/lib/libreoffice/program/libacclo.so
soffice.bin /config/.Xdefaults-f90e07f55e69
soffice.bin /config/.icons/breeze_cursors/cursors/left_ptr
soffice.bin /config/.icons/breeze_cursors/index.theme
soffice.bin /usr/share/icons/breeze_cursors/cursors/left_ptr
soffice.bin /usr/lib/libreoffice/program/libsclo.so
soffice.bin /usr/lib/libreoffice/program/liborcus-parser-0.18.so.0
soffice.bin /etc/ld.so.cache
soffice.bin /lib/x86_64-linux-gnu/liborcus-parser-0.18.so.0
kwin_x11 /usr/share/kubuntu-default-settings/kf5-settings/breezerc
soffice.bin /sys/devices/system/cpu/online
soffice.bin /sys/devices/system/cpu/online
soffice.bin /usr/lib/libreoffice/program/resource//en_US/LC_MESSAGES/svx.mo
soffice.bin /usr/lib/libreoffice/program/resource//en/LC_MESSAGES/svx.mo
soffice.bin /usr/lib/libreoffice/program/resource//en_US/LC_MESSAGES/sc.mo
soffice.bin /usr/lib/libreoffice/program/resource//en/LC_MESSAGES/sc.mo
soffice.bin /usr/share/fonts/truetype/noto/NotoSansDevanagari-Regular.ttf
soffice.bin /usr/share/fonts/truetype/liberation/LiberationSans-Regular.ttf
soffice.bin /usr/share/fonts/truetype/liberation/LiberationSans-Regular.ttf
soffice.bin /usr/lib/libreoffice/program/addin
soffice.bin /usr/lib/libreoffice/program/resource//en_US/LC_MESSAGES/for.mo
soffice.bin /usr/lib/libreoffice/program/resource//en/LC_MESSAGES/for.mo
soffice.bin /usr/share/fonts/truetype/noto/NotoSansArabic-Regular.ttf
sh /etc/ld.so.cache
sh /lib/x86_64-linux-gnu/libc.so.6
sh /dev/null
soffice.bin /usr/lib/libreoffice/program/resource//en_US/LC_MESSAGES/editeng.mo
soffice.bin /usr/lib/libreoffice/program/resource//en/LC_MESSAGES/editeng.mo
soffice.bin /usr/lib/libreoffice/program/libscfiltlo.so
plasmashell /config/.local/share/kservices5
plasmashell /config/.local/share/mime
plasmashell /etc/xdg/menus
plasmashell /usr/local/share/kservices5
plasmashell /usr/local/share/mime
plasmashell /usr/share/kservices5
plasmashell /usr/share/kservices5/ServiceMenus
plasmashell /usr/share/kservices5/qimageioplugins
plasmashell /usr/share/kservices5/searchproviders
soffice.bin /usr/lib/libreoffice/program/liborcus-0.18.so.0
soffice.bin /etc/ld.so.cache
plasmashell /usr/share/mime
soffice.bin /lib/x86_64-linux-gnu/liborcus-0.18.so.0
plasmashell /usr/share/mime/application
plasmashell /usr/share/mime/audio
plasmashell /usr/share/mime/chemical
plasmashell /usr/share/mime/font
plasmashell /usr/share/mime/image
soffice.bin /usr/lib/libreoffice/program/libooxlo.so
plasmashell /usr/share/mime/inode
plasmashell /usr/share/mime/message
plasmashell /usr/share/mime/model
plasmashell /usr/share/mime/multipart
plasmashell /usr/share/mime/packages
plasmashell /usr/share/mime/text
soffice.bin /usr/lib/libreoffice/program/libsclo.so
soffice.bin /lib/x86_64-linux-gnu/libboost_iostreams.so.1.83.0
plasmashell /usr/share/mime/video
plasmashell /usr/share/mime/x-content
plasmashell /usr/share/mime/x-epoc
plasmashell /proc/1255/environ
plasmashell /proc/1255/stat
plasmashell /etc/passwd
plasmashell /proc/1255/cmdline
soffice.bin /usr/lib/libreoffice/share/calc/styles.xml
plasmashell /config/Desktop/libreoffice-calc.desktop
plasmashell /config/Desktop/libreoffice-calc.desktop
soffice.bin /usr/lib/libreoffice/program/resource//en_US/LC_MESSAGES/sfx.mo
soffice.bin /usr/lib/libreoffice/program/resource//en/LC_MESSAGES/sfx.mo
soffice.bin /dev/urandom
soffice.bin /dev/urandom
plasmashell /config/Desktop/libreoffice-calc.desktop
plasmashell /config/Desktop/libreoffice-calc.desktop
soffice.bin /usr/lib/libreoffice/share/config/soffice.cfg/svt/ui/scrollbars.ui
plasmashell /config/Desktop/libreoffice-calc.desktop
soffice.bin /usr/lib/libreoffice/share/config/soffice.cfg/svt/ui/scrollbars.ui
soffice.bin /usr/lib/libreoffice/share/config/soffice.cfg/svt/ui/scrollbars.ui
plasmashell /config/Desktop/libreoffice-calc.desktop
soffice.bin /usr/lib/libreoffice/share/config/soffice.cfg/svt/ui/scrollbars.ui
soffice.bin /usr/share/fonts/truetype/noto/NotoSans-Bold.ttf
soffice.bin /usr/share/fonts/truetype/noto/NotoSans-Bold.ttf
plasmashell /config/Desktop/libreoffice-calc.desktop
soffice.bin /usr/lib/libreoffice/share/config/soffice.cfg/svt/ui/tabbuttons.ui
plasmashell /config/Desktop/libreoffice-calc.desktop
soffice.bin /usr/lib/libreoffice/program/libucpchelp1.so
plasmashell /config/Desktop/libreoffice-calc.desktop
plasmashell /config/Desktop/libreoffice-calc.desktop
plasmashell /config/Desktop/libreoffice-calc.desktop
plasmashell /config/Desktop/libreoffice-calc.desktop
plasmashell /config/Desktop/libreoffice-calc.desktop
soffice.bin /usr/share/libreoffice/help//swriter.cfg
plasmashell /config/Desktop/libreoffice-calc.desktop
plasmashell /config/Desktop/libreoffice-calc.desktop
plasmashell /config/Desktop/libreoffice-calc.desktop
plasmashell /config/Desktop/libreoffice-calc.desktop
plasmashell /config/Desktop/libreoffice-calc.desktop
plasmashell /config/Desktop/libreoffice-calc.desktop
soffice.bin /usr/lib/libreoffice/share/config/soffice.cfg/svt/ui/tabbuttons.ui
plasmashell /config/Desktop/libreoffice-calc.desktop
plasmashell /config/Desktop/libreoffice-calc.desktop
plasmashell /config/Desktop/libreoffice-calc.desktop
plasmashell /config/Desktop/libreoffice-calc.desktop
plasmashell /config/Desktop/libreoffice-calc.desktop
plasmashell /config/Desktop/libreoffice-calc.desktop
soffice.bin /dev/urandom
soffice.bin /tmp/lu12551af3k.tmp/lu1255{B8E1D803-9944-4791-A7A7-84E8B720BAD5}.tmp
plasmashell /config/Desktop/libreoffice-calc.desktop
plasmashell /config/Desktop/libreoffice-calc.desktop
plasmashell /config/Desktop/libreoffice-calc.desktop
soffice.bin /usr/share/fonts/truetype/liberation/LiberationSerif-Regular.ttf
soffice.bin /usr/share/fonts/truetype/liberation/LiberationSerif-Regular.ttf
plasmashell /config/Desktop/libreoffice-calc.desktop
plasmashell /config/Desktop/libreoffice-calc.desktop
plasmashell /config/Desktop/libreoffice-calc.desktop
plasmashell /config/Desktop/libreoffice-calc.desktop
plasmashell /config/Desktop/libreoffice-calc.desktop
plasmashell /config/Desktop/libreoffice-calc.desktop
plasmashell /config/Desktop/libreoffice-calc.desktop
soffice.bin /usr/share/icons/breeze/apps/16/libreoffice-calc.svg
plasmashell /config/Desktop/libreoffice-calc.desktop
plasmashell /config/Desktop/libreoffice-calc.desktop
plasmashell /config/Desktop/libreoffice-calc.desktop
soffice.bin /usr/share/icons/breeze/apps/48/libreoffice-calc.svg
plasmashell /config/Desktop/libreoffice-calc.desktop
plasmashell /config/Desktop/libreoffice-calc.desktop
soffice.bin /usr/share/icons/breeze/apps/48/libreoffice-calc.svg
plasmashell /config/Desktop/libreoffice-calc.desktop
plasmashell /config/Desktop/libreoffice-calc.desktop
soffice.bin /usr/share/icons/breeze/apps/48/libreoffice-calc.svg
plasmashell /config/Desktop/libreoffice-calc.desktop
plasmashell /config/Desktop/libreoffice-calc.desktop
soffice.bin /usr/share/icons/breeze/apps/48/libreoffice-calc.svg
plasmashell /config/Desktop/libreoffice-calc.desktop
plasmashell /config/Desktop/libreoffice-calc.desktop
soffice.bin /usr/share/icons/breeze/apps/48/libreoffice-calc.svg
plasmashell /config/Desktop/libreoffice-calc.desktop
plasmashell /config/Desktop/libreoffice-calc.desktop
soffice.bin /usr/share/icons/breeze/apps/48/libreoffice-calc.svg
plasmashell /config/Desktop/libreoffice-calc.desktop
plasmashell /config/Desktop/libreoffice-calc.desktop
plasmashell /config/Desktop/libreoffice-calc.desktop
plasmashell /config/Desktop/libreoffice-calc.desktop
plasmashell /config/Desktop/libreoffice-calc.desktop
plasmashell /config/Desktop/libreoffice-calc.desktop
plasmashell /config/Desktop/libreoffice-calc.desktop
plasmashell /config/Desktop/libreoffice-calc.desktop
plasmashell /config/Desktop/libreoffice-calc.desktop
plasmashell /config/Desktop/libreoffice-calc.desktop
plasmashell /config/Desktop/libreoffice-calc.desktop
plasmashell /config/Desktop/libreoffice-calc.desktop
plasmashell /config/Desktop/libreoffice-calc.desktop
plasmashell /config/Desktop/libreoffice-calc.desktop
plasmashell /config/Desktop/libreoffice-calc.desktop
plasmashell /config/Desktop/libreoffice-calc.desktop
plasmashell /config/Desktop/libreoffice-calc.desktop
plasmashell /config/Desktop/libreoffice-calc.desktop
plasmashell /config/Desktop/libreoffice-calc.desktop
soffice.bin /config/.config/libreoffice/4/user/config/soffice.cfg/modules/scalc/toolbar
soffice.bin /usr/lib/libreoffice/share/config/soffice.cfg/modules/scalc/toolbar
plasmashell /config/Desktop/libreoffice-calc.desktop
plasmashell /config/Desktop/libreoffice-calc.desktop
plasmashell /config/Desktop/libreoffice-calc.desktop
plasmashell /config/Desktop/libreoffice-calc.desktop
plasmashell /config/Desktop/libreoffice-calc.desktop
soffice.bin /config/.config/libreoffice/4/user/config/soffice.cfg/modules/scalc/menubar
soffice.bin /usr/lib/libreoffice/share/config/soffice.cfg/modules/scalc/menubar
soffice.bin /usr/lib/libreoffice/share/config/soffice.cfg/modules/scalc/menubar/menubar.xml
QQmlThread /usr/share/plasma/plasmoids/org.kde.plasma.taskmanager/contents/ui/inlinec
QQmlThread /config/.cache/plasmashell/qmlcache/3807403dffe42867d027edf93e6c2cc872923bac.
QQmlThread /usr/share/plasma/plasmoids/org.kde.plasma.taskmanager/contents/ui/GroupExpanderOverlay.qmlc
QQmlThread /config/.cache/plasmashell/qmlcache/bca21c2168a2062ac135a69ba48bc3166ca1f865.qmlc
QQmlThread /usr/share/plasma/plasmoids/org.kde.plasma.taskmanager/contents/ui/GroupExpanderOverlay.qml
QQmlThread /config/.cache/plasmashell/qmlcache
QQmlThread /usr/share/plasma/plasmoids/org.kde.plasma.taskmanager/contents/ui/GroupExpanderOverlay.qmlc
QQmlThread /config/.cache/plasmashell/qmlcache/bca21c2168a2062ac135a69ba48bc3166ca1f865.qmlc
configmgrWriter /config/.config/libreoffice/4/user/xfgtWS
plasmashell /config/Desktop/libreoffice-calc.desktop
soffice.bin /usr/lib/libreoffice/share/config
plasmashell /config/Desktop/libreoffice-calc.desktop
plasmashell /config/Desktop/libreoffice-calc.desktop
plasmashell /config/Desktop/libreoffice-calc.desktop
plasmashell /config/Desktop/libreoffice-calc.desktop
plasmashell /config/Desktop/libreoffice-calc.desktop
plasmashell /config/Desktop/libreoffice-calc.desktop
plasmashell /config/Desktop/libreoffice-calc.desktop
plasmashell /config/Desktop/libreoffice-calc.desktop
plasmashell /config/Desktop/libreoffice-calc.desktop
plasmashell /config/Desktop/libreoffice-calc.desktop
plasmashell /config/Desktop/libreoffice-calc.desktop
plasmashell /config/Desktop/libreoffice-calc.desktop
plasmashell /config/Desktop/libreoffice-calc.desktop
soffice.bin /usr/lib/libreoffice/share/config/images_breeze.zip
plasmashell /config/Desktop/libreoffice-calc.desktop
soffice.bin /usr/lib/libreoffice/share/config/images_breeze.zip
plasmashell /config/Desktop/libreoffice-calc.desktop
plasmashell /config/Desktop/libreoffice-calc.desktop
plasmashell /config/Desktop/libreoffice-calc.desktop
plasmashell /config/Desktop/libreoffice-calc.desktop
plasmashell /config/Desktop/libreoffice-calc.desktop
plasmashell /config/Desktop/libreoffice-calc.desktop
plasmashell /config/Desktop/libreoffice-calc.desktop
plasmashell /config/Desktop/libreoffice-calc.desktop
plasmashell /config/Desktop/libreoffice-calc.desktop
plasmashell /config/Desktop/libreoffice-calc.desktop
plasmashell /config/Desktop/libreoffice-calc.desktop
plasmashell /config/Desktop/libreoffice-calc.desktop
plasmashell /config/Desktop/libreoffice-calc.desktop
plasmashell /config/Desktop/libreoffice-calc.desktop
plasmashell /config/Desktop/libreoffice-calc.desktop
plasmashell /config/Desktop/libreoffice-calc.desktop
plasmashell /config/Desktop/libreoffice-calc.desktop
plasmashell /config/Desktop/libreoffice-calc.desktop
plasmashell /config/Desktop/libreoffice-calc.desktop
plasmashell /config/Desktop/libreoffice-calc.desktop
plasmashell /config/Desktop/libreoffice-calc.desktop
plasmashell /config/Desktop/libreoffice-calc.desktop
plasmashell /config/Desktop/libreoffice-calc.desktop
plasmashell /config/Desktop/libreoffice-calc.desktop
plasmashell /config/Desktop/libreoffice-calc.desktop
plasmashell /config/Desktop/libreoffice-calc.desktop
plasmashell /config/Desktop/libreoffice-calc.desktop
plasmashell /config/Desktop/libreoffice-calc.desktop
plasmashell /config/Desktop/libreoffice-calc.desktop
plasmashell /config/Desktop/libreoffice-calc.desktop
plasmashell /config/Desktop/libreoffice-calc.desktop
soffice.bin /etc/passwd
soffice.bin /config/.config/libreoffice/4/cache/breeze/150/vcl/res/closedoc.png
plasmashell /config/Desktop/libreoffice-calc.desktop
soffice.bin /config/.config/libreoffice/4/cache/breeze/150/vcl/res/closedoc.png
plasmashell /config/Desktop/libreoffice-calc.desktop
soffice.bin /usr/lib/libreoffice/program/resource//en_US/LC_MESSAGES/vcl.mo
soffice.bin /usr/lib/libreoffice/program/resource//en/LC_MESSAGES/vcl.mo
plasmashell /config/Desktop/libreoffice-calc.desktop
plasmashell /config/Desktop/libreoffice-calc.desktop
plasmashell /config/Desktop/libreoffice-calc.desktop
plasmashell /config/Desktop/libreoffice-calc.desktop
plasmashell /config/Desktop/libreoffice-calc.desktop
plasmashell /config/Desktop/libreoffice-calc.desktop
plasmashell /config/Desktop/libreoffice-calc.desktop
soffice.bin /config/.config/libreoffice/4/cache/breeze/150/cmd/sc_adddirect.png
soffice.bin /config/.config/libreoffice/4/cache/breeze/150/cmd/sc_adddirect.png
plasmashell /config/Desktop/libreoffice-calc.desktop
soffice.bin /config/.config/libreoffice/4/cache/breeze/150/cmd/sc_openfromcalc.png
plasmashell /config/Desktop/libreoffice-calc.desktop
soffice.bin /config/.config/libreoffice/4/cache/breeze/150/cmd/sc_openfromcalc.png
soffice.bin /config/.config/libreoffice/4/cache/breeze/150/cmd/sc_openfromcalc.png
soffice.bin /config/.config/libreoffice/4/cache/breeze/150/cmd/sc_openfromcalc.png
plasmashell /config/Desktop/libreoffice-calc.desktop
soffice.bin /config/.config/libreoffice/4/cache/breeze/150/cmd/sc_recentfilelist.png
soffice.bin /config/.config/libreoffice/4/cache/breeze/150/cmd/sc_recentfilelist.png
soffice.bin /config/.config/libreoffice/4/cache/breeze/150/cmd/sc_closedoc.png
soffice.bin /config/.config/libreoffice/4/cache/breeze/150/cmd/sc_closedoc.png
plasmashell /config/Desktop/libreoffice-calc.desktop
soffice.bin /config/.config/libreoffice/4/cache/breeze/150/cmd/sc_templatemenu.png
soffice.bin /config/.config/libreoffice/4/cache/breeze/150/cmd/sc_templatemenu.png
plasmashell /config/Desktop/libreoffice-calc.desktop
soffice.bin /config/.config/libreoffice/4/cache/breeze/150/cmd/sc_templatemenu.png
soffice.bin /config/.config/libreoffice/4/cache/breeze/150/cmd/sc_templatemenu.png
soffice.bin /config/.config/libreoffice/4/cache/breeze/150/cmd/sc_save.png
soffice.bin /config/.config/libreoffice/4/cache/breeze/150/cmd/sc_save.png
plasmashell /config/Desktop/libreoffice-calc.desktop
soffice.bin /config/.config/libreoffice/4/cache/breeze/150/cmd/sc_saveas.png
soffice.bin /config/.config/libreoffice/4/cache/breeze/150/cmd/sc_saveas.png
plasmashell /config/Desktop/libreoffice-calc.desktop
soffice.bin /config/.config/libreoffice/4/cache/breeze/150/cmd/sc_exportto.png
soffice.bin /config/.config/libreoffice/4/cache/breeze/150/cmd/sc_exportto.png
soffice.bin /config/.config/libreoffice/4/cache/breeze/150/cmd/sc_exporttopdf.png
soffice.bin /config/.config/libreoffice/4/cache/breeze/150/cmd/sc_exporttopdf.png
plasmashell /config/Desktop/libreoffice-calc.desktop
soffice.bin /config/.config/libreoffice/4/cache/breeze/150/cmd/sc_exporttopdf.png
soffice.bin /config/.config/libreoffice/4/cache/breeze/150/cmd/sc_exporttopdf.png
soffice.bin /config/.config/libreoffice/4/cache/breeze/150/cmd/sc_sendto.png
soffice.bin /usr/lib/libreoffice/share/config/images_colibre.zip
plasmashell /config/Desktop/libreoffice-calc.desktop
soffice.bin /usr/lib/libreoffice/share/config/images_colibre.zip
plasmashell /config/Desktop/libreoffice-calc.desktop
plasmashell /config/Desktop/libreoffice-calc.desktop
plasmashell /config/Desktop/libreoffice-calc.desktop
plasmashell /config/Desktop/libreoffice-calc.desktop
plasmashell /config/Desktop/libreoffice-calc.desktop
plasmashell /config/Desktop/libreoffice-calc.desktop
plasmashell /config/Desktop/libreoffice-calc.desktop
plasmashell /config/Desktop/libreoffice-calc.desktop
plasmashell /proc/1255/environ
plasmashell /proc/1255/stat
plasmashell /etc/passwd
plasmashell /proc/1255/cmdline
soffice.bin /config/.config/libreoffice/4/cache/colibre/150/cmd/sc_sendto.png
soffice.bin /config/.config/libreoffice/4/cache/breeze/150/cmd/sc_printpreview.png
soffice.bin /config/.config/libreoffice/4/cache/breeze/150/cmd/sc_printpreview.png
soffice.bin /config/.config/libreoffice/4/cache/breeze/150/cmd/sc_print.png
soffice.bin /config/.config/libreoffice/4/cache/breeze/150/cmd/sc_print.png
soffice.bin /config/.config/libreoffice/4/cache/breeze/150/cmd/sc_setdocumentproperties.png
soffice.bin /config/.config/libreoffice/4/cache/breeze/150/cmd/sc_setdocumentproperties.png
soffice.bin /config/.config/libreoffice/4/cache/breeze/150/cmd/sc_signaturesmenu.png
soffice.bin /config/.config/libreoffice/4/cache/colibre/150/cmd/sc_signaturesmenu.png
soffice.bin /config/.config/libreoffice/4/cache/breeze/150/cmd/sc_quit.png
soffice.bin /config/.config/libreoffice/4/cache/breeze/150/cmd/sc_quit.png
soffice.bin /config/.config/libreoffice/4/cache/breeze/150/res/sx03251.png
soffice.bin /config/.config/libreoffice/4/cache/breeze/150/res/sx03251.png
soffice.bin /config/.config/libreoffice/4/cache/breeze/150/res/sx03250.png
soffice.bin /config/.config/libreoffice/4/cache/breeze/150/res/sx03250.png
soffice.bin /config/.config/libreoffice/4/cache/breeze/150/res/sx03249.png
soffice.bin /config/.config/libreoffice/4/cache/breeze/150/res/sx03249.png
soffice.bin /config/.config/libreoffice/4/cache/breeze/150/res/sx03246.png
soffice.bin /config/.config/libreoffice/4/cache/breeze/150/res/sx03246.png
soffice.bin /config/.config/libreoffice/4/cache/breeze/150/res/sx03139.png
soffice.bin /config/.config/libreoffice/4/cache/breeze/150/res/sx03139.png
soffice.bin /config/.config/libreoffice/4/cache/breeze/150/res/sx03255.png
soffice.bin /config/.config/libreoffice/4/cache/breeze/150/res/sx03255.png
soffice.bin /config/.config/libreoffice/4/cache/breeze/150/res/sx03248.png
soffice.bin /config/.config/libreoffice/4/cache/breeze/150/res/sx03248.png
soffice.bin /config/.config/libreoffice/4/cache/breeze/150/cmd/sc_newdoc.png
soffice.bin /config/.config/libreoffice/4/cache/breeze/150/cmd/sc_newdoc.png
QSGRenderThread /config/.cache/mesa_shader_cache/e0/5250706703def1507c2b08bc094ccc6ce02270
soffice.bin /config/.config/libreoffice/4/cache/breeze/150/cmd/sc_undo.png
soffice.bin /config/.config/libreoffice/4/cache/breeze/150/cmd/sc_undo.png
soffice.bin /config/.config/libreoffice/4/cache/breeze/150/cmd/sc_redo.png
soffice.bin /config/.config/libreoffice/4/cache/breeze/150/cmd/sc_redo.png
soffice.bin /config/.config/libreoffice/4/cache/breeze/150/cmd/sc_repeat.png
soffice.bin /config/.config/libreoffice/4/cache/breeze/150/cmd/sc_repeat.png
soffice.bin /config/.config/libreoffice/4/cache/breeze/150/cmd/sc_cut.png
soffice.bin /config/.config/libreoffice/4/cache/breeze/150/cmd/sc_cut.png
soffice.bin /config/.config/libreoffice/4/cache/breeze/150/cmd/sc_copy.png
soffice.bin /config/.config/libreoffice/4/cache/breeze/150/cmd/sc_copy.png
soffice.bin /config/.config/libreoffice/4/cache/breeze/150/cmd/sc_paste.png
soffice.bin /config/.config/libreoffice/4/cache/breeze/150/cmd/sc_paste.png
soffice.bin /config/.config/libreoffice/4/cache/breeze/150/cmd/sc_pastespecialmenu.png
soffice.bin /config/.config/libreoffice/4/cache/breeze/150/cmd/sc_pastespecialmenu.png
soffice.bin /config/.config/libreoffice/4/cache/breeze/150/cmd/sc_pastespecialmenu.png
soffice.bin /config/.config/libreoffice/4/cache/breeze/150/cmd/sc_pastespecialmenu.png
soffice.bin /config/.config/libreoffice/4/cache/breeze/150/cmd/sc_selectall.png
soffice.bin /config/.config/libreoffice/4/cache/breeze/150/cmd/sc_selectall.png
soffice.bin /config/.config/libreoffice/4/cache/breeze/150/cmd/sc_editselectmenu.png
soffice.bin /config/.config/libreoffice/4/cache/breeze/150/cmd/sc_editselectmenu.png
soffice.bin /config/.config/libreoffice/4/cache/breeze/150/cmd/sc_editselectmenu.png
soffice.bin /config/.config/libreoffice/4/cache/breeze/150/cmd/sc_editselectmenu.png
soffice.bin /config/.config/libreoffice/4/cache/breeze/150/cmd/sc_focustofindbar.png
soffice.bin /config/.config/libreoffice/4/cache/breeze/150/cmd/sc_focustofindbar.png
soffice.bin /config/.config/libreoffice/4/cache/breeze/150/cmd/sc_focustofindbar.png
soffice.bin /config/.config/libreoffice/4/cache/breeze/150/cmd/sc_focustofindbar.png
soffice.bin /config/.config/libreoffice/4/cache/breeze/150/cmd/sc_changesmenu.png
soffice.bin /config/.config/libreoffice/4/cache/breeze/150/cmd/sc_changesmenu.png
soffice.bin /config/.config/libreoffice/4/cache/breeze/150/cmd/sc_changesmenu.png
soffice.bin /config/.config/libreoffice/4/cache/breeze/150/cmd/sc_changesmenu.png
soffice.bin /config/.config/libreoffice/4/cache/breeze/150/cmd/sc_pasteunformatted.png
soffice.bin /config/.config/libreoffice/4/cache/breeze/150/cmd/sc_pasteunformatted.png
soffice.bin /config/.config/libreoffice/4/cache/breeze/150/cmd/sc_pasteonlytext.png
soffice.bin /config/.config/libreoffice/4/cache/breeze/150/cmd/sc_pasteonlytext.png
soffice.bin /config/.config/libreoffice/4/cache/breeze/150/cmd/sc_pasteonlyvalue.png
soffice.bin /config/.config/libreoffice/4/cache/breeze/150/cmd/sc_pasteonlyvalue.png
soffice.bin /config/.config/libreoffice/4/cache/breeze/150/cmd/sc_pasteonlyformula.png
soffice.bin /config/.config/libreoffice/4/cache/breeze/150/cmd/sc_pasteonlyformula.png
soffice.bin /config/.config/libreoffice/4/cache/breeze/150/cmd/sc_pastetransposed.png
soffice.bin /config/.config/libreoffice/4/cache/breeze/150/cmd/sc_pastetransposed.png
soffice.bin /config/.config/libreoffice/4/cache/breeze/150/cmd/sc_pastespecial.png
soffice.bin /config/.config/libreoffice/4/cache/breeze/150/cmd/sc_pastespecial.png
soffice.bin /config/.config/libreoffice/4/cache/breeze/150/cmd/sc_tableselectall.png
soffice.bin /config/.config/libreoffice/4/cache/breeze/150/cmd/sc_tableselectall.png
soffice.bin /config/.config/libreoffice/4/cache/breeze/150/cmd/sc_tableselectall.png
plasmashell /config/Desktop/libreoffice-calc.desktop
soffice.bin /config/.config/libreoffice/4/cache/breeze/150/cmd/sc_tableselectall.png
soffice.bin /config/.config/libreoffice/4/cache/breeze/150/cmd/sc_selecttables.png
soffice.bin /config/.config/libreoffice/4/cache/breeze/150/cmd/sc_selecttables.png
plasmashell /config/Desktop/libreoffice-calc.desktop
soffice.bin /config/.config/libreoffice/4/cache/breeze/150/cmd/sc_jumptonexttablesel.png
soffice.bin /config/.config/libreoffice/4/cache/colibre/150/cmd/sc_jumptonexttablesel.png
soffice.bin /config/.config/libreoffice/4/cache/breeze/150/cmd/sc_jumptoprevtablesel.png
soffice.bin /config/.config/libreoffice/4/cache/colibre/150/cmd/sc_jumptoprevtablesel.png
soffice.bin /config/.config/libreoffice/4/cache/breeze/150/cmd/sc_selectrow.png
soffice.bin /config/.config/libreoffice/4/cache/breeze/150/cmd/sc_selectrow.png
plasmashell /config/Desktop/libreoffice-calc.desktop
soffice.bin /config/.config/libreoffice/4/cache/breeze/150/cmd/sc_selectcolumn.png
soffice.bin /config/.config/libreoffice/4/cache/breeze/150/cmd/sc_selectcolumn.png
plasmashell /config/Desktop/libreoffice-calc.desktop
soffice.bin /config/.config/libreoffice/4/cache/breeze/150/cmd/sc_selectdata.png
plasmas:disk$0 /config/.cache/mesa_shader_cache/e0/5250706703def1507c2b08bc094ccc6ce02270.tmp
soffice.bin /config/.config/libreoffice/4/cache/breeze/150/cmd/sc_selectdata.png
QSGRenderThread /config/.cache/mesa_shader_cache/80/d3e9ca504a454f9a419ed0ad80fe8045218ede
plasmashell /config/Desktop/libreoffice-calc.desktop
plasmas:disk$0 /config/.cache/mesa_shader_cache/e0/5250706703def1507c2b08bc094ccc6ce02270.tmp
plasmas:disk$0 /config/.cache/mesa_shader_cache/e0/5250706703def1507c2b08bc094ccc6ce02270
soffice.bin /config/.config/libreoffice/4/cache/breeze/150/cmd/sc_selectunprotectedcells.png
soffice.bin /config/.config/libreoffice/4/cache/breeze/150/cmd/sc_selectunprotectedcells.png
QSGRenderThread /config/.cache/mesa_shader_cache/4f/56a27cad663faae24d17aa6ca9ee29809ad158
plasmashell /config/Desktop/libreoffice-calc.desktop
soffice.bin /config/.config/libreoffice/4/cache/breeze/150/cmd/sc_selectvisiblerows.png
soffice.bin /config/.config/libreoffice/4/cache/colibre/150/cmd/sc_selectvisiblerows.png
soffice.bin /config/.config/libreoffice/4/cache/breeze/150/cmd/sc_selectvisiblecolumns.png
soffice.bin /config/.config/libreoffice/4/cache/colibre/150/cmd/sc_selectvisiblecolumns.png
plasmashell /config/Desktop/libreoffice-calc.desktop
soffice.bin /config/.config/libreoffice/4/cache/breeze/150/cmd/sc_tracechangemode.png
soffice.bin /config/.config/libreoffice/4/cache/breeze/150/cmd/sc_tracechangemode.png
soffice.bin /config/.config/libreoffice/4/cache/breeze/150/cmd/sc_tracechangemode.png
plasmashell /config/Desktop/libreoffice-calc.desktop
soffice.bin /config/.config/libreoffice/4/cache/breeze/150/cmd/sc_tracechangemode.png
soffice.bin /config/.config/libreoffice/4/cache/breeze/150/cmd/sc_showchanges.png
soffice.bin /config/.config/libreoffice/4/cache/breeze/150/cmd/sc_showchanges.png
plasmashell /config/Desktop/libreoffice-calc.desktop
soffice.bin /config/.config/libreoffice/4/cache/breeze/150/cmd/sc_showchanges.png
soffice.bin /config/.config/libreoffice/4/cache/breeze/150/cmd/sc_showchanges.png
plasmashell /config/Desktop/libreoffice-calc.desktop
soffice.bin /config/.config/libreoffice/4/cache/breeze/150/cmd/sc_acceptchanges.png
soffice.bin /config/.config/libreoffice/4/cache/breeze/150/cmd/sc_acceptchanges.png
soffice.bin /config/.config/libreoffice/4/cache/breeze/150/cmd/sc_acceptchanges.png
plasmashell /config/Desktop/libreoffice-calc.desktop
soffice.bin /config/.config/libreoffice/4/cache/breeze/150/cmd/sc_acceptchanges.png
soffice.bin /config/.config/libreoffice/4/cache/breeze/150/cmd/sc_commentchange.png
soffice.bin /config/.config/libreoffice/4/cache/breeze/150/cmd/sc_commentchange.png
plasmashell /config/Desktop/libreoffice-calc.desktop
soffice.bin /config/.config/libreoffice/4/cache/breeze/150/cmd/sc_commentchange.png
soffice.bin /config/.config/libreoffice/4/cache/breeze/150/cmd/sc_commentchange.png
soffice.bin /config/.config/libreoffice/4/cache/breeze/150/cmd/sc_protecttracechangemode.png
soffice.bin /config/.config/libreoffice/4/cache/breeze/150/cmd/sc_protecttracechangemode.png
plasmashell /config/Desktop/libreoffice-calc.desktop
soffice.bin /config/.config/libreoffice/4/cache/breeze/150/cmd/sc_protecttracechangemode.png
soffice.bin /config/.config/libreoffice/4/cache/breeze/150/cmd/sc_protecttracechangemode.png
plasmashell /config/Desktop/libreoffice-calc.desktop
soffice.bin /config/.config/libreoffice/4/cache/breeze/150/cmd/sc_comparedocuments.png
soffice.bin /config/.config/libreoffice/4/cache/breeze/150/cmd/sc_comparedocuments.png
soffice.bin /config/.config/libreoffice/4/cache/breeze/150/cmd/sc_mergedocuments.png
plasmashell /config/Desktop/libreoffice-calc.desktop
soffice.bin /config/.config/libreoffice/4/cache/breeze/150/cmd/sc_mergedocuments.png
plasmashell /config/Desktop/libreoffice-calc.desktop
plasmashell /config/Desktop/libreoffice-calc.desktop
plasmashell /config/Desktop/libreoffice-calc.desktop
plasmashell /config/Desktop/libreoffice-calc.desktop
plasmashell /config/Desktop/libreoffice-calc.desktop
plasmashell /config/Desktop/libreoffice-calc.desktop
soffice.bin /config/.config/libreoffice/4/cache/breeze/150/cmd/sc_normalviewmode.png
soffice.bin /config/.config/libreoffice/4/cache/breeze/150/cmd/sc_normalviewmode.png
plasmashell /config/Desktop/libreoffice-calc.desktop
soffice.bin /config/.config/libreoffice/4/cache/breeze/150/cmd/sc_pagebreakmode.png
soffice.bin /config/.config/libreoffice/4/cache/breeze/150/cmd/sc_pagebreakmode.png
soffice.bin /config/.config/libreoffice/4/cache/breeze/150/cmd/sc_toolbarmodeui.png
soffice.bin /config/.config/libreoffice/4/cache/colibre/150/cmd/sc_toolbarmodeui.png
soffice.bin /config/.config/libreoffice/4/cache/breeze/150/cmd/sc_togglesheetgrid.png
plasmashell /config/Desktop/libreoffice-calc.desktop
soffice.bin /config/.config/libreoffice/4/cache/breeze/150/cmd/sc_togglesheetgrid.png
soffice.bin /config/.config/libreoffice/4/cache/breeze/150/cmd/sc_gridmenu.png
soffice.bin /config/.config/libreoffice/4/cache/breeze/150/cmd/sc_gridmenu.png
plasmashell /config/Desktop/libreoffice-calc.desktop
soffice.bin /config/.config/libreoffice/4/cache/breeze/150/cmd/sc_gridmenu.png
soffice.bin /config/.config/libreoffice/4/cache/breeze/150/cmd/sc_gridmenu.png
soffice.bin /config/.config/libreoffice/4/cache/breeze/150/cmd/sc_viewvaluehighlighting.png
soffice.bin /config/.config/libreoffice/4/cache/breeze/150/cmd/sc_viewvaluehighlighting.png
plasmashell /config/Desktop/libreoffice-calc.desktop
soffice.bin /config/.config/libreoffice/4/cache/breeze/150/cmd/sc_viewcolumnrowhighlighting.png
soffice.bin /config/.config/libreoffice/4/cache/colibre/150/cmd/sc_viewcolumnrowhighlighting.png
soffice.bin /config/.config/libreoffice/4/cache/breeze/150/cmd/sc_viewhiddencolrow.png
soffice.bin /config/.config/libreoffice/4/cache/colibre/150/cmd/sc_viewhiddencolrow.png
soffice.bin /config/.config/libreoffice/4/cache/breeze/150/cmd/sc_toggleformula.png
soffice.bin /config/.config/libreoffice/4/cache/breeze/150/cmd/sc_toggleformula.png
plasmashell /config/Desktop/libreoffice-calc.desktop
soffice.bin /config/.config/libreoffice/4/cache/breeze/150/cmd/sc_showannotations.png
soffice.bin /config/.config/libreoffice/4/cache/breeze/150/cmd/sc_showannotations.png
plasmashell /config/Desktop/libreoffice-calc.desktop
soffice.bin /config/.config/libreoffice/4/cache/breeze/150/cmd/sc_showannotations.png
soffice.bin /config/.config/libreoffice/4/cache/breeze/150/cmd/sc_showannotations.png
soffice.bin /config/.config/libreoffice/4/cache/breeze/150/cmd/sc_splitwindow.png
plasmashell /config/Desktop/libreoffice-calc.desktop
soffice.bin /config/.config/libreoffice/4/cache/breeze/150/cmd/sc_splitwindow.png
soffice.bin /config/.config/libreoffice/4/cache/breeze/150/cmd/sc_freezepanes.png
soffice.bin /config/.config/libreoffice/4/cache/breeze/150/cmd/sc_freezepanes.png
plasmashell /config/Desktop/libreoffice-calc.desktop
soffice.bin /config/.config/libreoffice/4/cache/breeze/150/cmd/sc_sidebar.png
soffice.bin /config/.config/libreoffice/4/cache/breeze/150/cmd/sc_sidebar.png
plasmashell /config/Desktop/libreoffice-calc.desktop
soffice.bin /config/.config/libreoffice/4/cache/breeze/150/cmd/sc_viewsidebarstyles.png
soffice.bin /config/.config/libreoffice/4/cache/breeze/150/cmd/sc_viewsidebarstyles.png
plasmashell /config/Desktop/libreoffice-calc.desktop
soffice.bin /config/.config/libreoffice/4/cache/breeze/150/cmd/sc_viewsidebarstyles.png
soffice.bin /config/.config/libreoffice/4/cache/breeze/150/cmd/sc_viewsidebarstyles.png
soffice.bin /config/.config/libreoffice/4/cache/breeze/150/cmd/sc_gallery.png
plasmashell /config/Desktop/libreoffice-calc.desktop
soffice.bin /config/.config/libreoffice/4/cache/breeze/150/cmd/sc_gallery.png
soffice.bin /config/.config/libreoffice/4/cache/breeze/150/cmd/sc_navigator.png
plasmashell /config/Desktop/libreoffice-calc.desktop
soffice.bin /config/.config/libreoffice/4/cache/breeze/150/cmd/sc_navigator.png
soffice.bin /config/.config/libreoffice/4/cache/breeze/150/cmd/sc_functionbox.png
plasmashell /config/Desktop/libreoffice-calc.desktop
soffice.bin /config/.config/libreoffice/4/cache/breeze/150/cmd/sc_functionbox.png
soffice.bin /config/.config/libreoffice/4/cache/breeze/150/cmd/sc_functionbox.png
soffice.bin /config/.config/libreoffice/4/cache/breeze/150/cmd/sc_functionbox.png
plasmashell /config/Desktop/libreoffice-calc.desktop
soffice.bin /config/.config/libreoffice/4/cache/breeze/150/cmd/sc_viewdatasourcebrowser.png
soffice.bin /config/.config/libreoffice/4/cache/breeze/150/cmd/sc_viewdatasourcebrowser.png
plasmashell /config/Desktop/libreoffice-calc.desktop
soffice.bin /config/.config/libreoffice/4/cache/breeze/150/cmd/sc_fullscreen.png
soffice.bin /config/.config/libreoffice/4/cache/breeze/150/cmd/sc_fullscreen.png
plasmashell /config/Desktop/libreoffice-calc.desktop
soffice.bin /config/.config/libreoffice/4/cache/breeze/150/cmd/sc_zoommenu.png
soffice.bin /config/.config/libreoffice/4/cache/breeze/150/cmd/sc_zoommenu.png
soffice.bin /config/.config/libreoffice/4/cache/breeze/150/cmd/sc_zoommenu.png
plasmashell /config/Desktop/libreoffice-calc.desktop
soffice.bin /config/.config/libreoffice/4/cache/breeze/150/cmd/sc_zoommenu.png
plasmashell /config/Desktop/libreoffice-calc.desktop
soffice.bin /config/.config/libreoffice/4/user/config/soffice.cfg/modules/scalc/toolbar
plasmashell /config/Desktop/libreoffice-calc.desktop
soffice.bin /config/.config/libreoffice/4/cache/breeze/150/cmd/sc_configuredialog.png
soffice.bin /config/.config/libreoffice/4/cache/breeze/150/cmd/sc_configuredialog.png
plasmashell /config/Desktop/libreoffice-calc.desktop
soffice.bin /config/.config/libreoffice/4/cache/breeze/150/cmd/sc_toolbarlock.png
soffice.bin /config/.config/libreoffice/4/cache/colibre/150/cmd/sc_toolbarlock.png
soffice.bin /config/.config/libreoffice/4/user/config/soffice.cfg/modules/scalc/toolbar
plasmashell /config/Desktop/libreoffice-calc.desktop
soffice.bin /config/.config/libreoffice/4/cache/breeze/150/cmd/sc_toolbarlock.png
soffice.bin /config/.config/libreoffice/4/cache/colibre/150/cmd/sc_toolbarlock.png
plasmas:disk$0 /config/.cache/mesa_shader_cache/4f/56a27cad663faae24d17aa6ca9ee29809ad158.tmp
soffice.bin /config/.config/libreoffice/4/cache/breeze/150/cmd/sc_gridvisible.png
QSGRenderThread /config/.cache/mesa_shader_cache/f7/a7b31ba35bed97603b63033fbe87f08a14666b
plasmas:disk$0 /config/.cache/mesa_shader_cache/4f/56a27cad663faae24d17aa6ca9ee29809ad158.tmp
soffice.bin /config/.config/libreoffice/4/cache/breeze/150/cmd/sc_gridvisible.png
plasmas:disk$0 /config/.cache/mesa_shader_cache/4f/56a27cad663faae24d17aa6ca9ee29809ad158
plasmashell /config/Desktop/libreoffice-calc.desktop
soffice.bin /config/.config/libreoffice/4/cache/breeze/150/cmd/sc_griduse.png
soffice.bin /config/.config/libreoffice/4/cache/breeze/150/cmd/sc_griduse.png
soffice.bin /config/.config/libreoffice/4/cache/breeze/150/cmd/sc_helplinesmove.png
plasmashell /config/Desktop/libreoffice-calc.desktop
soffice.bin /config/.config/libreoffice/4/cache/breeze/150/cmd/sc_helplinesmove.png
soffice.bin /config/.config/libreoffice/4/cache/breeze/150/cmd/sc_freezepanescolumn.png
plasmashell /config/Desktop/libreoffice-calc.desktop
soffice.bin /config/.config/libreoffice/4/cache/colibre/150/cmd/sc_freezepanescolumn.png
soffice.bin /config/.config/libreoffice/4/cache/breeze/150/cmd/sc_freezepanesrow.png
soffice.bin /config/.config/libreoffice/4/cache/colibre/150/cmd/sc_freezepanesrow.png
soffice.bin /config/.config/libreoffice/4/cache/breeze/150/cmd/sc_zoompage.png
soffice.bin /config/.config/libreoffice/4/cache/breeze/150/cmd/sc_zoompage.png
plasmashell /config/Desktop/libreoffice-calc.desktop
soffice.bin /config/.config/libreoffice/4/cache/breeze/150/cmd/sc_zoompagewidth.png
soffice.bin /config/.config/libreoffice/4/cache/breeze/150/cmd/sc_zoompagewidth.png
plasmashell /config/Desktop/libreoffice-calc.desktop
soffice.bin /config/.config/libreoffice/4/cache/breeze/150/cmd/sc_zoomoptimal.png
soffice.bin /config/.config/libreoffice/4/cache/breeze/150/cmd/sc_zoomoptimal.png
soffice.bin /config/.config/libreoffice/4/cache/breeze/150/cmd/sc_zoom50percent.png
soffice.bin /config/.config/libreoffice/4/cache/colibre/150/cmd/sc_zoom50percent.png
plasmashell /config/Desktop/libreoffice-calc.desktop
soffice.bin /config/.config/libreoffice/4/cache/breeze/150/cmd/sc_zoom100percent.png
soffice.bin /config/.config/libreoffice/4/cache/breeze/150/cmd/sc_zoom100percent.png
soffice.bin /config/.config/libreoffice/4/cache/breeze/150/cmd/sc_zoom100percent.png
soffice.bin /config/.config/libreoffice/4/cache/breeze/150/cmd/sc_zoom100percent.png
soffice.bin /config/.config/libreoffice/4/cache/breeze/150/cmd/sc_zoom200percent.png
soffice.bin /config/.config/libreoffice/4/cache/colibre/150/cmd/sc_zoom200percent.png
soffice.bin /config/.config/libreoffice/4/user/config/soffice.cfg/modules/scalc/toolbar
soffice.bin /config/.config/libreoffice/4/cache/breeze/150/cmd/sc_toolbarlock.png
soffice.bin /config/.config/libreoffice/4/cache/colibre/150/cmd/sc_toolbarlock.png
soffice.bin /config/.config/libreoffice/4/cache/breeze/150/cmd/sc_insertgraphic.png
soffice.bin /config/.config/libreoffice/4/cache/breeze/150/cmd/sc_insertgraphic.png
soffice.bin /config/.config/libreoffice/4/cache/breeze/150/cmd/sc_insertobjectchart.png
soffice.bin /config/.config/libreoffice/4/cache/breeze/150/cmd/sc_insertobjectchart.png
soffice.bin /config/.config/libreoffice/4/cache/breeze/150/cmd/sc_insertobjectchart.png
soffice.bin /config/.config/libreoffice/4/cache/breeze/150/cmd/sc_insertobjectchart.png
soffice.bin /config/.config/libreoffice/4/cache/breeze/150/cmd/sc_insertsparkline.png
soffice.bin /config/.config/libreoffice/4/cache/colibre/150/cmd/sc_insertsparkline.png
soffice.bin /config/.config/libreoffice/4/cache/breeze/150/cmd/sc_datadatapilotrun.png
soffice.bin /config/.config/libreoffice/4/cache/breeze/150/cmd/sc_datadatapilotrun.png
soffice.bin /config/.config/libreoffice/4/cache/breeze/150/cmd/sc_graphicmenu.png
soffice.bin /config/.config/libreoffice/4/cache/breeze/150/cmd/sc_graphicmenu.png
soffice.bin /config/.config/libreoffice/4/cache/breeze/150/cmd/sc_graphicmenu.png
soffice.bin /config/.config/libreoffice/4/cache/breeze/150/cmd/sc_graphicmenu.png
soffice.bin /config/.config/libreoffice/4/cache/breeze/150/cmd/sc_shapesmenu.png
soffice.bin /config/.config/libreoffice/4/cache/breeze/150/cmd/sc_shapesmenu.png
soffice.bin /config/.config/libreoffice/4/cache/breeze/150/cmd/sc_shapesmenu.png
soffice.bin /config/.config/libreoffice/4/cache/breeze/150/cmd/sc_shapesmenu.png
soffice.bin /config/.config/libreoffice/4/cache/breeze/150/cmd/sc_functiondialog.png
soffice.bin /config/.config/libreoffice/4/cache/breeze/150/cmd/sc_functiondialog.png
soffice.bin /config/.config/libreoffice/4/cache/breeze/150/cmd/sc_functiondialog.png
soffice.bin /config/.config/libreoffice/4/cache/breeze/150/cmd/sc_functiondialog.png
soffice.bin /config/.config/libreoffice/4/cache/breeze/150/cmd/sc_drawtext.png
soffice.bin /config/.config/libreoffice/4/cache/breeze/150/cmd/sc_drawtext.png
soffice.bin /config/.config/libreoffice/4/cache/breeze/150/cmd/sc_drawtext.png
soffice.bin /config/.config/libreoffice/4/cache/breeze/150/cmd/sc_drawtext.png
soffice.bin /config/.config/libreoffice/4/cache/breeze/150/cmd/sc_insertannotation.png
soffice.bin /config/.config/libreoffice/4/cache/breeze/150/cmd/sc_insertannotation.png
soffice.bin /config/.config/libreoffice/4/cache/breeze/150/cmd/sc_fontworkgalleryfloater.png
plasmashell /usr/share/icons/breeze/apps/48/system-file-manager.svg
soffice.bin /config/.config/libreoffice/4/cache/breeze/150/cmd/sc_fontworkgalleryfloater.png
soffice.bin /config/.config/libreoffice/4/cache/breeze/150/cmd/sc_hyperlinkdialog.png
soffice.bin /config/.config/libreoffice/4/cache/breeze/150/cmd/sc_hyperlinkdialog.png
soffice.bin /config/.config/libreoffice/4/cache/breeze/150/cmd/sc_hyperlinkdialog.png
soffice.bin /config/.config/libreoffice/4/cache/breeze/150/cmd/sc_hyperlinkdialog.png
soffice.bin /config/.config/libreoffice/4/cache/breeze/150/cmd/sc_insertsymbol.png
soffice.bin /config/.config/libreoffice/4/cache/breeze/150/cmd/sc_insertsymbol.png
soffice.bin /config/.config/libreoffice/4/cache/breeze/150/cmd/sc_formattingmarkmenu.png
soffice.bin /config/.config/libreoffice/4/cache/colibre/150/cmd/sc_formattingmarkmenu.png
soffice.bin /config/.config/libreoffice/4/cache/breeze/150/cmd/sc_insertcurrentdate.png
soffice.bin /config/.config/libreoffice/4/cache/breeze/150/cmd/sc_insertcurrentdate.png
soffice.bin /config/.config/libreoffice/4/cache/breeze/150/cmd/sc_insertcurrentdate.png
soffice.bin /config/.config/libreoffice/4/cache/breeze/150/cmd/sc_insertcurrentdate.png
soffice.bin /config/.config/libreoffice/4/cache/breeze/150/cmd/sc_insertcurrenttime.png
soffice.bin /config/.config/libreoffice/4/cache/breeze/150/cmd/sc_insertcurrenttime.png
soffice.bin /config/.config/libreoffice/4/cache/breeze/150/cmd/sc_insertcurrenttime.png
soffice.bin /config/.config/libreoffice/4/cache/breeze/150/cmd/sc_insertcurrenttime.png
plasmashell /usr/share/icons/breeze/apps/48/utilities-terminal.svg
soffice.bin /config/.config/libreoffice/4/cache/breeze/150/cmd/sc_fieldmenu.png
soffice.bin /config/.config/libreoffice/4/cache/breeze/150/cmd/sc_fieldmenu.png
soffice.bin /config/.config/libreoffice/4/cache/breeze/150/cmd/sc_fieldmenu.png
soffice.bin /config/.config/libreoffice/4/cache/breeze/150/cmd/sc_fieldmenu.png
soffice.bin /config/.config/libreoffice/4/cache/breeze/150/cmd/sc_insertformmenu.png
soffice.bin /config/.config/libreoffice/4/cache/breeze/150/cmd/sc_insertformmenu.png
soffice.bin /config/.config/libreoffice/4/cache/breeze/150/cmd/sc_insertformmenu.png
soffice.bin /config/.config/libreoffice/4/cache/breeze/150/cmd/sc_insertformmenu.png
QQmlThread /usr/share/plasma/plasmoids/org.kde.plasma.taskmanager/contents/ui/inlinec
QQmlThread /config/.cache/plasmashell/qmlcache/3807403dffe42867d027edf93e6c2cc872923bac.
soffice.bin /config/.config/libreoffice/4/cache/breeze/150/cmd/sc_scan.png
soffice.bin /config/.config/libreoffice/4/cache/colibre/150/cmd/sc_scan.png
plasmashell /config/Desktop/libreoffice-calc.desktop
soffice.bin /config/.config/libreoffice/4/cache/colibre/150/cmd/sc_scan.png
soffice.bin /config/.config/libreoffice/4/cache/breeze/150/cmd/sc_scan.png
plasmashell /config/Desktop/libreoffice-calc.desktop
plasmas:disk$0 /config/.cache/mesa_shader_cache/f7/a7b31ba35bed97603b63033fbe87f08a14666b.tmp
soffice.bin /config/.config/libreoffice/4/cache/breeze/150/cmd/sc_insertavmedia.png
plasmas:disk$0 /config/.cache/mesa_shader_cache/f7/a7b31ba35bed97603b63033fbe87f08a14666b.tmp
soffice.bin /config/.config/libreoffice/4/cache/breeze/150/cmd/sc_insertavmedia.png
plasmas:disk$0 /config/.cache/mesa_shader_cache/f7/a7b31ba35bed97603b63033fbe87f08a14666b
soffice.bin /config/.config/libreoffice/4/cache/breeze/150/cmd/sc_insertavmedia.png
soffice.bin /config/.config/libreoffice/4/cache/breeze/150/cmd/sc_insertavmedia.png
soffice.bin /config/.config/libreoffice/4/cache/breeze/150/cmd/sc_twainselect.png
soffice.bin /config/.config/libreoffice/4/cache/colibre/150/cmd/sc_twainselect.png
plasmashell /config/Desktop/libreoffice-calc.desktop
soffice.bin /config/.config/libreoffice/4/cache/breeze/150/cmd/sc_insertobjectstarmath.png
soffice.bin /config/.config/libreoffice/4/cache/breeze/150/cmd/sc_insertobjectstarmath.png
soffice.bin /config/.config/libreoffice/4/cache/breeze/150/cmd/sc_insertobjectstarmath.png
soffice.bin /config/.config/libreoffice/4/cache/breeze/150/cmd/sc_insertobjectstarmath.png
plasmashell /config/Desktop/libreoffice-calc.desktop
soffice.bin /config/.config/libreoffice/4/cache/breeze/150/cmd/sc_insertobject.png
soffice.bin /config/.config/libreoffice/4/cache/breeze/150/cmd/sc_insertobject.png
plasmashell /config/Desktop/libreoffice-calc.desktop
soffice.bin /config/.config/libreoffice/4/cache/breeze/150/cmd/sc_shapeslinemenu.png
soffice.bin /config/.config/libreoffice/4/cache/breeze/150/cmd/sc_shapeslinemenu.png
soffice.bin /config/.config/libreoffice/4/cache/breeze/150/cmd/sc_shapeslinemenu.png
plasmashell /config/Desktop/libreoffice-calc.desktop
soffice.bin /config/.config/libreoffice/4/cache/breeze/150/cmd/sc_shapeslinemenu.png
soffice.bin /config/.config/libreoffice/4/cache/breeze/150/cmd/sc_basicshapes.png
soffice.bin /config/.config/libreoffice/4/cache/breeze/150/cmd/sc_basicshapes.png
plasmashell /config/Desktop/libreoffice-calc.desktop
soffice.bin /config/.config/libreoffice/4/cache/breeze/150/cmd/sc_basicshapes.png
soffice.bin /config/.config/libreoffice/4/cache/breeze/150/cmd/sc_basicshapes.png
soffice.bin /config/.config/libreoffice/4/cache/breeze/150/cmd/sc_arrowshapes.png
soffice.bin /config/.config/libreoffice/4/cache/breeze/150/cmd/sc_arrowshapes.png
plasmashell /config/Desktop/libreoffice-calc.desktop
soffice.bin /config/.config/libreoffice/4/cache/breeze/150/cmd/sc_symbolshapes.png
soffice.bin /config/.config/libreoffice/4/cache/breeze/150/cmd/sc_symbolshapes.png
plasmashell /config/Desktop/libreoffice-calc.desktop
soffice.bin /config/.config/libreoffice/4/cache/breeze/150/cmd/sc_starshapes.png
soffice.bin /config/.config/libreoffice/4/cache/breeze/150/cmd/sc_starshapes.png
plasmashell /config/Desktop/libreoffice-calc.desktop
soffice.bin /config/.config/libreoffice/4/cache/breeze/150/cmd/sc_calloutshapes.png
soffice.bin /config/.config/libreoffice/4/cache/breeze/150/cmd/sc_calloutshapes.png
plasmashell /config/Desktop/libreoffice-calc.desktop
soffice.bin /config/.config/libreoffice/4/cache/breeze/150/cmd/sc_flowchartshapes.png
soffice.bin /config/.config/libreoffice/4/cache/breeze/150/cmd/sc_flowchartshapes.png
soffice.bin /config/.config/libreoffice/4/cache/breeze/150/cmd/sc_flowchartshapes.png
soffice.bin /config/.config/libreoffice/4/cache/breeze/150/cmd/sc_flowchartshapes.png
plasmashell /config/Desktop/libreoffice-calc.desktop
soffice.bin /config/.config/libreoffice/4/cache/breeze/150/cmd/sc_line.png
plasmashell /config/Desktop/libreoffice-calc.desktop
soffice.bin /config/.config/libreoffice/4/cache/breeze/150/cmd/sc_line.png
soffice.bin /config/.config/libreoffice/4/cache/breeze/150/cmd/sc_freeline_unfilled.png
soffice.bin /config/.config/libreoffice/4/cache/breeze/150/cmd/sc_freeline_unfilled.png
plasmashell /config/Desktop/libreoffice-calc.desktop
soffice.bin /config/.config/libreoffice/4/cache/breeze/150/cmd/sc_freeline.png
soffice.bin /config/.config/libreoffice/4/cache/breeze/150/cmd/sc_freeline.png
plasmashell /config/Desktop/libreoffice-calc.desktop
soffice.bin /config/.config/libreoffice/4/cache/breeze/150/cmd/sc_bezier_unfilled.png
soffice.bin /config/.config/libreoffice/4/cache/breeze/150/cmd/sc_bezier_unfilled.png
plasmashell /config/Desktop/libreoffice-calc.desktop
soffice.bin /config/.config/libreoffice/4/cache/breeze/150/cmd/sc_bezierfill.png
plasmashell /config/Desktop/libreoffice-calc.desktop
soffice.bin /config/.config/libreoffice/4/cache/breeze/150/cmd/sc_bezierfill.png
plasmashell /config/Desktop/libreoffice-calc.desktop
soffice.bin /config/.config/libreoffice/4/cache/breeze/150/cmd/sc_polygon_unfilled.png
soffice.bin /config/.config/libreoffice/4/cache/breeze/150/cmd/sc_polygon_unfilled.png
plasmashell /config/Desktop/libreoffice-calc.desktop
soffice.bin /config/.config/libreoffice/4/cache/breeze/150/cmd/sc_polygon_diagonal_unfilled.png
soffice.bin /config/.config/libreoffice/4/cache/breeze/150/cmd/sc_polygon_diagonal_unfilled.png
soffice.bin /config/.config/libreoffice/4/cache/breeze/150/cmd/sc_polygon_diagonal.png
plasmashell /config/Desktop/libreoffice-calc.desktop
soffice.bin /config/.config/libreoffice/4/cache/breeze/150/cmd/sc_polygon_diagonal.png
plasmashell /config/Desktop/libreoffice-calc.desktop
soffice.bin /config/.config/libreoffice/4/user/config/soffice.cfg/modules/scalc/toolbar
plasmashell /config/Desktop/libreoffice-calc.desktop
soffice.bin /usr/lib/libreoffice/share/config/soffice.cfg/modules/scalc/toolbar/basicshapes.xml
plasmashell /config/Desktop/libreoffice-calc.desktop
soffice.bin /config/.config/libreoffice/4/cache/breeze/150/cmd/sc_basicshapes.rectangle.png
soffice.bin /config/.config/libreoffice/4/cache/breeze/150/cmd/sc_basicshapes.rectangle.png
plasmashell /config/Desktop/libreoffice-calc.desktop
soffice.bin /config/.config/libreoffice/4/cache/breeze/150/cmd/sc_basicshapes.rectangle.png
soffice.bin /config/.config/libreoffice/4/cache/breeze/150/cmd/sc_basicshapes.rectangle.png
soffice.bin /config/.config/libreoffice/4/cache/breeze/150/cmd/sc_basicshapes.round-rectangle.png
plasmashell /config/Desktop/libreoffice-calc.desktop
soffice.bin /config/.config/libreoffice/4/cache/breeze/150/cmd/sc_basicshapes.round-rectangle.png
soffice.bin /config/.config/libreoffice/4/cache/breeze/150/cmd/sc_basicshapes.round-rectangle.png
soffice.bin /config/.config/libreoffice/4/cache/breeze/150/cmd/sc_basicshapes.round-rectangle.png
plasmashell /config/Desktop/libreoffice-calc.desktop
soffice.bin /config/.config/libreoffice/4/cache/breeze/150/cmd/sc_basicshapes.quadrat.png
soffice.bin /config/.config/libreoffice/4/cache/breeze/150/cmd/sc_basicshapes.quadrat.png
soffice.bin /config/.config/libreoffice/4/cache/breeze/150/cmd/sc_basicshapes.quadrat.png
soffice.bin /config/.config/libreoffice/4/cache/breeze/150/cmd/sc_basicshapes.quadrat.png
plasmashell /config/Desktop/libreoffice-calc.desktop
soffice.bin /config/.config/libreoffice/4/cache/breeze/150/cmd/sc_basicshapes.round-quadrat.png
soffice.bin /config/.config/libreoffice/4/cache/breeze/150/cmd/sc_basicshapes.round-quadrat.png
soffice.bin /config/.config/libreoffice/4/cache/breeze/150/cmd/sc_basicshapes.parallelogram.png
soffice.bin /config/.config/libreoffice/4/cache/breeze/150/cmd/sc_basicshapes.parallelogram.png
plasmashell /config/Desktop/libreoffice-calc.desktop
soffice.bin /config/.config/libreoffice/4/cache/breeze/150/cmd/sc_basicshapes.parallelogram.png
soffice.bin /config/.config/libreoffice/4/cache/breeze/150/cmd/sc_basicshapes.parallelogram.png
plasmashell /config/Desktop/libreoffice-calc.desktop
soffice.bin /config/.config/libreoffice/4/cache/breeze/150/cmd/sc_basicshapes.trapezoid.png
soffice.bin /config/.config/libreoffice/4/cache/breeze/150/cmd/sc_basicshapes.trapezoid.png
soffice.bin /config/.config/libreoffice/4/cache/breeze/150/cmd/sc_basicshapes.ellipse.png
plasmashell /config/Desktop/libreoffice-calc.desktop
soffice.bin /config/.config/libreoffice/4/cache/breeze/150/cmd/sc_basicshapes.ellipse.png
soffice.bin /config/.config/libreoffice/4/cache/breeze/150/cmd/sc_basicshapes.ellipse.png
soffice.bin /config/.config/libreoffice/4/cache/breeze/150/cmd/sc_basicshapes.ellipse.png
plasmashell /config/Desktop/libreoffice-calc.desktop
soffice.bin /config/.config/libreoffice/4/cache/breeze/150/cmd/sc_basicshapes.circle.png
soffice.bin /config/.config/libreoffice/4/cache/breeze/150/cmd/sc_basicshapes.circle.png
plasmashell /config/Desktop/libreoffice-calc.desktop
soffice.bin /config/.config/libreoffice/4/cache/breeze/150/cmd/sc_basicshapes.circle.png
soffice.bin /config/.config/libreoffice/4/cache/breeze/150/cmd/sc_basicshapes.circle.png
soffice.bin /config/.config/libreoffice/4/cache/breeze/150/cmd/sc_basicshapes.circle-pie.png
soffice.bin /config/.config/libreoffice/4/cache/breeze/150/cmd/sc_basicshapes.circle-pie.png
plasmashell /config/Desktop/libreoffice-calc.desktop
soffice.bin /config/.config/libreoffice/4/cache/breeze/150/cmd/sc_basicshapes.circle-pie.png
soffice.bin /config/.config/libreoffice/4/cache/breeze/150/cmd/sc_basicshapes.circle-pie.png
soffice.bin /config/.config/libreoffice/4/cache/breeze/150/cmd/sc_circlecut.png
plasmashell /config/Desktop/libreoffice-calc.desktop
soffice.bin /config/.config/libreoffice/4/cache/breeze/150/cmd/sc_circlecut.png
soffice.bin /config/.config/libreoffice/4/cache/breeze/150/cmd/sc_arc.png
plasmashell /config/Desktop/libreoffice-calc.desktop
soffice.bin /config/.config/libreoffice/4/cache/breeze/150/cmd/sc_arc.png
soffice.bin /config/.config/libreoffice/4/cache/breeze/150/cmd/sc_basicshapes.block-arc.png
plasmashell /config/Desktop/libreoffice-calc.desktop
soffice.bin /config/.config/libreoffice/4/cache/breeze/150/cmd/sc_basicshapes.block-arc.png
soffice.bin /config/.config/libreoffice/4/cache/breeze/150/cmd/sc_basicshapes.isosceles-triangle.png
soffice.bin /config/.config/libreoffice/4/cache/breeze/150/cmd/sc_basicshapes.isosceles-triangle.png
plasmashell /config/Desktop/libreoffice-calc.desktop
soffice.bin /config/.config/libreoffice/4/cache/breeze/150/cmd/sc_basicshapes.right-triangle.png
soffice.bin /config/.config/libreoffice/4/cache/breeze/150/cmd/sc_basicshapes.right-triangle.png
plasmashell /config/Desktop/libreoffice-calc.desktop
soffice.bin /config/.config/libreoffice/4/cache/breeze/150/cmd/sc_basicshapes.diamond.png
soffice.bin /config/.config/libreoffice/4/cache/breeze/150/cmd/sc_basicshapes.diamond.png
plasmashell /config/Desktop/libreoffice-calc.desktop
soffice.bin /config/.config/libreoffice/4/cache/breeze/150/cmd/sc_basicshapes.pentagon.png
soffice.bin /config/.config/libreoffice/4/cache/breeze/150/cmd/sc_basicshapes.pentagon.png
plasmashell /config/Desktop/libreoffice-calc.desktop
soffice.bin /config/.config/libreoffice/4/cache/breeze/150/cmd/sc_basicshapes.hexagon.png
soffice.bin /config/.config/libreoffice/4/cache/breeze/150/cmd/sc_basicshapes.hexagon.png
plasmashell /config/Desktop/libreoffice-calc.desktop
soffice.bin /config/.config/libreoffice/4/cache/breeze/150/cmd/sc_basicshapes.octagon.png
soffice.bin /config/.config/libreoffice/4/cache/breeze/150/cmd/sc_basicshapes.octagon.png
plasmashell /config/Desktop/libreoffice-calc.desktop
soffice.bin /config/.config/libreoffice/4/cache/breeze/150/cmd/sc_basicshapes.can.png
soffice.bin /config/.config/libreoffice/4/cache/breeze/150/cmd/sc_basicshapes.can.png
soffice.bin /config/.config/libreoffice/4/cache/breeze/150/cmd/sc_basicshapes.cube.png
plasmashell /config/Desktop/libreoffice-calc.desktop
soffice.bin /config/.config/libreoffice/4/cache/breeze/150/cmd/sc_basicshapes.cube.png
soffice.bin /config/.config/libreoffice/4/cache/breeze/150/cmd/sc_basicshapes.paper.png
soffice.bin /config/.config/libreoffice/4/cache/breeze/150/cmd/sc_basicshapes.paper.png
plasmashell /config/Desktop/libreoffice-calc.desktop
soffice.bin /config/.config/libreoffice/4/cache/breeze/150/cmd/sc_basicshapes.cross.png
soffice.bin /config/.config/libreoffice/4/cache/breeze/150/cmd/sc_basicshapes.cross.png
soffice.bin /config/.config/libreoffice/4/cache/breeze/150/cmd/sc_basicshapes.frame.png
plasmashell /config/Desktop/libreoffice-calc.desktop
soffice.bin /config/.config/libreoffice/4/cache/breeze/150/cmd/sc_basicshapes.frame.png
soffice.bin /config/.config/libreoffice/4/cache/breeze/150/cmd/sc_basicshapes.frame.png
soffice.bin /config/.config/libreoffice/4/cache/breeze/150/cmd/sc_basicshapes.frame.png
plasmashell /config/Desktop/libreoffice-calc.desktop
soffice.bin /config/.config/libreoffice/4/cache/breeze/150/cmd/sc_basicshapes.ring.png
soffice.bin /config/.config/libreoffice/4/cache/breeze/150/cmd/sc_basicshapes.ring.png
plasmashell /config/Desktop/libreoffice-calc.desktop
soffice.bin /config/.config/libreoffice/4/user/config/soffice.cfg/modules/scalc/toolbar
soffice.bin /usr/lib/libreoffice/share/config/soffice.cfg/modules/scalc/toolbar/arrowshapes.xml
plasmashell /config/Desktop/libreoffice-calc.desktop
plasmashell /config/Desktop/libreoffice-calc.desktop
soffice.bin /config/.config/libreoffice/4/cache/breeze/150/cmd/sc_arrowshapes.right-arrow.png
soffice.bin /config/.config/libreoffice/4/cache/breeze/150/cmd/sc_arrowshapes.right-arrow.png
soffice.bin /config/.config/libreoffice/4/cache/breeze/150/cmd/sc_arrowshapes.left-arrow.png
plasmashell /config/Desktop/libreoffice-calc.desktop
soffice.bin /config/.config/libreoffice/4/cache/breeze/150/cmd/sc_arrowshapes.left-arrow.png
soffice.bin /config/.config/libreoffice/4/cache/breeze/150/cmd/sc_arrowshapes.down-arrow.png
soffice.bin /config/.config/libreoffice/4/cache/breeze/150/cmd/sc_arrowshapes.down-arrow.png
soffice.bin /config/.config/libreoffice/4/cache/breeze/150/cmd/sc_arrowshapes.up-arrow.png
soffice.bin /config/.config/libreoffice/4/cache/breeze/150/cmd/sc_arrowshapes.up-arrow.png
soffice.bin /config/.config/libreoffice/4/cache/breeze/150/cmd/sc_arrowshapes.up-down-arrow.png
soffice.bin /config/.config/libreoffice/4/cache/breeze/150/cmd/sc_arrowshapes.up-down-arrow.png
soffice.bin /config/.config/libreoffice/4/cache/breeze/150/cmd/sc_arrowshapes.circular-arrow.png
soffice.bin /config/.config/libreoffice/4/cache/breeze/150/cmd/sc_arrowshapes.circular-arrow.png
soffice.bin /config/.config/libreoffice/4/cache/breeze/150/cmd/sc_arrowshapes.s-sharped-arrow.png
soffice.bin /config/.config/libreoffice/4/cache/breeze/150/cmd/sc_arrowshapes.s-sharped-arrow.png
soffice.bin /config/.config/libreoffice/4/cache/breeze/150/cmd/sc_arrowshapes.split-arrow.png
soffice.bin /config/.config/libreoffice/4/cache/breeze/150/cmd/sc_arrowshapes.split-arrow.png
soffice.bin /config/.config/libreoffice/4/cache/breeze/150/cmd/sc_arrowshapes.split-round-arrow.png
soffice.bin /config/.config/libreoffice/4/cache/breeze/150/cmd/sc_arrowshapes.split-round-arrow.png
soffice.bin /config/.config/libreoffice/4/cache/breeze/150/cmd/sc_arrowshapes.quad-arrow.png
soffice.bin /config/.config/libreoffice/4/cache/breeze/150/cmd/sc_arrowshapes.quad-arrow.png
soffice.bin /config/.config/libreoffice/4/cache/breeze/150/cmd/sc_arrowshapes.corner-right-arrow.png
soffice.bin /config/.config/libreoffice/4/cache/breeze/150/cmd/sc_arrowshapes.corner-right-arrow.png
soffice.bin /config/.config/libreoffice/4/cache/breeze/150/cmd/sc_arrowshapes.chevron.png
soffice.bin /config/.config/libreoffice/4/cache/breeze/150/cmd/sc_arrowshapes.chevron.png
soffice.bin /config/.config/libreoffice/4/cache/breeze/150/cmd/sc_arrowshapes.pentagon-right.png
soffice.bin /config/.config/libreoffice/4/cache/breeze/150/cmd/sc_arrowshapes.pentagon-right.png
soffice.bin /config/.config/libreoffice/4/cache/breeze/150/cmd/sc_arrowshapes.striped-right-arrow.png
soffice.bin /config/.config/libreoffice/4/cache/breeze/150/cmd/sc_arrowshapes.striped-right-arrow.png
soffice.bin /config/.config/libreoffice/4/cache/breeze/150/cmd/sc_arrowshapes.up-right-down-arrow.png
soffice.bin /config/.config/libreoffice/4/cache/breeze/150/cmd/sc_arrowshapes.up-right-down-arrow.png
soffice.bin /config/.config/libreoffice/4/cache/breeze/150/cmd/sc_arrowshapes.notched-right-arrow.png
soffice.bin /config/.config/libreoffice/4/cache/breeze/150/cmd/sc_arrowshapes.notched-right-arrow.png
soffice.bin /config/.config/libreoffice/4/cache/breeze/150/cmd/sc_arrowshapes.up-right-arrow.png
soffice.bin /config/.config/libreoffice/4/cache/breeze/150/cmd/sc_arrowshapes.up-right-arrow.png
soffice.bin /config/.config/libreoffice/4/cache/breeze/150/cmd/sc_arrowshapes.right-arrow-callout.png
soffice.bin /config/.config/libreoffice/4/cache/breeze/150/cmd/sc_arrowshapes.right-arrow-callout.png
soffice.bin /config/.config/libreoffice/4/cache/breeze/150/cmd/sc_arrowshapes.left-arrow-callout.png
soffice.bin /config/.config/libreoffice/4/cache/breeze/150/cmd/sc_arrowshapes.left-arrow-callout.png
soffice.bin /config/.config/libreoffice/4/cache/breeze/150/cmd/sc_arrowshapes.down-arrow-callout.png
soffice.bin /config/.config/libreoffice/4/cache/breeze/150/cmd/sc_arrowshapes.down-arrow-callout.png
plasmashell /usr/share/icons/hicolor/32x32/apps/thunderbird.png
soffice.bin /config/.config/libreoffice/4/cache/breeze/150/cmd/sc_arrowshapes.up-arrow-callout.png
soffice.bin /config/.config/libreoffice/4/cache/breeze/150/cmd/sc_arrowshapes.up-arrow-callout.png
soffice.bin /config/.config/libreoffice/4/cache/breeze/150/cmd/sc_arrowshapes.left-right-arrow-callout.png
soffice.bin /config/.config/libreoffice/4/cache/breeze/150/cmd/sc_arrowshapes.left-right-arrow-callout.png
soffice.bin /config/.config/libreoffice/4/cache/breeze/150/cmd/sc_arrowshapes.up-down-arrow-callout.png
soffice.bin /config/.config/libreoffice/4/cache/breeze/150/cmd/sc_arrowshapes.up-down-arrow-callout.png
soffice.bin /config/.config/libreoffice/4/cache/breeze/150/cmd/sc_arrowshapes.quad-arrow-callout.png
soffice.bin /config/.config/libreoffice/4/cache/breeze/150/cmd/sc_arrowshapes.quad-arrow-callout.png
soffice.bin /config/.config/libreoffice/4/cache/breeze/150/cmd/sc_arrowshapes.up-right-arrow-callout.png
soffice.bin /config/.config/libreoffice/4/cache/breeze/150/cmd/sc_arrowshapes.up-right-arrow-callout.png
soffice.bin /config/.config/libreoffice/4/user/config/soffice.cfg/modules/scalc/toolbar
soffice.bin /usr/lib/libreoffice/share/config/soffice.cfg/modules/scalc/toolbar/symbolshapes.xml
soffice.bin /config/.config/libreoffice/4/cache/breeze/150/cmd/sc_symbolshapes.heart.png
soffice.bin /config/.config/libreoffice/4/cache/breeze/150/cmd/sc_symbolshapes.heart.png
soffice.bin /config/.config/libreoffice/4/cache/breeze/150/cmd/sc_symbolshapes.sun.png
soffice.bin /config/.config/libreoffice/4/cache/breeze/150/cmd/sc_symbolshapes.sun.png
soffice.bin /config/.config/libreoffice/4/cache/breeze/150/cmd/sc_symbolshapes.moon.png
soffice.bin /config/.config/libreoffice/4/cache/breeze/150/cmd/sc_symbolshapes.moon.png
soffice.bin /config/.config/libreoffice/4/cache/breeze/150/cmd/sc_symbolshapes.cloud.png
soffice.bin /config/.config/libreoffice/4/cache/breeze/150/cmd/sc_symbolshapes.cloud.png
soffice.bin /config/.config/libreoffice/4/cache/breeze/150/cmd/sc_symbolshapes.lightning.png
soffice.bin /config/.config/libreoffice/4/cache/breeze/150/cmd/sc_symbolshapes.lightning.png
soffice.bin /config/.config/libreoffice/4/cache/breeze/150/cmd/sc_symbolshapes.flower.png
soffice.bin /config/.config/libreoffice/4/cache/breeze/150/cmd/sc_symbolshapes.flower.png
soffice.bin /config/.config/libreoffice/4/cache/breeze/150/cmd/sc_symbolshapes.forbidden.png
soffice.bin /config/.config/libreoffice/4/cache/breeze/150/cmd/sc_symbolshapes.forbidden.png
soffice.bin /config/.config/libreoffice/4/cache/breeze/150/cmd/sc_symbolshapes.puzzle.png
soffice.bin /config/.config/libreoffice/4/cache/breeze/150/cmd/sc_symbolshapes.puzzle.png
soffice.bin /config/.config/libreoffice/4/cache/breeze/150/cmd/sc_symbolshapes.quad-bevel.png
soffice.bin /config/.config/libreoffice/4/cache/breeze/150/cmd/sc_symbolshapes.quad-bevel.png
soffice.bin /config/.config/libreoffice/4/cache/breeze/150/cmd/sc_symbolshapes.octagon-bevel.png
soffice.bin /config/.config/libreoffice/4/cache/breeze/150/cmd/sc_symbolshapes.octagon-bevel.png
soffice.bin /config/.config/libreoffice/4/cache/breeze/150/cmd/sc_symbolshapes.diamond-bevel.png
soffice.bin /config/.config/libreoffice/4/cache/breeze/150/cmd/sc_symbolshapes.diamond-bevel.png
soffice.bin /config/.config/libreoffice/4/cache/breeze/150/cmd/sc_symbolshapes.bracket-pair.png
soffice.bin /config/.config/libreoffice/4/cache/breeze/150/cmd/sc_symbolshapes.bracket-pair.png
soffice.bin /config/.config/libreoffice/4/cache/breeze/150/cmd/sc_symbolshapes.left-bracket.png
soffice.bin /config/.config/libreoffice/4/cache/breeze/150/cmd/sc_symbolshapes.left-bracket.png
soffice.bin /config/.config/libreoffice/4/cache/breeze/150/cmd/sc_symbolshapes.right-bracket.png
soffice.bin /config/.config/libreoffice/4/cache/breeze/150/cmd/sc_symbolshapes.right-bracket.png
soffice.bin /config/.config/libreoffice/4/cache/breeze/150/cmd/sc_symbolshapes.brace-pair.png
soffice.bin /config/.config/libreoffice/4/cache/breeze/150/cmd/sc_symbolshapes.brace-pair.png
soffice.bin /config/.config/libreoffice/4/cache/breeze/150/cmd/sc_symbolshapes.left-brace.png
soffice.bin /config/.config/libreoffice/4/cache/breeze/150/cmd/sc_symbolshapes.left-brace.png
soffice.bin /config/.config/libreoffice/4/cache/breeze/150/cmd/sc_symbolshapes.right-brace.png
soffice.bin /config/.config/libreoffice/4/cache/breeze/150/cmd/sc_symbolshapes.right-brace.png
soffice.bin /config/.config/libreoffice/4/user/config/soffice.cfg/modules/scalc/toolbar
soffice.bin /usr/lib/libreoffice/share/config/soffice.cfg/modules/scalc/toolbar/starshapes.xml
soffice.bin /config/.config/libreoffice/4/cache/breeze/150/cmd/sc_starshapes.star4.png
soffice.bin /config/.config/libreoffice/4/cache/breeze/150/cmd/sc_starshapes.star4.png
soffice.bin /config/.config/libreoffice/4/cache/breeze/150/cmd/sc_starshapes.star5.png
soffice.bin /config/.config/libreoffice/4/cache/breeze/150/cmd/sc_starshapes.star5.png
soffice.bin /config/.config/libreoffice/4/cache/breeze/150/cmd/sc_starshapes.star6.png
soffice.bin /config/.config/libreoffice/4/cache/breeze/150/cmd/sc_starshapes.star6.png
soffice.bin /config/.config/libreoffice/4/cache/breeze/150/cmd/sc_starshapes.star8.png
soffice.bin /config/.config/libreoffice/4/cache/breeze/150/cmd/sc_starshapes.star8.png
soffice.bin /config/.config/libreoffice/4/cache/breeze/150/cmd/sc_starshapes.star12.png
soffice.bin /config/.config/libreoffice/4/cache/breeze/150/cmd/sc_starshapes.star12.png
soffice.bin /config/.config/libreoffice/4/cache/breeze/150/cmd/sc_starshapes.star24.png
soffice.bin /config/.config/libreoffice/4/cache/breeze/150/cmd/sc_starshapes.star24.png
soffice.bin /config/.config/libreoffice/4/cache/breeze/150/cmd/sc_starshapes.bang.png
soffice.bin /config/.config/libreoffice/4/cache/breeze/150/cmd/sc_starshapes.bang.png
soffice.bin /config/.config/libreoffice/4/cache/breeze/150/cmd/sc_starshapes.vertical-scroll.png
soffice.bin /config/.config/libreoffice/4/cache/breeze/150/cmd/sc_starshapes.vertical-scroll.png
soffice.bin /config/.config/libreoffice/4/cache/breeze/150/cmd/sc_starshapes.horizontal-scroll.png
soffice.bin /config/.config/libreoffice/4/cache/breeze/150/cmd/sc_starshapes.horizontal-scroll.png
soffice.bin /config/.config/libreoffice/4/cache/breeze/150/cmd/sc_starshapes.signet.png
soffice.bin /config/.config/libreoffice/4/cache/breeze/150/cmd/sc_starshapes.signet.png
soffice.bin /config/.config/libreoffice/4/cache/breeze/150/cmd/sc_starshapes.doorplate.png
soffice.bin /config/.config/libreoffice/4/cache/breeze/150/cmd/sc_starshapes.doorplate.png
soffice.bin /config/.config/libreoffice/4/cache/breeze/150/cmd/sc_starshapes.concave-star6.png
soffice.bin /config/.config/libreoffice/4/cache/breeze/150/cmd/sc_starshapes.concave-star6.png
soffice.bin /config/.config/libreoffice/4/user/config/soffice.cfg/modules/scalc/toolbar
soffice.bin /usr/lib/libreoffice/share/config/soffice.cfg/modules/scalc/toolbar/calloutshapes.xml
soffice.bin /config/.config/libreoffice/4/cache/breeze/150/cmd/sc_calloutshapes.rectangular-callout.png
soffice.bin /config/.config/libreoffice/4/cache/breeze/150/cmd/sc_calloutshapes.rectangular-callout.png
soffice.bin /config/.config/libreoffice/4/cache/breeze/150/cmd/sc_calloutshapes.round-callout.png
soffice.bin /config/.config/libreoffice/4/cache/breeze/150/cmd/sc_calloutshapes.round-callout.png
soffice.bin /config/.config/libreoffice/4/cache/breeze/150/cmd/sc_calloutshapes.cloud-callout.png
soffice.bin /config/.config/libreoffice/4/cache/breeze/150/cmd/sc_calloutshapes.cloud-callout.png
soffice.bin /config/.config/libreoffice/4/cache/breeze/150/cmd/sc_calloutshapes.line-callout-1.png
soffice.bin /config/.config/libreoffice/4/cache/breeze/150/cmd/sc_calloutshapes.line-callout-1.png
soffice.bin /config/.config/libreoffice/4/cache/breeze/150/cmd/sc_calloutshapes.line-callout-2.png
soffice.bin /config/.config/libreoffice/4/cache/breeze/150/cmd/sc_calloutshapes.line-callout-2.png
QSGRenderThread /config/.cache/mesa_shader_cache/6b/4f60e5e80c2584cc6c7d43ad5eaeda5ed282f8
soffice.bin /config/.config/libreoffice/4/cache/breeze/150/cmd/sc_calloutshapes.line-callout-3.png
soffice.bin /config/.config/libreoffice/4/cache/breeze/150/cmd/sc_calloutshapes.line-callout-3.png
soffice.bin /config/.config/libreoffice/4/user/config/soffice.cfg/modules/scalc/toolbar
soffice.bin /usr/lib/libreoffice/share/config/soffice.cfg/modules/scalc/toolbar/flowchartshapes.xml
soffice.bin /config/.config/libreoffice/4/cache/breeze/150/cmd/sc_flowchartshapes.flowchart-process.png
soffice.bin /config/.config/libreoffice/4/cache/breeze/150/cmd/sc_flowchartshapes.flowchart-process.png
soffice.bin /config/.config/libreoffice/4/cache/breeze/150/cmd/sc_flowchartshapes.flowchart-process.png
soffice.bin /config/.config/libreoffice/4/cache/breeze/150/cmd/sc_flowchartshapes.flowchart-process.png
soffice.bin /config/.config/libreoffice/4/cache/breeze/150/cmd/sc_flowchartshapes.flowchart-decision.png
soffice.bin /config/.config/libreoffice/4/cache/breeze/150/cmd/sc_flowchartshapes.flowchart-decision.png
soffice.bin /config/.config/libreoffice/4/cache/breeze/150/cmd/sc_flowchartshapes.flowchart-data.png
soffice.bin /config/.config/libreoffice/4/cache/breeze/150/cmd/sc_flowchartshapes.flowchart-data.png
soffice.bin /config/.config/libreoffice/4/cache/breeze/150/cmd/sc_flowchartshapes.flowchart-predefined-process.png
soffice.bin /config/.config/libreoffice/4/cache/breeze/150/cmd/sc_flowchartshapes.flowchart-predefined-process.png
soffice.bin /config/.config/libreoffice/4/cache/breeze/150/cmd/sc_flowchartshapes.flowchart-internal-storage.png
soffice.bin /config/.config/libreoffice/4/cache/breeze/150/cmd/sc_flowchartshapes.flowchart-internal-storage.png
soffice.bin /config/.config/libreoffice/4/cache/breeze/150/cmd/sc_flowchartshapes.flowchart-document.png
soffice.bin /config/.config/libreoffice/4/cache/breeze/150/cmd/sc_flowchartshapes.flowchart-document.png
soffice.bin /config/.config/libreoffice/4/cache/breeze/150/cmd/sc_flowchartshapes.flowchart-multidocument.png
soffice.bin /config/.config/libreoffice/4/cache/breeze/150/cmd/sc_flowchartshapes.flowchart-multidocument.png
soffice.bin /config/.config/libreoffice/4/cache/breeze/150/cmd/sc_flowchartshapes.flowchart-terminator.png
soffice.bin /config/.config/libreoffice/4/cache/breeze/150/cmd/sc_flowchartshapes.flowchart-terminator.png
soffice.bin /config/.config/libreoffice/4/cache/breeze/150/cmd/sc_flowchartshapes.flowchart-preparation.png
soffice.bin /config/.config/libreoffice/4/cache/breeze/150/cmd/sc_flowchartshapes.flowchart-preparation.png
soffice.bin /config/.config/libreoffice/4/cache/breeze/150/cmd/sc_flowchartshapes.flowchart-manual-input.png
soffice.bin /config/.config/libreoffice/4/cache/breeze/150/cmd/sc_flowchartshapes.flowchart-manual-input.png
soffice.bin /config/.config/libreoffice/4/cache/breeze/150/cmd/sc_flowchartshapes.flowchart-connector.png
soffice.bin /config/.config/libreoffice/4/cache/breeze/150/cmd/sc_flowchartshapes.flowchart-connector.png
soffice.bin /config/.config/libreoffice/4/cache/breeze/150/cmd/sc_flowchartshapes.flowchart-connector.png
soffice.bin /config/.config/libreoffice/4/cache/breeze/150/cmd/sc_flowchartshapes.flowchart-connector.png
soffice.bin /config/.config/libreoffice/4/cache/breeze/150/cmd/sc_flowchartshapes.flowchart-off-page-connector.png
soffice.bin /config/.config/libreoffice/4/cache/breeze/150/cmd/sc_flowchartshapes.flowchart-off-page-connector.png
soffice.bin /config/.config/libreoffice/4/cache/breeze/150/cmd/sc_flowchartshapes.flowchart-card.png
soffice.bin /config/.config/libreoffice/4/cache/breeze/150/cmd/sc_flowchartshapes.flowchart-card.png
soffice.bin /config/.config/libreoffice/4/cache/breeze/150/cmd/sc_flowchartshapes.flowchart-punched-tape.png
soffice.bin /config/.config/libreoffice/4/cache/breeze/150/cmd/sc_flowchartshapes.flowchart-punched-tape.png
soffice.bin /config/.config/libreoffice/4/cache/breeze/150/cmd/sc_flowchartshapes.flowchart-punched-tape.png
soffice.bin /config/.config/libreoffice/4/cache/breeze/150/cmd/sc_flowchartshapes.flowchart-punched-tape.png
soffice.bin /config/.config/libreoffice/4/cache/breeze/150/cmd/sc_flowchartshapes.flowchart-summing-junction.png
soffice.bin /config/.config/libreoffice/4/cache/breeze/150/cmd/sc_flowchartshapes.flowchart-summing-junction.png
soffice.bin /config/.config/libreoffice/4/cache/breeze/150/cmd/sc_flowchartshapes.flowchart-or.png
soffice.bin /config/.config/libreoffice/4/cache/breeze/150/cmd/sc_flowchartshapes.flowchart-or.png
soffice.bin /config/.config/libreoffice/4/cache/breeze/150/cmd/sc_flowchartshapes.flowchart-collate.png
soffice.bin /config/.config/libreoffice/4/cache/breeze/150/cmd/sc_flowchartshapes.flowchart-collate.png
soffice.bin /config/.config/libreoffice/4/cache/breeze/150/cmd/sc_flowchartshapes.flowchart-sort.png
soffice.bin /config/.config/libreoffice/4/cache/breeze/150/cmd/sc_flowchartshapes.flowchart-sort.png
soffice.bin /config/.config/libreoffice/4/cache/breeze/150/cmd/sc_flowchartshapes.flowchart-merge.png
soffice.bin /config/.config/libreoffice/4/cache/breeze/150/cmd/sc_flowchartshapes.flowchart-merge.png
soffice.bin /config/.config/libreoffice/4/cache/breeze/150/cmd/sc_flowchartshapes.flowchart-merge.png
soffice.bin /config/.config/libreoffice/4/cache/breeze/150/cmd/sc_flowchartshapes.flowchart-merge.png
soffice.bin /config/.config/libreoffice/4/cache/breeze/150/cmd/sc_flowchartshapes.flowchart-stored-data.png
soffice.bin /config/.config/libreoffice/4/cache/breeze/150/cmd/sc_flowchartshapes.flowchart-stored-data.png
soffice.bin /config/.config/libreoffice/4/cache/breeze/150/cmd/sc_flowchartshapes.flowchart-delay.png
soffice.bin /config/.config/libreoffice/4/cache/breeze/150/cmd/sc_flowchartshapes.flowchart-delay.png
soffice.bin /config/.config/libreoffice/4/cache/breeze/150/cmd/sc_flowchartshapes.flowchart-sequential-access.png
soffice.bin /config/.config/libreoffice/4/cache/breeze/150/cmd/sc_flowchartshapes.flowchart-sequential-access.png
soffice.bin /config/.config/libreoffice/4/cache/breeze/150/cmd/sc_flowchartshapes.flowchart-direct-access-storage.png
soffice.bin /config/.config/libreoffice/4/cache/breeze/150/cmd/sc_flowchartshapes.flowchart-direct-access-storage.png
soffice.bin /config/.config/libreoffice/4/cache/breeze/150/cmd/sc_flowchartshapes.flowchart-display.png
soffice.bin /config/.config/libreoffice/4/cache/breeze/150/cmd/sc_flowchartshapes.flowchart-display.png
soffice.bin /config/.config/libreoffice/4/cache/breeze/150/cmd/sc_insertnonbreakingspace.png
soffice.bin /config/.config/libreoffice/4/cache/colibre/150/cmd/sc_insertnonbreakingspace.png
soffice.bin /config/.config/libreoffice/4/cache/breeze/150/cmd/sc_inserthardhyphen.png
soffice.bin /config/.config/libreoffice/4/cache/colibre/150/cmd/sc_inserthardhyphen.png
soffice.bin /config/.config/libreoffice/4/cache/breeze/150/cmd/sc_insertsofthyphen.png
soffice.bin /config/.config/libreoffice/4/cache/colibre/150/cmd/sc_insertsofthyphen.png
soffice.bin /config/.config/libreoffice/4/cache/breeze/150/cmd/sc_insertnarrownobreakspace.png
soffice.bin /config/.config/libreoffice/4/cache/colibre/150/cmd/sc_insertnarrownobreakspace.png
soffice.bin /config/.config/libreoffice/4/cache/breeze/150/cmd/sc_insertzwsp.png
soffice.bin /config/.config/libreoffice/4/cache/colibre/150/cmd/sc_insertzwsp.png
soffice.bin /config/.config/libreoffice/4/cache/breeze/150/cmd/sc_insertwj.png
soffice.bin /config/.config/libreoffice/4/cache/colibre/150/cmd/sc_insertwj.png
soffice.bin /config/.config/libreoffice/4/cache/breeze/150/cmd/sc_insertlrm.png
soffice.bin /config/.config/libreoffice/4/cache/colibre/150/cmd/sc_insertlrm.png
soffice.bin /config/.config/libreoffice/4/cache/breeze/150/cmd/sc_insertrlm.png
soffice.bin /config/.config/libreoffice/4/cache/colibre/150/cmd/sc_insertrlm.png
soffice.bin /config/.config/libreoffice/4/cache/breeze/150/cmd/sc_insertfielddatevariable.png
soffice.bin /config/.config/libreoffice/4/cache/colibre/150/cmd/sc_insertfielddatevariable.png
soffice.bin /config/.config/libreoffice/4/cache/breeze/150/cmd/sc_insertfieldsheet.png
soffice.bin /config/.config/libreoffice/4/cache/colibre/150/cmd/sc_insertfieldsheet.png
soffice.bin /config/.config/libreoffice/4/cache/breeze/150/cmd/sc_insertfielddoctitle.png
soffice.bin /config/.config/libreoffice/4/cache/colibre/150/cmd/sc_insertfielddoctitle.png
plasmas:disk$0 /config/.cache/mesa_shader_cache/6b/4f60e5e80c2584cc6c7d43ad5eaeda5ed282f8.tmp
QSGRenderThread /config/.cache/mesa_shader_cache/33/00b052fe14b1af317cbf469f440a0008884e80
soffice.bin /config/.config/libreoffice/4/cache/breeze/150/cmd/sc_label.png
plasmas:disk$0 /config/.cache/mesa_shader_cache/6b/4f60e5e80c2584cc6c7d43ad5eaeda5ed282f8.tmp
soffice.bin /config/.config/libreoffice/4/cache/breeze/150/cmd/sc_label.png
plasmas:disk$0 /config/.cache/mesa_shader_cache/6b/4f60e5e80c2584cc6c7d43ad5eaeda5ed282f8
soffice.bin /config/.config/libreoffice/4/cache/breeze/150/cmd/sc_edit.png
soffice.bin /config/.config/libreoffice/4/cache/breeze/150/cmd/sc_edit.png
soffice.bin /config/.config/libreoffice/4/cache/breeze/150/cmd/sc_checkbox.png
soffice.bin /config/.config/libreoffice/4/cache/breeze/150/cmd/sc_checkbox.png
soffice.bin /config/.config/libreoffice/4/cache/breeze/150/cmd/sc_radiobutton.png
soffice.bin /config/.config/libreoffice/4/cache/breeze/150/cmd/sc_radiobutton.png
soffice.bin /config/.config/libreoffice/4/cache/breeze/150/cmd/sc_listbox.png
soffice.bin /config/.config/libreoffice/4/cache/breeze/150/cmd/sc_listbox.png
soffice.bin /config/.config/libreoffice/4/cache/breeze/150/cmd/sc_combobox.png
soffice.bin /config/.config/libreoffice/4/cache/breeze/150/cmd/sc_combobox.png
soffice.bin /config/.config/libreoffice/4/cache/breeze/150/cmd/sc_pushbutton.png
soffice.bin /config/.config/libreoffice/4/cache/breeze/150/cmd/sc_pushbutton.png
soffice.bin /config/.config/libreoffice/4/cache/breeze/150/cmd/sc_imagebutton.png
soffice.bin /config/.config/libreoffice/4/cache/breeze/150/cmd/sc_imagebutton.png
soffice.bin /config/.config/libreoffice/4/cache/breeze/150/cmd/sc_formattedfield.png
soffice.bin /config/.config/libreoffice/4/cache/breeze/150/cmd/sc_formattedfield.png
soffice.bin /config/.config/libreoffice/4/cache/breeze/150/cmd/sc_datefield.png
soffice.bin /config/.config/libreoffice/4/cache/breeze/150/cmd/sc_datefield.png
soffice.bin /config/.config/libreoffice/4/cache/breeze/150/cmd/sc_timefield.png
soffice.bin /config/.config/libreoffice/4/cache/breeze/150/cmd/sc_timefield.png
soffice.bin /config/.config/libreoffice/4/cache/breeze/150/cmd/sc_numericfield.png
soffice.bin /config/.config/libreoffice/4/cache/breeze/150/cmd/sc_numericfield.png
soffice.bin /config/.config/libreoffice/4/cache/breeze/150/cmd/sc_numericfield.png
soffice.bin /config/.config/libreoffice/4/cache/breeze/150/cmd/sc_numericfield.png
soffice.bin /config/.config/libreoffice/4/cache/breeze/150/cmd/sc_currencyfield.png
soffice.bin /config/.config/libreoffice/4/cache/breeze/150/cmd/sc_currencyfield.png
soffice.bin /config/.config/libreoffice/4/cache/breeze/150/cmd/sc_patternfield.png
soffice.bin /config/.config/libreoffice/4/cache/breeze/150/cmd/sc_patternfield.png
soffice.bin /config/.config/libreoffice/4/cache/breeze/150/cmd/sc_groupbox.png
soffice.bin /config/.config/libreoffice/4/cache/breeze/150/cmd/sc_groupbox.png
soffice.bin /config/.config/libreoffice/4/cache/breeze/150/cmd/sc_imagecontrol.png
soffice.bin /config/.config/libreoffice/4/cache/breeze/150/cmd/sc_imagecontrol.png
soffice.bin /config/.config/libreoffice/4/cache/breeze/150/cmd/sc_filecontrol.png
soffice.bin /config/.config/libreoffice/4/cache/breeze/150/cmd/sc_filecontrol.png
soffice.bin /config/.config/libreoffice/4/cache/breeze/150/cmd/sc_grid.png
soffice.bin /config/.config/libreoffice/4/cache/breeze/150/cmd/sc_grid.png
soffice.bin /config/.config/libreoffice/4/cache/breeze/150/cmd/sc_spinbutton.png
soffice.bin /config/.config/libreoffice/4/cache/breeze/150/cmd/sc_spinbutton.png
soffice.bin /config/.config/libreoffice/4/cache/breeze/150/cmd/sc_scrollbar.png
soffice.bin /config/.config/libreoffice/4/cache/breeze/150/cmd/sc_scrollbar.png
xclip /etc/ld.so.cache
xclip /lib/x86_64-linux-gnu/libXmu.so.6
xclip /lib/x86_64-linux-gnu/libX11.so.6
xclip /lib/x86_64-linux-gnu/libc.so.6
xclip /lib/x86_64-linux-gnu/libXt.so.6
xclip /lib/x86_64-linux-gnu/libXext.so.6
xclip /lib/x86_64-linux-gnu/libxcb.so.1
xclip /lib/x86_64-linux-gnu/libSM.so.6
xclip /lib/x86_64-linux-gnu/libICE.so.6
xclip /lib/x86_64-linux-gnu/libXau.so.6
xclip /lib/x86_64-linux-gnu/libXdmcp.so.6
xclip /lib/x86_64-linux-gnu/libuuid.so.1
xclip /lib/x86_64-linux-gnu/libbsd.so.0
xclip /lib/x86_64-linux-gnu/libmd.so.0
xclip /usr/share/X11/locale/locale.alias
xclip /usr/share/X11/locale/locale.dir
xclip /usr/share/X11/locale/C/XLC_LOCALE
xclip /usr/share/X11/locale/locale.alias
xclip /usr/share/X11/locale/locale.dir
xclip /usr/share/X11/locale/C/XLC_LOCALE
Xvfb /proc/1407/cmdline
soffice.bin /config/.config/libreoffice/4/cache/breeze/150/cmd/sc_formattextmenu.png
soffice.bin /config/.config/libreoffice/4/cache/breeze/150/cmd/sc_formattextmenu.png
soffice.bin /config/.config/libreoffice/4/cache/breeze/150/cmd/sc_formattextmenu.png
soffice.bin /config/.config/libreoffice/4/cache/breeze/150/cmd/sc_formattextmenu.png
soffice.bin /config/.config/libreoffice/4/cache/breeze/150/cmd/sc_textalign.png
soffice.bin /config/.config/libreoffice/4/cache/breeze/150/cmd/sc_textalign.png
soffice.bin /config/.config/libreoffice/4/cache/breeze/150/cmd/sc_textalign.png
soffice.bin /config/.config/libreoffice/4/cache/breeze/150/cmd/sc_textalign.png
soffice.bin /config/.config/libreoffice/4/cache/breeze/150/cmd/sc_numberformatmenu.png
soffice.bin /config/.config/libreoffice/4/cache/breeze/150/cmd/sc_numberformatmenu.png
soffice.bin /config/.config/libreoffice/4/cache/breeze/150/cmd/sc_numberformatmenu.png
soffice.bin /config/.config/libreoffice/4/cache/breeze/150/cmd/sc_numberformatmenu.png
soffice.bin /config/.config/libreoffice/4/cache/breeze/150/cmd/sc_formatpaintbrush.png
soffice.bin /config/.config/libreoffice/4/cache/breeze/150/cmd/sc_formatpaintbrush.png
soffice.bin /config/.config/libreoffice/4/cache/breeze/150/cmd/sc_resetattributes.png
soffice.bin /config/.config/libreoffice/4/cache/breeze/150/cmd/sc_resetattributes.png
soffice.bin /config/.config/libreoffice/4/cache/breeze/150/cmd/sc_formatcelldialog.png
soffice.bin /config/.config/libreoffice/4/cache/breeze/150/cmd/sc_formatcelldialog.png
soffice.bin /config/.config/libreoffice/4/cache/breeze/150/cmd/sc_rowmenu.png
soffice.bin /config/.config/libreoffice/4/cache/breeze/150/cmd/sc_rowmenu.png
soffice.bin /config/.config/libreoffice/4/cache/breeze/150/cmd/sc_columnmenu.png
soffice.bin /config/.config/libreoffice/4/cache/breeze/150/cmd/sc_columnmenu.png
soffice.bin /config/.config/libreoffice/4/cache/breeze/150/cmd/sc_mergecellsmenu.png
soffice.bin /config/.config/libreoffice/4/cache/breeze/150/cmd/sc_mergecellsmenu.png
soffice.bin /config/.config/libreoffice/4/cache/breeze/150/cmd/sc_mergecellsmenu.png
soffice.bin /config/.config/libreoffice/4/cache/breeze/150/cmd/sc_mergecellsmenu.png
soffice.bin /config/.config/libreoffice/4/cache/breeze/150/cmd/sc_fontdialog.png
soffice.bin /config/.config/libreoffice/4/cache/breeze/150/cmd/sc_fontdialog.png
soffice.bin /config/.config/libreoffice/4/cache/breeze/150/cmd/sc_paragraphdialog.png
soffice.bin /config/.config/libreoffice/4/cache/breeze/150/cmd/sc_paragraphdialog.png
soffice.bin /config/.config/libreoffice/4/cache/breeze/150/cmd/sc_pageformatdialog.png
soffice.bin /config/.config/libreoffice/4/cache/breeze/150/cmd/sc_pageformatdialog.png
soffice.bin /config/.config/libreoffice/4/cache/breeze/150/cmd/sc_pageformatdialog.png
soffice.bin /config/.config/libreoffice/4/cache/breeze/150/cmd/sc_pageformatdialog.png
soffice.bin /config/.config/libreoffice/4/cache/breeze/150/cmd/sc_printrangesmenu.png
soffice.bin /config/.config/libreoffice/4/cache/breeze/150/cmd/sc_printrangesmenu.png
soffice.bin /config/.config/libreoffice/4/cache/breeze/150/cmd/sc_printrangesmenu.png
soffice.bin /config/.config/libreoffice/4/cache/breeze/150/cmd/sc_printrangesmenu.png
soffice.bin /config/.config/libreoffice/4/cache/breeze/150/cmd/sc_conditionalformatmenu.png
soffice.bin /config/.config/libreoffice/4/cache/breeze/150/cmd/sc_conditionalformatmenu.png
soffice.bin /config/.config/libreoffice/4/cache/breeze/150/cmd/sc_conditionalformatmenu.png
soffice.bin /config/.config/libreoffice/4/cache/breeze/150/cmd/sc_conditionalformatmenu.png
soffice.bin /config/.config/libreoffice/4/cache/breeze/150/cmd/sc_autoformat.png
soffice.bin /config/.config/libreoffice/4/cache/breeze/150/cmd/sc_autoformat.png
soffice.bin /config/.config/libreoffice/4/cache/breeze/150/cmd/sc_choosedesign.png
soffice.bin /config/.config/libreoffice/4/cache/breeze/150/cmd/sc_choosedesign.png
soffice.bin /config/.config/libreoffice/4/cache/breeze/150/cmd/sc_themedialog.png
soffice.bin /config/.config/libreoffice/4/cache/colibre/150/cmd/sc_themedialog.png
soffice.bin /config/.config/libreoffice/4/cache/breeze/150/cmd/sc_formatimagemenu.png
soffice.bin /config/.config/libreoffice/4/cache/breeze/150/cmd/sc_formatimagemenu.png
soffice.bin /config/.config/libreoffice/4/cache/breeze/150/cmd/sc_formatimagemenu.png
soffice.bin /config/.config/libreoffice/4/cache/breeze/150/cmd/sc_formatimagemenu.png
soffice.bin /config/.config/libreoffice/4/cache/breeze/150/cmd/sc_chartmenu.png
soffice.bin /config/.config/libreoffice/4/cache/breeze/150/cmd/sc_chartmenu.png
soffice.bin /config/.config/libreoffice/4/cache/breeze/150/cmd/sc_chartmenu.png
soffice.bin /config/.config/libreoffice/4/cache/breeze/150/cmd/sc_chartmenu.png
soffice.bin /config/.config/libreoffice/4/cache/breeze/150/cmd/sc_formatsparklinemenu.png
soffice.bin /config/.config/libreoffice/4/cache/colibre/150/cmd/sc_formatsparklinemenu.png
soffice.bin /config/.config/libreoffice/4/cache/breeze/150/cmd/sc_formatobjectmenu.png
soffice.bin /config/.config/libreoffice/4/cache/breeze/150/cmd/sc_formatobjectmenu.png
soffice.bin /config/.config/libreoffice/4/cache/breeze/150/cmd/sc_formatobjectmenu.png
soffice.bin /config/.config/libreoffice/4/cache/breeze/150/cmd/sc_formatobjectmenu.png
soffice.bin /config/.config/libreoffice/4/cache/breeze/150/cmd/sc_anchormenu.png
QSGRenderThread /config/.cache/mesa_shader_cache/80/d3e9ca504a454f9a419ed0ad80fe8045218ede
soffice.bin /config/.config/libreoffice/4/cache/breeze/150/cmd/sc_anchormenu.png
soffice.bin /config/.config/libreoffice/4/cache/breeze/150/cmd/sc_anchormenu.png
soffice.bin /config/.config/libreoffice/4/cache/breeze/150/cmd/sc_anchormenu.png
soffice.bin /config/.config/libreoffice/4/cache/breeze/150/cmd/sc_arrangemenu.png
soffice.bin /config/.config/libreoffice/4/cache/breeze/150/cmd/sc_arrangemenu.png
soffice.bin /config/.config/libreoffice/4/cache/breeze/150/cmd/sc_arrangemenu.png
soffice.bin /config/.config/libreoffice/4/cache/breeze/150/cmd/sc_arrangemenu.png
soffice.bin /config/.config/libreoffice/4/cache/breeze/150/cmd/sc_flipmenu.png
soffice.bin /config/.config/libreoffice/4/cache/breeze/150/cmd/sc_flipmenu.png
soffice.bin /config/.config/libreoffice/4/cache/breeze/150/cmd/sc_flipmenu.png
soffice.bin /config/.config/libreoffice/4/cache/breeze/150/cmd/sc_flipmenu.png
soffice.bin /config/.config/libreoffice/4/cache/breeze/150/cmd/sc_groupmenu.png
soffice.bin /config/.config/libreoffice/4/cache/breeze/150/cmd/sc_groupmenu.png
soffice.bin /config/.config/libreoffice/4/cache/breeze/150/cmd/sc_groupmenu.png
soffice.bin /config/.config/libreoffice/4/cache/breeze/150/cmd/sc_groupmenu.png
soffice.bin /config/.config/libreoffice/4/cache/breeze/150/cmd/sc_bold.png
soffice.bin /config/.config/libreoffice/4/cache/breeze/150/cmd/sc_bold.png
soffice.bin /config/.config/libreoffice/4/cache/breeze/150/cmd/sc_italic.png
soffice.bin /config/.config/libreoffice/4/cache/breeze/150/cmd/sc_italic.png
soffice.bin /config/.config/libreoffice/4/cache/breeze/150/cmd/sc_underlinesingle.png
soffice.bin /config/.config/libreoffice/4/cache/breeze/150/cmd/sc_underlinesingle.png
soffice.bin /config/.config/libreoffice/4/cache/breeze/150/cmd/sc_underlinesingle.png
soffice.bin /config/.config/libreoffice/4/cache/breeze/150/cmd/sc_underlinesingle.png
soffice.bin /config/.config/libreoffice/4/cache/breeze/150/cmd/sc_underlinedouble.png
soffice.bin /config/.config/libreoffice/4/cache/breeze/150/cmd/sc_underlinedouble.png
soffice.bin /config/.config/libreoffice/4/cache/breeze/150/cmd/sc_strikeout.png
soffice.bin /config/.config/libreoffice/4/cache/breeze/150/cmd/sc_strikeout.png
soffice.bin /config/.config/libreoffice/4/cache/breeze/150/cmd/sc_overline.png
soffice.bin /config/.config/libreoffice/4/cache/breeze/150/cmd/sc_overline.png
soffice.bin /config/.config/libreoffice/4/cache/breeze/150/cmd/sc_superscript.png
soffice.bin /config/.config/libreoffice/4/cache/breeze/150/cmd/sc_superscript.png
soffice.bin /config/.config/libreoffice/4/cache/breeze/150/cmd/sc_subscript.png
soffice.bin /config/.config/libreoffice/4/cache/breeze/150/cmd/sc_subscript.png
soffice.bin /config/.config/libreoffice/4/cache/breeze/150/cmd/sc_shadowed.png
soffice.bin /config/.config/libreoffice/4/cache/breeze/150/cmd/sc_shadowed.png
soffice.bin /config/.config/libreoffice/4/cache/breeze/150/cmd/sc_outlinefont.png
soffice.bin /config/.config/libreoffice/4/cache/breeze/150/cmd/sc_outlinefont.png
soffice.bin /config/.config/libreoffice/4/cache/breeze/150/cmd/sc_wraptext.png
soffice.bin /config/.config/libreoffice/4/cache/breeze/150/cmd/sc_wraptext.png
soffice.bin /config/.config/libreoffice/4/cache/breeze/150/cmd/sc_changecasetoupper.png
soffice.bin /config/.config/libreoffice/4/cache/breeze/150/cmd/sc_changecasetoupper.png
soffice.bin /config/.config/libreoffice/4/cache/breeze/150/cmd/sc_changecasetolower.png
soffice.bin /config/.config/libreoffice/4/cache/breeze/150/cmd/sc_changecasetolower.png
soffice.bin /config/.config/libreoffice/4/cache/breeze/150/cmd/sc_commonalignleft.png
soffice.bin /config/.config/libreoffice/4/cache/breeze/150/cmd/sc_commonalignleft.png
soffice.bin /config/.config/libreoffice/4/cache/breeze/150/cmd/sc_commonalignleft.png
soffice.bin /config/.config/libreoffice/4/cache/breeze/150/cmd/sc_commonalignleft.png
soffice.bin /config/.config/libreoffice/4/cache/breeze/150/cmd/sc_commonalignhorizontalcenter.png
soffice.bin /config/.config/libreoffice/4/cache/breeze/150/cmd/sc_commonalignhorizontalcenter.png
soffice.bin /config/.config/libreoffice/4/cache/breeze/150/cmd/sc_commonalignhorizontalcenter.png
soffice.bin /config/.config/libreoffice/4/cache/breeze/150/cmd/sc_commonalignhorizontalcenter.png
soffice.bin /config/.config/libreoffice/4/cache/breeze/150/cmd/sc_commonalignright.png
soffice.bin /config/.config/libreoffice/4/cache/breeze/150/cmd/sc_commonalignright.png
soffice.bin /config/.config/libreoffice/4/cache/breeze/150/cmd/sc_commonalignright.png
soffice.bin /config/.config/libreoffice/4/cache/breeze/150/cmd/sc_commonalignright.png
soffice.bin /config/.config/libreoffice/4/cache/breeze/150/cmd/sc_commonalignjustified.png
soffice.bin /config/.config/libreoffice/4/cache/breeze/150/cmd/sc_commonalignjustified.png
soffice.bin /config/.config/libreoffice/4/cache/breeze/150/cmd/sc_commonalignjustified.png
soffice.bin /config/.config/libreoffice/4/cache/breeze/150/cmd/sc_commonalignjustified.png
soffice.bin /config/.config/libreoffice/4/cache/breeze/150/cmd/sc_commonaligntop.png
soffice.bin /config/.config/libreoffice/4/cache/breeze/150/cmd/sc_commonaligntop.png
soffice.bin /config/.config/libreoffice/4/cache/breeze/150/cmd/sc_commonaligntop.png
soffice.bin /config/.config/libreoffice/4/cache/breeze/150/cmd/sc_commonaligntop.png
soffice.bin /config/.config/libreoffice/4/cache/breeze/150/cmd/sc_commonalignverticalcenter.png
soffice.bin /config/.config/libreoffice/4/cache/breeze/150/cmd/sc_commonalignverticalcenter.png
soffice.bin /config/.config/libreoffice/4/cache/breeze/150/cmd/sc_commonalignverticalcenter.png
soffice.bin /config/.config/libreoffice/4/cache/breeze/150/cmd/sc_commonalignverticalcenter.png
soffice.bin /config/.config/libreoffice/4/cache/breeze/150/cmd/sc_commonalignbottom.png
soffice.bin /config/.config/libreoffice/4/cache/breeze/150/cmd/sc_commonalignbottom.png
soffice.bin /config/.config/libreoffice/4/cache/breeze/150/cmd/sc_commonalignbottom.png
soffice.bin /config/.config/libreoffice/4/cache/breeze/150/cmd/sc_commonalignbottom.png
soffice.bin /config/.config/libreoffice/4/cache/breeze/150/cmd/sc_numberformatstandard.png
soffice.bin /config/.config/libreoffice/4/cache/breeze/150/cmd/sc_numberformatstandard.png
soffice.bin /config/.config/libreoffice/4/cache/breeze/150/cmd/sc_numberformatdecimal.png
soffice.bin /config/.config/libreoffice/4/cache/breeze/150/cmd/sc_numberformatdecimal.png
soffice.bin /config/.config/libreoffice/4/cache/breeze/150/cmd/sc_numberformatpercent.png
soffice.bin /config/.config/libreoffice/4/cache/breeze/150/cmd/sc_numberformatpercent.png
soffice.bin /config/.config/libreoffice/4/cache/breeze/150/cmd/sc_numberformatscientific.png
soffice.bin /config/.config/libreoffice/4/cache/breeze/150/cmd/sc_numberformatscientific.png
soffice.bin /config/.config/libreoffice/4/cache/breeze/150/cmd/sc_numberformatthousands.png
soffice.bin /config/.config/libreoffice/4/cache/breeze/150/cmd/sc_numberformatthousands.png
soffice.bin /config/.config/libreoffice/4/cache/breeze/150/cmd/sc_rowheight.png
soffice.bin /config/.config/libreoffice/4/cache/breeze/150/cmd/sc_rowheight.png
soffice.bin /config/.config/libreoffice/4/cache/breeze/150/cmd/sc_rowheight.png
soffice.bin /config/.config/libreoffice/4/cache/breeze/150/cmd/sc_rowheight.png
soffice.bin /config/.config/libreoffice/4/cache/breeze/150/cmd/sc_setoptimalrowheight.png
soffice.bin /config/.config/libreoffice/4/cache/breeze/150/cmd/sc_setoptimalrowheight.png
soffice.bin /config/.config/libreoffice/4/cache/breeze/150/cmd/sc_hiderow.png
soffice.bin /config/.config/libreoffice/4/cache/breeze/150/cmd/sc_hiderow.png
soffice.bin /config/.config/libreoffice/4/cache/breeze/150/cmd/sc_showrow.png
soffice.bin /config/.config/libreoffice/4/cache/breeze/150/cmd/sc_showrow.png
soffice.bin /config/.config/libreoffice/4/cache/breeze/150/cmd/sc_columnwidth.png
soffice.bin /config/.config/libreoffice/4/cache/breeze/150/cmd/sc_columnwidth.png
soffice.bin /config/.config/libreoffice/4/cache/breeze/150/cmd/sc_columnwidth.png
soffice.bin /config/.config/libreoffice/4/cache/breeze/150/cmd/sc_columnwidth.png
soffice.bin /config/.config/libreoffice/4/cache/breeze/150/cmd/sc_setoptimalcolumnwidth.png
soffice.bin /config/.config/libreoffice/4/cache/breeze/150/cmd/sc_setoptimalcolumnwidth.png
soffice.bin /config/.config/libreoffice/4/cache/breeze/150/cmd/sc_hidecolumn.png
soffice.bin /config/.config/libreoffice/4/cache/breeze/150/cmd/sc_hidecolumn.png
soffice.bin /config/.config/libreoffice/4/cache/breeze/150/cmd/sc_showcolumn.png
soffice.bin /config/.config/libreoffice/4/cache/breeze/150/cmd/sc_showcolumn.png
soffice.bin /config/.config/libreoffice/4/cache/breeze/150/cmd/sc_togglemergecells.png
soffice.bin /config/.config/libreoffice/4/cache/breeze/150/cmd/sc_togglemergecells.png
soffice.bin /config/.config/libreoffice/4/cache/breeze/150/cmd/sc_mergecells.png
soffice.bin /config/.config/libreoffice/4/cache/breeze/150/cmd/sc_mergecells.png
soffice.bin /config/.config/libreoffice/4/cache/breeze/150/cmd/sc_splitcell.png
soffice.bin /config/.config/libreoffice/4/cache/breeze/150/cmd/sc_splitcell.png
soffice.bin /config/.config/libreoffice/4/user/config/soffice.cfg/modules/scalc/popupmenu
soffice.bin /usr/lib/libreoffice/share/config/soffice.cfg/modules/scalc/popupmenu
soffice.bin /usr/lib/libreoffice/share/config/soffice.cfg/modules/scalc/popupmenu/printranges.xml
soffice.bin /config/.config/libreoffice/4/cache/breeze/150/cmd/sc_defineprintarea.png
soffice.bin /config/.config/libreoffice/4/cache/breeze/150/cmd/sc_defineprintarea.png
soffice.bin /config/.config/libreoffice/4/cache/breeze/150/cmd/sc_addprintarea.png
soffice.bin /config/.config/libreoffice/4/cache/breeze/150/cmd/sc_addprintarea.png
soffice.bin /config/.config/libreoffice/4/cache/breeze/150/cmd/sc_editprintarea.png
soffice.bin /config/.config/libreoffice/4/cache/breeze/150/cmd/sc_editprintarea.png
soffice.bin /config/.config/libreoffice/4/cache/breeze/150/cmd/sc_editprintarea.png
soffice.bin /config/.config/libreoffice/4/cache/breeze/150/cmd/sc_editprintarea.png
soffice.bin /config/.config/libreoffice/4/cache/breeze/150/cmd/sc_deleteprintarea.png
soffice.bin /config/.config/libreoffice/4/cache/breeze/150/cmd/sc_deleteprintarea.png
soffice.bin /config/.config/libreoffice/4/cache/breeze/150/cmd/sc_deleteprintarea.png
soffice.bin /config/.config/libreoffice/4/cache/breeze/150/cmd/sc_deleteprintarea.png
soffice.bin /config/.config/libreoffice/4/user/config/soffice.cfg/modules/scalc/popupmenu
soffice.bin /usr/lib/libreoffice/share/config/soffice.cfg/modules/scalc/popupmenu/conditional.xml
soffice.bin /config/.config/libreoffice/4/cache/breeze/150/cmd/sc_conditionalformatconditionmenu.png
soffice.bin /config/.config/libreoffice/4/cache/colibre/150/cmd/sc_conditionalformatconditionmenu.png
soffice.bin /config/.config/libreoffice/4/cache/breeze/150/cmd/sc_colorscaleformatdialog.png
soffice.bin /config/.config/libreoffice/4/cache/breeze/150/cmd/sc_colorscaleformatdialog.png
soffice.bin /config/.config/libreoffice/4/cache/breeze/150/cmd/sc_databarformatdialog.png
soffice.bin /config/.config/libreoffice/4/cache/breeze/150/cmd/sc_databarformatdialog.png
soffice.bin /config/.config/libreoffice/4/cache/breeze/150/cmd/sc_iconsetformatdialog.png
soffice.bin /config/.config/libreoffice/4/cache/breeze/150/cmd/sc_iconsetformatdialog.png
soffice.bin /config/.config/libreoffice/4/cache/breeze/150/cmd/sc_conddateformatdialog.png
soffice.bin /config/.config/libreoffice/4/cache/breeze/150/cmd/sc_conddateformatdialog.png
soffice.bin /config/.config/libreoffice/4/user/config/soffice.cfg/modules/scalc/popupmenu
soffice.bin /usr/lib/libreoffice/share/config/soffice.cfg/modules/scalc/popupmenu/conditional_easy.xml
soffice.bin /config/.config/libreoffice/4/cache/breeze/150/cmd/sc_conditionalformateasy?formatrule:short=2.png
soffice.bin /config/.config/libreoffice/4/cache/colibre/150/cmd/sc_conditionalformateasy?formatrule:short=2.png
soffice.bin /config/.config/libreoffice/4/cache/breeze/150/cmd/sc_conditionalformateasy.png
soffice.bin /config/.config/libreoffice/4/cache/colibre/150/cmd/sc_conditionalformateasy.png
soffice.bin /config/.config/libreoffice/4/cache/breeze/150/cmd/sc_conditionalformateasy?formatrule:short=1.png
soffice.bin /config/.config/libreoffice/4/cache/colibre/150/cmd/sc_conditionalformateasy?formatrule:short=1.png
soffice.bin /config/.config/libreoffice/4/cache/breeze/150/cmd/sc_conditionalformateasy.png
soffice.bin /config/.config/libreoffice/4/cache/colibre/150/cmd/sc_conditionalformateasy.png
soffice.bin /config/.config/libreoffice/4/cache/breeze/150/cmd/sc_conditionalformateasy?formatrule:short=0.png
soffice.bin /config/.config/libreoffice/4/cache/colibre/150/cmd/sc_conditionalformateasy?formatrule:short=0.png
soffice.bin /config/.config/libreoffice/4/cache/breeze/150/cmd/sc_conditionalformateasy.png
soffice.bin /config/.config/libreoffice/4/cache/colibre/150/cmd/sc_conditionalformateasy.png
soffice.bin /config/.config/libreoffice/4/cache/breeze/150/cmd/sc_conditionalformateasy?formatrule:short=6.png
soffice.bin /config/.config/libreoffice/4/cache/colibre/150/cmd/sc_conditionalformateasy?formatrule:short=6.png
soffice.bin /config/.config/libreoffice/4/cache/breeze/150/cmd/sc_conditionalformateasy.png
soffice.bin /config/.config/libreoffice/4/cache/colibre/150/cmd/sc_conditionalformateasy.png
soffice.bin /config/.config/libreoffice/4/cache/breeze/150/cmd/sc_conditionalformateasy?formatrule:short=23.png
soffice.bin /config/.config/libreoffice/4/cache/colibre/150/cmd/sc_conditionalformateasy?formatrule:short=23.png
soffice.bin /config/.config/libreoffice/4/cache/breeze/150/cmd/sc_conditionalformateasy.png
soffice.bin /config/.config/libreoffice/4/cache/colibre/150/cmd/sc_conditionalformateasy.png
soffice.bin /config/.config/libreoffice/4/cache/breeze/150/cmd/sc_conditionalformatdialog.png
soffice.bin /config/.config/libreoffice/4/cache/breeze/150/cmd/sc_conditionalformatdialog.png
soffice.bin /config/.config/libreoffice/4/cache/breeze/150/cmd/sc_crop.png
soffice.bin /config/.config/libreoffice/4/cache/breeze/150/cmd/sc_crop.png
soffice.bin /config/.config/libreoffice/4/cache/breeze/150/cmd/sc_externaledit.png
soffice.bin /config/.config/libreoffice/4/cache/colibre/150/cmd/sc_externaledit.png
soffice.bin /config/.config/libreoffice/4/cache/breeze/150/cmd/sc_changepicture.png
soffice.bin /config/.config/libreoffice/4/cache/breeze/150/cmd/sc_changepicture.png
soffice.bin /config/.config/libreoffice/4/cache/breeze/150/cmd/sc_compressgraphic.png
soffice.bin /config/.config/libreoffice/4/cache/breeze/150/cmd/sc_compressgraphic.png
soffice.bin /config/.config/libreoffice/4/user/config/soffice.cfg/modules/scalc/popupmenu
soffice.bin /usr/lib/libreoffice/share/config/soffice.cfg/modules/scalc/popupmenu/sparklinemenu.xml
soffice.bin /config/.config/libreoffice/4/cache/breeze/150/cmd/sc_insertsparkline.png
soffice.bin /config/.config/libreoffice/4/cache/colibre/150/cmd/sc_insertsparkline.png
soffice.bin /config/.config/libreoffice/4/cache/breeze/150/cmd/sc_deletesparkline.png
soffice.bin /config/.config/libreoffice/4/cache/colibre/150/cmd/sc_deletesparkline.png
soffice.bin /config/.config/libreoffice/4/cache/breeze/150/cmd/sc_deletesparklinegroup.png
soffice.bin /config/.config/libreoffice/4/cache/colibre/150/cmd/sc_deletesparklinegroup.png
soffice.bin /config/.config/libreoffice/4/cache/breeze/150/cmd/sc_editsparklinegroup.png
soffice.bin /config/.config/libreoffice/4/cache/colibre/150/cmd/sc_editsparklinegroup.png
soffice.bin /config/.config/libreoffice/4/cache/breeze/150/cmd/sc_editsparkline.png
soffice.bin /config/.config/libreoffice/4/cache/colibre/150/cmd/sc_editsparkline.png
soffice.bin /config/.config/libreoffice/4/cache/breeze/150/cmd/sc_groupsparklines.png
soffice.bin /config/.config/libreoffice/4/cache/colibre/150/cmd/sc_groupsparklines.png
soffice.bin /config/.config/libreoffice/4/cache/breeze/150/cmd/sc_ungroupsparklines.png
soffice.bin /config/.config/libreoffice/4/cache/colibre/150/cmd/sc_ungroupsparklines.png
soffice.bin /config/.config/libreoffice/4/cache/breeze/150/cmd/sc_transformdialog.png
soffice.bin /config/.config/libreoffice/4/cache/breeze/150/cmd/sc_transformdialog.png
soffice.bin /config/.config/libreoffice/4/cache/breeze/150/cmd/sc_formatline.png
soffice.bin /config/.config/libreoffice/4/cache/breeze/150/cmd/sc_formatline.png
soffice.bin /config/.config/libreoffice/4/cache/breeze/150/cmd/sc_formatarea.png
soffice.bin /config/.config/libreoffice/4/cache/breeze/150/cmd/sc_formatarea.png
soffice.bin /config/.config/libreoffice/4/cache/breeze/150/cmd/sc_textattributes.png
soffice.bin /config/.config/libreoffice/4/cache/breeze/150/cmd/sc_textattributes.png
soffice.bin /config/.config/libreoffice/4/cache/breeze/150/cmd/sc_toggleobjectbeziermode.png
soffice.bin /config/.config/libreoffice/4/cache/breeze/150/cmd/sc_toggleobjectbeziermode.png
soffice.bin /config/.config/libreoffice/4/user/config/soffice.cfg/modules/scalc/popupmenu
soffice.bin /usr/lib/libreoffice/share/config/soffice.cfg/modules/scalc/popupmenu/anchor.xml
soffice.bin /config/.config/libreoffice/4/cache/breeze/150/cmd/sc_bringtofront.png
soffice.bin /config/.config/libreoffice/4/cache/breeze/150/cmd/sc_bringtofront.png
soffice.bin /config/.config/libreoffice/4/cache/breeze/150/cmd/sc_objectforwardone.png
soffice.bin /config/.config/libreoffice/4/cache/breeze/150/cmd/sc_objectforwardone.png
soffice.bin /config/.config/libreoffice/4/cache/breeze/150/cmd/sc_objectbackone.png
soffice.bin /config/.config/libreoffice/4/cache/breeze/150/cmd/sc_objectbackone.png
soffice.bin /config/.config/libreoffice/4/cache/breeze/150/cmd/sc_sendtoback.png
soffice.bin /config/.config/libreoffice/4/cache/breeze/150/cmd/sc_sendtoback.png
soffice.bin /config/.config/libreoffice/4/cache/breeze/150/cmd/sc_setobjecttoforeground.png
soffice.bin /config/.config/libreoffice/4/cache/breeze/150/cmd/sc_setobjecttoforeground.png
soffice.bin /config/.config/libreoffice/4/cache/breeze/150/cmd/sc_setobjecttobackground.png
soffice.bin /config/.config/libreoffice/4/cache/breeze/150/cmd/sc_setobjecttobackground.png
soffice.bin /config/.config/libreoffice/4/cache/breeze/150/cmd/sc_objectmirrorvertical.png
soffice.bin /config/.config/libreoffice/4/cache/breeze/150/cmd/sc_objectmirrorvertical.png
soffice.bin /config/.config/libreoffice/4/cache/breeze/150/cmd/sc_objectmirrorvertical.png
soffice.bin /config/.config/libreoffice/4/cache/breeze/150/cmd/sc_objectmirrorvertical.png
soffice.bin /config/.config/libreoffice/4/cache/breeze/150/cmd/sc_objectmirrorhorizontal.png
soffice.bin /config/.config/libreoffice/4/cache/breeze/150/cmd/sc_objectmirrorhorizontal.png
soffice.bin /config/.config/libreoffice/4/cache/breeze/150/cmd/sc_objectmirrorhorizontal.png
soffice.bin /config/.config/libreoffice/4/cache/breeze/150/cmd/sc_objectmirrorhorizontal.png
soffice.bin /config/.config/libreoffice/4/cache/breeze/150/cmd/sc_formatgroup.png
soffice.bin /config/.config/libreoffice/4/cache/breeze/150/cmd/sc_formatgroup.png
soffice.bin /config/.config/libreoffice/4/cache/breeze/150/cmd/sc_formatungroup.png
soffice.bin /config/.config/libreoffice/4/cache/breeze/150/cmd/sc_formatungroup.png
soffice.bin /config/.config/libreoffice/4/cache/breeze/150/cmd/sc_entergroup.png
soffice.bin /config/.config/libreoffice/4/cache/breeze/150/cmd/sc_entergroup.png
soffice.bin /config/.config/libreoffice/4/cache/breeze/150/cmd/sc_leavegroup.png
soffice.bin /config/.config/libreoffice/4/cache/breeze/150/cmd/sc_leavegroup.png
soffice.bin /config/.config/libreoffice/4/cache/breeze/150/cmd/sc_defaultcellstyles.png
soffice.bin /config/.config/libreoffice/4/cache/breeze/150/cmd/sc_defaultcellstyles.png
soffice.bin /config/.config/libreoffice/4/cache/breeze/150/cmd/sc_defaultcellstyles.png
soffice.bin /config/.config/libreoffice/4/cache/breeze/150/cmd/sc_defaultcellstyles.png
soffice.bin /config/.config/libreoffice/4/cache/breeze/150/cmd/sc_accent1cellstyles.png
soffice.bin /config/.config/libreoffice/4/cache/colibre/150/cmd/sc_accent1cellstyles.png
soffice.bin /config/.config/libreoffice/4/cache/colibre/150/cmd/sc_accent1cellstyles.png
soffice.bin /config/.config/libreoffice/4/cache/breeze/150/cmd/sc_accent1cellstyles.png
soffice.bin /config/.config/libreoffice/4/cache/breeze/150/cmd/sc_accent2cellstyles.png
soffice.bin /config/.config/libreoffice/4/cache/colibre/150/cmd/sc_accent2cellstyles.png
soffice.bin /config/.config/libreoffice/4/cache/colibre/150/cmd/sc_accent2cellstyles.png
soffice.bin /config/.config/libreoffice/4/cache/breeze/150/cmd/sc_accent2cellstyles.png
soffice.bin /config/.config/libreoffice/4/cache/breeze/150/cmd/sc_accent3cellstyles.png
soffice.bin /config/.config/libreoffice/4/cache/colibre/150/cmd/sc_accent3cellstyles.png
soffice.bin /config/.config/libreoffice/4/cache/colibre/150/cmd/sc_accent3cellstyles.png
soffice.bin /config/.config/libreoffice/4/cache/breeze/150/cmd/sc_accent3cellstyles.png
soffice.bin /config/.config/libreoffice/4/cache/breeze/150/cmd/sc_heading1cellstyles.png
soffice.bin /config/.config/libreoffice/4/cache/breeze/150/cmd/sc_heading1cellstyles.png
soffice.bin /config/.config/libreoffice/4/cache/breeze/150/cmd/sc_heading1cellstyles.png
soffice.bin /config/.config/libreoffice/4/cache/breeze/150/cmd/sc_heading1cellstyles.png
soffice.bin /config/.config/libreoffice/4/cache/breeze/150/cmd/sc_heading2cellstyles.png
soffice.bin /config/.config/libreoffice/4/cache/breeze/150/cmd/sc_heading2cellstyles.png
soffice.bin /config/.config/libreoffice/4/cache/breeze/150/cmd/sc_heading2cellstyles.png
soffice.bin /config/.config/libreoffice/4/cache/breeze/150/cmd/sc_heading2cellstyles.png
soffice.bin /config/.config/libreoffice/4/cache/breeze/150/cmd/sc_goodcellstyles.png
soffice.bin /config/.config/libreoffice/4/cache/breeze/150/cmd/sc_goodcellstyles.png
soffice.bin /config/.config/libreoffice/4/cache/breeze/150/cmd/sc_badcellstyles.png
soffice.bin /config/.config/libreoffice/4/cache/breeze/150/cmd/sc_badcellstyles.png
soffice.bin /config/.config/libreoffice/4/cache/breeze/150/cmd/sc_neutralcellstyles.png
soffice.bin /config/.config/libreoffice/4/cache/breeze/150/cmd/sc_neutralcellstyles.png
soffice.bin /config/.config/libreoffice/4/cache/breeze/150/cmd/sc_errorcellstyles.png
soffice.bin /config/.config/libreoffice/4/cache/breeze/150/cmd/sc_errorcellstyles.png
soffice.bin /config/.config/libreoffice/4/cache/breeze/150/cmd/sc_warningcellstyles.png
soffice.bin /config/.config/libreoffice/4/cache/breeze/150/cmd/sc_warningcellstyles.png
soffice.bin /config/.config/libreoffice/4/cache/breeze/150/cmd/sc_footnotecellstyles.png
soffice.bin /config/.config/libreoffice/4/cache/breeze/150/cmd/sc_footnotecellstyles.png
soffice.bin /config/.config/libreoffice/4/cache/breeze/150/cmd/sc_footnotecellstyles.png
soffice.bin /config/.config/libreoffice/4/cache/breeze/150/cmd/sc_footnotecellstyles.png
soffice.bin /config/.config/libreoffice/4/cache/breeze/150/cmd/sc_notecellstyles.png
soffice.bin /config/.config/libreoffice/4/cache/breeze/150/cmd/sc_notecellstyles.png
soffice.bin /config/.config/libreoffice/4/cache/breeze/150/cmd/sc_notecellstyles.png
soffice.bin /config/.config/libreoffice/4/cache/breeze/150/cmd/sc_notecellstyles.png
soffice.bin /config/.config/libreoffice/4/cache/breeze/150/cmd/sc_styleupdatebyexample.png
soffice.bin /config/.config/libreoffice/4/cache/breeze/150/cmd/sc_styleupdatebyexample.png
soffice.bin /config/.config/libreoffice/4/cache/breeze/150/cmd/sc_stylenewbyexample.png
soffice.bin /config/.config/libreoffice/4/cache/breeze/150/cmd/sc_stylenewbyexample.png
soffice.bin /config/.config/libreoffice/4/cache/breeze/150/cmd/sc_designerdialog.png
soffice.bin /config/.config/libreoffice/4/cache/breeze/150/cmd/sc_designerdialog.png
soffice.bin /config/.config/libreoffice/4/cache/breeze/150/cmd/sc_insertcell.png
soffice.bin /config/.config/libreoffice/4/cache/breeze/150/cmd/sc_insertcell.png
soffice.bin /config/.config/libreoffice/4/cache/breeze/150/cmd/sc_insertcell.png
soffice.bin /config/.config/libreoffice/4/cache/breeze/150/cmd/sc_insertcell.png
soffice.bin /config/.config/libreoffice/4/cache/breeze/150/cmd/sc_insertrowsmenu.png
soffice.bin /config/.config/libreoffice/4/cache/breeze/150/cmd/sc_insertrowsmenu.png
soffice.bin /config/.config/libreoffice/4/cache/breeze/150/cmd/sc_insertrowsmenu.png
soffice.bin /config/.config/libreoffice/4/cache/breeze/150/cmd/sc_insertrowsmenu.png
soffice.bin /config/.config/libreoffice/4/cache/breeze/150/cmd/sc_insertcolumnsmenu.png
soffice.bin /config/.config/libreoffice/4/cache/breeze/150/cmd/sc_insertcolumnsmenu.png
soffice.bin /config/.config/libreoffice/4/cache/breeze/150/cmd/sc_insertcolumnsmenu.png
soffice.bin /config/.config/libreoffice/4/cache/breeze/150/cmd/sc_insertcolumnsmenu.png
soffice.bin /config/.config/libreoffice/4/cache/breeze/150/cmd/sc_insertbreakmenu.png
soffice.bin /config/.config/libreoffice/4/cache/colibre/150/cmd/sc_insertbreakmenu.png
soffice.bin /config/.config/libreoffice/4/cache/breeze/150/cmd/sc_deletecell.png
soffice.bin /config/.config/libreoffice/4/cache/breeze/150/cmd/sc_deletecell.png
soffice.bin /config/.config/libreoffice/4/cache/breeze/150/cmd/sc_deleterows.png
soffice.bin /config/.config/libreoffice/4/cache/breeze/150/cmd/sc_deleterows.png
soffice.bin /config/.config/libreoffice/4/cache/breeze/150/cmd/sc_deletecolumns.png
soffice.bin /config/.config/libreoffice/4/cache/breeze/150/cmd/sc_deletecolumns.png
soffice.bin /config/.config/libreoffice/4/cache/breeze/150/cmd/sc_delete.png
soffice.bin /config/.config/libreoffice/4/cache/breeze/150/cmd/sc_delete.png
soffice.bin /config/.config/libreoffice/4/cache/breeze/150/cmd/sc_sheetcommentmenu.png
soffice.bin /config/.config/libreoffice/4/cache/breeze/150/cmd/sc_sheetcommentmenu.png
soffice.bin /config/.config/libreoffice/4/cache/breeze/150/cmd/sc_sheetcommentmenu.png
soffice.bin /config/.config/libreoffice/4/cache/breeze/150/cmd/sc_sheetcommentmenu.png
soffice.bin /config/.config/libreoffice/4/cache/breeze/150/cmd/sc_move.png
soffice.bin /config/.config/libreoffice/4/cache/breeze/150/cmd/sc_move.png
soffice.bin /config/.config/libreoffice/4/cache/breeze/150/cmd/sc_duplicatesheet.png
soffice.bin /config/.config/libreoffice/4/cache/breeze/150/cmd/sc_duplicatesheet.png
soffice.bin /config/.config/libreoffice/4/cache/breeze/150/cmd/sc_insertrowsbefore.png
soffice.bin /config/.config/libreoffice/4/cache/breeze/150/cmd/sc_insertrowsbefore.png
soffice.bin /config/.config/libreoffice/4/cache/breeze/150/cmd/sc_insertrowsbefore.png
soffice.bin /config/.config/libreoffice/4/cache/breeze/150/cmd/sc_insertrowsbefore.png
soffice.bin /config/.config/libreoffice/4/cache/breeze/150/cmd/sc_insertrowsafter.png
soffice.bin /config/.config/libreoffice/4/cache/breeze/150/cmd/sc_insertrowsafter.png
soffice.bin /config/.config/libreoffice/4/cache/breeze/150/cmd/sc_insertcolumnsbefore.png
soffice.bin /config/.config/libreoffice/4/cache/breeze/150/cmd/sc_insertcolumnsbefore.png
soffice.bin /config/.config/libreoffice/4/cache/breeze/150/cmd/sc_insertcolumnsbefore.png
soffice.bin /config/.config/libreoffice/4/cache/breeze/150/cmd/sc_insertcolumnsbefore.png
soffice.bin /config/.config/libreoffice/4/cache/breeze/150/cmd/sc_insertcolumnsafter.png
soffice.bin /config/.config/libreoffice/4/cache/breeze/150/cmd/sc_insertcolumnsafter.png
soffice.bin /config/.config/libreoffice/4/cache/breeze/150/cmd/sc_insertrowbreak.png
soffice.bin /config/.config/libreoffice/4/cache/breeze/150/cmd/sc_insertrowbreak.png
soffice.bin /config/.config/libreoffice/4/cache/breeze/150/cmd/sc_insertrowbreak.png
soffice.bin /config/.config/libreoffice/4/cache/breeze/150/cmd/sc_insertrowbreak.png
soffice.bin /config/.config/libreoffice/4/cache/breeze/150/cmd/sc_insertcolumnbreak.png
soffice.bin /config/.config/libreoffice/4/cache/breeze/150/cmd/sc_insertcolumnbreak.png
soffice.bin /config/.config/libreoffice/4/cache/breeze/150/cmd/sc_filldown.png
soffice.bin /config/.config/libreoffice/4/cache/breeze/150/cmd/sc_filldown.png
soffice.bin /config/.config/libreoffice/4/cache/breeze/150/cmd/sc_fillright.png
soffice.bin /config/.config/libreoffice/4/cache/breeze/150/cmd/sc_fillright.png
soffice.bin /config/.config/libreoffice/4/cache/breeze/150/cmd/sc_fillup.png
soffice.bin /config/.config/libreoffice/4/cache/breeze/150/cmd/sc_fillup.png
soffice.bin /config/.config/libreoffice/4/cache/breeze/150/cmd/sc_fillleft.png
soffice.bin /config/.config/libreoffice/4/cache/breeze/150/cmd/sc_fillleft.png
soffice.bin /config/.config/libreoffice/4/cache/breeze/150/cmd/sc_filltable.png
soffice.bin /config/.config/libreoffice/4/cache/colibre/150/cmd/sc_filltable.png
soffice.bin /config/.config/libreoffice/4/cache/breeze/150/cmd/sc_fillseries.png
soffice.bin /config/.config/libreoffice/4/cache/colibre/150/cmd/sc_fillseries.png
soffice.bin /config/.config/libreoffice/4/cache/breeze/150/cmd/sc_randomnumbergeneratordialog.png
soffice.bin /config/.config/libreoffice/4/cache/colibre/150/cmd/sc_randomnumbergeneratordialog.png
soffice.bin /config/.config/libreoffice/4/cache/breeze/150/cmd/sc_sheetinsertname.png
soffice.bin /config/.config/libreoffice/4/cache/colibre/150/cmd/sc_sheetinsertname.png
soffice.bin /config/.config/libreoffice/4/cache/breeze/150/cmd/sc_editannotation.png
soffice.bin /config/.config/libreoffice/4/cache/breeze/150/cmd/sc_editannotation.png
soffice.bin /config/.config/libreoffice/4/cache/breeze/150/cmd/sc_hidenote.png
soffice.bin /config/.config/libreoffice/4/cache/breeze/150/cmd/sc_hidenote.png
soffice.bin /config/.config/libreoffice/4/cache/breeze/150/cmd/sc_shownote.png
soffice.bin /config/.config/libreoffice/4/cache/breeze/150/cmd/sc_shownote.png
soffice.bin /config/.config/libreoffice/4/cache/breeze/150/cmd/sc_deletenote.png
soffice.bin /config/.config/libreoffice/4/cache/breeze/150/cmd/sc_deletenote.png
soffice.bin /config/.config/libreoffice/4/cache/breeze/150/cmd/sc_deletenote.png
soffice.bin /config/.config/libreoffice/4/cache/breeze/150/cmd/sc_deletenote.png
soffice.bin /config/.config/libreoffice/4/cache/breeze/150/cmd/sc_deleteallnotes.png
soffice.bin /config/.config/libreoffice/4/cache/breeze/150/cmd/sc_deleteallnotes.png
soffice.bin /config/.config/libreoffice/4/cache/breeze/150/cmd/sc_deleteallnotes.png
soffice.bin /config/.config/libreoffice/4/cache/breeze/150/cmd/sc_deleteallnotes.png
soffice.bin /config/.config/libreoffice/4/cache/breeze/150/cmd/sc_jumptotable.png
soffice.bin /config/.config/libreoffice/4/cache/colibre/150/cmd/sc_jumptotable.png
soffice.bin /config/.config/libreoffice/4/cache/breeze/150/cmd/sc_jumptoprevtable.png
soffice.bin /config/.config/libreoffice/4/cache/colibre/150/cmd/sc_jumptoprevtable.png
soffice.bin /config/.config/libreoffice/4/cache/breeze/150/cmd/sc_jumptonexttable.png
soffice.bin /config/.config/libreoffice/4/cache/colibre/150/cmd/sc_jumptonexttable.png
soffice.bin /config/.config/libreoffice/4/cache/breeze/150/cmd/sc_datasort.png
soffice.bin /config/.config/libreoffice/4/cache/breeze/150/cmd/sc_datasort.png
soffice.bin /config/.config/libreoffice/4/cache/breeze/150/cmd/sc_sortascending.png
soffice.bin /config/.config/libreoffice/4/cache/breeze/150/cmd/sc_sortascending.png
selkies /proc/stat
selkies /proc/meminfo
soffice.bin /config/.config/libreoffice/4/cache/breeze/150/cmd/sc_sortdescending.png
soffice.bin /config/.config/libreoffice/4/cache/breeze/150/cmd/sc_sortdescending.png
soffice.bin /config/.config/libreoffice/4/cache/breeze/150/cmd/sc_datafilterautofilter.png
soffice.bin /config/.config/libreoffice/4/cache/breeze/150/cmd/sc_datafilterautofilter.png
soffice.bin /config/.config/libreoffice/4/cache/breeze/150/cmd/sc_filtermenu.png
soffice.bin /config/.config/libreoffice/4/cache/colibre/150/cmd/sc_filtermenu.png
soffice.bin /config/.config/libreoffice/4/cache/breeze/150/cmd/sc_definedbname.png
soffice.bin /config/.config/libreoffice/4/cache/breeze/150/cmd/sc_definedbname.png
soffice.bin /config/.config/libreoffice/4/cache/breeze/150/cmd/sc_selectdb.png
soffice.bin /config/.config/libreoffice/4/cache/breeze/150/cmd/sc_selectdb.png
soffice.bin /config/.config/libreoffice/4/cache/breeze/150/cmd/sc_dataarearefresh.png
soffice.bin /config/.config/libreoffice/4/cache/breeze/150/cmd/sc_dataarearefresh.png
soffice.bin /config/.config/libreoffice/4/cache/breeze/150/cmd/sc_cellcontentsmenu.png
soffice.bin /config/.config/libreoffice/4/cache/breeze/150/cmd/sc_cellcontentsmenu.png
soffice.bin /config/.config/libreoffice/4/cache/breeze/150/cmd/sc_cellcontentsmenu.png
soffice.bin /config/.config/libreoffice/4/cache/breeze/150/cmd/sc_cellcontentsmenu.png
soffice.bin /config/.config/libreoffice/4/cache/breeze/150/cmd/sc_validation.png
soffice.bin /config/.config/libreoffice/4/cache/breeze/150/cmd/sc_validation.png
soffice.bin /config/.config/libreoffice/4/cache/breeze/150/cmd/sc_datasubtotals.png
soffice.bin /config/.config/libreoffice/4/cache/breeze/150/cmd/sc_datasubtotals.png
soffice.bin /config/.config/libreoffice/4/cache/breeze/150/cmd/sc_datastreams.png
soffice.bin /config/.config/libreoffice/4/cache/breeze/150/cmd/sc_datastreams.png
soffice.bin /config/.config/libreoffice/4/cache/breeze/150/cmd/sc_tableoperationdialog.png
soffice.bin /config/.config/libreoffice/4/cache/colibre/150/cmd/sc_tableoperationdialog.png
soffice.bin /config/.config/libreoffice/4/cache/breeze/150/cmd/sc_texttocolumns.png
soffice.bin /config/.config/libreoffice/4/cache/breeze/150/cmd/sc_texttocolumns.png
soffice.bin /config/.config/libreoffice/4/cache/breeze/150/cmd/sc_dataconsolidate.png
soffice.bin /config/.config/libreoffice/4/cache/breeze/150/cmd/sc_dataconsolidate.png
soffice.bin /config/.config/libreoffice/4/cache/breeze/150/cmd/sc_groupoutlinemenu.png
soffice.bin /config/.config/libreoffice/4/cache/breeze/150/cmd/sc_groupoutlinemenu.png
soffice.bin /config/.config/libreoffice/4/cache/breeze/150/cmd/sc_groupoutlinemenu.png
soffice.bin /config/.config/libreoffice/4/cache/breeze/150/cmd/sc_groupoutlinemenu.png
soffice.bin /config/.config/libreoffice/4/cache/breeze/150/cmd/sc_statisticsmenu.png
soffice.bin /config/.config/libreoffice/4/cache/breeze/150/cmd/sc_statisticsmenu.png
soffice.bin /config/.config/libreoffice/4/cache/breeze/150/cmd/sc_datafilterstandardfilter.png
soffice.bin /config/.config/libreoffice/4/cache/breeze/150/cmd/sc_datafilterstandardfilter.png
soffice.bin /config/.config/libreoffice/4/cache/breeze/150/cmd/sc_datafilterspecialfilter.png
soffice.bin /config/.config/libreoffice/4/cache/breeze/150/cmd/sc_datafilterspecialfilter.png
soffice.bin /config/.config/libreoffice/4/cache/breeze/150/cmd/sc_datafilterremovefilter.png
soffice.bin /config/.config/libreoffice/4/cache/colibre/150/cmd/sc_datafilterremovefilter.png
soffice.bin /config/.config/libreoffice/4/cache/breeze/150/cmd/sc_datafilterhideautofilter.png
soffice.bin /config/.config/libreoffice/4/cache/breeze/150/cmd/sc_datafilterhideautofilter.png
soffice.bin /config/.config/libreoffice/4/cache/breeze/150/cmd/sc_datafilterhideautofilter.png
soffice.bin /config/.config/libreoffice/4/cache/breeze/150/cmd/sc_datafilterhideautofilter.png
soffice.bin /config/.config/libreoffice/4/cache/breeze/150/cmd/sc_recalcpivottable.png
soffice.bin /config/.config/libreoffice/4/cache/breeze/150/cmd/sc_recalcpivottable.png
soffice.bin /config/.config/libreoffice/4/cache/breeze/150/cmd/sc_recalcpivottable.png
soffice.bin /config/.config/libreoffice/4/cache/breeze/150/cmd/sc_recalcpivottable.png
soffice.bin /config/.config/libreoffice/4/cache/breeze/150/cmd/sc_calculate.png
soffice.bin /config/.config/libreoffice/4/cache/breeze/150/cmd/sc_calculate.png
soffice.bin /config/.config/libreoffice/4/cache/breeze/150/cmd/sc_group.png
soffice.bin /config/.config/libreoffice/4/cache/breeze/150/cmd/sc_group.png
soffice.bin /config/.config/libreoffice/4/cache/breeze/150/cmd/sc_ungroup.png
soffice.bin /config/.config/libreoffice/4/cache/breeze/150/cmd/sc_ungroup.png
soffice.bin /config/.config/libreoffice/4/cache/breeze/150/cmd/sc_autooutline.png
soffice.bin /config/.config/libreoffice/4/cache/breeze/150/cmd/sc_autooutline.png
soffice.bin /config/.config/libreoffice/4/cache/breeze/150/cmd/sc_hidedetail.png
soffice.bin /config/.config/libreoffice/4/cache/breeze/150/cmd/sc_hidedetail.png
soffice.bin /config/.config/libreoffice/4/cache/breeze/150/cmd/sc_showdetail.png
soffice.bin /config/.config/libreoffice/4/cache/breeze/150/cmd/sc_showdetail.png
soffice.bin /config/.config/libreoffice/4/user/config/soffice.cfg/modules/scalc/popupmenu
soffice.bin /usr/lib/libreoffice/share/config/soffice.cfg/modules/scalc/popupmenu/statisticsmenu.xml
soffice.bin /config/.config/libreoffice/4/cache/breeze/150/cmd/sc_samplingdialog.png
soffice.bin /config/.config/libreoffice/4/cache/colibre/150/cmd/sc_samplingdialog.png
soffice.bin /config/.config/libreoffice/4/cache/breeze/150/cmd/sc_descriptivestatisticsdialog.png
soffice.bin /config/.config/libreoffice/4/cache/colibre/150/cmd/sc_descriptivestatisticsdialog.png
soffice.bin /config/.config/libreoffice/4/cache/breeze/150/cmd/sc_analysisofvariancedialog.png
soffice.bin /config/.config/libreoffice/4/cache/colibre/150/cmd/sc_analysisofvariancedialog.png
soffice.bin /config/.config/libreoffice/4/cache/breeze/150/cmd/sc_correlationdialog.png
soffice.bin /config/.config/libreoffice/4/cache/colibre/150/cmd/sc_correlationdialog.png
soffice.bin /config/.config/libreoffice/4/cache/breeze/150/cmd/sc_covariancedialog.png
soffice.bin /config/.config/libreoffice/4/cache/colibre/150/cmd/sc_covariancedialog.png
soffice.bin /config/.config/libreoffice/4/cache/breeze/150/cmd/sc_exponentialsmoothingdialog.png
soffice.bin /config/.config/libreoffice/4/cache/colibre/150/cmd/sc_exponentialsmoothingdialog.png
soffice.bin /config/.config/libreoffice/4/cache/breeze/150/cmd/sc_movingaveragedialog.png
soffice.bin /config/.config/libreoffice/4/cache/colibre/150/cmd/sc_movingaveragedialog.png
soffice.bin /config/.config/libreoffice/4/cache/breeze/150/cmd/sc_regressiondialog.png
soffice.bin /config/.config/libreoffice/4/cache/colibre/150/cmd/sc_regressiondialog.png
soffice.bin /config/.config/libreoffice/4/cache/breeze/150/cmd/sc_ttestdialog.png
soffice.bin /config/.config/libreoffice/4/cache/colibre/150/cmd/sc_ttestdialog.png
soffice.bin /config/.config/libreoffice/4/cache/breeze/150/cmd/sc_ftestdialog.png
soffice.bin /config/.config/libreoffice/4/cache/colibre/150/cmd/sc_ftestdialog.png
soffice.bin /config/.config/libreoffice/4/cache/breeze/150/cmd/sc_ztestdialog.png
soffice.bin /config/.config/libreoffice/4/cache/colibre/150/cmd/sc_ztestdialog.png
soffice.bin /config/.config/libreoffice/4/cache/breeze/150/cmd/sc_chisquaretestdialog.png
soffice.bin /config/.config/libreoffice/4/cache/colibre/150/cmd/sc_chisquaretestdialog.png
soffice.bin /config/.config/libreoffice/4/cache/breeze/150/cmd/sc_fourieranalysisdialog.png
soffice.bin /config/.config/libreoffice/4/cache/colibre/150/cmd/sc_fourieranalysisdialog.png
soffice.bin /config/.config/libreoffice/4/cache/breeze/150/cmd/sc_spelldialog.png
soffice.bin /config/.config/libreoffice/4/cache/breeze/150/cmd/sc_spelldialog.png
soffice.bin /config/.config/libreoffice/4/cache/breeze/150/cmd/sc_spelldialog.png
soffice.bin /config/.config/libreoffice/4/cache/breeze/150/cmd/sc_spelldialog.png
soffice.bin /config/.config/libreoffice/4/cache/breeze/150/cmd/sc_spellonline.png
soffice.bin /config/.config/libreoffice/4/cache/breeze/150/cmd/sc_spellonline.png
soffice.bin /config/.config/libreoffice/4/cache/breeze/150/cmd/sc_languagemenu.png
soffice.bin /config/.config/libreoffice/4/cache/breeze/150/cmd/sc_languagemenu.png
soffice.bin /config/.config/libreoffice/4/cache/breeze/150/cmd/sc_languagemenu.png
soffice.bin /config/.config/libreoffice/4/cache/breeze/150/cmd/sc_languagemenu.png
soffice.bin /config/.config/libreoffice/4/cache/breeze/150/cmd/sc_autocorrectdlg.png
soffice.bin /config/.config/libreoffice/4/cache/breeze/150/cmd/sc_autocorrectdlg.png
soffice.bin /config/.config/libreoffice/4/cache/breeze/150/cmd/sc_imagemapdialog.png
soffice.bin /config/.config/libreoffice/4/cache/breeze/150/cmd/sc_imagemapdialog.png
soffice.bin /config/.config/libreoffice/4/cache/breeze/150/cmd/sc_goalseekdialog.png
soffice.bin /config/.config/libreoffice/4/cache/breeze/150/cmd/sc_goalseekdialog.png
soffice.bin /config/.config/libreoffice/4/cache/breeze/150/cmd/sc_solverdialog.png
soffice.bin /config/.config/libreoffice/4/cache/breeze/150/cmd/sc_solverdialog.png
soffice.bin /config/.config/libreoffice/4/cache/breeze/150/cmd/sc_auditmenu.png
soffice.bin /config/.config/libreoffice/4/cache/breeze/150/cmd/sc_auditmenu.png
soffice.bin /config/.config/libreoffice/4/cache/breeze/150/cmd/sc_scenariomanager.png
soffice.bin /config/.config/libreoffice/4/cache/colibre/150/cmd/sc_scenariomanager.png
soffice.bin /config/.config/libreoffice/4/cache/breeze/150/cmd/sc_toolsformsmenu.png
soffice.bin /config/.config/libreoffice/4/cache/breeze/150/cmd/sc_toolsformsmenu.png
soffice.bin /config/.config/libreoffice/4/cache/breeze/150/cmd/sc_toolsformsmenu.png
soffice.bin /config/.config/libreoffice/4/cache/breeze/150/cmd/sc_toolsformsmenu.png
soffice.bin /config/.config/libreoffice/4/cache/breeze/150/cmd/sc_sharedocument.png
soffice.bin /config/.config/libreoffice/4/cache/breeze/150/cmd/sc_sharedocument.png
soffice.bin /config/.config/libreoffice/4/cache/breeze/150/cmd/sc_protect.png
soffice.bin /config/.config/libreoffice/4/cache/breeze/150/cmd/sc_protect.png
soffice.bin /config/.config/libreoffice/4/cache/breeze/150/cmd/sc_macrosmenu.png
soffice.bin /config/.config/libreoffice/4/cache/breeze/150/cmd/sc_macrosmenu.png
soffice.bin /config/.config/libreoffice/4/cache/breeze/150/cmd/sc_macrosmenu.png
soffice.bin /config/.config/libreoffice/4/cache/breeze/150/cmd/sc_macrosmenu.png
soffice.bin /config/.config/libreoffice/4/cache/breeze/150/cmd/sc_developmenttoolsdockingwindow.png
soffice.bin /config/.config/libreoffice/4/cache/breeze/150/cmd/sc_developmenttoolsdockingwindow.png
soffice.bin /config/.config/libreoffice/4/cache/breeze/150/cmd/sc_openxmlfiltersettings.png
soffice.bin /config/.config/libreoffice/4/cache/breeze/150/cmd/sc_openxmlfiltersettings.png
soffice.bin /config/.config/libreoffice/4/cache/breeze/150/cmd/sc_openxmlfiltersettings.png
soffice.bin /config/.config/libreoffice/4/cache/breeze/150/cmd/sc_openxmlfiltersettings.png
soffice.bin /config/.config/libreoffice/4/cache/breeze/150/cmd/sc_optionstreedialog.png
soffice.bin /config/.config/libreoffice/4/cache/breeze/150/cmd/sc_optionstreedialog.png
soffice.bin /config/.config/libreoffice/4/cache/breeze/150/cmd/sc_optionstreedialog.png
soffice.bin /config/.config/libreoffice/4/cache/breeze/150/cmd/sc_optionstreedialog.png
soffice.bin /config/.config/libreoffice/4/cache/breeze/150/cmd/sc_showprecedents.png
soffice.bin /config/.config/libreoffice/4/cache/breeze/150/cmd/sc_showprecedents.png
soffice.bin /config/.config/libreoffice/4/cache/breeze/150/cmd/sc_showdependents.png
soffice.bin /config/.config/libreoffice/4/cache/breeze/150/cmd/sc_showdependents.png
soffice.bin /config/.config/libreoffice/4/cache/breeze/150/cmd/sc_cleararrows.png
soffice.bin /config/.config/libreoffice/4/cache/breeze/150/cmd/sc_cleararrows.png
soffice.bin /config/.config/libreoffice/4/cache/breeze/150/cmd/sc_cleararrowprecedents.png
soffice.bin /config/.config/libreoffice/4/cache/breeze/150/cmd/sc_cleararrowprecedents.png
soffice.bin /config/.config/libreoffice/4/cache/breeze/150/cmd/sc_cleararrowdependents.png
soffice.bin /config/.config/libreoffice/4/cache/breeze/150/cmd/sc_cleararrowdependents.png
soffice.bin /config/.config/libreoffice/4/cache/breeze/150/cmd/sc_showerrors.png
soffice.bin /config/.config/libreoffice/4/cache/breeze/150/cmd/sc_showerrors.png
soffice.bin /config/.config/libreoffice/4/cache/breeze/150/cmd/sc_refresharrows.png
soffice.bin /config/.config/libreoffice/4/cache/colibre/150/cmd/sc_refresharrows.png
soffice.bin /config/.config/libreoffice/4/cache/breeze/150/cmd/sc_auditingfillmode.png
soffice.bin /config/.config/libreoffice/4/cache/breeze/150/cmd/sc_auditingfillmode.png
soffice.bin /config/.config/libreoffice/4/cache/breeze/150/cmd/sc_autorefresharrows.png
soffice.bin /config/.config/libreoffice/4/cache/colibre/150/cmd/sc_autorefresharrows.png
soffice.bin /config/.config/libreoffice/4/cache/breeze/150/cmd/sc_showinvalid.png
soffice.bin /config/.config/libreoffice/4/cache/breeze/150/cmd/sc_showinvalid.png
soffice.bin /config/.config/libreoffice/4/cache/breeze/150/cmd/sc_switchcontroldesignmode.png
soffice.bin /config/.config/libreoffice/4/cache/breeze/150/cmd/sc_switchcontroldesignmode.png
soffice.bin /config/.config/libreoffice/4/cache/breeze/150/cmd/sc_switchcontroldesignmode.png
soffice.bin /config/.config/libreoffice/4/cache/breeze/150/cmd/sc_switchcontroldesignmode.png
soffice.bin /config/.config/libreoffice/4/cache/breeze/150/cmd/sc_controlproperties.png
soffice.bin /config/.config/libreoffice/4/cache/breeze/150/cmd/sc_controlproperties.png
soffice.bin /config/.config/libreoffice/4/cache/breeze/150/cmd/sc_formproperties.png
soffice.bin /config/.config/libreoffice/4/cache/breeze/150/cmd/sc_formproperties.png
soffice.bin /config/.config/libreoffice/4/cache/breeze/150/cmd/sc_showfmexplorer.png
soffice.bin /config/.config/libreoffice/4/cache/breeze/150/cmd/sc_showfmexplorer.png
soffice.bin /config/.config/libreoffice/4/cache/breeze/150/cmd/sc_tabdialog.png
soffice.bin /config/.config/libreoffice/4/cache/breeze/150/cmd/sc_tabdialog.png
soffice.bin /config/.config/libreoffice/4/cache/breeze/150/cmd/sc_addfield.png
soffice.bin /config/.config/libreoffice/4/cache/breeze/150/cmd/sc_addfield.png
soffice.bin /config/.config/libreoffice/4/cache/breeze/150/cmd/sc_openreadonly.png
soffice.bin /config/.config/libreoffice/4/cache/breeze/150/cmd/sc_openreadonly.png
soffice.bin /config/.config/libreoffice/4/cache/breeze/150/cmd/sc_autocontrolfocus.png
soffice.bin /config/.config/libreoffice/4/cache/breeze/150/cmd/sc_autocontrolfocus.png
soffice.bin /config/.config/libreoffice/4/cache/breeze/150/cmd/sc_macrorecorder.png
soffice.bin /config/.config/libreoffice/4/cache/breeze/150/cmd/sc_macrorecorder.png
soffice.bin /config/.config/libreoffice/4/cache/breeze/150/cmd/sc_runmacro.png
soffice.bin /config/.config/libreoffice/4/cache/breeze/150/cmd/sc_runmacro.png
soffice.bin /config/.config/libreoffice/4/cache/breeze/150/cmd/sc_basicideappear.png
soffice.bin /config/.config/libreoffice/4/cache/breeze/150/cmd/sc_basicideappear.png
soffice.bin /config/.config/libreoffice/4/cache/breeze/150/cmd/sc_scriptorganizer.png
soffice.bin /config/.config/libreoffice/4/cache/breeze/150/cmd/sc_scriptorganizer.png
soffice.bin /config/.config/libreoffice/4/cache/breeze/150/cmd/sc_macrosignature.png
soffice.bin /config/.config/libreoffice/4/cache/colibre/150/cmd/sc_macrosignature.png
soffice.bin /config/.config/libreoffice/4/cache/breeze/150/cmd/sc_macroorganizer?tabid:short=1.png
soffice.bin /config/.config/libreoffice/4/cache/breeze/150/cmd/sc_macroorganizer?tabid:short=1.png
soffice.bin /config/.config/libreoffice/4/cache/breeze/150/cmd/sc_macroorganizer?tabid:short=1.png
soffice.bin /config/.config/libreoffice/4/cache/breeze/150/cmd/sc_macroorganizer?tabid:short=1.png
soffice.bin /config/.config/libreoffice/4/cache/breeze/150/cmd/sc_newwindow.png
soffice.bin /config/.config/libreoffice/4/cache/breeze/150/cmd/sc_newwindow.png
soffice.bin /config/.config/libreoffice/4/cache/breeze/150/cmd/sc_closewin.png
soffice.bin /config/.config/libreoffice/4/cache/breeze/150/cmd/sc_closewin.png
soffice.bin /config/.config/libreoffice/4/cache/breeze/150/cmd/sc_closewin.png
soffice.bin /config/.config/libreoffice/4/cache/breeze/150/cmd/sc_closewin.png
soffice.bin /config/.config/libreoffice/4/cache/breeze/150/cmd/sc_helpindex.png
soffice.bin /config/.config/libreoffice/4/cache/breeze/150/cmd/sc_helpindex.png
soffice.bin /config/.config/libreoffice/4/cache/breeze/150/cmd/sc_extendedhelp.png
soffice.bin /config/.config/libreoffice/4/cache/breeze/150/cmd/sc_extendedhelp.png
soffice.bin /config/.config/libreoffice/4/cache/breeze/150/cmd/sc_documentation.png
soffice.bin /config/.config/libreoffice/4/cache/breeze/150/cmd/sc_documentation.png
soffice.bin /config/.config/libreoffice/4/cache/breeze/150/cmd/sc_tipoftheday.png
soffice.bin /config/.config/libreoffice/4/cache/colibre/150/cmd/sc_tipoftheday.png
soffice.bin /config/.config/libreoffice/4/cache/breeze/150/cmd/sc_commandpopup.png
soffice.bin /config/.config/libreoffice/4/cache/colibre/150/cmd/sc_commandpopup.png
soffice.bin /config/.config/libreoffice/4/cache/breeze/150/cmd/sc_questionanswers.png
soffice.bin /config/.config/libreoffice/4/cache/breeze/150/cmd/sc_questionanswers.png
soffice.bin /config/.config/libreoffice/4/cache/breeze/150/cmd/sc_sendfeedback.png
soffice.bin /config/.config/libreoffice/4/cache/breeze/150/cmd/sc_sendfeedback.png
soffice.bin /config/.config/libreoffice/4/cache/breeze/150/cmd/sc_safemode.png
soffice.bin /config/.config/libreoffice/4/cache/breeze/150/cmd/sc_safemode.png
soffice.bin /config/.config/libreoffice/4/cache/breeze/150/cmd/sc_getinvolved.png
soffice.bin /config/.config/libreoffice/4/cache/breeze/150/cmd/sc_getinvolved.png
soffice.bin /config/.config/libreoffice/4/cache/breeze/150/cmd/sc_showlicense.png
soffice.bin /config/.config/libreoffice/4/cache/breeze/150/cmd/sc_showlicense.png
soffice.bin /config/.config/libreoffice/4/cache/breeze/150/cmd/sc_about.png
soffice.bin /config/.config/libreoffice/4/cache/breeze/150/cmd/sc_about.png
soffice.bin /usr/share/fonts/truetype/noto/NotoSans-Bold.ttf
soffice.bin /config/.config/libreoffice/4/user/config/soffice.cfg/modules/scalc/toolbar
soffice.bin /usr/lib/libreoffice/share/config/soffice.cfg/modules/scalc/toolbar/standardbar.xml
soffice.bin /config/.config/libreoffice/4/cache/breeze/150/cmd/lc_extendedhelp.png
soffice.bin /config/.config/libreoffice/4/cache/breeze/150/cmd/lc_extendedhelp.png
soffice.bin /config/.config/libreoffice/4/cache/breeze/150/cmd/lc_helpindex.png
soffice.bin /config/.config/libreoffice/4/cache/breeze/150/cmd/lc_helpindex.png
soffice.bin /config/.config/libreoffice/4/cache/breeze/150/cmd/lc_zoom.png
soffice.bin /config/.config/libreoffice/4/cache/breeze/150/cmd/lc_zoom.png
soffice.bin /config/.config/libreoffice/4/cache/breeze/150/cmd/lc_rowoperations.png
soffice.bin /config/.config/libreoffice/4/cache/breeze/150/cmd/lc_rowoperations.png
soffice.bin /config/.config/libreoffice/4/cache/breeze/150/cmd/lc_datadatapilotrun.png
soffice.bin /config/.config/libreoffice/4/cache/breeze/150/cmd/lc_datadatapilotrun.png
soffice.bin /config/.config/libreoffice/4/cache/breeze/150/cmd/lc_undo.png
soffice.bin /config/.config/libreoffice/4/cache/breeze/150/cmd/lc_undo.png
soffice.bin /config/.config/libreoffice/4/cache/breeze/150/cmd/lc_resetattributes.png
soffice.bin /config/.config/libreoffice/4/cache/breeze/150/cmd/lc_resetattributes.png
soffice.bin /config/.config/libreoffice/4/cache/breeze/150/cmd/lc_datafilterspecialfilter.png
soffice.bin /config/.config/libreoffice/4/cache/breeze/150/cmd/lc_datafilterspecialfilter.png
soffice.bin /config/.config/libreoffice/4/cache/breeze/150/cmd/lc_columnoperations.png
soffice.bin /config/.config/libreoffice/4/cache/breeze/150/cmd/lc_columnoperations.png
soffice.bin /config/.config/libreoffice/4/cache/breeze/150/cmd/lc_freezepanes.png
soffice.bin /config/.config/libreoffice/4/cache/breeze/150/cmd/lc_freezepanes.png
soffice.bin /config/.config/libreoffice/4/cache/breeze/150/cmd/lc_deleterows.png
soffice.bin /config/.config/libreoffice/4/cache/breeze/150/cmd/lc_deleterows.png
soffice.bin /config/.config/libreoffice/4/cache/breeze/150/cmd/lc_insertrowsafter.png
soffice.bin /config/.config/libreoffice/4/cache/breeze/150/cmd/lc_insertrowsafter.png
soffice.bin /config/.config/libreoffice/4/cache/breeze/150/cmd/lc_editprintarea.png
soffice.bin /config/.config/libreoffice/4/cache/breeze/150/cmd/lc_editprintarea.png
soffice.bin /config/.config/libreoffice/4/cache/breeze/150/cmd/lc_paste.png
soffice.bin /config/.config/libreoffice/4/cache/breeze/150/cmd/lc_paste.png
soffice.bin /config/.config/libreoffice/4/cache/breeze/150/cmd/lc_copy.png
soffice.bin /config/.config/libreoffice/4/cache/breeze/150/cmd/lc_copy.png
soffice.bin /config/.config/libreoffice/4/cache/breeze/150/cmd/lc_saveas.png
soffice.bin /config/.config/libreoffice/4/cache/breeze/150/cmd/lc_saveas.png
soffice.bin /config/.config/libreoffice/4/cache/breeze/150/cmd/lc_datasort.png
soffice.bin /config/.config/libreoffice/4/cache/breeze/150/cmd/lc_datasort.png
soffice.bin /config/.config/libreoffice/4/cache/breeze/150/cmd/lc_editheaderandfooter.png
soffice.bin /config/.config/libreoffice/4/cache/breeze/150/cmd/lc_editheaderandfooter.png
soffice.bin /config/.config/libreoffice/4/cache/breeze/150/cmd/lc_cut.png
soffice.bin /config/.config/libreoffice/4/cache/breeze/150/cmd/lc_cut.png
soffice.bin /config/.config/libreoffice/4/cache/breeze/150/cmd/lc_openurl.png
soffice.bin /config/.config/libreoffice/4/cache/breeze/150/cmd/lc_openurl.png
soffice.bin /config/.config/libreoffice/4/cache/breeze/150/cmd/lc_formatpaintbrush.png
soffice.bin /config/.config/libreoffice/4/cache/breeze/150/cmd/lc_formatpaintbrush.png
soffice.bin /config/.config/libreoffice/4/cache/breeze/150/cmd/lc_adddirect.png
soffice.bin /config/.config/libreoffice/4/cache/breeze/150/cmd/lc_adddirect.png
soffice.bin /config/.config/libreoffice/4/cache/breeze/150/cmd/lc_basicshapes.png
soffice.bin /config/.config/libreoffice/4/cache/breeze/150/cmd/lc_basicshapes.png
soffice.bin /config/.config/libreoffice/4/cache/breeze/150/cmd/lc_sendmail.png
soffice.bin /config/.config/libreoffice/4/cache/breeze/150/cmd/lc_sendmail.png
soffice.bin /config/.config/libreoffice/4/cache/breeze/150/cmd/lc_newdoc.png
soffice.bin /config/.config/libreoffice/4/cache/breeze/150/cmd/lc_newdoc.png
soffice.bin /config/.config/libreoffice/4/cache/breeze/150/cmd/lc_searchdialog.png
soffice.bin /config/.config/libreoffice/4/cache/breeze/150/cmd/lc_searchdialog.png
soffice.bin /config/.config/libreoffice/4/cache/breeze/150/cmd/lc_sortdescending.png
soffice.bin /config/.config/libreoffice/4/cache/breeze/150/cmd/lc_sortdescending.png
soffice.bin /config/.config/libreoffice/4/cache/breeze/150/cmd/lc_openfromcalc.png
soffice.bin /config/.config/libreoffice/4/cache/breeze/150/cmd/lc_openfromcalc.png
soffice.bin /config/.config/libreoffice/4/cache/breeze/150/cmd/lc_spellonline.png
soffice.bin /config/.config/libreoffice/4/cache/breeze/150/cmd/lc_spellonline.png
soffice.bin /config/.config/libreoffice/4/cache/breeze/150/cmd/lc_save.png
soffice.bin /config/.config/libreoffice/4/cache/breeze/150/cmd/lc_save.png
soffice.bin /config/.config/libreoffice/4/cache/breeze/150/cmd/lc_editdoc.png
soffice.bin /config/.config/libreoffice/4/cache/breeze/150/cmd/lc_editdoc.png
soffice.bin /config/.config/libreoffice/4/cache/breeze/150/cmd/lc_redo.png
soffice.bin /config/.config/libreoffice/4/cache/breeze/150/cmd/lc_redo.png
soffice.bin /config/.config/libreoffice/4/cache/breeze/150/cmd/lc_insertrowsbefore.png
soffice.bin /config/.config/libreoffice/4/cache/breeze/150/cmd/lc_insertrowsbefore.png
soffice.bin /config/.config/libreoffice/4/cache/breeze/150/cmd/lc_exportdirecttopdf.png
soffice.bin /config/.config/libreoffice/4/cache/breeze/150/cmd/lc_exportdirecttopdf.png
soffice.bin /config/.config/libreoffice/4/cache/breeze/150/cmd/lc_openremote.png
soffice.bin /config/.config/libreoffice/4/cache/breeze/150/cmd/lc_openremote.png
soffice.bin /config/.config/libreoffice/4/cache/breeze/150/cmd/lc_print.png
soffice.bin /config/.config/libreoffice/4/cache/breeze/150/cmd/lc_print.png
soffice.bin /config/.config/libreoffice/4/cache/breeze/150/cmd/lc_insertcolumnsbefore.png
soffice.bin /config/.config/libreoffice/4/cache/breeze/150/cmd/lc_insertcolumnsbefore.png
soffice.bin /config/.config/libreoffice/4/cache/breeze/150/cmd/lc_navigator.png
soffice.bin /config/.config/libreoffice/4/cache/breeze/150/cmd/lc_navigator.png
soffice.bin /config/.config/libreoffice/4/cache/breeze/150/cmd/lc_sortascending.png
soffice.bin /config/.config/libreoffice/4/cache/breeze/150/cmd/lc_sortascending.png
soffice.bin /config/.config/libreoffice/4/cache/breeze/150/cmd/lc_goalseekdialog.png
soffice.bin /config/.config/libreoffice/4/cache/breeze/150/cmd/lc_goalseekdialog.png
soffice.bin /config/.config/libreoffice/4/cache/breeze/150/cmd/lc_insertcolumnsafter.png
soffice.bin /config/.config/libreoffice/4/cache/breeze/150/cmd/lc_insertcolumnsafter.png
soffice.bin /config/.config/libreoffice/4/cache/breeze/150/cmd/lc_deletecolumns.png
soffice.bin /config/.config/libreoffice/4/cache/breeze/150/cmd/lc_deletecolumns.png
soffice.bin /config/.config/libreoffice/4/cache/breeze/150/cmd/lc_charmapcontrol.png
soffice.bin /config/.config/libreoffice/4/cache/breeze/150/cmd/lc_charmapcontrol.png
soffice.bin /config/.config/libreoffice/4/cache/breeze/150/cmd/lc_insertdraw.png
soffice.bin /config/.config/libreoffice/4/cache/breeze/150/cmd/lc_insertdraw.png
soffice.bin /config/.config/libreoffice/4/cache/breeze/150/cmd/lc_insertannotation.png
soffice.bin /config/.config/libreoffice/4/cache/breeze/150/cmd/lc_insertannotation.png
soffice.bin /config/.config/libreoffice/4/cache/breeze/150/cmd/lc_datafilterautofilter.png
soffice.bin /config/.config/libreoffice/4/cache/breeze/150/cmd/lc_datafilterautofilter.png
soffice.bin /config/.config/libreoffice/4/cache/breeze/150/cmd/lc_datafilterstandardfilter.png
soffice.bin /config/.config/libreoffice/4/cache/breeze/150/cmd/lc_datafilterstandardfilter.png
soffice.bin /config/.config/libreoffice/4/cache/breeze/150/cmd/lc_spelldialog.png
soffice.bin /config/.config/libreoffice/4/cache/breeze/150/cmd/lc_spelldialog.png
soffice.bin /config/.config/libreoffice/4/cache/breeze/150/cmd/lc_printpreview.png
soffice.bin /config/.config/libreoffice/4/cache/breeze/150/cmd/lc_printpreview.png
soffice.bin /config/.config/libreoffice/4/cache/breeze/150/cmd/lc_insertgraphic.png
soffice.bin /config/.config/libreoffice/4/cache/breeze/150/cmd/lc_insertgraphic.png
soffice.bin /config/.config/libreoffice/4/cache/breeze/150/cmd/lc_splitwindow.png
soffice.bin /config/.config/libreoffice/4/cache/breeze/150/cmd/lc_splitwindow.png
soffice.bin /config/.config/libreoffice/4/cache/breeze/150/cmd/lc_gallery.png
soffice.bin /config/.config/libreoffice/4/cache/breeze/150/cmd/lc_gallery.png
soffice.bin /config/.config/libreoffice/4/cache/breeze/150/cmd/lc_insertobjectchart.png
soffice.bin /config/.config/libreoffice/4/cache/breeze/150/cmd/lc_insertobjectchart.png
soffice.bin /config/.config/libreoffice/4/cache/breeze/150/cmd/lc_insertobjectstarmath.png
soffice.bin /config/.config/libreoffice/4/cache/breeze/150/cmd/lc_insertobjectstarmath.png
soffice.bin /config/.config/libreoffice/4/cache/breeze/150/cmd/lc_insertrowbreak.png
soffice.bin /config/.config/libreoffice/4/cache/breeze/150/cmd/lc_insertrowbreak.png
soffice.bin /config/.config/libreoffice/4/cache/breeze/150/cmd/lc_viewdatasourcebrowser.png
soffice.bin /config/.config/libreoffice/4/cache/breeze/150/cmd/lc_viewdatasourcebrowser.png
soffice.bin /config/.config/libreoffice/4/cache/breeze/150/cmd/lc_hyperlinkdialog.png
soffice.bin /config/.config/libreoffice/4/cache/breeze/150/cmd/lc_hyperlinkdialog.png
soffice.bin /config/.config/libreoffice/4/cache/breeze/150/cmd/lc_drawtext.png
soffice.bin /config/.config/libreoffice/4/cache/breeze/150/cmd/lc_drawtext.png
soffice.bin /config/.config/libreoffice/4/cache/breeze/150/cmd/lc_defineprintarea.png
soffice.bin /config/.config/libreoffice/4/cache/breeze/150/cmd/lc_defineprintarea.png
soffice.bin /config/.config/libreoffice/4/cache/breeze/150/cmd/lc_deleteprintarea.png
soffice.bin /config/.config/libreoffice/4/cache/breeze/150/cmd/lc_deleteprintarea.png
soffice.bin /config/.config/libreoffice/4/cache/breeze/150/cmd/lc_printdefault.png
soffice.bin /config/.config/libreoffice/4/cache/breeze/150/cmd/lc_printdefault.png
soffice.bin /config/.config/libreoffice/4/cache/breeze/150/cmd/lc_line.png
soffice.bin /config/.config/libreoffice/4/cache/breeze/150/cmd/lc_line.png
soffice.bin /config/.config/libreoffice/4/cache/breeze/150/res/sx03139.png
soffice.bin /config/.config/libreoffice/4/cache/breeze/150/res/sx03139.png
soffice.bin /config/.config/libreoffice/4/cache/breeze/150/cmd/lc_basicshapes.diamond.png
soffice.bin /config/.config/libreoffice/4/cache/breeze/150/cmd/lc_basicshapes.diamond.png
soffice.bin /config/.config/libreoffice/4/cache/breeze/150/cmd/lc_basicshapes.png
soffice.bin /config/.config/libreoffice/4/cache/breeze/150/cmd/lc_basicshapes.png
soffice.bin /config/.config/libreoffice/4/cache/breeze/150/cmd/lc_openurl.png
soffice.bin /config/.config/libreoffice/4/cache/breeze/150/cmd/lc_openurl.png
soffice.bin /config/.config/libreoffice/4/cache/breeze/150/cmd/lc_openfromcalc.png
soffice.bin /config/.config/libreoffice/4/cache/breeze/150/cmd/lc_openfromcalc.png
soffice.bin /config/.config/libreoffice/4/cache/breeze/150/cmd/lc_spelldialog.png
soffice.bin /config/.config/libreoffice/4/cache/breeze/150/cmd/lc_spelldialog.png
soffice.bin /config/.config/libreoffice/4/cache/breeze/150/cmd/lc_rowoperations.png
soffice.bin /config/.config/libreoffice/4/cache/breeze/150/cmd/lc_rowoperations.png
soffice.bin /config/.config/libreoffice/4/cache/breeze/150/cmd/lc_insertrowsbefore.png
soffice.bin /config/.config/libreoffice/4/cache/breeze/150/cmd/lc_insertrowsbefore.png
soffice.bin /config/.config/libreoffice/4/cache/breeze/150/cmd/lc_columnoperations.png
soffice.bin /config/.config/libreoffice/4/cache/breeze/150/cmd/lc_columnoperations.png
soffice.bin /config/.config/libreoffice/4/cache/breeze/150/cmd/lc_insertcolumnsbefore.png
soffice.bin /config/.config/libreoffice/4/cache/breeze/150/cmd/lc_insertcolumnsbefore.png
soffice.bin /config/.config/libreoffice/4/cache/breeze/150/cmd/lc_insertobjectchart.png
soffice.bin /config/.config/libreoffice/4/cache/breeze/150/cmd/lc_insertobjectchart.png
soffice.bin /config/.config/libreoffice/4/cache/breeze/150/cmd/lc_insertobjectstarmath.png
soffice.bin /config/.config/libreoffice/4/cache/breeze/150/cmd/lc_insertobjectstarmath.png
soffice.bin /config/.config/libreoffice/4/cache/breeze/150/cmd/lc_insertrowbreak.png
soffice.bin /config/.config/libreoffice/4/cache/breeze/150/cmd/lc_insertrowbreak.png
soffice.bin /config/.config/libreoffice/4/cache/breeze/150/cmd/lc_hyperlinkdialog.png
soffice.bin /config/.config/libreoffice/4/cache/breeze/150/cmd/lc_hyperlinkdialog.png
soffice.bin /config/.config/libreoffice/4/cache/breeze/150/cmd/lc_drawtext.png
soffice.bin /config/.config/libreoffice/4/cache/breeze/150/cmd/lc_drawtext.png
soffice.bin /config/.config/libreoffice/4/cache/breeze/150/cmd/lc_deleteprintarea.png
soffice.bin /config/.config/libreoffice/4/cache/breeze/150/cmd/lc_deleteprintarea.png
soffice.bin /config/.config/libreoffice/4/cache/breeze/150/cmd/lc_zoom.png
soffice.bin /config/.config/libreoffice/4/cache/breeze/150/cmd/lc_zoom.png
soffice.bin /config/.config/libreoffice/4/user/config/soffice.cfg/modules/scalc/toolbar
soffice.bin /usr/lib/libreoffice/share/config/soffice.cfg/modules/scalc/toolbar/formatobjectbar.xml
soffice.bin /config/.config/libreoffice/4/cache/breeze/150/cmd/lc_textdirectiontoptobottom.png
soffice.bin /config/.config/libreoffice/4/cache/breeze/150/cmd/lc_textdirectiontoptobottom.png
soffice.bin /config/.config/libreoffice/4/cache/breeze/150/cmd/lc_paralefttoright.png
soffice.bin /config/.config/libreoffice/4/cache/breeze/150/cmd/lc_paralefttoright.png
soffice.bin /config/.config/libreoffice/4/cache/breeze/150/cmd/lc_framelinecolor.png
soffice.bin /config/.config/libreoffice/4/cache/breeze/150/cmd/lc_framelinecolor.png
soffice.bin /config/.config/libreoffice/4/cache/breeze/150/cmd/lc_setborderstyle.png
soffice.bin /config/.config/libreoffice/4/cache/breeze/150/cmd/lc_setborderstyle.png
soffice.bin /config/.config/libreoffice/4/cache/breeze/150/cmd/lc_decrementindent.png
soffice.bin /config/.config/libreoffice/4/cache/breeze/150/cmd/lc_decrementindent.png
soffice.bin /config/.config/libreoffice/4/cache/breeze/150/cmd/lc_numberformatdecdecimals.png
soffice.bin /config/.config/libreoffice/4/cache/breeze/150/cmd/lc_numberformatdecdecimals.png
soffice.bin /config/.config/libreoffice/4/cache/breeze/150/cmd/lc_numberformatincdecimals.png
soffice.bin /config/.config/libreoffice/4/cache/breeze/150/cmd/lc_numberformatincdecimals.png
soffice.bin /config/.config/libreoffice/4/cache/breeze/150/cmd/lc_numberformatscientific.png
soffice.bin /config/.config/libreoffice/4/cache/breeze/150/cmd/lc_numberformatscientific.png
soffice.bin /config/.config/libreoffice/4/cache/breeze/150/cmd/lc_numberformatdecimal.png
soffice.bin /config/.config/libreoffice/4/cache/breeze/150/cmd/lc_numberformatdecimal.png
soffice.bin /config/.config/libreoffice/4/cache/breeze/150/cmd/lc_numberformatcurrency.png
soffice.bin /config/.config/libreoffice/4/cache/breeze/150/cmd/lc_numberformatcurrency.png
soffice.bin /config/.config/libreoffice/4/cache/breeze/150/cmd/lc_bold.png
soffice.bin /config/.config/libreoffice/4/cache/breeze/150/cmd/lc_bold.png
soffice.bin /config/.config/libreoffice/4/cache/breeze/150/cmd/lc_togglemergecells.png
soffice.bin /config/.config/libreoffice/4/cache/breeze/150/cmd/lc_togglemergecells.png
soffice.bin /config/.config/libreoffice/4/cache/breeze/150/cmd/lc_pararighttoleft.png
soffice.bin /config/.config/libreoffice/4/cache/breeze/150/cmd/lc_pararighttoleft.png
soffice.bin /config/.config/libreoffice/4/cache/breeze/150/cmd/lc_grow.png
soffice.bin /config/.config/libreoffice/4/cache/breeze/150/cmd/lc_grow.png
soffice.bin /config/.config/libreoffice/4/cache/breeze/150/cmd/lc_underlinedouble.png
soffice.bin /config/.config/libreoffice/4/cache/breeze/150/cmd/lc_underlinedouble.png
soffice.bin /config/.config/libreoffice/4/cache/breeze/150/cmd/lc_charfontname.png
soffice.bin /config/.config/libreoffice/4/cache/breeze/150/cmd/lc_charfontname.png
soffice.bin /config/.config/libreoffice/4/cache/breeze/150/cmd/lc_backgroundcolor.png
soffice.bin /config/.config/libreoffice/4/cache/breeze/150/cmd/lc_backgroundcolor.png
soffice.bin /config/.config/libreoffice/4/cache/breeze/150/cmd/lc_styleapply.png
soffice.bin /config/.config/libreoffice/4/cache/breeze/150/cmd/lc_styleapply.png
soffice.bin /config/.config/libreoffice/4/cache/breeze/150/cmd/lc_togglesheetgrid.png
soffice.bin /config/.config/libreoffice/4/cache/breeze/150/cmd/lc_togglesheetgrid.png
soffice.bin /config/.config/libreoffice/4/cache/breeze/150/cmd/lc_numberformatpercent.png
soffice.bin /config/.config/libreoffice/4/cache/breeze/150/cmd/lc_numberformatpercent.png
soffice.bin /config/.config/libreoffice/4/cache/breeze/150/cmd/lc_shrink.png
soffice.bin /config/.config/libreoffice/4/cache/breeze/150/cmd/lc_shrink.png
soffice.bin /config/.config/libreoffice/4/cache/breeze/150/cmd/lc_overline.png
soffice.bin /config/.config/libreoffice/4/cache/breeze/150/cmd/lc_overline.png
soffice.bin /config/.config/libreoffice/4/cache/breeze/150/cmd/lc_aligntop.png
soffice.bin /config/.config/libreoffice/4/cache/breeze/150/cmd/lc_aligntop.png
soffice.bin /config/.config/libreoffice/4/cache/breeze/150/cmd/lc_alignbottom.png
soffice.bin /config/.config/libreoffice/4/cache/breeze/150/cmd/lc_alignbottom.png
soffice.bin /config/.config/libreoffice/4/cache/breeze/150/cmd/lc_linestyle.png
soffice.bin /config/.config/libreoffice/4/cache/breeze/150/cmd/lc_linestyle.png
soffice.bin /config/.config/libreoffice/4/cache/breeze/150/cmd/lc_underline.png
soffice.bin /config/.config/libreoffice/4/cache/breeze/150/cmd/lc_underline.png
soffice.bin /config/.config/libreoffice/4/cache/breeze/150/cmd/lc_numberformatdate.png
soffice.bin /config/.config/libreoffice/4/cache/breeze/150/cmd/lc_numberformatdate.png
soffice.bin /config/.config/libreoffice/4/cache/breeze/150/cmd/lc_italic.png
soffice.bin /config/.config/libreoffice/4/cache/breeze/150/cmd/lc_italic.png
soffice.bin /config/.config/libreoffice/4/cache/breeze/150/cmd/lc_splitcell.png
soffice.bin /config/.config/libreoffice/4/cache/breeze/150/cmd/lc_splitcell.png
soffice.bin /config/.config/libreoffice/4/cache/breeze/150/cmd/lc_designerdialog.png
soffice.bin /config/.config/libreoffice/4/cache/breeze/150/cmd/lc_designerdialog.png
soffice.bin /config/.config/libreoffice/4/cache/breeze/150/cmd/lc_numberformatstandard.png
soffice.bin /config/.config/libreoffice/4/cache/breeze/150/cmd/lc_numberformatstandard.png
soffice.bin /config/.config/libreoffice/4/cache/breeze/150/cmd/lc_incrementindent.png
soffice.bin /config/.config/libreoffice/4/cache/breeze/150/cmd/lc_incrementindent.png
soffice.bin /config/.config/libreoffice/4/cache/breeze/150/cmd/lc_outlinefont.png
soffice.bin /config/.config/libreoffice/4/cache/breeze/150/cmd/lc_outlinefont.png
soffice.bin /config/.config/libreoffice/4/cache/breeze/150/cmd/lc_strikeout.png
soffice.bin /config/.config/libreoffice/4/cache/breeze/150/cmd/lc_strikeout.png
soffice.bin /config/.config/libreoffice/4/cache/breeze/150/cmd/lc_color.png
soffice.bin /config/.config/libreoffice/4/cache/breeze/150/cmd/lc_color.png
soffice.bin /config/.config/libreoffice/4/cache/breeze/150/cmd/lc_mergecells.png
soffice.bin /config/.config/libreoffice/4/cache/breeze/150/cmd/lc_mergecells.png
soffice.bin /config/.config/libreoffice/4/cache/breeze/150/cmd/lc_wraptext.png
soffice.bin /config/.config/libreoffice/4/cache/breeze/150/cmd/lc_wraptext.png
soffice.bin /config/.config/libreoffice/4/cache/breeze/150/cmd/lc_textdirectionlefttoright.png
soffice.bin /config/.config/libreoffice/4/cache/breeze/150/cmd/lc_textdirectionlefttoright.png
soffice.bin /config/.config/libreoffice/4/cache/breeze/150/cmd/lc_superscript.png
soffice.bin /config/.config/libreoffice/4/cache/breeze/150/cmd/lc_superscript.png
soffice.bin /config/.config/libreoffice/4/cache/breeze/150/cmd/lc_alignleft.png
soffice.bin /config/.config/libreoffice/4/cache/breeze/150/cmd/lc_alignleft.png
soffice.bin /config/.config/libreoffice/4/cache/breeze/150/cmd/lc_alignhorizontalcenter.png
soffice.bin /config/.config/libreoffice/4/cache/breeze/150/cmd/lc_alignhorizontalcenter.png
soffice.bin /config/.config/libreoffice/4/cache/breeze/150/cmd/lc_conditionalformatmenu.png
soffice.bin /config/.config/libreoffice/4/cache/breeze/150/cmd/lc_conditionalformatmenu.png
soffice.bin /config/.config/libreoffice/4/cache/breeze/150/cmd/lc_alignright.png
soffice.bin /config/.config/libreoffice/4/cache/breeze/150/cmd/lc_alignright.png
soffice.bin /config/.config/libreoffice/4/cache/breeze/150/cmd/lc_subscript.png
soffice.bin /config/.config/libreoffice/4/cache/breeze/150/cmd/lc_subscript.png
soffice.bin /config/.config/libreoffice/4/cache/breeze/150/cmd/lc_fontheight.png
soffice.bin /config/.config/libreoffice/4/cache/breeze/150/cmd/lc_fontheight.png
soffice.bin /config/.config/libreoffice/4/cache/breeze/150/cmd/lc_alignblock.png
soffice.bin /config/.config/libreoffice/4/cache/breeze/150/cmd/lc_alignblock.png
soffice.bin /config/.config/libreoffice/4/cache/breeze/150/cmd/lc_alignvcenter.png
soffice.bin /config/.config/libreoffice/4/cache/breeze/150/cmd/lc_alignvcenter.png
soffice.bin /usr/lib/libreoffice/share/config/soffice.cfg/svx/ui/applystylebox.ui
soffice.bin /usr/lib/libreoffice/share/config/soffice.cfg/svx/ui/stylemenu.ui
soffice.bin /usr/lib/libreoffice/share/config/soffice.cfg/svx/ui/fontnamebox.ui
soffice.bin /etc/passwd
soffice.bin /usr/lib/libreoffice/share/config/soffice.cfg/svx/ui/fontsizebox.ui
soffice.bin /config/.config/libreoffice/4/cache/breeze/150/cmd/lc_styleapply.png
soffice.bin /config/.config/libreoffice/4/cache/breeze/150/cmd/lc_styleapply.png
soffice.bin /config/.config/libreoffice/4/cache/breeze/150/cmd/lc_fontheight.png
soffice.bin /config/.config/libreoffice/4/cache/breeze/150/cmd/lc_fontheight.png
soffice.bin /config/.config/libreoffice/4/cache/breeze/150/cmd/lc_alignvcenter.png
soffice.bin /config/.config/libreoffice/4/cache/breeze/150/cmd/lc_alignvcenter.png
soffice.bin /config/.config/libreoffice/4/cache/breeze/150/cmd/lc_numberformatcurrency.png
soffice.bin /config/.config/libreoffice/4/cache/breeze/150/cmd/lc_numberformatcurrency.png
soffice.bin /config/.config/libreoffice/4/cache/breeze/150/cmd/lc_numberformatdate.png
soffice.bin /config/.config/libreoffice/4/cache/breeze/150/cmd/lc_numberformatdate.png
soffice.bin /config/.config/libreoffice/4/cache/breeze/150/cmd/lc_setborderstyle.png
soffice.bin /config/.config/libreoffice/4/cache/breeze/150/cmd/lc_setborderstyle.png
soffice.bin /config/.config/libreoffice/4/cache/breeze/150/cmd/lc_conditionalformatmenu.png
soffice.bin /config/.config/libreoffice/4/cache/breeze/150/cmd/lc_conditionalformatmenu.png
soffice.bin /config/.config/libreoffice/4/user/config/soffice.cfg/modules/scalc/statusbar
soffice.bin /usr/lib/libreoffice/share/config/soffice.cfg/modules/scalc/statusbar
soffice.bin /usr/lib/libreoffice/share/config/soffice.cfg/modules/scalc/statusbar/statusbar.xml
soffice.bin /usr/lib/libreoffice/share/config/soffice.cfg/svx/ui/selectionmenu.ui
soffice.bin /usr/lib/libreoffice/share/config/soffice.cfg/modules/scalc/ui/posbox.ui
soffice.bin /usr/lib/libreoffice/share/config/soffice.cfg/modules/scalc/ui/inputbar.ui
soffice.bin /config/.config/libreoffice/4/cache/breeze/150/sc/res/sc26047.png
soffice.bin /config/.config/libreoffice/4/cache/breeze/150/sc/res/sc26047.png
soffice.bin /config/.config/libreoffice/4/cache/breeze/150/sc/res/sc26048.png
soffice.bin /config/.config/libreoffice/4/cache/breeze/150/sc/res/sc26048.png
soffice.bin /config/.config/libreoffice/4/cache/breeze/150/sc/res/sc26049.png
soffice.bin /config/.config/libreoffice/4/cache/breeze/150/sc/res/sc26049.png
soffice.bin /config/.config/libreoffice/4/cache/breeze/150/sc/res/sc26050.png
soffice.bin /config/.config/libreoffice/4/cache/breeze/150/sc/res/sc26050.png
soffice.bin /config/.config/libreoffice/4/cache/breeze/150/sc/res/sc26051.png
soffice.bin /config/.config/libreoffice/4/cache/breeze/150/sc/res/sc26051.png
soffice.bin /usr/lib/libreoffice/share/config/soffice.cfg/sfx/ui/tabbar.ui
soffice.bin /usr/lib/libreoffice/share/config/soffice.cfg/sfx/ui/tabbarcontents.ui
soffice.bin /config/.config/libreoffice/4/cache/breeze/150/sfx2/res/menu.png
soffice.bin /config/.config/libreoffice/4/cache/breeze/150/sfx2/res/menu.png
soffice.bin /config/.config/libreoffice/4/cache/breeze/150/sfx2/res/symphony/sidebar-property-large.png
soffice.bin /config/.config/libreoffice/4/cache/breeze/150/sfx2/res/symphony/sidebar-property-large.png
soffice.bin /usr/lib/libreoffice/share/config/soffice.cfg/svt/ui/fixedimagecontrol.ui
soffice.bin /config/.config/libreoffice/4/cache/breeze/150/cmd/lc_decrementlevel.png
soffice.bin /config/.config/libreoffice/4/cache/breeze/150/cmd/lc_decrementlevel.png
soffice.bin /config/.config/libreoffice/4/user/basic/script.xlc
soffice.bin /config/.config/libreoffice/4/user/basic/Standard/script.xlb
soffice.bin /usr/lib/libreoffice/share/basic/script.xlc
soffice.bin /usr/lib/libreoffice/share/basic/FormWizard/script.xlb
soffice.bin /usr/lib/libreoffice/share/basic/Template/script.xlb
soffice.bin /usr/lib/libreoffice/share/basic/Tools/script.xlb
soffice.bin /usr/lib/libreoffice/share/basic/Gimmicks/script.xlb
soffice.bin /usr/lib/libreoffice/share/basic/ImportWizard/script.xlb
soffice.bin /usr/lib/libreoffice/share/basic/Euro/script.xlb
soffice.bin /usr/lib/libreoffice/share/basic/Depot/script.xlb
soffice.bin /usr/lib/libreoffice/share/basic/ScriptBindingLibrary/script.xlb
soffice.bin /usr/lib/libreoffice/share/basic/Access2Base/script.xlb
soffice.bin /usr/lib/libreoffice/share/basic/ScriptForge/script.xlb
soffice.bin /usr/lib/libreoffice/share/basic/SFDatabases/script.xlb
soffice.bin /usr/lib/libreoffice/share/basic/SFDialogs/script.xlb
soffice.bin /usr/lib/libreoffice/share/basic/SFDocuments/script.xlb
soffice.bin /usr/lib/libreoffice/share/basic/SFUnitTests/script.xlb
soffice.bin /usr/lib/libreoffice/share/basic/SFWidgets/script.xlb
soffice.bin /config/.config/libreoffice/4/user/basic/dialog.xlc
soffice.bin /config/.config/libreoffice/4/user/basic/Standard/dialog.xlb
soffice.bin /usr/lib/libreoffice/share/basic/dialog.xlc
soffice.bin /usr/lib/libreoffice/share/basic/FormWizard/dialog.xlb
soffice.bin /usr/lib/libreoffice/share/basic/Template/dialog.xlb
soffice.bin /usr/lib/libreoffice/share/basic/Tools/dialog.xlb
soffice.bin /usr/lib/libreoffice/share/basic/Gimmicks/dialog.xlb
soffice.bin /usr/lib/libreoffice/share/basic/ImportWizard/dialog.xlb
soffice.bin /usr/lib/libreoffice/share/basic/Euro/dialog.xlb
soffice.bin /usr/lib/libreoffice/share/basic/Depot/dialog.xlb
soffice.bin /usr/lib/libreoffice/share/basic/ScriptBindingLibrary/dialog.xlb
soffice.bin /usr/lib/libreoffice/share/basic/Access2Base/dialog.xlb
soffice.bin /usr/lib/libreoffice/share/basic/ScriptForge/dialog.xlb
soffice.bin /usr/lib/libreoffice/share/basic/SFDatabases/dialog.xlb
soffice.bin /usr/lib/libreoffice/share/basic/SFDialogs/dialog.xlb
soffice.bin /usr/lib/libreoffice/share/basic/SFDocuments/dialog.xlb
soffice.bin /usr/lib/libreoffice/share/basic/SFUnitTests/dialog.xlb
soffice.bin /usr/lib/libreoffice/share/basic/SFWidgets/dialog.xlb
soffice.bin /config/.config/libreoffice/4/user/basic/Standard/Module1.xba
soffice.bin /config/.config/libreoffice/4/cache/breeze/150/sc/res/sc26047.png
soffice.bin /config/.config/libreoffice/4/cache/breeze/150/sc/res/sc26047.png
soffice.bin /config/.config/libreoffice/4/cache/breeze/150/sc/res/sc26048.png
soffice.bin /config/.config/libreoffice/4/cache/breeze/150/sc/res/sc26048.png
soffice.bin /usr/lib/libreoffice/share/config/soffice.cfg/sfx/ui/tabbutton.ui
soffice.bin /usr/lib/libreoffice/share/config/soffice.cfg/sfx/ui/tabbutton.ui
soffice.bin /usr/lib/libreoffice/share/config/soffice.cfg/sfx/ui/tabbutton.ui
soffice.bin /usr/lib/libreoffice/share/config/soffice.cfg/sfx/ui/tabbutton.ui
soffice.bin /usr/lib/libreoffice/share/config/soffice.cfg/sfx/ui/tabbutton.ui
soffice.bin /config/.config/libreoffice/4/cache/breeze/150/sfx2/res/symphony/sidebar-property-large.png
soffice.bin /config/.config/libreoffice/4/cache/breeze/150/sfx2/res/symphony/sidebar-property-large.png
soffice.bin /config/.config/libreoffice/4/cache/breeze/150/sfx2/res/symphony/sidebar-style-large.png
soffice.bin /config/.config/libreoffice/4/cache/breeze/150/sfx2/res/symphony/sidebar-style-large.png
soffice.bin /config/.config/libreoffice/4/cache/breeze/150/sfx2/res/symphony/sidebar-gallery-large.png
soffice.bin /config/.config/libreoffice/4/cache/breeze/150/sfx2/res/symphony/sidebar-gallery-large.png
soffice.bin /config/.config/libreoffice/4/cache/breeze/150/sfx2/res/symphony/sidebar-navigator-large.png
soffice.bin /config/.config/libreoffice/4/cache/breeze/150/sfx2/res/symphony/sidebar-navigator-large.png
soffice.bin /config/.config/libreoffice/4/cache/breeze/150/sfx2/res/symphony/sidebar-functions-large.png
soffice.bin /config/.config/libreoffice/4/cache/breeze/150/sfx2/res/symphony/sidebar-functions-large.png
soffice.bin /usr/lib/libreoffice/share/config/soffice.cfg/sfx/ui/deck.ui
soffice.bin /config/.config/libreoffice/4/cache/breeze/150/sfx2/res/grip.png
soffice.bin /config/.config/libreoffice/4/cache/breeze/150/sfx2/res/grip.png
soffice.bin /usr/lib/libreoffice/share/config/soffice.cfg/sfx/ui/panel.ui
soffice.bin /config/.config/libreoffice/4/cache/breeze/150/sfx2/res/symphony/morebutton.png
soffice.bin /config/.config/libreoffice/4/cache/breeze/150/sfx2/res/symphony/morebutton.png
soffice.bin /usr/lib/libreoffice/share/config/soffice.cfg/svx/ui/sidebarstylespanel.ui
soffice.bin /usr/lib/libreoffice/share/config/soffice.cfg/svx/ui/stylemenu.ui
soffice.bin /usr/lib/libreoffice/share/config/soffice.cfg/sfx/ui/panel.ui
soffice.bin /usr/lib/libreoffice/share/config/soffice.cfg/svx/ui/sidebartextpanel.ui
soffice.bin /config/.config/libreoffice/4/cache/breeze/150/cmd/sc_charfontname.png
soffice.bin /config/.config/libreoffice/4/cache/breeze/150/cmd/sc_charfontname.png
soffice.bin /etc/passwd
soffice.bin /config/.config/libreoffice/4/user/config/fontnameboxmruentries
soffice.bin /config/.config/libreoffice/4/cache/breeze/150/cmd/sc_fontheight.png
soffice.bin /config/.config/libreoffice/4/cache/breeze/150/cmd/sc_fontheight.png
soffice.bin /config/.config/libreoffice/4/cache/breeze/150/cmd/sc_underline.png
soffice.bin /config/.config/libreoffice/4/cache/breeze/150/cmd/sc_underline.png
soffice.bin /usr/lib/libreoffice/share/config/soffice.cfg/svx/ui/toolbarpopover.ui
soffice.bin /config/.config/libreoffice/4/cache/breeze/150/cmd/sc_grow.png
soffice.bin /config/.config/libreoffice/4/cache/breeze/150/cmd/sc_grow.png
soffice.bin /config/.config/libreoffice/4/cache/breeze/150/cmd/sc_shrink.png
soffice.bin /config/.config/libreoffice/4/cache/breeze/150/cmd/sc_shrink.png
soffice.bin /config/.config/libreoffice/4/cache/breeze/150/cmd/sc_color.png
soffice.bin /config/.config/libreoffice/4/cache/breeze/150/cmd/sc_color.png
soffice.bin /usr/lib/libreoffice/share/config/soffice.cfg/svx/ui/toolbarpopover.ui
soffice.bin /config/.config/libreoffice/4/cache/breeze/150/cmd/sc_charbackcolor.png
soffice.bin /config/.config/libreoffice/4/cache/breeze/150/cmd/sc_charbackcolor.png
soffice.bin /usr/lib/libreoffice/share/config/soffice.cfg/svx/ui/toolbarpopover.ui
soffice.bin /config/.config/libreoffice/4/cache/breeze/150/cmd/sc_charbackcolor.png
soffice.bin /config/.config/libreoffice/4/cache/breeze/150/cmd/sc_charbackcolor.png
soffice.bin /config/.config/libreoffice/4/cache/breeze/150/cmd/sc_charbackcolor.png
soffice.bin /config/.config/libreoffice/4/cache/breeze/150/cmd/sc_charbackcolor.png
soffice.bin /config/.config/libreoffice/4/cache/breeze/150/cmd/sc_spacing.png
soffice.bin /config/.config/libreoffice/4/cache/breeze/150/cmd/sc_spacing.png
soffice.bin /usr/lib/libreoffice/share/config/soffice.cfg/svx/ui/toolbarpopover.ui
soffice.bin /usr/lib/libreoffice/share/config/soffice.cfg/sfx/ui/panel.ui
soffice.bin /usr/lib/libreoffice/share/config/soffice.cfg/modules/scalc/ui/sidebarnumberformat.ui
soffice.bin /usr/lib/libreoffice/share/config/soffice.cfg/svx/ui/toolbarpopover.ui
soffice.bin /usr/lib/libreoffice/share/config/soffice.cfg/sfx/ui/panel.ui
soffice.bin /usr/lib/libreoffice/share/config/soffice.cfg/modules/scalc/ui/sidebaralignment.ui
soffice.bin /config/.config/libreoffice/4/cache/breeze/150/cmd/sc_alignleft.png
soffice.bin /config/.config/libreoffice/4/cache/breeze/150/cmd/sc_alignleft.png
soffice.bin /config/.config/libreoffice/4/cache/breeze/150/cmd/sc_alignhorizontalcenter.png
soffice.bin /config/.config/libreoffice/4/cache/breeze/150/cmd/sc_alignhorizontalcenter.png
soffice.bin /config/.config/libreoffice/4/cache/breeze/150/cmd/sc_alignright.png
soffice.bin /config/.config/libreoffice/4/cache/breeze/150/cmd/sc_alignright.png
soffice.bin /config/.config/libreoffice/4/cache/breeze/150/cmd/sc_alignblock.png
soffice.bin /config/.config/libreoffice/4/cache/breeze/150/cmd/sc_alignblock.png
soffice.bin /config/.config/libreoffice/4/cache/breeze/150/cmd/sc_aligntop.png
soffice.bin /config/.config/libreoffice/4/cache/breeze/150/cmd/sc_aligntop.png
soffice.bin /config/.config/libreoffice/4/cache/breeze/150/cmd/sc_alignvcenter.png
soffice.bin /config/.config/libreoffice/4/cache/breeze/150/cmd/sc_alignvcenter.png
soffice.bin /config/.config/libreoffice/4/cache/breeze/150/cmd/sc_alignbottom.png
soffice.bin /config/.config/libreoffice/4/cache/breeze/150/cmd/sc_alignbottom.png
soffice.bin /config/.config/libreoffice/4/cache/breeze/150/cmd/sc_paralefttoright.png
soffice.bin /config/.config/libreoffice/4/cache/breeze/150/cmd/sc_paralefttoright.png
soffice.bin /config/.config/libreoffice/4/cache/breeze/150/cmd/sc_pararighttoleft.png
soffice.bin /config/.config/libreoffice/4/cache/breeze/150/cmd/sc_pararighttoleft.png
soffice.bin /config/.config/libreoffice/4/cache/breeze/150/cmd/sc_incrementindent.png
soffice.bin /config/.config/libreoffice/4/cache/breeze/150/cmd/sc_incrementindent.png
soffice.bin /config/.config/libreoffice/4/cache/breeze/150/cmd/sc_decrementindent.png
soffice.bin /config/.config/libreoffice/4/cache/breeze/150/cmd/sc_decrementindent.png
soffice.bin /usr/lib/libreoffice/share/config/soffice.cfg/sfx/ui/panel.ui
soffice.bin /usr/lib/libreoffice/share/config/soffice.cfg/modules/scalc/ui/sidebarcellappearance.ui
soffice.bin /config/.config/libreoffice/4/cache/breeze/150/cmd/sc_backgroundcolor.png
soffice.bin /config/.config/libreoffice/4/cache/breeze/150/cmd/sc_backgroundcolor.png
soffice.bin /usr/lib/libreoffice/share/config/soffice.cfg/svx/ui/toolbarpopover.ui
soffice.bin /config/.config/libreoffice/4/cache/breeze/150/cmd/sc_framelinecolor.png
soffice.bin /config/.config/libreoffice/4/cache/breeze/150/cmd/sc_framelinecolor.png
soffice.bin /usr/lib/libreoffice/share/config/soffice.cfg/svx/ui/toolbarpopover.ui
soffice.bin /usr/lib/libreoffice/share/config/soffice.cfg/svx/ui/toolbarpopover.ui
soffice.bin /usr/lib/libreoffice/share/config/soffice.cfg/svx/ui/toolbarpopover.ui
soffice.bin /config/.config/libreoffice/4/cache/breeze/150/cmd/sc_fontheight.png
soffice.bin /config/.config/libreoffice/4/cache/breeze/150/cmd/sc_fontheight.png
soffice.bin /config/.config/libreoffice/4/cache/breeze/150/cmd/sc_alignvcenter.png
soffice.bin /config/.config/libreoffice/4/cache/breeze/150/cmd/sc_alignvcenter.png
soffice.bin /config/.config/libreoffice/4/cache/breeze/150/svx/res/lo01.png
soffice.bin /config/.config/libreoffice/4/cache/breeze/150/svx/res/lo01.png
soffice.bin /config/.config/libreoffice/4/cache/breeze/150/svx/res/lo02.png
soffice.bin /config/.config/libreoffice/4/cache/breeze/150/svx/res/lo02.png
soffice.bin /config/.config/libreoffice/4/cache/breeze/150/svx/res/lo03.png
soffice.bin /config/.config/libreoffice/4/cache/breeze/150/svx/res/lo03.png
soffice.bin /config/.config/libreoffice/4/cache/breeze/150/sc/res/sidebar/CellBorder.png
soffice.bin /config/.config/libreoffice/4/cache/breeze/150/sc/res/sidebar/CellBorder.png
soffice.bin /config/.config/libreoffice/4/cache/breeze/150/sc/res/sidebar/CellBorderLineStyle_005.png
soffice.bin /config/.config/libreoffice/4/cache/colibre/150/sc/res/sidebar/CellBorderLineStyle_005.png
soffice.bin /config/.config/libreoffice/4/cache/colibre/150/sc/res/sidebar/CellBorderLineStyle_005.png
soffice.bin /config/.config/libreoffice/4/cache/breeze/150/sfx2/res/symphony/sidebar-property-large.png
soffice.bin /config/.config/libreoffice/4/cache/breeze/150/sfx2/res/symphony/sidebar-property-large.png
soffice.bin /config/.config/libreoffice/4/cache/breeze/150/sfx2/res/symphony/sidebar-style-large.png
soffice.bin /config/.config/libreoffice/4/cache/breeze/150/sfx2/res/symphony/sidebar-style-large.png
soffice.bin /config/.config/libreoffice/4/cache/breeze/150/sfx2/res/symphony/sidebar-functions-large.png
soffice.bin /config/.config/libreoffice/4/cache/breeze/150/sfx2/res/symphony/sidebar-functions-large.png
soffice.bin /usr/lib/libreoffice/share/config/soffice.cfg/sfx/ui/tabbutton.ui
soffice.bin /usr/lib/libreoffice/share/config/soffice.cfg/sfx/ui/tabbutton.ui
soffice.bin /usr/lib/libreoffice/share/config/soffice.cfg/sfx/ui/tabbutton.ui
soffice.bin /usr/lib/libreoffice/share/config/soffice.cfg/sfx/ui/tabbutton.ui
soffice.bin /usr/lib/libreoffice/share/config/soffice.cfg/sfx/ui/tabbutton.ui
soffice.bin /config/.config/libreoffice/4/cache/breeze/150/sfx2/res/symphony/sidebar-property-large.png
soffice.bin /config/.config/libreoffice/4/cache/breeze/150/sfx2/res/symphony/sidebar-property-large.png
soffice.bin /config/.config/libreoffice/4/cache/breeze/150/sfx2/res/symphony/sidebar-style-large.png
soffice.bin /config/.config/libreoffice/4/cache/breeze/150/sfx2/res/symphony/sidebar-style-large.png
soffice.bin /config/.config/libreoffice/4/cache/breeze/150/sfx2/res/symphony/sidebar-gallery-large.png
soffice.bin /config/.config/libreoffice/4/cache/breeze/150/sfx2/res/symphony/sidebar-gallery-large.png
soffice.bin /config/.config/libreoffice/4/cache/breeze/150/sfx2/res/symphony/sidebar-navigator-large.png
soffice.bin /config/.config/libreoffice/4/cache/breeze/150/sfx2/res/symphony/sidebar-navigator-large.png
soffice.bin /config/.config/libreoffice/4/cache/breeze/150/sfx2/res/symphony/sidebar-functions-large.png
soffice.bin /config/.config/libreoffice/4/cache/breeze/150/sfx2/res/symphony/sidebar-functions-large.png
soffice.bin /config/.config/libreoffice/4/cache/breeze/150/sc/res/sc26047.png
soffice.bin /config/.config/libreoffice/4/cache/breeze/150/sc/res/sc26047.png
soffice.bin /config/.config/libreoffice/4/cache/breeze/150/sc/res/sc26048.png
soffice.bin /config/.config/libreoffice/4/cache/breeze/150/sc/res/sc26048.png
soffice.bin /usr/share/icons/breeze/actions/symbolic/window-close-symbolic.svg
soffice.bin /config/.config/libreoffice/4/cache/breeze/150/sfx2/res/symphony/sidebar-property-large.png
soffice.bin /config/.config/libreoffice/4/cache/breeze/150/sfx2/res/symphony/sidebar-property-large.png
soffice.bin /config/.config/libreoffice/4/cache/breeze/150/sfx2/res/symphony/sidebar-style-large.png
soffice.bin /config/.config/libreoffice/4/cache/breeze/150/sfx2/res/symphony/sidebar-style-large.png
soffice.bin /config/.config/libreoffice/4/cache/breeze/150/sfx2/res/symphony/sidebar-functions-large.png
soffice.bin /config/.config/libreoffice/4/cache/breeze/150/sfx2/res/symphony/sidebar-functions-large.png
soffice.bin /config/.config/libreoffice/4/cache/breeze/150/svx/res/doc_modified_no.png
soffice.bin /config/.config/libreoffice/4/cache/breeze/150/svx/res/doc_modified_no.png
soffice.bin /config/.config/libreoffice/4/cache/breeze/150/svx/res/standard-selection.png
soffice.bin /config/.config/libreoffice/4/cache/breeze/150/svx/res/standard-selection.png
soffice.bin /config/.config/libreoffice/4/cache/breeze/150/svx/res/signet_11x16.png
soffice.bin /config/.config/libreoffice/4/cache/breeze/150/svx/res/signet_11x16.png
soffice.bin /config/.config/libreoffice/4/cache/breeze/150/svx/res/slidezoombutton_10.png
soffice.bin /config/.config/libreoffice/4/cache/breeze/150/svx/res/slidezoombutton_10.png
soffice.bin /config/.config/libreoffice/4/cache/breeze/150/svx/res/slidezoomout_10.png
soffice.bin /config/.config/libreoffice/4/cache/breeze/150/svx/res/slidezoomout_10.png
soffice.bin /config/.config/libreoffice/4/cache/breeze/150/svx/res/slidezoomin_10.png
soffice.bin /config/.config/libreoffice/4/cache/breeze/150/svx/res/slidezoomin_10.png
soffice.bin /config/.config/libreoffice/4/cache/breeze/150/res/lx03250.png
soffice.bin /config/.config/libreoffice/4/cache/breeze/150/res/lx03250.png
soffice.bin /SGENPRT
soffice.bin /usr/lib/libreoffice/share/psprint/driver
CUPSManager cup /etc/cups/client.conf
CUPSManager cup /config/.cups/client.conf
CUPSManager cup /etc/passwd
soffice.bin /config/.config/libreoffice/4/user/psprint/driver
soffice.bin /usr/lib/libreoffice/share/psprint/driver/SGENPRT.PS
soffice.bin /usr/lib/libreoffice/share/psprint/driver/SGENPRT.PS
CUPSManager cup /usr/share/locale/en_US.UTF-8/LC_MESSAGES/libc.mo
CUPSManager cup /usr/share/locale/en_US.utf8/LC_MESSAGES/libc.mo
CUPSManager cup /usr/share/locale/en.UTF-8/LC_MESSAGES/libc.mo
CUPSManager cup /usr/share/locale/en.utf8/LC_MESSAGES/libc.mo
CUPSManager cup /usr/share/locale-langpack/en_US.UTF-8/LC_MESSAGES/libc.mo
CUPSManager cup /usr/share/locale-langpack/en_US.utf8/LC_MESSAGES/libc.mo
CUPSManager cup /usr/share/locale-langpack/en.UTF-8/LC_MESSAGES/libc.mo
CUPSManager cup /usr/share/locale-langpack/en.utf8/LC_MESSAGES/libc.mo
soffice.bin /usr/lib/libreoffice/share/psprint/psprint.conf
soffice.bin /config/.config/libreoffice/4/user/psprint/psprint.conf
soffice.bin /usr/lib/libreoffice/share/psprint
soffice.bin /usr/lib/libreoffice/share/psprint/psprint.conf
soffice.bin /SGENPRT
soffice.bin /usr/lib/libreoffice/share/psprint/driver/SGENPRT.PS
soffice.bin /config/.config/libreoffice/4/user/psprint
soffice.bin /config/.config/libreoffice/4/user/psprint/psprint.conf
soffice.bin /config/.config/libreoffice/4/user/config/fontnameboxmruentries
soffice.bin /usr/lib/libreoffice/share/config/soffice.cfg/sfx/ui/infobar.ui
soffice.bin /config/.config/libreoffice/4/cache/breeze/150/vcl/res/infobox.png
soffice.bin /config/.config/libreoffice/4/cache/breeze/150/vcl/res/infobox.png
xclip /etc/ld.so.cache
xclip /lib/x86_64-linux-gnu/libXmu.so.6
xclip /lib/x86_64-linux-gnu/libX11.so.6
xclip /lib/x86_64-linux-gnu/libc.so.6
xclip /lib/x86_64-linux-gnu/libXt.so.6
xclip /lib/x86_64-linux-gnu/libXext.so.6
xclip /lib/x86_64-linux-gnu/libxcb.so.1
soffice.bin /usr/lib/libreoffice/share/config/soffice.cfg/sfx/ui/extrabutton.ui
xclip /lib/x86_64-linux-gnu/libSM.so.6
xclip /lib/x86_64-linux-gnu/libICE.so.6
xclip /lib/x86_64-linux-gnu/libXau.so.6
xclip /lib/x86_64-linux-gnu/libXdmcp.so.6
xclip /lib/x86_64-linux-gnu/libuuid.so.1
xclip /lib/x86_64-linux-gnu/libbsd.so.0
soffice.bin /usr/lib/libreoffice/program/libcuilo.so
xclip /lib/x86_64-linux-gnu/libmd.so.0
xclip /usr/share/X11/locale/locale.alias
xclip /usr/share/X11/locale/locale.dir
xclip /usr/share/X11/locale/C/XLC_LOCALE
xclip /usr/share/X11/locale/locale.alias
xclip /usr/share/X11/locale/locale.dir
xclip /usr/share/X11/locale/C/XLC_LOCALE
Xvfb /proc/1443/cmdline
soffice.bin /usr/lib/libreoffice/share/config/soffice.cfg/cui/ui/tipofthedaydialog.ui
soffice.bin /usr/lib/libreoffice/program/resource//en_US/LC_MESSAGES/cui.mo
soffice.bin /usr/lib/libreoffice/program/resource//en/LC_MESSAGES/cui.mo
soffice.bin /usr/lib/libreoffice/share/tipoftheday/toolbarmode.png
soffice.bin /usr/lib/libreoffice/share/tipoftheday/toolbarmode.png
soffice.bin /usr/share/fonts/opentype/urw-base35/C059-Roman.otf
soffice.bin /usr/share/fonts/opentype/urw-base35/C059-Roman.otf
soffice.bin /usr/share/fonts/opentype/urw-base35/C059-Roman.otf
soffice.bin /usr/share/fonts/opentype/urw-base35/D050000L.otf
soffice.bin /usr/share/fonts/opentype/urw-base35/D050000L.otf
soffice.bin /usr/share/fonts/opentype/urw-base35/D050000L.otf
soffice.bin /usr/share/fonts/truetype/dm-mono/DMMono-Regular.ttf
soffice.bin /usr/share/fonts/truetype/dm-mono/DMMono-Regular.ttf
soffice.bin /usr/share/fonts/truetype/dm-mono/DMMono-Regular.ttf
soffice.bin /usr/share/fonts/truetype/dm-mono/DMMono-Light.ttf
soffice.bin /usr/share/fonts/truetype/dm-mono/DMMono-Light.ttf
soffice.bin /usr/share/fonts/truetype/dm-mono/DMMono-Light.ttf
soffice.bin /usr/share/fonts/truetype/dm-mono/DMMono-Medium.ttf
soffice.bin /usr/share/fonts/truetype/dm-mono/DMMono-Medium.ttf
soffice.bin /usr/share/fonts/truetype/dm-mono/DMMono-Medium.ttf
soffice.bin /usr/share/fonts/truetype/liberation/LiberationMono-Regular.ttf
soffice.bin /usr/share/fonts/truetype/liberation/LiberationMono-Regular.ttf
soffice.bin /usr/share/fonts/truetype/liberation/LiberationMono-Regular.ttf
soffice.bin /usr/share/fonts/truetype/liberation/LiberationSans-Regular.ttf
soffice.bin /usr/share/fonts/truetype/liberation/LiberationSerif-Regular.ttf
soffice.bin /usr/share/fonts/opentype/urw-base35/NimbusMonoPS-Regular.otf
soffice.bin /usr/share/fonts/opentype/urw-base35/NimbusMonoPS-Regular.otf
soffice.bin /usr/share/fonts/opentype/urw-base35/NimbusMonoPS-Regular.otf
soffice.bin /usr/share/fonts/opentype/urw-base35/NimbusRoman-Regular.otf
soffice.bin /usr/share/fonts/opentype/urw-base35/NimbusRoman-Regular.otf
soffice.bin /usr/share/fonts/opentype/urw-base35/NimbusRoman-Regular.otf
soffice.bin /usr/share/fonts/opentype/urw-base35/NimbusSans-Regular.otf
soffice.bin /usr/share/fonts/opentype/urw-base35/NimbusSans-Regular.otf
soffice.bin /usr/share/fonts/opentype/urw-base35/NimbusSans-Regular.otf
soffice.bin /usr/share/fonts/opentype/urw-base35/NimbusSansNarrow-Regular.otf
soffice.bin /usr/share/fonts/opentype/urw-base35/NimbusSansNarrow-Regular.otf
soffice.bin /usr/share/fonts/opentype/urw-base35/NimbusSansNarrow-Regular.otf
soffice.bin /usr/share/fonts/truetype/noto/NotoColorEmoji.ttf
soffice.bin /usr/share/fonts/truetype/noto/NotoColorEmoji.ttf
soffice.bin /usr/share/fonts/truetype/libreoffice/opens___.ttf
soffice.bin /usr/share/fonts/truetype/libreoffice/opens___.ttf
soffice.bin /usr/share/fonts/truetype/noto/NotoColorEmoji.ttf
soffice.bin /usr/share/fonts/truetype/noto/NotoKufiArabic-Regular.ttf
soffice.bin /usr/share/fonts/truetype/noto/NotoKufiArabic-Regular.ttf
soffice.bin /usr/share/fonts/truetype/noto/NotoKufiArabic-Regular.ttf
soffice.bin /usr/share/fonts/truetype/noto/NotoLoopedLao-Bold.ttf
soffice.bin /usr/share/fonts/truetype/noto/NotoLoopedLao-Bold.ttf
soffice.bin /usr/share/fonts/truetype/noto/NotoSans-Regular.ttf
soffice.bin /usr/share/fonts/truetype/noto/NotoLoopedLao-Bold.ttf
soffice.bin /usr/share/fonts/truetype/noto/NotoLoopedLao-Regular.ttf
soffice.bin /usr/share/fonts/truetype/noto/NotoLoopedLao-Regular.ttf
soffice.bin /usr/share/fonts/truetype/noto/NotoLoopedLao-Regular.ttf
soffice.bin /usr/share/fonts/truetype/noto/NotoLoopedThai-Bold.ttf
soffice.bin /usr/share/fonts/truetype/noto/NotoLoopedThai-Bold.ttf
soffice.bin /usr/share/fonts/truetype/noto/NotoLoopedThai-Bold.ttf
soffice.bin /usr/share/fonts/truetype/noto/NotoLoopedThai-Regular.ttf
soffice.bin /usr/share/fonts/truetype/noto/NotoLoopedThai-Regular.ttf
soffice.bin /usr/share/fonts/truetype/noto/NotoLoopedThai-Regular.ttf
soffice.bin /usr/share/fonts/truetype/noto/NotoMono-Regular.ttf
soffice.bin /usr/share/fonts/truetype/noto/NotoMono-Regular.ttf
soffice.bin /usr/share/fonts/truetype/noto/NotoMono-Regular.ttf
soffice.bin /usr/share/fonts/truetype/noto/NotoMusic-Regular.ttf
soffice.bin /usr/share/fonts/truetype/noto/NotoMusic-Regular.ttf
soffice.bin /usr/share/fonts/truetype/noto/NotoMusic-Regular.ttf
soffice.bin /usr/share/fonts/truetype/noto/NotoNaskhArabic-Regular.ttf
soffice.bin /usr/share/fonts/truetype/noto/NotoNaskhArabic-Regular.ttf
soffice.bin /usr/share/fonts/truetype/noto/NotoNaskhArabic-Regular.ttf
soffice.bin /usr/share/fonts/truetype/noto/NotoNastaliqUrdu-Regular.ttf
soffice.bin /usr/share/fonts/truetype/noto/NotoNastaliqUrdu-Regular.ttf
soffice.bin /usr/share/fonts/truetype/noto/NotoSans-Regular.ttf
soffice.bin /usr/share/fonts/truetype/noto/NotoNastaliqUrdu-Regular.ttf
soffice.bin /usr/share/fonts/truetype/noto/NotoRashiHebrew-Regular.ttf
soffice.bin /usr/share/fonts/truetype/noto/NotoRashiHebrew-Regular.ttf
soffice.bin /usr/share/fonts/truetype/noto/NotoRashiHebrew-Regular.ttf
soffice.bin /usr/share/fonts/truetype/noto/NotoSans-Regular.ttf
soffice.bin /usr/share/fonts/truetype/noto/NotoSansAdlam-Regular.ttf
soffice.bin /usr/share/fonts/truetype/noto/NotoSansAdlam-Regular.ttf
soffice.bin /usr/share/fonts/truetype/noto/NotoSansAdlam-Regular.ttf
xclip /etc/ld.so.cache
xclip /lib/x86_64-linux-gnu/libXmu.so.6
xclip /lib/x86_64-linux-gnu/libX11.so.6
xclip /lib/x86_64-linux-gnu/libc.so.6
xclip /lib/x86_64-linux-gnu/libXt.so.6
xclip /lib/x86_64-linux-gnu/libXext.so.6
xclip /lib/x86_64-linux-gnu/libxcb.so.1
xclip /lib/x86_64-linux-gnu/libSM.so.6
xclip /lib/x86_64-linux-gnu/libICE.so.6
xclip /lib/x86_64-linux-gnu/libXau.so.6
xclip /lib/x86_64-linux-gnu/libXdmcp.so.6
xclip /lib/x86_64-linux-gnu/libuuid.so.1
xclip /lib/x86_64-linux-gnu/libbsd.so.0
xclip /lib/x86_64-linux-gnu/libmd.so.0
xclip /usr/share/X11/locale/locale.alias
xclip /usr/share/X11/locale/locale.dir
xclip /usr/share/X11/locale/C/XLC_LOCALE
xclip /usr/share/X11/locale/locale.alias
xclip /usr/share/X11/locale/locale.dir
xclip /usr/share/X11/locale/C/XLC_LOCALE
Xvfb /proc/1475/cmdline
selkies /proc/stat
selkies /proc/meminfo
soffice.bin /usr/lib/libreoffice/share/config/soffice.cfg/svx/ui/selectionmenu.ui
soffice.bin /config/.config/libreoffice/4/cache/breeze/150/sc/res/sidebar/CellBorderLineStyle_005.png
configmgrWriter /config/.config/libreoffice/4/user/aEJzdh
xclip /etc/ld.so.cache
xclip /lib/x86_64-linux-gnu/libXmu.so.6
xclip /lib/x86_64-linux-gnu/libX11.so.6
xclip /lib/x86_64-linux-gnu/libc.so.6
xclip /lib/x86_64-linux-gnu/libXt.so.6
xclip /lib/x86_64-linux-gnu/libXext.so.6
xclip /lib/x86_64-linux-gnu/libxcb.so.1
xclip /lib/x86_64-linux-gnu/libSM.so.6
xclip /lib/x86_64-linux-gnu/libICE.so.6
xclip /lib/x86_64-linux-gnu/libXau.so.6
xclip /lib/x86_64-linux-gnu/libXdmcp.so.6
xclip /lib/x86_64-linux-gnu/libuuid.so.1
xclip /lib/x86_64-linux-gnu/libbsd.so.0
xclip /lib/x86_64-linux-gnu/libmd.so.0
xclip /usr/share/X11/locale/locale.alias
xclip /usr/share/X11/locale/locale.dir
xclip /usr/share/X11/locale/C/XLC_LOCALE
xclip /usr/share/X11/locale/locale.alias
xclip /usr/share/X11/locale/locale.dir
xclip /usr/share/X11/locale/C/XLC_LOCALE
Xvfb /proc/1486/cmdline
plasmashell /config/.local/share/kservices5
plasmashell /config/.local/share/mime
plasmashell /etc/xdg/menus
plasmashell /usr/local/share/kservices5
xclip /etc/ld.so.cache
xclip /lib/x86_64-linux-gnu/libXmu.so.6
plasmashell /usr/local/share/mime
xclip /lib/x86_64-linux-gnu/libX11.so.6
plasmashell /usr/share/kservices5
xclip /lib/x86_64-linux-gnu/libc.so.6
xclip /lib/x86_64-linux-gnu/libXt.so.6
plasmashell /usr/share/kservices5/ServiceMenus
xclip /lib/x86_64-linux-gnu/libXext.so.6
plasmashell /usr/share/kservices5/qimageioplugins
xclip /lib/x86_64-linux-gnu/libxcb.so.1
xclip /lib/x86_64-linux-gnu/libSM.so.6
plasmashell /usr/share/kservices5/searchproviders
xclip /lib/x86_64-linux-gnu/libICE.so.6
xclip /lib/x86_64-linux-gnu/libXau.so.6
xclip /lib/x86_64-linux-gnu/libXdmcp.so.6
plasmashell /usr/share/mime
xclip /lib/x86_64-linux-gnu/libuuid.so.1
xclip /lib/x86_64-linux-gnu/libbsd.so.0
plasmashell /usr/share/mime/application
xclip /lib/x86_64-linux-gnu/libmd.so.0
plasmashell /usr/share/mime/audio
xclip /usr/share/X11/locale/locale.alias
plasmashell /usr/share/mime/chemical
plasmashell /usr/share/mime/font
xclip /usr/share/X11/locale/locale.dir
xclip /usr/share/X11/locale/C/XLC_LOCALE
plasmashell /usr/share/mime/image
xclip /usr/share/X11/locale/locale.alias
plasmashell /usr/share/mime/inode
xclip /usr/share/X11/locale/locale.dir
plasmashell /usr/share/mime/message
xclip /usr/share/X11/locale/C/XLC_LOCALE
plasmashell /usr/share/mime/model
Xvfb /proc/1495/cmdline
plasmashell /usr/share/mime/multipart
plasmashell /usr/share/mime/packages
plasmashell /usr/share/mime/text
plasmashell /usr/share/mime/video
plasmashell /usr/share/mime/x-content
plasmashell /usr/share/mime/x-epoc
selkies /proc/stat
selkies /proc/meminfo
xclip /etc/ld.so.cache
xclip /lib/x86_64-linux-gnu/libXmu.so.6
xclip /lib/x86_64-linux-gnu/libX11.so.6
xclip /lib/x86_64-linux-gnu/libc.so.6
xclip /lib/x86_64-linux-gnu/libXt.so.6
xclip /lib/x86_64-linux-gnu/libXext.so.6
xclip /lib/x86_64-linux-gnu/libxcb.so.1
xclip /lib/x86_64-linux-gnu/libSM.so.6
xclip /lib/x86_64-linux-gnu/libICE.so.6
xclip /lib/x86_64-linux-gnu/libXau.so.6
xclip /lib/x86_64-linux-gnu/libXdmcp.so.6
xclip /lib/x86_64-linux-gnu/libuuid.so.1
xclip /lib/x86_64-linux-gnu/libbsd.so.0
xclip /lib/x86_64-linux-gnu/libmd.so.0
xclip /usr/share/X11/locale/locale.alias
xclip /usr/share/X11/locale/locale.dir
xclip /usr/share/X11/locale/C/XLC_LOCALE
xclip /usr/share/X11/locale/locale.alias
xclip /usr/share/X11/locale/locale.dir
xclip /usr/share/X11/locale/C/XLC_LOCALE
Xvfb /proc/1502/cmdline
configmgrWriter /config/.config/libreoffice/4/user/ZlNHHh
soffice.bin /usr/lib/libreoffice/share/config/soffice.cfg/sfx/ui/tabbutton.ui
soffice.bin /usr/lib/libreoffice/share/config/soffice.cfg/sfx/ui/tabbutton.ui
soffice.bin /usr/lib/libreoffice/share/config/soffice.cfg/sfx/ui/tabbutton.ui
soffice.bin /usr/lib/libreoffice/share/config/soffice.cfg/sfx/ui/tabbutton.ui
soffice.bin /usr/lib/libreoffice/share/config/soffice.cfg/sfx/ui/tabbutton.ui
soffice.bin /config/.config/libreoffice/4/cache/breeze/150/sfx2/res/symphony/sidebar-property-large.png
soffice.bin /config/.config/libreoffice/4/cache/breeze/150/sfx2/res/symphony/sidebar-property-large.png
soffice.bin /config/.config/libreoffice/4/cache/breeze/150/sfx2/res/symphony/sidebar-style-large.png
soffice.bin /config/.config/libreoffice/4/cache/breeze/150/sfx2/res/symphony/sidebar-style-large.png
soffice.bin /config/.config/libreoffice/4/cache/breeze/150/sfx2/res/symphony/sidebar-gallery-large.png
soffice.bin /config/.config/libreoffice/4/cache/breeze/150/sfx2/res/symphony/sidebar-gallery-large.png
soffice.bin /config/.config/libreoffice/4/cache/breeze/150/sfx2/res/symphony/sidebar-navigator-large.png
soffice.bin /config/.config/libreoffice/4/cache/breeze/150/sfx2/res/symphony/sidebar-navigator-large.png
soffice.bin /config/.config/libreoffice/4/cache/breeze/150/sfx2/res/symphony/sidebar-functions-large.png
soffice.bin /config/.config/libreoffice/4/cache/breeze/150/sfx2/res/symphony/sidebar-functions-large.png
soffice.bin /usr/lib/libreoffice/share/config/soffice.cfg/sfx/ui/tabbutton.ui
soffice.bin /usr/lib/libreoffice/share/config/soffice.cfg/sfx/ui/tabbutton.ui
soffice.bin /usr/lib/libreoffice/share/config/soffice.cfg/sfx/ui/tabbutton.ui
soffice.bin /usr/lib/libreoffice/share/config/soffice.cfg/sfx/ui/tabbutton.ui
soffice.bin /usr/lib/libreoffice/share/config/soffice.cfg/sfx/ui/tabbutton.ui
soffice.bin /config/.config/libreoffice/4/cache/breeze/150/sfx2/res/symphony/sidebar-property-large.png
soffice.bin /config/.config/libreoffice/4/cache/breeze/150/sfx2/res/symphony/sidebar-property-large.png
soffice.bin /config/.config/libreoffice/4/cache/breeze/150/sfx2/res/symphony/sidebar-style-large.png
soffice.bin /config/.config/libreoffice/4/cache/breeze/150/sfx2/res/symphony/sidebar-style-large.png
soffice.bin /config/.config/libreoffice/4/cache/breeze/150/sfx2/res/symphony/sidebar-gallery-large.png
soffice.bin /config/.config/libreoffice/4/cache/breeze/150/sfx2/res/symphony/sidebar-gallery-large.png
soffice.bin /config/.config/libreoffice/4/cache/breeze/150/sfx2/res/symphony/sidebar-navigator-large.png
soffice.bin /config/.config/libreoffice/4/cache/breeze/150/sfx2/res/symphony/sidebar-navigator-large.png
soffice.bin /config/.config/libreoffice/4/cache/breeze/150/sfx2/res/symphony/sidebar-functions-large.png
soffice.bin /config/.config/libreoffice/4/cache/breeze/150/sfx2/res/symphony/sidebar-functions-large.png
soffice.bin /usr/lib/libreoffice/share/config/soffice.cfg/sfx/ui/tabbutton.ui
selkies /proc/stat
soffice.bin /usr/lib/libreoffice/share/config/soffice.cfg/sfx/ui/tabbutton.ui
selkies /proc/meminfo
soffice.bin /usr/lib/libreoffice/share/config/soffice.cfg/sfx/ui/tabbutton.ui
soffice.bin /usr/lib/libreoffice/share/config/soffice.cfg/sfx/ui/tabbutton.ui
soffice.bin /usr/lib/libreoffice/share/config/soffice.cfg/sfx/ui/tabbutton.ui
soffice.bin /config/.config/libreoffice/4/cache/breeze/150/sfx2/res/symphony/sidebar-property-large.png
soffice.bin /config/.config/libreoffice/4/cache/breeze/150/sfx2/res/symphony/sidebar-property-large.png
soffice.bin /config/.config/libreoffice/4/cache/breeze/150/sfx2/res/symphony/sidebar-style-large.png
soffice.bin /config/.config/libreoffice/4/cache/breeze/150/sfx2/res/symphony/sidebar-style-large.png
soffice.bin /config/.config/libreoffice/4/cache/breeze/150/sfx2/res/symphony/sidebar-gallery-large.png
soffice.bin /config/.config/libreoffice/4/cache/breeze/150/sfx2/res/symphony/sidebar-gallery-large.png
soffice.bin /config/.config/libreoffice/4/cache/breeze/150/sfx2/res/symphony/sidebar-navigator-large.png
soffice.bin /config/.config/libreoffice/4/cache/breeze/150/sfx2/res/symphony/sidebar-navigator-large.png
soffice.bin /config/.config/libreoffice/4/cache/breeze/150/sfx2/res/symphony/sidebar-functions-large.png
soffice.bin /config/.config/libreoffice/4/cache/breeze/150/sfx2/res/symphony/sidebar-functions-large.png
xclip /etc/ld.so.cache
xclip /lib/x86_64-linux-gnu/libXmu.so.6
soffice.bin /config/.config/libreoffice/4/cache/breeze/150/sfx2/res/symphony/sidebar-property-large.png
xclip /lib/x86_64-linux-gnu/libX11.so.6
soffice.bin /config/.config/libreoffice/4/cache/breeze/150/sfx2/res/symphony/sidebar-property-large.png
xclip /lib/x86_64-linux-gnu/libc.so.6
soffice.bin /config/.config/libreoffice/4/cache/breeze/150/sfx2/res/symphony/sidebar-style-large.png
xclip /lib/x86_64-linux-gnu/libXt.so.6
soffice.bin /config/.config/libreoffice/4/cache/breeze/150/sfx2/res/symphony/sidebar-style-large.png
xclip /lib/x86_64-linux-gnu/libXext.so.6
soffice.bin /config/.config/libreoffice/4/cache/breeze/150/sfx2/res/symphony/sidebar-functions-large.png
soffice.bin /config/.config/libreoffice/4/cache/breeze/150/sfx2/res/symphony/sidebar-functions-large.png
xclip /lib/x86_64-linux-gnu/libxcb.so.1
xclip /lib/x86_64-linux-gnu/libSM.so.6
xclip /lib/x86_64-linux-gnu/libICE.so.6
xclip /lib/x86_64-linux-gnu/libXau.so.6
xclip /lib/x86_64-linux-gnu/libXdmcp.so.6
xclip /lib/x86_64-linux-gnu/libuuid.so.1
xclip /lib/x86_64-linux-gnu/libbsd.so.0
soffice.bin /usr/share/fonts/truetype/liberation/LiberationSans-Regular.ttf
xclip /lib/x86_64-linux-gnu/libmd.so.0
xclip /usr/share/X11/locale/locale.alias
xclip /usr/share/X11/locale/locale.dir
xclip /usr/share/X11/locale/C/XLC_LOCALE
xclip /usr/share/X11/locale/locale.alias
xclip /usr/share/X11/locale/locale.dir
xclip /usr/share/X11/locale/C/XLC_LOCALE
Xvfb /proc/1503/cmdline
xclip /etc/ld.so.cache
xclip /lib/x86_64-linux-gnu/libXmu.so.6
xclip /lib/x86_64-linux-gnu/libX11.so.6
xclip /lib/x86_64-linux-gnu/libc.so.6
xclip /lib/x86_64-linux-gnu/libXt.so.6
xclip /lib/x86_64-linux-gnu/libXext.so.6
xclip /lib/x86_64-linux-gnu/libxcb.so.1
xclip /lib/x86_64-linux-gnu/libSM.so.6
xclip /lib/x86_64-linux-gnu/libICE.so.6
xclip /lib/x86_64-linux-gnu/libXau.so.6
xclip /lib/x86_64-linux-gnu/libXdmcp.so.6
xclip /lib/x86_64-linux-gnu/libuuid.so.1
xclip /lib/x86_64-linux-gnu/libbsd.so.0
xclip /lib/x86_64-linux-gnu/libmd.so.0
xclip /usr/share/X11/locale/locale.alias
xclip /usr/share/X11/locale/locale.dir
xclip /usr/share/X11/locale/C/XLC_LOCALE
xclip /usr/share/X11/locale/locale.alias
xclip /usr/share/X11/locale/locale.dir
xclip /usr/share/X11/locale/C/XLC_LOCALE
Xvfb /proc/1512/cmdline
selkies /proc/stat
selkies /proc/meminfo
xclip /etc/ld.so.cache
xclip /lib/x86_64-linux-gnu/libXmu.so.6
xclip /lib/x86_64-linux-gnu/libX11.so.6
xclip /lib/x86_64-linux-gnu/libc.so.6
xclip /lib/x86_64-linux-gnu/libXt.so.6
xclip /lib/x86_64-linux-gnu/libXext.so.6
xclip /lib/x86_64-linux-gnu/libxcb.so.1
xclip /lib/x86_64-linux-gnu/libSM.so.6
xclip /lib/x86_64-linux-gnu/libICE.so.6
xclip /lib/x86_64-linux-gnu/libXau.so.6
xclip /lib/x86_64-linux-gnu/libXdmcp.so.6
xclip /lib/x86_64-linux-gnu/libuuid.so.1
xclip /lib/x86_64-linux-gnu/libbsd.so.0
xclip /lib/x86_64-linux-gnu/libmd.so.0
xclip /usr/share/X11/locale/locale.alias
xclip /usr/share/X11/locale/locale.dir
xclip /usr/share/X11/locale/C/XLC_LOCALE
xclip /usr/share/X11/locale/locale.alias
xclip /usr/share/X11/locale/locale.dir
xclip /usr/share/X11/locale/C/XLC_LOCALE
Xvfb /proc/1521/cmdline
soffice.bin /usr/share/X11/locale/locale.alias
soffice.bin /config/.config/XCompose
soffice.bin /config/.XCompose
soffice.bin /usr/share/X11/locale/compose.dir
soffice.bin /usr/share/X11/locale/en_US.UTF-8/Compose
configmgrWriter /config/.config/libreoffice/4/user/L39GqQ
soffice.bin /usr/share/hunspell
soffice.bin /usr/share/hunspell
soffice.bin /usr/lib/libreoffice/program/libLanguageToollo.so
soffice.bin /usr/share/hyphen
soffice.bin /usr/share/hyphen
soffice.bin /usr/share/mythes
soffice.bin /usr/share/mythes
xclip /etc/ld.so.cache
xclip /lib/x86_64-linux-gnu/libXmu.so.6
xclip /lib/x86_64-linux-gnu/libX11.so.6
xclip /lib/x86_64-linux-gnu/libc.so.6
xclip /lib/x86_64-linux-gnu/libXt.so.6
xclip /lib/x86_64-linux-gnu/libXext.so.6
xclip /lib/x86_64-linux-gnu/libxcb.so.1
xclip /lib/x86_64-linux-gnu/libSM.so.6
xclip /lib/x86_64-linux-gnu/libICE.so.6
xclip /lib/x86_64-linux-gnu/libXau.so.6
xclip /lib/x86_64-linux-gnu/libXdmcp.so.6
xclip /lib/x86_64-linux-gnu/libuuid.so.1
xclip /lib/x86_64-linux-gnu/libbsd.so.0
xclip /lib/x86_64-linux-gnu/libmd.so.0
xclip /usr/share/X11/locale/locale.alias
xclip /usr/share/X11/locale/locale.dir
xclip /usr/share/X11/locale/C/XLC_LOCALE
xclip /usr/share/X11/locale/locale.alias
xclip /usr/share/X11/locale/locale.dir
xclip /usr/share/X11/locale/C/XLC_LOCALE
Xvfb /proc/1531/cmdline
plasmashell /config/.cache/plasma-svgelements.lock
plasmashell /proc/sys/kernel/random/boot_id
plasmashell /var/lib/dbus/machine-id
plasmashell /config/.cache/plasma-svgelements
plasmashell /config/.cache
selkies /proc/stat
selkies /proc/meminfo
soffice.bin /usr/lib/libreoffice/share/autocorr
soffice.bin /usr/lib/x86_64-linux-gnu/liblangtag
soffice.bin /usr/share/liblangtag/language-subtag-registry.xml
xclip /etc/ld.so.cache
xclip /lib/x86_64-linux-gnu/libXmu.so.6
xclip /lib/x86_64-linux-gnu/libX11.so.6
xclip /lib/x86_64-linux-gnu/libc.so.6
xclip /lib/x86_64-linux-gnu/libXt.so.6
xclip /lib/x86_64-linux-gnu/libXext.so.6
xclip /lib/x86_64-linux-gnu/libxcb.so.1
xclip /lib/x86_64-linux-gnu/libSM.so.6
xclip /lib/x86_64-linux-gnu/libICE.so.6
xclip /lib/x86_64-linux-gnu/libXau.so.6
xclip /lib/x86_64-linux-gnu/libXdmcp.so.6
xclip /lib/x86_64-linux-gnu/libuuid.so.1
xclip /lib/x86_64-linux-gnu/libbsd.so.0
xclip /lib/x86_64-linux-gnu/libmd.so.0
xclip /usr/share/X11/locale/locale.alias
xclip /usr/share/X11/locale/locale.dir
xclip /usr/share/X11/locale/C/XLC_LOCALE
xclip /usr/share/X11/locale/locale.alias
xclip /usr/share/X11/locale/locale.dir
xclip /usr/share/X11/locale/C/XLC_LOCALE
Xvfb /proc/1538/cmdline
soffice.bin /usr/share/liblangtag/common/supplemental/supplementalMetadata.xml
soffice.bin /config/.config/libreoffice/4/user/autocorr
soffice.bin /usr/lib/libreoffice/share/autocorr/acor_en-US.dat
soffice.bin /usr/lib/libreoffice/share/config/soffice.cfg/sfx/ui/tabbutton.ui
soffice.bin /usr/lib/libreoffice/share/config/soffice.cfg/sfx/ui/tabbutton.ui
soffice.bin /usr/lib/libreoffice/share/config/soffice.cfg/sfx/ui/tabbutton.ui
soffice.bin /usr/lib/libreoffice/share/config/soffice.cfg/sfx/ui/tabbutton.ui
soffice.bin /usr/lib/libreoffice/share/config/soffice.cfg/sfx/ui/tabbutton.ui
soffice.bin /config/.config/libreoffice/4/cache/breeze/150/sfx2/res/symphony/sidebar-property-large.png
soffice.bin /config/.config/libreoffice/4/cache/breeze/150/sfx2/res/symphony/sidebar-property-large.png
soffice.bin /config/.config/libreoffice/4/cache/breeze/150/sfx2/res/symphony/sidebar-style-large.png
soffice.bin /config/.config/libreoffice/4/cache/breeze/150/sfx2/res/symphony/sidebar-style-large.png
soffice.bin /config/.config/libreoffice/4/cache/breeze/150/sfx2/res/symphony/sidebar-gallery-large.png
soffice.bin /config/.config/libreoffice/4/cache/breeze/150/sfx2/res/symphony/sidebar-gallery-large.png
soffice.bin /config/.config/libreoffice/4/cache/breeze/150/sfx2/res/symphony/sidebar-navigator-large.png
soffice.bin /config/.config/libreoffice/4/cache/breeze/150/sfx2/res/symphony/sidebar-navigator-large.png
soffice.bin /config/.config/libreoffice/4/cache/breeze/150/sfx2/res/symphony/sidebar-functions-large.png
soffice.bin /config/.config/libreoffice/4/cache/breeze/150/sfx2/res/symphony/sidebar-functions-large.png
soffice.bin /usr/lib/libreoffice/share/config/soffice.cfg/sfx/ui/tabbutton.ui
soffice.bin /usr/lib/libreoffice/share/config/soffice.cfg/sfx/ui/tabbutton.ui
soffice.bin /usr/lib/libreoffice/share/config/soffice.cfg/sfx/ui/tabbutton.ui
soffice.bin /usr/lib/libreoffice/share/config/soffice.cfg/sfx/ui/tabbutton.ui
soffice.bin /usr/lib/libreoffice/share/config/soffice.cfg/sfx/ui/tabbutton.ui
soffice.bin /config/.config/libreoffice/4/cache/breeze/150/sfx2/res/symphony/sidebar-property-large.png
soffice.bin /config/.config/libreoffice/4/cache/breeze/150/sfx2/res/symphony/sidebar-property-large.png
soffice.bin /config/.config/libreoffice/4/cache/breeze/150/sfx2/res/symphony/sidebar-style-large.png
soffice.bin /config/.config/libreoffice/4/cache/breeze/150/sfx2/res/symphony/sidebar-style-large.png
soffice.bin /config/.config/libreoffice/4/cache/breeze/150/sfx2/res/symphony/sidebar-gallery-large.png
soffice.bin /config/.config/libreoffice/4/cache/breeze/150/sfx2/res/symphony/sidebar-gallery-large.png
soffice.bin /config/.config/libreoffice/4/cache/breeze/150/sfx2/res/symphony/sidebar-navigator-large.png
soffice.bin /config/.config/libreoffice/4/cache/breeze/150/sfx2/res/symphony/sidebar-navigator-large.png
soffice.bin /config/.config/libreoffice/4/cache/breeze/150/sfx2/res/symphony/sidebar-functions-large.png
soffice.bin /config/.config/libreoffice/4/cache/breeze/150/sfx2/res/symphony/sidebar-functions-large.png
soffice.bin /config/.config/libreoffice/4/cache/breeze/150/res/savemodified_large.png
soffice.bin /config/.config/libreoffice/4/cache/breeze/150/res/savemodified_large.png
soffice.bin /config/.config/libreoffice/4/cache/breeze/150/sfx2/res/symphony/sidebar-property-large.png
soffice.bin /config/.config/libreoffice/4/cache/breeze/150/sfx2/res/symphony/sidebar-property-large.png
soffice.bin /config/.config/libreoffice/4/cache/breeze/150/sfx2/res/symphony/sidebar-style-large.png
soffice.bin /config/.config/libreoffice/4/cache/breeze/150/sfx2/res/symphony/sidebar-style-large.png
soffice.bin /config/.config/libreoffice/4/cache/breeze/150/sfx2/res/symphony/sidebar-functions-large.png
soffice.bin /config/.config/libreoffice/4/cache/breeze/150/sfx2/res/symphony/sidebar-functions-large.png
configmgrWriter /config/.config/libreoffice/4/user/3xUqqy
soffice.bin /config/.config/libreoffice/4/cache/breeze/150/svx/res/doc_modified_yes.png
soffice.bin /config/.config/libreoffice/4/cache/breeze/150/svx/res/doc_modified_yes.png
xclip /etc/ld.so.cache
xclip /lib/x86_64-linux-gnu/libXmu.so.6
xclip /lib/x86_64-linux-gnu/libX11.so.6
xclip /lib/x86_64-linux-gnu/libc.so.6
xclip /lib/x86_64-linux-gnu/libXt.so.6
xclip /lib/x86_64-linux-gnu/libXext.so.6
xclip /lib/x86_64-linux-gnu/libxcb.so.1
xclip /lib/x86_64-linux-gnu/libSM.so.6
xclip /lib/x86_64-linux-gnu/libICE.so.6
xclip /lib/x86_64-linux-gnu/libXau.so.6
xclip /lib/x86_64-linux-gnu/libXdmcp.so.6
xclip /lib/x86_64-linux-gnu/libuuid.so.1
xclip /lib/x86_64-linux-gnu/libbsd.so.0
xclip /lib/x86_64-linux-gnu/libmd.so.0
xclip /usr/share/X11/locale/locale.alias
xclip /usr/share/X11/locale/locale.dir
xclip /usr/share/X11/locale/C/XLC_LOCALE
xclip /usr/share/X11/locale/locale.alias
xclip /usr/share/X11/locale/locale.dir
xclip /usr/share/X11/locale/C/XLC_LOCALE
Xvfb /proc/1553/cmdline
xdotool /etc/ld.so.cache
xdotool /lib/x86_64-linux-gnu/libxdo.so.3
xdotool /lib/x86_64-linux-gnu/libm.so.6
xdotool /lib/x86_64-linux-gnu/libX11.so.6
xdotool /lib/x86_64-linux-gnu/libc.so.6
xdotool /lib/x86_64-linux-gnu/libXtst.so.6
xdotool /lib/x86_64-linux-gnu/libXinerama.so.1
xdotool /lib/x86_64-linux-gnu/libxkbcommon.so.0
xdotool /lib/x86_64-linux-gnu/libxcb.so.1
xdotool /lib/x86_64-linux-gnu/libXext.so.6
xdotool /lib/x86_64-linux-gnu/libXau.so.6
xdotool /lib/x86_64-linux-gnu/libXdmcp.so.6
xdotool /lib/x86_64-linux-gnu/libbsd.so.0
xdotool /lib/x86_64-linux-gnu/libmd.so.0
Xvfb /proc/1554/cmdline
xdotool /usr/lib/locale/locale-archive
xdotool /usr/lib/x86_64-linux-gnu/gconv/gconv-modules.cache
soffice.bin /usr/lib/libreoffice/share/config/soffice.cfg/sfx/ui/tabbutton.ui
soffice.bin /usr/lib/libreoffice/share/config/soffice.cfg/sfx/ui/tabbutton.ui
soffice.bin /usr/lib/libreoffice/share/config/soffice.cfg/sfx/ui/tabbutton.ui
soffice.bin /usr/lib/libreoffice/share/config/soffice.cfg/sfx/ui/tabbutton.ui
soffice.bin /usr/lib/libreoffice/share/config/soffice.cfg/sfx/ui/tabbutton.ui
soffice.bin /config/.config/libreoffice/4/cache/breeze/150/sfx2/res/symphony/sidebar-property-large.png
soffice.bin /config/.config/libreoffice/4/cache/breeze/150/sfx2/res/symphony/sidebar-property-large.png
soffice.bin /config/.config/libreoffice/4/cache/breeze/150/sfx2/res/symphony/sidebar-style-large.png
soffice.bin /config/.config/libreoffice/4/cache/breeze/150/sfx2/res/symphony/sidebar-style-large.png
soffice.bin /config/.config/libreoffice/4/cache/breeze/150/sfx2/res/symphony/sidebar-gallery-large.png
soffice.bin /config/.config/libreoffice/4/cache/breeze/150/sfx2/res/symphony/sidebar-gallery-large.png
soffice.bin /config/.config/libreoffice/4/cache/breeze/150/sfx2/res/symphony/sidebar-navigator-large.png
soffice.bin /config/.config/libreoffice/4/cache/breeze/150/sfx2/res/symphony/sidebar-navigator-large.png
soffice.bin /config/.config/libreoffice/4/cache/breeze/150/sfx2/res/symphony/sidebar-functions-large.png
soffice.bin /config/.config/libreoffice/4/cache/breeze/150/sfx2/res/symphony/sidebar-functions-large.png
soffice.bin /usr/lib/libreoffice/share/config/soffice.cfg/sfx/ui/tabbutton.ui
soffice.bin /usr/lib/libreoffice/share/config/soffice.cfg/sfx/ui/tabbutton.ui
soffice.bin /usr/lib/libreoffice/share/config/soffice.cfg/sfx/ui/tabbutton.ui
soffice.bin /usr/lib/libreoffice/share/config/soffice.cfg/sfx/ui/tabbutton.ui
soffice.bin /usr/lib/libreoffice/share/config/soffice.cfg/sfx/ui/tabbutton.ui
soffice.bin /config/.config/libreoffice/4/cache/breeze/150/sfx2/res/symphony/sidebar-property-large.png
soffice.bin /config/.config/libreoffice/4/cache/breeze/150/sfx2/res/symphony/sidebar-property-large.png
soffice.bin /config/.config/libreoffice/4/cache/breeze/150/sfx2/res/symphony/sidebar-style-large.png
soffice.bin /config/.config/libreoffice/4/cache/breeze/150/sfx2/res/symphony/sidebar-style-large.png
soffice.bin /config/.config/libreoffice/4/cache/breeze/150/sfx2/res/symphony/sidebar-gallery-large.png
soffice.bin /config/.config/libreoffice/4/cache/breeze/150/sfx2/res/symphony/sidebar-gallery-large.png
soffice.bin /config/.config/libreoffice/4/cache/breeze/150/sfx2/res/symphony/sidebar-navigator-large.png
soffice.bin /config/.config/libreoffice/4/cache/breeze/150/sfx2/res/symphony/sidebar-navigator-large.png
soffice.bin /config/.config/libreoffice/4/cache/breeze/150/sfx2/res/symphony/sidebar-functions-large.png
soffice.bin /config/.config/libreoffice/4/cache/breeze/150/sfx2/res/symphony/sidebar-functions-large.png
soffice.bin /usr/lib/libreoffice/share/config/soffice.cfg/sfx/ui/tabbutton.ui
soffice.bin /usr/lib/libreoffice/share/config/soffice.cfg/sfx/ui/tabbutton.ui
soffice.bin /usr/lib/libreoffice/share/config/soffice.cfg/sfx/ui/tabbutton.ui
soffice.bin /usr/lib/libreoffice/share/config/soffice.cfg/sfx/ui/tabbutton.ui
soffice.bin /usr/lib/libreoffice/share/config/soffice.cfg/sfx/ui/tabbutton.ui
soffice.bin /config/.config/libreoffice/4/cache/breeze/150/sfx2/res/symphony/sidebar-property-large.png
soffice.bin /config/.config/libreoffice/4/cache/breeze/150/sfx2/res/symphony/sidebar-property-large.png
soffice.bin /config/.config/libreoffice/4/cache/breeze/150/sfx2/res/symphony/sidebar-style-large.png
soffice.bin /config/.config/libreoffice/4/cache/breeze/150/sfx2/res/symphony/sidebar-style-large.png
soffice.bin /config/.config/libreoffice/4/cache/breeze/150/sfx2/res/symphony/sidebar-gallery-large.png
soffice.bin /config/.config/libreoffice/4/cache/breeze/150/sfx2/res/symphony/sidebar-gallery-large.png
soffice.bin /config/.config/libreoffice/4/cache/breeze/150/sfx2/res/symphony/sidebar-navigator-large.png
soffice.bin /config/.config/libreoffice/4/cache/breeze/150/sfx2/res/symphony/sidebar-navigator-large.png
soffice.bin /config/.config/libreoffice/4/cache/breeze/150/sfx2/res/symphony/sidebar-functions-large.png
soffice.bin /config/.config/libreoffice/4/cache/breeze/150/sfx2/res/symphony/sidebar-functions-large.png
soffice.bin /config/.config/libreoffice/4/cache/breeze/150/sfx2/res/symphony/sidebar-property-large.png
soffice.bin /config/.config/libreoffice/4/cache/breeze/150/sfx2/res/symphony/sidebar-property-large.png
soffice.bin /config/.config/libreoffice/4/cache/breeze/150/sfx2/res/symphony/sidebar-style-large.png
soffice.bin /config/.config/libreoffice/4/cache/breeze/150/sfx2/res/symphony/sidebar-style-large.png
soffice.bin /config/.config/libreoffice/4/cache/breeze/150/sfx2/res/symphony/sidebar-functions-large.png
soffice.bin /config/.config/libreoffice/4/cache/breeze/150/sfx2/res/symphony/sidebar-functions-large.png
selkies /proc/stat
selkies /proc/meminfo
xclip /etc/ld.so.cache
xclip /lib/x86_64-linux-gnu/libXmu.so.6
xclip /lib/x86_64-linux-gnu/libX11.so.6
xclip /lib/x86_64-linux-gnu/libc.so.6
xclip /lib/x86_64-linux-gnu/libXt.so.6
xclip /lib/x86_64-linux-gnu/libXext.so.6
xclip /lib/x86_64-linux-gnu/libxcb.so.1
xclip /lib/x86_64-linux-gnu/libSM.so.6
xclip /lib/x86_64-linux-gnu/libICE.so.6
xclip /lib/x86_64-linux-gnu/libXau.so.6
xclip /lib/x86_64-linux-gnu/libXdmcp.so.6
xclip /lib/x86_64-linux-gnu/libuuid.so.1
xclip /lib/x86_64-linux-gnu/libbsd.so.0
xclip /lib/x86_64-linux-gnu/libmd.so.0
xclip /usr/share/X11/locale/locale.alias
xclip /usr/share/X11/locale/locale.dir
xclip /usr/share/X11/locale/C/XLC_LOCALE
xclip /usr/share/X11/locale/locale.alias
xclip /usr/share/X11/locale/locale.dir
xclip /usr/share/X11/locale/C/XLC_LOCALE
Xvfb /proc/1559/cmdline
configmgrWriter /config/.config/libreoffice/4/user/50MMLn
xclip /etc/ld.so.cache
xclip /lib/x86_64-linux-gnu/libXmu.so.6
xclip /lib/x86_64-linux-gnu/libX11.so.6
xclip /lib/x86_64-linux-gnu/libc.so.6
xclip /lib/x86_64-linux-gnu/libXt.so.6
xclip /lib/x86_64-linux-gnu/libXext.so.6
xclip /lib/x86_64-linux-gnu/libxcb.so.1
xclip /lib/x86_64-linux-gnu/libSM.so.6
xclip /lib/x86_64-linux-gnu/libICE.so.6
xclip /lib/x86_64-linux-gnu/libXau.so.6
xclip /lib/x86_64-linux-gnu/libXdmcp.so.6
xclip /lib/x86_64-linux-gnu/libuuid.so.1
xclip /lib/x86_64-linux-gnu/libbsd.so.0
xclip /lib/x86_64-linux-gnu/libmd.so.0
xclip /usr/share/X11/locale/locale.alias
xclip /usr/share/X11/locale/locale.dir
xclip /usr/share/X11/locale/C/XLC_LOCALE
xclip /usr/share/X11/locale/locale.alias
xclip /usr/share/X11/locale/locale.dir
xclip /usr/share/X11/locale/C/XLC_LOCALE
Xvfb /proc/1565/cmdline
xdotool /etc/ld.so.cache
xdotool /lib/x86_64-linux-gnu/libxdo.so.3
xdotool /lib/x86_64-linux-gnu/libm.so.6
xdotool /lib/x86_64-linux-gnu/libX11.so.6
xdotool /lib/x86_64-linux-gnu/libc.so.6
xdotool /lib/x86_64-linux-gnu/libXtst.so.6
xdotool /lib/x86_64-linux-gnu/libXinerama.so.1
xdotool /lib/x86_64-linux-gnu/libxkbcommon.so.0
xdotool /lib/x86_64-linux-gnu/libxcb.so.1
xdotool /lib/x86_64-linux-gnu/libXext.so.6
xdotool /lib/x86_64-linux-gnu/libXau.so.6
xdotool /lib/x86_64-linux-gnu/libXdmcp.so.6
xdotool /lib/x86_64-linux-gnu/libbsd.so.0
xdotool /lib/x86_64-linux-gnu/libmd.so.0
Xvfb /proc/1566/cmdline
xdotool /usr/lib/locale/locale-archive
xdotool /usr/lib/x86_64-linux-gnu/gconv/gconv-modules.cache
xdotool /etc/ld.so.cache
xdotool /lib/x86_64-linux-gnu/libxdo.so.3
xdotool /lib/x86_64-linux-gnu/libm.so.6
xdotool /lib/x86_64-linux-gnu/libX11.so.6
xdotool /lib/x86_64-linux-gnu/libc.so.6
xdotool /lib/x86_64-linux-gnu/libXtst.so.6
xdotool /lib/x86_64-linux-gnu/libXinerama.so.1
xdotool /lib/x86_64-linux-gnu/libxkbcommon.so.0
xdotool /lib/x86_64-linux-gnu/libxcb.so.1
xdotool /lib/x86_64-linux-gnu/libXext.so.6
xdotool /lib/x86_64-linux-gnu/libXau.so.6
xdotool /lib/x86_64-linux-gnu/libXdmcp.so.6
xdotool /lib/x86_64-linux-gnu/libbsd.so.0
xdotool /lib/x86_64-linux-gnu/libmd.so.0
Xvfb /proc/1574/cmdline
xdotool /usr/lib/locale/locale-archive
xdotool /usr/lib/x86_64-linux-gnu/gconv/gconv-modules.cache
selkies /proc/stat
selkies /proc/meminfo
xdotool /etc/ld.so.cache
xdotool /lib/x86_64-linux-gnu/libxdo.so.3
xdotool /lib/x86_64-linux-gnu/libm.so.6
xdotool /lib/x86_64-linux-gnu/libX11.so.6
xdotool /lib/x86_64-linux-gnu/libc.so.6
xdotool /lib/x86_64-linux-gnu/libXtst.so.6
xdotool /lib/x86_64-linux-gnu/libXinerama.so.1
xdotool /lib/x86_64-linux-gnu/libxkbcommon.so.0
xdotool /lib/x86_64-linux-gnu/libxcb.so.1
xdotool /lib/x86_64-linux-gnu/libXext.so.6
xdotool /lib/x86_64-linux-gnu/libXau.so.6
xdotool /lib/x86_64-linux-gnu/libXdmcp.so.6
xdotool /lib/x86_64-linux-gnu/libbsd.so.0
xdotool /lib/x86_64-linux-gnu/libmd.so.0
Xvfb /proc/1576/cmdline
xdotool /usr/lib/locale/locale-archive
xdotool /usr/lib/x86_64-linux-gnu/gconv/gconv-modules.cache
xclip /etc/ld.so.cache
xclip /lib/x86_64-linux-gnu/libXmu.so.6
xclip /lib/x86_64-linux-gnu/libX11.so.6
xclip /lib/x86_64-linux-gnu/libc.so.6
xclip /lib/x86_64-linux-gnu/libXt.so.6
xclip /lib/x86_64-linux-gnu/libXext.so.6
xclip /lib/x86_64-linux-gnu/libxcb.so.1
xclip /lib/x86_64-linux-gnu/libSM.so.6
xclip /lib/x86_64-linux-gnu/libICE.so.6
xclip /lib/x86_64-linux-gnu/libXau.so.6
xclip /lib/x86_64-linux-gnu/libXdmcp.so.6
xclip /lib/x86_64-linux-gnu/libuuid.so.1
xclip /lib/x86_64-linux-gnu/libbsd.so.0
xclip /lib/x86_64-linux-gnu/libmd.so.0
xclip /usr/share/X11/locale/locale.alias
xclip /usr/share/X11/locale/locale.dir
xclip /usr/share/X11/locale/C/XLC_LOCALE
xclip /usr/share/X11/locale/locale.alias
xclip /usr/share/X11/locale/locale.dir
xclip /usr/share/X11/locale/C/XLC_LOCALE
Xvfb /proc/1580/cmdline
xclip /etc/ld.so.cache
xclip /lib/x86_64-linux-gnu/libXmu.so.6
xclip /lib/x86_64-linux-gnu/libX11.so.6
xclip /lib/x86_64-linux-gnu/libc.so.6
xclip /lib/x86_64-linux-gnu/libXt.so.6
xclip /lib/x86_64-linux-gnu/libXext.so.6
xclip /lib/x86_64-linux-gnu/libxcb.so.1
xclip /lib/x86_64-linux-gnu/libSM.so.6
xclip /lib/x86_64-linux-gnu/libICE.so.6
xclip /lib/x86_64-linux-gnu/libXau.so.6
xclip /lib/x86_64-linux-gnu/libXdmcp.so.6
xclip /lib/x86_64-linux-gnu/libuuid.so.1
xclip /lib/x86_64-linux-gnu/libbsd.so.0
xclip /lib/x86_64-linux-gnu/libmd.so.0
xclip /usr/share/X11/locale/locale.alias
xclip /usr/share/X11/locale/locale.dir
xclip /usr/share/X11/locale/C/XLC_LOCALE
xclip /usr/share/X11/locale/locale.alias
xclip /usr/share/X11/locale/locale.dir
xclip /usr/share/X11/locale/C/XLC_LOCALE
Xvfb /proc/1586/cmdline
selkies /proc/stat
selkies /proc/meminfo
xdotool /etc/ld.so.cache
xdotool /lib/x86_64-linux-gnu/libxdo.so.3
xdotool /lib/x86_64-linux-gnu/libm.so.6
xdotool /lib/x86_64-linux-gnu/libX11.so.6
xdotool /lib/x86_64-linux-gnu/libc.so.6
xdotool /lib/x86_64-linux-gnu/libXtst.so.6
xdotool /lib/x86_64-linux-gnu/libXinerama.so.1
xdotool /lib/x86_64-linux-gnu/libxkbcommon.so.0
xdotool /lib/x86_64-linux-gnu/libxcb.so.1
xdotool /lib/x86_64-linux-gnu/libXext.so.6
xdotool /lib/x86_64-linux-gnu/libXau.so.6
xdotool /lib/x86_64-linux-gnu/libXdmcp.so.6
xdotool /lib/x86_64-linux-gnu/libbsd.so.0
xdotool /lib/x86_64-linux-gnu/libmd.so.0
Xvfb /proc/1590/cmdline
xdotool /usr/lib/locale/locale-archive
xdotool /usr/lib/x86_64-linux-gnu/gconv/gconv-modules.cache
xdotool /etc/ld.so.cache
xdotool /lib/x86_64-linux-gnu/libxdo.so.3
xdotool /lib/x86_64-linux-gnu/libm.so.6
xdotool /lib/x86_64-linux-gnu/libX11.so.6
xdotool /lib/x86_64-linux-gnu/libc.so.6
xdotool /lib/x86_64-linux-gnu/libXtst.so.6
xdotool /lib/x86_64-linux-gnu/libXinerama.so.1
xdotool /lib/x86_64-linux-gnu/libxkbcommon.so.0
xdotool /lib/x86_64-linux-gnu/libxcb.so.1
xdotool /lib/x86_64-linux-gnu/libXext.so.6
xdotool /lib/x86_64-linux-gnu/libXau.so.6
xdotool /lib/x86_64-linux-gnu/libXdmcp.so.6
xdotool /lib/x86_64-linux-gnu/libbsd.so.0
xdotool /lib/x86_64-linux-gnu/libmd.so.0
Xvfb /proc/1598/cmdline
xdotool /usr/lib/locale/locale-archive
xdotool /usr/lib/x86_64-linux-gnu/gconv/gconv-modules.cache
xclip /etc/ld.so.cache
xclip /lib/x86_64-linux-gnu/libXmu.so.6
xclip /lib/x86_64-linux-gnu/libX11.so.6
xclip /lib/x86_64-linux-gnu/libc.so.6
xclip /lib/x86_64-linux-gnu/libXt.so.6
xclip /lib/x86_64-linux-gnu/libXext.so.6
xclip /lib/x86_64-linux-gnu/libxcb.so.1
xclip /lib/x86_64-linux-gnu/libSM.so.6
xclip /lib/x86_64-linux-gnu/libICE.so.6
xclip /lib/x86_64-linux-gnu/libXau.so.6
xclip /lib/x86_64-linux-gnu/libXdmcp.so.6
xclip /lib/x86_64-linux-gnu/libuuid.so.1
xclip /lib/x86_64-linux-gnu/libbsd.so.0
xclip /lib/x86_64-linux-gnu/libmd.so.0
xclip /usr/share/X11/locale/locale.alias
xclip /usr/share/X11/locale/locale.dir
xclip /usr/share/X11/locale/C/XLC_LOCALE
xclip /usr/share/X11/locale/locale.alias
xclip /usr/share/X11/locale/locale.dir
xclip /usr/share/X11/locale/C/XLC_LOCALE
Xvfb /proc/1599/cmdline
xdotool /etc/ld.so.cache
xdotool /lib/x86_64-linux-gnu/libxdo.so.3
xdotool /lib/x86_64-linux-gnu/libm.so.6
xdotool /lib/x86_64-linux-gnu/libX11.so.6
xdotool /lib/x86_64-linux-gnu/libc.so.6
xdotool /lib/x86_64-linux-gnu/libXtst.so.6
xdotool /lib/x86_64-linux-gnu/libXinerama.so.1
xdotool /lib/x86_64-linux-gnu/libxkbcommon.so.0
xdotool /lib/x86_64-linux-gnu/libxcb.so.1
xdotool /lib/x86_64-linux-gnu/libXext.so.6
xdotool /lib/x86_64-linux-gnu/libXau.so.6
xdotool /lib/x86_64-linux-gnu/libXdmcp.so.6
xdotool /lib/x86_64-linux-gnu/libbsd.so.0
xdotool /lib/x86_64-linux-gnu/libmd.so.0
Xvfb /proc/1601/cmdline
xdotool /usr/lib/locale/locale-archive
xdotool /usr/lib/x86_64-linux-gnu/gconv/gconv-modules.cache
xclip /etc/ld.so.cache
xclip /lib/x86_64-linux-gnu/libXmu.so.6
xclip /lib/x86_64-linux-gnu/libX11.so.6
xclip /lib/x86_64-linux-gnu/libc.so.6
xclip /lib/x86_64-linux-gnu/libXt.so.6
xclip /lib/x86_64-linux-gnu/libXext.so.6
xclip /lib/x86_64-linux-gnu/libxcb.so.1
xclip /lib/x86_64-linux-gnu/libSM.so.6
xclip /lib/x86_64-linux-gnu/libICE.so.6
xclip /lib/x86_64-linux-gnu/libXau.so.6
xclip /lib/x86_64-linux-gnu/libXdmcp.so.6
soffice.bin /usr/lib/libreoffice/share/config/soffice.cfg/sfx/ui/tabbutton.ui
xclip /lib/x86_64-linux-gnu/libuuid.so.1
soffice.bin /usr/lib/libreoffice/share/config/soffice.cfg/sfx/ui/tabbutton.ui
xclip /lib/x86_64-linux-gnu/libbsd.so.0
soffice.bin /usr/lib/libreoffice/share/config/soffice.cfg/sfx/ui/tabbutton.ui
xclip /lib/x86_64-linux-gnu/libmd.so.0
soffice.bin /usr/lib/libreoffice/share/config/soffice.cfg/sfx/ui/tabbutton.ui
soffice.bin /usr/lib/libreoffice/share/config/soffice.cfg/sfx/ui/tabbutton.ui
soffice.bin /config/.config/libreoffice/4/cache/breeze/150/sfx2/res/symphony/sidebar-property-large.png
soffice.bin /config/.config/libreoffice/4/cache/breeze/150/sfx2/res/symphony/sidebar-property-large.png
xclip /usr/share/X11/locale/locale.alias
soffice.bin /config/.config/libreoffice/4/cache/breeze/150/sfx2/res/symphony/sidebar-style-large.png
soffice.bin /config/.config/libreoffice/4/cache/breeze/150/sfx2/res/symphony/sidebar-style-large.png
soffice.bin /config/.config/libreoffice/4/cache/breeze/150/sfx2/res/symphony/sidebar-gallery-large.png
xclip /usr/share/X11/locale/locale.dir
soffice.bin /config/.config/libreoffice/4/cache/breeze/150/sfx2/res/symphony/sidebar-gallery-large.png
xclip /usr/share/X11/locale/C/XLC_LOCALE
soffice.bin /config/.config/libreoffice/4/cache/breeze/150/sfx2/res/symphony/sidebar-navigator-large.png
soffice.bin /config/.config/libreoffice/4/cache/breeze/150/sfx2/res/symphony/sidebar-navigator-large.png
xclip /usr/share/X11/locale/locale.alias
soffice.bin /config/.config/libreoffice/4/cache/breeze/150/sfx2/res/symphony/sidebar-functions-large.png
soffice.bin /config/.config/libreoffice/4/cache/breeze/150/sfx2/res/symphony/sidebar-functions-large.png
xclip /usr/share/X11/locale/locale.dir
xclip /usr/share/X11/locale/C/XLC_LOCALE
soffice.bin /usr/lib/libreoffice/share/config/soffice.cfg/sfx/ui/tabbutton.ui
soffice.bin /usr/lib/libreoffice/share/config/soffice.cfg/sfx/ui/tabbutton.ui
soffice.bin /usr/lib/libreoffice/share/config/soffice.cfg/sfx/ui/tabbutton.ui
soffice.bin /usr/lib/libreoffice/share/config/soffice.cfg/sfx/ui/tabbutton.ui
Xvfb /proc/1608/cmdline
soffice.bin /usr/lib/libreoffice/share/config/soffice.cfg/sfx/ui/tabbutton.ui
soffice.bin /config/.config/libreoffice/4/cache/breeze/150/sfx2/res/symphony/sidebar-property-large.png
soffice.bin /config/.config/libreoffice/4/cache/breeze/150/sfx2/res/symphony/sidebar-property-large.png
soffice.bin /config/.config/libreoffice/4/cache/breeze/150/sfx2/res/symphony/sidebar-style-large.png
soffice.bin /config/.config/libreoffice/4/cache/breeze/150/sfx2/res/symphony/sidebar-style-large.png
soffice.bin /config/.config/libreoffice/4/cache/breeze/150/sfx2/res/symphony/sidebar-gallery-large.png
soffice.bin /config/.config/libreoffice/4/cache/breeze/150/sfx2/res/symphony/sidebar-gallery-large.png
soffice.bin /config/.config/libreoffice/4/cache/breeze/150/sfx2/res/symphony/sidebar-navigator-large.png
soffice.bin /config/.config/libreoffice/4/cache/breeze/150/sfx2/res/symphony/sidebar-navigator-large.png
soffice.bin /config/.config/libreoffice/4/cache/breeze/150/sfx2/res/symphony/sidebar-functions-large.png
soffice.bin /config/.config/libreoffice/4/cache/breeze/150/sfx2/res/symphony/sidebar-functions-large.png
soffice.bin /config/.config/libreoffice/4/cache/breeze/150/sfx2/res/symphony/sidebar-property-large.png
soffice.bin /config/.config/libreoffice/4/cache/breeze/150/sfx2/res/symphony/sidebar-property-large.png
soffice.bin /config/.config/libreoffice/4/cache/breeze/150/sfx2/res/symphony/sidebar-style-large.png
soffice.bin /config/.config/libreoffice/4/cache/breeze/150/sfx2/res/symphony/sidebar-style-large.png
soffice.bin /config/.config/libreoffice/4/cache/breeze/150/sfx2/res/symphony/sidebar-functions-large.png
soffice.bin /config/.config/libreoffice/4/cache/breeze/150/sfx2/res/symphony/sidebar-functions-large.png
selkies /proc/stat
selkies /proc/meminfo
xclip /etc/ld.so.cache
xclip /lib/x86_64-linux-gnu/libXmu.so.6
xclip /lib/x86_64-linux-gnu/libX11.so.6
xclip /lib/x86_64-linux-gnu/libc.so.6
xclip /lib/x86_64-linux-gnu/libXt.so.6
xclip /lib/x86_64-linux-gnu/libXext.so.6
xclip /lib/x86_64-linux-gnu/libxcb.so.1
xclip /lib/x86_64-linux-gnu/libSM.so.6
xclip /lib/x86_64-linux-gnu/libICE.so.6
xclip /lib/x86_64-linux-gnu/libXau.so.6
xclip /lib/x86_64-linux-gnu/libXdmcp.so.6
xclip /lib/x86_64-linux-gnu/libuuid.so.1
xclip /lib/x86_64-linux-gnu/libbsd.so.0
xclip /lib/x86_64-linux-gnu/libmd.so.0
xclip /usr/share/X11/locale/locale.alias
xclip /usr/share/X11/locale/locale.dir
xclip /usr/share/X11/locale/C/XLC_LOCALE
xclip /usr/share/X11/locale/locale.alias
xclip /usr/share/X11/locale/locale.dir
xclip /usr/share/X11/locale/C/XLC_LOCALE
Xvfb /proc/1617/cmdline
xclip /etc/ld.so.cache
xclip /lib/x86_64-linux-gnu/libXmu.so.6
xclip /lib/x86_64-linux-gnu/libX11.so.6
xclip /lib/x86_64-linux-gnu/libc.so.6
xclip /lib/x86_64-linux-gnu/libXt.so.6
xclip /lib/x86_64-linux-gnu/libXext.so.6
xclip /lib/x86_64-linux-gnu/libxcb.so.1
xclip /lib/x86_64-linux-gnu/libSM.so.6
xclip /lib/x86_64-linux-gnu/libICE.so.6
xclip /lib/x86_64-linux-gnu/libXau.so.6
xclip /lib/x86_64-linux-gnu/libXdmcp.so.6
xclip /lib/x86_64-linux-gnu/libuuid.so.1
xclip /lib/x86_64-linux-gnu/libbsd.so.0
xclip /lib/x86_64-linux-gnu/libmd.so.0
xclip /usr/share/X11/locale/locale.alias
xclip /usr/share/X11/locale/locale.dir
xclip /usr/share/X11/locale/C/XLC_LOCALE
xclip /usr/share/X11/locale/locale.alias
xclip /usr/share/X11/locale/locale.dir
xclip /usr/share/X11/locale/C/XLC_LOCALE
Xvfb /proc/1625/cmdline
selkies /proc/stat
selkies /proc/meminfo
configmgrWriter /config/.config/libreoffice/4/user/mytMxO
soffice.bin /usr/lib/libreoffice/share/config/soffice.cfg/sfx/ui/tabbutton.ui
soffice.bin /usr/lib/libreoffice/share/config/soffice.cfg/sfx/ui/tabbutton.ui
soffice.bin /usr/lib/libreoffice/share/config/soffice.cfg/sfx/ui/tabbutton.ui
soffice.bin /usr/lib/libreoffice/share/config/soffice.cfg/sfx/ui/tabbutton.ui
soffice.bin /usr/lib/libreoffice/share/config/soffice.cfg/sfx/ui/tabbutton.ui
soffice.bin /config/.config/libreoffice/4/cache/breeze/150/sfx2/res/symphony/sidebar-property-large.png
soffice.bin /config/.config/libreoffice/4/cache/breeze/150/sfx2/res/symphony/sidebar-property-large.png
soffice.bin /config/.config/libreoffice/4/cache/breeze/150/sfx2/res/symphony/sidebar-style-large.png
soffice.bin /config/.config/libreoffice/4/cache/breeze/150/sfx2/res/symphony/sidebar-style-large.png
soffice.bin /config/.config/libreoffice/4/cache/breeze/150/sfx2/res/symphony/sidebar-gallery-large.png
soffice.bin /config/.config/libreoffice/4/cache/breeze/150/sfx2/res/symphony/sidebar-gallery-large.png
soffice.bin /config/.config/libreoffice/4/cache/breeze/150/sfx2/res/symphony/sidebar-navigator-large.png
soffice.bin /config/.config/libreoffice/4/cache/breeze/150/sfx2/res/symphony/sidebar-navigator-large.png
soffice.bin /config/.config/libreoffice/4/cache/breeze/150/sfx2/res/symphony/sidebar-functions-large.png
soffice.bin /config/.config/libreoffice/4/cache/breeze/150/sfx2/res/symphony/sidebar-functions-large.png
soffice.bin /usr/lib/libreoffice/share/config/soffice.cfg/sfx/ui/tabbutton.ui
soffice.bin /usr/lib/libreoffice/share/config/soffice.cfg/sfx/ui/tabbutton.ui
soffice.bin /usr/lib/libreoffice/share/config/soffice.cfg/sfx/ui/tabbutton.ui
soffice.bin /usr/lib/libreoffice/share/config/soffice.cfg/sfx/ui/tabbutton.ui
soffice.bin /usr/lib/libreoffice/share/config/soffice.cfg/sfx/ui/tabbutton.ui
soffice.bin /config/.config/libreoffice/4/cache/breeze/150/sfx2/res/symphony/sidebar-property-large.png
soffice.bin /config/.config/libreoffice/4/cache/breeze/150/sfx2/res/symphony/sidebar-property-large.png
soffice.bin /config/.config/libreoffice/4/cache/breeze/150/sfx2/res/symphony/sidebar-style-large.png
soffice.bin /config/.config/libreoffice/4/cache/breeze/150/sfx2/res/symphony/sidebar-style-large.png
soffice.bin /config/.config/libreoffice/4/cache/breeze/150/sfx2/res/symphony/sidebar-gallery-large.png
soffice.bin /config/.config/libreoffice/4/cache/breeze/150/sfx2/res/symphony/sidebar-gallery-large.png
soffice.bin /config/.config/libreoffice/4/cache/breeze/150/sfx2/res/symphony/sidebar-navigator-large.png
soffice.bin /config/.config/libreoffice/4/cache/breeze/150/sfx2/res/symphony/sidebar-navigator-large.png
soffice.bin /config/.config/libreoffice/4/cache/breeze/150/sfx2/res/symphony/sidebar-functions-large.png
soffice.bin /config/.config/libreoffice/4/cache/breeze/150/sfx2/res/symphony/sidebar-functions-large.png
soffice.bin /usr/lib/libreoffice/share/config/soffice.cfg/sfx/ui/tabbutton.ui
soffice.bin /usr/lib/libreoffice/share/config/soffice.cfg/sfx/ui/tabbutton.ui
soffice.bin /usr/lib/libreoffice/share/config/soffice.cfg/sfx/ui/tabbutton.ui
soffice.bin /usr/lib/libreoffice/share/config/soffice.cfg/sfx/ui/tabbutton.ui
soffice.bin /usr/lib/libreoffice/share/config/soffice.cfg/sfx/ui/tabbutton.ui
soffice.bin /config/.config/libreoffice/4/cache/breeze/150/sfx2/res/symphony/sidebar-property-large.png
soffice.bin /config/.config/libreoffice/4/cache/breeze/150/sfx2/res/symphony/sidebar-property-large.png
soffice.bin /config/.config/libreoffice/4/cache/breeze/150/sfx2/res/symphony/sidebar-style-large.png
soffice.bin /config/.config/libreoffice/4/cache/breeze/150/sfx2/res/symphony/sidebar-style-large.png
soffice.bin /config/.config/libreoffice/4/cache/breeze/150/sfx2/res/symphony/sidebar-gallery-large.png
soffice.bin /config/.config/libreoffice/4/cache/breeze/150/sfx2/res/symphony/sidebar-gallery-large.png
soffice.bin /config/.config/libreoffice/4/cache/breeze/150/sfx2/res/symphony/sidebar-navigator-large.png
soffice.bin /config/.config/libreoffice/4/cache/breeze/150/sfx2/res/symphony/sidebar-navigator-large.png
soffice.bin /config/.config/libreoffice/4/cache/breeze/150/sfx2/res/symphony/sidebar-functions-large.png
soffice.bin /config/.config/libreoffice/4/cache/breeze/150/sfx2/res/symphony/sidebar-functions-large.png
soffice.bin /config/.config/libreoffice/4/cache/breeze/150/sfx2/res/symphony/sidebar-property-large.png
soffice.bin /config/.config/libreoffice/4/cache/breeze/150/sfx2/res/symphony/sidebar-property-large.png
soffice.bin /config/.config/libreoffice/4/cache/breeze/150/sfx2/res/symphony/sidebar-style-large.png
soffice.bin /config/.config/libreoffice/4/cache/breeze/150/sfx2/res/symphony/sidebar-style-large.png
soffice.bin /config/.config/libreoffice/4/cache/breeze/150/sfx2/res/symphony/sidebar-functions-large.png
soffice.bin /config/.config/libreoffice/4/cache/breeze/150/sfx2/res/symphony/sidebar-functions-large.png
xclip /etc/ld.so.cache
xclip /lib/x86_64-linux-gnu/libXmu.so.6
xclip /lib/x86_64-linux-gnu/libX11.so.6
xclip /lib/x86_64-linux-gnu/libc.so.6
xclip /lib/x86_64-linux-gnu/libXt.so.6
xclip /lib/x86_64-linux-gnu/libXext.so.6
xclip /lib/x86_64-linux-gnu/libxcb.so.1
xclip /lib/x86_64-linux-gnu/libSM.so.6
xclip /lib/x86_64-linux-gnu/libICE.so.6
xclip /lib/x86_64-linux-gnu/libXau.so.6
xclip /lib/x86_64-linux-gnu/libXdmcp.so.6
xclip /lib/x86_64-linux-gnu/libuuid.so.1
xclip /lib/x86_64-linux-gnu/libbsd.so.0
xclip /lib/x86_64-linux-gnu/libmd.so.0
xclip /usr/share/X11/locale/locale.alias
xclip /usr/share/X11/locale/locale.dir
xclip /usr/share/X11/locale/C/XLC_LOCALE
xclip /usr/share/X11/locale/locale.alias
xclip /usr/share/X11/locale/locale.dir
xclip /usr/share/X11/locale/C/XLC_LOCALE
Xvfb /proc/1633/cmdline
soffice.bin /usr/lib/libreoffice/share/config/soffice.cfg/sfx/ui/tabbutton.ui
soffice.bin /usr/lib/libreoffice/share/config/soffice.cfg/sfx/ui/tabbutton.ui
soffice.bin /usr/lib/libreoffice/share/config/soffice.cfg/sfx/ui/tabbutton.ui
soffice.bin /usr/lib/libreoffice/share/config/soffice.cfg/sfx/ui/tabbutton.ui
soffice.bin /usr/lib/libreoffice/share/config/soffice.cfg/sfx/ui/tabbutton.ui
soffice.bin /config/.config/libreoffice/4/cache/breeze/150/sfx2/res/symphony/sidebar-property-large.png
soffice.bin /config/.config/libreoffice/4/cache/breeze/150/sfx2/res/symphony/sidebar-property-large.png
soffice.bin /config/.config/libreoffice/4/cache/breeze/150/sfx2/res/symphony/sidebar-style-large.png
soffice.bin /config/.config/libreoffice/4/cache/breeze/150/sfx2/res/symphony/sidebar-style-large.png
soffice.bin /config/.config/libreoffice/4/cache/breeze/150/sfx2/res/symphony/sidebar-gallery-large.png
soffice.bin /config/.config/libreoffice/4/cache/breeze/150/sfx2/res/symphony/sidebar-gallery-large.png
soffice.bin /config/.config/libreoffice/4/cache/breeze/150/sfx2/res/symphony/sidebar-navigator-large.png
soffice.bin /config/.config/libreoffice/4/cache/breeze/150/sfx2/res/symphony/sidebar-navigator-large.png
soffice.bin /config/.config/libreoffice/4/cache/breeze/150/sfx2/res/symphony/sidebar-functions-large.png
soffice.bin /config/.config/libreoffice/4/cache/breeze/150/sfx2/res/symphony/sidebar-functions-large.png
soffice.bin /usr/lib/libreoffice/share/config/soffice.cfg/sfx/ui/tabbutton.ui
soffice.bin /usr/lib/libreoffice/share/config/soffice.cfg/sfx/ui/tabbutton.ui
soffice.bin /usr/lib/libreoffice/share/config/soffice.cfg/sfx/ui/tabbutton.ui
soffice.bin /usr/lib/libreoffice/share/config/soffice.cfg/sfx/ui/tabbutton.ui
soffice.bin /usr/lib/libreoffice/share/config/soffice.cfg/sfx/ui/tabbutton.ui
soffice.bin /config/.config/libreoffice/4/cache/breeze/150/sfx2/res/symphony/sidebar-property-large.png
soffice.bin /config/.config/libreoffice/4/cache/breeze/150/sfx2/res/symphony/sidebar-property-large.png
soffice.bin /config/.config/libreoffice/4/cache/breeze/150/sfx2/res/symphony/sidebar-style-large.png
soffice.bin /config/.config/libreoffice/4/cache/breeze/150/sfx2/res/symphony/sidebar-style-large.png
soffice.bin /config/.config/libreoffice/4/cache/breeze/150/sfx2/res/symphony/sidebar-gallery-large.png
soffice.bin /config/.config/libreoffice/4/cache/breeze/150/sfx2/res/symphony/sidebar-gallery-large.png
soffice.bin /config/.config/libreoffice/4/cache/breeze/150/sfx2/res/symphony/sidebar-navigator-large.png
soffice.bin /config/.config/libreoffice/4/cache/breeze/150/sfx2/res/symphony/sidebar-navigator-large.png
soffice.bin /config/.config/libreoffice/4/cache/breeze/150/sfx2/res/symphony/sidebar-functions-large.png
soffice.bin /config/.config/libreoffice/4/cache/breeze/150/sfx2/res/symphony/sidebar-functions-large.png
soffice.bin /config/.config/libreoffice/4/cache/breeze/150/sfx2/res/symphony/sidebar-property-large.png
soffice.bin /config/.config/libreoffice/4/cache/breeze/150/sfx2/res/symphony/sidebar-property-large.png
soffice.bin /config/.config/libreoffice/4/cache/breeze/150/sfx2/res/symphony/sidebar-style-large.png
soffice.bin /config/.config/libreoffice/4/cache/breeze/150/sfx2/res/symphony/sidebar-style-large.png
soffice.bin /config/.config/libreoffice/4/cache/breeze/150/sfx2/res/symphony/sidebar-functions-large.png
soffice.bin /config/.config/libreoffice/4/cache/breeze/150/sfx2/res/symphony/sidebar-functions-large.png
selkies /proc/stat
selkies /proc/meminfo
xclip /etc/ld.so.cache
xclip /lib/x86_64-linux-gnu/libXmu.so.6
xclip /lib/x86_64-linux-gnu/libX11.so.6
xclip /lib/x86_64-linux-gnu/libc.so.6
xclip /lib/x86_64-linux-gnu/libXt.so.6
xclip /lib/x86_64-linux-gnu/libXext.so.6
xclip /lib/x86_64-linux-gnu/libxcb.so.1
xclip /lib/x86_64-linux-gnu/libSM.so.6
xclip /lib/x86_64-linux-gnu/libICE.so.6
xclip /lib/x86_64-linux-gnu/libXau.so.6
xclip /lib/x86_64-linux-gnu/libXdmcp.so.6
xclip /lib/x86_64-linux-gnu/libuuid.so.1
xclip /lib/x86_64-linux-gnu/libbsd.so.0
xclip /lib/x86_64-linux-gnu/libmd.so.0
xclip /usr/share/X11/locale/locale.alias
xclip /usr/share/X11/locale/locale.dir
xclip /usr/share/X11/locale/C/XLC_LOCALE
xclip /usr/share/X11/locale/locale.alias
xclip /usr/share/X11/locale/locale.dir
xclip /usr/share/X11/locale/C/XLC_LOCALE
Xvfb /proc/1641/cmdline
xclip /etc/ld.so.cache
xclip /lib/x86_64-linux-gnu/libXmu.so.6
xclip /lib/x86_64-linux-gnu/libX11.so.6
xclip /lib/x86_64-linux-gnu/libc.so.6
xclip /lib/x86_64-linux-gnu/libXt.so.6
xclip /lib/x86_64-linux-gnu/libXext.so.6
xclip /lib/x86_64-linux-gnu/libxcb.so.1
xclip /lib/x86_64-linux-gnu/libSM.so.6
xclip /lib/x86_64-linux-gnu/libICE.so.6
xclip /lib/x86_64-linux-gnu/libXau.so.6
xclip /lib/x86_64-linux-gnu/libXdmcp.so.6
xclip /lib/x86_64-linux-gnu/libuuid.so.1
xclip /lib/x86_64-linux-gnu/libbsd.so.0
xclip /lib/x86_64-linux-gnu/libmd.so.0
xclip /usr/share/X11/locale/locale.alias
xclip /usr/share/X11/locale/locale.dir
xclip /usr/share/X11/locale/C/XLC_LOCALE
xclip /usr/share/X11/locale/locale.alias
xclip /usr/share/X11/locale/locale.dir
xclip /usr/share/X11/locale/C/XLC_LOCALE
Xvfb /proc/1643/cmdline
selkies /proc/stat
selkies /proc/meminfo
configmgrWriter /config/.config/libreoffice/4/user/gVq9Z7
xclip /etc/ld.so.cache
xclip /lib/x86_64-linux-gnu/libXmu.so.6
xclip /lib/x86_64-linux-gnu/libX11.so.6
xclip /lib/x86_64-linux-gnu/libc.so.6
xclip /lib/x86_64-linux-gnu/libXt.so.6
xclip /lib/x86_64-linux-gnu/libXext.so.6
xclip /lib/x86_64-linux-gnu/libxcb.so.1
xclip /lib/x86_64-linux-gnu/libSM.so.6
xclip /lib/x86_64-linux-gnu/libICE.so.6
xclip /lib/x86_64-linux-gnu/libXau.so.6
xclip /lib/x86_64-linux-gnu/libXdmcp.so.6
xclip /lib/x86_64-linux-gnu/libuuid.so.1
xclip /lib/x86_64-linux-gnu/libbsd.so.0
xclip /lib/x86_64-linux-gnu/libmd.so.0
xclip /usr/share/X11/locale/locale.alias
xclip /usr/share/X11/locale/locale.dir
xclip /usr/share/X11/locale/C/XLC_LOCALE
xclip /usr/share/X11/locale/locale.alias
xclip /usr/share/X11/locale/locale.dir
xclip /usr/share/X11/locale/C/XLC_LOCALE
Xvfb /proc/1644/cmdline
xdotool /etc/ld.so.cache
xdotool /lib/x86_64-linux-gnu/libxdo.so.3
xdotool /lib/x86_64-linux-gnu/libm.so.6
xdotool /lib/x86_64-linux-gnu/libX11.so.6
xdotool /lib/x86_64-linux-gnu/libc.so.6
xdotool /lib/x86_64-linux-gnu/libXtst.so.6
xdotool /lib/x86_64-linux-gnu/libXinerama.so.1
xdotool /lib/x86_64-linux-gnu/libxkbcommon.so.0
xdotool /lib/x86_64-linux-gnu/libxcb.so.1
xdotool /lib/x86_64-linux-gnu/libXext.so.6
xdotool /lib/x86_64-linux-gnu/libXau.so.6
xdotool /lib/x86_64-linux-gnu/libXdmcp.so.6
xdotool /lib/x86_64-linux-gnu/libbsd.so.0
xdotool /lib/x86_64-linux-gnu/libmd.so.0
Xvfb /proc/1645/cmdline
xdotool /usr/lib/locale/locale-archive
xdotool /usr/lib/x86_64-linux-gnu/gconv/gconv-modules.cache
soffice.bin /usr/lib/libreoffice/share/config/soffice.cfg/sfx/ui/tabbutton.ui
soffice.bin /usr/lib/libreoffice/share/config/soffice.cfg/sfx/ui/tabbutton.ui
soffice.bin /usr/lib/libreoffice/share/config/soffice.cfg/sfx/ui/tabbutton.ui
soffice.bin /usr/lib/libreoffice/share/config/soffice.cfg/sfx/ui/tabbutton.ui
soffice.bin /usr/lib/libreoffice/share/config/soffice.cfg/sfx/ui/tabbutton.ui
soffice.bin /config/.config/libreoffice/4/cache/breeze/150/sfx2/res/symphony/sidebar-property-large.png
soffice.bin /config/.config/libreoffice/4/cache/breeze/150/sfx2/res/symphony/sidebar-property-large.png
soffice.bin /config/.config/libreoffice/4/cache/breeze/150/sfx2/res/symphony/sidebar-style-large.png
soffice.bin /config/.config/libreoffice/4/cache/breeze/150/sfx2/res/symphony/sidebar-style-large.png
soffice.bin /config/.config/libreoffice/4/cache/breeze/150/sfx2/res/symphony/sidebar-gallery-large.png
soffice.bin /config/.config/libreoffice/4/cache/breeze/150/sfx2/res/symphony/sidebar-gallery-large.png
soffice.bin /config/.config/libreoffice/4/cache/breeze/150/sfx2/res/symphony/sidebar-navigator-large.png
soffice.bin /config/.config/libreoffice/4/cache/breeze/150/sfx2/res/symphony/sidebar-navigator-large.png
soffice.bin /config/.config/libreoffice/4/cache/breeze/150/sfx2/res/symphony/sidebar-functions-large.png
soffice.bin /config/.config/libreoffice/4/cache/breeze/150/sfx2/res/symphony/sidebar-functions-large.png
soffice.bin /usr/lib/libreoffice/share/config/soffice.cfg/sfx/ui/tabbutton.ui
soffice.bin /usr/lib/libreoffice/share/config/soffice.cfg/sfx/ui/tabbutton.ui
soffice.bin /usr/lib/libreoffice/share/config/soffice.cfg/sfx/ui/tabbutton.ui
soffice.bin /usr/lib/libreoffice/share/config/soffice.cfg/sfx/ui/tabbutton.ui
soffice.bin /usr/lib/libreoffice/share/config/soffice.cfg/sfx/ui/tabbutton.ui
soffice.bin /config/.config/libreoffice/4/cache/breeze/150/sfx2/res/symphony/sidebar-property-large.png
soffice.bin /config/.config/libreoffice/4/cache/breeze/150/sfx2/res/symphony/sidebar-property-large.png
soffice.bin /config/.config/libreoffice/4/cache/breeze/150/sfx2/res/symphony/sidebar-style-large.png
soffice.bin /config/.config/libreoffice/4/cache/breeze/150/sfx2/res/symphony/sidebar-style-large.png
soffice.bin /config/.config/libreoffice/4/cache/breeze/150/sfx2/res/symphony/sidebar-gallery-large.png
soffice.bin /config/.config/libreoffice/4/cache/breeze/150/sfx2/res/symphony/sidebar-gallery-large.png
soffice.bin /config/.config/libreoffice/4/cache/breeze/150/sfx2/res/symphony/sidebar-navigator-large.png
xdotool /etc/ld.so.cache
xdotool /lib/x86_64-linux-gnu/libxdo.so.3
soffice.bin /config/.config/libreoffice/4/cache/breeze/150/sfx2/res/symphony/sidebar-navigator-large.png
soffice.bin /config/.config/libreoffice/4/cache/breeze/150/sfx2/res/symphony/sidebar-functions-large.png
xdotool /lib/x86_64-linux-gnu/libm.so.6
soffice.bin /config/.config/libreoffice/4/cache/breeze/150/sfx2/res/symphony/sidebar-functions-large.png
xdotool /lib/x86_64-linux-gnu/libX11.so.6
xdotool /lib/x86_64-linux-gnu/libc.so.6
xdotool /lib/x86_64-linux-gnu/libXtst.so.6
xdotool /lib/x86_64-linux-gnu/libXinerama.so.1
soffice.bin /usr/lib/libreoffice/share/config/soffice.cfg/sfx/ui/tabbutton.ui
xdotool /lib/x86_64-linux-gnu/libxkbcommon.so.0
xdotool /lib/x86_64-linux-gnu/libxcb.so.1
xdotool /lib/x86_64-linux-gnu/libXext.so.6
soffice.bin /usr/lib/libreoffice/share/config/soffice.cfg/sfx/ui/tabbutton.ui
xdotool /lib/x86_64-linux-gnu/libXau.so.6
soffice.bin /usr/lib/libreoffice/share/config/soffice.cfg/sfx/ui/tabbutton.ui
xdotool /lib/x86_64-linux-gnu/libXdmcp.so.6
soffice.bin /usr/lib/libreoffice/share/config/soffice.cfg/sfx/ui/tabbutton.ui
xdotool /lib/x86_64-linux-gnu/libbsd.so.0
soffice.bin /usr/lib/libreoffice/share/config/soffice.cfg/sfx/ui/tabbutton.ui
xdotool /lib/x86_64-linux-gnu/libmd.so.0
soffice.bin /config/.config/libreoffice/4/cache/breeze/150/sfx2/res/symphony/sidebar-property-large.png
soffice.bin /config/.config/libreoffice/4/cache/breeze/150/sfx2/res/symphony/sidebar-property-large.png
soffice.bin /config/.config/libreoffice/4/cache/breeze/150/sfx2/res/symphony/sidebar-style-large.png
soffice.bin /config/.config/libreoffice/4/cache/breeze/150/sfx2/res/symphony/sidebar-style-large.png
soffice.bin /config/.config/libreoffice/4/cache/breeze/150/sfx2/res/symphony/sidebar-gallery-large.png
soffice.bin /config/.config/libreoffice/4/cache/breeze/150/sfx2/res/symphony/sidebar-gallery-large.png
soffice.bin /config/.config/libreoffice/4/cache/breeze/150/sfx2/res/symphony/sidebar-navigator-large.png
soffice.bin /config/.config/libreoffice/4/cache/breeze/150/sfx2/res/symphony/sidebar-navigator-large.png
Xvfb /proc/1646/cmdline
soffice.bin /config/.config/libreoffice/4/cache/breeze/150/sfx2/res/symphony/sidebar-functions-large.png
soffice.bin /config/.config/libreoffice/4/cache/breeze/150/sfx2/res/symphony/sidebar-functions-large.png
soffice.bin /config/.config/libreoffice/4/cache/breeze/150/sfx2/res/symphony/sidebar-property-large.png
soffice.bin /config/.config/libreoffice/4/cache/breeze/150/sfx2/res/symphony/sidebar-property-large.png
soffice.bin /config/.config/libreoffice/4/cache/breeze/150/sfx2/res/symphony/sidebar-style-large.png
soffice.bin /config/.config/libreoffice/4/cache/breeze/150/sfx2/res/symphony/sidebar-style-large.png
soffice.bin /config/.config/libreoffice/4/cache/breeze/150/sfx2/res/symphony/sidebar-functions-large.png
soffice.bin /config/.config/libreoffice/4/cache/breeze/150/sfx2/res/symphony/sidebar-functions-large.png
xdotool /usr/lib/locale/locale-archive
xdotool /usr/lib/x86_64-linux-gnu/gconv/gconv-modules.cache
xdotool /etc/ld.so.cache
xdotool /lib/x86_64-linux-gnu/libxdo.so.3
xdotool /lib/x86_64-linux-gnu/libm.so.6
xdotool /lib/x86_64-linux-gnu/libX11.so.6
xdotool /lib/x86_64-linux-gnu/libc.so.6
xdotool /lib/x86_64-linux-gnu/libXtst.so.6
xdotool /lib/x86_64-linux-gnu/libXinerama.so.1
xdotool /lib/x86_64-linux-gnu/libxkbcommon.so.0
xdotool /lib/x86_64-linux-gnu/libxcb.so.1
xdotool /lib/x86_64-linux-gnu/libXext.so.6
xdotool /lib/x86_64-linux-gnu/libXau.so.6
xdotool /lib/x86_64-linux-gnu/libXdmcp.so.6
xdotool /lib/x86_64-linux-gnu/libbsd.so.0
xdotool /lib/x86_64-linux-gnu/libmd.so.0
Xvfb /proc/1649/cmdline
xdotool /usr/lib/locale/locale-archive
xdotool /usr/lib/x86_64-linux-gnu/gconv/gconv-modules.cache
xclip /etc/ld.so.cache
xclip /lib/x86_64-linux-gnu/libXmu.so.6
xclip /lib/x86_64-linux-gnu/libX11.so.6
xclip /lib/x86_64-linux-gnu/libc.so.6
xclip /lib/x86_64-linux-gnu/libXt.so.6
xclip /lib/x86_64-linux-gnu/libXext.so.6
xclip /lib/x86_64-linux-gnu/libxcb.so.1
xclip /lib/x86_64-linux-gnu/libSM.so.6
xclip /lib/x86_64-linux-gnu/libICE.so.6
xclip /lib/x86_64-linux-gnu/libXau.so.6
xclip /lib/x86_64-linux-gnu/libXdmcp.so.6
xclip /lib/x86_64-linux-gnu/libuuid.so.1
xclip /lib/x86_64-linux-gnu/libbsd.so.0
xclip /lib/x86_64-linux-gnu/libmd.so.0
xclip /usr/share/X11/locale/locale.alias
xclip /usr/share/X11/locale/locale.dir
xclip /usr/share/X11/locale/C/XLC_LOCALE
xclip /usr/share/X11/locale/locale.alias
xclip /usr/share/X11/locale/locale.dir
xclip /usr/share/X11/locale/C/XLC_LOCALE
Xvfb /proc/1651/cmdline
xdotool /etc/ld.so.cache
xdotool /lib/x86_64-linux-gnu/libxdo.so.3
xdotool /lib/x86_64-linux-gnu/libm.so.6
xdotool /lib/x86_64-linux-gnu/libX11.so.6
xdotool /lib/x86_64-linux-gnu/libc.so.6
xdotool /lib/x86_64-linux-gnu/libXtst.so.6
xdotool /lib/x86_64-linux-gnu/libXinerama.so.1
xdotool /lib/x86_64-linux-gnu/libxkbcommon.so.0
xdotool /lib/x86_64-linux-gnu/libxcb.so.1
xdotool /lib/x86_64-linux-gnu/libXext.so.6
xdotool /lib/x86_64-linux-gnu/libXau.so.6
xdotool /lib/x86_64-linux-gnu/libXdmcp.so.6
xdotool /lib/x86_64-linux-gnu/libbsd.so.0
xdotool /lib/x86_64-linux-gnu/libmd.so.0
Xvfb /proc/1652/cmdline
xdotool /usr/lib/locale/locale-archive
xdotool /usr/lib/x86_64-linux-gnu/gconv/gconv-modules.cache
xdotool /etc/ld.so.cache
xdotool /lib/x86_64-linux-gnu/libxdo.so.3
xdotool /lib/x86_64-linux-gnu/libm.so.6
xdotool /lib/x86_64-linux-gnu/libX11.so.6
xdotool /lib/x86_64-linux-gnu/libc.so.6
xdotool /lib/x86_64-linux-gnu/libXtst.so.6
xdotool /lib/x86_64-linux-gnu/libXinerama.so.1
xdotool /lib/x86_64-linux-gnu/libxkbcommon.so.0
xdotool /lib/x86_64-linux-gnu/libxcb.so.1
xdotool /lib/x86_64-linux-gnu/libXext.so.6
xdotool /lib/x86_64-linux-gnu/libXau.so.6
xdotool /lib/x86_64-linux-gnu/libXdmcp.so.6
xdotool /lib/x86_64-linux-gnu/libbsd.so.0
xdotool /lib/x86_64-linux-gnu/libmd.so.0
Xvfb /proc/1654/cmdline
xdotool /usr/lib/locale/locale-archive
xdotool /usr/lib/x86_64-linux-gnu/gconv/gconv-modules.cache
selkies /proc/stat
selkies /proc/meminfo
xclip /etc/ld.so.cache
xclip /lib/x86_64-linux-gnu/libXmu.so.6
xclip /lib/x86_64-linux-gnu/libX11.so.6
xclip /lib/x86_64-linux-gnu/libc.so.6
xclip /lib/x86_64-linux-gnu/libXt.so.6
xclip /lib/x86_64-linux-gnu/libXext.so.6
xclip /lib/x86_64-linux-gnu/libxcb.so.1
xclip /lib/x86_64-linux-gnu/libSM.so.6
xclip /lib/x86_64-linux-gnu/libICE.so.6
xclip /lib/x86_64-linux-gnu/libXau.so.6
xclip /lib/x86_64-linux-gnu/libXdmcp.so.6
xclip /lib/x86_64-linux-gnu/libuuid.so.1
xclip /lib/x86_64-linux-gnu/libbsd.so.0
xclip /lib/x86_64-linux-gnu/libmd.so.0
xclip /usr/share/X11/locale/locale.alias
xclip /usr/share/X11/locale/locale.dir
xclip /usr/share/X11/locale/C/XLC_LOCALE
xclip /usr/share/X11/locale/locale.alias
xclip /usr/share/X11/locale/locale.dir
xclip /usr/share/X11/locale/C/XLC_LOCALE
Xvfb /proc/1658/cmdline
soffice.bin /usr/lib/libreoffice/share/config/soffice.cfg/sfx/ui/tabbutton.ui
soffice.bin /usr/lib/libreoffice/share/config/soffice.cfg/sfx/ui/tabbutton.ui
soffice.bin /usr/lib/libreoffice/share/config/soffice.cfg/sfx/ui/tabbutton.ui
soffice.bin /usr/lib/libreoffice/share/config/soffice.cfg/sfx/ui/tabbutton.ui
soffice.bin /usr/lib/libreoffice/share/config/soffice.cfg/sfx/ui/tabbutton.ui
soffice.bin /config/.config/libreoffice/4/cache/breeze/150/sfx2/res/symphony/sidebar-property-large.png
soffice.bin /config/.config/libreoffice/4/cache/breeze/150/sfx2/res/symphony/sidebar-property-large.png
soffice.bin /config/.config/libreoffice/4/cache/breeze/150/sfx2/res/symphony/sidebar-style-large.png
soffice.bin /config/.config/libreoffice/4/cache/breeze/150/sfx2/res/symphony/sidebar-style-large.png
soffice.bin /config/.config/libreoffice/4/cache/breeze/150/sfx2/res/symphony/sidebar-gallery-large.png
soffice.bin /config/.config/libreoffice/4/cache/breeze/150/sfx2/res/symphony/sidebar-gallery-large.png
soffice.bin /config/.config/libreoffice/4/cache/breeze/150/sfx2/res/symphony/sidebar-navigator-large.png
soffice.bin /config/.config/libreoffice/4/cache/breeze/150/sfx2/res/symphony/sidebar-navigator-large.png
soffice.bin /config/.config/libreoffice/4/cache/breeze/150/sfx2/res/symphony/sidebar-functions-large.png
soffice.bin /config/.config/libreoffice/4/cache/breeze/150/sfx2/res/symphony/sidebar-functions-large.png
soffice.bin /usr/lib/libreoffice/share/config/soffice.cfg/sfx/ui/tabbutton.ui
soffice.bin /usr/lib/libreoffice/share/config/soffice.cfg/sfx/ui/tabbutton.ui
soffice.bin /usr/lib/libreoffice/share/config/soffice.cfg/sfx/ui/tabbutton.ui
soffice.bin /usr/lib/libreoffice/share/config/soffice.cfg/sfx/ui/tabbutton.ui
soffice.bin /usr/lib/libreoffice/share/config/soffice.cfg/sfx/ui/tabbutton.ui
soffice.bin /config/.config/libreoffice/4/cache/breeze/150/sfx2/res/symphony/sidebar-property-large.png
soffice.bin /config/.config/libreoffice/4/cache/breeze/150/sfx2/res/symphony/sidebar-property-large.png
soffice.bin /config/.config/libreoffice/4/cache/breeze/150/sfx2/res/symphony/sidebar-style-large.png
soffice.bin /config/.config/libreoffice/4/cache/breeze/150/sfx2/res/symphony/sidebar-style-large.png
soffice.bin /config/.config/libreoffice/4/cache/breeze/150/sfx2/res/symphony/sidebar-gallery-large.png
soffice.bin /config/.config/libreoffice/4/cache/breeze/150/sfx2/res/symphony/sidebar-gallery-large.png
soffice.bin /config/.config/libreoffice/4/cache/breeze/150/sfx2/res/symphony/sidebar-navigator-large.png
soffice.bin /config/.config/libreoffice/4/cache/breeze/150/sfx2/res/symphony/sidebar-navigator-large.png
soffice.bin /config/.config/libreoffice/4/cache/breeze/150/sfx2/res/symphony/sidebar-functions-large.png
soffice.bin /config/.config/libreoffice/4/cache/breeze/150/sfx2/res/symphony/sidebar-functions-large.png
soffice.bin /config/.config/libreoffice/4/cache/breeze/150/sfx2/res/symphony/sidebar-property-large.png
soffice.bin /config/.config/libreoffice/4/cache/breeze/150/sfx2/res/symphony/sidebar-property-large.png
soffice.bin /config/.config/libreoffice/4/cache/breeze/150/sfx2/res/symphony/sidebar-style-large.png
soffice.bin /config/.config/libreoffice/4/cache/breeze/150/sfx2/res/symphony/sidebar-style-large.png
soffice.bin /config/.config/libreoffice/4/cache/breeze/150/sfx2/res/symphony/sidebar-functions-large.png
soffice.bin /config/.config/libreoffice/4/cache/breeze/150/sfx2/res/symphony/sidebar-functions-large.png
xclip /etc/ld.so.cache
xclip /lib/x86_64-linux-gnu/libXmu.so.6
xclip /lib/x86_64-linux-gnu/libX11.so.6
xclip /lib/x86_64-linux-gnu/libc.so.6
xclip /lib/x86_64-linux-gnu/libXt.so.6
xclip /lib/x86_64-linux-gnu/libXext.so.6
xclip /lib/x86_64-linux-gnu/libxcb.so.1
xclip /lib/x86_64-linux-gnu/libSM.so.6
xclip /lib/x86_64-linux-gnu/libICE.so.6
xclip /lib/x86_64-linux-gnu/libXau.so.6
xclip /lib/x86_64-linux-gnu/libXdmcp.so.6
xclip /lib/x86_64-linux-gnu/libuuid.so.1
xclip /lib/x86_64-linux-gnu/libbsd.so.0
xclip /lib/x86_64-linux-gnu/libmd.so.0
xclip /usr/share/X11/locale/locale.alias
xclip /usr/share/X11/locale/locale.dir
xclip /usr/share/X11/locale/C/XLC_LOCALE
xclip /usr/share/X11/locale/locale.alias
xclip /usr/share/X11/locale/locale.dir
xclip /usr/share/X11/locale/C/XLC_LOCALE
Xvfb /proc/1667/cmdline
selkies /proc/stat
selkies /proc/meminfo
configmgrWriter /config/.config/libreoffice/4/user/5TKtst
xclip /etc/ld.so.cache
xclip /lib/x86_64-linux-gnu/libXmu.so.6
xclip /lib/x86_64-linux-gnu/libX11.so.6
xclip /lib/x86_64-linux-gnu/libc.so.6
xclip /lib/x86_64-linux-gnu/libXt.so.6
xclip /lib/x86_64-linux-gnu/libXext.so.6
xclip /lib/x86_64-linux-gnu/libxcb.so.1
xclip /lib/x86_64-linux-gnu/libSM.so.6
xclip /lib/x86_64-linux-gnu/libICE.so.6
xclip /lib/x86_64-linux-gnu/libXau.so.6
xclip /lib/x86_64-linux-gnu/libXdmcp.so.6
xclip /lib/x86_64-linux-gnu/libuuid.so.1
xclip /lib/x86_64-linux-gnu/libbsd.so.0
xclip /lib/x86_64-linux-gnu/libmd.so.0
xclip /usr/share/X11/locale/locale.alias
xclip /usr/share/X11/locale/locale.dir
xclip /usr/share/X11/locale/C/XLC_LOCALE
xclip /usr/share/X11/locale/locale.alias
xclip /usr/share/X11/locale/locale.dir
xclip /usr/share/X11/locale/C/XLC_LOCALE
Xvfb /proc/1675/cmdline
soffice.bin /usr/lib/libreoffice/share/config/soffice.cfg/sfx/ui/tabbutton.ui
soffice.bin /usr/lib/libreoffice/share/config/soffice.cfg/sfx/ui/tabbutton.ui
soffice.bin /usr/lib/libreoffice/share/config/soffice.cfg/sfx/ui/tabbutton.ui
soffice.bin /usr/lib/libreoffice/share/config/soffice.cfg/sfx/ui/tabbutton.ui
soffice.bin /usr/lib/libreoffice/share/config/soffice.cfg/sfx/ui/tabbutton.ui
soffice.bin /config/.config/libreoffice/4/cache/breeze/150/sfx2/res/symphony/sidebar-property-large.png
soffice.bin /config/.config/libreoffice/4/cache/breeze/150/sfx2/res/symphony/sidebar-property-large.png
soffice.bin /config/.config/libreoffice/4/cache/breeze/150/sfx2/res/symphony/sidebar-style-large.png
soffice.bin /config/.config/libreoffice/4/cache/breeze/150/sfx2/res/symphony/sidebar-style-large.png
soffice.bin /config/.config/libreoffice/4/cache/breeze/150/sfx2/res/symphony/sidebar-gallery-large.png
soffice.bin /config/.config/libreoffice/4/cache/breeze/150/sfx2/res/symphony/sidebar-gallery-large.png
soffice.bin /config/.config/libreoffice/4/cache/breeze/150/sfx2/res/symphony/sidebar-navigator-large.png
soffice.bin /config/.config/libreoffice/4/cache/breeze/150/sfx2/res/symphony/sidebar-navigator-large.png
soffice.bin /config/.config/libreoffice/4/cache/breeze/150/sfx2/res/symphony/sidebar-functions-large.png
soffice.bin /config/.config/libreoffice/4/cache/breeze/150/sfx2/res/symphony/sidebar-functions-large.png
soffice.bin /usr/lib/libreoffice/share/config/soffice.cfg/sfx/ui/tabbutton.ui
soffice.bin /usr/lib/libreoffice/share/config/soffice.cfg/sfx/ui/tabbutton.ui
soffice.bin /usr/lib/libreoffice/share/config/soffice.cfg/sfx/ui/tabbutton.ui
soffice.bin /usr/lib/libreoffice/share/config/soffice.cfg/sfx/ui/tabbutton.ui
soffice.bin /usr/lib/libreoffice/share/config/soffice.cfg/sfx/ui/tabbutton.ui
soffice.bin /config/.config/libreoffice/4/cache/breeze/150/sfx2/res/symphony/sidebar-property-large.png
soffice.bin /config/.config/libreoffice/4/cache/breeze/150/sfx2/res/symphony/sidebar-property-large.png
soffice.bin /config/.config/libreoffice/4/cache/breeze/150/sfx2/res/symphony/sidebar-style-large.png
soffice.bin /config/.config/libreoffice/4/cache/breeze/150/sfx2/res/symphony/sidebar-style-large.png
soffice.bin /config/.config/libreoffice/4/cache/breeze/150/sfx2/res/symphony/sidebar-gallery-large.png
soffice.bin /config/.config/libreoffice/4/cache/breeze/150/sfx2/res/symphony/sidebar-gallery-large.png
soffice.bin /config/.config/libreoffice/4/cache/breeze/150/sfx2/res/symphony/sidebar-navigator-large.png
soffice.bin /config/.config/libreoffice/4/cache/breeze/150/sfx2/res/symphony/sidebar-navigator-large.png
soffice.bin /config/.config/libreoffice/4/cache/breeze/150/sfx2/res/symphony/sidebar-functions-large.png
soffice.bin /config/.config/libreoffice/4/cache/breeze/150/sfx2/res/symphony/sidebar-functions-large.png
soffice.bin /usr/lib/libreoffice/share/config/soffice.cfg/sfx/ui/tabbutton.ui
soffice.bin /usr/lib/libreoffice/share/config/soffice.cfg/sfx/ui/tabbutton.ui
soffice.bin /usr/lib/libreoffice/share/config/soffice.cfg/sfx/ui/tabbutton.ui
soffice.bin /usr/lib/libreoffice/share/config/soffice.cfg/sfx/ui/tabbutton.ui
soffice.bin /usr/lib/libreoffice/share/config/soffice.cfg/sfx/ui/tabbutton.ui
soffice.bin /config/.config/libreoffice/4/cache/breeze/150/sfx2/res/symphony/sidebar-property-large.png
soffice.bin /config/.config/libreoffice/4/cache/breeze/150/sfx2/res/symphony/sidebar-property-large.png
soffice.bin /config/.config/libreoffice/4/cache/breeze/150/sfx2/res/symphony/sidebar-style-large.png
soffice.bin /config/.config/libreoffice/4/cache/breeze/150/sfx2/res/symphony/sidebar-style-large.png
soffice.bin /config/.config/libreoffice/4/cache/breeze/150/sfx2/res/symphony/sidebar-gallery-large.png
soffice.bin /config/.config/libreoffice/4/cache/breeze/150/sfx2/res/symphony/sidebar-gallery-large.png
soffice.bin /config/.config/libreoffice/4/cache/breeze/150/sfx2/res/symphony/sidebar-navigator-large.png
soffice.bin /config/.config/libreoffice/4/cache/breeze/150/sfx2/res/symphony/sidebar-navigator-large.png
soffice.bin /config/.config/libreoffice/4/cache/breeze/150/sfx2/res/symphony/sidebar-functions-large.png
soffice.bin /config/.config/libreoffice/4/cache/breeze/150/sfx2/res/symphony/sidebar-functions-large.png
soffice.bin /config/.config/libreoffice/4/cache/breeze/150/sfx2/res/symphony/sidebar-property-large.png
soffice.bin /config/.config/libreoffice/4/cache/breeze/150/sfx2/res/symphony/sidebar-property-large.png
soffice.bin /config/.config/libreoffice/4/cache/breeze/150/sfx2/res/symphony/sidebar-style-large.png
soffice.bin /config/.config/libreoffice/4/cache/breeze/150/sfx2/res/symphony/sidebar-style-large.png
soffice.bin /config/.config/libreoffice/4/cache/breeze/150/sfx2/res/symphony/sidebar-functions-large.png
soffice.bin /config/.config/libreoffice/4/cache/breeze/150/sfx2/res/symphony/sidebar-functions-large.png
xclip /etc/ld.so.cache
xclip /lib/x86_64-linux-gnu/libXmu.so.6
xclip /lib/x86_64-linux-gnu/libX11.so.6
xclip /lib/x86_64-linux-gnu/libc.so.6
xclip /lib/x86_64-linux-gnu/libXt.so.6
xclip /lib/x86_64-linux-gnu/libXext.so.6
xclip /lib/x86_64-linux-gnu/libxcb.so.1
xclip /lib/x86_64-linux-gnu/libSM.so.6
xclip /lib/x86_64-linux-gnu/libICE.so.6
xclip /lib/x86_64-linux-gnu/libXau.so.6
xclip /lib/x86_64-linux-gnu/libXdmcp.so.6
xclip /lib/x86_64-linux-gnu/libuuid.so.1
xclip /lib/x86_64-linux-gnu/libbsd.so.0
xclip /lib/x86_64-linux-gnu/libmd.so.0
xclip /usr/share/X11/locale/locale.alias
xclip /usr/share/X11/locale/locale.dir
xclip /usr/share/X11/locale/C/XLC_LOCALE
xclip /usr/share/X11/locale/locale.alias
xclip /usr/share/X11/locale/locale.dir
xclip /usr/share/X11/locale/C/XLC_LOCALE
Xvfb /proc/1684/cmdline
selkies /proc/stat
selkies /proc/meminfo
xclip /etc/ld.so.cache
xclip /lib/x86_64-linux-gnu/libXmu.so.6
xclip /lib/x86_64-linux-gnu/libX11.so.6
xclip /lib/x86_64-linux-gnu/libc.so.6
xclip /lib/x86_64-linux-gnu/libXt.so.6
xclip /lib/x86_64-linux-gnu/libXext.so.6
xclip /lib/x86_64-linux-gnu/libxcb.so.1
xclip /lib/x86_64-linux-gnu/libSM.so.6
xclip /lib/x86_64-linux-gnu/libICE.so.6
xclip /lib/x86_64-linux-gnu/libXau.so.6
xclip /lib/x86_64-linux-gnu/libXdmcp.so.6
xclip /lib/x86_64-linux-gnu/libuuid.so.1
xclip /lib/x86_64-linux-gnu/libbsd.so.0
xclip /lib/x86_64-linux-gnu/libmd.so.0
xclip /usr/share/X11/locale/locale.alias
xclip /usr/share/X11/locale/locale.dir
xclip /usr/share/X11/locale/C/XLC_LOCALE
xclip /usr/share/X11/locale/locale.alias
xclip /usr/share/X11/locale/locale.dir
xclip /usr/share/X11/locale/C/XLC_LOCALE
Xvfb /proc/1690/cmdline
soffice.bin /usr/lib/libreoffice/share/config/soffice.cfg/sfx/ui/tabbutton.ui
soffice.bin /usr/lib/libreoffice/share/config/soffice.cfg/sfx/ui/tabbutton.ui
soffice.bin /usr/lib/libreoffice/share/config/soffice.cfg/sfx/ui/tabbutton.ui
soffice.bin /usr/lib/libreoffice/share/config/soffice.cfg/sfx/ui/tabbutton.ui
soffice.bin /usr/lib/libreoffice/share/config/soffice.cfg/sfx/ui/tabbutton.ui
soffice.bin /config/.config/libreoffice/4/cache/breeze/150/sfx2/res/symphony/sidebar-property-large.png
soffice.bin /config/.config/libreoffice/4/cache/breeze/150/sfx2/res/symphony/sidebar-property-large.png
soffice.bin /config/.config/libreoffice/4/cache/breeze/150/sfx2/res/symphony/sidebar-style-large.png
soffice.bin /config/.config/libreoffice/4/cache/breeze/150/sfx2/res/symphony/sidebar-style-large.png
soffice.bin /config/.config/libreoffice/4/cache/breeze/150/sfx2/res/symphony/sidebar-gallery-large.png
soffice.bin /config/.config/libreoffice/4/cache/breeze/150/sfx2/res/symphony/sidebar-gallery-large.png
soffice.bin /config/.config/libreoffice/4/cache/breeze/150/sfx2/res/symphony/sidebar-navigator-large.png
soffice.bin /config/.config/libreoffice/4/cache/breeze/150/sfx2/res/symphony/sidebar-navigator-large.png
soffice.bin /config/.config/libreoffice/4/cache/breeze/150/sfx2/res/symphony/sidebar-functions-large.png
soffice.bin /config/.config/libreoffice/4/cache/breeze/150/sfx2/res/symphony/sidebar-functions-large.png
soffice.bin /usr/lib/libreoffice/share/config/soffice.cfg/sfx/ui/tabbutton.ui
soffice.bin /usr/lib/libreoffice/share/config/soffice.cfg/sfx/ui/tabbutton.ui
soffice.bin /usr/lib/libreoffice/share/config/soffice.cfg/sfx/ui/tabbutton.ui
soffice.bin /usr/lib/libreoffice/share/config/soffice.cfg/sfx/ui/tabbutton.ui
soffice.bin /usr/lib/libreoffice/share/config/soffice.cfg/sfx/ui/tabbutton.ui
soffice.bin /config/.config/libreoffice/4/cache/breeze/150/sfx2/res/symphony/sidebar-property-large.png
soffice.bin /config/.config/libreoffice/4/cache/breeze/150/sfx2/res/symphony/sidebar-property-large.png
soffice.bin /config/.config/libreoffice/4/cache/breeze/150/sfx2/res/symphony/sidebar-style-large.png
soffice.bin /config/.config/libreoffice/4/cache/breeze/150/sfx2/res/symphony/sidebar-style-large.png
soffice.bin /config/.config/libreoffice/4/cache/breeze/150/sfx2/res/symphony/sidebar-gallery-large.png
soffice.bin /config/.config/libreoffice/4/cache/breeze/150/sfx2/res/symphony/sidebar-gallery-large.png
soffice.bin /config/.config/libreoffice/4/cache/breeze/150/sfx2/res/symphony/sidebar-navigator-large.png
soffice.bin /config/.config/libreoffice/4/cache/breeze/150/sfx2/res/symphony/sidebar-navigator-large.png
soffice.bin /config/.config/libreoffice/4/cache/breeze/150/sfx2/res/symphony/sidebar-functions-large.png
soffice.bin /config/.config/libreoffice/4/cache/breeze/150/sfx2/res/symphony/sidebar-functions-large.png
soffice.bin /config/.config/libreoffice/4/cache/breeze/150/sfx2/res/symphony/sidebar-property-large.png
soffice.bin /config/.config/libreoffice/4/cache/breeze/150/sfx2/res/symphony/sidebar-property-large.png
soffice.bin /config/.config/libreoffice/4/cache/breeze/150/sfx2/res/symphony/sidebar-style-large.png
soffice.bin /config/.config/libreoffice/4/cache/breeze/150/sfx2/res/symphony/sidebar-style-large.png
soffice.bin /config/.config/libreoffice/4/cache/breeze/150/sfx2/res/symphony/sidebar-functions-large.png
soffice.bin /config/.config/libreoffice/4/cache/breeze/150/sfx2/res/symphony/sidebar-functions-large.png
configmgrWriter /config/.config/libreoffice/4/user/XXHAzt
xclip /etc/ld.so.cache
xclip /lib/x86_64-linux-gnu/libXmu.so.6
xclip /lib/x86_64-linux-gnu/libX11.so.6
xclip /lib/x86_64-linux-gnu/libc.so.6
xclip /lib/x86_64-linux-gnu/libXt.so.6
xclip /lib/x86_64-linux-gnu/libXext.so.6
xclip /lib/x86_64-linux-gnu/libxcb.so.1
xclip /lib/x86_64-linux-gnu/libSM.so.6
xclip /lib/x86_64-linux-gnu/libICE.so.6
xclip /lib/x86_64-linux-gnu/libXau.so.6
xclip /lib/x86_64-linux-gnu/libXdmcp.so.6
xclip /lib/x86_64-linux-gnu/libuuid.so.1
xclip /lib/x86_64-linux-gnu/libbsd.so.0
xclip /lib/x86_64-linux-gnu/libmd.so.0
xclip /usr/share/X11/locale/locale.alias
xclip /usr/share/X11/locale/locale.dir
xclip /usr/share/X11/locale/C/XLC_LOCALE
xclip /usr/share/X11/locale/locale.alias
xclip /usr/share/X11/locale/locale.dir
xclip /usr/share/X11/locale/C/XLC_LOCALE
Xvfb /proc/1701/cmdline
selkies /proc/stat
selkies /proc/meminfo
xclip /etc/ld.so.cache
xclip /lib/x86_64-linux-gnu/libXmu.so.6
xclip /lib/x86_64-linux-gnu/libX11.so.6
xclip /lib/x86_64-linux-gnu/libc.so.6
xclip /lib/x86_64-linux-gnu/libXt.so.6
xclip /lib/x86_64-linux-gnu/libXext.so.6
xclip /lib/x86_64-linux-gnu/libxcb.so.1
xclip /lib/x86_64-linux-gnu/libSM.so.6
xclip /lib/x86_64-linux-gnu/libICE.so.6
xclip /lib/x86_64-linux-gnu/libXau.so.6
xclip /lib/x86_64-linux-gnu/libXdmcp.so.6
xclip /lib/x86_64-linux-gnu/libuuid.so.1
xclip /lib/x86_64-linux-gnu/libbsd.so.0
xclip /lib/x86_64-linux-gnu/libmd.so.0
xclip /usr/share/X11/locale/locale.alias
xclip /usr/share/X11/locale/locale.dir
xclip /usr/share/X11/locale/C/XLC_LOCALE
xclip /usr/share/X11/locale/locale.alias
xclip /usr/share/X11/locale/locale.dir
xclip /usr/share/X11/locale/C/XLC_LOCALE
Xvfb /proc/1709/cmdline
xdotool /etc/ld.so.cache
xdotool /lib/x86_64-linux-gnu/libxdo.so.3
xdotool /lib/x86_64-linux-gnu/libm.so.6
xdotool /lib/x86_64-linux-gnu/libX11.so.6
xdotool /lib/x86_64-linux-gnu/libc.so.6
xdotool /lib/x86_64-linux-gnu/libXtst.so.6
xdotool /lib/x86_64-linux-gnu/libXinerama.so.1
xdotool /lib/x86_64-linux-gnu/libxkbcommon.so.0
xdotool /lib/x86_64-linux-gnu/libxcb.so.1
xdotool /lib/x86_64-linux-gnu/libXext.so.6
xdotool /lib/x86_64-linux-gnu/libXau.so.6
xdotool /lib/x86_64-linux-gnu/libXdmcp.so.6
xdotool /lib/x86_64-linux-gnu/libbsd.so.0
xdotool /lib/x86_64-linux-gnu/libmd.so.0
Xvfb /proc/1710/cmdline
xdotool /usr/lib/locale/locale-archive
xdotool /usr/lib/x86_64-linux-gnu/gconv/gconv-modules.cache
soffice.bin /usr/lib/libreoffice/share/config/soffice.cfg/sfx/ui/tabbutton.ui
soffice.bin /usr/lib/libreoffice/share/config/soffice.cfg/sfx/ui/tabbutton.ui
soffice.bin /usr/lib/libreoffice/share/config/soffice.cfg/sfx/ui/tabbutton.ui
soffice.bin /usr/lib/libreoffice/share/config/soffice.cfg/sfx/ui/tabbutton.ui
soffice.bin /usr/lib/libreoffice/share/config/soffice.cfg/sfx/ui/tabbutton.ui
soffice.bin /config/.config/libreoffice/4/cache/breeze/150/sfx2/res/symphony/sidebar-property-large.png
soffice.bin /config/.config/libreoffice/4/cache/breeze/150/sfx2/res/symphony/sidebar-property-large.png
soffice.bin /config/.config/libreoffice/4/cache/breeze/150/sfx2/res/symphony/sidebar-style-large.png
soffice.bin /config/.config/libreoffice/4/cache/breeze/150/sfx2/res/symphony/sidebar-style-large.png
soffice.bin /config/.config/libreoffice/4/cache/breeze/150/sfx2/res/symphony/sidebar-gallery-large.png
soffice.bin /config/.config/libreoffice/4/cache/breeze/150/sfx2/res/symphony/sidebar-gallery-large.png
soffice.bin /config/.config/libreoffice/4/cache/breeze/150/sfx2/res/symphony/sidebar-navigator-large.png
soffice.bin /config/.config/libreoffice/4/cache/breeze/150/sfx2/res/symphony/sidebar-navigator-large.png
soffice.bin /config/.config/libreoffice/4/cache/breeze/150/sfx2/res/symphony/sidebar-functions-large.png
soffice.bin /config/.config/libreoffice/4/cache/breeze/150/sfx2/res/symphony/sidebar-functions-large.png
soffice.bin /usr/lib/libreoffice/share/config/soffice.cfg/sfx/ui/tabbutton.ui
soffice.bin /usr/lib/libreoffice/share/config/soffice.cfg/sfx/ui/tabbutton.ui
soffice.bin /usr/lib/libreoffice/share/config/soffice.cfg/sfx/ui/tabbutton.ui
soffice.bin /usr/lib/libreoffice/share/config/soffice.cfg/sfx/ui/tabbutton.ui
soffice.bin /usr/lib/libreoffice/share/config/soffice.cfg/sfx/ui/tabbutton.ui
soffice.bin /config/.config/libreoffice/4/cache/breeze/150/sfx2/res/symphony/sidebar-property-large.png
soffice.bin /config/.config/libreoffice/4/cache/breeze/150/sfx2/res/symphony/sidebar-property-large.png
soffice.bin /config/.config/libreoffice/4/cache/breeze/150/sfx2/res/symphony/sidebar-style-large.png
soffice.bin /config/.config/libreoffice/4/cache/breeze/150/sfx2/res/symphony/sidebar-style-large.png
soffice.bin /config/.config/libreoffice/4/cache/breeze/150/sfx2/res/symphony/sidebar-gallery-large.png
soffice.bin /config/.config/libreoffice/4/cache/breeze/150/sfx2/res/symphony/sidebar-gallery-large.png
soffice.bin /config/.config/libreoffice/4/cache/breeze/150/sfx2/res/symphony/sidebar-navigator-large.png
soffice.bin /config/.config/libreoffice/4/cache/breeze/150/sfx2/res/symphony/sidebar-navigator-large.png
soffice.bin /config/.config/libreoffice/4/cache/breeze/150/sfx2/res/symphony/sidebar-functions-large.png
soffice.bin /config/.config/libreoffice/4/cache/breeze/150/sfx2/res/symphony/sidebar-functions-large.png
soffice.bin /usr/lib/libreoffice/share/config/soffice.cfg/sfx/ui/tabbutton.ui
soffice.bin /usr/lib/libreoffice/share/config/soffice.cfg/sfx/ui/tabbutton.ui
soffice.bin /usr/lib/libreoffice/share/config/soffice.cfg/sfx/ui/tabbutton.ui
soffice.bin /usr/lib/libreoffice/share/config/soffice.cfg/sfx/ui/tabbutton.ui
soffice.bin /usr/lib/libreoffice/share/config/soffice.cfg/sfx/ui/tabbutton.ui
soffice.bin /config/.config/libreoffice/4/cache/breeze/150/sfx2/res/symphony/sidebar-property-large.png
soffice.bin /config/.config/libreoffice/4/cache/breeze/150/sfx2/res/symphony/sidebar-property-large.png
soffice.bin /config/.config/libreoffice/4/cache/breeze/150/sfx2/res/symphony/sidebar-style-large.png
soffice.bin /config/.config/libreoffice/4/cache/breeze/150/sfx2/res/symphony/sidebar-style-large.png
soffice.bin /config/.config/libreoffice/4/cache/breeze/150/sfx2/res/symphony/sidebar-gallery-large.png
soffice.bin /config/.config/libreoffice/4/cache/breeze/150/sfx2/res/symphony/sidebar-gallery-large.png
soffice.bin /config/.config/libreoffice/4/cache/breeze/150/sfx2/res/symphony/sidebar-navigator-large.png
soffice.bin /config/.config/libreoffice/4/cache/breeze/150/sfx2/res/symphony/sidebar-navigator-large.png
soffice.bin /config/.config/libreoffice/4/cache/breeze/150/sfx2/res/symphony/sidebar-functions-large.png
soffice.bin /config/.config/libreoffice/4/cache/breeze/150/sfx2/res/symphony/sidebar-functions-large.png
soffice.bin /config/.config/libreoffice/4/cache/breeze/150/sfx2/res/symphony/sidebar-property-large.png
soffice.bin /config/.config/libreoffice/4/cache/breeze/150/sfx2/res/symphony/sidebar-property-large.png
soffice.bin /config/.config/libreoffice/4/cache/breeze/150/sfx2/res/symphony/sidebar-style-large.png
soffice.bin /config/.config/libreoffice/4/cache/breeze/150/sfx2/res/symphony/sidebar-style-large.png
soffice.bin /config/.config/libreoffice/4/cache/breeze/150/sfx2/res/symphony/sidebar-functions-large.png
soffice.bin /config/.config/libreoffice/4/cache/breeze/150/sfx2/res/symphony/sidebar-functions-large.png
xdotool /etc/ld.so.cache
xdotool /lib/x86_64-linux-gnu/libxdo.so.3
xdotool /lib/x86_64-linux-gnu/libm.so.6
xdotool /lib/x86_64-linux-gnu/libX11.so.6
xdotool /lib/x86_64-linux-gnu/libc.so.6
xdotool /lib/x86_64-linux-gnu/libXtst.so.6
xdotool /lib/x86_64-linux-gnu/libXinerama.so.1
xdotool /lib/x86_64-linux-gnu/libxkbcommon.so.0
xdotool /lib/x86_64-linux-gnu/libxcb.so.1
xdotool /lib/x86_64-linux-gnu/libXext.so.6
xdotool /lib/x86_64-linux-gnu/libXau.so.6
xdotool /lib/x86_64-linux-gnu/libXdmcp.so.6
xdotool /lib/x86_64-linux-gnu/libbsd.so.0
xdotool /lib/x86_64-linux-gnu/libmd.so.0
Xvfb /proc/1712/cmdline
xdotool /usr/lib/locale/locale-archive
xdotool /usr/lib/x86_64-linux-gnu/gconv/gconv-modules.cache
configmgrWriter /config/.config/libreoffice/4/user/ifGUQD
selkies /proc/stat
selkies /proc/meminfo
xclip /etc/ld.so.cache
xclip /lib/x86_64-linux-gnu/libXmu.so.6
xclip /lib/x86_64-linux-gnu/libX11.so.6
xclip /lib/x86_64-linux-gnu/libc.so.6
xclip /lib/x86_64-linux-gnu/libXt.so.6
xclip /lib/x86_64-linux-gnu/libXext.so.6
xclip /lib/x86_64-linux-gnu/libxcb.so.1
xclip /lib/x86_64-linux-gnu/libSM.so.6
xclip /lib/x86_64-linux-gnu/libICE.so.6
xclip /lib/x86_64-linux-gnu/libXau.so.6
xclip /lib/x86_64-linux-gnu/libXdmcp.so.6
xclip /lib/x86_64-linux-gnu/libuuid.so.1
xclip /lib/x86_64-linux-gnu/libbsd.so.0
xclip /lib/x86_64-linux-gnu/libmd.so.0
xclip /usr/share/X11/locale/locale.alias
xclip /usr/share/X11/locale/locale.dir
xclip /usr/share/X11/locale/C/XLC_LOCALE
xclip /usr/share/X11/locale/locale.alias
xclip /usr/share/X11/locale/locale.dir
xclip /usr/share/X11/locale/C/XLC_LOCALE
Xvfb /proc/1716/cmdline
xclip /etc/ld.so.cache
xclip /lib/x86_64-linux-gnu/libXmu.so.6
xclip /lib/x86_64-linux-gnu/libX11.so.6
xclip /lib/x86_64-linux-gnu/libc.so.6
xclip /lib/x86_64-linux-gnu/libXt.so.6
xclip /lib/x86_64-linux-gnu/libXext.so.6
xclip /lib/x86_64-linux-gnu/libxcb.so.1
xclip /lib/x86_64-linux-gnu/libSM.so.6
xclip /lib/x86_64-linux-gnu/libICE.so.6
xclip /lib/x86_64-linux-gnu/libXau.so.6
xclip /lib/x86_64-linux-gnu/libXdmcp.so.6
xclip /lib/x86_64-linux-gnu/libuuid.so.1
xclip /lib/x86_64-linux-gnu/libbsd.so.0
xclip /lib/x86_64-linux-gnu/libmd.so.0
xclip /usr/share/X11/locale/locale.alias
xclip /usr/share/X11/locale/locale.dir
xclip /usr/share/X11/locale/C/XLC_LOCALE
xclip /usr/share/X11/locale/locale.alias
xclip /usr/share/X11/locale/locale.dir
xclip /usr/share/X11/locale/C/XLC_LOCALE
Xvfb /proc/1723/cmdline
configmgrWriter /config/.config/libreoffice/4/user/1w5sbQ
selkies /proc/stat
selkies /proc/meminfo
xclip /etc/ld.so.cache
xclip /lib/x86_64-linux-gnu/libXmu.so.6
xclip /lib/x86_64-linux-gnu/libX11.so.6
xclip /lib/x86_64-linux-gnu/libc.so.6
xclip /lib/x86_64-linux-gnu/libXt.so.6
xclip /lib/x86_64-linux-gnu/libXext.so.6
xclip /lib/x86_64-linux-gnu/libxcb.so.1
xclip /lib/x86_64-linux-gnu/libSM.so.6
xclip /lib/x86_64-linux-gnu/libICE.so.6
xclip /lib/x86_64-linux-gnu/libXau.so.6
xclip /lib/x86_64-linux-gnu/libXdmcp.so.6
xclip /lib/x86_64-linux-gnu/libuuid.so.1
xclip /lib/x86_64-linux-gnu/libbsd.so.0
xclip /lib/x86_64-linux-gnu/libmd.so.0
xclip /usr/share/X11/locale/locale.alias
xclip /usr/share/X11/locale/locale.dir
xclip /usr/share/X11/locale/C/XLC_LOCALE
xclip /usr/share/X11/locale/locale.alias
xclip /usr/share/X11/locale/locale.dir
xclip /usr/share/X11/locale/C/XLC_LOCALE
Xvfb /proc/1733/cmdline
xdotool /etc/ld.so.cache
xdotool /lib/x86_64-linux-gnu/libxdo.so.3
xdotool /lib/x86_64-linux-gnu/libm.so.6
xdotool /lib/x86_64-linux-gnu/libX11.so.6
xdotool /lib/x86_64-linux-gnu/libc.so.6
xdotool /lib/x86_64-linux-gnu/libXtst.so.6
xdotool /lib/x86_64-linux-gnu/libXinerama.so.1
xdotool /lib/x86_64-linux-gnu/libxkbcommon.so.0
xdotool /lib/x86_64-linux-gnu/libxcb.so.1
xdotool /lib/x86_64-linux-gnu/libXext.so.6
xdotool /lib/x86_64-linux-gnu/libXau.so.6
xdotool /lib/x86_64-linux-gnu/libXdmcp.so.6
xdotool /lib/x86_64-linux-gnu/libbsd.so.0
xdotool /lib/x86_64-linux-gnu/libmd.so.0
Xvfb /proc/1736/cmdline
xdotool /usr/lib/locale/locale-archive
xdotool /usr/lib/x86_64-linux-gnu/gconv/gconv-modules.cache
xclip /etc/ld.so.cache
xclip /lib/x86_64-linux-gnu/libXmu.so.6
xclip /lib/x86_64-linux-gnu/libX11.so.6
xclip /lib/x86_64-linux-gnu/libc.so.6
xclip /lib/x86_64-linux-gnu/libXt.so.6
xclip /lib/x86_64-linux-gnu/libXext.so.6
xclip /lib/x86_64-linux-gnu/libxcb.so.1
xclip /lib/x86_64-linux-gnu/libSM.so.6
xclip /lib/x86_64-linux-gnu/libICE.so.6
xclip /lib/x86_64-linux-gnu/libXau.so.6
xclip /lib/x86_64-linux-gnu/libXdmcp.so.6
xclip /lib/x86_64-linux-gnu/libuuid.so.1
xclip /lib/x86_64-linux-gnu/libbsd.so.0
xclip /lib/x86_64-linux-gnu/libmd.so.0
xclip /usr/share/X11/locale/locale.alias
xclip /usr/share/X11/locale/locale.dir
xclip /usr/share/X11/locale/C/XLC_LOCALE
xclip /usr/share/X11/locale/locale.alias
xclip /usr/share/X11/locale/locale.dir
xclip /usr/share/X11/locale/C/XLC_LOCALE
Xvfb /proc/1743/cmdline
xdotool /etc/ld.so.cache
xdotool /lib/x86_64-linux-gnu/libxdo.so.3
xdotool /lib/x86_64-linux-gnu/libm.so.6
xdotool /lib/x86_64-linux-gnu/libX11.so.6
xdotool /lib/x86_64-linux-gnu/libc.so.6
xdotool /lib/x86_64-linux-gnu/libXtst.so.6
xdotool /lib/x86_64-linux-gnu/libXinerama.so.1
xdotool /lib/x86_64-linux-gnu/libxkbcommon.so.0
xdotool /lib/x86_64-linux-gnu/libxcb.so.1
xdotool /lib/x86_64-linux-gnu/libXext.so.6
xdotool /lib/x86_64-linux-gnu/libXau.so.6
xdotool /lib/x86_64-linux-gnu/libXdmcp.so.6
xdotool /lib/x86_64-linux-gnu/libbsd.so.0
xdotool /lib/x86_64-linux-gnu/libmd.so.0
Xvfb /proc/1745/cmdline
xdotool /usr/lib/locale/locale-archive
xdotool /usr/lib/x86_64-linux-gnu/gconv/gconv-modules.cache
xdotool /etc/ld.so.cache
xdotool /lib/x86_64-linux-gnu/libxdo.so.3
xdotool /lib/x86_64-linux-gnu/libm.so.6
xdotool /lib/x86_64-linux-gnu/libX11.so.6
xdotool /lib/x86_64-linux-gnu/libc.so.6
xdotool /lib/x86_64-linux-gnu/libXtst.so.6
xdotool /lib/x86_64-linux-gnu/libXinerama.so.1
xdotool /lib/x86_64-linux-gnu/libxkbcommon.so.0
xdotool /lib/x86_64-linux-gnu/libxcb.so.1
xdotool /lib/x86_64-linux-gnu/libXext.so.6
xdotool /lib/x86_64-linux-gnu/libXau.so.6
xdotool /lib/x86_64-linux-gnu/libXdmcp.so.6
xdotool /lib/x86_64-linux-gnu/libbsd.so.0
xdotool /lib/x86_64-linux-gnu/libmd.so.0
Xvfb /proc/1747/cmdline
xdotool /usr/lib/locale/locale-archive
xdotool /usr/lib/x86_64-linux-gnu/gconv/gconv-modules.cache
selkies /proc/stat
selkies /proc/meminfo
xclip /etc/ld.so.cache
xclip /lib/x86_64-linux-gnu/libXmu.so.6
xclip /lib/x86_64-linux-gnu/libX11.so.6
xclip /lib/x86_64-linux-gnu/libc.so.6
xclip /lib/x86_64-linux-gnu/libXt.so.6
xclip /lib/x86_64-linux-gnu/libXext.so.6
xclip /lib/x86_64-linux-gnu/libxcb.so.1
xclip /lib/x86_64-linux-gnu/libSM.so.6
xclip /lib/x86_64-linux-gnu/libICE.so.6
xclip /lib/x86_64-linux-gnu/libXau.so.6
xclip /lib/x86_64-linux-gnu/libXdmcp.so.6
xclip /lib/x86_64-linux-gnu/libuuid.so.1
xclip /lib/x86_64-linux-gnu/libbsd.so.0
xclip /lib/x86_64-linux-gnu/libmd.so.0
xclip /usr/share/X11/locale/locale.alias
xclip /usr/share/X11/locale/locale.dir
xclip /usr/share/X11/locale/C/XLC_LOCALE
xclip /usr/share/X11/locale/locale.alias
xclip /usr/share/X11/locale/locale.dir
xclip /usr/share/X11/locale/C/XLC_LOCALE
Xvfb /proc/1749/cmdline
soffice.bin /usr/lib/libreoffice/share/config/soffice.cfg/sfx/ui/tabbutton.ui
soffice.bin /usr/lib/libreoffice/share/config/soffice.cfg/sfx/ui/tabbutton.ui
soffice.bin /usr/lib/libreoffice/share/config/soffice.cfg/sfx/ui/tabbutton.ui
soffice.bin /usr/lib/libreoffice/share/config/soffice.cfg/sfx/ui/tabbutton.ui
soffice.bin /usr/lib/libreoffice/share/config/soffice.cfg/sfx/ui/tabbutton.ui
soffice.bin /config/.config/libreoffice/4/cache/breeze/150/sfx2/res/symphony/sidebar-property-large.png
soffice.bin /config/.config/libreoffice/4/cache/breeze/150/sfx2/res/symphony/sidebar-property-large.png
soffice.bin /config/.config/libreoffice/4/cache/breeze/150/sfx2/res/symphony/sidebar-style-large.png
soffice.bin /config/.config/libreoffice/4/cache/breeze/150/sfx2/res/symphony/sidebar-style-large.png
soffice.bin /config/.config/libreoffice/4/cache/breeze/150/sfx2/res/symphony/sidebar-gallery-large.png
soffice.bin /config/.config/libreoffice/4/cache/breeze/150/sfx2/res/symphony/sidebar-gallery-large.png
soffice.bin /config/.config/libreoffice/4/cache/breeze/150/sfx2/res/symphony/sidebar-navigator-large.png
soffice.bin /config/.config/libreoffice/4/cache/breeze/150/sfx2/res/symphony/sidebar-navigator-large.png
soffice.bin /config/.config/libreoffice/4/cache/breeze/150/sfx2/res/symphony/sidebar-functions-large.png
soffice.bin /config/.config/libreoffice/4/cache/breeze/150/sfx2/res/symphony/sidebar-functions-large.png
soffice.bin /usr/lib/libreoffice/share/config/soffice.cfg/sfx/ui/tabbutton.ui
soffice.bin /usr/lib/libreoffice/share/config/soffice.cfg/sfx/ui/tabbutton.ui
soffice.bin /usr/lib/libreoffice/share/config/soffice.cfg/sfx/ui/tabbutton.ui
soffice.bin /usr/lib/libreoffice/share/config/soffice.cfg/sfx/ui/tabbutton.ui
soffice.bin /usr/lib/libreoffice/share/config/soffice.cfg/sfx/ui/tabbutton.ui
soffice.bin /config/.config/libreoffice/4/cache/breeze/150/sfx2/res/symphony/sidebar-property-large.png
soffice.bin /config/.config/libreoffice/4/cache/breeze/150/sfx2/res/symphony/sidebar-property-large.png
soffice.bin /config/.config/libreoffice/4/cache/breeze/150/sfx2/res/symphony/sidebar-style-large.png
soffice.bin /config/.config/libreoffice/4/cache/breeze/150/sfx2/res/symphony/sidebar-style-large.png
soffice.bin /config/.config/libreoffice/4/cache/breeze/150/sfx2/res/symphony/sidebar-gallery-large.png
soffice.bin /config/.config/libreoffice/4/cache/breeze/150/sfx2/res/symphony/sidebar-gallery-large.png
soffice.bin /config/.config/libreoffice/4/cache/breeze/150/sfx2/res/symphony/sidebar-navigator-large.png
soffice.bin /config/.config/libreoffice/4/cache/breeze/150/sfx2/res/symphony/sidebar-navigator-large.png
soffice.bin /config/.config/libreoffice/4/cache/breeze/150/sfx2/res/symphony/sidebar-functions-large.png
soffice.bin /config/.config/libreoffice/4/cache/breeze/150/sfx2/res/symphony/sidebar-functions-large.png
soffice.bin /config/.config/libreoffice/4/cache/breeze/150/sfx2/res/symphony/sidebar-property-large.png
soffice.bin /config/.config/libreoffice/4/cache/breeze/150/sfx2/res/symphony/sidebar-property-large.png
soffice.bin /config/.config/libreoffice/4/cache/breeze/150/sfx2/res/symphony/sidebar-style-large.png
soffice.bin /config/.config/libreoffice/4/cache/breeze/150/sfx2/res/symphony/sidebar-style-large.png
soffice.bin /config/.config/libreoffice/4/cache/breeze/150/sfx2/res/symphony/sidebar-functions-large.png
soffice.bin /config/.config/libreoffice/4/cache/breeze/150/sfx2/res/symphony/sidebar-functions-large.png
xclip /etc/ld.so.cache
xclip /lib/x86_64-linux-gnu/libXmu.so.6
xclip /lib/x86_64-linux-gnu/libX11.so.6
xclip /lib/x86_64-linux-gnu/libc.so.6
xclip /lib/x86_64-linux-gnu/libXt.so.6
xclip /lib/x86_64-linux-gnu/libXext.so.6
xclip /lib/x86_64-linux-gnu/libxcb.so.1
xclip /lib/x86_64-linux-gnu/libSM.so.6
xclip /lib/x86_64-linux-gnu/libICE.so.6
xclip /lib/x86_64-linux-gnu/libXau.so.6
xclip /lib/x86_64-linux-gnu/libXdmcp.so.6
xclip /lib/x86_64-linux-gnu/libuuid.so.1
xclip /lib/x86_64-linux-gnu/libbsd.so.0
xclip /lib/x86_64-linux-gnu/libmd.so.0
xclip /usr/share/X11/locale/locale.alias
xclip /usr/share/X11/locale/locale.dir
xclip /usr/share/X11/locale/C/XLC_LOCALE
xclip /usr/share/X11/locale/locale.alias
xclip /usr/share/X11/locale/locale.dir
xclip /usr/share/X11/locale/C/XLC_LOCALE
Xvfb /proc/1758/cmdline
selkies /proc/stat
selkies /proc/meminfo
xclip /etc/ld.so.cache
xclip /lib/x86_64-linux-gnu/libXmu.so.6
xclip /lib/x86_64-linux-gnu/libX11.so.6
xclip /lib/x86_64-linux-gnu/libc.so.6
xclip /lib/x86_64-linux-gnu/libXt.so.6
xclip /lib/x86_64-linux-gnu/libXext.so.6
xclip /lib/x86_64-linux-gnu/libxcb.so.1
xclip /lib/x86_64-linux-gnu/libSM.so.6
xclip /lib/x86_64-linux-gnu/libICE.so.6
xclip /lib/x86_64-linux-gnu/libXau.so.6
xclip /lib/x86_64-linux-gnu/libXdmcp.so.6
xclip /lib/x86_64-linux-gnu/libuuid.so.1
xclip /lib/x86_64-linux-gnu/libbsd.so.0
xclip /lib/x86_64-linux-gnu/libmd.so.0
xclip /usr/share/X11/locale/locale.alias
xclip /usr/share/X11/locale/locale.dir
xclip /usr/share/X11/locale/C/XLC_LOCALE
xclip /usr/share/X11/locale/locale.alias
xclip /usr/share/X11/locale/locale.dir
xclip /usr/share/X11/locale/C/XLC_LOCALE
Xvfb /proc/1774/cmdline
soffice.bin /usr/lib/libreoffice/share/config/soffice.cfg/sfx/ui/tabbutton.ui
soffice.bin /usr/lib/libreoffice/share/config/soffice.cfg/sfx/ui/tabbutton.ui
soffice.bin /usr/lib/libreoffice/share/config/soffice.cfg/sfx/ui/tabbutton.ui
soffice.bin /usr/lib/libreoffice/share/config/soffice.cfg/sfx/ui/tabbutton.ui
soffice.bin /usr/lib/libreoffice/share/config/soffice.cfg/sfx/ui/tabbutton.ui
soffice.bin /config/.config/libreoffice/4/cache/breeze/150/sfx2/res/symphony/sidebar-property-large.png
soffice.bin /config/.config/libreoffice/4/cache/breeze/150/sfx2/res/symphony/sidebar-property-large.png
soffice.bin /config/.config/libreoffice/4/cache/breeze/150/sfx2/res/symphony/sidebar-style-large.png
soffice.bin /config/.config/libreoffice/4/cache/breeze/150/sfx2/res/symphony/sidebar-style-large.png
soffice.bin /config/.config/libreoffice/4/cache/breeze/150/sfx2/res/symphony/sidebar-gallery-large.png
soffice.bin /config/.config/libreoffice/4/cache/breeze/150/sfx2/res/symphony/sidebar-gallery-large.png
soffice.bin /config/.config/libreoffice/4/cache/breeze/150/sfx2/res/symphony/sidebar-navigator-large.png
soffice.bin /config/.config/libreoffice/4/cache/breeze/150/sfx2/res/symphony/sidebar-navigator-large.png
soffice.bin /config/.config/libreoffice/4/cache/breeze/150/sfx2/res/symphony/sidebar-functions-large.png
soffice.bin /config/.config/libreoffice/4/cache/breeze/150/sfx2/res/symphony/sidebar-functions-large.png
soffice.bin /usr/lib/libreoffice/share/config/soffice.cfg/sfx/ui/tabbutton.ui
soffice.bin /usr/lib/libreoffice/share/config/soffice.cfg/sfx/ui/tabbutton.ui
soffice.bin /usr/lib/libreoffice/share/config/soffice.cfg/sfx/ui/tabbutton.ui
soffice.bin /usr/lib/libreoffice/share/config/soffice.cfg/sfx/ui/tabbutton.ui
soffice.bin /usr/lib/libreoffice/share/config/soffice.cfg/sfx/ui/tabbutton.ui
soffice.bin /config/.config/libreoffice/4/cache/breeze/150/sfx2/res/symphony/sidebar-property-large.png
soffice.bin /config/.config/libreoffice/4/cache/breeze/150/sfx2/res/symphony/sidebar-property-large.png
soffice.bin /config/.config/libreoffice/4/cache/breeze/150/sfx2/res/symphony/sidebar-style-large.png
soffice.bin /config/.config/libreoffice/4/cache/breeze/150/sfx2/res/symphony/sidebar-style-large.png
soffice.bin /config/.config/libreoffice/4/cache/breeze/150/sfx2/res/symphony/sidebar-gallery-large.png
soffice.bin /config/.config/libreoffice/4/cache/breeze/150/sfx2/res/symphony/sidebar-gallery-large.png
soffice.bin /config/.config/libreoffice/4/cache/breeze/150/sfx2/res/symphony/sidebar-navigator-large.png
soffice.bin /config/.config/libreoffice/4/cache/breeze/150/sfx2/res/symphony/sidebar-navigator-large.png
soffice.bin /config/.config/libreoffice/4/cache/breeze/150/sfx2/res/symphony/sidebar-functions-large.png
soffice.bin /config/.config/libreoffice/4/cache/breeze/150/sfx2/res/symphony/sidebar-functions-large.png
soffice.bin /usr/lib/libreoffice/share/config/soffice.cfg/sfx/ui/tabbutton.ui
soffice.bin /usr/lib/libreoffice/share/config/soffice.cfg/sfx/ui/tabbutton.ui
soffice.bin /usr/lib/libreoffice/share/config/soffice.cfg/sfx/ui/tabbutton.ui
soffice.bin /usr/lib/libreoffice/share/config/soffice.cfg/sfx/ui/tabbutton.ui
soffice.bin /usr/lib/libreoffice/share/config/soffice.cfg/sfx/ui/tabbutton.ui
soffice.bin /config/.config/libreoffice/4/cache/breeze/150/sfx2/res/symphony/sidebar-property-large.png
soffice.bin /config/.config/libreoffice/4/cache/breeze/150/sfx2/res/symphony/sidebar-property-large.png
soffice.bin /config/.config/libreoffice/4/cache/breeze/150/sfx2/res/symphony/sidebar-style-large.png
soffice.bin /config/.config/libreoffice/4/cache/breeze/150/sfx2/res/symphony/sidebar-style-large.png
soffice.bin /config/.config/libreoffice/4/cache/breeze/150/sfx2/res/symphony/sidebar-gallery-large.png
soffice.bin /config/.config/libreoffice/4/cache/breeze/150/sfx2/res/symphony/sidebar-gallery-large.png
soffice.bin /config/.config/libreoffice/4/cache/breeze/150/sfx2/res/symphony/sidebar-navigator-large.png
soffice.bin /config/.config/libreoffice/4/cache/breeze/150/sfx2/res/symphony/sidebar-navigator-large.png
soffice.bin /config/.config/libreoffice/4/cache/breeze/150/sfx2/res/symphony/sidebar-functions-large.png
soffice.bin /config/.config/libreoffice/4/cache/breeze/150/sfx2/res/symphony/sidebar-functions-large.png
soffice.bin /config/.config/libreoffice/4/cache/breeze/150/sfx2/res/symphony/sidebar-property-large.png
soffice.bin /config/.config/libreoffice/4/cache/breeze/150/sfx2/res/symphony/sidebar-property-large.png
soffice.bin /config/.config/libreoffice/4/cache/breeze/150/sfx2/res/symphony/sidebar-style-large.png
soffice.bin /config/.config/libreoffice/4/cache/breeze/150/sfx2/res/symphony/sidebar-style-large.png
soffice.bin /config/.config/libreoffice/4/cache/breeze/150/sfx2/res/symphony/sidebar-functions-large.png
soffice.bin /config/.config/libreoffice/4/cache/breeze/150/sfx2/res/symphony/sidebar-functions-large.png
configmgrWriter /config/.config/libreoffice/4/user/I46ReS
xclip /etc/ld.so.cache
xclip /lib/x86_64-linux-gnu/libXmu.so.6
xclip /lib/x86_64-linux-gnu/libX11.so.6
xclip /lib/x86_64-linux-gnu/libc.so.6
xclip /lib/x86_64-linux-gnu/libXt.so.6
xclip /lib/x86_64-linux-gnu/libXext.so.6
xclip /lib/x86_64-linux-gnu/libxcb.so.1
xclip /lib/x86_64-linux-gnu/libSM.so.6
xclip /lib/x86_64-linux-gnu/libICE.so.6
xclip /lib/x86_64-linux-gnu/libXau.so.6
xclip /lib/x86_64-linux-gnu/libXdmcp.so.6
xclip /lib/x86_64-linux-gnu/libuuid.so.1
xclip /lib/x86_64-linux-gnu/libbsd.so.0
xclip /lib/x86_64-linux-gnu/libmd.so.0
xclip /usr/share/X11/locale/locale.alias
xclip /usr/share/X11/locale/locale.dir
xclip /usr/share/X11/locale/C/XLC_LOCALE
xclip /usr/share/X11/locale/locale.alias
xclip /usr/share/X11/locale/locale.dir
xclip /usr/share/X11/locale/C/XLC_LOCALE
Xvfb /proc/1781/cmdline
selkies /proc/stat
selkies /proc/meminfo
soffice.bin /usr/lib/libreoffice/share/config/soffice.cfg/sfx/ui/tabbutton.ui
soffice.bin /usr/lib/libreoffice/share/config/soffice.cfg/sfx/ui/tabbutton.ui
soffice.bin /usr/lib/libreoffice/share/config/soffice.cfg/sfx/ui/tabbutton.ui
soffice.bin /usr/lib/libreoffice/share/config/soffice.cfg/sfx/ui/tabbutton.ui
soffice.bin /usr/lib/libreoffice/share/config/soffice.cfg/sfx/ui/tabbutton.ui
soffice.bin /config/.config/libreoffice/4/cache/breeze/150/sfx2/res/symphony/sidebar-property-large.png
soffice.bin /config/.config/libreoffice/4/cache/breeze/150/sfx2/res/symphony/sidebar-property-large.png
soffice.bin /config/.config/libreoffice/4/cache/breeze/150/sfx2/res/symphony/sidebar-style-large.png
soffice.bin /config/.config/libreoffice/4/cache/breeze/150/sfx2/res/symphony/sidebar-style-large.png
soffice.bin /config/.config/libreoffice/4/cache/breeze/150/sfx2/res/symphony/sidebar-gallery-large.png
soffice.bin /config/.config/libreoffice/4/cache/breeze/150/sfx2/res/symphony/sidebar-gallery-large.png
soffice.bin /config/.config/libreoffice/4/cache/breeze/150/sfx2/res/symphony/sidebar-navigator-large.png
soffice.bin /config/.config/libreoffice/4/cache/breeze/150/sfx2/res/symphony/sidebar-navigator-large.png
soffice.bin /config/.config/libreoffice/4/cache/breeze/150/sfx2/res/symphony/sidebar-functions-large.png
soffice.bin /config/.config/libreoffice/4/cache/breeze/150/sfx2/res/symphony/sidebar-functions-large.png
soffice.bin /usr/lib/libreoffice/share/config/soffice.cfg/sfx/ui/tabbutton.ui
soffice.bin /usr/lib/libreoffice/share/config/soffice.cfg/sfx/ui/tabbutton.ui
soffice.bin /usr/lib/libreoffice/share/config/soffice.cfg/sfx/ui/tabbutton.ui
soffice.bin /usr/lib/libreoffice/share/config/soffice.cfg/sfx/ui/tabbutton.ui
soffice.bin /usr/lib/libreoffice/share/config/soffice.cfg/sfx/ui/tabbutton.ui
soffice.bin /config/.config/libreoffice/4/cache/breeze/150/sfx2/res/symphony/sidebar-property-large.png
soffice.bin /config/.config/libreoffice/4/cache/breeze/150/sfx2/res/symphony/sidebar-property-large.png
soffice.bin /config/.config/libreoffice/4/cache/breeze/150/sfx2/res/symphony/sidebar-style-large.png
soffice.bin /config/.config/libreoffice/4/cache/breeze/150/sfx2/res/symphony/sidebar-style-large.png
soffice.bin /config/.config/libreoffice/4/cache/breeze/150/sfx2/res/symphony/sidebar-gallery-large.png
soffice.bin /config/.config/libreoffice/4/cache/breeze/150/sfx2/res/symphony/sidebar-gallery-large.png
soffice.bin /config/.config/libreoffice/4/cache/breeze/150/sfx2/res/symphony/sidebar-navigator-large.png
soffice.bin /config/.config/libreoffice/4/cache/breeze/150/sfx2/res/symphony/sidebar-navigator-large.png
soffice.bin /config/.config/libreoffice/4/cache/breeze/150/sfx2/res/symphony/sidebar-functions-large.png
soffice.bin /config/.config/libreoffice/4/cache/breeze/150/sfx2/res/symphony/sidebar-functions-large.png
soffice.bin /config/.config/libreoffice/4/cache/breeze/150/sfx2/res/symphony/sidebar-property-large.png
soffice.bin /config/.config/libreoffice/4/cache/breeze/150/sfx2/res/symphony/sidebar-property-large.png
soffice.bin /config/.config/libreoffice/4/cache/breeze/150/sfx2/res/symphony/sidebar-style-large.png
soffice.bin /config/.config/libreoffice/4/cache/breeze/150/sfx2/res/symphony/sidebar-style-large.png
soffice.bin /config/.config/libreoffice/4/cache/breeze/150/sfx2/res/symphony/sidebar-functions-large.png
soffice.bin /config/.config/libreoffice/4/cache/breeze/150/sfx2/res/symphony/sidebar-functions-large.png
xclip /etc/ld.so.cache
xclip /lib/x86_64-linux-gnu/libXmu.so.6
xclip /lib/x86_64-linux-gnu/libX11.so.6
xclip /lib/x86_64-linux-gnu/libc.so.6
xclip /lib/x86_64-linux-gnu/libXt.so.6
xclip /lib/x86_64-linux-gnu/libXext.so.6
xclip /lib/x86_64-linux-gnu/libxcb.so.1
xclip /lib/x86_64-linux-gnu/libSM.so.6
xclip /lib/x86_64-linux-gnu/libICE.so.6
xclip /lib/x86_64-linux-gnu/libXau.so.6
xclip /lib/x86_64-linux-gnu/libXdmcp.so.6
xclip /lib/x86_64-linux-gnu/libuuid.so.1
xclip /lib/x86_64-linux-gnu/libbsd.so.0
xclip /lib/x86_64-linux-gnu/libmd.so.0
xclip /usr/share/X11/locale/locale.alias
xclip /usr/share/X11/locale/locale.dir
xclip /usr/share/X11/locale/C/XLC_LOCALE
xclip /usr/share/X11/locale/locale.alias
xclip /usr/share/X11/locale/locale.dir
xclip /usr/share/X11/locale/C/XLC_LOCALE
Xvfb /proc/1785/cmdline
xclip /etc/ld.so.cache
xclip /lib/x86_64-linux-gnu/libXmu.so.6
xclip /lib/x86_64-linux-gnu/libX11.so.6
xclip /lib/x86_64-linux-gnu/libc.so.6
xclip /lib/x86_64-linux-gnu/libXt.so.6
xclip /lib/x86_64-linux-gnu/libXext.so.6
xclip /lib/x86_64-linux-gnu/libxcb.so.1
xclip /lib/x86_64-linux-gnu/libSM.so.6
xclip /lib/x86_64-linux-gnu/libICE.so.6
xclip /lib/x86_64-linux-gnu/libXau.so.6
xclip /lib/x86_64-linux-gnu/libXdmcp.so.6
xclip /lib/x86_64-linux-gnu/libuuid.so.1
xclip /lib/x86_64-linux-gnu/libbsd.so.0
xclip /lib/x86_64-linux-gnu/libmd.so.0
xclip /usr/share/X11/locale/locale.alias
xclip /usr/share/X11/locale/locale.dir
xclip /usr/share/X11/locale/C/XLC_LOCALE
xclip /usr/share/X11/locale/locale.alias
xclip /usr/share/X11/locale/locale.dir
xclip /usr/share/X11/locale/C/XLC_LOCALE
Xvfb /proc/1795/cmdline
selkies /proc/stat
selkies /proc/meminfo
xdotool /etc/ld.so.cache
xdotool /lib/x86_64-linux-gnu/libxdo.so.3
xdotool /lib/x86_64-linux-gnu/libm.so.6
xdotool /lib/x86_64-linux-gnu/libX11.so.6
xdotool /lib/x86_64-linux-gnu/libc.so.6
xdotool /lib/x86_64-linux-gnu/libXtst.so.6
xdotool /lib/x86_64-linux-gnu/libXinerama.so.1
xdotool /lib/x86_64-linux-gnu/libxkbcommon.so.0
xdotool /lib/x86_64-linux-gnu/libxcb.so.1
xdotool /lib/x86_64-linux-gnu/libXext.so.6
xdotool /lib/x86_64-linux-gnu/libXau.so.6
xdotool /lib/x86_64-linux-gnu/libXdmcp.so.6
xdotool /lib/x86_64-linux-gnu/libbsd.so.0
xdotool /lib/x86_64-linux-gnu/libmd.so.0
Xvfb /proc/1796/cmdline
xdotool /usr/lib/locale/locale-archive
xdotool /usr/lib/x86_64-linux-gnu/gconv/gconv-modules.cache
soffice.bin /usr/lib/libreoffice/share/config/soffice.cfg/sfx/ui/tabbutton.ui
soffice.bin /usr/lib/libreoffice/share/config/soffice.cfg/sfx/ui/tabbutton.ui
soffice.bin /usr/lib/libreoffice/share/config/soffice.cfg/sfx/ui/tabbutton.ui
soffice.bin /usr/lib/libreoffice/share/config/soffice.cfg/sfx/ui/tabbutton.ui
soffice.bin /usr/lib/libreoffice/share/config/soffice.cfg/sfx/ui/tabbutton.ui
soffice.bin /config/.config/libreoffice/4/cache/breeze/150/sfx2/res/symphony/sidebar-property-large.png
soffice.bin /config/.config/libreoffice/4/cache/breeze/150/sfx2/res/symphony/sidebar-property-large.png
soffice.bin /config/.config/libreoffice/4/cache/breeze/150/sfx2/res/symphony/sidebar-style-large.png
soffice.bin /config/.config/libreoffice/4/cache/breeze/150/sfx2/res/symphony/sidebar-style-large.png
soffice.bin /config/.config/libreoffice/4/cache/breeze/150/sfx2/res/symphony/sidebar-gallery-large.png
soffice.bin /config/.config/libreoffice/4/cache/breeze/150/sfx2/res/symphony/sidebar-gallery-large.png
soffice.bin /config/.config/libreoffice/4/cache/breeze/150/sfx2/res/symphony/sidebar-navigator-large.png
soffice.bin /config/.config/libreoffice/4/cache/breeze/150/sfx2/res/symphony/sidebar-navigator-large.png
soffice.bin /config/.config/libreoffice/4/cache/breeze/150/sfx2/res/symphony/sidebar-functions-large.png
soffice.bin /config/.config/libreoffice/4/cache/breeze/150/sfx2/res/symphony/sidebar-functions-large.png
soffice.bin /usr/lib/libreoffice/share/config/soffice.cfg/sfx/ui/tabbutton.ui
soffice.bin /usr/lib/libreoffice/share/config/soffice.cfg/sfx/ui/tabbutton.ui
soffice.bin /usr/lib/libreoffice/share/config/soffice.cfg/sfx/ui/tabbutton.ui
soffice.bin /usr/lib/libreoffice/share/config/soffice.cfg/sfx/ui/tabbutton.ui
soffice.bin /usr/lib/libreoffice/share/config/soffice.cfg/sfx/ui/tabbutton.ui
soffice.bin /config/.config/libreoffice/4/cache/breeze/150/sfx2/res/symphony/sidebar-property-large.png
soffice.bin /config/.config/libreoffice/4/cache/breeze/150/sfx2/res/symphony/sidebar-property-large.png
soffice.bin /config/.config/libreoffice/4/cache/breeze/150/sfx2/res/symphony/sidebar-style-large.png
soffice.bin /config/.config/libreoffice/4/cache/breeze/150/sfx2/res/symphony/sidebar-style-large.png
soffice.bin /config/.config/libreoffice/4/cache/breeze/150/sfx2/res/symphony/sidebar-gallery-large.png
soffice.bin /config/.config/libreoffice/4/cache/breeze/150/sfx2/res/symphony/sidebar-gallery-large.png
soffice.bin /config/.config/libreoffice/4/cache/breeze/150/sfx2/res/symphony/sidebar-navigator-large.png
soffice.bin /config/.config/libreoffice/4/cache/breeze/150/sfx2/res/symphony/sidebar-navigator-large.png
soffice.bin /config/.config/libreoffice/4/cache/breeze/150/sfx2/res/symphony/sidebar-functions-large.png
soffice.bin /config/.config/libreoffice/4/cache/breeze/150/sfx2/res/symphony/sidebar-functions-large.png
soffice.bin /usr/lib/libreoffice/share/config/soffice.cfg/sfx/ui/tabbutton.ui
soffice.bin /usr/lib/libreoffice/share/config/soffice.cfg/sfx/ui/tabbutton.ui
soffice.bin /usr/lib/libreoffice/share/config/soffice.cfg/sfx/ui/tabbutton.ui
soffice.bin /usr/lib/libreoffice/share/config/soffice.cfg/sfx/ui/tabbutton.ui
soffice.bin /usr/lib/libreoffice/share/config/soffice.cfg/sfx/ui/tabbutton.ui
soffice.bin /config/.config/libreoffice/4/cache/breeze/150/sfx2/res/symphony/sidebar-property-large.png
soffice.bin /config/.config/libreoffice/4/cache/breeze/150/sfx2/res/symphony/sidebar-property-large.png
soffice.bin /config/.config/libreoffice/4/cache/breeze/150/sfx2/res/symphony/sidebar-style-large.png
soffice.bin /config/.config/libreoffice/4/cache/breeze/150/sfx2/res/symphony/sidebar-style-large.png
soffice.bin /config/.config/libreoffice/4/cache/breeze/150/sfx2/res/symphony/sidebar-gallery-large.png
soffice.bin /config/.config/libreoffice/4/cache/breeze/150/sfx2/res/symphony/sidebar-gallery-large.png
soffice.bin /config/.config/libreoffice/4/cache/breeze/150/sfx2/res/symphony/sidebar-navigator-large.png
soffice.bin /config/.config/libreoffice/4/cache/breeze/150/sfx2/res/symphony/sidebar-navigator-large.png
soffice.bin /config/.config/libreoffice/4/cache/breeze/150/sfx2/res/symphony/sidebar-functions-large.png
soffice.bin /config/.config/libreoffice/4/cache/breeze/150/sfx2/res/symphony/sidebar-functions-large.png
soffice.bin /config/.config/libreoffice/4/cache/breeze/150/sfx2/res/symphony/sidebar-property-large.png
soffice.bin /config/.config/libreoffice/4/cache/breeze/150/sfx2/res/symphony/sidebar-property-large.png
soffice.bin /config/.config/libreoffice/4/cache/breeze/150/sfx2/res/symphony/sidebar-style-large.png
soffice.bin /config/.config/libreoffice/4/cache/breeze/150/sfx2/res/symphony/sidebar-style-large.png
soffice.bin /config/.config/libreoffice/4/cache/breeze/150/sfx2/res/symphony/sidebar-functions-large.png
soffice.bin /config/.config/libreoffice/4/cache/breeze/150/sfx2/res/symphony/sidebar-functions-large.png
xdotool /etc/ld.so.cache
xdotool /lib/x86_64-linux-gnu/libxdo.so.3
xdotool /lib/x86_64-linux-gnu/libm.so.6
xdotool /lib/x86_64-linux-gnu/libX11.so.6
xdotool /lib/x86_64-linux-gnu/libc.so.6
xdotool /lib/x86_64-linux-gnu/libXtst.so.6
xdotool /lib/x86_64-linux-gnu/libXinerama.so.1
xdotool /lib/x86_64-linux-gnu/libxkbcommon.so.0
xdotool /lib/x86_64-linux-gnu/libxcb.so.1
xdotool /lib/x86_64-linux-gnu/libXext.so.6
xdotool /lib/x86_64-linux-gnu/libXau.so.6
xdotool /lib/x86_64-linux-gnu/libXdmcp.so.6
xdotool /lib/x86_64-linux-gnu/libbsd.so.0
xdotool /lib/x86_64-linux-gnu/libmd.so.0
Xvfb /proc/1798/cmdline
xdotool /usr/lib/locale/locale-archive
xdotool /usr/lib/x86_64-linux-gnu/gconv/gconv-modules.cache
xclip /etc/ld.so.cache
xclip /lib/x86_64-linux-gnu/libXmu.so.6
xclip /lib/x86_64-linux-gnu/libX11.so.6
xclip /lib/x86_64-linux-gnu/libc.so.6
xclip /lib/x86_64-linux-gnu/libXt.so.6
xclip /lib/x86_64-linux-gnu/libXext.so.6
xclip /lib/x86_64-linux-gnu/libxcb.so.1
xclip /lib/x86_64-linux-gnu/libSM.so.6
xclip /lib/x86_64-linux-gnu/libICE.so.6
xclip /lib/x86_64-linux-gnu/libXau.so.6
xclip /lib/x86_64-linux-gnu/libXdmcp.so.6
xclip /lib/x86_64-linux-gnu/libuuid.so.1
xclip /lib/x86_64-linux-gnu/libbsd.so.0
xclip /lib/x86_64-linux-gnu/libmd.so.0
xclip /usr/share/X11/locale/locale.alias
xclip /usr/share/X11/locale/locale.dir
xclip /usr/share/X11/locale/C/XLC_LOCALE
xclip /usr/share/X11/locale/locale.alias
xclip /usr/share/X11/locale/locale.dir
xclip /usr/share/X11/locale/C/XLC_LOCALE
Xvfb /proc/1800/cmdline
configmgrWriter /config/.config/libreoffice/4/user/M1aZ3x
xdotool /etc/ld.so.cache
xdotool /lib/x86_64-linux-gnu/libxdo.so.3
xdotool /lib/x86_64-linux-gnu/libm.so.6
xdotool /lib/x86_64-linux-gnu/libX11.so.6
xdotool /lib/x86_64-linux-gnu/libc.so.6
xdotool /lib/x86_64-linux-gnu/libXtst.so.6
xdotool /lib/x86_64-linux-gnu/libXinerama.so.1
xdotool /lib/x86_64-linux-gnu/libxkbcommon.so.0
xdotool /lib/x86_64-linux-gnu/libxcb.so.1
xdotool /lib/x86_64-linux-gnu/libXext.so.6
xdotool /lib/x86_64-linux-gnu/libXau.so.6
xdotool /lib/x86_64-linux-gnu/libXdmcp.so.6
xdotool /lib/x86_64-linux-gnu/libbsd.so.0
xdotool /lib/x86_64-linux-gnu/libmd.so.0
Xvfb /proc/1803/cmdline
xdotool /usr/lib/locale/locale-archive
xdotool /usr/lib/x86_64-linux-gnu/gconv/gconv-modules.cache
xdotool /etc/ld.so.cache
xdotool /lib/x86_64-linux-gnu/libxdo.so.3
xdotool /lib/x86_64-linux-gnu/libm.so.6
xdotool /lib/x86_64-linux-gnu/libX11.so.6
xdotool /lib/x86_64-linux-gnu/libc.so.6
xdotool /lib/x86_64-linux-gnu/libXtst.so.6
xdotool /lib/x86_64-linux-gnu/libXinerama.so.1
xdotool /lib/x86_64-linux-gnu/libxkbcommon.so.0
xdotool /lib/x86_64-linux-gnu/libxcb.so.1
xdotool /lib/x86_64-linux-gnu/libXext.so.6
xdotool /lib/x86_64-linux-gnu/libXau.so.6
xdotool /lib/x86_64-linux-gnu/libXdmcp.so.6
xdotool /lib/x86_64-linux-gnu/libbsd.so.0
xdotool /lib/x86_64-linux-gnu/libmd.so.0
Xvfb /proc/1812/cmdline
xdotool /usr/lib/locale/locale-archive
xdotool /usr/lib/x86_64-linux-gnu/gconv/gconv-modules.cache
xclip /etc/ld.so.cache
xclip /lib/x86_64-linux-gnu/libXmu.so.6
xclip /lib/x86_64-linux-gnu/libX11.so.6
xclip /lib/x86_64-linux-gnu/libc.so.6
xclip /lib/x86_64-linux-gnu/libXt.so.6
xclip /lib/x86_64-linux-gnu/libXext.so.6
xclip /lib/x86_64-linux-gnu/libxcb.so.1
xclip /lib/x86_64-linux-gnu/libSM.so.6
xclip /lib/x86_64-linux-gnu/libICE.so.6
xclip /lib/x86_64-linux-gnu/libXau.so.6
xclip /lib/x86_64-linux-gnu/libXdmcp.so.6
xclip /lib/x86_64-linux-gnu/libuuid.so.1
xclip /lib/x86_64-linux-gnu/libbsd.so.0
xclip /lib/x86_64-linux-gnu/libmd.so.0
xclip /usr/share/X11/locale/locale.alias
xclip /usr/share/X11/locale/locale.dir
xclip /usr/share/X11/locale/C/XLC_LOCALE
xclip /usr/share/X11/locale/locale.alias
xclip /usr/share/X11/locale/locale.dir
xclip /usr/share/X11/locale/C/XLC_LOCALE
Xvfb /proc/1814/cmdline
selkies /proc/stat
selkies /proc/meminfo
soffice.bin /usr/lib/libreoffice/share/config/soffice.cfg/sfx/ui/tabbutton.ui
soffice.bin /usr/lib/libreoffice/share/config/soffice.cfg/sfx/ui/tabbutton.ui
soffice.bin /usr/lib/libreoffice/share/config/soffice.cfg/sfx/ui/tabbutton.ui
soffice.bin /usr/lib/libreoffice/share/config/soffice.cfg/sfx/ui/tabbutton.ui
soffice.bin /usr/lib/libreoffice/share/config/soffice.cfg/sfx/ui/tabbutton.ui
soffice.bin /config/.config/libreoffice/4/cache/breeze/150/sfx2/res/symphony/sidebar-property-large.png
soffice.bin /config/.config/libreoffice/4/cache/breeze/150/sfx2/res/symphony/sidebar-property-large.png
soffice.bin /config/.config/libreoffice/4/cache/breeze/150/sfx2/res/symphony/sidebar-style-large.png
soffice.bin /config/.config/libreoffice/4/cache/breeze/150/sfx2/res/symphony/sidebar-style-large.png
soffice.bin /config/.config/libreoffice/4/cache/breeze/150/sfx2/res/symphony/sidebar-gallery-large.png
soffice.bin /config/.config/libreoffice/4/cache/breeze/150/sfx2/res/symphony/sidebar-gallery-large.png
soffice.bin /config/.config/libreoffice/4/cache/breeze/150/sfx2/res/symphony/sidebar-navigator-large.png
soffice.bin /config/.config/libreoffice/4/cache/breeze/150/sfx2/res/symphony/sidebar-navigator-large.png
soffice.bin /config/.config/libreoffice/4/cache/breeze/150/sfx2/res/symphony/sidebar-functions-large.png
soffice.bin /config/.config/libreoffice/4/cache/breeze/150/sfx2/res/symphony/sidebar-functions-large.png
soffice.bin /usr/lib/libreoffice/share/config/soffice.cfg/sfx/ui/tabbutton.ui
soffice.bin /usr/lib/libreoffice/share/config/soffice.cfg/sfx/ui/tabbutton.ui
soffice.bin /usr/lib/libreoffice/share/config/soffice.cfg/sfx/ui/tabbutton.ui
soffice.bin /usr/lib/libreoffice/share/config/soffice.cfg/sfx/ui/tabbutton.ui
soffice.bin /usr/lib/libreoffice/share/config/soffice.cfg/sfx/ui/tabbutton.ui
soffice.bin /config/.config/libreoffice/4/cache/breeze/150/sfx2/res/symphony/sidebar-property-large.png
soffice.bin /config/.config/libreoffice/4/cache/breeze/150/sfx2/res/symphony/sidebar-property-large.png
soffice.bin /config/.config/libreoffice/4/cache/breeze/150/sfx2/res/symphony/sidebar-style-large.png
soffice.bin /config/.config/libreoffice/4/cache/breeze/150/sfx2/res/symphony/sidebar-style-large.png
soffice.bin /config/.config/libreoffice/4/cache/breeze/150/sfx2/res/symphony/sidebar-gallery-large.png
soffice.bin /config/.config/libreoffice/4/cache/breeze/150/sfx2/res/symphony/sidebar-gallery-large.png
soffice.bin /config/.config/libreoffice/4/cache/breeze/150/sfx2/res/symphony/sidebar-navigator-large.png
soffice.bin /config/.config/libreoffice/4/cache/breeze/150/sfx2/res/symphony/sidebar-navigator-large.png
soffice.bin /config/.config/libreoffice/4/cache/breeze/150/sfx2/res/symphony/sidebar-functions-large.png
soffice.bin /config/.config/libreoffice/4/cache/breeze/150/sfx2/res/symphony/sidebar-functions-large.png
soffice.bin /config/.config/libreoffice/4/cache/breeze/150/sfx2/res/symphony/sidebar-property-large.png
soffice.bin /config/.config/libreoffice/4/cache/breeze/150/sfx2/res/symphony/sidebar-property-large.png
soffice.bin /config/.config/libreoffice/4/cache/breeze/150/sfx2/res/symphony/sidebar-style-large.png
soffice.bin /config/.config/libreoffice/4/cache/breeze/150/sfx2/res/symphony/sidebar-style-large.png
soffice.bin /config/.config/libreoffice/4/cache/breeze/150/sfx2/res/symphony/sidebar-functions-large.png
soffice.bin /config/.config/libreoffice/4/cache/breeze/150/sfx2/res/symphony/sidebar-functions-large.png
xclip /etc/ld.so.cache
xclip /lib/x86_64-linux-gnu/libXmu.so.6
xclip /lib/x86_64-linux-gnu/libX11.so.6
xclip /lib/x86_64-linux-gnu/libc.so.6
xclip /lib/x86_64-linux-gnu/libXt.so.6
xclip /lib/x86_64-linux-gnu/libXext.so.6
xclip /lib/x86_64-linux-gnu/libxcb.so.1
xclip /lib/x86_64-linux-gnu/libSM.so.6
xclip /lib/x86_64-linux-gnu/libICE.so.6
xclip /lib/x86_64-linux-gnu/libXau.so.6
xclip /lib/x86_64-linux-gnu/libXdmcp.so.6
xclip /lib/x86_64-linux-gnu/libuuid.so.1
xclip /lib/x86_64-linux-gnu/libbsd.so.0
xclip /lib/x86_64-linux-gnu/libmd.so.0
xclip /usr/share/X11/locale/locale.alias
xclip /usr/share/X11/locale/locale.dir
xclip /usr/share/X11/locale/C/XLC_LOCALE
xclip /usr/share/X11/locale/locale.alias
xclip /usr/share/X11/locale/locale.dir
xclip /usr/share/X11/locale/C/XLC_LOCALE
Xvfb /proc/1818/cmdline
configmgrWriter /config/.config/libreoffice/4/user/tKo6Vn
xclip /etc/ld.so.cache
xclip /lib/x86_64-linux-gnu/libXmu.so.6
xclip /lib/x86_64-linux-gnu/libX11.so.6
xclip /lib/x86_64-linux-gnu/libc.so.6
xclip /lib/x86_64-linux-gnu/libXt.so.6
xclip /lib/x86_64-linux-gnu/libXext.so.6
xclip /lib/x86_64-linux-gnu/libxcb.so.1
xclip /lib/x86_64-linux-gnu/libSM.so.6
xclip /lib/x86_64-linux-gnu/libICE.so.6
xclip /lib/x86_64-linux-gnu/libXau.so.6
xclip /lib/x86_64-linux-gnu/libXdmcp.so.6
xclip /lib/x86_64-linux-gnu/libuuid.so.1
xclip /lib/x86_64-linux-gnu/libbsd.so.0
xclip /lib/x86_64-linux-gnu/libmd.so.0
xclip /usr/share/X11/locale/locale.alias
xclip /usr/share/X11/locale/locale.dir
xclip /usr/share/X11/locale/C/XLC_LOCALE
xclip /usr/share/X11/locale/locale.alias
xclip /usr/share/X11/locale/locale.dir
xclip /usr/share/X11/locale/C/XLC_LOCALE
Xvfb /proc/1827/cmdline
selkies /proc/stat
selkies /proc/meminfo
xclip /etc/ld.so.cache
xclip /lib/x86_64-linux-gnu/libXmu.so.6
xclip /lib/x86_64-linux-gnu/libX11.so.6
xclip /lib/x86_64-linux-gnu/libc.so.6
xclip /lib/x86_64-linux-gnu/libXt.so.6
xclip /lib/x86_64-linux-gnu/libXext.so.6
xclip /lib/x86_64-linux-gnu/libxcb.so.1
xclip /lib/x86_64-linux-gnu/libSM.so.6
xclip /lib/x86_64-linux-gnu/libICE.so.6
xclip /lib/x86_64-linux-gnu/libXau.so.6
xclip /lib/x86_64-linux-gnu/libXdmcp.so.6
xclip /lib/x86_64-linux-gnu/libuuid.so.1
xclip /lib/x86_64-linux-gnu/libbsd.so.0
xclip /lib/x86_64-linux-gnu/libmd.so.0
xclip /usr/share/X11/locale/locale.alias
xclip /usr/share/X11/locale/locale.dir
xclip /usr/share/X11/locale/C/XLC_LOCALE
xclip /usr/share/X11/locale/locale.alias
xclip /usr/share/X11/locale/locale.dir
xclip /usr/share/X11/locale/C/XLC_LOCALE
Xvfb /proc/1835/cmdline
xdotool /etc/ld.so.cache
xdotool /lib/x86_64-linux-gnu/libxdo.so.3
xdotool /lib/x86_64-linux-gnu/libm.so.6
xdotool /lib/x86_64-linux-gnu/libX11.so.6
xdotool /lib/x86_64-linux-gnu/libc.so.6
xdotool /lib/x86_64-linux-gnu/libXtst.so.6
xdotool /lib/x86_64-linux-gnu/libXinerama.so.1
xdotool /lib/x86_64-linux-gnu/libxkbcommon.so.0
xdotool /lib/x86_64-linux-gnu/libxcb.so.1
xdotool /lib/x86_64-linux-gnu/libXext.so.6
xdotool /lib/x86_64-linux-gnu/libXau.so.6
xdotool /lib/x86_64-linux-gnu/libXdmcp.so.6
xdotool /lib/x86_64-linux-gnu/libbsd.so.0
xdotool /lib/x86_64-linux-gnu/libmd.so.0
Xvfb /proc/1841/cmdline
xdotool /usr/lib/locale/locale-archive
xdotool /usr/lib/x86_64-linux-gnu/gconv/gconv-modules.cache
soffice.bin /usr/lib/libreoffice/share/config/soffice.cfg/sfx/ui/tabbutton.ui
soffice.bin /usr/lib/libreoffice/share/config/soffice.cfg/sfx/ui/tabbutton.ui
soffice.bin /usr/lib/libreoffice/share/config/soffice.cfg/sfx/ui/tabbutton.ui
soffice.bin /usr/lib/libreoffice/share/config/soffice.cfg/sfx/ui/tabbutton.ui
soffice.bin /usr/lib/libreoffice/share/config/soffice.cfg/sfx/ui/tabbutton.ui
soffice.bin /config/.config/libreoffice/4/cache/breeze/150/sfx2/res/symphony/sidebar-property-large.png
soffice.bin /config/.config/libreoffice/4/cache/breeze/150/sfx2/res/symphony/sidebar-property-large.png
soffice.bin /config/.config/libreoffice/4/cache/breeze/150/sfx2/res/symphony/sidebar-style-large.png
soffice.bin /config/.config/libreoffice/4/cache/breeze/150/sfx2/res/symphony/sidebar-style-large.png
soffice.bin /config/.config/libreoffice/4/cache/breeze/150/sfx2/res/symphony/sidebar-gallery-large.png
soffice.bin /config/.config/libreoffice/4/cache/breeze/150/sfx2/res/symphony/sidebar-gallery-large.png
soffice.bin /config/.config/libreoffice/4/cache/breeze/150/sfx2/res/symphony/sidebar-navigator-large.png
soffice.bin /config/.config/libreoffice/4/cache/breeze/150/sfx2/res/symphony/sidebar-navigator-large.png
soffice.bin /config/.config/libreoffice/4/cache/breeze/150/sfx2/res/symphony/sidebar-functions-large.png
soffice.bin /config/.config/libreoffice/4/cache/breeze/150/sfx2/res/symphony/sidebar-functions-large.png
soffice.bin /usr/lib/libreoffice/share/config/soffice.cfg/sfx/ui/tabbutton.ui
soffice.bin /usr/lib/libreoffice/share/config/soffice.cfg/sfx/ui/tabbutton.ui
soffice.bin /usr/lib/libreoffice/share/config/soffice.cfg/sfx/ui/tabbutton.ui
soffice.bin /usr/lib/libreoffice/share/config/soffice.cfg/sfx/ui/tabbutton.ui
soffice.bin /usr/lib/libreoffice/share/config/soffice.cfg/sfx/ui/tabbutton.ui
soffice.bin /config/.config/libreoffice/4/cache/breeze/150/sfx2/res/symphony/sidebar-property-large.png
soffice.bin /config/.config/libreoffice/4/cache/breeze/150/sfx2/res/symphony/sidebar-property-large.png
soffice.bin /config/.config/libreoffice/4/cache/breeze/150/sfx2/res/symphony/sidebar-style-large.png
soffice.bin /config/.config/libreoffice/4/cache/breeze/150/sfx2/res/symphony/sidebar-style-large.png
soffice.bin /config/.config/libreoffice/4/cache/breeze/150/sfx2/res/symphony/sidebar-gallery-large.png
soffice.bin /config/.config/libreoffice/4/cache/breeze/150/sfx2/res/symphony/sidebar-gallery-large.png
soffice.bin /config/.config/libreoffice/4/cache/breeze/150/sfx2/res/symphony/sidebar-navigator-large.png
soffice.bin /config/.config/libreoffice/4/cache/breeze/150/sfx2/res/symphony/sidebar-navigator-large.png
soffice.bin /config/.config/libreoffice/4/cache/breeze/150/sfx2/res/symphony/sidebar-functions-large.png
soffice.bin /config/.config/libreoffice/4/cache/breeze/150/sfx2/res/symphony/sidebar-functions-large.png
xdotool /etc/ld.so.cache
xdotool /lib/x86_64-linux-gnu/libxdo.so.3
soffice.bin /usr/lib/libreoffice/share/config/soffice.cfg/sfx/ui/tabbutton.ui
xdotool /lib/x86_64-linux-gnu/libm.so.6
soffice.bin /usr/lib/libreoffice/share/config/soffice.cfg/sfx/ui/tabbutton.ui
xdotool /lib/x86_64-linux-gnu/libX11.so.6
xdotool /lib/x86_64-linux-gnu/libc.so.6
soffice.bin /usr/lib/libreoffice/share/config/soffice.cfg/sfx/ui/tabbutton.ui
xdotool /lib/x86_64-linux-gnu/libXtst.so.6
soffice.bin /usr/lib/libreoffice/share/config/soffice.cfg/sfx/ui/tabbutton.ui
xdotool /lib/x86_64-linux-gnu/libXinerama.so.1
soffice.bin /usr/lib/libreoffice/share/config/soffice.cfg/sfx/ui/tabbutton.ui
xdotool /lib/x86_64-linux-gnu/libxkbcommon.so.0
soffice.bin /config/.config/libreoffice/4/cache/breeze/150/sfx2/res/symphony/sidebar-property-large.png
xdotool /lib/x86_64-linux-gnu/libxcb.so.1
soffice.bin /config/.config/libreoffice/4/cache/breeze/150/sfx2/res/symphony/sidebar-property-large.png
xdotool /lib/x86_64-linux-gnu/libXext.so.6
soffice.bin /config/.config/libreoffice/4/cache/breeze/150/sfx2/res/symphony/sidebar-style-large.png
xdotool /lib/x86_64-linux-gnu/libXau.so.6
soffice.bin /config/.config/libreoffice/4/cache/breeze/150/sfx2/res/symphony/sidebar-style-large.png
xdotool /lib/x86_64-linux-gnu/libXdmcp.so.6
soffice.bin /config/.config/libreoffice/4/cache/breeze/150/sfx2/res/symphony/sidebar-gallery-large.png
soffice.bin /config/.config/libreoffice/4/cache/breeze/150/sfx2/res/symphony/sidebar-gallery-large.png
xdotool /lib/x86_64-linux-gnu/libbsd.so.0
soffice.bin /config/.config/libreoffice/4/cache/breeze/150/sfx2/res/symphony/sidebar-navigator-large.png
xdotool /lib/x86_64-linux-gnu/libmd.so.0
soffice.bin /config/.config/libreoffice/4/cache/breeze/150/sfx2/res/symphony/sidebar-navigator-large.png
soffice.bin /config/.config/libreoffice/4/cache/breeze/150/sfx2/res/symphony/sidebar-functions-large.png
soffice.bin /config/.config/libreoffice/4/cache/breeze/150/sfx2/res/symphony/sidebar-functions-large.png
Xvfb /proc/1842/cmdline
soffice.bin /config/.config/libreoffice/4/cache/breeze/150/sfx2/res/symphony/sidebar-property-large.png
soffice.bin /config/.config/libreoffice/4/cache/breeze/150/sfx2/res/symphony/sidebar-property-large.png
soffice.bin /config/.config/libreoffice/4/cache/breeze/150/sfx2/res/symphony/sidebar-style-large.png
soffice.bin /config/.config/libreoffice/4/cache/breeze/150/sfx2/res/symphony/sidebar-style-large.png
soffice.bin /config/.config/libreoffice/4/cache/breeze/150/sfx2/res/symphony/sidebar-functions-large.png
soffice.bin /config/.config/libreoffice/4/cache/breeze/150/sfx2/res/symphony/sidebar-functions-large.png
xdotool /usr/lib/locale/locale-archive
xdotool /usr/lib/x86_64-linux-gnu/gconv/gconv-modules.cache
xclip /etc/ld.so.cache
xclip /lib/x86_64-linux-gnu/libXmu.so.6
xclip /lib/x86_64-linux-gnu/libX11.so.6
xclip /lib/x86_64-linux-gnu/libc.so.6
xclip /lib/x86_64-linux-gnu/libXt.so.6
xclip /lib/x86_64-linux-gnu/libXext.so.6
xclip /lib/x86_64-linux-gnu/libxcb.so.1
xclip /lib/x86_64-linux-gnu/libSM.so.6
xclip /lib/x86_64-linux-gnu/libICE.so.6
xclip /lib/x86_64-linux-gnu/libXau.so.6
xclip /lib/x86_64-linux-gnu/libXdmcp.so.6
xclip /lib/x86_64-linux-gnu/libuuid.so.1
xclip /lib/x86_64-linux-gnu/libbsd.so.0
xclip /lib/x86_64-linux-gnu/libmd.so.0
xclip /usr/share/X11/locale/locale.alias
xclip /usr/share/X11/locale/locale.dir
xclip /usr/share/X11/locale/C/XLC_LOCALE
xclip /usr/share/X11/locale/locale.alias
selkies /proc/stat
selkies /proc/meminfo
xclip /usr/share/X11/locale/locale.dir
xclip /usr/share/X11/locale/C/XLC_LOCALE
Xvfb /proc/1845/cmdline
soffice.bin /usr/lib/libreoffice/share/config/soffice.cfg/sfx/ui/tabbutton.ui
soffice.bin /usr/lib/libreoffice/share/config/soffice.cfg/sfx/ui/tabbutton.ui
soffice.bin /usr/lib/libreoffice/share/config/soffice.cfg/sfx/ui/tabbutton.ui
soffice.bin /usr/lib/libreoffice/share/config/soffice.cfg/sfx/ui/tabbutton.ui
soffice.bin /usr/lib/libreoffice/share/config/soffice.cfg/sfx/ui/tabbutton.ui
soffice.bin /config/.config/libreoffice/4/cache/breeze/150/sfx2/res/symphony/sidebar-property-large.png
soffice.bin /config/.config/libreoffice/4/cache/breeze/150/sfx2/res/symphony/sidebar-property-large.png
soffice.bin /config/.config/libreoffice/4/cache/breeze/150/sfx2/res/symphony/sidebar-style-large.png
soffice.bin /config/.config/libreoffice/4/cache/breeze/150/sfx2/res/symphony/sidebar-style-large.png
soffice.bin /config/.config/libreoffice/4/cache/breeze/150/sfx2/res/symphony/sidebar-gallery-large.png
soffice.bin /config/.config/libreoffice/4/cache/breeze/150/sfx2/res/symphony/sidebar-gallery-large.png
soffice.bin /config/.config/libreoffice/4/cache/breeze/150/sfx2/res/symphony/sidebar-navigator-large.png
soffice.bin /config/.config/libreoffice/4/cache/breeze/150/sfx2/res/symphony/sidebar-navigator-large.png
soffice.bin /config/.config/libreoffice/4/cache/breeze/150/sfx2/res/symphony/sidebar-functions-large.png
soffice.bin /config/.config/libreoffice/4/cache/breeze/150/sfx2/res/symphony/sidebar-functions-large.png
soffice.bin /usr/lib/libreoffice/share/config/soffice.cfg/sfx/ui/tabbutton.ui
soffice.bin /usr/lib/libreoffice/share/config/soffice.cfg/sfx/ui/tabbutton.ui
soffice.bin /usr/lib/libreoffice/share/config/soffice.cfg/sfx/ui/tabbutton.ui
soffice.bin /usr/lib/libreoffice/share/config/soffice.cfg/sfx/ui/tabbutton.ui
soffice.bin /usr/lib/libreoffice/share/config/soffice.cfg/sfx/ui/tabbutton.ui
soffice.bin /config/.config/libreoffice/4/cache/breeze/150/sfx2/res/symphony/sidebar-property-large.png
soffice.bin /config/.config/libreoffice/4/cache/breeze/150/sfx2/res/symphony/sidebar-property-large.png
soffice.bin /config/.config/libreoffice/4/cache/breeze/150/sfx2/res/symphony/sidebar-style-large.png
soffice.bin /config/.config/libreoffice/4/cache/breeze/150/sfx2/res/symphony/sidebar-style-large.png
soffice.bin /config/.config/libreoffice/4/cache/breeze/150/sfx2/res/symphony/sidebar-gallery-large.png
soffice.bin /config/.config/libreoffice/4/cache/breeze/150/sfx2/res/symphony/sidebar-gallery-large.png
soffice.bin /config/.config/libreoffice/4/cache/breeze/150/sfx2/res/symphony/sidebar-navigator-large.png
soffice.bin /config/.config/libreoffice/4/cache/breeze/150/sfx2/res/symphony/sidebar-navigator-large.png
soffice.bin /config/.config/libreoffice/4/cache/breeze/150/sfx2/res/symphony/sidebar-functions-large.png
soffice.bin /config/.config/libreoffice/4/cache/breeze/150/sfx2/res/symphony/sidebar-functions-large.png
soffice.bin /config/.config/libreoffice/4/cache/breeze/150/sfx2/res/symphony/sidebar-property-large.png
soffice.bin /config/.config/libreoffice/4/cache/breeze/150/sfx2/res/symphony/sidebar-property-large.png
soffice.bin /config/.config/libreoffice/4/cache/breeze/150/sfx2/res/symphony/sidebar-style-large.png
soffice.bin /config/.config/libreoffice/4/cache/breeze/150/sfx2/res/symphony/sidebar-style-large.png
soffice.bin /config/.config/libreoffice/4/cache/breeze/150/sfx2/res/symphony/sidebar-functions-large.png
soffice.bin /config/.config/libreoffice/4/cache/breeze/150/sfx2/res/symphony/sidebar-functions-large.png
xclip /etc/ld.so.cache
xclip /lib/x86_64-linux-gnu/libXmu.so.6
xclip /lib/x86_64-linux-gnu/libX11.so.6
xclip /lib/x86_64-linux-gnu/libc.so.6
xclip /lib/x86_64-linux-gnu/libXt.so.6
xclip /lib/x86_64-linux-gnu/libXext.so.6
xclip /lib/x86_64-linux-gnu/libxcb.so.1
xclip /lib/x86_64-linux-gnu/libSM.so.6
xclip /lib/x86_64-linux-gnu/libICE.so.6
xclip /lib/x86_64-linux-gnu/libXau.so.6
xclip /lib/x86_64-linux-gnu/libXdmcp.so.6
xclip /lib/x86_64-linux-gnu/libuuid.so.1
xclip /lib/x86_64-linux-gnu/libbsd.so.0
xclip /lib/x86_64-linux-gnu/libmd.so.0
xclip /usr/share/X11/locale/locale.alias
xclip /usr/share/X11/locale/locale.dir
xclip /usr/share/X11/locale/C/XLC_LOCALE
xclip /usr/share/X11/locale/locale.alias
xclip /usr/share/X11/locale/locale.dir
xclip /usr/share/X11/locale/C/XLC_LOCALE
Xvfb /proc/1854/cmdline
xdotool /etc/ld.so.cache
xdotool /lib/x86_64-linux-gnu/libxdo.so.3
xdotool /lib/x86_64-linux-gnu/libm.so.6
xdotool /lib/x86_64-linux-gnu/libX11.so.6
xdotool /lib/x86_64-linux-gnu/libc.so.6
xdotool /lib/x86_64-linux-gnu/libXtst.so.6
xdotool /lib/x86_64-linux-gnu/libXinerama.so.1
xdotool /lib/x86_64-linux-gnu/libxkbcommon.so.0
xdotool /lib/x86_64-linux-gnu/libxcb.so.1
xdotool /lib/x86_64-linux-gnu/libXext.so.6
xdotool /lib/x86_64-linux-gnu/libXau.so.6
xdotool /lib/x86_64-linux-gnu/libXdmcp.so.6
xdotool /lib/x86_64-linux-gnu/libbsd.so.0
xdotool /lib/x86_64-linux-gnu/libmd.so.0
Xvfb /proc/1859/cmdline
xdotool /usr/lib/locale/locale-archive
xdotool /usr/lib/x86_64-linux-gnu/gconv/gconv-modules.cache
soffice.bin /usr/lib/libreoffice/share/config/soffice.cfg/sfx/ui/tabbutton.ui
soffice.bin /usr/lib/libreoffice/share/config/soffice.cfg/sfx/ui/tabbutton.ui
soffice.bin /usr/lib/libreoffice/share/config/soffice.cfg/sfx/ui/tabbutton.ui
soffice.bin /usr/lib/libreoffice/share/config/soffice.cfg/sfx/ui/tabbutton.ui
soffice.bin /usr/lib/libreoffice/share/config/soffice.cfg/sfx/ui/tabbutton.ui
soffice.bin /config/.config/libreoffice/4/cache/breeze/150/sfx2/res/symphony/sidebar-property-large.png
soffice.bin /config/.config/libreoffice/4/cache/breeze/150/sfx2/res/symphony/sidebar-property-large.png
soffice.bin /config/.config/libreoffice/4/cache/breeze/150/sfx2/res/symphony/sidebar-style-large.png
soffice.bin /config/.config/libreoffice/4/cache/breeze/150/sfx2/res/symphony/sidebar-style-large.png
soffice.bin /config/.config/libreoffice/4/cache/breeze/150/sfx2/res/symphony/sidebar-gallery-large.png
soffice.bin /config/.config/libreoffice/4/cache/breeze/150/sfx2/res/symphony/sidebar-gallery-large.png
soffice.bin /config/.config/libreoffice/4/cache/breeze/150/sfx2/res/symphony/sidebar-navigator-large.png
soffice.bin /config/.config/libreoffice/4/cache/breeze/150/sfx2/res/symphony/sidebar-navigator-large.png
soffice.bin /config/.config/libreoffice/4/cache/breeze/150/sfx2/res/symphony/sidebar-functions-large.png
soffice.bin /config/.config/libreoffice/4/cache/breeze/150/sfx2/res/symphony/sidebar-functions-large.png
soffice.bin /usr/lib/libreoffice/share/config/soffice.cfg/sfx/ui/tabbutton.ui
soffice.bin /usr/lib/libreoffice/share/config/soffice.cfg/sfx/ui/tabbutton.ui
soffice.bin /usr/lib/libreoffice/share/config/soffice.cfg/sfx/ui/tabbutton.ui
soffice.bin /usr/lib/libreoffice/share/config/soffice.cfg/sfx/ui/tabbutton.ui
soffice.bin /usr/lib/libreoffice/share/config/soffice.cfg/sfx/ui/tabbutton.ui
soffice.bin /config/.config/libreoffice/4/cache/breeze/150/sfx2/res/symphony/sidebar-property-large.png
soffice.bin /config/.config/libreoffice/4/cache/breeze/150/sfx2/res/symphony/sidebar-property-large.png
soffice.bin /config/.config/libreoffice/4/cache/breeze/150/sfx2/res/symphony/sidebar-style-large.png
soffice.bin /config/.config/libreoffice/4/cache/breeze/150/sfx2/res/symphony/sidebar-style-large.png
soffice.bin /config/.config/libreoffice/4/cache/breeze/150/sfx2/res/symphony/sidebar-gallery-large.png
soffice.bin /config/.config/libreoffice/4/cache/breeze/150/sfx2/res/symphony/sidebar-gallery-large.png
soffice.bin /config/.config/libreoffice/4/cache/breeze/150/sfx2/res/symphony/sidebar-navigator-large.png
soffice.bin /config/.config/libreoffice/4/cache/breeze/150/sfx2/res/symphony/sidebar-navigator-large.png
soffice.bin /config/.config/libreoffice/4/cache/breeze/150/sfx2/res/symphony/sidebar-functions-large.png
soffice.bin /config/.config/libreoffice/4/cache/breeze/150/sfx2/res/symphony/sidebar-functions-large.png
soffice.bin /usr/lib/libreoffice/share/config/soffice.cfg/sfx/ui/tabbutton.ui
soffice.bin /usr/lib/libreoffice/share/config/soffice.cfg/sfx/ui/tabbutton.ui
soffice.bin /usr/lib/libreoffice/share/config/soffice.cfg/sfx/ui/tabbutton.ui
soffice.bin /usr/lib/libreoffice/share/config/soffice.cfg/sfx/ui/tabbutton.ui
soffice.bin /usr/lib/libreoffice/share/config/soffice.cfg/sfx/ui/tabbutton.ui
soffice.bin /config/.config/libreoffice/4/cache/breeze/150/sfx2/res/symphony/sidebar-property-large.png
soffice.bin /config/.config/libreoffice/4/cache/breeze/150/sfx2/res/symphony/sidebar-property-large.png
soffice.bin /config/.config/libreoffice/4/cache/breeze/150/sfx2/res/symphony/sidebar-style-large.png
soffice.bin /config/.config/libreoffice/4/cache/breeze/150/sfx2/res/symphony/sidebar-style-large.png
soffice.bin /config/.config/libreoffice/4/cache/breeze/150/sfx2/res/symphony/sidebar-gallery-large.png
soffice.bin /config/.config/libreoffice/4/cache/breeze/150/sfx2/res/symphony/sidebar-gallery-large.png
soffice.bin /config/.config/libreoffice/4/cache/breeze/150/sfx2/res/symphony/sidebar-navigator-large.png
soffice.bin /config/.config/libreoffice/4/cache/breeze/150/sfx2/res/symphony/sidebar-navigator-large.png
soffice.bin /config/.config/libreoffice/4/cache/breeze/150/sfx2/res/symphony/sidebar-functions-large.png
soffice.bin /config/.config/libreoffice/4/cache/breeze/150/sfx2/res/symphony/sidebar-functions-large.png
soffice.bin /config/.config/libreoffice/4/cache/breeze/150/sfx2/res/symphony/sidebar-property-large.png
soffice.bin /config/.config/libreoffice/4/cache/breeze/150/sfx2/res/symphony/sidebar-property-large.png
soffice.bin /config/.config/libreoffice/4/cache/breeze/150/sfx2/res/symphony/sidebar-style-large.png
soffice.bin /config/.config/libreoffice/4/cache/breeze/150/sfx2/res/symphony/sidebar-style-large.png
soffice.bin /config/.config/libreoffice/4/cache/breeze/150/sfx2/res/symphony/sidebar-functions-large.png
soffice.bin /config/.config/libreoffice/4/cache/breeze/150/sfx2/res/symphony/sidebar-functions-large.png
xdotool /etc/ld.so.cache
xdotool /lib/x86_64-linux-gnu/libxdo.so.3
xdotool /lib/x86_64-linux-gnu/libm.so.6
xdotool /lib/x86_64-linux-gnu/libX11.so.6
xdotool /lib/x86_64-linux-gnu/libc.so.6
xdotool /lib/x86_64-linux-gnu/libXtst.so.6
xdotool /lib/x86_64-linux-gnu/libXinerama.so.1
xdotool /lib/x86_64-linux-gnu/libxkbcommon.so.0
xdotool /lib/x86_64-linux-gnu/libxcb.so.1
xdotool /lib/x86_64-linux-gnu/libXext.so.6
xdotool /lib/x86_64-linux-gnu/libXau.so.6
xdotool /lib/x86_64-linux-gnu/libXdmcp.so.6
xdotool /lib/x86_64-linux-gnu/libbsd.so.0
xdotool /lib/x86_64-linux-gnu/libmd.so.0
Xvfb /proc/1861/cmdline
xdotool /usr/lib/locale/locale-archive
xdotool /usr/lib/x86_64-linux-gnu/gconv/gconv-modules.cache
selkies /proc/stat
selkies /proc/meminfo
xclip /etc/ld.so.cache
xclip /lib/x86_64-linux-gnu/libXmu.so.6
xclip /lib/x86_64-linux-gnu/libX11.so.6
xclip /lib/x86_64-linux-gnu/libc.so.6
xclip /lib/x86_64-linux-gnu/libXt.so.6
xclip /lib/x86_64-linux-gnu/libXext.so.6
xclip /lib/x86_64-linux-gnu/libxcb.so.1
xclip /lib/x86_64-linux-gnu/libSM.so.6
xclip /lib/x86_64-linux-gnu/libICE.so.6
xclip /lib/x86_64-linux-gnu/libXau.so.6
xclip /lib/x86_64-linux-gnu/libXdmcp.so.6
xclip /lib/x86_64-linux-gnu/libuuid.so.1
xclip /lib/x86_64-linux-gnu/libbsd.so.0
xclip /lib/x86_64-linux-gnu/libmd.so.0
xclip /usr/share/X11/locale/locale.alias
xclip /usr/share/X11/locale/locale.dir
xclip /usr/share/X11/locale/C/XLC_LOCALE
xclip /usr/share/X11/locale/locale.alias
xclip /usr/share/X11/locale/locale.dir
xclip /usr/share/X11/locale/C/XLC_LOCALE
Xvfb /proc/1867/cmdline
soffice.bin /usr/lib/libreoffice/share/config/soffice.cfg/sfx/ui/tabbutton.ui
soffice.bin /usr/lib/libreoffice/share/config/soffice.cfg/sfx/ui/tabbutton.ui
soffice.bin /usr/lib/libreoffice/share/config/soffice.cfg/sfx/ui/tabbutton.ui
soffice.bin /usr/lib/libreoffice/share/config/soffice.cfg/sfx/ui/tabbutton.ui
soffice.bin /usr/lib/libreoffice/share/config/soffice.cfg/sfx/ui/tabbutton.ui
soffice.bin /config/.config/libreoffice/4/cache/breeze/150/sfx2/res/symphony/sidebar-property-large.png
soffice.bin /config/.config/libreoffice/4/cache/breeze/150/sfx2/res/symphony/sidebar-property-large.png
soffice.bin /config/.config/libreoffice/4/cache/breeze/150/sfx2/res/symphony/sidebar-style-large.png
soffice.bin /config/.config/libreoffice/4/cache/breeze/150/sfx2/res/symphony/sidebar-style-large.png
soffice.bin /config/.config/libreoffice/4/cache/breeze/150/sfx2/res/symphony/sidebar-gallery-large.png
soffice.bin /config/.config/libreoffice/4/cache/breeze/150/sfx2/res/symphony/sidebar-gallery-large.png
soffice.bin /config/.config/libreoffice/4/cache/breeze/150/sfx2/res/symphony/sidebar-navigator-large.png
soffice.bin /config/.config/libreoffice/4/cache/breeze/150/sfx2/res/symphony/sidebar-navigator-large.png
soffice.bin /config/.config/libreoffice/4/cache/breeze/150/sfx2/res/symphony/sidebar-functions-large.png
soffice.bin /config/.config/libreoffice/4/cache/breeze/150/sfx2/res/symphony/sidebar-functions-large.png
soffice.bin /usr/lib/libreoffice/share/config/soffice.cfg/sfx/ui/tabbutton.ui
soffice.bin /usr/lib/libreoffice/share/config/soffice.cfg/sfx/ui/tabbutton.ui
soffice.bin /usr/lib/libreoffice/share/config/soffice.cfg/sfx/ui/tabbutton.ui
soffice.bin /usr/lib/libreoffice/share/config/soffice.cfg/sfx/ui/tabbutton.ui
soffice.bin /usr/lib/libreoffice/share/config/soffice.cfg/sfx/ui/tabbutton.ui
soffice.bin /config/.config/libreoffice/4/cache/breeze/150/sfx2/res/symphony/sidebar-property-large.png
soffice.bin /config/.config/libreoffice/4/cache/breeze/150/sfx2/res/symphony/sidebar-property-large.png
soffice.bin /config/.config/libreoffice/4/cache/breeze/150/sfx2/res/symphony/sidebar-style-large.png
soffice.bin /config/.config/libreoffice/4/cache/breeze/150/sfx2/res/symphony/sidebar-style-large.png
soffice.bin /config/.config/libreoffice/4/cache/breeze/150/sfx2/res/symphony/sidebar-gallery-large.png
soffice.bin /config/.config/libreoffice/4/cache/breeze/150/sfx2/res/symphony/sidebar-gallery-large.png
soffice.bin /config/.config/libreoffice/4/cache/breeze/150/sfx2/res/symphony/sidebar-navigator-large.png
soffice.bin /config/.config/libreoffice/4/cache/breeze/150/sfx2/res/symphony/sidebar-navigator-large.png
soffice.bin /config/.config/libreoffice/4/cache/breeze/150/sfx2/res/symphony/sidebar-functions-large.png
soffice.bin /config/.config/libreoffice/4/cache/breeze/150/sfx2/res/symphony/sidebar-functions-large.png
soffice.bin /config/.config/libreoffice/4/cache/breeze/150/sfx2/res/symphony/sidebar-property-large.png
soffice.bin /config/.config/libreoffice/4/cache/breeze/150/sfx2/res/symphony/sidebar-property-large.png
soffice.bin /config/.config/libreoffice/4/cache/breeze/150/sfx2/res/symphony/sidebar-style-large.png
soffice.bin /config/.config/libreoffice/4/cache/breeze/150/sfx2/res/symphony/sidebar-style-large.png
soffice.bin /config/.config/libreoffice/4/cache/breeze/150/sfx2/res/symphony/sidebar-functions-large.png
soffice.bin /config/.config/libreoffice/4/cache/breeze/150/sfx2/res/symphony/sidebar-functions-large.png
configmgrWriter /config/.config/libreoffice/4/user/NLoBfP
xclip /etc/ld.so.cache
xclip /lib/x86_64-linux-gnu/libXmu.so.6
xclip /lib/x86_64-linux-gnu/libX11.so.6
xclip /lib/x86_64-linux-gnu/libc.so.6
xclip /lib/x86_64-linux-gnu/libXt.so.6
xclip /lib/x86_64-linux-gnu/libXext.so.6
xclip /lib/x86_64-linux-gnu/libxcb.so.1
xclip /lib/x86_64-linux-gnu/libSM.so.6
xclip /lib/x86_64-linux-gnu/libICE.so.6
xclip /lib/x86_64-linux-gnu/libXau.so.6
xclip /lib/x86_64-linux-gnu/libXdmcp.so.6
xclip /lib/x86_64-linux-gnu/libuuid.so.1
xclip /lib/x86_64-linux-gnu/libbsd.so.0
xclip /lib/x86_64-linux-gnu/libmd.so.0
xclip /usr/share/X11/locale/locale.alias
xclip /usr/share/X11/locale/locale.dir
xclip /usr/share/X11/locale/C/XLC_LOCALE
xclip /usr/share/X11/locale/locale.alias
xclip /usr/share/X11/locale/locale.dir
xclip /usr/share/X11/locale/C/XLC_LOCALE
Xvfb /proc/1883/cmdline
selkies /proc/stat
selkies /proc/meminfo
xclip /etc/ld.so.cache
xclip /lib/x86_64-linux-gnu/libXmu.so.6
xclip /lib/x86_64-linux-gnu/libX11.so.6
xclip /lib/x86_64-linux-gnu/libc.so.6
xclip /lib/x86_64-linux-gnu/libXt.so.6
xclip /lib/x86_64-linux-gnu/libXext.so.6
xclip /lib/x86_64-linux-gnu/libxcb.so.1
xclip /lib/x86_64-linux-gnu/libSM.so.6
xclip /lib/x86_64-linux-gnu/libICE.so.6
xclip /lib/x86_64-linux-gnu/libXau.so.6
xclip /lib/x86_64-linux-gnu/libXdmcp.so.6
xclip /lib/x86_64-linux-gnu/libuuid.so.1
xclip /lib/x86_64-linux-gnu/libbsd.so.0
xclip /lib/x86_64-linux-gnu/libmd.so.0
xclip /usr/share/X11/locale/locale.alias
xclip /usr/share/X11/locale/locale.dir
xclip /usr/share/X11/locale/C/XLC_LOCALE
xclip /usr/share/X11/locale/locale.alias
xclip /usr/share/X11/locale/locale.dir
xclip /usr/share/X11/locale/C/XLC_LOCALE
Xvfb /proc/1892/cmdline
configmgrWriter /config/.config/libreoffice/4/user/i0iIJu
xdotool /etc/ld.so.cache
xdotool /lib/x86_64-linux-gnu/libxdo.so.3
xdotool /lib/x86_64-linux-gnu/libm.so.6
xdotool /lib/x86_64-linux-gnu/libX11.so.6
xdotool /lib/x86_64-linux-gnu/libc.so.6
xdotool /lib/x86_64-linux-gnu/libXtst.so.6
xdotool /lib/x86_64-linux-gnu/libXinerama.so.1
xdotool /lib/x86_64-linux-gnu/libxkbcommon.so.0
xdotool /lib/x86_64-linux-gnu/libxcb.so.1
xdotool /lib/x86_64-linux-gnu/libXext.so.6
xdotool /lib/x86_64-linux-gnu/libXau.so.6
xdotool /lib/x86_64-linux-gnu/libXdmcp.so.6
xdotool /lib/x86_64-linux-gnu/libbsd.so.0
xdotool /lib/x86_64-linux-gnu/libmd.so.0
Xvfb /proc/1894/cmdline
xdotool /usr/lib/locale/locale-archive
xdotool /usr/lib/x86_64-linux-gnu/gconv/gconv-modules.cache
soffice.bin /usr/lib/libreoffice/share/config/soffice.cfg/sfx/ui/tabbutton.ui
soffice.bin /usr/lib/libreoffice/share/config/soffice.cfg/sfx/ui/tabbutton.ui
soffice.bin /usr/lib/libreoffice/share/config/soffice.cfg/sfx/ui/tabbutton.ui
soffice.bin /usr/lib/libreoffice/share/config/soffice.cfg/sfx/ui/tabbutton.ui
soffice.bin /usr/lib/libreoffice/share/config/soffice.cfg/sfx/ui/tabbutton.ui
soffice.bin /config/.config/libreoffice/4/cache/breeze/150/sfx2/res/symphony/sidebar-property-large.png
soffice.bin /config/.config/libreoffice/4/cache/breeze/150/sfx2/res/symphony/sidebar-property-large.png
soffice.bin /config/.config/libreoffice/4/cache/breeze/150/sfx2/res/symphony/sidebar-style-large.png
soffice.bin /config/.config/libreoffice/4/cache/breeze/150/sfx2/res/symphony/sidebar-style-large.png
soffice.bin /config/.config/libreoffice/4/cache/breeze/150/sfx2/res/symphony/sidebar-gallery-large.png
soffice.bin /config/.config/libreoffice/4/cache/breeze/150/sfx2/res/symphony/sidebar-gallery-large.png
soffice.bin /config/.config/libreoffice/4/cache/breeze/150/sfx2/res/symphony/sidebar-navigator-large.png
soffice.bin /config/.config/libreoffice/4/cache/breeze/150/sfx2/res/symphony/sidebar-navigator-large.png
soffice.bin /config/.config/libreoffice/4/cache/breeze/150/sfx2/res/symphony/sidebar-functions-large.png
soffice.bin /config/.config/libreoffice/4/cache/breeze/150/sfx2/res/symphony/sidebar-functions-large.png
soffice.bin /usr/lib/libreoffice/share/config/soffice.cfg/sfx/ui/tabbutton.ui
soffice.bin /usr/lib/libreoffice/share/config/soffice.cfg/sfx/ui/tabbutton.ui
soffice.bin /usr/lib/libreoffice/share/config/soffice.cfg/sfx/ui/tabbutton.ui
soffice.bin /usr/lib/libreoffice/share/config/soffice.cfg/sfx/ui/tabbutton.ui
soffice.bin /usr/lib/libreoffice/share/config/soffice.cfg/sfx/ui/tabbutton.ui
soffice.bin /config/.config/libreoffice/4/cache/breeze/150/sfx2/res/symphony/sidebar-property-large.png
soffice.bin /config/.config/libreoffice/4/cache/breeze/150/sfx2/res/symphony/sidebar-property-large.png
soffice.bin /config/.config/libreoffice/4/cache/breeze/150/sfx2/res/symphony/sidebar-style-large.png
soffice.bin /config/.config/libreoffice/4/cache/breeze/150/sfx2/res/symphony/sidebar-style-large.png
soffice.bin /config/.config/libreoffice/4/cache/breeze/150/sfx2/res/symphony/sidebar-gallery-large.png
soffice.bin /config/.config/libreoffice/4/cache/breeze/150/sfx2/res/symphony/sidebar-gallery-large.png
soffice.bin /config/.config/libreoffice/4/cache/breeze/150/sfx2/res/symphony/sidebar-navigator-large.png
soffice.bin /config/.config/libreoffice/4/cache/breeze/150/sfx2/res/symphony/sidebar-navigator-large.png
soffice.bin /config/.config/libreoffice/4/cache/breeze/150/sfx2/res/symphony/sidebar-functions-large.png
soffice.bin /config/.config/libreoffice/4/cache/breeze/150/sfx2/res/symphony/sidebar-functions-large.png
soffice.bin /usr/lib/libreoffice/share/config/soffice.cfg/sfx/ui/tabbutton.ui
soffice.bin /usr/lib/libreoffice/share/config/soffice.cfg/sfx/ui/tabbutton.ui
soffice.bin /usr/lib/libreoffice/share/config/soffice.cfg/sfx/ui/tabbutton.ui
soffice.bin /usr/lib/libreoffice/share/config/soffice.cfg/sfx/ui/tabbutton.ui
soffice.bin /usr/lib/libreoffice/share/config/soffice.cfg/sfx/ui/tabbutton.ui
soffice.bin /config/.config/libreoffice/4/cache/breeze/150/sfx2/res/symphony/sidebar-property-large.png
soffice.bin /config/.config/libreoffice/4/cache/breeze/150/sfx2/res/symphony/sidebar-property-large.png
soffice.bin /config/.config/libreoffice/4/cache/breeze/150/sfx2/res/symphony/sidebar-style-large.png
soffice.bin /config/.config/libreoffice/4/cache/breeze/150/sfx2/res/symphony/sidebar-style-large.png
soffice.bin /config/.config/libreoffice/4/cache/breeze/150/sfx2/res/symphony/sidebar-gallery-large.png
soffice.bin /config/.config/libreoffice/4/cache/breeze/150/sfx2/res/symphony/sidebar-gallery-large.png
soffice.bin /config/.config/libreoffice/4/cache/breeze/150/sfx2/res/symphony/sidebar-navigator-large.png
soffice.bin /config/.config/libreoffice/4/cache/breeze/150/sfx2/res/symphony/sidebar-navigator-large.png
soffice.bin /config/.config/libreoffice/4/cache/breeze/150/sfx2/res/symphony/sidebar-functions-large.png
soffice.bin /config/.config/libreoffice/4/cache/breeze/150/sfx2/res/symphony/sidebar-functions-large.png
soffice.bin /config/.config/libreoffice/4/cache/breeze/150/sfx2/res/symphony/sidebar-property-large.png
soffice.bin /config/.config/libreoffice/4/cache/breeze/150/sfx2/res/symphony/sidebar-property-large.png
soffice.bin /config/.config/libreoffice/4/cache/breeze/150/sfx2/res/symphony/sidebar-style-large.png
soffice.bin /config/.config/libreoffice/4/cache/breeze/150/sfx2/res/symphony/sidebar-style-large.png
soffice.bin /config/.config/libreoffice/4/cache/breeze/150/sfx2/res/symphony/sidebar-functions-large.png
soffice.bin /config/.config/libreoffice/4/cache/breeze/150/sfx2/res/symphony/sidebar-functions-large.png
xclip /etc/ld.so.cache
xclip /lib/x86_64-linux-gnu/libXmu.so.6
xclip /lib/x86_64-linux-gnu/libX11.so.6
xclip /lib/x86_64-linux-gnu/libc.so.6
xclip /lib/x86_64-linux-gnu/libXt.so.6
xclip /lib/x86_64-linux-gnu/libXext.so.6
xclip /lib/x86_64-linux-gnu/libxcb.so.1
xclip /lib/x86_64-linux-gnu/libSM.so.6
xclip /lib/x86_64-linux-gnu/libICE.so.6
xclip /lib/x86_64-linux-gnu/libXau.so.6
xclip /lib/x86_64-linux-gnu/libXdmcp.so.6
xclip /lib/x86_64-linux-gnu/libuuid.so.1
xclip /lib/x86_64-linux-gnu/libbsd.so.0
xdotool /etc/ld.so.cache
xdotool /lib/x86_64-linux-gnu/libxdo.so.3
xclip /lib/x86_64-linux-gnu/libmd.so.0
xdotool /lib/x86_64-linux-gnu/libm.so.6
xdotool /lib/x86_64-linux-gnu/libX11.so.6
xdotool /lib/x86_64-linux-gnu/libc.so.6
xdotool /lib/x86_64-linux-gnu/libXtst.so.6
xdotool /lib/x86_64-linux-gnu/libXinerama.so.1
xdotool /lib/x86_64-linux-gnu/libxkbcommon.so.0
xclip /usr/share/X11/locale/locale.alias
xdotool /lib/x86_64-linux-gnu/libxcb.so.1
xdotool /lib/x86_64-linux-gnu/libXext.so.6
xdotool /lib/x86_64-linux-gnu/libXau.so.6
xdotool /lib/x86_64-linux-gnu/libXdmcp.so.6
xclip /usr/share/X11/locale/locale.dir
xclip /usr/share/X11/locale/C/XLC_LOCALE
xdotool /lib/x86_64-linux-gnu/libbsd.so.0
xclip /usr/share/X11/locale/locale.alias
xdotool /lib/x86_64-linux-gnu/libmd.so.0
xclip /usr/share/X11/locale/locale.dir
xclip /usr/share/X11/locale/C/XLC_LOCALE
Xvfb /proc/1897/cmdline
Xvfb /proc/1896/cmdline
xdotool /usr/lib/locale/locale-archive
xdotool /usr/lib/x86_64-linux-gnu/gconv/gconv-modules.cache
soffice.bin /usr/lib/libreoffice/share/config/soffice.cfg/sfx/ui/tabbutton.ui
soffice.bin /usr/lib/libreoffice/share/config/soffice.cfg/sfx/ui/tabbutton.ui
soffice.bin /usr/lib/libreoffice/share/config/soffice.cfg/sfx/ui/tabbutton.ui
soffice.bin /usr/lib/libreoffice/share/config/soffice.cfg/sfx/ui/tabbutton.ui
soffice.bin /usr/lib/libreoffice/share/config/soffice.cfg/sfx/ui/tabbutton.ui
soffice.bin /config/.config/libreoffice/4/cache/breeze/150/sfx2/res/symphony/sidebar-property-large.png
soffice.bin /config/.config/libreoffice/4/cache/breeze/150/sfx2/res/symphony/sidebar-property-large.png
soffice.bin /config/.config/libreoffice/4/cache/breeze/150/sfx2/res/symphony/sidebar-style-large.png
soffice.bin /config/.config/libreoffice/4/cache/breeze/150/sfx2/res/symphony/sidebar-style-large.png
soffice.bin /config/.config/libreoffice/4/cache/breeze/150/sfx2/res/symphony/sidebar-gallery-large.png
soffice.bin /config/.config/libreoffice/4/cache/breeze/150/sfx2/res/symphony/sidebar-gallery-large.png
soffice.bin /config/.config/libreoffice/4/cache/breeze/150/sfx2/res/symphony/sidebar-navigator-large.png
soffice.bin /config/.config/libreoffice/4/cache/breeze/150/sfx2/res/symphony/sidebar-navigator-large.png
soffice.bin /config/.config/libreoffice/4/cache/breeze/150/sfx2/res/symphony/sidebar-functions-large.png
soffice.bin /config/.config/libreoffice/4/cache/breeze/150/sfx2/res/symphony/sidebar-functions-large.png
soffice.bin /usr/lib/libreoffice/share/config/soffice.cfg/sfx/ui/tabbutton.ui
soffice.bin /usr/lib/libreoffice/share/config/soffice.cfg/sfx/ui/tabbutton.ui
soffice.bin /usr/lib/libreoffice/share/config/soffice.cfg/sfx/ui/tabbutton.ui
soffice.bin /usr/lib/libreoffice/share/config/soffice.cfg/sfx/ui/tabbutton.ui
soffice.bin /usr/lib/libreoffice/share/config/soffice.cfg/sfx/ui/tabbutton.ui
soffice.bin /config/.config/libreoffice/4/cache/breeze/150/sfx2/res/symphony/sidebar-property-large.png
soffice.bin /config/.config/libreoffice/4/cache/breeze/150/sfx2/res/symphony/sidebar-property-large.png
soffice.bin /config/.config/libreoffice/4/cache/breeze/150/sfx2/res/symphony/sidebar-style-large.png
soffice.bin /config/.config/libreoffice/4/cache/breeze/150/sfx2/res/symphony/sidebar-style-large.png
soffice.bin /config/.config/libreoffice/4/cache/breeze/150/sfx2/res/symphony/sidebar-gallery-large.png
soffice.bin /config/.config/libreoffice/4/cache/breeze/150/sfx2/res/symphony/sidebar-gallery-large.png
soffice.bin /config/.config/libreoffice/4/cache/breeze/150/sfx2/res/symphony/sidebar-navigator-large.png
soffice.bin /config/.config/libreoffice/4/cache/breeze/150/sfx2/res/symphony/sidebar-navigator-large.png
soffice.bin /config/.config/libreoffice/4/cache/breeze/150/sfx2/res/symphony/sidebar-functions-large.png
soffice.bin /config/.config/libreoffice/4/cache/breeze/150/sfx2/res/symphony/sidebar-functions-large.png
soffice.bin /config/.config/libreoffice/4/cache/breeze/150/sfx2/res/symphony/sidebar-property-large.png
soffice.bin /config/.config/libreoffice/4/cache/breeze/150/sfx2/res/symphony/sidebar-property-large.png
soffice.bin /config/.config/libreoffice/4/cache/breeze/150/sfx2/res/symphony/sidebar-style-large.png
soffice.bin /config/.config/libreoffice/4/cache/breeze/150/sfx2/res/symphony/sidebar-style-large.png
soffice.bin /config/.config/libreoffice/4/cache/breeze/150/sfx2/res/symphony/sidebar-functions-large.png
soffice.bin /config/.config/libreoffice/4/cache/breeze/150/sfx2/res/symphony/sidebar-functions-large.png
selkies /proc/stat
selkies /proc/meminfo
xclip /etc/ld.so.cache
xclip /lib/x86_64-linux-gnu/libXmu.so.6
xclip /lib/x86_64-linux-gnu/libX11.so.6
xclip /lib/x86_64-linux-gnu/libc.so.6
xclip /lib/x86_64-linux-gnu/libXt.so.6
xclip /lib/x86_64-linux-gnu/libXext.so.6
xclip /lib/x86_64-linux-gnu/libxcb.so.1
xclip /lib/x86_64-linux-gnu/libSM.so.6
xclip /lib/x86_64-linux-gnu/libICE.so.6
xclip /lib/x86_64-linux-gnu/libXau.so.6
xclip /lib/x86_64-linux-gnu/libXdmcp.so.6
xclip /lib/x86_64-linux-gnu/libuuid.so.1
xclip /lib/x86_64-linux-gnu/libbsd.so.0
xclip /lib/x86_64-linux-gnu/libmd.so.0
xclip /usr/share/X11/locale/locale.alias
xclip /usr/share/X11/locale/locale.dir
xclip /usr/share/X11/locale/C/XLC_LOCALE
xclip /usr/share/X11/locale/locale.alias
xclip /usr/share/X11/locale/locale.dir
xclip /usr/share/X11/locale/C/XLC_LOCALE
Xvfb /proc/1909/cmdline
xclip /etc/ld.so.cache
xclip /lib/x86_64-linux-gnu/libXmu.so.6
xclip /lib/x86_64-linux-gnu/libX11.so.6
xclip /lib/x86_64-linux-gnu/libc.so.6
xclip /lib/x86_64-linux-gnu/libXt.so.6
xclip /lib/x86_64-linux-gnu/libXext.so.6
xclip /lib/x86_64-linux-gnu/libxcb.so.1
xclip /lib/x86_64-linux-gnu/libSM.so.6
xclip /lib/x86_64-linux-gnu/libICE.so.6
xclip /lib/x86_64-linux-gnu/libXau.so.6
xclip /lib/x86_64-linux-gnu/libXdmcp.so.6
xclip /lib/x86_64-linux-gnu/libuuid.so.1
xclip /lib/x86_64-linux-gnu/libbsd.so.0
xclip /lib/x86_64-linux-gnu/libmd.so.0
xclip /usr/share/X11/locale/locale.alias
xclip /usr/share/X11/locale/locale.dir
xclip /usr/share/X11/locale/C/XLC_LOCALE
xclip /usr/share/X11/locale/locale.alias
xclip /usr/share/X11/locale/locale.dir
xclip /usr/share/X11/locale/C/XLC_LOCALE
Xvfb /proc/1910/cmdline
xdotool /etc/ld.so.cache
xdotool /lib/x86_64-linux-gnu/libxdo.so.3
xdotool /lib/x86_64-linux-gnu/libm.so.6
xdotool /lib/x86_64-linux-gnu/libX11.so.6
xdotool /lib/x86_64-linux-gnu/libc.so.6
xdotool /lib/x86_64-linux-gnu/libXtst.so.6
xdotool /lib/x86_64-linux-gnu/libXinerama.so.1
xdotool /lib/x86_64-linux-gnu/libxkbcommon.so.0
xdotool /lib/x86_64-linux-gnu/libxcb.so.1
xdotool /lib/x86_64-linux-gnu/libXext.so.6
xdotool /lib/x86_64-linux-gnu/libXau.so.6
xdotool /lib/x86_64-linux-gnu/libXdmcp.so.6
xdotool /lib/x86_64-linux-gnu/libbsd.so.0
xdotool /lib/x86_64-linux-gnu/libmd.so.0
Xvfb /proc/1911/cmdline
xdotool /usr/lib/locale/locale-archive
xdotool /usr/lib/x86_64-linux-gnu/gconv/gconv-modules.cache
soffice.bin /usr/lib/libreoffice/share/config/soffice.cfg/sfx/ui/tabbutton.ui
soffice.bin /usr/lib/libreoffice/share/config/soffice.cfg/sfx/ui/tabbutton.ui
soffice.bin /usr/lib/libreoffice/share/config/soffice.cfg/sfx/ui/tabbutton.ui
soffice.bin /usr/lib/libreoffice/share/config/soffice.cfg/sfx/ui/tabbutton.ui
soffice.bin /usr/lib/libreoffice/share/config/soffice.cfg/sfx/ui/tabbutton.ui
soffice.bin /config/.config/libreoffice/4/cache/breeze/150/sfx2/res/symphony/sidebar-property-large.png
soffice.bin /config/.config/libreoffice/4/cache/breeze/150/sfx2/res/symphony/sidebar-property-large.png
soffice.bin /config/.config/libreoffice/4/cache/breeze/150/sfx2/res/symphony/sidebar-style-large.png
soffice.bin /config/.config/libreoffice/4/cache/breeze/150/sfx2/res/symphony/sidebar-style-large.png
soffice.bin /config/.config/libreoffice/4/cache/breeze/150/sfx2/res/symphony/sidebar-gallery-large.png
soffice.bin /config/.config/libreoffice/4/cache/breeze/150/sfx2/res/symphony/sidebar-gallery-large.png
soffice.bin /config/.config/libreoffice/4/cache/breeze/150/sfx2/res/symphony/sidebar-navigator-large.png
soffice.bin /config/.config/libreoffice/4/cache/breeze/150/sfx2/res/symphony/sidebar-navigator-large.png
soffice.bin /config/.config/libreoffice/4/cache/breeze/150/sfx2/res/symphony/sidebar-functions-large.png
soffice.bin /config/.config/libreoffice/4/cache/breeze/150/sfx2/res/symphony/sidebar-functions-large.png
configmgrWriter /config/.config/libreoffice/4/user/05Mzuz
soffice.bin /usr/lib/libreoffice/share/config/soffice.cfg/sfx/ui/tabbutton.ui
soffice.bin /usr/lib/libreoffice/share/config/soffice.cfg/sfx/ui/tabbutton.ui
soffice.bin /usr/lib/libreoffice/share/config/soffice.cfg/sfx/ui/tabbutton.ui
soffice.bin /usr/lib/libreoffice/share/config/soffice.cfg/sfx/ui/tabbutton.ui
soffice.bin /usr/lib/libreoffice/share/config/soffice.cfg/sfx/ui/tabbutton.ui
soffice.bin /config/.config/libreoffice/4/cache/breeze/150/sfx2/res/symphony/sidebar-property-large.png
soffice.bin /config/.config/libreoffice/4/cache/breeze/150/sfx2/res/symphony/sidebar-property-large.png
soffice.bin /config/.config/libreoffice/4/cache/breeze/150/sfx2/res/symphony/sidebar-style-large.png
soffice.bin /config/.config/libreoffice/4/cache/breeze/150/sfx2/res/symphony/sidebar-style-large.png
soffice.bin /config/.config/libreoffice/4/cache/breeze/150/sfx2/res/symphony/sidebar-gallery-large.png
soffice.bin /config/.config/libreoffice/4/cache/breeze/150/sfx2/res/symphony/sidebar-gallery-large.png
soffice.bin /config/.config/libreoffice/4/cache/breeze/150/sfx2/res/symphony/sidebar-navigator-large.png
soffice.bin /config/.config/libreoffice/4/cache/breeze/150/sfx2/res/symphony/sidebar-navigator-large.png
soffice.bin /config/.config/libreoffice/4/cache/breeze/150/sfx2/res/symphony/sidebar-functions-large.png
soffice.bin /config/.config/libreoffice/4/cache/breeze/150/sfx2/res/symphony/sidebar-functions-large.png
soffice.bin /usr/lib/libreoffice/share/config/soffice.cfg/sfx/ui/tabbutton.ui
soffice.bin /usr/lib/libreoffice/share/config/soffice.cfg/sfx/ui/tabbutton.ui
soffice.bin /usr/lib/libreoffice/share/config/soffice.cfg/sfx/ui/tabbutton.ui
soffice.bin /usr/lib/libreoffice/share/config/soffice.cfg/sfx/ui/tabbutton.ui
soffice.bin /usr/lib/libreoffice/share/config/soffice.cfg/sfx/ui/tabbutton.ui
soffice.bin /config/.config/libreoffice/4/cache/breeze/150/sfx2/res/symphony/sidebar-property-large.png
soffice.bin /config/.config/libreoffice/4/cache/breeze/150/sfx2/res/symphony/sidebar-property-large.png
soffice.bin /config/.config/libreoffice/4/cache/breeze/150/sfx2/res/symphony/sidebar-style-large.png
soffice.bin /config/.config/libreoffice/4/cache/breeze/150/sfx2/res/symphony/sidebar-style-large.png
soffice.bin /config/.config/libreoffice/4/cache/breeze/150/sfx2/res/symphony/sidebar-gallery-large.png
soffice.bin /config/.config/libreoffice/4/cache/breeze/150/sfx2/res/symphony/sidebar-gallery-large.png
soffice.bin /config/.config/libreoffice/4/cache/breeze/150/sfx2/res/symphony/sidebar-navigator-large.png
soffice.bin /config/.config/libreoffice/4/cache/breeze/150/sfx2/res/symphony/sidebar-navigator-large.png
soffice.bin /config/.config/libreoffice/4/cache/breeze/150/sfx2/res/symphony/sidebar-functions-large.png
soffice.bin /config/.config/libreoffice/4/cache/breeze/150/sfx2/res/symphony/sidebar-functions-large.png
soffice.bin /config/.config/libreoffice/4/cache/breeze/150/sfx2/res/symphony/sidebar-property-large.png
soffice.bin /config/.config/libreoffice/4/cache/breeze/150/sfx2/res/symphony/sidebar-property-large.png
soffice.bin /config/.config/libreoffice/4/cache/breeze/150/sfx2/res/symphony/sidebar-style-large.png
soffice.bin /config/.config/libreoffice/4/cache/breeze/150/sfx2/res/symphony/sidebar-style-large.png
soffice.bin /config/.config/libreoffice/4/cache/breeze/150/sfx2/res/symphony/sidebar-functions-large.png
soffice.bin /config/.config/libreoffice/4/cache/breeze/150/sfx2/res/symphony/sidebar-functions-large.png
selkies /proc/stat
selkies /proc/meminfo
xclip /etc/ld.so.cache
xclip /lib/x86_64-linux-gnu/libXmu.so.6
xclip /lib/x86_64-linux-gnu/libX11.so.6
xclip /lib/x86_64-linux-gnu/libc.so.6
xclip /lib/x86_64-linux-gnu/libXt.so.6
xclip /lib/x86_64-linux-gnu/libXext.so.6
xclip /lib/x86_64-linux-gnu/libxcb.so.1
xclip /lib/x86_64-linux-gnu/libSM.so.6
xclip /lib/x86_64-linux-gnu/libICE.so.6
xclip /lib/x86_64-linux-gnu/libXau.so.6
xclip /lib/x86_64-linux-gnu/libXdmcp.so.6
xclip /lib/x86_64-linux-gnu/libuuid.so.1
xclip /lib/x86_64-linux-gnu/libbsd.so.0
xclip /lib/x86_64-linux-gnu/libmd.so.0
xclip /usr/share/X11/locale/locale.alias
xclip /usr/share/X11/locale/locale.dir
xclip /usr/share/X11/locale/C/XLC_LOCALE
xclip /usr/share/X11/locale/locale.alias
xclip /usr/share/X11/locale/locale.dir
xclip /usr/share/X11/locale/C/XLC_LOCALE
Xvfb /proc/1916/cmdline
xclip /etc/ld.so.cache
xclip /lib/x86_64-linux-gnu/libXmu.so.6
xclip /lib/x86_64-linux-gnu/libX11.so.6
xclip /lib/x86_64-linux-gnu/libc.so.6
xclip /lib/x86_64-linux-gnu/libXt.so.6
xclip /lib/x86_64-linux-gnu/libXext.so.6
xclip /lib/x86_64-linux-gnu/libxcb.so.1
xclip /lib/x86_64-linux-gnu/libSM.so.6
xclip /lib/x86_64-linux-gnu/libICE.so.6
xclip /lib/x86_64-linux-gnu/libXau.so.6
xclip /lib/x86_64-linux-gnu/libXdmcp.so.6
xclip /lib/x86_64-linux-gnu/libuuid.so.1
xclip /lib/x86_64-linux-gnu/libbsd.so.0
xclip /lib/x86_64-linux-gnu/libmd.so.0
xclip /usr/share/X11/locale/locale.alias
xclip /usr/share/X11/locale/locale.dir
xclip /usr/share/X11/locale/C/XLC_LOCALE
xclip /usr/share/X11/locale/locale.alias
xclip /usr/share/X11/locale/locale.dir
xclip /usr/share/X11/locale/C/XLC_LOCALE
Xvfb /proc/1924/cmdline
xdotool /etc/ld.so.cache
xdotool /lib/x86_64-linux-gnu/libxdo.so.3
xdotool /lib/x86_64-linux-gnu/libm.so.6
xdotool /lib/x86_64-linux-gnu/libX11.so.6
xdotool /lib/x86_64-linux-gnu/libc.so.6
xdotool /lib/x86_64-linux-gnu/libXtst.so.6
xdotool /lib/x86_64-linux-gnu/libXinerama.so.1
xdotool /lib/x86_64-linux-gnu/libxkbcommon.so.0
xdotool /lib/x86_64-linux-gnu/libxcb.so.1
xdotool /lib/x86_64-linux-gnu/libXext.so.6
xdotool /lib/x86_64-linux-gnu/libXau.so.6
xdotool /lib/x86_64-linux-gnu/libXdmcp.so.6
xdotool /lib/x86_64-linux-gnu/libbsd.so.0
xdotool /lib/x86_64-linux-gnu/libmd.so.0
Xvfb /proc/1926/cmdline
xdotool /usr/lib/locale/locale-archive
xdotool /usr/lib/x86_64-linux-gnu/gconv/gconv-modules.cache
selkies /proc/stat
selkies /proc/meminfo
xdotool /etc/ld.so.cache
xdotool /lib/x86_64-linux-gnu/libxdo.so.3
xdotool /lib/x86_64-linux-gnu/libm.so.6
xdotool /lib/x86_64-linux-gnu/libX11.so.6
xdotool /lib/x86_64-linux-gnu/libc.so.6
xdotool /lib/x86_64-linux-gnu/libXtst.so.6
xdotool /lib/x86_64-linux-gnu/libXinerama.so.1
xdotool /lib/x86_64-linux-gnu/libxkbcommon.so.0
xdotool /lib/x86_64-linux-gnu/libxcb.so.1
xdotool /lib/x86_64-linux-gnu/libXext.so.6
xdotool /lib/x86_64-linux-gnu/libXau.so.6
xdotool /lib/x86_64-linux-gnu/libXdmcp.so.6
xdotool /lib/x86_64-linux-gnu/libbsd.so.0
xdotool /lib/x86_64-linux-gnu/libmd.so.0
Xvfb /proc/1933/cmdline
xdotool /usr/lib/locale/locale-archive
xdotool /usr/lib/x86_64-linux-gnu/gconv/gconv-modules.cache
configmgrWriter /config/.config/libreoffice/4/user/xc5zq3
xclip /etc/ld.so.cache
xclip /lib/x86_64-linux-gnu/libXmu.so.6
xclip /lib/x86_64-linux-gnu/libX11.so.6
xclip /lib/x86_64-linux-gnu/libc.so.6
xclip /lib/x86_64-linux-gnu/libXt.so.6
xclip /lib/x86_64-linux-gnu/libXext.so.6
xclip /lib/x86_64-linux-gnu/libxcb.so.1
xclip /lib/x86_64-linux-gnu/libSM.so.6
xclip /lib/x86_64-linux-gnu/libICE.so.6
xclip /lib/x86_64-linux-gnu/libXau.so.6
xclip /lib/x86_64-linux-gnu/libXdmcp.so.6
xclip /lib/x86_64-linux-gnu/libuuid.so.1
xclip /lib/x86_64-linux-gnu/libbsd.so.0
xclip /lib/x86_64-linux-gnu/libmd.so.0
xclip /usr/share/X11/locale/locale.alias
xclip /usr/share/X11/locale/locale.dir
xclip /usr/share/X11/locale/C/XLC_LOCALE
xclip /usr/share/X11/locale/locale.alias
xclip /usr/share/X11/locale/locale.dir
xclip /usr/share/X11/locale/C/XLC_LOCALE
Xvfb /proc/1936/cmdline
soffice.bin /usr/lib/libreoffice/share/config/soffice.cfg/sfx/ui/tabbutton.ui
soffice.bin /usr/lib/libreoffice/share/config/soffice.cfg/sfx/ui/tabbutton.ui
soffice.bin /usr/lib/libreoffice/share/config/soffice.cfg/sfx/ui/tabbutton.ui
soffice.bin /usr/lib/libreoffice/share/config/soffice.cfg/sfx/ui/tabbutton.ui
soffice.bin /usr/lib/libreoffice/share/config/soffice.cfg/sfx/ui/tabbutton.ui
soffice.bin /config/.config/libreoffice/4/cache/breeze/150/sfx2/res/symphony/sidebar-property-large.png
soffice.bin /config/.config/libreoffice/4/cache/breeze/150/sfx2/res/symphony/sidebar-property-large.png
soffice.bin /config/.config/libreoffice/4/cache/breeze/150/sfx2/res/symphony/sidebar-style-large.png
soffice.bin /config/.config/libreoffice/4/cache/breeze/150/sfx2/res/symphony/sidebar-style-large.png
soffice.bin /config/.config/libreoffice/4/cache/breeze/150/sfx2/res/symphony/sidebar-gallery-large.png
soffice.bin /config/.config/libreoffice/4/cache/breeze/150/sfx2/res/symphony/sidebar-gallery-large.png
soffice.bin /config/.config/libreoffice/4/cache/breeze/150/sfx2/res/symphony/sidebar-navigator-large.png
soffice.bin /config/.config/libreoffice/4/cache/breeze/150/sfx2/res/symphony/sidebar-navigator-large.png
soffice.bin /config/.config/libreoffice/4/cache/breeze/150/sfx2/res/symphony/sidebar-functions-large.png
soffice.bin /config/.config/libreoffice/4/cache/breeze/150/sfx2/res/symphony/sidebar-functions-large.png
soffice.bin /usr/lib/libreoffice/share/config/soffice.cfg/sfx/ui/tabbutton.ui
soffice.bin /usr/lib/libreoffice/share/config/soffice.cfg/sfx/ui/tabbutton.ui
soffice.bin /usr/lib/libreoffice/share/config/soffice.cfg/sfx/ui/tabbutton.ui
soffice.bin /usr/lib/libreoffice/share/config/soffice.cfg/sfx/ui/tabbutton.ui
soffice.bin /usr/lib/libreoffice/share/config/soffice.cfg/sfx/ui/tabbutton.ui
soffice.bin /config/.config/libreoffice/4/cache/breeze/150/sfx2/res/symphony/sidebar-property-large.png
soffice.bin /config/.config/libreoffice/4/cache/breeze/150/sfx2/res/symphony/sidebar-property-large.png
soffice.bin /config/.config/libreoffice/4/cache/breeze/150/sfx2/res/symphony/sidebar-style-large.png
soffice.bin /config/.config/libreoffice/4/cache/breeze/150/sfx2/res/symphony/sidebar-style-large.png
soffice.bin /config/.config/libreoffice/4/cache/breeze/150/sfx2/res/symphony/sidebar-gallery-large.png
soffice.bin /config/.config/libreoffice/4/cache/breeze/150/sfx2/res/symphony/sidebar-gallery-large.png
soffice.bin /config/.config/libreoffice/4/cache/breeze/150/sfx2/res/symphony/sidebar-navigator-large.png
soffice.bin /config/.config/libreoffice/4/cache/breeze/150/sfx2/res/symphony/sidebar-navigator-large.png
soffice.bin /config/.config/libreoffice/4/cache/breeze/150/sfx2/res/symphony/sidebar-functions-large.png
soffice.bin /config/.config/libreoffice/4/cache/breeze/150/sfx2/res/symphony/sidebar-functions-large.png
soffice.bin /config/.config/libreoffice/4/cache/breeze/150/sfx2/res/symphony/sidebar-property-large.png
soffice.bin /config/.config/libreoffice/4/cache/breeze/150/sfx2/res/symphony/sidebar-property-large.png
soffice.bin /config/.config/libreoffice/4/cache/breeze/150/sfx2/res/symphony/sidebar-style-large.png
soffice.bin /config/.config/libreoffice/4/cache/breeze/150/sfx2/res/symphony/sidebar-style-large.png
soffice.bin /config/.config/libreoffice/4/cache/breeze/150/sfx2/res/symphony/sidebar-functions-large.png
soffice.bin /config/.config/libreoffice/4/cache/breeze/150/sfx2/res/symphony/sidebar-functions-large.png
xclip /etc/ld.so.cache
xclip /lib/x86_64-linux-gnu/libXmu.so.6
xclip /lib/x86_64-linux-gnu/libX11.so.6
xclip /lib/x86_64-linux-gnu/libc.so.6
xclip /lib/x86_64-linux-gnu/libXt.so.6
xclip /lib/x86_64-linux-gnu/libXext.so.6
xclip /lib/x86_64-linux-gnu/libxcb.so.1
xclip /lib/x86_64-linux-gnu/libSM.so.6
xclip /lib/x86_64-linux-gnu/libICE.so.6
xclip /lib/x86_64-linux-gnu/libXau.so.6
xclip /lib/x86_64-linux-gnu/libXdmcp.so.6
xclip /lib/x86_64-linux-gnu/libuuid.so.1
xclip /lib/x86_64-linux-gnu/libbsd.so.0
xclip /lib/x86_64-linux-gnu/libmd.so.0
xclip /usr/share/X11/locale/locale.alias
xclip /usr/share/X11/locale/locale.dir
xclip /usr/share/X11/locale/C/XLC_LOCALE
xclip /usr/share/X11/locale/locale.alias
xclip /usr/share/X11/locale/locale.dir
xclip /usr/share/X11/locale/C/XLC_LOCALE
Xvfb /proc/1944/cmdline
selkies /proc/stat
selkies /proc/meminfo
xdotool /etc/ld.so.cache
xdotool /lib/x86_64-linux-gnu/libxdo.so.3
xdotool /lib/x86_64-linux-gnu/libm.so.6
xdotool /lib/x86_64-linux-gnu/libX11.so.6
xdotool /lib/x86_64-linux-gnu/libc.so.6
xdotool /lib/x86_64-linux-gnu/libXtst.so.6
xdotool /lib/x86_64-linux-gnu/libXinerama.so.1
xdotool /lib/x86_64-linux-gnu/libxkbcommon.so.0
xdotool /lib/x86_64-linux-gnu/libxcb.so.1
xdotool /lib/x86_64-linux-gnu/libXext.so.6
xdotool /lib/x86_64-linux-gnu/libXau.so.6
xdotool /lib/x86_64-linux-gnu/libXdmcp.so.6
xdotool /lib/x86_64-linux-gnu/libbsd.so.0
xdotool /lib/x86_64-linux-gnu/libmd.so.0
Xvfb /proc/1945/cmdline
xdotool /usr/lib/locale/locale-archive
xdotool /usr/lib/x86_64-linux-gnu/gconv/gconv-modules.cache
soffice.bin /usr/lib/libreoffice/share/config/soffice.cfg/sfx/ui/tabbutton.ui
soffice.bin /usr/lib/libreoffice/share/config/soffice.cfg/sfx/ui/tabbutton.ui
soffice.bin /usr/lib/libreoffice/share/config/soffice.cfg/sfx/ui/tabbutton.ui
soffice.bin /usr/lib/libreoffice/share/config/soffice.cfg/sfx/ui/tabbutton.ui
soffice.bin /usr/lib/libreoffice/share/config/soffice.cfg/sfx/ui/tabbutton.ui
soffice.bin /config/.config/libreoffice/4/cache/breeze/150/sfx2/res/symphony/sidebar-property-large.png
soffice.bin /config/.config/libreoffice/4/cache/breeze/150/sfx2/res/symphony/sidebar-property-large.png
soffice.bin /config/.config/libreoffice/4/cache/breeze/150/sfx2/res/symphony/sidebar-style-large.png
soffice.bin /config/.config/libreoffice/4/cache/breeze/150/sfx2/res/symphony/sidebar-style-large.png
soffice.bin /config/.config/libreoffice/4/cache/breeze/150/sfx2/res/symphony/sidebar-gallery-large.png
soffice.bin /config/.config/libreoffice/4/cache/breeze/150/sfx2/res/symphony/sidebar-gallery-large.png
soffice.bin /config/.config/libreoffice/4/cache/breeze/150/sfx2/res/symphony/sidebar-navigator-large.png
soffice.bin /config/.config/libreoffice/4/cache/breeze/150/sfx2/res/symphony/sidebar-navigator-large.png
soffice.bin /config/.config/libreoffice/4/cache/breeze/150/sfx2/res/symphony/sidebar-functions-large.png
soffice.bin /config/.config/libreoffice/4/cache/breeze/150/sfx2/res/symphony/sidebar-functions-large.png
soffice.bin /usr/lib/libreoffice/share/config/soffice.cfg/sfx/ui/tabbutton.ui
soffice.bin /usr/lib/libreoffice/share/config/soffice.cfg/sfx/ui/tabbutton.ui
soffice.bin /usr/lib/libreoffice/share/config/soffice.cfg/sfx/ui/tabbutton.ui
soffice.bin /usr/lib/libreoffice/share/config/soffice.cfg/sfx/ui/tabbutton.ui
soffice.bin /usr/lib/libreoffice/share/config/soffice.cfg/sfx/ui/tabbutton.ui
soffice.bin /config/.config/libreoffice/4/cache/breeze/150/sfx2/res/symphony/sidebar-property-large.png
soffice.bin /config/.config/libreoffice/4/cache/breeze/150/sfx2/res/symphony/sidebar-property-large.png
soffice.bin /config/.config/libreoffice/4/cache/breeze/150/sfx2/res/symphony/sidebar-style-large.png
soffice.bin /config/.config/libreoffice/4/cache/breeze/150/sfx2/res/symphony/sidebar-style-large.png
soffice.bin /config/.config/libreoffice/4/cache/breeze/150/sfx2/res/symphony/sidebar-gallery-large.png
soffice.bin /config/.config/libreoffice/4/cache/breeze/150/sfx2/res/symphony/sidebar-gallery-large.png
soffice.bin /config/.config/libreoffice/4/cache/breeze/150/sfx2/res/symphony/sidebar-navigator-large.png
soffice.bin /config/.config/libreoffice/4/cache/breeze/150/sfx2/res/symphony/sidebar-navigator-large.png
soffice.bin /config/.config/libreoffice/4/cache/breeze/150/sfx2/res/symphony/sidebar-functions-large.png
soffice.bin /config/.config/libreoffice/4/cache/breeze/150/sfx2/res/symphony/sidebar-functions-large.png
soffice.bin /usr/lib/libreoffice/share/config/soffice.cfg/sfx/ui/tabbutton.ui
soffice.bin /usr/lib/libreoffice/share/config/soffice.cfg/sfx/ui/tabbutton.ui
soffice.bin /usr/lib/libreoffice/share/config/soffice.cfg/sfx/ui/tabbutton.ui
soffice.bin /usr/lib/libreoffice/share/config/soffice.cfg/sfx/ui/tabbutton.ui
soffice.bin /usr/lib/libreoffice/share/config/soffice.cfg/sfx/ui/tabbutton.ui
soffice.bin /config/.config/libreoffice/4/cache/breeze/150/sfx2/res/symphony/sidebar-property-large.png
soffice.bin /config/.config/libreoffice/4/cache/breeze/150/sfx2/res/symphony/sidebar-property-large.png
soffice.bin /config/.config/libreoffice/4/cache/breeze/150/sfx2/res/symphony/sidebar-style-large.png
soffice.bin /config/.config/libreoffice/4/cache/breeze/150/sfx2/res/symphony/sidebar-style-large.png
soffice.bin /config/.config/libreoffice/4/cache/breeze/150/sfx2/res/symphony/sidebar-gallery-large.png
soffice.bin /config/.config/libreoffice/4/cache/breeze/150/sfx2/res/symphony/sidebar-gallery-large.png
soffice.bin /config/.config/libreoffice/4/cache/breeze/150/sfx2/res/symphony/sidebar-navigator-large.png
soffice.bin /config/.config/libreoffice/4/cache/breeze/150/sfx2/res/symphony/sidebar-navigator-large.png
soffice.bin /config/.config/libreoffice/4/cache/breeze/150/sfx2/res/symphony/sidebar-functions-large.png
soffice.bin /config/.config/libreoffice/4/cache/breeze/150/sfx2/res/symphony/sidebar-functions-large.png
soffice.bin /config/.config/libreoffice/4/cache/breeze/150/sfx2/res/symphony/sidebar-property-large.png
soffice.bin /config/.config/libreoffice/4/cache/breeze/150/sfx2/res/symphony/sidebar-property-large.png
soffice.bin /config/.config/libreoffice/4/cache/breeze/150/sfx2/res/symphony/sidebar-style-large.png
soffice.bin /config/.config/libreoffice/4/cache/breeze/150/sfx2/res/symphony/sidebar-style-large.png
soffice.bin /config/.config/libreoffice/4/cache/breeze/150/sfx2/res/symphony/sidebar-functions-large.png
soffice.bin /config/.config/libreoffice/4/cache/breeze/150/sfx2/res/symphony/sidebar-functions-large.png
xdotool /etc/ld.so.cache
xdotool /lib/x86_64-linux-gnu/libxdo.so.3
xdotool /lib/x86_64-linux-gnu/libm.so.6
xdotool /lib/x86_64-linux-gnu/libX11.so.6
xdotool /lib/x86_64-linux-gnu/libc.so.6
xdotool /lib/x86_64-linux-gnu/libXtst.so.6
xdotool /lib/x86_64-linux-gnu/libXinerama.so.1
xdotool /lib/x86_64-linux-gnu/libxkbcommon.so.0
xdotool /lib/x86_64-linux-gnu/libxcb.so.1
xdotool /lib/x86_64-linux-gnu/libXext.so.6
xdotool /lib/x86_64-linux-gnu/libXau.so.6
xdotool /lib/x86_64-linux-gnu/libXdmcp.so.6
xdotool /lib/x86_64-linux-gnu/libbsd.so.0
xdotool /lib/x86_64-linux-gnu/libmd.so.0
Xvfb /proc/1955/cmdline
xdotool /usr/lib/locale/locale-archive
xdotool /usr/lib/x86_64-linux-gnu/gconv/gconv-modules.cache
xclip /etc/ld.so.cache
xclip /lib/x86_64-linux-gnu/libXmu.so.6
xclip /lib/x86_64-linux-gnu/libX11.so.6
xclip /lib/x86_64-linux-gnu/libc.so.6
xclip /lib/x86_64-linux-gnu/libXt.so.6
xclip /lib/x86_64-linux-gnu/libXext.so.6
xclip /lib/x86_64-linux-gnu/libxcb.so.1
xclip /lib/x86_64-linux-gnu/libSM.so.6
xclip /lib/x86_64-linux-gnu/libICE.so.6
xclip /lib/x86_64-linux-gnu/libXau.so.6
xclip /lib/x86_64-linux-gnu/libXdmcp.so.6
xclip /lib/x86_64-linux-gnu/libuuid.so.1
xclip /lib/x86_64-linux-gnu/libbsd.so.0
xclip /lib/x86_64-linux-gnu/libmd.so.0
xclip /usr/share/X11/locale/locale.alias
xclip /usr/share/X11/locale/locale.dir
xclip /usr/share/X11/locale/C/XLC_LOCALE
xclip /usr/share/X11/locale/locale.alias
xclip /usr/share/X11/locale/locale.dir
xclip /usr/share/X11/locale/C/XLC_LOCALE
Xvfb /proc/1956/cmdline
soffice.bin /usr/lib/libreoffice/share/config/soffice.cfg/sfx/ui/tabbutton.ui
soffice.bin /usr/lib/libreoffice/share/config/soffice.cfg/sfx/ui/tabbutton.ui
soffice.bin /usr/lib/libreoffice/share/config/soffice.cfg/sfx/ui/tabbutton.ui
soffice.bin /usr/lib/libreoffice/share/config/soffice.cfg/sfx/ui/tabbutton.ui
soffice.bin /usr/lib/libreoffice/share/config/soffice.cfg/sfx/ui/tabbutton.ui
soffice.bin /config/.config/libreoffice/4/cache/breeze/150/sfx2/res/symphony/sidebar-property-large.png
soffice.bin /config/.config/libreoffice/4/cache/breeze/150/sfx2/res/symphony/sidebar-property-large.png
soffice.bin /config/.config/libreoffice/4/cache/breeze/150/sfx2/res/symphony/sidebar-style-large.png
soffice.bin /config/.config/libreoffice/4/cache/breeze/150/sfx2/res/symphony/sidebar-style-large.png
soffice.bin /config/.config/libreoffice/4/cache/breeze/150/sfx2/res/symphony/sidebar-gallery-large.png
soffice.bin /config/.config/libreoffice/4/cache/breeze/150/sfx2/res/symphony/sidebar-gallery-large.png
soffice.bin /config/.config/libreoffice/4/cache/breeze/150/sfx2/res/symphony/sidebar-navigator-large.png
soffice.bin /config/.config/libreoffice/4/cache/breeze/150/sfx2/res/symphony/sidebar-navigator-large.png
soffice.bin /config/.config/libreoffice/4/cache/breeze/150/sfx2/res/symphony/sidebar-functions-large.png
soffice.bin /config/.config/libreoffice/4/cache/breeze/150/sfx2/res/symphony/sidebar-functions-large.png
soffice.bin /usr/lib/libreoffice/share/config/soffice.cfg/sfx/ui/tabbutton.ui
soffice.bin /usr/lib/libreoffice/share/config/soffice.cfg/sfx/ui/tabbutton.ui
soffice.bin /usr/lib/libreoffice/share/config/soffice.cfg/sfx/ui/tabbutton.ui
soffice.bin /usr/lib/libreoffice/share/config/soffice.cfg/sfx/ui/tabbutton.ui
soffice.bin /usr/lib/libreoffice/share/config/soffice.cfg/sfx/ui/tabbutton.ui
soffice.bin /config/.config/libreoffice/4/cache/breeze/150/sfx2/res/symphony/sidebar-property-large.png
soffice.bin /config/.config/libreoffice/4/cache/breeze/150/sfx2/res/symphony/sidebar-property-large.png
soffice.bin /config/.config/libreoffice/4/cache/breeze/150/sfx2/res/symphony/sidebar-style-large.png
soffice.bin /config/.config/libreoffice/4/cache/breeze/150/sfx2/res/symphony/sidebar-style-large.png
soffice.bin /config/.config/libreoffice/4/cache/breeze/150/sfx2/res/symphony/sidebar-gallery-large.png
soffice.bin /config/.config/libreoffice/4/cache/breeze/150/sfx2/res/symphony/sidebar-gallery-large.png
soffice.bin /config/.config/libreoffice/4/cache/breeze/150/sfx2/res/symphony/sidebar-navigator-large.png
soffice.bin /config/.config/libreoffice/4/cache/breeze/150/sfx2/res/symphony/sidebar-navigator-large.png
soffice.bin /config/.config/libreoffice/4/cache/breeze/150/sfx2/res/symphony/sidebar-functions-large.png
soffice.bin /config/.config/libreoffice/4/cache/breeze/150/sfx2/res/symphony/sidebar-functions-large.png
soffice.bin /config/.config/libreoffice/4/cache/breeze/150/sfx2/res/symphony/sidebar-property-large.png
soffice.bin /config/.config/libreoffice/4/cache/breeze/150/sfx2/res/symphony/sidebar-property-large.png
soffice.bin /config/.config/libreoffice/4/cache/breeze/150/sfx2/res/symphony/sidebar-style-large.png
soffice.bin /config/.config/libreoffice/4/cache/breeze/150/sfx2/res/symphony/sidebar-style-large.png
soffice.bin /config/.config/libreoffice/4/cache/breeze/150/sfx2/res/symphony/sidebar-functions-large.png
soffice.bin /config/.config/libreoffice/4/cache/breeze/150/sfx2/res/symphony/sidebar-functions-large.png
xdotool /etc/ld.so.cache
xdotool /lib/x86_64-linux-gnu/libxdo.so.3
xdotool /lib/x86_64-linux-gnu/libm.so.6
xdotool /lib/x86_64-linux-gnu/libX11.so.6
xdotool /lib/x86_64-linux-gnu/libc.so.6
xdotool /lib/x86_64-linux-gnu/libXtst.so.6
xdotool /lib/x86_64-linux-gnu/libXinerama.so.1
xdotool /lib/x86_64-linux-gnu/libxkbcommon.so.0
xdotool /lib/x86_64-linux-gnu/libxcb.so.1
xdotool /lib/x86_64-linux-gnu/libXext.so.6
xdotool /lib/x86_64-linux-gnu/libXau.so.6
xdotool /lib/x86_64-linux-gnu/libXdmcp.so.6
xdotool /lib/x86_64-linux-gnu/libbsd.so.0
xdotool /lib/x86_64-linux-gnu/libmd.so.0
Xvfb /proc/1960/cmdline
xdotool /usr/lib/locale/locale-archive
xdotool /usr/lib/x86_64-linux-gnu/gconv/gconv-modules.cache
soffice.bin /usr/lib/libreoffice/share/config/soffice.cfg/sfx/ui/tabbutton.ui
soffice.bin /usr/lib/libreoffice/share/config/soffice.cfg/sfx/ui/tabbutton.ui
soffice.bin /usr/lib/libreoffice/share/config/soffice.cfg/sfx/ui/tabbutton.ui
soffice.bin /usr/lib/libreoffice/share/config/soffice.cfg/sfx/ui/tabbutton.ui
soffice.bin /usr/lib/libreoffice/share/config/soffice.cfg/sfx/ui/tabbutton.ui
soffice.bin /config/.config/libreoffice/4/cache/breeze/150/sfx2/res/symphony/sidebar-property-large.png
soffice.bin /config/.config/libreoffice/4/cache/breeze/150/sfx2/res/symphony/sidebar-property-large.png
soffice.bin /config/.config/libreoffice/4/cache/breeze/150/sfx2/res/symphony/sidebar-style-large.png
soffice.bin /config/.config/libreoffice/4/cache/breeze/150/sfx2/res/symphony/sidebar-style-large.png
soffice.bin /config/.config/libreoffice/4/cache/breeze/150/sfx2/res/symphony/sidebar-gallery-large.png
soffice.bin /config/.config/libreoffice/4/cache/breeze/150/sfx2/res/symphony/sidebar-gallery-large.png
soffice.bin /config/.config/libreoffice/4/cache/breeze/150/sfx2/res/symphony/sidebar-navigator-large.png
soffice.bin /config/.config/libreoffice/4/cache/breeze/150/sfx2/res/symphony/sidebar-navigator-large.png
soffice.bin /config/.config/libreoffice/4/cache/breeze/150/sfx2/res/symphony/sidebar-functions-large.png
soffice.bin /config/.config/libreoffice/4/cache/breeze/150/sfx2/res/symphony/sidebar-functions-large.png
soffice.bin /usr/lib/libreoffice/share/config/soffice.cfg/sfx/ui/tabbutton.ui
soffice.bin /usr/lib/libreoffice/share/config/soffice.cfg/sfx/ui/tabbutton.ui
soffice.bin /usr/lib/libreoffice/share/config/soffice.cfg/sfx/ui/tabbutton.ui
soffice.bin /usr/lib/libreoffice/share/config/soffice.cfg/sfx/ui/tabbutton.ui
soffice.bin /usr/lib/libreoffice/share/config/soffice.cfg/sfx/ui/tabbutton.ui
soffice.bin /config/.config/libreoffice/4/cache/breeze/150/sfx2/res/symphony/sidebar-property-large.png
soffice.bin /config/.config/libreoffice/4/cache/breeze/150/sfx2/res/symphony/sidebar-property-large.png
soffice.bin /config/.config/libreoffice/4/cache/breeze/150/sfx2/res/symphony/sidebar-style-large.png
soffice.bin /config/.config/libreoffice/4/cache/breeze/150/sfx2/res/symphony/sidebar-style-large.png
soffice.bin /config/.config/libreoffice/4/cache/breeze/150/sfx2/res/symphony/sidebar-gallery-large.png
soffice.bin /config/.config/libreoffice/4/cache/breeze/150/sfx2/res/symphony/sidebar-gallery-large.png
soffice.bin /config/.config/libreoffice/4/cache/breeze/150/sfx2/res/symphony/sidebar-navigator-large.png
soffice.bin /config/.config/libreoffice/4/cache/breeze/150/sfx2/res/symphony/sidebar-navigator-large.png
soffice.bin /config/.config/libreoffice/4/cache/breeze/150/sfx2/res/symphony/sidebar-functions-large.png
soffice.bin /config/.config/libreoffice/4/cache/breeze/150/sfx2/res/symphony/sidebar-functions-large.png
soffice.bin /usr/lib/libreoffice/share/config/soffice.cfg/sfx/ui/tabbutton.ui
soffice.bin /usr/lib/libreoffice/share/config/soffice.cfg/sfx/ui/tabbutton.ui
soffice.bin /usr/lib/libreoffice/share/config/soffice.cfg/sfx/ui/tabbutton.ui
soffice.bin /usr/lib/libreoffice/share/config/soffice.cfg/sfx/ui/tabbutton.ui
soffice.bin /usr/lib/libreoffice/share/config/soffice.cfg/sfx/ui/tabbutton.ui
soffice.bin /config/.config/libreoffice/4/cache/breeze/150/sfx2/res/symphony/sidebar-property-large.png
soffice.bin /config/.config/libreoffice/4/cache/breeze/150/sfx2/res/symphony/sidebar-property-large.png
soffice.bin /config/.config/libreoffice/4/cache/breeze/150/sfx2/res/symphony/sidebar-style-large.png
soffice.bin /config/.config/libreoffice/4/cache/breeze/150/sfx2/res/symphony/sidebar-style-large.png
soffice.bin /config/.config/libreoffice/4/cache/breeze/150/sfx2/res/symphony/sidebar-gallery-large.png
soffice.bin /config/.config/libreoffice/4/cache/breeze/150/sfx2/res/symphony/sidebar-gallery-large.png
soffice.bin /config/.config/libreoffice/4/cache/breeze/150/sfx2/res/symphony/sidebar-navigator-large.png
soffice.bin /config/.config/libreoffice/4/cache/breeze/150/sfx2/res/symphony/sidebar-navigator-large.png
soffice.bin /config/.config/libreoffice/4/cache/breeze/150/sfx2/res/symphony/sidebar-functions-large.png
soffice.bin /config/.config/libreoffice/4/cache/breeze/150/sfx2/res/symphony/sidebar-functions-large.png
soffice.bin /config/.config/libreoffice/4/cache/breeze/150/sfx2/res/symphony/sidebar-property-large.png
soffice.bin /config/.config/libreoffice/4/cache/breeze/150/sfx2/res/symphony/sidebar-property-large.png
soffice.bin /config/.config/libreoffice/4/cache/breeze/150/sfx2/res/symphony/sidebar-style-large.png
soffice.bin /config/.config/libreoffice/4/cache/breeze/150/sfx2/res/symphony/sidebar-style-large.png
soffice.bin /config/.config/libreoffice/4/cache/breeze/150/sfx2/res/symphony/sidebar-functions-large.png
soffice.bin /config/.config/libreoffice/4/cache/breeze/150/sfx2/res/symphony/sidebar-functions-large.png
xclip /etc/ld.so.cache
xclip /lib/x86_64-linux-gnu/libXmu.so.6
xclip /lib/x86_64-linux-gnu/libX11.so.6
xclip /lib/x86_64-linux-gnu/libc.so.6
xclip /lib/x86_64-linux-gnu/libXt.so.6
xclip /lib/x86_64-linux-gnu/libXext.so.6
xclip /lib/x86_64-linux-gnu/libxcb.so.1
xclip /lib/x86_64-linux-gnu/libSM.so.6
xclip /lib/x86_64-linux-gnu/libICE.so.6
xclip /lib/x86_64-linux-gnu/libXau.so.6
xclip /lib/x86_64-linux-gnu/libXdmcp.so.6
xclip /lib/x86_64-linux-gnu/libuuid.so.1
xclip /lib/x86_64-linux-gnu/libbsd.so.0
xclip /lib/x86_64-linux-gnu/libmd.so.0
xclip /usr/share/X11/locale/locale.alias
xclip /usr/share/X11/locale/locale.dir
xclip /usr/share/X11/locale/C/XLC_LOCALE
xclip /usr/share/X11/locale/locale.alias
xclip /usr/share/X11/locale/locale.dir
xclip /usr/share/X11/locale/C/XLC_LOCALE
Xvfb /proc/1963/cmdline
selkies /proc/stat
selkies /proc/meminfo
xdotool /etc/ld.so.cache
xdotool /lib/x86_64-linux-gnu/libxdo.so.3
xdotool /lib/x86_64-linux-gnu/libm.so.6
xdotool /lib/x86_64-linux-gnu/libX11.so.6
xdotool /lib/x86_64-linux-gnu/libc.so.6
xdotool /lib/x86_64-linux-gnu/libXtst.so.6
xdotool /lib/x86_64-linux-gnu/libXinerama.so.1
xdotool /lib/x86_64-linux-gnu/libxkbcommon.so.0
xdotool /lib/x86_64-linux-gnu/libxcb.so.1
xdotool /lib/x86_64-linux-gnu/libXext.so.6
xdotool /lib/x86_64-linux-gnu/libXau.so.6
xdotool /lib/x86_64-linux-gnu/libXdmcp.so.6
xdotool /lib/x86_64-linux-gnu/libbsd.so.0
xdotool /lib/x86_64-linux-gnu/libmd.so.0
Xvfb /proc/1969/cmdline
xdotool /usr/lib/locale/locale-archive
xdotool /usr/lib/x86_64-linux-gnu/gconv/gconv-modules.cache
xdotool /etc/ld.so.cache
xdotool /lib/x86_64-linux-gnu/libxdo.so.3
xdotool /lib/x86_64-linux-gnu/libm.so.6
xdotool /lib/x86_64-linux-gnu/libX11.so.6
xdotool /lib/x86_64-linux-gnu/libc.so.6
xdotool /lib/x86_64-linux-gnu/libXtst.so.6
xdotool /lib/x86_64-linux-gnu/libXinerama.so.1
xdotool /lib/x86_64-linux-gnu/libxkbcommon.so.0
xdotool /lib/x86_64-linux-gnu/libxcb.so.1
xdotool /lib/x86_64-linux-gnu/libXext.so.6
xdotool /lib/x86_64-linux-gnu/libXau.so.6
xdotool /lib/x86_64-linux-gnu/libXdmcp.so.6
xdotool /lib/x86_64-linux-gnu/libbsd.so.0
xdotool /lib/x86_64-linux-gnu/libmd.so.0
Xvfb /proc/1970/cmdline
xdotool /usr/lib/locale/locale-archive
xdotool /usr/lib/x86_64-linux-gnu/gconv/gconv-modules.cache
configmgrWriter /config/.config/libreoffice/4/user/8mFDGp
xclip /etc/ld.so.cache
xclip /lib/x86_64-linux-gnu/libXmu.so.6
xclip /lib/x86_64-linux-gnu/libX11.so.6
xclip /lib/x86_64-linux-gnu/libc.so.6
xclip /lib/x86_64-linux-gnu/libXt.so.6
xclip /lib/x86_64-linux-gnu/libXext.so.6
xclip /lib/x86_64-linux-gnu/libxcb.so.1
xclip /lib/x86_64-linux-gnu/libSM.so.6
xclip /lib/x86_64-linux-gnu/libICE.so.6
xclip /lib/x86_64-linux-gnu/libXau.so.6
xclip /lib/x86_64-linux-gnu/libXdmcp.so.6
xclip /lib/x86_64-linux-gnu/libuuid.so.1
xclip /lib/x86_64-linux-gnu/libbsd.so.0
xclip /lib/x86_64-linux-gnu/libmd.so.0
xclip /usr/share/X11/locale/locale.alias
xclip /usr/share/X11/locale/locale.dir
xclip /usr/share/X11/locale/C/XLC_LOCALE
xclip /usr/share/X11/locale/locale.alias
xclip /usr/share/X11/locale/locale.dir
xclip /usr/share/X11/locale/C/XLC_LOCALE
Xvfb /proc/1976/cmdline
xclip /etc/ld.so.cache
xclip /lib/x86_64-linux-gnu/libXmu.so.6
xclip /lib/x86_64-linux-gnu/libX11.so.6
xclip /lib/x86_64-linux-gnu/libc.so.6
xclip /lib/x86_64-linux-gnu/libXt.so.6
xclip /lib/x86_64-linux-gnu/libXext.so.6
xclip /lib/x86_64-linux-gnu/libxcb.so.1
xclip /lib/x86_64-linux-gnu/libSM.so.6
xclip /lib/x86_64-linux-gnu/libICE.so.6
xclip /lib/x86_64-linux-gnu/libXau.so.6
xclip /lib/x86_64-linux-gnu/libXdmcp.so.6
xclip /lib/x86_64-linux-gnu/libuuid.so.1
xclip /lib/x86_64-linux-gnu/libbsd.so.0
xclip /lib/x86_64-linux-gnu/libmd.so.0
xclip /usr/share/X11/locale/locale.alias
xclip /usr/share/X11/locale/locale.dir
xclip /usr/share/X11/locale/C/XLC_LOCALE
xclip /usr/share/X11/locale/locale.alias
xclip /usr/share/X11/locale/locale.dir
xclip /usr/share/X11/locale/C/XLC_LOCALE
Xvfb /proc/1985/cmdline
selkies /proc/stat
selkies /proc/meminfo
configmgrWriter /config/.config/libreoffice/4/user/KLy00Z
xclip /etc/ld.so.cache
xclip /lib/x86_64-linux-gnu/libXmu.so.6
xclip /lib/x86_64-linux-gnu/libX11.so.6
xclip /lib/x86_64-linux-gnu/libc.so.6
xclip /lib/x86_64-linux-gnu/libXt.so.6
xclip /lib/x86_64-linux-gnu/libXext.so.6
xclip /lib/x86_64-linux-gnu/libxcb.so.1
xclip /lib/x86_64-linux-gnu/libSM.so.6
xclip /lib/x86_64-linux-gnu/libICE.so.6
xclip /lib/x86_64-linux-gnu/libXau.so.6
xclip /lib/x86_64-linux-gnu/libXdmcp.so.6
xclip /lib/x86_64-linux-gnu/libuuid.so.1
xclip /lib/x86_64-linux-gnu/libbsd.so.0
xclip /lib/x86_64-linux-gnu/libmd.so.0
xclip /usr/share/X11/locale/locale.alias
xclip /usr/share/X11/locale/locale.dir
xclip /usr/share/X11/locale/C/XLC_LOCALE
xclip /usr/share/X11/locale/locale.alias
xclip /usr/share/X11/locale/locale.dir
xclip /usr/share/X11/locale/C/XLC_LOCALE
Xvfb /proc/1991/cmdline
soffice.bin /config/.icons/breeze_cursors/cursors/ibeam
soffice.bin /config/.icons/breeze_cursors/index.theme
soffice.bin /usr/share/icons/breeze_cursors/cursors/ibeam
xclip /etc/ld.so.cache
xclip /lib/x86_64-linux-gnu/libXmu.so.6
xclip /lib/x86_64-linux-gnu/libX11.so.6
xclip /lib/x86_64-linux-gnu/libc.so.6
xclip /lib/x86_64-linux-gnu/libXt.so.6
xclip /lib/x86_64-linux-gnu/libXext.so.6
xclip /lib/x86_64-linux-gnu/libxcb.so.1
xclip /lib/x86_64-linux-gnu/libSM.so.6
xclip /lib/x86_64-linux-gnu/libICE.so.6
xclip /lib/x86_64-linux-gnu/libXau.so.6
xclip /lib/x86_64-linux-gnu/libXdmcp.so.6
xclip /lib/x86_64-linux-gnu/libuuid.so.1
xclip /lib/x86_64-linux-gnu/libbsd.so.0
xclip /lib/x86_64-linux-gnu/libmd.so.0
xclip /usr/share/X11/locale/locale.alias
xclip /usr/share/X11/locale/locale.dir
xclip /usr/share/X11/locale/C/XLC_LOCALE
xclip /usr/share/X11/locale/locale.alias
xclip /usr/share/X11/locale/locale.dir
xclip /usr/share/X11/locale/C/XLC_LOCALE
Xvfb /proc/2000/cmdline
selkies /proc/stat
selkies /proc/meminfo
xclip /etc/ld.so.cache
xclip /lib/x86_64-linux-gnu/libXmu.so.6
xclip /lib/x86_64-linux-gnu/libX11.so.6
xclip /lib/x86_64-linux-gnu/libc.so.6
xclip /lib/x86_64-linux-gnu/libXt.so.6
xclip /lib/x86_64-linux-gnu/libXext.so.6
xclip /lib/x86_64-linux-gnu/libxcb.so.1
xclip /lib/x86_64-linux-gnu/libSM.so.6
xclip /lib/x86_64-linux-gnu/libICE.so.6
xclip /lib/x86_64-linux-gnu/libXau.so.6
xclip /lib/x86_64-linux-gnu/libXdmcp.so.6
xclip /lib/x86_64-linux-gnu/libuuid.so.1
xclip /lib/x86_64-linux-gnu/libbsd.so.0
xclip /lib/x86_64-linux-gnu/libmd.so.0
xclip /usr/share/X11/locale/locale.alias
xclip /usr/share/X11/locale/locale.dir
xclip /usr/share/X11/locale/C/XLC_LOCALE
xclip /usr/share/X11/locale/locale.alias
xclip /usr/share/X11/locale/locale.dir
xclip /usr/share/X11/locale/C/XLC_LOCALE
Xvfb /proc/2014/cmdline
xclip /etc/ld.so.cache
xclip /lib/x86_64-linux-gnu/libXmu.so.6
xclip /lib/x86_64-linux-gnu/libX11.so.6
xclip /lib/x86_64-linux-gnu/libc.so.6
selkies /proc/stat
xclip /lib/x86_64-linux-gnu/libXt.so.6
selkies /proc/meminfo
xclip /lib/x86_64-linux-gnu/libXext.so.6
xclip /lib/x86_64-linux-gnu/libxcb.so.1
xclip /lib/x86_64-linux-gnu/libSM.so.6
xclip /lib/x86_64-linux-gnu/libICE.so.6
xclip /lib/x86_64-linux-gnu/libXau.so.6
xclip /lib/x86_64-linux-gnu/libXdmcp.so.6
xclip /lib/x86_64-linux-gnu/libuuid.so.1
xclip /lib/x86_64-linux-gnu/libbsd.so.0
xclip /lib/x86_64-linux-gnu/libmd.so.0
xclip /usr/share/X11/locale/locale.alias
xclip /usr/share/X11/locale/locale.dir
xclip /usr/share/X11/locale/C/XLC_LOCALE
xclip /usr/share/X11/locale/locale.alias
xclip /usr/share/X11/locale/locale.dir
xclip /usr/share/X11/locale/C/XLC_LOCALE
Xvfb /proc/2017/cmdline
soffice.bin /usr/lib/libreoffice/share/config/soffice.cfg/sfx/ui/tabbutton.ui
soffice.bin /usr/lib/libreoffice/share/config/soffice.cfg/sfx/ui/tabbutton.ui
soffice.bin /usr/lib/libreoffice/share/config/soffice.cfg/sfx/ui/tabbutton.ui
soffice.bin /usr/lib/libreoffice/share/config/soffice.cfg/sfx/ui/tabbutton.ui
soffice.bin /usr/lib/libreoffice/share/config/soffice.cfg/sfx/ui/tabbutton.ui
soffice.bin /config/.config/libreoffice/4/cache/breeze/150/sfx2/res/symphony/sidebar-property-large.png
soffice.bin /config/.config/libreoffice/4/cache/breeze/150/sfx2/res/symphony/sidebar-property-large.png
soffice.bin /config/.config/libreoffice/4/cache/breeze/150/sfx2/res/symphony/sidebar-style-large.png
soffice.bin /config/.config/libreoffice/4/cache/breeze/150/sfx2/res/symphony/sidebar-style-large.png
soffice.bin /config/.config/libreoffice/4/cache/breeze/150/sfx2/res/symphony/sidebar-gallery-large.png
soffice.bin /config/.config/libreoffice/4/cache/breeze/150/sfx2/res/symphony/sidebar-gallery-large.png
soffice.bin /config/.config/libreoffice/4/cache/breeze/150/sfx2/res/symphony/sidebar-navigator-large.png
soffice.bin /config/.config/libreoffice/4/cache/breeze/150/sfx2/res/symphony/sidebar-navigator-large.png
soffice.bin /config/.config/libreoffice/4/cache/breeze/150/sfx2/res/symphony/sidebar-functions-large.png
soffice.bin /config/.config/libreoffice/4/cache/breeze/150/sfx2/res/symphony/sidebar-functions-large.png
soffice.bin /usr/lib/libreoffice/share/config/soffice.cfg/sfx/ui/tabbutton.ui
soffice.bin /usr/lib/libreoffice/share/config/soffice.cfg/sfx/ui/tabbutton.ui
soffice.bin /usr/lib/libreoffice/share/config/soffice.cfg/sfx/ui/tabbutton.ui
soffice.bin /usr/lib/libreoffice/share/config/soffice.cfg/sfx/ui/tabbutton.ui
soffice.bin /usr/lib/libreoffice/share/config/soffice.cfg/sfx/ui/tabbutton.ui
soffice.bin /config/.config/libreoffice/4/cache/breeze/150/sfx2/res/symphony/sidebar-property-large.png
soffice.bin /config/.config/libreoffice/4/cache/breeze/150/sfx2/res/symphony/sidebar-property-large.png
soffice.bin /config/.config/libreoffice/4/cache/breeze/150/sfx2/res/symphony/sidebar-style-large.png
soffice.bin /config/.config/libreoffice/4/cache/breeze/150/sfx2/res/symphony/sidebar-style-large.png
soffice.bin /config/.config/libreoffice/4/cache/breeze/150/sfx2/res/symphony/sidebar-gallery-large.png
soffice.bin /config/.config/libreoffice/4/cache/breeze/150/sfx2/res/symphony/sidebar-gallery-large.png
soffice.bin /config/.config/libreoffice/4/cache/breeze/150/sfx2/res/symphony/sidebar-navigator-large.png
soffice.bin /config/.config/libreoffice/4/cache/breeze/150/sfx2/res/symphony/sidebar-navigator-large.png
soffice.bin /config/.config/libreoffice/4/cache/breeze/150/sfx2/res/symphony/sidebar-functions-large.png
soffice.bin /config/.config/libreoffice/4/cache/breeze/150/sfx2/res/symphony/sidebar-functions-large.png
soffice.bin /config/.config/libreoffice/4/cache/breeze/150/sfx2/res/symphony/sidebar-property-large.png
soffice.bin /config/.config/libreoffice/4/cache/breeze/150/sfx2/res/symphony/sidebar-property-large.png
soffice.bin /config/.config/libreoffice/4/cache/breeze/150/sfx2/res/symphony/sidebar-style-large.png
soffice.bin /config/.config/libreoffice/4/cache/breeze/150/sfx2/res/symphony/sidebar-style-large.png
soffice.bin /config/.config/libreoffice/4/cache/breeze/150/sfx2/res/symphony/sidebar-functions-large.png
soffice.bin /config/.config/libreoffice/4/cache/breeze/150/sfx2/res/symphony/sidebar-functions-large.png
xclip /etc/ld.so.cache
xclip /lib/x86_64-linux-gnu/libXmu.so.6
xclip /lib/x86_64-linux-gnu/libX11.so.6
xclip /lib/x86_64-linux-gnu/libc.so.6
xclip /lib/x86_64-linux-gnu/libXt.so.6
xclip /lib/x86_64-linux-gnu/libXext.so.6
xclip /lib/x86_64-linux-gnu/libxcb.so.1
xclip /lib/x86_64-linux-gnu/libSM.so.6
xclip /lib/x86_64-linux-gnu/libICE.so.6
xclip /lib/x86_64-linux-gnu/libXau.so.6
xclip /lib/x86_64-linux-gnu/libXdmcp.so.6
xclip /lib/x86_64-linux-gnu/libuuid.so.1
xclip /lib/x86_64-linux-gnu/libbsd.so.0
xclip /lib/x86_64-linux-gnu/libmd.so.0
xclip /usr/share/X11/locale/locale.alias
xclip /usr/share/X11/locale/locale.dir
xclip /usr/share/X11/locale/C/XLC_LOCALE
xclip /usr/share/X11/locale/locale.alias
xclip /usr/share/X11/locale/locale.dir
xclip /usr/share/X11/locale/C/XLC_LOCALE
Xvfb /proc/2025/cmdline
soffice.bin /config/.icons/breeze_cursors/cursors/cross
soffice.bin /config/.icons/breeze_cursors/index.theme
soffice.bin /usr/share/icons/breeze_cursors/cursors/cross
selkies /proc/stat
selkies /proc/meminfo
xclip /etc/ld.so.cache
xclip /lib/x86_64-linux-gnu/libXmu.so.6
xclip /lib/x86_64-linux-gnu/libX11.so.6
xclip /lib/x86_64-linux-gnu/libc.so.6
xclip /lib/x86_64-linux-gnu/libXt.so.6
xclip /lib/x86_64-linux-gnu/libXext.so.6
xclip /lib/x86_64-linux-gnu/libxcb.so.1
xclip /lib/x86_64-linux-gnu/libSM.so.6
xclip /lib/x86_64-linux-gnu/libICE.so.6
xclip /lib/x86_64-linux-gnu/libXau.so.6
xclip /lib/x86_64-linux-gnu/libXdmcp.so.6
xclip /lib/x86_64-linux-gnu/libuuid.so.1
xclip /lib/x86_64-linux-gnu/libbsd.so.0
xclip /lib/x86_64-linux-gnu/libmd.so.0
xclip /usr/share/X11/locale/locale.alias
xclip /usr/share/X11/locale/locale.dir
xclip /usr/share/X11/locale/C/XLC_LOCALE
xclip /usr/share/X11/locale/locale.alias
xclip /usr/share/X11/locale/locale.dir
xclip /usr/share/X11/locale/C/XLC_LOCALE
Xvfb /proc/2035/cmdline
configmgrWriter /config/.config/libreoffice/4/user/yFeqk4
xclip /etc/ld.so.cache
xclip /lib/x86_64-linux-gnu/libXmu.so.6
xclip /lib/x86_64-linux-gnu/libX11.so.6
xclip /lib/x86_64-linux-gnu/libc.so.6
xclip /lib/x86_64-linux-gnu/libXt.so.6
xclip /lib/x86_64-linux-gnu/libXext.so.6
xclip /lib/x86_64-linux-gnu/libxcb.so.1
xclip /lib/x86_64-linux-gnu/libSM.so.6
xclip /lib/x86_64-linux-gnu/libICE.so.6
xclip /lib/x86_64-linux-gnu/libXau.so.6
xclip /lib/x86_64-linux-gnu/libXdmcp.so.6
xclip /lib/x86_64-linux-gnu/libuuid.so.1
xclip /lib/x86_64-linux-gnu/libbsd.so.0
xclip /lib/x86_64-linux-gnu/libmd.so.0
xclip /usr/share/X11/locale/locale.alias
xclip /usr/share/X11/locale/locale.dir
xclip /usr/share/X11/locale/C/XLC_LOCALE
xclip /usr/share/X11/locale/locale.alias
xclip /usr/share/X11/locale/locale.dir
xclip /usr/share/X11/locale/C/XLC_LOCALE
Xvfb /proc/2036/cmdline
selkies /proc/stat
selkies /proc/meminfo
soffice.bin /usr/lib/libreoffice/share/config/soffice.cfg/sfx/ui/tabbutton.ui
soffice.bin /usr/lib/libreoffice/share/config/soffice.cfg/sfx/ui/tabbutton.ui
soffice.bin /usr/lib/libreoffice/share/config/soffice.cfg/sfx/ui/tabbutton.ui
soffice.bin /usr/lib/libreoffice/share/config/soffice.cfg/sfx/ui/tabbutton.ui
soffice.bin /usr/lib/libreoffice/share/config/soffice.cfg/sfx/ui/tabbutton.ui
soffice.bin /config/.config/libreoffice/4/cache/breeze/150/sfx2/res/symphony/sidebar-property-large.png
soffice.bin /config/.config/libreoffice/4/cache/breeze/150/sfx2/res/symphony/sidebar-property-large.png
soffice.bin /config/.config/libreoffice/4/cache/breeze/150/sfx2/res/symphony/sidebar-style-large.png
soffice.bin /config/.config/libreoffice/4/cache/breeze/150/sfx2/res/symphony/sidebar-style-large.png
soffice.bin /config/.config/libreoffice/4/cache/breeze/150/sfx2/res/symphony/sidebar-gallery-large.png
soffice.bin /config/.config/libreoffice/4/cache/breeze/150/sfx2/res/symphony/sidebar-gallery-large.png
soffice.bin /config/.config/libreoffice/4/cache/breeze/150/sfx2/res/symphony/sidebar-navigator-large.png
soffice.bin /config/.config/libreoffice/4/cache/breeze/150/sfx2/res/symphony/sidebar-navigator-large.png
soffice.bin /config/.config/libreoffice/4/cache/breeze/150/sfx2/res/symphony/sidebar-functions-large.png
soffice.bin /config/.config/libreoffice/4/cache/breeze/150/sfx2/res/symphony/sidebar-functions-large.png
soffice.bin /usr/lib/libreoffice/share/config/soffice.cfg/sfx/ui/tabbutton.ui
soffice.bin /usr/lib/libreoffice/share/config/soffice.cfg/sfx/ui/tabbutton.ui
soffice.bin /usr/lib/libreoffice/share/config/soffice.cfg/sfx/ui/tabbutton.ui
soffice.bin /usr/lib/libreoffice/share/config/soffice.cfg/sfx/ui/tabbutton.ui
soffice.bin /usr/lib/libreoffice/share/config/soffice.cfg/sfx/ui/tabbutton.ui
soffice.bin /config/.config/libreoffice/4/cache/breeze/150/sfx2/res/symphony/sidebar-property-large.png
soffice.bin /config/.config/libreoffice/4/cache/breeze/150/sfx2/res/symphony/sidebar-property-large.png
soffice.bin /config/.config/libreoffice/4/cache/breeze/150/sfx2/res/symphony/sidebar-style-large.png
soffice.bin /config/.config/libreoffice/4/cache/breeze/150/sfx2/res/symphony/sidebar-style-large.png
soffice.bin /config/.config/libreoffice/4/cache/breeze/150/sfx2/res/symphony/sidebar-gallery-large.png
soffice.bin /config/.config/libreoffice/4/cache/breeze/150/sfx2/res/symphony/sidebar-gallery-large.png
soffice.bin /config/.config/libreoffice/4/cache/breeze/150/sfx2/res/symphony/sidebar-navigator-large.png
soffice.bin /config/.config/libreoffice/4/cache/breeze/150/sfx2/res/symphony/sidebar-navigator-large.png
soffice.bin /config/.config/libreoffice/4/cache/breeze/150/sfx2/res/symphony/sidebar-functions-large.png
soffice.bin /config/.config/libreoffice/4/cache/breeze/150/sfx2/res/symphony/sidebar-functions-large.png
soffice.bin /usr/lib/libreoffice/share/config/soffice.cfg/sfx/ui/tabbutton.ui
soffice.bin /usr/lib/libreoffice/share/config/soffice.cfg/sfx/ui/tabbutton.ui
soffice.bin /usr/lib/libreoffice/share/config/soffice.cfg/sfx/ui/tabbutton.ui
soffice.bin /usr/lib/libreoffice/share/config/soffice.cfg/sfx/ui/tabbutton.ui
soffice.bin /usr/lib/libreoffice/share/config/soffice.cfg/sfx/ui/tabbutton.ui
soffice.bin /config/.config/libreoffice/4/cache/breeze/150/sfx2/res/symphony/sidebar-property-large.png
soffice.bin /config/.config/libreoffice/4/cache/breeze/150/sfx2/res/symphony/sidebar-property-large.png
soffice.bin /config/.config/libreoffice/4/cache/breeze/150/sfx2/res/symphony/sidebar-style-large.png
soffice.bin /config/.config/libreoffice/4/cache/breeze/150/sfx2/res/symphony/sidebar-style-large.png
soffice.bin /config/.config/libreoffice/4/cache/breeze/150/sfx2/res/symphony/sidebar-gallery-large.png
soffice.bin /config/.config/libreoffice/4/cache/breeze/150/sfx2/res/symphony/sidebar-gallery-large.png
soffice.bin /config/.config/libreoffice/4/cache/breeze/150/sfx2/res/symphony/sidebar-navigator-large.png
soffice.bin /config/.config/libreoffice/4/cache/breeze/150/sfx2/res/symphony/sidebar-navigator-large.png
soffice.bin /config/.config/libreoffice/4/cache/breeze/150/sfx2/res/symphony/sidebar-functions-large.png
soffice.bin /config/.config/libreoffice/4/cache/breeze/150/sfx2/res/symphony/sidebar-functions-large.png
soffice.bin /config/.config/libreoffice/4/cache/breeze/150/sfx2/res/symphony/sidebar-property-large.png
soffice.bin /config/.config/libreoffice/4/cache/breeze/150/sfx2/res/symphony/sidebar-property-large.png
soffice.bin /config/.config/libreoffice/4/cache/breeze/150/sfx2/res/symphony/sidebar-style-large.png
soffice.bin /config/.config/libreoffice/4/cache/breeze/150/sfx2/res/symphony/sidebar-style-large.png
soffice.bin /config/.config/libreoffice/4/cache/breeze/150/sfx2/res/symphony/sidebar-functions-large.png
soffice.bin /config/.config/libreoffice/4/cache/breeze/150/sfx2/res/symphony/sidebar-functions-large.png
xclip /etc/ld.so.cache
xclip /lib/x86_64-linux-gnu/libXmu.so.6
xclip /lib/x86_64-linux-gnu/libX11.so.6
xclip /lib/x86_64-linux-gnu/libc.so.6
xclip /lib/x86_64-linux-gnu/libXt.so.6
xclip /lib/x86_64-linux-gnu/libXext.so.6
xclip /lib/x86_64-linux-gnu/libxcb.so.1
xclip /lib/x86_64-linux-gnu/libSM.so.6
xclip /lib/x86_64-linux-gnu/libICE.so.6
xclip /lib/x86_64-linux-gnu/libXau.so.6
xclip /lib/x86_64-linux-gnu/libXdmcp.so.6
xclip /lib/x86_64-linux-gnu/libuuid.so.1
xclip /lib/x86_64-linux-gnu/libbsd.so.0
xclip /lib/x86_64-linux-gnu/libmd.so.0
xclip /usr/share/X11/locale/locale.alias
xclip /usr/share/X11/locale/locale.dir
xclip /usr/share/X11/locale/C/XLC_LOCALE
xclip /usr/share/X11/locale/locale.alias
xclip /usr/share/X11/locale/locale.dir
xclip /usr/share/X11/locale/C/XLC_LOCALE
Xvfb /proc/2039/cmdline
soffice.bin /usr/lib/libreoffice/share/config/soffice.cfg/sfx/ui/tabbutton.ui
soffice.bin /usr/lib/libreoffice/share/config/soffice.cfg/sfx/ui/tabbutton.ui
soffice.bin /usr/lib/libreoffice/share/config/soffice.cfg/sfx/ui/tabbutton.ui
soffice.bin /usr/lib/libreoffice/share/config/soffice.cfg/sfx/ui/tabbutton.ui
soffice.bin /usr/lib/libreoffice/share/config/soffice.cfg/sfx/ui/tabbutton.ui
soffice.bin /config/.config/libreoffice/4/cache/breeze/150/sfx2/res/symphony/sidebar-property-large.png
soffice.bin /config/.config/libreoffice/4/cache/breeze/150/sfx2/res/symphony/sidebar-property-large.png
soffice.bin /config/.config/libreoffice/4/cache/breeze/150/sfx2/res/symphony/sidebar-style-large.png
soffice.bin /config/.config/libreoffice/4/cache/breeze/150/sfx2/res/symphony/sidebar-style-large.png
soffice.bin /config/.config/libreoffice/4/cache/breeze/150/sfx2/res/symphony/sidebar-gallery-large.png
soffice.bin /config/.config/libreoffice/4/cache/breeze/150/sfx2/res/symphony/sidebar-gallery-large.png
soffice.bin /config/.config/libreoffice/4/cache/breeze/150/sfx2/res/symphony/sidebar-navigator-large.png
soffice.bin /config/.config/libreoffice/4/cache/breeze/150/sfx2/res/symphony/sidebar-navigator-large.png
soffice.bin /config/.config/libreoffice/4/cache/breeze/150/sfx2/res/symphony/sidebar-functions-large.png
soffice.bin /config/.config/libreoffice/4/cache/breeze/150/sfx2/res/symphony/sidebar-functions-large.png
soffice.bin /usr/lib/libreoffice/share/config/soffice.cfg/sfx/ui/tabbutton.ui
soffice.bin /usr/lib/libreoffice/share/config/soffice.cfg/sfx/ui/tabbutton.ui
soffice.bin /usr/lib/libreoffice/share/config/soffice.cfg/sfx/ui/tabbutton.ui
soffice.bin /usr/lib/libreoffice/share/config/soffice.cfg/sfx/ui/tabbutton.ui
soffice.bin /usr/lib/libreoffice/share/config/soffice.cfg/sfx/ui/tabbutton.ui
soffice.bin /config/.config/libreoffice/4/cache/breeze/150/sfx2/res/symphony/sidebar-property-large.png
soffice.bin /config/.config/libreoffice/4/cache/breeze/150/sfx2/res/symphony/sidebar-property-large.png
soffice.bin /config/.config/libreoffice/4/cache/breeze/150/sfx2/res/symphony/sidebar-style-large.png
soffice.bin /config/.config/libreoffice/4/cache/breeze/150/sfx2/res/symphony/sidebar-style-large.png
soffice.bin /config/.config/libreoffice/4/cache/breeze/150/sfx2/res/symphony/sidebar-gallery-large.png
soffice.bin /config/.config/libreoffice/4/cache/breeze/150/sfx2/res/symphony/sidebar-gallery-large.png
soffice.bin /config/.config/libreoffice/4/cache/breeze/150/sfx2/res/symphony/sidebar-navigator-large.png
soffice.bin /config/.config/libreoffice/4/cache/breeze/150/sfx2/res/symphony/sidebar-navigator-large.png
soffice.bin /config/.config/libreoffice/4/cache/breeze/150/sfx2/res/symphony/sidebar-functions-large.png
soffice.bin /config/.config/libreoffice/4/cache/breeze/150/sfx2/res/symphony/sidebar-functions-large.png
soffice.bin /config/.config/libreoffice/4/cache/breeze/150/sfx2/res/symphony/sidebar-property-large.png
soffice.bin /config/.config/libreoffice/4/cache/breeze/150/sfx2/res/symphony/sidebar-property-large.png
soffice.bin /config/.config/libreoffice/4/cache/breeze/150/sfx2/res/symphony/sidebar-style-large.png
soffice.bin /config/.config/libreoffice/4/cache/breeze/150/sfx2/res/symphony/sidebar-style-large.png
soffice.bin /config/.config/libreoffice/4/cache/breeze/150/sfx2/res/symphony/sidebar-functions-large.png
soffice.bin /config/.config/libreoffice/4/cache/breeze/150/sfx2/res/symphony/sidebar-functions-large.png
xclip /etc/ld.so.cache
xclip /lib/x86_64-linux-gnu/libXmu.so.6
xclip /lib/x86_64-linux-gnu/libX11.so.6
xclip /lib/x86_64-linux-gnu/libc.so.6
xclip /lib/x86_64-linux-gnu/libXt.so.6
xclip /lib/x86_64-linux-gnu/libXext.so.6
xclip /lib/x86_64-linux-gnu/libxcb.so.1
xclip /lib/x86_64-linux-gnu/libSM.so.6
xclip /lib/x86_64-linux-gnu/libICE.so.6
xclip /lib/x86_64-linux-gnu/libXau.so.6
xclip /lib/x86_64-linux-gnu/libXdmcp.so.6
xclip /lib/x86_64-linux-gnu/libuuid.so.1
xclip /lib/x86_64-linux-gnu/libbsd.so.0
xclip /lib/x86_64-linux-gnu/libmd.so.0
xclip /usr/share/X11/locale/locale.alias
xclip /usr/share/X11/locale/locale.dir
xclip /usr/share/X11/locale/C/XLC_LOCALE
xclip /usr/share/X11/locale/locale.alias
xclip /usr/share/X11/locale/locale.dir
xclip /usr/share/X11/locale/C/XLC_LOCALE
Xvfb /proc/2048/cmdline
soffice.bin /usr/lib/libreoffice/share/config/soffice.cfg/sfx/ui/tabbutton.ui
soffice.bin /usr/lib/libreoffice/share/config/soffice.cfg/sfx/ui/tabbutton.ui
soffice.bin /usr/lib/libreoffice/share/config/soffice.cfg/sfx/ui/tabbutton.ui
soffice.bin /usr/lib/libreoffice/share/config/soffice.cfg/sfx/ui/tabbutton.ui
soffice.bin /usr/lib/libreoffice/share/config/soffice.cfg/sfx/ui/tabbutton.ui
soffice.bin /config/.config/libreoffice/4/cache/breeze/150/sfx2/res/symphony/sidebar-property-large.png
soffice.bin /config/.config/libreoffice/4/cache/breeze/150/sfx2/res/symphony/sidebar-property-large.png
soffice.bin /config/.config/libreoffice/4/cache/breeze/150/sfx2/res/symphony/sidebar-style-large.png
soffice.bin /config/.config/libreoffice/4/cache/breeze/150/sfx2/res/symphony/sidebar-style-large.png
soffice.bin /config/.config/libreoffice/4/cache/breeze/150/sfx2/res/symphony/sidebar-gallery-large.png
soffice.bin /config/.config/libreoffice/4/cache/breeze/150/sfx2/res/symphony/sidebar-gallery-large.png
soffice.bin /config/.config/libreoffice/4/cache/breeze/150/sfx2/res/symphony/sidebar-navigator-large.png
soffice.bin /config/.config/libreoffice/4/cache/breeze/150/sfx2/res/symphony/sidebar-navigator-large.png
soffice.bin /config/.config/libreoffice/4/cache/breeze/150/sfx2/res/symphony/sidebar-functions-large.png
soffice.bin /config/.config/libreoffice/4/cache/breeze/150/sfx2/res/symphony/sidebar-functions-large.png
soffice.bin /usr/lib/libreoffice/share/config/soffice.cfg/sfx/ui/tabbutton.ui
soffice.bin /usr/lib/libreoffice/share/config/soffice.cfg/sfx/ui/tabbutton.ui
soffice.bin /usr/lib/libreoffice/share/config/soffice.cfg/sfx/ui/tabbutton.ui
soffice.bin /usr/lib/libreoffice/share/config/soffice.cfg/sfx/ui/tabbutton.ui
soffice.bin /usr/lib/libreoffice/share/config/soffice.cfg/sfx/ui/tabbutton.ui
soffice.bin /config/.config/libreoffice/4/cache/breeze/150/sfx2/res/symphony/sidebar-property-large.png
soffice.bin /config/.config/libreoffice/4/cache/breeze/150/sfx2/res/symphony/sidebar-property-large.png
soffice.bin /config/.config/libreoffice/4/cache/breeze/150/sfx2/res/symphony/sidebar-style-large.png
soffice.bin /config/.config/libreoffice/4/cache/breeze/150/sfx2/res/symphony/sidebar-style-large.png
soffice.bin /config/.config/libreoffice/4/cache/breeze/150/sfx2/res/symphony/sidebar-gallery-large.png
soffice.bin /config/.config/libreoffice/4/cache/breeze/150/sfx2/res/symphony/sidebar-gallery-large.png
soffice.bin /config/.config/libreoffice/4/cache/breeze/150/sfx2/res/symphony/sidebar-navigator-large.png
soffice.bin /config/.config/libreoffice/4/cache/breeze/150/sfx2/res/symphony/sidebar-navigator-large.png
soffice.bin /config/.config/libreoffice/4/cache/breeze/150/sfx2/res/symphony/sidebar-functions-large.png
soffice.bin /config/.config/libreoffice/4/cache/breeze/150/sfx2/res/symphony/sidebar-functions-large.png
soffice.bin /usr/lib/libreoffice/share/config/soffice.cfg/sfx/ui/tabbutton.ui
soffice.bin /usr/lib/libreoffice/share/config/soffice.cfg/sfx/ui/tabbutton.ui
soffice.bin /usr/lib/libreoffice/share/config/soffice.cfg/sfx/ui/tabbutton.ui
soffice.bin /usr/lib/libreoffice/share/config/soffice.cfg/sfx/ui/tabbutton.ui
soffice.bin /usr/lib/libreoffice/share/config/soffice.cfg/sfx/ui/tabbutton.ui
soffice.bin /config/.config/libreoffice/4/cache/breeze/150/sfx2/res/symphony/sidebar-property-large.png
soffice.bin /config/.config/libreoffice/4/cache/breeze/150/sfx2/res/symphony/sidebar-property-large.png
soffice.bin /config/.config/libreoffice/4/cache/breeze/150/sfx2/res/symphony/sidebar-style-large.png
soffice.bin /config/.config/libreoffice/4/cache/breeze/150/sfx2/res/symphony/sidebar-style-large.png
soffice.bin /config/.config/libreoffice/4/cache/breeze/150/sfx2/res/symphony/sidebar-gallery-large.png
soffice.bin /config/.config/libreoffice/4/cache/breeze/150/sfx2/res/symphony/sidebar-gallery-large.png
soffice.bin /config/.config/libreoffice/4/cache/breeze/150/sfx2/res/symphony/sidebar-navigator-large.png
soffice.bin /config/.config/libreoffice/4/cache/breeze/150/sfx2/res/symphony/sidebar-navigator-large.png
soffice.bin /config/.config/libreoffice/4/cache/breeze/150/sfx2/res/symphony/sidebar-functions-large.png
soffice.bin /config/.config/libreoffice/4/cache/breeze/150/sfx2/res/symphony/sidebar-functions-large.png
soffice.bin /config/.config/libreoffice/4/cache/breeze/150/sfx2/res/symphony/sidebar-property-large.png
soffice.bin /config/.config/libreoffice/4/cache/breeze/150/sfx2/res/symphony/sidebar-property-large.png
soffice.bin /config/.config/libreoffice/4/cache/breeze/150/sfx2/res/symphony/sidebar-style-large.png
soffice.bin /config/.config/libreoffice/4/cache/breeze/150/sfx2/res/symphony/sidebar-style-large.png
soffice.bin /config/.config/libreoffice/4/cache/breeze/150/sfx2/res/symphony/sidebar-functions-large.png
soffice.bin /config/.config/libreoffice/4/cache/breeze/150/sfx2/res/symphony/sidebar-functions-large.png
selkies /proc/stat
selkies /proc/meminfo
soffice.bin /usr/lib/libreoffice/share/config/soffice.cfg/sfx/ui/tabbutton.ui
soffice.bin /usr/lib/libreoffice/share/config/soffice.cfg/sfx/ui/tabbutton.ui
soffice.bin /usr/lib/libreoffice/share/config/soffice.cfg/sfx/ui/tabbutton.ui
soffice.bin /usr/lib/libreoffice/share/config/soffice.cfg/sfx/ui/tabbutton.ui
soffice.bin /usr/lib/libreoffice/share/config/soffice.cfg/sfx/ui/tabbutton.ui
soffice.bin /config/.config/libreoffice/4/cache/breeze/150/sfx2/res/symphony/sidebar-property-large.png
soffice.bin /config/.config/libreoffice/4/cache/breeze/150/sfx2/res/symphony/sidebar-property-large.png
soffice.bin /config/.config/libreoffice/4/cache/breeze/150/sfx2/res/symphony/sidebar-style-large.png
soffice.bin /config/.config/libreoffice/4/cache/breeze/150/sfx2/res/symphony/sidebar-style-large.png
soffice.bin /config/.config/libreoffice/4/cache/breeze/150/sfx2/res/symphony/sidebar-gallery-large.png
soffice.bin /config/.config/libreoffice/4/cache/breeze/150/sfx2/res/symphony/sidebar-gallery-large.png
soffice.bin /config/.config/libreoffice/4/cache/breeze/150/sfx2/res/symphony/sidebar-navigator-large.png
soffice.bin /config/.config/libreoffice/4/cache/breeze/150/sfx2/res/symphony/sidebar-navigator-large.png
soffice.bin /config/.config/libreoffice/4/cache/breeze/150/sfx2/res/symphony/sidebar-functions-large.png
soffice.bin /config/.config/libreoffice/4/cache/breeze/150/sfx2/res/symphony/sidebar-functions-large.png
soffice.bin /usr/lib/libreoffice/share/config/soffice.cfg/sfx/ui/tabbutton.ui
soffice.bin /usr/lib/libreoffice/share/config/soffice.cfg/sfx/ui/tabbutton.ui
soffice.bin /usr/lib/libreoffice/share/config/soffice.cfg/sfx/ui/tabbutton.ui
soffice.bin /usr/lib/libreoffice/share/config/soffice.cfg/sfx/ui/tabbutton.ui
soffice.bin /usr/lib/libreoffice/share/config/soffice.cfg/sfx/ui/tabbutton.ui
soffice.bin /config/.config/libreoffice/4/cache/breeze/150/sfx2/res/symphony/sidebar-property-large.png
soffice.bin /config/.config/libreoffice/4/cache/breeze/150/sfx2/res/symphony/sidebar-property-large.png
soffice.bin /config/.config/libreoffice/4/cache/breeze/150/sfx2/res/symphony/sidebar-style-large.png
soffice.bin /config/.config/libreoffice/4/cache/breeze/150/sfx2/res/symphony/sidebar-style-large.png
soffice.bin /config/.config/libreoffice/4/cache/breeze/150/sfx2/res/symphony/sidebar-gallery-large.png
soffice.bin /config/.config/libreoffice/4/cache/breeze/150/sfx2/res/symphony/sidebar-gallery-large.png
soffice.bin /config/.config/libreoffice/4/cache/breeze/150/sfx2/res/symphony/sidebar-navigator-large.png
soffice.bin /config/.config/libreoffice/4/cache/breeze/150/sfx2/res/symphony/sidebar-navigator-large.png
soffice.bin /config/.config/libreoffice/4/cache/breeze/150/sfx2/res/symphony/sidebar-functions-large.png
soffice.bin /config/.config/libreoffice/4/cache/breeze/150/sfx2/res/symphony/sidebar-functions-large.png
xclip /etc/ld.so.cache
xclip /lib/x86_64-linux-gnu/libXmu.so.6
xclip /lib/x86_64-linux-gnu/libX11.so.6
xclip /lib/x86_64-linux-gnu/libc.so.6
xclip /lib/x86_64-linux-gnu/libXt.so.6
xclip /lib/x86_64-linux-gnu/libXext.so.6
xclip /lib/x86_64-linux-gnu/libxcb.so.1
xclip /lib/x86_64-linux-gnu/libSM.so.6
xclip /lib/x86_64-linux-gnu/libICE.so.6
xclip /lib/x86_64-linux-gnu/libXau.so.6
xclip /lib/x86_64-linux-gnu/libXdmcp.so.6
xclip /lib/x86_64-linux-gnu/libuuid.so.1
xclip /lib/x86_64-linux-gnu/libbsd.so.0
xclip /lib/x86_64-linux-gnu/libmd.so.0
xclip /usr/share/X11/locale/locale.alias
xclip /usr/share/X11/locale/locale.dir
xclip /usr/share/X11/locale/C/XLC_LOCALE
xclip /usr/share/X11/locale/locale.alias
soffice.bin /config/.config/libreoffice/4/cache/breeze/150/sfx2/res/symphony/sidebar-property-large.png
soffice.bin /config/.config/libreoffice/4/cache/breeze/150/sfx2/res/symphony/sidebar-property-large.png
soffice.bin /config/.config/libreoffice/4/cache/breeze/150/sfx2/res/symphony/sidebar-style-large.png
xclip /usr/share/X11/locale/locale.dir
soffice.bin /config/.config/libreoffice/4/cache/breeze/150/sfx2/res/symphony/sidebar-style-large.png
xclip /usr/share/X11/locale/C/XLC_LOCALE
soffice.bin /config/.config/libreoffice/4/cache/breeze/150/sfx2/res/symphony/sidebar-functions-large.png
soffice.bin /config/.config/libreoffice/4/cache/breeze/150/sfx2/res/symphony/sidebar-functions-large.png
Xvfb /proc/2055/cmdline
configmgrWriter /config/.config/libreoffice/4/user/IXOug1
soffice.bin /usr/lib/libreoffice/share/config/soffice.cfg/sfx/ui/tabbutton.ui
soffice.bin /usr/lib/libreoffice/share/config/soffice.cfg/sfx/ui/tabbutton.ui
soffice.bin /usr/lib/libreoffice/share/config/soffice.cfg/sfx/ui/tabbutton.ui
soffice.bin /usr/lib/libreoffice/share/config/soffice.cfg/sfx/ui/tabbutton.ui
soffice.bin /usr/lib/libreoffice/share/config/soffice.cfg/sfx/ui/tabbutton.ui
soffice.bin /config/.config/libreoffice/4/cache/breeze/150/sfx2/res/symphony/sidebar-property-large.png
soffice.bin /config/.config/libreoffice/4/cache/breeze/150/sfx2/res/symphony/sidebar-property-large.png
soffice.bin /config/.config/libreoffice/4/cache/breeze/150/sfx2/res/symphony/sidebar-style-large.png
soffice.bin /config/.config/libreoffice/4/cache/breeze/150/sfx2/res/symphony/sidebar-style-large.png
soffice.bin /config/.config/libreoffice/4/cache/breeze/150/sfx2/res/symphony/sidebar-gallery-large.png
soffice.bin /config/.config/libreoffice/4/cache/breeze/150/sfx2/res/symphony/sidebar-gallery-large.png
soffice.bin /config/.config/libreoffice/4/cache/breeze/150/sfx2/res/symphony/sidebar-navigator-large.png
soffice.bin /config/.config/libreoffice/4/cache/breeze/150/sfx2/res/symphony/sidebar-navigator-large.png
soffice.bin /config/.config/libreoffice/4/cache/breeze/150/sfx2/res/symphony/sidebar-functions-large.png
soffice.bin /config/.config/libreoffice/4/cache/breeze/150/sfx2/res/symphony/sidebar-functions-large.png
soffice.bin /usr/lib/libreoffice/share/config/soffice.cfg/sfx/ui/tabbutton.ui
soffice.bin /usr/lib/libreoffice/share/config/soffice.cfg/sfx/ui/tabbutton.ui
soffice.bin /usr/lib/libreoffice/share/config/soffice.cfg/sfx/ui/tabbutton.ui
soffice.bin /usr/lib/libreoffice/share/config/soffice.cfg/sfx/ui/tabbutton.ui
soffice.bin /usr/lib/libreoffice/share/config/soffice.cfg/sfx/ui/tabbutton.ui
soffice.bin /config/.config/libreoffice/4/cache/breeze/150/sfx2/res/symphony/sidebar-property-large.png
soffice.bin /config/.config/libreoffice/4/cache/breeze/150/sfx2/res/symphony/sidebar-property-large.png
soffice.bin /config/.config/libreoffice/4/cache/breeze/150/sfx2/res/symphony/sidebar-style-large.png
soffice.bin /config/.config/libreoffice/4/cache/breeze/150/sfx2/res/symphony/sidebar-style-large.png
soffice.bin /config/.config/libreoffice/4/cache/breeze/150/sfx2/res/symphony/sidebar-gallery-large.png
soffice.bin /config/.config/libreoffice/4/cache/breeze/150/sfx2/res/symphony/sidebar-gallery-large.png
soffice.bin /config/.config/libreoffice/4/cache/breeze/150/sfx2/res/symphony/sidebar-navigator-large.png
soffice.bin /config/.config/libreoffice/4/cache/breeze/150/sfx2/res/symphony/sidebar-navigator-large.png
soffice.bin /config/.config/libreoffice/4/cache/breeze/150/sfx2/res/symphony/sidebar-functions-large.png
soffice.bin /config/.config/libreoffice/4/cache/breeze/150/sfx2/res/symphony/sidebar-functions-large.png
soffice.bin /usr/lib/libreoffice/share/config/soffice.cfg/sfx/ui/tabbutton.ui
soffice.bin /usr/lib/libreoffice/share/config/soffice.cfg/sfx/ui/tabbutton.ui
soffice.bin /usr/lib/libreoffice/share/config/soffice.cfg/sfx/ui/tabbutton.ui
soffice.bin /usr/lib/libreoffice/share/config/soffice.cfg/sfx/ui/tabbutton.ui
soffice.bin /usr/lib/libreoffice/share/config/soffice.cfg/sfx/ui/tabbutton.ui
soffice.bin /config/.config/libreoffice/4/cache/breeze/150/sfx2/res/symphony/sidebar-property-large.png
soffice.bin /config/.config/libreoffice/4/cache/breeze/150/sfx2/res/symphony/sidebar-property-large.png
soffice.bin /config/.config/libreoffice/4/cache/breeze/150/sfx2/res/symphony/sidebar-style-large.png
soffice.bin /config/.config/libreoffice/4/cache/breeze/150/sfx2/res/symphony/sidebar-style-large.png
soffice.bin /config/.config/libreoffice/4/cache/breeze/150/sfx2/res/symphony/sidebar-gallery-large.png
soffice.bin /config/.config/libreoffice/4/cache/breeze/150/sfx2/res/symphony/sidebar-gallery-large.png
soffice.bin /config/.config/libreoffice/4/cache/breeze/150/sfx2/res/symphony/sidebar-navigator-large.png
soffice.bin /config/.config/libreoffice/4/cache/breeze/150/sfx2/res/symphony/sidebar-navigator-large.png
soffice.bin /config/.config/libreoffice/4/cache/breeze/150/sfx2/res/symphony/sidebar-functions-large.png
soffice.bin /config/.config/libreoffice/4/cache/breeze/150/sfx2/res/symphony/sidebar-functions-large.png
soffice.bin /config/.config/libreoffice/4/cache/breeze/150/sfx2/res/symphony/sidebar-property-large.png
soffice.bin /config/.config/libreoffice/4/cache/breeze/150/sfx2/res/symphony/sidebar-property-large.png
soffice.bin /config/.config/libreoffice/4/cache/breeze/150/sfx2/res/symphony/sidebar-style-large.png
soffice.bin /config/.config/libreoffice/4/cache/breeze/150/sfx2/res/symphony/sidebar-style-large.png
soffice.bin /config/.config/libreoffice/4/cache/breeze/150/sfx2/res/symphony/sidebar-functions-large.png
soffice.bin /config/.config/libreoffice/4/cache/breeze/150/sfx2/res/symphony/sidebar-functions-large.png
xclip /etc/ld.so.cache
xclip /lib/x86_64-linux-gnu/libXmu.so.6
xclip /lib/x86_64-linux-gnu/libX11.so.6
xclip /lib/x86_64-linux-gnu/libc.so.6
xclip /lib/x86_64-linux-gnu/libXt.so.6
xclip /lib/x86_64-linux-gnu/libXext.so.6
xclip /lib/x86_64-linux-gnu/libxcb.so.1
xclip /lib/x86_64-linux-gnu/libSM.so.6
xclip /lib/x86_64-linux-gnu/libICE.so.6
xclip /lib/x86_64-linux-gnu/libXau.so.6
xclip /lib/x86_64-linux-gnu/libXdmcp.so.6
xclip /lib/x86_64-linux-gnu/libuuid.so.1
xclip /lib/x86_64-linux-gnu/libbsd.so.0
xclip /lib/x86_64-linux-gnu/libmd.so.0
xclip /usr/share/X11/locale/locale.alias
xclip /usr/share/X11/locale/locale.dir
xclip /usr/share/X11/locale/C/XLC_LOCALE
xclip /usr/share/X11/locale/locale.alias
xclip /usr/share/X11/locale/locale.dir
xclip /usr/share/X11/locale/C/XLC_LOCALE
Xvfb /proc/2066/cmdline
soffice.bin /usr/lib/libreoffice/share/config/soffice.cfg/sfx/ui/tabbutton.ui
soffice.bin /usr/lib/libreoffice/share/config/soffice.cfg/sfx/ui/tabbutton.ui
soffice.bin /usr/lib/libreoffice/share/config/soffice.cfg/sfx/ui/tabbutton.ui
soffice.bin /usr/lib/libreoffice/share/config/soffice.cfg/sfx/ui/tabbutton.ui
soffice.bin /usr/lib/libreoffice/share/config/soffice.cfg/sfx/ui/tabbutton.ui
soffice.bin /config/.config/libreoffice/4/cache/breeze/150/sfx2/res/symphony/sidebar-property-large.png
soffice.bin /config/.config/libreoffice/4/cache/breeze/150/sfx2/res/symphony/sidebar-property-large.png
soffice.bin /config/.config/libreoffice/4/cache/breeze/150/sfx2/res/symphony/sidebar-style-large.png
soffice.bin /config/.config/libreoffice/4/cache/breeze/150/sfx2/res/symphony/sidebar-style-large.png
soffice.bin /config/.config/libreoffice/4/cache/breeze/150/sfx2/res/symphony/sidebar-gallery-large.png
soffice.bin /config/.config/libreoffice/4/cache/breeze/150/sfx2/res/symphony/sidebar-gallery-large.png
soffice.bin /config/.config/libreoffice/4/cache/breeze/150/sfx2/res/symphony/sidebar-navigator-large.png
soffice.bin /config/.config/libreoffice/4/cache/breeze/150/sfx2/res/symphony/sidebar-navigator-large.png
soffice.bin /config/.config/libreoffice/4/cache/breeze/150/sfx2/res/symphony/sidebar-functions-large.png
soffice.bin /config/.config/libreoffice/4/cache/breeze/150/sfx2/res/symphony/sidebar-functions-large.png
soffice.bin /usr/lib/libreoffice/share/config/soffice.cfg/sfx/ui/tabbutton.ui
soffice.bin /usr/lib/libreoffice/share/config/soffice.cfg/sfx/ui/tabbutton.ui
soffice.bin /usr/lib/libreoffice/share/config/soffice.cfg/sfx/ui/tabbutton.ui
soffice.bin /usr/lib/libreoffice/share/config/soffice.cfg/sfx/ui/tabbutton.ui
soffice.bin /usr/lib/libreoffice/share/config/soffice.cfg/sfx/ui/tabbutton.ui
soffice.bin /config/.config/libreoffice/4/cache/breeze/150/sfx2/res/symphony/sidebar-property-large.png
soffice.bin /config/.config/libreoffice/4/cache/breeze/150/sfx2/res/symphony/sidebar-property-large.png
soffice.bin /config/.config/libreoffice/4/cache/breeze/150/sfx2/res/symphony/sidebar-style-large.png
soffice.bin /config/.config/libreoffice/4/cache/breeze/150/sfx2/res/symphony/sidebar-style-large.png
soffice.bin /config/.config/libreoffice/4/cache/breeze/150/sfx2/res/symphony/sidebar-gallery-large.png
soffice.bin /config/.config/libreoffice/4/cache/breeze/150/sfx2/res/symphony/sidebar-gallery-large.png
soffice.bin /config/.config/libreoffice/4/cache/breeze/150/sfx2/res/symphony/sidebar-navigator-large.png
soffice.bin /config/.config/libreoffice/4/cache/breeze/150/sfx2/res/symphony/sidebar-navigator-large.png
soffice.bin /config/.config/libreoffice/4/cache/breeze/150/sfx2/res/symphony/sidebar-functions-large.png
soffice.bin /config/.config/libreoffice/4/cache/breeze/150/sfx2/res/symphony/sidebar-functions-large.png
soffice.bin /config/.config/libreoffice/4/cache/breeze/150/sfx2/res/symphony/sidebar-property-large.png
soffice.bin /config/.config/libreoffice/4/cache/breeze/150/sfx2/res/symphony/sidebar-property-large.png
soffice.bin /config/.config/libreoffice/4/cache/breeze/150/sfx2/res/symphony/sidebar-style-large.png
soffice.bin /config/.config/libreoffice/4/cache/breeze/150/sfx2/res/symphony/sidebar-style-large.png
soffice.bin /config/.config/libreoffice/4/cache/breeze/150/sfx2/res/symphony/sidebar-functions-large.png
soffice.bin /config/.config/libreoffice/4/cache/breeze/150/sfx2/res/symphony/sidebar-functions-large.png
selkies /proc/stat
selkies /proc/meminfo
soffice.bin /usr/lib/libreoffice/share/config/soffice.cfg/sfx/ui/tabbutton.ui
soffice.bin /usr/lib/libreoffice/share/config/soffice.cfg/sfx/ui/tabbutton.ui
soffice.bin /usr/lib/libreoffice/share/config/soffice.cfg/sfx/ui/tabbutton.ui
soffice.bin /usr/lib/libreoffice/share/config/soffice.cfg/sfx/ui/tabbutton.ui
soffice.bin /usr/lib/libreoffice/share/config/soffice.cfg/sfx/ui/tabbutton.ui
soffice.bin /config/.config/libreoffice/4/cache/breeze/150/sfx2/res/symphony/sidebar-property-large.png
soffice.bin /config/.config/libreoffice/4/cache/breeze/150/sfx2/res/symphony/sidebar-property-large.png
soffice.bin /config/.config/libreoffice/4/cache/breeze/150/sfx2/res/symphony/sidebar-style-large.png
soffice.bin /config/.config/libreoffice/4/cache/breeze/150/sfx2/res/symphony/sidebar-style-large.png
soffice.bin /config/.config/libreoffice/4/cache/breeze/150/sfx2/res/symphony/sidebar-gallery-large.png
soffice.bin /config/.config/libreoffice/4/cache/breeze/150/sfx2/res/symphony/sidebar-gallery-large.png
soffice.bin /config/.config/libreoffice/4/cache/breeze/150/sfx2/res/symphony/sidebar-navigator-large.png
soffice.bin /config/.config/libreoffice/4/cache/breeze/150/sfx2/res/symphony/sidebar-navigator-large.png
soffice.bin /config/.config/libreoffice/4/cache/breeze/150/sfx2/res/symphony/sidebar-functions-large.png
soffice.bin /config/.config/libreoffice/4/cache/breeze/150/sfx2/res/symphony/sidebar-functions-large.png
soffice.bin /usr/lib/libreoffice/share/config/soffice.cfg/sfx/ui/tabbutton.ui
soffice.bin /usr/lib/libreoffice/share/config/soffice.cfg/sfx/ui/tabbutton.ui
soffice.bin /usr/lib/libreoffice/share/config/soffice.cfg/sfx/ui/tabbutton.ui
soffice.bin /usr/lib/libreoffice/share/config/soffice.cfg/sfx/ui/tabbutton.ui
soffice.bin /usr/lib/libreoffice/share/config/soffice.cfg/sfx/ui/tabbutton.ui
soffice.bin /config/.config/libreoffice/4/cache/breeze/150/sfx2/res/symphony/sidebar-property-large.png
soffice.bin /config/.config/libreoffice/4/cache/breeze/150/sfx2/res/symphony/sidebar-property-large.png
soffice.bin /config/.config/libreoffice/4/cache/breeze/150/sfx2/res/symphony/sidebar-style-large.png
soffice.bin /config/.config/libreoffice/4/cache/breeze/150/sfx2/res/symphony/sidebar-style-large.png
soffice.bin /config/.config/libreoffice/4/cache/breeze/150/sfx2/res/symphony/sidebar-gallery-large.png
soffice.bin /config/.config/libreoffice/4/cache/breeze/150/sfx2/res/symphony/sidebar-gallery-large.png
soffice.bin /config/.config/libreoffice/4/cache/breeze/150/sfx2/res/symphony/sidebar-navigator-large.png
soffice.bin /config/.config/libreoffice/4/cache/breeze/150/sfx2/res/symphony/sidebar-navigator-large.png
soffice.bin /config/.config/libreoffice/4/cache/breeze/150/sfx2/res/symphony/sidebar-functions-large.png
soffice.bin /config/.config/libreoffice/4/cache/breeze/150/sfx2/res/symphony/sidebar-functions-large.png
soffice.bin /usr/lib/libreoffice/share/config/soffice.cfg/sfx/ui/tabbutton.ui
soffice.bin /usr/lib/libreoffice/share/config/soffice.cfg/sfx/ui/tabbutton.ui
soffice.bin /usr/lib/libreoffice/share/config/soffice.cfg/sfx/ui/tabbutton.ui
soffice.bin /usr/lib/libreoffice/share/config/soffice.cfg/sfx/ui/tabbutton.ui
soffice.bin /usr/lib/libreoffice/share/config/soffice.cfg/sfx/ui/tabbutton.ui
soffice.bin /config/.config/libreoffice/4/cache/breeze/150/sfx2/res/symphony/sidebar-property-large.png
soffice.bin /config/.config/libreoffice/4/cache/breeze/150/sfx2/res/symphony/sidebar-property-large.png
soffice.bin /config/.config/libreoffice/4/cache/breeze/150/sfx2/res/symphony/sidebar-style-large.png
soffice.bin /config/.config/libreoffice/4/cache/breeze/150/sfx2/res/symphony/sidebar-style-large.png
soffice.bin /config/.config/libreoffice/4/cache/breeze/150/sfx2/res/symphony/sidebar-gallery-large.png
soffice.bin /config/.config/libreoffice/4/cache/breeze/150/sfx2/res/symphony/sidebar-gallery-large.png
soffice.bin /config/.config/libreoffice/4/cache/breeze/150/sfx2/res/symphony/sidebar-navigator-large.png
soffice.bin /config/.config/libreoffice/4/cache/breeze/150/sfx2/res/symphony/sidebar-navigator-large.png
soffice.bin /config/.config/libreoffice/4/cache/breeze/150/sfx2/res/symphony/sidebar-functions-large.png
soffice.bin /config/.config/libreoffice/4/cache/breeze/150/sfx2/res/symphony/sidebar-functions-large.png
soffice.bin /config/.config/libreoffice/4/cache/breeze/150/sfx2/res/symphony/sidebar-property-large.png
soffice.bin /config/.config/libreoffice/4/cache/breeze/150/sfx2/res/symphony/sidebar-property-large.png
soffice.bin /config/.config/libreoffice/4/cache/breeze/150/sfx2/res/symphony/sidebar-style-large.png
soffice.bin /config/.config/libreoffice/4/cache/breeze/150/sfx2/res/symphony/sidebar-style-large.png
soffice.bin /config/.config/libreoffice/4/cache/breeze/150/sfx2/res/symphony/sidebar-functions-large.png
soffice.bin /config/.config/libreoffice/4/cache/breeze/150/sfx2/res/symphony/sidebar-functions-large.png
xclip /etc/ld.so.cache
xclip /lib/x86_64-linux-gnu/libXmu.so.6
xclip /lib/x86_64-linux-gnu/libX11.so.6
xclip /lib/x86_64-linux-gnu/libc.so.6
xclip /lib/x86_64-linux-gnu/libXt.so.6
xclip /lib/x86_64-linux-gnu/libXext.so.6
xclip /lib/x86_64-linux-gnu/libxcb.so.1
xclip /lib/x86_64-linux-gnu/libSM.so.6
xclip /lib/x86_64-linux-gnu/libICE.so.6
xclip /lib/x86_64-linux-gnu/libXau.so.6
xclip /lib/x86_64-linux-gnu/libXdmcp.so.6
xclip /lib/x86_64-linux-gnu/libuuid.so.1
xclip /lib/x86_64-linux-gnu/libbsd.so.0
xclip /lib/x86_64-linux-gnu/libmd.so.0
xclip /usr/share/X11/locale/locale.alias
xclip /usr/share/X11/locale/locale.dir
xclip /usr/share/X11/locale/C/XLC_LOCALE
xclip /usr/share/X11/locale/locale.alias
xclip /usr/share/X11/locale/locale.dir
xclip /usr/share/X11/locale/C/XLC_LOCALE
Xvfb /proc/2077/cmdline
soffice.bin /usr/lib/libreoffice/share/config/soffice.cfg/sfx/ui/tabbutton.ui
soffice.bin /usr/lib/libreoffice/share/config/soffice.cfg/sfx/ui/tabbutton.ui
soffice.bin /usr/lib/libreoffice/share/config/soffice.cfg/sfx/ui/tabbutton.ui
soffice.bin /usr/lib/libreoffice/share/config/soffice.cfg/sfx/ui/tabbutton.ui
soffice.bin /usr/lib/libreoffice/share/config/soffice.cfg/sfx/ui/tabbutton.ui
soffice.bin /config/.config/libreoffice/4/cache/breeze/150/sfx2/res/symphony/sidebar-property-large.png
soffice.bin /config/.config/libreoffice/4/cache/breeze/150/sfx2/res/symphony/sidebar-property-large.png
soffice.bin /config/.config/libreoffice/4/cache/breeze/150/sfx2/res/symphony/sidebar-style-large.png
soffice.bin /config/.config/libreoffice/4/cache/breeze/150/sfx2/res/symphony/sidebar-style-large.png
soffice.bin /config/.config/libreoffice/4/cache/breeze/150/sfx2/res/symphony/sidebar-gallery-large.png
soffice.bin /config/.config/libreoffice/4/cache/breeze/150/sfx2/res/symphony/sidebar-gallery-large.png
soffice.bin /config/.config/libreoffice/4/cache/breeze/150/sfx2/res/symphony/sidebar-navigator-large.png
soffice.bin /config/.config/libreoffice/4/cache/breeze/150/sfx2/res/symphony/sidebar-navigator-large.png
soffice.bin /config/.config/libreoffice/4/cache/breeze/150/sfx2/res/symphony/sidebar-functions-large.png
soffice.bin /config/.config/libreoffice/4/cache/breeze/150/sfx2/res/symphony/sidebar-functions-large.png
soffice.bin /usr/lib/libreoffice/share/config/soffice.cfg/sfx/ui/tabbutton.ui
soffice.bin /usr/lib/libreoffice/share/config/soffice.cfg/sfx/ui/tabbutton.ui
soffice.bin /usr/lib/libreoffice/share/config/soffice.cfg/sfx/ui/tabbutton.ui
soffice.bin /usr/lib/libreoffice/share/config/soffice.cfg/sfx/ui/tabbutton.ui
soffice.bin /usr/lib/libreoffice/share/config/soffice.cfg/sfx/ui/tabbutton.ui
soffice.bin /config/.config/libreoffice/4/cache/breeze/150/sfx2/res/symphony/sidebar-property-large.png
soffice.bin /config/.config/libreoffice/4/cache/breeze/150/sfx2/res/symphony/sidebar-property-large.png
soffice.bin /config/.config/libreoffice/4/cache/breeze/150/sfx2/res/symphony/sidebar-style-large.png
soffice.bin /config/.config/libreoffice/4/cache/breeze/150/sfx2/res/symphony/sidebar-style-large.png
soffice.bin /config/.config/libreoffice/4/cache/breeze/150/sfx2/res/symphony/sidebar-gallery-large.png
soffice.bin /config/.config/libreoffice/4/cache/breeze/150/sfx2/res/symphony/sidebar-gallery-large.png
soffice.bin /config/.config/libreoffice/4/cache/breeze/150/sfx2/res/symphony/sidebar-navigator-large.png
soffice.bin /config/.config/libreoffice/4/cache/breeze/150/sfx2/res/symphony/sidebar-navigator-large.png
soffice.bin /config/.config/libreoffice/4/cache/breeze/150/sfx2/res/symphony/sidebar-functions-large.png
soffice.bin /config/.config/libreoffice/4/cache/breeze/150/sfx2/res/symphony/sidebar-functions-large.png
soffice.bin /config/.config/libreoffice/4/cache/breeze/150/sfx2/res/symphony/sidebar-property-large.png
soffice.bin /config/.config/libreoffice/4/cache/breeze/150/sfx2/res/symphony/sidebar-property-large.png
soffice.bin /config/.config/libreoffice/4/cache/breeze/150/sfx2/res/symphony/sidebar-style-large.png
soffice.bin /config/.config/libreoffice/4/cache/breeze/150/sfx2/res/symphony/sidebar-style-large.png
soffice.bin /config/.config/libreoffice/4/cache/breeze/150/sfx2/res/symphony/sidebar-functions-large.png
soffice.bin /config/.config/libreoffice/4/cache/breeze/150/sfx2/res/symphony/sidebar-functions-large.png
soffice.bin /usr/lib/libreoffice/share/config/soffice.cfg/sfx/ui/tabbutton.ui
soffice.bin /usr/lib/libreoffice/share/config/soffice.cfg/sfx/ui/tabbutton.ui
soffice.bin /usr/lib/libreoffice/share/config/soffice.cfg/sfx/ui/tabbutton.ui
soffice.bin /usr/lib/libreoffice/share/config/soffice.cfg/sfx/ui/tabbutton.ui
soffice.bin /usr/lib/libreoffice/share/config/soffice.cfg/sfx/ui/tabbutton.ui
soffice.bin /config/.config/libreoffice/4/cache/breeze/150/sfx2/res/symphony/sidebar-property-large.png
soffice.bin /config/.config/libreoffice/4/cache/breeze/150/sfx2/res/symphony/sidebar-property-large.png
soffice.bin /config/.config/libreoffice/4/cache/breeze/150/sfx2/res/symphony/sidebar-style-large.png
soffice.bin /config/.config/libreoffice/4/cache/breeze/150/sfx2/res/symphony/sidebar-style-large.png
soffice.bin /config/.config/libreoffice/4/cache/breeze/150/sfx2/res/symphony/sidebar-gallery-large.png
soffice.bin /config/.config/libreoffice/4/cache/breeze/150/sfx2/res/symphony/sidebar-gallery-large.png
soffice.bin /config/.config/libreoffice/4/cache/breeze/150/sfx2/res/symphony/sidebar-navigator-large.png
soffice.bin /config/.config/libreoffice/4/cache/breeze/150/sfx2/res/symphony/sidebar-navigator-large.png
soffice.bin /config/.config/libreoffice/4/cache/breeze/150/sfx2/res/symphony/sidebar-functions-large.png
soffice.bin /config/.config/libreoffice/4/cache/breeze/150/sfx2/res/symphony/sidebar-functions-large.png
soffice.bin /usr/lib/libreoffice/share/config/soffice.cfg/sfx/ui/tabbutton.ui
soffice.bin /usr/lib/libreoffice/share/config/soffice.cfg/sfx/ui/tabbutton.ui
soffice.bin /usr/lib/libreoffice/share/config/soffice.cfg/sfx/ui/tabbutton.ui
soffice.bin /usr/lib/libreoffice/share/config/soffice.cfg/sfx/ui/tabbutton.ui
soffice.bin /usr/lib/libreoffice/share/config/soffice.cfg/sfx/ui/tabbutton.ui
soffice.bin /config/.config/libreoffice/4/cache/breeze/150/sfx2/res/symphony/sidebar-property-large.png
soffice.bin /config/.config/libreoffice/4/cache/breeze/150/sfx2/res/symphony/sidebar-property-large.png
soffice.bin /config/.config/libreoffice/4/cache/breeze/150/sfx2/res/symphony/sidebar-style-large.png
soffice.bin /config/.config/libreoffice/4/cache/breeze/150/sfx2/res/symphony/sidebar-style-large.png
soffice.bin /config/.config/libreoffice/4/cache/breeze/150/sfx2/res/symphony/sidebar-gallery-large.png
soffice.bin /config/.config/libreoffice/4/cache/breeze/150/sfx2/res/symphony/sidebar-gallery-large.png
soffice.bin /config/.config/libreoffice/4/cache/breeze/150/sfx2/res/symphony/sidebar-navigator-large.png
soffice.bin /config/.config/libreoffice/4/cache/breeze/150/sfx2/res/symphony/sidebar-navigator-large.png
soffice.bin /config/.config/libreoffice/4/cache/breeze/150/sfx2/res/symphony/sidebar-functions-large.png
soffice.bin /config/.config/libreoffice/4/cache/breeze/150/sfx2/res/symphony/sidebar-functions-large.png
soffice.bin /usr/lib/libreoffice/share/config/soffice.cfg/sfx/ui/tabbutton.ui
soffice.bin /usr/lib/libreoffice/share/config/soffice.cfg/sfx/ui/tabbutton.ui
soffice.bin /usr/lib/libreoffice/share/config/soffice.cfg/sfx/ui/tabbutton.ui
soffice.bin /usr/lib/libreoffice/share/config/soffice.cfg/sfx/ui/tabbutton.ui
soffice.bin /usr/lib/libreoffice/share/config/soffice.cfg/sfx/ui/tabbutton.ui
soffice.bin /config/.config/libreoffice/4/cache/breeze/150/sfx2/res/symphony/sidebar-property-large.png
soffice.bin /config/.config/libreoffice/4/cache/breeze/150/sfx2/res/symphony/sidebar-property-large.png
soffice.bin /config/.config/libreoffice/4/cache/breeze/150/sfx2/res/symphony/sidebar-style-large.png
soffice.bin /config/.config/libreoffice/4/cache/breeze/150/sfx2/res/symphony/sidebar-style-large.png
soffice.bin /config/.config/libreoffice/4/cache/breeze/150/sfx2/res/symphony/sidebar-gallery-large.png
soffice.bin /config/.config/libreoffice/4/cache/breeze/150/sfx2/res/symphony/sidebar-gallery-large.png
soffice.bin /config/.config/libreoffice/4/cache/breeze/150/sfx2/res/symphony/sidebar-navigator-large.png
soffice.bin /config/.config/libreoffice/4/cache/breeze/150/sfx2/res/symphony/sidebar-navigator-large.png
soffice.bin /config/.config/libreoffice/4/cache/breeze/150/sfx2/res/symphony/sidebar-functions-large.png
soffice.bin /config/.config/libreoffice/4/cache/breeze/150/sfx2/res/symphony/sidebar-functions-large.png
soffice.bin /config/.config/libreoffice/4/cache/breeze/150/sfx2/res/symphony/sidebar-property-large.png
soffice.bin /config/.config/libreoffice/4/cache/breeze/150/sfx2/res/symphony/sidebar-property-large.png
soffice.bin /config/.config/libreoffice/4/cache/breeze/150/sfx2/res/symphony/sidebar-style-large.png
soffice.bin /config/.config/libreoffice/4/cache/breeze/150/sfx2/res/symphony/sidebar-style-large.png
soffice.bin /config/.config/libreoffice/4/cache/breeze/150/sfx2/res/symphony/sidebar-functions-large.png
soffice.bin /config/.config/libreoffice/4/cache/breeze/150/sfx2/res/symphony/sidebar-functions-large.png
xclip /etc/ld.so.cache
xclip /lib/x86_64-linux-gnu/libXmu.so.6
xclip /lib/x86_64-linux-gnu/libX11.so.6
xclip /lib/x86_64-linux-gnu/libc.so.6
xclip /lib/x86_64-linux-gnu/libXt.so.6
xclip /lib/x86_64-linux-gnu/libXext.so.6
xclip /lib/x86_64-linux-gnu/libxcb.so.1
xclip /lib/x86_64-linux-gnu/libSM.so.6
xclip /lib/x86_64-linux-gnu/libICE.so.6
xclip /lib/x86_64-linux-gnu/libXau.so.6
xclip /lib/x86_64-linux-gnu/libXdmcp.so.6
xclip /lib/x86_64-linux-gnu/libuuid.so.1
xclip /lib/x86_64-linux-gnu/libbsd.so.0
xclip /lib/x86_64-linux-gnu/libmd.so.0
xclip /usr/share/X11/locale/locale.alias
xclip /usr/share/X11/locale/locale.dir
xclip /usr/share/X11/locale/C/XLC_LOCALE
xclip /usr/share/X11/locale/locale.alias
xclip /usr/share/X11/locale/locale.dir
xclip /usr/share/X11/locale/C/XLC_LOCALE
Xvfb /proc/2086/cmdline
selkies /proc/stat
selkies /proc/meminfo
soffice.bin /usr/lib/libreoffice/share/config/soffice.cfg/sfx/ui/tabbutton.ui
soffice.bin /usr/lib/libreoffice/share/config/soffice.cfg/sfx/ui/tabbutton.ui
soffice.bin /usr/lib/libreoffice/share/config/soffice.cfg/sfx/ui/tabbutton.ui
soffice.bin /usr/lib/libreoffice/share/config/soffice.cfg/sfx/ui/tabbutton.ui
soffice.bin /usr/lib/libreoffice/share/config/soffice.cfg/sfx/ui/tabbutton.ui
soffice.bin /config/.config/libreoffice/4/cache/breeze/150/sfx2/res/symphony/sidebar-property-large.png
soffice.bin /config/.config/libreoffice/4/cache/breeze/150/sfx2/res/symphony/sidebar-property-large.png
soffice.bin /config/.config/libreoffice/4/cache/breeze/150/sfx2/res/symphony/sidebar-style-large.png
soffice.bin /config/.config/libreoffice/4/cache/breeze/150/sfx2/res/symphony/sidebar-style-large.png
soffice.bin /config/.config/libreoffice/4/cache/breeze/150/sfx2/res/symphony/sidebar-gallery-large.png
soffice.bin /config/.config/libreoffice/4/cache/breeze/150/sfx2/res/symphony/sidebar-gallery-large.png
soffice.bin /config/.config/libreoffice/4/cache/breeze/150/sfx2/res/symphony/sidebar-navigator-large.png
soffice.bin /config/.config/libreoffice/4/cache/breeze/150/sfx2/res/symphony/sidebar-navigator-large.png
soffice.bin /config/.config/libreoffice/4/cache/breeze/150/sfx2/res/symphony/sidebar-functions-large.png
soffice.bin /config/.config/libreoffice/4/cache/breeze/150/sfx2/res/symphony/sidebar-functions-large.png
soffice.bin /usr/lib/libreoffice/share/config/soffice.cfg/sfx/ui/tabbutton.ui
soffice.bin /usr/lib/libreoffice/share/config/soffice.cfg/sfx/ui/tabbutton.ui
soffice.bin /usr/lib/libreoffice/share/config/soffice.cfg/sfx/ui/tabbutton.ui
soffice.bin /usr/lib/libreoffice/share/config/soffice.cfg/sfx/ui/tabbutton.ui
soffice.bin /usr/lib/libreoffice/share/config/soffice.cfg/sfx/ui/tabbutton.ui
soffice.bin /config/.config/libreoffice/4/cache/breeze/150/sfx2/res/symphony/sidebar-property-large.png
soffice.bin /config/.config/libreoffice/4/cache/breeze/150/sfx2/res/symphony/sidebar-property-large.png
soffice.bin /config/.config/libreoffice/4/cache/breeze/150/sfx2/res/symphony/sidebar-style-large.png
soffice.bin /config/.config/libreoffice/4/cache/breeze/150/sfx2/res/symphony/sidebar-style-large.png
soffice.bin /config/.config/libreoffice/4/cache/breeze/150/sfx2/res/symphony/sidebar-gallery-large.png
soffice.bin /config/.config/libreoffice/4/cache/breeze/150/sfx2/res/symphony/sidebar-gallery-large.png
soffice.bin /config/.config/libreoffice/4/cache/breeze/150/sfx2/res/symphony/sidebar-navigator-large.png
soffice.bin /config/.config/libreoffice/4/cache/breeze/150/sfx2/res/symphony/sidebar-navigator-large.png
soffice.bin /config/.config/libreoffice/4/cache/breeze/150/sfx2/res/symphony/sidebar-functions-large.png
soffice.bin /config/.config/libreoffice/4/cache/breeze/150/sfx2/res/symphony/sidebar-functions-large.png
soffice.bin /config/.config/libreoffice/4/cache/breeze/150/sfx2/res/symphony/sidebar-property-large.png
soffice.bin /config/.config/libreoffice/4/cache/breeze/150/sfx2/res/symphony/sidebar-property-large.png
soffice.bin /config/.config/libreoffice/4/cache/breeze/150/sfx2/res/symphony/sidebar-style-large.png
soffice.bin /config/.config/libreoffice/4/cache/breeze/150/sfx2/res/symphony/sidebar-style-large.png
soffice.bin /config/.config/libreoffice/4/cache/breeze/150/sfx2/res/symphony/sidebar-functions-large.png
soffice.bin /config/.config/libreoffice/4/cache/breeze/150/sfx2/res/symphony/sidebar-functions-large.png
xclip /etc/ld.so.cache
xclip /lib/x86_64-linux-gnu/libXmu.so.6
xclip /lib/x86_64-linux-gnu/libX11.so.6
xclip /lib/x86_64-linux-gnu/libc.so.6
xclip /lib/x86_64-linux-gnu/libXt.so.6
xclip /lib/x86_64-linux-gnu/libXext.so.6
xclip /lib/x86_64-linux-gnu/libxcb.so.1
xclip /lib/x86_64-linux-gnu/libSM.so.6
xclip /lib/x86_64-linux-gnu/libICE.so.6
xclip /lib/x86_64-linux-gnu/libXau.so.6
xclip /lib/x86_64-linux-gnu/libXdmcp.so.6
xclip /lib/x86_64-linux-gnu/libuuid.so.1
xclip /lib/x86_64-linux-gnu/libbsd.so.0
xclip /lib/x86_64-linux-gnu/libmd.so.0
xclip /usr/share/X11/locale/locale.alias
xclip /usr/share/X11/locale/locale.dir
xclip /usr/share/X11/locale/C/XLC_LOCALE
xclip /usr/share/X11/locale/locale.alias
xclip /usr/share/X11/locale/locale.dir
xclip /usr/share/X11/locale/C/XLC_LOCALE
Xvfb /proc/2092/cmdline
configmgrWriter /config/.config/libreoffice/4/user/EfeA36
soffice.bin /usr/lib/libreoffice/share/config/soffice.cfg/sfx/ui/tabbutton.ui
soffice.bin /usr/lib/libreoffice/share/config/soffice.cfg/sfx/ui/tabbutton.ui
soffice.bin /usr/lib/libreoffice/share/config/soffice.cfg/sfx/ui/tabbutton.ui
soffice.bin /usr/lib/libreoffice/share/config/soffice.cfg/sfx/ui/tabbutton.ui
soffice.bin /usr/lib/libreoffice/share/config/soffice.cfg/sfx/ui/tabbutton.ui
soffice.bin /config/.config/libreoffice/4/cache/breeze/150/sfx2/res/symphony/sidebar-property-large.png
soffice.bin /config/.config/libreoffice/4/cache/breeze/150/sfx2/res/symphony/sidebar-property-large.png
soffice.bin /config/.config/libreoffice/4/cache/breeze/150/sfx2/res/symphony/sidebar-style-large.png
soffice.bin /config/.config/libreoffice/4/cache/breeze/150/sfx2/res/symphony/sidebar-style-large.png
soffice.bin /config/.config/libreoffice/4/cache/breeze/150/sfx2/res/symphony/sidebar-gallery-large.png
soffice.bin /config/.config/libreoffice/4/cache/breeze/150/sfx2/res/symphony/sidebar-gallery-large.png
soffice.bin /config/.config/libreoffice/4/cache/breeze/150/sfx2/res/symphony/sidebar-navigator-large.png
soffice.bin /config/.config/libreoffice/4/cache/breeze/150/sfx2/res/symphony/sidebar-navigator-large.png
soffice.bin /config/.config/libreoffice/4/cache/breeze/150/sfx2/res/symphony/sidebar-functions-large.png
soffice.bin /config/.config/libreoffice/4/cache/breeze/150/sfx2/res/symphony/sidebar-functions-large.png
soffice.bin /usr/lib/libreoffice/share/config/soffice.cfg/sfx/ui/tabbutton.ui
soffice.bin /usr/lib/libreoffice/share/config/soffice.cfg/sfx/ui/tabbutton.ui
soffice.bin /usr/lib/libreoffice/share/config/soffice.cfg/sfx/ui/tabbutton.ui
soffice.bin /usr/lib/libreoffice/share/config/soffice.cfg/sfx/ui/tabbutton.ui
soffice.bin /usr/lib/libreoffice/share/config/soffice.cfg/sfx/ui/tabbutton.ui
soffice.bin /config/.config/libreoffice/4/cache/breeze/150/sfx2/res/symphony/sidebar-property-large.png
soffice.bin /config/.config/libreoffice/4/cache/breeze/150/sfx2/res/symphony/sidebar-property-large.png
soffice.bin /config/.config/libreoffice/4/cache/breeze/150/sfx2/res/symphony/sidebar-style-large.png
soffice.bin /config/.config/libreoffice/4/cache/breeze/150/sfx2/res/symphony/sidebar-style-large.png
soffice.bin /config/.config/libreoffice/4/cache/breeze/150/sfx2/res/symphony/sidebar-gallery-large.png
soffice.bin /config/.config/libreoffice/4/cache/breeze/150/sfx2/res/symphony/sidebar-gallery-large.png
soffice.bin /config/.config/libreoffice/4/cache/breeze/150/sfx2/res/symphony/sidebar-navigator-large.png
soffice.bin /config/.config/libreoffice/4/cache/breeze/150/sfx2/res/symphony/sidebar-navigator-large.png
soffice.bin /config/.config/libreoffice/4/cache/breeze/150/sfx2/res/symphony/sidebar-functions-large.png
soffice.bin /config/.config/libreoffice/4/cache/breeze/150/sfx2/res/symphony/sidebar-functions-large.png
soffice.bin /usr/lib/libreoffice/share/config/soffice.cfg/sfx/ui/tabbutton.ui
soffice.bin /usr/lib/libreoffice/share/config/soffice.cfg/sfx/ui/tabbutton.ui
soffice.bin /usr/lib/libreoffice/share/config/soffice.cfg/sfx/ui/tabbutton.ui
soffice.bin /usr/lib/libreoffice/share/config/soffice.cfg/sfx/ui/tabbutton.ui
soffice.bin /usr/lib/libreoffice/share/config/soffice.cfg/sfx/ui/tabbutton.ui
soffice.bin /config/.config/libreoffice/4/cache/breeze/150/sfx2/res/symphony/sidebar-property-large.png
soffice.bin /config/.config/libreoffice/4/cache/breeze/150/sfx2/res/symphony/sidebar-property-large.png
soffice.bin /config/.config/libreoffice/4/cache/breeze/150/sfx2/res/symphony/sidebar-style-large.png
soffice.bin /config/.config/libreoffice/4/cache/breeze/150/sfx2/res/symphony/sidebar-style-large.png
soffice.bin /config/.config/libreoffice/4/cache/breeze/150/sfx2/res/symphony/sidebar-gallery-large.png
soffice.bin /config/.config/libreoffice/4/cache/breeze/150/sfx2/res/symphony/sidebar-gallery-large.png
soffice.bin /config/.config/libreoffice/4/cache/breeze/150/sfx2/res/symphony/sidebar-navigator-large.png
soffice.bin /config/.config/libreoffice/4/cache/breeze/150/sfx2/res/symphony/sidebar-navigator-large.png
soffice.bin /config/.config/libreoffice/4/cache/breeze/150/sfx2/res/symphony/sidebar-functions-large.png
soffice.bin /config/.config/libreoffice/4/cache/breeze/150/sfx2/res/symphony/sidebar-functions-large.png
soffice.bin /config/.config/libreoffice/4/cache/breeze/150/sfx2/res/symphony/sidebar-property-large.png
soffice.bin /config/.config/libreoffice/4/cache/breeze/150/sfx2/res/symphony/sidebar-property-large.png
soffice.bin /config/.config/libreoffice/4/cache/breeze/150/sfx2/res/symphony/sidebar-style-large.png
soffice.bin /config/.config/libreoffice/4/cache/breeze/150/sfx2/res/symphony/sidebar-style-large.png
soffice.bin /config/.config/libreoffice/4/cache/breeze/150/sfx2/res/symphony/sidebar-functions-large.png
soffice.bin /config/.config/libreoffice/4/cache/breeze/150/sfx2/res/symphony/sidebar-functions-large.png
xclip /etc/ld.so.cache
xclip /lib/x86_64-linux-gnu/libXmu.so.6
xclip /lib/x86_64-linux-gnu/libX11.so.6
xclip /lib/x86_64-linux-gnu/libc.so.6
xclip /lib/x86_64-linux-gnu/libXt.so.6
xclip /lib/x86_64-linux-gnu/libXext.so.6
xclip /lib/x86_64-linux-gnu/libxcb.so.1
xclip /lib/x86_64-linux-gnu/libSM.so.6
xclip /lib/x86_64-linux-gnu/libICE.so.6
xclip /lib/x86_64-linux-gnu/libXau.so.6
xclip /lib/x86_64-linux-gnu/libXdmcp.so.6
xclip /lib/x86_64-linux-gnu/libuuid.so.1
xclip /lib/x86_64-linux-gnu/libbsd.so.0
xclip /lib/x86_64-linux-gnu/libmd.so.0
xclip /usr/share/X11/locale/locale.alias
xclip /usr/share/X11/locale/locale.dir
xclip /usr/share/X11/locale/C/XLC_LOCALE
xclip /usr/share/X11/locale/locale.alias
xclip /usr/share/X11/locale/locale.dir
xclip /usr/share/X11/locale/C/XLC_LOCALE
Xvfb /proc/2099/cmdline
selkies /proc/stat
selkies /proc/meminfo
xclip /etc/ld.so.cache
xclip /lib/x86_64-linux-gnu/libXmu.so.6
xclip /lib/x86_64-linux-gnu/libX11.so.6
xclip /lib/x86_64-linux-gnu/libc.so.6
xclip /lib/x86_64-linux-gnu/libXt.so.6
xclip /lib/x86_64-linux-gnu/libXext.so.6
xclip /lib/x86_64-linux-gnu/libxcb.so.1
xclip /lib/x86_64-linux-gnu/libSM.so.6
xclip /lib/x86_64-linux-gnu/libICE.so.6
xclip /lib/x86_64-linux-gnu/libXau.so.6
xclip /lib/x86_64-linux-gnu/libXdmcp.so.6
xclip /lib/x86_64-linux-gnu/libuuid.so.1
xclip /lib/x86_64-linux-gnu/libbsd.so.0
xclip /lib/x86_64-linux-gnu/libmd.so.0
xclip /usr/share/X11/locale/locale.alias
xclip /usr/share/X11/locale/locale.dir
xclip /usr/share/X11/locale/C/XLC_LOCALE
xclip /usr/share/X11/locale/locale.alias
xclip /usr/share/X11/locale/locale.dir
xclip /usr/share/X11/locale/C/XLC_LOCALE
Xvfb /proc/2107/cmdline
soffice.bin /usr/lib/libreoffice/share/config/soffice.cfg/sfx/ui/tabbutton.ui
soffice.bin /usr/lib/libreoffice/share/config/soffice.cfg/sfx/ui/tabbutton.ui
soffice.bin /usr/lib/libreoffice/share/config/soffice.cfg/sfx/ui/tabbutton.ui
soffice.bin /usr/lib/libreoffice/share/config/soffice.cfg/sfx/ui/tabbutton.ui
soffice.bin /usr/lib/libreoffice/share/config/soffice.cfg/sfx/ui/tabbutton.ui
soffice.bin /config/.config/libreoffice/4/cache/breeze/150/sfx2/res/symphony/sidebar-property-large.png
soffice.bin /config/.config/libreoffice/4/cache/breeze/150/sfx2/res/symphony/sidebar-property-large.png
soffice.bin /config/.config/libreoffice/4/cache/breeze/150/sfx2/res/symphony/sidebar-style-large.png
soffice.bin /config/.config/libreoffice/4/cache/breeze/150/sfx2/res/symphony/sidebar-style-large.png
soffice.bin /config/.config/libreoffice/4/cache/breeze/150/sfx2/res/symphony/sidebar-gallery-large.png
soffice.bin /config/.config/libreoffice/4/cache/breeze/150/sfx2/res/symphony/sidebar-gallery-large.png
soffice.bin /config/.config/libreoffice/4/cache/breeze/150/sfx2/res/symphony/sidebar-navigator-large.png
soffice.bin /config/.config/libreoffice/4/cache/breeze/150/sfx2/res/symphony/sidebar-navigator-large.png
soffice.bin /config/.config/libreoffice/4/cache/breeze/150/sfx2/res/symphony/sidebar-functions-large.png
soffice.bin /config/.config/libreoffice/4/cache/breeze/150/sfx2/res/symphony/sidebar-functions-large.png
soffice.bin /usr/lib/libreoffice/share/config/soffice.cfg/sfx/ui/tabbutton.ui
soffice.bin /usr/lib/libreoffice/share/config/soffice.cfg/sfx/ui/tabbutton.ui
soffice.bin /usr/lib/libreoffice/share/config/soffice.cfg/sfx/ui/tabbutton.ui
soffice.bin /usr/lib/libreoffice/share/config/soffice.cfg/sfx/ui/tabbutton.ui
soffice.bin /usr/lib/libreoffice/share/config/soffice.cfg/sfx/ui/tabbutton.ui
soffice.bin /config/.config/libreoffice/4/cache/breeze/150/sfx2/res/symphony/sidebar-property-large.png
soffice.bin /config/.config/libreoffice/4/cache/breeze/150/sfx2/res/symphony/sidebar-property-large.png
soffice.bin /config/.config/libreoffice/4/cache/breeze/150/sfx2/res/symphony/sidebar-style-large.png
soffice.bin /config/.config/libreoffice/4/cache/breeze/150/sfx2/res/symphony/sidebar-style-large.png
soffice.bin /config/.config/libreoffice/4/cache/breeze/150/sfx2/res/symphony/sidebar-gallery-large.png
soffice.bin /config/.config/libreoffice/4/cache/breeze/150/sfx2/res/symphony/sidebar-gallery-large.png
soffice.bin /config/.config/libreoffice/4/cache/breeze/150/sfx2/res/symphony/sidebar-navigator-large.png
soffice.bin /config/.config/libreoffice/4/cache/breeze/150/sfx2/res/symphony/sidebar-navigator-large.png
soffice.bin /config/.config/libreoffice/4/cache/breeze/150/sfx2/res/symphony/sidebar-functions-large.png
soffice.bin /config/.config/libreoffice/4/cache/breeze/150/sfx2/res/symphony/sidebar-functions-large.png
soffice.bin /config/.config/libreoffice/4/cache/breeze/150/sfx2/res/symphony/sidebar-property-large.png
soffice.bin /config/.config/libreoffice/4/cache/breeze/150/sfx2/res/symphony/sidebar-property-large.png
soffice.bin /config/.config/libreoffice/4/cache/breeze/150/sfx2/res/symphony/sidebar-style-large.png
soffice.bin /config/.config/libreoffice/4/cache/breeze/150/sfx2/res/symphony/sidebar-style-large.png
soffice.bin /config/.config/libreoffice/4/cache/breeze/150/sfx2/res/symphony/sidebar-functions-large.png
soffice.bin /config/.config/libreoffice/4/cache/breeze/150/sfx2/res/symphony/sidebar-functions-large.png
xclip /etc/ld.so.cache
xclip /lib/x86_64-linux-gnu/libXmu.so.6
xclip /lib/x86_64-linux-gnu/libX11.so.6
xclip /lib/x86_64-linux-gnu/libc.so.6
xclip /lib/x86_64-linux-gnu/libXt.so.6
xclip /lib/x86_64-linux-gnu/libXext.so.6
xclip /lib/x86_64-linux-gnu/libxcb.so.1
xclip /lib/x86_64-linux-gnu/libSM.so.6
xclip /lib/x86_64-linux-gnu/libICE.so.6
xclip /lib/x86_64-linux-gnu/libXau.so.6
xclip /lib/x86_64-linux-gnu/libXdmcp.so.6
xclip /lib/x86_64-linux-gnu/libuuid.so.1
xclip /lib/x86_64-linux-gnu/libbsd.so.0
xclip /lib/x86_64-linux-gnu/libmd.so.0
xclip /usr/share/X11/locale/locale.alias
xclip /usr/share/X11/locale/locale.dir
xclip /usr/share/X11/locale/C/XLC_LOCALE
xclip /usr/share/X11/locale/locale.alias
xclip /usr/share/X11/locale/locale.dir
xclip /usr/share/X11/locale/C/XLC_LOCALE
Xvfb /proc/2117/cmdline
selkies /proc/stat
selkies /proc/meminfo
configmgrWriter /config/.config/libreoffice/4/user/Uq71pu
xclip /etc/ld.so.cache
xclip /lib/x86_64-linux-gnu/libXmu.so.6
xclip /lib/x86_64-linux-gnu/libX11.so.6
xclip /lib/x86_64-linux-gnu/libc.so.6
xclip /lib/x86_64-linux-gnu/libXt.so.6
xclip /lib/x86_64-linux-gnu/libXext.so.6
xclip /lib/x86_64-linux-gnu/libxcb.so.1
xclip /lib/x86_64-linux-gnu/libSM.so.6
xclip /lib/x86_64-linux-gnu/libICE.so.6
xclip /lib/x86_64-linux-gnu/libXau.so.6
xclip /lib/x86_64-linux-gnu/libXdmcp.so.6
xclip /lib/x86_64-linux-gnu/libuuid.so.1
xclip /lib/x86_64-linux-gnu/libbsd.so.0
xclip /lib/x86_64-linux-gnu/libmd.so.0
xclip /usr/share/X11/locale/locale.alias
xclip /usr/share/X11/locale/locale.dir
xclip /usr/share/X11/locale/C/XLC_LOCALE
xclip /usr/share/X11/locale/locale.alias
xclip /usr/share/X11/locale/locale.dir
xclip /usr/share/X11/locale/C/XLC_LOCALE
Xvfb /proc/2124/cmdline
kded5 /usr/bin/kf5/kio
kded5 /usr/lib/x86_64-linux-gnu/qt5/plugins/kf5/kio
kded5 /usr/lib/x86_64-linux-gnu/qt5/plugins/kf5/kio/activities.so
kded5 /usr/lib/x86_64-linux-gnu/qt5/plugins/kf5/kio/afc.so
kded5 /usr/lib/x86_64-linux-gnu/qt5/plugins/kf5/kio/applications.so
kded5 /usr/lib/x86_64-linux-gnu/qt5/plugins/kf5/kio/archive.so
kded5 /usr/lib/x86_64-linux-gnu/qt5/plugins/kf5/kio/baloosearch.so
kded5 /usr/lib/x86_64-linux-gnu/qt5/plugins/kf5/kio/bookmarks.so
kded5 /usr/lib/x86_64-linux-gnu/qt5/plugins/kf5/kio/desktop.so
kded5 /usr/lib/x86_64-linux-gnu/qt5/plugins/kf5/kio/filter.so
kded5 /usr/lib/x86_64-linux-gnu/qt5/plugins/kf5/kio/fish.so
kded5 /usr/lib/x86_64-linux-gnu/qt5/plugins/kf5/kio/info.so
kded5 /usr/lib/x86_64-linux-gnu/qt5/plugins/kf5/kio/kio_file.so
kded5 /usr/lib/x86_64-linux-gnu/qt5/plugins/kf5/kio/kio_filenamesearch.so
kded5 /usr/lib/x86_64-linux-gnu/qt5/plugins/kf5/kio/kio_fonts.so
kded5 /usr/lib/x86_64-linux-gnu/qt5/plugins/kf5/kio/kio_ftp.so
kded5 /usr/lib/x86_64-linux-gnu/qt5/plugins/kf5/kio/kio_ghelp.so
kded5 /usr/lib/x86_64-linux-gnu/qt5/plugins/kf5/kio/kio_help.so
kded5 /usr/lib/x86_64-linux-gnu/qt5/plugins/kf5/kio/kio_http.so
kded5 /usr/lib/x86_64-linux-gnu/qt5/plugins/kf5/kio/kio_remote.so
kded5 /usr/lib/x86_64-linux-gnu/qt5/plugins/kf5/kio/kio_trash.so
kded5 /usr/lib/x86_64-linux-gnu/qt5/plugins/kf5/kio/man.so
kded5 /usr/lib/x86_64-linux-gnu/qt5/plugins/kf5/kio/mtp.so
kded5 /usr/lib/x86_64-linux-gnu/qt5/plugins/kf5/kio/nfs.so
kded5 /usr/lib/x86_64-linux-gnu/qt5/plugins/kf5/kio/recentdocuments.so
kded5 /usr/lib/x86_64-linux-gnu/qt5/plugins/kf5/kio/recentlyused.so
kded5 /usr/lib/x86_64-linux-gnu/qt5/plugins/kf5/kio/sftp.so
kded5 /usr/lib/x86_64-linux-gnu/qt5/plugins/kf5/kio/smb.so
kded5 /usr/lib/x86_64-linux-gnu/qt5/plugins/kf5/kio/tags.so
kded5 /usr/lib/x86_64-linux-gnu/qt5/plugins/kf5/kio/thumbnail.so
kded5 /usr/lib/x86_64-linux-gnu/qt5/plugins/kf5/kio/timeline.so
kded5 /usr/share/kservices5
kded5 /usr/bin/kservices5
kded5 /usr/lib/x86_64-linux-gnu/qt5/plugins/kf5/kio/kio_file.so
kded5 /config/.XDG
kded5 /usr/lib/x86_64-linux-gnu/qt5/plugins/kf5/kio/kio_file.so.avx2
kded5 /usr/lib/x86_64-linux-gnu/qt5/plugins/kf5/kio/kio_file.so
KIO::WorkerThre /proc/self/mountinfo
kded5 /config/.XDG
KIO::WorkerThre /dev/disk/by-label
KIO::WorkerThre /proc/self/mountinfo
KIO::WorkerThre /dev/disk/by-label
xclip /etc/ld.so.cache
xclip /lib/x86_64-linux-gnu/libXmu.so.6
xclip /lib/x86_64-linux-gnu/libX11.so.6
selkies /proc/stat
xclip /lib/x86_64-linux-gnu/libc.so.6
selkies /proc/meminfo
xclip /lib/x86_64-linux-gnu/libXt.so.6
xclip /lib/x86_64-linux-gnu/libXext.so.6
xclip /lib/x86_64-linux-gnu/libxcb.so.1
xclip /lib/x86_64-linux-gnu/libSM.so.6
xclip /lib/x86_64-linux-gnu/libICE.so.6
xclip /lib/x86_64-linux-gnu/libXau.so.6
xclip /lib/x86_64-linux-gnu/libXdmcp.so.6
xclip /lib/x86_64-linux-gnu/libuuid.so.1
xclip /lib/x86_64-linux-gnu/libbsd.so.0
xclip /lib/x86_64-linux-gnu/libmd.so.0
xclip /usr/share/X11/locale/locale.alias
xclip /usr/share/X11/locale/locale.dir
xclip /usr/share/X11/locale/C/XLC_LOCALE
xclip /usr/share/X11/locale/locale.alias
xclip /usr/share/X11/locale/locale.dir
xclip /usr/share/X11/locale/C/XLC_LOCALE
Xvfb /proc/2127/cmdline
xclip /etc/ld.so.cache
xclip /lib/x86_64-linux-gnu/libXmu.so.6
xclip /lib/x86_64-linux-gnu/libX11.so.6
xclip /lib/x86_64-linux-gnu/libc.so.6
xclip /lib/x86_64-linux-gnu/libXt.so.6
xclip /lib/x86_64-linux-gnu/libXext.so.6
xclip /lib/x86_64-linux-gnu/libxcb.so.1
xclip /lib/x86_64-linux-gnu/libSM.so.6
xclip /lib/x86_64-linux-gnu/libICE.so.6
xclip /lib/x86_64-linux-gnu/libXau.so.6
xclip /lib/x86_64-linux-gnu/libXdmcp.so.6
xclip /lib/x86_64-linux-gnu/libuuid.so.1
xclip /lib/x86_64-linux-gnu/libbsd.so.0
xclip /lib/x86_64-linux-gnu/libmd.so.0
xclip /usr/share/X11/locale/locale.alias
xclip /usr/share/X11/locale/locale.dir
xclip /usr/share/X11/locale/C/XLC_LOCALE
xclip /usr/share/X11/locale/locale.alias
xclip /usr/share/X11/locale/locale.dir
xclip /usr/share/X11/locale/C/XLC_LOCALE
Xvfb /proc/2128/cmdline
selkies /proc/stat
selkies /proc/meminfo


